datetime,open,close,high,low,volume,NY,atr
2025-05-01 00:00:00+00:00,94172.0,94238.09,94238.1,94130.43,23.52606,,
2025-05-01 00:05:00+00:00,94238.09,94303.99,94304.0,94181.43,50.02916,,
2025-05-01 00:10:00+00:00,94303.99,94269.04,94347.83,94269.0,46.5689,,
2025-05-01 00:15:00+00:00,94269.03,94239.93,94314.04,94208.86,22.23394,,
2025-05-01 00:20:00+00:00,94239.93,94266.48,94266.48,94186.79,26.96459,,
2025-05-01 00:25:00+00:00,94266.48,94290.15,94333.34,94257.14,19.61074,,
2025-05-01 00:30:00+00:00,94290.16,94266.28,94300.0,94217.39,23.99203,,
2025-05-01 00:35:00+00:00,94266.27,94256.65,94289.05,94224.09,15.79106,,
2025-05-01 00:40:00+00:00,94256.64,94287.13,94294.39,94256.64,9.08449,,
2025-05-01 00:45:00+00:00,94287.12,94382.28,94383.8,94287.12,20.2592,,
2025-05-01 00:50:00+00:00,94382.29,94387.23,94397.53,94357.94,37.24357,,
2025-05-01 00:55:00+00:00,94387.23,94405.47,94405.47,94324.0,30.94426,,
2025-05-01 01:00:00+00:00,94405.46,94493.45,94493.46,94398.51,20.23735,,
2025-05-01 01:05:00+00:00,94493.45,94560.02,94599.99,94455.52,69.11287,,
2025-05-01 01:10:00+00:00,94560.01,94532.51,94560.02,94500.0,20.51469,,83.21214285714503
2025-05-01 01:15:00+00:00,94532.51,94650.01,94698.95,94521.2,105.21908,,89.96484693877753
2025-05-01 01:20:00+00:00,94650.01,94625.11,94700.0,94584.54,45.61667,,91.78592930029387
2025-05-01 01:25:00+00:00,94625.12,94633.37,94664.46,94612.5,19.76912,,88.94122006455905
2025-05-01 01:30:00+00:00,94633.37,94678.98,94678.99,94604.56,18.61361,,87.90470434566251
2025-05-01 01:35:00+00:00,94678.98,94572.12,94700.0,94572.12,31.7027,,90.76008260668695
2025-05-01 01:40:00+00:00,94572.12,94710.0,94710.0,94485.97,87.31394,,100.27936242049495
2025-05-01 01:45:00+00:00,94709.99,94595.72,94709.99,94595.71,38.09134,,101.280122247602
2025-05-01 01:50:00+00:00,94595.72,94646.02,94646.02,94576.05,16.67265,,99.04368494420193
2025-05-01 01:55:00+00:00,94646.01,94636.51,94694.2,94590.23,29.26231,,99.39556459104473
2025-05-01 02:00:00+00:00,94636.5,94680.0,94690.67,94620.0,23.39985,,97.34373854882712
2025-05-01 02:05:00+00:00,94679.99,94762.5,94826.04,94662.0,92.64567,,102.10775722391044
2025-05-01 02:10:00+00:00,94762.51,94701.0,94808.0,94701.0,22.72479,,102.45720313648826
2025-05-01 02:15:00+00:00,94701.0,94768.68,94779.99,94701.0,24.92833,,100.78097434102519
2025-05-01 02:20:00+00:00,94768.69,94799.99,94800.0,94762.55,25.86341,,96.25733331666603
2025-05-01 02:25:00+00:00,94799.99,94928.33,94950.0,94788.88,163.12225,,100.89038093690384
2025-05-01 02:30:00+00:00,94928.33,94884.98,94949.0,94865.8,70.46342,,99.62678229855337
2025-05-01 02:35:00+00:00,94884.99,94923.21,94972.5,94884.98,59.84109,,98.76201213437128
2025-05-01 02:40:00+00:00,94923.2,94898.4,94953.43,94827.69,53.79257,,100.6890112676298
2025-05-01 02:45:00+00:00,94898.4,94825.56,94920.99,94817.78,33.39728,,100.86908189137098
2025-05-01 02:50:00+00:00,94825.56,94807.08,94851.27,94755.76,119.76697,,100.48629032770229
2025-05-01 02:55:00+00:00,94807.07,94867.46,94867.46,94772.47,201.48015,,100.09369816143821
2025-05-01 03:00:00+00:00,94867.46,94895.72,94919.54,94865.79,58.44277,,96.78343400704976
2025-05-01 03:05:00+00:00,94895.72,94962.34,94970.21,94895.37,249.29578,,95.21604586368986
2025-05-01 03:10:00+00:00,94962.34,94718.22,95040.3,94705.79,269.85017,,112.30847115914125
2025-05-01 03:15:00+00:00,94718.22,94695.65,94779.4,94695.65,28.93577,,110.26858036205974
2025-05-01 03:20:00+00:00,94695.65,94787.28,94799.69,94688.75,19.96266,,110.31653890762706
2025-05-01 03:25:00+00:00,94787.28,94815.13,94815.14,94787.28,25.52889,,104.42678612851088
2025-05-01 03:30:00+00:00,94815.13,94794.03,94861.89,94750.78,105.21374,,104.904158547903
2025-05-01 03:35:00+00:00,94794.03,94891.22,94935.15,94794.03,61.50512,,107.49100436590959
2025-05-01 03:40:00+00:00,94891.22,94849.32,94901.16,94720.0,262.37232,,112.75307548263059
2025-05-01 03:45:00+00:00,94849.32,94781.57,94849.33,94719.99,36.21975,,113.93785580529959
2025-05-01 03:50:00+00:00,94781.56,94738.3,94808.0,94723.67,28.16527,,111.82300896206402
2025-05-01 03:55:00+00:00,94738.31,94782.6,94791.82,94738.3,12.14545,,107.65850832191688
2025-05-01 04:00:00+00:00,94782.6,94794.72,94826.09,94750.18,18.68557,,105.3907577274945
2025-05-01 04:05:00+00:00,94795.02,94841.06,94856.11,94795.02,21.45895,,102.24784646124486
2025-05-01 04:10:00+00:00,94841.06,94831.01,94891.07,94800.9,20.4389,,101.38514314258543
2025-05-01 04:15:00+00:00,94831.0,94732.81,94839.79,94732.81,24.28991,,101.78477577525761
2025-05-01 04:20:00+00:00,94732.81,94825.54,94849.63,94732.81,15.91435,,102.85872036273972
2025-05-01 04:25:00+00:00,94825.53,94740.01,94825.53,94740.0,15.49156,,101.62166890825786
2025-05-01 04:30:00+00:00,94740.01,94782.61,94782.61,94714.38,13.37477,,99.23654970052486
2025-05-01 04:35:00+00:00,94782.61,94751.91,94797.5,94740.0,13.3755,,96.2553675790588
2025-05-01 04:40:00+00:00,94751.91,94816.02,94819.83,94751.91,55.14511,,94.23141275198304
2025-05-01 04:45:00+00:00,94816.02,94866.61,94866.62,94816.01,13.13342,,91.11559755541286
2025-05-01 04:50:00+00:00,94866.62,94863.76,94866.62,94846.5,14.20868,,86.04448344431161
2025-05-01 04:55:00+00:00,94863.76,94860.51,94934.99,94860.5,33.47575,,85.21916319828972
2025-05-01 05:00:00+00:00,94860.51,94855.99,94949.6,94840.38,23.58695,,86.93350868412624
2025-05-01 05:05:00+00:00,94856.0,94907.76,94946.14,94842.28,71.98621,,88.14254377811726
2025-05-01 05:10:00+00:00,94907.75,94966.99,94967.0,94907.75,20.69504,,86.07879065110887
2025-05-01 05:15:00+00:00,94967.0,94876.5,94980.0,94876.5,33.98957,,87.32316274745824
2025-05-01 05:20:00+00:00,94876.51,94920.4,94922.67,94876.5,26.50899,,84.38365112263968
2025-05-01 05:25:00+00:00,94920.39,94905.37,94920.39,94869.56,18.1233,,81.98767604245087
2025-05-01 05:30:00+00:00,94905.38,94939.02,94939.64,94860.67,25.27841,,81.77212775370447
2025-05-01 05:35:00+00:00,94939.03,95011.61,95041.04,94939.02,103.92316,,83.21840434272482
2025-05-01 05:40:00+00:00,95011.61,95114.46,95150.0,95002.09,147.12387,,87.839232603959
2025-05-01 05:45:00+00:00,95114.47,95058.47,95178.11,95048.0,120.16671,,90.85857313224768
2025-05-01 05:50:00+00:00,95058.48,95095.86,95157.03,95058.47,53.10807,,91.40867505137268
2025-05-01 05:55:00+00:00,95095.85,95147.96,95165.0,95068.43,32.56115,,91.77734111913227
2025-05-01 06:00:00+00:00,95147.97,95093.43,95180.0,95093.42,39.1569,,91.4061024677658
2025-05-01 06:05:00+00:00,95093.43,95065.04,95093.43,95034.11,71.91934,,89.114238005782
2025-05-01 06:10:00+00:00,95065.04,95069.21,95099.31,95034.11,35.51574,,87.40607814822593
2025-05-01 06:15:00+00:00,95069.21,95031.53,95107.24,95010.31,60.70439,,88.08635828049604
2025-05-01 06:20:00+00:00,95031.53,95017.99,95031.54,95000.0,32.15495,,84.04733268903158
2025-05-01 06:25:00+00:00,95017.99,95012.75,95025.39,95000.0,23.54628,,79.85752321124356
2025-05-01 06:30:00+00:00,95012.74,94986.2,95025.39,94930.51,49.03069,,80.93055726758364
2025-05-01 06:35:00+00:00,94986.2,94956.99,95014.36,94956.98,39.04853,,79.2483746056137
2025-05-01 06:40:00+00:00,94956.98,94873.66,94956.99,94840.0,48.08671,,81.94420499092737
2025-05-01 06:45:00+00:00,94873.67,94829.49,94873.67,94806.23,24.36552,,80.90819034871845
2025-05-01 06:50:00+00:00,94829.49,94879.9,94900.0,94829.49,27.00452,,80.16546246666677
2025-05-01 06:55:00+00:00,94879.9,94888.85,94908.9,94858.44,16.88134,,78.04364371904714
2025-05-01 07:00:00+00:00,94888.85,94868.22,94888.85,94800.0,18.8741,,78.8155263105442
2025-05-01 07:05:00+00:00,94868.23,94956.52,94958.93,94868.22,38.84386,,79.66513157407618
2025-05-01 07:10:00+00:00,94956.52,94982.65,94982.66,94935.43,12.44255,,77.34833646164292
2025-05-01 07:15:00+00:00,94982.65,94936.72,94998.0,94936.72,32.74284,,76.20059814295405
2025-05-01 07:20:00+00:00,94936.72,95005.47,95013.6,94936.72,19.3371,,76.24912684702909
2025-05-01 07:25:00+00:00,95005.46,94988.21,95016.72,94988.21,14.66321,,72.83918921509806
2025-05-01 07:30:00+00:00,94988.2,95020.73,95020.73,94976.0,58.23716,,70.8313899854479
2025-05-01 07:35:00+00:00,95020.72,95043.46,95043.48,95020.72,23.09477,,67.39771927220124
2025-05-01 07:40:00+00:00,95043.46,95042.51,95049.06,95042.5,33.22927,,63.05216789561528
2025-05-01 07:45:00+00:00,95042.5,95049.99,95050.0,95033.71,20.63197,,59.71201304592802
2025-05-01 07:50:00+00:00,95049.99,95033.71,95130.01,95004.0,194.19138,,64.44758354264707
2025-05-01 07:55:00+00:00,95033.71,95025.84,95044.96,95025.84,10.60183,,61.209899003887266
2025-05-01 08:00:00+00:00,95025.84,94961.79,95086.64,94955.0,41.19166,,66.24062050360956
2025-05-01 08:05:00+00:00,94961.79,94934.57,94961.81,94913.04,25.56512,,64.99271903906632
2025-05-01 08:10:00+00:00,94934.57,95017.31,95023.75,94934.56,13.14038,,66.72109625056174
2025-05-01 08:15:00+00:00,95017.31,95136.32,95143.83,95017.31,66.64568,,70.99244651837905
2025-05-01 08:20:00+00:00,95136.32,95130.04,95151.17,95130.03,43.66336,,67.43155748135193
2025-05-01 08:25:00+00:00,95130.03,95149.99,95150.0,95095.24,36.13119,,66.52644623268357
2025-05-01 08:30:00+00:00,95150.0,95149.99,95155.0,95086.95,27.23579,,66.63527150177781
2025-05-01 08:35:00+00:00,95149.99,95086.96,95150.0,95086.95,42.54275,,66.37918068022246
2025-05-01 08:40:00+00:00,95086.96,95095.87,95107.91,95080.0,11.6098,,63.63138206020682
2025-05-01 08:45:00+00:00,95095.88,95130.71,95147.68,95095.87,28.56443,,62.786997627334735
2025-05-01 08:50:00+00:00,95130.71,95184.33,95186.0,95130.7,23.08597,,62.25221208252532
2025-05-01 08:55:00+00:00,95184.33,95210.16,95210.16,95184.32,64.18849,,59.65133979091612
2025-05-01 09:00:00+00:00,95210.16,95178.0,95215.28,95168.5,31.64444,,58.73195837727917
2025-05-01 09:05:00+00:00,95177.99,95168.47,95178.0,95168.47,9.67849,,55.217532778902005
2025-05-01 09:10:00+00:00,95168.48,95175.99,95176.0,95140.18,11.67885,,53.83199472326665
2025-05-01 09:15:00+00:00,95175.99,95215.0,95215.0,95175.99,23.5619,,52.77328081446151
2025-05-01 09:20:00+00:00,95215.0,95348.91,95349.89,95214.99,140.50465,,58.63947504199955
2025-05-01 09:25:00+00:00,95343.6,95339.5,95343.63,95299.68,40.00136,,57.96736968185748
2025-05-01 09:30:00+00:00,95339.5,95439.99,95440.0,95298.77,158.00145,,63.91470041886737
2025-05-01 09:35:00+00:00,95440.0,95434.78,95499.0,95417.56,128.44105,,65.16650753180558
2025-05-01 09:40:00+00:00,95434.79,95426.79,95434.79,95392.0,45.58977,,63.56818556524758
2025-05-01 09:45:00+00:00,95426.79,95498.44,95498.44,95426.79,33.47654,,64.14545802487338
2025-05-01 09:50:00+00:00,95498.44,95724.01,95817.78,95498.43,459.76194,,82.37435388023998
2025-05-01 09:55:00+00:00,95724.0,95520.99,95770.72,95518.18,77.50645,,94.52904288879485
2025-05-01 10:00:00+00:00,95520.99,95645.99,95733.15,95520.98,88.77874,,102.93196839673794
2025-05-01 10:05:00+00:00,95645.99,95640.0,95745.0,95640.0,85.9166,,103.07968493982808
2025-05-01 10:10:00+00:00,95640.01,95732.59,95732.59,95611.08,43.95991,,104.39613601555428
2025-05-01 10:15:00+00:00,95732.58,96214.0,96230.0,95732.58,590.10825,,132.4692691573003
2025-05-01 10:20:00+00:00,96214.0,96227.34,96396.31,96124.54,325.80227,,142.41932136035055
2025-05-01 10:25:00+00:00,96227.35,96318.77,96333.0,96227.35,103.9988,,139.7936555488972
2025-05-01 10:30:00+00:00,96318.76,96140.34,96391.31,96113.91,190.80151,,149.62268015254696
2025-05-01 10:35:00+00:00,96140.35,96150.8,96212.29,96074.36,85.10675,,148.7874887130788
2025-05-01 10:40:00+00:00,96150.01,96139.98,96192.83,96076.94,80.42399,,146.437668090716
2025-05-01 10:45:00+00:00,96139.98,95931.5,96148.79,95896.79,91.32977,,153.97783465566485
2025-05-01 10:50:00+00:00,95931.49,96171.78,96171.79,95923.1,116.03383,,160.7429893231165
2025-05-01 10:55:00+00:00,96171.78,96169.01,96191.07,96118.45,63.53668,,154.44849008575173
2025-05-01 11:00:00+00:00,96169.01,96161.86,96250.4,96126.23,122.23771,,152.28574079391223
2025-05-01 11:05:00+00:00,96161.86,96100.44,96170.59,96071.18,103.44236,,148.5089021657759
2025-05-01 11:10:00+00:00,96100.44,96162.99,96170.0,96100.44,35.39168,,142.8696948682203
2025-05-01 11:15:00+00:00,96162.99,96084.0,96191.41,96020.0,64.24872,,144.9082880919191
2025-05-01 11:20:00+00:00,96084.0,95940.85,96096.17,95940.85,64.70391,,145.65198179963863
2025-05-01 11:25:00+00:00,95940.85,95927.49,95952.61,95836.57,74.15559,,143.53684024252112
2025-05-01 11:30:00+00:00,95927.5,95935.05,96049.75,95922.5,69.47429,,142.37349451091248
2025-05-01 11:35:00+00:00,95935.04,96050.0,96050.0,95935.04,50.43612,,140.41538776013348
2025-05-01 11:40:00+00:00,96050.0,96101.99,96156.32,96040.0,41.54739,,138.69428863441016
2025-05-01 11:45:00+00:00,96101.99,96153.12,96179.42,96101.99,63.32855,,134.31826801766607
2025-05-01 11:50:00+00:00,96153.12,96164.31,96239.08,96153.12,72.38036,,130.86410601640466
2025-05-01 11:55:00+00:00,96164.3,96180.01,96223.56,96152.46,26.53059,,126.59524130094655
2025-05-01 12:00:00+00:00,96180.01,96182.16,96229.66,96126.6,60.13362,,124.91415263659306
2025-05-01 12:05:00+00:00,96182.15,96256.0,96256.0,96150.76,50.17959,,123.50885601969392
2025-05-01 12:10:00+00:00,96255.99,96265.62,96334.02,96234.25,114.26564,,121.81322344685894
2025-05-01 12:15:00+00:00,96265.63,96169.99,96288.46,96160.0,37.19453,,122.28799320065518
2025-05-01 12:20:00+00:00,96169.99,96374.01,96381.36,96169.99,130.23531,,128.65099368632232
2025-05-01 12:25:00+00:00,96374.01,96197.61,96407.32,96191.3,51.09582,,134.89163699444245
2025-05-01 12:30:00+00:00,96197.6,96243.48,96298.69,96116.14,71.70591,,138.2958057805539
2025-05-01 12:35:00+00:00,96243.47,96267.98,96300.0,96230.0,57.35233,,133.41753393908579
2025-05-01 12:40:00+00:00,96267.98,96423.61,96463.18,96252.34,111.80276,,138.9477100862937
2025-05-01 12:45:00+00:00,96423.62,96409.99,96434.79,96251.99,78.21758,,142.08001650870048
2025-05-01 12:50:00+00:00,96410.0,96353.48,96410.0,96331.88,28.5011,,137.51144390093583
2025-05-01 12:55:00+00:00,96353.49,96373.2,96380.0,96279.17,31.48881,,134.8913407651548
2025-05-01 13:00:00+00:00,96373.2,96372.87,96403.09,96304.34,49.51272,,132.3098164247866
2025-05-01 13:05:00+00:00,96372.87,96432.0,96440.0,96340.47,31.38897,,129.96840096587317
2025-05-01 13:10:00+00:00,96431.99,96509.65,96509.65,96406.37,101.30672,,128.06208661116787
2025-05-01 13:15:00+00:00,96509.65,96491.38,96531.06,96456.57,91.89893,,124.2355089960838
2025-05-01 13:20:00+00:00,96491.39,96599.99,96734.89,96491.38,184.37793,,132.75511549636315
2025-05-01 13:25:00+00:00,96599.99,96642.0,96659.22,96535.4,89.67094,,132.11689296090913
2025-05-01 13:30:00+00:00,96642.01,96296.08,96650.93,96293.62,233.58865,True,148.20211489227262
2025-05-01 13:35:00+00:00,96296.09,96186.0,96476.57,96151.0,184.23546,True,160.8712495428251
2025-05-01 13:40:00+00:00,96186.0,96163.07,96259.77,95925.23,221.67592,True,173.27616028976675
2025-05-01 13:45:00+00:00,96163.08,96160.37,96256.0,95961.66,127.36157,True,181.92357741192603
2025-05-01 13:50:00+00:00,96160.37,95959.13,96209.6,95901.32,280.39631,True,190.94903616821694
2025-05-01 13:55:00+00:00,95959.12,95809.52,95992.12,95769.66,145.07898,True,193.199819299058
2025-05-01 14:00:00+00:00,95809.52,96041.98,96150.0,95809.52,324.77573,True,203.71983220626785
2025-05-01 14:05:00+00:00,96041.97,96158.35,96240.47,96041.97,258.18879,True,203.34698704867728
2025-05-01 14:10:00+00:00,96158.36,96224.0,96233.43,96000.0,271.34237,True,205.49577368805697
2025-05-01 14:15:00+00:00,96223.99,96311.7,96459.04,96223.99,350.15274,True,207.60678985319493
2025-05-01 14:20:00+00:00,96311.7,96341.13,96394.44,96251.18,218.8185,True,203.01059057796738
2025-05-01 14:25:00+00:00,96341.14,96404.01,96424.0,96284.46,206.13912,True,198.47697696525498
2025-05-01 14:30:00+00:00,96404.01,96357.6,96472.8,96173.91,302.47184,True,205.649335753451
2025-05-01 14:35:00+00:00,96357.59,96547.84,96689.7,96321.58,298.50517,True,217.25438319963274
2025-05-01 14:40:00+00:00,96547.84,96368.0,96611.72,96368.0,94.42353,True,219.14478439965907
2025-05-01 14:45:00+00:00,96368.0,96510.0,96531.99,96328.86,95.67657,True,218.0008712282552
2025-05-01 14:50:00+00:00,96510.0,96609.98,96637.55,96497.39,87.02081,True,212.44080899766578
2025-05-01 14:55:00+00:00,96609.98,96827.99,96908.28,96609.98,260.36306,True,218.57360835497556
2025-05-01 15:00:00+00:00,96828.0,96927.34,96927.34,96751.3,233.75356,True,215.53549347247684
2025-05-01 15:05:00+00:00,96927.34,97014.56,97014.56,96822.85,213.24061,True,213.83367251015648
2025-05-01 15:10:00+00:00,97014.55,97384.98,97421.0,97014.55,557.98021,True,227.59198161657363
2025-05-01 15:15:00+00:00,97384.97,97113.21,97424.02,97100.0,250.32583,True,234.4796972153901
2025-05-01 15:20:00+00:00,97113.21,96994.48,97139.66,96971.23,142.53454,True,229.76186170000565
2025-05-01 15:25:00+00:00,96994.47,97126.0,97200.0,96976.07,154.89993,True,229.34530015000476
2025-05-01 15:30:00+00:00,97125.99,96960.33,97169.59,96960.32,98.20483,True,227.9113501392894
2025-05-01 15:35:00+00:00,96960.33,97133.84,97188.0,96940.72,82.71342,True,229.29482512934007
2025-05-01 15:40:00+00:00,97133.84,97010.46,97198.68,96988.05,79.32717,True,227.9616233343865
2025-05-01 15:45:00+00:00,97010.47,96938.68,97068.0,96911.36,87.81045,True,222.86722166764457
2025-05-01 15:50:00+00:00,96938.68,96912.36,97020.36,96908.45,76.33867,True,214.94170583424165
2025-05-01 15:55:00+00:00,96912.36,96854.3,96912.37,96851.67,91.8186,True,203.92444113179562
2025-05-01 16:00:00+00:00,96854.31,97028.59,97028.59,96854.3,87.45396,True,201.8076953366669
2025-05-01 16:05:00+00:00,97028.58,97149.99,97150.0,96992.07,82.25432,True,198.6735742411902
2025-05-01 16:10:00+00:00,97149.99,97087.3,97150.0,97043.79,67.49116,True,192.0690332239628
2025-05-01 16:15:00+00:00,97087.3,97009.39,97087.3,96880.24,68.0423,True,193.13981656510813
2025-05-01 16:20:00+00:00,97009.39,97061.75,97114.91,97008.88,49.88335,True,186.91768681045747
2025-05-01 16:25:00+00:00,97061.75,97209.54,97214.29,97061.75,91.92942,True,184.4621377525672
2025-05-01 16:30:00+00:00,97209.54,97295.26,97322.5,97166.19,86.78494,True,182.45127077024082
2025-05-01 16:35:00+00:00,97295.25,97326.91,97332.0,97216.29,76.05297,True,177.6840371437955
2025-05-01 16:40:00+00:00,97326.91,97336.0,97367.26,97228.01,89.27675,True,174.93874877638154
2025-05-01 16:45:00+00:00,97335.99,97224.52,97357.38,97220.0,62.09763,True,172.25598100664033
2025-05-01 16:50:00+00:00,97224.51,97096.33,97235.38,97049.63,137.88399,True,173.219839506166
2025-05-01 16:55:00+00:00,97096.34,97007.14,97160.38,96980.3,61.12729,True,173.70985097001144
2025-05-01 17:00:00+00:00,97007.15,97160.38,97178.03,96969.29,80.14803,True,176.21200447215386
2025-05-01 17:05:00+00:00,97160.38,97157.75,97175.67,97103.98,32.18264,True,168.74614700985734
2025-05-01 17:10:00+00:00,97157.74,97102.5,97173.95,97078.36,71.34704,True,163.5207079377244
2025-05-01 17:15:00+00:00,97102.5,97153.35,97216.99,97102.5,67.9259,True,160.0185145136016
2025-05-01 17:20:00+00:00,97153.35,97060.0,97182.54,97060.0,39.56088,True,157.3414777626296
2025-05-01 17:25:00+00:00,97060.0,96873.46,97060.01,96833.33,122.78147,True,162.29422935101272
2025-05-01 17:30:00+00:00,96873.45,96973.74,97003.24,96873.45,47.86102,True,159.9724986830838
2025-05-01 17:35:00+00:00,96973.75,96744.0,96998.76,96738.1,44.20215,True,167.16446306286275
2025-05-01 17:40:00+00:00,96744.01,96577.99,96744.01,96514.24,129.91291,True,171.63628712980037
2025-05-01 17:45:00+00:00,96577.99,96601.02,96667.65,96541.37,66.07625,True,168.39655233481454
2025-05-01 17:50:00+00:00,96601.02,96773.59,96773.59,96601.01,47.87344,True,168.69537002518504
2025-05-01 17:55:00+00:00,96773.59,96794.17,96806.22,96760.35,25.98426,True,159.92212930910006
2025-05-01 18:00:00+00:00,96794.18,96726.85,96860.07,96716.43,54.58471,True,158.75912007273678
2025-05-01 18:05:00+00:00,96726.84,96738.28,96792.0,96726.84,29.98761,True,152.0734686389701
2025-05-01 18:10:00+00:00,96738.28,96602.6,96759.06,96602.6,100.21252,True,152.3867923076145
2025-05-01 18:15:00+00:00,96602.6,96650.01,96650.01,96577.82,59.4344,True,146.6584499999269
2025-05-01 18:20:00+00:00,96650.0,96599.99,96650.0,96524.0,92.80291,True,145.18356071421744
2025-05-01 18:25:00+00:00,96600.0,96484.12,96600.0,96484.12,62.735,True,143.09044923463082
2025-05-01 18:30:00+00:00,96484.12,96622.64,96630.41,96425.22,78.37148,True,147.52613143215737
2025-05-01 18:35:00+00:00,96622.64,96691.61,96693.8,96622.64,37.85691,True,142.0714077584321
2025-05-01 18:40:00+00:00,96691.61,96762.57,96762.57,96659.94,40.60939,True,139.25416434711585
2025-05-01 18:45:00+00:00,96762.57,96908.57,96975.3,96762.56,104.05372,True,144.50315260803652
2025-05-01 18:50:00+00:00,96908.58,96849.06,96943.47,96816.47,55.76118,True,143.25292742174818
2025-05-01 18:55:00+00:00,96849.06,96869.55,96891.18,96809.52,29.37939,True,138.85343260590824
2025-05-01 19:00:00+00:00,96869.56,96769.84,96882.72,96728.77,63.77545,True,139.93175884834315
2025-05-01 19:05:00+00:00,96769.85,96580.0,96769.85,96580.0,38.18369,True,143.49734750203334
2025-05-01 19:10:00+00:00,96580.0,96495.49,96594.67,96480.0,76.59826,True,141.43825125188798
2025-05-01 19:15:00+00:00,96495.49,96602.0,96619.05,96424.44,102.08049,True,145.2362333053246
2025-05-01 19:20:00+00:00,96602.01,96451.73,96622.65,96451.73,48.48011,True,147.07078806922985
2025-05-01 19:25:00+00:00,96451.74,96467.32,96499.59,96429.08,32.1783,True,141.60216034999877
2025-05-01 19:30:00+00:00,96467.33,96619.04,96619.05,96450.26,38.48663,True,143.544148896428
2025-05-01 19:35:00+00:00,96619.04,96642.85,96699.07,96605.12,49.20911,True,140.00170968954112
2025-05-01 19:40:00+00:00,96642.86,96513.16,96650.0,96509.43,27.53752,True,140.0423018545744
2025-05-01 19:45:00+00:00,96513.15,96611.12,96611.12,96488.0,56.92347,True,138.83356600781875
2025-05-01 19:50:00+00:00,96611.12,96646.51,96656.66,96504.0,44.63187,True,139.82116843583194
2025-05-01 19:55:00+00:00,96646.5,96523.26,96646.51,96461.98,140.79423,True,143.01465640470101
2025-05-01 20:00:00+00:00,96523.26,96326.01,96579.37,96312.24,106.06657,True,151.8800380900788
2025-05-01 20:05:00+00:00,96326.01,96565.94,96641.09,96326.01,115.39766,,163.5371782265019
2025-05-01 20:10:00+00:00,96565.94,96724.0,96724.0,96479.38,123.61346,,169.32880835318
2025-05-01 20:15:00+00:00,96724.0,96820.0,96885.77,96723.99,117.35937,,168.7896077565242
2025-05-01 20:20:00+00:00,96820.0,96757.8,96832.0,96725.65,39.70027,,164.32963577391573
2025-05-01 20:25:00+00:00,96757.8,96707.55,96853.52,96707.54,45.31523,,163.01894750435105
2025-05-01 20:30:00+00:00,96707.55,96603.6,96772.0,96552.25,93.88392,,167.07116553975453
2025-05-01 20:35:00+00:00,96603.61,96633.79,96633.8,96520.38,29.19469,,163.23893942977196
2025-05-01 20:40:00+00:00,96633.8,96580.0,96672.9,96580.0,34.3136,,158.2147294705021
2025-05-01 20:45:00+00:00,96580.01,96493.55,96611.12,96493.54,29.38837,,155.31224879403777
2025-05-01 20:50:00+00:00,96493.54,96410.01,96529.68,96382.28,43.93483,,154.74708816589177
2025-05-01 20:55:00+00:00,96410.01,96407.9,96441.39,96340.9,40.22825,,150.87158186832843
2025-05-01 21:00:00+00:00,96407.91,96537.73,96537.74,96390.26,34.62946,,150.62932602059144
2025-05-01 21:05:00+00:00,96537.74,96573.0,96585.14,96537.73,17.27118,,143.25651701912088
2025-05-01 21:10:00+00:00,96572.99,96697.0,96706.35,96572.9,25.22078,,142.55605151775595
2025-05-01 21:15:00+00:00,96697.0,96627.6,96707.55,96622.64,18.86661,,138.43847640934504
2025-05-01 21:20:00+00:00,96627.61,96578.14,96627.61,96567.94,23.82745,,132.81215666582028
2025-05-01 21:25:00+00:00,96578.15,96578.15,96578.15,96578.14,11.03682,,123.32628833254704
2025-05-01 21:30:00+00:00,96578.14,96558.46,96578.15,96558.45,12.43718,,115.92441059450776
2025-05-01 21:35:00+00:00,96558.46,96660.64,96674.61,96490.29,41.40885,,120.80980983775771
2025-05-01 21:40:00+00:00,96660.64,96774.72,96774.73,96626.94,28.79002,,122.73696627791742
2025-05-01 21:45:00+00:00,96774.72,96616.9,96774.73,96580.0,27.08496,,127.87932582949445
2025-05-01 21:50:00+00:00,96616.9,96579.36,96616.91,96579.36,9.06546,,121.42723112738791
2025-05-01 21:55:00+00:00,96579.37,96464.55,96661.83,96464.55,42.70988,,126.84528604686012
2025-05-01 22:00:00+00:00,96464.56,96468.28,96565.94,96416.0,46.21528,,128.49490847208457
2025-05-01 22:05:00+00:00,96468.28,96537.74,96537.74,96435.0,24.42964,,126.65527215265034
2025-05-01 22:10:00+00:00,96537.74,96609.23,96609.23,96528.26,18.13811,,123.39203842746112
2025-05-01 22:15:00+00:00,96609.22,96642.86,96643.08,96582.68,22.13433,,118.89260711121452
2025-05-01 22:20:00+00:00,96642.86,96623.28,96642.86,96611.11,13.28186,,112.66813517469919
2025-05-01 22:25:00+00:00,96623.28,96598.67,96623.28,96549.91,16.23938,,109.8611255193632
2025-05-01 22:30:00+00:00,96598.67,96431.39,96598.67,96411.53,52.92324,,115.38104512512292
2025-05-01 22:35:00+00:00,96431.39,96489.43,96494.65,96375.61,47.39896,,115.64239904475654
2025-05-01 22:40:00+00:00,96489.44,96456.0,96494.49,96436.99,14.1141,,111.48937054155965
2025-05-01 22:45:00+00:00,96456.0,96371.99,96457.3,96369.31,18.48443,,109.81084407430578
2025-05-01 22:50:00+00:00,96371.98,96388.95,96411.01,96371.98,18.81347,,104.75506949756956
2025-05-01 22:55:00+00:00,96388.95,96372.33,96396.24,96370.0,12.72878,,99.14685024774353
2025-05-01 23:00:00+00:00,96372.34,96281.59,96411.32,96281.58,35.25853,,101.33207523004793
2025-05-01 23:05:00+00:00,96281.59,96211.49,96281.59,96200.0,54.14275,,99.92192699932998
2025-05-01 23:10:00+00:00,96211.49,96303.11,96309.24,96200.0,31.40241,,100.58750364223536
2025-05-01 23:15:00+00:00,96303.11,96388.88,96388.89,96293.65,20.68263,,100.20553909636179
2025-05-01 23:20:00+00:00,96388.88,96427.25,96428.58,96388.88,19.15274,,95.8837148751929
2025-05-01 23:25:00+00:00,96427.24,96400.86,96470.48,96400.85,18.81035,,94.00844952696413
2025-05-01 23:30:00+00:00,96400.86,96283.02,96400.86,96230.15,41.28651,,99.48713170361
2025-05-01 23:35:00+00:00,96283.02,96277.51,96283.02,96184.19,53.30236,,99.44019372478085
2025-05-01 23:40:00+00:00,96277.51,96301.9,96349.24,96261.91,40.65961,,98.57517988729663
2025-05-01 23:45:00+00:00,96301.89,96399.99,96400.0,96300.0,26.25357,,98.67695275248973
2025-05-01 23:50:00+00:00,96400.0,96452.38,96452.39,96384.24,8.91549,,96.49645612731148
2025-05-01 23:55:00+00:00,96452.38,96489.91,96500.0,96442.73,19.77293,,93.69456640393238
2025-05-02 00:00:00+00:00,96489.9,96572.9,96592.0,96489.9,68.15119,,94.29495451793763
2025-05-02 00:05:00+00:00,96572.89,96550.93,96611.12,96466.21,42.41218,,97.91031490951272
2025-05-02 00:10:00+00:00,96550.93,96619.04,96674.61,96543.17,121.78179,,100.30529241597627
2025-05-02 00:15:00+00:00,96619.05,96599.99,96660.0,96559.1,39.29559,,100.34777152912041
2025-05-02 00:20:00+00:00,96599.99,96801.58,96869.34,96599.99,81.77773,,112.41935927703976
2025-05-02 00:25:00+00:00,96801.58,96843.92,96867.64,96752.0,68.26477,,112.64940504296545
2025-05-02 00:30:00+00:00,96843.91,96860.8,97052.48,96838.0,103.46258,,119.92301896846763
2025-05-02 00:35:00+00:00,96860.81,96750.1,96860.81,96750.09,32.92926,,119.26566047072002
2025-05-02 00:40:00+00:00,96750.1,96820.76,96833.34,96744.74,19.43607,,117.07525615138226
2025-05-02 00:45:00+00:00,96820.75,96912.26,96928.58,96792.45,28.01587,,118.43630928342671
2025-05-02 00:50:00+00:00,96912.26,96960.31,96960.32,96870.68,37.29729,,116.37943004889723
2025-05-02 00:55:00+00:00,96960.31,97042.97,97042.97,96960.31,40.30565,,113.9708993311191
2025-05-02 01:00:00+00:00,97042.96,97093.31,97179.97,96987.29,89.43042,,119.59297795032542
2025-05-02 01:05:00+00:00,97093.3,97077.6,97102.58,97010.16,52.23777,,117.65205095387348
2025-05-02 01:10:00+00:00,97077.6,97003.64,97093.5,96970.56,47.02324,,118.02976160002554
2025-05-02 01:15:00+00:00,97003.65,97103.51,97119.04,96950.0,51.23334,,121.6733500571661
2025-05-02 01:20:00+00:00,97103.51,97127.78,97150.8,97087.3,43.44168,,117.51811076736853
2025-05-02 01:25:00+00:00,97127.78,97000.0,97127.78,97000.0,26.65462,,118.25110285541355
2025-05-02 01:30:00+00:00,97000.0,96933.97,97000.01,96905.66,35.37354,,116.5438812228834
2025-05-02 01:35:00+00:00,96933.97,96933.97,96979.53,96933.96,24.95191,,111.47431827839118
2025-05-02 01:40:00+00:00,96933.96,96833.34,96933.97,96772.0,76.40153,,115.0811526870776
2025-05-02 01:45:00+00:00,96833.34,96857.59,96896.83,96786.04,41.30484,,114.77464178085836
2025-05-02 01:50:00+00:00,96857.58,97000.0,97002.55,96857.58,55.74081,,116.93145308222572
2025-05-02 01:55:00+00:00,96999.99,96970.4,97018.53,96970.4,23.11178,,112.01706357635278
2025-05-02 02:00:00+00:00,96970.4,96769.84,96970.41,96726.56,67.06443,,121.433701892328
2025-05-02 02:05:00+00:00,96769.85,96826.66,96839.09,96722.41,35.9772,,121.09415175716121
2025-05-02 02:10:00+00:00,96826.66,96783.57,96827.43,96769.84,24.92751,,116.55814091736373
2025-05-02 02:15:00+00:00,96783.58,96842.0,96846.33,96752.5,30.99373,,114.9347022804093
2025-05-02 02:20:00+00:00,96841.99,96890.0,96896.83,96822.81,20.05255,,112.01222354609465
2025-05-02 02:25:00+00:00,96890.0,97004.15,97020.0,96874.63,47.15092,,114.3949218642304
2025-05-02 02:30:00+00:00,97004.15,97039.0,97040.0,96992.06,25.94769,,109.64814173107125
2025-05-02 02:35:00+00:00,97039.0,96984.86,97039.0,96933.32,129.78635,,109.36470303599424
2025-05-02 02:40:00+00:00,96984.86,96942.9,96984.86,96904.88,26.75754,,107.26579567628008
2025-05-02 02:45:00+00:00,96942.89,96998.94,97002.46,96942.89,16.32963,,103.85895312797486
2025-05-02 02:50:00+00:00,96998.94,97002.31,97023.81,96998.94,12.74494,,98.21688504740489
2025-05-02 02:55:00+00:00,97002.3,96952.58,97002.31,96952.58,11.84066,,94.7535361154471
2025-05-02 03:00:00+00:00,96952.59,97065.57,97066.43,96952.58,46.2336,,96.1175692500574
2025-05-02 03:05:00+00:00,97065.58,97073.53,97087.31,97023.8,26.95027,,93.78845716076721
2025-05-02 03:10:00+00:00,97073.52,97188.68,97199.04,97073.52,43.04786,,96.05499593499736
2025-05-02 03:15:00+00:00,97188.67,97046.0,97188.68,97030.88,37.41483,,100.46535336821101
2025-05-02 03:20:00+00:00,97046.0,97043.87,97046.0,96999.99,23.84964,,96.57568527048127
2025-05-02 03:25:00+00:00,97043.86,97047.16,97069.02,97010.29,26.44797,,93.87242203687622
2025-05-02 03:30:00+00:00,97047.17,97121.42,97166.07,97047.16,72.85748,,95.66082046281387
2025-05-02 03:35:00+00:00,97121.42,97142.85,97196.0,97119.04,35.83147,,94.32504757261334
2025-05-02 03:40:00+00:00,97142.86,97188.0,97214.29,97142.85,28.02838,,92.6904013174258
2025-05-02 03:45:00+00:00,97188.0,97134.3,97233.1,97134.3,35.45511,,93.12680122332416
2025-05-02 03:50:00+00:00,97134.31,97190.19,97209.31,97134.3,32.96957,,91.83274399308634
2025-05-02 03:55:00+00:00,97190.47,97102.32,97190.47,97102.31,25.4864,,91.57040513643756
2025-05-02 04:00:00+00:00,97102.32,97252.0,97287.32,97087.3,252.58456,,99.31680476954945
2025-05-02 04:05:00+00:00,97252.01,97202.02,97309.78,97182.53,45.70464,,101.31203300029593
2025-05-02 04:10:00+00:00,97202.01,97132.07,97245.29,97132.07,29.16885,,102.16260207170241
2025-05-02 04:15:00+00:00,97132.08,97109.55,97155.25,97109.54,19.20351,,98.13027335229556
2025-05-02 04:20:00+00:00,97109.55,97196.24,97209.91,97109.54,18.95334,,98.2902538271323
2025-05-02 04:25:00+00:00,97196.25,97108.0,97196.25,97101.63,18.05054,,98.02809283947967
2025-05-02 04:30:00+00:00,97107.99,97005.85,97108.0,97005.84,16.5772,,98.32322906523136
2025-05-02 04:35:00+00:00,97005.84,96992.06,97009.5,96940.0,72.90553,,96.2644269891434
2025-05-02 04:40:00+00:00,96992.07,96928.48,97006.5,96928.47,23.42888,,94.96196791849022
2025-05-02 04:45:00+00:00,96928.47,96928.58,96937.17,96868.35,35.93845,,93.09468449574037
2025-05-02 04:50:00+00:00,96928.57,96928.58,97000.0,96888.24,32.18089,,94.42792131747282
2025-05-02 04:55:00+00:00,96928.57,96939.86,96939.86,96927.01,14.31464,,88.60092693765375
2025-05-02 05:00:00+00:00,96939.85,96976.45,96982.95,96867.83,33.34743,,90.49514644210672
2025-05-02 05:05:00+00:00,96976.44,97005.26,97010.55,96963.61,17.02881,,87.38406455338497
2025-05-02 05:10:00+00:00,97005.26,96952.4,97005.27,96952.39,12.15344,,84.91948851385781
2025-05-02 05:15:00+00:00,96952.39,96852.06,96952.4,96852.06,37.34911,,86.02095362001057
2025-05-02 05:20:00+00:00,96852.06,96803.45,96852.06,96793.54,105.59946,,84.0565997900101
2025-05-02 05:25:00+00:00,96803.46,96833.33,96833.34,96794.0,11.68373,,80.86255694786628
2025-05-02 05:30:00+00:00,96833.34,96802.32,96876.04,96802.32,18.89491,,80.35237430873202
2025-05-02 05:35:00+00:00,96802.33,96794.03,96809.38,96794.0,18.76595,,75.7114904295372
2025-05-02 05:40:00+00:00,96794.03,96810.57,96829.27,96794.02,32.89183,,72.82138397028454
2025-05-02 05:45:00+00:00,96810.57,96871.08,96877.49,96797.0,39.77535,,73.36914225812174
2025-05-02 05:50:00+00:00,96871.08,96676.04,96871.08,96650.94,176.72155,,83.85277495397015
2025-05-02 05:55:00+00:00,96676.04,96707.54,96722.02,96631.74,30.46962,,84.31186245725792
2025-05-02 06:00:00+00:00,96707.54,96611.11,96707.54,96611.11,43.84717,,85.17744371031043
2025-05-02 06:05:00+00:00,96611.11,96753.75,96755.59,96604.16,28.56279,,89.90976915957347
2025-05-02 06:10:00+00:00,96753.74,96710.1,96756.61,96710.1,16.30007,,86.809785648175
2025-05-02 06:15:00+00:00,96710.11,96646.42,96745.55,96646.42,23.0005,,87.68980095901998
2025-05-02 06:20:00+00:00,96646.42,96694.09,96728.8,96623.22,34.03837,,88.9676723190901
2025-05-02 06:25:00+00:00,96694.1,96820.75,96833.34,96694.09,28.32785,,92.55926715344081
2025-05-02 06:30:00+00:00,96820.75,96850.51,96892.34,96820.75,33.91214,,91.06146235676623
2025-05-02 06:35:00+00:00,96850.51,96723.55,96850.51,96723.55,59.86311,,93.62564361699663
2025-05-02 06:40:00+00:00,96723.55,96636.71,96723.56,96629.6,38.23034,,93.64952621578199
2025-05-02 06:45:00+00:00,96636.71,96674.61,96674.61,96562.98,44.7364,,94.93384577179789
2025-05-02 06:50:00+00:00,96674.61,96684.01,96722.27,96674.6,19.42662,,91.55785678809791
2025-05-02 06:55:00+00:00,96684.01,96715.0,96716.95,96681.05,13.67635,,87.58229558894764
2025-05-02 07:00:00+00:00,96715.0,96572.01,96729.2,96563.53,59.42175,,93.15998876116555
2025-05-02 07:05:00+00:00,96572.01,96466.01,96572.01,96466.0,94.04084,,94.07784670679621
2025-05-02 07:10:00+00:00,96466.01,96540.01,96579.37,96450.0,72.17298,,96.59871479916758
2025-05-02 07:15:00+00:00,96540.0,96714.29,96714.29,96455.75,81.02223,,108.16594945636943
2025-05-02 07:20:00+00:00,96714.28,96635.35,96723.55,96619.99,69.56759,,107.83695306662858
2025-05-02 07:25:00+00:00,96635.34,96618.03,96661.17,96615.43,34.62493,,103.40145641901263
2025-05-02 07:30:00+00:00,96618.02,96486.24,96650.95,96426.75,75.80646,,112.02992381765439
2025-05-02 07:35:00+00:00,96486.23,96424.23,96509.44,96350.08,104.12019,,115.41064354496484
2025-05-02 07:40:00+00:00,96424.23,96509.44,96509.44,96368.01,116.98764,,117.26916900603932
2025-05-02 07:45:00+00:00,96509.43,96464.01,96537.74,96415.21,74.67321,,117.64494264846499
2025-05-02 07:50:00+00:00,96464.0,96408.8,96495.39,96378.0,83.13314,,117.62673245928887
2025-05-02 07:55:00+00:00,96408.79,96350.0,96424.02,96350.0,69.70567,,114.51196585505424
2025-05-02 08:00:00+00:00,96350.01,96429.03,96480.99,96350.0,46.36521,,115.68896829397931
2025-05-02 08:05:00+00:00,96429.03,96499.37,96501.97,96429.03,34.7525,,112.63547055869525
2025-05-02 08:10:00+00:00,96499.37,96567.54,96579.37,96484.49,51.80262,,111.36722266164487
2025-05-02 08:15:00+00:00,96567.54,96657.99,96658.0,96540.19,64.77434,,111.82742104295578
2025-05-02 08:20:00+00:00,96658.0,96650.95,96665.98,96646.35,17.13931,,105.24189096845824
2025-05-02 08:25:00+00:00,96650.95,96626.05,96651.05,96594.33,19.74307,,101.77604161356844
2025-05-02 08:30:00+00:00,96626.05,96481.42,96626.05,96477.51,78.81045,,105.11632435545698
2025-05-02 08:35:00+00:00,96481.41,96707.46,96708.99,96480.55,66.06897,,113.92515833006736
2025-05-02 08:40:00+00:00,96707.47,96716.74,96775.77,96684.0,47.59833,,112.34264702077712
2025-05-02 08:45:00+00:00,96716.75,96693.66,96753.2,96693.66,26.67621,,108.57102937643545
2025-05-02 08:50:00+00:00,96693.66,96673.49,96700.0,96656.95,45.65865,,103.89095584954741
2025-05-02 08:55:00+00:00,96673.49,96636.2,96673.5,96611.11,8.7215,,100.92660186029399
2025-05-02 09:00:00+00:00,96636.2,96492.01,96636.21,96460.73,65.42124,,106.25184458455945
2025-05-02 09:05:00+00:00,96492.01,96754.49,96770.0,96492.01,56.47247,,118.51885568566273
2025-05-02 09:10:00+00:00,96754.49,96783.01,96788.0,96751.84,37.86362,,112.63608027954422
2025-05-02 09:15:00+00:00,96783.01,96714.01,96783.02,96707.54,20.97057,,109.98207454529181
2025-05-02 09:20:00+00:00,96714.0,96686.0,96714.01,96621.74,67.71301,,108.7169263634845
2025-05-02 09:25:00+00:00,96686.01,96710.5,96720.0,96668.34,29.70266,,104.64143162323587
2025-05-02 09:30:00+00:00,96710.51,96636.41,96747.1,96625.92,20.70587,,105.82275793586243
2025-05-02 09:35:00+00:00,96636.42,96611.77,96641.66,96611.76,24.42388,,100.39970379758715
2025-05-02 09:40:00+00:00,96611.76,96594.54,96632.25,96589.98,38.93972,,96.24758209775977
2025-05-02 09:45:00+00:00,96594.54,96701.24,96711.75,96594.53,32.92684,,97.74561194791987
2025-05-02 09:50:00+00:00,96701.25,96627.92,96701.25,96625.96,9.6798,,96.14163966592514
2025-05-02 09:55:00+00:00,96627.92,96596.68,96662.41,96596.68,12.1931,,93.96937968978838
2025-05-02 10:00:00+00:00,96596.68,96730.36,96730.36,96596.68,38.9173,,96.80585256908975
2025-05-02 10:05:00+00:00,96730.35,96778.26,96792.46,96730.35,30.28346,,94.32757738558338
2025-05-02 10:10:00+00:00,96778.26,96761.61,96778.26,96740.02,10.89942,,90.32132185804105
2025-05-02 10:15:00+00:00,96761.6,96833.34,96840.83,96761.6,51.89746,,89.52908458246638
2025-05-02 10:20:00+00:00,96833.33,96823.25,96896.83,96804.0,21.43771,,89.76486425514747
2025-05-02 10:25:00+00:00,96823.25,96865.07,96865.08,96775.8,17.17885,,89.73023109406543
2025-05-02 10:30:00+00:00,96865.08,96867.84,96896.83,96841.8,47.69668,,87.25164315877497
2025-05-02 10:35:00+00:00,96867.84,96826.2,96893.49,96809.52,31.01156,,87.01724007600542
2025-05-02 10:40:00+00:00,96826.19,96889.01,96889.02,96803.32,35.77099,,86.92315149914769
2025-05-02 10:45:00+00:00,96889.02,96896.83,96927.92,96851.23,43.85884,,86.19221210635159
2025-05-02 10:50:00+00:00,96896.83,96831.53,96896.83,96812.98,19.37392,,86.0249112416126
2025-05-02 10:55:00+00:00,96831.53,96888.0,96888.0,96810.0,19.06767,,85.45170329578312
2025-05-02 11:00:00+00:00,96888.0,96993.23,96996.99,96888.0,50.06034,,87.13301020322756
2025-05-02 11:05:00+00:00,96993.24,96944.81,97018.87,96944.8,77.14147,,86.19993804585361
2025-05-02 11:10:00+00:00,96944.81,97000.01,97000.01,96941.96,30.01501,,84.18922818543467
2025-05-02 11:15:00+00:00,97000.0,97008.06,97023.81,96985.45,35.108,,80.91571188647511
2025-05-02 11:20:00+00:00,97008.05,97056.66,97100.0,96985.45,82.06197,,83.31816103744139
2025-05-02 11:25:00+00:00,97056.66,96943.99,97064.82,96915.02,63.01658,,88.06686382048149
2025-05-02 11:30:00+00:00,96943.99,96912.68,96977.08,96887.91,65.36489,,88.14565926187554
2025-05-02 11:35:00+00:00,96912.67,96958.9,96958.91,96889.23,35.38961,,86.82668360031354
2025-05-02 11:40:00+00:00,96958.9,96954.74,96958.91,96910.88,38.31624,,84.05549191457678
2025-05-02 11:45:00+00:00,96954.74,96952.39,96988.5,96886.47,38.39206,,85.33938534924978
2025-05-02 11:50:00+00:00,96952.39,96966.48,97011.86,96943.08,32.12305,,84.15657211001758
2025-05-02 11:55:00+00:00,96966.48,96928.97,96966.48,96918.89,20.76378,,81.54467410215894
2025-05-02 12:00:00+00:00,96928.97,96900.98,96928.98,96870.81,22.42635,,79.87505452343318
2025-05-02 12:05:00+00:00,96900.97,96901.61,96947.76,96900.97,23.4911,,77.5118363431875
2025-05-02 12:10:00+00:00,96901.6,96792.46,96901.6,96790.01,53.83448,,79.94670517581737
2025-05-02 12:15:00+00:00,96792.45,96833.33,96849.06,96766.02,37.97961,,80.16765480611568
2025-05-02 12:20:00+00:00,96833.34,96838.0,96932.7,96820.75,55.94487,,82.43782231996434
2025-05-02 12:25:00+00:00,96837.99,96790.48,96849.06,96770.46,25.07107,,82.16369215425198
2025-05-02 12:30:00+00:00,96790.49,96658.42,97139.12,96650.94,303.82372,,111.16485700037633
2025-05-02 12:35:00+00:00,96658.42,96952.38,96952.39,96658.41,129.06096,,124.22308150034915
2025-05-02 12:40:00+00:00,96952.38,96978.02,96998.24,96833.33,49.55699,,127.12928996461018
2025-05-02 12:45:00+00:00,96978.02,97029.37,97103.78,96961.45,93.10595,,128.21505496713814
2025-05-02 12:50:00+00:00,97029.37,97107.99,97108.0,97013.8,42.64149,,125.78540818377094
2025-05-02 12:55:00+00:00,97108.0,97182.53,97182.54,97103.77,56.46747,,122.42716474207226
2025-05-02 13:00:00+00:00,97182.54,97137.22,97290.29,97132.08,292.99817,,124.98308154620938
2025-05-02 13:05:00+00:00,97137.23,96946.03,97159.0,96940.69,94.70828,,131.64929000719425
2025-05-02 13:10:00+00:00,96946.03,96769.85,96990.57,96769.84,67.97214,,138.01219786382399
2025-05-02 13:15:00+00:00,96769.85,96882.36,96882.36,96768.69,50.42883,,136.2734694449793
2025-05-02 13:20:00+00:00,96882.35,96873.46,96912.52,96833.33,43.8074,,132.1960787703381
2025-05-02 13:25:00+00:00,96873.46,96962.27,96962.27,96873.46,28.9281,,129.0970731438852
2025-05-02 13:30:00+00:00,96962.27,96865.08,97050.76,96865.07,143.91418,True,133.13942506217825
2025-05-02 13:35:00+00:00,96865.07,96773.34,96884.17,96672.46,95.24473,True,138.7516089863078
2025-05-02 13:40:00+00:00,96773.35,96933.97,96933.97,96773.35,58.26577,True,140.31435120157184
2025-05-02 13:45:00+00:00,96933.97,96869.99,97000.0,96795.15,81.75075,True,144.92404040146
2025-05-02 13:50:00+00:00,96870.0,96870.73,96915.19,96788.19,64.04737,True,143.6437518013557
2025-05-02 13:55:00+00:00,96870.73,96772.08,96918.49,96709.7,53.1386,True,148.2970552441166
2025-05-02 14:00:00+00:00,96772.08,96973.89,97001.0,96769.84,85.39439,True,154.21583701239425
2025-05-02 14:05:00+00:00,96973.89,96974.62,97227.77,96922.96,149.05814,True,164.97256294008022
2025-05-02 14:10:00+00:00,96974.61,96836.76,97000.0,96708.98,158.92943,True,173.97595130150336
2025-05-02 14:15:00+00:00,96836.76,96978.23,97012.6,96804.99,69.91481,True,176.37838335139602
2025-05-02 14:20:00+00:00,96978.23,97094.99,97095.0,96896.82,87.59397,True,177.93564168343866
2025-05-02 14:25:00+00:00,97094.99,97162.7,97188.68,97090.21,112.23394,True,172.25952442033494
2025-05-02 14:30:00+00:00,97162.69,97264.57,97264.58,97135.86,140.92912,True,169.14955839031109
2025-05-02 14:35:00+00:00,97264.58,97604.0,97673.06,97264.57,530.7779,True,186.2453042195739
2025-05-02 14:40:00+00:00,97604.01,97375.64,97679.48,97288.71,193.35564,True,200.85421106103217
2025-05-02 14:45:00+00:00,97375.64,97624.54,97626.99,97369.84,139.72272,True,204.87533884238766
2025-05-02 14:50:00+00:00,97624.54,97699.51,97794.48,97543.89,171.65491,True,208.14067178221688
2025-05-02 14:55:00+00:00,97699.51,97748.4,97895.68,97673.02,284.08563,True,209.17776665491488
2025-05-02 15:00:00+00:00,97748.41,97748.0,97891.19,97700.0,113.86476,True,207.892926179564
2025-05-02 15:05:00+00:00,97747.99,97613.21,97820.0,97613.06,83.20531,True,207.82486002388103
2025-05-02 15:10:00+00:00,97613.21,97557.81,97698.12,97527.87,90.44546,True,205.14094145074665
2025-05-02 15:15:00+00:00,97557.8,97595.23,97685.0,97557.8,47.65365,True,199.5737313471217
2025-05-02 15:20:00+00:00,97595.23,97443.39,97595.24,97384.84,91.02134,True,200.34703625089938
2025-05-02 15:25:00+00:00,97443.39,97159.29,97443.4,97063.0,199.42372,True,213.20796223297756
2025-05-02 15:30:00+00:00,97159.29,97354.73,97404.77,97092.9,90.71506,True,220.25525064490844
2025-05-02 15:35:00+00:00,97354.72,97386.8,97424.0,97302.01,50.49356,True,213.2363041702725
2025-05-02 15:40:00+00:00,97386.79,97429.51,97500.0,97355.42,56.12256,True,208.3322824438246
2025-05-02 15:45:00+00:00,97429.51,97453.99,97480.0,97382.48,45.92695,True,200.41711941212313
2025-05-02 15:50:00+00:00,97453.99,97353.9,97476.2,97300.0,56.14201,True,198.68732516839984
2025-05-02 15:55:00+00:00,97353.9,97330.19,97386.8,97309.52,29.90837,True,190.01537337065693
2025-05-02 16:00:00+00:00,97330.19,97711.89,97711.9,97330.18,162.65787,True,203.70856098703868
2025-05-02 16:05:00+00:00,97711.89,97690.47,97750.0,97633.38,81.37678,True,197.48794948796416
2025-05-02 16:10:00+00:00,97690.47,97613.2,97690.48,97496.65,160.93398,True,197.22666738168112
2025-05-02 16:15:00+00:00,97613.2,97698.12,97700.0,97550.0,37.02971,True,193.8533339972753
2025-05-02 16:20:00+00:00,97698.11,97722.23,97750.0,97653.83,49.05219,True,186.8759529974698
2025-05-02 16:25:00+00:00,97722.22,97613.2,97783.02,97607.54,55.30087,True,186.06195635479412
2025-05-02 16:30:00+00:00,97613.21,97641.51,97714.29,97563.49,76.67446,True,183.54324518659374
2025-05-02 16:35:00+00:00,97641.51,97608.08,97666.67,97563.49,54.32806,True,177.80301338755083
2025-05-02 16:40:00+00:00,97608.07,97673.4,97685.01,97520.48,27.49112,True,176.85494100272567
2025-05-02 16:45:00+00:00,97673.4,97510.61,97673.4,97510.61,31.5775,True,175.85030235967338
2025-05-02 16:50:00+00:00,97510.62,97418.87,97570.97,97418.86,29.33297,True,174.1545664768396
2025-05-02 16:55:00+00:00,97418.87,97348.69,97442.1,97325.51,83.224,True,170.04281172849468
2025-05-02 17:00:00+00:00,97348.69,97246.04,97374.19,97240.0,91.83376,True,167.48189660503093
2025-05-02 17:05:00+00:00,97246.03,97128.85,97255.69,97128.85,74.74912,True,164.5789039903856
2025-05-02 17:10:00+00:00,97128.86,97130.51,97197.8,97053.46,61.13746,True,163.13326799107213
2025-05-02 17:15:00+00:00,97130.52,97261.92,97261.92,97108.32,47.5574,True,162.4523202774235
2025-05-02 17:20:00+00:00,97261.91,97216.98,97341.27,97216.98,32.25231,True,159.72644025760812
2025-05-02 17:25:00+00:00,97216.98,97302.6,97330.19,97216.98,27.89857,True,156.40383738206515
2025-05-02 17:30:00+00:00,97302.6,97383.79,97402.2,97302.6,35.63281,True,152.3464204262027
2025-05-02 17:35:00+00:00,97383.79,97393.28,97433.58,97337.53,31.33447,True,148.32524753861702
2025-05-02 17:40:00+00:00,97393.27,97254.06,97393.28,97245.3,26.76827,True,148.30058700014408
2025-05-02 17:45:00+00:00,97254.07,97221.78,97264.63,97214.28,19.39115,True,141.3041165001342
2025-05-02 17:50:00+00:00,97221.78,97348.86,97369.82,97216.44,25.52935,True,142.1666796072678
2025-05-02 17:55:00+00:00,97348.87,97402.55,97428.58,97342.01,33.52033,True,138.1954882067492
2025-05-02 18:00:00+00:00,97402.55,97467.47,97485.09,97365.44,34.34062,True,136.87081047769524
2025-05-02 18:05:00+00:00,97467.46,97454.31,97490.96,97405.0,32.68822,True,133.23432401500318
2025-05-02 18:10:00+00:00,97454.3,97523.99,97551.74,97454.3,38.88406,True,130.67758658536027
2025-05-02 18:15:00+00:00,97524.0,97465.01,97551.65,97465.01,22.25873,True,127.53204468640592
2025-05-02 18:20:00+00:00,97465.0,97443.4,97516.09,97432.92,22.16777,True,124.36332720880537
2025-05-02 18:25:00+00:00,97443.4,97432.73,97500.0,97428.45,23.95836,True,120.59094669389091
2025-05-02 18:30:00+00:00,97432.73,97534.39,97541.9,97414.13,35.65627,True,121.1037362157551
2025-05-02 18:35:00+00:00,97534.39,97539.39,97556.61,97505.0,20.32328,True,116.13989791462977
2025-05-02 18:40:00+00:00,97539.39,97556.61,97619.0,97539.39,39.28464,True,113.53061949215625
2025-05-02 18:45:00+00:00,97556.6,97452.1,97575.15,97452.09,30.17594,True,114.21128952843063
2025-05-02 18:50:00+00:00,97452.09,97266.0,97452.1,97210.53,43.49368,True,123.30834027640037
2025-05-02 18:55:00+00:00,97266.0,97171.0,97315.82,97155.68,33.45014,True,125.93917311380135
2025-05-02 19:00:00+00:00,97171.0,97076.99,97171.01,97067.84,57.2424,True,124.31280360567256
2025-05-02 19:05:00+00:00,97076.99,97079.39,97092.03,97014.5,98.60301,True,120.97117477669586
2025-05-02 19:10:00+00:00,97079.39,97047.23,97122.85,97023.8,45.36821,True,119.40537657836066
2025-05-02 19:15:00+00:00,97047.23,97054.9,97080.0,97008.28,31.53816,True,115.99927825133499
2025-05-02 19:20:00+00:00,97054.91,97166.25,97180.0,97054.9,40.06793,True,116.64932980481147
2025-05-02 19:25:00+00:00,97166.25,97164.88,97182.54,97148.48,22.33644,True,110.75009196161048
2025-05-02 19:30:00+00:00,97164.88,97000.0,97164.88,96999.98,35.53472,True,114.6179425357818
2025-05-02 19:35:00+00:00,97000.0,96942.09,97000.0,96928.57,37.99955,True,111.53308949751116
2025-05-02 19:40:00+00:00,96942.09,96896.83,96957.19,96809.67,49.72728,True,114.10358310483208
2025-05-02 19:45:00+00:00,96896.82,96775.26,96896.83,96769.84,75.01519,True,115.02404145448732
2025-05-02 19:50:00+00:00,96775.27,96900.0,96928.58,96772.02,47.64845,True,117.99089563630949
2025-05-02 19:55:00+00:00,96900.01,96924.23,97023.81,96883.83,58.36019,True,119.56154594800138
2025-05-02 20:00:00+00:00,96924.23,96970.0,96970.01,96844.05,35.3491,True,120.01857838028641
2025-05-02 20:05:00+00:00,96970.0,97038.51,97047.04,96970.0,28.49208,,116.94867992455121
2025-05-02 20:10:00+00:00,97038.51,97029.99,97059.99,97008.48,27.94982,,112.27448850136965
2025-05-02 20:15:00+00:00,97029.99,96970.69,97029.99,96964.13,12.43907,,108.959167894129
2025-05-02 20:20:00+00:00,96970.69,96969.6,97001.86,96914.13,21.26428,,107.44279875883377
2025-05-02 20:25:00+00:00,96969.61,96996.66,97011.79,96969.59,14.15647,,102.7825988474883
2025-05-02 20:30:00+00:00,96996.65,97074.63,97087.31,96973.29,32.57851,,103.58527035838229
2025-05-02 20:35:00+00:00,97075.03,97133.22,97136.0,97075.03,10.78582,,100.5698939042118
2025-05-02 20:40:00+00:00,97133.22,97059.4,97133.22,97048.99,15.15646,,99.40275862533925
2025-05-02 20:45:00+00:00,97059.41,97046.96,97102.86,97034.87,13.89701,,97.1589901521011
2025-05-02 20:50:00+00:00,97046.96,97000.01,97046.97,97000.0,12.59156,,93.57406228409397
2025-05-02 20:55:00+00:00,97000.0,97022.31,97039.03,96990.56,18.84847,,90.35234354951591
2025-05-02 21:00:00+00:00,97022.31,97022.31,97022.32,97022.31,7.45451,,83.89931901026544
2025-05-02 21:05:00+00:00,97022.31,97008.1,97022.32,96992.06,8.58393,,80.06793908096144
2025-05-02 21:10:00+00:00,97008.1,97038.78,97038.79,97008.1,15.48893,,76.54094343232046
2025-05-02 21:15:00+00:00,97038.79,97020.84,97038.79,97020.84,8.56128,,72.35587604429736
2025-05-02 21:20:00+00:00,97020.85,96932.3,97020.85,96932.04,13.39801,,73.53117061256272
2025-05-02 21:25:00+00:00,96932.29,96932.95,96952.98,96932.29,10.1314,,69.75680128309412
2025-05-02 21:30:00+00:00,96932.94,96944.57,96944.58,96932.94,10.07934,,65.60560119144449
2025-05-02 21:35:00+00:00,96944.57,96828.06,96944.58,96828.06,21.33681,,69.24234396348446
2025-05-02 21:40:00+00:00,96828.06,96830.49,96877.35,96800.0,27.49442,,69.8214622518074
2025-05-02 21:45:00+00:00,96830.49,96660.0,96830.5,96660.0,75.28693,,77.0127863766783
2025-05-02 21:50:00+00:00,96660.01,96651.0,96660.01,96651.0,8.31289,,72.15544449262948
2025-05-02 21:55:00+00:00,96651.0,96726.08,96809.04,96561.57,52.74251,,84.67791274315498
2025-05-02 22:00:00+00:00,96726.07,96640.0,96792.46,96640.0,90.82611,,89.51949040435865
2025-05-02 22:05:00+00:00,96640.0,96696.75,96700.0,96620.94,36.42652,,88.77238394690428
2025-05-02 22:10:00+00:00,96696.74,96637.81,96719.64,96620.0,13.02986,,89.54864223641108
2025-05-02 22:15:00+00:00,96637.82,96605.06,96637.82,96588.0,14.9845,,86.71088207666794
2025-05-02 22:20:00+00:00,96605.06,96650.94,96684.62,96579.36,28.11607,,88.0358190711913
2025-05-02 22:25:00+00:00,96650.95,96688.73,96720.0,96650.94,23.18463,,86.68040342324889
2025-05-02 22:30:00+00:00,96688.73,96773.97,96773.97,96688.72,30.14851,,86.57823175015969
2025-05-02 22:35:00+00:00,96773.96,96673.51,96776.81,96673.5,35.85304,,87.77335805371955
2025-05-02 22:40:00+00:00,96673.5,96614.58,96673.5,96589.42,24.64296,,87.51026104988219
2025-05-02 22:45:00+00:00,96614.59,96670.74,96670.75,96614.59,20.37043,,85.27167097489048
2025-05-02 22:50:00+00:00,96670.74,96646.47,96693.03,96607.83,15.73359,,85.26655161954095
2025-05-02 22:55:00+00:00,96646.46,96649.01,96649.02,96609.13,18.84034,,82.02536936100226
2025-05-02 23:00:00+00:00,96649.01,96611.12,96649.02,96600.0,21.4601,,79.66784297807382
2025-05-02 23:05:00+00:00,96611.11,96670.18,96693.8,96594.33,27.97238,,81.08228276535434
2025-05-02 23:10:00+00:00,96670.18,96715.65,96735.85,96666.66,18.07758,,80.23283399640061
2025-05-02 23:15:00+00:00,96715.64,96725.51,96738.11,96668.0,24.94882,,79.5097744252292
2025-05-02 23:20:00+00:00,96725.51,96734.9,96792.46,96725.5,35.63397,,78.61336196628471
2025-05-02 23:25:00+00:00,96734.9,96692.68,96734.91,96683.89,22.77602,,76.64240754012181
2025-05-02 23:30:00+00:00,96692.68,96809.52,96814.44,96692.67,18.9435,,79.86580700154197
2025-05-02 23:35:00+00:00,96809.52,96780.02,96818.69,96761.9,22.71662,,78.21753507286098
2025-05-02 23:40:00+00:00,96780.03,96804.32,96809.4,96780.02,11.90349,,74.72913971051307
2025-05-02 23:45:00+00:00,96804.32,96814.72,96848.12,96801.58,13.48545,,72.71562973119025
2025-05-02 23:50:00+00:00,96814.72,96834.67,96834.68,96803.1,13.1197,,69.77737046467574
2025-05-02 23:55:00+00:00,96834.67,96887.14,96896.83,96834.67,12.94229,,69.23327257434201
2025-05-03 00:00:00+00:00,96887.13,96893.83,96916.38,96854.24,40.04072,,68.72661024760325
2025-05-03 00:05:00+00:00,96893.83,96845.37,96935.67,96811.13,132.04651,,72.71328094420257
2025-05-03 00:10:00+00:00,96845.38,96806.19,96854.0,96806.18,21.69735,,70.9351894481886
2025-05-03 00:15:00+00:00,96806.19,96849.07,96849.07,96782.77,20.52118,,70.6041044876039
2025-05-03 00:20:00+00:00,96849.07,96772.33,96860.0,96772.32,15.27955,,71.82381130991742
2025-05-03 00:25:00+00:00,96772.33,96744.77,96772.33,96743.35,50.44985,,68.76353907349446
2025-05-03 00:30:00+00:00,96744.77,96743.09,96780.0,96743.09,15.25006,,66.48828628253082
2025-05-03 00:35:00+00:00,96743.1,96787.91,96787.92,96737.64,9.97292,,65.33055154806425
2025-05-03 00:40:00+00:00,96787.91,96669.54,96787.92,96669.53,24.62894,,69.12051215177391
2025-05-03 00:45:00+00:00,96669.53,96651.02,96700.0,96649.97,83.56299,,67.75690414093283
2025-05-03 00:50:00+00:00,96651.03,96674.6,96674.61,96612.87,99.5854,,67.32712527372372
2025-05-03 00:55:00+00:00,96674.61,96700.45,96700.46,96645.11,46.10078,,66.47161632560102
2025-05-03 01:00:00+00:00,96700.46,96622.65,96722.4,96622.65,22.63519,,68.84864373091523
2025-05-03 01:05:00+00:00,96622.65,96592.62,96622.65,96592.62,28.41837,,66.0758834644212
2025-05-03 01:10:00+00:00,96592.62,96570.28,96640.0,96564.09,66.75249,,66.77832035981993
2025-05-03 01:15:00+00:00,96570.28,96541.92,96571.26,96502.15,143.73358,,66.94486890554711
2025-05-03 01:20:00+00:00,96541.92,96542.39,96556.53,96541.91,16.98189,,63.20737826943627
2025-05-03 01:25:00+00:00,96542.39,96580.02,96612.9,96537.15,31.69069,,64.1032798216194
2025-05-03 01:30:00+00:00,96580.01,96450.01,96580.02,96450.0,64.84407,,68.81161697721829
2025-05-03 01:35:00+00:00,96450.01,96500.01,96508.4,96450.0,11.7655,,68.06793005027372
2025-05-03 01:40:00+00:00,96500.0,96476.0,96500.01,96446.93,25.40563,,66.99736361811144
2025-05-03 01:45:00+00:00,96475.99,96470.06,96476.0,96452.38,19.753,,63.89898050253172
2025-05-03 01:50:00+00:00,96470.07,96495.66,96495.67,96435.16,19.08646,,63.656910466636226
2025-05-03 01:55:00+00:00,96495.66,96493.94,96495.67,96452.39,11.33534,,62.20141686187641
2025-05-03 02:00:00+00:00,96493.93,96580.01,96620.01,96487.07,43.18584,,67.25417280031294
2025-05-03 02:05:00+00:00,96580.0,96634.01,96648.67,96580.0,13.03935,,67.35530331457618
2025-05-03 02:10:00+00:00,96634.01,96623.17,96654.81,96600.01,18.60194,,66.45849593496379
2025-05-03 02:15:00+00:00,96623.17,96649.43,96650.95,96600.35,11.69624,,65.3257462253229
2025-05-03 02:20:00+00:00,96649.44,96643.49,96657.37,96630.01,8.23926,,62.61390720922845
2025-05-03 02:25:00+00:00,96643.5,96664.64,96664.65,96611.81,15.40785,,61.915770979997596
2025-05-03 02:30:00+00:00,96664.64,96679.47,96699.98,96664.64,18.70322,,60.017501624283234
2025-05-03 02:35:00+00:00,96679.46,96600.0,96679.47,96600.0,10.48842,,61.40696579397737
2025-05-03 02:40:00+00:00,96600.01,96568.01,96609.67,96568.0,10.32155,,59.99718252297886
2025-05-03 02:45:00+00:00,96568.01,96543.59,96570.88,96517.4,52.93303,,59.53166948562398
2025-05-03 02:50:00+00:00,96543.59,96529.39,96543.61,96529.39,32.51835,,56.29512166522235
2025-05-03 02:55:00+00:00,96529.39,96533.51,96551.78,96529.39,40.43548,,53.87332726056356
2025-05-03 03:00:00+00:00,96533.5,96534.62,96535.96,96515.35,38.05604,,51.49737531338049
2025-05-03 03:05:00+00:00,96534.61,96527.85,96534.62,96516.15,21.84065,,49.13827707671054
2025-05-03 03:10:00+00:00,96527.84,96488.99,96535.69,96488.99,27.26248,,48.96411442837386
2025-05-03 03:15:00+00:00,96489.0,96433.74,96489.0,96412.65,61.67635,,50.92024911206186
2025-05-03 03:20:00+00:00,96433.74,96405.96,96434.85,96402.56,38.94073,,49.58951703262945
2025-05-03 03:25:00+00:00,96405.96,96404.57,96418.09,96373.62,245.58978,,49.22383724458457
2025-05-03 03:30:00+00:00,96404.58,96377.08,96404.58,96377.07,16.5414,,47.67284886997101
2025-05-03 03:35:00+00:00,96377.07,96338.57,96377.07,96300.02,136.23175,,49.771931093544346
2025-05-03 03:40:00+00:00,96338.58,96400.32,96445.42,96335.76,34.08816,,54.049650301148574
2025-05-03 03:45:00+00:00,96400.32,96460.0,96509.44,96400.32,71.45839,,57.98324670820906
2025-05-03 03:50:00+00:00,96460.0,96367.33,96477.5,96343.76,44.14974,,63.394443371908785
2025-05-03 03:55:00+00:00,96367.33,96337.5,96380.0,96327.99,25.78016,,62.5812688453435
2025-05-03 04:00:00+00:00,96337.5,96375.28,96386.5,96307.88,15.17572,,63.7268924992472
2025-05-03 04:05:00+00:00,96375.28,96428.0,96428.0,96365.23,13.83626,,63.65854303501555
2025-05-03 04:10:00+00:00,96428.0,96460.73,96460.73,96427.99,9.83288,,61.45007567537091
2025-05-03 04:15:00+00:00,96460.72,96458.0,96463.12,96407.03,18.2486,,61.06721312712988
2025-05-03 04:20:00+00:00,96458.0,96520.5,96523.8,96412.47,80.50445,,64.65741218947787
2025-05-03 04:25:00+00:00,96520.5,96477.98,96520.51,96457.84,32.02822,,64.51545417594362
2025-05-03 04:30:00+00:00,96477.99,96495.99,96496.0,96475.23,6.68166,,61.39077887766222
2025-05-03 04:35:00+00:00,96496.0,96500.9,96565.84,96495.99,15.52494,,61.99500895782858
2025-05-03 04:40:00+00:00,96500.91,96561.66,96589.06,96488.04,17.1201,,64.78250831798398
2025-05-03 04:45:00+00:00,96561.66,96500.63,96589.2,96500.62,13.01576,,66.48232915241383
2025-05-03 04:50:00+00:00,96500.63,96500.63,96521.43,96500.62,22.44405,,63.220019927241246
2025-05-03 04:55:00+00:00,96500.63,96519.05,96519.05,96500.62,8.27555,,60.0207327895817
2025-05-03 05:00:00+00:00,96519.04,96498.49,96530.0,96498.33,8.97644,,57.995680447468594
2025-05-03 05:05:00+00:00,96498.5,96467.53,96498.5,96467.53,10.66631,,56.06527470122092
2025-05-03 05:10:00+00:00,96467.53,96415.86,96467.54,96415.86,20.68789,,55.75204079399036
2025-05-03 05:15:00+00:00,96415.86,96537.74,96537.74,96415.86,31.8962,,60.47546645156281
2025-05-03 05:20:00+00:00,96537.73,96546.01,96546.8,96532.32,23.71508,,57.1900759907366
2025-05-03 05:25:00+00:00,96546.0,96536.31,96546.01,96536.31,8.88187,,53.79792770568378
2025-05-03 05:30:00+00:00,96536.32,96500.01,96536.32,96500.0,20.5959,,52.54950429813544
2025-05-03 05:35:00+00:00,96500.0,96571.42,96571.42,96496.99,15.77513,,54.112396848268126
2025-05-03 05:40:00+00:00,96571.41,96588.61,96593.0,96571.41,35.13131,,51.78936850196301
2025-05-03 05:45:00+00:00,96588.62,96579.37,96588.62,96563.08,28.60996,,49.9144136089652
2025-05-03 05:50:00+00:00,96579.36,96444.98,96579.37,96429.36,73.96592,,57.0640983511816
2025-05-03 05:55:00+00:00,96444.98,96417.14,96444.98,96407.97,28.01008,,55.631662754668255
2025-05-03 06:00:00+00:00,96417.15,96377.44,96417.15,96362.93,30.39492,,55.53082970076347
2025-05-03 06:05:00+00:00,96377.43,96343.58,96377.44,96325.41,30.4647,,55.28077043642314
2025-05-03 06:10:00+00:00,96343.58,96337.81,96360.0,96325.4,47.60141,,53.80357254810762
2025-05-03 06:15:00+00:00,96337.81,96245.02,96337.81,96229.0,59.04239,,57.73260308038548
2025-05-03 06:20:00+00:00,96245.02,96284.03,96319.2,96245.01,27.06274,,58.908131431786686
2025-05-03 06:25:00+00:00,96284.03,96196.01,96294.81,96188.03,91.02076,,62.32755061523041
2025-05-03 06:30:00+00:00,96196.01,96258.0,96264.0,96196.01,55.95266,,62.73201128557147
2025-05-03 06:35:00+00:00,96258.0,96309.13,96313.0,96252.8,28.93444,,62.55115333660187
2025-05-03 06:40:00+00:00,96309.13,96320.0,96320.0,96300.0,29.97991,,59.51178524113031
2025-05-03 06:45:00+00:00,96319.99,96194.82,96320.0,96194.81,32.50414,,64.20308629533545
2025-05-03 06:50:00+00:00,96194.81,96204.51,96208.98,96132.67,71.04384,,65.06786584566846
2025-05-03 06:55:00+00:00,96204.51,96183.5,96235.56,96160.0,35.08556,,65.81730399954913
2025-05-03 07:00:00+00:00,96183.5,96201.02,96235.55,96157.41,38.10477,,66.69749657100986
2025-05-03 07:05:00+00:00,96201.01,96232.57,96280.0,96176.76,31.17604,,69.30767538736667
2025-05-03 07:10:00+00:00,96232.57,96246.74,96248.65,96215.32,31.36215,,66.73784143112529
2025-05-03 07:15:00+00:00,96246.74,96240.0,96275.3,96240.0,21.4853,,64.49228132890227
2025-05-03 07:20:00+00:00,96240.01,96157.1,96240.01,96157.1,39.30511,,65.8078326625513
2025-05-03 07:25:00+00:00,96157.1,96212.0,96238.08,96157.1,17.74506,,66.89155890094021
2025-05-03 07:30:00+00:00,96212.01,96285.72,96304.25,96212.0,40.56459,,68.70287612230162
2025-05-03 07:35:00+00:00,96285.72,96320.33,96351.25,96285.71,53.79942,,68.47695639927962
2025-05-03 07:40:00+00:00,96320.34,96347.05,96384.9,96314.05,29.43131,,68.64645951361616
2025-05-03 07:45:00+00:00,96347.06,96383.08,96383.09,96320.0,28.83945,,68.24956954835763
2025-05-03 07:50:00+00:00,96383.09,96342.37,96391.7,96342.36,34.0388,,66.89888600918898
2025-05-03 07:55:00+00:00,96342.37,96322.68,96378.65,96289.4,44.33453,,68.49539415138977
2025-05-03 08:00:00+00:00,96322.68,96179.32,96322.69,96179.31,42.63466,,73.84429456914798
2025-05-03 08:05:00+00:00,96179.32,96182.54,96200.0,96159.54,56.89935,,71.45970209992358
2025-05-03 08:10:00+00:00,96182.55,96160.01,96183.42,96150.0,72.20787,,68.74258052135748
2025-05-03 08:15:00+00:00,96160.01,96160.01,96238.09,96160.0,61.29853,,69.41025334126027
2025-05-03 08:20:00+00:00,96160.0,96202.19,96214.99,96160.0,36.25837,,68.38023524545635
2025-05-03 08:25:00+00:00,96202.19,96353.38,96353.38,96202.19,152.30284,,74.29521844220963
2025-05-03 08:30:00+00:00,96353.38,96377.87,96388.88,96353.37,37.49628,,71.52484569633818
2025-05-03 08:35:00+00:00,96377.86,96413.9,96421.91,96377.86,48.63287,,69.56235671802851
2025-05-03 08:40:00+00:00,96413.9,96362.02,96413.91,96352.88,31.5055,,68.95290266674068
2025-05-03 08:45:00+00:00,96362.02,96380.93,96388.82,96347.82,16.44089,,66.9562667619735
2025-05-03 08:50:00+00:00,96380.93,96283.31,96380.93,96283.31,21.43258,,69.14653342183219
2025-05-03 08:55:00+00:00,96283.31,96281.0,96299.0,96281.0,22.54578,,65.49320960598703
2025-05-03 09:00:00+00:00,96281.0,96335.23,96335.82,96281.0,20.90784,,64.73083749127417
2025-05-03 09:05:00+00:00,96335.22,96250.04,96335.23,96250.03,21.51651,,66.19292052761152
2025-05-03 09:10:00+00:00,96250.03,96232.97,96250.04,96230.15,26.78456,,62.885569061353515
2025-05-03 09:15:00+00:00,96232.97,96328.48,96328.49,96232.96,37.34137,,65.21731412839961
2025-05-03 09:20:00+00:00,96328.49,96357.15,96357.15,96320.09,19.81964,,63.20607740494233
2025-05-03 09:25:00+00:00,96357.15,96325.4,96396.23,96325.39,28.75384,,63.751357590303336
2025-05-03 09:30:00+00:00,96325.4,96266.53,96325.4,96266.53,20.71086,,63.402689190995616
2025-05-03 09:35:00+00:00,96266.54,96283.34,96297.92,96258.26,22.75509,,61.70678282021047
2025-05-03 09:40:00+00:00,96283.34,96255.64,96283.34,96255.63,8.7183,,59.27844119019486
2025-05-03 09:45:00+00:00,96255.64,96337.13,96357.77,96255.64,46.5887,,62.33926681946699
2025-05-03 09:50:00+00:00,96337.13,96241.79,96337.13,96241.78,21.32545,,64.69717633236262
2025-05-03 09:55:00+00:00,96241.78,96254.01,96254.02,96173.0,43.64667,,65.86309230862273
2025-05-03 10:00:00+00:00,96254.02,96236.0,96254.02,96215.95,26.29852,,63.87787142943589
2025-05-03 10:05:00+00:00,96236.0,96172.42,96236.0,96172.41,41.44579,,63.85730918447594
2025-05-03 10:10:00+00:00,96172.41,96150.97,96181.83,96145.0,37.53359,,61.92678709987064
2025-05-03 10:15:00+00:00,96150.97,96161.57,96189.39,96150.0,50.10351,,60.31701659273698
2025-05-03 10:20:00+00:00,96161.57,96188.72,96214.2,96161.56,25.17939,,59.76865826468429
2025-05-03 10:25:00+00:00,96188.72,96150.71,96188.72,96150.0,31.69798,,58.26518267434978
2025-05-03 10:30:00+00:00,96150.71,96110.66,96219.54,96091.2,133.31102,,63.27052676903883
2025-05-03 10:35:00+00:00,96110.67,96045.61,96110.67,96045.61,84.88111,,63.39834628553589
2025-05-03 10:40:00+00:00,96045.62,95937.62,96048.63,95908.15,176.77423,,68.90417869371264
2025-05-03 10:45:00+00:00,95937.63,95939.0,96042.6,95879.68,417.87404,,75.6195945013055
2025-05-03 10:50:00+00:00,95939.01,95916.53,96000.0,95916.53,46.20799,,76.18033775121232
2025-05-03 10:55:00+00:00,95916.54,95896.5,95916.54,95852.29,69.93417,,75.32817076898287
2025-05-03 11:00:00+00:00,95896.49,95966.55,95966.55,95865.0,66.63833,,77.20115857119858
2025-05-03 11:05:00+00:00,95966.54,95912.47,95966.55,95912.46,76.07351,,75.55036153039843
2025-05-03 11:10:00+00:00,95912.47,95943.76,95943.77,95901.07,20.18975,,73.20390713536976
2025-05-03 11:15:00+00:00,95943.76,95985.61,96000.0,95914.97,25.29928,,74.04862805427183
2025-05-03 11:20:00+00:00,95985.61,96021.81,96021.82,95985.61,21.03487,,71.34586890753859
2025-05-03 11:25:00+00:00,96021.82,96016.84,96032.96,95999.99,16.21539,,68.60473541414305
2025-05-03 11:30:00+00:00,96016.85,96047.61,96047.61,95920.39,30.55104,,72.79154002741863
2025-05-03 11:35:00+00:00,96047.61,96056.3,96083.53,96047.0,29.80158,,70.20143002546008
2025-05-03 11:40:00+00:00,96056.29,95942.53,96056.3,95904.41,104.56069,,76.03632788078433
2025-05-03 11:45:00+00:00,95942.54,95956.65,95963.39,95878.36,59.5368,,76.67873303215679
2025-05-03 11:50:00+00:00,95956.64,95954.85,95984.96,95947.51,44.58537,,73.87668067271784
2025-05-03 11:55:00+00:00,95954.85,95942.02,95954.85,95896.37,68.18539,,72.77691776752445
2025-05-03 12:00:00+00:00,95942.01,95911.0,95968.85,95904.73,53.22238,,72.15856649841626
2025-05-03 12:05:00+00:00,95911.0,95904.77,95921.37,95880.65,78.60611,,69.91295460567233
2025-05-03 12:10:00+00:00,95904.78,95925.74,95930.93,95890.4,65.47095,,67.81417213383851
2025-05-03 12:15:00+00:00,95925.74,95992.76,96000.0,95925.73,62.22922,,68.27530269570748
2025-05-03 12:20:00+00:00,95992.76,96005.58,96062.42,95981.29,64.43847,,69.19349536030013
2025-05-03 12:25:00+00:00,96005.59,96044.54,96044.54,95984.47,43.07146,,68.54181712027815
2025-05-03 12:30:00+00:00,96044.53,96007.99,96071.43,95996.67,41.61617,,68.98597304025792
2025-05-03 12:35:00+00:00,96007.99,96125.79,96125.8,96007.99,33.63285,,72.47340353738218
2025-05-03 12:40:00+00:00,96125.79,96140.02,96150.19,96103.17,45.37708,,70.65530328471232
2025-05-03 12:45:00+00:00,96140.01,96150.01,96163.81,96080.0,71.5541,,71.59492447866127
2025-05-03 12:50:00+00:00,96150.01,96108.0,96150.01,96100.0,20.12769,,70.05314415875652
2025-05-03 12:55:00+00:00,96107.99,96120.42,96120.42,96100.01,28.87274,,66.50720529027417
2025-05-03 13:00:00+00:00,96120.43,96131.18,96150.01,96106.53,20.39828,,64.86240491239715
2025-05-03 13:05:00+00:00,96131.17,96194.0,96194.0,96131.17,18.76778,,64.71723313294034
2025-05-03 13:10:00+00:00,96193.99,96190.0,96217.96,96190.0,46.33399,,62.09171648058791
2025-05-03 13:15:00+00:00,96190.0,96215.01,96215.01,96190.0,14.55273,,59.44302244625983
2025-05-03 13:20:00+00:00,96215.01,96218.49,96235.97,96190.0,45.43902,,58.480663700098496
2025-05-03 13:25:00+00:00,96218.5,96256.29,96261.41,96210.2,17.76263,,57.96133057866335
2025-05-03 13:30:00+00:00,96256.29,96220.0,96319.63,96190.0,100.79081,True,63.0805212516163
2025-05-03 13:35:00+00:00,96220.01,96225.49,96239.03,96201.75,9.38161,True,61.23762687650076
2025-05-03 13:40:00+00:00,96225.49,96253.19,96255.2,96225.49,9.61337,True,58.9856535281787
2025-05-03 13:45:00+00:00,96253.19,96247.23,96308.46,96247.22,16.55238,True,59.14667827616631
2025-05-03 13:50:00+00:00,96247.23,96294.08,96302.76,96247.22,16.42655,True,58.889058399296836
2025-05-03 13:55:00+00:00,96294.09,96330.0,96330.0,96291.26,30.97874,True,57.44983994220458
2025-05-03 14:00:00+00:00,96329.99,96369.98,96373.09,96294.04,73.73786,True,58.992708517761606
2025-05-03 14:05:00+00:00,96369.98,96380.0,96459.67,96369.98,57.88243,True,61.18537219506452
2025-05-03 14:10:00+00:00,96380.0,96300.0,96399.11,96300.0,33.17609,True,63.89427418113138
2025-05-03 14:15:00+00:00,96300.01,96377.86,96377.86,96293.65,17.84959,True,65.34539745390816
2025-05-03 14:20:00+00:00,96377.86,96380.95,96387.35,96377.85,10.73099,True,61.35644049291472
2025-05-03 14:25:00+00:00,96380.96,96365.98,96420.0,96360.0,20.27972,True,61.259551886277954
2025-05-03 14:30:00+00:00,96365.99,96349.95,96381.28,96300.14,22.84257,True,62.67958389440092
2025-05-03 14:35:00+00:00,96349.94,96330.5,96376.47,96313.18,12.92373,True,62.72318504480143
2025-05-03 14:40:00+00:00,96330.49,96383.01,96388.21,96292.63,9.55668,True,65.07010039874432
2025-05-03 14:45:00+00:00,96383.02,96315.0,96383.02,96315.0,21.8806,True,65.28080751312001
2025-05-03 14:50:00+00:00,96315.0,96357.15,96357.15,96315.0,5.52611,True,63.62860697646816
2025-05-03 14:55:00+00:00,96357.14,96380.95,96388.89,96315.0,17.66875,True,64.36156362100611
2025-05-03 15:00:00+00:00,96380.96,96486.49,96509.44,96380.95,25.95614,True,68.94216621950605
2025-05-03 15:05:00+00:00,96486.49,96495.81,96506.91,96475.69,28.56438,True,66.2477257752557
2025-05-03 15:10:00+00:00,96495.8,96461.57,96495.81,96450.01,19.3776,True,64.78717393416622
2025-05-03 15:15:00+00:00,96461.57,96454.42,96462.18,96434.5,20.77305,True,62.13666151029671
2025-05-03 15:20:00+00:00,96454.42,96424.97,96454.42,96417.54,8.5932,True,60.332614259561566
2025-05-03 15:25:00+00:00,96424.98,96424.96,96424.98,96424.96,3.91098,True,56.02457038387785
2025-05-03 15:30:00+00:00,96424.96,96469.52,96469.52,96424.96,16.52545,True,55.20567249931498
2025-05-03 15:35:00+00:00,96469.52,96450.0,96484.13,96450.0,10.05499,True,53.70026732079281
2025-05-03 15:40:00+00:00,96450.0,96420.63,96450.01,96420.63,13.64006,True,51.9631053693069
2025-05-03 15:45:00+00:00,96420.63,96390.33,96420.64,96390.32,10.41941,True,50.41716927149873
2025-05-03 15:50:00+00:00,96390.33,96325.65,96390.33,96325.65,11.85879,True,51.435942894963645
2025-05-03 15:55:00+00:00,96325.66,96418.68,96442.55,96325.66,19.01738,True,56.111946973895435
2025-05-03 16:00:00+00:00,96418.68,96375.6,96428.33,96375.6,14.09939,True,55.87037933290261
2025-05-03 16:05:00+00:00,96375.6,96330.52,96378.96,96330.5,21.00248,True,55.34106652341002
2025-05-03 16:10:00+00:00,96330.52,96288.83,96336.15,96288.83,55.31883,True,54.76813320030876
2025-05-03 16:15:00+00:00,96288.83,96276.99,96304.98,96238.09,29.6076,True,55.63398082885809
2025-05-03 16:20:00+00:00,96277.0,96228.46,96277.0,96201.45,26.79773,True,57.056553626797005
2025-05-03 16:25:00+00:00,96228.46,96275.62,96299.98,96228.46,17.28004,True,58.0896569391679
2025-05-03 16:30:00+00:00,96275.63,96217.03,96275.63,96217.03,14.685,True,58.126110014942036
2025-05-03 16:35:00+00:00,96217.04,96150.95,96217.04,96131.01,47.9939,True,60.11924501387466
2025-05-03 16:40:00+00:00,96150.95,96150.94,96171.36,96110.0,27.90308,True,60.20787037002651
2025-05-03 16:45:00+00:00,96150.94,96153.31,96166.67,96080.59,25.36909,True,62.05587962931046
2025-05-03 16:50:00+00:00,96153.31,96238.09,96238.1,96152.2,16.59797,True,63.75903108436034
2025-05-03 16:55:00+00:00,96238.09,96215.41,96238.1,96198.41,9.90212,True,62.03981457833476
2025-05-03 17:00:00+00:00,96215.4,96153.53,96215.4,96103.17,28.17513,True,65.62554210845408
2025-05-03 17:05:00+00:00,96153.53,96008.06,96153.63,96000.0,46.63046,True,71.91157481499341
2025-05-03 17:10:00+00:00,96008.05,96036.47,96036.48,95952.1,40.74838,True,72.80217661392176
2025-05-03 17:15:00+00:00,96036.47,95917.79,96036.48,95917.78,52.49175,True,76.08059257007001
2025-05-03 17:20:00+00:00,95917.78,96054.02,96082.77,95869.68,37.42399,True,85.86697881506579
2025-05-03 17:25:00+00:00,96054.01,96123.91,96123.92,96054.01,24.01243,True,84.72719461398991
2025-05-03 17:30:00+00:00,96123.91,96063.3,96123.92,96053.95,20.07542,True,83.67310928441928
2025-05-03 17:35:00+00:00,96063.3,95980.01,96063.31,95980.0,41.51127,True,83.64717290696059
2025-05-03 17:40:00+00:00,95980.0,96071.42,96071.43,95980.0,11.07505,True,84.20308912789149
2025-05-03 17:45:00+00:00,96071.42,96151.34,96175.4,96071.42,26.53919,True,85.61572561875609
2025-05-03 17:50:00+00:00,96151.34,96172.0,96190.3,96136.41,13.44964,True,83.34960236027347
2025-05-03 17:55:00+00:00,96172.01,96191.56,96191.57,96160.31,8.06502,True,79.62891647739745
2025-05-03 18:00:00+00:00,96191.57,96108.24,96191.57,96108.23,11.67192,True,79.89399387186985
2025-05-03 18:05:00+00:00,96108.23,96196.71,96196.72,96108.23,9.94276,True,80.5079943095938
2025-05-03 18:10:00+00:00,96196.71,96211.49,96211.5,96174.07,13.09868,True,77.43099471605089
2025-05-03 18:15:00+00:00,96211.49,96230.15,96230.16,96211.49,8.1123,True,73.2337808077614
2025-05-03 18:20:00+00:00,96230.15,96211.1,96271.5,96198.41,18.69576,True,73.22351075006392
2025-05-03 18:25:00+00:00,96211.09,96178.34,96215.96,96127.77,13.13479,True,74.2925456964881
2025-05-03 18:30:00+00:00,96178.34,96145.72,96178.34,96145.72,7.23065,True,71.31593528959577
2025-05-03 18:35:00+00:00,96145.73,96142.85,96160.0,96122.3,10.03022,True,68.91479705462443
2025-05-03 18:40:00+00:00,96142.85,96100.0,96142.86,96100.0,5.79926,True,67.0537401221513
2025-05-03 18:45:00+00:00,96100.01,96171.49,96177.5,96100.0,10.56682,True,67.79990154199763
2025-05-03 18:50:00+00:00,96171.49,96118.03,96171.5,96118.03,8.64792,True,66.77633714614073
2025-05-03 18:55:00+00:00,96118.03,96146.99,96146.99,96106.7,9.8161,True,64.88445592141697
2025-05-03 19:00:00+00:00,96146.98,96150.0,96157.64,96125.15,9.01879,True,62.57056621274471
2025-05-03 19:05:00+00:00,96150.0,96193.32,96193.33,96150.0,8.65358,True,61.19624005469164
2025-05-03 19:10:00+00:00,96193.32,96204.71,96204.71,96193.32,2.76663,True,57.63865147935648
2025-05-03 19:15:00+00:00,96204.71,96241.82,96241.82,96204.7,6.65464,True,56.17303351654601
2025-05-03 19:20:00+00:00,96241.82,96208.18,96268.66,96208.15,13.50471,True,56.48281683679339
2025-05-03 19:25:00+00:00,96208.19,96260.47,96260.47,96208.18,6.16966,True,56.18332991988016
2025-05-03 19:30:00+00:00,96260.47,96325.4,96325.4,96260.46,9.34756,True,56.80880635417356
2025-05-03 19:35:00+00:00,96325.39,96316.26,96333.0,96316.25,9.60469,True,53.947463043161164
2025-05-03 19:40:00+00:00,96316.26,96281.94,96316.26,96281.94,4.44371,True,52.54550139722054
2025-05-03 19:45:00+00:00,96281.95,96353.16,96354.66,96281.94,14.4735,True,53.98653701170487
2025-05-03 19:50:00+00:00,96353.17,96346.99,96353.17,96294.9,27.23311,True,54.29249865372624
2025-05-03 19:55:00+00:00,96346.98,96354.34,96357.15,96346.98,4.57344,True,51.140891607031385
2025-05-03 20:00:00+00:00,96354.34,96373.58,96388.26,96354.34,8.12152,True,49.91082792081473
2025-05-03 20:05:00+00:00,96373.57,96378.06,96378.06,96373.57,4.95177,,46.6664830693273
2025-05-03 20:10:00+00:00,96378.05,96347.84,96388.89,96347.83,11.40533,,46.26601999294661
2025-05-03 20:15:00+00:00,96347.83,96337.7,96347.84,96317.72,8.00598,,45.112732850592955
2025-05-03 20:20:00+00:00,96337.69,96370.46,96370.47,96337.69,9.30864,,44.2318233612648
2025-05-03 20:25:00+00:00,96370.47,96359.88,96370.47,96331.7,10.75649,,43.84169312117475
2025-05-03 20:30:00+00:00,96359.88,96301.02,96368.5,96301.01,9.10917,,45.53085789823407
2025-05-03 20:35:00+00:00,96301.02,96301.01,96301.02,96301.01,2.22904,,42.27936804836087
2025-05-03 20:40:00+00:00,96301.01,96349.14,96349.15,96290.69,10.85994,,43.43512747347737
2025-05-03 20:45:00+00:00,96349.15,96366.79,96366.79,96314.79,10.8977,,44.0469040825147
2025-05-03 20:50:00+00:00,96366.79,96357.15,96369.8,96357.14,5.70236,,41.80498236233533
2025-05-03 20:55:00+00:00,96357.15,96341.29,96357.15,96306.45,12.92785,,42.440340765025454
2025-05-03 21:00:00+00:00,96341.29,96296.33,96341.3,96296.33,5.53038,,42.621030710380865
2025-05-03 21:05:00+00:00,96296.33,96286.77,96296.34,96272.17,12.71698,,41.30309994535354
2025-05-03 21:10:00+00:00,96286.77,96281.95,96286.77,96271.97,26.57262,,39.41002137782849
2025-05-03 21:15:00+00:00,96281.96,96325.4,96325.4,96281.95,10.13768,,39.698591279411964
2025-05-03 21:20:00+00:00,96325.4,96357.14,96357.15,96308.66,24.45415,,40.32654904516759
2025-05-03 21:25:00+00:00,96357.14,96409.66,96409.67,96357.14,20.68629,,41.19822411336982
2025-05-03 21:30:00+00:00,96409.67,96396.89,96441.49,96396.89,20.99647,,41.44120810527239
2025-05-03 21:35:00+00:00,96396.89,96280.72,96396.9,96280.71,24.66748,,46.780407526323486
2025-05-03 21:40:00+00:00,96280.71,96288.0,96288.0,96261.9,9.42071,,45.30323556015794
2025-05-03 21:45:00+00:00,96288.0,96242.32,96288.0,96238.09,7.03117,,45.63229016300404
2025-05-03 21:50:00+00:00,96242.32,96291.69,96340.0,96242.32,14.47955,,49.34998372278897
2025-05-03 21:55:00+00:00,96291.7,96266.17,96291.7,96246.0,13.35333,,49.08927059973241
2025-05-03 22:00:00+00:00,96266.17,96218.21,96319.99,96213.15,30.89928,,53.21432269975231
2025-05-03 22:05:00+00:00,96218.2,96212.01,96369.37,96206.18,80.86916,,61.06972822119874
2025-05-03 22:10:00+00:00,96212.01,96209.28,96245.08,96209.27,14.20298,,59.26546191968437
2025-05-03 22:15:00+00:00,96209.28,96230.72,96249.09,96209.27,10.74525,,57.876500353992085
2025-05-03 22:20:00+00:00,96230.71,96220.46,96230.72,96205.16,7.35216,,55.568178900135344
2025-05-03 22:25:00+00:00,96220.46,96227.36,96227.36,96208.25,9.32747,,52.96402326441143
2025-05-03 22:30:00+00:00,96227.35,96242.32,96248.51,96227.35,6.22199,,50.69230731695268
2025-05-03 22:35:00+00:00,96242.31,96251.94,96251.94,96228.0,6.40638,,48.7814282228848
2025-05-03 22:40:00+00:00,96251.94,96262.07,96262.07,96251.93,8.18072,,46.021326206965455
2025-05-03 22:45:00+00:00,96262.06,96217.22,96262.07,96217.22,9.61577,,45.93766004932548
2025-05-03 22:50:00+00:00,96217.22,96200.01,96217.23,96200.01,6.13375,,43.88639861723089
2025-05-03 22:55:00+00:00,96200.02,96170.18,96205.62,96166.67,11.458,,43.53379871599991
2025-05-03 23:00:00+00:00,96170.19,96165.76,96170.19,96165.75,5.85003,,40.74138452200008
2025-05-03 23:05:00+00:00,96165.76,96167.07,96173.53,96165.75,10.23608,,38.386999913285706
2025-05-03 23:10:00+00:00,96167.08,96139.83,96167.08,96139.83,29.71077,,37.59149991947959
2025-05-03 23:15:00+00:00,96139.83,96159.22,96165.89,96134.98,59.67398,,37.1142499252313
2025-05-03 23:20:00+00:00,96159.22,96067.0,96159.23,96066.99,60.564,,41.05180350199982
2025-05-03 23:25:00+00:00,96067.0,95927.43,96075.3,95921.88,81.85469,,49.07810325185685
2025-05-03 23:30:00+00:00,95927.43,95880.35,96032.24,95832.41,99.98738,,59.84609587672435
2025-05-03 23:35:00+00:00,95880.35,95873.64,95888.65,95753.01,198.2834,,65.259946171244
2025-05-03 23:40:00+00:00,95873.63,95914.81,95923.05,95873.63,43.60489,,64.12852144472645
2025-05-03 23:45:00+00:00,95914.81,95890.99,95966.38,95845.6,64.08052,,68.1750556272459
2025-05-03 23:50:00+00:00,95890.99,95882.91,95896.29,95825.81,21.28282,,68.33969451101375
2025-05-03 23:55:00+00:00,95882.91,95856.42,95897.27,95856.41,14.5379,,66.37685918879852
2025-05-04 00:00:00+00:00,95856.42,95904.75,95904.76,95772.4,44.09316,,71.08994067531295
2025-05-04 00:05:00+00:00,95904.76,95929.52,95929.54,95904.75,14.81354,,67.78280205564728
2025-05-04 00:10:00+00:00,95929.53,95960.62,95960.63,95928.64,16.18431,,65.22617333738714
2025-05-04 00:15:00+00:00,95960.63,95960.63,96042.92,95960.62,31.33896,,66.44573238471683
2025-05-04 00:20:00+00:00,95960.64,95912.7,95994.52,95912.69,15.50588,,67.54460864295147
2025-05-04 00:25:00+00:00,95912.69,95912.68,95983.43,95912.68,13.74369,,67.77356516845494
2025-05-04 00:30:00+00:00,95912.69,95883.85,95951.9,95883.84,16.48898,,67.79402479927941
2025-05-04 00:35:00+00:00,95883.84,95786.23,95883.84,95781.27,31.76477,,70.27873731361673
2025-05-04 00:40:00+00:00,95786.22,95805.49,95860.0,95786.22,20.16975,,70.52882750550117
2025-05-04 00:45:00+00:00,95805.49,95791.19,95872.96,95786.33,67.05225,,71.67891125510856
2025-05-04 00:50:00+00:00,95791.18,95872.18,95872.18,95786.33,34.62808,,72.69113187974304
2025-05-04 00:55:00+00:00,95872.18,95880.95,95916.07,95872.17,19.85085,,70.63462245976201
2025-05-04 01:00:00+00:00,95880.95,95884.97,95886.95,95813.03,16.7877,,70.8692922840646
2025-05-04 01:05:00+00:00,95884.96,95927.31,95930.69,95866.9,24.39279,,70.36362854948914
2025-05-04 01:10:00+00:00,95927.32,95941.27,95941.28,95927.31,21.37023,,66.33551222452571
2025-05-04 01:15:00+00:00,95941.28,95844.68,95941.28,95838.33,18.29523,,68.95083277991652
2025-05-04 01:20:00+00:00,95844.68,95914.0,95954.38,95844.68,39.88621,,71.8614875813519
2025-05-04 01:25:00+00:00,95914.01,95958.85,95976.2,95914.0,19.88895,,71.17138132554084
2025-05-04 01:30:00+00:00,95958.85,95944.44,95958.85,95891.71,19.26689,,70.88342551657358
2025-05-04 01:35:00+00:00,95944.45,95841.59,95944.45,95840.0,22.59278,,73.28103797967526
2025-05-04 01:40:00+00:00,95841.59,95690.49,95853.94,95588.0,130.78734,,87.04239240969862
2025-05-04 01:45:00+00:00,95690.49,95713.95,95713.96,95607.84,105.10062,,88.40507866614942
2025-05-04 01:50:00+00:00,95713.96,95991.6,96040.2,95708.98,121.56904,,105.7490016185674
2025-05-04 01:55:00+00:00,95991.61,96099.94,96185.67,95991.6,61.14583,,112.05764436009777
2025-05-04 02:00:00+00:00,96099.94,96244.25,96258.84,96091.54,41.23126,,116.00352690580529
2025-05-04 02:05:00+00:00,96244.25,96185.85,96285.71,96160.0,96.00157,,116.69684641253393
2025-05-04 02:10:00+00:00,96185.84,96237.43,96237.43,96162.95,20.01847,,113.68135738306692
2025-05-04 02:15:00+00:00,96237.43,96212.7,96237.43,96134.92,23.65117,,112.88340328427606
2025-05-04 02:20:00+00:00,96212.71,96283.34,96304.48,96190.5,10.11671,,112.9617316211132
2025-05-04 02:25:00+00:00,96283.34,96193.31,96283.34,96144.08,30.59509,,114.84017936246188
2025-05-04 02:30:00+00:00,96193.3,96030.93,96244.0,96030.93,29.96972,,121.85659512228654
2025-05-04 02:35:00+00:00,96030.94,96020.02,96092.2,96020.01,17.36942,,118.30898118498052
2025-05-04 02:40:00+00:00,96020.01,95919.99,96032.62,95813.38,83.16431,,125.51833967176697
2025-05-04 02:45:00+00:00,95919.99,95850.83,95972.8,95850.82,41.80842,,125.26560112378333
2025-05-04 02:50:00+00:00,95850.83,95877.75,95878.96,95804.68,18.08536,,121.62377247208546
2025-05-04 02:55:00+00:00,95877.75,95892.28,95927.63,95877.75,5.44991,,116.49921729550826
2025-05-04 03:00:00+00:00,95892.28,95819.08,95898.94,95809.52,15.6895,,114.56498748868611
2025-05-04 03:05:00+00:00,95819.08,95676.83,95820.01,95667.94,27.9123,,117.24391695377942
2025-05-04 03:10:00+00:00,95676.82,95753.96,95753.97,95676.82,15.40282,,114.38006574279476
2025-05-04 03:15:00+00:00,95753.97,95691.8,95796.56,95680.0,14.42765,,114.53577533259497
2025-05-04 03:20:00+00:00,95691.79,95702.35,95731.02,95691.79,9.92301,,109.15679138026749
2025-05-04 03:25:00+00:00,95702.35,95799.08,95799.08,95692.7,12.78648,,108.95844913882014
2025-05-04 03:30:00+00:00,95799.08,95812.46,95823.48,95767.2,10.1561,,105.19570277176147
2025-05-04 03:35:00+00:00,95812.46,95793.98,95887.62,95793.97,12.94082,,104.37100971663524
2025-05-04 03:40:00+00:00,95793.97,95761.91,95793.97,95710.56,13.90849,,102.87450902258975
2025-05-04 03:45:00+00:00,95761.91,95817.47,95860.0,95760.16,19.62537,,102.65775837811881
2025-05-04 03:50:00+00:00,95817.46,95839.99,95847.96,95812.0,12.90313,,97.8936327796822
2025-05-04 03:55:00+00:00,95840.0,95722.23,95849.21,95722.22,13.44163,,99.971944723991
2025-05-04 04:00:00+00:00,95722.22,95783.61,95785.72,95722.22,11.44589,,97.3668058151345
2025-05-04 04:05:00+00:00,95783.61,95843.85,95843.86,95783.61,10.74755,,94.71560539976774
2025-05-04 04:10:00+00:00,95843.86,95839.02,95877.02,95800.28,10.15941,,93.43163358549899
2025-05-04 04:15:00+00:00,95839.02,95901.01,95939.33,95839.02,17.63241,,93.9229454722489
2025-05-04 04:20:00+00:00,95901.01,95914.13,95929.7,95860.0,26.45141,,92.19273508137378
2025-05-04 04:25:00+00:00,95914.13,95909.14,95938.34,95909.13,16.219,,87.6939682898465
2025-05-04 04:30:00+00:00,95909.14,95764.74,95919.69,95764.74,12.33265,,92.49797055485725
2025-05-04 04:35:00+00:00,95764.75,95774.06,95775.22,95756.01,14.99152,,87.26311551522505
2025-05-04 04:40:00+00:00,95774.06,95761.9,95792.0,95761.9,8.78059,,83.18003583556653
2025-05-04 04:45:00+00:00,95761.9,95775.97,95847.49,95743.39,13.38905,,84.67431899016934
2025-05-04 04:50:00+00:00,95775.98,95760.89,95775.98,95733.13,11.93957,,81.68686763372806
2025-05-04 04:55:00+00:00,95760.89,95725.52,95808.4,95725.51,18.28548,,81.7728056598903
2025-05-04 05:00:00+00:00,95725.52,95904.76,95904.76,95692.7,28.5996,,91.07903382704082
2025-05-04 05:05:00+00:00,95904.76,95932.76,95952.39,95904.75,20.57301,,87.97624569653786
2025-05-04 05:10:00+00:00,95932.76,95895.2,95948.15,95860.0,19.04394,,87.9886567182133
2025-05-04 05:15:00+00:00,95895.2,95792.45,95914.05,95789.98,25.09802,,90.5658955240557
2025-05-04 05:20:00+00:00,95792.45,95897.99,95919.74,95792.44,28.14699,,93.1897601294805
2025-05-04 05:25:00+00:00,95897.99,95939.53,95974.26,95897.98,45.07108,,91.98192012023182
2025-05-04 05:30:00+00:00,95939.53,95942.01,95986.83,95905.69,45.43058,,91.20749725450094
2025-05-04 05:35:00+00:00,95942.01,95904.77,95947.33,95904.76,16.1027,,87.73339030775138
2025-05-04 05:40:00+00:00,95904.77,95954.47,95986.68,95904.76,26.86661,,87.31814814291188
2025-05-04 05:45:00+00:00,95954.48,96040.0,96053.01,95954.47,48.24664,,88.1197089898463
2025-05-04 05:50:00+00:00,96039.99,96054.91,96071.43,96039.99,26.89519,,84.07115834771355
2025-05-04 05:55:00+00:00,96054.92,96042.72,96134.93,96034.48,94.85149,,85.24107560859095
2025-05-04 06:00:00+00:00,96042.71,96134.46,96142.86,96011.19,95.23476,,88.55742735083433
2025-05-04 06:05:00+00:00,96134.47,96044.82,96134.47,95981.61,81.27949,,93.1504682543462
2025-05-04 06:10:00+00:00,96044.82,96029.58,96044.82,95976.85,44.37014,,91.35186337903583
2025-05-04 06:15:00+00:00,96029.7,95992.94,96086.26,95992.93,29.75266,,91.49315885196198
2025-05-04 06:20:00+00:00,95992.94,95938.42,95992.94,95938.41,79.67426,,88.8529332196789
2025-05-04 06:25:00+00:00,95938.41,95947.42,95976.2,95934.34,73.05786,,85.49629513255903
2025-05-04 06:30:00+00:00,95947.42,95919.3,95966.45,95896.63,76.72866,,84.37655976594714
2025-05-04 06:35:00+00:00,95919.3,95926.68,95952.34,95898.35,88.9695,,82.20609121123596
2025-05-04 06:40:00+00:00,95926.68,95918.66,95926.68,95866.06,82.51845,,80.6642275532902
2025-05-04 06:45:00+00:00,95918.66,95968.14,95979.26,95918.65,15.25708,,79.23178272805524
2025-05-04 06:50:00+00:00,95968.14,95938.29,95988.0,95927.91,14.54777,,77.8645125331939
2025-05-04 06:55:00+00:00,95938.29,95905.74,95945.7,95905.74,11.33998,,75.15704735225088
2025-05-04 07:00:00+00:00,95905.75,95880.0,95905.75,95880.0,18.60614,,71.62797254137583
2025-05-04 07:05:00+00:00,95880.01,95870.0,95880.01,95870.0,10.59879,,67.22668878842003
2025-05-04 07:10:00+00:00,95870.01,96044.01,96073.07,95870.0,65.4439,,76.92978244639052
2025-05-04 07:15:00+00:00,96044.01,95982.01,96082.8,95964.95,34.8348,,79.85265512879161
2025-05-04 07:20:00+00:00,95982.0,95936.96,95991.65,95931.13,77.52878,,78.47175119102003
2025-05-04 07:25:00+00:00,95936.96,95908.18,95944.01,95883.35,74.06155,,77.19948324880352
2025-05-04 07:30:00+00:00,95908.19,95852.98,95908.19,95821.06,84.69225,,77.9088058738893
2025-05-04 07:35:00+00:00,95852.98,95809.63,95857.71,95809.62,42.76353,,75.77889116861229
2025-05-04 07:40:00+00:00,95809.63,95833.29,95833.29,95808.8,23.14243,,72.11539894228217
2025-05-04 07:45:00+00:00,95833.28,95864.76,95895.47,95827.08,27.2635,,71.8492990178334
2025-05-04 07:50:00+00:00,95864.77,95864.8,95876.01,95842.99,15.5726,,69.07577765941598
2025-05-04 07:55:00+00:00,95864.8,95879.99,95880.0,95819.8,15.51881,,68.44179354088605
2025-05-04 08:00:00+00:00,95879.99,95920.57,95923.54,95879.99,19.70058,,66.66380828796478
2025-05-04 08:05:00+00:00,95920.57,95884.02,95920.57,95884.0,8.46667,,64.51425055311066
2025-05-04 08:10:00+00:00,95884.03,95884.04,95884.04,95884.02,13.78263,,59.90751837074486
2025-05-04 08:15:00+00:00,95884.04,95800.01,95884.04,95800.0,31.97037,,61.631267058548346
2025-05-04 08:20:00+00:00,95800.0,95722.76,95834.61,95715.77,39.53752,,65.71760512579463
2025-05-04 08:25:00+00:00,95722.76,95672.66,95734.0,95611.06,93.23761,,69.8049190453809
2025-05-04 08:30:00+00:00,95672.66,95488.61,95687.81,95423.16,122.64944,,83.72242482785327
2025-05-04 08:35:00+00:00,95488.61,95651.57,95694.04,95452.0,80.00155,,95.03082305443472
2025-05-04 08:40:00+00:00,95651.57,95632.13,95697.38,95578.91,58.86382,,96.70504997911803
2025-05-04 08:45:00+00:00,95632.13,95681.59,95696.05,95543.91,26.01749,,100.66468926632385
2025-05-04 08:50:00+00:00,95681.6,95644.0,95695.96,95637.19,12.16036,,97.67221146158671
2025-05-04 08:55:00+00:00,95644.01,95647.27,95686.21,95635.31,20.84411,,94.33133921433114
2025-05-04 09:00:00+00:00,95647.27,95596.1,95647.28,95569.09,25.56398,,93.17838641330765
2025-05-04 09:05:00+00:00,95596.09,95678.67,95678.67,95549.08,25.82052,,95.779215955214
2025-05-04 09:10:00+00:00,95678.66,95650.01,95689.65,95630.77,21.44788,,93.14355767269801
2025-05-04 09:15:00+00:00,95650.0,95560.24,95650.01,95560.0,28.3059,,92.91973212464778
2025-05-04 09:20:00+00:00,95560.24,95514.74,95592.82,95500.0,40.02306,,92.91260840145915
2025-05-04 09:25:00+00:00,95514.74,95495.99,95538.96,95454.93,45.16544,,92.27813637278446
2025-05-04 09:30:00+00:00,95495.98,95573.36,95586.64,95440.82,27.32404,,96.10255520329932
2025-05-04 09:35:00+00:00,95573.36,95524.0,95573.37,95510.78,24.99285,,93.70880126020627
2025-05-04 09:40:00+00:00,95524.01,95500.0,95551.52,95487.82,13.5095,,91.56531545590562
2025-05-04 09:45:00+00:00,95500.01,95511.1,95536.57,95452.58,35.73297,,91.02422149476988
2025-05-04 09:50:00+00:00,95511.11,95559.99,95559.99,95503.13,12.46352,,88.58391995942921
2025-05-04 09:55:00+00:00,95559.98,95485.01,95559.98,95485.0,9.7277,,87.61292567661322
2025-05-04 10:00:00+00:00,95485.01,95442.79,95511.99,95442.0,32.89274,,86.35414527114122
2025-05-04 10:05:00+00:00,95442.79,95478.0,95491.41,95428.57,18.46649,,84.67456346605945
2025-05-04 10:10:00+00:00,95478.01,95461.62,95478.01,95400.0,32.10435,,84.1985232184834
2025-05-04 10:15:00+00:00,95461.62,95300.0,95466.61,95297.48,111.23664,,90.26505727430636
2025-05-04 10:20:00+00:00,95300.0,95407.6,95410.86,95286.78,125.25712,,92.68041032614175
2025-05-04 10:25:00+00:00,95407.59,95442.48,95442.48,95333.89,98.15651,,93.81680958855995
2025-05-04 10:30:00+00:00,95442.47,95402.92,95490.01,95382.79,106.01036,,94.77418033223432
2025-05-04 10:35:00+00:00,95402.92,95480.39,95495.82,95397.6,82.39675,,95.02031030850337
2025-05-04 10:40:00+00:00,95480.39,95486.21,95498.0,95457.36,74.04256,,91.13600242932452
2025-05-04 10:45:00+00:00,95486.21,95429.98,95525.67,95429.97,43.39018,,91.46200225580114
2025-05-04 10:50:00+00:00,95429.98,95447.15,95450.65,95385.0,33.12874,,89.61828780895779
2025-05-04 10:55:00+00:00,95447.16,95400.47,95458.07,95400.47,16.30917,,87.3312672511755
2025-05-04 11:00:00+00:00,95400.47,95393.07,95417.91,95360.0,25.84385,,85.22974816180609
2025-05-04 11:05:00+00:00,95393.06,95495.72,95521.77,95393.06,34.03963,,88.33548043596326
2025-05-04 11:10:00+00:00,95495.73,95467.41,95495.73,95444.53,24.67536,,85.68294611910854
2025-05-04 11:15:00+00:00,95467.42,95519.44,95538.19,95443.58,51.31643,,86.32059282488653
2025-05-04 11:20:00+00:00,95519.45,95550.0,95550.0,95519.44,13.74846,,82.33769333739447
2025-05-04 11:25:00+00:00,95549.99,95466.78,95550.0,95466.78,46.39622,,82.40071524186638
2025-05-04 11:30:00+00:00,95466.78,95480.82,95504.86,95466.78,73.00973,,79.23494986744747
2025-05-04 11:35:00+00:00,95480.82,95433.7,95494.51,95422.66,100.33256,,78.70745344834346
2025-05-04 11:40:00+00:00,95433.71,95446.99,95452.07,95422.47,78.08659,,75.19977820203361
2025-05-04 11:45:00+00:00,95446.99,95454.56,95472.29,95446.98,18.26602,,71.63622261617391
2025-05-04 11:50:00+00:00,95454.56,95382.26,95454.57,95382.25,16.50131,,71.68506385787627
2025-05-04 11:55:00+00:00,95382.25,95423.2,95423.2,95376.85,54.04492,,69.87541643945592
2025-05-04 12:00:00+00:00,95423.19,95474.05,95474.05,95420.4,16.92942,,68.71645812235255
2025-05-04 12:05:00+00:00,95474.05,95438.32,95474.05,95438.32,19.79076,,66.36028254218422
2025-05-04 12:10:00+00:00,95438.33,95505.51,95505.51,95417.15,18.52805,,67.93169093202825
2025-05-04 12:15:00+00:00,95505.51,95553.2,95586.05,95505.5,37.94368,,68.83299872259786
2025-05-04 12:20:00+00:00,95553.21,95454.1,95553.21,95442.4,16.96852,,71.83135595669889
2025-05-04 12:25:00+00:00,95454.09,95451.75,95486.64,95429.6,89.84468,,70.77483053121993
2025-05-04 12:30:00+00:00,95451.76,95446.58,95498.92,95441.14,61.02387,,69.84662835041843
2025-05-04 12:35:00+00:00,95446.57,95453.69,95498.68,95441.14,23.31603,,68.96758346824522
2025-05-04 12:40:00+00:00,95453.7,95530.98,95536.57,95453.69,12.46442,,69.96132750622805
2025-05-04 12:45:00+00:00,95530.99,95589.13,95594.58,95528.58,29.23286,,69.67837554149747
2025-05-04 12:50:00+00:00,95589.13,95520.76,95589.14,95502.51,72.32738,,70.88920585996227
2025-05-04 12:55:00+00:00,95520.76,95462.24,95560.0,95462.23,79.52831,,72.80926258425097
2025-05-04 13:00:00+00:00,95462.24,95575.73,95575.74,95462.23,64.67363,,75.716458113948
2025-05-04 13:05:00+00:00,95575.74,95507.3,95595.24,95507.3,39.64751,,76.58956824866615
2025-05-04 13:10:00+00:00,95507.31,95450.03,95507.31,95450.03,79.06457,,75.21031337376134
2025-05-04 13:15:00+00:00,95450.04,95355.56,95450.04,95350.01,68.42243,,76.9831481327783
2025-05-04 13:20:00+00:00,95355.56,95320.0,95389.72,95320.0,61.79201,,76.46435183757993
2025-05-04 13:25:00+00:00,95320.0,95432.0,95432.0,95309.63,44.01304,,79.74332670632387
2025-05-04 13:30:00+00:00,95432.0,95346.45,95440.0,95311.28,39.10738,True,83.2416605130151
2025-05-04 13:35:00+00:00,95346.45,95340.01,95409.55,95315.83,20.48455,True,83.99011333351412
2025-05-04 13:40:00+00:00,95340.0,95245.71,95352.78,95245.7,93.59174,True,85.63939095254895
2025-05-04 13:45:00+00:00,95245.7,95285.71,95300.0,95209.07,78.03272,True,86.01729159879496
2025-05-04 13:50:00+00:00,95285.72,95391.68,95398.94,95285.72,36.42641,True,87.96105648459502
2025-05-04 13:55:00+00:00,95391.69,95369.37,95395.86,95346.9,49.17336,True,85.17526673569583
2025-05-04 14:00:00+00:00,95369.38,95382.75,95382.75,95313.7,49.91352,True,84.02346196886062
2025-05-04 14:05:00+00:00,95382.75,95479.98,95479.99,95382.74,33.16508,True,84.96821468537057
2025-05-04 14:10:00+00:00,95479.98,95473.99,95514.26,95466.5,52.1688,True,82.31048506498658
2025-05-04 14:15:00+00:00,95473.99,95504.98,95542.78,95472.21,50.53599,True,81.47187898891558
2025-05-04 14:20:00+00:00,95504.98,95517.09,95574.09,95504.98,46.32985,True,80.58888763256451
2025-05-04 14:25:00+00:00,95517.09,95562.66,95571.43,95517.09,46.85216,True,78.71396708738108
2025-05-04 14:30:00+00:00,95562.66,95563.5,95567.99,95519.12,50.41049,True,76.58225515256883
2025-05-04 14:35:00+00:00,95563.5,95505.94,95606.48,95505.94,51.58005,True,78.2935226416706
2025-05-04 14:40:00+00:00,95505.95,95541.53,95598.38,95505.94,65.96869,True,79.30398531012285
2025-05-04 14:45:00+00:00,95541.54,95575.25,95595.04,95535.62,28.97081,True,77.88370064511396
2025-05-04 14:50:00+00:00,95575.26,95638.0,95642.01,95575.25,25.13533,True,77.08915059903403
2025-05-04 14:55:00+00:00,95638.0,95611.07,95647.8,95611.07,29.27631,True,74.20635412767417
2025-05-04 15:00:00+00:00,95611.0,95644.67,95682.8,95605.23,57.97668,True,74.44661454712652
2025-05-04 15:05:00+00:00,95644.68,95665.32,95690.48,95644.67,22.9657,True,72.40114207947445
2025-05-04 15:10:00+00:00,95665.32,95657.43,95665.33,95644.67,23.49192,True,68.7053462166551
2025-05-04 15:15:00+00:00,95657.43,95629.88,95657.44,95574.89,42.72365,True,69.69425005832281
2025-05-04 15:20:00+00:00,95629.89,95549.68,95639.48,95540.01,28.64474,True,71.82108933987126
2025-05-04 15:25:00+00:00,95549.68,95598.54,95598.54,95532.25,22.32669,True,71.42601152988
2025-05-04 15:30:00+00:00,95598.53,95532.0,95598.54,95532.0,16.00075,True,71.07701070631668
2025-05-04 15:35:00+00:00,95532.0,95528.98,95532.01,95500.0,18.59981,True,68.28650994157941
2025-05-04 15:40:00+00:00,95528.98,95460.41,95528.98,95460.4,15.28364,True,68.30747351718101
2025-05-04 15:45:00+00:00,95460.4,95496.01,95496.01,95424.5,19.35951,True,68.53622540881057
2025-05-04 15:50:00+00:00,95496.01,95499.99,95500.0,95496.0,4.8527,True,63.92649502246695
2025-05-04 15:55:00+00:00,95500.0,95467.6,95500.0,95431.97,27.08859,True,64.21960252086208
2025-05-04 16:00:00+00:00,95467.6,95537.56,95537.56,95400.0,24.9585,True,69.45820234080034
2025-05-04 16:05:00+00:00,95537.55,95507.25,95537.55,95507.25,21.27362,True,66.66190217360015
2025-05-04 16:10:00+00:00,95507.26,95445.61,95531.01,95445.6,21.39079,True,68.00105201834221
2025-05-04 16:15:00+00:00,95445.61,95384.41,95471.91,95376.0,35.90551,True,69.9945483027466
2025-05-04 16:20:00+00:00,95384.42,95552.03,95568.0,95384.41,30.95283,True,78.10850913826445
2025-05-04 16:25:00+00:00,95552.02,95501.22,95552.03,95486.78,19.9918,True,77.190044199817
2025-05-04 16:30:00+00:00,95501.22,95384.01,95509.98,95384.0,19.3481,True,80.67504104268691
2025-05-04 16:35:00+00:00,95384.01,95351.52,95393.48,95307.44,23.25364,True,81.05825239678025
2025-05-04 16:40:00+00:00,95351.52,95330.83,95360.0,95315.8,23.14892,True,78.42552008272432
2025-05-04 16:45:00+00:00,95330.83,95307.35,95395.16,95300.01,22.37043,True,79.62012579110178
2025-05-04 16:50:00+00:00,95307.35,95319.78,95386.21,95300.0,21.7599,True,80.09083109173784
2025-05-04 16:55:00+00:00,95319.77,95341.56,95341.57,95305.08,8.10313,True,76.97648601375694
2025-05-04 17:00:00+00:00,95341.57,95425.87,95425.88,95341.56,24.00598,True,77.50102272706052
2025-05-04 17:05:00+00:00,95425.88,95444.17,95444.17,95385.52,20.56641,True,76.15452110369863
2025-05-04 17:10:00+00:00,95444.17,95455.84,95481.62,95444.16,19.39655,True,73.39062673914815
2025-05-04 17:15:00+00:00,95455.84,95385.01,95455.84,95385.01,13.91862,True,73.20772482920913
2025-05-04 17:20:00+00:00,95385.01,95331.72,95385.02,95303.0,19.86828,True,73.83717305569449
2025-05-04 17:25:00+00:00,95331.72,95339.99,95339.99,95331.71,9.10024,True,69.15451783743052
2025-05-04 17:30:00+00:00,95339.98,95290.47,95339.98,95290.0,24.94737,True,67.78562370618586
2025-05-04 17:35:00+00:00,95290.47,95350.33,95350.33,95239.33,23.81183,True,70.87236487002973
2025-05-04 17:40:00+00:00,95350.32,95397.61,95403.99,95350.32,19.77651,True,69.64362452217033
2025-05-04 17:45:00+00:00,95397.61,95417.12,95418.3,95397.6,15.08331,True,66.1476513420151
2025-05-04 17:50:00+00:00,95417.13,95477.59,95477.6,95417.12,15.37734,True,65.74281910330048
2025-05-04 17:55:00+00:00,95477.59,95410.08,95477.6,95406.56,27.45849,True,66.12118916735103
2025-05-04 18:00:00+00:00,95410.08,95476.19,95476.2,95410.08,8.34291,True,66.12110422682562
2025-05-04 18:05:00+00:00,95476.19,95467.81,95483.41,95448.06,13.27316,True,63.92316821062421
2025-05-04 18:10:00+00:00,95467.82,95364.7,95467.82,95364.0,10.16561,True,66.77294190986584
2025-05-04 18:15:00+00:00,95364.69,95425.72,95459.72,95364.69,29.69473,True,68.7913032020182
2025-05-04 18:20:00+00:00,95425.73,95491.96,95493.05,95425.72,16.18519,True,68.68692440187417
2025-05-04 18:25:00+00:00,95491.96,95463.03,95491.97,95439.5,13.97462,True,67.52857265888323
2025-05-04 18:30:00+00:00,95463.04,95429.63,95491.29,95429.62,11.05555,True,67.1101031832486
2025-05-04 18:35:00+00:00,95429.62,95405.79,95443.85,95405.79,10.29548,True,65.03509581301742
2025-05-04 18:40:00+00:00,95405.79,95436.08,95436.08,95405.79,5.38708,True,62.55330325494533
2025-05-04 18:45:00+00:00,95436.08,95402.04,95436.08,95402.04,12.41756,True,60.51663873673552
2025-05-04 18:50:00+00:00,95402.04,95436.07,95436.07,95389.06,10.85914,True,59.551878826969364
2025-05-04 18:55:00+00:00,95436.07,95389.07,95479.7,95389.06,18.16116,True,61.77245891075722
2025-05-04 19:00:00+00:00,95389.07,95399.99,95400.0,95348.3,12.52558,True,61.05299755998864
2025-05-04 19:05:00+00:00,95399.99,95450.0,95450.0,95399.99,7.18749,True,60.26421201998908
2025-05-04 19:10:00+00:00,95449.99,95440.01,95459.07,95435.67,8.85568,True,57.63105401856192
2025-05-04 19:15:00+00:00,95440.0,95433.0,95444.04,95413.47,7.94077,True,55.6981215886641
2025-05-04 19:20:00+00:00,95432.99,95474.32,95474.32,95432.99,7.11262,True,54.67182718947394
2025-05-04 19:25:00+00:00,95474.31,95482.16,95482.17,95474.31,3.05438,True,51.328125247368696
2025-05-04 19:30:00+00:00,95482.16,95599.73,95600.0,95472.05,62.15191,True,56.80111630112787
2025-05-04 19:35:00+00:00,95599.73,95627.51,95638.54,95599.71,13.11906,True,55.51746513676068
2025-05-04 19:40:00+00:00,95627.52,95600.0,95640.98,95599.99,47.23275,True,54.47978905556282
2025-05-04 19:45:00+00:00,95599.99,95574.22,95631.69,95563.5,13.50873,True,55.4590898373085
2025-05-04 19:50:00+00:00,95574.23,95551.7,95574.23,95543.88,5.15697,True,53.665583420357265
2025-05-04 19:55:00+00:00,95551.69,95584.07,95586.1,95541.43,10.34651,True,53.02304174747552
2025-05-04 20:00:00+00:00,95584.07,95657.36,95657.36,95584.07,20.75676,True,54.47068162265538
2025-05-04 20:05:00+00:00,95657.35,95657.44,95657.44,95647.77,9.34322,,51.27063293532272
2025-05-04 20:10:00+00:00,95657.44,95655.99,95663.47,95646.74,14.81889,,48.803444868513665
2025-05-04 20:15:00+00:00,95655.99,95637.96,95655.99,95582.25,16.85939,,50.58462737790592
2025-05-04 20:20:00+00:00,95637.96,95663.45,95663.46,95616.98,6.19117,,50.291439708056245
2025-05-04 20:25:00+00:00,95663.45,95717.4,95722.23,95658.25,22.20905,,51.26919401462336
2025-05-04 20:30:00+00:00,95717.4,95682.94,95735.0,95659.75,19.25043,,52.98210872786455
2025-05-04 20:35:00+00:00,95682.94,95685.29,95691.43,95660.1,12.37932,,51.435529533016165
2025-05-04 20:40:00+00:00,95685.28,95699.86,95699.86,95673.03,10.04002,,49.677991709229424
2025-05-04 20:45:00+00:00,95699.85,95709.91,95709.91,95696.29,7.56791,,47.102420872856605
2025-05-04 20:50:00+00:00,95709.91,95692.34,95710.48,95692.34,9.66906,,45.03367652479538
2025-05-04 20:55:00+00:00,95692.33,95719.99,95720.0,95692.33,9.37099,,43.793413915881295
2025-05-04 21:00:00+00:00,95719.99,95739.99,95740.0,95719.99,21.89053,,42.094598636175114
2025-05-04 21:05:00+00:00,95739.99,95675.27,95758.08,95675.27,17.75357,,45.002841590733865
2025-05-04 21:10:00+00:00,95675.28,95630.0,95675.28,95630.0,27.63348,,45.02263861996708
2025-05-04 21:15:00+00:00,95630.0,95660.0,95660.0,95630.0,6.38689,,43.94959300425514
2025-05-04 21:20:00+00:00,95660.0,95663.74,95663.74,95659.99,8.21463,,41.0781935039512
2025-05-04 21:25:00+00:00,95663.74,95693.65,95693.65,95663.74,8.92154,,40.28046539652532
2025-05-04 21:30:00+00:00,95693.64,95726.2,95726.2,95693.64,11.49845,,39.72900358248763
2025-05-04 21:35:00+00:00,95726.2,95732.6,95734.45,95693.74,13.78429,,39.7990747551665
2025-05-04 21:40:00+00:00,95732.6,95744.93,95748.34,95732.6,9.181,,38.080569415511086
2025-05-04 21:45:00+00:00,95744.94,95717.25,95744.94,95693.29,9.49598,,39.04981445726092
2025-05-04 21:50:00+00:00,95717.26,95729.97,95729.98,95717.25,5.00732,,37.16982771031342
2025-05-04 21:55:00+00:00,95729.98,95675.99,95729.98,95654.12,19.18598,,39.93341144529107
2025-05-04 22:00:00+00:00,95676.0,95172.28,95690.48,95120.33,235.56096,,77.80602491348415
2025-05-04 22:05:00+00:00,95172.28,95181.5,95349.99,95102.0,102.3712,,89.96202313394994
2025-05-04 22:10:00+00:00,95181.51,95207.16,95272.51,95158.35,41.23876,,91.69045005295273
2025-05-04 22:15:00+00:00,95207.15,95252.29,95315.47,95188.52,23.40549,,94.20898933488446
2025-05-04 22:20:00+00:00,95252.28,95273.56,95296.16,95134.26,28.24368,,99.04406152525048
2025-05-04 22:25:00+00:00,95273.57,95218.55,95323.76,95210.84,21.46691,,100.03519998773247
2025-05-04 22:30:00+00:00,95218.56,94794.25,95218.56,94777.0,334.38066,,124.42982856003712
2025-05-04 22:35:00+00:00,94794.26,94954.69,94968.2,94724.57,175.69538,,132.94412652003376
2025-05-04 22:40:00+00:00,94954.68,94881.59,94973.09,94814.37,47.41539,,134.78526034003144
2025-05-04 22:45:00+00:00,94881.59,94957.81,94957.81,94800.96,45.3894,,136.3613131728857
2025-05-04 22:50:00+00:00,94957.81,94912.91,95014.47,94912.9,33.68401,,133.87621937482294
2025-05-04 22:55:00+00:00,94912.91,95015.82,95031.81,94906.25,25.63487,,133.28220370519256
2025-05-04 23:00:00+00:00,95015.82,94881.5,95037.4,94880.0,70.69553,,135.00490344053554
2025-05-04 23:05:00+00:00,94881.51,94755.76,94881.51,94545.59,206.49745,,149.35598176621144
2025-05-04 23:10:00+00:00,94755.77,94792.61,94792.62,94708.27,39.89502,,144.71269735433856
2025-05-04 23:15:00+00:00,94792.61,94682.15,94792.62,94682.15,91.95705,,142.26679040045732
2025-05-04 23:20:00+00:00,94682.16,94630.97,94708.89,94560.37,124.65504,,142.71344822899638
2025-05-04 23:25:00+00:00,94630.96,94430.46,94630.97,94414.43,117.34176,,147.9867733554972
2025-05-04 23:30:00+00:00,94430.46,94433.85,94433.85,94255.0,152.02677,,150.19128954439066
2025-05-04 23:35:00+00:00,94433.85,94404.43,94521.3,94367.14,69.12417,,150.47476886264872
2025-05-04 23:40:00+00:00,94404.42,94151.39,94413.87,94151.38,124.22094,,158.47585680103026
2025-05-04 23:45:00+00:00,94151.39,94217.87,94324.68,94151.39,128.09205,,159.5340098866705
2025-05-04 23:50:00+00:00,94217.87,94322.83,94331.32,94217.86,85.59585,,156.24300918048021
2025-05-04 23:55:00+00:00,94322.83,94277.62,94362.57,94264.82,98.34687,,152.0649370961602
2025-05-05 00:00:00+00:00,94277.61,94282.73,94386.42,94200.0,114.34983,,154.51887016072007
2025-05-05 00:05:00+00:00,94282.72,94392.59,94392.6,94212.0,178.51824,,156.38180800638332
2025-05-05 00:10:00+00:00,94392.59,94443.77,94505.36,94322.56,167.04029,,158.2688217202133
2025-05-05 00:15:00+00:00,94443.77,94473.63,94571.43,94443.76,92.58246,,156.0831915973408
2025-05-05 00:20:00+00:00,94473.63,94560.0,94580.0,94458.06,31.5109,,153.6443921975309
2025-05-05 00:25:00+00:00,94559.99,94737.99,94745.39,94514.76,76.9332,,159.14336418342188
2025-05-05 00:30:00+00:00,94737.99,94682.97,94798.83,94671.5,99.12154,,156.8709810274633
2025-05-05 00:35:00+00:00,94683.92,94761.23,94799.34,94683.92,51.22044,,153.9780538112156
2025-05-05 00:40:00+00:00,94761.23,94673.77,94808.4,94663.11,37.18866,,153.35747853898548
2025-05-05 00:45:00+00:00,94673.77,94723.8,94746.53,94673.76,32.49678,,147.60123007191538
2025-05-05 00:50:00+00:00,94723.8,94750.97,94765.43,94723.79,23.22188,,140.03257078106424
2025-05-05 00:55:00+00:00,94750.97,94724.11,94755.29,94704.39,28.61553,,133.66595858241638
2025-05-05 01:00:00+00:00,94724.12,94578.96,94754.97,94576.15,53.32482,,136.89124725510143
2025-05-05 01:05:00+00:00,94578.96,94470.7,94578.96,94411.99,52.98156,,139.03972959402284
2025-05-05 01:10:00+00:00,94470.71,94484.33,94523.81,94354.74,65.90146,,141.18474890873497
2025-05-05 01:15:00+00:00,94484.34,94275.17,94538.75,94238.6,141.46165,,152.53940970096778
2025-05-05 01:20:00+00:00,94275.17,94313.01,94328.73,94245.21,78.96357,,147.60945186518362
2025-05-05 01:25:00+00:00,94313.01,94224.23,94370.56,94224.22,57.82409,,147.51877673195597
2025-05-05 01:30:00+00:00,94224.23,93914.84,94245.25,93711.08,400.02684,,175.13672125110185
2025-05-05 01:35:00+00:00,93914.83,94024.3,94077.32,93828.0,110.55301,,180.43552687602366
2025-05-05 01:40:00+00:00,94024.29,93969.21,94053.32,93869.58,142.7331,,180.67156067059378
2025-05-05 01:45:00+00:00,93969.22,93904.01,94023.1,93901.34,31.88675,,176.46359205126632
2025-05-05 01:50:00+00:00,93904.02,94006.51,94039.47,93874.62,68.91706,,175.63404976189057
2025-05-05 01:55:00+00:00,94006.52,93929.0,94039.46,93901.31,42.57939,,172.95661763604184
2025-05-05 02:00:00+00:00,93929.0,93878.0,93929.0,93711.87,122.25567,,176.11185923346775
2025-05-05 02:05:00+00:00,93877.99,93646.2,93896.0,93514.1,208.57866,,190.81101214536253
2025-05-05 02:10:00+00:00,93646.19,94059.43,94059.43,93646.19,134.86533,,206.6987969921217
2025-05-05 02:15:00+00:00,94059.43,94264.8,94300.0,94059.42,291.76494,,209.118882921256
2025-05-05 02:20:00+00:00,94264.8,94201.51,94321.17,94189.36,72.51051,,203.5968198554518
2025-05-05 02:25:00+00:00,94201.5,94264.0,94264.0,94161.76,67.26629,,196.3570470086342
2025-05-05 02:30:00+00:00,94264.0,94343.58,94400.2,94263.99,140.62296,,192.06082936515972
2025-05-05 02:35:00+00:00,94343.59,94315.98,94395.73,94307.26,87.47711,,184.66148441050555
2025-05-05 02:40:00+00:00,94315.25,94246.82,94342.28,94246.81,21.62646,,178.29066409546954
2025-05-05 02:45:00+00:00,94246.81,94348.47,94374.86,94246.81,39.66153,,174.70204523150764
2025-05-05 02:50:00+00:00,94348.46,94316.99,94390.99,94302.39,33.08045,,168.55189914354324
2025-05-05 02:55:00+00:00,94316.98,94236.67,94345.59,94200.0,31.60995,,166.91176349043278
2025-05-05 03:00:00+00:00,94236.66,94230.92,94299.25,94149.97,112.00661,,165.65235181254462
2025-05-05 03:05:00+00:00,94230.91,94115.84,94230.92,94094.98,50.53236,,163.5300409687916
2025-05-05 03:10:00+00:00,94115.85,94141.9,94196.23,94087.18,69.91221,,159.638609471021
2025-05-05 03:15:00+00:00,94141.9,94091.73,94208.71,94062.34,64.76835,,158.69085165166305
2025-05-05 03:20:00+00:00,94091.73,94128.41,94246.69,94091.72,69.40378,,158.4250765336872
2025-05-05 03:25:00+00:00,94128.41,94016.61,94129.36,94016.6,65.64178,,155.16328535270915
2025-05-05 03:30:00+00:00,94016.6,94140.75,94158.5,94016.6,32.88065,,154.21590782751522
2025-05-05 03:35:00+00:00,94140.74,94114.23,94141.22,94050.45,78.70673,,149.6840572684073
2025-05-05 03:40:00+00:00,94114.22,94177.55,94177.55,94057.31,66.85983,,147.5809103206643
2025-05-05 03:45:00+00:00,94177.55,94101.58,94183.57,94068.4,32.45857,,145.2658452977606
2025-05-05 03:50:00+00:00,94101.59,94095.82,94101.59,94060.0,27.73948,,137.86042777649172
2025-05-05 03:55:00+00:00,94095.82,94031.47,94117.39,94031.46,37.95698,,134.1511115067418
2025-05-05 04:00:00+00:00,94031.47,94140.0,94140.0,94031.46,47.56877,,132.32174639911696
2025-05-05 04:05:00+00:00,94140.0,94076.39,94196.22,94076.38,36.62457,,131.43019308489406
2025-05-05 04:10:00+00:00,94076.39,94148.79,94151.32,94020.66,55.16907,,131.37517929311616
2025-05-05 04:15:00+00:00,94148.79,94280.17,94280.17,94148.79,34.83874,,131.3755236293225
2025-05-05 04:20:00+00:00,94280.17,94297.99,94313.27,94261.28,72.64634,,125.70512908437125
2025-05-05 04:25:00+00:00,94297.99,94325.84,94335.0,94273.07,46.74003,,121.14976272120137
2025-05-05 04:30:00+00:00,94325.83,94373.11,94380.0,94298.81,33.64646,,118.29549395540144
2025-05-05 04:35:00+00:00,94373.11,94365.18,94422.65,94350.0,37.47657,,115.03510153001521
2025-05-05 04:40:00+00:00,94365.17,94423.84,94427.55,94352.0,47.69138,,112.21473713501435
2025-05-05 04:45:00+00:00,94423.84,94407.45,94443.69,94364.04,43.82067,,109.88868448251394
2025-05-05 04:50:00+00:00,94407.45,94405.34,94430.49,94381.26,35.299,,105.55592130519226
2025-05-05 04:55:00+00:00,94405.33,94409.66,94430.49,94373.77,35.65144,,102.06764121196431
2025-05-05 05:00:00+00:00,94409.66,94368.01,94409.66,94362.74,29.01291,,98.12852398253816
2025-05-05 05:05:00+00:00,94368.0,94426.77,94445.89,94368.0,29.4717,,96.68291512664254
2025-05-05 05:10:00+00:00,94426.76,94285.95,94428.57,94228.57,61.07116,,104.06270690331094
2025-05-05 05:15:00+00:00,94285.95,94339.41,94351.61,94276.83,19.60065,,101.9710849816458
2025-05-05 05:20:00+00:00,94339.41,94417.85,94417.86,94339.4,18.10077,,100.29172176867156
2025-05-05 05:25:00+00:00,94417.86,94422.61,94445.86,94408.05,38.6052,,95.82874164233772
2025-05-05 05:30:00+00:00,94422.61,94410.82,94475.04,94361.54,61.03234,,97.09097438217074
2025-05-05 05:35:00+00:00,94410.82,94510.25,94520.0,94410.81,60.97999,,97.95519049773013
2025-05-05 05:40:00+00:00,94510.25,94504.59,94544.69,94504.58,25.1895,,93.82339117646373
2025-05-05 05:45:00+00:00,94504.59,94508.71,94567.77,94504.25,100.17893,,91.65886323528805
2025-05-05 05:50:00+00:00,94508.71,94589.28,94599.0,94508.7,30.47674,,91.56180157562483
2025-05-05 05:55:00+00:00,94589.28,94732.77,94757.62,94589.28,75.12963,,97.0459586059371
2025-05-05 06:00:00+00:00,94732.77,94673.48,94774.11,94661.98,90.84134,,98.12339013408477
2025-05-05 06:05:00+00:00,94673.47,94643.66,94673.48,94641.46,60.19951,,93.40171941022082
2025-05-05 06:10:00+00:00,94643.65,94637.94,94647.27,94627.64,34.83611,,88.13231088091968
2025-05-05 06:15:00+00:00,94637.94,94685.86,94705.31,94603.23,75.68482,,89.12857438942554
2025-05-05 06:20:00+00:00,94685.86,94624.84,94685.86,94624.83,19.48697,,87.12153336160934
2025-05-05 06:25:00+00:00,94624.84,94586.48,94637.08,94573.59,21.18344,,85.43356669292334
2025-05-05 06:30:00+00:00,94586.47,94672.28,94672.28,94586.47,26.84336,,85.4604547862858
2025-05-05 06:35:00+00:00,94672.28,94709.37,94715.76,94643.54,51.22909,,84.51470801583689
2025-05-05 06:40:00+00:00,94709.36,94707.17,94768.26,94697.05,68.77192,,83.56437172899082
2025-05-05 06:45:00+00:00,94707.17,94662.01,94725.47,94662.01,35.14927,,82.12834517692052
2025-05-05 06:50:00+00:00,94662.01,94709.63,94709.64,94652.9,54.4073,,80.314891949998
2025-05-05 06:55:00+00:00,94709.64,94761.13,94768.25,94709.63,34.13451,,78.7652568107121
2025-05-05 07:00:00+00:00,94761.14,94680.01,94825.46,94673.01,37.8405,,84.02845275280492
2025-05-05 07:05:00+00:00,94680.0,94612.21,94680.01,94612.19,31.38988,,82.87070612760404
2025-05-05 07:10:00+00:00,94612.2,94591.79,94629.04,94570.17,50.67005,,81.15636997563199
2025-05-05 07:15:00+00:00,94591.78,94603.38,94634.36,94539.72,50.6613,,82.11948640594395
2025-05-05 07:20:00+00:00,94603.38,94625.9,94641.26,94585.19,39.43272,,80.25880880551884
2025-05-05 07:25:00+00:00,94625.9,94564.98,94625.9,94528.36,45.21236,,81.49317960512418
2025-05-05 07:30:00+00:00,94564.98,94561.93,94609.53,94561.9,60.79516,,79.07438106190136
2025-05-05 07:35:00+00:00,94561.93,94612.86,94614.41,94556.58,40.87112,,77.55692527176568
2025-05-05 07:40:00+00:00,94612.87,94700.08,94700.08,94612.86,54.51384,,78.24714489521106
2025-05-05 07:45:00+00:00,94700.08,94704.77,94719.99,94650.0,73.13085,,77.65734883126778
2025-05-05 07:50:00+00:00,94704.77,94746.49,94756.4,94704.76,94.79957,,75.79896677189147
2025-05-05 07:55:00+00:00,94746.48,94761.91,94761.91,94708.11,107.6362,,74.22761200247086
2025-05-05 08:00:00+00:00,94761.91,94762.27,94787.48,94675.56,142.97282,,76.91992543086567
2025-05-05 08:05:00+00:00,94762.26,94652.37,94798.01,94652.36,84.79921,,81.82921647151771
2025-05-05 08:10:00+00:00,94652.37,94666.66,94689.18,94652.37,38.96756,,78.61355815212343
2025-05-05 08:15:00+00:00,94666.67,94682.95,94699.79,94636.38,41.74701,,77.52758971268524
2025-05-05 08:20:00+00:00,94682.96,94591.98,94700.0,94580.83,181.23343,,80.50204759035046
2025-05-05 08:25:00+00:00,94591.99,94554.67,94591.99,94554.66,24.56949,,77.41832990532555
2025-05-05 08:30:00+00:00,94554.67,94594.74,94594.74,94500.0,43.50454,,78.65559205494553
2025-05-05 08:35:00+00:00,94594.74,94593.97,94628.26,94562.57,61.05276,,77.72947833673426
2025-05-05 08:40:00+00:00,94593.97,94546.09,94593.97,94546.03,22.98657,,75.60165845553912
2025-05-05 08:45:00+00:00,94546.09,94568.28,94599.62,94546.08,33.23205,,74.02582570871445
2025-05-05 08:50:00+00:00,94568.27,94515.9,94580.0,94495.0,33.56939,,74.80969530094913
2025-05-05 08:55:00+00:00,94515.89,94559.19,94559.2,94489.93,32.50729,,74.41400277945306
2025-05-05 09:00:00+00:00,94559.2,94540.0,94573.59,94540.0,11.76451,,71.49800258092044
2025-05-05 09:05:00+00:00,94540.0,94543.01,94609.53,94520.0,33.34631,,72.78600239656889
2025-05-05 09:10:00+00:00,94543.01,94512.28,94543.01,94512.27,44.94751,,69.78271651109903
2025-05-05 09:15:00+00:00,94512.28,94530.17,94535.16,94467.65,36.08942,,69.62037961744976
2025-05-05 09:20:00+00:00,94530.16,94605.78,94605.78,94530.16,13.78258,,70.04892393048873
2025-05-05 09:25:00+00:00,94605.77,94605.95,94638.12,94586.06,24.16817,,68.7640007925965
2025-05-05 09:30:00+00:00,94605.96,94620.01,94648.47,94605.95,16.13525,,66.88942930741133
2025-05-05 09:35:00+00:00,94620.01,94618.73,94620.01,94569.2,64.85256,,65.74089864259608
2025-05-05 09:40:00+00:00,94618.73,94600.0,94618.73,94540.0,44.14697,,66.66869159669606
2025-05-05 09:45:00+00:00,94599.99,94609.53,94609.53,94591.36,78.81646,,63.20449933978908
2025-05-05 09:50:00+00:00,94609.53,94628.01,94634.78,94604.15,33.44563,,60.877749386947336
2025-05-05 09:55:00+00:00,94628.0,94550.63,94628.01,94545.19,21.45564,,62.44505300216485
2025-05-05 10:00:00+00:00,94550.62,94454.18,94558.0,94440.0,135.63916,,66.41326350201021
2025-05-05 10:05:00+00:00,94454.18,94422.0,94462.59,94394.75,90.78148,,66.51517325186637
2025-05-05 10:10:00+00:00,94422.0,94436.07,94460.0,94408.9,22.04962,,65.41408944816204
2025-05-05 10:15:00+00:00,94436.07,94402.65,94436.07,94385.96,32.75848,,64.3209402018648
2025-05-05 10:20:00+00:00,94402.66,94378.85,94447.19,94368.39,25.71169,,65.35515875887467
2025-05-05 10:25:00+00:00,94378.85,94363.03,94403.94,94363.03,29.46343,,63.60907599038387
2025-05-05 10:30:00+00:00,94363.04,94381.76,94449.81,94363.03,30.27684,,65.26414199107066
2025-05-05 10:35:00+00:00,94381.77,94160.54,94381.77,94143.63,141.20582,,77.612417563137
2025-05-05 10:40:00+00:00,94160.55,94200.01,94247.37,94160.54,44.31622,,78.27081630862735
2025-05-05 10:45:00+00:00,94200.0,94077.57,94216.0,94047.79,56.43624,,84.69504371515443
2025-05-05 10:50:00+00:00,94077.57,94107.99,94110.0,94068.46,38.78178,,81.61254059264294
2025-05-05 10:55:00+00:00,94108.0,94121.89,94138.45,94107.99,38.99605,,77.95878769316786
2025-05-05 11:00:00+00:00,94121.88,94144.15,94188.08,94089.05,61.53715,,79.46387428651293
2025-05-05 11:05:00+00:00,94144.15,94174.0,94200.0,94144.14,37.53904,,77.77788326604777
2025-05-05 11:10:00+00:00,94174.0,94222.07,94222.14,94173.99,28.70112,,75.66160588990108
2025-05-05 11:15:00+00:00,94222.07,94259.54,94282.48,94222.07,46.5004,,74.57220546919307
2025-05-05 11:20:00+00:00,94259.54,94141.54,94259.54,94129.68,49.93121,,78.52133364996504
2025-05-05 11:25:00+00:00,94141.54,94005.0,94141.54,93974.87,92.0427,,84.81766696068169
2025-05-05 11:30:00+00:00,94005.0,93918.82,94069.85,93918.81,99.38859,,89.54783360634788
2025-05-05 11:35:00+00:00,93918.82,93891.76,93974.61,93888.0,88.22945,,89.33798834875165
2025-05-05 11:40:00+00:00,93891.76,93932.07,93932.09,93890.01,57.27289,,85.96241775241238
2025-05-05 11:45:00+00:00,93932.07,94024.26,94024.27,93932.07,79.96224,,86.40795934152558
2025-05-05 11:50:00+00:00,94024.27,94107.17,94129.42,94024.26,27.06216,,87.74739081713115
2025-05-05 11:55:00+00:00,94107.17,94038.18,94123.92,94026.87,22.42028,,88.411862901622
2025-05-05 12:00:00+00:00,94038.19,93936.23,94054.6,93908.3,55.57612,,92.54672983722064
2025-05-05 12:05:00+00:00,93936.23,94127.78,94127.78,93936.22,47.16875,,99.619106277419
2025-05-05 12:10:00+00:00,94127.78,94197.64,94208.27,94123.29,50.65288,,98.57345582903267
2025-05-05 12:15:00+00:00,94197.65,94204.56,94259.59,94180.0,48.57031,,97.21749469838723
2025-05-05 12:20:00+00:00,94204.56,94241.72,94270.43,94153.68,78.54631,,98.61267364850242
2025-05-05 12:25:00+00:00,94241.73,94323.81,94346.21,94241.72,28.63859,,99.03248267360978
2025-05-05 12:30:00+00:00,94323.81,94252.46,94344.85,94230.5,34.67858,,100.12659105406665
2025-05-05 12:35:00+00:00,94252.47,94337.74,94346.59,94252.46,47.86748,,99.69826312163262
2025-05-05 12:40:00+00:00,94337.74,94322.24,94337.74,94292.06,25.40755,,95.83981575580226
2025-05-05 12:45:00+00:00,94322.24,94301.94,94322.24,94260.31,24.74346,,93.41768605895979
2025-05-05 12:50:00+00:00,94301.94,94277.68,94341.96,94260.0,45.69969,,92.59927991189168
2025-05-05 12:55:00+00:00,94277.68,94333.33,94340.63,94277.68,18.35417,,90.48147420390025
2025-05-05 13:00:00+00:00,94333.33,94388.48,94405.04,94307.21,225.81467,,91.00636890362075
2025-05-05 13:05:00+00:00,94388.49,94213.77,94413.92,94213.77,78.70128,,98.80234255336173
2025-05-05 13:10:00+00:00,94213.78,94199.99,94266.01,94189.99,71.90652,,97.175032370978
2025-05-05 13:15:00+00:00,94199.99,94318.92,94318.92,94169.54,74.20271,,100.9039586301942
2025-05-05 13:20:00+00:00,94318.91,94298.71,94352.13,94282.1,147.38346,,98.69867587089452
2025-05-05 13:25:00+00:00,94298.71,94174.36,94298.71,94127.12,47.83868,,103.90519902297426
2025-05-05 13:30:00+00:00,94174.35,94108.0,94174.36,93909.75,230.42343,True,115.38411337847614
2025-05-05 13:35:00+00:00,94108.0,93873.33,94254.18,93811.85,276.31533,True,138.73739099429835
2025-05-05 13:40:00+00:00,93873.1,93887.22,93948.45,93716.0,140.9483,True,145.4311487804197
2025-05-05 13:45:00+00:00,93887.22,93801.52,94000.33,93727.97,160.98128,True,154.49749529610406
2025-05-05 13:50:00+00:00,93801.53,93759.52,93801.53,93635.78,103.31896,True,155.30124563209665
2025-05-05 13:55:00+00:00,93759.53,94226.38,94228.41,93759.53,182.5772,True,177.70044237266114
2025-05-05 14:00:00+00:00,94226.38,94288.94,94531.74,94226.38,332.47348,True,186.81898220318539
2025-05-05 14:05:00+00:00,94288.93,94213.82,94333.34,94133.55,110.51851,True,187.74548347438596
2025-05-05 14:10:00+00:00,94213.83,94004.75,94213.83,93984.54,95.30237,True,190.71294894050183
2025-05-05 14:15:00+00:00,94004.76,94092.42,94101.59,93912.59,126.51443,True,190.5905954447517
2025-05-05 14:20:00+00:00,94092.43,93826.59,94188.0,93818.86,112.07172,True,203.3441243415551
2025-05-05 14:25:00+00:00,93826.59,93928.71,93937.3,93826.58,59.96414,True,196.72811546001552
2025-05-05 14:30:00+00:00,93928.71,93791.23,93937.74,93769.23,75.01959,True,194.7125357843008
2025-05-05 14:35:00+00:00,93791.23,94023.0,94032.02,93730.43,48.78157,True,202.34664037113725
2025-05-05 14:40:00+00:00,94023.0,94080.0,94143.46,93988.43,58.72485,True,198.9668803446284
2025-05-05 14:45:00+00:00,94079.99,94145.03,94196.0,94079.99,43.61807,True,193.04138889144028
2025-05-05 14:50:00+00:00,94145.03,93912.61,94228.58,93840.09,117.50777,True,207.0020039706235
2025-05-05 14:55:00+00:00,93912.61,93879.37,93950.65,93871.9,39.08297,True,197.84114654415038
2025-05-05 15:00:00+00:00,93879.37,93778.75,93887.55,93751.0,52.4617,True,193.4632075052827
2025-05-05 15:05:00+00:00,93778.76,93656.99,93839.6,93649.78,114.08464,True,193.202978397763
2025-05-05 15:10:00+00:00,93656.99,93746.36,93771.48,93618.41,80.13957,True,190.33633708363655
2025-05-05 15:15:00+00:00,93746.36,93879.37,93879.37,93669.61,53.51778,True,191.72374157766214
2025-05-05 15:20:00+00:00,93879.36,93901.25,93977.13,93879.36,40.53554,True,185.01276003640083
2025-05-05 15:25:00+00:00,93901.26,93858.09,93901.26,93820.68,45.92625,True,177.55327717665804
2025-05-05 15:30:00+00:00,93858.1,93809.54,93942.86,93809.54,62.82557,True,174.3937573783258
2025-05-05 15:35:00+00:00,93809.54,93801.58,93879.28,93797.82,37.50422,True,167.75563185130196
2025-05-05 15:40:00+00:00,93801.57,93731.67,93879.37,93700.0,40.76766,True,168.58522957620863
2025-05-05 15:45:00+00:00,93731.68,93613.67,93778.7,93613.66,61.14607,True,168.33199889219327
2025-05-05 15:50:00+00:00,93613.67,93752.38,93752.39,93613.66,82.46718,True,166.21757039989345
2025-05-05 15:55:00+00:00,93752.38,93770.31,93770.32,93690.77,47.45381,True,160.02702965704412
2025-05-05 16:00:00+00:00,93770.32,93879.23,93902.83,93759.63,61.70019,True,158.82509896725506
2025-05-05 16:05:00+00:00,93879.22,93912.74,93925.57,93865.48,50.29257,True,151.7725918981662
2025-05-05 16:10:00+00:00,93912.73,93978.61,94046.39,93911.11,47.1724,True,150.5945496197257
2025-05-05 16:15:00+00:00,93978.6,94150.85,94181.88,93976.25,38.52141,True,154.52565321831707
2025-05-05 16:20:00+00:00,94150.85,94180.62,94180.62,94087.62,39.16735,True,150.130963702723
2025-05-05 16:25:00+00:00,94180.62,94175.57,94266.98,94160.96,45.32698,True,146.98018058109918
2025-05-05 16:30:00+00:00,94175.57,94230.23,94266.96,94165.09,69.42299,True,143.7580248253071
2025-05-05 16:35:00+00:00,94230.22,94166.01,94280.0,94138.55,43.9869,True,143.59316590921352
2025-05-05 16:40:00+00:00,94166.01,94227.47,94227.48,94125.97,70.34273,True,140.58722548712646
2025-05-05 16:45:00+00:00,94227.48,94241.28,94252.37,94213.88,51.14867,True,133.2945665237596
2025-05-05 16:50:00+00:00,94241.29,94230.1,94257.09,94101.58,116.54391,True,134.88138320063356
2025-05-05 16:55:00+00:00,94230.1,94206.31,94247.51,94195.09,40.33437,True,128.9912844005882
2025-05-05 17:00:00+00:00,94206.31,94258.7,94271.7,94135.15,143.15885,True,129.53119265768925
2025-05-05 17:05:00+00:00,94258.7,94146.61,94258.71,94120.75,115.08572,True,130.13325032499762
2025-05-05 17:10:00+00:00,94146.62,94083.64,94230.4,94060.59,76.6836,True,132.9673038732119
2025-05-05 17:15:00+00:00,94083.63,94159.73,94159.74,94079.61,68.24676,True,129.1932107394114
2025-05-05 17:20:00+00:00,94159.73,94333.45,94333.46,94159.73,35.53609,True,132.37440997231133
2025-05-05 17:25:00+00:00,94333.46,94368.32,94419.05,94302.29,45.83963,True,131.25909497428975
2025-05-05 17:30:00+00:00,94368.33,94459.99,94482.54,94359.54,68.57427,True,130.66915961898334
2025-05-05 17:35:00+00:00,94459.99,94576.0,94625.0,94433.94,112.13139,True,134.9827910747701
2025-05-05 17:40:00+00:00,94576.0,94446.93,94577.78,94427.01,61.01588,True,136.11044885514394
2025-05-05 17:45:00+00:00,94446.94,94453.98,94482.54,94419.84,38.73331,True,130.8668453654906
2025-05-05 17:50:00+00:00,94453.99,94514.27,94535.85,94413.73,27.26701,True,130.2420706965277
2025-05-05 17:55:00+00:00,94514.28,94500.0,94532.45,94500.0,16.32566,True,123.25692278963265
2025-05-05 18:00:00+00:00,94500.01,94538.87,94557.58,94443.56,33.33083,True,122.59714259037347
2025-05-05 18:05:00+00:00,94538.88,94631.93,94666.66,94526.0,72.89556,True,123.88734669106132
2025-05-05 18:10:00+00:00,94631.94,94673.06,94687.74,94612.68,34.16451,True,120.3996790702721
2025-05-05 18:15:00+00:00,94673.05,94658.01,94704.77,94652.18,31.39633,True,115.55613056525347
2025-05-05 18:20:00+00:00,94658.01,94584.02,94665.56,94584.02,34.62817,True,113.12640695344919
2025-05-05 18:25:00+00:00,94584.03,94585.09,94594.0,94553.97,53.14467,True,107.90523502820272
2025-05-05 18:30:00+00:00,94585.09,94735.79,94735.8,94582.02,28.36466,True,111.1820039547596
2025-05-05 18:35:00+00:00,94735.79,94792.36,94900.0,94735.79,80.71372,True,114.9697179579915
2025-05-05 18:40:00+00:00,94792.37,94845.47,94863.5,94792.37,13.98972,True,111.83902381813493
2025-05-05 18:45:00+00:00,94845.48,94857.15,94885.54,94828.01,24.64331,True,107.95980783112522
2025-05-05 18:50:00+00:00,94857.14,94715.77,94857.15,94715.77,26.43896,True,110.34696441461556
2025-05-05 18:55:00+00:00,94715.78,94730.39,94740.0,94715.04,14.73007,True,104.24789552785775
2025-05-05 19:00:00+00:00,94730.39,94804.4,94808.71,94668.39,42.30783,True,106.82447441872556
2025-05-05 19:05:00+00:00,94804.39,94820.0,94830.53,94768.27,18.18296,True,103.6412976745305
2025-05-05 19:10:00+00:00,94819.99,94804.86,94839.99,94800.0,20.72311,True,99.09477641206442
2025-05-05 19:15:00+00:00,94804.87,94775.25,94900.0,94775.25,40.76061,True,100.92729238263124
2025-05-05 19:20:00+00:00,94775.25,94745.21,94835.2,94736.54,29.74756,True,100.76534292672925
2025-05-05 19:25:00+00:00,94745.21,94639.97,94745.22,94603.09,41.12805,True,103.71996128910607
2025-05-05 19:30:00+00:00,94639.96,94576.26,94683.93,94565.05,29.78535,True,104.80282119702635
2025-05-05 19:35:00+00:00,94576.26,94510.8,94633.97,94510.8,24.57563,True,106.11476254009577
2025-05-05 19:40:00+00:00,94510.81,94499.99,94560.65,94483.87,26.67066,True,104.01942235866026
2025-05-05 19:45:00+00:00,94499.99,94419.99,94500.0,94405.15,64.21045,True,103.36446361875637
2025-05-05 19:50:00+00:00,94420.0,94391.96,94490.51,94359.26,29.12341,True,105.35628764598808
2025-05-05 19:55:00+00:00,94391.96,94347.17,94403.79,94289.92,41.06395,True,105.96440995698859
2025-05-05 20:00:00+00:00,94347.16,94288.92,94365.19,94288.92,24.64578,True,103.84338067434683
2025-05-05 20:05:00+00:00,94288.93,94231.43,94288.93,94196.22,27.93962,,103.04813919760718
2025-05-05 20:10:00+00:00,94231.42,94241.08,94271.69,94180.32,37.99818,,102.21398639777776
2025-05-05 20:15:00+00:00,94241.09,94241.08,94292.07,94240.0,10.56065,,98.63227308365127
2025-05-05 20:20:00+00:00,94241.09,94217.35,94241.09,94170.26,20.24305,,96.64639643481917
2025-05-05 20:25:00+00:00,94217.35,94200.0,94233.97,94200.0,12.78267,,92.1695109751893
2025-05-05 20:30:00+00:00,94200.0,93901.68,94200.01,93888.0,59.16259,,107.8724030483897
2025-05-05 20:35:00+00:00,93901.69,94072.77,94072.77,93876.0,50.70989,,114.22223140207645
2025-05-05 20:40:00+00:00,94072.76,94055.81,94083.02,93972.27,21.38574,,113.9742148733567
2025-05-05 20:45:00+00:00,94055.82,94132.78,94133.33,94000.01,21.47653,,115.35605666811743
2025-05-05 20:50:00+00:00,94132.78,94250.0,94250.75,94132.78,22.58591,,115.54276690610912
2025-05-05 20:55:00+00:00,94250.0,94242.02,94259.67,94233.96,23.41751,,109.12614069852931
2025-05-05 21:00:00+00:00,94242.01,94441.96,94498.12,94242.01,58.5541,,119.62498779149155
2025-05-05 21:05:00+00:00,94441.96,94472.06,94514.29,94414.15,21.99522,,118.23320294924211
2025-05-05 21:10:00+00:00,94472.07,94592.76,94600.0,94472.07,36.04318,,118.92654559572499
2025-05-05 21:15:00+00:00,94592.76,94534.21,94592.76,94534.21,23.00437,,114.61393519602952
2025-05-05 21:20:00+00:00,94534.2,94609.52,94609.53,94534.2,19.72857,,111.80793982488467
2025-05-05 21:25:00+00:00,94609.53,94625.98,94666.61,94609.53,28.34456,,107.89951555167838
2025-05-05 21:30:00+00:00,94625.98,94460.37,94625.98,94354.16,40.39619,,119.60812158370081
2025-05-05 21:35:00+00:00,94460.37,94563.48,94563.48,94460.37,10.04344,,118.42968432772223
2025-05-05 21:40:00+00:00,94563.48,94566.12,94597.95,94513.45,41.60169,,116.00613544717065
2025-05-05 21:45:00+00:00,94566.12,94695.99,94696.0,94546.03,15.02687,,118.43212577237283
2025-05-05 21:50:00+00:00,94696.0,94806.7,94831.75,94695.99,70.49227,,119.66983107434582
2025-05-05 21:55:00+00:00,94806.69,94719.82,94806.71,94681.03,20.54007,,120.09912885475023
2025-05-05 22:00:00+00:00,94719.83,94762.26,94875.33,94719.82,87.33693,,122.62847679369627
2025-05-05 22:05:00+00:00,94762.27,94814.22,94831.75,94753.9,17.50492,,119.43001416557551
2025-05-05 22:10:00+00:00,94814.22,94837.73,94837.74,94752.01,31.09191,,117.02287029660658
2025-05-05 22:15:00+00:00,94837.73,94965.84,94988.67,94837.73,68.57892,,119.4455224182777
2025-05-05 22:20:00+00:00,94965.84,94887.54,94965.84,94875.47,24.21637,,117.36869938840039
2025-05-05 22:25:00+00:00,94887.54,94887.61,94899.0,94846.99,19.68083,,112.70022086065713
2025-05-05 22:30:00+00:00,94887.62,94939.04,94990.18,94887.62,47.35245,,111.97663365632393
2025-05-05 22:35:00+00:00,94939.04,95149.2,95150.0,94939.04,96.71789,,119.04687410944409
2025-05-05 22:40:00+00:00,95149.21,95186.01,95199.0,95099.96,96.41125,,117.61781167305477
2025-05-05 22:45:00+00:00,95186.0,95045.64,95186.01,94980.21,74.44984,,123.91653941069288
2025-05-05 22:50:00+00:00,95045.63,95079.99,95080.0,95000.01,18.98484,,120.77892945278663
2025-05-05 22:55:00+00:00,95080.0,95049.48,95080.0,95042.01,19.31302,,114.86543449187367
2025-05-05 23:00:00+00:00,95049.48,95033.87,95128.8,95033.87,35.66078,,113.4414748853118
2025-05-05 23:05:00+00:00,95033.87,95026.41,95051.95,95020.43,20.18767,,107.58994096493268
2025-05-05 23:10:00+00:00,95026.41,95001.18,95085.72,95001.18,33.72999,,105.94351661029522
2025-05-05 23:15:00+00:00,95001.18,95000.0,95040.67,95000.0,16.50257,,101.28112256670258
2025-05-05 23:20:00+00:00,95000.01,95084.5,95129.76,95000.0,89.54027,,103.31532809765201
2025-05-05 23:25:00+00:00,95084.51,94896.25,95084.51,94896.24,58.60489,,109.38351894781898
2025-05-05 23:30:00+00:00,94896.24,94875.48,94919.33,94875.47,13.87762,,104.70326759440339
2025-05-05 23:35:00+00:00,94875.48,94881.51,94926.99,94875.47,22.38813,,100.904462766232
2025-05-05 23:40:00+00:00,94881.52,94837.73,94881.52,94823.8,17.76468,,97.8198582829298
2025-05-05 23:45:00+00:00,94837.73,94819.99,94845.51,94785.25,32.64819,,95.13701126272016
2025-05-05 23:50:00+00:00,94820.0,94732.44,94820.0,94724.52,21.2243,,95.16151045823986
2025-05-05 23:55:00+00:00,94732.44,94733.68,94792.0,94730.57,27.74993,,92.75211685407938
2025-05-06 00:00:00+00:00,94733.68,94700.62,94779.99,94700.6,32.03405,,91.7976799359308
2025-05-06 00:05:00+00:00,94700.61,94690.0,94762.27,94675.93,25.04562,,91.40784565479369
2025-05-06 00:10:00+00:00,94689.99,94683.21,94692.31,94632.52,33.70244,,89.14942810802225
2025-05-06 00:15:00+00:00,94683.21,94598.57,94683.21,94588.23,24.73809,,89.56589752887855
2025-05-06 00:20:00+00:00,94598.57,94611.33,94625.99,94577.85,13.10741,,86.60690484824433
2025-05-06 00:25:00+00:00,94611.33,94725.73,94739.99,94596.47,28.21041,,90.67212593051288
2025-05-06 00:30:00+00:00,94725.74,94654.95,94728.41,94641.44,17.09549,,90.40768836404776
2025-05-06 00:35:00+00:00,94654.95,94534.4,94654.96,94515.36,31.17815,,93.92142490947333
2025-05-06 00:40:00+00:00,94534.4,94461.5,94534.4,94428.58,97.4227,,94.7713231302247
2025-05-06 00:45:00+00:00,94461.49,94504.47,94511.92,94460.37,24.62351,,91.68408576378029
2025-05-06 00:50:00+00:00,94504.47,94506.19,94531.49,94480.8,20.78491,,88.7559367806533
2025-05-06 00:55:00+00:00,94506.19,94598.89,94608.35,94506.18,17.21109,,89.7140841534647
2025-05-06 01:00:00+00:00,94598.89,94592.62,94697.86,94592.61,27.39479,,90.82379242821722
2025-05-06 01:05:00+00:00,94592.62,94534.38,94592.62,94483.2,22.21936,,92.15209296905871
2025-05-06 01:10:00+00:00,94534.38,94750.73,94768.26,94534.38,27.97721,,102.27551489983954
2025-05-06 01:15:00+00:00,94750.72,94831.75,94852.39,94750.72,25.0388,,102.23226383556516
2025-05-06 01:20:00+00:00,94831.74,94854.82,94926.99,94827.23,35.57156,,102.05567356159689
2025-05-06 01:25:00+00:00,94854.82,94821.32,94872.98,94811.33,22.82897,,99.16955402148241
2025-05-06 01:30:00+00:00,94821.31,94737.62,94821.31,94733.11,31.43888,,98.38672873423413
2025-05-06 01:35:00+00:00,94737.63,94484.68,94737.63,94484.67,65.03883,,109.4276766817893
2025-05-06 01:40:00+00:00,94484.68,94382.83,94520.0,94382.82,27.63647,,111.40998549023242
2025-05-06 01:45:00+00:00,94382.83,94347.17,94428.84,94336.99,34.21458,,110.0128436695009
2025-05-06 01:50:00+00:00,94347.16,94359.21,94433.5,94323.8,31.21116,,109.99049769310776
2025-05-06 01:55:00+00:00,94359.21,94312.6,94414.4,94312.59,20.18718,,109.40617642931419
2025-05-06 02:00:00+00:00,94312.59,94379.56,94400.0,94280.43,33.76065,,110.13216382722081
2025-05-06 02:05:00+00:00,94379.57,94245.37,94379.57,94213.26,33.77666,,114.14486641099163
2025-05-06 02:10:00+00:00,94245.38,94240.87,94271.7,94213.15,26.86003,,110.17380452449243
2025-05-06 02:15:00+00:00,94240.87,94165.08,94240.87,94165.07,37.82596,,107.71853277274214
2025-05-06 02:20:00+00:00,94165.08,94099.8,94165.08,94060.0,55.91904,,107.53006614611783
2025-05-06 02:25:00+00:00,94099.8,94113.93,94140.72,94053.04,34.40034,,106.11220427853853
2025-05-06 02:30:00+00:00,94113.92,94173.93,94233.97,94012.78,54.26735,,114.33204683007166
2025-05-06 02:35:00+00:00,94173.93,94127.1,94177.49,94100.0,27.83518,,111.7004720564955
2025-05-06 02:40:00+00:00,94127.09,94153.99,94204.87,94126.89,23.21633,,109.29186690960266
2025-05-06 02:45:00+00:00,94153.99,94309.44,94309.44,94153.98,31.08937,,112.58959070177436
2025-05-06 02:50:00+00:00,94309.43,94271.58,94379.98,94271.58,35.87034,,112.29033422307577
2025-05-06 02:55:00+00:00,94271.0,94334.99,94341.11,94264.0,12.69032,,109.77745320714182
2025-05-06 03:00:00+00:00,94334.99,94292.16,94390.82,94292.16,21.59906,,108.98334940663194
2025-05-06 03:05:00+00:00,94292.17,94298.57,94387.31,94244.7,29.79888,,111.385253020444
2025-05-06 03:10:00+00:00,94298.58,94257.87,94319.64,94252.89,14.38573,,108.19702066184085
2025-05-06 03:15:00+00:00,94257.87,94301.37,94337.42,94246.86,15.55943,,106.93723347170919
2025-05-06 03:20:00+00:00,94301.37,94260.31,94309.44,94241.0,32.04546,,104.18743108087298
2025-05-06 03:25:00+00:00,94260.31,94402.77,94430.32,94233.96,79.73964,,110.77118600366781
2025-05-06 03:30:00+00:00,94402.76,94450.79,94468.65,94402.76,111.6577,,107.56538700340579
2025-05-06 03:35:00+00:00,94450.79,94460.37,94498.12,94438.52,29.72761,,104.13928793173332
2025-05-06 03:40:00+00:00,94460.37,94481.72,94484.91,94460.37,21.17454,,98.45362450803866
2025-05-06 03:45:00+00:00,94481.72,94493.31,94493.31,94432.68,31.94422,,95.75193704317908
2025-05-06 03:50:00+00:00,94493.31,94481.93,94512.33,94468.5,41.38185,,92.0432272543807
2025-05-06 03:55:00+00:00,94481.93,94454.01,94481.94,94442.72,13.99635,,88.27013959335359
2025-05-06 04:00:00+00:00,94454.01,94405.15,94454.35,94405.14,11.33931,,85.48012962240023
2025-05-06 04:05:00+00:00,94405.15,94368.36,94434.29,94368.35,15.08419,,84.08440607794219
2025-05-06 04:10:00+00:00,94368.36,94397.73,94422.65,94350.83,16.34887,,83.20837707237435
2025-05-06 04:15:00+00:00,94397.74,94441.98,94449.21,94373.64,15.66856,,82.6627787100624
2025-05-06 04:20:00+00:00,94441.98,94542.36,94546.04,94441.98,36.03245,,84.19115165934349
2025-05-06 04:25:00+00:00,94542.37,94571.41,94571.42,94529.87,16.17096,,81.14535511224774
2025-05-06 04:30:00+00:00,94571.41,94560.01,94583.82,94550.0,16.34478,,77.76497260423055
2025-05-06 04:35:00+00:00,94560.0,94487.66,94560.0,94485.3,38.38177,,77.54676027535636
2025-05-06 04:40:00+00:00,94487.75,94461.21,94493.1,94458.73,24.9637,,74.46270596997446
2025-05-06 04:45:00+00:00,94461.21,94546.03,94546.04,94461.21,35.23224,,75.20322697211824
2025-05-06 04:50:00+00:00,94546.04,94573.58,94581.37,94531.58,24.71859,,73.38799647410936
2025-05-06 04:55:00+00:00,94573.59,94574.57,94583.82,94552.04,15.19657,,70.41599672595964
2025-05-06 05:00:00+00:00,94574.57,94540.01,94603.03,94540.01,18.52965,,69.88771124553425
2025-05-06 05:05:00+00:00,94540.01,94535.84,94540.02,94491.54,41.73565,,68.35858901371112
2025-05-06 05:10:00+00:00,94535.84,94490.68,94535.86,94490.67,37.09441,,66.7036897984462
2025-05-06 05:15:00+00:00,94490.67,94425.43,94515.91,94411.24,17.32362,,69.41556909855707
2025-05-06 05:20:00+00:00,94425.44,94360.0,94429.97,94349.7,72.69117,,70.19088559151757
2025-05-06 05:25:00+00:00,94360.01,94369.21,94400.0,94355.55,56.40644,,68.35225090640897
2025-05-06 05:30:00+00:00,94369.22,94335.5,94374.01,94308.63,47.38574,,68.13994727023619
2025-05-06 05:35:00+00:00,94335.5,94361.95,94378.57,94328.03,17.56861,,66.88280817950562
2025-05-06 05:40:00+00:00,94361.96,94359.99,94414.84,94359.99,13.53583,,66.02332188096888
2025-05-06 05:45:00+00:00,94360.0,94397.87,94419.05,94346.64,45.74408,,66.47951317518564
2025-05-06 05:50:00+00:00,94397.87,94353.42,94397.87,94320.01,22.51068,,67.29240509124385
2025-05-06 05:55:00+00:00,94353.43,94345.56,94380.96,94320.0,25.06978,,66.84009044186975
2025-05-06 06:00:00+00:00,94345.57,94384.9,94384.91,94335.11,11.785,,65.62294112459355
2025-05-06 06:05:00+00:00,94384.9,94450.79,94450.79,94384.9,13.77367,,65.64201675855112
2025-05-06 06:10:00+00:00,94450.79,94437.02,94460.38,94437.01,7.57102,,62.622586990083896
2025-05-06 06:15:00+00:00,94437.02,94470.64,94470.64,94398.55,15.34599,,63.29883077650623
2025-05-06 06:20:00+00:00,94470.64,94448.0,94470.64,94448.0,10.92046,,60.39462857818432
2025-05-06 06:25:00+00:00,94448.0,94417.78,94464.33,94407.21,9.91214,,60.1607265368851
2025-05-06 06:30:00+00:00,94417.78,94397.77,94440.0,94391.67,25.24163,,59.315674641393436
2025-05-06 06:35:00+00:00,94397.77,94468.01,94482.54,94397.77,24.14868,,61.133840738436014
2025-05-06 06:40:00+00:00,94468.0,94477.03,94477.04,94460.37,9.26447,,57.95785211426188
2025-05-06 06:45:00+00:00,94477.04,94475.92,94481.99,94420.71,19.03536,,58.19514839181453
2025-05-06 06:50:00+00:00,94475.92,94450.8,94475.93,94450.79,8.37829,,55.83406636382773
2025-05-06 06:55:00+00:00,94450.8,94498.11,94498.12,94450.79,10.90348,,55.22663305212588
2025-05-06 07:00:00+00:00,94498.12,94571.48,94638.01,94498.11,27.65,,61.27473069125933
2025-05-06 07:05:00+00:00,94571.48,94552.75,94579.49,94535.85,9.0739,,60.015107070455045
2025-05-06 07:10:00+00:00,94552.75,94494.99,94558.36,94480.01,19.04521,,61.32474227970867
2025-05-06 07:15:00+00:00,94494.98,94428.58,94494.98,94428.58,14.20474,,61.68797497401545
2025-05-06 07:20:00+00:00,94428.59,94428.58,94460.0,94428.57,24.87044,,59.52669104729956
2025-05-06 07:25:00+00:00,94428.57,94429.95,94434.91,94420.47,9.2856,,56.306213115349756
2025-05-06 07:30:00+00:00,94429.95,94479.28,94535.84,94422.64,34.4817,,60.37005503568171
2025-05-06 07:35:00+00:00,94479.29,94367.43,94535.85,94367.42,52.99183,,68.08862253313356
2025-05-06 07:40:00+00:00,94367.43,94399.99,94400.0,94348.57,59.35323,,66.89872092362351
2025-05-06 07:45:00+00:00,94400.0,94397.14,94460.0,94389.6,65.0278,,67.14881228622143
2025-05-06 07:50:00+00:00,94397.15,94389.03,94436.54,94387.89,93.03424,,65.82746855149091
2025-05-06 07:55:00+00:00,94389.03,94400.99,94438.82,94389.03,54.15005,,64.68193508352786
2025-05-06 08:00:00+00:00,94400.98,94374.58,94400.99,94310.32,59.87321,,66.53822543470432
2025-05-06 08:05:00+00:00,94374.57,94342.5,94396.48,94320.49,49.47463,,67.21335218936763
2025-05-06 08:10:00+00:00,94342.49,94203.81,94342.5,94167.58,69.45469,,74.90668417584125
2025-05-06 08:15:00+00:00,94203.8,94120.56,94218.92,94120.55,74.98454,,76.58263530613797
2025-05-06 08:20:00+00:00,94120.55,94093.47,94133.32,94071.42,110.69983,,75.53387564141447
2025-05-06 08:25:00+00:00,94093.48,94036.67,94108.0,94003.0,108.84085,,77.63859880988487
2025-05-06 08:30:00+00:00,94036.67,94165.08,94165.08,94036.67,34.9109,,81.26512746632191
2025-05-06 08:35:00+00:00,94165.07,94180.92,94218.92,94158.16,41.13873,,79.8004755044414
2025-05-06 08:40:00+00:00,94180.91,94261.17,94277.52,94170.99,31.48133,,81.70972725412408
2025-05-06 08:45:00+00:00,94261.17,94261.17,94317.91,94261.16,43.81832,,79.92688959311522
2025-05-06 08:50:00+00:00,94261.17,94304.99,94328.95,94261.16,107.73699,,79.05996890789224
2025-05-06 08:55:00+00:00,94304.98,94375.9,94380.96,94304.98,18.44552,,78.83997112875782
2025-05-06 09:00:00+00:00,94375.89,94270.14,94375.9,94270.14,22.03719,,80.76283033384618
2025-05-06 09:05:00+00:00,94270.14,94251.48,94320.0,94247.42,36.97976,,80.17834245285728
2025-05-06 09:10:00+00:00,94251.48,94201.76,94270.06,94201.76,57.63171,,79.32988942051054
2025-05-06 09:15:00+00:00,94201.77,94180.01,94223.57,94180.0,31.10592,,76.77561160476027
2025-05-06 09:20:00+00:00,94180.0,94186.54,94202.0,94149.83,32.18261,,75.01806791870584
2025-05-06 09:25:00+00:00,94186.01,94188.49,94188.49,94144.4,15.89829,,72.80892021022764
2025-05-06 09:30:00+00:00,94188.48,94198.35,94233.48,94176.04,21.08773,,71.71114019521154
2025-05-06 09:35:00+00:00,94198.35,94136.77,94209.99,94136.77,36.10999,,71.81891589555366
2025-05-06 09:40:00+00:00,94136.78,94124.45,94146.2,94119.74,20.50396,,68.57899333158495
2025-05-06 09:45:00+00:00,94124.46,94174.21,94174.22,94113.02,19.17926,,68.05192237932867
2025-05-06 09:50:00+00:00,94174.21,94205.85,94210.71,94142.56,52.311,,68.05892792366296
2025-05-06 09:55:00+00:00,94205.86,94211.96,94220.65,94205.85,49.36067,,64.25471878625764
2025-05-06 10:00:00+00:00,94211.96,94175.2,94211.96,94174.04,19.76354,,62.37366744438301
2025-05-06 10:05:00+00:00,94175.2,94176.15,94182.24,94143.12,24.38068,,60.71269119835636
2025-05-06 10:10:00+00:00,94176.14,94153.07,94176.15,94142.85,86.28925,,58.75464182704436
2025-05-06 10:15:00+00:00,94153.07,94252.82,94252.82,94148.39,53.49933,,62.01716741082744
2025-05-06 10:20:00+00:00,94252.81,94293.74,94329.63,94252.81,106.97514,,63.07451259576884
2025-05-06 10:25:00+00:00,94293.74,94215.41,94318.55,94215.4,85.51751,,65.9370474103574
2025-05-06 10:30:00+00:00,94215.4,94202.35,94228.56,94200.0,40.8037,,63.26725830961742
2025-05-06 10:35:00+00:00,94202.34,94167.58,94237.68,94167.58,87.26632,,63.755311287501264
2025-05-06 10:40:00+00:00,94167.59,94069.11,94167.59,94056.77,65.6328,,67.11707476696492
2025-05-06 10:45:00+00:00,94069.11,93924.11,94084.1,93861.93,216.97361,,78.19228371218263
2025-05-06 10:50:00+00:00,93924.12,93940.0,93973.25,93867.88,100.93762,,80.1335491613121
2025-05-06 10:55:00+00:00,93940.0,93942.83,93970.39,93900.0,64.00732,,79.43758136407548
2025-05-06 11:00:00+00:00,93942.83,94048.57,94050.0,93924.82,54.75277,,82.70489698092673
2025-05-06 11:05:00+00:00,94048.57,94038.09,94064.96,93999.99,38.28323,,81.43811862514633
2025-05-06 11:10:00+00:00,94038.09,94000.01,94066.55,94000.0,25.30067,,80.37468158049322
2025-05-06 11:15:00+00:00,94000.01,94009.51,94056.79,93952.82,22.27802,,82.0600614675999
2025-05-06 11:20:00+00:00,94009.52,93940.77,94059.36,93932.0,54.44679,,85.29577136277138
2025-05-06 11:25:00+00:00,93940.78,93890.36,93940.78,93882.51,35.55591,,83.36535912257372
2025-05-06 11:30:00+00:00,93890.37,93860.22,93942.86,93840.0,66.2179,,84.75783347096136
2025-05-06 11:35:00+00:00,93860.21,93904.0,93978.2,93841.93,29.35097,,88.43727393732156
2025-05-06 11:40:00+00:00,93904.0,93884.0,93912.0,93816.58,27.55848,,88.93604008465562
2025-05-06 11:45:00+00:00,93884.0,93800.0,93903.72,93800.0,76.21667,,89.99203722146602
2025-05-06 11:50:00+00:00,93800.0,93723.53,93827.35,93720.63,100.42356,,91.1868917056471
2025-05-06 11:55:00+00:00,93723.53,93812.54,93812.54,93723.52,38.90311,,91.03211372667157
2025-05-06 12:00:00+00:00,93812.53,93860.65,93868.21,93792.76,23.13682,,89.91910560333872
2025-05-06 12:05:00+00:00,93860.64,93860.38,93921.4,93860.37,58.83583,,87.85559806024301
2025-05-06 12:10:00+00:00,93860.37,93809.89,93860.38,93761.97,30.64549,,88.60948391308305
2025-05-06 12:15:00+00:00,93809.9,93864.12,93866.52,93782.95,31.14079,,88.24952077643476
2025-05-06 12:20:00+00:00,93864.11,93850.63,93870.82,93844.15,25.74301,,83.8509835781189
2025-05-06 12:25:00+00:00,93850.62,93823.81,93850.62,93766.49,51.70762,,83.87162760825322
2025-05-06 12:30:00+00:00,93823.81,93920.83,93978.39,93823.81,78.42905,,88.92222563623525
2025-05-06 12:35:00+00:00,93920.83,93964.65,93976.98,93901.47,316.94001,,87.96420951936094
2025-05-06 12:40:00+00:00,93964.65,93997.48,94012.36,93927.82,33.174,,87.7196231251204
2025-05-06 12:45:00+00:00,93997.48,93970.67,94040.0,93924.34,38.4364,,89.7153643304692
2025-05-06 12:50:00+00:00,93970.68,93955.12,94005.75,93946.01,134.6049,,87.5742668782932
2025-05-06 12:55:00+00:00,93955.12,93935.99,93968.07,93924.34,69.4024,,84.44253352984444
2025-05-06 13:00:00+00:00,93936.0,93855.74,93947.64,93837.86,56.42447,,86.2523525634269
2025-05-06 13:05:00+00:00,93855.74,93740.29,93855.75,93723.46,97.45601,,89.5407559517531
2025-05-06 13:10:00+00:00,93740.29,93735.53,93770.16,93735.53,29.08623,,85.61855909805679
2025-05-06 13:15:00+00:00,93735.54,93791.52,93791.53,93735.53,53.70043,,83.50294773390988
2025-05-06 13:20:00+00:00,93791.53,93845.98,93872.19,93778.84,36.82989,,84.2063086100596
2025-05-06 13:25:00+00:00,93845.99,93741.0,93866.51,93741.0,25.61885,,87.15657228076925
2025-05-06 13:30:00+00:00,93741.0,93737.01,93878.31,93713.29,58.33899,True,92.71824568928604
2025-05-06 13:35:00+00:00,93737.01,93832.02,93857.81,93720.63,64.02857,True,95.89408528290797
2025-05-06 13:40:00+00:00,93832.01,93952.68,94015.25,93788.75,76.27749,True,105.2230791912717
2025-05-06 13:45:00+00:00,93952.68,93793.88,94019.86,93760.28,115.4746,True,116.24857353475241
2025-05-06 13:50:00+00:00,93793.88,93465.62,93793.89,93377.0,545.57031,True,137.72296113941292
2025-05-06 13:55:00+00:00,93465.61,93616.92,93713.89,93436.96,57.93722,True,147.66632105802577
2025-05-06 14:00:00+00:00,93616.91,93955.7,94053.69,93612.01,150.68449,True,168.6672981253102
2025-05-06 14:05:00+00:00,93955.69,94076.24,94118.65,93855.67,83.94437,True,175.40391968778775
2025-05-06 14:10:00+00:00,94076.24,94046.37,94196.23,94017.43,86.90819,True,175.64649685294597
2025-05-06 14:15:00+00:00,94046.38,94383.37,94460.38,94046.38,148.63128,True,192.6724613634505
2025-05-06 14:20:00+00:00,94383.38,94485.81,94705.17,94383.37,253.2697,True,201.8958569803471
2025-05-06 14:25:00+00:00,94485.81,94317.72,94491.99,94285.24,79.185,True,202.24258148175088
2025-05-06 14:30:00+00:00,94317.71,94417.74,94433.34,94220.66,85.18277,True,202.98811137591105
2025-05-06 14:35:00+00:00,94417.74,94295.07,94476.2,94295.07,61.97869,True,201.4268177062024
2025-05-06 14:40:00+00:00,94295.07,94264.33,94314.54,94262.42,35.66748,True,190.7620450129019
2025-05-06 14:45:00+00:00,94264.33,94339.99,94355.56,94184.0,52.56657,True,189.39047036912302
2025-05-06 14:50:00+00:00,94339.99,94169.62,94340.0,94102.42,76.90693,True,192.8325796284715
2025-05-06 14:55:00+00:00,94169.62,94147.02,94196.83,94086.91,43.14847,True,186.910252512152
2025-05-06 15:00:00+00:00,94147.01,94241.6,94292.07,94133.33,37.44807,True,184.89809161842723
2025-05-06 15:05:00+00:00,94241.6,94086.91,94323.79,94086.91,54.3668,True,188.61108507425317
2025-05-06 15:10:00+00:00,94086.91,94330.1,94330.1,94080.09,34.44605,True,192.99672185466434
2025-05-06 15:15:00+00:00,94330.1,94394.49,94394.5,94210.04,45.80089,True,192.38695600790308
2025-05-06 15:20:00+00:00,94394.5,94476.19,94479.82,94394.49,28.14059,True,184.7400305787673
2025-05-06 15:25:00+00:00,94476.19,94519.99,94544.89,94461.39,42.91976,True,177.50859982314105
2025-05-06 15:30:00+00:00,94519.99,94650.17,94670.7,94466.25,68.93515,True,179.43298555005936
2025-05-06 15:35:00+00:00,94650.17,94717.55,94733.0,94618.79,132.06571,True,174.7742008679127
2025-05-06 15:40:00+00:00,94717.55,94596.77,94733.38,94590.23,72.44074,True,172.5153293773481
2025-05-06 15:45:00+00:00,94596.76,94627.97,94659.99,94550.0,47.26626,True,168.04923442182363
2025-05-06 15:50:00+00:00,94627.97,94504.38,94660.0,94504.38,47.00184,True,167.16143196312163
2025-05-06 15:55:00+00:00,94504.38,94558.95,94621.33,94504.38,44.79351,True,163.57490110861272
2025-05-06 16:00:00+00:00,94558.94,94514.29,94615.17,94468.0,54.00379,True,162.4031224579974
2025-05-06 16:05:00+00:00,94514.29,94388.03,94534.92,94388.02,40.39582,True,161.29575656814
2025-05-06 16:10:00+00:00,94388.03,94818.01,94850.0,94388.02,152.06392,True,182.7732025275583
2025-05-06 16:15:00+00:00,94818.0,94687.83,94820.74,94609.52,63.89673,True,184.8051166327328
2025-05-06 16:20:00+00:00,94687.82,94450.39,94720.0,94450.38,77.9164,True,190.86332258753728
2025-05-06 16:25:00+00:00,94450.38,94509.15,94560.0,94444.0,28.31984,True,185.5159424027132
2025-05-06 16:30:00+00:00,94509.16,94632.75,94641.47,94503.87,34.72288,True,182.0933750882341
2025-05-06 16:35:00+00:00,94632.76,94609.52,94736.51,94586.49,44.24123,True,179.80241972478805
2025-05-06 16:40:00+00:00,94609.52,94472.01,94636.52,94472.0,60.74739,True,178.7108183158749
2025-05-06 16:45:00+00:00,94472.01,94389.35,94494.44,94388.03,46.69974,True,173.54647415045548
2025-05-06 16:50:00+00:00,94389.36,94400.24,94428.58,94326.17,45.37364,True,168.4652974254232
2025-05-06 16:55:00+00:00,94400.24,94241.01,94405.99,94216.0,53.98035,True,170.0027761807505
2025-05-06 17:00:00+00:00,94241.01,94299.57,94419.05,94232.05,110.90759,True,171.21686359641117
2025-05-06 17:05:00+00:00,94299.56,94456.18,94465.79,94292.06,27.07195,True,171.3963733395244
2025-05-06 17:10:00+00:00,94456.18,94461.17,94474.17,94387.3,30.89805,True,165.35877524384372
2025-05-06 17:15:00+00:00,94461.17,94637.53,94641.27,94456.0,37.49226,True,166.78100558356945
2025-05-06 17:20:00+00:00,94637.52,94599.99,94660.0,94529.78,25.04215,True,164.16950518474314
2025-05-06 17:25:00+00:00,94599.99,94693.39,94704.75,94599.99,40.26568,True,159.92596910011827
2025-05-06 17:30:00+00:00,94693.39,94799.99,94805.3,94693.38,93.58908,True,156.49697130725255
2025-05-06 17:35:00+00:00,94799.99,94736.51,94856.53,94730.99,49.5568,True,154.28575907101978
2025-05-06 17:40:00+00:00,94736.51,94590.23,94758.21,94575.34,35.89083,True,156.3274905659476
2025-05-06 17:45:00+00:00,94590.24,94533.44,94590.24,94501.02,32.2055,True,151.53409838266572
2025-05-06 17:50:00+00:00,94533.44,94555.81,94609.53,94527.48,29.48579,True,146.5709484981898
2025-05-06 17:55:00+00:00,94555.81,94535.93,94577.78,94495.26,15.46431,True,141.9958807483194
2025-05-06 18:00:00+00:00,94535.93,94603.55,94648.49,94524.0,42.41668,True,140.7454606948684
2025-05-06 18:05:00+00:00,94603.54,94641.26,94641.27,94504.84,17.01175,True,140.43721350237834
2025-05-06 18:10:00+00:00,94641.26,94597.56,94641.27,94532.73,25.50642,True,138.1588411093519
2025-05-06 18:15:00+00:00,94597.55,94789.72,94800.0,94597.55,19.25833,True,142.75106674439797
2025-05-06 18:20:00+00:00,94789.72,94781.75,94825.32,94765.82,14.95048,True,136.804561976941
2025-05-06 18:25:00+00:00,94781.74,94918.5,94918.5,94780.57,211.28015,True,136.88495040715898
2025-05-06 18:30:00+00:00,94918.49,94882.69,94918.49,94863.49,34.72252,True,131.03673966379012
2025-05-06 18:35:00+00:00,94882.69,94905.74,94950.0,94869.53,54.64826,True,127.42482968780519
2025-05-06 18:40:00+00:00,94905.74,94819.99,94924.0,94806.56,22.40048,True,126.71162756724785
2025-05-06 18:45:00+00:00,94819.99,94914.78,94923.18,94819.99,42.29734,True,125.03151131244356
2025-05-06 18:50:00+00:00,94914.79,94934.84,94935.76,94847.59,40.30085,True,122.39854621869746
2025-05-06 18:55:00+00:00,94934.85,95067.36,95088.0,94930.93,92.87254,True,124.87507863164815
2025-05-06 19:00:00+00:00,95067.36,95012.26,95100.23,95012.26,85.03095,True,122.23900158653052
2025-05-06 19:05:00+00:00,95012.27,94944.01,95080.0,94944.01,83.25403,True,123.22121575892156
2025-05-06 19:10:00+00:00,94944.0,95052.2,95052.21,94944.0,29.75104,True,122.14898606185618
2025-05-06 19:15:00+00:00,95052.21,95025.26,95100.0,95025.26,27.94019,True,118.76262991458111
2025-05-06 19:20:00+00:00,95025.26,95103.92,95111.82,95006.96,21.1505,True,117.7695849206825
2025-05-06 19:25:00+00:00,95103.92,95117.46,95139.44,95085.76,23.40941,True,113.19175742634857
2025-05-06 19:30:00+00:00,95117.46,95117.5,95150.23,95040.0,52.35863,True,112.98020332446625
2025-05-06 19:35:00+00:00,95117.49,95043.51,95139.67,95043.5,22.53719,True,111.77947451557567
2025-05-06 19:40:00+00:00,95043.51,95126.6,95128.52,95043.51,30.88648,True,109.86736919303522
2025-05-06 19:45:00+00:00,95126.6,95068.28,95157.0,95068.28,42.82939,True,108.35684282210421
2025-05-06 19:50:00+00:00,95068.29,94933.9,95077.19,94923.49,35.55489,True,111.59563976338227
2025-05-06 19:55:00+00:00,94933.9,94963.5,95009.78,94926.26,34.20684,True,109.59023692314096
2025-05-06 20:00:00+00:00,94963.5,94947.71,94990.48,94895.23,30.08661,True,108.56593428577375
2025-05-06 20:05:00+00:00,94947.72,94980.0,95018.63,94943.42,47.28569,,106.18336755107609
2025-05-06 20:10:00+00:00,94980.0,94980.25,95020.0,94972.0,21.09654,,102.02741272599921
2025-05-06 20:15:00+00:00,94980.25,94975.98,94990.5,94932.5,20.06386,,98.88259753128499
2025-05-06 20:20:00+00:00,94975.98,94880.0,94975.98,94880.0,36.17075,,98.67526913619291
2025-05-06 20:25:00+00:00,94880.01,94768.26,94880.01,94768.25,34.38981,,99.60989276932162
2025-05-06 20:30:00+00:00,94768.26,94721.42,94786.45,94668.0,29.59359,,100.95561471436986
2025-05-06 20:35:00+00:00,94721.42,94640.35,94721.43,94632.51,27.02219,,100.0959279490576
2025-05-06 20:40:00+00:00,94640.35,94718.85,94718.85,94640.35,10.98122,,98.55336166698206
2025-05-06 20:45:00+00:00,94718.85,94646.83,94735.9,94641.26,30.11221,,98.27383583362617
2025-05-06 20:50:00+00:00,94646.83,94709.34,94714.29,94632.5,15.15705,,97.09641898836671
2025-05-06 20:55:00+00:00,94709.33,94682.23,94760.0,94664.43,32.35037,,96.98738906062673
2025-05-06 21:00:00+00:00,94682.23,94799.98,94800.0,94682.22,13.56912,,98.47257555629616
2025-05-06 21:05:00+00:00,94799.98,94761.06,94800.0,94747.66,18.87167,,95.17739158798905
2025-05-06 21:10:00+00:00,94761.07,94608.99,94761.07,94588.61,35.49147,,100.69757790313315
2025-05-06 21:15:00+00:00,94609.0,94653.66,94653.67,94571.42,11.89145,,99.37989376719507
2025-05-06 21:20:00+00:00,94653.66,94583.25,94654.74,94560.37,20.61673,,99.02204421239614
2025-05-06 21:25:00+00:00,94583.26,94498.61,94591.31,94452.75,55.04545,,101.84618391151052
2025-05-06 21:30:00+00:00,94498.61,94542.02,94542.02,94498.6,10.7732,,97.67288506068822
2025-05-06 21:35:00+00:00,94542.02,94641.26,94641.27,94500.42,24.82288,,100.75696469921091
2025-05-06 21:40:00+00:00,94641.26,94668.07,94668.07,94641.26,13.98926,,95.47503864926816
2025-05-06 21:45:00+00:00,94668.07,94711.65,94711.66,94623.23,19.52635,,94.9718216028924
2025-05-06 21:50:00+00:00,94711.65,94714.28,94714.28,94711.65,5.76589,,88.37597720268614
2025-05-06 21:55:00+00:00,94714.27,94688.99,94714.28,94645.42,28.3314,,86.98197883106575
2025-05-06 22:00:00+00:00,94688.99,95260.01,95368.0,94684.77,379.32015,,129.57112320027505
2025-05-06 22:05:00+00:00,95260.01,95265.65,95530.16,95212.0,427.34751,,143.0417572573985
2025-05-06 22:10:00+00:00,95265.66,95163.85,95271.38,95047.61,89.4167,,148.80806031044176
2025-05-06 22:15:00+00:00,95163.85,95452.17,95479.98,95150.6,120.42259,,161.70605600255234
2025-05-06 22:20:00+00:00,95452.18,95498.41,95524.0,95434.93,123.61749,,156.51776628808483
2025-05-06 22:25:00+00:00,95498.41,95654.84,95657.15,95456.0,139.00309,,159.70578298179265
2025-05-06 22:30:00+00:00,95654.84,95688.88,95905.5,95625.39,160.19563,,168.3060841973789
2025-05-06 22:35:00+00:00,95688.88,95671.39,95785.9,95604.22,125.36584,,169.26136389756562
2025-05-06 22:40:00+00:00,95671.38,96037.81,96180.0,95671.38,203.07043,,193.50126647631058
2025-05-06 22:45:00+00:00,96037.81,96101.58,96162.17,96006.34,111.16594,,190.8104617280028
2025-05-06 22:50:00+00:00,96101.58,96180.36,96272.0,96088.98,166.71477,,190.25400017600288
2025-05-06 22:55:00+00:00,96180.36,96259.94,96293.88,96112.33,99.98817,,189.63228587771715
2025-05-06 23:00:00+00:00,96259.94,96331.01,96426.66,96259.94,215.99332,,187.99569402930888
2025-05-06 23:05:00+00:00,96331.02,96165.07,96419.05,96102.72,142.33015,,197.16243017007264
2025-05-06 23:10:00+00:00,96165.07,96196.83,96200.59,96133.33,79.63071,,187.88368515792422
2025-05-06 23:15:00+00:00,96196.82,96355.56,96397.7,96193.95,61.07375,,189.01699336092966
2025-05-06 23:20:00+00:00,96355.56,96737.99,96738.0,96355.55,235.06575,,202.8336366922916
2025-05-06 23:25:00+00:00,96737.99,96628.25,96802.51,96600.0,154.64426,,202.81051978569897
2025-05-06 23:30:00+00:00,96628.24,96514.29,96640.0,96514.29,87.56859,,197.30333980100664
2025-05-06 23:35:00+00:00,96514.29,96584.78,96586.72,96465.95,59.75406,,191.83667267236362
2025-05-06 23:40:00+00:00,96584.77,96870.02,96875.0,96554.41,130.8998,,201.0333389100517
2025-05-06 23:45:00+00:00,96870.01,96886.04,96891.19,96754.15,222.03662,,196.4623861307629
2025-05-06 23:50:00+00:00,96886.04,96812.6,96920.65,96768.25,97.80071,,193.31507283570798
2025-05-06 23:55:00+00:00,96812.59,96834.02,96890.91,96784.68,74.22578,,187.094710490301
2025-05-07 00:00:00+00:00,96834.02,96765.89,96962.29,96729.67,275.3194,,190.3465168838506
2025-05-07 00:05:00+00:00,96765.9,96881.91,97078.78,96765.9,240.54043,,199.09962282071837
2025-05-07 00:10:00+00:00,96881.9,97010.93,97020.01,96861.84,155.63557,,196.1760783335241
2025-05-07 00:15:00+00:00,97010.93,97075.07,97075.08,96974.0,133.87553,,189.38350130970107
2025-05-07 00:20:00+00:00,97075.08,97384.0,97499.02,97075.07,472.16216,,206.1382512161508
2025-05-07 00:25:00+00:00,97384.0,97248.27,97434.57,97170.88,105.92397,,210.2490904149973
2025-05-07 00:30:00+00:00,97248.27,97150.79,97305.3,97145.48,59.76091,,206.6470125282123
2025-05-07 00:35:00+00:00,97150.79,97135.34,97239.99,97128.55,111.20753,,199.84651163334016
2025-05-07 00:40:00+00:00,97135.35,97228.75,97250.0,97127.86,52.00567,,194.29604651667296
2025-05-07 00:45:00+00:00,97228.75,97146.59,97358.0,97136.24,67.52526,,196.25775747976738
2025-05-07 00:50:00+00:00,97146.6,97385.0,97391.85,97146.59,73.73004,,199.75791765978465
2025-05-07 00:55:00+00:00,97385.0,97415.65,97450.0,97328.55,92.66895,,194.16449496979982
2025-05-07 01:00:00+00:00,97415.65,97587.52,97640.14,97410.67,276.74167,,196.68631675767136
2025-05-07 01:05:00+00:00,97587.52,97482.37,97732.0,97451.0,206.08394,,202.70872270355198
2025-05-07 01:10:00+00:00,97482.36,97480.16,97485.74,97428.01,46.49958,,192.353099653299
2025-05-07 01:15:00+00:00,97480.16,97476.2,97538.53,97388.76,62.70497,,189.31144967806364
2025-05-07 01:20:00+00:00,97476.19,97438.7,97550.01,97408.99,65.83599,,185.86206041534408
2025-05-07 01:25:00+00:00,97438.7,97533.01,97539.86,97423.71,50.61825,,180.8826275285334
2025-05-07 01:30:00+00:00,97533.01,97487.02,97533.02,97436.51,46.35357,,174.85601127649596
2025-05-07 01:35:00+00:00,97487.03,97439.99,97531.75,97418.9,52.96318,,170.4270104710324
2025-05-07 01:40:00+00:00,97439.99,97290.8,97520.0,97273.0,75.47001,,175.8965097231015
2025-05-07 01:45:00+00:00,97290.8,97299.99,97321.66,97233.43,92.12223,,169.63461617145214
2025-05-07 01:50:00+00:00,97299.99,97411.05,97434.43,97299.99,65.6994,,167.12071501634753
2025-05-07 01:55:00+00:00,97411.04,97242.85,97411.05,97192.93,86.56285,,170.76352108660913
2025-05-07 02:00:00+00:00,97242.86,97163.23,97276.0,97154.7,75.93445,,167.23041243756583
2025-05-07 02:05:00+00:00,97163.23,96883.74,97184.01,96879.2,340.84693,,177.0575258348824
2025-05-07 02:10:00+00:00,96883.73,96967.96,96975.93,96818.22,170.3643,,175.6755597038188
2025-05-07 02:15:00+00:00,96967.95,97018.21,97018.21,96850.94,61.26492,,175.07516258211777
2025-05-07 02:20:00+00:00,97018.21,97000.01,97054.35,97000.0,40.42711,,166.45193668339547
2025-05-07 02:25:00+00:00,97000.01,96888.01,97003.21,96851.79,59.06898,,165.37822692029673
2025-05-07 02:30:00+00:00,96888.01,96785.98,96888.8,96780.0,80.49114,,161.3369249974186
2025-05-07 02:35:00+00:00,96785.98,96801.57,96848.41,96781.8,78.82741,,154.5707160690316
2025-05-07 02:40:00+00:00,96801.58,96720.21,96804.83,96720.2,70.77764,,149.57495063552966
2025-05-07 02:45:00+00:00,96720.2,96646.18,96740.75,96633.49,74.549,,146.5524541615629
2025-05-07 02:50:00+00:00,96646.18,96603.98,96650.0,96464.0,82.38816,,149.37013600716554
2025-05-07 02:55:00+00:00,96603.98,96619.05,96640.0,96601.5,43.27771,,141.45084057808228
2025-05-07 03:00:00+00:00,96619.04,96501.45,96663.51,96484.12,119.79733,,144.16078053679064
2025-05-07 03:05:00+00:00,96501.44,96440.0,96557.1,96413.87,61.77448,,144.09429621273492
2025-05-07 03:10:00+00:00,96440.0,96409.99,96458.75,96380.0,59.79486,,139.42684648325385
2025-05-07 03:15:00+00:00,96409.99,96323.94,96420.0,96255.17,114.52569,,141.24135744873584
2025-05-07 03:20:00+00:00,96323.94,96336.87,96399.56,96208.1,112.97141,,144.82840334525412
2025-05-07 03:25:00+00:00,96336.87,96459.99,96500.0,96328.0,145.10436,,146.76923167773597
2025-05-07 03:30:00+00:00,96459.99,96562.94,96576.47,96459.99,182.93778,,144.60571512932597
2025-05-07 03:35:00+00:00,96562.94,96564.67,96611.47,96484.12,134.77458,,143.37316404866024
2025-05-07 03:40:00+00:00,96564.67,96505.49,96564.67,96468.57,27.34465,,139.9965094737553
2025-05-07 03:45:00+00:00,96505.48,96452.38,96505.49,96452.38,22.40328,,133.79033022562996
2025-05-07 03:50:00+00:00,96452.38,96557.26,96571.43,96431.1,24.23813,,134.2574494952269
2025-05-07 03:55:00+00:00,96557.26,96506.9,96587.71,96493.62,28.51717,,131.38834595985435
2025-05-07 04:00:00+00:00,96506.9,96616.4,96616.41,96506.9,32.57826,,129.82560696272256
2025-05-07 04:05:00+00:00,96616.41,96623.76,96645.22,96549.43,48.75261,,127.39449217967153
2025-05-07 04:10:00+00:00,96623.76,96711.64,96711.65,96616.31,106.36453,,125.10488559540902
2025-05-07 04:15:00+00:00,96711.64,96637.99,96714.28,96632.99,54.92501,,121.9752509100222
2025-05-07 04:20:00+00:00,96638.0,96642.86,96642.86,96617.0,13.21509,,115.10987584502065
2025-05-07 04:25:00+00:00,96642.86,96567.95,96642.86,96567.95,18.90616,,112.23845614180514
2025-05-07 04:30:00+00:00,96567.95,96496.47,96567.96,96453.0,19.17044,,112.43285213167667
2025-05-07 04:35:00+00:00,96496.46,96515.85,96517.94,96480.0,24.30411,,107.11193412227135
2025-05-07 04:40:00+00:00,96515.85,96504.55,96515.86,96491.25,28.41623,,101.21893882782344
2025-05-07 04:45:00+00:00,96504.54,96449.89,96540.0,96449.89,30.24638,,100.42544319726467
2025-05-07 04:50:00+00:00,96449.9,96579.36,96579.37,96420.64,49.91059,,104.59005439745977
2025-05-07 04:55:00+00:00,96579.36,96576.0,96619.05,96561.51,20.40798,,101.22933622621323
2025-05-07 05:00:00+00:00,96575.99,96532.31,96576.0,96496.7,18.66197,,99.66295506719821
2025-05-07 05:05:00+00:00,96532.31,96484.13,96532.32,96454.16,48.3308,,98.12702970525574
2025-05-07 05:10:00+00:00,96484.13,96488.87,96543.63,96458.69,30.6708,,97.18509901202334
2025-05-07 05:15:00+00:00,96488.87,96465.52,96488.87,96420.63,61.98287,,95.1175919397353
2025-05-07 05:20:00+00:00,96465.52,96442.01,96498.74,96435.75,43.97391,,92.8227639440403
2025-05-07 05:25:00+00:00,96442.01,96423.94,96442.01,96390.25,45.81859,,89.88970937660848
2025-05-07 05:30:00+00:00,96423.94,96420.0,96500.0,96402.18,50.07081,,90.45615870685124
2025-05-07 05:35:00+00:00,96420.01,96334.99,96428.28,96334.84,77.74708,,90.66929022779061
2025-05-07 05:40:00+00:00,96334.99,96354.22,96385.64,96334.99,39.17204,,87.81076949723372
2025-05-07 05:45:00+00:00,96354.22,96350.01,96418.9,96310.89,27.02123,,89.25357167600237
2025-05-07 05:50:00+00:00,96350.0,96337.54,96397.04,96337.53,20.03843,,87.12903084200182
2025-05-07 05:55:00+00:00,96337.54,96380.96,96380.96,96326.83,25.60823,,84.7719572104306
2025-05-07 06:00:00+00:00,96380.96,96494.01,96494.01,96361.75,55.96817,,88.16396026682803
2025-05-07 06:05:00+00:00,96494.0,96617.5,96665.1,96494.0,247.38134,,94.08796310491216
2025-05-07 06:10:00+00:00,96617.51,96666.66,96666.67,96617.5,111.72448,,90.8795371688469
2025-05-07 06:15:00+00:00,96666.67,96628.8,96667.55,96628.79,20.21816,,87.1567130853585
2025-05-07 06:20:00+00:00,96628.79,96580.77,96628.8,96560.56,29.23317,,85.80551929354756
2025-05-07 06:25:00+00:00,96580.77,96605.73,96605.74,96525.99,22.13803,,85.37298220115132
2025-05-07 06:30:00+00:00,96605.73,96565.21,96605.74,96538.75,20.39381,,84.0599120439266
2025-05-07 06:35:00+00:00,96565.21,96484.0,96573.99,96465.75,44.97251,,85.7870611836465
2025-05-07 06:40:00+00:00,96483.99,96531.22,96553.4,96474.82,25.61895,,85.2722710990994
2025-05-07 06:45:00+00:00,96531.22,96491.32,96531.22,96441.28,62.59171,,85.60568030630675
2025-05-07 06:50:00+00:00,96491.32,96582.99,96585.71,96491.32,76.12832,,86.2331317129991
2025-05-07 06:55:00+00:00,96583.0,96557.31,96592.01,96509.38,37.24197,,85.97576516206989
2025-05-07 07:00:00+00:00,96557.31,96620.99,96621.0,96557.3,19.83459,,84.38463907906468
2025-05-07 07:05:00+00:00,96620.99,96667.33,96697.68,96610.5,71.15732,,84.58430771627386
2025-05-07 07:10:00+00:00,96667.32,96674.61,96697.68,96652.56,22.46663,,81.76542859368253
2025-05-07 07:15:00+00:00,96674.61,96692.0,96734.8,96652.98,41.31438,,81.76932655127713
2025-05-07 07:20:00+00:00,96692.01,96750.0,96750.0,96692.0,24.18543,,80.0715175119002
2025-05-07 07:25:00+00:00,96750.0,96788.05,96830.2,96749.99,39.16612,,80.08140911819247
2025-05-07 07:30:00+00:00,96788.04,96840.0,96840.0,96734.49,30.57351,,81.89773703832121
2025-05-07 07:35:00+00:00,96839.99,96780.01,96840.0,96762.32,34.31775,,81.59647010701205
2025-05-07 07:40:00+00:00,96780.0,96869.89,96879.74,96780.0,42.58738,,82.89243652794013
2025-05-07 07:45:00+00:00,96869.89,96915.83,96938.44,96869.89,44.51342,,81.86797677594461
2025-05-07 07:50:00+00:00,96915.83,96952.39,96952.39,96899.92,45.10265,,79.76812129194865
2025-05-07 07:55:00+00:00,96952.39,96994.82,97013.53,96952.38,65.83227,,78.43825548538048
2025-05-07 08:00:00+00:00,96994.82,96902.95,97004.04,96896.82,44.76177,,80.49409437928092
2025-05-07 08:05:00+00:00,96902.96,96920.65,96927.8,96868.14,40.66992,,79.0059447807611
2025-05-07 08:10:00+00:00,96920.66,96861.58,96920.66,96861.57,57.05565,,77.58337729642076
2025-05-07 08:15:00+00:00,96861.58,96920.0,96920.0,96861.58,20.04838,,76.21456463239058
2025-05-07 08:20:00+00:00,96919.99,96893.93,96950.3,96893.93,40.28544,,74.79709573007767
2025-05-07 08:25:00+00:00,96893.93,96908.0,96952.39,96893.93,21.42829,,73.63016032078687
2025-05-07 08:30:00+00:00,96908.0,96979.76,96985.64,96881.03,22.78494,,75.8430060121593
2025-05-07 08:35:00+00:00,96979.76,97048.73,97053.1,96956.52,39.24373,,77.32421986843376
2025-05-07 08:40:00+00:00,97048.74,97020.0,97053.91,97020.0,32.36352,,74.22320416354589
2025-05-07 08:45:00+00:00,97020.01,97023.81,97083.47,97020.0,32.6706,,73.45511815186413
2025-05-07 08:50:00+00:00,97023.81,96989.13,97023.82,96973.98,35.86041,,71.76832399816034
2025-05-07 08:55:00+00:00,96989.13,97024.45,97040.64,96970.0,18.05564,,71.68772942686313
2025-05-07 09:00:00+00:00,97024.46,97050.01,97059.7,97019.78,14.66983,,69.41860589637278
2025-05-07 09:05:00+00:00,97050.01,96965.1,97051.86,96965.09,27.05681,,70.65799118948931
2025-05-07 09:10:00+00:00,96965.1,96945.25,96971.05,96928.57,31.18219,,68.64527753309692
2025-05-07 09:15:00+00:00,96945.26,96883.93,96969.24,96883.93,26.21018,,69.8356148521623
2025-05-07 09:20:00+00:00,96883.93,96891.58,96920.0,96883.6,24.19537,,67.447356648436
2025-05-07 09:25:00+00:00,96891.59,96918.97,96952.39,96891.59,83.78335,,66.97325974497612
2025-05-07 09:30:00+00:00,96918.98,96889.3,96918.98,96878.95,24.88159,,65.04874119176345
2025-05-07 09:35:00+00:00,96889.29,96905.46,96905.47,96876.0,23.54023,,62.507402535209
2025-05-07 09:40:00+00:00,96905.47,97015.11,97016.0,96905.46,28.77928,,65.93830235412219
2025-05-07 09:45:00+00:00,97015.12,97013.43,97040.0,97013.43,12.24954,,63.12628075739968
2025-05-07 09:50:00+00:00,97012.8,96994.92,97012.8,96966.53,20.53905,,61.96726070329929
2025-05-07 09:55:00+00:00,96994.93,96978.4,96994.93,96956.12,24.17265,,60.31317065306346
2025-05-07 10:00:00+00:00,96978.4,96939.18,96978.4,96918.62,20.24747,,60.275087034987415
2025-05-07 10:05:00+00:00,96939.17,96929.35,96962.33,96873.51,30.48386,,62.31400938963167
2025-05-07 10:10:00+00:00,96929.36,96941.04,96975.69,96908.28,16.34405,,62.67800871894394
2025-05-07 10:15:00+00:00,96941.04,96919.75,96941.04,96896.83,17.57896,,61.35886523901879
2025-05-07 10:20:00+00:00,96919.76,96939.99,96940.0,96919.75,11.46122,,58.422517721946015
2025-05-07 10:25:00+00:00,96940.0,96860.68,96940.0,96840.33,26.82468,,61.3687664560926
2025-05-07 10:30:00+00:00,96860.68,96919.74,96919.75,96833.33,34.02585,,63.158140280657285
2025-05-07 10:35:00+00:00,96919.74,97000.0,97000.0,96919.74,18.11024,,64.37970168918139
2025-05-07 10:40:00+00:00,97000.0,97054.34,97054.35,96993.06,27.92055,,64.1590087113833
2025-05-07 10:45:00+00:00,97054.35,97058.82,97076.08,97047.61,34.6996,,61.60979380342742
2025-05-07 10:50:00+00:00,97058.83,97092.83,97111.0,97058.83,32.89415,,60.93623710318211
2025-05-07 10:55:00+00:00,97092.84,97030.01,97100.05,97011.7,25.53177,,62.8943630243838
2025-05-07 11:00:00+00:00,97030.01,96992.06,97040.56,96943.97,39.31058,,65.30119423692756
2025-05-07 11:05:00+00:00,96992.06,96992.06,96992.07,96992.05,11.26425,,60.63825179143303
2025-05-07 11:10:00+00:00,96992.06,97044.5,97068.66,96992.05,20.92961,,61.779090949187854
2025-05-07 11:15:00+00:00,97044.51,97028.0,97044.51,97018.05,15.21982,,59.256298738530994
2025-05-07 11:20:00+00:00,97027.99,97008.14,97044.5,96964.02,23.03061,,60.7722774000642
2025-05-07 11:25:00+00:00,97008.14,96940.02,97008.14,96940.02,18.04839,,61.29711472863071
2025-05-07 11:30:00+00:00,96940.02,96980.0,96980.0,96929.17,26.05324,,60.54946367658579
2025-05-07 11:35:00+00:00,96980.0,96981.35,97008.86,96972.44,31.08865,,58.82593055682953
2025-05-07 11:40:00+00:00,96981.34,97029.64,97029.64,96981.34,12.99819,,58.07407837419906
2025-05-07 11:45:00+00:00,97029.63,97027.99,97032.65,97006.31,9.97398,,55.807358490327445
2025-05-07 11:50:00+00:00,97027.99,97010.93,97070.06,97010.92,27.26087,,56.04540431244687
2025-05-07 11:55:00+00:00,97010.92,97047.43,97047.43,96971.0,20.96919,,57.50144686155731
2025-05-07 12:00:00+00:00,97047.43,97029.09,97086.1,97029.09,20.94732,,57.46634351430389
2025-05-07 12:05:00+00:00,97029.1,96969.72,97029.1,96928.57,55.28843,,60.54231897756781
2025-05-07 12:10:00+00:00,96969.73,97014.46,97029.1,96956.08,37.80769,,61.433581907741825
2025-05-07 12:15:00+00:00,97014.47,97124.26,97163.38,97014.46,93.70808,,67.68261177147443
2025-05-07 12:20:00+00:00,97124.26,97125.01,97200.0,97124.26,54.50256,,68.25813950208376
2025-05-07 12:25:00+00:00,97125.01,96978.98,97138.8,96970.3,54.53397,,75.41827239479207
2025-05-07 12:30:00+00:00,96978.98,96940.33,97026.24,96928.57,37.26313,,77.00768150944965
2025-05-07 12:35:00+00:00,96940.33,96904.94,96947.03,96870.35,69.62573,,76.98427568734562
2025-05-07 12:40:00+00:00,96904.94,96928.57,96940.0,96888.83,31.49538,,75.1403988525351
2025-05-07 12:45:00+00:00,96928.58,96923.69,96969.36,96896.82,28.11524,,74.95465607735356
2025-05-07 12:50:00+00:00,96923.68,96969.99,96982.95,96923.68,21.51404,,73.83432350040003
2025-05-07 12:55:00+00:00,96969.99,96966.08,96982.95,96948.84,26.86019,,70.99687182180007
2025-05-07 13:00:00+00:00,96966.07,96903.2,96966.08,96874.21,28.52582,,72.48780954881401
2025-05-07 13:05:00+00:00,96903.2,96840.27,96913.7,96833.33,26.95354,,73.05082315246982
2025-05-07 13:10:00+00:00,96840.27,96846.6,96869.16,96840.27,21.50535,,69.89647864157908
2025-05-07 13:15:00+00:00,96846.6,96783.3,96849.13,96774.28,30.59146,,70.25030159575242
2025-05-07 13:20:00+00:00,96783.29,96769.84,96816.12,96769.84,27.10153,,68.53813719605573
2025-05-07 13:25:00+00:00,96769.85,96725.14,96769.85,96725.14,52.56421,,66.83612739633791
2025-05-07 13:30:00+00:00,96725.14,96909.8,96992.07,96713.14,117.50576,True,81.98568972517147
2025-05-07 13:35:00+00:00,96909.79,97003.32,97003.33,96780.0,65.16985,True,92.08171188765935
2025-05-07 13:40:00+00:00,97003.33,97231.84,97316.03,96992.0,223.52316,True,108.64944675282645
2025-05-07 13:45:00+00:00,97231.83,96895.94,97264.65,96848.0,163.57727,True,130.64948627048128
2025-05-07 13:50:00+00:00,96895.94,96989.14,97031.51,96895.94,43.71597,True,131.00095153687494
2025-05-07 13:55:00+00:00,96989.15,97022.01,97084.19,96983.35,28.73042,True,128.84659785566933
2025-05-07 14:00:00+00:00,97022.02,97075.11,97079.11,96964.39,42.85349,True,127.83755515169302
2025-05-07 14:05:00+00:00,97075.11,97201.22,97282.33,97042.1,97.29771,True,135.8655869265718
2025-05-07 14:10:00+00:00,97201.21,97189.78,97297.64,97184.78,58.2587,True,134.222330717531
2025-05-07 14:15:00+00:00,97189.79,97190.5,97246.03,97126.93,39.48222,True,133.14216423770776
2025-05-07 14:20:00+00:00,97190.49,97369.63,97369.63,97190.49,75.74784,True,136.4277239350143
2025-05-07 14:25:00+00:00,97369.62,97447.29,97457.03,97310.61,93.41344,True,137.14145793965602
2025-05-07 14:30:00+00:00,97447.3,97365.08,97478.27,97358.63,84.45197,True,135.89135380110912
2025-05-07 14:35:00+00:00,97365.07,97373.01,97390.0,97347.82,38.51642,True,129.19768567245796
2025-05-07 14:40:00+00:00,97373.01,97310.0,97373.02,97310.0,52.64933,True,124.47070812442554
2025-05-07 14:45:00+00:00,97310.01,97175.37,97313.93,97175.37,53.63764,True,125.47708611553784
2025-05-07 14:50:00+00:00,97175.37,96879.24,97175.38,96806.0,121.09144,True,142.8987228215712
2025-05-07 14:55:00+00:00,96879.23,96938.0,96952.37,96810.01,96.82633,True,142.86024262003045
2025-05-07 15:00:00+00:00,96937.99,96859.74,96937.99,96767.9,94.77174,True,144.80593957574297
2025-05-07 15:05:00+00:00,96859.75,96920.64,96920.64,96764.14,46.64494,True,145.64122960604703
2025-05-07 15:10:00+00:00,96920.64,96862.87,97048.8,96846.35,35.92283,True,149.6989989199006
2025-05-07 15:15:00+00:00,96862.87,96970.15,96999.1,96862.87,28.60525,True,148.73692756847984
2025-05-07 15:20:00+00:00,96970.15,97033.4,97038.54,96924.0,34.21817,True,146.29428988501655
2025-05-07 15:25:00+00:00,97033.41,97027.07,97041.34,96928.57,51.7663,True,143.89969775037176
2025-05-07 15:30:00+00:00,97027.07,96978.65,97113.56,96978.64,58.92374,True,143.25829076820222
2025-05-07 15:35:00+00:00,96978.64,97126.81,97142.86,96928.57,70.89495,True,148.33198428475876
2025-05-07 15:40:00+00:00,97126.81,97095.42,97152.18,97080.98,45.87354,True,142.82255683584722
2025-05-07 15:45:00+00:00,97095.43,96903.24,97095.43,96900.0,35.23213,True,146.58023134757192
2025-05-07 15:50:00+00:00,96903.24,96920.64,96974.5,96834.38,46.14477,True,146.11878625131644
2025-05-07 15:55:00+00:00,96920.64,96923.91,96955.84,96907.11,27.23327,True,139.1624443762221
2025-05-07 16:00:00+00:00,96923.91,96819.3,96928.58,96799.95,59.95767,True,138.41012692077803
2025-05-07 16:05:00+00:00,96819.31,96750.0,96819.31,96721.74,49.50824,True,135.49297499786476
2025-05-07 16:10:00+00:00,96749.99,96793.94,96824.06,96655.44,74.82134,True,137.85919106944553
2025-05-07 16:15:00+00:00,96793.93,96765.46,96838.5,96696.56,33.91208,True,138.15067742162816
2025-05-07 16:20:00+00:00,96765.45,96579.3,96770.46,96527.35,86.55644,True,145.6477718915119
2025-05-07 16:25:00+00:00,96579.3,96525.46,96623.86,96525.46,32.97621,True,142.2729310421178
2025-05-07 16:30:00+00:00,96525.47,96564.78,96564.81,96510.0,51.18832,True,136.0255788248235
2025-05-07 16:35:00+00:00,96564.78,96597.84,96597.84,96515.87,55.43431,True,132.1644660516219
2025-05-07 16:40:00+00:00,96597.84,96691.38,96710.83,96597.84,48.51647,True,130.7948613336493
2025-05-07 16:45:00+00:00,96691.38,96793.02,96808.0,96682.0,44.44769,True,130.45237123838862
2025-05-07 16:50:00+00:00,96793.02,96922.01,96961.04,96781.54,51.24492,True,133.95577329278942
2025-05-07 16:55:00+00:00,96922.01,96857.15,96939.18,96857.14,31.99116,True,130.24750377187542
2025-05-07 17:00:00+00:00,96857.15,96808.01,96887.48,96808.0,24.39639,True,126.62125350245546
2025-05-07 17:05:00+00:00,96808.0,96741.77,96808.0,96738.09,27.03961,True,122.57116396656566
2025-05-07 17:10:00+00:00,96741.78,96831.0,96831.0,96741.77,19.23368,True,120.18965225466783
2025-05-07 17:15:00+00:00,96831.0,96674.61,96880.0,96674.6,39.63043,True,126.27610566504828
2025-05-07 17:20:00+00:00,96674.61,96714.28,96714.29,96620.01,24.93062,True,123.99066954611617
2025-05-07 17:25:00+00:00,96714.28,96635.4,96714.29,96635.39,15.13716,True,120.76990743567887
2025-05-07 17:30:00+00:00,96635.4,96685.1,96685.1,96624.0,31.44741,True,116.50777119027364
2025-05-07 17:35:00+00:00,96685.09,96627.99,96685.1,96543.53,44.45143,True,118.29793039096889
2025-05-07 17:40:00+00:00,96628.0,96572.96,96630.42,96554.35,30.58604,True,115.28164964875627
2025-05-07 17:45:00+00:00,96572.95,96674.64,96700.0,96572.95,27.58939,True,116.12224610241674
2025-05-07 17:50:00+00:00,96674.64,96368.95,96724.03,96285.71,137.88604,True,139.136371380815
2025-05-07 17:55:00+00:00,96368.96,96307.54,96368.96,96190.47,91.22549,True,141.9473448536143
2025-05-07 18:00:00+00:00,96307.54,96614.05,96674.61,96154.93,339.20904,True,168.9282487926424
2025-05-07 18:05:00+00:00,96614.04,95969.1,96614.04,95944.44,209.99869,True,204.6912310217394
2025-05-07 18:10:00+00:00,95969.1,96229.23,96238.1,95893.14,147.40921,True,214.71042880590133
2025-05-07 18:15:00+00:00,96229.22,96332.0,96333.34,96127.17,102.45023,True,214.10039817690827
2025-05-07 18:20:00+00:00,96331.99,96418.1,96478.74,96331.99,33.04612,True,209.28965544998624
2025-05-07 18:25:00+00:00,96417.87,96443.65,96518.34,96416.0,24.93385,True,201.65039434641557
2025-05-07 18:30:00+00:00,96443.65,96767.19,96880.43,96300.0,155.42599,True,228.70608046452824
2025-05-07 18:35:00+00:00,96767.2,96685.92,96857.15,96586.65,102.68207,True,231.69136043134765
2025-05-07 18:40:00+00:00,96685.92,96397.89,96734.51,96397.89,113.74865,True,239.18626325767963
2025-05-07 18:45:00+00:00,96397.9,96170.56,96474.47,96103.17,98.03118,True,248.62295873927414
2025-05-07 18:50:00+00:00,96170.57,96193.53,96238.1,96000.0,77.25911,True,247.87131882932638
2025-05-07 18:55:00+00:00,96193.53,96593.59,96593.59,96193.53,88.3422,True,258.7419389129458
2025-05-07 19:00:00+00:00,96593.58,96430.0,96616.52,96385.13,123.46683,True,256.7882289905925
2025-05-07 19:05:00+00:00,96430.0,96486.69,96515.88,96320.68,73.98164,True,252.38906977697957
2025-05-07 19:10:00+00:00,96486.69,96396.0,96500.0,96380.95,55.50157,True,242.8648505071955
2025-05-07 19:15:00+00:00,96396.0,96404.77,96463.99,96230.15,55.59105,True,242.2202183281109
2025-05-07 19:20:00+00:00,96404.77,96248.26,96420.64,96220.0,35.17393,True,239.25020273324577
2025-05-07 19:25:00+00:00,96248.26,96007.95,96248.26,95988.72,65.12618,True,240.69947396658492
2025-05-07 19:30:00+00:00,96007.95,95800.02,96007.95,95800.01,110.89553,True,238.35951154040046
2025-05-07 19:35:00+00:00,95800.02,96040.0,96040.0,95784.61,85.11619,True,239.57597500180037
2025-05-07 19:40:00+00:00,96039.99,96469.07,96625.0,95976.19,172.23449,True,268.8069767873859
2025-05-07 19:45:00+00:00,96469.08,96268.0,96520.0,96234.09,84.30329,True,270.02862130257284
2025-05-07 19:50:00+00:00,96267.99,96127.61,96273.4,96086.31,82.89206,True,264.1044340666745
2025-05-07 19:55:00+00:00,96127.09,96180.01,96261.91,96121.59,34.94274,True,255.26268877619827
2025-05-07 20:00:00+00:00,96180.0,96214.44,96280.0,96076.92,48.22356,True,251.53535386361278
2025-05-07 20:05:00+00:00,96214.43,96291.99,96337.63,96214.43,33.39552,,242.36854287335558
2025-05-07 20:10:00+00:00,96291.99,96403.99,96412.51,96291.99,18.71016,,233.665075525258
2025-05-07 20:15:00+00:00,96404.0,96251.99,96422.26,96239.09,27.25481,,230.0582844163109
2025-05-07 20:20:00+00:00,96252.0,96261.9,96304.0,96243.5,8.89444,,217.9469783865744
2025-05-07 20:25:00+00:00,96261.91,96297.52,96339.86,96230.15,15.36541,,210.21576564467665
2025-05-07 20:30:00+00:00,96297.52,96342.38,96377.83,96285.71,18.96405,,201.78035381291372
2025-05-07 20:35:00+00:00,96342.39,96347.21,96400.0,96322.82,19.96332,,192.88032854056223
2025-05-07 20:40:00+00:00,96347.2,96452.38,96452.38,96286.86,35.25422,,190.92601935909377
2025-05-07 20:45:00+00:00,96452.37,96597.82,96636.57,96428.57,53.60486,,192.14558940487277
2025-05-07 20:50:00+00:00,96597.82,96627.86,96656.25,96597.82,44.05535,,182.59447587595278
2025-05-07 20:55:00+00:00,96627.86,96766.8,96766.8,96619.29,31.80429,,180.088441884814
2025-05-07 21:00:00+00:00,96766.8,96726.97,96766.8,96651.96,25.06389,,175.42783889304133
2025-05-07 21:05:00+00:00,96726.96,96769.83,96771.54,96677.61,25.67944,,169.60656468639505
2025-05-07 21:10:00+00:00,96769.84,96815.86,96840.19,96747.1,32.03189,,164.1410957802237
2025-05-07 21:15:00+00:00,96815.86,96860.25,96865.08,96775.21,23.49418,,158.83601751020737
2025-05-07 21:20:00+00:00,96860.24,96890.19,96890.19,96859.99,16.11272,,149.64773054519236
2025-05-07 21:25:00+00:00,96890.19,97141.52,97141.53,96890.19,104.38918,,156.91146407767837
2025-05-07 21:30:00+00:00,97141.52,97127.88,97241.87,96975.75,85.24403,,164.7120737864153
2025-05-07 21:35:00+00:00,97127.87,96992.06,97145.46,96992.06,29.48274,,163.90406851595768
2025-05-07 21:40:00+00:00,96992.07,97240.0,97240.0,96992.06,30.51077,,169.9066350505323
2025-05-07 21:45:00+00:00,97239.99,97306.28,97322.0,97239.99,53.39213,,163.6283039754939
2025-05-07 21:50:00+00:00,97306.28,97099.32,97306.29,97021.3,50.34289,,172.29699654867224
2025-05-07 21:55:00+00:00,97099.32,97120.63,97163.09,97095.23,19.38004,,164.83721108090998
2025-05-07 22:00:00+00:00,97120.63,97194.69,97260.87,97079.36,90.29328,,166.0281245751303
2025-05-07 22:05:00+00:00,97194.68,97289.5,97289.5,97182.53,57.0174,,161.80968710547822
2025-05-07 22:10:00+00:00,97289.49,97169.64,97305.21,97169.63,36.71715,,159.9361380265156
2025-05-07 22:15:00+00:00,97169.63,97042.13,97182.54,97025.0,15.03631,,159.76498531033548
2025-05-07 22:20:00+00:00,97042.13,97080.0,97129.72,97021.73,26.03279,,156.06677207388333
2025-05-07 22:25:00+00:00,97080.01,97047.62,97080.01,97041.25,19.56011,,147.68771692574845
2025-05-07 22:30:00+00:00,97047.61,97176.36,97189.42,97020.54,28.79081,,149.20145143105245
2025-05-07 22:35:00+00:00,97176.36,97203.16,97228.41,97152.17,23.05051,,143.98991918597764
2025-05-07 22:40:00+00:00,97203.16,97239.36,97241.73,97182.53,17.88531,,137.93349638697902
2025-05-07 22:45:00+00:00,97239.36,97191.77,97239.36,97191.76,36.33742,,131.4811037879095
2025-05-07 22:50:00+00:00,97191.76,97235.79,97235.8,97183.0,20.19512,,125.86102494591616
2025-05-07 22:55:00+00:00,97235.78,97262.88,97262.89,97174.6,21.47216,,123.17738030692169
2025-05-07 23:00:00+00:00,97262.89,97332.0,97340.05,97252.71,57.55718,,120.61756742785562
2025-05-07 23:05:00+00:00,97332.0,97380.96,97390.0,97304.0,31.6287,,118.14488404015164
2025-05-07 23:10:00+00:00,97380.97,97341.2,97387.5,97261.5,30.28393,,118.70596375156937
2025-05-07 23:15:00+00:00,97341.2,97243.74,97341.21,97243.73,18.17766,,117.18982348360088
2025-05-07 23:20:00+00:00,97243.73,97213.94,97286.0,97207.91,22.39132,,114.39697894905771
2025-05-07 23:25:00+00:00,97213.94,97202.99,97245.99,97184.78,33.0271,,110.59790902412547
2025-05-07 23:30:00+00:00,97202.99,97147.73,97234.01,97124.47,19.62982,,110.52234409383034
2025-05-07 23:35:00+00:00,97147.73,97089.99,97172.0,97081.15,35.41599,,109.11717665855716
2025-05-07 23:40:00+00:00,97090.0,97034.55,97090.0,97002.04,36.85316,,107.60594975437496
2025-05-07 23:45:00+00:00,97034.55,97045.56,97045.57,96978.04,24.83774,,104.74338191477771
2025-05-07 23:50:00+00:00,97045.56,97032.35,97081.42,97015.87,20.04871,,101.94385463515094
2025-05-07 23:55:00+00:00,97032.36,97030.5,97032.36,96989.14,24.40344,,97.7492935897831
2025-05-08 00:00:00+00:00,97030.5,97039.74,97095.24,96988.58,39.58621,,98.38577261908456
2025-05-08 00:05:00+00:00,97039.75,97113.96,97117.35,96981.45,34.8321,,101.06536028915058
2025-05-08 00:10:00+00:00,97113.96,97082.57,97116.2,97020.0,28.19412,,100.71783455421105
2025-05-08 00:15:00+00:00,97082.57,97139.99,97140.0,97060.67,31.89842,,99.19013208605325
2025-05-08 00:20:00+00:00,97140.0,97091.58,97147.56,97021.73,21.8083,,101.09297979419243
2025-05-08 00:25:00+00:00,97091.59,97126.29,97126.29,97054.34,32.11781,,99.01133838032133
2025-05-08 00:30:00+00:00,97126.29,97000.01,97140.0,97000.0,35.54621,,101.9390999245841
2025-05-08 00:35:00+00:00,97000.0,96953.0,97000.01,96876.29,48.83236,,103.49487850139961
2025-05-08 00:40:00+00:00,96952.99,96921.99,96953.0,96900.59,18.54678,,99.84595860844274
2025-05-08 00:45:00+00:00,96921.99,96999.99,97000.0,96896.14,29.66085,,100.13267585069687
2025-05-08 00:50:00+00:00,97000.0,97180.0,97190.48,96999.99,47.62867,,106.5867704327893
2025-05-08 00:55:00+00:00,97179.99,97770.01,97782.0,97179.99,548.4727,,141.97414397330397
2025-05-08 01:00:00+00:00,97770.0,97976.41,98366.0,97756.61,1134.6724,,175.36099083235362
2025-05-08 01:05:00+00:00,97976.42,97960.37,98158.16,97895.34,237.658,,181.60806291575744
2025-05-08 01:10:00+00:00,97960.37,97857.14,97990.71,97752.95,94.22503,,185.61891556463257
2025-05-08 01:15:00+00:00,97857.14,97804.31,97876.9,97600.0,146.76295,,192.13899302430127
2025-05-08 01:20:00+00:00,97804.32,97976.19,98077.75,97804.31,129.62041,,197.94620780827992
2025-05-08 01:25:00+00:00,97976.19,97982.52,98074.29,97933.52,75.38571,,193.86219296483063
2025-05-08 01:30:00+00:00,97982.52,97963.53,98024.54,97849.59,66.22185,,192.51132203877108
2025-05-08 01:35:00+00:00,97963.53,97958.01,98007.94,97953.95,41.65106,,182.61694189314494
2025-05-08 01:40:00+00:00,97958.01,97831.17,97958.02,97800.0,50.97259,,180.8600174722063
2025-05-08 01:45:00+00:00,97831.18,97803.75,97949.38,97736.33,73.17748,,183.15930193847748
2025-05-08 01:50:00+00:00,97803.76,97745.1,97900.0,97731.09,58.6491,,182.1414946571579
2025-05-08 01:55:00+00:00,97745.1,97816.21,97842.5,97706.52,65.72703,,178.84424503878918
2025-05-08 02:00:00+00:00,97816.22,97899.99,97992.0,97816.21,76.35217,,178.62608467887523
2025-05-08 02:05:00+00:00,97899.99,97927.96,98021.31,97899.99,116.44468,,174.5327929160979
2025-05-08 02:10:00+00:00,97929.99,98058.78,98058.79,97924.22,60.63746,,171.67830770780463
2025-05-08 02:15:00+00:00,98058.78,98187.67,98256.56,98040.0,140.83129,,174.8841428715327
2025-05-08 02:20:00+00:00,98187.67,98330.01,98340.0,98140.0,156.00656,,176.6781326664232
2025-05-08 02:25:00+00:00,98330.0,98594.34,98598.33,98326.0,368.98848,,183.51040890453598
2025-05-08 02:30:00+00:00,98594.34,98637.4,98812.62,98565.6,329.88177,,188.04680826849696
2025-05-08 02:35:00+00:00,98637.4,98639.01,98847.0,98608.17,258.77656,,191.6741791064616
2025-05-08 02:40:00+00:00,98639.01,98683.82,98738.28,98628.11,71.17157,,185.85245202742848
2025-05-08 02:45:00+00:00,98683.81,98791.52,98829.34,98679.49,135.83553,,183.28084831118298
2025-05-08 02:50:00+00:00,98791.52,98725.27,98845.27,98691.34,71.62517,,181.184359146099
2025-05-08 02:55:00+00:00,98725.27,98681.99,98725.27,98639.86,66.24578,,174.3433334928065
2025-05-08 03:00:00+00:00,98681.99,98662.65,98719.6,98532.02,89.71855,,175.28880967189187
2025-05-08 03:05:00+00:00,98662.66,98793.99,98868.59,98652.32,112.52764,,178.21603755247025
2025-05-08 03:10:00+00:00,98793.98,98776.32,98875.0,98726.2,57.78773,,176.1148920130083
2025-05-08 03:15:00+00:00,98776.32,98745.95,98815.2,98682.5,84.77306,,173.01382829779322
2025-05-08 03:20:00+00:00,98745.96,98800.01,98820.0,98741.02,56.03717,,166.297126276522
2025-05-08 03:25:00+00:00,98800.01,98809.52,98839.99,98769.85,68.49868,,159.42876011391326
2025-05-08 03:30:00+00:00,98809.53,98746.7,98838.5,98706.34,53.78156,,157.48099153434828
2025-05-08 03:35:00+00:00,98746.69,98791.0,98887.99,98739.99,76.92094,,156.80377785332342
2025-05-08 03:40:00+00:00,98791.0,99108.82,99108.82,98791.0,294.2714,,168.3049365780865
2025-05-08 03:45:00+00:00,99108.82,98985.18,99222.22,98834.9,332.95883,,183.94886967965226
2025-05-08 03:50:00+00:00,98985.19,99010.78,99039.01,98917.8,74.11245,,179.46752184539082
2025-05-08 03:55:00+00:00,99010.79,99152.79,99173.91,98984.2,163.99582,,180.19912742786337
2025-05-08 04:00:00+00:00,99152.79,99236.98,99333.3,99132.53,271.13347,,181.66847546873058
2025-05-08 04:05:00+00:00,99236.99,99213.18,99383.69,99208.95,219.41501,,181.17358436382162
2025-05-08 04:10:00+00:00,99213.17,99205.36,99236.07,99100.0,126.83089,,177.95189976640629
2025-05-08 04:15:00+00:00,99205.36,99389.49,99419.0,99205.36,118.89901,,180.5010497830915
2025-05-08 04:20:00+00:00,99389.49,99299.99,99389.5,99272.29,71.77744,,175.98026051287115
2025-05-08 04:25:00+00:00,99299.99,99350.52,99350.52,99254.34,93.01552,,170.28024190480946
2025-05-08 04:30:00+00:00,99350.51,99298.78,99350.52,99246.05,61.91663,,165.5795103401803
2025-05-08 04:35:00+00:00,99298.78,99295.0,99339.99,99240.0,95.52461,,160.89454531588208
2025-05-08 04:40:00+00:00,99295.01,99150.0,99295.01,99144.0,145.88237,,160.1885063647473
2025-05-08 04:45:00+00:00,99149.99,99082.61,99199.98,99064.72,123.29377,,158.40789876726495
2025-05-08 04:50:00+00:00,99082.61,98982.58,99140.0,98970.06,131.81966,,159.23162028388904
2025-05-08 04:55:00+00:00,98982.58,98954.32,99017.6,98888.0,257.22822,,157.11507597789736
2025-05-08 05:00:00+00:00,98954.32,99070.55,99070.56,98950.88,157.05042,,154.44114197947562
2025-05-08 05:05:00+00:00,99070.55,99011.41,99120.0,99005.24,111.96755,,151.60677469522696
2025-05-08 05:10:00+00:00,99011.42,98918.11,99018.0,98900.0,107.32304,,149.20629078842506
2025-05-08 05:15:00+00:00,98918.11,98844.52,98918.11,98829.64,195.24264,,144.86798430353764
2025-05-08 05:20:00+00:00,98844.52,98826.93,98925.96,98826.93,108.645,,141.5938425675716
2025-05-08 05:25:00+00:00,98826.94,98935.99,98935.99,98774.27,167.49093,,143.03142524131658
2025-05-08 05:30:00+00:00,98935.99,98895.07,98945.66,98858.1,96.20702,,139.06918058122238
2025-05-08 05:35:00+00:00,98895.08,98859.88,98895.08,98834.26,44.85587,,133.47995339684985
2025-05-08 05:40:00+00:00,98859.88,98859.99,98877.79,98804.41,109.58672,,129.18709958278845
2025-05-08 05:45:00+00:00,98860.0,98854.01,98882.87,98843.5,26.49307,,122.7715924697318
2025-05-08 05:50:00+00:00,98854.0,98747.54,98854.01,98738.45,46.54281,,122.25647872189366
2025-05-08 05:55:00+00:00,98747.53,98740.61,98773.5,98738.09,36.25314,,116.05315881318722
2025-05-08 06:00:00+00:00,98740.6,98763.0,98786.39,98723.25,51.36258,,112.27364746938808
2025-05-08 06:05:00+00:00,98763.0,98857.11,98857.12,98762.99,54.9163,,110.97767265014537
2025-05-08 06:10:00+00:00,98857.11,98896.83,98896.83,98831.11,47.38718,,107.74498174656364
2025-05-08 06:15:00+00:00,98896.83,98843.87,98896.84,98819.99,36.73042,,105.53819733609419
2025-05-08 06:20:00+00:00,98843.88,98852.18,98892.91,98825.39,37.76182,,102.82261181208774
2025-05-08 06:25:00+00:00,98852.19,98835.27,98858.43,98827.24,20.94966,,97.70599668265204
2025-05-08 06:30:00+00:00,98835.27,98830.76,98835.74,98801.58,26.3535,,93.16699691960572
2025-05-08 06:35:00+00:00,98830.76,98868.56,98900.0,98813.06,39.81966,,92.72221142534833
2025-05-08 06:40:00+00:00,98868.56,98911.8,98911.8,98850.14,41.53882,,90.5034820378237
2025-05-08 06:45:00+00:00,98911.8,98905.06,98966.99,98866.7,44.46644,,91.20251903512259
2025-05-08 06:50:00+00:00,98905.06,98979.99,98980.0,98905.06,28.02284,,90.040910532614
2025-05-08 06:55:00+00:00,98980.0,99039.99,99040.0,98979.99,41.91308,,87.89584549456978
2025-05-08 07:00:00+00:00,99040.0,99050.0,99112.0,99036.59,61.71706,,87.00399938781504
2025-05-08 07:05:00+00:00,99050.0,99169.85,99183.15,99048.0,36.71524,,90.44299943154212
2025-05-08 07:10:00+00:00,99169.84,99133.44,99169.85,99118.57,39.93841,,87.64564232928902
2025-05-08 07:15:00+00:00,99133.45,99171.99,99172.0,99114.34,26.48699,,85.50381073434005
2025-05-08 07:20:00+00:00,99172.0,99274.01,99319.22,99171.99,74.88752,,89.91282425331546
2025-05-08 07:25:00+00:00,99274.01,99319.47,99319.47,99219.39,45.22405,,90.63905109236448
2025-05-08 07:30:00+00:00,99319.46,99332.02,99372.96,99206.34,126.95247,,96.06626172862488
2025-05-08 07:35:00+00:00,99332.02,99239.13,99332.03,99200.0,79.5815,,98.63510017658017
2025-05-08 07:40:00+00:00,99239.13,99345.91,99345.92,99217.97,72.39557,,100.72902159253852
2025-05-08 07:45:00+00:00,99345.91,99268.92,99345.92,99260.25,72.44802,,99.65337719307136
2025-05-08 07:50:00+00:00,99268.92,99206.86,99300.0,99206.86,44.83385,,99.1881359649948
2025-05-08 07:55:00+00:00,99206.86,99252.34,99256.72,99206.86,52.5089,,95.66469768178092
2025-05-08 08:00:00+00:00,99252.34,99368.71,99368.71,99209.04,93.92529,,100.23650499022607
2025-05-08 08:05:00+00:00,99369.57,99468.67,99621.85,99351.26,387.94486,,112.40461177663929
2025-05-08 08:10:00+00:00,99468.67,99482.36,99526.6,99462.96,67.24528,,108.92142522116501
2025-05-08 08:15:00+00:00,99482.35,99621.47,99650.0,99447.24,188.28198,,115.62418056250999
2025-05-08 08:20:00+00:00,99621.48,99540.5,99711.63,99520.0,141.17692,,121.05316766518818
2025-05-08 08:25:00+00:00,99540.51,99534.61,99560.48,99500.0,77.74848,,116.72651283196016
2025-05-08 08:30:00+00:00,99534.61,99511.27,99534.62,99436.5,77.48798,,115.39747620110553
2025-05-08 08:35:00+00:00,99511.27,99569.95,99570.52,99506.05,38.34125,,111.75979932959808
2025-05-08 08:40:00+00:00,99569.95,99631.07,99666.67,99569.95,91.7349,,110.6855279489126
2025-05-08 08:45:00+00:00,99631.07,99749.09,99800.0,99611.27,221.19033,,116.26013309541854
2025-05-08 08:50:00+00:00,99749.08,99755.75,99755.76,99633.01,69.31744,,116.72369501717435
2025-05-08 08:55:00+00:00,99755.75,99666.66,99755.76,99657.07,75.40751,,115.43557394451817
2025-05-08 09:00:00+00:00,99666.67,99557.15,99699.0,99550.03,59.81422,,117.83089009133838
2025-05-08 09:05:00+00:00,99557.15,99615.99,99615.99,99550.06,33.0881,,114.12368365624332
2025-05-08 09:10:00+00:00,99615.99,99581.62,99615.99,99568.58,32.11572,,109.35842053794048
2025-05-08 09:15:00+00:00,99581.62,99600.79,99600.79,99555.55,68.78737,,104.77853335665836
2025-05-08 09:20:00+00:00,99600.78,99667.99,99672.79,99600.78,58.86237,,102.43792383118239
2025-05-08 09:25:00+00:00,99667.99,99650.79,99680.0,99569.95,67.16896,,102.98164355752671
2025-05-08 09:30:00+00:00,99650.8,99570.38,99650.8,99549.93,102.33083,,102.83081187484694
2025-05-08 09:35:00+00:00,99570.38,99559.42,99585.42,99538.36,24.38913,,98.84718245521485
2025-05-08 09:40:00+00:00,99559.43,99590.86,99600.0,99555.88,35.23382,,94.93809799412773
2025-05-08 09:45:00+00:00,99590.86,99670.53,99670.54,99590.86,34.77992,,93.84823385168954
2025-05-08 09:50:00+00:00,99670.53,99798.61,99800.0,99641.78,70.49214,,98.44621714799753
2025-05-08 09:55:00+00:00,99798.62,99790.97,99800.01,99740.0,92.48947,,95.70077306599732
2025-05-08 10:00:00+00:00,99790.97,99800.0,99800.0,99714.61,61.85088,,94.9642892755689
2025-05-08 10:05:00+00:00,99799.99,99700.0,99809.53,99700.0,39.84241,,96.00469718445676
2025-05-08 10:10:00+00:00,99700.01,99685.16,99748.79,99682.97,38.20453,,93.84864738556645
2025-05-08 10:15:00+00:00,99685.16,99812.24,99818.0,99685.16,29.92445,,96.63374400088288
2025-05-08 10:20:00+00:00,99812.24,99810.61,99812.24,99774.11,49.07249,,92.4549051436773
2025-05-08 10:25:00+00:00,99810.61,99818.0,99818.0,99799.99,47.33691,,87.13741191912854
2025-05-08 10:30:00+00:00,99818.0,99756.57,99878.29,99756.56,182.87822,,89.60831106776193
2025-05-08 10:35:00+00:00,99756.57,99750.97,99795.27,99743.19,68.88025,,86.92771742006478
2025-05-08 10:40:00+00:00,99750.98,99772.23,99797.95,99750.97,24.37689,,84.074309032917
2025-05-08 10:45:00+00:00,99772.22,99813.59,99813.59,99772.22,38.6684,,81.02400124485118
2025-05-08 10:50:00+00:00,99813.58,99778.13,99813.59,99772.22,25.32308,,78.19157258450433
2025-05-08 10:55:00+00:00,99778.14,99780.67,99888.0,99772.22,94.77276,,80.87646025703965
2025-05-08 11:00:00+00:00,99780.66,99690.56,99780.66,99660.0,151.53864,,83.71885595296526
2025-05-08 11:05:00+00:00,99690.56,99646.0,99690.57,99609.59,34.17071,,83.52322338489705
2025-05-08 11:10:00+00:00,99646.0,99619.05,99676.02,99606.43,37.08031,,82.52799314311947
2025-05-08 11:15:00+00:00,99619.04,99619.05,99679.77,99593.45,50.23304,,82.7988507757543
2025-05-08 11:20:00+00:00,99619.04,99541.41,99619.05,99505.09,142.49387,,85.02464714891516
2025-05-08 11:25:00+00:00,99541.42,99490.0,99558.91,99484.33,56.90281,,84.27860092399278
2025-05-08 11:30:00+00:00,99490.0,99448.62,99518.41,99448.62,47.15623,,83.24370085799389
2025-05-08 11:35:00+00:00,99448.62,99549.6,99549.61,99448.62,57.3545,,84.51129365385184
2025-05-08 11:40:00+00:00,99549.61,99562.49,99570.0,99522.18,49.96579,,81.8904869642915
2025-05-08 11:45:00+00:00,99562.49,99513.77,99580.0,99504.62,39.51995,,81.42545218112816
2025-05-08 11:50:00+00:00,99513.76,99465.53,99539.0,99465.53,41.66843,,80.85720559676194
2025-05-08 11:55:00+00:00,99465.54,99409.14,99465.54,99406.54,84.10501,,79.29597662556466
2025-05-08 12:00:00+00:00,99409.15,99462.0,99476.2,99385.54,105.89636,,80.10769258088172
2025-05-08 12:05:00+00:00,99462.0,99428.57,99467.53,99391.92,52.11094,,79.7864288251045
2025-05-08 12:10:00+00:00,99428.58,99383.82,99478.14,99383.82,37.0957,,80.8245410518822
2025-05-08 12:15:00+00:00,99383.83,99436.0,99473.76,99383.82,63.20389,,81.47564526246117
2025-05-08 12:20:00+00:00,99436.0,99538.49,99538.5,99436.0,49.42424,,82.97738488657107
2025-05-08 12:25:00+00:00,99538.49,99412.52,99538.5,99412.51,56.17853,,86.04971453753066
2025-05-08 12:30:00+00:00,99412.52,99483.24,99544.98,99412.52,82.43847,,89.36473492770645
2025-05-08 12:35:00+00:00,99483.24,99285.72,99483.24,99282.81,92.30958,,97.29796814715654
2025-05-08 12:40:00+00:00,99285.72,99292.98,99317.38,99250.37,58.81096,,95.13454185093174
2025-05-08 12:45:00+00:00,99292.97,99396.83,99396.83,99282.4,44.60825,,96.51278886158002
2025-05-08 12:50:00+00:00,99396.83,99359.82,99452.46,99350.0,53.9797,,96.9375896571819
2025-05-08 12:55:00+00:00,99359.83,99287.97,99400.0,99262.96,48.51713,,99.80204753881131
2025-05-08 13:00:00+00:00,99287.97,99392.38,99396.83,99286.91,48.70177,,100.52475842889609
2025-05-08 13:05:00+00:00,99392.39,99262.74,99392.39,99253.87,56.02107,,103.2387042554038
2025-05-08 13:10:00+00:00,99262.74,99260.83,99284.94,99259.91,25.38789,,97.65236823716059
2025-05-08 13:15:00+00:00,99260.82,99333.64,99340.0,99250.0,45.42807,,97.10577050593483
2025-05-08 13:20:00+00:00,99333.64,99370.21,99405.04,99325.35,40.29283,,95.86178689836719
2025-05-08 13:25:00+00:00,99370.22,99418.71,99439.48,99370.22,53.90451,,93.96237354848306
2025-05-08 13:30:00+00:00,99418.71,99480.79,99500.0,99341.99,85.85336,True,98.53720400930533
2025-05-08 13:35:00+00:00,99480.79,99292.89,99633.86,99280.0,100.32843,True,116.77454658006927
2025-05-08 13:40:00+00:00,99292.9,99307.99,99420.0,99220.01,61.64255,True,122.71850753863612
2025-05-08 13:45:00+00:00,99308.0,99118.86,99308.0,99090.66,106.67499,True,129.4771855715904
2025-05-08 13:50:00+00:00,99118.85,99260.68,99340.0,99114.0,120.34981,True,136.3716723164768
2025-05-08 13:55:00+00:00,99260.68,99290.03,99413.8,99222.3,59.20052,True,140.30941000815704
2025-05-08 14:00:00+00:00,99290.04,99373.38,99420.0,99264.08,53.59214,True,141.42445215043142
2025-05-08 14:05:00+00:00,99373.38,99349.94,99441.58,99289.29,55.3006,True,142.20056271111548
2025-05-08 14:10:00+00:00,99349.94,99174.6,99440.0,99153.73,127.49901,True,152.49123680317896
2025-05-08 14:15:00+00:00,99174.61,99393.43,99400.0,99174.6,58.87917,True,157.69900560295147
2025-05-08 14:20:00+00:00,99393.44,99447.85,99480.14,99393.43,91.42701,True,152.62836234559828
2025-05-08 14:25:00+00:00,99447.86,99499.99,99537.47,99428.57,83.5577,True,149.50490789234087
2025-05-08 14:30:00+00:00,99499.99,99762.26,99780.85,99499.99,140.20926,True,158.8874144714594
2025-05-08 14:35:00+00:00,99762.25,99564.55,99780.85,99564.55,104.24036,True,162.98831343778394
2025-05-08 14:40:00+00:00,99564.55,99628.0,99640.0,99500.0,88.5652,True,161.34629104937082
2025-05-08 14:45:00+00:00,99627.99,99658.04,99694.94,99535.38,60.01829,True,161.21869883155844
2025-05-08 14:50:00+00:00,99658.04,99624.0,99822.6,99610.71,166.54023,True,164.83807748644708
2025-05-08 14:55:00+00:00,99624.0,99371.95,99646.67,99362.65,190.69527,True,173.35107195170116
2025-05-08 15:00:00+00:00,99371.95,99340.19,99492.07,99316.85,94.70948,True,173.484566812294
2025-05-08 15:05:00+00:00,99340.18,99640.31,99640.31,99316.0,69.73251,True,184.2578120399871
2025-05-08 15:10:00+00:00,99640.31,99746.03,99777.78,99617.63,60.61091,True,182.5358254657019
2025-05-08 15:15:00+00:00,99746.03,99769.98,99769.99,99704.33,46.01207,True,174.187552218152
2025-05-08 15:20:00+00:00,99769.98,100470.59,100740.01,99659.85,1478.42989,True,238.89986991685464
2025-05-08 15:25:00+00:00,100470.59,100634.94,100888.88,100354.84,723.59253,True,259.981307779937
2025-05-08 15:30:00+00:00,100634.93,100620.02,100812.0,100423.4,368.725,True,269.16835722422763
2025-05-08 15:35:00+00:00,100620.01,100997.59,100998.24,100586.41,273.48804,True,279.35847456535436
2025-05-08 15:40:00+00:00,100997.59,101269.85,101525.03,100962.0,870.65721,True,299.6207263821147
2025-05-08 15:45:00+00:00,101269.85,101333.35,101403.69,101095.36,231.04457,True,300.24281735482094
2025-05-08 15:50:00+00:00,101333.34,100862.68,101436.05,100678.36,720.74019,True,332.917616115191
2025-05-08 15:55:00+00:00,100862.67,100758.08,100888.0,100702.22,256.80552,True,322.4077863926773
2025-05-08 16:00:00+00:00,100758.08,100608.0,101015.88,100596.0,386.99049,True,329.3700873646293
2025-05-08 16:05:00+00:00,100608.0,100949.99,100950.0,100608.0,118.40911,True,330.27222398144147
2025-05-08 16:10:00+00:00,100949.99,100964.87,101002.0,100816.08,164.04606,True,319.9613508399098
2025-05-08 16:15:00+00:00,100964.87,101076.94,101153.83,100964.87,143.71304,True,310.6041114942024
2025-05-08 16:20:00+00:00,101076.94,100932.78,101120.0,100888.88,107.66398,True,304.9266749589019
2025-05-08 16:25:00+00:00,100932.77,100864.89,100941.29,100794.01,65.35194,True,293.66619817612315
2025-05-08 16:30:00+00:00,100864.9,100965.74,100965.75,100719.38,136.82933,True,290.28789830639977
2025-05-08 16:35:00+00:00,100965.74,101149.99,101150.0,100952.38,128.34174,True,283.6687627130852
2025-05-08 16:40:00+00:00,101149.99,101161.99,101194.61,101101.81,122.70342,True,270.03527966215074
2025-05-08 16:45:00+00:00,101161.99,101216.31,101216.32,101061.83,144.57416,True,261.78204540056896
2025-05-08 16:50:00+00:00,101216.31,101330.09,101355.31,101216.31,86.32667,True,253.0118993005283
2025-05-08 16:55:00+00:00,101330.09,101276.49,101344.0,101269.84,80.21001,True,240.2367636362051
2025-05-08 17:00:00+00:00,101276.49,101160.85,101280.0,101122.61,90.06419,True,234.3191376621904
2025-05-08 17:05:00+00:00,101160.85,101181.08,101300.01,101111.11,71.71876,True,231.0749135434621
2025-05-08 17:10:00+00:00,101181.08,101233.03,101269.85,101171.27,150.59931,True,221.61099114750064
2025-05-08 17:15:00+00:00,101233.03,101423.48,101431.11,101229.81,164.38991,True,220.16020606553653
2025-05-08 17:20:00+00:00,101423.48,101475.19,101500.0,101349.64,142.02688,True,215.1744770608554
2025-05-08 17:25:00+00:00,101475.18,101524.89,101707.02,101388.66,332.94605,True,222.54487155650864
2025-05-08 17:30:00+00:00,101524.89,101413.89,101597.24,101403.75,155.13403,True,220.46952358818697
2025-05-08 17:35:00+00:00,101413.9,101288.52,101417.95,101245.88,118.90548,True,217.0124147604588
2025-05-08 17:40:00+00:00,101288.52,101063.49,101288.53,101022.08,128.87724,True,220.54367084899724
2025-05-08 17:45:00+00:00,101063.5,100873.02,101095.24,100779.26,148.12956,True,227.36055150264104
2025-05-08 17:50:00+00:00,100873.02,101031.74,101040.27,100863.38,100.03985,True,223.7555121095952
2025-05-08 17:55:00+00:00,101031.74,101027.13,101063.5,100956.51,58.77063,True,215.41511838748164
2025-05-08 18:00:00+00:00,101027.14,101077.93,101150.0,100970.0,84.39707,True,212.8854670740901
2025-05-08 18:05:00+00:00,101077.93,101202.74,101202.75,101048.19,55.75181,True,208.71936228308348
2025-05-08 18:10:00+00:00,101202.75,101246.38,101307.81,101202.74,63.91726,True,201.31583640571984
2025-05-08 18:15:00+00:00,101246.37,101359.44,101359.45,101212.18,39.31703,True,197.45541951959726
2025-05-08 18:20:00+00:00,101359.45,101358.83,101397.31,101260.0,88.24115,True,193.15931812534015
2025-05-08 18:25:00+00:00,101358.83,101317.47,101367.26,101246.64,41.45719,True,187.9779382592441
2025-05-08 18:30:00+00:00,101317.47,101428.27,101443.79,101266.87,74.43301,True,187.18808552644083
2025-05-08 18:35:00+00:00,101428.26,101430.76,101450.0,101378.39,39.65315,True,178.93250798883795
2025-05-08 18:40:00+00:00,101430.75,101317.46,101485.2,101317.46,81.61778,True,178.13304313249174
2025-05-08 18:45:00+00:00,101317.46,101391.99,101412.68,101240.63,46.97644,True,177.69854005159866
2025-05-08 18:50:00+00:00,101391.99,101349.21,101392.0,101301.15,25.96586,True,171.4950729050563
2025-05-08 18:55:00+00:00,101349.21,101365.38,101391.99,101301.16,26.5704,True,165.73328198326666
2025-05-08 19:00:00+00:00,101365.39,101265.35,101365.39,101222.22,47.19831,True,164.12161898446178
2025-05-08 19:05:00+00:00,101265.35,101142.86,101265.36,101124.09,49.9023,True,162.48936048557195
2025-05-08 19:10:00+00:00,101142.86,101065.28,101167.97,101051.2,37.94445,True,159.22369187945995
2025-05-08 19:15:00+00:00,101065.28,101085.76,101092.73,101005.03,44.41889,True,154.1148567452126
2025-05-08 19:20:00+00:00,101085.77,101126.98,101342.06,101061.6,147.92294,True,163.13950983483969
2025-05-08 19:25:00+00:00,101126.99,101204.19,101236.37,101105.57,68.71459,True,160.82954484663603
2025-05-08 19:30:00+00:00,101204.2,101249.06,101315.37,101204.19,56.95314,True,157.28314878616152
2025-05-08 19:35:00+00:00,101249.07,101243.25,101308.0,101174.01,68.84313,True,155.61935244429318
2025-05-08 19:40:00+00:00,101243.26,101256.92,101264.16,101207.05,39.59005,True,148.58297012684372
2025-05-08 19:45:00+00:00,101256.92,101336.04,101348.98,101190.47,72.68934,True,149.29204368921162
2025-05-08 19:50:00+00:00,101336.03,101153.55,101336.03,101148.77,267.77316,True,152.0047548542672
2025-05-08 19:55:00+00:00,101153.55,101299.99,101317.46,100972.0,182.75057,True,165.8229866503914
2025-05-08 20:00:00+00:00,101300.0,101485.99,101539.69,101285.71,126.94956,True,172.11991617536316
2025-05-08 20:05:00+00:00,101486.0,101641.85,101833.99,101485.99,236.19398,,184.68277930569437
2025-05-08 20:10:00+00:00,101641.85,101434.38,101648.18,101434.37,70.88073,,186.76329506957316
2025-05-08 20:15:00+00:00,101434.38,101433.99,101451.05,101290.42,65.33952,,184.89663113603254
2025-05-08 20:20:00+00:00,101434.0,101379.17,101434.0,101355.51,43.28602,,177.29615748345915
2025-05-08 20:25:00+00:00,101379.17,101567.01,101567.01,101379.16,70.23456,,178.05000337749718
2025-05-08 20:30:00+00:00,101567.01,101780.0,101880.0,101567.0,198.30041,,187.6892888505331
2025-05-08 20:35:00+00:00,101779.99,102191.28,102222.0,101615.93,510.78721,,217.57362536120982
2025-05-08 20:40:00+00:00,102191.29,102114.1,102300.0,102032.6,219.72774,,221.13265212112302
2025-05-08 20:45:00+00:00,102114.1,102117.59,102208.3,102018.35,83.22489,,218.90531982675688
2025-05-08 20:50:00+00:00,102117.58,102428.58,102460.0,102117.58,214.95044,,227.7277969819884
2025-05-08 20:55:00+00:00,102428.57,102607.8,102851.0,102428.57,478.87539,,241.63509719756016
2025-05-08 21:00:00+00:00,102607.79,102332.46,102682.54,102322.23,134.88706,,250.11187596916284
2025-05-08 21:05:00+00:00,102332.46,102284.99,102376.63,102114.66,113.96965,,250.95888482850842
2025-05-08 21:10:00+00:00,102285.0,102512.49,102532.0,102269.84,110.75994,,251.75896448361522
2025-05-08 21:15:00+00:00,102512.49,102973.9,103432.87,102449.01,593.30693,,304.0518955919284
2025-05-08 21:20:00+00:00,102973.9,103670.86,104145.76,102962.7,741.12416,,366.8381887639334
2025-05-08 21:25:00+00:00,103670.86,103300.64,103670.87,103225.91,223.56554,,372.41831813793755
2025-05-08 21:30:00+00:00,103300.65,103377.7,103664.86,103223.42,288.128,,377.34843827094215
2025-05-08 21:35:00+00:00,103377.7,103367.01,103528.74,103301.57,194.57298,,366.62140696587477
2025-05-08 21:40:00+00:00,103367.01,103000.0,103441.31,102867.41,317.02572,,381.42702075402616
2025-05-08 21:45:00+00:00,103000.01,102972.93,103301.57,102970.87,250.48551,,377.8036621287394
2025-05-08 21:50:00+00:00,102972.93,102630.21,103020.97,102614.12,318.74549,,379.87840054811556
2025-05-08 21:55:00+00:00,102630.21,102828.03,102936.51,102630.21,102.12694,,374.6228005089636
2025-05-08 22:00:00+00:00,102828.04,102595.4,102841.27,102526.65,117.5219,,370.33688618689547
2025-05-08 22:05:00+00:00,102595.4,102501.58,102754.13,102486.02,85.75973,,363.0349657449744
2025-05-08 22:10:00+00:00,102501.59,102566.01,102587.31,102396.86,102.10264,,350.7074681917617
2025-05-08 22:15:00+00:00,102566.0,102900.01,103050.0,102566.0,156.45448,,360.2283633209216
2025-05-08 22:20:00+00:00,102900.0,102854.58,102918.38,102788.1,89.99791,,343.80348022657
2025-05-08 22:25:00+00:00,102854.58,102827.5,102878.4,102703.77,68.16682,,331.71966021038577
2025-05-08 22:30:00+00:00,102827.49,102707.7,102827.5,102678.0,52.02804,,318.7039701953582
2025-05-08 22:35:00+00:00,102707.7,102805.88,102893.3,102707.69,61.64593,,309.1972580385469
2025-05-08 22:40:00+00:00,102805.89,103205.93,103205.94,102762.66,100.97889,,318.7745967500792
2025-05-08 22:45:00+00:00,103205.93,103037.9,103230.66,103020.01,78.9826,,311.05141126793126
2025-05-08 22:50:00+00:00,103037.9,102999.99,103043.49,102892.15,71.88285,,299.64345332022265
2025-05-08 22:55:00+00:00,102999.99,103017.95,103017.96,102904.82,42.90348,,286.32177808306386
2025-05-08 23:00:00+00:00,103017.95,102873.03,103017.96,102811.02,115.7781,,280.6516510771309
2025-05-08 23:05:00+00:00,102873.02,102976.28,103016.64,102845.61,75.03158,,272.82153314305003
2025-05-08 23:10:00+00:00,102976.28,102996.96,103119.29,102975.99,77.95599,,263.5699950614028
2025-05-08 23:15:00+00:00,102996.95,103118.73,103181.25,102960.02,56.62999,,260.5457096998737
2025-05-08 23:20:00+00:00,103118.72,102930.42,103160.14,102930.41,67.02847,,258.34458757845385
2025-05-08 23:25:00+00:00,102930.41,102850.0,102963.81,102786.76,55.96265,,252.53783132285022
2025-05-08 23:30:00+00:00,102850.01,102887.99,103060.28,102841.26,115.57068,,250.1437005140755
2025-05-08 23:35:00+00:00,102887.99,102969.44,103034.59,102887.99,46.43039,,242.74772190592665
2025-05-08 23:40:00+00:00,102969.43,103085.35,103115.75,102969.43,30.87264,,235.86002748407526
2025-05-08 23:45:00+00:00,103085.35,103133.89,103301.6,103054.01,82.58911,,236.69788266378495
2025-05-08 23:50:00+00:00,103136.25,103079.18,103160.51,103026.69,133.50993,,229.34946247351405
2025-05-08 23:55:00+00:00,103079.19,103261.6,103283.25,103054.37,63.59222,,229.31592943969196
2025-05-09 00:00:00+00:00,103261.61,103142.54,103268.44,103100.01,83.49279,,224.96693447971452
2025-05-09 00:05:00+00:00,103142.55,103088.88,103150.47,103040.0,88.33749,,216.78858201687785
2025-05-09 00:10:00+00:00,103088.87,103054.24,103149.0,103017.09,71.545,,210.72582615852966
2025-05-09 00:15:00+00:00,103054.25,103152.44,103152.45,102954.28,106.75232,,209.82898143292027
2025-05-09 00:20:00+00:00,103152.44,102966.13,103175.99,102920.55,48.47643,,213.08691133056897
2025-05-09 00:25:00+00:00,102966.13,102830.06,102966.14,102823.06,67.77117,,208.08641766409988
2025-05-09 00:30:00+00:00,102830.06,102698.12,102873.0,102698.11,86.45582,,205.71524497380702
2025-05-09 00:35:00+00:00,102698.12,102704.67,102755.73,102600.0,131.08901,,202.14487033282052
2025-05-09 00:40:00+00:00,102704.68,102693.57,102720.0,102540.13,91.42947,,200.55380816619012
2025-05-09 00:45:00+00:00,102693.57,102770.4,102770.42,102650.79,54.48368,,194.77353615431974
2025-05-09 00:50:00+00:00,102770.4,102859.99,103055.47,102770.4,89.47011,,201.22328357186885
2025-05-09 00:55:00+00:00,102859.99,102820.0,102880.0,102769.23,48.42303,,194.76233474530707
2025-05-09 01:00:00+00:00,102820.01,102761.91,102850.0,102728.51,52.70247,,189.5285965492141
2025-05-09 01:05:00+00:00,102761.9,102878.45,102959.99,102705.87,59.82314,,194.14226822427094
2025-05-09 01:10:00+00:00,102878.45,102730.0,102878.46,102728.0,94.0456,,191.02210620825204
2025-05-09 01:15:00+00:00,102730.0,102802.44,102998.71,102729.99,141.06921,,196.57195576480555
2025-05-09 01:20:00+00:00,102802.44,102604.88,102809.53,102571.44,69.23142,,199.53753035303347
2025-05-09 01:25:00+00:00,102604.88,102767.87,102777.78,102551.74,72.57393,,201.4305638992449
2025-05-09 01:30:00+00:00,102767.87,102739.41,102836.77,102687.67,39.88034,,197.6926664778707
2025-05-09 01:35:00+00:00,102739.4,102647.34,102770.48,102626.6,57.30749,,193.8489045865935
2025-05-09 01:40:00+00:00,102647.34,102917.28,102917.28,102647.33,56.48181,,199.28469711612232
2025-05-09 01:45:00+00:00,102917.28,102893.32,102955.58,102841.26,47.96452,,193.2157901792569
2025-05-09 01:50:00+00:00,102893.33,102960.71,102962.08,102852.2,38.84098,,187.26323373788176
2025-05-09 01:55:00+00:00,102960.71,103098.34,103128.0,102952.38,99.87243,,186.43157418517558
2025-05-09 02:00:00+00:00,103098.34,102981.59,103098.34,102897.16,92.07042,,187.48503317194826
2025-05-09 02:05:00+00:00,102981.59,103003.85,103009.78,102931.87,50.81882,,179.65824508823792
2025-05-09 02:10:00+00:00,103003.85,102911.81,103069.95,102911.81,84.02656,,178.1212275819352
2025-05-09 02:15:00+00:00,102911.8,102885.98,103000.0,102847.0,58.49012,,176.32685418322555
2025-05-09 02:20:00+00:00,102885.98,102730.98,102894.51,102730.98,97.16657,,175.41279317013795
2025-05-09 02:25:00+00:00,102730.99,102720.01,102798.98,102720.01,94.61889,,168.5240222294139
2025-05-09 02:30:00+00:00,102720.0,102686.54,102720.0,102620.91,97.25833,,163.56516349874087
2025-05-09 02:35:00+00:00,102686.53,102730.16,102753.9,102669.65,97.6253,,157.89979467740224
2025-05-09 02:40:00+00:00,102730.15,102628.18,102749.78,102616.02,83.93922,,156.175523629016
2025-05-09 02:45:00+00:00,102628.01,102673.2,102729.98,102600.0,101.55452,,154.3044147983717
2025-05-09 02:50:00+00:00,102673.2,102576.08,102710.0,102551.47,93.69765,,154.60624231277365
2025-05-09 02:55:00+00:00,102576.08,102595.5,102609.49,102500.48,97.86083,,151.34936786186194
2025-05-09 03:00:00+00:00,102595.5,102514.56,102595.5,102425.41,116.76868,,152.6879844431573
2025-05-09 03:05:00+00:00,102514.56,102714.28,102719.72,102489.25,71.8143,,158.2438426972176
2025-05-09 03:10:00+00:00,102714.28,102738.43,102784.49,102714.28,50.01682,,151.9557110759882
2025-05-09 03:15:00+00:00,102738.42,102649.57,102793.66,102649.57,47.07308,,151.39387457056023
2025-05-09 03:20:00+00:00,102649.57,102698.42,102800.69,102634.92,64.7985,,152.42074067266336
2025-05-09 03:25:00+00:00,102698.42,102643.99,102698.42,102615.48,61.15157,,147.45783062461615
2025-05-09 03:30:00+00:00,102643.99,102559.98,102644.0,102549.41,71.18708,,143.6815570085719
2025-05-09 03:35:00+00:00,102559.99,102516.95,102637.02,102507.93,97.49095,,142.63930293653183
2025-05-09 03:40:00+00:00,102516.94,102366.49,102516.95,102364.0,105.50433,,143.37578129820793
2025-05-09 03:45:00+00:00,102366.49,102380.96,102472.18,102365.36,79.39918,,140.7646540626211
2025-05-09 03:50:00+00:00,102380.95,102450.65,102466.88,102380.95,42.4857,,136.8478930581487
2025-05-09 03:55:00+00:00,102450.65,102451.04,102471.14,102366.19,79.51632,,134.5694721254236
2025-05-09 04:00:00+00:00,102451.04,102464.84,102476.2,102374.03,70.24333,,132.25522411646463
2025-05-09 04:05:00+00:00,102464.84,102619.04,102619.04,102421.06,81.83738,,136.94985096528828
2025-05-09 04:10:00+00:00,102619.03,102660.01,102663.32,102588.82,31.31624,,132.48914732491053
2025-05-09 04:15:00+00:00,102660.01,102628.66,102693.99,102600.0,45.15866,,129.73920823027444
2025-05-09 04:20:00+00:00,102628.66,102592.71,102695.72,102571.42,48.25458,,129.35069335668362
2025-05-09 04:25:00+00:00,102592.71,102554.49,102630.61,102536.13,72.35982,,126.85992954549165
2025-05-09 04:30:00+00:00,102554.49,102587.51,102587.52,102490.36,63.65685,,124.73850600652823
2025-05-09 04:35:00+00:00,102587.52,102540.0,102587.52,102471.31,51.09587,,124.12932700606238
2025-05-09 04:40:00+00:00,102540.0,102571.4,102585.29,102530.84,53.79718,,119.15223221991485
2025-05-09 04:45:00+00:00,102571.39,102700.66,102776.53,102571.39,71.8434,,125.29421563277803
2025-05-09 04:50:00+00:00,102700.66,102800.0,102852.0,102700.66,82.43461,,127.15462880186507
2025-05-09 04:55:00+00:00,102800.0,102828.0,102840.0,102753.0,30.47602,,124.28644103030328
2025-05-09 05:00:00+00:00,102828.01,102802.42,102871.77,102728.49,49.42128,,125.64312381385297
2025-05-09 05:05:00+00:00,102802.42,102856.33,102867.68,102731.47,94.50886,,126.39790068429146
2025-05-09 05:10:00+00:00,102856.33,102749.5,102872.12,102722.6,38.85225,,128.0494792068413
2025-05-09 05:15:00+00:00,102749.49,102698.42,102755.98,102698.41,32.96782,,123.0152306920664
2025-05-09 05:20:00+00:00,102698.42,102634.93,102698.42,102630.0,43.75567,,119.11557135691866
2025-05-09 05:25:00+00:00,102634.94,102730.16,102730.16,102585.74,52.96075,,120.92303054571006
2025-05-09 05:30:00+00:00,102730.16,102849.03,102849.04,102730.15,63.48246,,120.7778140781593
2025-05-09 05:35:00+00:00,102849.04,102909.07,102925.08,102849.03,90.19652,,117.58297021543385
2025-05-09 05:40:00+00:00,102909.07,102930.49,102930.5,102880.16,38.64617,,112.77990091433118
2025-05-09 05:45:00+00:00,102930.49,102969.36,102969.36,102901.94,88.26703,,109.53990799187883
2025-05-09 05:50:00+00:00,102969.36,102954.87,102969.36,102906.7,76.8922,,106.1913431353163
2025-05-09 05:55:00+00:00,102954.86,102979.35,102979.36,102954.86,42.54461,,100.35624719707941
2025-05-09 06:00:00+00:00,102979.35,103019.87,103037.97,102978.14,114.80139,,97.461515254431
2025-05-09 06:05:00+00:00,103019.87,102971.47,103019.87,102963.49,62.45733,,94.52712130768522
2025-05-09 06:10:00+00:00,102971.47,102938.94,103008.78,102938.94,94.68288,,92.76375549999317
2025-05-09 06:15:00+00:00,102938.94,103023.92,103030.81,102928.77,54.86486,,93.42634439285034
2025-05-09 06:20:00+00:00,103023.92,103087.71,103087.72,103023.92,56.12686,,91.31017693621837
2025-05-09 06:25:00+00:00,103087.72,103131.46,103224.43,103087.71,153.99451,,94.55373572648753
2025-05-09 06:30:00+00:00,103131.46,103075.1,103217.85,103075.1,130.07397,,97.99632603173843
2025-05-09 06:35:00+00:00,103075.11,103060.01,103111.12,103040.0,97.08259,,96.0765884580425
2025-05-09 06:40:00+00:00,103060.0,103049.75,103062.0,103000.0,48.49427,,93.64254642532516
2025-05-09 06:45:00+00:00,103049.74,103162.5,103185.4,103049.74,95.62368,,96.64379310922972
2025-05-09 06:50:00+00:00,103162.5,103210.53,103261.71,103162.5,68.1544,,96.82709360142805
2025-05-09 06:55:00+00:00,103210.54,103230.11,103231.47,103184.0,49.46125,,93.30158691561185
2025-05-09 07:00:00+00:00,103230.11,103269.85,103300.0,103127.76,119.71758,,98.94004499306853
2025-05-09 07:05:00+00:00,103269.85,103470.19,103479.99,103269.85,150.23749,,106.88289892213503
2025-05-09 07:10:00+00:00,103470.19,103511.52,103529.79,103440.0,185.92563,,105.6619775705535
2025-05-09 07:15:00+00:00,103511.52,103633.74,103666.0,103453.0,159.53755,,113.32897917265682
2025-05-09 07:20:00+00:00,103633.74,103727.86,103798.06,103542.8,148.39548,,123.46690923175238
2025-05-09 07:25:00+00:00,103727.85,103789.37,103800.0,103642.55,125.95301,,125.89427285805559
2025-05-09 07:30:00+00:00,103789.36,103567.23,103800.0,103515.76,275.29896,,137.2046819396234
2025-05-09 07:35:00+00:00,103567.24,103799.76,103883.56,103567.23,376.28792,,149.99934751536472
2025-05-09 07:40:00+00:00,103799.76,103897.49,104000.01,103748.49,561.31189,,157.2508226928379
2025-05-09 07:45:00+00:00,103897.5,104086.52,104361.3,103891.6,564.12661,,179.5686210719207
2025-05-09 07:50:00+00:00,104086.52,103819.45,104140.0,103761.9,465.85708,,193.74943385249819
2025-05-09 07:55:00+00:00,103819.45,103628.77,103827.5,103622.22,398.06272,,194.57304572017682
2025-05-09 08:00:00+00:00,103628.76,103643.66,103719.45,103349.29,305.56102,,207.11497102587873
2025-05-09 08:05:00+00:00,103643.65,103607.4,103660.0,103545.01,104.99717,,200.53461595260205
2025-05-09 08:10:00+00:00,103607.4,103523.33,103681.13,103385.33,237.17773,,207.33928624170213
2025-05-09 08:15:00+00:00,103523.33,103574.72,103597.3,103504.47,88.77194,,199.1600515101521
2025-05-09 08:20:00+00:00,103574.72,103805.0,103842.06,103574.71,118.40069,,204.03076211656918
2025-05-09 08:25:00+00:00,103805.01,103623.08,103930.0,103526.74,324.89444,,218.2614219653853
2025-05-09 08:30:00+00:00,103623.08,103810.47,103900.0,103528.75,217.54002,,229.18917753928636
2025-05-09 08:35:00+00:00,103810.46,103285.72,103810.47,103285.71,296.15614,,250.30137914362268
2025-05-09 08:40:00+00:00,103285.72,102752.3,103355.9,102652.33,676.88892,,282.67770920479194
2025-05-09 08:45:00+00:00,102752.3,102865.74,103063.5,102752.29,350.8533,,284.7157299758787
2025-05-09 08:50:00+00:00,102865.73,102988.62,103010.0,102834.14,230.63073,,276.9403206918874
2025-05-09 08:55:00+00:00,102988.62,102968.25,102993.68,102787.94,171.2127,,271.8545834996091
2025-05-09 09:00:00+00:00,102968.25,103205.07,103236.01,102935.62,209.76107,,273.8928275353513
2025-05-09 09:05:00+00:00,103205.06,102874.8,103285.72,102873.01,166.25957,,283.8083398542552
2025-05-09 09:10:00+00:00,102874.79,102638.22,102904.77,102566.5,280.64463,,287.6984584360944
2025-05-09 09:15:00+00:00,102638.22,102940.19,102961.97,102540.75,208.43741,,297.23571140494494
2025-05-09 09:20:00+00:00,102940.19,102817.99,103000.0,102761.81,204.33839,,293.0181605903062
2025-05-09 09:25:00+00:00,102818.0,102563.31,102830.35,102444.0,353.64652,,299.68472054814185
2025-05-09 09:30:00+00:00,102563.3,102799.0,102809.53,102421.0,148.6451,,306.03081193756014
2025-05-09 09:35:00+00:00,102798.99,102803.36,102822.0,102642.06,85.6352,,297.0243253705917
2025-05-09 09:40:00+00:00,102803.37,102772.41,102889.0,102690.73,85.16665,,289.97044498697835
2025-05-09 09:45:00+00:00,102772.41,102698.27,102889.0,102686.39,69.01058,,283.7304132021942
2025-05-09 09:50:00+00:00,102698.26,102732.67,102738.63,102599.98,70.61843,,273.3675265448952
2025-05-09 09:55:00+00:00,102732.67,102915.58,102938.0,102732.67,64.0102,,268.50770322025994
2025-05-09 10:00:00+00:00,102915.58,102887.61,102975.0,102797.69,158.86613,,261.99358156166977
2025-05-09 10:05:00+00:00,102887.62,103013.39,103031.75,102861.32,158.94159,,255.45332573583573
2025-05-09 10:10:00+00:00,103013.39,103039.73,103108.99,102944.0,111.17957,,248.99165961184784
2025-05-09 10:15:00+00:00,103039.73,103033.73,103089.83,102970.77,108.55489,,239.71082678242996
2025-05-09 10:20:00+00:00,103033.72,103061.69,103061.69,102921.06,76.57914,,232.6336248693996
2025-05-09 10:25:00+00:00,103061.68,103095.53,103126.99,102998.01,162.82969,,225.22979452158611
2025-05-09 10:30:00+00:00,103095.52,103046.57,103125.75,102971.28,114.98147,,220.17552348433006
2025-05-09 10:35:00+00:00,103046.57,103165.32,103217.43,102985.58,174.39051,,221.00941466402014
2025-05-09 10:40:00+00:00,103165.31,103274.16,103285.7,103111.22,127.80464,,217.68588504516129
2025-05-09 10:45:00+00:00,103274.17,103355.99,103359.59,103229.58,146.61071,,211.4233218276494
2025-05-09 10:50:00+00:00,103356.0,103374.89,103378.0,103300.0,123.65323,,201.8930845542459
2025-05-09 10:55:00+00:00,103374.89,103371.63,103476.19,103349.2,165.45638,,196.542864228943
2025-05-09 11:00:00+00:00,103371.62,103162.39,103371.63,103142.87,144.01034,,198.84408821259058
2025-05-09 11:05:00+00:00,103162.39,103204.9,103279.66,103101.2,215.4542,,197.3880819116917
2025-05-09 11:10:00+00:00,103204.9,103222.22,103339.77,103193.93,97.73023,,193.70607606085738
2025-05-09 11:15:00+00:00,103222.23,103336.08,103409.21,103222.23,116.34879,,193.22635634222507
2025-05-09 11:20:00+00:00,103336.08,103414.0,103444.45,103273.27,122.89386,,191.6516166034942
2025-05-09 11:25:00+00:00,103413.99,103051.98,103500.0,102685.3,421.1893,,236.15507256038725
2025-05-09 11:30:00+00:00,103051.98,103110.97,103155.55,102920.02,244.44326,,236.1104245203595
2025-05-09 11:35:00+00:00,103110.97,102979.01,103140.38,102855.97,121.36329,,239.5603941974769
2025-05-09 11:40:00+00:00,102979.01,103145.68,103145.68,102943.54,46.99795,,236.8875088976571
2025-05-09 11:45:00+00:00,103145.68,103049.94,103254.71,103049.94,110.11125,,234.59340111925331
2025-05-09 11:50:00+00:00,103049.94,103000.0,103059.14,102973.34,32.94606,,223.96530103930687
2025-05-09 11:55:00+00:00,103000.0,102958.31,103049.26,102926.23,30.49434,,216.7556366793563
2025-05-09 12:00:00+00:00,102958.31,103038.59,103040.0,102910.43,174.30234,,210.5280912022599
2025-05-09 12:05:00+00:00,103038.6,102858.01,103113.24,102844.01,103.53709,,214.72108468781352
2025-05-09 12:10:00+00:00,102858.01,102950.9,102985.5,102808.02,91.88803,,212.06100721011225
2025-05-09 12:15:00+00:00,102950.9,102967.03,102986.51,102884.98,71.33078,,204.1659352665327
2025-05-09 12:20:00+00:00,102967.03,103142.83,103142.84,102952.39,95.71381,,203.1862256046373
2025-05-09 12:25:00+00:00,103142.83,103126.36,103155.58,103023.34,84.99079,,198.11863806144927
2025-05-09 12:30:00+00:00,103126.37,103133.03,103165.92,103063.5,66.36105,,191.2830210570599
2025-05-09 12:35:00+00:00,103133.03,103008.01,103133.03,102952.39,93.68879,,190.52280526726986
2025-05-09 12:40:00+00:00,103008.01,102999.99,103077.73,102946.62,70.36493,,186.27903346246492
2025-05-09 12:45:00+00:00,103000.0,103037.37,103135.36,102989.71,92.47746,,183.37695964371702
2025-05-09 12:50:00+00:00,103037.36,102983.11,103079.99,102964.0,67.81067,,178.5636053834519
2025-05-09 12:55:00+00:00,102983.1,102899.99,102983.11,102885.8,92.49878,,172.75977642749086
2025-05-09 13:00:00+00:00,102899.99,102954.97,103003.44,102899.99,64.03863,,167.8090781112413
2025-05-09 13:05:00+00:00,102954.97,103000.75,103058.94,102920.01,126.2056,,165.74628681758173
2025-05-09 13:10:00+00:00,103000.75,103149.99,103151.64,103000.75,124.12889,,164.68512347346874
2025-05-09 13:15:00+00:00,103150.0,103060.61,103185.67,103013.91,174.71274,,165.19047179679202
2025-05-09 13:20:00+00:00,103060.61,102950.42,103068.82,102920.94,154.91313,,163.95400952559294
2025-05-09 13:25:00+00:00,102950.43,103000.52,103045.86,102950.42,98.19845,,159.06015170233647
2025-05-09 13:30:00+00:00,103000.52,103165.0,103211.42,102826.63,197.91513,True,175.18371229502625
2025-05-09 13:35:00+00:00,103165.0,103257.11,103342.18,103160.23,220.00167,True,175.667018559667
2025-05-09 13:40:00+00:00,103257.11,103266.9,103372.01,103123.15,137.64588,True,180.89508866254798
2025-05-09 13:45:00+00:00,103266.9,103710.0,103710.01,103228.19,287.37661,True,202.38972518665113
2025-05-09 13:50:00+00:00,103709.99,103698.41,103710.0,103531.43,178.89076,True,200.68831624474797
2025-05-09 13:55:00+00:00,103698.42,103633.5,103793.66,103614.18,182.89697,True,199.173436512981
2025-05-09 14:00:00+00:00,103633.5,103399.99,103633.5,103306.62,147.69211,True,208.29533390491127
2025-05-09 14:05:00+00:00,103400.0,103466.13,103665.16,103286.32,213.1925,True,220.4770957688459
2025-05-09 14:10:00+00:00,103466.13,103555.27,103600.0,103428.57,127.67169,True,216.97373178535642
2025-05-09 14:15:00+00:00,103555.28,103344.96,103761.91,103344.95,134.46534,True,231.25846522926
2025-05-09 14:20:00+00:00,103344.96,102998.53,103353.84,102980.0,212.41937,True,241.44286057002688
2025-05-09 14:25:00+00:00,102998.52,102658.94,103000.44,102628.7,325.32311,True,250.74979910073964
2025-05-09 14:30:00+00:00,102658.94,103003.16,103015.48,102600.0,170.32841,True,262.5162420221151
2025-05-09 14:35:00+00:00,103003.16,102539.19,103030.68,102434.65,190.07214,True,286.3386533062496
2025-05-09 14:40:00+00:00,102539.19,102968.25,102992.47,102411.99,119.85775,True,307.3487494986601
2025-05-09 14:45:00+00:00,102968.25,102904.76,102989.65,102620.24,170.99956,True,311.78169596304076
2025-05-09 14:50:00+00:00,102904.76,102968.01,103105.04,102852.42,110.46801,True,307.55586053710897
2025-05-09 14:55:00+00:00,102968.01,103155.99,103190.47,102948.42,117.45743,True,302.8768704987442
2025-05-09 15:00:00+00:00,103156.0,103122.3,103313.0,103048.0,87.00142,True,300.1713797488339
2025-05-09 15:05:00+00:00,103122.31,103143.97,103249.98,103095.23,47.82254,True,289.7841383382029
2025-05-09 15:10:00+00:00,103143.97,103106.87,103179.55,103003.72,74.42609,True,281.6445570283314
2025-05-09 15:15:00+00:00,103106.87,103025.9,103158.61,102990.72,50.79046,True,273.5192315263077
2025-05-09 15:20:00+00:00,103025.89,102824.01,103026.65,102735.94,80.86074,True,274.74714356014226
2025-05-09 15:25:00+00:00,102824.01,102878.99,102989.14,102754.18,86.2965,True,271.9052047344183
2025-05-09 15:30:00+00:00,102878.99,102857.15,102889.66,102688.26,95.66358,True,266.86911868196046
2025-05-09 15:35:00+00:00,102857.15,102819.55,102916.0,102791.17,55.81259,True,256.72346734753484
2025-05-09 15:40:00+00:00,102819.55,102841.26,102841.27,102740.7,48.22119,True,245.56964825128284
2025-05-09 15:45:00+00:00,102841.26,102770.0,102907.3,102715.27,55.50057,True,241.74538766190543
2025-05-09 15:50:00+00:00,102770.0,102842.06,102936.51,102769.99,40.36132,True,236.37214568605427
2025-05-09 15:55:00+00:00,102842.04,102895.99,102898.44,102813.15,26.62874,True,225.58056385133668
2025-05-09 16:00:00+00:00,102895.99,102628.22,102928.0,102628.21,147.01343,True,230.88123786195501
2025-05-09 16:05:00+00:00,102628.21,102528.02,102700.0,102514.0,86.83281,True,227.67543515752965
2025-05-09 16:10:00+00:00,102528.02,102821.64,102857.15,102528.02,56.20655,True,234.92218978913397
2025-05-09 16:15:00+00:00,102821.64,102842.25,102878.5,102650.79,40.16325,True,234.40703337562485
2025-05-09 16:20:00+00:00,102842.26,102860.01,102929.51,102820.0,125.90343,True,225.48581670593697
2025-05-09 16:25:00+00:00,102860.0,102750.62,102860.01,102746.03,23.63207,True,217.52111551265548
2025-05-09 16:30:00+00:00,102750.62,102799.99,102874.95,102739.01,51.04768,True,211.6938929760374
2025-05-09 16:35:00+00:00,102800.0,102739.72,102904.77,102739.72,39.12821,True,208.3621863348921
2025-05-09 16:40:00+00:00,102739.73,102729.3,102809.53,102687.21,71.19287,True,202.21631588239924
2025-05-09 16:45:00+00:00,102729.29,102582.68,102764.98,102560.0,69.44659,True,202.413721890799
2025-05-09 16:50:00+00:00,102582.67,102659.23,102659.23,102541.21,61.65072,True,196.38559889859832
2025-05-09 16:55:00+00:00,102659.22,102480.83,102659.23,102315.14,121.33413,True,206.9359132629839
2025-05-09 17:00:00+00:00,102480.83,102492.81,102555.56,102343.6,76.8288,True,207.29477660134162
2025-05-09 17:05:00+00:00,102492.82,102841.7,102841.71,102480.0,105.66175,True,218.32443541553198
2025-05-09 17:10:00+00:00,102841.7,102780.34,102888.0,102761.9,34.55887,True,211.73697574299442
2025-05-09 17:15:00+00:00,102780.35,103000.0,103000.0,102780.34,94.97605,True,212.3029060470665
2025-05-09 17:20:00+00:00,103000.0,103011.78,103047.62,102851.96,79.6059,True,211.1141270437038
2025-05-09 17:25:00+00:00,103011.79,103031.4,103050.0,102968.25,49.46376,True,201.87383225486784
2025-05-09 17:30:00+00:00,103031.42,103118.81,103118.81,102952.38,44.038,True,199.34212995094822
2025-05-09 17:35:00+00:00,103118.8,103101.32,103205.99,103101.32,57.72018,True,192.5798349544518
2025-05-09 17:40:00+00:00,103101.32,103126.0,103155.38,103095.23,29.72906,True,183.12056102913445
2025-05-09 17:45:00+00:00,103126.0,103224.75,103227.82,103111.79,49.05915,True,178.32837809848294
2025-05-09 17:50:00+00:00,103224.74,103164.54,103224.75,103124.24,31.55326,True,172.7699225200195
2025-05-09 17:55:00+00:00,103164.55,103199.99,103220.0,103138.75,24.89095,True,166.23278519716095
2025-05-09 18:00:00+00:00,103199.99,103042.37,103246.11,103042.37,56.6027,True,168.91187196879267
2025-05-09 18:05:00+00:00,103042.38,103043.11,103104.2,103035.72,23.47688,True,161.73816682816434
2025-05-09 18:10:00+00:00,103043.11,103107.71,103126.99,103010.33,27.43748,True,158.51829776901
2025-05-09 18:15:00+00:00,103107.7,103145.69,103158.74,102932.69,33.65973,True,163.3419907855095
2025-05-09 18:20:00+00:00,103145.7,103105.69,103216.69,103095.23,39.77339,True,160.3504200151164
2025-05-09 18:25:00+00:00,103105.69,103178.93,103185.23,103095.23,17.12677,True,155.32539001403666
2025-05-09 18:30:00+00:00,103178.93,103268.65,103279.54,103146.44,38.9829,True,153.73786215589055
2025-05-09 18:35:00+00:00,103268.66,103258.02,103309.23,103193.15,40.65121,True,151.04801485904136
2025-05-09 18:40:00+00:00,103258.02,103317.12,103350.0,103258.01,37.02003,True,146.82958522625307
2025-05-09 18:45:00+00:00,103317.12,103344.78,103361.83,103285.71,32.94919,True,141.77890056723467
2025-05-09 18:50:00+00:00,103344.77,103281.83,103370.54,103256.04,24.98969,True,139.83040766957507
2025-05-09 18:55:00+00:00,103281.83,103176.46,103296.39,103176.44,26.71498,True,138.4103785503195
2025-05-09 19:00:00+00:00,103176.46,103198.01,103232.84,103176.45,23.51634,True,132.5517800824395
2025-05-09 19:05:00+00:00,103198.02,103227.44,103285.68,103198.01,25.73125,True,129.3459386479794
2025-05-09 19:10:00+00:00,103227.44,103142.85,103274.55,103142.85,24.11315,True,129.51408588740924
2025-05-09 19:15:00+00:00,103142.85,103030.32,103142.86,103009.07,47.83828,True,129.8195083240224
2025-05-09 19:20:00+00:00,103030.33,103016.26,103071.41,102894.0,47.71263,True,133.21882915802104
2025-05-09 19:25:00+00:00,103016.27,103000.0,103031.75,102948.33,32.40685,True,129.66176993244798
2025-05-09 19:30:00+00:00,103000.0,103039.99,103070.46,102901.48,31.78822,True,132.47021493727388
2025-05-09 19:35:00+00:00,103039.99,103063.49,103063.5,102984.61,25.82544,True,128.64305672746858
2025-05-09 19:40:00+00:00,103063.5,103089.52,103104.73,103063.49,17.24829,True,122.39998124693444
2025-05-09 19:45:00+00:00,103089.53,103091.99,103118.34,103064.33,19.19581,True,117.51498258643876
2025-05-09 19:50:00+00:00,103092.0,103186.49,103195.0,103081.81,39.10817,True,117.20605525883616
2025-05-09 19:55:00+00:00,103186.48,103189.17,103206.92,103098.11,44.39201,True,116.60633702606198
2025-05-09 20:00:00+00:00,103189.17,103247.52,103247.53,103174.2,21.99508,True,113.5151700956291
2025-05-09 20:05:00+00:00,103247.52,103375.31,103375.32,103246.19,34.03823,,114.63051508879879
2025-05-09 20:10:00+00:00,103375.31,103311.68,103408.0,103311.67,55.15773,,113.32333543959899
2025-05-09 20:15:00+00:00,103311.67,103326.96,103353.46,103296.0,32.69537,,109.3330971939138
2025-05-09 20:20:00+00:00,103326.97,103335.58,103346.51,103317.46,20.62379,,103.59859025149056
2025-05-09 20:25:00+00:00,103335.57,103318.08,103349.21,103318.07,11.96038,,98.42297666209834
2025-05-09 20:30:00+00:00,103318.07,103270.98,103318.08,103224.01,36.38027,,98.11204975766324
2025-05-09 20:35:00+00:00,103270.79,103219.99,103270.79,103200.0,26.81564,,96.17404620354414
2025-05-09 20:40:00+00:00,103219.99,103225.98,103240.0,103207.75,18.5258,,91.60804290329098
2025-05-09 20:45:00+00:00,103225.98,103225.97,103225.99,103178.03,21.79323,,88.49032555305637
2025-05-09 20:50:00+00:00,103225.97,103179.54,103238.11,103143.12,47.80629,,88.95458801355271
2025-05-09 20:55:00+00:00,103179.53,103183.94,103200.0,103149.22,22.83815,,86.22783172687028
2025-05-09 21:00:00+00:00,103183.93,103173.25,103215.46,103144.52,33.59645,,85.1358437463797
2025-05-09 21:05:00+00:00,103173.25,103159.87,103183.55,103109.47,21.04895,,84.34614062163841
2025-05-09 21:10:00+00:00,103159.87,103007.55,103159.87,103007.54,32.20891,,89.20213057723579
2025-05-09 21:15:00+00:00,103007.55,102882.94,103076.88,102874.08,41.33279,,97.31626410743344
2025-05-09 21:20:00+00:00,102882.95,102785.79,102955.09,102785.79,77.01691,,102.45795952833126
2025-05-09 21:25:00+00:00,102785.79,102923.07,102923.08,102769.92,32.17701,,106.07953384773643
2025-05-09 21:30:00+00:00,102923.08,102972.72,102972.72,102908.0,34.59884,,103.12528143004104
2025-05-09 21:35:00+00:00,102972.71,102921.26,102991.78,102911.9,13.30876,,101.46490418503845
2025-05-09 21:40:00+00:00,102921.27,102812.17,102952.0,102812.17,24.61549,,104.20526817182154
2025-05-09 21:45:00+00:00,102812.18,102867.64,102880.84,102782.19,24.87938,,103.80846330240531
2025-05-09 21:50:00+00:00,102867.64,102922.87,102922.87,102857.36,14.65998,,101.07285878080457
2025-05-09 21:55:00+00:00,102922.87,102984.99,102985.0,102922.86,27.14882,,98.29194029646135
2025-05-09 22:00:00+00:00,102985.0,103032.0,103070.41,102985.0,34.2829,,97.37251598957111
2025-05-09 22:05:00+00:00,103032.0,103016.0,103039.3,102998.01,26.62298,,93.36662199031662
2025-05-09 22:10:00+00:00,103016.0,103018.64,103039.99,103000.0,19.62814,,89.5540061338658
2025-05-09 22:15:00+00:00,103018.65,102956.03,103018.65,102922.22,40.1477,,90.04514855287489
2025-05-09 22:20:00+00:00,102956.02,102980.0,103016.21,102956.02,20.38244,,87.91263794195542
2025-05-09 22:25:00+00:00,102980.01,103047.61,103047.62,102957.71,12.98497,,88.05530666038638
2025-05-09 22:30:00+00:00,103047.61,103006.91,103067.43,103006.9,16.58075,,86.08921332750155
2025-05-09 22:35:00+00:00,103006.9,102995.49,103006.91,102945.62,13.03707,,84.3178409469663
2025-05-09 22:40:00+00:00,102995.49,102949.71,102995.5,102922.4,13.58291,,83.51656659361198
2025-05-09 22:45:00+00:00,102949.7,102904.76,102956.0,102904.76,19.58204,,81.21109755121151
2025-05-09 22:50:00+00:00,102904.76,102825.01,102915.0,102825.0,19.44831,,81.83887629755354
2025-05-09 22:55:00+00:00,102825.0,102784.66,102847.32,102727.25,104.63224,,84.56967084772877
2025-05-09 23:00:00+00:00,102784.65,102835.73,102835.74,102784.65,18.28175,,82.1782657871775
2025-05-09 23:05:00+00:00,102835.74,102820.89,102835.74,102736.59,22.58031,,83.39053251666543
2025-05-09 23:10:00+00:00,102820.89,102870.0,102870.0,102820.88,18.55979,,80.94263733690329
2025-05-09 23:15:00+00:00,102870.0,102899.98,102900.0,102847.84,33.91697,,78.88673466998186
2025-05-09 23:20:00+00:00,102899.99,102914.99,102915.0,102899.98,25.59309,,74.32482505069774
2025-05-09 23:25:00+00:00,102915.0,102934.19,102968.26,102914.99,32.07701,,72.82090897564716
2025-05-09 23:30:00+00:00,102934.19,102936.86,102980.0,102934.19,16.85559,,70.89155833452934
2025-05-09 23:35:00+00:00,102936.87,102920.66,102959.5,102889.87,28.81343,,70.80144702492042
2025-05-09 23:40:00+00:00,102920.65,102930.16,102930.16,102900.0,9.83526,,67.89848652314063
2025-05-09 23:45:00+00:00,102930.16,102948.97,102950.75,102919.86,12.71722,,65.25502320005911
2025-05-09 23:50:00+00:00,102948.97,102972.0,102972.0,102948.97,17.07731,,62.238950114340525
2025-05-09 23:55:00+00:00,102971.99,102971.99,102972.0,102971.99,13.3934,,57.79402510617297
2025-05-10 00:00:00+00:00,102971.99,103092.49,103095.24,102940.26,59.29026,,64.73588045573278
2025-05-10 00:05:00+00:00,103092.49,103077.49,103092.5,103052.82,36.81479,,62.946174708894226
2025-05-10 00:10:00+00:00,103077.49,102999.99,103095.24,102924.83,102.71714,,70.62216222968775
2025-05-10 00:15:00+00:00,102999.99,103039.2,103100.0,102985.56,76.85222,,73.75200778471023
2025-05-10 00:20:00+00:00,103039.19,102956.67,103071.45,102938.09,99.91531,,78.00972151437382
2025-05-10 00:25:00+00:00,102956.67,102936.51,102990.28,102920.0,29.0317,,77.45759854906133
2025-05-10 00:30:00+00:00,102936.51,102932.47,102936.52,102875.12,56.58692,,76.310627224129
2025-05-10 00:35:00+00:00,102932.48,102887.76,102986.84,102887.76,23.70863,,77.93701099383419
2025-05-10 00:40:00+00:00,102887.77,102875.43,102907.0,102875.43,25.16108,,74.62508163713225
2025-05-10 00:45:00+00:00,102875.43,102946.08,102946.09,102828.27,40.98301,,77.71043294876513
2025-05-10 00:50:00+00:00,102946.09,102881.24,102946.09,102881.23,17.24556,,76.79254488099625
2025-05-10 00:55:00+00:00,102881.23,102865.7,102891.01,102818.76,38.30468,,76.46807738949653
2025-05-10 01:00:00+00:00,102865.7,102922.77,102922.77,102865.7,19.05327,,75.08250043310441
2025-05-10 01:05:00+00:00,102922.76,102941.99,102946.09,102904.76,13.65296,,72.67160754502565
2025-05-10 01:10:00+00:00,102942.0,102957.63,102981.34,102941.99,46.88523,,70.29149272038033
2025-05-10 01:15:00+00:00,102957.64,103031.75,103053.27,102957.63,83.57913,,72.10210038321027
2025-05-10 01:20:00+00:00,103031.74,103072.96,103085.88,103019.46,30.34262,,71.6962360701237
2025-05-10 01:25:00+00:00,103072.96,103064.19,103072.96,103051.66,11.07556,,68.09650492225794
2025-05-10 01:30:00+00:00,103064.19,103119.98,103119.99,103031.74,33.86403,,69.5360402849538
2025-05-10 01:35:00+00:00,103119.99,103060.03,103119.99,103038.6,20.42028,,70.38275169317134
2025-05-10 01:40:00+00:00,103060.03,103028.27,103071.9,103028.27,21.93471,,68.47184085794412
2025-05-10 01:45:00+00:00,103028.27,102941.99,103075.11,102904.76,58.28906,,75.74885222523423
2025-05-10 01:50:00+00:00,102941.99,102967.42,102979.81,102912.86,29.40497,,75.12036278057442
2025-05-10 01:55:00+00:00,102967.42,102987.5,103038.34,102967.42,53.27022,,74.82033686767613
2025-05-10 02:00:00+00:00,102987.5,103013.89,103041.76,102960.46,100.13407,,75.28316994855558
2025-05-10 02:05:00+00:00,103013.89,103031.74,103032.81,103013.89,10.69539,,71.25722923794434
2025-05-10 02:10:00+00:00,103031.75,103052.01,103052.01,103031.74,11.38349,,67.61528429237615
2025-05-10 02:15:00+00:00,103052.01,102969.22,103079.99,102956.96,38.45242,,71.57347827149205
2025-05-10 02:20:00+00:00,102969.22,103031.07,103031.08,102969.21,12.18438,,70.88037268067086
2025-05-10 02:25:00+00:00,103031.07,103009.37,103031.08,102993.68,15.56317,,68.488917489195
2025-05-10 02:30:00+00:00,103009.36,103083.9,103083.9,103003.23,18.63848,,69.35899481139523
2025-05-10 02:35:00+00:00,103083.9,103200.0,103200.0,103083.89,43.82728,,72.69835232486705
2025-05-10 02:40:00+00:00,103199.99,103185.24,103228.01,103178.02,32.47933,,71.07632715880445
2025-05-10 02:45:00+00:00,103185.23,103232.04,103265.82,103185.23,26.24307,,71.75587521889064
2025-05-10 02:50:00+00:00,103232.04,103144.01,103232.04,103107.01,37.12592,,75.56116984611265
2025-05-10 02:55:00+00:00,103144.01,103147.96,103163.15,103127.0,20.63686,,72.74608628567562
2025-05-10 03:00:00+00:00,103147.95,103130.0,103169.94,103130.0,17.59533,,70.40279440812752
2025-05-10 03:05:00+00:00,103130.0,103075.63,103130.0,103075.63,15.29219,,69.25759480754665
2025-05-10 03:10:00+00:00,103075.64,103105.3,103123.65,103075.63,33.55467,,67.740623749864
2025-05-10 03:15:00+00:00,103105.3,103033.25,103105.31,103020.02,92.74591,,68.99415062487326
2025-05-10 03:20:00+00:00,103033.24,103033.63,103033.64,102972.17,30.63668,,68.45671129452525
2025-05-10 03:25:00+00:00,103033.64,103023.33,103033.64,103002.98,21.1475,,65.75694620205941
2025-05-10 03:30:00+00:00,103023.34,103081.89,103098.89,103023.33,30.12047,,66.45716433048356
2025-05-10 03:35:00+00:00,103081.9,103086.03,103126.99,103081.89,18.05828,,64.9316525925923
2025-05-10 03:40:00+00:00,103086.02,103180.0,103180.0,103064.15,32.44406,,68.56867740740755
2025-05-10 03:45:00+00:00,103180.0,103190.07,103190.07,103160.76,46.93521,,65.76448616402216
2025-05-10 03:50:00+00:00,103190.06,103159.39,103190.07,103159.39,14.46137,,63.25845143802111
2025-05-10 03:55:00+00:00,103159.39,103226.24,103233.48,103159.39,40.15561,,64.03213347816221
2025-05-10 04:00:00+00:00,103226.25,103171.54,103226.25,103154.87,26.60244,,64.55698108686524
2025-05-10 04:05:00+00:00,103171.54,103100.0,103188.33,103099.99,54.86609,,66.2557681520889
2025-05-10 04:10:00+00:00,103099.99,103120.15,103120.16,103052.0,67.38358,,66.39178471265423
2025-05-10 04:15:00+00:00,103120.15,103153.87,103188.33,103034.5,33.99066,,72.63737151889333
2025-05-10 04:20:00+00:00,103153.88,103190.47,103200.0,103133.48,17.78035,,72.20041641040125
2025-05-10 04:25:00+00:00,103190.48,103126.99,103190.48,103126.98,13.5686,,71.57895809537258
2025-05-10 04:30:00+00:00,103126.98,103161.82,103161.82,103068.0,14.80804,,73.1676039457036
2025-05-10 04:35:00+00:00,103161.82,103132.26,103179.13,103132.25,9.71165,,71.28991794958225
2025-05-10 04:40:00+00:00,103132.26,103142.85,103169.46,103132.25,14.74077,,68.85563809604112
2025-05-10 04:45:00+00:00,103142.86,103152.0,103164.08,103127.46,11.47126,,66.55309251775213
2025-05-10 04:50:00+00:00,103152.0,103165.69,103184.68,103152.0,12.31431,,64.13358590934077
2025-05-10 04:55:00+00:00,103165.68,103152.48,103174.0,103129.44,14.31154,,62.735472630101974
2025-05-10 05:00:00+00:00,103152.48,103173.56,103200.0,103152.48,18.964,,61.64865315652355
2025-05-10 05:05:00+00:00,103173.55,103170.15,103188.69,103170.14,17.43127,,58.57017793105779
2025-05-10 05:10:00+00:00,103170.14,103148.5,103189.99,103136.01,36.5549,,58.24230807884013
2025-05-10 05:15:00+00:00,103148.5,103109.9,103300.96,103088.99,119.6129,,69.22285750178021
2025-05-10 05:20:00+00:00,103109.9,103147.05,103232.69,103095.56,31.16062,,74.07336768022482
2025-05-10 05:25:00+00:00,103147.05,103182.15,103186.98,103147.05,12.11613,,71.6345557030654
2025-05-10 05:30:00+00:00,103182.14,103166.0,103190.48,103104.04,23.11303,,72.69208743856089
2025-05-10 05:35:00+00:00,103166.0,103230.02,103230.56,103160.39,19.22424,,72.51193833580642
2025-05-10 05:40:00+00:00,103230.03,103234.85,103238.1,103230.02,8.43617,,67.90965702610609
2025-05-10 05:45:00+00:00,103234.85,103215.62,103234.86,103215.61,9.3899,,64.43396723852707
2025-05-10 05:50:00+00:00,103215.61,103250.0,103250.0,103142.18,68.18708,,67.53296957863277
2025-05-10 05:55:00+00:00,103249.99,103361.0,103361.0,103249.99,34.94772,,70.6384717515872
2025-05-10 06:00:00+00:00,103361.0,103442.8,103460.0,103360.99,101.62833,,72.66500948361632
2025-05-10 06:05:00+00:00,103442.8,103476.2,103495.57,103436.29,44.6185,,71.70893737764467
2025-05-10 06:10:00+00:00,103476.19,103389.87,103481.37,103355.35,78.83166,,75.58829899352645
2025-05-10 06:15:00+00:00,103389.88,103507.94,103530.66,103389.87,118.92203,,80.24556335113229
2025-05-10 06:20:00+00:00,103507.95,103516.42,103554.95,103507.94,44.0676,,77.87159454033676
2025-05-10 06:25:00+00:00,103516.41,103715.91,103715.92,103516.41,112.84684,,86.56005207316947
2025-05-10 06:30:00+00:00,103715.92,103727.83,103761.91,103664.25,91.63589,,87.35290549651475
2025-05-10 06:35:00+00:00,103727.83,103715.4,103872.81,103705.55,94.09529,,93.06055510390618
2025-05-10 06:40:00+00:00,103715.4,103640.87,103723.75,103622.63,43.49423,,93.63622973934113
2025-05-10 06:45:00+00:00,103640.87,103588.87,103711.74,103548.86,53.44603,,98.58221332938852
2025-05-10 06:50:00+00:00,103588.87,103629.99,103630.6,103571.42,27.81756,,95.76776952014703
2025-05-10 06:55:00+00:00,103630.0,103930.71,103947.36,103619.32,154.76469,,112.35864312585035
2025-05-10 07:00:00+00:00,103930.72,103912.01,103989.32,103865.79,114.79866,,113.15659718829056
2025-05-10 07:05:00+00:00,103912.0,103876.0,104100.0,103874.63,202.4282,,121.17184024626947
2025-05-10 07:10:00+00:00,103876.0,103797.95,103899.99,103786.89,41.7446,,120.59528022867921
2025-05-10 07:15:00+00:00,103797.94,103850.0,103850.0,103736.29,72.16279,,120.10347449805974
2025-05-10 07:20:00+00:00,103850.0,103688.27,103874.69,103685.22,86.4053,,125.05822631962698
2025-05-10 07:25:00+00:00,103688.26,103730.15,103730.16,103661.66,30.26072,,121.0183530110822
2025-05-10 07:30:00+00:00,103730.16,103781.1,103781.1,103698.41,29.23754,,118.28061351029078
2025-05-10 07:35:00+00:00,103781.1,103774.04,103815.59,103697.99,30.80949,,118.2319982595551
2025-05-10 07:40:00+00:00,103774.04,103651.52,103774.05,103651.52,27.33826,,118.5389983838725
2025-05-10 07:45:00+00:00,103651.52,103665.87,103665.87,103651.52,15.51267,,111.09692707073813
2025-05-10 07:50:00+00:00,103665.87,103701.89,103750.0,103632.66,78.92721,,111.54286085139945
2025-05-10 07:55:00+00:00,103701.88,103759.71,103874.69,103683.91,86.24354,,117.20265650487083
2025-05-10 08:00:00+00:00,103759.71,103840.96,103867.98,103726.65,126.84872,,118.92603818309446
2025-05-10 08:05:00+00:00,103840.95,103871.09,104079.37,103834.5,206.63174,,127.92203545573024
2025-05-10 08:10:00+00:00,103871.09,103802.85,103939.76,103802.84,52.0372,,128.56474720889224
2025-05-10 08:15:00+00:00,103802.84,103818.97,103888.89,103793.64,32.1931,,126.18512240825707
2025-05-10 08:20:00+00:00,103818.96,103888.88,103888.88,103778.5,40.23516,,125.0561850933819
2025-05-10 08:25:00+00:00,103888.88,104000.0,104000.0,103888.88,55.10332,,124.06074330099715
2025-05-10 08:30:00+00:00,103999.99,103968.37,104000.0,103888.88,44.1549,,123.13640449378273
2025-05-10 08:35:00+00:00,103968.38,103940.0,103984.13,103930.0,36.4122,,118.20737560137002
2025-05-10 08:40:00+00:00,103940.0,103888.88,103940.0,103882.69,31.2758,,113.85756305841485
2025-05-10 08:45:00+00:00,103888.88,103857.15,103913.3,103857.14,22.67176,,109.73630855424263
2025-05-10 08:50:00+00:00,103857.14,103637.23,103857.14,103463.52,165.89623,,130.014429371796
2025-05-10 08:55:00+00:00,103637.24,103634.92,103670.59,103539.68,34.00138,,130.07839870238226
2025-05-10 09:00:00+00:00,103634.93,103432.51,103666.67,103377.2,111.69142,,141.4635130807836
2025-05-10 09:05:00+00:00,103432.51,103444.78,103494.35,103366.0,79.42587,,140.52683357501377
2025-05-10 09:10:00+00:00,103444.77,103471.35,103512.49,103390.64,48.26973,,139.1927740339418
2025-05-10 09:15:00+00:00,103471.36,103470.05,103523.81,103425.88,26.9295,,136.24543303151688
2025-05-10 09:20:00+00:00,103470.06,103590.43,103634.93,103461.92,48.15273,,138.8714735292653
2025-05-10 09:25:00+00:00,103590.44,103589.5,103634.33,103584.0,19.26092,,132.54708256288933
2025-05-10 09:30:00+00:00,103589.5,103634.92,103634.93,103540.99,29.1834,,129.78943380839635
2025-05-10 09:35:00+00:00,103634.92,103862.2,103880.34,103634.92,61.37061,,138.04875996493936
2025-05-10 09:40:00+00:00,103862.2,103744.88,103911.78,103730.15,53.02879,,141.16170568172976
2025-05-10 09:45:00+00:00,103744.88,103784.32,103816.6,103744.88,24.10237,,136.20158384732056
2025-05-10 09:50:00+00:00,103784.32,103836.43,103875.63,103784.32,23.3952,,132.99504214394037
2025-05-10 09:55:00+00:00,103836.43,103761.91,103853.21,103756.89,23.43054,,130.37539627651657
2025-05-10 10:00:00+00:00,103761.91,103790.16,103790.16,103726.22,35.44306,,125.63001082819413
2025-05-10 10:05:00+00:00,103790.16,103804.0,103857.13,103790.15,33.42333,,121.44072434046673
2025-05-10 10:10:00+00:00,103804.0,103817.92,103888.88,103804.0,26.73833,,118.82924403043373
2025-05-10 10:15:00+00:00,103817.92,103825.4,103859.97,103757.09,29.36243,,117.6900123139745
2025-05-10 10:20:00+00:00,103825.39,103813.32,103883.2,103813.31,19.76083,,114.27572572011914
2025-05-10 10:25:00+00:00,103813.32,103761.91,103862.65,103761.9,22.76577,,113.30960245439634
2025-05-10 10:30:00+00:00,103761.9,103800.36,103850.0,103761.9,22.82627,,111.50891656479702
2025-05-10 10:35:00+00:00,103800.36,103704.99,103843.58,103687.65,52.27313,,114.68185109588349
2025-05-10 10:40:00+00:00,103704.99,103729.49,103825.4,103683.56,74.75638,,116.62171887474871
2025-05-10 10:45:00+00:00,103729.49,103730.16,103794.86,103628.0,98.80282,,120.21016752655241
2025-05-10 10:50:00+00:00,103730.15,103708.0,103800.3,103686.03,151.23473,,119.78586984608467
2025-05-10 10:55:00+00:00,103708.0,103593.15,103717.84,103593.15,62.00259,,120.13616485707878
2025-05-10 11:00:00+00:00,103593.15,103562.08,103622.59,103528.0,51.44111,,118.31143879585862
2025-05-10 11:05:00+00:00,103562.08,103586.74,103654.31,103551.43,32.44283,,117.20919316758334
2025-05-10 11:10:00+00:00,103586.73,103620.0,103646.94,103572.14,14.8396,,114.17996508418473
2025-05-10 11:15:00+00:00,103620.01,103576.27,103623.88,103539.68,51.68492,,112.03853900674379
2025-05-10 11:20:00+00:00,103576.28,103620.0,103633.08,103548.72,83.32042,,110.06150050626213
2025-05-10 11:25:00+00:00,103620.0,103557.16,103631.5,103530.01,140.9688,,109.44925047010092
2025-05-10 11:30:00+00:00,103557.15,103505.49,103559.38,103491.5,58.15492,,106.48001829366547
2025-05-10 11:35:00+00:00,103505.49,103502.3,103557.11,103464.49,82.09029,,105.49001698697475
2025-05-10 11:40:00+00:00,103502.3,103463.26,103502.31,103383.99,111.5098,,106.40644434504745
2025-05-10 11:45:00+00:00,103463.27,103490.33,103501.24,103421.5,127.5961,,104.50169832040157
2025-05-10 11:50:00+00:00,103490.33,103477.13,103507.71,103447.42,31.19893,,101.34371986894489
2025-05-10 11:55:00+00:00,103477.12,103434.94,103477.13,103402.79,65.92622,,99.41488273544961
2025-05-10 12:00:00+00:00,103434.94,103524.33,103530.95,103421.5,84.71772,,100.13167682577443
2025-05-10 12:05:00+00:00,103524.34,103571.42,103603.18,103524.33,81.95518,,98.6115570525042
2025-05-10 12:10:00+00:00,103571.43,103605.56,103659.98,103571.42,72.5597,,97.89358869161087
2025-05-10 12:15:00+00:00,103605.55,103602.7,103648.19,103555.08,68.3791,,97.55190378506727
2025-05-10 12:20:00+00:00,103602.7,103687.03,103704.54,103602.7,54.19043,,97.85819637184792
2025-05-10 12:25:00+00:00,103687.04,103733.93,103787.83,103687.03,40.67403,,98.06832520243042
2025-05-10 12:30:00+00:00,103733.92,103740.02,103825.4,103718.14,53.65904,,98.72487340225643
2025-05-10 12:35:00+00:00,103740.02,103670.31,103778.85,103669.02,36.4183,,99.51809673066681
2025-05-10 12:40:00+00:00,103670.32,103652.07,103684.81,103640.69,46.22579,,95.56108982133313
2025-05-10 12:45:00+00:00,103652.06,103680.0,103729.43,103642.0,70.12075,,94.98029769123741
2025-05-10 12:50:00+00:00,103680.01,103705.01,103722.28,103680.0,17.43336,,91.2159907132918
2025-05-10 12:55:00+00:00,103705.02,103695.98,103709.71,103654.37,25.36607,,88.65341994805746
2025-05-10 13:00:00+00:00,103695.97,103723.15,103800.0,103695.97,30.26855,,89.75174709462469
2025-05-10 13:05:00+00:00,103723.14,103674.43,103724.45,103673.92,53.47615,,86.95019373072284
2025-05-10 13:10:00+00:00,103674.44,103680.01,103703.77,103674.43,18.78365,,82.83517989281485
2025-05-10 13:15:00+00:00,103680.0,103587.61,103680.01,103587.6,17.60983,,83.51909561475586
2025-05-10 13:20:00+00:00,103587.61,103549.99,103602.76,103539.68,42.50707,,82.05916021370199
2025-05-10 13:25:00+00:00,103549.99,103602.71,103602.75,103540.56,45.75248,,80.63993448415201
2025-05-10 13:30:00+00:00,103602.71,103632.25,103632.26,103541.63,38.25821,True,81.35351059242615
2025-05-10 13:35:00+00:00,103632.25,103595.26,103651.82,103574.38,22.97148,True,81.07397412153874
2025-05-10 13:40:00+00:00,103595.26,103591.86,103605.87,103567.79,18.05398,True,78.00297597000039
2025-05-10 13:45:00+00:00,103591.86,103690.21,103718.01,103591.86,44.58845,True,81.44204911499995
2025-05-10 13:50:00+00:00,103690.22,103680.31,103690.22,103608.8,25.54982,True,81.44047417821412
2025-05-10 13:55:00+00:00,103680.31,103628.86,103685.18,103607.02,26.91625,True,81.20615459405518
2025-05-10 14:00:00+00:00,103628.87,103593.97,103666.67,103564.0,51.59892,True,82.73928640876541
2025-05-10 14:05:00+00:00,103593.97,103559.4,103593.98,103540.34,33.30006,True,80.6607659509964
2025-05-10 14:10:00+00:00,103559.41,103549.51,103565.75,103530.4,20.52954,True,77.4242826687828
2025-05-10 14:15:00+00:00,103549.5,103467.13,103561.47,103421.49,47.15771,True,81.89254819244088
2025-05-10 14:20:00+00:00,103467.13,103539.69,103539.69,103449.07,23.1366,True,82.51593760726621
2025-05-10 14:25:00+00:00,103539.68,103495.02,103539.69,103495.02,8.62678,True,79.81265634960421
2025-05-10 14:30:00+00:00,103495.03,103536.03,103536.03,103495.02,15.98538,True,77.04103803891782
2025-05-10 14:35:00+00:00,103536.02,103507.93,103539.69,103507.93,9.72245,True,73.80667817899578
2025-05-10 14:40:00+00:00,103507.93,103543.69,103543.69,103475.21,26.84549,True,73.42620116621008
2025-05-10 14:45:00+00:00,103543.68,103503.08,103615.47,103450.0,71.24449,True,80.00075822576659
2025-05-10 14:50:00+00:00,103503.09,103539.99,103540.0,103469.64,21.57273,True,79.31213263821188
2025-05-10 14:55:00+00:00,103540.0,103520.41,103571.43,103520.41,33.76076,True,77.291266021196
2025-05-10 15:00:00+00:00,103520.41,103529.88,103529.89,103477.51,13.42611,True,75.51188987682518
2025-05-10 15:05:00+00:00,103529.89,103486.94,103529.89,103430.27,18.24162,True,77.2338977427659
2025-05-10 15:10:00+00:00,103486.95,103487.79,103498.5,103444.44,24.08551,True,75.57861933256818
2025-05-10 15:15:00+00:00,103487.79,103428.57,103493.2,103423.95,31.74798,True,75.12657509452758
2025-05-10 15:20:00+00:00,103428.57,103463.95,103464.83,103428.57,17.05519,True,72.35039115920381
2025-05-10 15:25:00+00:00,103463.96,103476.19,103490.64,103416.15,25.91306,True,72.5032203621182
2025-05-10 15:30:00+00:00,103476.19,103453.42,103497.36,103439.71,27.37622,True,71.44227605053791
2025-05-10 15:35:00+00:00,103453.43,103337.5,103453.43,103162.78,99.18345,True,87.09997061835621
2025-05-10 15:40:00+00:00,103337.5,103317.47,103373.67,103317.47,39.77738,True,84.892829859902
2025-05-10 15:45:00+00:00,103317.48,103297.31,103400.0,103290.64,41.62705,True,86.64048486990905
2025-05-10 15:50:00+00:00,103297.31,103190.47,103318.16,103179.5,69.35294,True,90.35616452205865
2025-05-10 15:55:00+00:00,103190.48,103138.77,103222.23,103100.0,125.8413,True,92.63286705619703
2025-05-10 16:00:00+00:00,103138.76,103253.96,103253.97,103127.69,67.8031,True,95.03623369504001
2025-05-10 16:05:00+00:00,103253.95,103212.38,103265.63,103180.0,52.5436,True,94.36435985968035
2025-05-10 16:10:00+00:00,103212.37,103253.19,103253.97,103200.91,43.56451,True,91.4140484411316
2025-05-10 16:15:00+00:00,103253.2,103364.97,103500.0,103253.19,131.61388,True,102.51375926676488
2025-05-10 16:20:00+00:00,103364.96,103349.2,103428.58,103349.2,62.48173,True,100.86134789056771
2025-05-10 16:25:00+00:00,103349.21,103318.32,103380.96,103318.32,21.50543,True,98.13125161266998
2025-05-10 16:30:00+00:00,103318.32,103415.01,103415.02,103292.39,28.17503,True,99.88116221176531
2025-05-10 16:35:00+00:00,103415.02,103468.81,103493.71,103415.02,31.19222,True,98.36822205378292
2025-05-10 16:40:00+00:00,103468.81,103371.39,103468.82,103358.63,27.00355,True,99.21263476422716
2025-05-10 16:45:00+00:00,103371.39,103333.33,103371.39,103320.0,38.0458,True,95.79673228106803
2025-05-10 16:50:00+00:00,103333.33,103362.01,103380.96,103254.67,64.27412,True,97.97482283242088
2025-05-10 16:55:00+00:00,103362.0,103435.22,103457.78,103353.47,20.41361,True,98.42733548724779
2025-05-10 17:00:00+00:00,103435.22,103463.05,103472.03,103385.02,29.74165,True,97.61181152387257
2025-05-10 17:05:00+00:00,103463.06,103462.31,103500.0,103440.0,65.87024,True,94.92525355788167
2025-05-10 17:10:00+00:00,103462.3,103390.75,103500.0,103390.74,44.93875,True,95.94916401803262
2025-05-10 17:15:00+00:00,103390.74,103507.93,103507.94,103325.01,36.96487,True,102.16208087388797
2025-05-10 17:20:00+00:00,103507.94,103469.36,103523.81,103469.35,39.59609,True,98.7547893828954
2025-05-10 17:25:00+00:00,103469.36,103423.59,103482.05,103423.43,35.56555,True,95.88801871268929
2025-05-10 17:30:00+00:00,103423.58,103494.77,103529.99,103423.58,91.91081,True,96.6395888046403
2025-05-10 17:35:00+00:00,103494.77,103579.99,103580.0,103431.09,51.06376,True,100.3731896043091
2025-05-10 17:40:00+00:00,103580.0,103430.94,103619.68,103412.69,66.1561,True,107.9886760611435
2025-05-10 17:45:00+00:00,103430.94,103259.99,103464.19,103210.0,194.96694,True,118.43162777106197
2025-05-10 17:50:00+00:00,103260.0,103295.08,103332.0,103260.0,144.02647,True,115.11579721598574
2025-05-10 17:55:00+00:00,103295.09,103176.88,103295.09,103161.85,60.21878,True,116.41038312912895
2025-05-10 18:00:00+00:00,103176.88,103267.21,103267.22,103156.0,56.67743,True,116.03964147704839
2025-05-10 18:05:00+00:00,103267.22,103274.62,103296.04,103240.0,61.44273,True,111.75395280011591
2025-05-10 18:10:00+00:00,103274.63,103314.29,103317.47,103260.0,20.63813,True,107.8765276001077
2025-05-10 18:15:00+00:00,103314.29,103253.96,103314.3,103253.96,17.46149,True,104.4810613429569
2025-05-10 18:20:00+00:00,103253.96,103181.63,103253.97,103163.36,24.43309,True,103.49027124703146
2025-05-10 18:25:00+00:00,103181.63,103242.45,103242.45,103158.73,57.39735,True,102.07810901510072
2025-05-10 18:30:00+00:00,103242.44,103200.24,103248.53,103005.33,93.17627,True,112.15824408545048
2025-05-10 18:35:00+00:00,103200.25,103123.78,103200.25,103050.02,48.07912,True,114.87765522220373
2025-05-10 18:40:00+00:00,103123.79,103147.81,103147.82,103064.0,23.88262,True,112.6592512777611
2025-05-10 18:45:00+00:00,103147.81,103200.02,103226.73,103132.68,42.65528,True,111.33001904363552
2025-05-10 18:50:00+00:00,103200.02,103296.9,103314.84,103200.02,93.25752,True,111.57930339766101
2025-05-10 18:55:00+00:00,103296.89,103252.88,103300.0,103234.17,21.17212,True,108.31149601211392
2025-05-10 19:00:00+00:00,103252.88,103177.73,103265.26,103177.73,35.11101,True,106.82710343982
2025-05-10 19:05:00+00:00,103177.74,103102.57,103177.74,103090.19,49.34696,True,105.45016747983307
2025-05-10 19:10:00+00:00,103102.56,103085.53,103112.51,103085.52,11.81152,True,99.84586980270147
2025-05-10 19:15:00+00:00,103085.52,103205.57,103205.57,103085.52,43.34521,True,101.28902195965158
2025-05-10 19:20:00+00:00,103205.56,103210.01,103219.34,103170.69,31.8991,True,97.52909181967605
2025-05-10 19:25:00+00:00,103210.0,103224.41,103238.08,103210.0,16.62969,True,92.56844240398503
2025-05-10 19:30:00+00:00,103224.41,103289.81,103294.25,103210.0,31.92983,True,91.97426794655753
2025-05-10 19:35:00+00:00,103289.81,103269.59,103305.57,103250.02,31.4639,True,89.37253452180364
2025-05-10 19:40:00+00:00,103269.6,103258.12,103296.42,103258.11,24.78104,True,85.72521062738893
2025-05-10 19:45:00+00:00,103258.11,103254.27,103264.87,103254.27,6.48368,True,80.3591241540034
2025-05-10 19:50:00+00:00,103254.27,103200.8,103271.69,103200.8,19.70559,True,79.68275814300311
2025-05-10 19:55:00+00:00,103200.81,103191.35,103214.31,103149.99,17.9956,True,78.58541827564521
2025-05-10 20:00:00+00:00,103191.35,103132.02,103199.75,103120.0,19.12922,True,78.6686026845277
2025-05-10 20:05:00+00:00,103132.01,103158.74,103158.74,103068.87,29.92288,,79.46870249277643
2025-05-10 20:10:00+00:00,103158.74,103214.17,103214.17,103158.74,12.30081,,77.75165231472047
2025-05-10 20:15:00+00:00,103214.17,103256.46,103271.68,103214.16,20.18307,,76.30653429223969
2025-05-10 20:20:00+00:00,103256.46,103228.04,103264.17,103191.69,14.57294,,76.03321041422227
2025-05-10 20:25:00+00:00,103228.04,103222.22,103262.98,103222.22,11.2709,,73.5136953846346
2025-05-10 20:30:00+00:00,103222.23,103222.23,103222.23,103222.22,4.02264,,68.2634314285889
2025-05-10 20:35:00+00:00,103222.22,103253.49,103253.97,103222.22,17.39091,,65.6553291836897
2025-05-10 20:40:00+00:00,103253.5,103288.25,103288.25,103249.15,20.7935,,63.758519956283706
2025-05-10 20:45:00+00:00,103288.24,103299.9,103299.91,103288.24,13.62952,,60.0379113879776
2025-05-10 20:50:00+00:00,103299.91,103317.46,103317.47,103299.9,12.91173,,57.0044891459797
2025-05-10 20:55:00+00:00,103317.47,103193.43,103317.47,103166.0,33.88545,,63.75202563555266
2025-05-10 21:00:00+00:00,103193.43,103257.22,103335.16,103193.42,19.26475,,69.32259523301356
2025-05-10 21:05:00+00:00,103257.22,103208.0,103257.23,103166.0,24.91229,,70.8874098592266
2025-05-10 21:10:00+00:00,103208.0,103273.74,103273.74,103192.0,21.77007,,71.66259486928222
2025-05-10 21:15:00+00:00,103273.73,103252.0,103273.74,103216.0,12.91413,,70.66812380719101
2025-05-10 21:20:00+00:00,103252.0,103244.0,103252.0,103244.0,11.35496,,66.1918292495345
2025-05-10 21:25:00+00:00,103244.0,103229.6,103244.0,103216.0,11.45519,,63.46384144599632
2025-05-10 21:30:00+00:00,103229.6,103247.57,103249.16,103228.98,16.01316,,60.372138485568556
2025-05-10 21:35:00+00:00,103247.57,103273.73,103273.74,103247.56,11.92295,,57.929842879457055
2025-05-10 21:40:00+00:00,103273.73,103370.01,103380.96,103260.0,37.06374,,62.431996959496296
2025-05-10 21:45:00+00:00,103370.01,103517.43,103571.43,103349.61,65.59181,,73.81685431953174
2025-05-10 21:50:00+00:00,103517.43,103549.35,103549.35,103429.9,33.75726,,77.0763647252803
2025-05-10 21:55:00+00:00,103549.35,103756.71,103800.0,103549.34,98.17117,,89.47519581633196
2025-05-10 22:00:00+00:00,103756.72,103623.06,103793.66,103585.84,66.87717,,97.9283961151659
2025-05-10 22:05:00+00:00,103623.07,103641.71,103703.2,103579.45,30.05628,,99.77279639265404
2025-05-10 22:10:00+00:00,103641.71,103588.6,103641.71,103570.83,32.27244,,97.70902522175051
2025-05-10 22:15:00+00:00,103588.6,103700.0,103700.0,103544.02,26.83927,,101.87123770591089
2025-05-10 22:20:00+00:00,103699.99,103655.98,103748.39,103634.92,43.56413,,102.69972072691733
2025-05-10 22:25:00+00:00,103655.98,103620.06,103696.73,103620.06,17.76769,,100.84045496070883
2025-05-10 22:30:00+00:00,103620.06,103707.99,103708.0,103620.06,16.97324,,99.91899389208695
2025-05-10 22:35:00+00:00,103707.99,103744.05,103831.15,103684.45,59.30639,,103.26049432836624
2025-05-10 22:40:00+00:00,103744.06,103653.25,103744.06,103649.1,40.02462,,102.6676018763395
2025-05-10 22:45:00+00:00,103653.24,103666.66,103675.48,103585.12,28.46901,,101.78848745660102
2025-05-10 22:50:00+00:00,103666.66,103672.91,103704.8,103625.51,27.39549,,100.18145263827296
2025-05-10 22:55:00+00:00,103672.91,103597.89,103730.16,103597.89,40.27549,,102.47349173553947
2025-05-10 23:00:00+00:00,103597.53,103603.18,103698.38,103597.52,102.80842,,102.35824232585811
2025-05-10 23:05:00+00:00,103603.18,103696.71,103730.11,103571.42,81.82108,,106.38193930258271
2025-05-10 23:10:00+00:00,103696.72,103988.99,103989.0,103666.66,210.634,,121.80751506668369
2025-05-10 23:15:00+00:00,103988.99,104724.0,104869.0,103988.99,1024.30009,,175.96483541906306
2025-05-10 23:20:00+00:00,104724.0,104984.57,104984.57,104375.85,540.88276,,206.87591860341578
2025-05-10 23:25:00+00:00,104984.56,104807.37,104984.57,104648.5,314.47787,,216.10406727460085
2025-05-10 23:30:00+00:00,104807.37,104437.83,104841.27,104278.48,176.16661,,240.8673481835585
2025-05-10 23:35:00+00:00,104437.82,104550.0,104587.31,104374.03,74.5173,,238.89682331330422
2025-05-10 23:40:00+00:00,104550.0,104384.91,104550.0,104373.34,74.35924,,234.45133593378273
2025-05-10 23:45:00+00:00,104384.91,104596.11,104656.23,104362.11,129.08624,,238.71338336708362
2025-05-10 23:50:00+00:00,104596.11,104739.23,104739.24,104592.84,93.46878,,232.1195702694354
2025-05-10 23:55:00+00:00,104739.23,104809.53,104809.53,104650.79,96.39491,,226.87817239304755
2025-05-11 00:00:00+00:00,104809.53,104865.84,104936.51,104655.84,159.40216,,230.72044579354403
2025-05-11 00:05:00+00:00,104865.84,104807.14,104972.0,104783.65,150.44979,,227.69398537971986
2025-05-11 00:10:00+00:00,104807.14,104636.0,104811.72,104626.0,108.34973,,224.69584356688281
2025-05-11 00:15:00+00:00,104636.0,104467.35,104663.47,104333.01,163.99686,,232.25042616924878
2025-05-11 00:20:00+00:00,104467.36,104500.01,104576.25,104357.2,96.6554,,231.3075385857312
2025-05-11 00:25:00+00:00,104500.0,103926.47,104512.52,103926.47,160.38413,,256.64628582960773
2025-05-11 00:30:00+00:00,103926.48,104292.07,104292.07,103926.48,130.15172,,264.4286939846362
2025-05-11 00:35:00+00:00,104292.06,104134.43,104365.08,104134.43,80.0209,,262.0159301285914
2025-05-11 00:40:00+00:00,104134.44,104414.84,104415.44,104123.58,100.47812,,264.1476494051206
2025-05-11 00:45:00+00:00,104414.84,104585.05,104585.08,104414.84,101.96413,,257.43996016189806
2025-05-11 00:50:00+00:00,104585.05,104420.0,104599.63,104416.14,135.79077,,252.1578201503343
2025-05-11 00:55:00+00:00,104420.0,104428.58,104474.95,104372.72,64.72097,,241.44869013959584
2025-05-11 01:00:00+00:00,104428.58,104286.3,104428.58,104124.18,99.85836,,245.94521227248248
2025-05-11 01:05:00+00:00,104286.3,104384.0,104424.88,104282.57,63.72316,,238.54269711016215
2025-05-11 01:10:00+00:00,104384.0,104492.06,104536.76,104365.07,63.70283,,233.76750445943543
2025-05-11 01:15:00+00:00,104492.06,104333.34,104499.55,104309.85,48.03188,,230.61982556947555
2025-05-11 01:20:00+00:00,104333.34,104266.84,104457.92,104238.09,49.68349,,229.84912374308456
2025-05-11 01:25:00+00:00,104266.84,104389.45,104414.83,104266.84,45.99355,,224.00204347572176
2025-05-11 01:30:00+00:00,104389.46,104464.06,104490.21,104273.17,50.10141,,223.50475465602793
2025-05-11 01:35:00+00:00,104464.06,104475.29,104500.0,104329.64,50.67668,,219.70870075202598
2025-05-11 01:40:00+00:00,104475.29,104410.22,104475.3,104291.99,41.86025,,217.10879355545254
2025-05-11 01:45:00+00:00,104410.22,104243.17,104410.22,104219.3,29.31156,,215.23816544434865
2025-05-11 01:50:00+00:00,104243.17,104100.0,104274.21,103866.88,118.84599,,228.95901076975244
2025-05-11 01:55:00+00:00,104099.99,104135.32,104137.01,103984.12,56.12754,,223.5255100004844
2025-05-11 02:00:00+00:00,104135.32,103968.89,104148.92,103957.72,62.63393,,221.21654500044957
2025-05-11 02:05:00+00:00,103968.9,103999.04,104053.1,103892.18,83.85728,,216.9096489289898
2025-05-11 02:10:00+00:00,103999.04,104021.72,104080.62,103981.23,37.25312,,208.51538829120477
2025-05-11 02:15:00+00:00,104021.72,104119.17,104119.18,104021.71,29.39005,,200.58357484183202
2025-05-11 02:20:00+00:00,104119.17,104238.09,104268.97,104119.17,40.12587,,196.95617663884423
2025-05-11 02:25:00+00:00,104238.1,104142.85,104238.1,104134.34,30.22077,,190.29930687892744
2025-05-11 02:30:00+00:00,104142.85,104248.58,104280.13,104064.22,54.82744,,192.12864210186146
2025-05-11 02:35:00+00:00,104248.59,104206.34,104276.83,104201.8,25.78299,,183.76445338029984
2025-05-11 02:40:00+00:00,104206.34,104055.62,104239.99,104020.54,41.34255,,186.31342099599354
2025-05-11 02:45:00+00:00,104055.62,104015.85,104126.31,104006.0,122.86372,,181.598890924851
2025-05-11 02:50:00+00:00,104015.86,103576.46,104015.86,103466.05,293.96659,,207.89968443021863
2025-05-11 02:55:00+00:00,103576.47,103781.06,103801.4,103539.68,269.77236,,211.7439926852031
2025-05-11 03:00:00+00:00,103781.06,103698.41,103819.71,103698.41,108.31135,,205.28370749340306
2025-05-11 03:05:00+00:00,103698.42,103854.15,103867.54,103653.6,77.36643,,205.90201410101625
2025-05-11 03:10:00+00:00,103854.15,103857.14,103870.16,103825.39,36.77079,,194.39258452237252
2025-05-11 03:15:00+00:00,103857.14,103975.75,103975.76,103793.65,66.08951,,193.5152570564888
2025-05-11 03:20:00+00:00,103975.75,103973.4,103975.76,103913.85,51.07749,,184.1148815524531
2025-05-11 03:25:00+00:00,103973.4,104000.0,104000.0,103932.31,27.21967,,175.7988185844209
2025-05-11 03:30:00+00:00,103999.99,103865.7,104020.0,103847.55,36.36875,,175.55961725696207
2025-05-11 03:35:00+00:00,103865.7,103899.99,103900.0,103781.06,22.05802,,171.51535888146495
2025-05-11 03:40:00+00:00,103899.99,104045.43,104053.37,103899.99,34.37595,,170.21997610421676
2025-05-11 03:45:00+00:00,104045.43,104133.53,104195.12,104012.67,85.49725,,171.09354923962965
2025-05-11 03:50:00+00:00,104133.53,104036.56,104181.6,104036.55,25.68627,,169.23329572251347
2025-05-11 03:55:00+00:00,104036.55,104007.03,104067.2,104007.02,22.43128,,161.44377459947628
2025-05-11 04:00:00+00:00,104007.03,104063.2,104063.2,104000.01,22.73259,,154.425647842371
2025-05-11 04:05:00+00:00,104063.2,104095.65,104121.4,103997.44,38.36916,,152.24953013934393
2025-05-11 04:10:00+00:00,104095.66,104334.37,104400.0,104095.66,150.1352,,163.1138494151055
2025-05-11 04:15:00+00:00,104334.38,104323.99,104365.08,104261.62,31.46138,,158.85286017116985
2025-05-11 04:20:00+00:00,104323.99,104242.49,104328.0,104214.2,24.9269,,155.6347987303722
2025-05-11 04:25:00+00:00,104242.49,104234.58,104269.76,104234.58,12.44687,,147.03088453534514
2025-05-11 04:30:00+00:00,104234.59,104226.11,104287.03,104054.31,137.85796,,153.15153563996344
2025-05-11 04:35:00+00:00,104226.11,104088.0,104254.22,104088.0,32.12529,,154.08499737996615
2025-05-11 04:40:00+00:00,104088.0,104166.49,104167.64,104079.36,38.46345,,149.38464042425423
2025-05-11 04:45:00+00:00,104166.5,104189.61,104189.62,104129.74,11.92432,,142.99145182252107
2025-05-11 04:50:00+00:00,104189.62,104149.99,104189.62,104142.85,10.6526,,136.11849097805452
2025-05-11 04:55:00+00:00,104149.99,104153.72,104160.0,104134.35,9.03648,,128.22788447962165
2025-05-11 05:00:00+00:00,104153.71,104164.64,104201.61,104144.68,21.08821,,123.13517844536351
2025-05-11 05:05:00+00:00,104164.64,104104.0,104164.65,104079.36,10.58892,,120.43195141355137
2025-05-11 05:10:00+00:00,104104.0,104119.99,104120.0,104104.0,6.20591,,112.97252631258343
2025-05-11 05:15:00+00:00,104119.99,104036.0,104120.0,104011.62,29.16768,,112.6444887188278
2025-05-11 05:20:00+00:00,104036.01,103994.3,104050.0,103981.19,16.58958,,109.51345381033993
2025-05-11 05:25:00+00:00,103994.31,103869.5,104041.11,103859.82,143.99008,,114.64034996674376
2025-05-11 05:30:00+00:00,103869.49,103994.4,103999.0,103850.96,45.47594,,117.02603925483302
2025-05-11 05:35:00+00:00,103994.39,103970.97,104020.91,103946.03,20.89284,,114.01560787948814
2025-05-11 05:40:00+00:00,103970.97,103984.13,103984.13,103957.76,11.45599,,107.75520731666826
2025-05-11 05:45:00+00:00,103984.12,103897.5,103999.0,103894.17,25.36669,,107.54626393690637
2025-05-11 05:50:00+00:00,103897.5,103900.0,103911.54,103871.03,18.88766,,102.7579593699841
2025-05-11 05:55:00+00:00,103900.0,103840.0,103900.0,103801.0,65.81236,,102.48953370069952
2025-05-11 06:00:00+00:00,103840.0,103893.06,103894.97,103726.77,146.26228,,107.18313843636363
2025-05-11 06:05:00+00:00,103893.06,103888.89,103903.65,103719.09,127.99006,,112.71005711948035
2025-05-11 06:10:00+00:00,103888.88,103810.72,103888.88,103751.37,83.61982,,114.48219589666063
2025-05-11 06:15:00+00:00,103810.71,103952.39,103952.39,103794.68,61.04375,,117.56989618975675
2025-05-11 06:20:00+00:00,103952.38,103928.72,103974.98,103920.63,24.5829,,113.05418931905922
2025-05-11 06:25:00+00:00,103928.72,103952.39,103952.39,103901.0,24.45727,,108.64960436769782
2025-05-11 06:30:00+00:00,103952.39,103988.38,103988.39,103890.66,77.37706,,107.86963262714768
2025-05-11 06:35:00+00:00,103988.39,103892.01,103988.39,103852.72,73.31678,,109.85537315377987
2025-05-11 06:40:00+00:00,103892.01,103765.79,103892.01,103678.0,137.36648,,117.29498935708092
2025-05-11 06:45:00+00:00,103765.79,103651.11,103805.59,103616.9,86.82393,,122.39463297443244
2025-05-11 06:50:00+00:00,103651.11,103750.49,103753.91,103642.08,35.63643,,121.64001633340168
2025-05-11 06:55:00+00:00,103750.5,103864.52,103870.89,103750.49,39.55125,,121.55144373815828
2025-05-11 07:00:00+00:00,103864.52,103772.42,103882.26,103761.9,114.01003,,121.46634061400415
2025-05-11 07:05:00+00:00,103772.41,103635.91,103795.48,103603.17,185.08535,,126.52660199871798
2025-05-11 07:10:00+00:00,103635.92,103708.92,103717.77,103635.91,88.5406,,123.33613042738102
2025-05-11 07:15:00+00:00,103708.93,103672.99,103725.24,103572.65,92.93448,,125.42569253971173
2025-05-11 07:20:00+00:00,103673.0,103798.54,103798.55,103670.13,40.48249,,125.6395716440179
2025-05-11 07:25:00+00:00,103798.54,103669.06,103806.95,103640.93,30.11983,,128.52388795515978
2025-05-11 07:30:00+00:00,103669.06,103635.86,103689.33,103578.0,51.23339,,127.29575310121992
2025-05-11 07:35:00+00:00,103635.86,103581.09,103699.68,103581.09,38.25164,,126.67391359398968
2025-05-11 07:40:00+00:00,103581.09,103410.8,103581.1,103365.18,99.68208,,133.04863405156274
2025-05-11 07:45:00+00:00,103410.79,103543.53,103581.09,103410.79,108.15801,,135.70944590502276
2025-05-11 07:50:00+00:00,103543.52,103424.9,103556.83,103424.7,165.97644,,135.45377119752146
2025-05-11 07:55:00+00:00,103424.9,103385.47,103453.6,103345.06,84.61431,,133.53135896912767
2025-05-11 08:00:00+00:00,103385.46,103685.24,103685.24,103380.95,137.44181,,145.7284047570477
2025-05-11 08:05:00+00:00,103685.23,103750.24,103753.35,103617.33,32.55336,,145.03494727440173
2025-05-11 08:10:00+00:00,103750.23,103799.99,103800.0,103734.17,28.93552,,139.37745104051604
2025-05-11 08:15:00+00:00,103800.0,103896.8,104028.0,103799.99,95.99102,,145.70834739476453
2025-05-11 08:20:00+00:00,103896.8,103942.35,103978.01,103896.8,21.01457,,141.1013225808522
2025-05-11 08:25:00+00:00,103942.36,103851.53,103942.36,103851.52,17.15996,,137.5112281107911
2025-05-11 08:30:00+00:00,103851.52,103797.53,103851.53,103737.02,47.21388,,135.86828324573423
2025-05-11 08:35:00+00:00,103797.52,103794.25,103895.99,103794.24,80.92515,,133.43126301389609
2025-05-11 08:40:00+00:00,103794.24,103953.07,103966.73,103793.65,49.04692,,136.26331565576078
2025-05-11 08:45:00+00:00,103953.06,103808.48,103953.07,103784.25,27.40941,,138.58879310892124
2025-05-11 08:50:00+00:00,103808.47,103861.46,103861.47,103808.47,24.02092,,132.47530788685543
2025-05-11 08:55:00+00:00,103861.46,103825.39,103863.24,103825.39,11.86298,,125.71635732350903
2025-05-11 09:00:00+00:00,103825.39,103920.31,103920.32,103820.0,47.81917,,123.90233180040174
2025-05-11 09:05:00+00:00,103920.31,104027.2,104027.95,103920.31,51.01408,,122.74073667180157
2025-05-11 09:10:00+00:00,104027.21,104250.0,104250.0,104015.29,111.88463,,130.73854119524478
2025-05-11 09:15:00+00:00,104250.0,104187.08,104313.33,104112.0,62.00408,,135.7807882527274
2025-05-11 09:20:00+00:00,104187.09,104160.74,104231.88,104132.03,21.96372,,133.214303377533
2025-05-11 09:25:00+00:00,104160.74,104301.57,104301.59,104142.85,37.53797,,135.03756742199428
2025-05-11 09:30:00+00:00,104301.57,104255.01,104317.18,104238.09,24.07978,,131.0413126061373
2025-05-11 09:35:00+00:00,104255.01,104257.79,104316.42,104238.09,16.17423,,127.27621884855618
2025-05-11 09:40:00+00:00,104257.79,104260.77,104267.64,104228.68,15.98226,,120.9679175022312
2025-05-11 09:45:00+00:00,104260.78,104319.9,104326.06,104260.77,33.07987,,116.99092339492852
2025-05-11 09:50:00+00:00,104319.9,104434.2,104469.23,104319.9,100.0195,,119.30085743814803
2025-05-11 09:55:00+00:00,104434.2,104347.94,104434.2,104333.33,94.90255,,117.98436762113712
2025-05-11 10:00:00+00:00,104347.93,104357.74,104357.74,104320.9,21.5644,,112.18834136248526
2025-05-11 10:05:00+00:00,104357.74,104395.04,104404.98,104353.2,23.88118,,107.87345983659337
2025-05-11 10:10:00+00:00,104395.05,104275.28,104395.05,104262.09,57.37764,,109.66535556255144
2025-05-11 10:15:00+00:00,104275.28,104231.16,104275.29,104193.66,33.18197,,107.66283016522563
2025-05-11 10:20:00+00:00,104231.16,104460.32,104485.29,104231.15,60.12276,,118.12548515342375
2025-05-11 10:25:00+00:00,104460.32,104492.07,104492.07,104449.72,35.64046,,112.71295049960818
2025-05-11 10:30:00+00:00,104492.07,104483.75,104510.0,104456.25,72.57939,,108.5013111782076
2025-05-11 10:35:00+00:00,104483.75,104401.51,104483.75,104365.07,61.25733,,109.2283603797637
2025-05-11 10:40:00+00:00,104401.52,104366.3,104401.52,104365.07,20.20416,,104.02990606692323
2025-05-11 10:45:00+00:00,104366.3,104398.32,104398.32,104351.26,61.43679,,99.96062706214387
2025-05-11 10:50:00+00:00,104398.31,104428.83,104476.2,104398.31,43.47116,,98.38415370056212
2025-05-11 10:55:00+00:00,104428.83,104644.0,104668.36,104428.83,180.15947,,108.4659998648076
2025-05-11 11:00:00+00:00,104644.0,104671.3,104777.0,104633.54,141.09888,,110.96557130303609
2025-05-11 11:05:00+00:00,104671.29,104549.0,104682.54,104549.0,34.53845,,112.5780304956759
2025-05-11 11:10:00+00:00,104549.01,104415.59,104572.27,104382.34,98.66705,,118.10317117455675
2025-05-11 11:15:00+00:00,104415.58,104434.87,104469.23,104415.58,40.62286,,113.49937323351658
2025-05-11 11:20:00+00:00,104434.87,104414.83,104465.83,104414.83,21.303,,109.03513228826539
2025-05-11 11:25:00+00:00,104414.83,104526.07,104538.0,104351.27,39.17396,,114.58476569624614
2025-05-11 11:30:00+00:00,104526.07,104466.02,104538.63,104463.36,38.33963,,111.77656814651456
2025-05-11 11:35:00+00:00,104466.02,104411.95,104466.02,104409.21,33.15269,,107.85038470747763
2025-05-11 11:40:00+00:00,104411.95,104512.46,104536.86,104402.52,48.37071,,109.74250008551469
2025-05-11 11:45:00+00:00,104512.46,104444.49,104512.46,104408.67,21.25054,,109.3173215079785
2025-05-11 11:50:00+00:00,104444.5,104519.37,104519.94,104444.49,37.42286,,106.89822711455126
2025-05-11 11:55:00+00:00,104519.38,104652.01,104682.54,104512.53,57.80038,,111.40621089208294
2025-05-11 12:00:00+00:00,104652.01,104662.74,104682.78,104635.07,42.59003,,106.85648154264787
2025-05-11 12:05:00+00:00,104662.74,104792.5,104888.0,104662.74,215.31067,,115.31387571817265
2025-05-11 12:10:00+00:00,104792.5,104843.33,104847.19,104749.99,224.07926,,114.02002745258869
2025-05-11 12:15:00+00:00,104843.33,104699.99,104843.34,104699.99,116.38808,,116.11502549168888
2025-05-11 12:20:00+00:00,104699.99,104678.87,104726.98,104633.04,59.59616,,114.53109509942556
2025-05-11 12:25:00+00:00,104678.87,104668.16,104734.18,104668.16,19.76898,,111.06601687803727
2025-05-11 12:30:00+00:00,104668.17,104777.78,104777.78,104623.0,37.13166,,114.18844424389168
2025-05-11 12:35:00+00:00,104777.77,104741.51,104790.89,104732.08,26.30434,,110.23284108361354
2025-05-11 12:40:00+00:00,104741.5,104570.39,104742.17,104525.23,65.38656,,117.85478100621273
2025-05-11 12:45:00+00:00,104570.39,104718.77,104741.46,104564.73,45.65383,,122.060153791484
2025-05-11 12:50:00+00:00,104718.77,104749.75,104794.48,104684.69,33.21003,,121.18371423494897
2025-05-11 12:55:00+00:00,104749.75,104601.9,104749.76,104601.89,46.29198,,123.08987750388086
2025-05-11 13:00:00+00:00,104601.89,104634.77,104650.7,104530.4,57.67228,,122.89060053931814
2025-05-11 13:05:00+00:00,104634.77,104650.79,104650.8,104568.0,29.90569,,120.02698621508135
2025-05-11 13:10:00+00:00,104650.79,104598.09,104666.67,104576.94,49.52264,,117.86291577114669
2025-05-11 13:15:00+00:00,104598.1,104571.42,104598.1,104533.77,30.26414,,114.03913607320776
2025-05-11 13:20:00+00:00,104571.43,104462.36,104571.43,104462.35,50.8377,,113.68491206797772
2025-05-11 13:25:00+00:00,104462.35,104329.94,104466.14,104250.8,89.36959,,120.94598977740763
2025-05-11 13:30:00+00:00,104329.95,104442.7,104443.94,104200.0,268.0326,True,129.7312762218787
2025-05-11 13:35:00+00:00,104442.71,104510.63,104515.3,104365.07,69.28032,True,131.1954707774585
2025-05-11 13:40:00+00:00,104510.63,104320.0,104510.63,104168.0,69.83141,True,146.29793715049752
2025-05-11 13:45:00+00:00,104320.0,104269.85,104394.9,104206.29,54.3893,True,149.32022735403345
2025-05-11 13:50:00+00:00,104269.84,104358.23,104421.9,104269.84,86.17922,True,149.51592540017373
2025-05-11 13:55:00+00:00,104358.23,103959.99,104358.24,103934.18,245.04553,True,169.12621644301933
2025-05-11 14:00:00+00:00,103959.99,104054.15,104055.49,103936.04,82.33517,True,165.57791526851878
2025-05-11 14:05:00+00:00,104053.39,104014.73,104053.39,103905.86,63.93834,True,164.34306417790984
2025-05-11 14:10:00+00:00,104014.74,103949.99,104014.74,103920.0,51.34777,True,159.37141673663092
2025-05-11 14:15:00+00:00,103949.99,103880.0,103949.99,103775.91,122.88245,True,160.4220298268717
2025-05-11 14:20:00+00:00,103880.0,103985.96,104003.52,103816.95,199.32881,True,162.28974198209565
2025-05-11 14:25:00+00:00,103985.96,103907.63,104047.62,103880.0,349.88653,True,162.67047469765993
2025-05-11 14:30:00+00:00,103907.62,104097.54,104151.56,103880.0,253.82984,True,170.4482979335412
2025-05-11 14:35:00+00:00,104097.54,104209.9,104209.9,104026.35,55.86621,True,171.38413379543027
2025-05-11 14:40:00+00:00,104209.9,104242.25,104281.3,104164.3,61.22371,True,167.4995528100424
2025-05-11 14:45:00+00:00,104242.26,104227.7,104290.97,104180.01,86.69745,True,163.46101332361124
2025-05-11 14:50:00+00:00,104227.7,104142.86,104230.3,104124.02,106.40378,True,159.3766552290675
2025-05-11 14:55:00+00:00,104142.86,104160.0,104256.73,104107.3,57.42281,True,158.66617985556218
2025-05-11 15:00:00+00:00,104160.0,104274.51,104274.52,104070.98,41.8254,True,161.87145272302263
2025-05-11 15:05:00+00:00,104274.52,104389.51,104402.29,104274.52,69.91307,True,159.43634895709235
2025-05-11 15:10:00+00:00,104389.51,104497.69,104559.77,104327.58,187.88707,True,164.6330383173002
2025-05-11 15:15:00+00:00,104497.69,104587.31,104682.54,104462.57,114.3093,True,168.58567843749208
2025-05-11 15:20:00+00:00,104587.3,104416.08,104613.4,104413.36,32.06505,True,170.83241569195647
2025-05-11 15:25:00+00:00,104416.07,104352.22,104465.02,104294.91,32.97924,True,170.78081457110247
2025-05-11 15:30:00+00:00,104352.23,104396.82,104439.96,104282.39,25.01372,True,169.83718495888135
2025-05-11 15:35:00+00:00,104396.83,104287.37,104427.12,104260.55,23.03032,True,169.60381460467502
2025-05-11 15:40:00+00:00,104287.38,104277.43,104387.79,104264.0,21.51851,True,166.3313992757692
2025-05-11 15:45:00+00:00,104277.44,104138.41,104377.18,104018.48,74.81769,True,180.07201361321404
2025-05-11 15:50:00+00:00,104138.42,103929.13,104252.62,103911.61,120.64214,True,191.56758406941267
2025-05-11 15:55:00+00:00,103929.13,104150.0,104181.51,103920.63,233.30656,True,196.5184709215968
2025-05-11 16:00:00+00:00,104150.0,104001.31,104176.0,103984.99,120.46751,True,196.12500871291095
2025-05-11 16:05:00+00:00,104001.32,103884.51,104010.32,103803.25,79.60771,True,196.9067938048464
2025-05-11 16:10:00+00:00,103884.51,104038.28,104055.07,103837.77,62.43542,True,198.36345139021472
2025-05-11 16:15:00+00:00,104038.28,103908.35,104038.28,103750.0,139.42095,True,204.78606200519928
2025-05-11 16:20:00+00:00,103908.35,104066.05,104070.67,103886.65,89.55723,True,203.30277186197105
2025-05-11 16:25:00+00:00,104066.05,104084.78,104089.08,104031.55,28.53695,True,192.89043101468732
2025-05-11 16:30:00+00:00,104084.79,104003.61,104128.0,104003.6,28.12976,True,187.99825737078066
2025-05-11 16:35:00+00:00,104003.6,103939.31,104003.61,103906.16,47.3807,True,181.53052470143896
2025-05-11 16:40:00+00:00,103939.31,103952.38,104010.86,103912.54,34.70462,True,175.58691579419383
2025-05-11 16:45:00+00:00,103952.39,103820.0,103952.39,103820.0,26.19773,True,172.50142180889424
2025-05-11 16:50:00+00:00,103820.0,103920.64,103938.88,103812.63,28.35847,True,169.19774882254464
2025-05-11 16:55:00+00:00,103920.64,103984.13,103984.13,103920.63,15.29402,True,161.6479096209343
2025-05-11 17:00:00+00:00,103984.12,103981.05,104044.9,103940.04,39.26495,True,157.5916303622962
2025-05-11 17:05:00+00:00,103981.04,103959.9,104000.0,103879.55,71.49044,True,154.93865676498913
2025-05-11 17:10:00+00:00,103959.9,104039.44,104039.44,103830.71,45.91965,True,158.7808955674896
2025-05-11 17:15:00+00:00,104039.44,104127.12,104136.75,103969.6,33.00583,True,159.37868874123996
2025-05-11 17:20:00+00:00,104127.13,103820.01,104148.93,103820.0,41.63096,True,171.48949668829374
2025-05-11 17:25:00+00:00,103820.01,103920.64,103944.0,103793.65,31.7612,True,169.97953263913033
2025-05-11 17:30:00+00:00,103920.63,103857.14,103972.74,103812.0,34.3712,True,169.31956602204997
2025-05-11 17:35:00+00:00,103857.14,103957.38,104015.88,103857.14,40.87872,True,168.56388273476108
2025-05-11 17:40:00+00:00,103957.39,104015.87,104015.88,103940.0,23.51643,True,161.94360539656418
2025-05-11 17:45:00+00:00,104015.87,104015.88,104029.49,103906.55,43.66346,True,159.15763358252406
2025-05-11 17:50:00+00:00,104015.87,104050.01,104094.75,104015.87,21.49511,True,153.42351689805838
2025-05-11 17:55:00+00:00,104050.01,104036.7,104077.38,104014.63,19.02873,True,146.94683711962563
2025-05-11 18:00:00+00:00,104036.7,103957.3,104111.12,103939.77,39.83184,True,148.68992018250887
2025-05-11 18:05:00+00:00,103957.3,103952.38,103984.13,103873.86,32.42902,True,145.94564016947282
2025-05-11 18:10:00+00:00,103952.38,103921.41,103984.13,103909.13,14.97271,True,140.87809444308192
2025-05-11 18:15:00+00:00,103921.4,104002.52,104015.87,103880.0,31.0573,True,140.52037341143287
2025-05-11 18:20:00+00:00,104002.53,104002.49,104047.62,104002.49,18.75642,True,133.70677531061554
2025-05-11 18:25:00+00:00,104002.5,103920.63,104024.0,103920.63,16.98859,True,131.5398627884284
2025-05-11 18:30:00+00:00,103920.63,103962.87,103969.17,103857.14,29.19255,True,130.14630116068344
2025-05-11 18:35:00+00:00,103962.86,104392.31,104404.0,103940.0,140.59243,True,153.99299393492032
2025-05-11 18:40:00+00:00,104392.32,104488.58,104614.67,104349.74,150.03702,True,161.91706579671123
2025-05-11 18:45:00+00:00,104488.58,104705.36,104824.0,104488.58,155.07686,True,174.31013252551745
2025-05-11 18:50:00+00:00,104705.36,104700.0,104832.82,104689.56,72.70364,True,172.09226591655258
2025-05-11 18:55:00+00:00,104700.01,104528.19,104708.97,104523.8,46.45045,True,173.02638977965583
2025-05-11 19:00:00+00:00,104528.19,104492.07,104627.89,104488.09,51.76827,True,170.65307622396634
2025-05-11 19:05:00+00:00,104492.07,104492.07,104605.64,104428.57,65.3465,True,171.1114279222539
2025-05-11 19:10:00+00:00,104492.06,104587.3,104650.8,104492.06,25.65396,True,170.22775449923614
2025-05-11 19:15:00+00:00,104587.3,104512.3,104635.12,104512.29,47.7419,True,166.84220060643366
2025-05-11 19:20:00+00:00,104512.3,104463.53,104530.88,104459.9,27.26042,True,159.9949005631177
2025-05-11 19:25:00+00:00,104463.52,104520.9,104520.91,104459.9,18.6559,True,152.9245505228957
2025-05-11 19:30:00+00:00,104520.9,104587.3,104619.05,104520.9,29.81074,True,149.01208262840376
2025-05-11 19:35:00+00:00,104587.3,104528.74,104587.31,104505.89,17.95078,True,144.1840767263748
2025-05-11 19:40:00+00:00,104528.74,104450.01,104528.75,104450.0,36.81856,True,139.5102141030623
2025-05-11 19:45:00+00:00,104450.01,104573.09,104580.13,104450.01,33.25776,True,138.83948452427285
2025-05-11 19:50:00+00:00,104573.1,104432.0,104573.11,104432.0,29.03011,True,139.00166420111054
2025-05-11 19:55:00+00:00,104432.0,104420.0,104446.26,104354.67,34.67091,True,135.61511675817383
2025-05-11 20:00:00+00:00,104420.0,104299.67,104434.54,104260.98,30.50603,True,138.32546556116125
2025-05-11 20:05:00+00:00,104299.66,104245.58,104349.48,104162.78,47.66924,,141.78078944964952
2025-05-11 20:10:00+00:00,104245.58,104380.96,104380.96,104228.0,27.79084,,142.57930448896073
2025-05-11 20:15:00+00:00,104380.95,104363.97,104400.0,104336.15,25.58892,,136.95578273974965
2025-05-11 20:20:00+00:00,104363.96,104318.2,104396.83,104284.49,21.10863,,135.197512544053
2025-05-11 20:25:00+00:00,104318.19,104382.5,104420.51,104250.0,30.13889,,137.7198330766203
2025-05-11 20:30:00+00:00,104382.5,104380.96,104382.51,104286.38,30.90077,,134.74913071400385
2025-05-11 20:35:00+00:00,104380.96,104352.71,104442.78,104352.7,21.61383,,131.55847852014656
2025-05-11 20:40:00+00:00,104352.71,104300.4,104352.71,104300.4,14.12623,,125.89787291156554
2025-05-11 20:45:00+00:00,104300.41,104274.77,104300.41,104252.0,11.67414,,120.36302484645397
2025-05-11 20:50:00+00:00,104274.78,104262.86,104319.79,104240.0,15.32118,,117.46495164313536
2025-05-11 20:55:00+00:00,104262.85,104269.85,104291.42,104249.17,15.65822,,112.09245509719712
2025-05-11 21:00:00+00:00,104269.85,104229.55,104284.88,104227.71,19.85267,,108.16942259025434
2025-05-11 21:05:00+00:00,104229.55,104066.71,104229.55,104066.7,39.41275,,112.0751781195223
2025-05-11 21:10:00+00:00,104066.7,104012.83,104066.71,103984.12,37.53387,,109.96909396812865
2025-05-11 21:15:00+00:00,104012.83,104209.83,104214.29,104012.82,29.95782,,116.50487297040422
2025-05-11 21:20:00+00:00,104209.83,104219.01,104238.11,104122.73,32.06333,,116.42452490108997
2025-05-11 21:25:00+00:00,104219.0,104191.85,104219.0,104191.84,5.93376,,110.04920169386914
2025-05-11 21:30:00+00:00,104191.84,104111.12,104191.85,104111.11,15.56854,,107.95568728716457
2025-05-11 21:35:00+00:00,104111.12,104099.3,104203.38,104099.29,22.00389,,107.6795667666536
2025-05-11 21:40:00+00:00,104099.29,104079.36,104099.29,103952.38,30.89674,,110.48245485474965
2025-05-11 21:45:00+00:00,104079.36,104111.12,104136.31,104028.83,23.39404,,110.26799379369581
2025-05-11 21:50:00+00:00,104111.12,104343.95,104358.71,104111.11,43.07355,,120.07742280843225
2025-05-11 21:55:00+00:00,104343.94,104349.0,104388.0,104287.03,24.39282,,118.7126068935443
2025-05-11 22:00:00+00:00,104349.01,103982.86,104578.62,103982.86,106.03113,,152.7874206868622
2025-05-11 22:05:00+00:00,103982.86,103980.34,104009.76,103801.45,124.5661,,156.753319209229
2025-05-11 22:10:00+00:00,103980.34,104103.86,104139.53,103885.69,69.45383,,163.68808212285526
2025-05-11 22:15:00+00:00,104102.31,104163.94,104163.95,104008.63,33.33972,,163.0903619712222
2025-05-11 22:20:00+00:00,104163.95,103953.2,104200.0,103932.68,61.01205,,170.5353361161354
2025-05-11 22:25:00+00:00,103953.2,103952.29,104033.79,103857.14,40.34874,,170.9720978221253
2025-05-11 22:30:00+00:00,103952.29,103891.44,104022.67,103860.48,40.35426,,170.3448051205451
2025-05-11 22:35:00+00:00,103891.43,103793.65,103896.44,103650.0,107.73554,,175.78017618336347
2025-05-11 22:40:00+00:00,103793.65,103577.22,103801.19,103569.77,54.83,,179.7544493131231
2025-05-11 22:45:00+00:00,103577.23,103715.94,103723.65,103570.87,35.0745,,177.82770293361423
2025-05-11 22:50:00+00:00,103715.94,103735.0,103779.99,103687.55,51.07354,,171.72858129549908
2025-05-11 22:55:00+00:00,103735.01,103793.67,103809.52,103735.0,16.89755,,164.78511120296372
2025-05-11 23:00:00+00:00,103793.67,103895.13,103895.13,103761.9,45.76345,,162.53117468846705
2025-05-11 23:05:00+00:00,103895.12,103924.49,103952.39,103868.53,31.93246,,156.9118050678623
2025-05-11 23:10:00+00:00,103924.49,103884.02,103997.6,103818.86,64.22317,,158.47096184872967
2025-05-11 23:15:00+00:00,103884.02,103952.38,103976.04,103884.02,21.30795,,153.72446457381966
2025-05-11 23:20:00+00:00,103952.38,103883.71,103953.64,103814.36,31.13874,,152.69271710426102
2025-05-11 23:25:00+00:00,103883.72,103981.28,104015.88,103862.9,29.08332,,152.71323731110027
2025-05-11 23:30:00+00:00,103981.29,103914.76,103981.29,103873.54,22.39146,,149.50157750316455
2025-05-11 23:35:00+00:00,103914.75,103837.97,103937.13,103826.03,30.66536,,146.75860768151037
2025-05-11 23:40:00+00:00,103837.97,104006.99,104008.44,103774.59,29.60626,,152.97942141854577
2025-05-11 23:45:00+00:00,104006.98,103966.41,104043.36,103966.41,30.65017,,147.548748460078
2025-05-11 23:50:00+00:00,103966.41,103960.1,104067.03,103920.0,38.7385,,147.51169499864378
2025-05-11 23:55:00+00:00,103960.1,104118.0,104142.86,103920.0,161.04155,,152.89371678445497
2025-05-12 00:00:00+00:00,104118.0,104192.71,104199.33,104074.15,53.82072,,150.91416558556585
2025-05-12 00:05:00+00:00,104192.71,104221.52,104288.78,104192.71,61.81929,,146.9967251865963
2025-05-12 00:10:00+00:00,104221.53,104328.04,104329.84,104154.79,50.59752,,149.00053053041105
2025-05-12 00:15:00+00:00,104328.04,104340.76,104469.23,104316.08,75.03032,,149.29692120680986
2025-05-12 00:20:00+00:00,104340.76,104336.88,104450.0,104282.51,66.25952,,150.59642683489523
2025-05-12 00:25:00+00:00,104336.88,104395.97,104448.47,104304.66,138.45755,,150.11168206097395
2025-05-12 00:30:00+00:00,104395.98,104547.69,104631.71,104395.98,95.21218,,156.22799048519047
2025-05-12 00:35:00+00:00,104547.68,104476.19,104606.93,104476.19,77.60476,,154.40741973624765
2025-05-12 00:40:00+00:00,104476.19,104350.83,104494.48,104337.98,87.07112,,154.55688975508707
2025-05-12 00:45:00+00:00,104350.84,104511.45,104511.46,104311.67,55.50527,,157.78782620115285
2025-05-12 00:50:00+00:00,104511.46,104627.29,104627.3,104468.43,69.44298,,157.86512432964264
2025-05-12 00:55:00+00:00,104627.29,104587.31,104635.48,104562.9,33.7498,,151.7733297346683
2025-05-12 01:00:00+00:00,104587.31,104662.67,104675.83,104526.32,99.43935,,151.61166332504874
2025-05-12 01:05:00+00:00,104662.67,104980.0,105086.42,104662.67,823.85708,,171.05011594468812
2025-05-12 01:10:00+00:00,104980.01,104748.0,105067.33,104740.74,152.77999,,182.16010766292445
2025-05-12 01:15:00+00:00,104747.99,104496.8,104784.23,104479.17,114.72602,,190.93867140128683
2025-05-12 01:20:00+00:00,104497.81,104418.22,104504.48,104300.02,68.19644,,191.90448058690862
2025-05-12 01:25:00+00:00,104418.21,104280.01,104428.58,104171.48,94.1505,,196.56130340212985
2025-05-12 01:30:00+00:00,104280.01,104061.54,104295.01,104047.06,64.13576,,200.2319245876918
2025-05-12 01:35:00+00:00,104061.54,103952.39,104079.37,103764.5,233.4697,,208.42035854571347
2025-05-12 01:40:00+00:00,103952.39,104021.7,104021.7,103875.72,65.73294,,203.96033293530508
2025-05-12 01:45:00+00:00,104021.71,103952.39,104047.62,103900.0,52.99122,,199.9360234399258
2025-05-12 01:50:00+00:00,103952.38,103984.07,104015.88,103920.63,40.66454,,192.45845033707397
2025-05-12 01:55:00+00:00,103984.06,103984.14,104095.24,103972.55,84.3461,,187.47498959871172
2025-05-12 02:00:00+00:00,103984.14,104175.75,104189.8,103935.76,105.95305,,192.22963319880432
2025-05-12 02:05:00+00:00,104175.74,104163.29,104200.0,104047.61,41.11232,,189.38394511317543
2025-05-12 02:10:00+00:00,104163.3,104009.48,104193.23,103963.35,45.71844,,192.2765204622336
2025-05-12 02:15:00+00:00,104009.48,104169.13,104171.42,103893.42,71.32627,,198.39962614350264
2025-05-12 02:20:00+00:00,104169.13,104096.68,104204.08,104085.35,43.52845,,192.70893856182357
2025-05-12 02:25:00+00:00,104096.67,103957.59,104096.68,103930.55,53.73611,,190.81044295026405
2025-05-12 02:30:00+00:00,103957.59,104052.27,104121.78,103957.58,71.21228,,188.90969702524498
2025-05-12 02:35:00+00:00,104052.27,103984.12,104075.78,103936.07,42.02367,,185.3954329520126
2025-05-12 02:40:00+00:00,103984.12,103908.53,103984.13,103888.0,35.58397,,179.01933059829776
2025-05-12 02:45:00+00:00,103908.53,103875.84,103999.98,103875.56,44.05607,,175.11937841270492
2025-05-12 02:50:00+00:00,103875.84,103829.56,103917.13,103821.0,44.91749,,169.4772799546549
2025-05-12 02:55:00+00:00,103829.55,103885.72,103885.73,103710.66,113.18979,,169.87675995789328
2025-05-12 03:00:00+00:00,103885.73,103796.83,103885.73,103769.5,62.41685,,166.0448485323292
2025-05-12 03:05:00+00:00,103796.83,103761.91,103796.83,103702.15,55.31253,,160.94735935144908
2025-05-12 03:10:00+00:00,103761.91,103885.52,103899.98,103709.89,60.59835,,163.02897654063102
2025-05-12 03:15:00+00:00,103885.52,103930.85,103930.85,103768.0,37.93364,,163.01619250201495
2025-05-12 03:20:00+00:00,103930.85,104015.87,104015.88,103930.84,59.59799,,157.44646446615732
2025-05-12 03:25:00+00:00,104015.87,103868.04,104047.62,103868.04,41.59452,,159.02743129000334
2025-05-12 03:30:00+00:00,103868.05,103952.38,103952.39,103864.35,21.29567,,153.9569004835741
2025-05-12 03:35:00+00:00,103952.39,103838.07,103965.0,103820.0,25.09439,,153.3171218776045
2025-05-12 03:40:00+00:00,103838.07,103942.86,103950.8,103800.0,25.62868,,153.13732745777583
2025-05-12 03:45:00+00:00,103942.87,104016.0,104024.79,103880.34,88.61553,,152.51680406793452
2025-05-12 03:50:00+00:00,104016.0,104040.33,104075.25,103999.99,46.41807,,146.99846092022452
2025-05-12 03:55:00+00:00,104040.32,104100.13,104100.13,104003.85,50.40405,,143.37571371163696
2025-05-12 04:00:00+00:00,104100.13,104049.37,104120.0,104049.36,26.20624,,138.18030558937713
2025-05-12 04:05:00+00:00,104049.37,104016.0,104049.37,104003.85,21.58869,,131.5617123329923
2025-05-12 04:10:00+00:00,104016.0,104056.0,104056.0,103963.09,21.53609,,128.8008757377788
2025-05-12 04:15:00+00:00,104056.0,104065.06,104164.77,104055.99,72.42424,,127.37081318508022
2025-05-12 04:20:00+00:00,104065.06,103965.21,104065.07,103965.19,31.82514,,125.40718367186055
2025-05-12 04:25:00+00:00,103965.21,103888.89,103965.22,103816.47,32.40905,,127.0745276952991
2025-05-12 04:30:00+00:00,103888.89,103952.38,103965.22,103850.01,42.21502,,126.22706143134963
2025-05-12 04:35:00+00:00,103952.39,103977.35,104000.96,103952.38,54.9606,,120.68084275768193
2025-05-12 04:40:00+00:00,103977.35,103979.49,103990.94,103929.0,31.96292,,116.48506827499054
2025-05-12 04:45:00+00:00,103979.5,104000.0,104000.0,103918.35,43.34934,,113.9968491124908
2025-05-12 04:50:00+00:00,103999.99,104039.75,104039.75,103980.2,30.88047,,110.10778846159882
2025-05-12 04:55:00+00:00,104039.75,104072.7,104117.64,104039.74,41.63368,,107.80723214291277
2025-05-12 05:00:00+00:00,104072.7,103973.77,104072.71,103973.72,33.40709,,107.17742984699079
2025-05-12 05:05:00+00:00,103973.77,103953.52,104000.0,103950.0,14.68469,,103.09332771506287
2025-05-12 05:10:00+00:00,103953.52,103920.23,103953.52,103860.0,59.86356,,102.40951859255867
2025-05-12 05:15:00+00:00,103920.22,103904.77,103954.2,103845.03,31.8344,,102.89241012166148
2025-05-12 05:20:00+00:00,103904.77,103909.25,103909.26,103831.09,48.67385,,101.12652368439981
2025-05-12 05:25:00+00:00,103909.25,103806.21,103909.25,103780.0,64.75896,,103.1353434212284
2025-05-12 05:30:00+00:00,103806.21,103768.8,103854.67,103750.0,52.12873,,103.24496174828339
2025-05-12 05:35:00+00:00,103768.8,103845.32,103909.38,103763.42,55.32324,,106.29603590912075
2025-05-12 05:40:00+00:00,103845.32,103965.02,103965.03,103845.32,18.60593,,107.25417620132582
2025-05-12 05:45:00+00:00,103965.02,103952.39,104000.0,103952.38,31.31378,,102.99459218694507
2025-05-12 05:50:00+00:00,103952.39,103859.27,103984.13,103844.52,22.38282,,105.60997845930618
2025-05-12 05:55:00+00:00,103859.28,103940.0,103941.83,103859.27,26.17762,,103.96355142649843
2025-05-12 06:00:00+00:00,103939.99,103880.36,103952.39,103826.36,41.65957,,105.5397263246056
2025-05-12 06:05:00+00:00,103880.36,103986.43,104000.0,103880.36,21.77006,,106.54688872999087
2025-05-12 06:10:00+00:00,103986.42,103939.34,103986.43,103939.33,20.36694,,102.30068239213377
2025-05-12 06:15:00+00:00,103939.33,103919.96,103939.34,103800.0,22.55136,,104.94634793555254
2025-05-12 06:20:00+00:00,103919.97,104070.22,104070.22,103908.45,38.26709,,109.0051802258705
2025-05-12 06:25:00+00:00,104070.22,104201.45,104220.19,104070.21,43.44101,,111.93195306687946
2025-05-12 06:30:00+00:00,104201.44,104261.96,104288.0,104180.38,47.06929,,111.62395641924488
2025-05-12 06:35:00+00:00,104261.97,104311.55,104355.9,104261.96,73.7279,,110.36081667501222
2025-05-12 06:40:00+00:00,104311.54,104345.33,104368.87,104302.99,52.03612,,107.1836154839392
2025-05-12 06:45:00+00:00,104345.33,104345.48,104411.58,104345.33,62.19337,,104.25978580651498
2025-05-12 06:50:00+00:00,104345.49,104309.49,104356.17,104282.73,52.35681,,102.05837253462121
2025-05-12 06:55:00+00:00,104309.49,104384.8,104395.62,104309.49,27.38886,,100.92063163929042
2025-05-12 07:00:00+00:00,104384.81,105639.99,105749.55,104384.81,1673.30477,,191.1941579507697
2025-05-12 07:05:00+00:00,105639.99,105300.0,105819.45,105130.88,760.22941,,226.72100381142846
2025-05-12 07:10:00+00:00,105299.99,105600.0,105600.0,105295.86,300.09292,,232.25093211061213
2025-05-12 07:15:00+00:00,105600.0,105338.22,105747.61,105235.74,312.31269,,252.2237226741395
2025-05-12 07:20:00+00:00,105338.22,105532.27,105553.77,105333.33,232.75546,,249.953456768844
2025-05-12 07:25:00+00:00,105532.27,105452.23,105563.14,105400.0,349.72972,,243.7524955710694
2025-05-12 07:30:00+00:00,105452.23,105313.61,105700.0,105272.72,249.48702,,256.8616030302787
2025-05-12 07:35:00+00:00,105313.61,105206.34,105358.79,105001.32,244.09178,,264.0479170995435
2025-05-12 07:40:00+00:00,105206.34,104727.97,105206.34,104665.59,632.21156,,283.81235159243323
2025-05-12 07:45:00+00:00,104727.98,104485.02,104752.03,104246.05,336.31354,,299.68146933583057
2025-05-12 07:50:00+00:00,104485.01,104525.33,104619.05,104430.68,271.09297,,291.73065009755766
2025-05-12 07:55:00+00:00,104525.32,104467.99,104525.33,104152.84,181.99045,,297.49917509058963
2025-05-12 08:00:00+00:00,104467.99,104322.71,104528.92,104220.0,118.38226,,298.3149482984045
2025-05-12 08:05:00+00:00,104322.7,104335.41,104361.39,104150.0,111.21755,,292.106023419947
2025-05-12 08:10:00+00:00,104335.42,104296.96,104351.26,104077.7,137.27875,,290.7813074613792
2025-05-12 08:15:00+00:00,104296.96,104405.48,104435.1,104265.16,51.6219,,282.14978549985227
2025-05-12 08:20:00+00:00,104405.49,104180.14,104412.7,104155.48,66.36388,,280.3690865355772
2025-05-12 08:25:00+00:00,104180.14,104291.98,104291.99,104141.0,89.64948,,271.12772321160776
2025-05-12 08:30:00+00:00,104291.99,104370.89,104394.11,104222.22,77.84308,,264.03931441077856
2025-05-12 08:35:00+00:00,104370.89,104335.49,104399.42,104317.46,51.19452,,251.03364909572238
2025-05-12 08:40:00+00:00,104335.49,104524.99,104533.36,104285.71,117.47932,,250.79195987459894
2025-05-12 08:45:00+00:00,104525.0,104576.4,104591.05,104500.25,73.90359,,239.36396274069924
2025-05-12 08:50:00+00:00,104576.39,104722.62,104736.45,104576.39,93.78409,,233.69939397350626
2025-05-12 08:55:00+00:00,104722.61,104614.04,104722.62,104613.69,83.30503,,224.78729440396958
2025-05-12 09:00:00+00:00,104614.05,104516.85,104682.68,104445.15,163.00958,,225.6974876608288
2025-05-12 09:05:00+00:00,104516.86,104476.19,104575.86,104476.19,64.08938,,216.6955242564838
2025-05-12 09:10:00+00:00,104476.2,104412.65,104502.24,104403.5,45.25644,,208.27012966673533
2025-05-12 09:15:00+00:00,104412.64,104457.39,104522.94,104412.64,75.2663,,201.27226326196873
2025-05-12 09:20:00+00:00,104457.38,104468.98,104507.94,104375.0,77.89222,,196.39138731468543
2025-05-12 09:25:00+00:00,104468.98,104517.94,104539.69,104413.05,92.10371,,191.40914536363644
2025-05-12 09:30:00+00:00,104517.94,104519.61,104519.62,104422.89,60.55239,,184.64634926623356
2025-05-12 09:35:00+00:00,104519.62,104513.19,104539.54,104380.95,81.25259,,182.78518146150233
2025-05-12 09:40:00+00:00,104513.2,104518.91,104534.58,104434.37,63.04742,,176.88695421425263
2025-05-12 09:45:00+00:00,104518.91,104401.35,104530.39,104375.0,49.17497,,175.35145748466311
2025-05-12 09:50:00+00:00,104401.35,104442.11,104477.52,104394.8,68.01974,,168.73492480718727
2025-05-12 09:55:00+00:00,104442.12,104459.34,104470.06,104418.16,50.52937,,160.3895730352449
2025-05-12 10:00:00+00:00,104459.33,104325.61,104507.94,104262.39,130.47239,,166.47246067558476
2025-05-12 10:05:00+00:00,104325.61,104247.49,104535.0,104212.54,184.57862,,177.6144277701863
2025-05-12 10:10:00+00:00,104247.5,104275.49,104343.41,104228.83,61.63815,,173.11196864374455
2025-05-12 10:15:00+00:00,104275.5,104227.79,104338.68,104215.44,59.01216,,169.5496851691907
2025-05-12 10:20:00+00:00,104227.8,104228.14,104285.72,104150.0,104.0363,,167.13327908567717
2025-05-12 10:25:00+00:00,104228.14,104332.2,104332.2,104228.14,56.1445,,162.6280448652715
2025-05-12 10:30:00+00:00,104332.19,104444.45,104444.45,104286.19,51.78898,,162.31604166060887
2025-05-12 10:35:00+00:00,104444.44,104535.0,104535.0,104420.09,57.50539,,158.92989582770846
2025-05-12 10:40:00+00:00,104535.0,104388.0,104539.69,104388.0,36.43985,,158.41276041144374
2025-05-12 10:45:00+00:00,104388.01,104374.02,104397.99,104329.54,58.97234,,151.9868489534843
2025-05-12 10:50:00+00:00,104374.02,104450.01,104450.01,104372.76,53.55219,,146.64850259966397
2025-05-12 10:55:00+00:00,104450.01,104527.62,104527.63,104450.01,27.79472,,141.71789527111724
2025-05-12 11:00:00+00:00,104527.62,104520.37,104571.43,104444.0,70.96428,,140.69733132317978
2025-05-12 11:05:00+00:00,104520.37,104574.35,104628.0,104495.11,55.06608,,140.13966480009546
2025-05-12 11:10:00+00:00,104574.35,104482.1,104592.86,104388.52,91.0087,,144.72540302865983
2025-05-12 11:15:00+00:00,104482.09,104428.57,104507.94,104412.69,58.87779,,141.19144566946983
2025-05-12 11:20:00+00:00,104428.57,104380.95,104428.58,104310.85,114.80045,,139.51562812165028
2025-05-12 11:25:00+00:00,104380.95,104378.74,104462.15,104367.02,48.00777,,136.34522611296026
2025-05-12 11:30:00+00:00,104378.73,104351.9,104378.74,104250.02,59.9977,,135.80056710489174
2025-05-12 11:35:00+00:00,104351.89,104380.95,104380.96,104285.71,57.85291,,132.9040980259709
2025-05-12 11:40:00+00:00,104380.95,104164.34,104380.96,104160.0,53.34481,,139.1938053098306
2025-05-12 11:45:00+00:00,104164.33,104021.61,104259.21,104000.0,212.25456,,147.76639064484314
2025-05-12 11:50:00+00:00,104021.61,103875.99,104059.47,103675.63,304.27704,,164.62879131306838
2025-05-12 11:55:00+00:00,103875.99,103762.9,103885.45,103625.0,224.99721,,171.47316336213473
2025-05-12 12:00:00+00:00,103762.89,103873.7,103886.14,103729.04,146.80906,,170.44650883626838
2025-05-12 12:05:00+00:00,103873.71,103918.51,103927.66,103769.7,146.52166,,169.55461534796396
2025-05-12 12:10:00+00:00,103918.52,103945.04,103952.39,103850.0,148.70157,,164.75714282310938
2025-05-12 12:15:00+00:00,103945.05,103861.62,103945.05,103829.88,98.43039,,161.21520405003002
2025-05-12 12:20:00+00:00,103861.62,103997.55,104006.6,103796.0,136.16987,,164.7426894750283
2025-05-12 12:25:00+00:00,103997.54,104000.04,104031.75,103942.7,68.60747,,159.33606879824077
2025-05-12 12:30:00+00:00,104000.05,104032.46,104051.96,103877.61,73.78709,,160.4084924555097
2025-05-12 12:35:00+00:00,104032.46,104047.61,104098.94,104001.29,165.4736,,155.9257429944025
2025-05-12 12:40:00+00:00,104047.61,104117.41,104145.41,104000.0,131.65504,,155.17461849480256
2025-05-12 12:45:00+00:00,104117.42,104057.74,104117.42,103964.0,181.78542,,155.04928860231652
2025-05-12 12:50:00+00:00,104057.74,104052.82,104082.04,104000.01,190.14515,,149.8336251307224
2025-05-12 12:55:00+00:00,104052.82,103881.15,104081.87,103876.13,63.0485,,153.8269376213844
2025-05-12 13:00:00+00:00,103881.14,103957.06,103985.08,103881.14,63.42799,,150.26358493414278
2025-05-12 13:05:00+00:00,103957.06,103890.89,104000.0,103874.86,62.3107,,148.46904315313253
2025-05-12 13:10:00+00:00,103890.88,104209.08,104224.79,103889.74,96.07924,,161.79625435647935
2025-05-12 13:15:00+00:00,104209.08,104295.76,104309.71,104209.08,104.87488,,157.42723618815972
2025-05-12 13:20:00+00:00,104295.76,104273.12,104341.0,104235.15,53.42883,,153.74314788900588
2025-05-12 13:25:00+00:00,104273.12,104159.07,104371.09,104151.99,112.16863,,158.41149446836198
2025-05-12 13:30:00+00:00,104159.07,104222.22,104435.0,103934.4,208.08277,True,182.8535305777651
2025-05-12 13:35:00+00:00,104222.23,103948.14,104253.97,103874.41,142.05507,True,196.90399267935314
2025-05-12 13:40:00+00:00,103948.15,103801.89,104088.69,103675.57,147.26917,True,212.34799320225616
2025-05-12 13:45:00+00:00,103801.9,104053.91,104053.92,103801.9,108.25107,True,215.18242225923777
2025-05-12 13:50:00+00:00,104053.91,104388.23,104629.96,104033.09,241.71897,True,242.4458206692929
2025-05-12 13:55:00+00:00,104388.24,104319.99,104392.81,104183.84,141.56832,True,240.05469062148634
2025-05-12 14:00:00+00:00,104320.0,104237.47,104400.0,104080.04,248.26553,True,245.76221271995206
2025-05-12 14:05:00+00:00,104237.47,104184.0,104345.62,104183.54,172.07497,True,239.7849118113842
2025-05-12 14:10:00+00:00,104184.0,104000.01,104184.01,103942.54,148.94895,True,239.90527525342827
2025-05-12 14:15:00+00:00,104000.01,104059.99,104247.02,103926.47,87.89331,True,245.66561273532645
2025-05-12 14:20:00+00:00,104060.0,103750.01,104093.4,103750.0,160.81582,True,252.64664039708845
2025-05-12 14:25:00+00:00,103750.0,102953.74,103820.0,102654.27,807.42135,True,317.8668803687247
2025-05-12 14:30:00+00:00,102953.74,103278.95,103433.78,102544.25,591.85133,True,358.6999603423871
2025-05-12 14:35:00+00:00,103278.95,103437.51,103456.33,103024.19,174.35483,True,363.945677460788
2025-05-12 14:40:00+00:00,103437.52,103448.99,103482.63,103346.44,135.48018,True,347.67741478501756
2025-05-12 14:45:00+00:00,103448.99,103114.34,103449.0,103046.78,148.44457,True,351.5733137289449
2025-05-12 14:50:00+00:00,103114.34,102802.04,103119.99,102730.51,188.79153,True,354.28093417687813
2025-05-12 14:55:00+00:00,102802.05,102799.99,102985.26,102761.9,175.11298,True,344.9294388785297
2025-05-12 15:00:00+00:00,102799.99,102538.3,103034.34,102433.41,302.35854,True,363.2151932443485
2025-05-12 15:05:00+00:00,102538.31,102801.16,102910.0,102538.3,307.87621,True,363.82125086975196
2025-05-12 15:10:00+00:00,102801.17,102946.56,103000.0,102640.0,181.50251,True,363.5483043790554
2025-05-12 15:15:00+00:00,102946.56,103089.19,103150.62,102771.73,125.12996,True,364.6441397805514
2025-05-12 15:20:00+00:00,103089.19,102992.01,103206.35,102953.0,95.49019,True,356.6945583676553
2025-05-12 15:25:00+00:00,102992.01,102963.31,103168.34,102908.86,66.82555,True,349.75066134139394
2025-05-12 15:30:00+00:00,102963.31,102920.0,102984.13,102857.14,76.45106,True,333.83918553129473
2025-05-12 15:35:00+00:00,102920.0,102707.7,102964.31,102677.92,68.03098,True,330.44995799334504
2025-05-12 15:40:00+00:00,102707.69,102611.9,102740.15,102511.12,168.35303,True,323.2056752795346
2025-05-12 15:45:00+00:00,102611.91,102397.01,102726.81,102388.0,202.47052,True,324.32026990242485
2025-05-12 15:50:00+00:00,102397.11,102633.05,102644.83,102397.11,147.85554,True,318.855964909395
2025-05-12 15:55:00+00:00,102633.06,102527.26,102695.19,102480.25,68.07458,True,311.43339598729557
2025-05-12 16:00:00+00:00,102527.27,102574.52,102745.95,102486.47,126.13267,True,307.72243913105984
2025-05-12 16:05:00+00:00,102574.52,102553.78,102678.87,102421.83,89.84146,True,304.10226490741223
2025-05-12 16:10:00+00:00,102553.78,102799.99,102800.0,102480.0,99.67612,True,305.2378174140257
2025-05-12 16:15:00+00:00,102799.99,102904.76,102941.17,102799.99,105.41118,True,293.51940188445195
2025-05-12 16:20:00+00:00,102904.76,102915.47,102984.12,102826.51,79.71349,True,283.811587464134
2025-05-12 16:25:00+00:00,102915.47,102984.12,103028.0,102880.78,72.28675,True,274.0550455024102
2025-05-12 16:30:00+00:00,102984.13,102880.01,103012.55,102880.0,64.39656,True,263.9475422522383
2025-05-12 16:35:00+00:00,102880.01,102811.98,102880.01,102800.0,92.76047,True,250.80914637707806
2025-05-12 16:40:00+00:00,102811.98,102903.17,102960.04,102752.45,87.60448,True,247.7220644930008
2025-05-12 16:45:00+00:00,102903.18,103035.8,103047.62,102903.18,59.77311,True,240.34548845778627
2025-05-12 16:50:00+00:00,103035.81,102993.06,103075.09,102920.97,69.22642,True,234.18652499651552
2025-05-12 16:55:00+00:00,102993.05,102856.06,102997.99,102840.01,39.20356,True,228.74320178247945
2025-05-12 17:00:00+00:00,102856.07,102964.8,102964.81,102814.03,48.46816,True,223.17440165515941
2025-05-12 17:05:00+00:00,102964.81,103066.57,103079.37,102928.12,81.89519,True,218.03694439407658
2025-05-12 17:10:00+00:00,103066.57,103000.01,103088.88,103000.0,37.47871,True,208.81144836592858
2025-05-12 17:15:00+00:00,103000.0,102922.47,103037.62,102922.47,43.46621,True,202.12134491121898
2025-05-12 17:20:00+00:00,102922.48,102829.83,102922.48,102684.79,111.72742,True,204.66196313184636
2025-05-12 17:25:00+00:00,102829.83,102920.63,102942.51,102813.93,28.34197,True,199.22753719385744
2025-05-12 17:30:00+00:00,102920.63,102921.31,102998.99,102907.75,42.30705,True,191.51414168001085
2025-05-12 17:35:00+00:00,102921.31,102839.32,102952.38,102801.49,46.71774,True,188.61241727429575
2025-05-12 17:40:00+00:00,102839.32,102772.16,102857.15,102772.11,45.17812,True,181.21438746898846
2025-05-12 17:45:00+00:00,102772.15,102588.07,102882.5,102559.0,66.65541,True,191.37764550691784
2025-05-12 17:50:00+00:00,102588.06,102719.31,102719.91,102571.42,68.32603,True,188.31424225642408
2025-05-12 17:55:00+00:00,102719.31,102556.19,102719.32,102529.52,49.19073,True,188.42036780953686
2025-05-12 18:00:00+00:00,102556.2,102612.78,102660.54,102556.19,68.128,True,182.41534153742646
2025-05-12 18:05:00+00:00,102612.79,101876.67,102632.12,101800.0,692.8937,True,228.82281714189568
2025-05-12 18:10:00+00:00,101876.66,101965.65,102062.69,101836.0,157.85888,True,228.6704730603319
2025-05-12 18:15:00+00:00,101965.64,102218.61,102218.62,101950.88,83.57185,True,231.4611535560218
2025-05-12 18:20:00+00:00,102218.61,102065.45,102247.34,102029.39,63.6045,True,230.4960711591629
2025-05-12 18:25:00+00:00,102065.45,101643.78,102081.67,101626.08,227.59496,True,246.57420893350815
2025-05-12 18:30:00+00:00,101643.51,101252.01,101751.71,101234.93,335.00016,True,265.87462258111566
2025-05-12 18:35:00+00:00,101252.01,101316.22,101454.95,101221.0,159.9402,True,263.59429239675006
2025-05-12 18:40:00+00:00,101316.22,101202.99,101489.35,101075.5,246.27046,True,274.32684293983976
2025-05-12 18:45:00+00:00,101202.98,100766.79,101320.0,100718.37,473.02215,True,297.7056398727087
2025-05-12 18:50:00+00:00,100766.79,101454.5,101481.44,100766.79,334.81131,True,327.48737988180153
2025-05-12 18:55:00+00:00,101454.49,101630.59,101777.66,101447.4,265.50549,True,327.6854241759592
2025-05-12 19:00:00+00:00,101630.59,101960.21,101977.84,101573.96,194.90219,True,333.1278938776757
2025-05-12 19:05:00+00:00,101960.2,101945.01,102031.75,101856.0,132.2547,True,321.88661574355604
2025-05-12 19:10:00+00:00,101945.01,101859.35,101963.14,101817.02,148.5217,True,309.33185747615886
2025-05-12 19:15:00+00:00,101859.34,101948.01,102122.02,101859.34,169.79618,True,305.99958194214804
2025-05-12 19:20:00+00:00,101948.0,101856.93,101987.39,101824.7,105.02965,True,295.7631832319948
2025-05-12 19:25:00+00:00,101856.93,101670.42,101856.93,101627.12,99.5907,True,291.0522415725664
2025-05-12 19:30:00+00:00,101670.42,101831.62,101883.46,101651.76,75.40651,True,286.8127957459554
2025-05-12 19:35:00+00:00,101831.62,101682.05,101851.15,101682.04,47.24733,True,278.4054531926729
2025-05-12 19:40:00+00:00,101682.05,101556.96,101682.05,101459.7,74.40039,True,274.4014922503396
2025-05-12 19:45:00+00:00,101556.97,101877.12,101884.42,101556.97,126.58075,True,278.191385661029
2025-05-12 19:50:00+00:00,101877.13,101873.37,101933.11,101873.36,62.13054,True,262.58842954238406
2025-05-12 19:55:00+00:00,101873.36,101860.0,101873.36,101755.13,54.80112,True,252.27782743221312
2025-05-12 20:00:00+00:00,101859.99,101854.39,102008.0,101770.2,58.828,True,251.24369690134094
2025-05-12 20:05:00+00:00,101854.4,101782.62,101939.31,101782.62,25.81651,,244.48986140838818
2025-05-12 20:10:00+00:00,101782.62,101838.05,101894.0,101770.94,32.74785,,235.81629987921744
2025-05-12 20:15:00+00:00,101838.05,102059.15,102076.91,101838.05,68.06859,,236.03370703070195
2025-05-12 20:20:00+00:00,102059.15,102153.84,102158.14,101993.71,56.47256,,230.91915652850844
2025-05-12 20:25:00+00:00,102153.83,102249.99,102282.45,102127.56,137.71143,,225.48850249075778
2025-05-12 20:30:00+00:00,102249.99,102387.3,102396.79,102212.0,74.01228,,222.58146659856035
2025-05-12 20:35:00+00:00,102387.31,102551.79,102559.83,102350.21,78.56847,,221.6556475558057
2025-05-12 20:40:00+00:00,102551.79,102530.13,102659.91,102520.42,53.53019,,215.78667273039136
2025-05-12 20:45:00+00:00,102530.12,102517.57,102581.45,102458.12,42.87859,,209.18262467822066
2025-05-12 20:50:00+00:00,102517.58,102875.2,102881.39,102512.2,103.18475,,220.6117229154908
2025-05-12 20:55:00+00:00,102875.21,102678.51,102881.39,102668.0,55.18674,,220.09588556438425
2025-05-12 21:00:00+00:00,102678.52,102719.99,102743.43,102627.42,59.33878,,212.66117945264213
2025-05-12 21:05:00+00:00,102720.0,102554.33,102720.0,102545.1,36.09528,,209.96395234888155
2025-05-12 21:10:00+00:00,102554.33,102517.56,102569.99,102500.0,17.95066,,199.96581289539037
2025-05-12 21:15:00+00:00,102517.55,102432.49,102627.75,102424.31,77.31922,,200.21396911714837
2025-05-12 21:20:00+00:00,102432.5,102441.49,102441.5,102408.42,44.92448,,188.27582846592358
2025-05-12 21:25:00+00:00,102441.48,102354.13,102441.48,102352.94,15.04203,,181.1525550040721
2025-05-12 21:30:00+00:00,102354.13,102468.72,102486.53,102352.86,23.27938,,177.76094393235255
2025-05-12 21:35:00+00:00,102468.73,102571.42,102571.43,102468.72,25.23329,,172.40016222289822
2025-05-12 21:40:00+00:00,102571.43,102533.74,102619.05,102444.65,44.23407,,172.5430077784061
2025-05-12 21:45:00+00:00,102533.74,102447.61,102533.75,102437.69,45.56622,,167.07993579423405
2025-05-12 21:50:00+00:00,102447.61,102535.43,102535.44,102426.3,49.45277,,162.94136895178872
2025-05-12 21:55:00+00:00,102535.43,102510.1,102628.07,102456.35,40.8023,,163.56841402666103
2025-05-12 22:00:00+00:00,102509.36,102547.35,102547.35,102352.9,51.61524,,165.77424159618607
2025-05-12 22:05:00+00:00,102547.34,102556.04,102626.11,102525.51,49.787,,161.11893862503032
2025-05-12 22:10:00+00:00,102556.03,102547.35,102603.18,102520.01,35.2248,,155.5511572946709
2025-05-12 22:15:00+00:00,102547.3,102630.11,102675.95,102543.16,21.0307,,153.9253603450511
2025-05-12 22:20:00+00:00,102630.12,102712.34,102750.0,102624.52,28.64748,,151.89354889183286
2025-05-12 22:25:00+00:00,102712.34,102747.07,102789.36,102667.54,30.23147,,149.74543825670247
2025-05-12 22:30:00+00:00,102747.07,102814.48,102839.49,102723.99,38.97222,,147.29933552408087
2025-05-12 22:35:00+00:00,102814.47,102829.32,102899.0,102763.6,71.39183,,146.4493829866461
2025-05-12 22:40:00+00:00,102829.32,102810.83,102857.15,102793.65,31.30952,,140.5244270590285
2025-05-12 22:45:00+00:00,102810.82,102931.09,102941.06,102791.36,40.13929,,141.17982512624056
2025-05-12 22:50:00+00:00,102931.09,102894.21,102931.09,102864.29,26.95034,,135.86698047436644
2025-05-12 22:55:00+00:00,102894.21,102856.38,102894.22,102833.74,23.98024,,130.48219615476856
2025-05-12 23:00:00+00:00,102856.59,102967.88,102971.05,102856.59,30.22869,,129.35275357228497
2025-05-12 23:05:00+00:00,102967.89,102960.04,102973.0,102882.8,35.14084,,126.55612831712155
2025-05-12 23:10:00+00:00,102960.04,102916.42,102992.66,102903.86,42.40146,,123.85926200875592
2025-05-12 23:15:00+00:00,102916.43,102994.5,102997.85,102916.42,24.02293,,120.82860043670246
2025-05-12 23:20:00+00:00,102994.51,103115.45,103120.0,102994.5,46.45624,,121.16227183408084
2025-05-12 23:25:00+00:00,103115.45,103100.02,103127.92,103070.24,58.56799,,116.62782384593172
2025-05-12 23:30:00+00:00,103100.02,102921.7,103102.77,102912.45,52.86268,,121.89155071407994
2025-05-12 23:35:00+00:00,102921.7,102847.1,102921.7,102825.39,30.15333,,120.06429709164549
2025-05-12 23:40:00+00:00,102847.1,102868.54,102917.49,102847.09,29.98649,,116.51684729938572
2025-05-12 23:45:00+00:00,102868.53,102952.38,102952.39,102857.14,23.23189,,114.99778677800101
2025-05-12 23:50:00+00:00,102952.38,102860.0,102952.39,102842.75,27.41374,,114.61508772242948
2025-05-12 23:55:00+00:00,102860.0,102791.32,102860.0,102791.31,21.38204,,111.33472431368467
2025-05-13 00:00:00+00:00,102791.32,102608.57,102791.32,102608.57,125.93163,,116.43581543413576
2025-05-13 00:05:00+00:00,102608.57,102585.32,102670.75,102565.89,59.25771,,115.60897147455468
2025-05-13 00:10:00+00:00,102585.31,102584.04,102616.0,102546.0,50.58102,,112.35118779780078
2025-05-13 00:15:00+00:00,102584.04,102580.0,102646.88,102488.88,56.25279,,115.611817240815
2025-05-13 00:20:00+00:00,102580.0,102554.45,102591.99,102457.08,40.62908,,116.99025886647132
2025-05-13 00:25:00+00:00,102554.45,102529.57,102583.98,102407.03,50.39428,,121.27309751886602
2025-05-13 00:30:00+00:00,102530.14,102464.01,102550.0,102390.67,47.40657,,123.99144769608999
2025-05-13 00:35:00+00:00,102464.0,102450.01,102483.78,102360.0,24.76779,,123.97634428922633
2025-05-13 00:40:00+00:00,102450.01,102246.65,102455.42,102210.48,91.38196,,132.61660541142462
2025-05-13 00:45:00+00:00,102246.64,102415.72,102432.61,102195.55,91.73455,,140.07684788203696
2025-05-13 00:50:00+00:00,102415.71,102314.69,102422.84,102165.39,73.96393,,148.46064446189126
2025-05-13 00:55:00+00:00,102314.69,102260.01,102327.7,102233.97,36.98082,,144.55131271461303
2025-05-13 01:00:00+00:00,102260.0,102593.87,102593.87,102260.0,80.86699,,158.07407609214033
2025-05-13 01:05:00+00:00,102593.86,102428.37,102634.9,102428.37,39.12011,,161.53521351413022
2025-05-13 01:10:00+00:00,102428.38,102544.0,102593.09,102242.42,143.15627,,175.04484112026367
2025-05-13 01:15:00+00:00,102544.0,102609.54,102658.26,102460.75,79.10172,,176.64949532595875
2025-05-13 01:20:00+00:00,102609.53,102700.0,102714.28,102540.12,51.60647,,176.47167423124765
2025-05-13 01:25:00+00:00,102700.0,102478.39,102714.29,102478.39,37.3175,,180.71655464330095
2025-05-13 01:30:00+00:00,102478.38,102526.81,102539.69,102317.77,51.08836,,183.65965788306502
2025-05-13 01:35:00+00:00,102526.8,102261.21,102526.8,102173.51,57.16413,,195.776825177132
2025-05-13 01:40:00+00:00,102261.21,102249.99,102279.91,102072.0,72.82558,,196.64348052162282
2025-05-13 01:45:00+00:00,102250.0,102398.38,102398.39,102190.47,56.70485,,197.44894619864962
2025-05-13 01:50:00+00:00,102398.39,102499.99,102499.99,102398.38,25.95432,,190.6033071844604
2025-05-13 01:55:00+00:00,102500.0,102400.48,102500.0,102388.41,21.21072,,184.95949952842724
2025-05-13 02:00:00+00:00,102400.48,102386.23,102500.0,102320.34,32.48972,,184.58096384782556
2025-05-13 02:05:00+00:00,102386.22,102522.05,102701.82,102190.47,126.1092,,207.92160928726702
2025-05-13 02:10:00+00:00,102522.05,102095.46,102576.0,102067.76,96.87552,,229.37292290960545
2025-05-13 02:15:00+00:00,102095.46,101802.84,102142.86,101771.19,221.06267,,239.5369998446335
2025-05-13 02:20:00+00:00,101802.84,102054.91,102062.85,101696.84,95.51448,,248.57078557001748
2025-05-13 02:25:00+00:00,102054.91,102285.71,102285.72,102054.9,38.90296,,247.3028723150167
2025-05-13 02:30:00+00:00,102285.72,102095.24,102300.0,102049.04,38.17779,,247.5640957210874
2025-05-13 02:35:00+00:00,102095.23,102001.79,102152.0,102000.0,63.37511,,240.73808888386685
2025-05-13 02:40:00+00:00,102001.78,101919.11,102026.09,101901.6,66.61164,,232.43465396358997
2025-05-13 02:45:00+00:00,101919.11,101900.0,102031.75,101833.14,39.70869,,230.018607251905
2025-05-13 02:50:00+00:00,101899.99,101968.75,101985.65,101800.0,51.06138,,226.84942101962565
2025-05-13 02:55:00+00:00,101968.74,102067.99,102090.16,101960.79,54.77665,,219.88660523251025
2025-05-13 03:00:00+00:00,102067.98,101898.02,102104.35,101888.88,33.74054,,219.57113343018818
2025-05-13 03:05:00+00:00,101898.01,101942.36,101984.0,101845.73,81.71722,,213.76390961374645
2025-05-13 03:10:00+00:00,101942.35,102041.25,102166.99,101942.35,41.34198,,214.5407732127645
2025-05-13 03:15:00+00:00,102041.26,101928.82,102058.05,101901.46,80.90709,,210.40143226899536
2025-05-13 03:20:00+00:00,101928.81,101813.7,101955.0,101813.69,51.00858,,205.46632996406697
2025-05-13 03:25:00+00:00,101813.69,101602.31,101852.28,101510.0,105.5363,,215.23873496663353
2025-05-13 03:30:00+00:00,101602.31,101606.15,101660.0,101429.7,272.68239,,216.31453961187418
2025-05-13 03:35:00+00:00,101606.15,101678.61,101678.98,101542.41,65.42279,,210.61850106816834
2025-05-13 03:40:00+00:00,101678.6,101842.29,101855.02,101664.0,83.51848,,209.21860813472804
2025-05-13 03:45:00+00:00,101842.29,101756.0,101842.29,101731.13,60.76181,,202.21442183938956
2025-05-13 03:50:00+00:00,101756.0,101739.99,101756.01,101622.88,55.40291,,197.27982027943244
2025-05-13 03:55:00+00:00,101740.0,101719.4,101820.9,101719.4,30.23639,,190.43840454518727
2025-05-13 04:00:00+00:00,101719.4,101775.0,101804.0,101610.56,68.68981,,190.65280422053118
2025-05-13 04:05:00+00:00,101775.0,101887.7,101887.79,101727.77,50.18515,,188.46474677620677
2025-05-13 04:10:00+00:00,101887.69,101900.0,101937.12,101828.91,53.22586,,182.73226486362
2025-05-13 04:15:00+00:00,101900.56,102142.86,102142.86,101888.24,92.59919,,187.86710308764683
2025-05-13 04:20:00+00:00,102142.86,102247.57,102288.65,102142.86,62.93976,,184.86159572424302
2025-05-13 04:25:00+00:00,102247.57,102373.75,102382.59,102247.57,110.5299,,181.30148174393918
2025-05-13 04:30:00+00:00,102373.75,102555.73,102565.54,102373.75,140.9693,,182.05066161937162
2025-05-13 04:35:00+00:00,102555.72,102648.79,102666.6,102454.67,160.50203,,184.18490007513134
2025-05-13 04:40:00+00:00,102648.79,102562.52,102663.2,102492.55,110.75512,,183.21812149833585
2025-05-13 04:45:00+00:00,102562.52,102645.08,102718.9,102562.52,101.86253,,181.30111281988258
2025-05-13 04:50:00+00:00,102645.08,102658.16,102745.78,102615.61,91.62906,,177.64889047560513
2025-05-13 04:55:00+00:00,102657.84,102745.71,102767.24,102645.15,88.35371,,173.68039829877696
2025-05-13 05:00:00+00:00,102745.72,102651.37,102745.72,102641.45,93.9746,,168.72251270600745
2025-05-13 05:05:00+00:00,102651.37,102600.71,102721.09,102592.01,118.0242,,165.89090465557845
2025-05-13 05:10:00+00:00,102600.72,102665.48,102721.52,102600.72,84.20519,,162.67084003732268
2025-05-13 05:15:00+00:00,102665.48,102610.65,102684.88,102610.2,76.91046,,156.3857800346573
2025-05-13 05:20:00+00:00,102610.65,102623.6,102662.31,102574.34,81.25727,,151.49893860361044
2025-05-13 05:25:00+00:00,102623.59,102560.0,102636.76,102553.84,81.76992,,146.60044298906672
2025-05-13 05:30:00+00:00,102560.0,102354.83,102578.0,102354.83,66.88204,,152.06969706127614
2025-05-13 05:35:00+00:00,102354.83,102336.5,102391.2,102336.5,77.57038,,145.11471869975622
2025-05-13 05:40:00+00:00,102336.51,102284.33,102355.5,102264.34,42.8916,,141.26081022120246
2025-05-13 05:45:00+00:00,102284.33,102271.31,102390.5,102271.31,100.381,,139.68432377683104
2025-05-13 05:50:00+00:00,102271.31,102386.34,102391.45,102271.31,96.10313,,138.28830064991448
2025-05-13 05:55:00+00:00,102386.34,102477.15,102486.7,102360.0,81.02334,,137.4605648892061
2025-05-13 06:00:00+00:00,102477.16,102657.55,102657.56,102477.15,86.98916,,140.52838168283446
2025-05-13 06:05:00+00:00,102657.55,102581.09,102666.67,102581.09,110.89039,,136.60349727691784
2025-05-13 06:10:00+00:00,102581.09,102635.06,102688.77,102578.84,112.97156,,134.69824747142425
2025-05-13 06:15:00+00:00,102635.06,102498.75,102666.93,102498.74,156.23357,,137.0905155091788
2025-05-13 06:20:00+00:00,102498.74,102415.71,102498.75,102349.2,43.10525,,137.9804786870948
2025-05-13 06:25:00+00:00,102415.71,102365.0,102415.72,102333.33,44.43455,,134.00973020944514
2025-05-13 06:30:00+00:00,102365.0,102445.0,102446.3,102350.75,39.41973,,131.2626066230564
2025-05-13 06:35:00+00:00,102445.0,102547.0,102547.0,102444.99,50.56271,,129.17313472140913
2025-05-13 06:40:00+00:00,102546.99,102574.71,102592.97,102544.5,49.6908,,123.40862509845142
2025-05-13 06:45:00+00:00,102574.72,102503.41,102613.0,102503.41,73.9867,,122.4215804485618
2025-05-13 06:50:00+00:00,102503.42,102460.55,102503.42,102441.0,49.31287,,118.13575327366439
2025-05-13 06:55:00+00:00,102460.55,102552.0,102571.43,102460.54,47.49273,,117.61819946840261
2025-05-13 07:00:00+00:00,102552.01,102697.87,102697.88,102552.0,50.44369,,119.63689950637419
2025-05-13 07:05:00+00:00,102697.88,102720.0,102759.53,102686.11,51.18278,,116.3356923987759
2025-05-13 07:10:00+00:00,102720.0,102726.61,102772.98,102720.0,50.95986,,111.81028579886303
2025-05-13 07:15:00+00:00,102726.62,102915.72,102943.28,102690.0,84.8341,,121.91526538465845
2025-05-13 07:20:00+00:00,102915.72,102761.12,102933.51,102753.4,26.34132,,126.07203214289719
2025-05-13 07:25:00+00:00,102761.13,102800.0,102822.67,102741.35,22.10822,,122.875458418404
2025-05-13 07:30:00+00:00,102800.0,102789.2,102837.5,102705.88,49.28512,,123.50006853137481
2025-05-13 07:35:00+00:00,102789.19,102685.17,102789.19,102685.17,37.60067,,122.10934935056223
2025-05-13 07:40:00+00:00,102685.17,102665.34,102703.68,102648.45,39.50606,,117.33225296837892
2025-05-13 07:45:00+00:00,102665.34,102658.54,102693.43,102658.53,43.48502,,111.44423489920858
2025-05-13 07:50:00+00:00,102658.53,102670.32,102689.3,102658.53,36.87051,,105.6817895492654
2025-05-13 07:55:00+00:00,102670.32,102665.5,102735.84,102635.13,55.95037,,105.32666172431729
2025-05-13 08:00:00+00:00,102665.5,102900.91,102905.0,102665.5,61.9106,,114.91047160115177
2025-05-13 08:05:00+00:00,102900.91,102831.13,102926.16,102781.0,42.33871,,117.07115220106975
2025-05-13 08:10:00+00:00,102831.14,102901.34,102901.35,102804.85,25.09508,,115.60178418670762
2025-05-13 08:15:00+00:00,102901.34,102852.0,102958.81,102852.0,40.97363,,114.97379960194262
2025-05-13 08:20:00+00:00,102852.0,102613.26,102852.01,102577.02,196.75401,,126.40352820180318
2025-05-13 08:25:00+00:00,102613.25,102571.99,102613.25,102540.18,53.85379,,122.59470475881736
2025-05-13 08:30:00+00:00,102571.99,102684.64,102684.64,102563.19,22.43667,,122.51294013318734
2025-05-13 08:35:00+00:00,102684.64,102809.52,102831.94,102684.64,17.8133,,124.28344440938847
2025-05-13 08:40:00+00:00,102809.53,102741.19,102819.71,102707.5,35.64531,,123.42105552300403
2025-05-13 08:45:00+00:00,102742.49,102696.58,102803.26,102696.57,16.64243,,122.22598012850287
2025-05-13 08:50:00+00:00,102696.58,102734.36,102734.37,102664.79,25.21681,,118.46555297646707
2025-05-13 08:55:00+00:00,102734.36,102722.0,102786.72,102710.0,36.21864,,115.48372776386236
2025-05-13 09:00:00+00:00,102722.0,102824.24,102888.89,102722.0,58.26003,,119.15560435215787
2025-05-13 09:05:00+00:00,102824.25,102969.92,102969.92,102824.24,50.76022,,121.05020404128894
2025-05-13 09:10:00+00:00,102969.92,102984.13,102984.13,102917.96,48.19066,,117.13018946691103
2025-05-13 09:15:00+00:00,102984.12,103199.01,103206.35,102984.12,127.55172,,124.63731879070384
2025-05-13 09:20:00+00:00,103199.01,103170.02,103233.66,103140.17,90.80877,,122.41251030565395
2025-05-13 09:25:00+00:00,103170.02,103258.44,103299.87,103170.01,96.13299,,122.94447385525015
2025-05-13 09:30:00+00:00,103258.44,103343.82,103343.82,103214.61,101.69214,,123.39201143701845
2025-05-13 09:35:00+00:00,103343.81,103374.14,103440.0,103343.81,109.99925,,121.44901062008873
2025-05-13 09:40:00+00:00,103374.14,103348.96,103430.71,103320.0,70.18715,,120.68193843293999
2025-05-13 09:45:00+00:00,103348.96,103457.03,103460.32,103348.96,69.29467,,120.01608568773004
2025-05-13 09:50:00+00:00,103457.02,103495.49,103496.54,103457.02,79.6276,,114.26636528146287
2025-05-13 09:55:00+00:00,103495.5,103457.03,103511.2,103457.02,95.11605,,109.97448204707216
2025-05-13 10:00:00+00:00,103457.02,103388.65,103524.99,103362.76,145.12457,,113.7070190437106
2025-05-13 10:05:00+00:00,103388.64,103390.0,103438.89,103343.23,98.38151,,112.4179462548744
2025-05-13 10:10:00+00:00,103389.99,103418.62,103443.16,103372.5,99.727,,109.4352358080979
2025-05-13 10:15:00+00:00,103418.62,103299.98,103427.13,103273.84,146.65681,,112.56771896466292
2025-05-13 10:20:00+00:00,103299.98,103410.0,103410.0,103299.98,71.74538,,112.38573903861585
2025-05-13 10:25:00+00:00,103409.99,103494.92,103500.0,103391.62,26.36635,,112.0996148215722
2025-05-13 10:30:00+00:00,103494.92,103428.68,103550.0,103414.98,70.27334,,113.73678519146019
2025-05-13 10:35:00+00:00,103428.69,103443.87,103452.23,103389.51,36.36488,,110.09272910635596
2025-05-13 10:40:00+00:00,103443.88,103461.7,103506.88,103439.02,24.1515,,107.07610559875914
2025-05-13 10:45:00+00:00,103461.71,103435.76,103500.0,103428.57,30.23658,,104.52995519884728
2025-05-13 10:50:00+00:00,103435.76,103563.18,103563.19,103435.76,30.26698,,106.16567268464443
2025-05-13 10:55:00+00:00,103563.19,103557.72,103612.37,103557.72,30.03882,,102.48598177859799
2025-05-13 11:00:00+00:00,103557.72,103546.99,103564.39,103502.03,31.4164,,99.61984022298388
2025-05-13 11:05:00+00:00,103546.99,103520.4,103547.0,103480.0,16.56581,,97.28985163562788
2025-05-13 11:10:00+00:00,103520.4,103453.99,103541.04,103453.99,27.57677,,96.55843366165364
2025-05-13 11:15:00+00:00,103454.0,103539.33,103539.34,103453.99,14.13267,,95.7578312572492
2025-05-13 11:20:00+00:00,103539.33,103592.8,103615.51,103522.34,51.51946,,95.57298616744556
2025-05-13 11:25:00+00:00,103592.8,103608.62,103653.68,103565.31,39.225,,95.05848715548484
2025-05-13 11:30:00+00:00,103608.61,103705.53,103741.71,103573.11,40.29216,,100.31145235866491
2025-05-13 11:35:00+00:00,103705.52,103714.29,103750.0,103680.0,46.80343,,98.14634861876027
2025-05-13 11:40:00+00:00,103714.29,103816.68,103816.71,103710.07,44.43314,,98.7530380031345
2025-05-13 11:45:00+00:00,103816.68,103799.99,103822.03,103746.59,48.10118,,97.08782100291079
2025-05-13 11:50:00+00:00,103800.0,103675.56,103800.0,103627.53,36.79715,,102.47226235984581
2025-05-13 11:55:00+00:00,103675.57,103729.2,103739.16,103675.56,18.74879,,99.69567219128581
2025-05-13 12:00:00+00:00,103729.2,103787.76,103819.51,103663.17,103.6756,,103.74169560619372
2025-05-13 12:05:00+00:00,103787.76,103622.56,103787.76,103593.15,36.1912,,110.23228877717993
2025-05-13 12:10:00+00:00,103622.55,103520.02,103696.76,103464.0,90.62603,,118.98426815023814
2025-05-13 12:15:00+00:00,103520.02,103556.82,103677.9,103473.94,57.60346,,125.0539632823634
2025-05-13 12:20:00+00:00,103556.83,103490.97,103595.0,103455.41,47.65005,,126.09225161933719
2025-05-13 12:25:00+00:00,103490.97,103555.1,103628.0,103489.2,60.09925,,126.99994793224188
2025-05-13 12:30:00+00:00,103555.09,103764.0,103961.97,103338.23,515.99778,,162.48138022279642
2025-05-13 12:35:00+00:00,103764.0,103873.73,103908.76,103763.99,139.87218,,161.21628163545307
2025-05-13 12:40:00+00:00,103873.73,103734.84,103966.0,103695.01,168.53533,,169.05726151863539
2025-05-13 12:45:00+00:00,103734.84,103771.83,103809.53,103565.01,58.69942,,174.44745712444745
2025-05-13 12:50:00+00:00,103771.83,103739.93,103842.96,103701.67,100.41931,,172.07906732984466
2025-05-13 12:55:00+00:00,103739.93,103682.52,103745.83,103639.14,32.32719,,167.40841966342737
2025-05-13 13:00:00+00:00,103682.52,103546.47,103788.0,103490.77,91.91302,,176.681389687468
2025-05-13 13:05:00+00:00,103546.48,103560.47,103682.54,103531.39,47.53562,,174.8577189955056
2025-05-13 13:10:00+00:00,103560.48,103549.89,103643.53,103500.0,51.81906,,172.62002478154085
2025-05-13 13:15:00+00:00,103549.89,103665.59,103772.0,103543.56,94.25604,,176.6071658685738
2025-05-13 13:20:00+00:00,103665.58,103777.78,103777.78,103665.58,64.3797,,172.0066540208183
2025-05-13 13:25:00+00:00,103777.78,103786.6,103830.99,103747.41,36.69639,,165.69046444790283
2025-05-13 13:30:00+00:00,103786.6,103762.07,103932.2,103700.23,109.41321,True,170.4247169873384
2025-05-13 13:35:00+00:00,103763.63,103651.98,103923.07,103559.72,77.92504,True,184.20509434538607
2025-05-13 13:40:00+00:00,103651.99,103590.8,103795.66,103547.0,61.14446,True,188.80901617785872
2025-05-13 13:45:00+00:00,103590.8,103492.07,103606.99,103394.93,88.26249,True,190.46980073658398
2025-05-13 13:50:00+00:00,103492.08,103744.95,103749.5,103492.08,53.29068,True,195.25267211254177
2025-05-13 13:55:00+00:00,103744.95,103715.87,103811.06,103668.45,81.71376,True,191.49248124736027
2025-05-13 14:00:00+00:00,103715.87,103468.0,103746.04,103438.51,70.63761,True,199.7808754439773
2025-05-13 14:05:00+00:00,103468.01,103286.05,103506.75,103263.16,84.26271,True,202.91009862655008
2025-05-13 14:10:00+00:00,103286.04,103082.14,103286.05,102991.55,234.28555,True,209.45223443893934
2025-05-13 14:15:00+00:00,103082.14,103227.27,103227.27,102811.32,207.05627,True,224.20207483615778
2025-05-13 14:20:00+00:00,103227.27,103339.4,103387.82,103190.82,144.73943,True,222.25906949071796
2025-05-13 14:25:00+00:00,103339.4,103390.91,103436.0,103204.14,167.49894,True,222.94485024138103
2025-05-13 14:30:00+00:00,103390.9,103123.03,103394.7,103111.11,58.2369,True,227.27664665271072
2025-05-13 14:35:00+00:00,103123.03,103220.81,103222.1,103030.0,57.39363,True,224.76402903466038
2025-05-13 14:40:00+00:00,103220.81,103124.41,103275.21,103124.4,51.139,True,219.48159838932838
2025-05-13 14:45:00+00:00,103124.41,102984.12,103258.31,102904.76,176.91411,True,229.05791279009085
2025-05-13 14:50:00+00:00,102984.12,103145.67,103193.92,102984.12,47.67902,True,227.68234759079886
2025-05-13 14:55:00+00:00,103145.66,103191.65,103191.65,103142.87,36.1926,True,214.90360847717028
2025-05-13 15:00:00+00:00,103191.64,103273.22,103297.54,103132.15,56.90965,True,211.36692215737236
2025-05-13 15:05:00+00:00,103273.23,103471.79,103547.0,103212.71,203.55682,True,220.1471420032739
2025-05-13 15:10:00+00:00,103471.8,103740.43,103873.02,103471.79,142.85812,True,233.08163186018368
2025-05-13 15:15:00+00:00,103740.43,103681.75,103829.21,103636.72,60.86632,True,230.18222958445662
2025-05-13 15:20:00+00:00,103681.75,103625.81,103688.97,103571.42,28.38116,True,222.13707032842422
2025-05-13 15:25:00+00:00,103625.81,103672.69,103753.97,103625.81,39.57074,True,215.42442244782274
2025-05-13 15:30:00+00:00,103672.7,103515.76,103734.05,103515.76,55.93267,True,215.6291065586931
2025-05-13 15:35:00+00:00,103515.76,103663.88,103663.88,103461.79,50.15953,True,214.66202751878726
2025-05-13 15:40:00+00:00,103663.88,103632.95,103739.06,103596.51,60.12685,True,209.51116841030264
2025-05-13 15:45:00+00:00,103632.94,103570.39,103661.5,103518.01,63.71073,True,204.79537066670997
2025-05-13 15:50:00+00:00,103570.39,103510.3,103570.39,103422.68,38.84303,True,200.71784419051687
2025-05-13 15:55:00+00:00,103510.29,103682.55,103714.29,103500.18,44.38512,True,201.67442674833714
2025-05-13 16:00:00+00:00,103682.54,103624.52,103701.33,103532.18,45.49047,True,199.35125340917082
2025-05-13 16:05:00+00:00,103624.51,103847.96,103874.47,103624.51,78.65593,True,202.9661638799448
2025-05-13 16:10:00+00:00,103847.97,104314.44,104338.38,103836.42,394.69868,True,224.32286645994918
2025-05-13 16:15:00+00:00,104314.43,104190.74,104394.61,104176.43,162.41497,True,223.88409028423908
2025-05-13 16:20:00+00:00,104190.74,104015.76,104190.74,103982.03,110.83824,True,222.80022669250818
2025-05-13 16:25:00+00:00,104015.75,104151.02,104236.35,104015.75,63.86832,True,222.6430676430437
2025-05-13 16:30:00+00:00,104151.02,104119.99,104223.4,104066.4,58.80044,True,217.95427709711203
2025-05-13 16:35:00+00:00,104119.99,104106.64,104253.06,103975.08,85.65634,True,222.2418287330323
2025-05-13 16:40:00+00:00,104106.63,103943.13,104114.39,103930.48,78.79892,True,219.50384096638737
2025-05-13 16:45:00+00:00,103943.13,103936.5,103988.0,103885.01,91.98758,True,211.18142375450293
2025-05-13 16:50:00+00:00,103936.51,103854.11,103936.51,103750.0,79.73582,True,209.4191792006095
2025-05-13 16:55:00+00:00,103854.1,103725.85,103858.89,103714.28,45.1988,True,204.78995211485173
2025-05-13 17:00:00+00:00,103725.85,103829.97,103850.0,103714.28,43.81732,True,199.85638410664814
2025-05-13 17:05:00+00:00,103829.97,103837.87,103964.93,103809.52,60.05159,True,196.68164238474392
2025-05-13 17:10:00+00:00,103837.88,103879.99,103921.99,103781.46,28.94672,True,192.67081078583357
2025-05-13 17:15:00+00:00,103880.0,103850.02,103936.51,103837.68,35.61823,True,185.96789572970275
2025-05-13 17:20:00+00:00,103850.03,103963.93,104000.0,103848.74,33.22611,True,183.4887603204379
2025-05-13 17:25:00+00:00,103963.93,103835.84,104040.0,103786.81,88.84881,True,188.46742029754964
2025-05-13 17:30:00+00:00,103835.83,103819.85,103865.54,103809.52,59.85139,True,179.00689027629534
2025-05-13 17:35:00+00:00,103819.85,103890.35,103904.77,103712.5,64.4977,True,179.95425525656023
2025-05-13 17:40:00+00:00,103890.35,104057.92,104063.5,103890.35,41.8081,True,179.46823702394838
2025-05-13 17:45:00+00:00,104057.92,104207.58,104272.24,104030.14,99.90032,True,183.94193437938105
2025-05-13 17:50:00+00:00,104207.58,104148.38,104310.0,104144.05,102.20943,True,182.65679620942504
2025-05-13 17:55:00+00:00,104148.38,104268.17,104285.71,104113.84,79.11037,True,181.8863107658954
2025-05-13 18:00:00+00:00,104268.17,104309.99,104310.0,104173.26,99.36204,True,178.66157428261752
2025-05-13 18:05:00+00:00,104309.99,104291.7,104400.0,104286.32,89.70313,True,174.02003326243008
2025-05-13 18:10:00+00:00,104297.11,104426.96,104426.97,104297.11,59.79611,True,171.25217374368535
2025-05-13 18:15:00+00:00,104426.96,104299.99,104426.97,104285.71,44.41448,True,169.10987561913603
2025-05-13 18:20:00+00:00,104300.0,104327.98,104380.96,104285.71,44.77212,True,163.83417021776918
2025-05-13 18:25:00+00:00,104327.99,104349.2,104428.58,104327.98,33.95872,True,159.31744377364322
2025-05-13 18:30:00+00:00,104349.2,104251.37,104388.73,104221.19,62.07674,True,159.90476921838254
2025-05-13 18:35:00+00:00,104251.37,104197.91,104316.53,104150.44,47.74014,True,160.34657141706927
2025-05-13 18:40:00+00:00,104197.9,104130.07,104197.91,104129.36,34.16339,True,153.78967345870737
2025-05-13 18:45:00+00:00,104130.06,104253.96,104280.08,104081.85,39.90975,True,156.96398249737084
2025-05-13 18:50:00+00:00,104253.97,104340.17,104372.23,104184.02,67.26592,True,159.19584089041518
2025-05-13 18:55:00+00:00,104340.17,104354.19,104377.7,104317.46,44.35089,True,152.12756654109916
2025-05-13 19:00:00+00:00,104354.19,104287.64,104380.0,104285.71,77.28129,True,147.99631178816304
2025-05-13 19:05:00+00:00,104287.65,104170.21,104291.61,104158.73,22.63827,True,146.916575231866
2025-05-13 19:10:00+00:00,104170.22,104271.47,104300.0,104170.21,37.15557,True,145.6932484295894
2025-05-13 19:15:00+00:00,104271.47,104298.99,104299.0,104177.39,64.7475,True,143.9730163989045
2025-05-13 19:20:00+00:00,104299.0,104344.76,104344.77,104280.51,49.50343,True,138.27922951326912
2025-05-13 19:25:00+00:00,104344.77,104589.68,104666.0,104344.77,287.56266,True,151.3478559766074
2025-05-13 19:30:00+00:00,104589.68,104687.38,104749.99,104551.19,137.4915,True,154.73729483542138
2025-05-13 19:35:00+00:00,104687.38,104648.21,104778.17,104624.18,337.53466,True,154.68391663289165
2025-05-13 19:40:00+00:00,104648.2,104839.99,104880.0,104598.09,426.79224,True,163.77149401625678
2025-05-13 19:45:00+00:00,104840.0,104934.23,104976.25,104806.43,513.92921,True,164.20353015795322
2025-05-13 19:50:00+00:00,104934.24,104656.58,104968.92,104442.86,316.85247,True,190.0504208609564
2025-05-13 19:55:00+00:00,104656.57,104792.22,104824.0,104516.0,80.41916,True,198.47539079945952
2025-05-13 20:00:00+00:00,104792.21,104672.71,104928.0,104621.0,92.18731,True,206.22714859949812
2025-05-13 20:05:00+00:00,104672.7,104500.0,104672.71,104400.0,136.87216,,210.97592369953443
2025-05-13 20:10:00+00:00,104500.0,104582.08,104650.0,104499.99,59.47638,,206.62121486385303
2025-05-13 20:15:00+00:00,104582.08,104489.51,104595.55,104421.59,57.43732,,204.28827094500684
2025-05-13 20:20:00+00:00,104489.52,104499.0,104562.75,104422.61,35.90533,,199.70625159179204
2025-05-13 20:25:00+00:00,104499.01,104514.56,104550.0,104444.44,32.89862,,192.9815193352353
2025-05-13 20:30:00+00:00,104514.57,104663.98,104663.98,104450.49,41.43787,,194.44641081128927
2025-05-13 20:35:00+00:00,104663.97,104585.07,104666.67,104580.45,28.56316,,186.71595289619725
2025-05-13 20:40:00+00:00,104585.07,104512.94,104585.08,104503.12,16.32362,,179.23338483218362
2025-05-13 20:45:00+00:00,104512.94,104688.27,104705.62,104468.35,50.14223,,183.37885734416975
2025-05-13 20:50:00+00:00,104688.27,104625.82,104688.28,104550.06,30.28011,,180.15322467672914
2025-05-13 20:55:00+00:00,104625.82,104562.39,104632.44,104562.39,20.42906,,172.28870862839156
2025-05-13 21:00:00+00:00,104562.4,104476.2,104613.32,104476.19,15.0557,,169.77737229779248
2025-05-13 21:05:00+00:00,104476.2,104415.89,104480.0,104350.95,31.48551,,166.8682742765218
2025-05-13 21:10:00+00:00,104415.88,104280.33,104415.89,104280.33,47.97858,,164.63196897105578
2025-05-13 21:15:00+00:00,104280.34,104415.04,104476.2,104280.33,35.80431,,166.8632569016943
2025-05-13 21:20:00+00:00,104415.03,104240.8,104415.04,104240.8,25.31955,,167.3901671230012
2025-05-13 21:25:00+00:00,104240.8,104507.95,104523.81,104179.0,57.68399,,180.06301232850095
2025-05-13 21:30:00+00:00,104507.95,104592.84,104592.85,104492.26,23.05217,,174.3863685907517
2025-05-13 21:35:00+00:00,104592.84,104463.96,104592.86,104444.44,29.65097,,172.53162797712645
2025-05-13 21:40:00+00:00,104463.97,104317.47,104489.96,104305.63,39.75898,,173.37436883590325
2025-05-13 21:45:00+00:00,104317.46,104380.96,104380.96,104230.14,37.27645,,171.76334249048207
2025-05-13 21:50:00+00:00,104380.96,104379.86,104384.75,104329.35,16.65551,,163.45167516973294
2025-05-13 21:55:00+00:00,104379.87,104342.71,104379.87,104326.29,31.54535,,155.603698371895
2025-05-13 22:00:00+00:00,104342.7,104264.43,104432.03,104253.96,47.45525,,157.2084342024734
2025-05-13 22:05:00+00:00,104264.43,104190.48,104300.86,104176.82,31.47297,,154.8392603308677
2025-05-13 22:10:00+00:00,104190.47,104213.55,104360.0,104181.28,63.63515,,156.5450274500915
2025-05-13 22:15:00+00:00,104213.55,104242.39,104302.14,104192.41,68.82099,,153.2010969179418
2025-05-13 22:20:00+00:00,104242.4,104190.47,104326.58,104190.47,37.01589,,151.980304280946
2025-05-13 22:25:00+00:00,104190.47,104258.68,104272.07,104117.79,72.37348,,152.14456826087937
2025-05-13 22:30:00+00:00,104258.68,104229.43,104258.68,104141.61,38.70524,,149.6392419565303
2025-05-13 22:35:00+00:00,104229.42,104338.36,104346.11,104212.22,20.19403,,148.51429610249238
2025-05-13 22:40:00+00:00,104338.36,104237.37,104338.97,104233.12,31.39896,,145.4668463808862
2025-05-13 22:45:00+00:00,104237.38,104185.14,104259.29,104165.8,31.14199,,141.75421449653655
2025-05-13 22:50:00+00:00,104185.15,104140.79,104205.5,104111.12,36.02669,,138.37034203249854
2025-05-13 22:55:00+00:00,104140.79,104128.5,104158.38,104100.0,24.48447,,132.6567461730347
2025-05-13 23:00:00+00:00,104128.5,104107.79,104182.21,104101.0,30.06929,,128.98197858924695
2025-05-13 23:05:00+00:00,104107.78,104019.3,104107.78,103869.01,125.39982,,136.82469440430066
2025-05-13 23:10:00+00:00,104019.3,104135.35,104135.35,103989.39,18.96044,,137.47721623256535
2025-05-13 23:15:00+00:00,104135.34,104185.92,104185.93,104124.28,25.50216,,132.0609865016674
2025-05-13 23:20:00+00:00,104185.92,104013.7,104190.48,104013.69,25.46232,,135.25591603726212
2025-05-13 23:25:00+00:00,104013.7,103985.16,104040.26,103958.37,18.49977,,131.44406489174335
2025-05-13 23:30:00+00:00,103985.17,104039.75,104060.0,103985.16,17.76323,,127.40091739947572
2025-05-13 23:35:00+00:00,104039.75,104091.83,104139.88,104026.26,22.58428,,126.41656615665673
2025-05-13 23:40:00+00:00,104091.82,104147.61,104158.74,104084.93,19.13118,,122.65895428832498
2025-05-13 23:45:00+00:00,104147.61,104225.44,104263.88,104147.6,49.6,,122.20331469630169
2025-05-13 23:50:00+00:00,104225.44,104227.17,104285.66,104225.44,20.47706,,117.77593507513737
2025-05-13 23:55:00+00:00,104227.16,104103.72,104258.38,104103.72,182.49478,,120.41051114119924
2025-05-14 00:00:00+00:00,104103.72,104007.8,104115.86,103979.35,356.76572,,121.5604746311132
2025-05-14 00:05:00+00:00,104007.79,103983.03,104033.54,103896.61,208.48418,,122.65829787174746
2025-05-14 00:10:00+00:00,103983.03,103951.36,104095.24,103940.0,29.78225,,124.98556230948017
2025-05-14 00:15:00+00:00,103951.37,103960.0,104000.0,103912.46,45.21028,,122.31087928737398
2025-05-14 00:20:00+00:00,103960.0,103882.39,104087.08,103882.38,69.57888,,128.19581648113277
2025-05-14 00:25:00+00:00,103882.39,103904.76,103904.77,103818.47,59.81477,,125.20325816105206
2025-05-14 00:30:00+00:00,103904.76,103936.5,103936.51,103763.85,65.64447,,128.59302543526184
2025-05-14 00:35:00+00:00,103936.5,103914.6,104017.35,103895.54,29.73745,,128.1085236184583
2025-05-14 00:40:00+00:00,103914.59,103839.99,103914.6,103802.6,38.37898,,126.9579147885684
2025-05-14 00:45:00+00:00,103840.0,103850.9,103869.5,103809.65,31.24936,,122.16449230367107
2025-05-14 00:50:00+00:00,103850.9,103823.11,104003.68,103813.56,67.4599,,127.0184571391228
2025-05-14 00:55:00+00:00,103823.11,103920.76,103942.65,103814.0,36.48855,,127.13499591489933
2025-05-14 01:00:00+00:00,103920.77,103899.99,103998.0,103825.63,54.49659,,130.36606763526333
2025-05-14 01:05:00+00:00,103900.0,104009.61,104031.75,103833.01,81.29089,,135.2499199470306
2025-05-14 01:10:00+00:00,104009.62,104031.74,104037.98,103926.96,85.07265,,133.5192113793848
2025-05-14 01:15:00+00:00,104031.74,103839.75,104058.94,103825.73,58.00832,,140.6399819951435
2025-05-14 01:20:00+00:00,103839.76,103908.03,103973.36,103826.0,40.87928,,141.11998328120472
2025-05-14 01:25:00+00:00,103908.02,103893.02,103916.85,103850.62,40.14919,,135.7706987611194
2025-05-14 01:30:00+00:00,103893.03,104004.61,104055.61,103873.01,43.85373,,139.1156488496113
2025-05-14 01:35:00+00:00,104004.6,103977.07,104015.01,103902.83,107.16483,,137.19167393178142
2025-05-14 01:40:00+00:00,103977.07,104018.33,104076.17,103968.27,67.72666,,135.09941150808234
2025-05-14 01:45:00+00:00,104018.32,103894.96,104082.71,103873.1,301.42359,,140.42159640036223
2025-05-14 01:50:00+00:00,103894.96,103761.9,103894.96,103700.0,149.49831,,144.31719665747968
2025-05-14 01:55:00+00:00,103761.9,103734.82,103804.54,103714.28,45.19877,,140.4559683248022
2025-05-14 02:00:00+00:00,103734.81,103676.47,103786.21,103583.66,77.01487,,144.89125630160225
2025-05-14 02:05:00+00:00,103676.46,103523.05,103727.91,103500.0,61.24423,,150.82116656577378
2025-05-14 02:10:00+00:00,103523.05,103721.96,103721.96,103496.82,97.87124,,156.12965466821848
2025-05-14 02:15:00+00:00,103721.97,103732.97,103750.0,103687.65,39.66473,,149.4311079062033
2025-05-14 02:20:00+00:00,103732.97,103720.62,103748.58,103709.9,27.47219,,141.52031448433218
2025-05-14 02:25:00+00:00,103720.61,103601.08,103720.62,103587.3,30.76243,,140.93457773545077
2025-05-14 02:30:00+00:00,103601.09,103661.27,103674.74,103571.42,36.05538,,138.24782218291907
2025-05-14 02:35:00+00:00,103661.28,103708.57,103714.44,103650.79,26.9792,,132.91940631271117
2025-05-14 02:40:00+00:00,103708.57,103752.0,103752.01,103700.0,18.20399,,127.14016300466001
2025-05-14 02:45:00+00:00,103752.0,103645.37,103752.01,103621.68,29.06688,,127.36800850432728
2025-05-14 02:50:00+00:00,103645.37,103639.35,103659.9,103609.36,19.20589,,121.88029361116058
2025-05-14 02:55:00+00:00,103639.36,103713.27,103716.72,103639.35,18.07286,,118.70098692464877
2025-05-14 03:00:00+00:00,103713.27,103683.49,103777.78,103671.55,23.13787,,117.81020214431643
2025-05-14 03:05:00+00:00,103683.49,103670.24,103683.5,103526.32,34.45597,,120.62233056257904
2025-05-14 03:10:00+00:00,103670.24,103650.1,103700.0,103650.1,15.56432,,115.57073552239441
2025-05-14 03:15:00+00:00,103650.1,103554.4,103650.8,103520.0,20.8275,,116.65854012793787
2025-05-14 03:20:00+00:00,103554.4,103506.71,103560.0,103506.71,15.17433,,112.13221583308471
2025-05-14 03:25:00+00:00,103506.71,103524.98,103546.97,103503.4,46.77294,,107.23491470215059
2025-05-14 03:30:00+00:00,103524.99,103453.26,103567.02,103453.26,72.39615,,107.70099222342621
2025-05-14 03:35:00+00:00,103453.27,103502.41,103502.42,103453.26,16.99091,,103.51949277889602
2025-05-14 03:40:00+00:00,103502.41,103600.0,103600.0,103502.41,36.96613,,103.09595758040321
2025-05-14 03:45:00+00:00,103599.99,103567.96,103600.0,103540.9,28.37247,,99.95338918180339
2025-05-14 03:50:00+00:00,103567.96,103552.58,103567.97,103552.57,12.34534,,93.91386138310273
2025-05-14 03:55:00+00:00,103552.58,103587.44,103609.85,103539.48,92.74295,,92.2321569985961
2025-05-14 04:00:00+00:00,103587.44,103495.0,103587.44,103495.0,24.34709,,92.24700292726797
2025-05-14 04:05:00+00:00,103495.0,103476.19,103529.37,103471.36,23.41709,,89.80150271817703
2025-05-14 04:10:00+00:00,103476.2,103549.19,103550.45,103476.19,17.6787,,88.69139538116401
2025-05-14 04:15:00+00:00,103549.19,103566.12,103566.12,103482.73,19.71264,,88.31272428250941
2025-05-14 04:20:00+00:00,103566.12,103673.33,103673.33,103566.11,16.54952,,89.66324397661596
2025-05-14 04:25:00+00:00,103673.33,103670.9,103682.54,103632.84,42.7573,,86.8087265497146
2025-05-14 04:30:00+00:00,103670.9,103623.82,103670.91,103611.42,25.181,,84.85738893902109
2025-05-14 04:35:00+00:00,103623.83,103766.35,103837.55,103623.82,113.62673,,94.06257544337643
2025-05-14 04:40:00+00:00,103766.35,103796.32,103809.53,103748.75,26.52541,,91.68524862599232
2025-05-14 04:45:00+00:00,103796.33,103774.12,103842.98,103774.11,36.56547,,90.05558800984967
2025-05-14 04:50:00+00:00,103774.12,103735.18,103774.12,103735.17,60.1541,,86.40518886628877
2025-05-14 04:55:00+00:00,103735.18,103743.02,103746.04,103709.09,21.30429,,82.87267537583936
2025-05-14 05:00:00+00:00,103743.02,103840.26,103848.17,103706.86,72.65966,,87.04676999185067
2025-05-14 05:05:00+00:00,103840.27,103809.53,103896.0,103809.52,30.84571,,87.00628642100389
2025-05-14 05:10:00+00:00,103809.54,103751.67,103809.54,103746.03,14.36701,,85.32798024807468
2025-05-14 05:15:00+00:00,103751.66,103785.13,103841.27,103746.03,17.58502,,86.03598165892686
2025-05-14 05:20:00+00:00,103785.13,103812.31,103830.17,103771.76,13.87645,,84.06269725471805
2025-05-14 05:25:00+00:00,103812.3,103743.33,103812.31,103743.33,17.60909,,82.9853617365236
2025-05-14 05:30:00+00:00,103743.34,103725.2,103743.34,103687.13,105.33408,,81.0728358981999
2025-05-14 05:35:00+00:00,103725.2,103795.99,103820.0,103725.19,25.70448,,82.05406190547116
2025-05-14 05:40:00+00:00,103795.99,103833.69,103841.27,103795.99,16.81495,,79.42734319793742
2025-05-14 05:45:00+00:00,103833.69,103908.14,103908.15,103815.46,40.5984,,80.3746758266553
2025-05-14 05:50:00+00:00,103908.15,103971.0,103971.0,103908.14,70.83704,,79.12362755332283
2025-05-14 05:55:00+00:00,103970.99,103896.71,103971.0,103846.24,80.65447,,82.38336844237084
2025-05-14 06:00:00+00:00,103896.7,103914.24,103952.39,103873.01,77.87953,,82.16884212505897
2025-05-14 06:05:00+00:00,103914.24,103825.11,103920.0,103785.16,32.47445,,85.93106768755452
2025-05-14 06:10:00+00:00,103825.1,103848.51,103882.75,103810.33,14.04974,,84.96599142415765
2025-05-14 06:15:00+00:00,103848.5,103806.51,103893.09,103804.81,42.80883,,85.20270632243202
2025-05-14 06:20:00+00:00,103806.51,103735.7,103806.51,103702.17,36.79616,,86.56965587082948
2025-05-14 06:25:00+00:00,103735.69,103770.36,103786.05,103734.16,25.18193,,84.09253759434162
2025-05-14 06:30:00+00:00,103770.36,103742.38,103782.97,103700.0,21.35466,,84.01235633760302
2025-05-14 06:35:00+00:00,103742.38,103704.96,103756.61,103681.76,39.22588,,83.35790231348894
2025-05-14 06:40:00+00:00,103704.95,103725.27,103746.04,103691.28,15.8499,,81.31519500538221
2025-05-14 06:45:00+00:00,103725.28,103752.87,103765.48,103662.82,26.82825,,82.8398239335684
2025-05-14 06:50:00+00:00,103752.87,103777.78,103792.4,103752.86,29.35478,,79.74697936688449
2025-05-14 06:55:00+00:00,103777.77,103757.5,103804.62,103754.73,19.51854,,77.61433798353555
2025-05-14 07:00:00+00:00,103757.5,103681.52,103757.5,103661.0,70.32447,,78.96331384185444
2025-05-14 07:05:00+00:00,103681.52,103684.17,103708.42,103643.9,23.7816,,77.93164856743657
2025-05-14 07:10:00+00:00,103684.18,103631.08,103698.76,103631.08,23.83681,,77.1993879554763
2025-05-14 07:15:00+00:00,103631.09,103597.78,103631.09,103514.96,30.82851,,79.98014595865585
2025-05-14 07:20:00+00:00,103597.79,103391.36,103597.79,103381.02,77.01238,,89.75084981875112
2025-05-14 07:25:00+00:00,103391.37,103489.64,103500.0,103391.36,88.0222,,91.10007483169743
2025-05-14 07:30:00+00:00,103489.64,103529.6,103592.0,103422.61,51.13271,,96.69221234371899
2025-05-14 07:35:00+00:00,103529.6,103591.56,103591.57,103476.19,59.73774,,98.02705431916797
2025-05-14 07:40:00+00:00,103591.56,103648.08,103648.09,103566.85,55.32538,,96.82797901065531
2025-05-14 07:45:00+00:00,103648.08,103672.8,103685.71,103637.72,68.04048,,93.33955193846602
2025-05-14 07:50:00+00:00,103672.79,103735.76,103746.04,103643.0,168.18513,,94.03244108571799
2025-05-14 07:55:00+00:00,103735.76,103716.55,103800.0,103704.23,69.99823,,94.15655243673844
2025-05-14 08:00:00+00:00,103716.55,103714.29,103888.0,103645.18,128.11341,,104.77537011982905
2025-05-14 08:05:00+00:00,103714.29,103592.68,103860.0,103573.77,147.00644,,117.73641511126955
2025-05-14 08:10:00+00:00,103592.67,103569.03,103592.68,103464.29,79.73283,,118.49738546046454
2025-05-14 08:15:00+00:00,103569.02,103636.55,103650.8,103498.94,38.57512,,120.88042935614568
2025-05-14 08:20:00+00:00,103636.55,103661.02,103721.68,103636.55,31.81516,,118.32682725927744
2025-05-14 08:25:00+00:00,103661.02,103644.83,103661.02,103632.09,27.25575,,111.94133959790102
2025-05-14 08:30:00+00:00,103644.83,103525.63,103654.25,103500.0,34.34056,,114.96338676947951
2025-05-14 08:35:00+00:00,103525.62,103641.83,103671.73,103500.0,32.74183,,119.01814485737354
2025-05-14 08:40:00+00:00,103641.83,103719.99,103720.0,103634.63,39.1532,,116.61470593898937
2025-05-14 08:45:00+00:00,103719.99,103604.01,103737.07,103604.0,57.99534,,117.79008408620493
2025-05-14 08:50:00+00:00,103604.0,103488.6,103616.19,103435.98,100.97156,,122.24864950861932
2025-05-14 08:55:00+00:00,103488.61,103200.0,103694.0,103187.0,338.93233,,149.73088882943222
2025-05-14 09:00:00+00:00,103200.0,102993.77,103300.78,102993.77,291.74107,,160.96511105590096
2025-05-14 09:05:00+00:00,102993.78,103015.88,103039.22,102875.22,197.25137,,161.18188883762232
2025-05-14 09:10:00+00:00,103015.88,103129.57,103154.8,103008.79,108.17951,,160.09818249207856
2025-05-14 09:15:00+00:00,103129.58,103150.01,103196.56,103129.57,78.09771,,153.44759802835802
2025-05-14 09:20:00+00:00,103150.01,103230.5,103233.5,103129.47,91.5092,,149.91776959776092
2025-05-14 09:25:00+00:00,103230.5,103334.86,103336.43,103230.5,76.22513,,146.77578605506324
2025-05-14 09:30:00+00:00,103334.86,103303.16,103348.88,103243.01,71.49403,,143.85394419398799
2025-05-14 09:35:00+00:00,103303.16,103187.15,103303.17,103187.14,90.57304,,141.86651960870304
2025-05-14 09:40:00+00:00,103187.14,103234.06,103283.88,103180.9,66.32313,,139.088911065225
2025-05-14 09:45:00+00:00,103234.06,103313.31,103388.72,103234.06,30.72892,,140.20113170342347
2025-05-14 09:50:00+00:00,103313.31,103369.91,103396.83,103261.43,32.40278,,139.85819372460813
2025-05-14 09:55:00+00:00,103369.92,103485.73,103496.05,103369.91,57.17438,,138.87832274427893
2025-05-14 10:00:00+00:00,103485.73,103511.0,103511.0,103460.72,64.09362,,132.54987111968748
2025-05-14 10:05:00+00:00,103510.99,103589.38,103631.31,103503.02,167.3806,,132.24559461113793
2025-05-14 10:10:00+00:00,103589.37,103651.07,103662.18,103564.32,32.54669,,129.78948071034137
2025-05-14 10:15:00+00:00,103651.06,103603.15,103790.0,103571.42,73.83303,,136.13166065960283
2025-05-14 10:20:00+00:00,103603.15,103760.0,103760.0,103553.31,37.83588,,141.17154204105992
2025-05-14 10:25:00+00:00,103760.0,103829.02,103929.32,103759.99,81.96273,,143.18286046669863
2025-05-14 10:30:00+00:00,103829.03,103818.59,103881.62,103796.85,75.26419,,139.01051329050512
2025-05-14 10:35:00+00:00,103818.58,103788.25,103854.99,103768.8,35.6314,,135.23761948404064
2025-05-14 10:40:00+00:00,103788.26,103809.52,103856.63,103788.25,24.0077,,130.46207523518092
2025-05-14 10:45:00+00:00,103809.52,103750.67,103809.53,103739.85,24.17079,,126.1204984326675
2025-05-14 10:50:00+00:00,103750.68,103698.0,103847.71,103650.21,73.33782,,131.21903425890554
2025-05-14 10:55:00+00:00,103698.01,103708.49,103767.39,103698.0,14.32455,,126.80267466898367
2025-05-14 11:00:00+00:00,103708.5,103910.94,103936.51,103708.5,64.9113,,134.03248362119837
2025-05-14 11:05:00+00:00,103910.94,103900.02,103922.0,103880.05,25.25236,,127.45516336254114
2025-05-14 11:10:00+00:00,103900.02,103952.39,103952.39,103856.52,57.51126,,125.19908026521645
2025-05-14 11:15:00+00:00,103952.39,103880.28,103952.39,103870.02,33.15524,,122.13986024627208
2025-05-14 11:20:00+00:00,103880.28,103968.26,103968.26,103848.45,28.43164,,121.97344165725248
2025-05-14 11:25:00+00:00,103968.25,103905.5,103990.0,103905.5,42.68409,,119.29676725316301
2025-05-14 11:30:00+00:00,103905.5,103938.52,103965.0,103905.5,39.58067,,115.02556959222281
2025-05-14 11:35:00+00:00,103938.52,104100.0,104100.0,103929.33,94.69724,,119.00017176420677
2025-05-14 11:40:00+00:00,104100.0,104085.97,104145.0,104027.0,60.11653,,118.92873092390629
2025-05-14 11:45:00+00:00,104085.97,104006.46,104085.97,104003.54,28.98132,,116.32167871505638
2025-05-14 11:50:00+00:00,104006.45,103967.96,104046.16,103964.0,85.46301,,113.88155880683833
2025-05-14 11:55:00+00:00,103967.97,103944.93,103967.97,103910.84,22.25555,,109.82787603492163
2025-05-14 12:00:00+00:00,103944.93,103923.94,104000.0,103907.45,41.35905,,108.59374203242744
2025-05-14 12:05:00+00:00,103923.93,104015.24,104053.93,103914.79,42.94312,,110.77561760153972
2025-05-14 12:10:00+00:00,104015.24,104054.94,104105.12,104004.36,50.17144,,110.0602163442865
2025-05-14 12:15:00+00:00,104054.94,104095.23,104188.0,104054.94,66.97804,,111.70305803398016
2025-05-14 12:20:00+00:00,104095.22,104119.85,104140.0,104048.01,42.79328,,110.29498246012481
2025-05-14 12:25:00+00:00,104119.85,104016.68,104119.86,104009.82,50.58931,,110.2767694272583
2025-05-14 12:30:00+00:00,104016.69,104031.74,104090.62,104016.69,23.12786,,107.68128589674002
2025-05-14 12:35:00+00:00,104031.74,103980.56,104038.34,103942.02,28.63717,,106.86976547554377
2025-05-14 12:40:00+00:00,103980.56,104200.0,104200.0,103980.56,45.25774,,114.9104965130051
2025-05-14 12:45:00+00:00,104199.99,104130.93,104208.77,104090.48,38.6791,,115.1518896192196
2025-05-14 12:50:00+00:00,104130.93,104025.81,104139.0,104025.8,30.33077,,115.01246893213228
2025-05-14 12:55:00+00:00,104025.8,103999.99,104041.0,103969.9,27.66361,,111.87586400840895
2025-05-14 13:00:00+00:00,103999.99,103943.47,104000.0,103833.82,86.39432,,115.75473086495067
2025-05-14 13:05:00+00:00,103943.47,103905.5,103943.48,103845.35,109.26543,,114.49582151745349
2025-05-14 13:10:00+00:00,103905.51,104042.25,104051.41,103905.5,50.85252,,116.7396914090642
2025-05-14 13:15:00+00:00,104042.25,104024.85,104111.41,103938.42,65.20838,,120.75757059413142
2025-05-14 13:20:00+00:00,104024.85,104053.84,104120.0,103971.43,58.4346,,122.74417269455111
2025-05-14 13:25:00+00:00,104053.83,104095.23,104095.24,104002.2,28.88736,,120.62244607351234
2025-05-14 13:30:00+00:00,104095.23,104264.88,104356.95,104059.36,127.63244,True,133.2629856396898
2025-05-14 13:35:00+00:00,104264.88,104186.63,104303.41,103916.86,209.70563,True,151.35491523685502
2025-05-14 13:40:00+00:00,104186.62,103712.79,104277.15,103692.3,385.58986,True,182.31884986279331
2025-05-14 13:45:00+00:00,103712.8,103619.04,103785.19,103492.06,289.5499,True,190.23393201545127
2025-05-14 13:50:00+00:00,103619.05,103812.38,103890.46,103541.99,135.77431,True,201.536508300062
2025-05-14 13:55:00+00:00,103812.39,103970.87,103970.88,103736.43,359.9714,True,203.88747199291555
2025-05-14 14:00:00+00:00,103970.87,103869.6,103971.88,103785.27,224.77661,True,202.65336685056448
2025-05-14 14:05:00+00:00,103869.6,103701.18,103893.18,103596.87,218.32139,True,209.3431263612383
2025-05-14 14:10:00+00:00,103701.18,103470.38,103701.19,103348.89,171.44141,True,219.55433162115006
2025-05-14 14:15:00+00:00,103470.64,103248.4,103475.79,103225.91,255.95897,True,221.7204507910672
2025-05-14 14:20:00+00:00,103248.4,103125.87,103355.71,103125.86,274.88513,True,222.30113287741997
2025-05-14 14:25:00+00:00,103125.87,103081.2,103280.52,103081.2,218.00164,True,220.6596233861762
2025-05-14 14:30:00+00:00,103081.2,102967.74,103156.2,102902.0,208.10061,True,223.05536457287772
2025-05-14 14:35:00+00:00,102967.74,103179.72,103232.65,102912.69,98.79274,True,229.97712424624302
2025-05-14 14:40:00+00:00,103179.71,103286.35,103346.15,103154.43,96.8252,True,227.24447251436862
2025-05-14 14:45:00+00:00,103286.36,103327.36,103327.37,103170.75,50.8585,True,222.19986733477052
2025-05-14 14:50:00+00:00,103327.36,103405.03,103468.99,103288.66,68.06394,True,219.20916252514417
2025-05-14 14:55:00+00:00,103405.03,103265.46,103405.03,103210.0,64.07008,True,217.4820794876338
2025-05-14 15:00:00+00:00,103265.47,102899.99,103269.84,102857.43,183.05001,True,231.40550238137448
2025-05-14 15:05:00+00:00,102899.99,103089.74,103089.75,102833.55,76.63551,True,233.1765379255618
2025-05-14 15:10:00+00:00,103089.74,103291.0,103291.0,103047.61,114.80589,True,233.90607093087877
2025-05-14 15:15:00+00:00,103290.99,103185.0,103364.27,103184.99,58.44456,True,230.0042087215302
2025-05-14 15:20:00+00:00,103184.99,103229.98,103229.99,103091.76,45.62722,True,223.44890809856452
2025-05-14 15:25:00+00:00,103229.98,103417.03,103423.88,103229.98,49.25002,True,221.33827180581054
2025-05-14 15:30:00+00:00,103417.03,103482.26,103498.0,103306.32,56.8469,True,219.2198238196807
2025-05-14 15:35:00+00:00,103482.26,103511.64,103511.64,103349.66,70.91884,True,215.1312649754175
2025-05-14 15:40:00+00:00,103511.63,103398.84,103523.81,103398.02,68.79643,True,208.7497460486015
2025-05-14 15:45:00+00:00,103398.83,103259.22,103412.75,103259.21,48.64402,True,204.8061927594152
2025-05-14 15:50:00+00:00,103259.22,103322.79,103373.72,103206.89,28.61539,True,202.09360756231425
2025-05-14 15:55:00+00:00,103322.79,103514.24,103555.56,103322.79,54.51681,True,204.28477845072067
2025-05-14 16:00:00+00:00,103514.24,103483.56,103542.28,103470.89,33.53732,True,194.79229427566915
2025-05-14 16:05:00+00:00,103483.57,103473.34,103577.15,103431.51,34.67919,True,191.2814161131213
2025-05-14 16:10:00+00:00,103473.34,103607.27,103614.61,103473.34,48.74482,True,187.70917210504152
2025-05-14 16:15:00+00:00,103607.28,103355.73,103607.28,103352.28,49.04504,True,192.51565981182426
2025-05-14 16:20:00+00:00,103358.19,103391.89,103410.0,103300.0,34.18938,True,186.6216841109797
2025-05-14 16:25:00+00:00,103391.9,103460.31,103558.87,103391.9,19.25522,True,185.21870667448087
2025-05-14 16:30:00+00:00,103460.31,103533.67,103598.1,103401.8,41.27966,True,186.01022762630387
2025-05-14 16:35:00+00:00,103533.66,103523.81,103587.31,103423.56,36.11228,True,184.42021136728218
2025-05-14 16:40:00+00:00,103523.81,103385.46,103570.96,103363.08,61.11606,True,186.0959105553338
2025-05-14 16:45:00+00:00,103385.47,103173.56,103484.0,103173.55,34.41935,True,194.9783455156669
2025-05-14 16:50:00+00:00,103173.56,103305.74,103305.75,103173.56,48.96284,True,190.4934636931194
2025-05-14 16:55:00+00:00,103305.75,103363.65,103403.91,103305.74,34.10855,True,183.8989305721822
2025-05-14 17:00:00+00:00,103363.66,103372.49,103428.58,103345.06,44.12322,True,176.72900695988375
2025-05-14 17:05:00+00:00,103372.49,103224.44,103372.49,103160.01,80.28385,True,179.28264931989278
2025-05-14 17:10:00+00:00,103224.45,103136.93,103224.45,103074.96,35.82081,True,177.15460293989977
2025-05-14 17:15:00+00:00,103136.93,103002.19,103144.12,102965.9,40.08807,True,177.23070272990702
2025-05-14 17:20:00+00:00,103002.2,102767.17,103002.2,102751.0,128.57086,True,182.51422396348488
2025-05-14 17:25:00+00:00,102767.16,102880.67,102899.62,102602.05,93.18224,True,190.73249368037827
2025-05-14 17:30:00+00:00,102880.67,102900.8,102934.64,102857.14,25.17833,True,182.64445841749412
2025-05-14 17:35:00+00:00,102900.8,103022.21,103022.22,102888.88,29.94941,True,179.12271138767287
2025-05-14 17:40:00+00:00,103022.22,103094.17,103153.1,103019.5,29.60552,True,175.87108914569666
2025-05-14 17:45:00+00:00,103094.17,103089.92,103152.0,103062.71,18.02247,True,169.6867256352893
2025-05-14 17:50:00+00:00,103089.93,103191.82,103232.0,103087.17,53.41986,True,167.91124523276875
2025-05-14 17:55:00+00:00,103191.83,103246.79,103255.34,103191.83,17.10669,True,160.45472771614166
2025-05-14 18:00:00+00:00,103246.78,103238.09,103264.97,103150.84,26.35949,True,157.14581859356045
2025-05-14 18:05:00+00:00,103238.09,103174.61,103299.98,103174.6,22.79266,True,154.87683155116255
2025-05-14 18:10:00+00:00,103174.6,103130.84,103174.61,103088.0,27.47035,True,150.0006292975081
2025-05-14 18:15:00+00:00,103130.84,103408.79,103410.92,103029.45,83.30684,True,166.53415577625762
2025-05-14 18:20:00+00:00,103408.8,103309.55,103460.31,103309.54,59.02933,True,165.40814464938236
2025-05-14 18:25:00+00:00,103309.54,103247.63,103349.76,103247.62,20.5629,True,160.88899146014072
2025-05-14 18:30:00+00:00,103247.62,103425.14,103456.65,103247.62,31.9367,True,164.32763492727344
2025-05-14 18:35:00+00:00,103425.15,103252.54,103428.58,103183.68,20.8471,True,170.08280386104025
2025-05-14 18:40:00+00:00,103252.55,103301.58,103322.15,103252.54,13.55724,True,162.90617501382312
2025-05-14 18:45:00+00:00,103301.59,103360.36,103405.85,103221.16,30.95735,True,164.4621625128359
2025-05-14 18:50:00+00:00,103360.36,103400.0,103428.58,103293.15,17.22346,True,162.38843661906245
2025-05-14 18:55:00+00:00,103400.0,103523.81,103523.81,103369.79,39.93873,True,161.79069114627256
2025-05-14 19:00:00+00:00,103523.8,103479.99,103535.13,103459.04,34.16209,True,155.6692132072539
2025-05-14 19:05:00+00:00,103479.99,103553.61,103561.09,103465.18,28.04202,True,151.40069797816457
2025-05-14 19:10:00+00:00,103553.6,103548.41,103576.0,103544.32,25.12476,True,142.84921955115232
2025-05-14 19:15:00+00:00,103548.4,103694.87,103700.0,103542.73,29.20576,True,143.87927529749888
2025-05-14 19:20:00+00:00,103694.87,103619.04,103720.44,103561.35,59.55662,True,144.96575563339155
2025-05-14 19:25:00+00:00,103619.04,103540.21,103639.17,103538.11,58.70083,True,141.8296302310063
2025-05-14 19:30:00+00:00,103540.21,103497.21,103550.29,103460.31,41.70289,True,138.12608521450554
2025-05-14 19:35:00+00:00,103497.22,103466.69,103523.81,103448.48,14.46878,True,133.64065055632668
2025-05-14 19:40:00+00:00,103466.69,103493.57,103545.46,103460.83,18.39046,True,130.13988980230368
2025-05-14 19:45:00+00:00,103493.57,103441.78,103493.57,103399.86,19.15505,True,127.5377548164253
2025-05-14 19:50:00+00:00,103441.79,103374.74,103483.99,103374.74,22.97006,True,126.23148661525207
2025-05-14 19:55:00+00:00,103374.74,103321.72,103374.74,103243.0,40.71433,True,126.62495185702015
2025-05-14 20:00:00+00:00,103321.73,103432.61,103492.07,103306.57,37.21853,True,130.83031243866157
2025-05-14 20:05:00+00:00,103432.62,103356.31,103474.69,103340.99,13.67563,,131.0352901216141
2025-05-14 20:10:00+00:00,103356.31,103320.18,103377.93,103304.66,9.78814,,126.9091979700695
2025-05-14 20:15:00+00:00,103320.17,103415.81,103415.81,103320.17,10.52704,,124.6756838293502
2025-05-14 20:20:00+00:00,103415.81,103410.6,103450.65,103405.46,6.60407,,118.99813498439575
2025-05-14 20:25:00+00:00,103410.6,103431.33,103431.33,103399.66,12.37264,,112.76041105693878
2025-05-14 20:30:00+00:00,103431.32,103406.0,103459.14,103384.76,16.21225,,110.01895312430062
2025-05-14 20:35:00+00:00,103406.0,103468.26,103468.27,103405.99,13.50459,,106.6090279011362
2025-05-14 20:40:00+00:00,103468.26,103506.03,103510.0,103468.26,6.69437,,101.97552590819828
2025-05-14 20:45:00+00:00,103506.04,103539.26,103539.26,103501.36,14.22438,,97.39870262904084
2025-05-14 20:50:00+00:00,103539.25,103650.79,103650.8,103539.25,22.90849,,98.40950958410956
2025-05-14 20:55:00+00:00,103650.79,103555.51,103658.35,103555.51,31.40419,,98.72597318524538
2025-05-14 21:00:00+00:00,103555.52,103501.43,103575.63,103434.55,22.42938,,101.75126081487085
2025-05-14 21:05:00+00:00,103501.44,103523.86,103548.0,103501.43,9.59523,,97.80974218523771
2025-05-14 21:10:00+00:00,103523.87,103467.05,103571.43,103467.05,28.80769,,98.27904631486288
2025-05-14 21:15:00+00:00,103467.05,103529.57,103555.56,103467.05,12.28634,,97.58125729237231
2025-05-14 21:20:00+00:00,103529.56,103555.55,103555.56,103529.56,5.29923,,92.46831034291715
2025-05-14 21:25:00+00:00,103555.55,103529.62,103555.55,103529.62,9.08496,,87.71557388985218
2025-05-14 21:30:00+00:00,103529.63,103529.62,103529.63,103529.62,2.44549,,81.4508900405777
2025-05-14 21:35:00+00:00,103529.62,103551.49,103551.5,103445.45,24.20886,,83.20796932339378
2025-05-14 21:40:00+00:00,103551.49,103558.77,103614.69,103532.64,20.19618,,83.12525722886586
2025-05-14 21:45:00+00:00,103558.77,103584.62,103601.98,103549.62,14.75456,,80.9277388553755
2025-05-14 21:50:00+00:00,103584.62,103662.95,103662.96,103584.62,24.29673,,80.74290036570662
2025-05-14 21:55:00+00:00,103662.96,103647.39,103667.52,103635.37,12.84971,,77.2719789110139
2025-05-14 22:00:00+00:00,103647.39,103555.55,103658.3,103526.69,22.49033,,81.15326613165583
2025-05-14 22:05:00+00:00,103555.55,103532.7,103563.01,103508.49,11.23706,,79.25088997939395
2025-05-14 22:10:00+00:00,103532.69,103472.18,103540.49,103472.17,14.82033,,78.47011212372344
2025-05-14 22:15:00+00:00,103472.18,103507.59,103507.59,103472.17,7.94995,,75.39510411488592
2025-05-14 22:20:00+00:00,103507.59,103492.06,103550.53,103492.06,11.77913,,74.18616810667989
2025-05-14 22:25:00+00:00,103492.07,103537.23,103537.24,103477.5,6.9434,,73.15429895620312
2025-05-14 22:30:00+00:00,103537.23,103482.97,103540.0,103475.65,9.07359,,72.52542045933188
2025-05-14 22:35:00+00:00,103482.97,103472.29,103482.98,103455.81,9.20111,,69.28574756937948
2025-05-14 22:40:00+00:00,103472.28,103467.96,103477.78,103461.06,8.72617,,65.53105131442389
2025-05-14 22:45:00+00:00,103467.96,103454.87,103472.14,103434.14,10.14581,,63.5645476491079
2025-05-14 22:50:00+00:00,103454.88,103482.95,103523.81,103430.63,19.48482,,65.67993710274256
2025-05-14 22:55:00+00:00,103482.95,103511.46,103519.09,103482.94,7.52037,,63.57065588111767
2025-05-14 23:00:00+00:00,103511.46,103454.33,103511.46,103454.33,10.16756,,63.11060903246675
2025-05-14 23:05:00+00:00,103454.34,103500.0,103500.0,103442.1,11.943,,62.73842267300442
2025-05-14 23:10:00+00:00,103499.99,103544.51,103544.51,103400.94,24.86508,,68.51210676778928
2025-05-14 23:15:00+00:00,103544.51,103513.41,103544.51,103357.77,34.13877,,76.9569562843751
2025-05-14 23:20:00+00:00,103513.4,103447.75,103547.73,103394.8,34.51135,,82.38360226406209
2025-05-14 23:25:00+00:00,103447.76,103548.8,103548.81,103447.75,11.39636,,83.71763067377177
2025-05-14 23:30:00+00:00,103548.8,103584.41,103587.31,103548.8,26.38498,,80.48851419707341
2025-05-14 23:35:00+00:00,103584.4,103556.42,103592.14,103544.9,16.91697,,78.11362032585427
2025-05-14 23:40:00+00:00,103556.43,103535.88,103589.86,103535.87,16.2294,,76.39050458829362
2025-05-14 23:45:00+00:00,103535.88,103579.15,103579.15,103535.87,10.83962,,74.02546854627258
2025-05-14 23:50:00+00:00,103579.14,103582.0,103582.0,103555.55,8.63015,,70.62722079296718
2025-05-14 23:55:00+00:00,103582.0,103507.82,103608.73,103507.82,18.36744,,72.79027645061159
2025-05-15 00:00:00+00:00,103507.83,103550.87,103553.31,103492.06,22.33775,,71.96597098985362
2025-05-15 00:05:00+00:00,103550.87,103544.49,103571.43,103520.0,16.02433,,70.49911591914929
2025-05-15 00:10:00+00:00,103544.48,103704.99,103705.0,103544.48,35.48939,,76.92917906778177
2025-05-15 00:15:00+00:00,103704.99,103809.52,103825.97,103704.99,43.23063,,80.07566627722564
2025-05-15 00:20:00+00:00,103809.52,103757.89,103827.45,103725.4,32.05197,,81.6452615431383
2025-05-15 00:25:00+00:00,103757.89,103768.24,103779.25,103720.0,12.39696,,80.04560000434272
2025-05-15 00:30:00+00:00,103768.24,103733.68,103811.97,103733.68,23.60987,,79.9202000040331
2025-05-15 00:35:00+00:00,103733.68,103799.98,103799.99,103688.54,19.81667,,82.17232857517443
2025-05-15 00:40:00+00:00,103799.99,103841.27,103841.27,103783.03,32.32078,,80.46287653409092
2025-05-15 00:45:00+00:00,103841.26,103787.71,103866.51,103778.51,54.60627,,81.00124249594157
2025-05-15 00:50:00+00:00,103787.71,103810.46,103841.27,103787.71,12.31586,,79.04115374623129
2025-05-15 00:55:00+00:00,103810.46,103801.85,103810.47,103765.16,12.28518,,76.63178562150031
2025-05-15 01:00:00+00:00,103801.85,103740.93,103801.86,103723.86,28.68286,,76.72951521996457
2025-05-15 01:05:00+00:00,103740.94,103653.0,103740.94,103643.26,18.0878,,78.22597841853907
2025-05-15 01:10:00+00:00,103652.99,103582.9,103652.99,103571.43,26.79001,,78.46483710292965
2025-05-15 01:15:00+00:00,103582.89,103650.79,103666.67,103567.69,21.51493,,79.93020588129151
2025-05-15 01:20:00+00:00,103650.79,103496.67,103650.79,103463.5,40.87635,,87.59876260405595
2025-05-15 01:25:00+00:00,103496.66,103475.19,103496.67,103450.42,21.43779,,84.6452795609091
2025-05-15 01:30:00+00:00,103475.2,103410.3,103496.4,103391.89,78.17992,,86.06418816370093
2025-05-15 01:35:00+00:00,103410.31,103283.93,103431.99,103216.55,68.63876,,95.30531758057961
2025-05-15 01:40:00+00:00,103283.93,103272.4,103344.5,103179.29,37.59875,,100.29850918196723
2025-05-15 01:45:00+00:00,103272.39,103174.6,103332.08,103089.47,83.46647,,110.46361566896962
2025-05-15 01:50:00+00:00,103174.61,103063.6,103182.66,103019.24,53.90138,,114.24621454975738
2025-05-15 01:55:00+00:00,103062.99,103033.52,103067.38,102968.16,89.4971,,113.1729135104891
2025-05-15 02:00:00+00:00,103033.51,103190.37,103190.38,102968.82,38.16556,,120.91484825973971
2025-05-15 02:05:00+00:00,103190.38,103201.65,103201.66,103104.86,24.60922,,119.19235909832994
2025-05-15 02:10:00+00:00,103201.66,103053.84,103206.35,103052.62,84.37999,,121.65933344844998
2025-05-15 02:15:00+00:00,103053.85,102996.6,103053.85,102952.38,34.29459,,120.21723820213221
2025-05-15 02:20:00+00:00,102996.59,103098.85,103155.59,102996.59,27.34504,,122.98743547340848
2025-05-15 02:25:00+00:00,103098.85,103009.72,103098.85,102952.38,29.65323,,124.66476151102223
2025-05-15 02:30:00+00:00,103009.72,102996.64,103040.0,102952.13,22.34032,,122.0365642602346
2025-05-15 02:35:00+00:00,102996.65,103019.95,103019.97,102916.05,35.9326,,120.742523955932
2025-05-15 02:40:00+00:00,103019.95,102950.67,103047.62,102920.63,30.98845,,121.18877224479333
2025-05-15 02:45:00+00:00,102950.68,103146.21,103146.22,102921.0,34.55747,,128.61957422730816
2025-05-15 02:50:00+00:00,103146.21,103061.01,103159.3,103061.0,43.13665,,126.45389035392921
2025-05-15 02:55:00+00:00,103061.0,103047.62,103098.8,103047.62,40.82763,,121.07718390007767
2025-05-15 03:00:00+00:00,103047.62,103021.84,103142.86,103006.91,38.73736,,122.13952790721477
2025-05-15 03:05:00+00:00,103021.84,102928.58,103022.47,102916.05,25.52694,,121.01670448527072
2025-05-15 03:10:00+00:00,102928.58,102874.27,102984.13,102863.91,59.61799,,120.95979702203718
2025-05-15 03:15:00+00:00,102874.28,102878.56,102947.23,102850.0,44.76922,,119.2648115204628
2025-05-15 03:20:00+00:00,102878.57,102994.95,102994.96,102800.0,55.76866,,124.67161069757306
2025-05-15 03:25:00+00:00,102994.95,102926.6,102994.96,102926.16,19.57218,,120.68078136203233
2025-05-15 03:30:00+00:00,102926.6,102874.92,102959.33,102857.14,42.74887,,119.36001126474447
2025-05-15 03:35:00+00:00,102874.92,102889.51,102923.86,102850.0,47.4298,,116.11001046011991
2025-05-15 03:40:00+00:00,102889.52,102847.07,102897.19,102832.79,35.2217,,112.41643828439769
2025-05-15 03:45:00+00:00,102847.08,102856.67,102856.67,102774.86,38.80247,,110.23026412122626
2025-05-15 03:50:00+00:00,102856.67,102784.17,102888.0,102774.02,22.68818,,110.49810239828123
2025-05-15 03:55:00+00:00,102784.17,102753.63,102784.17,102720.0,35.52531,,107.1889522269753
2025-05-15 04:00:00+00:00,102753.62,102774.0,102837.0,102721.52,59.87672,,107.7811699250482
2025-05-15 04:05:00+00:00,102774.0,102741.46,102850.0,102711.0,35.7221,,110.01108635897333
2025-05-15 04:10:00+00:00,102741.46,102740.09,102902.24,102740.08,31.62679,,113.73600876190406
2025-05-15 04:15:00+00:00,102740.08,102840.01,102869.67,102740.08,26.08073,,114.8684367074821
2025-05-15 04:20:00+00:00,102840.0,102859.5,102875.51,102771.35,23.90801,,114.10354837123259
2025-05-15 04:25:00+00:00,102859.5,102839.37,102910.12,102805.0,29.13761,,113.46186634471565
2025-05-15 04:30:00+00:00,102839.37,102931.13,102962.38,102839.37,29.96244,,114.14387589152234
2025-05-15 04:35:00+00:00,102931.13,102894.51,102949.82,102888.88,29.14298,,110.34359904212806
2025-05-15 04:40:00+00:00,102894.51,102876.76,102894.52,102800.0,23.6849,,109.21334196769064
2025-05-15 04:45:00+00:00,102876.76,102800.0,102878.36,102800.0,16.58597,,107.00953182714134
2025-05-15 04:50:00+00:00,102800.0,102874.37,102874.37,102770.63,25.0649,,106.77599383948773
2025-05-15 04:55:00+00:00,102874.37,102891.76,102917.71,102874.36,20.97615,,102.24556570809615
2025-05-15 05:00:00+00:00,102891.76,102770.65,102922.17,102770.64,33.94937,,105.76588244323206
2025-05-15 05:05:00+00:00,102770.64,102674.0,102775.84,102674.0,30.5676,,105.48546226871522
2025-05-15 05:10:00+00:00,102674.01,102625.0,102674.01,102625.0,40.27729,,101.45150067809233
2025-05-15 05:15:00+00:00,102625.0,102615.07,102656.79,102615.07,50.99772,,97.1849649153705
2025-05-15 05:20:00+00:00,102615.08,102567.1,102615.08,102550.0,62.7142,,94.8917531357013
2025-05-15 05:25:00+00:00,102567.1,102559.55,102609.41,102547.5,31.70201,,92.5359136260086
2025-05-15 05:30:00+00:00,102559.55,102460.31,102633.35,102460.31,67.34689,,98.2862055098657
2025-05-15 05:35:00+00:00,102460.31,102439.99,102520.0,102388.0,41.05496,,100.69433368773242
2025-05-15 05:40:00+00:00,102439.99,102491.11,102515.11,102439.99,27.81838,,98.86759556717978
2025-05-15 05:45:00+00:00,102491.12,102398.21,102506.13,102371.5,41.17838,,101.42205302666727
2025-05-15 05:50:00+00:00,102398.21,102350.0,102427.7,102350.0,59.62125,,99.72762066761939
2025-05-15 05:55:00+00:00,102350.0,102375.31,102409.12,102336.7,32.19059,,97.77707633421788
2025-05-15 06:00:00+00:00,102375.31,102333.36,102456.98,102333.35,96.92557,,99.6237137389159
2025-05-15 06:05:00+00:00,102333.35,102457.12,102551.58,102333.35,91.96414,,108.09559132899304
2025-05-15 06:10:00+00:00,102457.12,102556.99,102577.55,102457.12,81.43716,,108.97662051977979
2025-05-15 06:15:00+00:00,102556.99,102496.62,102591.12,102494.45,65.02231,,108.09757619693825
2025-05-15 06:20:00+00:00,102496.63,102604.38,102634.93,102475.99,47.36623,,111.72917789715608
2025-05-15 06:25:00+00:00,102604.38,102634.92,102686.1,102591.51,28.32159,,110.50495090450286
2025-05-15 06:30:00+00:00,102634.92,102393.33,102649.59,102393.32,59.1686,,120.91674012560905
2025-05-15 06:35:00+00:00,102393.32,102287.23,102400.5,102273.0,50.5073,,121.38697297377983
2025-05-15 06:40:00+00:00,102287.22,102190.47,102327.92,102140.0,76.59862,,126.13933204708114
2025-05-15 06:45:00+00:00,102190.48,102192.3,102272.39,102176.57,36.32438,,123.97366547228908
2025-05-15 06:50:00+00:00,102192.31,102285.71,102285.72,102192.3,56.90093,,121.79126079569689
2025-05-15 06:55:00+00:00,102285.72,102247.4,102285.72,102217.12,23.61539,,117.99188502457609
2025-05-15 07:00:00+00:00,102247.41,102356.47,102406.49,102238.09,62.93947,,121.59246466567842
2025-05-15 07:05:00+00:00,102356.48,102276.13,102440.0,102276.12,40.51348,,124.61300290384459
2025-05-15 07:10:00+00:00,102276.13,102088.01,102276.13,102088.0,48.51057,,129.14993126785603
2025-05-15 07:15:00+00:00,102088.0,102124.56,102126.99,102084.0,27.92304,,122.99565046300954
2025-05-15 07:20:00+00:00,102124.57,102019.68,102124.57,102000.0,70.82289,,123.1081040013665
2025-05-15 07:25:00+00:00,102019.67,101893.34,102042.17,101888.0,145.60077,,125.32681085841162
2025-05-15 07:30:00+00:00,101893.34,101790.2,101916.21,101785.0,91.02467,,125.74703865423983
2025-05-15 07:35:00+00:00,101790.2,101905.25,101986.85,101788.57,57.10656,,130.92796446465118
2025-05-15 07:40:00+00:00,101905.26,101888.7,101921.59,101840.75,62.64405,,127.35025271717585
2025-05-15 07:45:00+00:00,101888.71,101800.0,101888.71,101735.02,64.50699,,129.23166323737775
2025-05-15 07:50:00+00:00,101800.01,101835.79,101835.8,101724.17,61.74236,,127.97440157756537
2025-05-15 07:55:00+00:00,101835.8,101779.99,101835.8,101763.32,34.98728,,124.01051575059613
2025-05-15 08:00:00+00:00,101779.99,102056.51,102063.5,101758.97,97.58526,,136.90476462555347
2025-05-15 08:05:00+00:00,102056.52,102021.53,102056.52,101960.22,39.71888,,134.004424295157
2025-05-15 08:10:00+00:00,102021.52,101976.37,102040.33,101962.0,32.28288,,130.0276797026459
2025-05-15 08:15:00+00:00,101976.36,102055.97,102095.24,101976.36,45.39039,,129.23141686674296
2025-05-15 08:20:00+00:00,102055.98,102020.08,102055.98,101900.0,31.13101,,131.14202994768962
2025-05-15 08:25:00+00:00,102020.09,102055.98,102055.98,102005.71,24.19763,,125.36545637999676
2025-05-15 08:30:00+00:00,102055.98,102260.01,102307.5,102036.26,124.47607,,135.7850666385688
2025-05-15 08:35:00+00:00,102260.01,102163.74,102260.01,102152.87,38.0283,,133.73899045009955
2025-05-15 08:40:00+00:00,102163.74,102173.89,102245.22,102140.77,39.06388,,131.64691970366366
2025-05-15 08:45:00+00:00,102173.89,102224.53,102260.44,102170.03,43.08956,,128.7014254391165
2025-05-15 08:50:00+00:00,102224.53,102253.39,102271.19,102159.47,37.62454,,127.48846647917968
2025-05-15 08:55:00+00:00,102253.38,102274.65,102327.0,102240.0,42.26401,,124.59643315923827
2025-05-15 09:00:00+00:00,102274.65,102190.48,102274.66,102160.0,59.17202,,123.88668793357864
2025-05-15 09:05:00+00:00,102190.48,102067.85,102190.49,102065.38,36.8285,,123.97406736689449
2025-05-15 09:10:00+00:00,102067.86,102007.5,102067.86,102007.5,23.73298,,119.43020541211635
2025-05-15 09:15:00+00:00,102007.51,102055.34,102060.0,102007.5,26.09599,,114.64947645410804
2025-05-15 09:20:00+00:00,102055.33,101939.99,102055.34,101874.5,103.4583,,119.37737099310007
2025-05-15 09:25:00+00:00,101939.98,101977.19,101983.0,101906.21,36.49965,,116.33541592216389
2025-05-15 09:30:00+00:00,101977.19,101815.59,101992.41,101709.07,111.43271,,128.26431478486623
2025-05-15 09:35:00+00:00,101815.59,101665.92,101815.59,101659.11,60.79736,,130.27972087166123
2025-05-15 09:40:00+00:00,101665.92,101699.63,101724.16,101617.08,69.11722,,128.62259795225697
2025-05-15 09:45:00+00:00,101699.62,101546.53,101699.63,101500.0,101.61409,,133.6945552413818
2025-05-15 09:50:00+00:00,101546.53,101874.53,101969.74,101531.77,191.3269,,155.4285155812832
2025-05-15 09:55:00+00:00,101874.53,101823.39,101894.49,101777.0,40.24911,,152.71862161119194
2025-05-15 10:00:00+00:00,101823.4,101721.12,101874.33,101712.25,42.18375,,153.3872914961069
2025-05-15 10:05:00+00:00,101721.12,101636.78,101743.12,101630.3,33.05956,,150.48962781781302
2025-05-15 10:10:00+00:00,101636.78,101752.48,101752.49,101636.78,26.46694,,148.00536868796968
2025-05-15 10:15:00+00:00,101752.48,101841.26,101883.46,101724.49,71.14319,,148.78855663882905
2025-05-15 10:20:00+00:00,101841.25,101930.57,101930.58,101841.25,29.07398,,144.5415168789128
2025-05-15 10:25:00+00:00,101930.57,101906.34,101930.58,101815.0,43.03286,,142.47283710184772
2025-05-15 10:30:00+00:00,101906.34,101661.06,101906.35,101661.06,39.17453,,149.81692016600203
2025-05-15 10:35:00+00:00,101661.06,101710.45,101749.74,101661.06,30.74763,,145.44999729700243
2025-05-15 10:40:00+00:00,101710.46,101673.43,101721.43,101626.08,35.79337,,141.87142606150164
2025-05-15 10:45:00+00:00,101673.42,101733.81,101733.82,101600.0,41.52228,,141.2963241999663
2025-05-15 10:50:00+00:00,101733.81,101756.26,101811.7,101700.95,46.61162,,139.11444389996873
2025-05-15 10:55:00+00:00,101756.27,101804.74,101840.96,101623.87,55.37454,,144.6841264785432
2025-05-15 11:00:00+00:00,101804.75,101976.56,101976.57,101790.2,54.1514,,147.66168887293367
2025-05-15 11:05:00+00:00,101976.57,102122.46,102152.31,101957.71,73.0029,,151.0144253820092
2025-05-15 11:10:00+00:00,102122.47,102076.12,102150.96,102025.01,36.5549,,149.2241092832951
2025-05-15 11:15:00+00:00,102076.11,102276.38,102280.22,102053.79,122.80758,,154.73881576306027
2025-05-15 11:20:00+00:00,102276.38,102306.09,102317.47,102236.48,58.4277,,149.47104320855632
2025-05-15 11:25:00+00:00,102306.09,102281.31,102336.0,102267.68,27.57055,,143.67454012223138
2025-05-15 11:30:00+00:00,102281.3,102273.92,102441.0,102252.1,113.06457,,146.90493011350014
2025-05-15 11:35:00+00:00,102273.92,102226.56,102273.92,102195.09,30.45435,,142.0424351053931
2025-05-15 11:40:00+00:00,102226.56,102265.36,102297.54,102211.62,26.81081,,138.03368974072205
2025-05-15 11:45:00+00:00,102265.36,102329.32,102329.44,102202.97,46.6593,,137.20771190209913
2025-05-15 11:50:00+00:00,102329.33,102314.81,102338.98,102262.28,31.2174,,132.8857324805204
2025-05-15 11:55:00+00:00,102314.81,102371.61,102419.43,102295.62,42.02409,,132.2374658747688
2025-05-15 12:00:00+00:00,102371.62,102333.48,102450.0,102301.35,46.58435,,133.40978974085633
2025-05-15 12:05:00+00:00,102333.47,102293.44,102429.58,102271.58,28.22081,,135.16623333079517
2025-05-15 12:10:00+00:00,102293.44,102300.92,102387.36,102281.55,32.15396,,133.06935952145247
2025-05-15 12:15:00+00:00,102300.93,102413.17,102430.98,102283.22,48.40227,,134.11869098420547
2025-05-15 12:20:00+00:00,102413.17,102498.38,102536.91,102341.95,66.71887,,138.4644987710484
2025-05-15 12:25:00+00:00,102498.38,102536.52,102610.0,102498.38,47.0479,,136.54703457311604
2025-05-15 12:30:00+00:00,102536.51,102797.47,102808.04,102428.0,267.477,,153.9393892464644
2025-05-15 12:35:00+00:00,102797.47,102719.96,102838.82,102669.38,95.28283,,155.04657572885998
2025-05-15 12:40:00+00:00,102719.97,102791.72,102810.58,102627.94,72.7307,,157.01753460536995
2025-05-15 12:45:00+00:00,102791.72,102589.02,102791.73,102571.41,57.55224,,161.53913927641437
2025-05-15 12:50:00+00:00,102589.01,102610.07,102623.82,102487.75,70.71467,,159.71991504238528
2025-05-15 12:55:00+00:00,102610.07,102560.0,102610.08,102467.46,149.00077,,158.49849253935741
2025-05-15 13:00:00+00:00,102560.01,102656.01,102703.25,102501.68,54.1536,,161.57502878654668
2025-05-15 13:05:00+00:00,102656.0,102666.67,102714.29,102596.03,30.76509,,158.48109815893582
2025-05-15 13:10:00+00:00,102666.67,102766.11,102787.82,102634.94,25.03374,,158.08101971901218
2025-05-15 13:15:00+00:00,102766.1,102659.47,102769.38,102654.3,26.92921,,155.00951831051142
2025-05-15 13:20:00+00:00,102659.47,102600.0,102661.4,102600.0,23.64653,,148.32312414547445
2025-05-15 13:25:00+00:00,102600.0,102582.23,102622.51,102582.21,28.17765,,140.60718670651116
2025-05-15 13:30:00+00:00,102582.22,102527.22,102701.79,102349.02,101.37281,True,155.76167337033104
2025-05-15 13:35:00+00:00,102527.22,102172.0,102779.55,102158.92,151.76798,True,188.96655384387915
2025-05-15 13:40:00+00:00,102172.0,102326.55,102345.08,102105.0,88.96411,True,192.61751428360222
2025-05-15 13:45:00+00:00,102326.56,101740.81,102328.22,101736.15,166.34422,True,221.14983469191685
2025-05-15 13:50:00+00:00,101740.81,102041.74,102052.63,101569.84,266.95701,True,239.83841792820908
2025-05-15 13:55:00+00:00,102041.74,102133.49,102184.32,102009.78,73.09939,True,235.1742452190519
2025-05-15 14:00:00+00:00,102133.49,102354.15,102398.31,102109.08,117.93382,True,239.03537056054788
2025-05-15 14:05:00+00:00,102354.14,101936.1,102390.37,101936.1,125.11283,True,254.40927266336513
2025-05-15 14:10:00+00:00,101936.1,102128.1,102128.53,101787.18,132.22364,True,260.6193246159823
2025-05-15 14:15:00+00:00,102128.09,102203.54,102204.66,101808.01,103.64288,True,270.335801429127
2025-05-15 14:20:00+00:00,102203.53,102231.33,102327.01,102188.23,51.38185,True,260.9389584699035
2025-05-15 14:25:00+00:00,102231.34,102040.94,102309.64,102040.0,42.81178,True,261.5604614363389
2025-05-15 14:30:00+00:00,102040.94,101844.04,102080.0,101840.01,58.04286,True,260.01971419088653
2025-05-15 14:35:00+00:00,101844.04,101642.85,101899.0,101642.85,113.57378,True,259.7433060343942
2025-05-15 14:40:00+00:00,101642.85,101680.01,101758.68,101584.77,83.91646,True,253.61235560336527
2025-05-15 14:45:00+00:00,101680.0,101654.12,101680.0,101383.07,185.47758,True,256.7071873459812
2025-05-15 14:50:00+00:00,101654.12,101657.41,101678.8,101462.71,107.99322,True,253.80595967841086
2025-05-15 14:55:00+00:00,101657.42,101987.65,101987.65,101657.41,87.76554,True,259.2655339870951
2025-05-15 15:00:00+00:00,101987.64,102142.86,102164.55,101931.86,94.76134,True,257.36728155944564
2025-05-15 15:05:00+00:00,102142.86,101969.01,102142.86,101969.0,49.65839,True,251.402475733771
2025-05-15 15:10:00+00:00,101969.01,102107.24,102125.97,101936.02,47.56945,True,247.01301318135862
2025-05-15 15:15:00+00:00,102107.24,102198.38,102330.67,102100.0,70.99134,True,245.84565509697572
2025-05-15 15:20:00+00:00,102198.38,102333.05,102373.38,102172.75,48.52168,True,242.61596544719208
2025-05-15 15:25:00+00:00,102333.05,102492.84,102506.11,102256.95,115.19051,True,243.0833964866786
2025-05-15 15:30:00+00:00,102492.84,102640.54,102693.44,102444.75,190.92527,True,243.48386816620172
2025-05-15 15:35:00+00:00,102640.54,102746.2,102769.22,102640.54,44.35659,True,235.2835918686164
2025-05-15 15:40:00+00:00,102746.21,103000.0,103063.82,102680.0,132.60427,True,245.89333530657288
2025-05-15 15:45:00+00:00,103000.0,103105.85,103193.54,102957.48,107.43892,True,245.1909542132461
2025-05-15 15:50:00+00:00,103105.86,103262.11,103262.13,103105.86,117.09691,True,238.84017176944275
2025-05-15 15:55:00+00:00,103262.1,103251.35,103291.99,103208.46,64.4609,True,227.74658807162533
2025-05-15 16:00:00+00:00,103251.36,103201.33,103380.96,103184.43,88.70703,True,225.5168317807959
2025-05-15 16:05:00+00:00,103201.33,103196.95,103261.41,103128.22,68.50497,True,218.92205808216778
2025-05-15 16:10:00+00:00,103196.96,103090.08,103209.19,103090.08,58.94533,True,211.79262536201298
2025-05-15 16:15:00+00:00,103090.08,103214.25,103243.02,103079.36,65.54389,True,208.354580693298
2025-05-15 16:20:00+00:00,103214.25,103214.38,103317.28,103096.03,85.33275,True,209.27568207234816
2025-05-15 16:25:00+00:00,103214.37,103168.1,103279.06,103075.83,68.33503,True,208.8438476386087
2025-05-15 16:30:00+00:00,103168.09,103116.93,103219.5,103026.33,47.92823,True,207.72428709299365
2025-05-15 16:35:00+00:00,103116.93,103393.81,103417.28,103116.93,88.16842,True,214.3404094434945
2025-05-15 16:40:00+00:00,103393.81,103596.18,103611.74,103340.0,216.81926,True,218.44038019753097
2025-05-15 16:45:00+00:00,103596.18,103714.28,103719.0,103572.0,140.25865,True,213.33749589770733
2025-05-15 16:50:00+00:00,103714.28,103833.7,103836.82,103671.4,116.5055,True,209.91481761930058
2025-05-15 16:55:00+00:00,103833.7,103846.27,103847.13,103728.13,51.37618,True,203.42090207506482
2025-05-15 17:00:00+00:00,103846.28,103742.17,103892.86,103722.28,113.59688,True,201.07512335541745
2025-05-15 17:05:00+00:00,103742.17,103761.32,103790.66,103690.81,81.83691,True,193.84475740145947
2025-05-15 17:10:00+00:00,103761.31,103680.34,103761.32,103650.79,107.81343,True,187.8937033013562
2025-05-15 17:15:00+00:00,103680.35,103832.09,103832.09,103680.35,116.43877,True,185.31201020840217
2025-05-15 17:20:00+00:00,103832.08,104099.99,104100.0,103832.08,326.79701,True,191.21258090780188
2025-05-15 17:25:00+00:00,104100.0,103968.26,104140.73,103950.0,102.67327,True,191.1781108429586
2025-05-15 17:30:00+00:00,103968.25,103957.08,103968.26,103886.35,105.79479,True,183.37324578274647
2025-05-15 17:35:00+00:00,103957.08,103894.68,104070.09,103894.68,80.83511,True,182.80444251255054
2025-05-15 17:40:00+00:00,103894.69,104063.49,104192.7,103894.68,129.94699,True,191.03412519022578
2025-05-15 17:45:00+00:00,104063.49,103982.86,104172.81,103982.85,50.46373,True,190.95740196235192
2025-05-15 17:50:00+00:00,103982.85,103987.32,104100.47,103952.38,45.67896,True,187.89544467932654
2025-05-15 17:55:00+00:00,103987.32,103968.24,103987.32,103915.03,49.45403,True,179.6379129165181
2025-05-15 18:00:00+00:00,103968.24,103853.72,104012.49,103841.26,119.31368,True,179.03734770819614
2025-05-15 18:05:00+00:00,103853.72,103814.0,103900.0,103725.47,59.21574,True,178.71539430046775
2025-05-15 18:10:00+00:00,103814.0,103922.7,103993.22,103802.29,48.19402,True,179.58786613614916
2025-05-15 18:15:00+00:00,103922.69,103724.97,103961.83,103724.97,75.77106,True,183.67873284070998
2025-05-15 18:20:00+00:00,103724.97,103511.69,103763.06,103511.69,62.1288,True,188.5138233520875
2025-05-15 18:25:00+00:00,103511.7,103491.85,103609.52,103468.02,57.29286,True,185.1556931126527
2025-05-15 18:30:00+00:00,103491.85,103537.42,103598.58,103380.95,94.31146,True,187.47528646174925
2025-05-15 18:35:00+00:00,103537.42,103155.71,103537.42,103127.0,86.80683,True,203.39990885733846
2025-05-15 18:40:00+00:00,103155.72,103301.31,103311.33,103155.71,49.40235,True,199.98705822467107
2025-05-15 18:45:00+00:00,103301.31,103004.89,103372.34,102926.63,205.30866,True,217.53869692290826
2025-05-15 18:50:00+00:00,103004.88,102977.14,103020.36,102885.0,117.49369,True,211.66878999984343
2025-05-15 18:55:00+00:00,102977.13,102697.31,102977.13,102641.54,150.10364,True,220.5210192855693
2025-05-15 19:00:00+00:00,102697.31,102931.01,102951.63,102632.66,146.0076,True,227.55308933660015
2025-05-15 19:05:00+00:00,102931.0,102841.32,102955.46,102792.0,59.31939,True,222.97501152684345
2025-05-15 19:10:00+00:00,102841.32,103040.0,103137.39,102794.15,55.38279,True,231.565367846355
2025-05-15 19:15:00+00:00,103040.0,103180.0,103221.95,102984.12,71.42149,True,232.0128415716155
2025-05-15 19:20:00+00:00,103180.0,102908.01,103206.35,102908.0,51.26739,True,236.75121003078624
2025-05-15 19:25:00+00:00,102908.0,102799.34,102908.01,102552.35,96.43169,True,245.24469502858642
2025-05-15 19:30:00+00:00,102799.34,102974.66,102984.27,102789.76,116.03396,True,241.62078824083093
2025-05-15 19:35:00+00:00,102974.66,103001.97,103088.77,102937.76,48.28949,True,235.14858908077227
2025-05-15 19:40:00+00:00,103001.97,103066.06,103085.97,102988.55,76.28888,True,225.31083271785982
2025-05-15 19:45:00+00:00,103066.05,103121.85,103171.79,102943.5,54.83303,True,225.52363038086938
2025-05-15 19:50:00+00:00,103121.85,103048.25,103217.54,102991.0,85.62684,True,225.59622821080683
2025-05-15 19:55:00+00:00,103048.26,103157.26,103228.06,103015.87,48.2258,True,224.63864048146365
2025-05-15 20:00:00+00:00,103157.26,103378.2,103386.0,103148.4,64.63931,True,225.56445187564526
2025-05-15 20:05:00+00:00,103378.21,103135.88,103428.58,103041.2,119.53721,,237.1227053130995
2025-05-15 20:10:00+00:00,103135.87,102959.62,103135.89,102936.76,102.52247,,234.4089406478784
2025-05-15 20:15:00+00:00,102959.61,103245.63,103245.64,102884.6,103.38149,,243.45401631588666
2025-05-15 20:20:00+00:00,103245.64,103329.35,103363.24,103230.56,40.06379,,235.54158657903818
2025-05-15 20:25:00+00:00,103329.36,103333.33,103396.84,103329.35,25.43181,,223.53790182339193
2025-05-15 20:30:00+00:00,103333.33,103269.99,103380.96,103222.45,52.85706,,218.8930516931503
2025-05-15 20:35:00+00:00,103269.98,103295.39,103335.0,103238.1,30.38998,,210.1792622864963
2025-05-15 20:40:00+00:00,103295.39,103477.49,103483.14,103251.45,56.12801,,211.71574355174675
2025-05-15 20:45:00+00:00,103477.49,103450.19,103480.0,103431.2,24.67286,,200.07890472662217
2025-05-15 20:50:00+00:00,103450.19,103419.32,103467.96,103419.32,24.93277,,189.26184010329197
2025-05-15 20:55:00+00:00,103419.32,103443.51,103491.43,103377.74,21.95332,,183.86385152448452
2025-05-15 21:00:00+00:00,103443.51,103225.03,103443.51,103196.4,28.91013,,188.38143355844997
2025-05-15 21:05:00+00:00,103225.04,103142.85,103238.1,103120.01,28.2622,,183.36061687570435
2025-05-15 21:10:00+00:00,103142.85,103202.91,103212.92,103122.57,29.45215,,176.717001384582
2025-05-15 21:15:00+00:00,103202.9,103019.37,103202.91,103012.95,42.45031,,177.66292985711235
2025-05-15 21:20:00+00:00,103019.36,102764.84,103019.37,102708.46,60.32725,,187.18057772446068
2025-05-15 21:25:00+00:00,102764.84,103037.44,103037.45,102720.0,30.00957,,196.48553645842756
2025-05-15 21:30:00+00:00,103037.45,103045.86,103236.48,102842.14,53.93996,,210.6179981399682
2025-05-15 21:35:00+00:00,103045.85,103066.0,103147.59,102971.99,42.96719,,208.11671255854125
2025-05-15 21:40:00+00:00,103066.01,103180.0,103221.04,103053.07,44.44448,,205.2490902329302
2025-05-15 21:45:00+00:00,103180.01,103167.7,103248.76,103135.54,55.99293,,198.675583787721
2025-05-15 21:50:00+00:00,103167.71,103309.89,103322.14,103167.7,24.54932,,195.5158992314554
2025-05-15 21:55:00+00:00,103309.89,103288.75,103330.29,103182.07,22.53351,,192.13762071492192
2025-05-15 22:00:00+00:00,103288.75,103482.31,103545.0,103254.25,74.77484,,199.1813620924275
2025-05-15 22:05:00+00:00,103482.3,103651.99,103673.62,103477.95,69.58796,,198.93055051439683
2025-05-15 22:10:00+00:00,103651.99,103777.78,103777.78,103532.01,48.43245,,202.27622547765446
2025-05-15 22:15:00+00:00,103777.78,103960.2,103965.92,103740.0,115.11571,,203.96506651496475
2025-05-15 22:20:00+00:00,103960.21,103783.98,103980.84,103730.34,85.37742,,207.2889903353244
2025-05-15 22:25:00+00:00,103783.98,103676.64,103783.99,103672.16,24.83601,,200.4704910256585
2025-05-15 22:30:00+00:00,103676.64,103650.8,103730.42,103650.79,22.49175,,191.83902738096893
2025-05-15 22:35:00+00:00,103650.79,103659.99,103690.01,103627.89,35.73767,,182.57338256804223
2025-05-15 22:40:00+00:00,103659.99,103667.17,103700.0,103650.79,30.75342,,173.0474266703254
2025-05-15 22:45:00+00:00,103667.17,103571.93,103700.0,103561.53,38.83523,,170.57761047958795
2025-05-15 22:50:00+00:00,103571.94,103482.2,103571.94,103479.69,36.52077,,164.9827811596174
2025-05-15 22:55:00+00:00,103482.21,103492.06,103528.9,103482.2,77.79221,,156.53401107678738
2025-05-15 23:00:00+00:00,103492.06,103503.57,103535.35,103428.57,80.48116,,152.98015314273107
2025-05-15 23:05:00+00:00,103503.56,103576.05,103581.98,103365.07,35.14145,,157.54657077539235
2025-05-15 23:10:00+00:00,103576.04,103471.98,103657.7,103469.83,51.17314,,159.71253000572113
2025-05-15 23:15:00+00:00,103471.98,103250.79,103516.26,103230.76,53.21465,,168.69734929102677
2025-05-15 23:20:00+00:00,103250.79,103428.57,103428.58,103240.51,92.29651,,170.08111005595393
2025-05-15 23:25:00+00:00,103428.58,103515.56,103600.0,103413.16,60.86326,,171.27817362338556
2025-05-15 23:30:00+00:00,103515.56,103756.97,103780.0,103515.56,110.1203,,177.9325897931439
2025-05-15 23:35:00+00:00,103756.97,103838.16,103838.17,103730.35,58.47786,,172.92454766506165
2025-05-15 23:40:00+00:00,103838.17,103784.33,103893.73,103784.33,32.62529,,168.38707997469967
2025-05-15 23:45:00+00:00,103784.33,103775.57,103860.0,103762.53,32.75478,,163.32157426222122
2025-05-15 23:50:00+00:00,103775.56,103720.0,103798.77,103698.05,55.99593,,158.85003324349123
2025-05-15 23:55:00+00:00,103720.0,103763.71,103763.71,103719.99,26.89487,,150.62645944038482
2025-05-16 00:00:00+00:00,103763.71,103827.17,103841.28,103655.16,86.71601,,153.16171233749986
2025-05-16 00:05:00+00:00,103827.17,103760.17,103881.54,103737.93,47.51775,,152.47944717053562
2025-05-16 00:10:00+00:00,103760.17,103930.0,103936.89,103714.28,48.09281,,157.48877237264028
2025-05-16 00:15:00+00:00,103930.01,103948.01,103960.0,103837.98,47.241,,154.9552886317377
2025-05-16 00:20:00+00:00,103948.01,103873.01,103986.98,103864.0,34.09396,,152.67133944375612
2025-05-16 00:25:00+00:00,103873.01,103742.01,103873.02,103739.1,118.86925,,151.33195805491627
2025-05-16 00:30:00+00:00,103742.0,103954.58,103988.96,103742.0,93.79912,,158.16253247956556
2025-05-16 00:35:00+00:00,103954.57,103938.11,104033.9,103882.32,60.1812,,157.6923515881671
2025-05-16 00:40:00+00:00,103938.11,103946.98,103995.54,103938.11,16.98857,,150.53075504615467
2025-05-16 00:45:00+00:00,103946.99,103834.6,103974.62,103834.6,30.3166,,149.77998682857145
2025-05-16 00:50:00+00:00,103834.6,103691.52,103840.0,103674.6,117.02388,,150.89570205510168
2025-05-16 00:55:00+00:00,103691.53,103764.81,103764.82,103666.66,104.70525,,147.12886619402323
2025-05-16 01:00:00+00:00,103764.82,103619.99,103785.66,103554.55,152.02137,,153.1275186087359
2025-05-16 01:05:00+00:00,103619.99,103655.54,103662.97,103500.0,72.25433,,153.83055299382627
2025-05-16 01:10:00+00:00,103655.53,103650.78,103800.0,103635.58,24.75622,,154.5869420656957
2025-05-16 01:15:00+00:00,103650.78,103468.44,103674.95,103467.91,49.81966,,158.3335890610027
2025-05-16 01:20:00+00:00,103468.45,103524.42,103580.08,103468.44,51.64457,,154.99833269950247
2025-05-16 01:25:00+00:00,103524.42,103771.74,103780.0,103523.2,68.23363,,162.26988036382392
2025-05-16 01:30:00+00:00,103771.74,103967.69,103996.5,103764.6,45.12004,,167.24346033783607
2025-05-16 01:35:00+00:00,103967.7,104072.52,104108.9,103967.69,133.82559,,165.38392745656148
2025-05-16 01:40:00+00:00,104072.52,104059.53,104094.6,103984.12,85.8188,,161.46221835252211
2025-05-16 01:45:00+00:00,104059.53,103976.59,104079.37,103940.03,75.12382,,159.88205989877028
2025-05-16 01:50:00+00:00,103976.59,103999.99,104015.98,103917.64,38.93071,,155.4861984774293
2025-05-16 01:55:00+00:00,104000.0,104047.61,104068.07,103999.99,45.09357,,149.24289858618448
2025-05-16 02:00:00+00:00,104047.6,104336.0,104370.63,104047.6,316.63483,,161.65626297288551
2025-05-16 02:05:00+00:00,104336.01,104205.11,104354.71,104150.75,63.24651,,164.6779584748227
2025-05-16 02:10:00+00:00,104205.11,104262.0,104286.11,104192.42,60.31753,,159.60739001233554
2025-05-16 02:15:00+00:00,104262.0,104009.29,104292.0,103928.8,126.92886,,174.1497192971685
2025-05-16 02:20:00+00:00,104009.3,104238.09,104238.1,103932.0,83.85918,,183.57473934737118
2025-05-16 02:25:00+00:00,104238.08,104274.87,104350.0,104238.08,76.62182,,178.4565436797017
2025-05-16 02:30:00+00:00,104274.87,104341.16,104380.0,104274.87,71.28994,,173.21893341686618
2025-05-16 02:35:00+00:00,104341.16,104269.85,104466.01,104269.84,84.63862,,174.8582953156613
2025-05-16 02:40:00+00:00,104269.84,104145.27,104306.94,104145.26,79.23777,,173.9169885074003
2025-05-16 02:45:00+00:00,104145.27,104142.85,104173.08,104124.2,43.28736,,164.9857750425863
2025-05-16 02:50:00+00:00,104142.85,104219.15,104238.63,104077.66,67.21194,,164.69893396811594
2025-05-16 02:55:00+00:00,104219.14,104199.8,104221.97,104144.7,29.18147,,158.4540101132508
2025-05-16 03:00:00+00:00,104199.8,104172.21,104240.87,104122.48,60.40566,,155.5922951051614
2025-05-16 03:05:00+00:00,104172.21,104055.34,104172.22,104055.33,23.35935,,152.82784545479268
2025-05-16 03:10:00+00:00,104055.33,104099.99,104100.0,104055.33,30.44415,,145.1022850651645
2025-05-16 03:15:00+00:00,104099.99,104088.16,104133.69,104034.49,22.9004,,141.82355041765254
2025-05-16 03:20:00+00:00,104088.15,104230.02,104237.49,104083.5,60.77315,,142.69258253067773
2025-05-16 03:25:00+00:00,104230.02,104253.01,104299.0,104230.02,54.44793,,137.42739806420045
2025-05-16 03:30:00+00:00,104253.01,104201.5,104328.32,104200.0,71.17559,,136.77686963104378
2025-05-16 03:35:00+00:00,104201.51,104119.41,104201.51,104093.15,65.10896,,134.7470932288264
2025-05-16 03:40:00+00:00,104119.41,104048.44,104127.23,103988.18,69.91128,,135.05444371248186
2025-05-16 03:45:00+00:00,104048.45,104031.91,104088.0,104012.7,25.11161,,130.7862691615905
2025-05-16 03:50:00+00:00,104031.91,104051.2,104125.5,104031.91,32.68059,,128.1293927929052
2025-05-16 03:55:00+00:00,104051.2,104023.49,104051.21,104001.58,27.18731,,122.52229330769804
2025-05-16 04:00:00+00:00,104023.49,104128.1,104147.6,104023.48,41.87658,,122.63641521429174
2025-05-16 04:05:00+00:00,104128.1,104119.17,104184.72,104090.61,52.68433,,120.59881412755666
2025-05-16 04:10:00+00:00,104119.17,104042.82,104140.0,104022.02,29.12902,,120.41175597558804
2025-05-16 04:15:00+00:00,104042.83,103983.63,104048.68,103953.0,30.65746,,118.64520197733124
2025-05-16 04:20:00+00:00,103983.63,103939.99,103991.79,103918.25,39.41456,,115.42340183609284
2025-05-16 04:25:00+00:00,103940.0,103932.16,103966.69,103912.32,32.30199,,111.06244456208587
2025-05-16 04:30:00+00:00,103932.17,103893.4,103932.17,103893.4,9.01285,,105.89869852193716
2025-05-16 04:35:00+00:00,103893.4,103904.76,103978.98,103893.4,31.44728,,104.4473629132275
2025-05-16 04:40:00+00:00,103904.76,103830.51,103904.76,103818.85,96.4785,,103.12326556228189
2025-05-16 04:45:00+00:00,103830.52,103827.49,103900.0,103816.6,31.44503,,101.71446087926134
2025-05-16 04:50:00+00:00,103827.49,103904.99,103905.0,103825.39,37.96472,,100.13557081645699
2025-05-16 04:55:00+00:00,103904.99,103919.95,103950.0,103880.0,25.94783,,97.9830300438529
2025-05-16 05:00:00+00:00,103919.96,103969.16,103980.96,103919.95,16.24659,,95.3420993264355
2025-05-16 05:05:00+00:00,103969.16,103972.05,103995.0,103920.63,17.22682,,93.84409223168977
2025-05-16 05:10:00+00:00,103972.05,103997.62,104029.62,103940.78,43.64865,,93.48665707228311
2025-05-16 05:15:00+00:00,103997.63,104047.21,104053.4,103983.15,27.05059,,91.82689585283433
2025-05-16 05:20:00+00:00,104047.21,104108.36,104148.0,104047.2,35.55645,,92.46783186334638
2025-05-16 05:25:00+00:00,104108.36,104030.79,104123.81,104030.03,30.01699,,92.56155815882155
2025-05-16 05:30:00+00:00,104030.78,103963.64,104030.79,103920.65,25.23363,,93.81716114747712
2025-05-16 05:35:00+00:00,103963.64,103869.37,103963.65,103833.64,42.38382,,96.40236392265696
2025-05-16 05:40:00+00:00,103869.37,104029.68,104029.68,103869.37,21.24793,,100.96719507103843
2025-05-16 05:45:00+00:00,104029.68,104005.47,104075.7,103988.8,38.24216,,99.9623954231067
2025-05-16 05:50:00+00:00,104005.46,103930.89,104005.47,103930.89,27.11467,,98.14936717859919
2025-05-16 05:55:00+00:00,103930.89,103898.52,104033.39,103888.88,94.87058,,101.46084095155602
2025-05-16 06:00:00+00:00,103898.52,103930.54,104000.0,103860.32,73.05823,,104.19078088358724
2025-05-16 06:05:00+00:00,103930.53,103954.43,103993.36,103900.0,144.55197,,103.41715367761675
2025-05-16 06:10:00+00:00,103954.44,103927.84,103977.46,103911.28,114.14172,,100.75735698635894
2025-05-16 06:15:00+00:00,103927.84,104010.06,104033.89,103927.84,89.17028,,101.13540291590493
2025-05-16 06:20:00+00:00,104010.05,103985.56,104015.28,103942.1,38.09275,,99.13858842191122
2025-05-16 06:25:00+00:00,103985.55,103968.78,104010.02,103947.58,71.94071,,96.51726067748916
2025-05-16 06:30:00+00:00,103968.78,104053.54,104091.68,103968.78,32.58771,,98.40174205766809
2025-05-16 06:35:00+00:00,104053.54,103987.73,104053.55,103945.12,27.89571,,99.11804619640661
2025-05-16 06:40:00+00:00,103987.73,104006.51,104047.62,103962.41,44.82363,,98.12461432523412
2025-05-16 06:45:00+00:00,104006.51,104100.0,104100.0,103959.49,42.03894,,101.15214187343132
2025-05-16 06:50:00+00:00,104099.99,103991.76,104100.0,103991.76,22.60312,,101.6584174539009
2025-05-16 06:55:00+00:00,103991.76,103987.87,104000.0,103940.87,41.07231,,98.62067335005118
2025-05-16 07:00:00+00:00,103987.87,103966.29,103995.44,103856.0,49.94374,,101.53633953933341
2025-05-16 07:05:00+00:00,103966.3,103888.87,104033.39,103882.62,80.74196,,105.05302957223846
2025-05-16 07:10:00+00:00,103888.87,103993.45,103993.46,103888.87,46.89678,,105.01995603136507
2025-05-16 07:15:00+00:00,103993.45,104078.0,104084.11,103968.78,48.58626,,105.75638774341054
2025-05-16 07:20:00+00:00,104077.99,104086.72,104190.48,104067.86,78.83354,,106.96093147602373
2025-05-16 07:25:00+00:00,104086.72,104081.16,104100.0,104053.64,27.59219,,102.63229351345065
2025-05-16 07:30:00+00:00,104081.15,103915.45,104081.16,103890.62,94.61388,,108.91141540534761
2025-05-16 07:35:00+00:00,103915.45,103853.65,103940.0,103853.64,40.65772,,107.3006000192514
2025-05-16 07:40:00+00:00,103853.64,103821.15,103878.29,103809.52,41.55782,,104.54841430358985
2025-05-16 07:45:00+00:00,103821.15,103831.97,103866.12,103813.95,114.40478,,100.80709899619045
2025-05-16 07:50:00+00:00,103831.97,103761.9,103837.1,103726.89,54.38944,,101.4787347821773
2025-05-16 07:55:00+00:00,103761.9,103710.17,103761.9,103694.18,41.56619,,99.06739658345043
2025-05-16 08:00:00+00:00,103710.17,103544.96,103760.0,103535.74,116.42455,,108.00972539891788
2025-05-16 08:05:00+00:00,103544.96,103586.74,103608.37,103544.96,48.67963,,104.82403072756581
2025-05-16 08:10:00+00:00,103586.74,103481.47,103586.75,103464.62,76.17648,,106.06017138988287
2025-05-16 08:15:00+00:00,103481.47,103369.88,103481.48,103319.11,101.6739,,110.0823020048909
2025-05-16 08:20:00+00:00,103369.89,103118.77,103369.89,103100.49,158.889,,121.4621375759697
2025-05-16 08:25:00+00:00,103118.76,103265.54,103265.55,103100.65,106.15089,,124.56484203482964
2025-05-16 08:30:00+00:00,103265.55,103317.46,103317.47,103238.09,50.16166,,121.33735331805643
2025-05-16 08:35:00+00:00,103317.47,103200.0,103317.47,103170.0,26.46844,,123.20397093819534
2025-05-16 08:40:00+00:00,103200.0,103318.26,103348.84,103200.0,86.11166,,125.03511587118113
2025-05-16 08:45:00+00:00,103318.26,103260.0,103349.05,103229.44,165.95637,,124.64760759466823
2025-05-16 08:50:00+00:00,103260.0,103450.24,103460.34,103258.26,163.69879,,130.17849276647777
2025-05-16 08:55:00+00:00,103450.25,103388.6,103450.25,103376.0,161.19208,,126.18360042601508
2025-05-16 09:00:00+00:00,103388.6,103515.83,103515.84,103388.6,142.17692,,126.25905753844191
2025-05-16 09:05:00+00:00,103515.83,103627.51,103665.97,103515.83,96.95389,,127.96483914283887
2025-05-16 09:10:00+00:00,103627.51,103621.71,103659.54,103563.9,39.2766,,125.65592206120748
2025-05-16 09:15:00+00:00,103621.71,103613.99,103623.8,103549.69,35.08432,,121.97407048540698
2025-05-16 09:20:00+00:00,103614.0,103698.42,103710.0,103613.99,28.961,,120.11949402216325
2025-05-16 09:25:00+00:00,103698.42,103688.9,103761.91,103666.0,71.01603,,118.39024444915184
2025-05-16 09:30:00+00:00,103688.89,103706.03,103770.67,103672.23,187.15816,,116.9652269884983
2025-05-16 09:35:00+00:00,103706.02,103699.99,103706.03,103601.46,82.09577,,116.07985363217645
2025-05-16 09:40:00+00:00,103699.99,103666.64,103745.85,103666.64,39.95589,,113.44629265845002
2025-05-16 09:45:00+00:00,103666.64,103733.96,103772.15,103666.64,43.9465,,112.8794146114175
2025-05-16 09:50:00+00:00,103733.96,103763.4,103775.99,103675.1,30.36289,,112.02302785345907
2025-05-16 09:55:00+00:00,103763.4,103793.65,103820.0,103763.39,27.14141,,108.06495443535489
2025-05-16 10:00:00+00:00,103793.65,103730.15,103831.08,103730.15,104.18873,,107.55531483283008
2025-05-16 10:05:00+00:00,103730.15,103640.18,103784.89,103635.18,32.48824,,110.56636377334267
2025-05-16 10:10:00+00:00,103640.19,103775.73,103886.01,103640.18,66.00148,,120.2280520752469
2025-05-16 10:15:00+00:00,103775.74,103836.0,103836.01,103775.73,44.0831,,115.94604835558631
2025-05-16 10:20:00+00:00,103836.0,103731.84,103836.01,103721.12,38.02365,,115.87061633018725
2025-05-16 10:25:00+00:00,103731.84,103711.7,103800.0,103697.2,42.07926,,114.93700087803121
2025-05-16 10:30:00+00:00,103711.7,103805.39,103832.58,103711.7,29.88707,,115.36150081531503
2025-05-16 10:35:00+00:00,103805.4,103807.2,103832.58,103769.77,33.40982,,111.60782218564951
2025-05-16 10:40:00+00:00,103807.2,103757.51,103832.58,103752.41,32.65807,,109.362263458103
2025-05-16 10:45:00+00:00,103757.51,103800.02,103846.76,103752.41,31.08802,,108.28995892538073
2025-05-16 10:50:00+00:00,103800.02,103783.93,103828.84,103773.84,27.15622,,104.48353328785353
2025-05-16 10:55:00+00:00,103783.93,103796.91,103864.01,103783.93,28.67376,,102.74042376729268
2025-05-16 11:00:00+00:00,103796.92,103880.36,103881.46,103796.13,39.5801,,101.49682206962905
2025-05-16 11:05:00+00:00,103880.36,103747.13,103880.37,103743.91,40.4673,,103.99419192179782
2025-05-16 11:10:00+00:00,103747.14,103773.97,103849.09,103747.13,26.64265,,103.84889249881168
2025-05-16 11:15:00+00:00,103773.98,103741.68,103823.99,103720.98,32.64173,,103.78897160604008
2025-05-16 11:20:00+00:00,103741.68,103658.39,103900.0,103658.39,52.22068,,113.63333077703726
2025-05-16 11:25:00+00:00,103658.39,103616.7,103658.4,103594.33,178.028,,110.09309286439121
2025-05-16 11:30:00+00:00,103616.7,103710.64,103711.07,103552.0,40.06897,,113.59144337407805
2025-05-16 11:35:00+00:00,103710.64,103681.83,103714.27,103646.19,33.41675,,110.34062599021546
2025-05-16 11:40:00+00:00,103681.83,103558.62,103689.18,103558.62,26.77693,,111.7848669909142
2025-05-16 11:45:00+00:00,103558.62,103671.37,103671.38,103558.62,18.32165,,111.8545193487067
2025-05-16 11:50:00+00:00,103671.37,103674.42,103685.01,103640.0,18.70781,,107.07991082379871
2025-05-16 11:55:00+00:00,103674.42,103651.71,103674.43,103614.7,16.2557,,103.69777433638423
2025-05-16 12:00:00+00:00,103651.72,103657.67,103698.36,103582.24,42.48684,,104.5850761694993
2025-05-16 12:05:00+00:00,103657.67,103758.65,103768.0,103657.67,35.96252,,104.99542787167805
2025-05-16 12:10:00+00:00,103758.65,103720.59,103768.51,103714.28,12.28351,,101.3693258808436
2025-05-16 12:15:00+00:00,103720.6,103698.42,103720.6,103611.11,39.54054,,101.94937403221229
2025-05-16 12:20:00+00:00,103698.42,103569.14,103698.42,103558.39,34.84408,,104.66941874419705
2025-05-16 12:25:00+00:00,103569.15,103604.05,103660.0,103524.35,41.99067,,106.88231740532542
2025-05-16 12:30:00+00:00,103604.05,103659.99,103660.31,103593.73,25.30056,,104.0035804478023
2025-05-16 12:35:00+00:00,103660.0,103571.42,103706.2,103563.57,25.54308,,106.76261041581573
2025-05-16 12:40:00+00:00,103571.43,103599.71,103669.61,103571.42,41.8261,,106.15028110040048
2025-05-16 12:45:00+00:00,103599.71,103663.89,103663.9,103550.67,25.35624,,106.65597530751442
2025-05-16 12:50:00+00:00,103663.89,103584.21,103663.9,103561.19,21.1612,,106.37411992840566
2025-05-16 12:55:00+00:00,103584.22,103506.07,103610.37,103484.75,41.3961,,107.74882564780492
2025-05-16 13:00:00+00:00,103506.07,103547.15,103547.48,103462.42,29.85476,,106.12819524439011
2025-05-16 13:05:00+00:00,103547.14,103634.92,103634.93,103547.14,24.94761,,104.81832415550465
2025-05-16 13:10:00+00:00,103634.92,103615.38,103635.0,103603.17,16.48456,,99.6048724301116
2025-05-16 13:15:00+00:00,103615.37,103573.83,103628.55,103549.16,18.10669,,98.16095297081787
2025-05-16 13:20:00+00:00,103573.83,103622.96,103645.63,103539.68,30.10712,,98.71731347290314
2025-05-16 13:25:00+00:00,103622.96,103508.99,103622.96,103485.0,34.67207,,101.52036251055337
2025-05-16 13:30:00+00:00,103508.99,103634.99,103635.0,103440.0,106.54056,True,108.19747947408527
2025-05-16 13:35:00+00:00,103635.0,103879.99,103896.0,103634.99,206.00602,True,119.11265951165024
2025-05-16 13:40:00+00:00,103879.99,103739.99,103928.59,103559.98,115.78548,True,136.93389811796098
2025-05-16 13:45:00+00:00,103740.0,103847.6,103903.04,103740.0,62.50273,True,138.7993339666772
2025-05-16 13:50:00+00:00,103849.61,103891.14,103947.99,103804.76,93.90058,True,139.1158101119153
2025-05-16 13:55:00+00:00,103891.13,104007.98,104099.88,103866.97,237.61836,True,145.8153951039216
2025-05-16 14:00:00+00:00,104007.99,103771.22,104007.99,103666.66,227.56704,True,159.78072402507016
2025-05-16 14:05:00+00:00,103771.22,103641.8,103782.34,103567.02,52.59203,True,163.74781516613604
2025-05-16 14:10:00+00:00,103641.8,103614.03,103677.26,103500.0,74.06687,True,164.71297122569737
2025-05-16 14:15:00+00:00,103614.02,103793.96,103825.4,103592.55,100.31749,True,169.57990185243264
2025-05-16 14:20:00+00:00,103793.95,103880.41,103942.83,103761.9,81.91119,True,170.390623148688
2025-05-16 14:25:00+00:00,103880.41,103832.0,103966.3,103829.31,58.94045,True,168.0048643523535
2025-05-16 14:30:00+00:00,103832.0,103689.11,103832.0,103652.51,41.12109,True,168.82523118432863
2025-05-16 14:35:00+00:00,103689.11,103617.43,103739.1,103617.43,47.9117,True,165.45700038544894
2025-05-16 14:40:00+00:00,103617.43,103344.64,103617.44,103344.64,109.53554,True,173.12435750077424
2025-05-16 14:45:00+00:00,103344.64,103564.32,103564.32,103343.07,62.9602,True,176.56190339357607
2025-05-16 14:50:00+00:00,103564.32,103557.06,103633.53,103540.0,48.14978,True,170.6310531511777
2025-05-16 14:55:00+00:00,103557.07,103578.7,103634.93,103540.0,38.49279,True,165.22383506895022
2025-05-16 15:00:00+00:00,103578.71,104028.62,104056.22,103578.71,181.01942,True,187.53070399259693
2025-05-16 15:05:00+00:00,104028.63,104005.6,104069.0,103988.51,82.92187,True,179.8849394216975
2025-05-16 15:10:00+00:00,104005.6,104099.89,104286.0,104005.6,312.74937,True,187.06458660586154
2025-05-16 15:15:00+00:00,104099.88,103990.48,104149.99,103989.51,72.05144,True,185.16568756258647
2025-05-16 15:20:00+00:00,103990.47,103857.18,104019.55,103842.07,91.92217,True,184.6167098795443
2025-05-16 15:25:00+00:00,103857.18,103846.41,103920.64,103826.14,61.77695,True,178.1798020310054
2025-05-16 15:30:00+00:00,103846.41,104026.22,104079.36,103816.72,82.07642,True,184.212673314505
2025-05-16 15:35:00+00:00,104026.23,103895.11,104078.93,103857.14,109.4771,True,186.8967680777542
2025-05-16 15:40:00+00:00,103895.11,104005.67,104032.01,103895.11,45.32469,True,183.3255703579142
2025-05-16 15:45:00+00:00,104005.67,103933.94,104038.49,103906.67,51.7746,True,179.6466010466351
2025-05-16 15:50:00+00:00,103933.95,103969.01,104010.9,103888.88,30.87031,True,175.530415257589
2025-05-16 15:55:00+00:00,103969.01,104183.33,104183.33,103961.32,74.03136,True,178.85038559633227
2025-05-16 16:00:00+00:00,104183.32,104480.0,104487.48,104181.84,267.25241,True,187.90678662516567
2025-05-16 16:05:00+00:00,104480.0,104343.38,104550.33,104343.38,253.70995,True,189.26701615193934
2025-05-16 16:10:00+00:00,104343.38,104301.99,104410.01,104292.32,92.98007,True,184.15437214108564
2025-05-16 16:15:00+00:00,104301.99,104139.99,104400.0,104111.11,154.93103,True,191.63548841672235
2025-05-16 16:20:00+00:00,104139.99,103991.71,104174.61,103968.85,102.29099,True,192.6443821012418
2025-05-16 16:25:00+00:00,103991.71,103951.51,104058.55,103951.5,52.8188,True,186.53049766543901
2025-05-16 16:30:00+00:00,103951.51,103916.91,104065.46,103898.16,57.36394,True,185.15689068933645
2025-05-16 16:35:00+00:00,103916.91,103908.0,103992.75,103837.82,99.95007,True,182.99782706866907
2025-05-16 16:40:00+00:00,103908.0,103978.1,103993.48,103908.0,48.78508,True,176.03226799233525
2025-05-16 16:45:00+00:00,103978.1,104021.57,104062.11,103901.39,36.22389,True,174.93853456431137
2025-05-16 16:50:00+00:00,104021.56,104166.04,104205.1,103982.13,34.99053,True,178.36935352400351
2025-05-16 16:55:00+00:00,104166.05,104145.49,104215.99,104134.6,26.97334,True,171.44225684371753
2025-05-16 17:00:00+00:00,104145.48,104191.02,104264.0,104145.48,36.08326,True,167.66209564059514
2025-05-16 17:05:00+00:00,104191.03,104047.87,104191.03,104015.87,32.34542,True,168.19766023769574
2025-05-16 17:10:00+00:00,104047.88,104130.26,104142.86,104015.87,45.09202,True,165.25425593500356
2025-05-16 17:15:00+00:00,104130.26,104281.78,104312.0,104130.26,29.9858,True,166.43180908250366
2025-05-16 17:20:00+00:00,104281.77,104331.08,104344.02,104275.97,51.25342,True,159.4045370051822
2025-05-16 17:25:00+00:00,104331.08,104273.24,104396.28,104242.71,43.34805,True,158.98778436195434
2025-05-16 17:30:00+00:00,104273.24,104111.13,104308.59,104111.11,49.71802,True,161.73722833610015
2025-05-16 17:35:00+00:00,104111.13,103961.51,104116.01,103943.99,30.60652,True,162.47171202637796
2025-05-16 17:40:00+00:00,103961.5,104018.83,104018.84,103952.38,20.00928,True,155.61373259592182
2025-05-16 17:45:00+00:00,104018.84,104002.22,104070.61,103984.12,18.9947,True,150.67632312478491
2025-05-16 17:50:00+00:00,104002.22,103796.95,104002.22,103780.84,49.11796,True,155.7265857587292
2025-05-16 17:55:00+00:00,103796.95,103867.96,103874.68,103780.0,23.82372,True,151.3661153473909
2025-05-16 18:00:00+00:00,103867.96,103954.18,103954.19,103836.0,30.06953,True,148.99639282257743
2025-05-16 18:05:00+00:00,103954.18,104027.2,104040.0,103923.61,27.09352,True,146.6673647638219
2025-05-16 18:10:00+00:00,104027.21,104009.52,104065.48,103993.67,17.82744,True,141.32041013783444
2025-05-16 18:15:00+00:00,104009.51,103976.43,104094.9,103952.38,38.59199,True,141.40609512798838
2025-05-16 18:20:00+00:00,103976.43,103916.02,104009.8,103908.16,22.85265,True,138.56565976170344
2025-05-16 18:25:00+00:00,103916.01,103861.91,104015.88,103840.2,25.3074,True,141.21668406443945
2025-05-16 18:30:00+00:00,103861.92,103992.0,104008.67,103828.57,33.88134,True,143.9940637741217
2025-05-16 18:35:00+00:00,103991.99,103992.75,104033.33,103952.38,25.76895,True,139.49091636168424
2025-05-16 18:40:00+00:00,103992.76,103828.34,103992.76,103828.33,21.59763,True,141.27227947870628
2025-05-16 18:45:00+00:00,103828.34,103799.54,103896.52,103791.72,77.16635,True,138.6671166587989
2025-05-16 18:50:00+00:00,103799.54,103851.87,103851.87,103729.99,36.46286,True,137.46803689745542
2025-05-16 18:55:00+00:00,103851.86,103691.55,103851.87,103690.26,63.62536,True,139.1924628333515
2025-05-16 19:00:00+00:00,103691.54,103739.6,103840.0,103690.25,18.57308,True,139.94657263096926
2025-05-16 19:05:00+00:00,103739.6,103723.55,103800.0,103705.02,15.24996,True,136.73467458589974
2025-05-16 19:10:00+00:00,103723.55,103726.05,103806.45,103715.92,20.0684,True,133.43434068690684
2025-05-16 19:15:00+00:00,103726.06,103613.07,103734.68,103600.0,44.87901,True,133.5233163521273
2025-05-16 19:20:00+00:00,103613.07,103607.64,103634.44,103587.0,14.18366,True,127.37450804126124
2025-05-16 19:25:00+00:00,103607.64,103680.0,103680.0,103595.54,28.99697,True,124.30918603831446
2025-05-16 19:30:00+00:00,103679.99,103835.56,103835.56,103666.66,21.61897,True,127.49424417843444
2025-05-16 19:35:00+00:00,103835.56,103803.55,103840.55,103783.87,13.24151,True,122.43608387997539
2025-05-16 19:40:00+00:00,103803.55,103790.65,103803.55,103767.65,9.20405,True,116.25493503140635
2025-05-16 19:45:00+00:00,103790.65,103720.0,103841.73,103720.0,15.6969,True,116.64601110059131
2025-05-16 19:50:00+00:00,103720.0,103925.24,103925.75,103720.0,28.19754,True,123.01058173626336
2025-05-16 19:55:00+00:00,103925.24,104032.6,104047.62,103925.24,44.03739,True,122.9655401836724
2025-05-16 20:00:00+00:00,104032.6,103845.21,104032.6,103845.2,41.25043,True,127.568001599125
2025-05-16 20:05:00+00:00,103845.2,103945.0,104024.0,103845.2,27.17432,,131.22743005633055
2025-05-16 20:10:00+00:00,103944.99,103911.41,103951.85,103904.76,10.50249,,125.2176136237363
2025-05-16 20:15:00+00:00,103911.4,103872.99,103911.41,103863.73,8.96809,,119.67921265061283
2025-05-16 20:20:00+00:00,103873.0,103854.2,103881.84,103839.18,13.116,,114.17784031842645
2025-05-16 20:25:00+00:00,103854.19,103880.01,103900.98,103833.18,9.53073,,110.86513743853905
2025-05-16 20:30:00+00:00,103880.0,103648.03,103880.01,103648.02,41.69317,,119.5169133357856
2025-05-16 20:35:00+00:00,103648.03,103643.98,103660.0,103562.88,22.65068,,117.91713381180058
2025-05-16 20:40:00+00:00,103643.99,103601.32,103643.99,103589.34,13.26507,,113.39805282524402
2025-05-16 20:45:00+00:00,103601.32,103557.4,103619.7,103526.47,22.85498,,111.95747762344058
2025-05-16 20:50:00+00:00,103557.4,103585.49,103589.94,103543.11,20.76442,,107.30551493605209
2025-05-16 20:55:00+00:00,103585.5,103692.48,103747.95,103528.94,53.90937,,115.28440672633371
2025-05-16 21:00:00+00:00,103692.48,103731.54,103791.94,103671.96,24.70543,,115.61980624588101
2025-05-16 21:05:00+00:00,103731.55,103732.08,103788.58,103727.01,25.78885,,111.75910579974716
2025-05-16 21:10:00+00:00,103732.08,103759.89,103759.9,103732.07,15.6873,,105.76416967119289
2025-05-16 21:15:00+00:00,103759.89,103640.21,103759.89,103636.1,20.09805,,107.05172898039294
2025-05-16 21:20:00+00:00,103640.22,103624.67,103640.22,103624.67,4.02756,,100.51589119607937
2025-05-16 21:25:00+00:00,103624.67,103566.55,103624.67,103566.55,12.50504,,97.48761325350195
2025-05-16 21:30:00+00:00,103566.56,103690.43,103690.44,103500.0,33.36213,,104.12706944968055
2025-05-16 21:35:00+00:00,103690.44,103640.78,103746.72,103605.87,28.72346,,106.75013591756093
2025-05-16 21:40:00+00:00,103640.78,103719.8,103753.13,103628.67,33.49996,,108.01512620916417
2025-05-16 21:45:00+00:00,103719.81,103696.14,103719.81,103634.92,19.92611,,106.36333147993811
2025-05-16 21:50:00+00:00,103696.15,103571.43,103707.56,103571.42,13.63873,,108.4902363742282
2025-05-16 21:55:00+00:00,103571.43,103612.0,103632.55,103562.73,17.14491,,105.7280766332124
2025-05-16 22:00:00+00:00,103612.01,103532.66,103613.02,103523.8,13.17445,,104.54892830226875
2025-05-16 22:05:00+00:00,103532.66,103507.14,103532.66,103397.5,121.57851,,106.73543342353551
2025-05-16 22:10:00+00:00,103507.13,103466.0,103513.41,103440.0,26.74186,,104.35504532185465
2025-05-16 22:15:00+00:00,103465.99,103447.78,103502.94,103413.54,23.92212,,103.28682779886564
2025-05-16 22:20:00+00:00,103447.78,103545.95,103563.99,103422.82,22.82892,,105.99276867037511
2025-05-16 22:25:00+00:00,103545.95,103462.97,103545.95,103444.44,12.83454,,105.67257090820509
2025-05-16 22:30:00+00:00,103462.96,103455.99,103471.03,103444.48,16.75537,,100.02095870047637
2025-05-16 22:35:00+00:00,103456.0,103470.55,103483.98,103455.99,11.666,,94.87589022187025
2025-05-16 22:40:00+00:00,103470.54,103444.37,103470.55,103429.46,17.49923,,91.03404092030783
2025-05-16 22:45:00+00:00,103444.36,103445.81,103461.46,103416.11,23.44822,,87.77089514028626
2025-05-16 22:50:00+00:00,103445.8,103436.68,103489.34,103407.51,30.40496,,87.34654548740879
2025-05-16 22:55:00+00:00,103436.68,103521.96,103545.15,103412.69,23.70531,,90.56893509545044
2025-05-16 23:00:00+00:00,103521.96,103594.26,103624.5,103512.43,29.33355,,92.10472544577591
2025-05-16 23:05:00+00:00,103594.27,103669.3,103675.19,103594.26,14.18471,,91.30653077107817
2025-05-16 23:10:00+00:00,103669.3,103660.0,103669.3,103603.18,18.83016,,89.50749285885901
2025-05-16 23:15:00+00:00,103660.0,103564.5,103690.18,103554.16,19.48534,,92.82981479751119
2025-05-16 23:20:00+00:00,103564.5,103574.97,103603.18,103540.0,18.86497,,90.71197088340274
2025-05-16 23:25:00+00:00,103574.97,103619.05,103627.79,103574.97,7.36663,,88.00540153458772
2025-05-16 23:30:00+00:00,103619.05,103582.75,103640.0,103565.41,15.30285,,87.0471585678312
2025-05-16 23:35:00+00:00,103582.76,103578.23,103603.18,103572.76,8.06695,,83.0023615272717
2025-05-16 23:40:00+00:00,103578.23,103520.64,103578.23,103520.53,11.09172,,81.19504998960922
2025-05-16 23:45:00+00:00,103520.64,103475.42,103537.52,103420.92,23.69001,,83.72397499035183
2025-05-16 23:50:00+00:00,103475.42,103457.99,103476.2,103425.35,16.22512,,81.3758339196118
2025-05-16 23:55:00+00:00,103457.99,103463.9,103474.1,103438.19,13.78243,,78.12827435392548
2025-05-17 00:00:00+00:00,103463.9,103469.97,103474.0,103420.0,36.98661,,76.40482618578794
2025-05-17 00:05:00+00:00,103469.98,103507.93,103535.2,103400.0,50.99548,,80.60448145823145
2025-05-17 00:10:00+00:00,103507.93,103536.99,103537.0,103434.53,20.42496,,82.16630421121499
2025-05-17 00:15:00+00:00,103536.99,103408.23,103539.69,103408.22,58.81083,,85.68799676755687
2025-05-17 00:20:00+00:00,103408.23,103411.02,103415.06,103378.59,41.21969,,82.17242556987432
2025-05-17 00:25:00+00:00,103411.02,103295.73,103411.02,103288.0,80.49335,,85.09010945774072
2025-05-17 00:30:00+00:00,103295.72,103284.16,103380.96,103269.91,85.45496,,86.94438735361659
2025-05-17 00:35:00+00:00,103284.15,103248.44,103284.16,103158.61,79.32868,,89.70193111407275
2025-05-17 00:40:00+00:00,103248.43,103190.0,103249.0,103100.0,126.46168,,93.93750746306755
2025-05-17 00:45:00+00:00,103189.99,103259.99,103269.96,103150.0,49.82509,,95.79625692999174
2025-05-17 00:50:00+00:00,103260.0,103380.95,103380.96,103190.47,33.65561,,102.56009572070698
2025-05-17 00:55:00+00:00,103380.95,103360.01,103428.58,103301.77,79.61518,,104.29223174065632
2025-05-17 01:00:00+00:00,103360.0,103057.5,103360.01,103000.01,117.22237,,122.55707233060944
2025-05-17 01:05:00+00:00,103057.5,103007.88,103057.5,102954.39,89.02461,,121.16799573556595
2025-05-17 01:10:00+00:00,103007.88,102912.79,103016.94,102900.0,139.11473,,120.86599604016854
2025-05-17 01:15:00+00:00,102912.78,102858.0,102991.39,102858.0,56.94492,,121.76056775158504
2025-05-17 01:20:00+00:00,102858.01,102780.27,102858.01,102722.22,112.98603,,122.7626700550428
2025-05-17 01:25:00+00:00,102780.27,102984.71,102984.71,102704.0,48.08314,,134.04462219396876
2025-05-17 01:30:00+00:00,102984.71,102841.27,103016.02,102832.18,44.76228,,137.60143489440037
2025-05-17 01:35:00+00:00,102841.27,102873.99,102936.51,102823.52,32.42713,,135.8434752590854
2025-05-17 01:40:00+00:00,102874.0,102958.49,102959.38,102789.75,50.04291,,138.25679845486536
2025-05-17 01:45:00+00:00,102958.5,102688.94,102958.5,102619.04,112.36772,,152.62845570808972
2025-05-17 01:50:00+00:00,102688.93,102780.0,102786.58,102612.5,61.29846,,154.1607088717977
2025-05-17 01:55:00+00:00,102780.0,102829.57,102840.0,102750.17,37.51989,,149.565658238098
2025-05-17 02:00:00+00:00,102829.58,103033.73,103056.73,102822.55,140.51322,,155.6095397925191
2025-05-17 02:05:00+00:00,103033.73,102999.99,103033.74,102931.65,56.72878,,151.78671552162567
2025-05-17 02:10:00+00:00,102999.99,102771.43,103000.0,102771.42,79.27526,,157.271950127224
2025-05-17 02:15:00+00:00,102771.42,102952.38,102972.72,102747.44,44.7087,,162.12966797527932
2025-05-17 02:20:00+00:00,102952.39,103068.39,103096.0,102952.38,24.04844,,160.8075488341876
2025-05-17 02:25:00+00:00,103068.39,103155.87,103222.23,103063.49,58.23587,,160.6598667746021
2025-05-17 02:30:00+00:00,103155.87,103255.09,103255.1,103155.87,42.03503,,156.27201914784558
2025-05-17 02:35:00+00:00,103255.09,103281.07,103299.35,103205.08,62.00666,,151.8433034944283
2025-05-17 02:40:00+00:00,103281.07,103260.72,103317.47,103232.09,39.68293,,147.09592467339806
2025-05-17 02:45:00+00:00,103260.72,103246.1,103357.6,103213.44,51.05798,,146.88621576815558
2025-05-17 02:50:00+00:00,103246.11,103241.34,103253.97,103169.01,34.30597,,142.46291464185921
2025-05-17 02:55:00+00:00,103241.34,103286.01,103294.41,103230.0,17.79597,,136.88770645315523
2025-05-17 03:00:00+00:00,103286.01,103356.66,103356.66,103273.49,27.84809,,133.05072742078687
2025-05-17 03:05:00+00:00,103356.66,103222.22,103356.66,103222.22,17.88331,,133.14996117644512
2025-05-17 03:10:00+00:00,103222.22,103239.99,103240.0,103198.3,17.31921,,126.61782109241312
2025-05-17 03:15:00+00:00,103239.99,103199.99,103240.7,103188.0,90.55389,,121.33797672866912
2025-05-17 03:20:00+00:00,103200.0,103203.53,103223.85,103173.85,62.76588,,116.24240696233561
2025-05-17 03:25:00+00:00,103203.53,103293.08,103293.08,103203.53,34.64564,,114.33580646502614
2025-05-17 03:30:00+00:00,103293.07,103299.99,103300.0,103227.99,66.20884,,111.31253457466676
2025-05-17 03:35:00+00:00,103299.99,103375.99,103376.0,103257.0,97.62764,,111.86163924790483
2025-05-17 03:40:00+00:00,103376.0,103475.95,103511.0,103375.99,59.97335,,113.51509358733983
2025-05-17 03:45:00+00:00,103475.94,103475.13,103600.0,103475.12,29.82734,,114.32687261681589
2025-05-17 03:50:00+00:00,103475.13,103533.15,103539.69,103437.95,29.73134,,113.4278102870437
2025-05-17 03:55:00+00:00,103533.15,103508.48,103548.69,103488.75,28.99363,,109.60725240939789
2025-05-17 04:00:00+00:00,103508.48,103539.68,103596.0,103476.2,40.51073,,110.33530580872682
2025-05-17 04:05:00+00:00,103539.69,103485.07,103584.99,103485.06,30.62768,,109.59206967953257
2025-05-17 04:10:00+00:00,103485.06,103515.19,103515.19,103476.19,11.7559,,104.54977898813739
2025-05-17 04:15:00+00:00,103515.18,103587.68,103592.11,103504.83,31.73568,,103.31622334612749
2025-05-17 04:20:00+00:00,103587.68,103600.04,103657.94,103581.15,45.16351,,101.42149310711896
2025-05-17 04:25:00+00:00,103600.05,103606.91,103632.85,103584.61,28.42482,,97.62281502803941
2025-05-17 04:30:00+00:00,103606.92,103590.56,103629.02,103584.61,18.12927,,93.82189966889398
2025-05-17 04:35:00+00:00,103590.56,103634.96,103639.0,103590.55,13.73819,,90.5810496925442
2025-05-17 04:40:00+00:00,103634.96,103579.29,103664.0,103579.29,22.41023,,90.16168900022008
2025-05-17 04:45:00+00:00,103579.29,103493.61,103579.3,103484.9,25.5541,,90.464425500205
2025-05-17 04:50:00+00:00,103493.61,103539.19,103541.13,103493.61,42.05671,,87.39696653590492
2025-05-17 04:55:00+00:00,103539.19,103658.05,103666.67,103539.19,26.38132,,90.26004035476856
2025-05-17 05:00:00+00:00,103658.05,103670.11,103709.86,103643.9,36.87799,,88.52432318657127
2025-05-17 05:05:00+00:00,103670.11,103600.25,103670.11,103593.37,13.95083,,87.68258581610226
2025-05-17 05:10:00+00:00,103600.24,103579.58,103603.26,103576.13,15.80563,,83.35740111495139
2025-05-17 05:15:00+00:00,103579.59,103571.97,103600.0,103559.05,19.80548,,80.3283010353118
2025-05-17 05:20:00+00:00,103571.96,103518.58,103571.96,103518.58,20.8481,,78.40413667564663
2025-05-17 05:25:00+00:00,103518.58,103543.57,103543.58,103518.58,14.98779,,74.589555484529
2025-05-17 05:30:00+00:00,103543.58,103514.6,103595.82,103504.19,20.26536,,75.80673009277726
2025-05-17 05:35:00+00:00,103514.59,103534.52,103544.87,103514.59,8.87921,,72.55482080043593
2025-05-17 05:40:00+00:00,103534.52,103530.68,103542.02,103530.67,4.78922,,68.1830478861195
2025-05-17 05:45:00+00:00,103530.67,103425.84,103530.68,103416.0,41.20661,,71.50425875139618
2025-05-17 05:50:00+00:00,103425.83,103392.92,103436.96,103352.94,15.19776,,72.39824026915389
2025-05-17 05:55:00+00:00,103392.93,103342.79,103392.93,103328.12,11.9721,,71.8562231070713
2025-05-17 06:00:00+00:00,103342.79,103415.6,103480.0,103342.78,20.31323,,76.52506431370914
2025-05-17 06:05:00+00:00,103415.6,103435.11,103444.0,103415.59,9.24712,,73.08827400558731
2025-05-17 06:10:00+00:00,103435.11,103494.99,103495.0,103435.11,12.12198,,72.14554014804531
2025-05-17 06:15:00+00:00,103495.0,103444.17,103495.0,103407.4,11.64008,,73.24943013747107
2025-05-17 06:20:00+00:00,103444.17,103396.0,103452.75,103380.95,14.89897,,73.1458994133662
2025-05-17 06:25:00+00:00,103396.0,103328.24,103396.0,103328.24,15.34604,,72.7611923124111
2025-05-17 06:30:00+00:00,103328.24,103400.0,103440.0,103285.71,33.22125,,78.58467857580983
2025-05-17 06:35:00+00:00,103400.01,103449.38,103453.15,103391.35,90.5724,,77.38577296325116
2025-05-17 06:40:00+00:00,103449.39,103478.5,103478.5,103412.69,83.7028,,76.55893203730447
2025-05-17 06:45:00+00:00,103478.49,103498.38,103500.0,103478.49,23.5211,,72.62686546321092
2025-05-17 06:50:00+00:00,103498.38,103441.02,103498.38,103408.1,78.85668,,73.88780364441006
2025-05-17 06:55:00+00:00,103441.01,103487.95,103487.96,103441.01,20.38342,,71.96367481266732
2025-05-17 07:00:00+00:00,103487.96,103511.58,103511.59,103454.83,51.4883,,70.87769804033357
2025-05-17 07:05:00+00:00,103511.58,103538.21,103538.21,103463.5,56.68286,,71.15143389459591
2025-05-17 07:10:00+00:00,103538.2,103552.93,103552.94,103538.2,23.07208,,67.122045759268
2025-05-17 07:15:00+00:00,103552.93,103500.01,103565.41,103500.01,14.72667,,66.99904249074949
2025-05-17 07:20:00+00:00,103500.01,103559.99,103567.57,103487.02,20.7294,,67.96696802712474
2025-05-17 07:25:00+00:00,103560.0,103609.99,103640.14,103559.99,34.16846,,68.83718459661542
2025-05-17 07:30:00+00:00,103609.99,103585.4,103629.05,103580.27,30.17396,,67.40452855399994
2025-05-17 07:35:00+00:00,103585.4,103523.81,103596.26,103523.81,21.6302,,67.76491937157117
2025-05-17 07:40:00+00:00,103523.81,103480.0,103530.0,103480.0,15.5237,,66.49599655931608
2025-05-17 07:45:00+00:00,103480.0,103471.89,103480.01,103445.09,38.83874,,64.24056823365052
2025-05-17 07:50:00+00:00,103471.89,103438.11,103471.89,103438.1,12.05101,,62.065527645532164
2025-05-17 07:55:00+00:00,103438.1,103451.14,103466.45,103435.08,24.94256,,59.87298995656524
2025-05-17 08:00:00+00:00,103451.13,103391.53,103458.83,103385.71,36.64798,,60.81920495966739
2025-05-17 08:05:00+00:00,103391.53,103353.99,103402.37,103348.82,27.69078,,60.29997603397602
2025-05-17 08:10:00+00:00,103354.0,103352.56,103358.23,103321.42,50.42601,,58.622120602977574
2025-05-17 08:15:00+00:00,103352.57,103383.79,103408.36,103341.75,187.21367,,59.192683417050645
2025-05-17 08:20:00+00:00,103383.79,103209.78,103388.12,103120.0,143.97677,,74.11606317297527
2025-05-17 08:25:00+00:00,103209.79,103455.09,103460.22,103209.78,40.06403,,86.71063008919148
2025-05-17 08:30:00+00:00,103455.1,103492.4,103549.99,103455.09,24.42056,,87.29558508282129
2025-05-17 08:35:00+00:00,103492.4,103553.21,103558.35,103486.95,49.83066,,86.16018614833467
2025-05-17 08:40:00+00:00,103553.21,103474.92,103568.58,103450.42,21.79492,,88.44588713773958
2025-05-17 08:45:00+00:00,103474.92,103465.73,103486.17,103450.85,40.29374,,84.65118091361478
2025-05-17 08:50:00+00:00,103465.74,103471.58,103475.77,103438.68,21.88717,,81.25395370550022
2025-05-17 08:55:00+00:00,103471.57,103426.06,103471.58,103400.77,40.96028,,80.50795701225003
2025-05-17 09:00:00+00:00,103426.06,103464.49,103484.23,103414.57,30.00066,,79.73310293994567
2025-05-17 09:05:00+00:00,103464.49,103340.98,103549.92,103266.58,76.96134,,94.2764527299493
2025-05-17 09:10:00+00:00,103340.99,103165.51,103349.0,103134.52,54.45653,,102.86242039209549
2025-05-17 09:15:00+00:00,103165.5,103073.89,103174.99,102958.58,80.92621,,110.97296179266034
2025-05-17 09:20:00+00:00,103073.89,103012.5,103073.89,102929.43,48.68825,,113.36489309318506
2025-05-17 09:25:00+00:00,103012.51,102876.52,103012.51,102850.0,84.03254,,116.87525787224288
2025-05-17 09:30:00+00:00,102876.52,103020.0,103063.5,102851.99,150.81961,,123.63488230993946
2025-05-17 09:35:00+00:00,103020.0,102925.54,103020.01,102881.2,187.97165,,124.71881928780076
2025-05-17 09:40:00+00:00,102925.54,102890.92,102979.94,102889.91,150.13333,,122.2410464815292
2025-05-17 09:45:00+00:00,102890.92,102851.99,102992.05,102813.27,191.95553,,126.27954316141988
2025-05-17 09:50:00+00:00,102852.0,102896.31,102896.32,102808.6,122.98178,,123.5252900784614
2025-05-17 09:55:00+00:00,102896.32,102896.59,102936.04,102886.96,23.63981,,118.20776935857039
2025-05-17 10:00:00+00:00,102896.59,102912.0,102916.56,102834.58,31.92087,,115.62007154724365
2025-05-17 10:05:00+00:00,102912.0,102962.83,102985.19,102885.4,36.84067,,114.48935215101255
2025-05-17 10:10:00+00:00,102962.84,103019.73,103045.56,102962.83,82.91045,,112.2208269973685
2025-05-17 10:15:00+00:00,103019.73,102948.01,103033.57,102948.0,32.99975,,110.31719649755698
2025-05-17 10:20:00+00:00,102948.0,103036.4,103036.4,102946.7,22.7081,,108.84453960487413
2025-05-17 10:25:00+00:00,103036.39,103002.09,103039.08,103000.96,23.48062,,103.79278677595423
2025-05-17 10:30:00+00:00,103002.09,102990.56,103027.55,102950.0,64.60484,,101.91830200624341
2025-05-17 10:35:00+00:00,102990.57,102862.6,102995.77,102840.73,44.14555,,105.71270900579803
2025-05-17 10:40:00+00:00,102862.6,102849.45,102877.37,102822.64,69.75778,,102.07108693395503
2025-05-17 10:45:00+00:00,102849.45,102878.41,102904.77,102841.79,21.58115,,99.27886643867328
2025-05-17 10:50:00+00:00,102878.42,102869.71,102955.36,102860.0,13.47753,,98.99894740733951
2025-05-17 10:55:00+00:00,102869.71,102873.74,102874.0,102852.26,13.08021,,93.48045116395849
2025-05-17 11:00:00+00:00,102873.74,102840.01,102943.98,102840.0,18.52317,,94.23041893796118
2025-05-17 11:05:00+00:00,102840.01,102772.01,102840.01,102770.82,29.05796,,92.4418175852488
2025-05-17 11:10:00+00:00,102772.01,102767.25,102772.02,102767.24,14.27684,,86.18025918630237
2025-05-17 11:15:00+00:00,102767.24,102753.67,102822.96,102753.67,20.29505,,84.97381210156706
2025-05-17 11:20:00+00:00,102753.68,102777.68,102838.37,102753.67,42.37027,,84.95425409431206
2025-05-17 11:25:00+00:00,102777.68,102807.25,102862.57,102771.41,38.22931,,85.3975216590043
2025-05-17 11:30:00+00:00,102807.25,102923.6,102923.61,102802.97,33.13374,,87.91484154050396
2025-05-17 11:35:00+00:00,102923.6,103007.37,103007.37,102901.11,65.20954,,89.22521000189616
2025-05-17 11:40:00+00:00,103007.37,103000.77,103009.1,102981.6,13.54734,,84.81626643033215
2025-05-17 11:45:00+00:00,103000.78,103043.91,103085.38,103000.77,33.49369,,84.8015331138799
2025-05-17 11:50:00+00:00,103043.9,103049.01,103099.84,103043.9,55.13778,,82.73999503431722
2025-05-17 11:55:00+00:00,103049.01,102994.17,103049.02,102968.25,11.74552,,82.59928110329486
2025-05-17 12:00:00+00:00,102994.18,102984.95,103066.43,102954.47,24.67022,,84.69647531020178
2025-05-17 12:05:00+00:00,102984.96,102956.52,103000.0,102930.68,30.86933,,83.59815564518786
2025-05-17 12:10:00+00:00,102956.51,102916.64,103057.26,102908.76,50.51473,,88.23400167053158
2025-05-17 12:15:00+00:00,102916.64,103003.65,103023.31,102892.38,22.14666,,91.28371583692169
2025-05-17 12:20:00+00:00,103003.65,103018.04,103031.75,102921.2,25.70434,,92.65987899142749
2025-05-17 12:25:00+00:00,103018.04,102993.16,103018.05,102937.05,17.55956,,91.82703049203981
2025-05-17 12:30:00+00:00,102993.16,103016.59,103026.0,102931.25,26.40114,,92.03581402832268
2025-05-17 12:35:00+00:00,103016.59,102986.44,103020.0,102968.25,18.1974,,89.1582558834425
2025-05-17 12:40:00+00:00,102986.44,102979.47,102986.44,102921.35,19.5082,,87.43909474891063
2025-05-17 12:45:00+00:00,102979.47,102928.23,102979.48,102924.25,13.24521,,85.13844512398815
2025-05-17 12:50:00+00:00,102928.22,102900.01,102974.94,102900.0,21.64596,,84.40998475798916
2025-05-17 12:55:00+00:00,102900.01,102927.57,102940.97,102900.0,16.98702,,81.30712870384717
2025-05-17 13:00:00+00:00,102927.58,102898.0,102960.28,102852.45,21.80846,,83.20161951071535
2025-05-17 13:05:00+00:00,102898.0,102837.99,102898.01,102820.0,30.83624,,82.83078954566388
2025-05-17 13:10:00+00:00,102837.99,103070.08,103082.14,102837.99,125.83952,,94.35359029240176
2025-05-17 13:15:00+00:00,103070.08,103020.03,103103.47,103020.03,24.49028,,93.57404812865896
2025-05-17 13:20:00+00:00,103020.03,102883.54,103020.04,102878.52,33.28307,,96.99875897661114
2025-05-17 13:25:00+00:00,102883.54,102932.35,102932.36,102869.56,21.15372,,94.55599047828198
2025-05-17 13:30:00+00:00,102932.35,102876.58,102951.47,102869.56,19.68593,True,93.65270544411923
2025-05-17 13:35:00+00:00,102876.59,102845.57,102895.04,102809.83,19.41895,True,93.04965505525298
2025-05-17 13:40:00+00:00,102845.57,102804.39,102869.57,102791.32,22.52097,True,91.99253683702064
2025-05-17 13:45:00+00:00,102804.4,102719.99,102804.4,102690.83,68.87069,True,93.53378420580434
2025-05-17 13:50:00+00:00,102720.0,102748.61,102774.3,102683.45,26.28878,True,93.34208533396158
2025-05-17 13:55:00+00:00,102748.61,102713.34,102768.43,102640.02,32.51608,True,95.84693638153496
2025-05-17 14:00:00+00:00,102713.33,102808.45,102833.21,102707.72,30.17776,True,97.96429806856854
2025-05-17 14:05:00+00:00,102808.46,102878.95,102878.96,102782.6,34.58179,True,97.8497053493851
2025-05-17 14:10:00+00:00,102878.95,102919.93,102919.94,102811.0,14.24269,True,98.64186925300062
2025-05-17 14:15:00+00:00,102919.93,102967.58,102967.59,102896.11,16.19227,True,96.70173573492886
2025-05-17 14:20:00+00:00,102967.59,102975.73,102975.74,102914.21,13.36296,True,94.18946889671956
2025-05-17 14:25:00+00:00,102975.73,103027.41,103045.44,102952.38,27.7707,True,94.10879254695371
2025-05-17 14:30:00+00:00,103027.41,103070.0,103089.3,103000.0,23.06362,True,93.76530736502865
2025-05-17 14:35:00+00:00,103069.99,103046.8,103070.0,102979.06,17.9764,True,93.5634996960982
2025-05-17 14:40:00+00:00,103046.8,103050.33,103086.96,103044.83,18.12809,True,89.88967828923437
2025-05-17 14:45:00+00:00,103050.33,103086.95,103158.23,103050.33,37.51699,True,91.17612984000291
2025-05-17 14:50:00+00:00,103086.96,103169.28,103171.63,103086.95,31.47167,True,90.71212056571754
2025-05-17 14:55:00+00:00,103169.27,103124.8,103180.0,103120.85,17.1595,True,88.45768338245159
2025-05-17 15:00:00+00:00,103124.8,103062.53,103156.8,103050.5,17.34432,True,89.73213456941956
2025-05-17 15:05:00+00:00,103062.53,103004.75,103083.5,103000.0,18.10473,True,89.28698210017531
2025-05-17 15:10:00+00:00,103004.75,103073.6,103073.61,103004.74,13.82159,True,87.82862623587674
2025-05-17 15:15:00+00:00,103073.6,103179.5,103179.51,102973.31,39.10819,True,96.28372436188533
2025-05-17 15:20:00+00:00,103179.5,103119.32,103179.51,103089.8,24.28561,True,95.81417262175009
2025-05-17 15:25:00+00:00,103119.32,103091.49,103133.3,103046.05,32.23196,True,95.2024460059108
2025-05-17 15:30:00+00:00,103091.49,103069.15,103110.49,103060.0,25.13231,True,92.00869986263183
2025-05-17 15:35:00+00:00,103069.15,103109.31,103109.32,103062.48,17.80906,True,88.78236415815891
2025-05-17 15:40:00+00:00,103109.31,103056.92,103109.32,103056.92,13.18505,True,86.18362386114818
2025-05-17 15:45:00+00:00,103056.92,102992.08,103056.93,102987.86,17.00569,True,84.9612221567799
2025-05-17 15:50:00+00:00,102992.08,102939.99,102992.08,102936.0,24.10607,True,82.89827771701003
2025-05-17 15:55:00+00:00,102939.99,102939.53,102955.86,102939.51,14.72587,True,78.14482930865259
2025-05-17 16:00:00+00:00,102939.52,102999.99,103000.0,102909.06,24.12206,True,79.05877007232041
2025-05-17 16:05:00+00:00,103000.0,103043.38,103043.39,102999.99,20.71811,True,76.51171506715426
2025-05-17 16:10:00+00:00,103043.38,102962.59,103043.39,102956.0,29.62426,True,77.28873541950033
2025-05-17 16:15:00+00:00,102962.58,102973.49,102993.14,102913.04,28.53629,True,77.48954003239358
2025-05-17 16:20:00+00:00,102973.48,103086.95,103106.07,102924.68,36.11002,True,84.91100145865218
2025-05-17 16:25:00+00:00,103086.95,103000.0,103095.24,102992.3,15.44208,True,86.19878706874862
2025-05-17 16:30:00+00:00,103000.0,102891.96,103009.68,102878.0,28.09875,True,89.44744513526608
2025-05-17 16:35:00+00:00,102891.96,102773.93,102891.96,102764.0,69.24092,True,92.19834191131896
2025-05-17 16:40:00+00:00,102773.94,102878.94,102878.94,102773.93,27.30071,True,93.11346034622542
2025-05-17 16:45:00+00:00,102878.93,102775.64,102878.94,102761.9,22.24302,True,94.82249889292419
2025-05-17 16:50:00+00:00,102775.64,102885.86,102885.86,102775.63,23.28616,True,95.92303468628646
2025-05-17 16:55:00+00:00,102885.86,102938.32,102938.32,102862.41,19.75101,True,94.49353220869482
2025-05-17 17:00:00+00:00,102938.32,103040.0,103076.92,102928.8,25.33286,True,98.32399419378771
2025-05-17 17:05:00+00:00,103040.0,103125.55,103155.02,103040.0,40.92629,True,99.51656603708888
2025-05-17 17:10:00+00:00,103125.55,103130.44,103171.64,103125.55,14.74012,True,95.70038274872513
2025-05-17 17:15:00+00:00,103130.44,103106.09,103130.45,103040.0,17.87386,True,95.32535540953027
2025-05-17 17:20:00+00:00,103106.1,103148.01,103200.0,103095.23,25.32401,True,95.9999728802784
2025-05-17 17:25:00+00:00,103148.01,103229.7,103258.98,103148.01,76.33353,True,97.06926053168718
2025-05-17 17:30:00+00:00,103229.7,103239.99,103279.95,103168.01,28.71564,True,98.1314562079954
2025-05-17 17:35:00+00:00,103239.99,103260.86,103260.86,103197.81,11.40613,True,95.62563790742452
2025-05-17 17:40:00+00:00,103260.87,103200.15,103292.88,103200.14,20.52743,True,95.41952091403743
2025-05-17 17:45:00+00:00,103200.14,103181.22,103217.4,103181.22,7.66042,True,91.18812656303427
2025-05-17 17:50:00+00:00,103181.22,103149.12,103219.25,103136.0,32.70184,True,90.62111752281753
2025-05-17 17:55:00+00:00,103149.12,103130.43,103160.8,103130.43,10.66035,True,86.31746627118841
2025-05-17 18:00:00+00:00,103130.43,103177.08,103186.22,103103.24,7.81296,True,86.07907582324609
2025-05-17 18:05:00+00:00,103177.08,103147.09,103202.28,103140.0,15.52181,True,84.3791418358713
2025-05-17 18:10:00+00:00,103147.08,103219.38,103350.0,103085.31,165.88792,True,97.25848884759493
2025-05-17 18:15:00+00:00,103219.38,103217.46,103278.02,103047.1,55.44301,True,106.80573964419516
2025-05-17 18:20:00+00:00,103217.46,103186.3,103256.22,103173.91,15.5463,True,105.05604395532391
2025-05-17 18:25:00+00:00,103186.3,103201.37,103212.96,103126.06,15.4573,True,103.75918367280141
2025-05-17 18:30:00+00:00,103201.36,103039.65,103201.37,102999.99,42.18903,True,110.73209912474347
2025-05-17 18:35:00+00:00,103039.66,103070.01,103097.79,103036.61,20.08654,True,107.19266347297558
2025-05-17 18:40:00+00:00,103070.01,103082.0,103086.99,103043.47,8.55168,True,102.64461608204905
2025-05-17 18:45:00+00:00,103082.01,103037.27,103082.01,103011.08,7.98913,True,100.3792863619022
2025-05-17 18:50:00+00:00,103037.27,102993.96,103047.74,102990.26,10.7365,True,97.31505162176708
2025-05-17 18:55:00+00:00,102993.96,102987.2,103004.21,102956.52,22.37758,True,93.77040507735532
2025-05-17 19:00:00+00:00,102987.21,102969.62,102987.21,102928.3,10.86276,True,91.28037614325876
2025-05-17 19:05:00+00:00,102969.62,103052.05,103052.05,102969.62,9.44597,True,90.64820641874083
2025-05-17 19:10:00+00:00,103052.04,103086.95,103086.96,103038.37,13.51433,True,87.64404881740299
2025-05-17 19:15:00+00:00,103086.95,103084.15,103086.96,103064.94,15.78534,True,82.95661675901735
2025-05-17 19:20:00+00:00,103084.16,103104.65,103106.41,103070.01,15.31103,True,79.63114413337387
2025-05-17 19:25:00+00:00,103104.64,103047.99,103104.65,103047.99,43.87192,True,77.99034812384637
2025-05-17 19:30:00+00:00,103048.0,103086.47,103117.3,103011.38,28.58895,True,79.98532325785722
2025-05-17 19:35:00+00:00,103086.47,103113.0,103139.7,103060.07,22.26903,True,79.95994302515241
2025-05-17 19:40:00+00:00,103113.0,103189.95,103189.96,103094.69,26.25708,True,81.05351852335609
2025-05-17 19:45:00+00:00,103189.96,103145.46,103194.56,103130.43,27.10028,True,79.84469577168814
2025-05-17 19:50:00+00:00,103145.45,103159.66,103169.98,103127.56,10.9271,True,77.17150321656743
2025-05-17 19:55:00+00:00,103159.66,103158.6,103204.07,103142.85,19.75748,True,76.03211012966985
2025-05-17 20:00:00+00:00,103158.6,103166.86,103204.07,103144.23,15.3923,True,74.87553083469422
2025-05-17 20:05:00+00:00,103166.86,103142.85,103181.2,103081.71,23.77903,,76.63370720364398
2025-05-17 20:10:00+00:00,103142.86,103098.04,103142.86,103086.95,33.66881,,75.15344240338393
2025-05-17 20:15:00+00:00,103098.04,103137.79,103186.56,103086.95,37.92681,,76.90033937457085
2025-05-17 20:20:00+00:00,103137.79,103132.76,103178.74,103117.51,30.83775,,75.78102941924512
2025-05-17 20:25:00+00:00,103132.76,103173.92,103173.92,103098.13,18.67219,,75.78167017501288
2025-05-17 20:30:00+00:00,103173.92,103208.0,103213.09,103173.92,8.19316,,73.16655087679753
2025-05-17 20:35:00+00:00,103208.0,103210.95,103230.76,103180.38,16.0853,,71.53894009988271
2025-05-17 20:40:00+00:00,103210.95,103231.41,103238.1,103210.95,7.60102,,68.36830152132028
2025-05-17 20:45:00+00:00,103231.41,103229.73,103231.41,103201.02,12.71121,,65.65556569836879
2025-05-17 20:50:00+00:00,103229.72,103406.75,103422.71,103229.72,45.50924,,74.75088243419997
2025-05-17 20:55:00+00:00,103406.76,103372.04,103433.78,103371.3,35.63542,,73.87439083175683
2025-05-17 21:00:00+00:00,103372.03,103326.17,103410.04,103286.03,16.61804,,77.45550577234523
2025-05-17 21:05:00+00:00,103326.17,103319.87,103477.87,103304.34,51.95344,,84.31796964574906
2025-05-17 21:10:00+00:00,103319.87,103402.44,103416.0,103305.49,31.72765,,86.18882895676661
2025-05-17 21:15:00+00:00,103402.45,103264.99,103411.98,103264.99,94.09725,,90.53176974556834
2025-05-17 21:20:00+00:00,103265.0,103241.29,103302.41,103203.44,182.03192,,91.13450047802783
2025-05-17 21:25:00+00:00,103241.29,103199.91,103241.29,103167.16,151.49561,,89.91989330102514
2025-05-17 21:30:00+00:00,103199.91,103243.77,103304.35,103199.91,102.13151,,90.9570437795235
2025-05-17 21:35:00+00:00,103243.78,103220.0,103298.27,103142.88,70.06011,,95.55939779527179
2025-05-17 21:40:00+00:00,103220.0,103220.41,103284.95,103141.58,52.80246,,98.9744408098949
2025-05-17 21:45:00+00:00,103220.4,103277.14,103300.0,103121.62,112.69129,,104.64626646633131
2025-05-17 21:50:00+00:00,103277.13,103228.81,103293.67,103213.54,42.61427,,102.8951045758794
2025-05-17 21:55:00+00:00,103228.82,103243.69,103252.92,103190.85,14.25809,,99.97902567760175
2025-05-17 22:00:00+00:00,103243.68,103197.29,103243.68,103182.95,24.49687,,97.176238129202
2025-05-17 22:05:00+00:00,103197.29,103000.0,103210.0,103000.0,54.58207,,105.23507826283044
2025-05-17 22:10:00+00:00,103000.01,103000.68,103023.75,102923.03,86.40481,,104.91257267262836
2025-05-17 22:15:00+00:00,103000.68,102980.69,103013.11,102940.0,35.93768,,102.64096033886923
2025-05-17 22:20:00+00:00,102980.68,103000.0,103020.0,102943.18,17.43817,,100.79660602895049
2025-05-17 22:25:00+00:00,103000.0,102934.19,103000.01,102934.19,22.40679,,98.29827702688206
2025-05-17 22:30:00+00:00,102934.19,102987.99,102988.0,102900.72,42.90249,,97.51125723924756
2025-05-17 22:35:00+00:00,102987.99,103038.77,103050.0,102980.01,33.49304,,95.54545315073025
2025-05-17 22:40:00+00:00,103038.77,103019.25,103050.0,103004.54,23.14293,,91.9679207828214
2025-05-17 22:45:00+00:00,103019.25,103013.15,103043.43,103000.0,18.13738,,88.5009264411908
2025-05-17 22:50:00+00:00,103013.14,103043.15,103043.48,103000.79,11.24445,,85.22871740967733
2025-05-17 22:55:00+00:00,103043.14,103031.03,103100.0,103021.89,32.75138,,84.72023759470042
2025-05-17 23:00:00+00:00,103031.03,103044.19,103072.93,103000.0,25.70311,,83.87807776650705
2025-05-17 23:05:00+00:00,103044.19,103120.68,103120.69,102950.23,16.77677,,90.06250078318557
2025-05-17 23:10:00+00:00,103120.69,103159.83,103165.81,103086.95,17.2685,,89.26232215581521
2025-05-17 23:15:00+00:00,103159.83,103114.17,103159.84,103095.64,20.49538,,87.47215628754249
2025-05-17 23:20:00+00:00,103114.17,103133.58,103172.8,103102.25,9.80027,,86.26343083843253
2025-05-17 23:25:00+00:00,103133.59,103162.95,103200.0,103109.16,12.99054,,86.5903286356871
2025-05-17 23:30:00+00:00,103162.95,103171.54,103171.57,103140.27,12.5433,,82.64101944742394
2025-05-17 23:35:00+00:00,103171.54,103175.21,103175.21,103120.77,8.3019,,80.62666091546525
2025-05-17 23:40:00+00:00,103175.21,103152.46,103212.0,103152.45,12.54745,,79.12118513578936
2025-05-17 23:45:00+00:00,103152.45,103201.38,103201.39,103152.45,16.43063,,76.96538619751887
2025-05-17 23:50:00+00:00,103201.39,103180.63,103201.39,103180.63,8.96043,,72.95071575483857
2025-05-17 23:55:00+00:00,103180.63,103126.65,103180.63,103107.7,18.9437,,72.94923605806493
2025-05-18 00:00:00+00:00,103126.65,103217.4,103217.4,103105.33,33.82943,,75.74357633963119
2025-05-18 00:05:00+00:00,103217.39,103167.89,103227.99,103137.3,21.45558,,76.81117802965771
2025-05-18 00:10:00+00:00,103167.89,103217.39,103217.4,103130.43,18.53674,,77.53680817039653
2025-05-18 00:15:00+00:00,103217.39,103246.66,103318.36,103217.39,31.62182,,79.21060758679687
2025-05-18 00:20:00+00:00,103246.66,103212.93,103246.67,103105.09,33.39263,,83.66556418774007
2025-05-18 00:25:00+00:00,103212.94,103260.87,103260.87,103212.93,19.05433,,81.11373817433024
2025-05-18 00:30:00+00:00,103260.87,103199.19,103260.87,103199.18,15.48611,,79.72632830473539
2025-05-18 00:35:00+00:00,103199.18,103260.86,103333.34,103177.0,24.66353,,85.19873342582547
2025-05-18 00:40:00+00:00,103260.86,103273.75,103311.74,103231.91,17.06001,,84.81525246683806
2025-05-18 00:45:00+00:00,103273.76,103291.55,103304.35,103261.44,13.47929,,81.82202014777845
2025-05-18 00:50:00+00:00,103291.54,103338.02,103409.98,103291.54,38.04783,,84.437590137223
2025-05-18 00:55:00+00:00,103338.01,103382.8,103393.22,103338.01,38.26093,,82.34990512742182
2025-05-18 01:00:00+00:00,103382.81,103323.97,103405.12,103293.01,28.51366,,84.47562618974887
2025-05-18 01:05:00+00:00,103323.97,103299.99,103329.63,103276.45,11.31468,,82.24022431905306
2025-05-18 01:10:00+00:00,103299.99,103279.05,103304.35,103250.0,12.89955,,80.2480654391211
2025-05-18 01:15:00+00:00,103279.05,103286.46,103291.68,103257.0,8.84929,,76.99320362204053
2025-05-18 01:20:00+00:00,103286.46,103326.73,103326.73,103286.46,7.19704,,74.37011764903689
2025-05-18 01:25:00+00:00,103326.72,103220.25,103326.72,103200.0,23.06722,,78.11010924553396
2025-05-18 01:30:00+00:00,103220.25,103267.92,103267.93,103205.55,10.16201,,76.9865300137094
2025-05-18 01:35:00+00:00,103267.92,103250.8,103267.92,103245.41,9.02701,,73.09534929844406
2025-05-18 01:40:00+00:00,103250.81,103178.06,103250.81,103178.05,12.33116,,73.07139577712626
2025-05-18 01:45:00+00:00,103178.06,103239.31,103239.32,103134.49,32.02177,,75.33986750733165
2025-05-18 01:50:00+00:00,103239.31,103259.83,103259.84,103204.26,12.92564,,73.92844839966521
2025-05-18 01:55:00+00:00,103259.84,103251.49,103299.33,103236.0,14.25872,,73.17141637111783
2025-05-18 02:00:00+00:00,103251.49,103275.73,103299.33,103240.69,10.25195,,72.13345805889509
2025-05-18 02:05:00+00:00,103275.74,103284.46,103285.25,103260.0,18.7004,,68.78463962611686
2025-05-18 02:10:00+00:00,103284.46,103319.99,103320.0,103284.46,4.8288,,66.4100225099652
2025-05-18 02:15:00+00:00,103319.99,103314.65,103320.0,103308.48,12.59795,,62.489306616396554
2025-05-18 02:20:00+00:00,103314.65,103282.01,103324.0,103282.0,13.92528,,61.02578471522537
2025-05-18 02:25:00+00:00,103282.0,103292.12,103296.05,103282.0,9.28293,,57.67037152128091
2025-05-18 02:30:00+00:00,103292.12,103302.96,103304.35,103288.0,21.32881,,54.718916412618405
2025-05-18 02:35:00+00:00,103302.96,103269.61,103302.96,103260.86,9.42542,,53.817565240288936
2025-05-18 02:40:00+00:00,103269.61,103291.23,103297.3,103269.6,8.53537,,51.952024865982374
2025-05-18 02:45:00+00:00,103291.23,103324.75,103324.75,103291.23,9.97797,,50.63545166126964
2025-05-18 02:50:00+00:00,103324.74,103333.46,103345.0,103324.74,12.6287,,48.46577654260715
2025-05-18 02:55:00+00:00,103333.46,103346.7,103360.01,103333.45,48.00277,,46.90107821813505
2025-05-18 03:00:00+00:00,103346.7,103379.99,103380.0,103346.7,9.27049,,45.92957263112561
2025-05-18 03:05:00+00:00,103380.0,103249.29,103390.45,103212.59,88.75246,,55.353174586045256
2025-05-18 03:10:00+00:00,103249.3,103228.69,103260.87,103226.48,15.90972,,53.85580497275627
2025-05-18 03:15:00+00:00,103228.69,103190.47,103228.69,103181.72,15.49527,,53.363961760416615
2025-05-18 03:20:00+00:00,103190.47,103185.27,103190.48,103159.94,14.47858,,51.733678777529256
2025-05-18 03:25:00+00:00,103185.27,103140.32,103195.6,103140.32,15.45285,,51.98698743627708
2025-05-18 03:30:00+00:00,103140.32,103279.97,103312.0,103140.32,36.46768,,60.53648833368537
2025-05-18 03:35:00+00:00,103279.97,103301.16,103317.17,103279.97,10.64034,,58.869596309850486
2025-05-18 03:40:00+00:00,103301.16,103301.15,103301.17,103301.14,19.08529,,54.66676800200394
2025-05-18 03:45:00+00:00,103301.15,103300.24,103304.35,103300.23,7.61642,,51.056284573290085
2025-05-18 03:50:00+00:00,103300.23,103260.86,103300.24,103260.86,6.35001,,50.222264246626835
2025-05-18 03:55:00+00:00,103260.86,103295.7,103295.71,103260.86,7.50376,,49.12424537186819
2025-05-18 04:00:00+00:00,103295.7,103299.18,103299.18,103295.69,5.08475,,45.864656416734086
2025-05-18 04:05:00+00:00,103299.17,103318.3,103318.3,103299.17,3.75677,,43.955038101253415
2025-05-18 04:10:00+00:00,103318.3,103307.63,103318.3,103307.63,17.09551,,41.57753537973519
2025-05-18 04:15:00+00:00,103307.63,103308.62,103308.62,103307.63,7.63614,,38.678425709753434
2025-05-18 04:20:00+00:00,103308.61,103308.61,103308.62,103308.61,3.00388,,35.91639530191353
2025-05-18 04:25:00+00:00,103308.61,103308.6,103308.62,103308.6,4.34382,,33.35236706606182
2025-05-18 04:30:00+00:00,103308.6,103390.83,103390.83,103308.6,15.11245,,36.84362656134282
2025-05-18 04:35:00+00:00,103390.82,103428.57,103428.58,103390.82,20.40498,,36.90908180696082
2025-05-18 04:40:00+00:00,103428.57,103414.32,103428.58,103414.31,17.32126,,35.29200453503534
2025-05-18 04:45:00+00:00,103414.32,103429.2,103433.78,103414.31,11.22263,,34.16186135396147
2025-05-18 04:50:00+00:00,103429.19,103328.52,103429.2,103328.52,32.69414,,38.91315697153515
2025-05-18 04:55:00+00:00,103328.52,103355.01,103355.02,103311.69,10.76671,,39.22864575928276
2025-05-18 05:00:00+00:00,103355.01,103412.84,103412.85,103355.01,10.27043,,40.55802820504908
2025-05-18 05:05:00+00:00,103412.84,103425.19,103429.67,103412.84,20.22182,,38.863169047545696
2025-05-18 05:10:00+00:00,103425.19,103413.49,103425.2,103413.49,28.02278,,36.92365697272042
2025-05-18 05:15:00+00:00,103413.49,103445.65,103445.65,103413.49,19.56162,,36.58339576038246
2025-05-18 05:20:00+00:00,103445.65,103431.0,103480.0,103431.0,50.63076,,37.47029606321228
2025-05-18 05:25:00+00:00,103431.0,103445.73,103445.74,103431.0,18.44882,,35.84670348726892
2025-05-18 05:30:00+00:00,103445.74,103436.45,103467.78,103436.45,25.71256,,35.524081809606976
2025-05-18 05:35:00+00:00,103436.45,103484.5,103503.31,103420.15,49.46591,,38.9266473946353
2025-05-18 05:40:00+00:00,103484.5,103490.64,103490.65,103481.73,20.37135,,36.78331543787551
2025-05-18 05:45:00+00:00,103490.64,103608.81,103617.57,103490.64,42.60288,,43.22236433517066
2025-05-18 05:50:00+00:00,103608.8,103631.5,103665.01,103578.22,100.87518,,46.33433831122944
2025-05-18 05:55:00+00:00,103631.5,103648.2,103685.03,103631.5,44.01444,,46.84831414614154
2025-05-18 06:00:00+00:00,103648.2,103652.17,103679.02,103621.02,40.78014,,47.644863135702856
2025-05-18 06:05:00+00:00,103652.17,103608.69,103652.18,103608.69,28.73172,,47.3480871974377
2025-05-18 06:10:00+00:00,103608.69,103605.79,103608.7,103553.13,38.2554,,47.935366683334465
2025-05-18 06:15:00+00:00,103605.78,103581.3,103630.46,103581.3,25.45909,,48.02284049166797
2025-05-18 06:20:00+00:00,103581.31,103560.7,103581.31,103551.7,23.87365,,46.70763759940602
2025-05-18 06:25:00+00:00,103560.7,103509.99,103560.71,103492.64,44.3801,,48.23352062802037
2025-05-18 06:30:00+00:00,103509.99,103379.8,103510.0,103368.36,63.46724,,54.90541201173316
2025-05-18 06:35:00+00:00,103379.81,103401.87,103418.39,103379.8,18.4473,,53.74002543946626
2025-05-18 06:40:00+00:00,103401.87,103478.26,103479.71,103401.87,17.0215,,55.46145219379088
2025-05-18 06:45:00+00:00,103478.26,103428.57,103478.27,103411.27,23.53126,,56.28563417994867
2025-05-18 06:50:00+00:00,103428.57,103405.99,103428.58,103380.2,22.66495,,55.72094602423839
2025-05-18 06:55:00+00:00,103405.99,103476.19,103476.2,103405.99,27.30497,,56.75587845107792
2025-05-18 07:00:00+00:00,103476.2,103465.5,103485.25,103443.45,28.45736,,55.68760141885827
2025-05-18 07:05:00+00:00,103465.49,103463.74,103490.8,103456.08,18.13206,,54.18991560322562
2025-05-18 07:10:00+00:00,103463.74,103529.19,103529.2,103463.74,12.32684,,54.994921631566065
2025-05-18 07:15:00+00:00,103529.19,103563.99,103564.0,103529.19,14.77085,,53.553141515025466
2025-05-18 07:20:00+00:00,103563.99,103594.11,103600.0,103558.01,17.34021,,52.72720283538116
2025-05-18 07:25:00+00:00,103594.11,103599.42,103599.43,103594.11,7.66402,,49.34097406142483
2025-05-18 07:30:00+00:00,103599.42,103575.98,103599.43,103560.72,17.88951,,48.581618771322475
2025-05-18 07:35:00+00:00,103575.97,103579.99,103580.0,103548.15,11.41828,,47.38650314479986
2025-05-18 07:40:00+00:00,103579.99,103621.58,103621.59,103552.17,18.69416,,48.96032434874261
2025-05-18 07:45:00+00:00,103621.58,103607.55,103638.32,103601.66,46.23416,,48.0817297524041
2025-05-18 07:50:00+00:00,103607.55,103840.04,103890.37,103607.55,141.88342,,64.84874905580327
2025-05-18 07:55:00+00:00,103840.04,103919.39,103988.0,103830.7,127.31095,,71.45240983753182
2025-05-18 08:00:00+00:00,103919.39,103930.26,104040.76,103919.38,139.05238,,75.01866627770741
2025-05-18 08:05:00+00:00,103930.25,104036.0,104088.2,103930.25,88.57009,,80.94233297215668
2025-05-18 08:10:00+00:00,104036.0,103902.07,104041.91,103879.64,82.91535,,86.75145204557434
2025-05-18 08:15:00+00:00,103902.07,103876.91,103917.55,103819.43,91.76617,,87.56349118517687
2025-05-18 08:20:00+00:00,103876.91,103995.67,104005.88,103827.95,83.93797,,94.01824181480764
2025-05-18 08:25:00+00:00,103995.67,103979.4,104000.0,103925.95,33.99424,,92.59193882803586
2025-05-18 08:30:00+00:00,103979.39,103970.97,103988.36,103869.92,43.60661,,94.43822891174776
2025-05-18 08:35:00+00:00,103970.97,103900.01,103970.97,103900.0,18.14254,,92.76192684662301
2025-05-18 08:40:00+00:00,103900.01,103862.74,103909.96,103855.02,34.69766,,90.06036064329297
2025-05-18 08:45:00+00:00,103862.74,103939.49,103939.5,103862.74,28.44305,,89.11033488305738
2025-05-18 08:50:00+00:00,103939.5,103944.91,103979.99,103939.49,23.83149,,85.63816810569612
2025-05-18 08:55:00+00:00,103944.91,103912.82,103944.91,103912.82,10.63783,,81.81329895528901
2025-05-18 09:00:00+00:00,103912.82,103987.29,103987.29,103912.82,37.05351,,81.28877760133885
2025-05-18 09:05:00+00:00,103987.29,103970.01,103998.0,103970.0,36.9901,,77.48243634410036
2025-05-18 09:10:00+00:00,103970.01,103999.99,103999.99,103970.01,52.73247,,74.08940517666538
2025-05-18 09:15:00+00:00,103999.99,103957.6,104000.0,103923.56,35.90648,,74.25730480690375
2025-05-18 09:20:00+00:00,103957.6,103911.56,104022.0,103906.28,41.34205,,77.21892589212499
2025-05-18 09:25:00+00:00,103911.56,103968.88,103975.17,103911.55,23.47076,,76.24757404268715
2025-05-18 09:30:00+00:00,103968.87,103976.01,103978.32,103953.57,15.19678,,72.56917589678092
2025-05-18 09:35:00+00:00,103976.01,103996.82,103996.82,103955.58,15.95337,,70.3313776184398
2025-05-18 09:40:00+00:00,103996.82,103860.57,103996.82,103860.21,34.99776,,75.06556493140842
2025-05-18 09:45:00+00:00,103860.58,103873.0,103882.79,103860.57,20.88149,,71.29088172202115
2025-05-18 09:50:00+00:00,103872.99,103859.01,103886.0,103859.01,17.62656,,68.12653302759145
2025-05-18 09:55:00+00:00,103859.02,103868.48,103868.49,103845.23,20.08488,,64.92178066847843
2025-05-18 10:00:00+00:00,103868.48,103900.0,103900.0,103864.42,23.59956,,62.82593919215867
2025-05-18 10:05:00+00:00,103900.0,103866.26,103900.0,103866.25,14.8398,,60.749086392718766
2025-05-18 10:10:00+00:00,103866.26,103919.9,103919.9,103866.25,22.75501,,60.24200879323843
2025-05-18 10:15:00+00:00,103919.89,103899.14,103935.4,103888.95,33.75506,,59.25686530800691
2025-05-18 10:20:00+00:00,103899.15,103860.2,103899.15,103860.2,15.48232,,57.80637492886335
2025-05-18 10:25:00+00:00,103860.2,103806.69,103860.21,103806.68,11.2886,,57.50091957680264
2025-05-18 10:30:00+00:00,103806.68,103835.53,103835.95,103800.0,41.00863,,55.96156817845939
2025-05-18 10:35:00+00:00,103835.54,103842.63,103842.63,103826.28,15.87243,,53.13217045142699
2025-05-18 10:40:00+00:00,103842.62,103833.74,103851.1,103833.74,14.53023,,50.577015419182246
2025-05-18 10:45:00+00:00,103833.75,103836.01,103845.84,103833.74,33.45885,,47.82865717495432
2025-05-18 10:50:00+00:00,103836.01,103856.81,103856.81,103836.01,13.85258,,45.89803880531493
2025-05-18 10:55:00+00:00,103856.81,103856.81,103856.81,103837.74,20.94288,,43.98175031922047
2025-05-18 11:00:00+00:00,103856.8,103896.0,103899.68,103848.86,24.45183,,44.47019672498989
2025-05-18 11:05:00+00:00,103896.0,103868.58,103896.01,103868.58,13.69061,,43.25303981606154
2025-05-18 11:10:00+00:00,103868.58,103853.69,103869.57,103850.04,35.36108,,41.5585369720581
2025-05-18 11:15:00+00:00,103853.69,103910.95,103919.53,103851.54,37.7381,,43.44649861691147
2025-05-18 11:20:00+00:00,103910.95,103906.81,103959.01,103906.81,23.47117,,44.07174871570329
2025-05-18 11:25:00+00:00,103906.81,103906.81,103906.82,103906.81,5.62436,,40.924480950296584
2025-05-18 11:30:00+00:00,103906.81,103935.8,103954.38,103906.81,25.98269,,41.399160882418755
2025-05-18 11:35:00+00:00,103935.8,103882.7,103998.98,103882.69,33.84989,,46.7485065336741
2025-05-18 11:40:00+00:00,103882.7,103835.0,103911.5,103835.0,20.60037,,48.87361320984024
2025-05-18 11:45:00+00:00,103835.0,103826.09,103844.34,103826.08,17.86317,,46.686926551994134
2025-05-18 11:50:00+00:00,103826.09,103810.35,103826.09,103800.0,25.3007,,45.21571751256573
2025-05-18 11:55:00+00:00,103810.34,103800.54,103812.32,103800.54,17.00472,,42.82745197595485
2025-05-18 12:00:00+00:00,103800.55,103800.0,103817.09,103800.0,50.17809,,40.98906254910069
2025-05-18 12:05:00+00:00,103800.0,103722.82,103800.01,103701.4,29.44591,,45.10484379559354
2025-05-18 12:10:00+00:00,103722.82,103754.32,103774.77,103722.82,21.52232,,45.59378352447951
2025-05-18 12:15:00+00:00,103754.32,103756.85,103774.0,103754.32,15.23035,,43.742798987016194
2025-05-18 12:20:00+00:00,103756.85,103835.78,103849.25,103756.84,24.4655,,47.219027630801
2025-05-18 12:25:00+00:00,103835.79,103865.78,103877.89,103835.78,19.71099,,46.85409708574383
2025-05-18 12:30:00+00:00,103865.79,103885.17,103904.67,103865.78,12.12697,,46.285233008190666
2025-05-18 12:35:00+00:00,103885.18,103885.17,103885.18,103885.17,5.24817,,42.979859221890955
2025-05-18 12:40:00+00:00,103885.18,103865.78,103885.18,103865.78,7.98175,,41.29558356318404
2025-05-18 12:45:00+00:00,103865.78,103900.0,103900.0,103865.78,15.66025,,40.7901847372424
2025-05-18 12:50:00+00:00,103900.0,103922.0,103926.74,103899.99,24.28888,,39.78731439886794
2025-05-18 12:55:00+00:00,103922.0,103939.65,103939.66,103922.0,16.99309,,38.206791941806195
2025-05-18 13:00:00+00:00,103939.65,103922.02,103951.01,103922.01,14.85155,,37.549163945962896
2025-05-18 13:05:00+00:00,103922.01,103900.02,103922.02,103900.02,8.76701,,36.438509378394116
2025-05-18 13:10:00+00:00,103900.02,103913.04,103913.05,103900.02,14.94474,,34.76647299422302
2025-05-18 13:15:00+00:00,103913.05,103902.01,103913.05,103902.01,11.03275,,33.071724923207675
2025-05-18 13:20:00+00:00,103902.01,103918.0,103932.7,103902.01,21.45652,,32.90160171440729
2025-05-18 13:25:00+00:00,103918.0,103902.02,103918.0,103902.01,11.1476,,31.693630163378575
2025-05-18 13:30:00+00:00,103902.01,103979.99,103980.0,103902.01,30.88848,True,35.00051372313762
2025-05-18 13:35:00+00:00,103980.0,104319.0,104326.56,103954.78,301.25261,True,59.056191314341994
2025-05-18 13:40:00+00:00,104318.99,104459.99,104530.0,104260.0,355.13599,True,74.12360622046042
2025-05-18 13:45:00+00:00,104460.0,104325.07,104464.53,104307.64,62.4335,True,80.03549149042749
2025-05-18 13:50:00+00:00,104325.07,104325.48,104375.31,104272.58,84.8296,True,81.65652781253951
2025-05-18 13:55:00+00:00,104325.47,104740.0,104800.0,104325.47,368.01335,True,109.71891868307232
2025-05-18 14:00:00+00:00,104740.0,104659.2,104855.92,104641.32,178.57701,True,117.21042449142367
2025-05-18 14:05:00+00:00,104659.2,104750.0,104750.0,104628.81,89.19204,True,117.49467988489357
2025-05-18 14:10:00+00:00,104749.99,104556.32,104750.0,104556.32,85.95163,True,122.93648846454354
2025-05-18 14:15:00+00:00,104556.32,104606.6,104632.21,104556.32,48.24369,True,119.57602500279039
2025-05-18 14:20:00+00:00,104606.61,104885.41,104885.57,104606.6,121.47491,True,130.9613089311626
2025-05-18 14:25:00+00:00,104885.41,104799.99,104910.0,104775.75,98.26182,True,131.19621543607954
2025-05-18 14:30:00+00:00,104799.99,104969.99,104970.0,104799.99,111.15659,True,133.96862861921633
2025-05-18 14:35:00+00:00,104969.99,105210.36,105250.0,104900.21,423.46886,True,149.3844408607004
2025-05-18 14:40:00+00:00,105210.36,105200.0,105244.18,105086.0,153.69603,True,150.0126950849356
2025-05-18 14:45:00+00:00,105199.99,105498.51,105500.0,105199.99,371.45061,True,160.72678829315413
2025-05-18 14:50:00+00:00,105498.51,105354.0,105548.0,105325.0,231.3466,True,165.1748748436431
2025-05-18 14:55:00+00:00,105354.0,105270.97,105400.0,105201.01,146.28504,True,167.59024092624037
2025-05-18 15:00:00+00:00,105270.98,105080.33,105334.09,104970.03,212.28449,True,181.62379514579447
2025-05-18 15:05:00+00:00,105080.33,105212.01,105222.0,104988.96,156.7928,True,185.2963812068087
2025-05-18 15:10:00+00:00,105212.0,105161.17,105212.0,105130.43,90.35824,True,177.88806826346533
2025-05-18 15:15:00+00:00,105161.16,105495.34,105527.25,105091.75,251.48322,True,196.28892053036066
2025-05-18 15:20:00+00:00,105495.35,105311.07,105538.3,105311.07,91.90829,True,198.49899763533463
2025-05-18 15:25:00+00:00,105311.07,105336.09,105400.0,105280.56,58.21951,True,192.85192637566803
2025-05-18 15:30:00+00:00,105336.08,105388.4,105388.4,105259.53,53.23847,True,188.2817887774057
2025-05-18 15:35:00+00:00,105388.39,105368.39,105388.4,105325.36,45.81114,True,179.33594672187627
2025-05-18 15:40:00+00:00,105368.39,105457.84,105476.2,105348.0,57.83593,True,175.6833790988849
2025-05-18 15:45:00+00:00,105457.83,105492.17,105492.17,105375.5,54.86075,True,171.46813773467872
2025-05-18 15:50:00+00:00,105492.16,105521.73,105680.0,105475.3,263.34378,True,173.84184218220145
2025-05-18 15:55:00+00:00,105521.73,105518.0,105528.22,105420.0,59.6564,True,169.1545677406157
2025-05-18 16:00:00+00:00,105518.0,105459.99,105644.59,105450.0,93.66612,True,170.97138433057148
2025-05-18 16:05:00+00:00,105460.0,105438.54,105473.41,105400.0,46.29438,True,164.00271402124523
2025-05-18 16:10:00+00:00,105438.54,105427.78,105643.9,105415.02,60.64736,True,168.63680587686986
2025-05-18 16:15:00+00:00,105427.78,105415.31,105532.46,105360.0,63.40541,True,168.9098911713796
2025-05-18 16:20:00+00:00,105415.32,105213.0,105447.39,105161.19,80.43062,True,177.2877560877094
2025-05-18 16:25:00+00:00,105213.01,105466.57,105477.6,105213.0,63.0866,True,183.52434493858772
2025-05-18 16:30:00+00:00,105466.58,105389.99,105523.81,105360.0,48.73683,True,182.11617744297413
2025-05-18 16:35:00+00:00,105389.99,105476.2,105476.2,105380.95,69.46298,True,175.9114504827617
2025-05-18 16:40:00+00:00,105476.2,105509.45,105521.74,105444.0,66.01937,True,168.89920401970767
2025-05-18 16:45:00+00:00,105509.45,105466.31,105661.23,105456.38,143.45258,True,171.46711801829935
2025-05-18 16:50:00+00:00,105466.31,105569.06,105579.63,105407.77,59.28846,True,171.4951810169923
2025-05-18 16:55:00+00:00,105569.06,105822.22,105980.0,105569.06,424.38499,True,188.59838237292158
2025-05-18 17:00:00+00:00,105822.22,105660.87,105832.4,105600.0,112.25881,True,191.7270693462839
2025-05-18 17:05:00+00:00,105660.88,105811.18,105900.0,105660.88,100.09736,True,195.11299296440683
2025-05-18 17:10:00+00:00,105811.18,105818.62,105869.57,105750.0,81.1986,True,189.71706489552113
2025-05-18 17:15:00+00:00,105818.63,105754.29,105871.41,105727.11,57.46421,True,186.47298883155554
2025-05-18 17:20:00+00:00,105754.3,105688.0,105754.3,105661.84,72.39067,True,179.75777534358775
2025-05-18 17:25:00+00:00,105687.99,105550.0,105717.68,105411.2,189.80628,True,188.80936281904548
2025-05-18 17:30:00+00:00,105550.0,105555.59,105696.99,105550.0,92.02977,True,185.82226547482833
2025-05-18 17:35:00+00:00,105555.59,105375.98,105555.6,105261.7,172.89311,True,193.54210365519836
2025-05-18 17:40:00+00:00,105375.98,105516.21,105647.05,105375.98,139.64798,True,199.0798105369704
2025-05-18 17:45:00+00:00,105516.22,105260.86,105520.0,105240.0,76.20429,True,204.85982407004394
2025-05-18 17:50:00+00:00,105260.87,105031.78,105324.24,105015.67,85.36961,True,212.267693779327
2025-05-18 17:55:00+00:00,105031.77,104836.67,105217.4,104836.66,102.85984,True,224.30142993794584
2025-05-18 18:00:00+00:00,104836.66,104351.03,104923.17,104351.02,298.14116,True,249.14775637094928
2025-05-18 18:05:00+00:00,104351.02,104150.65,104530.62,104060.0,275.99242,True,264.9672023444526
2025-05-18 18:10:00+00:00,104150.65,104317.41,104391.31,103988.0,207.60338,True,274.8488307484201
2025-05-18 18:15:00+00:00,104317.41,104161.55,104400.0,104059.78,128.60466,True,279.5181999806759
2025-05-18 18:20:00+00:00,104161.55,104522.56,104665.72,104120.8,140.61659,True,298.4754714106275
2025-05-18 18:25:00+00:00,104522.55,104685.38,104685.38,104464.44,66.41883,True,292.93722345272573
2025-05-18 18:30:00+00:00,104685.37,104650.0,104779.32,104565.21,159.75813,True,287.3067074918168
2025-05-18 18:35:00+00:00,104650.0,104589.99,104669.75,104520.0,150.4107,True,277.4812283852585
2025-05-18 18:40:00+00:00,104589.99,104585.88,104666.29,104550.0,140.36854,True,265.9675692148824
2025-05-18 18:45:00+00:00,104585.35,104522.63,104743.71,104478.89,143.10139,True,265.88559998524846
2025-05-18 18:50:00+00:00,104522.64,104576.49,104577.44,104412.92,39.5395,True,258.64519998630243
2025-05-18 18:55:00+00:00,104576.5,104498.0,104588.71,104357.03,68.71187,True,256.7191142729956
2025-05-18 19:00:00+00:00,104498.01,104542.08,104571.43,104440.21,156.26482,True,247.75489182492356
2025-05-18 19:05:00+00:00,104542.08,104649.34,104649.35,104488.88,116.20099,True,241.52025669457197
2025-05-18 19:10:00+00:00,104649.34,104654.71,104659.7,104562.44,41.54995,True,231.21595264495932
2025-05-18 19:15:00+00:00,104654.7,104507.7,104654.7,104464.74,96.86928,True,228.26981317031945
2025-05-18 19:20:00+00:00,104507.7,104746.14,104761.9,104460.0,59.01869,True,233.52911222958193
2025-05-18 19:25:00+00:00,104746.15,104544.2,104751.71,104535.01,32.78408,True,232.3270327846126
2025-05-18 19:30:00+00:00,104544.19,104231.57,104544.2,104151.03,122.08728,True,243.81581615714018
2025-05-18 19:35:00+00:00,104231.57,104176.57,104336.23,104164.27,91.89399,True,238.683257860201
2025-05-18 19:40:00+00:00,104176.58,104253.32,104253.32,104150.0,22.56357,True,229.01445372733
2025-05-18 19:45:00+00:00,104253.31,104130.43,104295.17,104112.58,68.1049,True,225.69842131823475
2025-05-18 19:50:00+00:00,104130.44,104072.68,104234.36,104061.37,65.67624,True,221.93353408121837
2025-05-18 19:55:00+00:00,104072.68,103883.97,104093.89,103851.01,201.9783,True,223.42971021827452
2025-05-18 20:00:00+00:00,103883.98,103545.97,103883.98,103285.71,991.08709,True,250.20401663125418
2025-05-18 20:05:00+00:00,103545.98,103782.6,103815.18,103459.5,143.86534,,257.73801544330695
2025-05-18 20:10:00+00:00,103782.6,103668.26,103782.61,103523.8,69.15611,,257.81458576878487
2025-05-18 20:15:00+00:00,103668.27,103712.26,103787.97,103652.17,90.62189,,249.09925821387188
2025-05-18 20:20:00+00:00,103712.25,103755.73,103906.49,103695.65,98.28513,,246.36645405573898
2025-05-18 20:25:00+00:00,103755.74,103931.18,103975.5,103735.38,95.00197,,245.92027876604303
2025-05-18 20:30:00+00:00,103931.19,104030.54,104030.55,103879.33,85.39697,,239.15597313989718
2025-05-18 20:35:00+00:00,104030.54,104047.98,104076.9,103956.52,71.26725,,230.67197505847525
2025-05-18 20:40:00+00:00,104047.98,104142.66,104142.67,103931.88,44.76411,,229.2518339828694
2025-05-18 20:45:00+00:00,104142.67,104130.5,104240.0,104109.03,38.78354,,222.23170298409312
2025-05-18 20:50:00+00:00,104130.49,104039.01,104145.96,104020.0,44.43509,,215.35515277094404
2025-05-18 20:55:00+00:00,104039.01,104053.05,104149.15,104009.78,30.85125,,209.92764185873344
2025-05-18 21:00:00+00:00,104053.05,104120.03,104210.4,104053.04,41.76469,,206.1728102973954
2025-05-18 21:05:00+00:00,104120.04,104246.55,104246.55,104101.62,64.22639,,201.79832384758197
2025-05-18 21:10:00+00:00,104246.54,104221.83,104293.44,104189.55,59.78803,,194.8048721441832
2025-05-18 21:15:00+00:00,104221.83,104292.01,104304.35,104181.01,49.57212,,189.70023841959946
2025-05-18 21:20:00+00:00,104292.0,104286.56,104299.83,104251.28,34.09764,,179.6180785324854
2025-05-18 21:25:00+00:00,104286.57,104302.03,104377.84,104286.57,31.16048,,173.30821578016494
2025-05-18 21:30:00+00:00,104302.04,104328.76,104521.54,104200.19,63.5995,,183.88262893872397
2025-05-18 21:35:00+00:00,104328.76,104379.99,104428.58,104170.64,79.93791,,189.1724411573867
2025-05-18 21:40:00+00:00,104379.99,104468.58,104601.14,104364.04,104.11913,,192.59583821757377
2025-05-18 21:45:00+00:00,104468.59,104453.32,104558.39,104411.63,80.41316,,189.321849773461
2025-05-18 21:50:00+00:00,104453.32,104249.39,104458.87,104106.22,52.35909,,200.98814621821336
2025-05-18 21:55:00+00:00,104249.38,104180.38,104276.43,104180.37,29.94766,,193.49327863119794
2025-05-18 22:00:00+00:00,104180.37,104130.44,104280.05,103963.63,141.30076,,202.2737587289694
2025-05-18 22:05:00+00:00,104130.44,104187.99,104280.0,104036.69,59.31221,,205.20491881975713
2025-05-18 22:10:00+00:00,104187.99,104089.12,104198.17,104056.01,51.32156,,200.70171033263185
2025-05-18 22:15:00+00:00,104089.12,104221.23,104238.1,104001.09,41.69932,,203.29515959458737
2025-05-18 22:20:00+00:00,104221.23,104702.02,104746.6,104221.22,85.6572,,226.30121962354573
2025-05-18 22:25:00+00:00,104702.03,105051.87,105065.49,104702.03,112.68235,,236.0989896504354
2025-05-18 22:30:00+00:00,105051.87,105176.39,105400.0,105023.62,183.29014,,246.1190618182618
2025-05-18 22:35:00+00:00,105176.39,105011.37,105176.39,104932.16,63.35397,,245.9841288312428
2025-05-18 22:40:00+00:00,105011.36,105227.94,105237.91,104945.05,81.5381,,249.33240534329693
2025-05-18 22:45:00+00:00,105227.94,105420.0,105480.0,105186.32,106.38658,,252.50009067591807
2025-05-18 22:50:00+00:00,105420.0,105584.0,105662.33,105348.48,250.39317,,256.88222705621007
2025-05-18 22:55:00+00:00,105583.99,105928.1,105979.99,105583.99,276.43938,,266.81921083790934
2025-05-18 23:00:00+00:00,105928.11,105811.34,105970.98,105608.69,274.8302,,273.63855292091534
2025-05-18 23:05:00+00:00,105811.33,105697.45,105826.09,105666.33,242.27573,,265.50437056942104
2025-05-18 23:10:00+00:00,105697.44,105727.99,105859.21,105559.94,324.77161,,267.9162012430341
2025-05-18 23:15:00+00:00,105727.99,105574.47,105727.99,105460.0,231.41801,,267.9214725828177
2025-05-18 23:20:00+00:00,105574.46,105693.19,105786.55,105560.3,221.06492,,264.94493882690216
2025-05-18 23:25:00+00:00,105693.19,105879.99,105879.99,105685.43,231.82072,,259.91744319641003
2025-05-18 23:30:00+00:00,105879.98,105636.03,105879.98,105636.03,238.97932,,258.7776258252383
2025-05-18 23:35:00+00:00,105636.02,105680.85,105794.94,105624.89,253.87558,,252.43993826629293
2025-05-18 23:40:00+00:00,105680.85,105779.99,105780.0,105667.44,197.73829,,242.4485141044147
2025-05-18 23:45:00+00:00,105779.99,105895.18,105900.0,105709.59,130.61293,,238.73147738267105
2025-05-18 23:50:00+00:00,105895.17,106434.02,106485.25,105895.17,720.51478,,263.8278004267661
2025-05-18 23:55:00+00:00,106434.02,106454.26,106660.0,106325.34,303.54742,,268.8872432534259
2025-05-19 00:00:00+00:00,106454.27,106627.71,106649.11,106324.22,244.77503,,272.8874401638954
2025-05-19 00:05:00+00:00,106627.72,106864.65,107108.62,106627.72,532.65376,,287.7461944379021
2025-05-19 00:10:00+00:00,106864.65,106542.32,106897.39,106526.0,256.61968,,293.72075197805185
2025-05-19 00:15:00+00:00,106542.32,106525.41,106591.74,106350.01,313.48601,,290.0071268367632
2025-05-19 00:20:00+00:00,106525.42,106216.34,106691.24,106139.36,177.36672,,308.712332062709
2025-05-19 00:25:00+00:00,106216.34,106109.5,106303.71,106106.13,163.77622,,300.77430834394414
2025-05-19 00:30:00+00:00,106109.5,105904.67,106170.86,105719.56,220.19556,,311.5261434622341
2025-05-19 00:35:00+00:00,105904.67,105887.89,105977.59,105714.56,55.52984,,308.0621332149316
2025-05-19 00:40:00+00:00,105887.9,105521.73,105897.53,105390.22,138.82035,,322.2941236995792
2025-05-19 00:45:00+00:00,105521.74,105333.95,105521.74,105188.0,218.9805,,323.1116862924668
2025-05-19 00:50:00+00:00,105333.94,105347.83,105476.93,105284.18,84.42248,,313.8001372715763
2025-05-19 00:55:00+00:00,105347.83,105260.88,105362.96,105165.44,85.49082,,305.4944131807497
2025-05-19 01:00:00+00:00,105260.88,105260.86,105416.67,105135.37,121.88063,,303.76624081069633
2025-05-19 01:05:00+00:00,105260.87,104978.62,105278.68,104913.11,152.62779,,308.18079503850316
2025-05-19 01:10:00+00:00,104978.62,105059.92,105170.01,104913.04,78.48434,,304.5228811071816
2025-05-19 01:15:00+00:00,105059.91,104826.09,105071.68,104771.82,128.31405,,304.1898181709534
2025-05-19 01:20:00+00:00,104826.09,105173.92,105173.92,104742.53,134.49653,,313.2755454444567
2025-05-19 01:25:00+00:00,105173.91,105077.7,105217.4,105060.75,53.80279,,302.088006484138
2025-05-19 01:30:00+00:00,105077.69,105225.24,105279.57,105000.0,69.2096,,300.4795774495572
2025-05-19 01:35:00+00:00,105225.25,104997.73,105273.04,104956.52,52.10608,,301.6253219174452
2025-05-19 01:40:00+00:00,104997.53,104965.84,104997.53,104846.88,67.62697,,290.8556560661985
2025-05-19 01:45:00+00:00,104965.83,105170.75,105170.75,104917.51,42.11321,,288.1688234900418
2025-05-19 01:50:00+00:00,105170.75,105177.75,105192.06,105036.77,37.68026,,278.67747895503834
2025-05-19 01:55:00+00:00,105177.75,105059.97,105177.75,105043.47,42.39036,,268.36337331539266
2025-05-19 02:00:00+00:00,105059.97,105116.34,105116.35,105008.54,49.10897,,256.8952752214369
2025-05-19 02:05:00+00:00,105116.35,105011.8,105192.17,104983.23,85.59626,,253.46989841990586
2025-05-19 02:10:00+00:00,105011.8,104590.02,105011.8,104569.55,180.3181,,266.9541913899126
2025-05-19 02:15:00+00:00,104590.01,104644.32,104675.11,104569.0,61.18657,,255.46532057634744
2025-05-19 02:20:00+00:00,104644.33,104739.61,104866.96,104604.49,81.90985,,255.96565482089412
2025-05-19 02:25:00+00:00,104739.61,104893.21,104900.27,104739.6,38.25087,,249.15882233368728
2025-05-19 02:30:00+00:00,104893.21,105050.0,105069.01,104833.78,191.29091,,248.16390645270934
2025-05-19 02:35:00+00:00,105050.0,104970.22,105050.01,104963.14,107.29231,,236.64291313465833
2025-05-19 02:40:00+00:00,104970.23,104800.02,104970.23,104800.01,65.9664,,231.8984193393257
2025-05-19 02:45:00+00:00,104800.01,104857.82,104877.8,104732.72,55.7116,,225.69710367223112
2025-05-19 02:50:00+00:00,104857.81,104610.95,104857.82,104608.69,82.09445,,227.3708819813578
2025-05-19 02:55:00+00:00,104610.94,104645.15,104681.36,104580.0,65.24086,,218.37010469697515
2025-05-19 03:00:00+00:00,104645.15,104590.98,104645.15,104565.21,34.05301,,208.48224007576178
2025-05-19 03:05:00+00:00,104590.98,104418.82,104600.0,104323.96,128.21919,,213.30779435606405
2025-05-19 03:10:00+00:00,104418.83,104166.44,104418.83,104166.43,97.21374,,216.10009475920293
2025-05-19 03:15:00+00:00,104166.44,104212.12,104277.52,104116.0,78.94064,,212.20151656211732
2025-05-19 03:20:00+00:00,104212.12,104319.56,104319.57,104100.0,76.59649,,212.72783680768086
2025-05-19 03:25:00+00:00,104319.56,104217.39,104331.86,104217.39,55.28603,,205.7094198928466
2025-05-19 03:30:00+00:00,104217.4,104139.19,104247.47,104080.79,79.61017,,202.92160418621523
2025-05-19 03:35:00+00:00,104139.18,104041.04,104139.19,104041.03,43.5363,,195.4386324586287
2025-05-19 03:40:00+00:00,104041.04,103819.28,104115.58,103818.0,225.7201,,202.73444442586964
2025-05-19 03:45:00+00:00,103819.09,103887.08,103913.01,103748.68,174.02576,,199.9912698240219
2025-05-19 03:50:00+00:00,103887.08,103616.47,103973.67,103565.21,160.08782,,214.88189340801978
2025-05-19 03:55:00+00:00,103616.48,103605.88,103655.42,103534.47,140.30812,,208.1724724503039
2025-05-19 04:00:00+00:00,103605.9,103475.93,103630.82,103350.77,223.76464,,213.30658156099668
2025-05-19 04:05:00+00:00,103475.93,103306.98,103475.93,102923.59,510.71954,,237.52325430663953
2025-05-19 04:10:00+00:00,103306.98,103670.11,103779.99,103187.81,316.06283,,262.855878999023
2025-05-19 04:15:00+00:00,103670.11,103365.11,103670.11,103360.29,156.28894,,266.21045907052184
2025-05-19 04:20:00+00:00,103365.11,103247.22,103403.99,103207.02,135.1729,,261.2647119940561
2025-05-19 04:25:00+00:00,103247.23,103310.16,103340.14,103219.23,73.56263,,251.2393754230523
2025-05-19 04:30:00+00:00,103310.17,103525.23,103531.62,103230.44,142.53222,,254.8065628928338
2025-05-19 04:35:00+00:00,103525.22,103404.62,103534.19,103393.26,103.12486,,246.67252268620337
2025-05-19 04:40:00+00:00,103404.63,103280.6,103404.63,103037.89,160.75106,,255.24877106576065
2025-05-19 04:45:00+00:00,103280.6,102980.02,103284.96,102980.01,224.63389,,258.7988588467786
2025-05-19 04:50:00+00:00,102980.02,102834.29,102980.02,102824.08,263.28739,,251.4517975005803
2025-05-19 04:55:00+00:00,102834.28,103002.07,103024.02,102789.0,117.15444,,250.27809767911057
2025-05-19 05:00:00+00:00,103002.07,102700.53,103002.07,102672.0,147.67243,,255.9775192734603
2025-05-19 05:05:00+00:00,102700.53,102960.01,103067.74,102641.0,157.72262,,268.1748393253564
2025-05-19 05:10:00+00:00,102960.02,102986.79,103073.82,102929.93,92.90687,,259.29735080211765
2025-05-19 05:15:00+00:00,102986.79,102940.63,102986.79,102654.0,149.51532,,264.5468257448231
2025-05-19 05:20:00+00:00,102940.63,102776.71,102950.0,102740.33,160.38248,,260.62705247733555
2025-05-19 05:25:00+00:00,102776.72,102725.0,102826.09,102695.65,159.31582,,251.3279773003832
2025-05-19 05:30:00+00:00,102725.0,103089.18,103095.24,102513.87,484.31036,,274.9024074932137
2025-05-19 05:35:00+00:00,103089.17,103072.55,103118.57,102962.46,159.84635,,266.4172355294127
2025-05-19 05:40:00+00:00,103072.55,103042.63,103099.98,102976.51,141.99329,,256.20671870588336
2025-05-19 05:45:00+00:00,103042.64,102934.33,103042.64,102843.91,194.72101,,252.10123879832
2025-05-19 05:50:00+00:00,102934.32,102956.2,103000.0,102842.75,116.65681,,245.32615031272573
2025-05-19 05:55:00+00:00,102956.21,103032.01,103053.16,102900.0,71.64588,,238.742853861817
2025-05-19 06:00:00+00:00,103032.0,102850.93,103060.0,102850.93,116.15775,,236.6233643002591
2025-05-19 06:05:00+00:00,102850.94,103052.9,103120.48,102832.53,146.51749,,240.2895525645261
2025-05-19 06:10:00+00:00,103052.9,103110.92,103195.67,103023.33,142.64825,,235.43601309563113
2025-05-19 06:15:00+00:00,103110.91,102842.86,103110.91,102840.03,67.97113,,237.96844073165744
2025-05-19 06:20:00+00:00,102842.85,102620.01,102846.57,102620.0,167.25325,,237.15426639368238
2025-05-19 06:25:00+00:00,102620.01,102628.73,102695.66,102600.0,63.31233,,227.04753307984817
2025-05-19 06:30:00+00:00,102628.73,102264.79,102633.3,102245.61,420.52651,,238.52199500271632
2025-05-19 06:35:00+00:00,102264.79,102403.19,102405.84,102000.0,675.1154,,250.47328107395063
2025-05-19 06:40:00+00:00,102403.18,102406.44,102406.44,102240.8,103.6017,,244.41376099723985
2025-05-19 06:45:00+00:00,102406.45,102454.96,102517.98,102304.8,80.66941,,242.18277806886508
2025-05-19 06:50:00+00:00,102454.96,102419.13,102454.96,102255.91,158.79095,,239.1018653496606
2025-05-19 06:55:00+00:00,102419.12,102208.0,102419.14,102208.0,157.838,,237.10458925325625
2025-05-19 07:00:00+00:00,102208.01,102463.19,102470.05,102173.91,178.78836,,241.32140430659504
2025-05-19 07:05:00+00:00,102463.19,102598.66,102617.0,102454.96,110.3477,,235.6584468561235
2025-05-19 07:10:00+00:00,102598.66,102608.7,102687.93,102574.36,90.30333,,226.937843509257
2025-05-19 07:15:00+00:00,102608.69,102783.8,102791.96,102571.42,84.04508,,226.48085468716778
2025-05-19 07:20:00+00:00,102783.81,102833.81,102880.0,102725.0,88.44586,,221.37507935237008
2025-05-19 07:25:00+00:00,102833.82,102820.03,102888.9,102772.5,85.31794,,213.87685939862894
2025-05-19 07:30:00+00:00,102820.02,102921.43,102928.0,102814.13,48.22295,,206.73351229872654
2025-05-19 07:35:00+00:00,102921.43,102957.15,102977.56,102891.76,52.501,,198.09540427738915
2025-05-19 07:40:00+00:00,102957.15,103164.9,103167.43,102913.04,66.51702,,202.11644682900416
2025-05-19 07:45:00+00:00,103164.9,103221.22,103356.8,103164.89,208.06755,,201.387414912647
2025-05-19 07:50:00+00:00,103221.21,103281.07,103320.84,103169.23,56.91149,,197.8318852760294
2025-05-19 07:55:00+00:00,103281.07,103226.29,103281.08,103206.27,65.42265,,189.04460775631284
2025-05-19 08:00:00+00:00,103226.29,103130.44,103271.83,103120.01,106.1816,,186.385707202291
2025-05-19 08:05:00+00:00,103130.44,103035.89,103212.26,102976.45,50.26769,,189.91601383069863
2025-05-19 08:10:00+00:00,103035.89,103149.87,103198.26,103000.0,60.41064,,190.5120128427912
2025-05-19 08:15:00+00:00,103149.86,103215.43,103273.9,103100.0,51.67003,,189.32544049687712
2025-05-19 08:20:00+00:00,103215.42,103288.51,103321.0,103193.35,77.02248,,184.9200518899569
2025-05-19 08:25:00+00:00,103288.51,103250.95,103357.6,103250.95,51.30504,,179.32933389781778
2025-05-19 08:30:00+00:00,103250.95,103132.71,103250.95,103122.37,46.13806,,175.7043814765452
2025-05-19 08:35:00+00:00,103132.71,103138.48,103199.65,103110.78,31.1838,,169.50192565679163
2025-05-19 08:40:00+00:00,103138.49,102980.55,103148.0,102920.57,88.16955,,173.6396452527346
2025-05-19 08:45:00+00:00,102980.55,103217.39,103242.28,102956.52,84.09908,,181.64824202039605
2025-05-19 08:50:00+00:00,103217.4,103228.1,103236.09,103173.91,33.7539,,173.11479616179582
2025-05-19 08:55:00+00:00,103228.1,103233.9,103236.09,103150.13,29.95187,,166.88945357880985
2025-05-19 09:00:00+00:00,103233.9,103267.22,103425.53,103072.75,279.48071,,180.16734975175194
2025-05-19 09:05:00+00:00,103267.21,103037.29,103299.99,102999.99,83.80339,,188.72682476948395
2025-05-19 09:10:00+00:00,103037.3,103164.85,103168.67,103037.29,106.93852,,184.63062300023543
2025-05-19 09:15:00+00:00,103164.85,103194.98,103258.26,103130.43,54.00316,,180.5734356430759
2025-05-19 09:20:00+00:00,103194.98,103231.14,103272.74,103104.75,57.69039,,179.674618811428
2025-05-19 09:25:00+00:00,103231.14,103239.99,103277.44,103225.7,47.03615,,170.53643175346923
2025-05-19 09:30:00+00:00,103239.99,103260.9,103304.35,103239.99,16.64659,,162.95240091393575
2025-05-19 09:35:00+00:00,103260.89,103201.01,103300.0,103188.71,31.57311,,159.26222942008275
2025-05-19 09:40:00+00:00,103201.01,103252.01,103271.2,103156.0,40.12877,,156.11492731864806
2025-05-19 09:45:00+00:00,103252.0,103160.3,103252.01,103129.75,18.96678,,153.69671822445852
2025-05-19 09:50:00+00:00,103160.29,103058.96,103160.3,103026.17,29.98064,,152.2990954941404
2025-05-19 09:55:00+00:00,103058.97,103061.61,103095.24,103020.0,36.17339,,146.79487438741646
2025-05-19 10:00:00+00:00,103061.62,103006.29,103087.6,102952.38,63.69281,,145.96809764545822
2025-05-19 10:05:00+00:00,103006.3,102895.69,103011.9,102885.03,55.29831,,144.60394781363945
2025-05-19 10:10:00+00:00,102895.7,102882.33,102913.05,102853.81,49.27934,,138.50652296980843
2025-05-19 10:15:00+00:00,102882.33,102943.59,102944.75,102869.57,49.61176,,133.9831999005359
2025-05-19 10:20:00+00:00,102943.6,103039.1,103090.07,102882.12,114.44472,,139.2665427647842
2025-05-19 10:25:00+00:00,103039.1,103043.49,103086.96,102969.69,42.67138,,137.6953611387285
2025-05-19 10:30:00+00:00,103043.5,103065.29,103073.55,102989.39,46.60025,,133.8714067716767
2025-05-19 10:35:00+00:00,103065.29,102995.09,103065.29,102956.52,74.21007,,132.07844914512762
2025-05-19 10:40:00+00:00,102995.09,102956.52,103060.24,102945.45,59.45073,,130.84355992047622
2025-05-19 10:45:00+00:00,102956.53,102935.64,103008.69,102884.24,36.89588,,130.38687706901342
2025-05-19 10:50:00+00:00,102935.64,103019.57,103072.36,102935.63,26.67917,,130.83995727836933
2025-05-19 10:55:00+00:00,103019.57,102915.5,103024.36,102915.48,21.56013,,129.27138890134327
2025-05-19 11:00:00+00:00,102915.5,102985.58,102985.92,102911.22,27.09514,,125.37343255124712
2025-05-19 11:05:00+00:00,102985.59,102808.79,103016.7,102800.0,52.96529,,131.89675879758641
2025-05-19 11:10:00+00:00,102808.8,102869.57,102885.17,102782.6,43.51223,,129.80199031204398
2025-05-19 11:15:00+00:00,102869.56,103043.44,103043.45,102850.4,58.5578,,134.31970528975532
2025-05-19 11:20:00+00:00,103043.45,102999.99,103067.83,102999.99,91.92666,,129.5711549119154
2025-05-19 11:25:00+00:00,103000.0,103047.91,103047.91,102988.91,53.77451,,124.53035813249286
2025-05-19 11:30:00+00:00,103047.91,102921.62,103056.62,102921.62,24.46498,,125.27818969445765
2025-05-19 11:35:00+00:00,102921.63,102959.11,103054.88,102921.63,85.79707,,125.84831900199706
2025-05-19 11:40:00+00:00,102959.11,103039.48,103053.55,102931.37,23.11669,,125.58629621614067
2025-05-19 11:45:00+00:00,103039.48,103047.61,103066.46,103007.02,23.86929,,120.86156077213079
2025-05-19 11:50:00+00:00,103047.61,102982.55,103047.62,102959.25,18.14077,,118.54073500269253
2025-05-19 11:55:00+00:00,102982.56,102963.41,103008.9,102960.0,27.14884,,113.56639678821408
2025-05-19 12:00:00+00:00,102963.4,102782.51,102963.41,102753.77,98.04154,,120.42879701762732
2025-05-19 12:05:00+00:00,102782.51,102731.38,102782.51,102708.33,97.11418,,117.12531151636772
2025-05-19 12:10:00+00:00,102731.39,102662.61,102739.04,102658.99,50.26327,,114.47707497948348
2025-05-19 12:15:00+00:00,102662.6,102452.46,102662.61,102450.0,104.5246,,121.48656962380612
2025-05-19 12:20:00+00:00,102452.45,102627.45,102642.75,102443.3,59.62975,,127.05538607924834
2025-05-19 12:25:00+00:00,102627.44,102608.7,102649.07,102578.39,31.71306,,123.02857278787398
2025-05-19 12:30:00+00:00,102608.69,102510.73,102636.8,102456.83,77.2181,,127.09581758874022
2025-05-19 12:35:00+00:00,102510.73,102156.12,102510.74,102126.16,241.82939,,145.48754490383033
2025-05-19 12:40:00+00:00,102156.12,102393.55,102410.97,102156.11,114.75932,,153.29986312498536
2025-05-19 12:45:00+00:00,102393.55,102329.91,102428.58,102322.73,55.71815,,149.9105871874868
2025-05-19 12:50:00+00:00,102329.9,102369.41,102369.43,102270.55,62.11505,,146.26554524552276
2025-05-19 12:55:00+00:00,102369.42,102479.95,102479.95,102304.34,59.85977,,148.36157772798546
2025-05-19 13:00:00+00:00,102479.94,102562.37,102590.01,102479.94,78.586,,145.62646503312882
2025-05-19 13:05:00+00:00,102562.38,102485.6,102562.38,102485.6,39.25249,,140.70886038790525
2025-05-19 13:10:00+00:00,102485.6,102345.36,102485.61,102340.0,52.54037,,141.0589417887692
2025-05-19 13:15:00+00:00,102345.36,102428.58,102428.58,102321.83,29.97128,,138.6083030895714
2025-05-19 13:20:00+00:00,102428.58,102490.01,102522.75,102380.85,54.52623,,138.84342429745874
2025-05-19 13:25:00+00:00,102490.0,102523.81,102565.22,102452.4,24.19935,,136.98460827621219
2025-05-19 13:30:00+00:00,102523.81,102695.66,102778.76,102391.97,156.75734,True,154.82785054219656
2025-05-19 13:35:00+00:00,102695.65,102978.51,103020.02,102546.61,179.33847,True,177.58371836061133
2025-05-19 13:40:00+00:00,102978.5,103032.46,103032.47,102885.96,205.22791,True,175.36416704913873
2025-05-19 13:45:00+00:00,103032.47,103065.81,103297.36,103015.24,240.10484,True,182.98958368848565
2025-05-19 13:50:00+00:00,103065.81,103335.19,103391.27,103060.0,166.28944,True,193.58104199645123
2025-05-19 13:55:00+00:00,103335.2,103294.11,103527.89,103294.11,327.83078,True,196.45239613956178
2025-05-19 14:00:00+00:00,103294.11,103312.67,103580.16,103280.0,181.2303,True,203.86008212959334
2025-05-19 14:05:00+00:00,103312.67,103546.08,103560.0,103181.67,248.23733,True,216.3222191203368
2025-05-19 14:10:00+00:00,103546.09,103478.26,103591.78,103404.83,95.07382,True,214.22420346888399
2025-05-19 14:15:00+00:00,103478.26,103699.93,103750.88,103468.13,181.62346,True,219.11890322110656
2025-05-19 14:20:00+00:00,103699.93,103531.13,103755.52,103523.8,110.62797,True,220.0189815624562
2025-05-19 14:25:00+00:00,103531.13,103414.51,103534.89,103320.76,73.26932,True,219.59834002228106
2025-05-19 14:30:00+00:00,103414.51,103727.49,103775.33,103414.51,72.34708,True,229.68560144926147
2025-05-19 14:35:00+00:00,103727.48,103752.3,103782.61,103660.01,61.01637,True,222.03662991717178
2025-05-19 14:40:00+00:00,103752.31,103727.13,103870.13,103661.64,126.02,True,221.06901349451704
2025-05-19 14:45:00+00:00,103727.14,103963.88,104038.78,103727.14,159.30676,True,227.53908395919396
2025-05-19 14:50:00+00:00,103963.88,104239.99,104240.0,103934.86,150.0671,True,233.0820065335372
2025-05-19 14:55:00+00:00,104239.99,104328.11,104369.0,104211.89,168.37178,True,227.6554346382846
2025-05-19 15:00:00+00:00,104328.11,104434.78,104458.56,104266.14,124.77847,True,225.13861787840702
2025-05-19 15:05:00+00:00,104434.78,104531.21,104556.0,104412.66,150.08993,True,219.29585945852054
2025-05-19 15:10:00+00:00,104531.21,104574.99,104600.0,104428.57,119.17871,True,215.87686949719713
2025-05-19 15:15:00+00:00,104574.99,104435.97,104608.7,104366.75,230.29787,True,217.73923596168285
2025-05-19 15:20:00+00:00,104435.98,104506.68,104687.41,104435.97,172.44017,True,220.14643339299138
2025-05-19 15:25:00+00:00,104506.67,104457.87,104565.21,104440.93,124.79579,True,213.2988310077787
2025-05-19 15:30:00+00:00,104457.87,104759.43,104782.61,104424.29,175.27897,True,223.657485935795
2025-05-19 15:35:00+00:00,104759.42,104828.17,104950.0,104739.13,173.9885,True,222.74409408323785
2025-05-19 15:40:00+00:00,104828.17,104869.56,104895.69,104802.35,219.75078,True,213.5009445058635
2025-05-19 15:45:00+00:00,104869.57,104837.59,104968.75,104837.59,147.52279,True,207.61944846973066
2025-05-19 15:50:00+00:00,104837.59,104749.89,104928.58,104717.93,80.25699,True,207.8359164361791
2025-05-19 15:55:00+00:00,104749.89,104786.41,104854.54,104740.7,118.85009,True,201.1219224050232
2025-05-19 16:00:00+00:00,104786.42,104708.5,104897.32,104664.89,177.92258,True,203.3582136618078
2025-05-19 16:05:00+00:00,104708.51,104491.54,104708.51,104491.53,138.86584,True,204.33119840024983
2025-05-19 16:10:00+00:00,104491.53,104586.78,104675.86,104491.53,90.48274,True,202.90254137166067
2025-05-19 16:15:00+00:00,104586.78,104815.72,104833.8,104577.53,80.73612,True,206.71450270225662
2025-05-19 16:20:00+00:00,104815.73,104948.31,105095.11,104815.72,246.43301,True,211.9056096520954
2025-05-19 16:25:00+00:00,104948.32,105108.01,105108.01,104817.14,188.02948,True,217.54592324837398
2025-05-19 16:30:00+00:00,105108.0,104869.34,105115.42,104862.84,112.7296,True,220.04835730206167
2025-05-19 16:35:00+00:00,104869.34,104840.33,104918.19,104754.58,74.92237,True,216.01704606620018
2025-05-19 16:40:00+00:00,104840.33,104952.81,104967.94,104840.33,52.74081,True,209.7022570614716
2025-05-19 16:45:00+00:00,104952.8,105139.32,105173.42,104912.2,139.44586,True,213.38209584279517
2025-05-19 16:50:00+00:00,105139.33,105181.17,105217.19,105128.84,74.87389,True,204.45123185402448
2025-05-19 16:55:00+00:00,105181.16,105356.44,105435.49,105164.75,123.09496,True,209.18614386445168
2025-05-19 17:00:00+00:00,105356.43,105437.55,105464.28,105338.55,87.58816,True,203.22499073127625
2025-05-19 17:05:00+00:00,105437.54,105524.26,105550.01,105437.54,132.69526,True,196.74249139332804
2025-05-19 17:10:00+00:00,105524.26,105045.45,105524.26,105027.63,225.30888,True,218.16302772237532
2025-05-19 17:15:00+00:00,105045.45,104971.15,105231.46,104940.77,164.82699,True,223.34352574220583
2025-05-19 17:20:00+00:00,104971.14,105274.95,105320.0,104971.14,111.91903,True,232.30898818919118
2025-05-19 17:25:00+00:00,105274.95,105233.52,105399.99,105233.52,74.41773,True,227.60620331853474
2025-05-19 17:30:00+00:00,105233.52,105194.29,105285.72,105018.49,158.69155,True,230.43647451006768
2025-05-19 17:35:00+00:00,105194.29,105280.3,105285.72,105158.66,75.06429,True,223.05244061649123
2025-05-19 17:40:00+00:00,105280.3,105281.42,105364.22,105204.0,84.52722,True,218.5644091438848
2025-05-19 17:45:00+00:00,105281.42,105393.86,105453.39,105210.17,59.74158,True,220.32552277646454
2025-05-19 17:50:00+00:00,105393.85,105382.47,105437.38,105318.18,47.20316,True,213.10227114957505
2025-05-19 17:55:00+00:00,105382.46,105380.95,105409.1,105324.3,61.59058,True,203.9378232103199
2025-05-19 18:00:00+00:00,105380.96,105531.0,105561.76,105340.01,83.41124,True,205.2101215524399
2025-05-19 18:05:00+00:00,105531.0,105440.18,105531.01,105409.09,48.97269,True,199.26082715583692
2025-05-19 18:10:00+00:00,105440.19,105304.61,105440.19,105218.12,66.82466,True,200.89005378756335
2025-05-19 18:15:00+00:00,105304.6,105061.36,105369.73,105056.1,73.33479,True,208.94290708845097
2025-05-19 18:20:00+00:00,105061.36,105198.98,105235.82,105061.35,51.95051,True,206.48055658213312
2025-05-19 18:25:00+00:00,105198.98,105155.07,105307.69,105155.07,48.0144,True,202.63337396912328
2025-05-19 18:30:00+00:00,105155.07,104826.08,105155.07,104721.98,293.13949,True,219.09456154275813
2025-05-19 18:35:00+00:00,104826.09,104987.32,105018.87,104826.08,95.63119,True,217.2156642897035
2025-05-19 18:40:00+00:00,104987.32,104956.52,105014.6,104914.06,30.01519,True,208.881688269011
2025-05-19 18:45:00+00:00,104956.53,104865.12,105015.76,104835.4,46.50609,True,206.84442482122452
2025-05-19 18:50:00+00:00,104865.11,104767.38,104952.39,104703.66,47.27547,True,209.8362516197082
2025-05-19 18:55:00+00:00,104767.37,104778.98,104778.99,104703.66,52.10656,True,200.2286622183006
2025-05-19 19:00:00+00:00,104778.99,104726.01,104857.15,104633.55,55.49759,True,201.89804348842137
2025-05-19 19:05:00+00:00,104726.0,104833.11,104902.22,104703.06,54.32055,True,201.70246895353438
2025-05-19 19:10:00+00:00,104833.11,104877.71,104923.99,104805.61,20.78507,True,195.75086402828225
2025-05-19 19:15:00+00:00,104877.71,105044.89,105044.9,104836.42,69.47668,True,196.6600880262618
2025-05-19 19:20:00+00:00,105044.9,104962.06,105065.09,104945.05,98.3129,True,191.1872245958141
2025-05-19 19:25:00+00:00,104962.05,104908.77,104988.97,104859.05,44.88287,True,186.8109942675415
2025-05-19 19:30:00+00:00,104908.77,105239.57,105309.16,104908.76,108.40182,True,202.0673518198606
2025-05-19 19:35:00+00:00,105239.57,105422.05,105429.73,105210.45,76.70207,True,203.29682668987044
2025-05-19 19:40:00+00:00,105422.05,105459.34,105493.49,105415.42,65.03449,True,194.35205335488018
2025-05-19 19:45:00+00:00,105459.33,105497.07,105523.28,105390.78,50.57277,True,189.9340495438173
2025-05-19 19:50:00+00:00,105497.07,105545.46,105549.99,105497.07,71.14718,True,180.1473317192588
2025-05-19 19:55:00+00:00,105545.46,105517.7,105545.46,105443.47,67.18771,True,174.56466516788353
2025-05-19 20:00:00+00:00,105517.64,105686.99,105687.0,105485.44,117.47902,True,176.4929033701774
2025-05-19 20:05:00+00:00,105686.99,105654.31,105788.87,105653.66,94.94731,,173.5441245580213
2025-05-19 20:10:00+00:00,105654.31,105397.32,105654.31,105375.23,111.63029,,181.08240137530564
2025-05-19 20:15:00+00:00,105397.32,105555.7,105587.98,105397.32,34.81896,,181.766515562783
2025-05-19 20:20:00+00:00,105555.7,105674.53,105734.32,105470.4,48.76169,,187.6346215940137
2025-05-19 20:25:00+00:00,105674.53,105723.0,105760.14,105666.67,43.79768,,180.9085771944414
2025-05-19 20:30:00+00:00,105723.0,105512.01,105723.0,105512.0,45.7566,,183.0579645376956
2025-05-19 20:35:00+00:00,105512.0,105471.46,105542.56,105471.46,35.40815,,175.0609670707167
2025-05-19 20:40:00+00:00,105471.47,105392.23,105535.98,105344.09,43.6774,,176.26304085137977
2025-05-19 20:45:00+00:00,105392.23,105448.59,105453.62,105321.54,37.70689,,173.1071093619956
2025-05-19 20:50:00+00:00,105448.59,105383.88,105485.87,105364.99,29.20553,,169.3766015504238
2025-05-19 20:55:00+00:00,105383.87,105468.0,105468.0,105345.54,40.28825,,166.02541572539397
2025-05-19 21:00:00+00:00,105468.0,105363.63,105514.79,105317.92,25.45434,,168.22860031643694
2025-05-19 21:05:00+00:00,105363.63,105321.88,105427.64,105318.18,33.24225,,164.03084315097763
2025-05-19 21:10:00+00:00,105321.88,105426.39,105441.44,105321.87,33.52611,,160.85506864019402
2025-05-19 21:15:00+00:00,105426.39,105361.35,105459.99,105361.35,30.60925,,156.4111351658944
2025-05-19 21:20:00+00:00,105361.35,105318.18,105361.36,105318.18,21.47512,,148.3231969397596
2025-05-19 21:25:00+00:00,105318.18,105028.81,105345.46,105016.27,64.39826,,161.24225430120552
2025-05-19 21:30:00+00:00,105028.81,105168.88,105168.88,105028.8,47.26004,,159.7306647082624
2025-05-19 21:35:00+00:00,105168.87,105194.83,105194.84,105130.58,39.26935,,152.91133151481472
2025-05-19 21:40:00+00:00,105194.83,105264.33,105264.33,105068.45,264.53726,,155.9805221208997
2025-05-19 21:45:00+00:00,105264.32,105328.0,105363.64,105264.32,53.2252,,151.9333419694063
2025-05-19 21:50:00+00:00,105328.0,105350.52,105378.0,105297.04,33.19098,,146.86381754302062
2025-05-19 21:55:00+00:00,105350.51,105474.67,105504.56,105340.05,122.5211,,148.1242591470902
2025-05-19 22:00:00+00:00,105474.67,105392.52,105500.0,105392.51,127.24459,,145.22181206515558
2025-05-19 22:05:00+00:00,105392.51,105539.04,105572.66,105392.51,148.05866,,147.71668263193078
2025-05-19 22:10:00+00:00,105539.04,105447.53,105557.76,105446.96,81.94083,,145.07977672964918
2025-05-19 22:15:00+00:00,105447.54,105271.85,105447.54,105242.42,114.37742,,149.3683641061025
2025-05-19 22:20:00+00:00,105271.85,105220.92,105271.86,105182.86,148.95554,,145.05633809852375
2025-05-19 22:25:00+00:00,105220.92,105207.67,105269.86,105189.65,161.05021,,140.4244568057725
2025-05-19 22:30:00+00:00,105207.67,105312.0,105350.0,105203.93,177.08278,,140.827709891075
2025-05-19 22:35:00+00:00,105311.99,105285.72,105343.41,105272.53,150.03576,,135.83144489885566
2025-05-19 22:40:00+00:00,105285.72,105390.0,105398.71,105284.19,155.54414,,134.309198834652
2025-05-19 22:45:00+00:00,105389.99,105622.88,105644.41,105389.99,67.33836,,142.88854177503387
2025-05-19 22:50:00+00:00,105622.88,105578.21,105634.89,105578.21,21.85906,,136.73078879110238
2025-05-19 22:55:00+00:00,105578.21,105549.92,105589.08,105536.31,16.13813,,130.73358959173822
2025-05-19 23:00:00+00:00,105549.92,105658.33,105666.49,105549.92,36.96212,,129.72190462090026
2025-05-19 23:05:00+00:00,105658.33,105778.86,105829.99,105658.33,102.23354,,132.71748286226477
2025-05-19 23:10:00+00:00,105778.87,105677.64,105789.55,105667.57,54.86096,,131.95051980067413
2025-05-19 23:15:00+00:00,105677.65,105579.99,105706.1,105579.6,31.17212,,131.56119695776883
2025-05-19 23:20:00+00:00,105579.99,105545.46,105610.4,105545.45,27.52604,,126.803254317928
2025-05-19 23:25:00+00:00,105545.45,105466.14,105545.46,105464.47,18.83894,,123.53087900950494
2025-05-19 23:30:00+00:00,105466.14,105534.87,105544.9,105461.59,34.34412,,120.65795908025441
2025-05-19 23:35:00+00:00,105534.86,105505.69,105534.87,105455.57,33.53739,,117.70381914594971
2025-05-19 23:40:00+00:00,105505.7,105603.53,105621.52,105505.68,32.95916,,117.57068920695409
2025-05-19 23:45:00+00:00,105603.54,105599.99,105656.92,105589.79,34.03546,,113.96778283502913
2025-05-19 23:50:00+00:00,105599.99,105600.0,105680.35,105599.99,23.41709,,111.56722691824136
2025-05-19 23:55:00+00:00,105600.01,105573.74,105614.65,105551.15,20.35815,,108.13385356693841
2025-05-20 00:00:00+00:00,105573.73,105700.99,105700.99,105554.31,50.24604,,110.88714974072907
2025-05-20 00:05:00+00:00,105700.99,105970.52,105988.0,105681.6,131.77018,,124.85235333067658
2025-05-20 00:10:00+00:00,105970.51,105999.99,106000.0,105939.56,137.24583,,120.25147094991414
2025-05-20 00:15:00+00:00,105999.99,106495.32,106499.0,105999.99,536.40351,,147.30565159634847
2025-05-20 00:20:00+00:00,106495.32,105867.98,106569.99,105863.64,313.36276,,187.2373907680383
2025-05-20 00:25:00+00:00,105867.99,105643.99,106220.0,105636.36,214.42793,,215.5518628560355
2025-05-20 00:30:00+00:00,105643.99,105619.99,105767.94,105580.97,100.26909,,213.51030122346165
2025-05-20 00:35:00+00:00,105619.99,106090.9,106159.81,105619.99,138.73564,,236.81813685035672
2025-05-20 00:40:00+00:00,106090.9,105914.47,106090.9,105806.68,82.07999,,240.20398421818845
2025-05-20 00:45:00+00:00,105914.47,105744.99,105987.48,105716.72,82.02839,,242.38655677403176
2025-05-20 00:50:00+00:00,105745.0,105792.57,105818.18,105677.28,56.87765,,235.13751700445764
2025-05-20 00:55:00+00:00,105792.58,105727.27,105857.43,105670.46,56.29335,,231.69698007556684
2025-05-20 01:00:00+00:00,105727.27,106054.32,106064.98,105701.46,72.29269,,241.11291007016845
2025-05-20 01:05:00+00:00,106054.32,105961.09,106110.72,105917.5,75.83185,,237.69198792229938
2025-05-20 01:10:00+00:00,105961.08,105815.19,105961.09,105781.41,45.28068,,233.5482744992775
2025-05-20 01:15:00+00:00,105815.19,105891.13,105920.0,105727.27,91.29921,,230.63268346361454
2025-05-20 01:20:00+00:00,105891.13,106240.28,106269.54,105868.57,351.56563,,242.79963464478396
2025-05-20 01:25:00+00:00,106240.28,106109.97,106240.29,106103.34,41.83383,,235.2389464558706
2025-05-20 01:30:00+00:00,106109.96,106400.0,106478.26,106105.65,110.15333,,245.0511645661656
2025-05-20 01:35:00+00:00,106400.01,106490.15,106558.0,106365.0,110.1082,,241.3332242400109
2025-05-20 01:40:00+00:00,106490.15,106352.1,106621.21,106253.42,159.37085,,250.3658510800107
2025-05-20 01:45:00+00:00,106352.1,106245.86,106400.0,106227.27,46.01241,,244.82043314572394
2025-05-20 01:50:00+00:00,106245.86,106618.71,106659.0,106245.86,99.45505,,256.84325934960077
2025-05-20 01:55:00+00:00,106618.71,106450.0,106789.58,106450.0,203.09394,,262.75302653891515
2025-05-20 02:00:00+00:00,106450.01,106591.34,106651.99,106440.0,62.1835,,259.12709607185013
2025-05-20 02:05:00+00:00,106591.34,106670.24,106789.58,106533.61,95.23823,,258.9015892095752
2025-05-20 02:10:00+00:00,106670.24,106649.89,106769.62,106600.78,70.26193,,252.46861855174816
2025-05-20 02:15:00+00:00,106649.9,106751.99,106761.91,106605.19,63.69012,,245.62943151233767
2025-05-20 02:20:00+00:00,106752.0,106800.64,106853.27,106636.37,105.2934,,243.57732926145704
2025-05-20 02:25:00+00:00,106800.65,106461.75,106800.65,106438.58,85.95769,,252.0410914570667
2025-05-20 02:30:00+00:00,106461.75,106488.35,106526.27,106348.95,157.96596,,246.70387063870527
2025-05-20 02:35:00+00:00,106488.35,106303.5,106500.01,106255.4,108.78116,,246.5543084502264
2025-05-20 02:40:00+00:00,106303.5,106230.77,106426.25,106230.76,103.75329,,242.90685784663918
2025-05-20 02:45:00+00:00,106230.76,106139.99,106269.21,106071.94,182.33742,,239.64708228616524
2025-05-20 02:50:00+00:00,106139.99,106072.87,106247.42,106066.35,76.91291,,235.46300498001006
2025-05-20 02:55:00+00:00,106072.87,106099.99,106100.0,106000.0,56.27168,,225.78707605286647
2025-05-20 03:00:00+00:00,106100.0,106097.47,106166.35,105964.87,120.79702,,224.05085633480533
2025-05-20 03:05:00+00:00,106097.47,106018.9,106180.75,106000.0,64.72764,,220.9579380251764
2025-05-20 03:10:00+00:00,106018.89,105927.0,106030.0,105922.66,44.89529,,212.84237102337784
2025-05-20 03:15:00+00:00,105927.0,105939.99,105946.06,105863.63,104.55893,,203.52720166456464
2025-05-20 03:20:00+00:00,105939.99,106104.31,106104.32,105939.99,185.97114,,200.7274015456673
2025-05-20 03:25:00+00:00,106104.32,106097.61,106172.29,106042.31,348.96074,,195.67401572097648
2025-05-20 03:30:00+00:00,106097.61,105753.18,106097.62,105686.73,190.96012,,211.046586026621
2025-05-20 03:35:00+00:00,105753.18,105796.5,105806.42,105713.3,46.97551,,202.6232584532906
2025-05-20 03:40:00+00:00,105796.5,105723.14,105840.0,105717.97,34.556,,196.86659713519833
2025-05-20 03:45:00+00:00,105723.15,105553.32,105754.47,105533.01,59.02787,,198.6232687683989
2025-05-20 03:50:00+00:00,105553.32,105686.63,105716.83,105553.31,51.44998,,196.11589242779928
2025-05-20 03:55:00+00:00,105686.62,105761.92,105780.0,105686.62,22.98771,,188.77761439724253
2025-05-20 04:00:00+00:00,105761.92,105625.39,105804.65,105625.39,39.26566,,188.09778479743912
2025-05-20 04:05:00+00:00,105625.39,105594.0,105625.4,105574.28,30.98557,,178.31365731190743
2025-05-20 04:10:00+00:00,105594.0,105604.98,105616.52,105545.45,20.63926,,170.65339607534312
2025-05-20 04:15:00+00:00,105604.98,105613.28,105670.43,105573.13,21.02581,,165.41386778424635
2025-05-20 04:20:00+00:00,105613.28,105625.8,105700.0,105545.45,31.3115,,164.63787722822897
2025-05-20 04:25:00+00:00,105625.81,105571.66,105640.0,105558.73,16.76711,,158.68302885478434
2025-05-20 04:30:00+00:00,105571.65,105655.99,105656.0,105545.45,18.81622,,155.2449553651571
2025-05-20 04:35:00+00:00,105656.0,105747.79,105752.79,105655.99,45.26089,,151.07031569621648
2025-05-20 04:40:00+00:00,105747.79,105719.38,105776.72,105719.37,46.9112,,144.37600743220145
2025-05-20 04:45:00+00:00,105719.38,105970.23,106000.0,105719.37,109.24631,,154.10843547275883
2025-05-20 04:50:00+00:00,105970.22,106102.71,106138.18,105970.22,68.87518,,155.09783293898974
2025-05-20 04:55:00+00:00,106102.71,106219.99,106250.0,106071.6,96.6052,,156.76227344334717
2025-05-20 05:00:00+00:00,106220.0,106099.32,106246.0,106087.87,44.90336,,156.85996819739415
2025-05-20 05:05:00+00:00,106099.32,106314.19,106314.19,106067.36,78.29611,,163.28639904043757
2025-05-20 05:10:00+00:00,106314.18,106340.47,106391.78,106278.79,60.68612,,159.6937991089781
2025-05-20 05:15:00+00:00,106340.47,106363.63,106391.73,106340.47,37.77458,,151.94852774405075
2025-05-20 05:20:00+00:00,106363.63,106316.12,106374.0,106276.64,55.67466,,148.04934719090429
2025-05-20 05:25:00+00:00,106316.12,106336.02,106399.0,106316.12,32.45112,,143.39439382012574
2025-05-20 05:30:00+00:00,106336.02,106227.28,106347.29,106227.27,93.47058,,141.7247942615446
2025-05-20 05:35:00+00:00,106227.28,106205.99,106238.1,106157.4,51.02082,,137.3658803857208
2025-05-20 05:40:00+00:00,106205.99,106105.99,106205.99,106085.17,44.53801,,136.18403178674126
2025-05-20 05:45:00+00:00,106106.0,106179.99,106181.38,106079.27,25.65815,,133.75017237340265
2025-05-20 05:50:00+00:00,106179.99,106196.54,106227.28,106162.4,39.23552,,128.83087434673138
2025-05-20 05:55:00+00:00,106196.55,106105.26,106196.55,106093.84,20.85461,,126.9650976076796
2025-05-20 06:00:00+00:00,106105.26,106116.48,106219.99,106105.25,35.67117,,126.09187634998857
2025-05-20 06:05:00+00:00,106116.48,105931.37,106116.48,105909.09,60.70242,,131.8988851821322
2025-05-20 06:10:00+00:00,105931.37,105836.88,105954.55,105831.58,32.30078,,131.26110766912285
2025-05-20 06:15:00+00:00,105836.87,105690.78,105836.87,105686.15,64.40466,,132.6517428356148
2025-05-20 06:20:00+00:00,105690.78,105648.6,105697.22,105545.45,78.16205,,134.0173326330712
2025-05-20 06:25:00+00:00,105648.6,105486.74,105648.6,105381.02,117.64909,,143.55752315928052
2025-05-20 06:30:00+00:00,105486.74,105469.9,105567.01,105432.06,60.1288,,142.94270007647455
2025-05-20 06:35:00+00:00,105469.9,105536.67,105536.9,105469.89,49.04426,,137.51893578529743
2025-05-20 06:40:00+00:00,105536.67,105511.08,105537.53,105478.59,50.52031,,131.90615465777634
2025-05-20 06:45:00+00:00,105511.09,105619.83,105650.0,105505.12,35.93581,,132.83285789650694
2025-05-20 06:50:00+00:00,105619.82,105560.95,105633.48,105559.53,29.22902,,128.62693947532767
2025-05-20 06:55:00+00:00,105560.95,105454.54,105568.63,105454.54,21.73806,,127.5885866556622
2025-05-20 07:00:00+00:00,105454.55,105400.0,105512.55,105380.63,75.18815,,127.89797332311478
2025-05-20 07:05:00+00:00,105400.0,105582.38,105679.01,105237.09,170.78421,,150.32811808574934
2025-05-20 07:10:00+00:00,105582.39,105686.01,105750.26,105582.39,111.75445,,151.58182393676654
2025-05-20 07:15:00+00:00,105686.01,105519.59,105718.81,105460.84,59.88661,,159.18097936985473
2025-05-20 07:20:00+00:00,105519.59,105535.83,105552.72,105469.69,51.64412,,153.7416237005793
2025-05-20 07:25:00+00:00,105535.83,105540.0,105555.88,105515.41,52.39711,,145.6507934362523
2025-05-20 07:30:00+00:00,105540.0,105479.09,105577.24,105455.18,95.76269,,143.96573676223514
2025-05-20 07:35:00+00:00,105479.09,105136.36,105479.1,105136.36,149.5233,,158.16389842207587
2025-05-20 07:40:00+00:00,105136.37,105099.75,105256.0,105081.33,105.90239,,159.34290567764177
2025-05-20 07:45:00+00:00,105099.75,104973.24,105099.76,104928.44,231.02198,,160.19841241495254
2025-05-20 07:50:00+00:00,104973.25,105061.78,105099.72,104973.25,94.78735,,157.78995438531277
2025-05-20 07:55:00+00:00,105061.78,105021.71,105137.78,105009.87,71.141,,155.65567192921927
2025-05-20 08:00:00+00:00,105021.7,105113.82,105229.64,105006.98,85.11718,,160.44169536284673
2025-05-20 08:05:00+00:00,105113.83,105087.12,105202.07,105082.05,33.98887,,157.55443140835797
2025-05-20 08:10:00+00:00,105087.12,104944.51,105124.34,104899.92,73.6845,,162.330543450618
2025-05-20 08:15:00+00:00,104944.5,105052.13,105073.32,104928.5,52.89787,,161.07979034700293
2025-05-20 08:20:00+00:00,105052.13,105040.77,105095.24,104987.39,45.45991,,157.27766246507457
2025-05-20 08:25:00+00:00,105040.78,104895.25,105045.46,104885.5,39.6326,,157.469258003284
2025-05-20 08:30:00+00:00,104895.24,105026.0,105029.02,104847.16,62.6513,,159.2114538601923
2025-05-20 08:35:00+00:00,105025.99,104950.05,105037.05,104916.89,44.71416,,156.42206429875026
2025-05-20 08:40:00+00:00,104950.06,105154.45,105181.82,104946.44,49.577,,162.06191684883987
2025-05-20 08:45:00+00:00,105154.46,105215.28,105249.11,105154.45,66.56958,,157.24749421678013
2025-05-20 08:50:00+00:00,105215.28,105133.25,105215.29,105124.82,47.40062,,152.4776732012949
2025-05-20 08:55:00+00:00,105133.25,105223.01,105224.0,105133.24,74.2466,,148.06926797263057
2025-05-20 09:00:00+00:00,105223.0,105266.95,105314.01,105186.31,68.19185,,146.6143202602996
2025-05-20 09:05:00+00:00,105266.95,105297.03,105321.0,105259.88,31.30391,,140.5075830988493
2025-05-20 09:10:00+00:00,105297.03,105271.84,105297.03,105265.75,45.75905,,132.70561287750283
2025-05-20 09:15:00+00:00,105271.83,105248.77,105287.92,105243.49,57.08235,,126.4002119576807
2025-05-20 09:20:00+00:00,105248.78,105317.6,105321.0,105244.46,88.0383,,122.83876824641733
2025-05-20 09:25:00+00:00,105317.6,105317.43,105331.0,105292.8,66.47784,,116.79314194310159
2025-05-20 09:30:00+00:00,105317.43,105351.46,105364.0,105317.42,99.71856,,111.77791751859445
2025-05-20 09:35:00+00:00,105351.47,105352.77,105363.23,105340.56,23.06855,,105.41306626726615
2025-05-20 09:40:00+00:00,105352.77,105359.2,105366.93,105350.17,17.63374,,99.08070439103247
2025-05-20 09:45:00+00:00,105359.21,105361.48,105364.52,105352.8,15.76965,,92.84065407738738
2025-05-20 09:50:00+00:00,105361.48,105285.1,105390.13,105285.09,38.3594,,93.71203592900315
2025-05-20 09:55:00+00:00,105285.09,105285.72,105300.0,105258.57,30.43092,,89.9776047912167
2025-05-20 10:00:00+00:00,105285.72,105279.91,105300.29,105262.17,38.17398,,86.27349016327231
2025-05-20 10:05:00+00:00,105279.9,105360.29,105416.66,105279.43,53.24986,,89.91324086589647
2025-05-20 10:10:00+00:00,105360.29,105235.05,105360.3,105181.81,51.17027,,96.24015223261851
2025-05-20 10:15:00+00:00,105235.05,105200.0,105281.36,105200.0,46.69806,,95.17728421600295
2025-05-20 10:20:00+00:00,105200.01,105328.71,105346.63,105110.27,69.84596,,105.26176391485991
2025-05-20 10:25:00+00:00,105328.71,105252.01,105328.72,105227.27,55.04665,,104.98949506379827
2025-05-20 10:30:00+00:00,105252.01,105103.45,105252.01,105103.45,32.94475,,108.10167398781252
2025-05-20 10:35:00+00:00,105103.45,105081.0,105124.56,105081.0,92.55256,,103.4915544172543
2025-05-20 10:40:00+00:00,105081.0,105173.68,105173.69,105029.88,53.17183,,106.37144338745027
2025-05-20 10:45:00+00:00,105173.68,105089.97,105204.0,105045.45,32.48595,,110.09848314548974
2025-05-20 10:50:00+00:00,105089.98,105088.35,105136.36,105088.35,13.51892,,105.6635914922401
2025-05-20 10:55:00+00:00,105088.36,105030.65,105088.36,105022.72,44.76906,,102.80476352850862
2025-05-20 11:00:00+00:00,105030.65,105000.59,105043.61,105000.58,23.04543,,98.53513756218649
2025-05-20 11:05:00+00:00,105000.58,104968.0,105000.59,104956.67,21.13678,,94.63405630774447
2025-05-20 11:10:00+00:00,104968.0,105024.0,105035.1,104956.52,71.39999,,93.48733800004857
2025-05-20 11:15:00+00:00,105023.99,104945.42,105024.0,104928.01,54.29384,,93.66609957147405
2025-05-20 11:20:00+00:00,104945.43,104923.98,104945.43,104913.04,24.55417,,89.28923531636872
2025-05-20 11:25:00+00:00,104923.97,105136.54,105164.85,104923.97,47.9957,,100.11714707948558
2025-05-20 11:30:00+00:00,105136.54,105266.35,105297.94,105136.54,47.6755,,104.4944937166658
2025-05-20 11:35:00+00:00,105266.35,105329.0,105335.82,105227.27,35.66656,,104.78417273690415
2025-05-20 11:40:00+00:00,105329.01,105329.56,105348.67,105276.5,63.3862,,102.4545889699823
2025-05-20 11:45:00+00:00,105329.56,105276.76,105329.56,105264.82,20.45754,,99.76068975784004
2025-05-20 11:50:00+00:00,105276.75,105200.0,105276.76,105200.0,20.22543,,98.11778334656537
2025-05-20 11:55:00+00:00,105200.01,105203.76,105229.08,105168.34,55.30312,,95.44794167895394
2025-05-20 12:00:00+00:00,105203.75,105090.91,105203.76,105090.9,27.36306,,96.69166013045728
2025-05-20 12:05:00+00:00,105090.91,105082.49,105112.45,105082.48,26.06624,,91.92582726399613
2025-05-20 12:10:00+00:00,105082.49,105030.55,105086.67,105006.1,54.75627,,91.11469674513873
2025-05-20 12:15:00+00:00,105030.54,104972.11,105070.82,104969.0,46.76358,,91.87936126334361
2025-05-20 12:20:00+00:00,104972.11,104821.08,104981.11,104821.08,68.00236,,96.74726403024756
2025-05-20 12:25:00+00:00,104821.08,104821.09,104869.58,104817.27,52.30071,,93.57317374237257
2025-05-20 12:30:00+00:00,104821.09,104731.71,104848.85,104731.69,91.99907,,95.25794704648908
2025-05-20 12:35:00+00:00,104731.7,104680.0,104753.11,104680.0,54.11674,,93.67595082888275
2025-05-20 12:40:00+00:00,104680.0,104738.09,104738.09,104653.39,40.57896,,93.03481148396234
2025-05-20 12:45:00+00:00,104738.09,104720.01,104761.91,104700.0,62.5478,,90.81161066367956
2025-05-20 12:50:00+00:00,104720.01,104810.17,104845.78,104686.04,49.18394,,95.73506704484568
2025-05-20 12:55:00+00:00,104810.16,104780.0,104810.17,104747.65,48.17443,,93.36256225592842
2025-05-20 13:00:00+00:00,104780.01,104794.76,104869.57,104773.32,47.17656,,93.56880780907639
2025-05-20 13:05:00+00:00,104794.76,104660.03,104794.76,104660.02,61.013,,96.50960725128456
2025-05-20 13:10:00+00:00,104660.02,104588.81,104678.71,104588.8,66.69125,,96.03820673333591
2025-05-20 13:15:00+00:00,104588.8,104622.15,104645.1,104583.28,51.07093,,93.59404910952671
2025-05-20 13:20:00+00:00,104622.14,104700.33,104812.56,104622.14,110.51658,,100.5101884588461
2025-05-20 13:25:00+00:00,104700.33,104614.96,104766.45,104607.23,46.93513,,104.70374642607146
2025-05-20 13:30:00+00:00,104614.97,104570.24,104630.0,104476.09,179.73799,True,108.21847882420947
2025-05-20 13:35:00+00:00,104570.25,104521.88,104570.25,104266.0,286.36518,True,122.22073033676593
2025-05-20 13:40:00+00:00,104521.88,104243.61,104521.89,104206.0,178.99772,True,136.05424959842546
2025-05-20 13:45:00+00:00,104243.61,104284.09,104347.82,104184.72,170.83053,True,137.98608891282404
2025-05-20 13:50:00+00:00,104284.09,104568.17,104579.4,104200.0,140.07417,True,155.22993970476477
2025-05-20 13:55:00+00:00,104568.16,104448.04,104593.88,104404.41,100.96036,True,157.67565829728164
2025-05-20 14:00:00+00:00,104448.04,104428.94,104451.86,104304.34,80.60711,True,156.95025413319038
2025-05-20 14:05:00+00:00,104428.94,104550.17,104619.04,104408.82,104.07828,True,160.7552359808187
2025-05-20 14:10:00+00:00,104550.17,104500.0,104639.99,104465.47,84.02181,True,161.7384334107605
2025-05-20 14:15:00+00:00,104499.99,104782.61,104807.75,104478.26,151.15799,True,173.72068816713514
2025-05-20 14:20:00+00:00,104782.6,104904.76,104995.43,104782.6,176.23795,True,176.5142104409103
2025-05-20 14:25:00+00:00,104904.76,104700.02,104904.77,104700.01,52.98179,True,178.53176683798878
2025-05-20 14:30:00+00:00,104700.02,104629.12,104806.04,104580.01,72.82878,True,181.92449777813235
2025-05-20 14:35:00+00:00,104629.12,104727.99,104728.0,104512.65,119.59169,True,184.3120336511233
2025-05-20 14:40:00+00:00,104728.0,104768.75,104798.75,104701.29,41.4544,True,178.1083169617578
2025-05-20 14:45:00+00:00,104768.76,104895.0,104952.39,104761.9,81.10644,True,178.9927228930612
2025-05-20 14:50:00+00:00,104894.99,104668.98,104895.0,104622.81,47.59832,True,185.64967125784273
2025-05-20 14:55:00+00:00,104668.99,104519.84,104734.94,104519.84,42.70766,True,187.75326616799723
2025-05-20 15:00:00+00:00,104519.84,104612.0,104652.18,104482.68,37.38133,True,186.44946144171172
2025-05-20 15:05:00+00:00,104612.0,104699.99,104726.08,104581.93,39.74364,True,183.42807133873293
2025-05-20 15:10:00+00:00,104699.99,104800.0,104800.0,104631.1,69.8678,True,182.39035195739444
2025-05-20 15:15:00+00:00,104800.0,104819.2,104872.0,104798.4,51.29629,True,174.6196125318667
2025-05-20 15:20:00+00:00,104819.2,104664.35,104831.7,104645.28,45.04766,True,175.46249735101895
2025-05-20 15:25:00+00:00,104664.35,105080.13,105095.24,104664.34,60.97962,True,193.7080332545182
2025-05-20 15:30:00+00:00,105080.14,105205.79,105218.25,105029.36,89.64734,True,193.36388802205258
2025-05-20 15:35:00+00:00,105205.79,105227.28,105329.88,105155.13,101.14448,True,192.03432459190597
2025-05-20 15:40:00+00:00,105227.28,105119.99,105235.38,105100.0,36.05872,True,187.98758712105587
2025-05-20 15:45:00+00:00,105119.99,105150.55,105218.32,105117.54,41.64063,True,181.75847375526715
2025-05-20 15:50:00+00:00,105150.56,105220.29,105256.0,105119.93,44.32484,True,178.49501134417713
2025-05-20 15:55:00+00:00,105220.29,105333.68,105391.27,105220.28,65.97481,True,177.9589391053077
2025-05-20 16:00:00+00:00,105333.67,105479.99,105480.0,105250.24,83.6709,True,181.65901488349962
2025-05-20 16:05:00+00:00,105479.99,105235.05,105480.0,105200.1,35.69347,True,188.67622810610638
2025-05-20 16:10:00+00:00,105235.04,105151.48,105235.05,105090.9,59.69622,True,185.49578324138514
2025-05-20 16:15:00+00:00,105151.48,105350.16,105350.16,105114.01,110.77649,True,189.1139415812868
2025-05-20 16:20:00+00:00,105350.15,105271.69,105523.81,105271.68,81.22721,True,193.61508861119523
2025-05-20 16:25:00+00:00,105271.68,105253.49,105306.54,105198.33,57.78764,True,187.51472513896644
2025-05-20 16:30:00+00:00,105253.49,105295.49,105348.0,105253.47,29.96899,True,180.8729590576116
2025-05-20 16:35:00+00:00,105295.5,105391.32,105471.21,105295.49,29.37875,True,180.50489055349658
2025-05-20 16:40:00+00:00,105391.31,105364.98,105425.36,105285.71,23.69109,True,177.5866840853893
2025-05-20 16:45:00+00:00,105364.98,105291.35,105414.08,105279.85,39.04283,True,174.48977807928978
2025-05-20 16:50:00+00:00,105291.35,105272.72,105308.66,105272.72,18.47587,True,164.59336535934068
2025-05-20 16:55:00+00:00,105272.72,105212.49,105312.56,105182.78,29.84618,True,162.10669640510199
2025-05-20 17:00:00+00:00,105212.49,105478.97,105478.98,105212.49,115.13173,True,169.56264666187977
2025-05-20 17:05:00+00:00,105478.97,105745.41,105761.0,105478.97,169.78007,True,177.59602904317398
2025-05-20 17:10:00+00:00,105745.41,106103.86,106176.54,105745.41,432.60107,True,195.70559839723228
2025-05-20 17:15:00+00:00,106103.87,105970.54,106170.68,105970.54,173.01439,True,196.0223413688585
2025-05-20 17:20:00+00:00,105970.55,105985.74,106134.31,105961.86,83.77868,True,194.3386026996541
2025-05-20 17:25:00+00:00,105985.74,106128.05,106171.91,105985.73,71.3316,True,193.75584536396508
2025-05-20 17:30:00+00:00,106128.05,106034.86,106172.93,106000.0,44.15953,True,192.26828498082423
2025-05-20 17:35:00+00:00,106034.87,106052.69,106162.74,106021.57,44.58312,True,188.61840748219382
2025-05-20 17:40:00+00:00,106052.69,106206.31,106207.5,106045.91,103.81494,True,186.68780694775114
2025-05-20 17:45:00+00:00,106206.32,106279.07,106317.17,106172.61,104.59415,True,183.67867788005447
2025-05-20 17:50:00+00:00,106279.07,106250.0,106336.37,106201.89,84.17678,True,180.1644866029074
2025-05-20 17:55:00+00:00,106250.0,106200.31,106250.0,106163.71,105.02569,True,173.4591661312707
2025-05-20 18:00:00+00:00,106200.32,106241.9,106260.0,106099.58,64.57978,True,172.5277971218941
2025-05-20 18:05:00+00:00,106241.89,106320.2,106378.87,106241.89,54.30968,True,169.98866875604423
2025-05-20 18:10:00+00:00,106320.21,106273.79,106419.19,106273.79,76.00906,True,168.23233527347026
2025-05-20 18:15:00+00:00,106273.79,106202.42,106328.04,106098.57,50.82254,True,172.60645418250715
2025-05-20 18:20:00+00:00,106202.42,105958.58,106222.08,105857.47,110.56652,True,186.32099316947097
2025-05-20 18:25:00+00:00,105958.58,105772.73,106096.43,105744.44,68.20267,True,198.15449365736524
2025-05-20 18:30:00+00:00,105772.73,105899.54,105899.54,105662.39,110.3504,True,200.93988696755304
2025-05-20 18:35:00+00:00,105899.54,105954.54,106069.39,105899.53,71.87037,True,198.71989504129928
2025-05-20 18:40:00+00:00,105954.54,105651.28,105954.55,105600.0,97.47707,True,209.85061682406382
2025-05-20 18:45:00+00:00,105651.28,105400.0,105705.41,105384.97,69.33225,True,217.749858479488
2025-05-20 18:50:00+00:00,105400.0,105566.9,105566.9,105382.26,76.96088,True,215.38486858809597
2025-05-20 18:55:00+00:00,105566.9,105285.54,105566.9,105234.04,105.21882,True,223.775949403232
2025-05-20 19:00:00+00:00,105285.53,105343.55,105370.11,105220.0,63.49607,True,218.51409587442976
2025-05-20 19:05:00+00:00,105343.56,105727.3,105738.18,105343.56,109.01482,True,231.0938033119698
2025-05-20 19:10:00+00:00,105727.3,105844.93,105859.78,105654.57,53.37308,True,229.2449602182571
2025-05-20 19:15:00+00:00,105844.94,105995.04,106003.76,105762.82,75.09929,True,230.08032020266643
2025-05-20 19:20:00+00:00,105995.04,106261.42,106308.31,105995.04,106.88026,True,236.02244018819056
2025-05-20 19:25:00+00:00,106261.43,106309.55,106400.01,106241.09,102.57587,True,230.5151230318911
2025-05-20 19:30:00+00:00,106309.56,106492.48,106500.0,106304.71,121.82211,True,227.999042815327
2025-05-20 19:35:00+00:00,106492.49,106468.41,106523.81,106418.51,110.25737,True,219.23482547137525
2025-05-20 19:40:00+00:00,106468.41,106513.56,106650.35,106468.41,148.08665,True,216.5709093662772
2025-05-20 19:45:00+00:00,106513.55,106735.86,106777.0,106513.55,167.47397,True,219.91941584011434
2025-05-20 19:50:00+00:00,106735.86,106891.43,106920.0,106725.39,231.16725,True,218.11160042296336
2025-05-20 19:55:00+00:00,106891.43,107026.47,107238.37,106890.0,681.10536,True,227.41577182132278
2025-05-20 20:00:00+00:00,107026.47,106742.74,107096.62,106590.9,227.88051,True,247.29464526265696
2025-05-20 20:05:00+00:00,106742.74,106792.29,106792.29,106668.0,109.80916,,238.50859917246672
2025-05-20 20:10:00+00:00,106792.29,106621.4,106932.0,106621.4,113.51031,,243.65798494586238
2025-05-20 20:15:00+00:00,106621.4,106771.63,106834.66,106407.66,140.6789,,256.75384316401505
2025-05-20 20:20:00+00:00,106771.63,106688.03,106821.82,106688.02,59.24682,,247.97142579515705
2025-05-20 20:25:00+00:00,106688.03,106701.57,106761.91,106604.0,74.38763,,241.53846680978896
2025-05-20 20:30:00+00:00,106701.57,106671.06,106727.27,106599.19,42.69755,,233.43429060908989
2025-05-20 20:35:00+00:00,106671.07,106590.9,106740.0,106483.75,81.18423,,235.06398413701203
2025-05-20 20:40:00+00:00,106590.9,106730.61,106730.61,106567.53,30.13818,,229.92227098436842
2025-05-20 20:45:00+00:00,106730.61,107241.98,107320.0,106730.61,317.887,,255.5985373426278
2025-05-20 20:50:00+00:00,107241.97,106934.47,107298.4,106915.39,135.79658,,264.6993561038683
2025-05-20 20:55:00+00:00,106934.46,106909.09,106970.92,106879.03,74.73576,,252.35583066787765
2025-05-20 21:00:00+00:00,106909.09,107172.62,107215.65,106803.29,143.89084,,263.78469990588644
2025-05-20 21:05:00+00:00,107172.62,107031.84,107225.68,107004.53,100.7422,,260.73936419832273
2025-05-20 21:10:00+00:00,107031.84,106472.47,107031.85,106450.92,234.45522,,283.6101238984431
2025-05-20 21:15:00+00:00,106472.48,106614.21,106667.2,106472.48,77.6084,,277.26154361998255
2025-05-20 21:20:00+00:00,106614.2,106742.91,106809.53,106542.72,66.05566,,276.5150047899836
2025-05-20 21:25:00+00:00,106742.9,106318.18,106742.91,106318.18,77.73612,,287.1017901621284
2025-05-20 21:30:00+00:00,106318.18,106404.81,106404.81,106132.09,116.09364,,286.07451943626216
2025-05-20 21:35:00+00:00,106404.81,106428.57,106507.38,106333.33,71.12447,,278.07276804795794
2025-05-20 21:40:00+00:00,106428.58,106485.71,106512.58,106320.0,34.83568,,271.9661417588182
2025-05-20 21:45:00+00:00,106485.71,106623.55,106623.55,106485.71,21.65159,,262.3857030617595
2025-05-20 21:50:00+00:00,106623.55,106713.39,106723.02,106599.41,20.35047,,252.47315284306245
2025-05-20 21:55:00+00:00,106713.39,106619.0,106762.58,106619.0,23.91775,,244.69507049712954
2025-05-20 22:00:00+00:00,106619.0,106544.81,106760.22,106544.81,32.19235,,242.60327974733482
2025-05-20 22:05:00+00:00,106544.81,106409.29,106544.81,106338.72,41.2405,,239.99518833681068
2025-05-20 22:10:00+00:00,106409.28,106326.7,106528.89,106231.12,44.1376,,244.12196059846738
2025-05-20 22:15:00+00:00,106326.69,106136.03,106344.18,106102.89,74.1288,,243.9196776985764
2025-05-20 22:20:00+00:00,106136.03,105999.99,106136.37,105935.83,56.40593,,240.8211292915348
2025-05-20 22:25:00+00:00,106000.0,106363.94,106393.93,106000.0,99.6191,,251.7581914849957
2025-05-20 22:30:00+00:00,106363.94,106311.22,106388.94,106286.37,31.46554,,241.1018920932108
2025-05-20 22:35:00+00:00,106311.22,106296.42,106321.33,106173.59,25.51643,,234.4331855151247
2025-05-20 22:40:00+00:00,106296.42,106564.56,106619.63,106286.01,53.32049,,241.5179579783308
2025-05-20 22:45:00+00:00,106564.56,106587.9,106624.0,106491.6,49.93228,,233.72381812273534
2025-05-20 22:50:00+00:00,106587.89,106746.73,106749.99,106541.71,53.11571,,231.90640254253987
2025-05-20 22:55:00+00:00,106746.73,106775.83,106894.86,106744.05,49.9092,,226.1138023609297
2025-05-20 23:00:00+00:00,106775.83,106769.52,106831.05,106685.82,38.24392,,220.3363879065773
2025-05-20 23:05:00+00:00,106769.52,106835.14,106946.12,106769.51,67.55415,,217.21307448467897
2025-05-20 23:10:00+00:00,106835.13,106887.37,106897.8,106833.69,41.50518,,206.27714059291625
2025-05-20 23:15:00+00:00,106887.36,107125.99,107150.0,106887.36,149.07417,,210.3030591219936
2025-05-20 23:20:00+00:00,107125.99,107003.09,107208.68,106967.4,121.56567,,212.51569775613686
2025-05-20 23:25:00+00:00,107003.09,106972.35,107071.19,106953.66,39.03931,,205.73100505926985
2025-05-20 23:30:00+00:00,106972.35,106979.99,107006.93,106909.09,47.2512,,198.02450469789318
2025-05-20 23:35:00+00:00,106979.98,106863.38,106981.54,106826.0,38.23199,,194.98989721947177
2025-05-20 23:40:00+00:00,106863.38,106756.98,106893.39,106750.33,70.18312,,191.2806188466522
2025-05-20 23:45:00+00:00,106756.81,106880.99,106885.74,106637.5,49.46046,,195.3491460718917
2025-05-20 23:50:00+00:00,106880.99,106673.18,106880.99,106668.78,28.60492,,196.55349278104273
2025-05-20 23:55:00+00:00,106673.18,106849.99,106850.0,106673.18,37.71956,,195.14395758239735
2025-05-21 00:00:00+00:00,106850.0,106880.01,106954.55,106804.41,62.79144,,191.92938918365465
2025-05-21 00:05:00+00:00,106880.0,106874.47,106920.53,106727.27,91.51698,,192.02443281339325
2025-05-21 00:10:00+00:00,106874.46,107000.0,107000.0,106863.64,48.23677,,188.0484018981509
2025-05-21 00:15:00+00:00,106999.99,106833.69,107206.94,106812.84,168.36982,,202.76637319114053
2025-05-21 00:20:00+00:00,106833.69,106772.71,106879.2,106641.0,68.55284,,205.2973465346303
2025-05-21 00:25:00+00:00,106772.72,106600.01,106788.4,106572.0,93.9528,,206.09039321072774
2025-05-21 00:30:00+00:00,106600.01,106624.47,106840.0,106590.9,43.67805,,209.16250798139046
2025-05-21 00:35:00+00:00,106624.47,106542.49,106624.48,106459.8,63.7006,,205.98518598271923
2025-05-21 00:40:00+00:00,106542.49,106681.81,106718.08,106542.48,41.34582,,203.81481555538258
2025-05-21 00:45:00+00:00,106681.81,106857.79,106918.57,106644.94,35.36108,,208.80161444428418
2025-05-21 00:50:00+00:00,106857.79,106753.88,106887.12,106727.27,41.98866,,205.3050705554061
2025-05-21 00:55:00+00:00,106753.89,106739.54,106753.89,106680.17,36.0651,,195.90613694430573
2025-05-21 01:00:00+00:00,106739.55,106800.73,106847.45,106670.19,57.22079,,194.5742700197121
2025-05-21 01:05:00+00:00,106800.74,107031.37,107031.38,106782.98,44.83394,,198.4189650183047
2025-05-21 01:10:00+00:00,107031.38,106891.72,107086.24,106891.71,50.65728,,198.14118180271143
2025-05-21 01:15:00+00:00,106891.72,106912.1,106973.75,106863.63,29.91159,,191.85395453108885
2025-05-21 01:20:00+00:00,106912.11,106749.99,107035.07,106729.5,38.5336,,199.97652920744014
2025-05-21 01:25:00+00:00,106749.99,106786.86,106786.86,106682.79,21.03921,,193.1260628354806
2025-05-21 01:30:00+00:00,106786.85,106836.78,106836.79,106700.78,44.38442,,189.04634406151735
2025-05-21 01:35:00+00:00,106836.78,106796.0,106893.59,106773.76,23.40481,,184.1023194856948
2025-05-21 01:40:00+00:00,106796.0,106820.35,106863.64,106786.7,19.71804,,176.44786809385963
2025-05-21 01:45:00+00:00,106820.35,106770.99,106820.36,106731.73,17.63216,,170.17516323001286
2025-05-21 01:50:00+00:00,106770.99,106686.75,106800.0,106680.85,32.61017,,166.53050871358295
2025-05-21 01:55:00+00:00,106686.75,106500.0,106706.01,106426.0,60.89967,,174.63618666261235
2025-05-21 02:00:00+00:00,106500.0,106318.19,106545.46,106291.02,91.55685,,180.3364590438545
2025-05-21 02:05:00+00:00,106318.18,106205.72,106363.64,106196.25,127.43857,,179.41171196929344
2025-05-21 02:10:00+00:00,106205.71,106420.24,106429.0,106186.79,80.24404,,183.89730397148722
2025-05-21 02:15:00+00:00,106420.25,106267.92,106514.75,106241.63,71.92577,,190.2703536878092
2025-05-21 02:20:00+00:00,106267.93,106435.99,106436.0,106267.92,27.96885,,188.68532842439438
2025-05-21 02:25:00+00:00,106436.0,106493.25,106543.58,106424.81,39.81485,,183.6913763940808
2025-05-21 02:30:00+00:00,106493.24,106777.75,106794.95,106455.43,44.76786,,194.82199236593246
2025-05-21 02:35:00+00:00,106777.75,106809.52,106809.53,106727.27,37.93543,,186.78185005407977
2025-05-21 02:40:00+00:00,106809.52,106740.76,106809.53,106740.76,27.32632,,178.35243219307435
2025-05-21 02:45:00+00:00,106740.76,106740.02,106850.0,106740.01,27.03835,,173.46940132214084
2025-05-21 02:50:00+00:00,106740.02,106916.02,106923.07,106657.76,41.37998,,180.02944408484592
2025-05-21 02:55:00+00:00,106916.01,106859.04,106916.01,106857.52,21.97299,,171.34876950735693
2025-05-21 03:00:00+00:00,106859.05,106833.19,106903.63,106818.18,38.3546,,165.21314311397512
2025-05-21 03:05:00+00:00,106833.19,106919.22,106919.22,106748.69,28.77982,,165.59291860583397
2025-05-21 03:10:00+00:00,106919.22,106898.6,106944.0,106840.0,81.40844,,161.19342441970298
2025-05-21 03:15:00+00:00,106898.6,106879.99,106955.76,106844.64,44.12514,,157.6167512468667
2025-05-21 03:20:00+00:00,106879.99,106961.41,106988.05,106879.99,39.35621,,154.07698330066177
2025-05-21 03:25:00+00:00,106961.41,107009.8,107032.55,106935.49,69.71704,,150.00434163632863
2025-05-21 03:30:00+00:00,107009.8,107079.99,107080.0,106942.11,77.14786,,149.139031519448
2025-05-21 03:35:00+00:00,107079.99,107048.59,107090.23,106988.97,58.86301,,145.7191006966299
2025-05-21 03:40:00+00:00,107048.59,107006.35,107081.13,106966.37,74.19884,,143.50773636115701
2025-05-21 03:45:00+00:00,107006.35,107053.19,107100.0,107006.35,40.16715,,139.9464694782168
2025-05-21 03:50:00+00:00,107053.19,106908.91,107099.95,106880.53,105.36932,,145.62315022977262
2025-05-21 03:55:00+00:00,106908.92,106843.59,106908.92,106773.44,50.76313,,144.89863949907428
2025-05-21 04:00:00+00:00,106843.6,106863.64,106863.64,106742.85,47.99726,,143.1765938205685
2025-05-21 04:05:00+00:00,106863.64,106920.0,107009.66,106863.63,57.32522,,143.38040854767067
2025-05-21 04:10:00+00:00,106920.0,106866.08,106940.0,106852.07,47.77568,,139.4196650799794
2025-05-21 04:15:00+00:00,106866.07,106923.22,106930.17,106866.07,36.65928,,134.0396890028374
2025-05-21 04:20:00+00:00,106923.22,106913.09,106934.5,106904.21,31.53684,,126.6289969312057
2025-05-21 04:25:00+00:00,106913.1,106823.4,106913.11,106809.52,30.4308,,124.9833542932622
2025-05-21 04:30:00+00:00,106823.4,106942.56,106977.28,106793.64,56.74289,,129.1731147008863
2025-05-21 04:35:00+00:00,106942.55,107527.92,107624.23,106942.55,616.95536,,168.63789222225108
2025-05-21 04:40:00+00:00,107527.92,107521.4,107700.0,107292.37,286.79195,,185.7087570635192
2025-05-21 04:45:00+00:00,107521.41,107363.97,107566.57,107325.73,130.94597,,189.64670298755433
2025-05-21 04:50:00+00:00,107363.97,107260.01,107384.47,107238.13,105.57535,,186.55336705987162
2025-05-21 04:55:00+00:00,107260.01,107287.0,107427.27,107225.67,66.85028,,187.62812655559551
2025-05-21 05:00:00+00:00,107286.99,107483.2,107566.63,107281.55,162.47668,,194.5889746587674
2025-05-21 05:05:00+00:00,107483.21,107444.24,107595.12,107416.92,99.95803,,193.41833361171237
2025-05-21 05:10:00+00:00,107444.23,107430.13,107636.69,107367.77,104.12656,,198.81130978230422
2025-05-21 05:15:00+00:00,107430.12,107624.68,107640.35,107430.12,82.12754,,199.6269305121404
2025-05-21 05:20:00+00:00,107624.68,107663.85,107666.0,107469.28,152.70749,,199.41929261841616
2025-05-21 05:25:00+00:00,107663.85,107538.28,107687.0,107535.69,142.01978,,195.98291457424344
2025-05-21 05:30:00+00:00,107538.29,107708.0,107718.68,107538.28,65.38002,,194.86984924751135
2025-05-21 05:35:00+00:00,107708.0,107380.96,107708.01,107380.96,127.38488,,204.31128858697397
2025-05-21 05:40:00+00:00,107380.95,107438.01,107438.02,107351.92,73.11936,,195.86762511647626
2025-05-21 05:45:00+00:00,107438.01,107500.02,107525.84,107342.93,76.29176,,194.94208046529963
2025-05-21 05:50:00+00:00,107500.01,107605.77,107616.71,107421.63,60.6579,,194.9519318606355
2025-05-21 05:55:00+00:00,107605.77,107542.0,107639.89,107542.0,48.42386,,188.01893672773295
2025-05-21 06:00:00+00:00,107542.01,107469.64,107620.27,107395.0,157.21639,,190.67972696146663
2025-05-21 06:05:00+00:00,107469.64,107419.21,107478.56,107362.63,105.24176,,185.34046074993282
2025-05-21 06:10:00+00:00,107419.22,107410.0,107428.54,107294.63,63.71819,,181.6668564106511
2025-05-21 06:15:00+00:00,107410.0,107506.02,107519.7,107321.17,99.69199,,182.87136666703307
2025-05-21 06:20:00+00:00,107506.02,107618.1,107620.27,107503.44,53.60792,,178.15412619081653
2025-05-21 06:25:00+00:00,107618.1,107865.09,107929.06,107618.1,281.66541,,187.64026003432903
2025-05-21 06:30:00+00:00,107865.09,107936.4,107971.24,107843.75,168.0852,,183.3438128890202
2025-05-21 06:35:00+00:00,107936.4,107782.33,107985.05,107740.0,117.46432,,187.7513976826618
2025-05-21 06:40:00+00:00,107782.33,107937.73,107956.97,107749.03,59.75746,,189.19344070532898
2025-05-21 06:45:00+00:00,107937.72,107736.96,107937.73,107736.91,52.11328,,190.0239092263764
2025-05-21 06:50:00+00:00,107736.96,107876.01,107889.14,107736.96,109.79909,,187.3207728530633
2025-05-21 06:55:00+00:00,107876.01,107751.41,107876.01,107751.41,66.94774,,182.84071764927242
2025-05-21 07:00:00+00:00,107751.41,107723.7,107855.49,107677.39,80.47325,,182.5020949600391
2025-05-21 07:05:00+00:00,107723.7,107713.89,107755.93,107655.38,56.09264,,176.64837389146405
2025-05-21 07:10:00+00:00,107713.88,107440.97,107736.07,107440.96,86.1022,,185.10991861350234
2025-05-21 07:15:00+00:00,107440.97,107203.48,107451.06,107000.0,160.38442,,204.10635299825202
2025-05-21 07:20:00+00:00,107203.48,106836.24,107233.73,106826.7,248.00053,,218.60089921266248
2025-05-21 07:25:00+00:00,106836.24,106991.02,107037.41,106774.42,88.0941,,221.77154926890125
2025-05-21 07:30:00+00:00,106991.02,106786.95,106991.02,106550.96,315.74748,,237.36358146397956
2025-05-21 07:35:00+00:00,106786.95,106533.0,106836.4,106468.12,144.43448,,246.71475421655236
2025-05-21 07:40:00+00:00,106533.0,106656.45,106724.79,106454.54,142.77835,,248.39584320108432
2025-05-21 07:45:00+00:00,106656.46,106674.9,106714.01,106501.4,154.56186,,245.83971154386404
2025-05-21 07:50:00+00:00,106674.89,106693.18,106832.0,106673.95,117.48822,,239.56901786215965
2025-05-21 07:55:00+00:00,106693.18,106527.16,106726.65,106483.53,151.5254,,239.82265944343362
2025-05-21 08:00:00+00:00,106527.17,106706.96,106730.02,106458.36,158.48176,,242.09675519747432
2025-05-21 08:05:00+00:00,106706.96,106661.01,106739.94,106661.0,122.44103,,230.44270125479775
2025-05-21 08:10:00+00:00,106661.01,106765.34,106797.98,106661.01,112.34065,,223.766079736598
2025-05-21 08:15:00+00:00,106765.34,106476.9,106765.35,106455.64,92.73411,,229.9049311839843
2025-05-21 08:20:00+00:00,106476.9,106423.56,106476.9,106357.79,137.74695,,221.99100752798546
2025-05-21 08:25:00+00:00,106423.57,106472.7,106495.75,106423.57,41.4485,,211.29093556170096
2025-05-21 08:30:00+00:00,106472.7,106467.76,106537.47,106404.55,95.84805,,205.69301159300792
2025-05-21 08:35:00+00:00,106467.76,106445.99,106475.59,106391.78,59.33501,,196.98708219350718
2025-05-21 08:40:00+00:00,106445.98,106400.7,106445.99,106366.19,37.56824,,188.61657632254258
2025-05-21 08:45:00+00:00,106400.7,106451.95,106479.0,106380.73,68.61751,,182.16324944236126
2025-05-21 08:50:00+00:00,106451.95,106374.56,106465.85,106347.05,44.50661,,177.63730305362137
2025-05-21 08:55:00+00:00,106374.55,106372.45,106427.31,106367.56,51.10963,,169.21678140693413
2025-05-21 09:00:00+00:00,106372.46,106521.47,106523.81,106300.0,97.11868,,173.1162970207244
2025-05-21 09:05:00+00:00,106521.46,106459.35,106521.47,106287.43,71.15343,,177.46799009067325
2025-05-21 09:10:00+00:00,106459.35,106314.91,106466.93,106290.4,55.78101,,177.40099079848224
2025-05-21 09:15:00+00:00,106314.92,106238.13,106314.92,106188.0,39.67132,,173.7952057414477
2025-05-21 09:20:00+00:00,106238.13,106380.95,106380.95,106238.12,64.0429,,171.5834053313444
2025-05-21 09:25:00+00:00,106380.95,106342.21,106401.67,106304.01,58.93634,,166.30316209339148
2025-05-21 09:30:00+00:00,106342.21,106231.42,106342.21,106187.0,61.02385,,165.51079337243542
2025-05-21 09:35:00+00:00,106231.41,106297.44,106309.44,106231.41,44.94736,,159.26216527440423
2025-05-21 09:40:00+00:00,106297.44,106137.52,106297.44,106133.02,127.22266,,159.63058204051808
2025-05-21 09:45:00+00:00,106137.53,106103.64,106199.55,106100.01,74.02529,,155.3383976090531
2025-05-21 09:50:00+00:00,106103.65,106184.78,106194.4,106103.64,72.46203,,150.72565492269177
2025-05-21 09:55:00+00:00,106184.77,106200.03,106238.1,106184.77,30.15367,,143.76882242821392
2025-05-21 10:00:00+00:00,106200.03,106288.31,106306.22,106154.2,56.65452,,144.35819225477036
2025-05-21 10:05:00+00:00,106288.31,106238.95,106288.31,106136.99,57.65765,,144.85546423657192
2025-05-21 10:10:00+00:00,106238.96,106401.22,106450.0,106225.43,58.34982,,150.54935964824585
2025-05-21 10:15:00+00:00,106401.23,106302.77,106401.23,106280.18,82.38318,,148.4422625305142
2025-05-21 10:20:00+00:00,106302.77,106160.41,106302.78,106158.57,43.01544,,148.13995806404833
2025-05-21 10:25:00+00:00,106160.4,106267.69,106275.28,106160.4,26.94124,,145.76424677375948
2025-05-21 10:30:00+00:00,106267.7,106363.65,106392.73,106241.38,44.30808,,146.16322914706174
2025-05-21 10:35:00+00:00,106363.65,106368.83,106386.71,106293.99,38.07045,,142.34585563655742
2025-05-21 10:40:00+00:00,106368.83,106347.54,106368.83,106272.72,30.3898,,139.0432945196605
2025-05-21 10:45:00+00:00,106347.54,106282.74,106347.54,106282.43,30.14069,,133.76234491111336
2025-05-21 10:50:00+00:00,106282.74,106355.13,106357.7,106282.73,57.93439,,129.56289170317677
2025-05-21 10:55:00+00:00,106355.14,106328.57,106357.69,106314.97,25.88567,,123.3598280100928
2025-05-21 11:00:00+00:00,106328.56,106379.48,106379.48,106272.72,108.98404,,122.17412600937152
2025-05-21 11:05:00+00:00,106379.48,106420.01,106430.4,106342.3,30.6185,,119.74025986584435
2025-05-21 11:10:00+00:00,106420.0,106500.82,106502.78,106360.8,46.37227,,121.32881273256946
2025-05-21 11:15:00+00:00,106500.82,106712.07,106741.71,106464.6,127.2228,,132.45604039452883
2025-05-21 11:20:00+00:00,106712.06,106590.42,106712.06,106590.42,58.02606,,131.6841803663488
2025-05-21 11:25:00+00:00,106590.42,106679.99,106680.0,106583.41,37.65069,,129.17745319732364
2025-05-21 11:30:00+00:00,106680.0,106625.96,106685.0,106609.1,51.54974,,125.37192082608583
2025-05-21 11:35:00+00:00,106625.96,106548.48,106625.97,106531.05,26.81042,,123.19678362422243
2025-05-21 11:40:00+00:00,106548.48,106602.61,106662.1,106548.47,26.5331,,122.5134419367783
2025-05-21 11:45:00+00:00,106602.61,106461.7,106602.61,106461.69,44.82042,,123.82819608415116
2025-05-21 11:50:00+00:00,106461.7,106511.25,106545.46,106461.69,31.11697,,120.96689636385494
2025-05-21 11:55:00+00:00,106511.25,106546.44,106570.51,106505.29,21.97719,,116.98497519500825
2025-05-21 12:00:00+00:00,106546.43,106459.55,106546.43,106454.54,38.77589,,115.19319125250829
2025-05-21 12:05:00+00:00,106459.55,106409.92,106492.79,106409.92,34.18645,,112.88439187732878
2025-05-21 12:10:00+00:00,106409.93,106524.19,106549.53,106409.93,41.11815,,114.79336388609104
2025-05-21 12:15:00+00:00,106524.19,106717.07,106725.6,106524.18,110.5799,,120.98098075137116
2025-05-21 12:20:00+00:00,106717.06,106739.72,106739.72,106700.85,48.77792,,115.11591069770147
2025-05-21 12:25:00+00:00,106739.71,106840.0,106920.21,106739.71,195.14119,,119.78620279072278
2025-05-21 12:30:00+00:00,106840.01,106636.36,106840.01,106636.36,79.8795,,125.77647401995645
2025-05-21 12:35:00+00:00,106636.36,106660.7,106697.83,106636.36,63.401,,121.18315444710251
2025-05-21 12:40:00+00:00,106660.7,106633.56,106660.71,106599.02,34.49979,,116.93364341516678
2025-05-21 12:45:00+00:00,106633.57,106548.72,106633.57,106500.0,51.49816,,118.12195459979823
2025-05-21 12:50:00+00:00,106548.72,106492.06,106645.89,106478.78,52.90797,,121.62110069981269
2025-05-21 12:55:00+00:00,106492.06,106573.11,106573.11,106492.05,39.19161,,118.72387922125448
2025-05-21 13:00:00+00:00,106573.1,106536.1,106659.05,106524.68,100.29458,,119.84145927687986
2025-05-21 13:05:00+00:00,106536.09,106453.94,106544.55,106400.63,69.442,,121.56135504281688
2025-05-21 13:10:00+00:00,106453.94,106421.49,106453.94,106329.47,64.96171,,121.76911539690148
2025-05-21 13:15:00+00:00,106421.5,106392.84,106458.28,106358.18,49.4758,,120.22132143998036
2025-05-21 13:20:00+00:00,106392.84,106396.32,106486.32,106376.01,37.36451,,119.51336990855407
2025-05-21 13:25:00+00:00,106396.32,106459.61,106500.0,106396.32,42.07077,,118.38241491508542
2025-05-21 13:30:00+00:00,106459.62,106573.08,106714.29,106459.62,113.45285,True,128.11795670686453
2025-05-21 13:35:00+00:00,106573.09,106763.22,106820.0,106505.68,86.0472,True,141.4181026563747
2025-05-21 13:40:00+00:00,106763.22,107140.18,107200.89,106684.97,189.92796,True,168.16823818091925
2025-05-21 13:45:00+00:00,107140.17,107198.81,107307.31,107063.61,129.83166,True,173.56336402513907
2025-05-21 13:50:00+00:00,107198.8,107346.0,107475.38,107191.3,126.62845,True,181.45740945191497
2025-05-21 13:55:00+00:00,107346.01,107244.76,107662.08,107215.02,183.44747,True,200.4290230624923
2025-05-21 14:00:00+00:00,107244.75,107390.48,107437.05,107123.58,208.65932,True,208.50337855802863
2025-05-21 14:05:00+00:00,107390.48,107429.88,107539.59,107310.74,249.54218,True,209.95670866102594
2025-05-21 14:10:00+00:00,107429.89,107426.62,107509.46,107273.18,370.69606,True,211.83694375666792
2025-05-21 14:15:00+00:00,107426.62,107659.05,107693.68,107340.34,333.01141,True,221.94430491690568
2025-05-21 14:20:00+00:00,107659.04,107598.01,107745.3,107558.96,255.84582,True,219.4011402799836
2025-05-21 14:25:00+00:00,107598.0,107342.21,107598.0,107313.23,254.22008,True,224.07105883141324
2025-05-21 14:30:00+00:00,107342.21,107080.98,107472.07,107009.06,363.84682,True,241.13812605774154
2025-05-21 14:35:00+00:00,107080.99,107477.99,107479.15,107080.99,237.35867,True,252.35468848218846
2025-05-21 14:40:00+00:00,107478.0,107779.85,107800.0,107452.74,250.55882,True,259.1336393048889
2025-05-21 14:45:00+00:00,107779.85,108047.88,108104.74,107691.29,715.5802,True,270.15623649739763
2025-05-21 14:50:00+00:00,108047.89,108404.55,108485.3,108012.0,719.34038,True,284.6665053190123
2025-05-21 14:55:00+00:00,108404.54,108999.99,109000.0,108396.01,855.36655,True,307.4753263676547
2025-05-21 15:00:00+00:00,108999.99,109000.01,109299.99,108427.09,899.06526,True,347.86280305568005
2025-05-21 15:05:00+00:00,109000.0,109214.9,109458.0,108956.59,663.06466,True,358.83045998027455
2025-05-21 15:10:00+00:00,109214.9,108826.0,109300.54,108709.12,499.53176,True,375.44399855311195
2025-05-21 15:15:00+00:00,108826.0,109014.56,109320.0,108825.99,470.20198,True,383.91299865646073
2025-05-21 15:20:00+00:00,109014.56,109225.61,109226.61,108883.4,324.04822,True,381.00564160957117
2025-05-21 15:25:00+00:00,109225.62,108915.0,109267.49,108868.04,234.74106,True,382.3230957803169
2025-05-21 15:30:00+00:00,108915.0,108766.1,109090.96,108765.0,236.63366,True,378.29716036743764
2025-05-21 15:35:00+00:00,108766.1,108461.67,108823.97,108332.26,538.32812,True,386.3980774840497
2025-05-21 15:40:00+00:00,108461.67,108896.64,108926.68,108461.66,229.20412,True,392.0139290923311
2025-05-21 15:45:00+00:00,108896.64,108633.59,108937.08,108549.99,271.22451,True,391.6622198714501
2025-05-21 15:50:00+00:00,108633.59,109147.05,109159.44,108601.22,328.09168,True,403.5592041663466
2025-05-21 15:55:00+00:00,109147.05,108973.35,109241.11,108973.34,214.43066,True,393.85997529732214
2025-05-21 16:00:00+00:00,108973.34,108909.12,109130.44,108894.1,195.82371,True,382.6085484903703
2025-05-21 16:05:00+00:00,108909.13,108945.99,109000.0,108701.54,130.32427,True,376.59793788391573
2025-05-21 16:10:00+00:00,108945.98,109099.99,109100.0,108921.43,176.41997,True,362.4530851779223
2025-05-21 16:15:00+00:00,109099.99,109056.0,109206.74,109039.0,206.86943,True,348.54500766521386
2025-05-21 16:20:00+00:00,109056.01,109045.11,109086.96,108938.48,108.37467,True,334.2546499748422
2025-05-21 16:25:00+00:00,109045.1,109117.0,109285.72,109030.25,188.59216,True,328.62717497663925
2025-05-21 16:30:00+00:00,109117.01,109579.38,109579.39,109080.0,660.22495,True,340.824519621165
2025-05-21 16:35:00+00:00,109579.38,109500.82,109678.0,109250.47,485.38711,True,347.01776821965314
2025-05-21 16:40:00+00:00,109500.81,109514.76,109628.58,109395.36,289.50185,True,338.88935620396376
2025-05-21 16:45:00+00:00,109514.76,109693.01,109845.0,109469.78,317.71537,True,341.484402189395
2025-05-21 16:50:00+00:00,109693.0,109545.94,109709.35,109461.72,247.86665,True,334.7805163187242
2025-05-21 16:55:00+00:00,109545.93,109131.7,109645.16,109131.7,544.79025,True,347.5433365816729
2025-05-21 17:00:00+00:00,109131.71,109167.08,109343.01,109012.11,221.4341,True,346.3545268258387
2025-05-21 17:05:00+00:00,109167.09,108978.39,109276.0,108970.78,120.26319,True,343.41634633827886
2025-05-21 17:10:00+00:00,108978.39,109052.08,109089.04,108783.85,170.51778,True,340.6858930284009
2025-05-21 17:15:00+00:00,109052.08,108562.95,109086.95,108457.74,387.82257,True,361.294757812086
2025-05-21 17:20:00+00:00,108562.96,107979.99,108616.0,107955.05,475.80068,True,382.6987036826511
2025-05-21 17:25:00+00:00,107980.0,106975.9,107984.1,106920.0,874.52037,True,431.37022484817646
2025-05-21 17:30:00+00:00,106975.91,107529.4,107682.92,106639.06,1007.47795,True,475.1194945018782
2025-05-21 17:35:00+00:00,107529.4,107492.32,107573.29,106868.0,664.91781,True,491.5602448946007
2025-05-21 17:40:00+00:00,107492.32,106517.07,107538.53,106500.0,753.01211,True,530.6295131164148
2025-05-21 17:45:00+00:00,106517.06,106593.68,107000.0,106444.65,595.85672,True,532.3952621795285
2025-05-21 17:50:00+00:00,106593.67,106240.01,106800.0,106158.07,540.56748,True,540.2191720238474
2025-05-21 17:55:00+00:00,106240.0,106592.79,106614.02,106117.67,437.72471,True,537.0856597364301
2025-05-21 18:00:00+00:00,106592.8,106642.39,106691.44,106317.0,313.19471,True,525.4681126123995
2025-05-21 18:05:00+00:00,106642.39,107071.43,107071.43,106588.09,332.20996,True,522.4589617115136
2025-05-21 18:10:00+00:00,107071.43,106830.76,107090.91,106740.26,255.23223,True,510.1868930178347
2025-05-21 18:15:00+00:00,106830.76,106931.8,107066.8,106759.23,263.41296,True,495.71425780227554
2025-05-21 18:20:00+00:00,106931.79,106577.63,106931.79,106485.13,231.57293,True,492.2110965306843
2025-05-21 18:25:00+00:00,106577.63,106658.55,106755.76,106529.83,229.21408,True,473.19101820706345
2025-05-21 18:30:00+00:00,106658.55,106908.23,106926.69,106632.56,225.46046,True,460.4009454779878
2025-05-21 18:35:00+00:00,106910.04,106975.43,107000.0,106800.0,99.87949,True,441.8008779438459
2025-05-21 18:40:00+00:00,106975.42,107330.34,107374.46,106956.52,218.33493,True,440.0965295192856
2025-05-21 18:45:00+00:00,107330.33,107073.96,107415.83,106978.52,216.70843,True,439.89749169647934
2025-05-21 18:50:00+00:00,107073.95,107045.45,107288.0,107045.45,82.4319,True,425.8012422895882
2025-05-21 18:55:00+00:00,107045.45,106965.05,107048.11,106885.31,108.78019,True,407.01543926890355
2025-05-21 19:00:00+00:00,106965.05,107164.02,107190.48,106919.8,120.12969,True,397.2771936068385
2025-05-21 19:05:00+00:00,107164.02,106627.69,107300.0,106619.68,193.07212,True,417.4945369206363
2025-05-21 19:10:00+00:00,106627.69,107015.02,107029.02,106621.04,140.93731,True,416.8149271405916
2025-05-21 19:15:00+00:00,107015.02,106913.96,107086.96,106865.74,122.47582,True,402.8438609162637
2025-05-21 19:20:00+00:00,106913.95,107024.08,107043.48,106777.1,116.86297,True,393.09644227938696
2025-05-21 19:25:00+00:00,107024.07,107223.99,107224.06,106986.07,93.41521,True,382.01741068800146
2025-05-21 19:30:00+00:00,107224.0,107625.88,107637.85,107224.0,267.0313,True,384.2918813531442
2025-05-21 19:35:00+00:00,107625.88,108346.01,108371.54,107533.67,487.49678,True,416.69031839934786
2025-05-21 19:40:00+00:00,108346.0,108114.22,108434.26,108107.97,242.61672,True,410.23315279939396
2025-05-21 19:45:00+00:00,108114.22,108330.0,108357.37,107970.05,130.40013,True,408.5964990280081
2025-05-21 19:50:00+00:00,108330.0,108370.64,108679.51,108293.36,291.24644,True,406.99317766886423
2025-05-21 19:55:00+00:00,108370.64,108603.79,108857.19,108288.26,374.27721,True,418.56009354966017
2025-05-21 20:00:00+00:00,108603.79,108548.47,108739.14,108447.29,140.92071,True,409.50937258182773
2025-05-21 20:05:00+00:00,108548.48,108414.91,108695.66,108369.94,131.14455,,403.5244173974115
2025-05-21 20:10:00+00:00,108414.9,108252.69,108461.33,108155.6,241.62547,,396.5391018690247
2025-05-21 20:15:00+00:00,108252.69,108358.25,108358.25,108202.99,62.72416,,379.30488030695113
2025-05-21 20:20:00+00:00,108358.24,108304.71,108418.33,108291.27,77.21253,,361.28738885645447
2025-05-21 20:25:00+00:00,108304.72,108195.26,108391.29,108162.5,74.86924,,351.8232896524215
2025-05-21 20:30:00+00:00,108195.26,108152.39,108252.43,108095.24,114.25844,,337.92091182010483
2025-05-21 20:35:00+00:00,108152.39,108041.51,108152.39,108034.31,102.89594,,322.21798954724034
2025-05-21 20:40:00+00:00,108041.51,107968.58,108055.73,107957.25,42.41412,,306.23670457958
2025-05-21 20:45:00+00:00,107968.58,107980.96,107989.21,107878.92,62.50359,,292.2405113953249
2025-05-21 20:50:00+00:00,107980.96,108019.99,108019.99,107725.0,96.60273,,292.43690343851637
2025-05-21 20:55:00+00:00,108019.99,108238.09,108238.1,108019.99,91.63556,,287.12783890719385
2025-05-21 21:00:00+00:00,108238.09,108078.71,108240.18,107940.0,68.08614,,288.06013612810807
2025-05-21 21:05:00+00:00,108078.71,108410.77,108415.57,108048.4,66.70078,,293.710840690387
2025-05-21 21:10:00+00:00,108410.77,108330.0,108458.49,108330.0,67.57222,,281.9093520696454
2025-05-21 21:15:00+00:00,108330.0,108220.13,108330.01,108178.23,142.89562,,272.61439835038493
2025-05-21 21:20:00+00:00,108220.13,108178.54,108275.0,108144.44,104.70056,,262.46765561107156
2025-05-21 21:25:00+00:00,108178.53,108074.85,108261.2,108074.85,43.00522,,257.03068021028014
2025-05-21 21:30:00+00:00,108074.85,108100.17,108135.75,108074.85,29.23582,,243.02134590954543
2025-05-21 21:35:00+00:00,108100.17,108280.58,108280.59,108068.25,36.14943,,240.8298212017205
2025-05-21 21:40:00+00:00,108280.58,108414.69,108470.58,108260.89,52.13406,,238.60554825874064
2025-05-21 21:45:00+00:00,108414.69,108517.03,108560.34,108372.14,77.81139,,235.0051519545447
2025-05-21 21:50:00+00:00,108517.03,108343.57,108517.04,108343.56,43.70189,,230.61049824350548
2025-05-21 21:55:00+00:00,108343.57,108414.64,108489.69,108328.64,44.08702,,225.64189122611242
2025-05-21 22:00:00+00:00,108414.63,108490.99,108535.14,108414.63,39.95256,,218.13247042424686
2025-05-21 22:05:00+00:00,108490.98,108308.12,108563.63,108304.34,52.53297,,221.07229396537267
2025-05-21 22:10:00+00:00,108308.12,108314.54,108391.31,108285.5,32.41101,,212.83927296784586
2025-05-21 22:15:00+00:00,108314.54,108327.88,108379.91,108278.97,34.56231,,204.84646775585702
2025-05-21 22:20:00+00:00,108327.88,108505.07,108571.43,108327.87,51.00851,,207.6117200590099
2025-05-21 22:25:00+00:00,108505.08,108621.23,108621.24,108505.08,40.06762,,201.08016862622338
2025-05-21 22:30:00+00:00,108621.23,108899.99,108900.0,108621.23,99.05102,,206.62944229577914
2025-05-21 22:35:00+00:00,108900.0,108818.18,108928.97,108818.18,134.18821,,199.78376784608122
2025-05-21 22:40:00+00:00,108818.18,108941.0,108976.0,108701.51,65.03899,,205.1199272856472
2025-05-21 22:45:00+00:00,108941.0,108854.38,109028.25,108828.4,110.47503,,204.74350390810142
2025-05-21 22:50:00+00:00,108854.38,108924.79,108965.7,108741.6,73.7383,,206.12611077180784
2025-05-21 22:55:00+00:00,108924.78,108739.36,108924.78,108683.94,56.42919,,208.60638857382096
2025-05-21 23:00:00+00:00,108739.36,108887.61,108888.0,108660.0,55.913,,209.99164653283376
2025-05-21 23:05:00+00:00,108887.61,108953.14,109002.45,108846.5,84.66035,,206.13152892334543
2025-05-21 23:10:00+00:00,108953.14,109368.43,109379.53,108953.14,183.9724,,221.86427685739213
2025-05-21 23:15:00+00:00,109368.43,109536.93,109686.0,109357.2,447.38275,,229.50254279615004
2025-05-21 23:20:00+00:00,109536.93,109940.0,109980.0,109512.66,551.59558,,246.49093259642478
2025-05-21 23:25:00+00:00,109939.99,109752.65,110797.38,109468.79,2321.799015,,323.7837231252524
2025-05-21 23:30:00+00:00,109752.66,109547.0,110120.31,109400.0,404.54355,,352.1070286163056
2025-05-21 23:35:00+00:00,109547.01,109663.19,109860.0,109506.72,160.26644,,352.19081228656944
2025-05-21 23:40:00+00:00,109663.18,109586.68,109917.6,109514.58,158.57371,,355.82146855181475
2025-05-21 23:45:00+00:00,109586.69,109621.01,109758.44,109555.36,71.06911,,344.91136365525665
2025-05-21 23:50:00+00:00,109621.02,109631.25,109749.57,109336.66,169.77475,,349.7684091084529
2025-05-21 23:55:00+00:00,109631.25,109643.99,109704.34,109567.2,96.04426,,334.5806656007062
2025-05-22 00:00:00+00:00,109643.99,109842.0,109858.0,109488.04,157.17835,,337.10776091494193
2025-05-22 00:05:00+00:00,109841.99,109975.47,109978.02,109600.01,123.67966,,340.0293494210182
2025-05-22 00:10:00+00:00,109975.46,109967.68,110178.49,109828.0,323.80124,,340.7765387480887
2025-05-22 00:15:00+00:00,109967.68,109947.05,110060.0,109776.42,319.53531,,336.69107169465394
2025-05-22 00:20:00+00:00,109947.06,109985.91,110008.22,109837.73,215.29202,,324.8195665736076
2025-05-22 00:25:00+00:00,109985.91,109688.81,109985.91,109688.81,197.88209,,322.83959753263605
2025-05-22 00:30:00+00:00,109688.81,109655.43,109833.2,109549.17,135.37849,,320.06748342316195
2025-05-22 00:35:00+00:00,109655.43,109433.83,109820.28,109423.07,128.49204,,325.5776631786498
2025-05-22 00:40:00+00:00,109433.84,109345.65,109441.06,109177.37,194.05621,,321.1571158087464
2025-05-22 00:45:00+00:00,109345.65,109510.01,109759.4,109332.02,156.13466,,328.7444646795496
2025-05-22 00:50:00+00:00,109510.02,109769.98,109769.99,109510.01,92.57979,,323.83271720243965
2025-05-22 00:55:00+00:00,109769.98,109954.53,109964.96,109699.92,103.45467,,319.633237402266
2025-05-22 01:00:00+00:00,109954.54,110524.49,110556.95,109880.31,466.21159,,345.1337204449613
2025-05-22 01:05:00+00:00,110524.49,110229.07,110576.7,110178.29,333.00393,,348.93916898460714
2025-05-22 01:10:00+00:00,110229.08,110111.05,110413.92,110082.29,124.70945,,347.70279977142127
2025-05-22 01:15:00+00:00,110111.04,109911.57,110253.36,109888.92,120.22926,,348.89831407346276
2025-05-22 01:20:00+00:00,109911.57,109893.46,110065.2,109829.32,122.83953,,340.825577353929
2025-05-22 01:25:00+00:00,109893.46,109994.37,110000.0,109813.4,96.71064,,329.8094646857917
2025-05-22 01:30:00+00:00,109994.36,110026.31,110292.0,109994.36,120.26123,,327.51164577966364
2025-05-22 01:35:00+00:00,110026.3,109791.11,110075.17,109750.86,89.20938,,327.2829567954018
2025-05-22 01:40:00+00:00,109791.1,109823.69,109948.65,109719.52,83.10594,,320.2720313100152
2025-05-22 01:45:00+00:00,109823.69,109794.45,109943.99,109667.0,67.06489,,317.1804576450145
2025-05-22 01:50:00+00:00,109794.45,109811.09,109980.0,109794.45,67.58783,,307.7782820989422
2025-05-22 01:55:00+00:00,109811.1,109920.68,109929.46,109739.13,85.25576,,299.3891190918751
2025-05-22 02:00:00+00:00,109920.69,109964.01,109998.0,109822.58,98.17245,,290.5341820138839
2025-05-22 02:05:00+00:00,109964.01,110227.27,110341.4,109883.25,320.55068,,302.5067404414632
2025-05-22 02:10:00+00:00,110227.27,110116.93,110291.81,110025.0,118.92806,,299.9569732670728
2025-05-22 02:15:00+00:00,110116.94,110150.64,110217.4,109973.58,84.73253,,295.9471894622813
2025-05-22 02:20:00+00:00,110150.65,110466.16,110492.03,110101.0,225.68065,,302.738818786404
2025-05-22 02:25:00+00:00,110466.17,110440.41,110618.0,110391.56,205.3893,,297.2889031588039
2025-05-22 02:30:00+00:00,110440.4,110727.27,110790.0,110440.4,209.57795,,301.02541007603264
2025-05-22 02:35:00+00:00,110727.28,110837.0,110981.96,110695.65,247.92765,,299.97430935631695
2025-05-22 02:40:00+00:00,110837.0,110462.53,110894.64,110374.21,287.29236,,315.72114440229376
2025-05-22 02:45:00+00:00,110462.52,110377.72,110634.15,110372.21,141.92734,,311.8796340878433
2025-05-22 02:50:00+00:00,110377.71,110575.96,110575.96,110308.52,86.315,,308.70537451014036
2025-05-22 02:55:00+00:00,110575.95,110471.51,110630.64,110449.99,90.05425,,299.5585620451299
2025-05-22 03:00:00+00:00,110471.52,110605.92,110668.73,110339.87,196.12105,,301.65152189904927
2025-05-22 03:05:00+00:00,110605.92,110643.51,110700.0,110599.98,83.53177,,287.24927033483175
2025-05-22 03:10:00+00:00,110643.51,110499.99,110662.51,110476.23,62.60814,,280.0371795966294
2025-05-22 03:15:00+00:00,110500.0,110447.79,110590.91,110428.85,120.79811,,271.61023819687
2025-05-22 03:20:00+00:00,110447.8,110762.47,110779.94,110428.96,149.57562,,277.27950689709326
2025-05-22 03:25:00+00:00,110762.46,110771.15,110884.35,110724.02,110.24794,,268.9259706901581
2025-05-22 03:30:00+00:00,110771.14,110877.47,110877.48,110704.42,115.07112,,262.07840135514664
2025-05-22 03:35:00+00:00,110877.48,110793.02,110999.0,110716.19,165.97615,,263.5592298297789
2025-05-22 03:40:00+00:00,110793.01,111313.95,111471.64,110793.01,722.49174,,293.207141984795
2025-05-22 03:45:00+00:00,111313.96,111718.0,111718.0,111313.96,543.79564,,301.12448898588127
2025-05-22 03:50:00+00:00,111718.0,111667.51,111871.0,111549.32,429.59373,,302.5927397726035
2025-05-22 03:55:00+00:00,111667.52,111780.84,111880.0,111666.67,277.71849,,296.21682978884627
2025-05-22 04:00:00+00:00,111780.84,111512.83,111795.04,111497.59,216.83276,,296.30491337535705
2025-05-22 04:05:00+00:00,111512.83,111505.78,111587.7,111405.57,176.24622,,288.1495624199737
2025-05-22 04:10:00+00:00,111505.79,111391.3,111580.28,111316.76,201.65781,,286.3903079614044
2025-05-22 04:15:00+00:00,111391.29,111413.22,111448.98,111234.4,258.06983,,281.2610002498756
2025-05-22 04:20:00+00:00,111413.22,111252.89,111482.43,111246.37,164.70945,,278.0323573748843
2025-05-22 04:25:00+00:00,111252.89,111488.84,111500.0,111240.01,129.77073,,276.74361756239296
2025-05-22 04:30:00+00:00,111488.84,111404.01,111586.65,111295.14,164.27759,,277.7983591650788
2025-05-22 04:35:00+00:00,111404.0,111479.25,111518.64,111397.27,109.18027,,266.6249049390014
2025-05-22 04:40:00+00:00,111479.25,111725.82,111725.82,111460.0,162.65862,,266.5674117290732
2025-05-22 04:45:00+00:00,111725.82,111620.99,111725.82,111590.9,99.21897,,257.1640251769975
2025-05-22 04:50:00+00:00,111620.99,111475.0,111621.0,111418.98,76.56924,,253.2251662357837
2025-05-22 04:55:00+00:00,111475.0,111482.42,111540.93,111428.09,86.73979,,243.1976543617989
2025-05-22 05:00:00+00:00,111482.43,111510.87,111523.12,111399.76,83.87875,,234.63782190738473
2025-05-22 05:05:00+00:00,111510.86,111311.53,111672.32,111244.06,145.73221,,248.46797748542934
2025-05-22 05:10:00+00:00,111311.53,111330.37,111334.57,111199.61,220.80851,,240.3602648078991
2025-05-22 05:15:00+00:00,111330.38,111385.96,111484.11,111320.82,97.53365,,234.85524589304873
2025-05-22 05:20:00+00:00,111385.95,111404.98,111434.73,111326.0,74.00581,,225.84629975783068
2025-05-22 05:25:00+00:00,111404.98,111448.99,111484.98,111272.88,162.71258,,224.8644212036993
2025-05-22 05:30:00+00:00,111448.99,111350.33,111448.99,111313.69,169.85646,,218.46696254629242
2025-05-22 05:35:00+00:00,111350.33,111485.0,111485.01,111325.17,368.3101,,214.27932236441416
2025-05-22 05:40:00+00:00,111485.0,111426.48,111509.12,111325.28,150.59362,,212.10508505267003
2025-05-22 05:45:00+00:00,111426.48,111434.8,111507.09,111355.61,381.49079,,207.7747218346219
2025-05-22 05:50:00+00:00,111434.81,111366.15,111519.53,111357.51,237.68891,,204.50652741786348
2025-05-22 05:55:00+00:00,111366.15,110879.99,111366.15,110832.38,491.71392,,228.02534688801532
2025-05-22 06:00:00+00:00,110880.0,111152.35,111185.82,110843.49,149.98577,,236.1899649674429
2025-05-22 06:05:00+00:00,111152.35,111048.97,111152.35,111009.91,167.61179,,229.49353889834
2025-05-22 06:10:00+00:00,111048.97,111008.0,111048.98,110913.36,139.08297,,222.7882861198868
2025-05-22 06:15:00+00:00,111008.01,110938.45,111015.8,110800.07,163.06429,,222.28412282560888
2025-05-22 06:20:00+00:00,110938.45,110999.66,110999.66,110809.52,51.0297,,219.98811405235105
2025-05-22 06:25:00+00:00,110999.65,110835.55,111029.99,110687.57,206.61324,,228.7332487628973
2025-05-22 06:30:00+00:00,110835.54,110812.24,110948.68,110632.07,113.29094,,235.01015956554647
2025-05-22 06:35:00+00:00,110812.23,110743.44,110890.41,110716.34,116.0558,,230.65729102515078
2025-05-22 06:40:00+00:00,110743.44,110879.87,110880.0,110736.86,67.92891,,224.40605595192568
2025-05-22 06:45:00+00:00,110879.88,110691.24,110952.39,110681.81,121.55296,,227.70419481250252
2025-05-22 06:50:00+00:00,110691.24,110638.63,110745.0,110590.9,95.78391,,222.44675232589563
2025-05-22 06:55:00+00:00,110638.64,110606.07,110638.64,110478.26,115.16813,,218.01341287404628
2025-05-22 07:00:00+00:00,110606.07,110641.76,110644.72,110461.87,102.77147,,215.50174052590052
2025-05-22 07:05:00+00:00,110641.95,110695.66,110716.36,110550.02,65.58837,,211.9901876311931
2025-05-22 07:10:00+00:00,110695.65,110809.53,110809.53,110530.51,76.01918,,216.77803137182244
2025-05-22 07:15:00+00:00,110809.53,110759.62,111068.11,110727.28,152.54984,,225.63888627383523
2025-05-22 07:20:00+00:00,110759.62,110727.9,110854.26,110665.68,73.53601,,222.9918229685614
2025-05-22 07:25:00+00:00,110727.9,110730.93,110817.12,110600.0,82.32602,,222.57240704223526
2025-05-22 07:30:00+00:00,110730.92,110854.78,110869.57,110655.0,70.57328,,222.00080653921896
2025-05-22 07:35:00+00:00,110854.78,110882.13,111020.73,110840.0,76.17091,,219.05289178641732
2025-05-22 07:40:00+00:00,110882.13,110880.03,111066.43,110851.96,103.93865,,218.72554237310084
2025-05-22 07:45:00+00:00,110880.03,110956.53,110969.31,110782.55,104.29133,,216.44228934645042
2025-05-22 07:50:00+00:00,110956.52,110986.8,111026.54,110880.0,119.82741,,211.44926867884638
2025-05-22 07:55:00+00:00,110986.8,111045.45,111139.71,110970.84,138.38591,,208.40789234464378
2025-05-22 08:00:00+00:00,111045.45,110968.5,111140.0,110939.93,93.42065,,207.81232860574116
2025-05-22 08:05:00+00:00,110968.5,111001.55,111078.76,110954.78,73.90582,,201.82430513390221
2025-05-22 08:10:00+00:00,111001.55,110999.99,111041.74,110932.0,49.12673,,195.2468547671953
2025-05-22 08:15:00+00:00,110999.99,111120.01,111162.18,110987.26,77.27332,,193.79493656953835
2025-05-22 08:20:00+00:00,111120.0,110798.0,111120.01,110776.77,166.29343,,204.4695839574278
2025-05-22 08:25:00+00:00,110798.0,110784.22,110931.17,110699.75,107.81166,,206.39461367475425
2025-05-22 08:30:00+00:00,110784.22,110445.99,110804.15,110425.75,113.33809,,218.68071269798568
2025-05-22 08:35:00+00:00,110446.0,110594.24,110636.37,110445.99,87.86438,,216.65923321955742
2025-05-22 08:40:00+00:00,110594.23,110549.53,110602.63,110494.22,93.30235,,208.9271451324464
2025-05-22 08:45:00+00:00,110549.53,110463.84,110648.57,110463.83,112.9776,,207.19949190870062
2025-05-22 08:50:00+00:00,110463.83,110512.25,110521.55,110381.46,139.60813,,202.40595677236462
2025-05-22 08:55:00+00:00,110512.25,110409.09,110512.25,110409.09,63.56856,,195.31695986005312
2025-05-22 09:00:00+00:00,110409.1,110420.56,110454.54,110272.72,142.88969,,194.35289129862022
2025-05-22 09:05:00+00:00,110420.56,110487.85,110535.28,110272.72,95.08071,,199.2248276344329
2025-05-22 09:10:00+00:00,110487.86,110429.68,110521.54,110396.9,109.05968,,193.89733994625908
2025-05-22 09:15:00+00:00,110429.69,110481.22,110520.15,110287.59,132.37098,,196.65895852152613
2025-05-22 09:20:00+00:00,110481.22,110516.83,110608.7,110481.22,76.04363,,191.71760434141683
2025-05-22 09:25:00+00:00,110516.83,110678.65,110680.0,110480.58,83.81057,,192.26777545988693
2025-05-22 09:30:00+00:00,110678.64,110619.95,110678.65,110619.05,33.25673,,182.79150578418012
2025-05-22 09:35:00+00:00,110619.96,110740.81,110799.99,110532.44,106.6899,,188.84568394245318
2025-05-22 09:40:00+00:00,110740.81,110645.99,110797.79,110581.27,64.53592,,190.8224208037058
2025-05-22 09:45:00+00:00,110645.99,110616.04,110702.15,110592.21,71.94449,,185.04510503201166
2025-05-22 09:50:00+00:00,110616.03,110799.85,110799.85,110593.05,80.15908,,186.5990261011539
2025-05-22 09:55:00+00:00,110799.85,110821.3,110840.0,110742.0,50.67594,,180.27052423678577
2025-05-22 10:00:00+00:00,110821.3,110733.88,110868.48,110714.65,82.17309,,178.38191536272979
2025-05-22 10:05:00+00:00,110733.88,110716.06,110796.38,110601.0,42.70679,,179.59606426539227
2025-05-22 10:10:00+00:00,110716.06,110727.27,110780.54,110714.28,55.66305,,171.50063110357817
2025-05-22 10:15:00+00:00,110727.27,110750.15,110800.0,110682.75,62.58058,,167.62558602475116
2025-05-22 10:20:00+00:00,110750.15,110869.56,110869.57,110750.15,44.47084,,164.182329880127
2025-05-22 10:25:00+00:00,110869.56,110901.83,110952.0,110840.92,103.15358,,160.38930631726092
2025-05-22 10:30:00+00:00,110901.83,110899.99,110952.39,110828.87,67.46966,,157.75578443745687
2025-05-22 10:35:00+00:00,110899.99,110844.7,110900.0,110826.1,51.33232,,151.76608554906667
2025-05-22 10:40:00+00:00,110844.7,110913.05,110913.05,110826.48,67.56468,,147.1092222955624
2025-05-22 10:45:00+00:00,110913.05,110743.91,110920.0,110705.01,113.41313,,151.95784927445115
2025-05-22 10:50:00+00:00,110743.91,110774.22,110848.95,110723.03,61.73036,,150.0980028977045
2025-05-22 10:55:00+00:00,110774.22,110805.22,110848.95,110727.27,71.65535,,148.06814554786797
2025-05-22 11:00:00+00:00,110805.23,110717.36,110868.65,110717.35,56.51672,,148.298992294448
2025-05-22 11:05:00+00:00,110717.35,110652.17,110759.85,110625.47,61.62136,,147.30477855913063
2025-05-22 11:10:00+00:00,110652.18,110727.27,110791.2,110652.17,74.03706,,146.71372294776407
2025-05-22 11:15:00+00:00,110727.28,110894.0,110900.0,110636.36,84.38939,,155.0655998800666
2025-05-22 11:20:00+00:00,110894.0,110693.36,110920.0,110583.43,57.78525,,168.03019988863375
2025-05-22 11:25:00+00:00,110693.35,110502.45,110693.36,110502.44,61.78607,,169.66518561087406
2025-05-22 11:30:00+00:00,110502.44,110577.27,110577.28,110500.0,43.24987,,163.06624378152583
2025-05-22 11:35:00+00:00,110577.28,110642.2,110651.6,110570.0,44.97806,,157.24722636856012
2025-05-22 11:40:00+00:00,110642.19,110675.3,110675.31,110594.97,30.2688,,151.75385305651986
2025-05-22 11:45:00+00:00,110675.31,110834.85,110840.0,110666.66,88.50989,,153.29572069533964
2025-05-22 11:50:00+00:00,110834.86,111102.04,111130.23,110834.85,142.23727,,163.44459778852894
2025-05-22 11:55:00+00:00,111102.04,110981.97,111326.2,110960.85,219.88667,,177.86641223220482
2025-05-22 12:00:00+00:00,110981.98,111013.9,111093.89,110867.92,73.31977,,181.30238278704743
2025-05-22 12:05:00+00:00,111013.9,111028.0,111168.0,111001.03,69.68663,,180.27864115940127
2025-05-22 12:10:00+00:00,111028.0,110820.93,111028.0,110818.18,90.40781,,182.38873821944455
2025-05-22 12:15:00+00:00,110820.94,111228.47,111287.97,110804.72,158.67966,,203.8788283466271
2025-05-22 12:20:00+00:00,111228.46,111251.81,111348.74,111165.52,222.71037,,202.40319775043955
2025-05-22 12:25:00+00:00,111251.8,111285.71,111408.87,111218.53,165.8477,,201.54154076826507
2025-05-22 12:30:00+00:00,111285.71,111405.23,111479.4,111186.05,211.82873,,208.09928785624552
2025-05-22 12:35:00+00:00,111405.23,111445.76,111569.25,111405.23,162.83246,,204.95076729508543
2025-05-22 12:40:00+00:00,111445.75,111392.23,111568.16,111348.57,114.53924,,205.99642677400766
2025-05-22 12:45:00+00:00,111392.23,111486.97,111517.78,111382.0,78.79763,,200.98096771872133
2025-05-22 12:50:00+00:00,111486.98,111523.99,111565.22,111478.26,72.14871,,192.83661288167028
2025-05-22 12:55:00+00:00,111523.99,111608.69,111626.43,111500.0,177.2126,,188.0932833901219
2025-05-22 13:00:00+00:00,111608.69,111355.76,111625.75,111355.75,90.96159,,193.94376314797037
2025-05-22 13:05:00+00:00,111355.75,111344.26,111373.9,111233.37,85.4144,,190.1284943516867
2025-05-22 13:10:00+00:00,111344.25,111268.01,111429.45,111268.0,77.10312,,188.08003046942318
2025-05-22 13:15:00+00:00,111268.0,111154.24,111297.25,111154.23,86.33313,,184.86145686446466
2025-05-22 13:20:00+00:00,111154.23,111298.33,111339.83,111114.44,71.50029,,187.75635280271715
2025-05-22 13:25:00+00:00,111298.33,111417.14,111417.15,111286.0,77.39193,,183.71304188823692
2025-05-22 13:30:00+00:00,111417.14,111069.46,111600.0,110973.48,233.54704,True,215.34211032479172
2025-05-22 13:35:00+00:00,111069.45,111292.92,111358.45,110918.01,265.36441,True,231.4205310158782
2025-05-22 13:40:00+00:00,111292.91,111314.61,111563.65,111218.22,138.5781,True,239.56406451474354
2025-05-22 13:45:00+00:00,111314.61,111220.0,111338.83,110964.21,167.00138,True,249.21091704940437
2025-05-22 13:50:00+00:00,111219.99,111347.83,111474.98,111045.52,116.31774,True,262.0858515458749
2025-05-22 13:55:00+00:00,111347.83,110914.49,111354.0,110904.0,191.79879,True,275.50829072116954
2025-05-22 14:00:00+00:00,110914.49,110921.44,111047.17,110750.01,161.35311,True,277.0548413839434
2025-05-22 14:05:00+00:00,110921.45,111019.92,111173.92,110820.02,125.44619,True,282.5437812850899
2025-05-22 14:10:00+00:00,111019.92,110767.06,111019.92,110614.9,158.58696,True,291.2920826218695
2025-05-22 14:15:00+00:00,110767.06,111081.87,111136.37,110708.06,122.63117,True,301.07907672030717
2025-05-22 14:20:00+00:00,111081.86,110922.44,111181.82,110880.0,119.53071,True,301.1319998117143
2025-05-22 14:25:00+00:00,110922.44,111265.56,111323.84,110800.01,168.77484,True,317.03899982516344
2025-05-22 14:30:00+00:00,111265.56,111173.92,111397.94,111027.65,222.81583,True,320.84264269479525
2025-05-22 14:35:00+00:00,111173.91,110854.21,111270.06,110738.93,119.79582,True,335.8631682165959
2025-05-22 14:40:00+00:00,110854.2,110935.28,111105.83,110818.18,126.73843,True,332.4193704868397
2025-05-22 14:45:00+00:00,110935.29,110828.63,111036.88,110828.59,132.32921,True,323.55298688063743
2025-05-22 14:50:00+00:00,110828.62,110770.19,110945.49,110712.99,89.77688,True,317.0492021034491
2025-05-22 14:55:00+00:00,110770.18,110897.9,110909.68,110550.0,138.23824,True,320.0942590960594
2025-05-22 15:00:00+00:00,110897.89,110940.01,110992.4,110787.8,176.70722,True,311.8446691606259
2025-05-22 15:05:00+00:00,110940.01,110944.35,111167.47,110863.63,197.86608,True,311.2729070777238
2025-05-22 15:10:00+00:00,110944.35,110952.39,111000.0,110879.25,60.14409,True,297.6641280007435
2025-05-22 15:15:00+00:00,110952.38,111141.95,111158.96,110840.0,108.79749,True,299.18526171497655
2025-05-22 15:20:00+00:00,111141.95,111139.96,111281.98,111119.62,96.44092,True,289.4120287353354
2025-05-22 15:25:00+00:00,111139.96,111128.4,111217.4,111097.19,94.03827,True,277.3261695399537
2025-05-22 15:30:00+00:00,111128.4,111217.27,111227.28,111043.47,72.73655,True,270.64644314424254
2025-05-22 15:35:00+00:00,111217.26,111355.68,111357.62,111181.82,77.35987,True,263.87169720536724
2025-05-22 15:40:00+00:00,111355.68,111492.97,111492.97,111292.02,71.02348,True,259.3772902621265
2025-05-22 15:45:00+00:00,111492.98,111379.99,111529.72,111333.0,130.52196,True,254.90176952911756
2025-05-22 15:50:00+00:00,111379.99,111355.19,111434.79,111236.74,56.50539,True,250.84092884846547
2025-05-22 15:55:00+00:00,111355.18,111290.86,111379.93,111189.68,58.77824,True,246.51300535928937
2025-05-22 16:00:00+00:00,111290.85,111402.9,111427.09,111227.27,61.73659,True,243.17779069076818
2025-05-22 16:05:00+00:00,111402.9,111391.3,111476.2,111318.18,46.51812,True,237.09509135571358
2025-05-22 16:10:00+00:00,111391.3,111510.6,111510.61,111380.0,47.50627,True,229.4890134017341
2025-05-22 16:15:00+00:00,111510.61,111560.01,111782.61,111510.61,138.01748,True,232.52622673018126
2025-05-22 16:20:00+00:00,111560.01,111434.78,111562.19,111363.65,71.22071,True,230.09863910659746
2025-05-22 16:25:00+00:00,111434.78,111254.59,111436.97,111252.55,36.4759,True,226.8358791704118
2025-05-22 16:30:00+00:00,111254.59,111122.98,111258.84,111087.25,98.67124,True,222.88974494395356
2025-05-22 16:35:00+00:00,111122.98,111363.63,111406.79,111122.98,74.67077,True,227.241191733671
2025-05-22 16:40:00+00:00,111363.63,111430.01,111468.03,111272.83,61.49771,True,224.95253518126574
2025-05-22 16:45:00+00:00,111430.01,111336.54,111431.36,111290.37,41.68972,True,218.95521123974714
2025-05-22 16:50:00+00:00,111336.53,111316.78,111391.31,111304.35,53.29146,True,209.52698186547892
2025-05-22 16:55:00+00:00,111316.77,111252.36,111316.78,111128.0,48.85725,True,208.0450545893732
2025-05-22 17:00:00+00:00,111252.36,111314.25,111314.26,111168.03,31.51661,True,203.62969354727483
2025-05-22 17:05:00+00:00,111314.26,111318.19,111407.68,111314.26,44.23023,True,195.75828686532614
2025-05-22 17:10:00+00:00,111318.18,111382.65,111396.18,111259.23,19.83181,True,191.55769494637408
2025-05-22 17:15:00+00:00,111382.65,111526.94,111526.95,111351.57,57.37351,True,190.40214530734667
2025-05-22 17:20:00+00:00,111526.95,111912.02,111941.91,111526.94,213.52384,True,206.44270635682201
2025-05-22 17:25:00+00:00,111912.01,111705.63,111948.46,111681.81,119.50039,True,210.74322733133536
2025-05-22 17:30:00+00:00,111705.62,111913.04,111980.0,111666.66,111.80097,True,218.07156823623973
2025-05-22 17:35:00+00:00,111913.05,111844.87,111932.02,111812.42,68.55729,True,211.03788479079444
2025-05-22 17:40:00+00:00,111844.86,111749.99,111844.87,111675.52,57.76798,True,208.0601787343085
2025-05-22 17:45:00+00:00,111749.98,111518.5,111749.99,111503.45,70.78492,True,210.80873739614418
2025-05-22 17:50:00+00:00,111518.5,111442.89,111563.68,111442.88,55.36749,True,204.37954186784734
2025-05-22 17:55:00+00:00,111442.88,111502.31,111542.81,111379.91,67.3807,True,201.41671744871496
2025-05-22 18:00:00+00:00,111502.32,111528.72,111551.0,111409.09,68.68622,True,197.16623763094984
2025-05-22 18:05:00+00:00,111528.71,111391.31,111535.56,111391.3,27.67199,True,193.38722065731017
2025-05-22 18:10:00+00:00,111391.3,111445.99,111565.22,111379.22,66.51659,True,192.85956203893085
2025-05-22 18:15:00+00:00,111446.0,111686.26,111686.26,111446.0,48.31294,True,196.24602189329218
2025-05-22 18:20:00+00:00,111686.26,111619.04,111726.17,111548.35,38.0424,True,194.9298774723422
2025-05-22 18:25:00+00:00,111619.05,111694.59,111694.6,111576.58,25.40748,True,189.43631479574665
2025-05-22 18:30:00+00:00,111694.6,111794.81,111853.5,111654.61,64.40367,True,190.11157802462185
2025-05-22 18:35:00+00:00,111794.81,111924.08,111948.0,111740.4,65.17816,True,191.36075102286355
2025-05-22 18:40:00+00:00,111924.07,111745.65,111953.85,111724.39,87.32659,True,194.08212594980233
2025-05-22 18:45:00+00:00,111745.64,111753.66,111829.99,111681.81,49.84862,True,190.80340266767413
2025-05-22 18:50:00+00:00,111753.66,111753.58,111826.09,111702.77,48.07377,True,185.9831596199826
2025-05-22 18:55:00+00:00,111753.58,111727.27,111839.23,111727.27,32.74982,True,180.69579107569754
2025-05-22 19:00:00+00:00,111727.28,111512.93,111769.09,111508.36,52.98051,True,186.412520284576
2025-05-22 19:05:00+00:00,111512.92,111602.46,111672.73,111470.58,66.9197,True,187.53662597853443
2025-05-22 19:10:00+00:00,111602.46,111750.15,111823.28,111528.0,45.23451,True,195.23258126578187
2025-05-22 19:15:00+00:00,111750.15,111666.59,111793.61,111666.59,45.08339,True,190.36025403251205
2025-05-22 19:20:00+00:00,111666.6,111754.01,111816.77,111666.59,41.0996,True,187.49023588733317
2025-05-22 19:25:00+00:00,111754.0,111898.74,111920.0,111754.0,64.809,True,185.95521903823797
2025-05-22 19:30:00+00:00,111898.74,111612.52,111919.91,111565.21,88.32812,True,198.00841767836363
2025-05-22 19:35:00+00:00,111612.51,111404.81,111612.51,111367.96,119.44767,True,201.33353070133748
2025-05-22 19:40:00+00:00,111404.8,111359.29,111472.75,111350.0,54.91388,True,195.72042136552767
2025-05-22 19:45:00+00:00,111359.29,111136.37,111359.29,110979.11,123.3945,True,208.89610555370376
2025-05-22 19:50:00+00:00,111136.37,111188.51,111270.0,111110.63,77.7697,True,205.35852658558173
2025-05-22 19:55:00+00:00,111188.51,111188.0,111218.12,110916.4,160.64491,True,212.24148897232595
2025-05-22 20:00:00+00:00,111188.0,111307.07,111431.5,111082.69,88.64686,True,221.99638261715967
2025-05-22 20:05:00+00:00,111307.07,111260.88,111317.84,111192.46,47.41315,,215.09521243021896
2025-05-22 20:10:00+00:00,111260.87,111284.55,111333.27,111218.06,75.62212,,207.9605543994895
2025-05-22 20:15:00+00:00,111284.55,111109.0,111284.56,111109.0,125.50489,,205.64622908524007
2025-05-22 20:20:00+00:00,111109.0,111079.99,111147.51,111021.76,57.73187,,199.93935557915148
2025-05-22 20:25:00+00:00,111079.98,111058.67,111079.99,110986.71,93.34228,,192.32083018064057
2025-05-22 20:30:00+00:00,111058.67,110843.57,111113.35,110840.0,62.46457,,198.10862802488094
2025-05-22 20:35:00+00:00,110843.58,110931.47,111005.29,110831.52,82.66261,,196.37015459453156
2025-05-22 20:40:00+00:00,110931.46,111068.24,111107.76,110892.43,49.53776,,197.72442926635085
2025-05-22 20:45:00+00:00,111068.23,111111.11,111217.4,111068.23,48.40125,,194.25625574732567
2025-05-22 20:50:00+00:00,111111.11,111130.43,111167.22,111111.11,30.09579,,184.38866605108817
2025-05-22 20:55:00+00:00,111130.44,111076.24,111130.44,111000.0,31.54922,,180.53518990458204
2025-05-22 21:00:00+00:00,111076.24,111000.84,111076.24,110935.11,41.74243,,177.7205334828265
2025-05-22 21:05:00+00:00,111000.84,110946.22,111000.85,110890.01,34.47791,,172.94335251976827
2025-05-22 21:10:00+00:00,110946.22,111003.48,111003.49,110933.11,29.57064,,165.6173987683566
2025-05-22 21:15:00+00:00,111003.48,111055.05,111108.89,110927.2,47.78899,,166.76544171347413
2025-05-22 21:20:00+00:00,111055.05,110871.48,111055.06,110857.17,29.30398,,168.98862444822592
2025-05-22 21:25:00+00:00,110871.49,110804.88,110890.17,110765.3,43.98864,,165.83729413049517
2025-05-22 21:30:00+00:00,110804.88,110904.03,110912.6,110763.78,39.41513,,164.62177312117458
2025-05-22 21:35:00+00:00,110904.03,110956.53,111007.29,110904.02,32.28237,,160.23950361251852
2025-05-22 21:40:00+00:00,110956.53,110967.43,111023.09,110914.76,33.23202,,156.53168192591016
2025-05-22 21:45:00+00:00,110967.44,110780.54,110967.54,110763.27,32.91637,,159.9415617883444
2025-05-22 21:50:00+00:00,110780.55,110829.21,110869.58,110780.54,24.72243,,154.87716451774895
2025-05-22 21:55:00+00:00,110829.21,110831.36,110912.76,110810.0,22.77269,,151.15450990933795
2025-05-22 22:00:00+00:00,110831.36,111035.06,111086.96,110831.36,58.10371,,158.61490205867136
2025-05-22 22:05:00+00:00,111035.07,111047.62,111062.71,111000.0,37.1719,,151.76455191162387
2025-05-22 22:10:00+00:00,111047.61,111074.02,111139.0,111047.61,41.71124,,147.4520839179364
2025-05-22 22:15:00+00:00,111074.02,111150.52,111173.92,111028.21,58.88288,,147.32764935236895
2025-05-22 22:20:00+00:00,111150.52,111041.61,111159.97,111041.57,26.18764,,145.2613886843422
2025-05-22 22:25:00+00:00,111041.61,111056.9,111068.0,111035.48,15.45643,,137.2084323497466
2025-05-22 22:30:00+00:00,111056.9,111136.37,111183.3,111043.7,29.525,,137.3792586104794
2025-05-22 22:35:00+00:00,111136.36,111227.28,111252.03,111136.36,22.99079,,135.82859728115935
2025-05-22 22:40:00+00:00,111227.27,111163.74,111239.96,111160.73,23.76175,,131.78584033250587
2025-05-22 22:45:00+00:00,111163.74,111077.25,111163.74,111066.11,31.03732,,129.34613745161292
2025-05-22 22:50:00+00:00,111077.26,111007.16,111098.77,110980.24,41.51746,,128.57355620506905
2025-05-22 22:55:00+00:00,111007.17,111020.93,111054.98,111007.16,26.45009,,122.80544504756358
2025-05-22 23:00:00+00:00,111020.93,111089.09,111168.36,111020.92,88.37685,,124.56505611559491
2025-05-22 23:05:00+00:00,111089.09,111176.41,111217.4,111089.09,41.33989,,124.83255210733796
2025-05-22 23:10:00+00:00,111176.42,111240.0,111240.0,111164.67,36.38112,,121.29665552824251
2025-05-22 23:15:00+00:00,111239.99,111181.88,111270.06,111181.87,52.16961,,118.9318944190825
2025-05-22 23:20:00+00:00,111181.87,111136.05,111208.59,111136.04,26.49322,,115.61890196057682
2025-05-22 23:25:00+00:00,111136.04,111253.22,111253.23,111136.04,16.58616,,115.73112324910721
2025-05-22 23:30:00+00:00,111253.22,111423.74,111444.77,111240.61,39.78514,,122.04747158845694
2025-05-22 23:35:00+00:00,111423.74,111318.2,111423.74,111318.2,28.5702,,120.86836647499631
2025-05-22 23:40:00+00:00,111318.21,111368.97,111375.0,111288.96,26.63573,,118.38062601249611
2025-05-22 23:45:00+00:00,111368.98,111580.0,111585.73,111349.37,55.70936,,126.80772415446071
2025-05-22 23:50:00+00:00,111580.0,111666.49,111681.82,111580.0,76.23177,,125.02288671485688
2025-05-22 23:55:00+00:00,111666.49,111696.21,111717.34,111625.91,42.29608,,122.62339480665231
2025-05-23 00:00:00+00:00,111696.22,111515.87,111705.97,111464.25,97.18368,,131.1302951776058
2025-05-23 00:05:00+00:00,111515.87,111555.66,111613.35,111460.2,57.37528,,132.70313123634887
2025-05-23 00:10:00+00:00,111555.65,111783.37,111800.0,111555.65,101.58346,,140.67790757661007
2025-05-23 00:15:00+00:00,111783.37,111620.27,111783.38,111614.56,63.4184,,142.68805703542412
2025-05-23 00:20:00+00:00,111620.28,111599.99,111739.06,111460.02,71.45649,,152.42748153289338
2025-05-23 00:25:00+00:00,111599.99,111478.26,111630.21,111457.96,34.79284,,153.84337570911526
2025-05-23 00:30:00+00:00,111478.26,111415.86,111505.24,111382.97,21.48075,,151.5881345870359
2025-05-23 00:35:00+00:00,111415.86,111458.0,111523.81,111382.98,75.12144,,150.81969640224776
2025-05-23 00:40:00+00:00,111458.0,111498.2,111590.91,111434.78,60.85876,,151.1990038020875
2025-05-23 00:45:00+00:00,111498.2,111696.43,111704.14,111456.0,111.67554,,158.12336067336693
2025-05-23 00:50:00+00:00,111696.44,111596.23,111750.0,111573.45,68.26161,,159.4395491966981
2025-05-23 00:55:00+00:00,111596.23,111613.58,111630.03,111511.0,60.56393,,156.5531528255053
2025-05-23 01:00:00+00:00,111613.58,111454.54,111739.14,111454.54,82.47712,,165.69935619511247
2025-05-23 01:05:00+00:00,111454.54,111352.73,111454.54,111247.76,193.11471,,168.6336878954615
2025-05-23 01:10:00+00:00,111352.73,111353.01,111434.79,111340.15,57.76777,,163.34842447435705
2025-05-23 01:15:00+00:00,111353.0,111292.46,111363.64,111260.86,47.48263,,159.0221084404743
2025-05-23 01:20:00+00:00,111292.47,111296.51,111360.0,111250.46,91.99863,,155.48767212329713
2025-05-23 01:25:00+00:00,111296.52,111287.77,111349.74,111201.86,58.3282,,154.94426697163337
2025-05-23 01:30:00+00:00,111287.76,111396.15,111521.74,111276.63,143.19083,,161.38467647365957
2025-05-23 01:35:00+00:00,111396.15,111385.0,111454.55,111323.16,32.75941,,159.24219958268387
2025-05-23 01:40:00+00:00,111385.0,111253.07,111385.0,111227.27,35.24853,,159.1341853267776
2025-05-23 01:45:00+00:00,111253.07,111323.39,111360.0,111253.07,41.36942,,155.405314946293
2025-05-23 01:50:00+00:00,111323.39,111367.92,111460.0,111318.97,41.77024,,154.3785067358434
2025-05-23 01:55:00+00:00,111367.92,111327.69,111367.92,111282.51,39.69455,,149.45218482614055
2025-05-23 02:00:00+00:00,111327.69,111454.54,111454.55,111298.35,42.70412,,149.93417162427315
2025-05-23 02:05:00+00:00,111454.54,111428.58,111454.55,111381.17,30.05178,,144.46601650825397
2025-05-23 02:10:00+00:00,111428.58,111477.49,111491.15,111391.79,48.65887,,141.24415818623586
2025-05-23 02:15:00+00:00,111477.49,111567.73,111579.98,111412.98,85.02044,,143.0838611729333
2025-05-23 02:20:00+00:00,111567.73,111530.0,111618.93,111523.8,54.33937,,139.65858537486594
2025-05-23 02:25:00+00:00,111530.0,111585.25,111600.0,111502.27,44.42838,,136.6636864195181
2025-05-23 02:30:00+00:00,111585.24,111512.29,111587.0,111478.29,77.25592,,134.66699453241011
2025-05-23 02:35:00+00:00,111512.28,111428.58,111521.74,111428.57,49.15425,,131.7029234943807
2025-05-23 02:40:00+00:00,111428.58,111247.81,111436.79,111200.0,96.83788,,139.20914324478164
2025-05-23 02:45:00+00:00,111247.81,111306.92,111346.58,111247.49,39.78899,,136.3434901558684
2025-05-23 02:50:00+00:00,111306.93,111227.27,111306.93,111200.0,38.71176,,134.24252657330587
2025-05-23 02:55:00+00:00,111227.28,111272.72,111272.73,111193.9,49.32504,,130.284488960927
2025-05-23 03:00:00+00:00,111272.73,111351.35,111374.54,111272.72,28.58547,,128.2513111780031
2025-05-23 03:05:00+00:00,111351.36,111200.94,111351.36,111195.21,37.04028,,130.2440746652882
2025-05-23 03:10:00+00:00,111200.95,111204.0,111246.12,111181.81,37.23397,,125.53449790348172
2025-05-23 03:15:00+00:00,111204.0,111215.22,111220.0,111181.81,23.24854,,119.29560519609034
2025-05-23 03:20:00+00:00,111215.22,111227.28,111283.74,111215.22,28.77593,,115.66877625351275
2025-05-23 03:25:00+00:00,111227.28,111037.81,111227.29,111032.24,81.07709,,121.33886366397529
2025-05-23 03:30:00+00:00,111037.81,111057.99,111099.99,111000.13,70.71772,,119.80465911654854
2025-05-23 03:35:00+00:00,111058.0,111144.84,111169.48,111057.99,38.24898,,119.21075489393726
2025-05-23 03:40:00+00:00,111144.83,111144.99,111171.59,111144.83,25.39906,,112.60712954436994
2025-05-23 03:45:00+00:00,111144.98,111179.99,111180.0,111103.04,26.58396,,110.06090600548683
2025-05-23 03:50:00+00:00,111180.0,111139.99,111183.34,111111.11,57.40357,,107.35869843366605
2025-05-23 03:55:00+00:00,111140.0,111100.01,111140.0,111100.0,34.72923,,102.54736283126134
2025-05-23 04:00:00+00:00,111100.0,111164.5,111180.0,111069.15,33.09561,,103.14040834331452
2025-05-23 04:05:00+00:00,111164.5,111039.5,111181.82,111022.1,46.975,,107.18180774736356
2025-05-23 04:10:00+00:00,111039.49,111023.49,111051.35,111008.97,39.42486,,102.55310719398078
2025-05-23 04:15:00+00:00,111023.49,110933.79,111046.06,110910.0,84.1166,,104.94645668012484
2025-05-23 04:20:00+00:00,110933.78,110766.65,110933.79,110750.02,85.54614,,110.5767097744009
2025-05-23 04:25:00+00:00,110766.65,110815.72,110855.64,110705.74,58.85177,,113.38551621908614
2025-05-23 04:30:00+00:00,110815.72,110795.62,110849.1,110608.0,84.94278,,122.5079793462947
2025-05-23 04:35:00+00:00,110795.62,110641.35,110795.63,110547.98,100.11932,,131.44669510727428
2025-05-23 04:40:00+00:00,110641.35,110634.9,110658.15,110565.61,45.76815,,128.66764545675423
2025-05-23 04:45:00+00:00,110634.9,110773.8,110806.75,110634.9,78.59767,,131.75209935270078
2025-05-23 04:50:00+00:00,110773.8,110822.0,110829.59,110751.48,38.07501,,127.9205208275079
2025-05-23 04:55:00+00:00,110822.0,110844.19,110869.57,110712.48,45.14439,,130.00405505411527
2025-05-23 05:00:00+00:00,110844.19,110789.88,110869.57,110782.87,43.01879,,126.91090826453645
2025-05-23 05:05:00+00:00,110789.87,110877.98,110951.7,110700.0,76.97412,,135.82441481706934
2025-05-23 05:10:00+00:00,110877.99,110883.51,110900.63,110867.99,27.18904,,128.4540994729929
2025-05-23 05:15:00+00:00,110883.51,110869.58,110890.96,110836.59,31.66421,,123.16237808206554
2025-05-23 05:20:00+00:00,110869.59,110861.46,110895.87,110783.67,40.21447,,122.37935107620352
2025-05-23 05:25:00+00:00,110861.47,110719.99,110861.47,110688.07,54.4914,,126.02368314218857
2025-05-23 05:30:00+00:00,110719.99,110700.0,110776.81,110658.72,73.98804,,125.45699148917485
2025-05-23 05:35:00+00:00,110700.0,110813.9,110813.9,110699.99,28.09184,,124.63220638280443
2025-05-23 05:40:00+00:00,110813.9,110782.0,110817.8,110740.5,48.23162,,121.2513344983186
2025-05-23 05:45:00+00:00,110782.0,110783.24,110818.99,110733.92,40.01598,,118.6669534627249
2025-05-23 05:50:00+00:00,110783.25,110829.32,110840.25,110783.24,27.23238,,114.26288535824418
2025-05-23 05:55:00+00:00,110829.31,110855.47,110855.47,110801.65,49.72085,,109.94553640408438
2025-05-23 06:00:00+00:00,110855.47,110818.18,110857.15,110790.95,49.45398,,106.82085523236387
2025-05-23 06:05:00+00:00,110818.18,110649.07,110825.1,110638.0,82.18888,,112.55507985862401
2025-05-23 06:10:00+00:00,110649.07,110513.04,110649.07,110480.0,90.13569,,116.5918598687228
2025-05-23 06:15:00+00:00,110513.05,110562.93,110562.94,110454.54,71.64918,,116.00672702095753
2025-05-23 06:20:00+00:00,110562.93,110560.01,110628.0,110506.05,70.33112,,116.43124651946036
2025-05-23 06:25:00+00:00,110560.0,110579.9,110633.56,110501.43,52.07502,,117.55258605378495
2025-05-23 06:30:00+00:00,110579.9,110590.05,110645.0,110554.47,45.67889,,115.62240133565737
2025-05-23 06:35:00+00:00,110590.05,110703.82,110703.83,110500.0,60.03437,,121.92294409739625
2025-05-23 06:40:00+00:00,110703.82,110666.65,110723.14,110602.13,77.49218,,121.85773380472472
2025-05-23 06:45:00+00:00,110666.66,110461.44,110666.66,110407.89,74.99695,,131.63718139010183
2025-05-23 06:50:00+00:00,110461.43,110428.58,110481.2,110409.09,80.14121,,127.38523986223746
2025-05-23 06:55:00+00:00,110428.58,110526.01,110545.46,110419.89,106.94676,,127.25557987207813
2025-05-23 07:00:00+00:00,110526.01,110622.03,110622.04,110523.8,84.62202,,125.18303845264332
2025-05-23 07:05:00+00:00,110622.03,110674.86,110681.82,110622.02,45.83884,,120.51282142031187
2025-05-23 07:10:00+00:00,110674.87,110795.1,110801.72,110674.86,54.56722,,120.96619131886106
2025-05-23 07:15:00+00:00,110795.1,110790.93,110818.19,110727.27,59.76456,,118.82003479608514
2025-05-23 07:20:00+00:00,110790.92,110809.52,110829.78,110772.72,31.19273,,114.40860373922176
2025-05-23 07:25:00+00:00,110809.53,110824.72,110838.09,110782.6,54.94896,,110.20013204356239
2025-05-23 07:30:00+00:00,110824.72,110803.92,110857.15,110790.19,114.48528,,107.11155118330736
2025-05-23 07:35:00+00:00,110803.92,110732.28,110803.93,110727.27,120.01068,,104.93644038449891
2025-05-23 07:40:00+00:00,110732.28,110764.5,110764.5,110674.86,130.97901,,103.8438374998918
2025-05-23 07:45:00+00:00,110764.49,110650.86,110764.49,110647.1,106.753,,104.81213482132769
2025-05-23 07:50:00+00:00,110650.86,110747.49,110747.5,110546.43,137.92914,,111.68769661980478
2025-05-23 07:55:00+00:00,110747.49,110715.42,110843.4,110692.58,142.80929,,114.48286114696104
2025-05-23 08:00:00+00:00,110715.41,110738.58,110788.75,110715.41,34.2847,,111.54408535074928
2025-05-23 08:05:00+00:00,110738.59,110807.59,110843.04,110733.98,23.18089,,111.36665068283845
2025-05-23 08:10:00+00:00,110807.6,110826.08,110826.08,110756.03,31.97154,,108.41546134835019
2025-05-23 08:15:00+00:00,110826.08,110764.02,110826.08,110763.07,21.29051,,105.17221410918195
2025-05-23 08:20:00+00:00,110764.01,110828.08,110845.0,110764.01,21.0021,,103.4449131013836
2025-05-23 08:25:00+00:00,110828.09,110895.41,110904.76,110828.08,35.66985,,101.53313359414142
2025-05-23 08:30:00+00:00,110895.41,110884.96,110895.41,110868.19,30.58166,,96.2250526231314
2025-05-23 08:35:00+00:00,110884.95,110978.01,111030.12,110884.95,111.41792,,99.7211202929076
2025-05-23 08:40:00+00:00,110978.01,110969.05,110986.44,110902.61,98.71133,,98.58604027198575
2025-05-23 08:45:00+00:00,110969.05,110929.97,111008.23,110900.0,56.39199,,99.27489453827219
2025-05-23 08:50:00+00:00,110929.97,110948.61,110995.89,110891.26,20.65662,,99.65740207125307
2025-05-23 08:55:00+00:00,110948.6,110935.24,110954.55,110918.59,40.27269,,95.1075876375926
2025-05-23 09:00:00+00:00,110935.24,110950.67,110950.68,110909.46,62.96439,,91.25847423490646
2025-05-23 09:05:00+00:00,110950.67,110968.34,111096.72,110950.66,77.16235,,95.17286893241297
2025-05-23 09:10:00+00:00,110968.35,111024.8,111049.36,110961.83,51.59301,,94.62694972295482
2025-05-23 09:15:00+00:00,111024.81,111210.98,111210.99,111024.8,63.39736,,101.16716759988678
2025-05-23 09:20:00+00:00,111210.98,111130.55,111247.96,111107.5,61.14408,,103.9737984856096
2025-05-23 09:25:00+00:00,111130.54,111102.43,111205.55,111102.43,42.53202,,103.91281287949535
2025-05-23 09:30:00+00:00,111102.44,111193.64,111242.44,111102.43,58.50914,,106.4911833881035
2025-05-23 09:35:00+00:00,111193.64,111222.0,111222.0,111181.81,32.51543,,101.7553845746677
2025-05-23 09:40:00+00:00,111222.0,111173.92,111227.28,111173.91,40.26831,,98.29928567647683
2025-05-23 09:45:00+00:00,111173.92,111321.35,111333.0,111173.92,52.89427,,102.64076527101432
2025-05-23 09:50:00+00:00,111321.36,111341.45,111381.61,111309.66,29.74658,,100.44856775165594
2025-05-23 09:55:00+00:00,111341.44,111335.02,111341.45,111335.01,16.08659,,93.73367005510924
2025-05-23 10:00:00+00:00,111335.02,111230.0,111335.02,111227.27,41.01527,,94.7348364797443
2025-05-23 10:05:00+00:00,111230.0,111136.36,111230.0,111136.35,22.58497,,94.65734815976215
2025-05-23 10:10:00+00:00,111136.35,110941.03,111136.35,110889.51,85.18901,,105.5282518626367
2025-05-23 10:15:00+00:00,110941.02,110985.35,111000.0,110816.34,49.39964,,111.10909101530576
2025-05-23 10:20:00+00:00,110985.36,111000.7,111100.0,110985.35,28.61238,,111.36201308564065
2025-05-23 10:25:00+00:00,111000.7,110977.59,111000.71,110924.0,19.85018,,108.88686929380962
2025-05-23 10:30:00+00:00,110977.59,111033.28,111045.46,110957.19,44.54562,,107.41423577282352
2025-05-23 10:35:00+00:00,111033.27,110956.53,111050.01,110895.27,30.15317,,110.79464750333545
2025-05-23 10:40:00+00:00,110956.52,111045.46,111045.46,110937.25,48.69214,,110.61002982452624
2025-05-23 10:45:00+00:00,111045.46,111068.63,111068.63,110982.7,15.94637,,108.84717055134634
2025-05-23 10:50:00+00:00,111068.62,111100.4,111184.43,111068.62,21.50735,,109.3445155119643
2025-05-23 10:55:00+00:00,111100.4,111061.24,111100.4,111039.19,20.64737,,105.9063358325377
2025-05-23 11:00:00+00:00,111061.24,111051.88,111092.5,111011.12,20.08275,,104.15445470164249
2025-05-23 11:05:00+00:00,111051.89,110909.09,111051.89,110909.09,16.20042,,106.91485079438253
2025-05-23 11:10:00+00:00,110909.1,110994.33,110994.33,110909.09,22.79604,,105.36664716621273
2025-05-23 11:15:00+00:00,110994.33,110848.81,111065.31,110848.8,56.26263,,113.30545808291144
2025-05-23 11:20:00+00:00,110848.81,110772.73,110848.81,110660.22,133.62173,,118.68292536270323
2025-05-23 11:25:00+00:00,110772.73,110871.39,110871.39,110717.39,56.3791,,121.20557355108157
2025-05-23 11:30:00+00:00,110871.38,110807.99,110911.24,110770.0,83.98981,,122.63660401171897
2025-05-23 11:35:00+00:00,110808.0,110837.2,110873.53,110727.27,47.8594,,124.32398943945296
2025-05-23 11:40:00+00:00,110837.21,110380.0,110948.68,110212.0,236.43028,,168.06370447949152
2025-05-23 11:45:00+00:00,110380.0,109746.39,110460.0,109673.37,627.95803,,212.24701130238532
2025-05-23 11:50:00+00:00,109746.4,109558.89,109899.99,109258.0,557.77502,,242.94293906650105
2025-05-23 11:55:00+00:00,109558.89,109076.35,109734.33,108888.0,802.44233,,286.0420148474654
2025-05-23 12:00:00+00:00,109076.36,108642.3,109096.39,108462.11,737.73832,,310.9161566440749
2025-05-23 12:05:00+00:00,108642.3,108738.67,108924.87,108416.95,558.50604,,324.9878597409266
2025-05-23 12:10:00+00:00,108738.67,108127.98,108760.0,107953.19,741.83815,,359.4037269022888
2025-05-23 12:15:00+00:00,108127.98,108190.32,108368.0,107316.0,899.36907,,408.874889266411
2025-05-23 12:20:00+00:00,108190.32,108023.47,108298.02,107789.8,572.46924,,415.97096860452456
2025-05-23 12:25:00+00:00,108023.47,108400.02,108452.28,107754.18,950.0853,,436.1230422756303
2025-05-23 12:30:00+00:00,108400.02,108678.55,108678.83,108173.99,407.25795,,441.0313963987993
2025-05-23 12:35:00+00:00,108678.54,108679.44,108760.8,108480.56,550.6469,,429.54629665602835
2025-05-23 12:40:00+00:00,108679.43,108581.61,108679.44,108488.37,180.38769,,412.51227546631253
2025-05-23 12:45:00+00:00,108581.61,108510.28,108752.98,108460.0,250.19025,,403.9742557901471
2025-05-23 12:50:00+00:00,108510.27,108508.66,108680.0,108450.0,212.93304,,391.54752323370803
2025-05-23 12:55:00+00:00,108508.34,108412.77,108600.0,108348.82,495.61852,,381.52127157415697
2025-05-23 13:00:00+00:00,108412.77,108050.0,108527.15,107922.82,948.10374,,397.43618074743057
2025-05-23 13:05:00+00:00,108050.0,108220.57,108376.15,108049.99,253.21784,,392.34502497975615
2025-05-23 13:10:00+00:00,108220.56,108437.56,108490.31,108209.4,202.77962,,384.38538033834527
2025-05-23 13:15:00+00:00,108437.56,108598.69,108632.0,108368.54,180.24678,,375.747853171321
2025-05-23 13:20:00+00:00,108597.83,108795.78,108868.42,108462.16,180.31709,,377.927292230512
2025-05-23 13:25:00+00:00,108795.78,108703.03,108795.78,108639.0,75.80838,,362.1310570711897
2025-05-23 13:30:00+00:00,108703.03,109440.11,109484.99,108622.58,563.51002,True,397.86526728039064
2025-05-23 13:35:00+00:00,109440.1,109193.71,109574.46,109193.7,374.79529,True,396.6434624746491
2025-05-23 13:40:00+00:00,109193.7,109055.92,109267.93,108928.5,283.51337,True,392.5567865836022
2025-05-23 13:45:00+00:00,109055.92,109205.74,109256.0,108840.83,170.53387,True,394.1720161133448
2025-05-23 13:50:00+00:00,109205.74,109278.71,109461.92,109071.78,151.69465,True,393.8840149623916
2025-05-23 13:55:00+00:00,109278.7,109634.99,109714.7,109272.0,341.83854,True,397.3708710365063
2025-05-23 14:00:00+00:00,109634.99,109992.74,109992.75,109634.99,250.42465,True,394.5415231053269
2025-05-23 14:05:00+00:00,109992.75,109709.14,109992.75,109644.92,231.5442,True,391.20498574066085
2025-05-23 14:10:00+00:00,109709.13,109907.41,109966.89,109638.5,145.54327,True,386.7182010448993
2025-05-23 14:15:00+00:00,109907.41,109652.88,109960.97,109636.02,151.63312,True,382.3061866845491
2025-05-23 14:20:00+00:00,109640.43,109852.66,109908.65,109558.82,128.64873,True,379.98645906422325
2025-05-23 14:25:00+00:00,109852.66,109550.16,109857.64,109505.0,97.7065,True,378.0331405596358
2025-05-23 14:30:00+00:00,109550.16,109750.0,109806.45,109532.85,227.303,True,370.57363051966115
2025-05-23 14:35:00+00:00,109749.99,109714.28,109797.25,109540.0,145.64683,True,362.4790854825425
2025-05-23 14:40:00+00:00,109714.29,109702.15,109782.61,109528.83,86.84733,True,354.7148650909322
2025-05-23 14:45:00+00:00,109702.15,109864.47,109943.63,109698.24,104.89115,True,346.9059461558656
2025-05-23 14:50:00+00:00,109864.48,109877.75,109943.56,109772.72,76.8895,True,334.32980714473206
2025-05-23 14:55:00+00:00,109877.76,109672.01,109903.96,109672.0,79.58929,True,327.0176780629659
2025-05-23 15:00:00+00:00,109672.01,109545.45,109850.02,109545.45,155.60838,True,325.41427248704025
2025-05-23 15:05:00+00:00,109545.45,109223.58,109566.9,109015.33,210.75104,True,341.5682530236797
2025-05-23 15:10:00+00:00,109223.58,109140.0,109330.39,109027.26,123.53877,True,338.8226635219886
2025-05-23 15:15:00+00:00,109139.99,109264.0,109337.93,109064.0,57.25534,True,334.18747327041746
2025-05-23 15:20:00+00:00,109264.01,109439.2,109461.53,109231.55,119.8601,True,326.7440823225302
2025-05-23 15:25:00+00:00,109439.2,109391.9,109500.0,109296.44,57.29651,True,317.9452192994921
2025-05-23 15:30:00+00:00,109391.89,109739.13,109751.26,109381.92,105.99565,True,321.6162750638138
2025-05-23 15:35:00+00:00,109739.13,109482.42,109739.13,109476.19,49.78614,True,317.42511255925587
2025-05-23 15:40:00+00:00,109482.43,109491.76,109584.24,109384.86,50.30061,True,308.99331880502365
2025-05-23 15:45:00+00:00,109491.76,109311.95,109521.21,109303.82,75.14214,True,302.4502246046648
2025-05-23 15:50:00+00:00,109311.95,109266.63,109390.94,109221.81,45.37478,True,292.92735141861766
2025-05-23 15:55:00+00:00,109266.63,108940.0,109266.63,108916.0,102.28139,True,297.048969174431
2025-05-23 16:00:00+00:00,108940.0,108911.2,109222.42,108909.09,227.52107,True,298.2118999476861
2025-05-23 16:05:00+00:00,108911.19,108633.09,108911.19,108545.45,357.15364,True,303.0360499514228
2025-05-23 16:10:00+00:00,108633.1,108663.39,108843.78,108623.06,113.1894,True,297.15633209774984
2025-05-23 16:15:00+00:00,108663.4,108125.39,108669.29,108001.0,419.43262,True,323.665879805053
2025-05-23 16:20:00+00:00,108125.39,108552.0,108647.12,108090.9,277.25589,True,340.27688839040644
2025-05-23 16:25:00+00:00,108551.99,108732.08,108945.28,108485.09,145.74804,True,348.8421106482347
2025-05-23 16:30:00+00:00,108732.09,108942.15,109000.0,108732.09,280.66725,True,343.0619598876464
2025-05-23 16:35:00+00:00,108942.14,108875.56,108964.0,108804.9,69.78138,True,329.92181989567206
2025-05-23 16:40:00+00:00,108875.56,108644.17,108875.56,108564.03,183.23961,True,328.60811847455255
2025-05-23 16:45:00+00:00,108644.16,108867.61,108901.83,108644.16,59.34561,True,323.5411100120844
2025-05-23 16:50:00+00:00,108867.6,108834.58,108928.02,108748.0,42.66726,True,313.2896021540787
2025-05-23 16:55:00+00:00,108834.59,109068.87,109101.02,108812.94,99.39639,True,311.4889162859303
2025-05-23 17:00:00+00:00,109068.87,109357.19,109452.42,109022.82,221.57184,True,319.92542226550603
2025-05-23 17:05:00+00:00,109357.18,109302.39,109409.1,109255.94,133.34642,True,308.0136063893987
2025-05-23 17:10:00+00:00,109302.4,109499.99,109500.0,109264.83,112.31074,True,302.81049164729865
2025-05-23 17:15:00+00:00,109499.99,109458.31,109518.56,109404.36,71.93416,True,289.3383136724914
2025-05-23 17:20:00+00:00,109458.32,109809.53,109809.53,109438.4,164.65204,True,295.1805769815995
2025-05-23 17:25:00+00:00,109809.52,109772.73,109809.53,109627.1,100.0951,True,287.12696434005613
2025-05-23 17:30:00+00:00,109772.73,109608.63,109772.73,109584.37,109.7894,True,280.0721811729093
2025-05-23 17:35:00+00:00,109608.63,109513.23,109624.41,109513.23,47.10047,True,268.0084539462735
2025-05-23 17:40:00+00:00,109513.23,109347.83,109513.23,109272.72,72.32125,True,266.0442786643965
2025-05-23 17:45:00+00:00,109347.82,109465.79,109547.64,109311.94,42.06842,True,263.87683018836793
2025-05-23 17:50:00+00:00,109465.78,109539.99,109599.02,109445.63,48.50873,True,255.98491374634162
2025-05-23 17:55:00+00:00,109539.99,109413.03,109578.78,109398.22,34.49952,True,250.59741990731706
2025-05-23 18:00:00+00:00,109413.02,109295.73,109478.27,109203.18,68.40439,True,252.34688991393804
2025-05-23 18:05:00+00:00,109295.73,109288.68,109494.8,109288.67,57.82636,True,249.0456834915142
2025-05-23 18:10:00+00:00,109288.68,109227.28,109288.68,109173.44,47.3577,True,239.4881346706911
2025-05-23 18:15:00+00:00,109227.27,108986.06,109285.72,108975.66,70.9221,True,244.528982194213
2025-05-23 18:20:00+00:00,108986.06,109045.46,109057.99,108818.18,89.19569,True,244.19191203748437
2025-05-23 18:25:00+00:00,109045.45,109072.43,109176.9,108990.38,65.44408,True,240.07248974909186
2025-05-23 18:30:00+00:00,109072.43,108971.54,109117.45,108938.63,25.93238,True,235.69731190987048
2025-05-23 18:35:00+00:00,108971.55,109032.26,109116.36,108971.54,39.01124,True,229.20607534488022
2025-05-23 18:40:00+00:00,109032.26,108967.16,109069.69,108954.54,28.4827,True,221.05921282024656
2025-05-23 18:45:00+00:00,108967.15,108871.2,108967.15,108750.0,58.25693,True,220.78069761880062
2025-05-23 18:50:00+00:00,108871.2,108866.25,108900.0,108654.82,91.1338,True,222.52350493174293
2025-05-23 18:55:00+00:00,108866.24,108794.09,108866.25,108681.28,108.41946,True,219.84111172233278
2025-05-23 19:00:00+00:00,108794.09,108729.51,108838.92,108685.5,79.35865,True,215.0967465993089
2025-05-23 19:05:00+00:00,108729.5,109006.56,109021.74,108728.19,117.55034,True,220.70055041364418
2025-05-23 19:10:00+00:00,109005.51,109113.3,109157.85,108984.26,62.44753,True,217.33551109838467
2025-05-23 19:15:00+00:00,109113.29,108964.13,109113.3,108937.08,40.47396,True,214.39868887707158
2025-05-23 19:20:00+00:00,108964.13,109032.0,109035.14,108919.09,45.48397,True,207.37378252870954
2025-05-23 19:25:00+00:00,109031.99,108918.3,109035.83,108877.46,35.85568,True,203.8735123480871
2025-05-23 19:30:00+00:00,108918.31,109056.9,109077.14,108898.2,39.71382,True,202.09254718036678
2025-05-23 19:35:00+00:00,109056.9,108954.54,109061.28,108932.43,58.83062,True,196.86093666748386
2025-05-23 19:40:00+00:00,108954.55,108968.19,109000.0,108870.21,40.22213,True,192.07015547694886
2025-05-23 19:45:00+00:00,108968.18,108901.73,108968.18,108853.93,52.45721,True,186.51228722859602
2025-05-23 19:50:00+00:00,108901.73,108770.54,108915.64,108605.12,102.9988,True,195.3699809979823
2025-05-23 19:55:00+00:00,108770.54,108716.07,108886.35,108669.24,91.80502,True,196.92283949812648
2025-05-23 20:00:00+00:00,108714.01,108545.45,108727.28,108532.78,65.5533,True,196.7497795339746
2025-05-23 20:05:00+00:00,108545.46,108518.14,108566.07,108472.88,73.0534,,189.35265242440514
2025-05-23 20:10:00+00:00,108518.14,108521.73,108556.28,108493.56,21.93618,,180.30746296551914
2025-05-23 20:15:00+00:00,108521.72,108599.9,108710.42,108511.22,57.09697,,181.65692989655327
2025-05-23 20:20:00+00:00,108599.89,108665.45,108677.46,108547.47,31.49513,,177.96643490394268
2025-05-23 20:25:00+00:00,108665.45,108664.06,108665.46,108622.87,21.79352,,168.29668955366188
2025-05-23 20:30:00+00:00,108664.05,108435.28,108664.06,108435.28,56.20637,,172.61692601411454
2025-05-23 20:35:00+00:00,108435.29,108426.63,108444.83,108274.46,61.15518,,172.4564312988203
2025-05-23 20:40:00+00:00,108426.62,108421.72,108495.79,108415.01,32.02384,,165.9081147774759
2025-05-23 20:45:00+00:00,108421.71,108499.99,108500.0,108401.39,43.43705,,161.1011065790848
2025-05-23 20:50:00+00:00,108499.99,108293.0,108531.16,108236.3,58.29856,,170.65531325200737
2025-05-23 20:55:00+00:00,108293.0,108236.53,108338.96,108186.55,70.34249,,169.35207659114994
2025-05-23 21:00:00+00:00,108236.53,108242.02,108334.12,108200.0,46.16703,,166.83549969178173
2025-05-23 21:05:00+00:00,108242.02,108217.39,108259.93,108196.0,24.03634,,159.48510685665397
2025-05-23 21:10:00+00:00,108217.39,108318.19,108318.19,108166.07,50.07634,,158.9590277954641
2025-05-23 21:15:00+00:00,108318.19,108524.34,108589.42,108318.19,65.08369,,166.97838295293064
2025-05-23 21:20:00+00:00,108524.34,108513.07,108619.6,108500.56,25.05073,,163.55421274200762
2025-05-23 21:25:00+00:00,108513.06,108410.98,108513.06,108346.32,72.63416,,163.78248326043564
2025-05-23 21:30:00+00:00,108410.98,108316.95,108410.98,108199.99,74.74808,,167.15444874183245
2025-05-23 21:35:00+00:00,108316.96,108396.34,108530.12,108285.14,36.65623,,172.71341668884412
2025-05-23 21:40:00+00:00,108396.34,108513.12,108513.12,108322.81,21.82344,,173.97031549678368
2025-05-23 21:45:00+00:00,108513.11,108607.08,108607.97,108480.83,15.90446,,170.6252929612991
2025-05-23 21:50:00+00:00,108607.07,108328.81,108664.65,108281.3,62.43191,,185.81991489263424
2025-05-23 21:55:00+00:00,108328.82,108282.89,108328.82,108055.0,67.27814,,192.1056352574466
2025-05-23 22:00:00+00:00,108282.89,108342.74,108468.16,108227.27,64.83903,,195.5902327390575
2025-05-23 22:05:00+00:00,108342.74,108348.42,108393.74,108301.24,55.90412,,188.2266446862677
2025-05-23 22:10:00+00:00,108348.59,108492.3,108521.74,108311.01,55.05473,,189.8340272086779
2025-05-23 22:15:00+00:00,108492.31,108424.0,108590.9,108424.0,68.4912,,188.19588240805766
2025-05-23 22:20:00+00:00,108424.0,108380.01,108521.25,108376.0,43.62145,,185.12831937891067
2025-05-23 22:25:00+00:00,108380.01,108318.18,108498.0,108318.18,40.99261,,184.74915370898898
2025-05-23 22:30:00+00:00,108318.19,108391.31,108417.23,108236.47,24.82404,,184.46421415834655
2025-05-23 22:35:00+00:00,108391.3,108188.22,108391.3,108161.85,44.75973,,187.6781988613212
2025-05-23 22:40:00+00:00,108188.22,108097.55,108232.41,108085.68,52.40878,,184.7533275140847
2025-05-23 22:45:00+00:00,108097.56,107731.12,108109.42,107720.0,222.86477,,199.37237554879283
2025-05-23 22:50:00+00:00,107731.12,107654.55,107860.0,107654.54,81.1238,,199.80720586673667
2025-05-23 22:55:00+00:00,107654.55,107797.37,107833.26,107638.96,62.02514,,199.4138340191118
2025-05-23 23:00:00+00:00,107797.37,107802.04,107897.25,107718.0,72.70946,,197.9735601606038
2025-05-23 23:05:00+00:00,107802.03,107663.61,107898.34,107652.28,50.99102,,201.40830586341764
2025-05-23 23:10:00+00:00,107663.62,107683.68,107683.69,107541.01,63.32823,,197.21342687317406
2025-05-23 23:15:00+00:00,107683.69,107511.17,107735.85,107511.01,47.23743,,199.186753525091
2025-05-23 23:20:00+00:00,107511.17,107418.75,107555.76,107403.0,122.53911,,195.870556844727
2025-05-23 23:25:00+00:00,107418.76,107400.0,107500.0,107396.0,76.22173,,189.30837421296079
2025-05-23 23:30:00+00:00,107400.01,107397.53,107669.03,107390.01,47.17457,,195.71634748346386
2025-05-23 23:35:00+00:00,107397.54,107348.42,107406.11,107088.0,247.05148,,204.45875123464504
2025-05-23 23:40:00+00:00,107348.41,107100.31,107357.43,106940.0,212.94138,,219.67098328931274
2025-05-23 23:45:00+00:00,107101.05,107191.98,107200.0,106800.0,157.45821,,232.55162734007612
2025-05-23 23:50:00+00:00,107190.71,107177.5,107427.05,107033.76,146.89263,,244.03293967292842
2025-05-23 23:55:00+00:00,107177.51,107318.3,107322.71,106970.52,142.55085,,251.7584439820051
2025-05-24 00:00:00+00:00,107318.3,106913.88,107318.31,106888.35,129.55908,,264.48712655471843
2025-05-24 00:05:00+00:00,106913.89,107407.05,107407.05,106875.41,87.03124,,283.5694746579528
2025-05-24 00:10:00+00:00,107407.04,107423.22,107484.95,107268.41,77.59062,,278.78165503952715
2025-05-24 00:15:00+00:00,107423.22,107400.0,107448.0,107264.52,67.80286,,271.97439396527494
2025-05-24 00:20:00+00:00,107400.0,107328.94,107459.37,107294.61,86.71218,,264.3162229677549
2025-05-24 00:25:00+00:00,107328.95,107238.1,107330.0,107100.0,88.34426,,261.86506418434385
2025-05-24 00:30:00+00:00,107238.1,107499.96,107514.87,107238.09,55.60729,,262.9304167426049
2025-05-24 00:35:00+00:00,107499.97,107673.66,107680.83,107481.04,162.60858,,258.4203869752766
2025-05-24 00:40:00+00:00,107673.66,107499.65,107673.66,107499.65,53.25524,,252.39107361990037
2025-05-24 00:45:00+00:00,107499.65,107499.13,107568.97,107392.3,41.49534,,246.9824255041931
2025-05-24 00:50:00+00:00,107499.13,107462.83,107515.35,107361.49,52.01224,,240.33082368246505
2025-05-24 00:55:00+00:00,107462.83,107366.68,107464.02,107347.64,24.97679,,231.47719341943215
2025-05-24 01:00:00+00:00,107366.68,107486.99,107487.89,107352.75,38.29344,,224.5959653180441
2025-05-24 01:05:00+00:00,107486.98,107726.0,107779.87,107470.2,88.28336,,230.67268208104085
2025-05-24 01:10:00+00:00,107726.0,107617.95,107794.11,107607.27,45.74139,,227.5417762181091
2025-05-24 01:15:00+00:00,107617.95,107747.1,107799.39,107578.24,40.26285,,227.08522077395804
2025-05-24 01:20:00+00:00,107747.1,107767.06,107875.66,107747.1,28.23461,,220.04770500438943
2025-05-24 01:25:00+00:00,107767.06,107728.12,107809.53,107720.6,34.82351,,210.68215464693253
2025-05-24 01:30:00+00:00,107728.12,107743.72,107769.84,107674.85,24.72846,,202.41842931500813
2025-05-24 01:35:00+00:00,107743.72,107732.51,107769.13,107624.15,36.40058,,198.31568436393687
2025-05-24 01:40:00+00:00,107732.51,107575.45,107746.73,107575.45,32.18546,,196.384564052227
2025-05-24 01:45:00+00:00,107575.46,107636.92,107636.92,107534.83,22.47552,,189.64923804849624
2025-05-24 01:50:00+00:00,107636.92,107515.43,107660.3,107486.73,29.73906,,188.50072104503275
2025-05-24 01:55:00+00:00,107515.42,107479.24,107515.43,107479.23,16.38292,,177.62209811324448
2025-05-24 02:00:00+00:00,107479.24,107520.05,107538.47,107243.1,99.04827,,186.03266253372666
2025-05-24 02:05:00+00:00,107520.05,107609.91,107614.48,107520.05,24.61814,,179.48961520988854
2025-05-24 02:10:00+00:00,107609.91,107615.54,107642.5,107564.17,17.4918,,172.26392840918234
2025-05-24 02:15:00+00:00,107615.53,107817.46,107840.45,107615.53,48.53812,,176.02507637995492
2025-05-24 02:20:00+00:00,107817.46,107765.4,107846.15,107765.4,27.29594,,169.2197137813867
2025-05-24 02:25:00+00:00,107765.4,107783.49,107783.81,107753.65,17.16801,,159.28687708271647
2025-05-24 02:30:00+00:00,107783.49,107839.16,107857.15,107783.48,15.79962,,153.17138586252233
2025-05-24 02:35:00+00:00,107839.16,107876.99,107877.0,107744.73,21.78083,,151.6784297294853
2025-05-24 02:40:00+00:00,107876.99,107874.89,107900.11,107867.24,26.90392,,143.19211332023602
2025-05-24 02:45:00+00:00,107874.9,107793.5,107874.9,107793.5,16.16914,,138.77839094021874
2025-05-24 02:50:00+00:00,107793.5,107726.92,107846.08,107691.41,39.95791,,139.91350587306013
2025-05-24 02:55:00+00:00,107726.92,107803.84,107817.26,107720.0,28.63232,,136.8668268821269
2025-05-24 03:00:00+00:00,107803.84,107996.93,108009.99,107750.64,134.5455,,145.61562496197539
2025-05-24 03:05:00+00:00,107996.94,107969.9,107996.94,107932.19,31.0258,,139.83950889326286
2025-05-24 03:10:00+00:00,107969.91,108048.74,108124.0,107969.9,62.06737,,140.85811540088736
2025-05-24 03:15:00+00:00,108048.73,108138.46,108143.01,108014.7,27.49338,,139.96182144368095
2025-05-24 03:20:00+00:00,108138.45,108242.42,108282.47,108135.33,69.14128,,140.47454848341798
2025-05-24 03:25:00+00:00,108242.42,108307.23,108332.04,108175.02,62.74603,,141.65636644888738
2025-05-24 03:30:00+00:00,108307.24,108155.66,108367.54,108155.66,69.41684,,146.6723402739661
2025-05-24 03:35:00+00:00,108155.66,108190.27,108197.17,108128.0,15.58753,,141.13645882582554
2025-05-24 03:40:00+00:00,108190.27,108175.94,108218.2,108133.4,18.46106,,137.1124260525525
2025-05-24 03:45:00+00:00,108175.93,108119.05,108175.94,108096.01,27.23553,,133.0279670487993
2025-05-24 03:50:00+00:00,108119.05,108279.46,108288.58,108119.04,28.00132,,135.63596940245708
2025-05-24 03:55:00+00:00,108279.45,108366.3,108366.31,108249.18,27.64819,,134.31411444513904
2025-05-24 04:00:00+00:00,108366.31,108322.63,108399.99,108322.63,38.22539,,130.24596341334345
2025-05-24 04:05:00+00:00,108322.63,108394.32,108399.63,108308.89,41.43275,,127.42410888381929
2025-05-24 04:10:00+00:00,108394.32,108341.13,108409.1,108300.0,32.36638,,126.11524396354689
2025-05-24 04:15:00+00:00,108341.13,108470.42,108489.36,108341.12,36.21834,,127.69558368043677
2025-05-24 04:20:00+00:00,108470.42,108438.09,108494.51,108424.12,39.41382,,123.60232770326267
2025-05-24 04:25:00+00:00,108438.1,108449.1,108474.5,108438.09,15.15758,,117.37430429588701
2025-05-24 04:30:00+00:00,108449.09,108470.45,108470.45,108409.09,31.91163,,113.37328256046656
2025-05-24 04:35:00+00:00,108470.44,108537.32,108537.32,108400.0,43.86054,,115.08376237757659
2025-05-24 04:40:00+00:00,108537.31,108489.53,108557.51,108489.53,32.2512,,111.71920792203511
2025-05-24 04:45:00+00:00,108489.53,108551.99,108552.0,108454.54,20.58562,,110.70069307046163
2025-05-24 04:50:00+00:00,108551.99,108548.17,108582.33,108548.17,27.37634,,105.23350070828603
2025-05-24 04:55:00+00:00,108548.18,108485.07,108558.0,108481.11,44.96418,,103.20896494340842
2025-05-24 05:00:00+00:00,108485.06,108354.79,108530.73,108354.79,59.6607,,108.40403887602227
2025-05-24 05:05:00+00:00,108354.8,108433.74,108488.8,108354.79,47.39685,,110.23303609916421
2025-05-24 05:10:00+00:00,108433.74,108350.8,108433.74,108283.73,56.31521,,113.07424780636744
2025-05-24 05:15:00+00:00,108350.8,108327.56,108350.8,108272.72,46.14079,,110.57465867734132
2025-05-24 05:20:00+00:00,108327.56,108290.85,108327.56,108214.92,36.5674,,110.72218305753118
2025-05-24 05:25:00+00:00,108290.85,108349.99,108350.0,108290.85,18.95502,,107.03845569627855
2025-05-24 05:30:00+00:00,108350.0,108399.99,108433.92,108349.99,31.80149,,105.38785171797244
2025-05-24 05:35:00+00:00,108400.0,108306.26,108400.0,108306.25,27.09264,,104.55657659526013
2025-05-24 05:40:00+00:00,108306.26,108222.46,108306.26,108200.0,19.81217,,104.67824969559831
2025-05-24 05:45:00+00:00,108222.46,108179.61,108240.0,108127.65,39.17909,,105.22623186019885
2025-05-24 05:50:00+00:00,108179.61,108181.79,108181.8,108126.99,28.74651,,101.62507244161306
2025-05-24 05:55:00+00:00,108181.78,108235.68,108237.9,108181.78,26.1613,,98.37471012435465
2025-05-24 06:00:00+00:00,108235.69,108235.7,108235.7,108209.85,16.27925,,93.19437368690012
2025-05-24 06:05:00+00:00,108235.7,108319.58,108342.53,108235.69,36.14395,,94.16906128069273
2025-05-24 06:10:00+00:00,108319.57,108237.66,108319.58,108237.66,14.23468,,93.29412833207171
2025-05-24 06:15:00+00:00,108237.66,108037.3,108237.67,107981.48,60.64833,,104.92954773692391
2025-05-24 06:20:00+00:00,108037.3,108169.92,108177.52,108037.29,24.70774,,107.45100861285867
2025-05-24 06:25:00+00:00,108169.92,108195.56,108233.63,108168.64,16.5099,,104.41807942622629
2025-05-24 06:30:00+00:00,108195.55,107741.54,108195.56,107699.79,141.01266,,132.37178803863898
2025-05-24 06:35:00+00:00,107741.54,107882.39,107903.17,107683.96,77.74475,,138.5745174644499
2025-05-24 06:40:00+00:00,107882.39,107945.26,107947.82,107834.42,36.45591,,136.77633764556126
2025-05-24 06:45:00+00:00,107945.27,107727.27,107952.15,107712.03,141.35553,,144.15802781373512
2025-05-24 06:50:00+00:00,107727.28,107866.01,107875.61,107727.26,83.3539,,144.45745439846874
2025-05-24 06:55:00+00:00,107866.0,107959.99,107960.0,107866.0,33.8121,,140.85335051286384
2025-05-24 07:00:00+00:00,107959.99,108089.01,108089.02,107959.99,54.61124,,140.0088254762306
2025-05-24 07:05:00+00:00,108089.02,108074.53,108140.81,108028.82,37.59404,,138.00748079935633
2025-05-24 07:10:00+00:00,108074.52,108111.14,108128.04,108036.61,25.95327,,134.6805178851161
2025-05-24 07:15:00+00:00,108111.14,108190.47,108200.0,108111.14,18.82503,,131.407623750465
2025-05-24 07:20:00+00:00,108190.48,108208.21,108216.7,108166.99,27.85007,,125.57207919685979
2025-05-24 07:25:00+00:00,108208.2,108214.12,108227.27,108170.39,16.96601,,120.66550211137015
2025-05-24 07:30:00+00:00,108214.12,108130.92,108214.12,108124.0,23.87158,,118.48368053198624
2025-05-24 07:35:00+00:00,108130.93,108109.46,108148.64,108108.16,15.13843,,112.9119890654155
2025-05-24 07:40:00+00:00,108109.46,108043.08,108109.47,108000.01,42.9774,,112.66541841788627
2025-05-24 07:45:00+00:00,108043.09,107954.32,108043.09,107933.73,26.80098,,112.42931710232301
2025-05-24 07:50:00+00:00,107954.33,107768.76,107990.67,107705.13,54.78212,,124.79436588072805
2025-05-24 07:55:00+00:00,107768.77,107587.75,107863.64,107566.37,113.05185,,137.11405403210492
2025-05-24 08:00:00+00:00,107587.75,107773.72,107778.63,107587.74,53.50783,,140.95519302981168
2025-05-24 08:05:00+00:00,107773.72,107941.52,107974.93,107700.68,88.42426,,150.47625067053943
2025-05-24 08:10:00+00:00,107941.52,107858.55,108009.84,107794.32,46.92176,,155.12223276550017
2025-05-24 08:15:00+00:00,107858.55,107756.52,107867.88,107754.19,47.3638,,152.1627875679646
2025-05-24 08:20:00+00:00,107756.53,107795.68,107831.73,107681.82,27.3161,,152.00187417025205
2025-05-24 08:25:00+00:00,107795.69,107894.5,107894.5,107787.13,23.56204,,148.81388315809085
2025-05-24 08:30:00+00:00,107894.49,107928.57,107929.68,107853.58,29.0064,,143.62003436108373
2025-05-24 08:35:00+00:00,107928.58,107958.78,107958.78,107860.66,25.15373,,140.37003190672027
2025-05-24 08:40:00+00:00,107958.77,108070.89,108070.89,107958.77,39.39631,,138.35217248481135
2025-05-24 08:45:00+00:00,108070.89,108119.21,108146.99,108070.88,34.14252,,133.90630302161057
2025-05-24 08:50:00+00:00,108119.21,108256.9,108269.99,108069.0,55.76202,,138.69799566292448
2025-05-24 08:55:00+00:00,108256.9,108251.23,108285.39,108160.29,49.44914,,137.7267102584303
2025-05-24 09:00:00+00:00,108251.23,108293.51,108434.0,108184.11,98.88564,,145.73837381139953
2025-05-24 09:05:00+00:00,108293.51,108295.66,108337.66,108203.51,46.99149,,144.9106328248716
2025-05-24 09:10:00+00:00,108295.66,108203.51,108327.78,108203.51,64.55515,,143.43630190880964
2025-05-24 09:15:00+00:00,108203.52,108245.01,108300.0,108189.13,59.77662,,141.11013748675148
2025-05-24 09:20:00+00:00,108245.01,108372.87,108394.36,108198.14,45.92667,,145.0465562376979
2025-05-24 09:25:00+00:00,108372.87,108334.0,108409.63,108326.85,16.64612,,140.59894507786225
2025-05-24 09:30:00+00:00,108334.0,108301.81,108418.96,108300.67,40.40474,,139.0054490008727
2025-05-24 09:35:00+00:00,108301.81,108234.4,108330.0,108234.4,17.55121,,135.90505978652507
2025-05-24 09:40:00+00:00,108234.4,108235.72,108236.0,108213.31,13.18444,,127.81826980177345
2025-05-24 09:45:00+00:00,108235.73,108198.83,108282.72,108181.81,23.19704,,125.89625053021847
2025-05-24 09:50:00+00:00,108198.83,108231.0,108279.99,108160.0,25.20149,,125.4743754923461
2025-05-24 09:55:00+00:00,108231.0,108161.69,108259.09,108158.09,14.98544,,123.72620581432137
2025-05-24 10:00:00+00:00,108161.7,108247.05,108247.05,108161.7,12.25086,,120.98576254186989
2025-05-24 10:05:00+00:00,108247.04,108181.81,108248.59,108157.48,64.41656,,118.85177950316493
2025-05-24 10:10:00+00:00,108181.82,108158.4,108209.33,108152.01,42.98215,,114.45665239579651
2025-05-24 10:15:00+00:00,108158.41,108264.98,108274.77,108158.41,87.28985,,114.59332008181175
2025-05-24 10:20:00+00:00,108264.98,108244.6,108272.72,108199.96,216.31229,,111.6052257902534
2025-05-24 10:25:00+00:00,108244.61,108393.99,108424.96,108180.0,382.5732,,121.13056680523576
2025-05-24 10:30:00+00:00,108394.0,108569.41,108659.0,108377.52,605.04103,,132.58409774771863
2025-05-24 10:35:00+00:00,108569.4,108710.02,108862.23,108563.97,116.90963,,144.41809076573836
2025-05-24 10:40:00+00:00,108710.02,108959.76,109049.15,108710.01,207.78139,,158.32679856818555
2025-05-24 10:45:00+00:00,108959.75,109207.53,109239.8,108926.63,207.08895,,169.38702724188647
2025-05-24 10:50:00+00:00,109207.54,109205.97,109258.94,109137.0,133.82461,,165.99795386746615
2025-05-24 10:55:00+00:00,109205.98,109094.99,109216.91,109078.95,155.18506,,163.99524287693333
2025-05-24 11:00:00+00:00,109094.99,109195.4,109228.22,109094.99,91.44426,,161.79772552858066
2025-05-24 11:05:00+00:00,109195.4,109260.02,109446.4,109179.46,425.50427,,169.307887990824
2025-05-24 11:10:00+00:00,109260.01,109307.36,109506.03,109211.6,571.10552,,178.24518170576465
2025-05-24 11:15:00+00:00,109307.36,109260.0,109412.13,109210.84,105.3379,,179.89124015535347
2025-05-24 11:20:00+00:00,109260.0,109255.65,109283.13,109181.81,104.78421,,174.27900871568588
2025-05-24 11:25:00+00:00,109255.65,109337.01,109400.0,109240.73,100.68875,,173.20693666456575
2025-05-24 11:30:00+00:00,109337.01,109401.48,109455.04,109324.13,195.44457,,170.18572690281027
2025-05-24 11:35:00+00:00,109401.47,109392.18,109489.47,109363.63,138.91656,,167.01817498118072
2025-05-24 11:40:00+00:00,109392.18,109175.03,109421.22,109173.18,143.69949,,172.80544819681126
2025-05-24 11:45:00+00:00,109175.02,109299.99,109303.88,109160.33,95.59839,,170.71577332561066
2025-05-24 11:50:00+00:00,109299.99,109235.16,109356.37,109207.01,117.36975,,169.19036094520993
2025-05-24 11:55:00+00:00,109235.17,109208.56,109244.49,109143.4,108.18397,,164.32604944912433
2025-05-24 12:00:00+00:00,109208.57,109238.11,109254.65,109157.51,92.12298,,159.52704591704398
2025-05-24 12:05:00+00:00,109238.11,109197.48,109282.81,109197.48,79.01965,,154.22725692296953
2025-05-24 12:10:00+00:00,109197.49,108925.11,109197.49,108818.18,183.99057,,170.3045957141869
2025-05-24 12:15:00+00:00,108925.1,108727.39,108975.54,108636.36,198.5061,,182.36712459174447
2025-05-24 12:20:00+00:00,108727.39,108890.17,108892.52,108691.97,98.86041,,183.6659014066201
2025-05-24 12:25:00+00:00,108890.18,108831.29,108936.64,108792.8,76.83397,,180.82119416328985
2025-05-24 12:30:00+00:00,108831.3,108875.4,108883.05,108703.87,86.45701,,180.70396600876967
2025-05-24 12:35:00+00:00,108875.39,108857.14,108896.78,108791.98,90.75867,,175.28225415100061
2025-05-24 12:40:00+00:00,108857.14,108821.71,108857.14,108811.12,83.26815,,166.049235997358
2025-05-24 12:45:00+00:00,108821.71,108768.99,108821.71,108681.82,96.11143,,164.18071914040382
2025-05-24 12:50:00+00:00,108768.99,108827.6,108827.6,108720.87,102.38496,,160.07709634466144
2025-05-24 12:55:00+00:00,108827.59,108776.63,108880.0,108774.04,97.87337,,156.21158946290035
2025-05-24 13:00:00+00:00,108776.63,108811.67,108836.37,108776.63,124.00663,,149.3207616441211
2025-05-24 13:05:00+00:00,108811.68,108706.47,108830.71,108706.46,37.47795,,147.5299929552553
2025-05-24 13:10:00+00:00,108706.47,108712.0,108741.59,108642.84,34.33645,,144.04570774416564
2025-05-24 13:15:00+00:00,108711.99,108814.42,108827.57,108571.41,55.6445,,152.0538714767255
2025-05-24 13:20:00+00:00,108814.43,108775.92,108814.43,108775.92,7.99689,,143.94359494267331
2025-05-24 13:25:00+00:00,108775.92,108881.15,108894.25,108775.92,42.56249,,142.1140524467682
2025-05-24 13:30:00+00:00,108881.15,108778.22,108892.89,108778.22,48.85123,True,140.15376298628465
2025-05-24 13:35:00+00:00,108778.23,108714.83,108787.29,108636.36,92.76866,True,140.92349420154954
2025-05-24 13:40:00+00:00,108714.82,108684.85,108714.83,108684.84,14.08369,True,132.99967318715352
2025-05-24 13:45:00+00:00,108684.86,108639.24,108739.6,108603.16,35.53824,True,133.24541081664273
2025-05-24 13:50:00+00:00,108639.24,108620.52,108653.41,108620.0,30.36576,True,126.11431004402564
2025-05-24 13:55:00+00:00,108620.51,108590.29,108620.51,108540.0,52.12718,True,122.85757361230982
2025-05-24 14:00:00+00:00,108590.28,108635.05,108668.24,108590.28,31.94437,True,119.65060406857387
2025-05-24 14:05:00+00:00,108635.06,108724.11,108797.82,108635.06,30.4288,True,122.73056092081889
2025-05-24 14:10:00+00:00,108724.12,108725.04,108790.33,108701.6,16.4752,True,120.3019494264744
2025-05-24 14:15:00+00:00,108725.04,108833.43,108991.5,108725.04,46.71723,True,130.74181018172666
2025-05-24 14:20:00+00:00,108833.44,108734.92,108874.53,108725.04,23.02273,True,132.080966597318
2025-05-24 14:25:00+00:00,108734.93,108700.01,108741.34,108681.81,28.64772,True,126.89875469750949
2025-05-24 14:30:00+00:00,108700.01,108859.93,108859.93,108669.44,55.38411,True,131.44098650482957
2025-05-24 14:35:00+00:00,108859.93,108890.47,108902.92,108859.92,15.44594,True,125.12377318305603
2025-05-24 14:40:00+00:00,108890.47,108831.15,108962.53,108831.14,29.42297,True,125.57136081283771
2025-05-24 14:45:00+00:00,108831.15,108958.25,108965.43,108831.15,53.08773,True,126.1934064690635
2025-05-24 14:50:00+00:00,108958.25,108943.3,108996.47,108889.29,36.31819,True,124.83530600698808
2025-05-24 14:55:00+00:00,108943.31,108959.09,109036.81,108900.01,55.21747,True,125.68992700648914
2025-05-24 15:00:00+00:00,108959.1,108868.34,108971.45,108868.33,19.74379,True,124.07778936316815
2025-05-24 15:05:00+00:00,108868.34,109085.8,109212.76,108868.33,43.50381,True,139.8172329800842
2025-05-24 15:10:00+00:00,109085.8,109154.77,109212.67,109076.0,23.30927,True,139.59243062436377
2025-05-24 15:15:00+00:00,109154.78,109117.37,109154.78,109094.45,17.73798,True,133.93082843690934
2025-05-24 15:20:00+00:00,109117.37,109008.69,109135.73,108994.49,45.23498,True,134.4529121199866
2025-05-24 15:25:00+00:00,109008.69,108953.04,109042.39,108929.2,25.9973,True,132.93413268284488
2025-05-24 15:30:00+00:00,108953.05,108933.98,109038.35,108909.09,31.79296,True,132.67169463407092
2025-05-24 15:35:00+00:00,108933.99,108952.4,108992.07,108899.21,36.99352,True,129.82800216020874
2025-05-24 15:40:00+00:00,108952.39,108890.74,108952.4,108850.0,40.17002,True,127.86885914876484
2025-05-24 15:45:00+00:00,108890.74,108828.29,108936.55,108819.12,49.52045,True,127.12322635242504
2025-05-24 15:50:00+00:00,108828.3,108855.25,108855.68,108826.9,17.27621,True,120.09871018439459
2025-05-24 15:55:00+00:00,108855.26,108929.7,108929.89,108855.25,30.83934,True,116.8516594569378
2025-05-24 16:00:00+00:00,108929.71,108842.46,108976.97,108800.0,26.46499,True,121.14582663858518
2025-05-24 16:05:00+00:00,108842.46,108798.62,108853.21,108769.46,35.57085,True,118.47469616440051
2025-05-24 16:10:00+00:00,108798.62,108740.0,108798.62,108700.0,19.91671,True,117.05650358122872
2025-05-24 16:15:00+00:00,108740.0,108814.21,108850.0,108682.36,24.56583,True,120.66961046828376
2025-05-24 16:20:00+00:00,108814.21,108870.64,108875.9,108801.98,9.70369,True,117.33035257769195
2025-05-24 16:25:00+00:00,108870.65,108773.55,108870.65,108714.74,21.70077,True,120.08604167928459
2025-05-24 16:30:00+00:00,108773.55,108806.45,108806.45,108700.0,20.89759,True,119.11203870219263
2025-05-24 16:35:00+00:00,108806.45,108796.52,108831.22,108764.25,12.42725,True,115.38760736632182
2025-05-24 16:40:00+00:00,108796.52,108860.0,108860.0,108784.57,15.76648,True,112.53349255444118
2025-05-24 16:45:00+00:00,108860.0,109044.38,109057.98,108804.93,50.00354,True,122.57038594340987
2025-05-24 16:50:00+00:00,109044.38,109035.63,109096.13,109035.62,41.18156,True,118.13750123316697
2025-05-24 16:55:00+00:00,109035.62,108997.67,109063.81,108969.76,11.93767,True,116.4169654307981
2025-05-24 17:00:00+00:00,108997.68,109048.0,109067.86,108997.68,23.79697,True,113.1150393285984
2025-05-24 17:05:00+00:00,109048.0,109114.29,109114.29,109040.0,18.85493,True,110.34182223369805
2025-05-24 17:10:00+00:00,109114.28,109120.1,109200.0,108992.99,38.3008,True,117.24669207414783
2025-05-24 17:15:00+00:00,109120.1,108904.77,109120.1,108900.0,50.51979,True,124.59335692599483
2025-05-24 17:20:00+00:00,108904.76,108907.73,108978.02,108882.35,30.81345,True,122.52740285985222
2025-05-24 17:25:00+00:00,108907.72,108956.31,108956.31,108907.72,7.71655,True,117.24615979843395
2025-05-24 17:30:00+00:00,108956.3,108947.22,108956.31,108913.29,6.51258,True,111.94429124140323
2025-05-24 17:35:00+00:00,108947.22,109009.21,109050.02,108940.28,19.52914,True,111.78684186701766
2025-05-24 17:40:00+00:00,109009.21,108965.66,109030.38,108965.66,13.80776,True,108.42492459080219
2025-05-24 17:45:00+00:00,108965.66,109060.0,109074.51,108920.99,21.30832,True,111.64600140574414
2025-05-24 17:50:00+00:00,109059.99,109069.15,109069.15,108982.77,13.92726,True,109.84128701961886
2025-05-24 17:55:00+00:00,109069.14,108920.03,109069.15,108920.03,13.01157,True,112.64690937536004
2025-05-24 18:00:00+00:00,108920.03,108951.97,108951.97,108916.01,11.45421,True,107.1692729914062
2025-05-24 18:05:00+00:00,108951.96,109013.25,109076.2,108951.96,18.34623,True,108.38861063487651
2025-05-24 18:10:00+00:00,109013.26,109035.5,109049.54,109007.04,7.54404,True,103.6822813038139
2025-05-24 18:15:00+00:00,109035.51,108991.09,109035.51,108973.71,15.27284,True,100.69068978211206
2025-05-24 18:20:00+00:00,108991.1,109045.46,109066.01,108991.09,9.042,True,98.8499262262468
2025-05-24 18:25:00+00:00,109045.45,109011.05,109052.98,109004.73,5.23327,True,95.23564578151488
2025-05-24 18:30:00+00:00,109011.05,108982.64,109011.05,108922.67,19.96826,True,94.74595679712128
2025-05-24 18:35:00+00:00,108982.64,108940.0,108982.64,108916.95,15.52023,True,92.67053131161278
2025-05-24 18:40:00+00:00,108939.99,108913.48,108940.0,108880.02,19.03418,True,90.33549336078299
2025-05-24 18:45:00+00:00,108913.48,108808.2,108913.48,108808.2,19.39484,True,91.40295812072698
2025-05-24 18:50:00+00:00,108808.21,108839.09,108839.09,108781.54,14.87039,True,88.9848896835324
2025-05-24 18:55:00+00:00,108839.09,108827.01,108839.09,108782.47,14.32566,True,86.67311184899404
2025-05-24 19:00:00+00:00,108827.0,108896.0,108924.03,108800.49,39.81878,True,89.30646100263687
2025-05-24 19:05:00+00:00,108896.01,108873.38,108933.57,108850.15,34.20813,True,88.88599950244942
2025-05-24 19:10:00+00:00,108873.38,108851.49,108932.05,108839.08,22.58451,True,89.17771382370312
2025-05-24 19:15:00+00:00,108851.48,108866.15,108900.0,108851.48,19.29346,True,86.27359140772462
2025-05-24 19:20:00+00:00,108866.14,108846.01,108890.79,108825.34,21.84321,True,84.78619202145838
2025-05-24 19:25:00+00:00,108846.01,108862.67,108873.15,108800.0,29.62632,True,83.95503544849666
2025-05-24 19:30:00+00:00,108862.67,108868.01,108924.87,108846.91,22.24521,True,83.52681863074632
2025-05-24 19:35:00+00:00,108868.01,108913.5,108913.5,108829.23,22.21611,True,83.57990301426473
2025-05-24 19:40:00+00:00,108913.5,108864.76,109019.6,108864.56,28.50231,True,88.68419565610354
2025-05-24 19:45:00+00:00,108864.77,108840.01,108864.77,108812.0,20.91877,True,86.11889596638215
2025-05-24 19:50:00+00:00,108840.01,108908.74,108930.2,108840.0,15.38262,True,86.41040339735466
2025-05-24 19:55:00+00:00,108908.75,108960.0,108971.79,108908.74,20.67374,True,84.74180315468563
2025-05-24 20:00:00+00:00,108960.0,108900.95,108970.45,108897.8,29.21809,True,83.87810292935053
2025-05-24 20:05:00+00:00,108900.94,108893.12,108916.69,108880.75,16.63845,,80.45395272011137
2025-05-24 20:10:00+00:00,108893.11,108988.92,109017.8,108893.11,21.85339,,83.61367038296073
2025-05-24 20:15:00+00:00,108988.91,108954.54,109059.69,108954.54,27.438,,85.1519796413213
2025-05-24 20:20:00+00:00,108954.55,109000.03,109022.83,108943.36,18.63846,,84.74612395265558
2025-05-24 20:25:00+00:00,109000.03,108991.44,109000.03,108991.43,13.44708,,79.30711509889488
2025-05-24 20:30:00+00:00,108991.44,109092.66,109095.24,108984.7,19.67966,,81.5380354489744
2025-05-24 20:35:00+00:00,109092.66,109095.84,109125.0,109078.91,16.05896,,79.00603291690456
2025-05-24 20:40:00+00:00,109095.84,108956.15,109095.85,108956.14,18.01858,,83.34203056569754
2025-05-24 20:45:00+00:00,108956.15,108916.79,108956.15,108916.79,11.62643,,80.20045695386204
2025-05-24 20:50:00+00:00,108916.8,108907.95,108916.8,108896.27,16.68077,,75.93828145715754
2025-05-24 20:55:00+00:00,108907.95,108863.63,108910.14,108863.63,11.14102,,73.83626135307449
2025-05-24 21:00:00+00:00,108863.63,108835.58,108863.64,108835.57,9.11608,,70.5672426849972
2025-05-24 21:05:00+00:00,108835.58,108743.77,108835.58,108743.76,12.61373,,72.08529677892646
2025-05-24 21:10:00+00:00,108743.76,108826.32,108839.09,108743.76,43.02627,,73.74563272328898
2025-05-24 21:15:00+00:00,108826.32,108776.76,108860.45,108776.75,10.70076,,74.45665895733956
2025-05-24 21:20:00+00:00,108776.76,108693.3,108776.76,108580.11,55.96934,,83.1847547461006
2025-05-24 21:25:00+00:00,108693.3,108703.87,108703.87,108693.29,8.71337,,77.99870083566496
2025-05-24 21:30:00+00:00,108703.86,108749.11,108749.11,108703.86,16.17252,,75.65950791883175
2025-05-24 21:35:00+00:00,108749.11,108806.94,108863.62,108710.12,31.59551,,81.21954306748661
2025-05-24 21:40:00+00:00,108806.94,108809.11,108841.45,108762.04,19.47919,,81.09028999123781
2025-05-24 21:45:00+00:00,108809.12,108722.18,108809.12,108722.17,15.35424,,81.50884070614919
2025-05-24 21:50:00+00:00,108722.17,108812.12,108841.22,108722.17,21.07589,,84.1903520842816
2025-05-24 21:55:00+00:00,108812.11,108818.18,108863.63,108800.0,16.30882,,82.72175550683325
2025-05-24 22:00:00+00:00,108818.18,108730.78,108818.19,108683.47,24.14778,,86.43591582777381
2025-05-24 22:05:00+00:00,108730.78,108702.4,108730.79,108605.08,25.08738,,89.24120755436081
2025-05-24 22:10:00+00:00,108702.39,108719.98,108719.98,108646.55,14.91021,,88.11183558619167
2025-05-24 22:15:00+00:00,108719.98,108726.34,108746.75,108719.97,11.98075,,83.7309901871779
2025-05-24 22:20:00+00:00,108726.35,108513.35,108726.35,108417.29,97.87011,,99.8259194595232
2025-05-24 22:25:00+00:00,108513.73,108514.81,108531.09,108350.1,92.84322,,105.6233537838423
2025-05-24 22:30:00+00:00,108514.81,108519.16,108519.16,108403.73,34.80619,,106.3238285135684
2025-05-24 22:35:00+00:00,108519.16,108530.44,108545.3,108500.0,21.41456,,101.9649836197423
2025-05-24 22:40:00+00:00,108530.45,108244.62,108579.99,108093.27,161.1279,,129.4474847897608
2025-05-24 22:45:00+00:00,108244.62,108285.72,108312.0,108209.87,29.94711,,127.4962358762068
2025-05-24 22:50:00+00:00,108285.72,108295.73,108324.85,108274.97,34.58881,,121.95221902790664
2025-05-24 22:55:00+00:00,108295.72,108100.5,108333.34,107977.67,117.45576,,138.64634624019888
2025-05-24 23:00:00+00:00,108100.5,107959.22,108117.74,107772.72,201.06508,,153.3873215087564
2025-05-24 23:05:00+00:00,107959.22,107720.01,107959.22,107671.77,160.86124,,162.96322711527358
2025-05-24 23:10:00+00:00,107720.01,108065.2,108066.31,107720.0,68.90809,,176.05942517846816
2025-05-24 23:15:00+00:00,108065.2,108240.01,108300.0,108058.0,64.27219,,180.76946623714903
2025-05-24 23:20:00+00:00,108240.01,107910.46,108396.97,107849.75,223.82668,,206.94450436306707
2025-05-24 23:25:00+00:00,107910.46,108008.13,108058.38,107832.74,190.01781,,208.27989690856225
2025-05-24 23:30:00+00:00,108008.13,108115.99,108142.86,107972.12,202.96938,,205.5984757008082
2025-05-24 23:35:00+00:00,108115.98,107966.25,108181.82,107966.24,99.64441,,206.31144172217915
2025-05-24 23:40:00+00:00,107966.24,107743.99,108027.88,107727.27,295.30734,,213.04705302773783
2025-05-24 23:45:00+00:00,107743.99,107789.37,107789.37,107500.0,210.47918,,218.4986920971848
2025-05-24 23:50:00+00:00,107789.37,107772.72,107844.58,107600.0,299.48211,,220.36164266167174
2025-05-24 23:55:00+00:00,107772.73,107761.91,107881.03,107728.68,216.57942,,215.50366818583845
2025-05-25 00:00:00+00:00,107761.9,107938.07,107960.0,107750.45,155.79743,,215.07840617256448
2025-05-25 00:05:00+00:00,107938.08,108028.89,108028.89,107852.0,61.06121,,212.35066287452415
2025-05-25 00:10:00+00:00,108028.89,107933.01,108035.43,107924.58,51.28174,,205.10061552634323
2025-05-25 00:15:00+00:00,107933.01,107826.04,107933.01,107819.58,31.71519,,198.5527144173182
2025-05-25 00:20:00+00:00,107826.04,107874.99,107875.0,107788.95,29.16545,,190.51680624465283
2025-05-25 00:25:00+00:00,107874.99,108017.03,108070.37,107847.78,35.43349,,192.8077486557488
2025-05-25 00:30:00+00:00,108017.04,108038.01,108130.44,108017.04,40.45376,,187.13648089462413
2025-05-25 00:35:00+00:00,108038.01,107928.57,108038.01,107909.09,59.20312,,182.9781608307223
2025-05-25 00:40:00+00:00,107928.58,107502.44,107928.58,107306.16,311.4772,,214.3668636285277
2025-05-25 00:45:00+00:00,107502.45,107525.61,107640.31,107303.96,93.13753,,223.07994479791796
2025-05-25 00:50:00+00:00,107525.62,107435.94,107610.76,107286.28,73.99766,,230.32280588378066
2025-05-25 00:55:00+00:00,107435.95,107443.9,107472.06,107289.99,88.87551,,226.8761768920815
2025-05-25 01:00:00+00:00,107443.9,107539.54,107615.38,107250.03,123.10785,,236.76716425693323
2025-05-25 01:05:00+00:00,107539.55,107454.54,107540.0,107318.18,75.75822,,235.6995096671528
2025-05-25 01:10:00+00:00,107454.55,107355.49,107469.56,107308.06,44.49219,,230.3995446909276
2025-05-25 01:15:00+00:00,107355.48,107638.2,107639.98,107206.0,127.33572,,244.9410057844325
2025-05-25 01:20:00+00:00,107638.21,107762.0,107762.0,107574.01,41.18414,,240.87307679983056
2025-05-25 01:25:00+00:00,107761.99,107872.5,107896.0,107687.42,58.30128,,238.56642845698565
2025-05-25 01:30:00+00:00,107872.5,107750.6,108007.29,107750.6,65.6946,,239.86096928148578
2025-05-25 01:35:00+00:00,107750.61,107840.65,107877.15,107727.27,44.65959,,233.4337571899504
2025-05-25 01:40:00+00:00,107840.64,107892.39,107892.39,107840.64,23.52494,,220.4563459620968
2025-05-25 01:45:00+00:00,107892.38,107760.55,107892.39,107727.27,34.65607,,216.5037498219467
2025-05-25 01:50:00+00:00,107760.55,107674.39,107772.73,107666.67,29.87978,,208.61491054895035
2025-05-25 01:55:00+00:00,107674.39,107656.22,107681.82,107636.36,33.55087,,196.96098836688293
2025-05-25 02:00:00+00:00,107656.21,107670.05,107804.0,107656.21,23.90805,,193.4487749121051
2025-05-25 02:05:00+00:00,107670.05,107583.42,107696.35,107572.41,30.99309,,188.4838624183835
2025-05-25 02:10:00+00:00,107583.41,107576.02,107639.98,107500.0,28.88459,,185.0193008170701
2025-05-25 02:15:00+00:00,107576.02,107480.3,107681.82,107480.29,37.21108,,186.19863647299462
2025-05-25 02:20:00+00:00,107480.3,107723.7,107723.71,107480.3,30.77719,,190.28516243920953
2025-05-25 02:25:00+00:00,107723.7,107857.15,107899.32,107703.21,25.10394,,190.70122226498032
2025-05-25 02:30:00+00:00,107857.15,107938.63,107954.55,107809.52,29.99718,,187.43899210319591
2025-05-25 02:35:00+00:00,107938.63,107756.08,107938.63,107756.08,24.78581,,187.08977838153928
2025-05-25 02:40:00+00:00,107756.09,107724.0,107756.09,107684.32,35.14599,,178.8526513542857
2025-05-25 02:45:00+00:00,107723.99,107741.06,107803.74,107714.55,22.57036,,172.44817625755118
2025-05-25 02:50:00+00:00,107741.06,107975.99,107975.99,107731.99,28.77292,,177.55902081058323
2025-05-25 02:55:00+00:00,107975.99,107928.8,108000.0,107928.8,21.26178,,169.96194789554139
2025-05-25 03:00:00+00:00,107928.8,108195.73,108214.0,107923.6,137.7097,,178.56466590300232
2025-05-25 03:05:00+00:00,108195.73,108161.46,108239.53,108142.85,66.82994,,172.71576119564452
2025-05-25 03:10:00+00:00,108161.46,108153.46,108194.24,108149.45,26.32418,,163.57820682452763
2025-05-25 03:15:00+00:00,108153.45,108164.83,108210.41,108153.45,18.40288,,155.96262062277611
2025-05-25 03:20:00+00:00,108164.83,108066.0,108185.45,108029.91,38.92066,,155.9324334354345
2025-05-25 03:25:00+00:00,108066.76,108151.39,108151.4,108066.75,18.06802,,150.8944024757602
2025-05-25 03:30:00+00:00,108151.39,108198.68,108239.23,108151.39,18.85789,,146.3905165846342
2025-05-25 03:35:00+00:00,108198.68,108213.35,108215.8,108153.08,35.08879,,140.41405111430328
2025-05-25 03:40:00+00:00,108213.34,108206.0,108231.34,108205.99,11.34512,,132.19519032042385
2025-05-25 03:45:00+00:00,108206.0,108228.89,108228.91,108156.69,15.65611,,127.91124815467937
2025-05-25 03:50:00+00:00,108228.9,108191.08,108257.14,108181.81,22.2446,,124.15544471505953
2025-05-25 03:55:00+00:00,108191.09,108095.75,108200.0,108095.75,13.2764,,122.73362723541243
2025-05-25 04:00:00+00:00,108095.76,108061.37,108095.76,108061.36,18.30751,,116.42408243288254
2025-05-25 04:05:00+00:00,108061.37,108045.46,108136.37,108030.25,34.51334,,115.68807654481917
2025-05-25 04:10:00+00:00,108045.45,107981.97,108045.46,107981.97,15.57951,,111.95964250590389
2025-05-25 04:15:00+00:00,107981.97,108001.84,108072.0,107954.54,35.44859,,112.35252518405407
2025-05-25 04:20:00+00:00,108001.85,107943.49,108039.19,107941.96,14.03383,,111.2723448137642
2025-05-25 04:25:00+00:00,107943.49,107979.96,108023.98,107943.48,9.86328,,109.07432018420961
2025-05-25 04:30:00+00:00,107979.95,108100.0,108100.01,107979.95,14.82361,,109.85901159962305
2025-05-25 04:35:00+00:00,108100.0,108184.8,108184.8,108084.89,28.94608,,109.14836791393593
2025-05-25 04:40:00+00:00,108184.8,108178.54,108200.0,108157.87,10.49558,,104.36134163436941
2025-05-25 04:45:00+00:00,108178.54,108168.06,108181.82,108151.04,13.56954,,99.1055315176297
2025-05-25 04:50:00+00:00,108168.05,108229.54,108229.55,108168.05,9.23928,,96.4194221235133
2025-05-25 04:55:00+00:00,108229.54,108245.21,108275.7,108181.81,40.34642,,96.23874911469089
2025-05-25 05:00:00+00:00,108245.21,108237.14,108269.87,108227.27,10.4657,,92.40740989221236
2025-05-25 05:05:00+00:00,108237.14,108187.76,108288.69,108187.75,18.31118,,93.01688061419736
2025-05-25 05:10:00+00:00,108187.76,108124.04,108201.84,108124.03,8.88302,,91.93067485604024
2025-05-25 05:15:00+00:00,108124.03,108086.61,108156.22,108086.61,17.82772,,90.3363409377517
2025-05-25 05:20:00+00:00,108086.61,108104.88,108121.88,108079.82,9.41623,,86.88803087076927
2025-05-25 05:25:00+00:00,108104.88,108086.0,108104.89,108076.41,9.82585,,82.71602866571403
2025-05-25 05:30:00+00:00,108086.01,108104.52,108130.52,108086.0,10.64331,,79.98774090387761
2025-05-25 05:35:00+00:00,108104.52,108031.14,108104.53,108004.78,14.43746,,81.39933083931491
2025-05-25 05:40:00+00:00,108031.15,108020.0,108031.15,107972.02,38.99187,,79.8086643507917
2025-05-25 05:45:00+00:00,108019.99,108015.98,108066.06,108000.0,11.26028,,78.82661689716356
2025-05-25 05:50:00+00:00,108015.99,108088.93,108088.94,108015.98,8.81372,,78.40757283308092
2025-05-25 05:55:00+00:00,108088.94,108103.98,108119.98,108088.93,9.06954,,75.02488905928963
2025-05-25 06:00:00+00:00,108103.99,108051.24,108136.37,108046.37,68.8834,,76.09453984076893
2025-05-25 06:05:00+00:00,108051.24,108080.95,108096.6,108031.24,70.62998,,75.32778699499977
2025-05-25 06:10:00+00:00,108080.94,108019.09,108080.95,108019.08,48.61136,,74.36651649535659
2025-05-25 06:15:00+00:00,108019.09,107970.49,108019.09,107966.98,9.54752,,72.77676531711687
2025-05-25 06:20:00+00:00,107970.49,107945.9,107970.5,107875.01,20.76871,,74.39913922303747
2025-05-25 06:25:00+00:00,107945.91,107982.5,107992.64,107945.9,14.08116,,72.42348642139231
2025-05-25 06:30:00+00:00,107982.5,107985.41,107992.79,107946.11,10.85717,,70.58466596272093
2025-05-25 06:35:00+00:00,107985.42,107939.61,107985.42,107939.6,4.72942,,68.81576125109747
2025-05-25 06:40:00+00:00,107939.61,107965.24,107965.24,107909.09,10.79281,,67.91106401887684
2025-05-25 06:45:00+00:00,107965.24,107980.27,108016.2,107925.24,22.29001,,69.55741658895649
2025-05-25 06:50:00+00:00,107980.27,107914.77,108000.01,107687.21,64.68102,,86.93188683260162
2025-05-25 06:55:00+00:00,107914.76,107938.0,107938.0,107755.2,32.24541,,93.77960920170172
2025-05-25 07:00:00+00:00,107938.0,107838.87,107938.0,107790.0,23.79153,,97.65249425872302
2025-05-25 07:05:00+00:00,107838.86,107731.76,107857.06,107718.09,32.9728,,100.60374466881431
2025-05-25 07:10:00+00:00,107731.76,107716.08,107797.44,107681.81,19.78371,,101.6770486210422
2025-05-25 07:15:00+00:00,107716.07,107793.47,107798.83,107711.84,27.23252,,100.62797371953957
2025-05-25 07:20:00+00:00,107793.48,107611.66,107793.48,107611.65,68.4286,,106.42811845385829
2025-05-25 07:25:00+00:00,107611.66,107545.45,107631.98,107461.52,91.46768,,111.00182427858212
2025-05-25 07:30:00+00:00,107545.45,107610.07,107660.0,107454.54,36.65015,,117.74883683011242
2025-05-25 07:35:00+00:00,107610.06,107583.28,107719.13,107571.42,73.04256,,119.88891991367629
2025-05-25 07:40:00+00:00,107583.27,107620.5,107656.0,107535.82,19.33013,,119.9097113484132
2025-05-25 07:45:00+00:00,107620.49,107644.66,107699.26,107620.49,24.01804,,116.97116053781151
2025-05-25 07:50:00+00:00,107644.65,107667.84,107685.35,107573.49,68.51471,,116.6060776422536
2025-05-25 07:55:00+00:00,107667.84,107681.81,107685.81,107648.12,17.2488,,110.96921495352136
2025-05-25 08:00:00+00:00,107681.82,107540.0,107700.65,107540.0,29.18294,,114.51784245684085
2025-05-25 08:05:00+00:00,107540.01,107497.89,107660.92,107479.79,33.86947,,119.275853709924
2025-05-25 08:10:00+00:00,107497.88,107496.35,107571.43,107430.17,45.16323,,120.84614987350048
2025-05-25 08:15:00+00:00,107496.36,107595.4,107595.4,107462.37,34.99044,,121.71642488253607
2025-05-25 08:20:00+00:00,107595.4,107619.34,107632.7,107509.17,21.45727,,121.84596596235484
2025-05-25 08:25:00+00:00,107619.35,107440.32,107619.35,107361.0,70.04333,,131.59625410790133
2025-05-25 08:30:00+00:00,107440.33,107306.02,107545.03,107255.0,126.36173,,142.91295024305114
2025-05-25 08:35:00+00:00,107306.03,107390.32,107418.4,107306.02,50.69449,,140.73202522568963
2025-05-25 08:40:00+00:00,107390.32,107319.0,107390.33,107281.77,43.91351,,138.43402342385448
2025-05-25 08:45:00+00:00,107318.99,107048.01,107319.0,106969.99,279.30758,,153.4751646078645
2025-05-25 08:50:00+00:00,107048.01,107000.01,107126.0,106926.14,131.31144,,156.78836713587424
2025-05-25 08:55:00+00:00,107000.01,107109.41,107113.08,107000.0,82.52214,,153.66634091188334
2025-05-25 09:00:00+00:00,107109.4,107144.63,107212.58,107055.22,89.5123,,153.93017370389174
2025-05-25 09:05:00+00:00,107144.64,106995.61,107144.64,106971.31,92.97988,,155.31587558218533
2025-05-25 09:10:00+00:00,106995.62,107181.82,107250.0,106995.62,71.26496,,162.39259875488636
2025-05-25 09:15:00+00:00,107181.81,106912.01,107181.82,106912.01,82.54437,,170.06527027239534
2025-05-25 09:20:00+00:00,106912.02,107133.28,107160.71,106900.0,94.18487,,176.53989382436754
2025-05-25 09:25:00+00:00,107133.28,107175.57,107258.29,107133.28,63.62084,,172.85918712262665
2025-05-25 09:30:00+00:00,107175.58,107104.53,107216.9,107075.69,79.96389,,170.59853089958133
2025-05-25 09:35:00+00:00,107104.53,106851.59,107114.37,106708.98,234.00945,,187.3693501210398
2025-05-25 09:40:00+00:00,106851.91,106880.01,106963.01,106722.03,110.44215,,191.19868225525096
2025-05-25 09:45:00+00:00,106880.01,107019.49,107057.95,106880.01,95.26928,,190.25163352273321
2025-05-25 09:50:00+00:00,107019.49,107108.96,107114.42,107019.48,36.3749,,183.44365969968104
2025-05-25 09:55:00+00:00,107108.95,107131.67,107131.68,107045.45,32.8145,,176.49982686398926
2025-05-25 10:00:00+00:00,107131.68,107163.49,107163.5,107067.07,39.89032,,170.78055351656096
2025-05-25 10:05:00+00:00,107163.49,107154.63,107309.41,107100.0,63.71696,,173.53979969394973
2025-05-25 10:10:00+00:00,107154.63,107202.69,107227.28,107100.0,66.03982,,170.23552828723896
2025-05-25 10:15:00+00:00,107202.69,107272.72,107286.89,107192.51,33.78733,,164.81727626672225
2025-05-25 10:20:00+00:00,107272.73,107253.67,107272.73,107215.14,37.13136,,157.15818510481327
2025-05-25 10:25:00+00:00,107253.66,107098.13,107253.67,107090.91,97.75196,,157.55831474018336
2025-05-25 10:30:00+00:00,107098.14,107266.31,107266.31,107098.14,19.28876,,158.3170065444555
2025-05-25 10:35:00+00:00,107266.31,107248.19,107266.31,107224.62,18.71272,,149.98650607699457
2025-05-25 10:40:00+00:00,107248.2,107184.49,107312.29,107184.49,68.7745,,148.40175564292272
2025-05-25 10:45:00+00:00,107184.49,107318.18,107318.18,107181.81,42.91179,,147.54234452557077
2025-05-25 10:50:00+00:00,107318.18,107067.41,107390.89,106969.51,165.79797,,167.10217705945888
2025-05-25 10:55:00+00:00,107067.4,106946.4,107067.41,106826.53,126.62965,,172.37202155521214
2025-05-25 11:00:00+00:00,106946.4,106929.62,106967.01,106834.34,73.70258,,169.53616287269688
2025-05-25 11:05:00+00:00,106929.62,107019.82,107019.82,106852.01,119.47319,,169.41286552464797
2025-05-25 11:10:00+00:00,107019.81,107057.54,107062.61,106960.0,47.4967,,164.64123227288744
2025-05-25 11:15:00+00:00,107057.53,107082.55,107082.55,107012.31,24.5259,,157.8982871105387
2025-05-25 11:20:00+00:00,107082.54,107026.14,107090.91,106983.96,35.20071,,154.25912374549998
2025-05-25 11:25:00+00:00,107026.14,107175.8,107186.0,107026.13,42.77688,,154.65990062082105
2025-05-25 11:30:00+00:00,107175.81,107090.91,107227.25,107028.95,63.86962,,157.7770505764769
2025-05-25 11:35:00+00:00,107090.91,107143.19,107153.99,107045.45,23.67691,,154.26011839244345
2025-05-25 11:40:00+00:00,107143.2,107126.78,107181.82,107101.23,28.16295,,148.99796707869828
2025-05-25 11:45:00+00:00,107126.79,107214.93,107214.94,107126.78,60.90405,,144.65239800164866
2025-05-25 11:50:00+00:00,107214.93,107241.26,107272.73,107190.47,34.71768,,140.19579814438768
2025-05-25 11:55:00+00:00,107241.27,107260.0,107272.73,107214.53,32.61772,,134.33895541978833
2025-05-25 12:00:00+00:00,107259.99,107215.37,107272.74,107181.81,21.83311,,131.23831574694685
2025-05-25 12:05:00+00:00,107215.38,107315.46,107349.01,107215.37,81.21636,,131.4098646221649
2025-05-25 12:10:00+00:00,107315.45,107413.6,107439.96,107303.77,70.19045,,131.75130286343898
2025-05-25 12:15:00+00:00,107413.61,107475.43,107600.0,107413.6,88.72548,,135.65478123033577
2025-05-25 12:20:00+00:00,107475.42,107440.49,107475.43,107307.07,133.46107,,137.9908682853108
2025-05-25 12:25:00+00:00,107440.48,107473.19,107512.11,107413.78,160.25183,,135.15794912207443
2025-05-25 12:30:00+00:00,107473.19,107496.31,107589.67,107473.19,58.92062,,133.82380989906883
2025-05-25 12:35:00+00:00,107496.32,107545.32,107545.32,107463.04,47.19923,,130.14210919199346
2025-05-25 12:40:00+00:00,107545.32,107421.84,107625.0,107400.77,34.25807,,136.8626728211365
2025-05-25 12:45:00+00:00,107421.84,107410.0,107481.6,107410.0,37.15032,,132.20105333391288
2025-05-25 12:50:00+00:00,107410.01,107452.66,107477.44,107384.62,33.98603,,129.3881209529196
2025-05-25 12:55:00+00:00,107452.65,107530.57,107549.2,107452.65,31.97228,,127.04254088485412
2025-05-25 13:00:00+00:00,107530.57,107516.43,107576.93,107468.9,61.27208,,125.6845022502216
2025-05-25 13:05:00+00:00,107516.42,107443.66,107516.43,107411.29,33.90601,,124.21703780377716
2025-05-25 13:10:00+00:00,107443.66,107371.51,107443.67,107300.0,35.99993,,125.60653510350724
2025-05-25 13:15:00+00:00,107371.5,107363.64,107402.77,107301.42,26.68865,,123.87392545325714
2025-05-25 13:20:00+00:00,107363.63,107402.95,107409.1,107335.18,23.19202,,120.30578792088254
2025-05-25 13:25:00+00:00,107402.94,107551.76,107551.77,107382.13,23.15167,,123.82966021224802
2025-05-25 13:30:00+00:00,107551.77,107576.62,107610.9,107517.34,30.60089,True,121.6675416256587
2025-05-25 13:35:00+00:00,107576.63,107682.09,107741.58,107576.62,51.51719,True,124.75986008096925
2025-05-25 13:40:00+00:00,107682.09,107641.94,107682.1,107577.21,31.91259,True,123.34058436089997
2025-05-25 13:45:00+00:00,107641.95,107678.66,107712.97,107636.38,26.08499,True,120.00125690654973
2025-05-25 13:50:00+00:00,107678.67,107705.83,107743.34,107610.86,48.50446,True,120.89259569893875
2025-05-25 13:55:00+00:00,107705.83,107521.75,107705.83,107521.74,53.7934,True,125.40669600615716
2025-05-25 14:00:00+00:00,107521.74,107523.43,107570.28,107432.61,64.35516,True,126.28264629143153
2025-05-25 14:05:00+00:00,107523.43,107599.99,107600.0,107507.65,26.0958,True,123.85888584204397
2025-05-25 14:10:00+00:00,107599.99,107541.0,107610.45,107529.48,14.50892,True,120.79539399618378
2025-05-25 14:15:00+00:00,107541.01,107485.17,107567.41,107462.94,32.21026,True,119.62929442502788
2025-05-25 14:20:00+00:00,107485.17,107518.17,107518.17,107479.4,24.43201,True,113.85363053752619
2025-05-25 14:25:00+00:00,107518.16,107644.0,107653.68,107518.16,71.95184,True,115.40122835627356
2025-05-25 14:30:00+00:00,107644.0,107572.21,107644.01,107561.68,16.55287,True,113.038997759397
2025-05-25 14:35:00+00:00,107572.22,107372.67,107602.38,107305.12,66.87397,True,126.1976407765836
2025-05-25 14:40:00+00:00,107372.67,107203.26,107424.44,107174.2,203.7346,True,135.0578092925423
2025-05-25 14:45:00+00:00,107203.26,107274.71,107301.62,107137.56,88.71477,True,137.1293943430748
2025-05-25 14:50:00+00:00,107274.71,107324.75,107355.0,107260.6,56.29362,True,134.07729474714048
2025-05-25 14:55:00+00:00,107324.75,107355.0,107355.0,107297.19,36.05688,True,128.62963083663027
2025-05-25 15:00:00+00:00,107355.0,107165.75,107420.98,107165.74,146.28541,True,137.67322863401316
2025-05-25 15:05:00+00:00,107165.75,107195.99,107286.83,107156.86,139.00273,True,137.12299801729802
2025-05-25 15:10:00+00:00,107196.0,107287.34,107318.19,107187.17,254.27431,True,136.6870695874913
2025-05-25 15:15:00+00:00,107287.33,107239.03,107311.3,107190.82,77.4064,True,135.52942175981306
2025-05-25 15:20:00+00:00,107239.02,106857.99,107239.02,106818.76,200.60117,True,155.86803449125526
2025-05-25 15:25:00+00:00,106858.0,106835.71,106947.67,106708.0,204.45904,True,161.85388917045117
2025-05-25 15:30:00+00:00,106835.71,107110.23,107162.02,106600.64,406.25742,True,190.3914685154193
2025-05-25 15:35:00+00:00,107110.24,107072.82,107181.81,106986.71,555.11165,True,190.72779219288873
2025-05-25 15:40:00+00:00,107072.81,107127.05,107226.09,107039.56,547.94938,True,190.4279498933966
2025-05-25 15:45:00+00:00,107127.04,106952.32,107205.7,106870.32,223.26593,True,200.7816677581533
2025-05-25 15:50:00+00:00,106952.31,106993.44,107018.67,106863.94,178.90276,True,197.49226291828492
2025-05-25 15:55:00+00:00,106993.44,106967.97,106996.69,106907.49,212.06209,True,189.75710128126437
2025-05-25 16:00:00+00:00,106967.97,106972.43,107019.27,106854.42,205.87403,True,187.9780226183173
2025-05-25 16:05:00+00:00,106972.44,106984.0,106984.0,106843.61,170.30138,True,184.57887814558032
2025-05-25 16:10:00+00:00,106983.99,106901.74,107056.0,106863.75,201.13323,True,185.126815420896
2025-05-25 16:15:00+00:00,106901.74,106781.69,106909.1,106700.0,182.96775,True,186.83918574797528
2025-05-25 16:20:00+00:00,106781.69,106691.51,106781.69,106640.52,181.31788,True,183.57710105169122
2025-05-25 16:25:00+00:00,106691.52,106697.9,106750.0,106640.52,166.58239,True,178.2844509765701
2025-05-25 16:30:00+00:00,106697.89,106859.21,106860.0,106688.1,76.65097,True,177.82841876395756
2025-05-25 16:35:00+00:00,106859.2,106976.23,106982.99,106804.69,52.65487,True,177.8621031379608
2025-05-25 16:40:00+00:00,106976.22,107111.99,107136.37,106923.06,57.22561,True,180.39409577096345
2025-05-25 16:45:00+00:00,107112.0,107171.25,107243.36,107112.0,92.52983,True,176.89237464446572
2025-05-25 16:50:00+00:00,107171.26,107152.62,107171.26,107118.95,24.02959,True,167.9936335984323
2025-05-25 16:55:00+00:00,107152.63,107174.4,107175.21,107126.26,17.05388,True,159.49051691283083
2025-05-25 17:00:00+00:00,107174.41,107259.8,107276.66,107174.4,29.81592,True,155.4026228476293
2025-05-25 17:05:00+00:00,107259.79,107227.27,107289.65,107227.27,35.50747,True,148.75814978708362
2025-05-25 17:10:00+00:00,107227.27,107258.52,107285.72,107227.27,21.32385,True,142.3075676594346
2025-05-25 17:15:00+00:00,107258.52,107181.8,107266.74,107111.56,27.25342,True,143.22702711233268
2025-05-25 17:20:00+00:00,107181.8,107293.27,107293.27,107160.22,16.05737,True,142.50009660430914
2025-05-25 17:25:00+00:00,107293.27,107296.33,107316.45,107230.68,11.29427,True,138.44794684685877
2025-05-25 17:30:00+00:00,107296.32,107244.02,107313.26,107189.55,16.63132,True,137.39523635779685
2025-05-25 17:35:00+00:00,107244.01,107188.88,107244.02,107162.49,13.98173,True,133.40486233223984
2025-05-25 17:40:00+00:00,107188.89,107251.46,107281.12,107177.91,18.67357,True,131.24808645136497
2025-05-25 17:45:00+00:00,107251.47,107316.48,107328.21,107251.46,18.17976,True,127.35536599055318
2025-05-25 17:50:00+00:00,107316.49,107363.63,107363.63,107316.48,14.8367,True,121.62641127694287
2025-05-25 17:55:00+00:00,107363.62,107363.37,107374.38,107342.29,8.52038,True,115.23095332859062
2025-05-25 18:00:00+00:00,107363.36,107335.08,107368.98,107284.95,27.88039,True,113.00231380511978
2025-05-25 18:05:00+00:00,107335.08,107323.02,107335.08,107272.72,15.41541,True,109.3850056761827
2025-05-25 18:10:00+00:00,107323.02,107377.24,107377.24,107323.01,9.88269,True,105.44536241359897
2025-05-25 18:15:00+00:00,107377.23,107391.12,107391.12,107336.12,9.08769,True,101.84212224119905
2025-05-25 18:20:00+00:00,107391.29,107498.06,107500.0,107391.29,14.34391,True,102.34482779539944
2025-05-25 18:25:00+00:00,107498.07,107537.96,107600.0,107498.06,33.26303,True,102.31591152429964
2025-05-25 18:30:00+00:00,107537.95,107466.13,107537.96,107463.76,24.79719,True,100.30763212970763
2025-05-25 18:35:00+00:00,107466.13,107490.33,107520.0,107439.97,16.69155,True,98.85922983472844
2025-05-25 18:40:00+00:00,107490.33,107409.09,107490.33,107409.09,13.66251,True,97.6007134179625
2025-05-25 18:45:00+00:00,107409.09,107474.8,107474.81,107409.09,9.64657,True,95.32351960239383
2025-05-25 18:50:00+00:00,107474.81,107450.25,107474.81,107441.77,9.47375,True,90.87469677365095
2025-05-25 18:55:00+00:00,107450.24,107413.34,107450.24,107409.09,3.80745,True,87.32364700410471
2025-05-25 19:00:00+00:00,107413.34,107447.13,107447.14,107413.33,10.96103,True,83.5012436466685
2025-05-25 19:05:00+00:00,107447.14,107461.08,107471.01,107440.02,10.43915,True,79.75044052904866
2025-05-25 19:10:00+00:00,107461.07,107442.91,107473.42,107432.26,6.85232,True,76.99398049125973
2025-05-25 19:15:00+00:00,107442.91,107519.11,107519.11,107442.9,11.81859,True,76.93798188474163
2025-05-25 19:20:00+00:00,107519.11,107574.6,107574.61,107503.98,8.36987,True,76.48741175011756
2025-05-25 19:25:00+00:00,107574.6,107622.97,107622.98,107567.12,12.31292,True,75.01402519653777
2025-05-25 19:30:00+00:00,107622.97,107641.0,107706.11,107622.97,41.99994,True,75.59445196821359
2025-05-25 19:35:00+00:00,107641.0,107698.9,107699.04,107640.99,13.48627,True,74.34127682762607
2025-05-25 19:40:00+00:00,107698.9,107659.79,107702.43,107628.35,18.12099,True,74.32261419708045
2025-05-25 19:45:00+00:00,107659.79,107662.22,107677.94,107659.79,7.06922,True,70.31028461157533
2025-05-25 19:50:00+00:00,107662.23,107714.25,107714.25,107662.22,8.86086,True,69.00454999646271
2025-05-25 19:55:00+00:00,107714.24,107717.01,107940.95,107684.94,105.24324,True,82.36208213957215
2025-05-25 20:00:00+00:00,107717.02,107664.5,107754.24,107629.99,156.45913,True,85.35407627245986
2025-05-25 20:05:00+00:00,107664.5,107571.6,107664.51,107545.45,28.12658,,87.76164225299829
2025-05-25 20:10:00+00:00,107571.6,107527.28,107571.6,107515.41,9.85324,,85.50652494921285
2025-05-25 20:15:00+00:00,107527.27,107493.99,107527.28,107409.09,31.28271,,87.8410588814121
2025-05-25 20:20:00+00:00,107493.98,107530.69,107600.79,107492.06,27.75558,,89.33312610416809
2025-05-25 20:25:00+00:00,107530.69,107566.47,107591.24,107504.82,30.15185,,89.12504566815596
2025-05-25 20:30:00+00:00,107566.48,107552.01,107593.5,107547.1,17.58541,,86.07325669185869
2025-05-25 20:35:00+00:00,107552.0,107645.28,107652.0,107551.69,13.10703,,87.09016692815433
2025-05-25 20:40:00+00:00,107645.28,107699.99,107704.0,107630.91,15.12664,,86.09015500471449
2025-05-25 20:45:00+00:00,107699.99,107660.81,107700.0,107650.96,5.73335,,83.44371536152015
2025-05-25 20:50:00+00:00,107660.81,107653.96,107660.81,107641.82,9.42927,,78.83987854998233
2025-05-25 20:55:00+00:00,107653.95,107677.35,107691.08,107623.68,15.78105,,78.02274436784136
2025-05-25 21:00:00+00:00,107677.36,107713.73,107713.73,107634.56,13.19535,,78.1046911987097
2025-05-25 21:05:00+00:00,107713.73,107816.91,107852.39,107713.72,22.25624,,82.43078468451601
2025-05-25 21:10:00+00:00,107816.92,107866.91,107914.44,107816.91,35.33027,,83.50930006419335
2025-05-25 21:15:00+00:00,107866.9,107800.01,107866.91,107800.0,11.98868,,82.32363577389408
2025-05-25 21:20:00+00:00,107800.0,107533.55,107800.0,107454.54,55.56287,,101.11980464718745
2025-05-25 21:25:00+00:00,107535.83,107460.0,107582.81,107414.55,32.56013,,105.91553288667369
2025-05-25 21:30:00+00:00,107459.54,107427.4,107459.54,107176.0,53.75903,,118.635851966197
2025-05-25 21:35:00+00:00,107427.39,107422.34,107430.93,107348.94,26.87996,,116.01829111146797
2025-05-25 21:40:00+00:00,107422.35,107446.26,107454.55,107363.63,15.34554,,114.22555603207728
2025-05-25 21:45:00+00:00,107446.25,107553.51,107553.52,107404.29,14.00313,,116.72587345835822
2025-05-25 21:50:00+00:00,107553.51,107642.59,107664.28,107553.51,15.47573,,116.30045392561864
2025-05-25 21:55:00+00:00,107642.59,107466.7,107642.6,107423.49,17.79655,,123.64399293093163
2025-05-25 22:00:00+00:00,107466.69,107656.98,107691.71,107350.01,59.52858,,139.2194220072945
2025-05-25 22:05:00+00:00,107656.98,108179.99,108370.76,107606.97,217.91059,,183.83160614963012
2025-05-25 22:10:00+00:00,108179.99,108363.64,108696.15,108170.9,439.23304,,208.2186342817994
2025-05-25 22:15:00+00:00,108363.64,108285.15,108689.1,108242.12,149.31094,,225.27301754738593
2025-05-25 22:20:00+00:00,108285.15,108482.31,108525.86,108117.64,112.2269,,238.34065915114417
2025-05-25 22:25:00+00:00,108482.31,108330.87,108504.0,108243.16,79.41958,,239.94775492606217
2025-05-25 22:30:00+00:00,108330.88,108466.29,108500.0,108330.87,50.07787,,234.88934385991521
2025-05-25 22:35:00+00:00,108466.28,108459.99,108466.28,108290.49,49.51925,,230.668676441349
2025-05-25 22:40:00+00:00,108459.98,108630.35,108650.0,108459.98,82.57808,,227.76519955268148
2025-05-25 22:45:00+00:00,108630.35,108694.99,108695.0,108511.51,69.64353,,224.60268529891889
2025-05-25 22:50:00+00:00,108694.99,108947.94,109070.52,108694.99,245.98725,,235.38320777756743
2025-05-25 22:55:00+00:00,108947.93,109166.0,109200.0,108947.93,97.48155,,236.57512150774167
2025-05-25 23:00:00+00:00,109165.99,109087.04,109299.99,108916.85,216.62079,,247.0440414000458
2025-05-25 23:05:00+00:00,109087.04,109103.65,109188.12,109001.84,122.49647,,242.7037527286139
2025-05-25 23:10:00+00:00,109103.65,108914.0,109103.65,108895.5,71.08641,,240.2356275337125
2025-05-25 23:15:00+00:00,108913.99,108791.07,108990.84,108766.84,115.40139,,239.07593985273303
2025-05-25 23:20:00+00:00,108791.07,108818.18,108877.39,108739.12,52.14283,,231.87551557753812
2025-05-25 23:25:00+00:00,108818.18,108642.56,108876.98,108570.16,113.91227,,237.22869303628485
2025-05-25 23:30:00+00:00,108642.56,108726.01,108772.73,108590.91,53.08696,,233.27092924797824
2025-05-25 23:35:00+00:00,108726.01,108823.2,108823.2,108670.3,42.00765,,227.53014858740795
2025-05-25 23:40:00+00:00,108823.2,108884.62,109063.6,108801.14,82.47663,,230.02513797402213
2025-05-25 23:45:00+00:00,108884.62,108865.49,108980.0,108839.51,49.89241,,223.62977097587807
2025-05-25 23:50:00+00:00,108865.49,108861.62,108925.93,108830.78,33.03314,,214.45264447760064
2025-05-25 23:55:00+00:00,108861.61,109004.19,109069.28,108839.99,44.44664,,215.512455586343
2025-05-26 00:00:00+00:00,109004.2,108925.38,109045.45,108904.55,62.6488,,210.18299447303238
2025-05-26 00:05:00+00:00,108925.38,108953.09,108968.88,108900.0,25.56024,,200.0899234392447
2025-05-26 00:10:00+00:00,108953.08,108929.03,108973.16,108898.01,53.34888,,191.165643193585
2025-05-26 00:15:00+00:00,108929.04,108952.69,109096.78,108924.67,34.76582,,189.8045258226147
2025-05-26 00:20:00+00:00,108952.69,108916.1,108954.56,108898.27,64.66034,,180.26777397814178
2025-05-26 00:25:00+00:00,108916.11,108805.72,108937.07,108670.58,212.85866,,186.4265044082749
2025-05-26 00:30:00+00:00,108805.72,108947.36,108954.55,108783.44,39.69376,,185.33246837911244
2025-05-26 00:35:00+00:00,108947.36,109199.98,109199.99,108874.42,82.08833,,195.34943492346204
2025-05-26 00:40:00+00:00,109199.99,109188.0,109289.99,109161.7,73.3432,,190.55947528607248
2025-05-26 00:45:00+00:00,109188.0,109190.75,109360.01,109156.73,99.49891,,191.4680841942101
2025-05-26 00:50:00+00:00,109190.76,109257.97,109446.17,109147.47,69.06238,,199.1275067517663
2025-05-26 00:55:00+00:00,109257.97,109540.46,109600.0,109257.97,103.68502,,209.33482769806864
2025-05-26 01:00:00+00:00,109540.45,109557.01,109798.01,109540.45,154.80398,,212.77948286249213
2025-05-26 01:05:00+00:00,109557.0,109388.32,109557.01,109326.05,74.66207,,214.07809122945642
2025-05-26 01:10:00+00:00,109388.32,109391.99,109408.05,109288.92,45.11535,,207.29608471306702
2025-05-26 01:15:00+00:00,109391.98,109248.32,109428.17,109248.31,49.7048,,205.33636437641943
2025-05-26 01:20:00+00:00,109248.31,109304.0,109329.5,109234.35,24.00201,,197.46590977810334
2025-05-26 01:25:00+00:00,109304.01,109310.25,109454.2,109304.0,49.23886,,194.08977336538146
2025-05-26 01:30:00+00:00,109310.26,109259.47,109358.44,109224.0,52.09506,,189.8290752678544
2025-05-26 01:35:00+00:00,109259.47,109467.55,109523.63,109259.46,35.4483,,195.1391413201504
2025-05-26 01:40:00+00:00,109467.54,109635.9,109750.0,109467.54,140.77719,,201.37634551156867
2025-05-26 01:45:00+00:00,109635.9,109718.22,109844.91,109631.26,203.99333,,202.25303511788584
2025-05-26 01:50:00+00:00,109718.22,109546.15,109771.45,109508.38,87.73447,,206.59710403803632
2025-05-26 01:55:00+00:00,109546.15,109545.46,109570.66,109433.79,50.47681,,201.61659660674871
2025-05-26 02:00:00+00:00,109545.45,109717.92,109731.5,109460.68,83.11578,,206.5596968491243
2025-05-26 02:05:00+00:00,109717.93,109579.99,109772.72,109500.0,104.15438,,211.28543278847266
2025-05-26 02:10:00+00:00,109580.0,109528.93,109633.72,109519.99,26.74542,,204.31718758929577
2025-05-26 02:15:00+00:00,109528.93,109610.0,109679.51,109494.57,32.05644,,202.93310276148804
2025-05-26 02:20:00+00:00,109610.0,109621.14,109707.99,109576.0,30.37204,,197.865738278525
2025-05-26 02:25:00+00:00,109621.14,109519.99,109621.14,109484.02,52.92863,,193.52675697291573
2025-05-26 02:30:00+00:00,109519.98,109377.99,109540.94,109308.53,49.72038,,196.30413147485055
2025-05-26 02:35:00+00:00,109377.99,109255.99,109380.0,109250.0,22.41301,,191.5681220837898
2025-05-26 02:40:00+00:00,109255.98,109297.12,109333.34,109212.77,41.65304,,186.49682764923287
2025-05-26 02:45:00+00:00,109297.13,109284.0,109308.88,109172.36,117.76729,,182.92705424571653
2025-05-26 02:50:00+00:00,109284.0,109409.09,109431.44,109270.61,45.01329,,181.34869322816547
2025-05-26 02:55:00+00:00,109409.09,109387.72,109425.81,109341.84,32.18137,,174.3930722832966
2025-05-26 03:00:00+00:00,109387.73,109298.51,109391.31,109286.17,23.69619,,169.4464242630611
2025-05-26 03:05:00+00:00,109298.52,109293.54,109391.31,109273.51,29.74819,,165.75739395855695
2025-05-26 03:10:00+00:00,109293.54,109316.61,109357.4,109286.41,18.45681,,158.98829439008793
2025-05-26 03:15:00+00:00,109316.61,109320.82,109329.93,109274.03,17.66644,,151.62484479079552
2025-05-26 03:20:00+00:00,109320.82,109559.07,109588.91,109320.81,110.33392,,159.94449873431054
2025-05-26 03:25:00+00:00,109559.08,109652.87,109694.05,109559.08,29.91503,,158.16132025328807
2025-05-26 03:30:00+00:00,109652.88,109659.5,109714.29,109563.13,104.73536,,157.66122594948098
2025-05-26 03:35:00+00:00,109659.51,109687.85,109755.0,109585.91,72.4088,,158.47756695308925
2025-05-26 03:40:00+00:00,109687.85,109663.01,109709.31,109601.27,40.3674,,154.8748835992967
2025-05-26 03:45:00+00:00,109663.01,109658.95,109765.74,109655.22,42.75083,,151.70667762791865
2025-05-26 03:50:00+00:00,109658.95,109623.53,109663.28,109572.29,34.80272,,147.36977208306766
2025-05-26 03:55:00+00:00,109623.54,109623.53,109627.5,109590.98,38.52707,,139.45193121999168
2025-05-26 04:00:00+00:00,109623.54,109590.91,109678.98,109520.78,19.62586,,140.79107898999206
2025-05-26 04:05:00+00:00,109590.91,109655.7,109655.71,109580.0,29.10572,,136.14243049070737
2025-05-26 04:10:00+00:00,109655.7,109545.36,109700.0,109536.31,93.43668,,138.1101140270856
2025-05-26 04:15:00+00:00,109545.36,109620.0,109620.0,109510.58,52.9558,,136.06082016800792
2025-05-26 04:20:00+00:00,109619.99,109661.69,109671.3,109619.99,39.24591,,130.0071901560072
2025-05-26 04:25:00+00:00,109661.69,109652.17,109672.0,109642.04,17.08557,,122.86096228772143
2025-05-26 04:30:00+00:00,109652.18,109710.3,109737.71,109634.51,56.13014,,121.45660783859931
2025-05-26 04:35:00+00:00,109710.3,109670.28,109710.3,109640.31,27.43828,,117.78042156441403
2025-05-26 04:40:00+00:00,109670.27,109650.0,109670.28,109650.0,17.74743,,110.81610573838438
2025-05-26 04:45:00+00:00,109650.01,109653.71,109727.19,109630.25,75.35534,,109.82495532849995
2025-05-26 04:50:00+00:00,109653.71,109554.11,109653.72,109524.04,46.25235,,111.24317280503621
2025-05-26 04:55:00+00:00,109554.12,109541.3,109574.63,109541.3,63.48369,,105.67794617610517
2025-05-26 05:00:00+00:00,109541.31,109516.1,109541.31,109509.71,31.85267,,100.38666430638274
2025-05-26 05:05:00+00:00,109516.1,109474.76,109606.45,109449.3,97.79202,,104.44118828449784
2025-05-26 05:10:00+00:00,109474.77,109436.83,109474.77,109365.29,44.02443,,104.80110340703446
2025-05-26 05:15:00+00:00,109436.82,109499.68,109499.69,109436.82,17.39202,,101.80602459224596
2025-05-26 05:20:00+00:00,109499.69,109542.64,109551.91,109409.17,80.08248,,104.72987997851449
2025-05-26 05:25:00+00:00,109542.64,109577.99,109618.76,109542.63,78.60201,,102.68703140861989
2025-05-26 05:30:00+00:00,109577.99,109591.56,109617.96,109522.69,49.73099,,102.15724345086161
2025-05-26 05:35:00+00:00,109591.56,109641.89,109688.05,109591.55,46.10151,,101.75315463294292
2025-05-26 05:40:00+00:00,109641.88,109659.11,109678.17,109641.88,16.96037,,97.0772150163037
2025-05-26 05:45:00+00:00,109659.1,109629.47,109674.89,109622.71,29.81074,,93.87027108656721
2025-05-26 05:50:00+00:00,109629.48,109636.28,109650.69,109602.32,19.93774,,90.62025172324066
2025-05-26 05:55:00+00:00,109636.28,109650.01,109678.0,109636.27,24.86055,,87.12809088586604
2025-05-26 06:00:00+00:00,109650.0,109690.02,109690.02,109599.2,44.48091,,87.39179867973326
2025-05-26 06:05:00+00:00,109690.01,109682.1,109733.14,109668.05,29.92575,,85.79881305975206
2025-05-26 06:10:00+00:00,109682.1,109560.88,109682.11,109550.0,28.75968,,89.10675498405553
2025-05-26 06:15:00+00:00,109560.88,109569.28,109636.37,109519.4,27.7293,,91.09698677090879
2025-05-26 06:20:00+00:00,109569.28,109695.73,109776.12,109569.27,64.68009,,99.36505914441467
2025-05-26 06:25:00+00:00,109695.73,109739.13,109739.13,109665.64,24.50054,,97.51684063409971
2025-05-26 06:30:00+00:00,109739.12,109614.73,109739.13,109614.72,26.01121,,99.43778058880712
2025-05-26 06:35:00+00:00,109614.73,109573.74,109614.73,109543.37,34.86191,,97.43222483246379
2025-05-26 06:40:00+00:00,109573.74,109560.49,109589.65,109529.08,20.87457,,94.79920877300154
2025-05-26 06:45:00+00:00,109560.5,109638.47,109678.95,109560.49,26.88735,,96.48926528921514
2025-05-26 06:50:00+00:00,109638.47,109857.14,109891.0,109638.47,65.63756,,107.63503205427112
2025-05-26 06:55:00+00:00,109857.14,109928.37,109951.2,109857.14,69.35248,,106.6653869075373
2025-05-26 07:00:00+00:00,109928.37,109990.62,110061.05,109874.28,166.92944,,112.38714498557064
2025-05-26 07:05:00+00:00,109990.61,110179.87,110228.11,109877.96,191.59811,,129.37020605802948
2025-05-26 07:10:00+00:00,110179.88,109836.26,110191.05,109836.26,59.7254,,145.47161991102797
2025-05-26 07:15:00+00:00,109836.26,110000.0,110000.0,109728.37,90.63741,,154.4829327745263
2025-05-26 07:20:00+00:00,110000.0,109868.01,110055.14,109868.0,49.51391,,156.81558043348863
2025-05-26 07:25:00+00:00,109868.01,109859.32,109923.81,109826.08,24.66199,,152.5951818310963
2025-05-26 07:30:00+00:00,109859.31,109913.04,109942.85,109770.26,101.83202,,154.0233831288759
2025-05-26 07:35:00+00:00,109913.04,110017.48,110088.93,109913.04,71.67016,,155.58528433395617
2025-05-26 07:40:00+00:00,110017.48,110009.33,110086.77,109986.09,45.17475,,151.66347831010268
2025-05-26 07:45:00+00:00,110009.32,109946.56,110033.67,109934.72,34.45202,,147.89822985938085
2025-05-26 07:50:00+00:00,109946.56,110040.0,110086.77,109946.56,49.52549,,147.34907058371124
2025-05-26 07:55:00+00:00,110040.0,110094.62,110094.62,109993.01,47.97675,,144.0819941134462
2025-05-26 08:00:00+00:00,110094.62,110012.55,110173.92,109987.74,74.09748,,147.08899453391385
2025-05-26 08:05:00+00:00,110012.56,109967.57,110079.13,109955.8,23.0285,,145.39192349577726
2025-05-26 08:10:00+00:00,109967.58,109905.2,109976.25,109837.74,73.77272,,144.9003575317928
2025-05-26 08:15:00+00:00,109905.2,109928.25,109984.27,109905.19,44.2234,,140.19890342237915
2025-05-26 08:20:00+00:00,109928.25,109787.5,109948.84,109779.81,61.61638,,142.25826746363768
2025-05-26 08:25:00+00:00,109787.51,109809.38,109830.53,109786.48,21.7982,,135.2433912162352
2025-05-26 08:30:00+00:00,109809.39,109853.35,109853.36,109720.13,51.98685,,135.0995775579324
2025-05-26 08:35:00+00:00,109853.36,109727.27,109876.0,109683.54,32.58804,,139.19675058950912
2025-05-26 08:40:00+00:00,109727.27,109716.55,109738.21,109681.83,42.61171,,133.2812684045445
2025-05-26 08:45:00+00:00,109716.54,109748.89,109783.45,109672.06,41.90691,,131.71760637564844
2025-05-26 08:50:00+00:00,109748.88,109618.9,109764.73,109606.32,42.53827,,133.62420592024418
2025-05-26 08:55:00+00:00,109618.91,109666.4,109678.0,109618.9,17.99315,,128.30104835451286
2025-05-26 09:00:00+00:00,109666.39,109727.89,109770.58,109600.0,52.49166,,131.32097347204777
2025-05-26 09:05:00+00:00,109727.88,109761.56,109761.57,109681.81,17.15632,,127.63804679547358
2025-05-26 09:10:00+00:00,109761.57,109826.87,109832.05,109761.56,22.21945,,123.55604345294013
2025-05-26 09:15:00+00:00,109826.88,109800.98,109896.7,109800.98,21.48997,,121.56775463487305
2025-05-26 09:20:00+00:00,109800.98,109924.53,109951.98,109800.98,79.00335,,123.67005787523927
2025-05-26 09:25:00+00:00,109924.53,109915.25,109996.2,109900.03,31.90857,,121.70576802700778
2025-05-26 09:30:00+00:00,109915.25,109909.1,109945.4,109878.79,28.02535,,117.7703560250787
2025-05-26 09:35:00+00:00,109909.1,109821.52,109952.39,109821.52,30.43523,,118.70604488042989
2025-05-26 09:40:00+00:00,109821.53,109689.44,109821.53,109680.0,57.68948,,120.33632738897053
2025-05-26 09:45:00+00:00,109689.45,109697.72,109805.75,109680.0,34.27584,,120.72301828975834
2025-05-26 09:50:00+00:00,109697.72,109643.24,109713.64,109621.27,106.86285,,118.69780269763241
2025-05-26 09:55:00+00:00,109643.24,109712.56,109712.56,109630.0,43.03382,,116.11653107637278
2025-05-26 10:00:00+00:00,109712.56,109663.21,109751.83,109663.21,30.72977,,114.15249314234582
2025-05-26 10:05:00+00:00,109663.21,109744.83,109839.38,109663.21,32.5267,,118.58231506074956
2025-05-26 10:10:00+00:00,109744.84,109724.87,109768.12,109702.65,16.99427,,114.7885782706961
2025-05-26 10:15:00+00:00,109724.86,109809.52,109809.53,109671.82,22.67133,,116.42582267993153
2025-05-26 10:20:00+00:00,109809.53,109811.77,109857.15,109759.59,26.17297,,115.07826391707911
2025-05-26 10:25:00+00:00,109811.76,109817.5,109826.1,109784.02,15.18988,,109.86410220871645
2025-05-26 10:30:00+00:00,109817.5,109754.18,109840.18,109754.18,40.85014,,108.1595234795224
2025-05-26 10:35:00+00:00,109754.18,109763.0,109768.0,109754.17,13.44069,,101.42170037384236
2025-05-26 10:40:00+00:00,109763.0,109802.42,109825.09,109763.0,7.94947,,98.61229320428194
2025-05-26 10:45:00+00:00,109802.42,109772.72,109825.64,109772.72,6.58246,,95.34855797540453
2025-05-26 10:50:00+00:00,109772.73,109571.43,109772.73,109571.42,32.54494,,102.91723240573262
2025-05-26 10:55:00+00:00,109571.43,109643.56,109660.0,109571.42,30.57747,,101.89314437675183
2025-05-26 11:00:00+00:00,109643.55,109577.72,109643.56,109564.13,32.51693,,100.2886340641262
2025-05-26 11:05:00+00:00,109577.72,109681.75,109681.76,109556.69,46.33463,,102.05873163097378
2025-05-26 11:10:00+00:00,109681.76,109659.28,109711.74,109659.28,16.65635,,98.51596508590468
2025-05-26 11:15:00+00:00,109659.28,109629.88,109668.29,109592.56,23.60508,,96.88839615119691
2025-05-26 11:20:00+00:00,109629.89,109670.09,109670.1,109613.75,53.51494,,93.99279642611184
2025-05-26 11:25:00+00:00,109670.1,109712.78,109717.77,109647.76,16.01912,,92.2797395385331
2025-05-26 11:30:00+00:00,109712.79,109636.9,109721.32,109636.89,17.13976,,91.71904385720984
2025-05-26 11:35:00+00:00,109636.9,109621.74,109666.66,109579.59,21.32874,,91.38696929598106
2025-05-26 11:40:00+00:00,109621.75,109802.82,109836.0,109621.74,41.84402,,100.16361434626775
2025-05-26 11:45:00+00:00,109802.82,109822.92,109822.92,109773.36,15.23781,,96.54907046439132
2025-05-26 11:50:00+00:00,109822.92,109715.93,109824.39,109705.43,16.28059,,98.14985114550667
2025-05-26 11:55:00+00:00,109715.92,109772.72,109772.73,109715.92,24.81478,,95.19700463511317
2025-05-26 12:00:00+00:00,109772.73,109699.99,109842.57,109684.88,32.09616,,99.66079001831955
2025-05-26 12:05:00+00:00,109699.99,109718.2,109801.64,109672.36,34.81239,,101.77644787415377
2025-05-26 12:10:00+00:00,109718.19,109721.35,109816.52,109687.11,31.46145,,103.75027302600019
2025-05-26 12:15:00+00:00,109721.35,109787.58,109818.19,109712.19,26.09037,,103.91096780985731
2025-05-26 12:20:00+00:00,109787.59,109727.26,109827.94,109702.77,30.06326,,105.42947010915309
2025-05-26 12:25:00+00:00,109727.26,109743.92,109826.09,109719.99,32.04638,,105.4773651013558
2025-05-26 12:30:00+00:00,109743.93,109782.03,109799.0,109743.92,18.03355,,101.87755330840194
2025-05-26 12:35:00+00:00,109782.03,109727.28,109791.92,109727.27,13.32322,,99.21844235780138
2025-05-26 12:40:00+00:00,109727.28,109716.13,109772.53,109709.06,19.62683,,96.66498218938708
2025-05-26 12:45:00+00:00,109716.13,109694.08,109727.28,109666.66,15.49552,,94.09034060443052
2025-05-26 12:50:00+00:00,109694.09,110010.42,110086.96,109694.08,92.70096,,115.43245913268582
2025-05-26 12:55:00+00:00,110010.43,109826.92,110029.84,109826.91,34.75518,,121.68228348035062
2025-05-26 13:00:00+00:00,109826.91,109860.14,109976.0,109826.91,48.41941,,123.63997751746818
2025-05-26 13:05:00+00:00,109860.14,109746.55,109899.32,109702.78,44.16599,,128.84712198050676
2025-05-26 13:10:00+00:00,109746.56,109740.28,109844.07,109727.28,41.96843,,127.98589898189971
2025-05-26 13:15:00+00:00,109740.28,109768.44,109913.05,109740.28,27.69507,,131.18476334033573
2025-05-26 13:20:00+00:00,109768.45,109754.1,109778.77,109688.64,33.84262,,128.2522802445978
2025-05-26 13:25:00+00:00,109754.11,109860.88,109921.78,109700.0,91.4314,,134.93283165569787
2025-05-26 13:30:00+00:00,109860.87,109908.33,109980.0,109826.61,45.35086,True,136.25120082314797
2025-05-26 13:35:00+00:00,109908.33,109857.15,109918.27,109780.0,26.80335,True,136.395400764352
2025-05-26 13:40:00+00:00,109857.15,109852.58,109900.0,109826.08,23.59699,True,131.93287213832673
2025-05-26 13:45:00+00:00,109852.58,109798.03,109863.64,109785.62,22.41783,True,128.0819526998751
2025-05-26 13:50:00+00:00,109798.02,109574.46,109798.24,109574.46,35.38004,True,134.9175275070268
2025-05-26 13:55:00+00:00,109574.46,109595.65,109636.36,109494.74,105.32669,True,135.39627554223884
2025-05-26 14:00:00+00:00,109595.64,109608.83,109704.11,109510.07,50.74496,True,139.58511300350705
2025-05-26 14:05:00+00:00,109608.82,109634.66,109656.27,109538.54,48.13931,True,138.0240335032573
2025-05-26 14:10:00+00:00,109634.66,109709.18,109709.19,109619.14,20.09709,True,134.59731682445343
2025-05-26 14:15:00+00:00,109709.18,109679.99,109709.19,109613.47,66.46761,True,131.82036562270684
2025-05-26 14:20:00+00:00,109680.0,109627.9,109694.63,109536.74,74.82574,True,133.68248236394203
2025-05-26 14:25:00+00:00,109627.9,109696.31,109719.06,109499.92,163.67419,True,139.78659076651755
2025-05-26 14:30:00+00:00,109696.31,109545.46,109739.14,109545.45,43.76879,True,143.63683428319504
2025-05-26 14:35:00+00:00,109545.46,109590.9,109695.66,109510.0,59.27452,True,146.6384889772528
2025-05-26 14:40:00+00:00,109590.9,109606.19,109609.2,109573.43,17.11703,True,138.7193111931636
2025-05-26 14:45:00+00:00,109606.2,109542.63,109672.01,109537.37,58.30715,True,138.42793182222331
2025-05-26 14:50:00+00:00,109542.62,109678.17,109678.17,109500.0,37.68128,True,141.26665097777865
2025-05-26 14:55:00+00:00,109678.16,109652.51,109738.3,109619.99,128.82165,True,139.62689019365143
2025-05-26 15:00:00+00:00,109652.51,109610.09,109727.28,109609.67,29.74868,True,138.05425517981922
2025-05-26 15:05:00+00:00,109610.09,109665.9,109665.92,109580.8,37.99081,True,134.27323695268893
2025-05-26 15:10:00+00:00,109665.91,109643.58,109665.91,109529.57,38.42493,True,134.42086288463946
2025-05-26 15:15:00+00:00,109643.57,109672.69,109681.82,109611.38,19.16414,True,129.85080125002253
2025-05-26 15:20:00+00:00,109672.7,109829.26,109879.96,109659.03,38.42265,True,136.3564583035929
2025-05-26 15:25:00+00:00,109829.26,109874.07,109886.83,109828.63,23.85942,True,130.77385413905034
2025-05-26 15:30:00+00:00,109874.07,110136.36,110350.0,109874.07,325.4785,True,155.42786455768913
2025-05-26 15:35:00+00:00,110136.36,110266.0,110316.1,110029.04,130.03287,True,164.8301599464265
2025-05-26 15:40:00+00:00,110266.0,109963.96,110420.74,109951.88,220.88782,True,186.54657709311036
2025-05-26 15:45:00+00:00,109963.97,109936.12,110058.76,109925.74,117.59659,True,182.72325015788743
2025-05-26 15:50:00+00:00,109936.11,110095.83,110233.19,109930.76,295.18296,True,191.27373228946746
2025-05-26 15:55:00+00:00,110095.83,110009.82,110118.56,109956.52,140.60777,True,189.18560855450505
2025-05-26 16:00:00+00:00,110009.83,110102.36,110217.28,110000.0,127.5083,True,191.19235080061176
2025-05-26 16:05:00+00:00,110102.37,110280.0,110422.22,110102.37,142.868,True,200.3828971719967
2025-05-26 16:10:00+00:00,110279.99,110090.9,110365.35,110090.9,69.01968,True,205.6734045168549
2025-05-26 16:15:00+00:00,110090.91,109700.01,110090.91,109700.0,166.94404,True,218.90458990850837
2025-05-26 16:20:00+00:00,109700.01,109509.6,109727.07,109300.93,412.51131,True,233.70711920075877
2025-05-26 16:25:00+00:00,109509.6,109331.9,109509.61,109089.43,305.97769,True,247.0266106864194
2025-05-26 16:30:00+00:00,109331.91,109328.21,109405.63,109152.16,92.86425,True,247.48685278024666
2025-05-26 16:35:00+00:00,109328.21,109507.33,109511.76,109300.0,132.01189,True,244.93493472451436
2025-05-26 16:40:00+00:00,109507.34,109585.04,109619.05,109470.39,110.00511,True,238.05815367276358
2025-05-26 16:45:00+00:00,109585.04,109478.27,109652.18,109478.26,48.39018,True,233.47685698185177
2025-05-26 16:50:00+00:00,109478.26,109408.39,109478.27,109339.67,53.25757,True,226.69993862600563
2025-05-26 16:55:00+00:00,109408.38,109391.37,109478.27,109344.0,35.12119,True,220.09780015271983
2025-05-26 17:00:00+00:00,109391.37,109609.57,109693.24,109338.88,83.12418,True,229.68795728466847
2025-05-26 17:05:00+00:00,109609.57,109454.56,109609.58,109454.54,42.0403,True,224.35596033576417
2025-05-26 17:10:00+00:00,109454.57,109454.51,109467.79,109380.0,35.23108,True,214.60124888320914
2025-05-26 17:15:00+00:00,109454.52,109300.91,109520.0,109215.13,59.15869,True,221.04901682012243
2025-05-26 17:20:00+00:00,109300.91,109326.8,109432.13,109300.9,36.70918,True,214.63337276154303
2025-05-26 17:25:00+00:00,109326.81,109370.27,109376.31,109304.34,26.88392,True,204.44313185000433
2025-05-26 17:30:00+00:00,109370.26,109391.6,109434.79,109278.73,35.00128,True,200.98719386071815
2025-05-26 17:35:00+00:00,109391.6,109304.35,109391.6,109209.38,53.22517,True,199.64668001352408
2025-05-26 17:40:00+00:00,109304.36,109204.76,109304.36,109181.81,35.1109,True,194.13977429827258
2025-05-26 17:45:00+00:00,109204.75,108996.91,109204.76,108871.21,187.12113,True,204.09764756268083
2025-05-26 17:50:00+00:00,108996.9,109128.91,109137.87,108996.9,85.12429,True,199.5885298796323
2025-05-26 17:55:00+00:00,109128.91,109171.91,109198.8,109123.88,34.41554,True,190.68363488822985
2025-05-26 18:00:00+00:00,109171.9,109116.23,109178.89,109028.8,31.17106,True,187.78408953907032
2025-05-26 18:05:00+00:00,109116.23,109090.9,109237.01,109090.9,45.14713,True,184.8073688577082
2025-05-26 18:10:00+00:00,109090.91,109269.73,109275.18,109079.04,23.23392,True,185.61684251072901
2025-05-26 18:15:00+00:00,109269.72,109011.16,109269.73,109011.0,18.88985,True,190.8392109028195
2025-05-26 18:20:00+00:00,109011.15,109153.23,109206.86,109010.97,27.53858,True,191.19998155261806
2025-05-26 18:25:00+00:00,109153.23,109292.02,109318.19,109142.85,25.20533,True,190.06712572743078
2025-05-26 18:30:00+00:00,109292.02,109434.78,109459.15,109292.01,30.26392,True,188.42947388975713
2025-05-26 18:35:00+00:00,109434.79,109347.63,109460.89,109347.63,16.79334,True,183.0602257547741
2025-05-26 18:40:00+00:00,109347.64,109292.02,109379.99,109292.01,9.8071,True,176.2687810580053
2025-05-26 18:45:00+00:00,109292.02,109270.17,109292.02,109142.85,30.0629,True,174.33315383957623
2025-05-26 18:50:00+00:00,109270.16,109164.74,109270.17,109164.74,9.38768,True,169.4114999938917
2025-05-26 18:55:00+00:00,109164.75,109101.97,109174.82,109060.0,26.21102,True,165.51210713718567
2025-05-26 19:00:00+00:00,109101.96,109000.0,109101.97,108925.1,61.7593,True,166.32338519881495
2025-05-26 19:05:00+00:00,108999.99,109000.0,109060.01,108988.32,25.85653,True,159.563857684613
2025-05-26 19:10:00+00:00,109000.0,109045.02,109141.83,108960.64,24.47461,True,161.10858213571223
2025-05-26 19:15:00+00:00,109045.01,109047.72,109108.14,109017.75,31.46403,True,156.05725484030418
2025-05-26 19:20:00+00:00,109047.72,109181.81,109193.66,108970.0,43.05091,True,160.8860223517113
2025-05-26 19:25:00+00:00,109181.81,109119.65,109181.82,109107.37,10.51911,True,154.71202075516132
2025-05-26 19:30:00+00:00,109119.66,108999.42,109130.0,108979.54,15.81664,True,154.40830498693595
2025-05-26 19:35:00+00:00,108999.42,108954.36,109045.46,108858.28,40.80266,True,156.74914034501248
2025-05-26 19:40:00+00:00,108954.36,108999.99,109000.0,108879.54,25.59897,True,154.15705889179776
2025-05-26 19:45:00+00:00,109000.0,109000.0,109056.0,108956.7,30.81784,True,150.23869754238382
2025-05-26 19:50:00+00:00,109000.0,109085.35,109100.0,108999.99,8.84717,True,146.65093343221315
2025-05-26 19:55:00+00:00,109085.35,109130.44,109173.92,109085.34,15.65249,True,142.5030096156266
2025-05-26 20:00:00+00:00,109130.44,108986.29,109130.44,108980.0,28.76994,True,143.06993750022488
2025-05-26 20:05:00+00:00,108986.28,109191.69,109272.5,108940.0,21.61764,,156.60065625020883
2025-05-26 20:10:00+00:00,109191.69,109272.62,109304.35,109191.69,30.4011,,153.46203794662273
2025-05-26 20:15:00+00:00,109272.61,109250.71,109331.11,109248.09,15.41905,,148.43046380757855
2025-05-26 20:20:00+00:00,109250.71,109238.08,109252.26,109152.74,13.51408,,144.93685924989362
2025-05-26 20:25:00+00:00,109238.08,109279.99,109315.27,109194.28,25.23347,,143.22636930347304
2025-05-26 20:30:00+00:00,109279.99,109363.63,109363.64,109241.04,18.10656,,141.75305721036824
2025-05-26 20:35:00+00:00,109363.64,109472.24,109492.0,109363.63,29.25007,,140.79712455248446
2025-05-26 20:40:00+00:00,109472.24,109449.64,109624.85,109396.6,40.89366,,147.04375851302126
2025-05-26 20:45:00+00:00,109449.65,109436.44,109498.77,109397.73,35.71952,,143.75777576209174
2025-05-26 20:50:00+00:00,109436.44,109488.95,109517.49,109378.56,50.62572,,143.41293463622858
2025-05-26 20:55:00+00:00,109488.94,109606.5,109608.7,109463.02,28.92009,,143.57486787649748
2025-05-26 21:00:00+00:00,109606.5,109409.09,109646.45,109409.09,34.68945,,150.27380588531915
2025-05-26 21:05:00+00:00,109409.1,109399.42,109409.1,109347.82,28.81579,,143.9171054649391
2025-05-26 21:10:00+00:00,109399.41,109355.98,109399.42,109318.18,23.59802,,139.44016936030098
2025-05-26 21:15:00+00:00,109355.99,109230.94,109371.53,109192.15,28.98285,,142.29301440599411
2025-05-26 21:20:00+00:00,109230.93,109183.72,109272.69,109136.36,21.22377,,141.8670848055661
2025-05-26 21:25:00+00:00,109183.71,109304.34,109337.22,109145.4,18.85881,,145.43515017659757
2025-05-26 21:30:00+00:00,109304.35,109428.58,109434.79,109272.72,19.02662,,146.62335373541148
2025-05-26 21:35:00+00:00,109428.57,109339.86,109496.52,109304.34,29.23901,,149.87739989716835
2025-05-26 21:40:00+00:00,109339.87,109191.78,109350.51,109180.0,24.37883,,151.35115704737024
2025-05-26 21:45:00+00:00,109191.78,109255.31,109255.32,109180.0,12.01281,,145.92036011541572
2025-05-26 21:50:00+00:00,109255.32,109262.96,109276.54,109241.67,11.20009,,137.98819153574283
2025-05-26 21:55:00+00:00,109262.95,109346.68,109395.15,109262.95,30.31342,,137.57474928318956
2025-05-26 22:00:00+00:00,109346.68,109454.55,109493.65,109307.78,50.57161,,141.0244100486757
2025-05-26 22:05:00+00:00,109454.55,109384.36,109470.97,109384.36,17.95616,,137.13766647377034
2025-05-26 22:10:00+00:00,109384.37,109684.0,109888.89,109384.37,102.3484,,163.37997601135808
2025-05-26 22:15:00+00:00,109684.01,109524.42,109739.14,109524.42,30.64825,,167.04712058197543
2025-05-26 22:20:00+00:00,109524.42,109487.41,109600.0,109476.63,29.74928,,163.92732625469117
2025-05-26 22:25:00+00:00,109487.42,109488.65,109520.0,109478.26,17.50009,,155.1996600936422
2025-05-26 22:30:00+00:00,109488.65,109472.96,109590.91,109461.53,21.07399,,153.3553986583824
2025-05-26 22:35:00+00:00,109472.97,109365.18,109472.97,109365.17,24.40409,,150.1014416113553
2025-05-26 22:40:00+00:00,109365.17,109405.42,109414.19,109347.82,28.78843,,144.12062435340104
2025-05-26 22:45:00+00:00,109405.43,109272.73,109419.09,109272.72,18.24952,,144.28129404244348
2025-05-26 22:50:00+00:00,109272.73,109199.69,109272.73,109173.91,37.82929,,141.03405875369697
2025-05-26 22:55:00+00:00,109199.7,109190.48,109224.36,109180.0,11.83007,,134.12876884271867
2025-05-26 23:00:00+00:00,109190.47,109192.91,109226.0,109057.74,33.88202,,136.56671392538126
2025-05-26 23:05:00+00:00,109192.91,109325.77,109344.16,109143.72,24.39948,,141.12909150213991
2025-05-26 23:10:00+00:00,109325.77,109320.35,109347.83,109296.94,13.41709,,134.68344210912989
2025-05-26 23:15:00+00:00,109320.35,109332.53,109340.84,109247.04,12.22307,,131.76319624419224
2025-05-26 23:20:00+00:00,109332.54,109154.49,109332.54,109142.85,28.26731,,135.90082508389193
2025-05-26 23:25:00+00:00,109154.48,109218.86,109249.38,109143.0,33.2996,,133.79219472075712
2025-05-26 23:30:00+00:00,109218.85,109339.54,109339.55,109186.71,37.73611,,135.1527522407028
2025-05-26 23:35:00+00:00,109339.54,109334.0,109380.96,109288.68,17.805,,132.09041279493925
2025-05-26 23:40:00+00:00,109334.01,109334.7,109372.02,109312.84,11.97589,,126.88252616672985
2025-05-26 23:45:00+00:00,109334.7,109399.49,109418.72,109318.18,12.80376,,125.00091715482115
2025-05-26 23:50:00+00:00,109399.49,109409.1,109461.51,109391.3,29.26069,,121.08728021519049
2025-05-26 23:55:00+00:00,109409.1,109434.79,109466.06,109384.82,13.58715,,118.24104591410479
2025-05-27 00:00:00+00:00,109434.78,109347.86,109454.55,109347.83,30.16577,,117.41811406309739
2025-05-27 00:05:00+00:00,109347.86,109434.78,109434.79,109333.33,13.70251,,116.27824877287557
2025-05-27 00:10:00+00:00,109434.79,109496.66,109521.74,109389.14,54.96992,,117.44408814624202
2025-05-27 00:15:00+00:00,109496.66,109477.79,109666.0,109456.0,83.53528,,124.05522470722474
2025-05-27 00:20:00+00:00,109477.8,109421.82,109477.8,109300.0,41.21552,,127.89413722813745
2025-05-27 00:25:00+00:00,109421.82,109380.28,109448.41,109363.63,11.22936,,124.81455599755613
2025-05-27 00:30:00+00:00,109380.29,109318.19,109380.29,109300.0,12.43315,,121.6342305691588
2025-05-27 00:35:00+00:00,109318.18,109289.76,109363.64,109272.73,29.59453,,119.439642671362
2025-05-27 00:40:00+00:00,109289.76,109262.0,109290.54,109227.27,40.28048,,115.42752533769253
2025-05-27 00:45:00+00:00,109262.0,109209.85,109302.04,109209.85,49.7233,,113.76770209928505
2025-05-27 00:50:00+00:00,109209.85,109253.33,109257.54,109173.91,62.57104,,111.61500909219255
2025-05-27 00:55:00+00:00,109253.33,109136.37,109253.34,109128.72,52.85285,,112.54393701417847
2025-05-27 01:00:00+00:00,109136.37,108950.15,109136.37,108950.14,95.74004,,117.80722722745114
2025-05-27 01:05:00+00:00,108950.15,108928.4,109016.0,108901.99,115.35832,,117.53599671120425
2025-05-27 01:10:00+00:00,108928.39,108723.26,108993.5,108683.08,207.50414,,131.31342551754668
2025-05-27 01:15:00+00:00,108723.26,108150.94,108739.14,108100.0,473.52375,,167.58675226629333
2025-05-27 01:20:00+00:00,108150.95,108035.41,108181.82,107516.57,575.36975,,203.13412710441523
2025-05-27 01:25:00+00:00,108035.4,108355.99,108385.57,107854.02,186.72349,,226.59240373981433
2025-05-27 01:30:00+00:00,108355.99,108571.82,108636.37,108284.88,184.69131,,235.51366061554123
2025-05-27 01:35:00+00:00,108571.81,108446.81,108635.0,108400.0,80.91865,,235.476970571574
2025-05-27 01:40:00+00:00,108446.8,108363.5,108503.45,108200.97,86.15291,,240.2629012450327
2025-05-27 01:45:00+00:00,108363.49,108379.99,108407.98,108181.48,129.7414,,239.2798368703875
2025-05-27 01:50:00+00:00,108380.0,108338.0,108400.0,108182.15,83.96661,,237.74913423678882
2025-05-27 01:55:00+00:00,108338.0,108385.31,108411.52,108244.0,82.61364,,232.73276750558992
2025-05-27 02:00:00+00:00,108385.32,108399.99,108521.74,108313.94,59.61088,,230.95185554090514
2025-05-27 02:05:00+00:00,108400.0,108386.0,108434.79,108318.18,53.0958,,222.78458014512626
2025-05-27 02:10:00+00:00,108386.0,108363.83,108391.31,108272.72,42.05845,,215.34211013475985
2025-05-27 02:15:00+00:00,108363.83,108369.0,108467.61,108255.44,81.61017,,215.11553083941973
2025-05-27 02:20:00+00:00,108369.0,108499.98,108500.01,108304.66,36.91753,,213.703707208032
2025-05-27 02:25:00+00:00,108499.97,108584.54,108607.01,108468.51,61.77745,,208.33201383602972
2025-05-27 02:30:00+00:00,108584.54,108615.52,108649.0,108546.1,42.82473,,200.80115570488434
2025-05-27 02:35:00+00:00,108615.52,108585.76,108697.94,108574.9,66.97974,,195.24678744025033
2025-05-27 02:40:00+00:00,108585.77,108520.93,108585.77,108438.53,44.3014,,191.81773119451853
2025-05-27 02:45:00+00:00,108520.93,108372.13,108531.5,108350.65,39.57181,,191.0343218234819
2025-05-27 02:50:00+00:00,108372.12,108217.39,108372.13,107894.95,208.79075,,211.47329883609086
2025-05-27 02:55:00+00:00,108217.4,108272.72,108305.5,108160.71,81.39552,,206.71020606208393
2025-05-27 03:00:00+00:00,108272.73,108499.19,108610.81,108268.0,138.83669,,216.43161991479204
2025-05-27 03:05:00+00:00,108499.2,108714.66,108813.58,108496.2,73.78901,,223.64221849230722
2025-05-27 03:10:00+00:00,108714.67,108937.04,109059.73,108680.0,175.06952,,234.79134574285644
2025-05-27 03:15:00+00:00,108937.04,109186.04,109298.43,108937.04,196.82576,,243.8341067612238
2025-05-27 03:20:00+00:00,109186.05,108939.03,109186.05,108939.02,119.6693,,244.06238484970774
2025-05-27 03:25:00+00:00,108939.02,108897.38,108956.53,108893.66,35.7823,,231.12007164615687
2025-05-27 03:30:00+00:00,108897.39,109027.49,109045.46,108882.48,86.59737,,226.25292367143214
2025-05-27 03:35:00+00:00,109027.5,108954.55,109027.5,108942.19,39.13457,,216.18557198061538
2025-05-27 03:40:00+00:00,108954.55,108950.39,109050.0,108869.56,71.97303,,213.63231683914302
2025-05-27 03:45:00+00:00,108950.4,108950.85,108990.81,108886.38,44.22428,,205.8321513506323
2025-05-27 03:50:00+00:00,108950.85,108907.11,108973.01,108888.89,61.27885,,197.13842625415825
2025-05-27 03:55:00+00:00,108907.11,108892.16,108948.47,108851.06,57.61467,,190.01496723600434
2025-05-27 04:00:00+00:00,108892.15,108887.69,108954.55,108863.63,61.80233,,182.93675529057532
2025-05-27 04:05:00+00:00,108887.69,108991.14,109086.96,108870.9,41.73509,,185.30270134124936
2025-05-27 04:10:00+00:00,108991.15,108943.66,109041.01,108943.65,14.88338,,179.02107981687445
2025-05-27 04:15:00+00:00,108943.66,108960.0,108982.27,108914.72,16.02553,,171.05885982995505
2025-05-27 04:20:00+00:00,108959.99,109047.75,109136.16,108959.99,30.26334,,171.42394127067243
2025-05-27 04:25:00+00:00,109047.75,109051.93,109123.84,109037.4,19.29894,,165.35365975133885
2025-05-27 04:30:00+00:00,109051.94,109107.07,109107.07,109000.0,49.29072,,161.19054119767227
2025-05-27 04:35:00+00:00,109107.06,109061.12,109175.99,109059.74,82.60609,,157.98050254069568
2025-05-27 04:40:00+00:00,109061.12,109109.11,109217.4,109061.12,53.31974,,157.85903807350306
2025-05-27 04:45:00+00:00,109109.11,109273.52,109355.11,109109.11,117.4828,,164.15482106825286
2025-05-27 04:50:00+00:00,109273.52,109070.03,109318.18,109070.03,96.60468,,170.1544767062344
2025-05-27 04:55:00+00:00,109070.04,108952.65,109070.04,108920.36,43.15531,,168.69201408435998
2025-05-27 05:00:00+00:00,108952.64,108881.45,108956.08,108881.45,47.78339,,161.97329879262034
2025-05-27 05:05:00+00:00,108881.46,108861.37,108949.39,108809.52,132.69049,,160.39449173600428
2025-05-27 05:10:00+00:00,108861.37,108888.44,108905.67,108824.68,93.29454,,154.72274232629005
2025-05-27 05:15:00+00:00,108888.43,108622.47,108896.04,108601.04,85.26566,,164.74254644584076
2025-05-27 05:20:00+00:00,108622.48,108681.75,108739.14,108620.0,63.28365,,161.48522169970923
2025-05-27 05:25:00+00:00,108681.76,108657.34,108695.66,108550.0,43.8195,,160.35484872115882
2025-05-27 05:30:00+00:00,108657.34,108595.2,108735.92,108550.0,57.30413,,162.18093095536165
2025-05-27 05:35:00+00:00,108595.2,108715.99,108764.0,108595.19,21.35262,,162.65443588712137
2025-05-27 05:40:00+00:00,108715.99,108772.72,108836.77,108715.99,32.22757,,159.6634047523269
2025-05-27 05:45:00+00:00,108772.73,108863.62,108863.63,108721.59,17.22724,,158.40459012716127
2025-05-27 05:50:00+00:00,108863.63,108944.65,108969.76,108863.62,60.0734,,154.6714051180783
2025-05-27 05:55:00+00:00,108944.65,108923.36,108951.63,108919.98,13.19572,,145.88416189535903
2025-05-27 06:00:00+00:00,108923.36,109052.0,109052.0,108922.24,23.13453,,144.73243604569015
2025-05-27 06:05:00+00:00,109051.99,109031.26,109225.0,108966.65,102.30068,,152.8479763281413
2025-05-27 06:10:00+00:00,109031.26,109128.24,109155.03,109024.02,57.03885,,151.28812087613082
2025-05-27 06:15:00+00:00,109128.25,108987.37,109178.0,108987.07,59.56479,,154.1196836706924
2025-05-27 06:20:00+00:00,108987.36,109076.59,109076.6,108921.09,52.79092,,154.21899197992934
2025-05-27 06:25:00+00:00,109076.59,109105.02,109116.01,108998.22,108.55742,,151.61692112421966
2025-05-27 06:30:00+00:00,109105.02,109205.16,109205.17,109105.01,119.11672,,147.94142675820422
2025-05-27 06:35:00+00:00,109205.16,109135.41,109290.03,109109.03,183.47702,,150.3027534183325
2025-05-27 06:40:00+00:00,109135.42,109224.07,109267.19,109135.41,46.68643,,148.9796996027372
2025-05-27 06:45:00+00:00,109224.07,109238.11,109267.27,109148.4,83.10157,,146.82900677397097
2025-05-27 06:50:00+00:00,109238.1,108942.66,109238.11,108876.65,376.40156,,162.15979200440208
2025-05-27 06:55:00+00:00,108942.66,108828.19,108943.0,108826.08,123.47822,,158.92837828980183
2025-05-27 07:00:00+00:00,108828.18,108975.73,108975.74,108828.18,46.41367,,158.11635126910258
2025-05-27 07:05:00+00:00,108975.73,109071.48,109119.36,108951.28,27.80413,,158.8280404641668
2025-05-27 07:10:00+00:00,109071.48,109060.9,109099.34,108994.89,29.88733,,154.9438947167261
2025-05-27 07:15:00+00:00,109060.89,109111.85,109169.04,109060.89,31.62452,,151.60147366553096
2025-05-27 07:20:00+00:00,109111.86,109182.21,109201.75,109111.86,48.25557,,147.19422554656404
2025-05-27 07:25:00+00:00,109182.22,109173.22,109278.33,109132.33,51.43815,,147.10892372180948
2025-05-27 07:30:00+00:00,109173.21,109320.0,109362.7,109173.21,114.15461,,150.13614345596528
2025-05-27 07:35:00+00:00,109320.0,109439.13,109439.14,109304.8,93.60211,,149.0078474948247
2025-05-27 07:40:00+00:00,109439.13,109495.23,109498.65,109394.6,97.40773,,145.79657267376496
2025-05-27 07:45:00+00:00,109495.23,109562.26,109583.6,109484.28,53.66977,,142.47681748278225
2025-05-27 07:50:00+00:00,109562.27,109483.32,109636.37,109483.32,62.49098,,143.2320448054398
2025-05-27 07:55:00+00:00,109483.32,109547.16,109547.16,109454.54,53.77636,,139.61689874790912
2025-05-27 08:00:00+00:00,109540.0,109689.83,109777.77,109540.0,91.722,,146.6278345516302
2025-05-27 08:05:00+00:00,109689.83,109734.74,109774.81,109578.36,84.03638,,150.18656065508497
2025-05-27 08:10:00+00:00,109734.75,109653.18,109734.75,109643.8,30.5711,,145.95537775115014
2025-05-27 08:15:00+00:00,109653.18,109750.93,109761.91,109636.36,38.76895,,144.49785076892533
2025-05-27 08:20:00+00:00,109750.93,109659.06,109750.93,109608.7,46.87846,,144.3358614282875
2025-05-27 08:25:00+00:00,109659.06,109660.41,109713.35,109652.48,37.40987,,138.37401418341054
2025-05-27 08:30:00+00:00,109660.41,109619.99,109714.29,109565.21,43.1851,,139.13872745602316
2025-05-27 08:35:00+00:00,109620.0,109608.69,109643.86,109492.59,46.5703,,140.00524692345036
2025-05-27 08:40:00+00:00,109608.7,109612.89,109626.22,109543.59,43.19154,,135.9070150003471
2025-05-27 08:45:00+00:00,109612.89,109594.24,109650.0,109594.24,20.64547,,130.18222821460765
2025-05-27 08:50:00+00:00,109594.24,109655.69,109698.22,109576.47,51.24552,,129.57992619927853
2025-05-27 08:55:00+00:00,109655.69,109695.65,109695.66,109637.6,33.11414,,124.47136004218704
2025-05-27 09:00:00+00:00,109695.66,109787.02,109787.03,109695.66,45.62708,,122.10769146774544
2025-05-27 09:05:00+00:00,109787.02,109700.46,109789.0,109681.83,50.37937,,121.0407135057635
2025-05-27 09:10:00+00:00,109700.46,109717.85,109751.35,109681.81,33.18509,,117.36209111249526
2025-05-27 09:15:00+00:00,109717.85,109607.45,109717.85,109600.85,26.46311,,117.33622746160275
2025-05-27 09:20:00+00:00,109607.46,109496.64,109607.47,109484.96,106.54372,,117.70578264291646
2025-05-27 09:25:00+00:00,109496.63,109521.64,109539.51,109496.63,35.21228,,112.36108388270743
2025-05-27 09:30:00+00:00,109521.65,109532.0,109548.0,109520.0,17.94329,,106.33529217679975
2025-05-27 09:35:00+00:00,109532.01,109551.39,109580.04,109516.46,31.39585,,103.28134273559886
2025-05-27 09:40:00+00:00,109551.4,109590.0,109590.0,109428.98,63.13603,,107.40553254019923
2025-05-27 09:45:00+00:00,109590.0,109672.14,109761.91,109581.55,54.53711,,112.61656593018505
2025-05-27 09:50:00+00:00,109672.13,109888.84,109888.85,109672.13,116.30449,,120.05252550660047
2025-05-27 09:55:00+00:00,109888.84,109830.25,109899.0,109815.57,34.97936,,117.43663082755708
2025-05-27 10:00:00+00:00,109830.24,109811.72,109852.0,109802.04,16.81993,,112.61687148273202
2025-05-27 10:05:00+00:00,109811.72,109783.76,109821.83,109769.08,18.58762,,108.3406663768226
2025-05-27 10:10:00+00:00,109783.76,109801.1,109802.09,109745.69,36.04037,,104.63061877847771
2025-05-27 10:15:00+00:00,109801.09,109826.08,109841.05,109801.09,22.9353,,100.01128886572975
2025-05-27 10:20:00+00:00,109826.08,109734.92,109826.09,109734.92,12.9173,,99.37976823246322
2025-05-27 10:25:00+00:00,109734.92,109786.68,109800.0,109734.92,20.38446,,96.9297847872874
2025-05-27 10:30:00+00:00,109786.69,109763.45,109800.0,109744.0,25.67952,,94.00622873105259
2025-05-27 10:35:00+00:00,109763.45,109749.58,109771.28,109712.05,18.0794,,91.52221239311997
2025-05-27 10:40:00+00:00,109749.59,109668.55,109749.59,109639.64,42.15719,,92.83848293646834
2025-05-27 10:45:00+00:00,109668.56,109709.05,109726.12,109668.55,11.082,,90.31930558386293
2025-05-27 10:50:00+00:00,109709.05,109714.28,109742.79,109709.05,9.53665,,86.27792661358635
2025-05-27 10:55:00+00:00,109714.29,109698.57,109714.29,109677.73,18.92162,,82.72664614118716
2025-05-27 11:00:00+00:00,109698.57,109656.44,109698.58,109627.84,41.60042,,81.87045713110274
2025-05-27 11:05:00+00:00,109656.45,109730.39,109730.4,109650.63,32.84824,,81.72042447888036
2025-05-27 11:10:00+00:00,109730.39,109634.32,109783.53,109623.56,66.45867,,87.30967987324614
2025-05-27 11:15:00+00:00,109634.33,109496.79,109634.33,109465.0,69.12768,,93.16827416801439
2025-05-27 11:20:00+00:00,109496.79,109567.24,109660.81,109496.78,47.84264,,98.22982601315614
2025-05-27 11:25:00+00:00,109567.24,109525.11,109605.39,109520.56,37.56373,,97.27269558364512
2025-05-27 11:30:00+00:00,109525.1,109508.99,109525.11,109490.39,14.0834,,92.80464589909911
2025-05-27 11:35:00+00:00,109508.99,109464.47,109509.0,109439.71,18.69657,,91.12502833487729
2025-05-27 11:40:00+00:00,109464.47,109507.99,109508.0,109462.16,22.04269,,87.89038345381437
2025-05-27 11:45:00+00:00,109507.99,109505.79,109578.2,109505.78,28.75105,,86.78535606425608
2025-05-27 11:50:00+00:00,109505.78,109559.7,109559.7,109502.37,20.21777,,84.6814020596665
2025-05-27 11:55:00+00:00,109559.7,109585.49,109612.03,109559.69,51.03375,,82.37130191254721
2025-05-27 12:00:00+00:00,109585.49,109574.71,109592.61,109555.19,19.14323,,79.16049463307942
2025-05-27 12:05:00+00:00,109574.71,109776.2,109799.07,109574.71,87.66529,,89.53188787357378
2025-05-27 12:10:00+00:00,109776.21,109698.51,109776.21,109676.0,41.56216,,90.29461016831897
2025-05-27 12:15:00+00:00,109698.51,109641.76,109756.86,109612.0,36.0684,,94.19213801343908
2025-05-27 12:20:00+00:00,109641.77,109763.17,109826.91,109641.77,38.02186,,100.6891281553369
2025-05-27 12:25:00+00:00,109763.16,109801.04,109804.0,109763.16,29.56582,,96.41419042995544
2025-05-27 12:30:00+00:00,109801.05,109738.08,109801.05,109695.27,17.83436,,97.08317682781568
2025-05-27 12:35:00+00:00,109738.08,109663.78,109738.08,109654.41,13.09732,,96.12509276868586
2025-05-27 12:40:00+00:00,109663.77,109485.97,109667.28,109456.5,54.30873,,104.31472899949392
2025-05-27 12:45:00+00:00,109485.97,109551.0,109585.99,109485.97,43.63992,,104.00796264238751
2025-05-27 12:50:00+00:00,109551.0,109545.45,109551.01,109500.0,27.91305,,100.2223938822166
2025-05-27 12:55:00+00:00,109545.45,109603.02,109617.52,109545.45,25.69571,,98.2115086049159
2025-05-27 13:00:00+00:00,109603.03,109600.0,109645.8,109581.46,24.79954,,95.79211513313594
2025-05-27 13:05:00+00:00,109599.99,110163.39,110221.36,109599.99,382.42982,,133.33339262362588
2025-05-27 13:10:00+00:00,110163.38,110374.07,110568.01,110135.1,671.64098,,154.7317217219375
2025-05-27 13:15:00+00:00,110374.06,110661.6,110718.0,110265.71,338.07373,,175.98588445608434
2025-05-27 13:20:00+00:00,110661.59,110395.48,110718.0,110344.82,172.39692,,190.07117842350638
2025-05-27 13:25:00+00:00,110395.48,110445.61,110445.61,110206.28,135.87726,,193.58966567897033
2025-05-27 13:30:00+00:00,110445.61,110129.59,110693.85,110102.18,192.0733,True,222.0239752733305
2025-05-27 13:35:00+00:00,110129.59,110217.39,110281.0,110025.59,143.86102,True,224.4086913252357
2025-05-27 13:40:00+00:00,110217.39,110141.91,110340.0,110000.0,121.80697,True,232.66521337343315
2025-05-27 13:45:00+00:00,110141.91,110135.2,110304.35,110061.62,115.27104,True,233.38412670390295
2025-05-27 13:50:00+00:00,110135.2,109943.05,110178.21,109706.0,345.98162,True,250.44311765362463
2025-05-27 13:55:00+00:00,109943.05,109837.26,110040.0,109792.14,175.546,True,250.25860924979432
2025-05-27 14:00:00+00:00,109837.26,109951.43,110097.48,109816.52,76.39665,True,252.45156573195126
2025-05-27 14:05:00+00:00,109951.44,110127.99,110128.0,109802.02,67.03613,True,257.7035967510973
2025-05-27 14:10:00+00:00,110127.99,110144.17,110217.4,110120.27,89.94812,True,246.2340541260182
2025-05-27 14:15:00+00:00,110144.17,109987.74,110212.38,109924.18,96.57131,True,249.2316216884463
2025-05-27 14:20:00+00:00,109987.74,109817.37,110079.99,109777.01,86.84233,True,253.07079156784374
2025-05-27 14:25:00+00:00,109817.37,109535.21,109817.37,109535.2,306.1327,True,255.14930645585477
2025-05-27 14:30:00+00:00,109535.2,109209.54,109599.2,108670.29,604.67807,True,303.2750702804368
2025-05-27 14:35:00+00:00,109209.54,109358.43,109519.45,109112.0,333.9062,True,310.7161366889768
2025-05-27 14:40:00+00:00,109359.71,109653.96,109653.97,109250.95,120.524,True,317.3092697826216
2025-05-27 14:45:00+00:00,109653.96,109565.6,109653.97,109458.3,142.85817,True,308.6207505124342
2025-05-27 14:50:00+00:00,109565.59,109457.64,109632.0,109334.54,72.97638,True,307.82355404726076
2025-05-27 14:55:00+00:00,109457.63,109374.75,109462.76,109219.25,76.05893,True,303.2297287581704
2025-05-27 15:00:00+00:00,109374.75,109143.24,109396.64,109010.33,115.63689,True,309.16403384687237
2025-05-27 15:05:00+00:00,109146.32,109419.96,109498.86,109046.92,104.06904,True,319.36231714352454
2025-05-27 15:10:00+00:00,109419.96,109538.45,109538.46,109209.08,193.92207,True,320.0778659189874
2025-05-27 15:15:00+00:00,109538.46,109661.5,109726.06,109532.16,170.52464,True,311.06516121048793
2025-05-27 15:20:00+00:00,109661.49,109636.37,109725.46,109504.43,102.83705,True,304.63407826688257
2025-05-27 15:25:00+00:00,109636.36,109658.28,109680.0,109500.88,127.53077,True,295.6687869621049
2025-05-27 15:30:00+00:00,109658.28,109772.72,109908.93,109626.74,129.51655,True,294.70601646481083
2025-05-27 15:35:00+00:00,109772.73,109960.82,109997.21,109727.27,85.55601,True,292.93701528875306
2025-05-27 15:40:00+00:00,109960.83,110001.99,110086.96,109903.63,127.76611,True,285.107942768128
2025-05-27 15:45:00+00:00,110002.0,110066.68,110240.83,110002.0,119.96507,True,281.8030897132615
2025-05-27 15:50:00+00:00,110066.68,110181.59,110212.6,110022.0,100.63146,True,275.2885833051718
2025-05-27 15:55:00+00:00,110181.58,110140.11,110209.68,110020.0,71.73333,True,269.17368449765905
2025-05-27 16:00:00+00:00,110140.11,110329.09,110353.0,110032.55,189.27431,True,272.8362784621118
2025-05-27 16:05:00+00:00,110329.09,110129.78,110340.63,110029.12,109.32776,True,275.59868714339024
2025-05-27 16:10:00+00:00,110129.79,110146.46,110166.51,109956.03,63.83013,True,270.94735234743354
2025-05-27 16:15:00+00:00,110146.45,110226.41,110272.0,110146.45,60.97914,True,260.5618271797599
2025-05-27 16:20:00+00:00,110226.41,110267.71,110277.6,110207.2,39.97564,True,246.9788395240634
2025-05-27 16:25:00+00:00,110267.71,110094.41,110267.72,110094.4,42.48576,True,241.71749384377364
2025-05-27 16:30:00+00:00,110094.4,110183.46,110283.92,110082.47,47.62447,True,238.84124428350387
2025-05-27 16:35:00+00:00,110183.46,110454.68,110476.0,110168.21,91.24989,True,243.76615540611027
2025-05-27 16:40:00+00:00,110454.68,110434.78,110475.57,110335.82,46.67603,True,236.33643001995955
2025-05-27 16:45:00+00:00,110434.78,110477.34,110499.64,110391.3,50.31205,True,227.19382787567648
2025-05-27 16:50:00+00:00,110477.33,110349.62,110477.34,110347.5,43.31438,True,220.23998302741364
2025-05-27 16:55:00+00:00,110349.62,110217.39,110349.62,110046.45,83.08504,True,226.16355566831254
2025-05-27 17:00:00+00:00,110217.4,110334.64,110411.83,110206.37,48.00251,True,224.68473026343352
2025-05-27 17:05:00+00:00,110334.64,110314.8,110454.95,110304.97,51.74766,True,219.3486781017594
2025-05-27 17:10:00+00:00,110314.81,110139.53,110339.97,110107.34,56.07857,True,220.29734395163405
2025-05-27 17:15:00+00:00,110139.54,110147.21,110249.98,110108.21,43.51388,True,214.688247955088
2025-05-27 17:20:00+00:00,110147.21,110085.69,110207.18,109999.0,34.41748,True,214.22337310115265
2025-05-27 17:25:00+00:00,110085.68,110116.7,110130.43,109968.0,37.12447,True,210.52384645106983
2025-05-27 17:30:00+00:00,110116.7,110079.98,110136.36,110000.55,33.96007,True,205.1871431331361
2025-05-27 17:35:00+00:00,110079.99,110133.62,110188.26,110062.38,47.31752,True,199.52234719505424
2025-05-27 17:40:00+00:00,110133.62,110319.47,110356.74,110120.6,49.08062,True,202.13789382397889
2025-05-27 17:45:00+00:00,110319.47,110380.95,110383.28,110309.45,69.66946,True,192.97304426512338
2025-05-27 17:50:00+00:00,110380.95,110258.76,110380.96,110258.76,70.50608,True,187.9178268176154
2025-05-27 17:55:00+00:00,110258.76,110232.46,110296.0,110219.0,57.65273,True,179.99512490207144
2025-05-27 18:00:00+00:00,110232.46,110292.0,110295.8,110166.24,45.26815,True,176.39261598049475
2025-05-27 18:05:00+00:00,110291.99,110287.77,110409.11,110270.92,71.61039,True,173.66385769617386
2025-05-27 18:10:00+00:00,110287.76,110136.36,110287.77,110121.88,27.01409,True,173.10858214644713
2025-05-27 18:15:00+00:00,110136.36,110260.86,110288.0,110120.48,69.83662,True,172.7093977074155
2025-05-27 18:20:00+00:00,110260.87,110120.98,110260.87,110100.05,62.14455,True,171.86015501402812
2025-05-27 18:25:00+00:00,110120.98,110057.44,110120.99,110051.11,26.65294,True,164.57585822731218
2025-05-27 18:30:00+00:00,110057.43,110078.16,110159.22,110045.45,66.2381,True,160.94686835393304
2025-05-27 18:35:00+00:00,110078.16,110098.34,110200.0,110061.45,50.77035,True,159.34709204293804
2025-05-27 18:40:00+00:00,110098.34,109934.76,110098.34,109872.8,112.80397,True,164.07515689701344
2025-05-27 18:45:00+00:00,109934.76,109964.42,109976.52,109866.43,30.8838,True,160.21907426151327
2025-05-27 18:50:00+00:00,109964.42,109946.83,109993.11,109927.28,21.49399,True,153.47699752854814
2025-05-27 18:55:00+00:00,109946.84,109890.62,109946.84,109828.92,78.52844,True,150.93721199079457
2025-05-27 19:00:00+00:00,109890.62,109814.31,109890.62,109713.44,88.06152,True,152.81169684859444
2025-05-27 19:05:00+00:00,109814.31,109792.71,109842.29,109747.47,39.2325,True,148.66943278797999
2025-05-27 19:10:00+00:00,109792.7,109755.4,109792.71,109621.4,35.30264,True,150.286616160268
2025-05-27 19:15:00+00:00,109755.39,109703.91,109755.4,109600.0,27.97775,True,150.6518578631056
2025-05-27 19:20:00+00:00,109703.91,109677.23,109714.29,109656.51,36.33854,True,144.01815373002654
2025-05-27 19:25:00+00:00,109677.22,109652.18,109682.46,109574.46,25.54995,True,141.44542846359607
2025-05-27 19:30:00+00:00,109652.17,109665.55,109766.2,109633.64,35.09686,True,140.81075500191048
2025-05-27 19:35:00+00:00,109665.56,109908.91,109908.91,109628.83,61.69818,True,150.75855821605984
2025-05-27 19:40:00+00:00,109908.91,109913.04,110064.71,109891.59,53.83312,True,152.35580405777054
2025-05-27 19:45:00+00:00,109913.05,109844.0,109982.72,109844.0,25.36106,True,151.38181805364417
2025-05-27 19:50:00+00:00,109844.01,109890.54,109903.96,109822.48,26.57339,True,146.38883104981318
2025-05-27 19:55:00+00:00,109890.54,109877.87,109896.0,109769.23,38.57151,True,144.98748597482682
2025-05-27 20:00:00+00:00,109877.87,109857.15,109893.41,109758.41,36.97576,True,144.27409411948204
2025-05-27 20:05:00+00:00,109857.14,109806.82,109857.15,109697.99,25.16559,,145.33737311094683
2025-05-27 20:10:00+00:00,109806.82,109762.64,109806.83,109762.03,13.36549,,138.15613217445085
2025-05-27 20:15:00+00:00,109762.63,109810.79,109897.49,109762.17,19.33576,,137.9535513048477
2025-05-27 20:20:00+00:00,109810.78,109855.25,109855.25,109750.31,17.89369,,135.59544049735877
2025-05-27 20:25:00+00:00,109855.24,109801.22,109879.95,109786.1,6.14934,,132.61362331897539
2025-05-27 20:30:00+00:00,109801.23,109842.46,109851.35,109782.6,8.52865,,128.05193593904858
2025-05-27 20:35:00+00:00,109842.46,109848.49,109894.89,109788.0,25.67695,,126.54036908625936
2025-05-27 20:40:00+00:00,109848.49,109703.4,109848.5,109676.0,65.6238,,129.82319986581226
2025-05-27 20:45:00+00:00,109703.4,109708.81,109726.36,109666.66,9.64017,,124.81439987539689
2025-05-27 20:50:00+00:00,109708.81,109625.55,109739.12,109596.0,32.58144,,126.12194274143964
2025-05-27 20:55:00+00:00,109625.56,109551.69,109636.37,109551.69,21.65605,,123.16180397419346
2025-05-27 21:00:00+00:00,109551.69,109454.56,109608.69,109444.32,70.55224,,126.10524654746503
2025-05-27 21:05:00+00:00,109454.56,109543.97,109543.97,109434.78,12.43552,,124.89701465121769
2025-05-27 21:10:00+00:00,109543.96,109690.94,109690.94,109542.64,22.4786,,126.56865646184521
2025-05-27 21:15:00+00:00,109690.93,109569.8,109690.94,109569.79,14.56185,,126.18160957171403
2025-05-27 21:20:00+00:00,109569.8,109205.46,109569.8,109160.94,58.78139,,146.3729231737345
2025-05-27 21:25:00+00:00,109205.47,109053.05,109217.4,109053.03,58.61148,,147.65842866132456
2025-05-27 21:30:00+00:00,109053.05,109161.48,109260.87,109053.04,55.95498,,151.95639804265866
2025-05-27 21:35:00+00:00,109161.48,108956.54,109170.03,108956.52,79.4823,,156.35308389675407
2025-05-27 21:40:00+00:00,108956.54,108916.9,108976.82,108900.0,60.89535,,150.67214933270068
2025-05-27 21:45:00+00:00,108916.91,108950.24,108956.53,108905.98,39.13717,,143.520567237508
2025-05-27 21:50:00+00:00,108950.24,109062.88,109104.39,108950.23,34.59343,,144.2805267205434
2025-05-27 21:55:00+00:00,109062.88,108918.07,109063.13,108824.85,67.94318,,150.99477481193307
2025-05-27 22:00:00+00:00,108918.08,109127.94,109140.0,108828.62,54.6752,,162.45086232536673
2025-05-27 22:05:00+00:00,109127.94,108977.52,109170.49,108977.51,32.08346,,164.63151501641272
2025-05-27 22:10:00+00:00,108977.52,108818.85,108977.52,108739.13,81.16154,,169.89997822952606
2025-05-27 22:15:00+00:00,108818.86,108695.93,108819.39,108674.59,69.45239,,168.10712264170297
2025-05-27 22:20:00+00:00,108695.92,108790.0,108800.95,108600.0,51.6849,,170.4530424530097
2025-05-27 22:25:00+00:00,108790.01,108902.49,108931.43,108790.01,62.19075,,168.3799679920799
2025-05-27 22:30:00+00:00,108902.48,108969.76,108989.51,108843.3,87.83382,,166.79639884978792
2025-05-27 22:35:00+00:00,108969.76,109034.68,109072.79,108961.02,32.32142,,162.86594178908803
2025-05-27 22:40:00+00:00,109034.69,109058.72,109086.96,109000.0,30.95376,,157.4440888041536
2025-05-27 22:45:00+00:00,109058.72,108943.65,109100.59,108943.65,60.40452,,157.40808246099996
2025-05-27 22:50:00+00:00,108943.65,108954.54,108972.32,108892.39,33.0869,,151.87393371378624
2025-05-27 22:55:00+00:00,108954.54,109027.01,109092.62,108916.0,100.1054,,153.64150987708692
2025-05-27 23:00:00+00:00,109027.0,109039.14,109135.78,108988.78,77.50553,,153.16711631443786
2025-05-27 23:05:00+00:00,109039.15,109081.23,109121.06,109018.79,95.49424,,149.531608006264
2025-05-27 23:10:00+00:00,109081.22,109054.5,109107.62,109051.4,17.6041,,142.8664931486738
2025-05-27 23:15:00+00:00,109054.49,109074.18,109124.81,109054.49,19.90542,,137.68460078091087
2025-05-27 23:20:00+00:00,109074.19,109095.79,109159.28,109074.19,48.22364,,133.9285578679891
2025-05-27 23:25:00+00:00,109095.8,108919.25,109104.11,108919.24,21.72477,,137.56723230598953
2025-05-27 23:30:00+00:00,108919.25,109036.01,109044.42,108919.24,25.58355,,136.68242999841837
2025-05-27 23:35:00+00:00,109036.02,109071.7,109078.38,108986.51,14.84578,,133.48154214138918
2025-05-27 23:40:00+00:00,109071.7,109055.49,109148.0,109045.45,18.33301,,131.2721462741473
2025-05-27 23:45:00+00:00,109055.5,109068.05,109105.24,109054.23,20.36605,,125.53913582599459
2025-05-27 23:50:00+00:00,109068.05,108956.89,109068.05,108950.0,14.19825,,125.00419755270947
2025-05-27 23:55:00+00:00,108956.9,108938.17,109000.0,108938.16,16.0373,,120.49246915608713
2025-05-28 00:00:00+00:00,108938.17,108863.64,108938.17,108863.63,28.86808,,117.21014993065187
2025-05-28 00:05:00+00:00,108863.63,108875.99,108884.24,108790.14,71.93906,,115.55942493560572
2025-05-28 00:10:00+00:00,108875.99,108707.6,108876.0,108665.18,57.26627,,122.3637517259201
2025-05-28 00:15:00+00:00,108707.6,108761.9,108809.53,108707.56,39.06014,,120.90705517406874
2025-05-28 00:20:00+00:00,108761.9,108933.25,108933.25,108730.0,29.61262,,126.78869409020669
2025-05-28 00:25:00+00:00,108933.25,109035.19,109043.48,108897.11,39.56655,,128.18735879804873
2025-05-28 00:30:00+00:00,109035.18,108885.5,109047.23,108885.5,26.47415,,130.58326174104496
2025-05-28 00:35:00+00:00,108885.51,108843.11,108928.37,108827.07,20.89112,,128.49160018811236
2025-05-28 00:40:00+00:00,108843.1,109010.25,109010.26,108838.57,21.59571,,131.57720017467489
2025-05-28 00:45:00+00:00,109010.26,108917.49,109012.49,108917.49,19.39203,,128.96454301934097
2025-05-28 00:50:00+00:00,108917.5,109043.47,109043.48,108830.0,64.37337,,135.00136137510202
2025-05-28 00:55:00+00:00,109043.48,109205.39,109261.76,109043.47,59.57572,,140.95054984830855
2025-05-28 01:00:00+00:00,109205.39,109110.75,109284.7,109099.67,43.08992,,144.0990820020007
2025-05-28 01:05:00+00:00,109110.75,108921.2,109118.5,108900.0,29.94999,,149.41343328757208
2025-05-28 01:10:00+00:00,108921.2,108966.01,109000.0,108921.19,14.97065,,144.3703309098882
2025-05-28 01:15:00+00:00,108966.0,108900.01,108966.01,108840.48,46.74262,,143.02459298775324
2025-05-28 01:20:00+00:00,108900.01,108886.39,108972.0,108828.03,29.88943,,143.09212206005665
2025-05-28 01:25:00+00:00,108886.4,108875.47,108886.4,108840.0,30.28747,,136.18554191290931
2025-05-28 01:30:00+00:00,108875.47,108905.47,108963.01,108844.44,45.3521,,134.92728891912955
2025-05-28 01:35:00+00:00,108905.47,108811.03,108905.47,108783.05,41.94296,,134.03391113919162
2025-05-28 01:40:00+00:00,108811.02,108827.6,108950.0,108755.7,35.69279,,138.3386317721067
2025-05-28 01:45:00+00:00,108827.6,108937.97,108942.58,108811.54,24.09731,,137.81730093124253
2025-05-28 01:50:00+00:00,108937.96,108882.0,108937.97,108840.01,25.8594,,134.97035086472565
2025-05-28 01:55:00+00:00,108882.0,108667.99,108882.0,108624.33,64.18842,,143.73461151724513
2025-05-28 02:00:00+00:00,108667.99,108695.65,108781.08,108615.38,98.50259,,145.3035678374417
2025-05-28 02:05:00+00:00,108695.66,108785.06,108842.98,108626.5,45.06327,,150.38759870619558
2025-05-28 02:10:00+00:00,108785.06,108670.22,108802.53,108670.2,58.60285,,149.0977702271817
2025-05-28 02:15:00+00:00,108670.21,108666.55,108739.14,108565.21,59.13487,,150.87150092523967
2025-05-28 02:20:00+00:00,108666.55,108563.16,108675.81,108563.16,51.33276,,148.14139371629355
2025-05-28 02:25:00+00:00,108563.16,108479.24,108563.17,108400.0,135.03322,,149.21486559370103
2025-05-28 02:30:00+00:00,108479.24,108598.11,108628.75,108451.91,58.77642,,151.18808947986503
2025-05-28 02:35:00+00:00,108598.11,108746.93,108857.15,108590.0,71.60609,,159.47108308844568
2025-05-28 02:40:00+00:00,108746.92,108814.49,108869.57,108736.06,40.99502,,157.61672001070022
2025-05-28 02:45:00+00:00,108814.48,108764.0,108856.09,108695.68,59.86713,,157.81624000993617
2025-05-28 02:50:00+00:00,108764.0,108697.06,108764.0,108697.05,10.79962,,151.32579429494052
2025-05-28 02:55:00+00:00,108697.05,108627.42,108697.06,108627.41,33.44872,,145.49180898815865
2025-05-28 03:00:00+00:00,108627.41,108661.18,108696.31,108569.09,47.80094,,144.18667977471884
2025-05-28 03:05:00+00:00,108661.19,108731.48,108731.49,108661.18,15.77283,,138.9097740765255
2025-05-28 03:10:00+00:00,108731.49,108839.04,108839.04,108731.49,26.27177,,136.67050449963065
2025-05-28 03:15:00+00:00,108839.03,108806.44,108851.08,108751.75,32.39411,,134.00332560680002
2025-05-28 03:20:00+00:00,108806.45,108704.7,108862.19,108704.7,33.55916,,135.68094520631468
2025-05-28 03:25:00+00:00,108704.71,108714.41,108772.72,108703.22,31.4136,,130.95373483443504
2025-05-28 03:30:00+00:00,108714.42,108824.11,108824.12,108700.97,21.14435,,130.39632520340356
2025-05-28 03:35:00+00:00,108824.11,108809.52,108851.99,108774.11,24.37404,,126.6451591174465
2025-05-28 03:40:00+00:00,108809.53,108839.01,108853.51,108785.97,15.83701,,122.42336203762842
2025-05-28 03:45:00+00:00,108839.02,108842.15,108859.99,108829.01,26.65413,,115.8916933206557
2025-05-28 03:50:00+00:00,108842.15,108887.0,108943.17,108834.55,52.31541,,115.37228665489424
2025-05-28 03:55:00+00:00,108887.0,108863.64,108962.1,108862.53,42.47578,,114.24355189383085
2025-05-28 04:00:00+00:00,108863.64,108820.0,108887.13,108803.95,43.24576,,112.02472675855776
2025-05-28 04:05:00+00:00,108820.0,108780.0,108902.13,108780.0,25.07788,,112.74653199008968
2025-05-28 04:10:00+00:00,108780.01,108785.22,108785.22,108750.33,7.07402,,107.18535113365466
2025-05-28 04:15:00+00:00,108785.21,108826.8,108846.23,108785.21,13.85983,,103.88782605267859
2025-05-28 04:20:00+00:00,108826.8,108663.17,108851.29,108663.17,31.73346,,109.90440990605836
2025-05-28 04:25:00+00:00,108663.17,108668.02,108694.43,108624.43,24.47227,,107.05409491276848
2025-05-28 04:30:00+00:00,108668.02,108737.99,108738.0,108668.02,21.42589,,104.40594527614186
2025-05-28 04:35:00+00:00,108738.0,109010.99,109061.6,108738.0,103.61302,,120.06337775641748
2025-05-28 04:40:00+00:00,109010.99,108990.99,109010.99,108962.16,16.99592,,114.97527934524494
2025-05-28 04:45:00+00:00,108990.98,108981.28,109061.47,108954.84,43.74508,,114.37918796344206
2025-05-28 04:50:00+00:00,108981.29,108958.01,108981.3,108956.6,15.26829,,107.97353168033885
2025-05-28 04:55:00+00:00,108958.01,108971.87,108983.0,108934.52,37.39568,,103.7239937031715
2025-05-28 05:00:00+00:00,108971.87,108898.3,108973.01,108889.05,13.6758,,102.3122798672301
2025-05-28 05:05:00+00:00,108898.3,108864.01,108898.3,108846.31,13.59659,,98.71783130528547
2025-05-28 05:10:00+00:00,108864.02,108873.04,108888.18,108864.01,19.16183,,93.39298621205067
2025-05-28 05:15:00+00:00,108873.04,108913.05,108932.98,108841.57,24.90419,,93.25134433976055
2025-05-28 05:20:00+00:00,108913.05,108946.38,108947.91,108913.04,13.47878,,89.08124831549264
2025-05-28 05:25:00+00:00,108946.39,108949.3,108953.63,108946.38,10.47302,,83.23615915010032
2025-05-28 05:30:00+00:00,108949.29,109022.68,109022.69,108943.62,24.52244,,82.93857635366508
2025-05-28 05:35:00+00:00,109022.68,108956.52,109076.02,108956.52,27.16153,,85.55010661411758
2025-05-28 05:40:00+00:00,108956.53,108932.54,108956.53,108891.57,17.56041,,84.07938471310861
2025-05-28 05:45:00+00:00,108932.54,109052.0,109052.0,108932.53,15.97564,,86.6072858050295
2025-05-28 05:50:00+00:00,109052.0,109071.34,109073.24,109046.44,29.02269,,82.33533681895618
2025-05-28 05:55:00+00:00,109071.34,109000.0,109089.68,108960.16,69.40016,,85.7056699033157
2025-05-28 06:00:00+00:00,108999.99,108893.65,109000.0,108846.15,53.51738,,90.57312205307927
2025-05-28 06:05:00+00:00,108893.65,108770.88,108893.66,108756.78,30.89649,,93.88075619214537
2025-05-28 06:10:00+00:00,108770.89,108653.9,108770.89,108653.9,42.58852,,95.53141646413535
2025-05-28 06:15:00+00:00,108653.9,108765.64,108825.0,108636.36,70.58727,,102.18202957383993
2025-05-28 06:20:00+00:00,108765.65,108772.72,108826.09,108765.64,20.65724,,99.20117031856545
2025-05-28 06:25:00+00:00,108772.73,108821.29,108826.09,108745.67,20.19361,,97.85965815295351
2025-05-28 06:30:00+00:00,108821.29,108718.27,108821.3,108718.27,32.59911,,98.22896828488533
2025-05-28 06:35:00+00:00,108718.27,108719.92,108719.92,108650.0,40.23087,,96.20689912167911
2025-05-28 06:40:00+00:00,108719.91,108752.8,108765.35,108719.91,19.25978,,92.58069204155935
2025-05-28 06:45:00+00:00,108752.8,108803.67,108803.68,108719.16,17.73934,,92.00492832430436
2025-05-28 06:50:00+00:00,108803.68,108814.99,108826.09,108786.98,17.49486,,88.22671915828266
2025-05-28 06:55:00+00:00,108814.99,108727.27,108814.99,108706.33,17.28578,,89.68623921840559
2025-05-28 07:00:00+00:00,108727.28,108798.7,108814.98,108720.0,27.8175,,90.06436498851919
2025-05-28 07:05:00+00:00,108798.7,108946.41,109000.0,108798.7,50.64086,,98.00976748933945
2025-05-28 07:10:00+00:00,108946.41,108907.93,108995.99,108885.43,44.49329,,98.90621266867322
2025-05-28 07:15:00+00:00,108907.92,108941.3,108944.01,108888.53,15.17835,,95.80434033519626
2025-05-28 07:20:00+00:00,108941.29,108909.09,108985.92,108891.69,32.59169,,95.69188745411053
2025-05-28 07:25:00+00:00,108909.1,108881.3,108909.1,108873.68,10.0439,,91.38675263596069
2025-05-28 07:30:00+00:00,108881.3,108917.83,108917.83,108864.0,15.52704,,88.7041274476779
2025-05-28 07:35:00+00:00,108917.83,108925.65,108946.57,108917.82,9.28824,,84.42168977284378
2025-05-28 07:40:00+00:00,108925.65,108961.16,108969.76,108917.82,14.61719,,82.10156907478265
2025-05-28 07:45:00+00:00,108961.17,108950.7,108961.17,108939.71,12.51051,,77.7700284265833
2025-05-28 07:50:00+00:00,108950.7,108985.04,109007.71,108900.01,31.12265,,79.90788353897103
2025-05-28 07:55:00+00:00,108985.05,108816.44,108985.05,108788.71,81.79814,,88.22446328618715
2025-05-28 08:00:00+00:00,108816.44,108904.41,108904.41,108816.44,17.72412,,88.20628733717386
2025-05-28 08:05:00+00:00,108904.41,108878.01,108940.0,108864.01,25.28592,,87.33369538451896
2025-05-28 08:10:00+00:00,108878.0,108737.99,108878.01,108695.0,36.7317,,94.16771714276724
2025-05-28 08:15:00+00:00,108737.98,108747.02,108757.9,108729.21,16.38093,,89.49073734685443
2025-05-28 08:20:00+00:00,108747.02,108836.9,108852.85,108747.01,24.92472,,90.6585418220799
2025-05-28 08:25:00+00:00,108836.9,108910.01,108914.55,108820.99,21.75607,,90.8657888347883
2025-05-28 08:30:00+00:00,108910.01,108861.08,108910.02,108602.9,111.81402,,106.31251820373271
2025-05-28 08:35:00+00:00,108861.08,109036.01,109104.3,108826.08,68.8685,,118.59162404632332
2025-05-28 08:40:00+00:00,109036.01,109073.96,109092.33,109000.0,28.06203,,116.71579375730036
2025-05-28 08:45:00+00:00,109073.97,109053.16,109130.44,108959.6,71.0592,,120.58180848892151
2025-05-28 08:50:00+00:00,109053.15,109025.07,109076.56,109009.0,31.02777,,116.79453645399838
2025-05-28 08:55:00+00:00,109025.08,109040.45,109045.45,109000.0,21.73844,,111.69849813585542
2025-05-28 09:00:00+00:00,109040.45,108970.7,109076.61,108951.94,35.84948,,112.62503398329419
2025-05-28 09:05:00+00:00,108970.7,108908.14,108970.71,108898.19,23.74371,,109.76038869877347
2025-05-28 09:10:00+00:00,108908.14,108772.8,108915.0,108750.0,35.59171,,113.70607522028965
2025-05-28 09:15:00+00:00,108772.73,108785.99,108821.35,108662.81,49.29221,,116.90849841884096
2025-05-28 09:20:00+00:00,108785.99,108681.81,108785.99,108600.0,55.99474,,121.84289138892413
2025-05-28 09:25:00+00:00,108681.82,108595.1,108697.89,108577.0,43.8558,,121.77482771828666
2025-05-28 09:30:00+00:00,108595.1,108607.49,108689.35,108565.21,39.18249,,121.94376859555186
2025-05-28 09:35:00+00:00,108607.5,108779.74,108810.48,108507.23,173.17786,,134.89421369586958
2025-05-28 09:40:00+00:00,108779.43,108804.44,108826.09,108669.92,64.49059,,136.41391271759306
2025-05-28 09:45:00+00:00,108804.44,108809.94,108818.14,108765.13,19.39281,,130.45649038062177
2025-05-28 09:50:00+00:00,108809.94,108821.35,108844.0,108769.12,19.79388,,126.48674106772056
2025-05-28 09:55:00+00:00,108821.35,108789.17,108821.36,108664.42,63.30128,,128.66197384859782
2025-05-28 10:00:00+00:00,108789.17,108467.75,108800.0,108460.94,75.21531,,143.69040428798354
2025-05-28 10:05:00+00:00,108467.74,108505.24,108611.18,108424.63,97.79391,,146.75180398169817
2025-05-28 10:10:00+00:00,108505.24,108562.63,108571.43,108503.79,26.59818,,141.10096084014828
2025-05-28 10:15:00+00:00,108562.63,108355.07,108655.05,108258.01,123.71918,,159.3823207801383
2025-05-28 10:20:00+00:00,108355.69,108493.35,108507.08,108313.61,48.71447,,161.8171550101285
2025-05-28 10:25:00+00:00,108493.35,108636.37,108636.37,108483.93,21.1139,,161.1473582236909
2025-05-28 10:30:00+00:00,108636.36,108708.58,108708.58,108594.51,19.79873,,157.78468977914207
2025-05-28 10:35:00+00:00,108708.58,108769.51,108792.61,108671.99,34.00715,,155.13006908063159
2025-05-28 10:40:00+00:00,108769.51,108754.16,108769.51,108739.13,22.61651,,146.21934986058577
2025-05-28 10:45:00+00:00,108754.16,108793.66,108793.66,108754.14,11.20726,,138.59796772768706
2025-05-28 10:50:00+00:00,108793.65,108857.15,108944.22,108793.65,51.14189,,139.45311288999562
2025-05-28 10:55:00+00:00,108857.14,108829.01,108873.92,108826.08,10.96764,,132.90931911213855
2025-05-28 11:00:00+00:00,108829.0,108917.02,108933.25,108829.0,38.13289,,130.86222488984293
2025-05-28 11:05:00+00:00,108917.02,108909.09,108950.0,108873.45,16.97154,,126.98278025485436
2025-05-28 11:10:00+00:00,108909.09,108850.01,108924.99,108847.23,14.71421,,123.46686737950829
2025-05-28 11:15:00+00:00,108850.01,108801.95,108913.05,108801.94,14.33455,,122.58423399525773
2025-05-28 11:20:00+00:00,108801.95,108737.2,108801.95,108719.89,29.84275,,119.68964585273916
2025-05-28 11:25:00+00:00,108737.21,108760.01,108784.2,108737.2,7.06905,,114.49752829182923
2025-05-28 11:30:00+00:00,108760.0,108744.2,108815.1,108741.58,19.17644,,111.57056198527029
2025-05-28 11:35:00+00:00,108744.2,108784.77,108809.53,108744.19,12.49811,,108.26837898632216
2025-05-28 11:40:00+00:00,108784.77,108794.29,108833.64,108784.77,39.86778,,104.02563763015597
2025-05-28 11:45:00+00:00,108794.29,108842.07,108863.64,108794.0,15.67414,,101.56952065657336
2025-05-28 11:50:00+00:00,108842.07,108909.09,108909.1,108842.06,22.4014,,99.10312632396156
2025-05-28 11:55:00+00:00,108909.1,108870.38,108927.66,108869.57,18.61131,,96.1736173008212
2025-05-28 12:00:00+00:00,108870.39,108867.97,108958.18,108840.01,29.23927,,97.74478749361957
2025-05-28 12:05:00+00:00,108867.96,108852.03,108900.0,108852.0,26.33619,,94.19158838693247
2025-05-28 12:10:00+00:00,108852.02,108881.53,108885.0,108847.34,9.30255,,90.15361778786611
2025-05-28 12:15:00+00:00,108881.53,108973.83,109015.0,108881.52,28.93307,,93.24835937444682
2025-05-28 12:20:00+00:00,108973.84,108976.12,109050.0,108967.35,47.59947,,92.49133370484307
2025-05-28 12:25:00+00:00,108976.11,109013.34,109043.48,108976.11,18.75294,,90.69695272592537
2025-05-28 12:30:00+00:00,109013.34,108981.07,109021.66,108940.0,79.47292,,90.05145610264523
2025-05-28 12:35:00+00:00,108981.08,109018.48,109032.0,108981.07,16.51584,,87.25706638102722
2025-05-28 12:40:00+00:00,109018.49,109027.42,109053.39,109008.01,27.35273,,84.26584735381131
2025-05-28 12:45:00+00:00,109027.42,108926.01,109027.42,108900.02,50.97237,,87.34685825711009
2025-05-28 12:50:00+00:00,108926.0,108817.44,108949.22,108784.27,24.6894,,92.88993981017344
2025-05-28 12:55:00+00:00,108817.43,108891.94,108891.94,108817.43,14.50414,,91.57708696659029
2025-05-28 13:00:00+00:00,108891.94,108802.15,108899.1,108802.14,39.67411,,91.96158075469144
2025-05-28 13:05:00+00:00,108802.15,108869.6,108898.99,108750.85,50.77693,,95.97432498649916
2025-05-28 13:10:00+00:00,108869.6,108839.26,108903.99,108826.08,20.95627,,94.68401605889233
2025-05-28 13:15:00+00:00,108839.25,108767.25,108848.96,108762.01,15.58921,,94.13158634040084
2025-05-28 13:20:00+00:00,108767.25,108740.0,108900.52,108652.17,88.08196,,105.14718731608691
2025-05-28 13:25:00+00:00,108740.0,108722.45,108771.12,108640.0,53.40263,,107.00238822208038
2025-05-28 13:30:00+00:00,108722.45,108956.52,108956.53,108642.73,92.41152,True,121.7736462062177
2025-05-28 13:35:00+00:00,108956.53,108770.11,108985.05,108643.2,91.55652,True,137.49338576291686
2025-05-28 13:40:00+00:00,108770.11,108515.84,108792.0,108402.42,137.69183,True,155.49957249413723
2025-05-28 13:45:00+00:00,108515.83,108363.64,108515.84,108282.25,132.11761,True,161.07746017312715
2025-05-28 13:50:00+00:00,108363.63,108433.34,108433.34,108288.42,84.84867,True,159.92335587504652
2025-05-28 13:55:00+00:00,108433.33,108068.45,108433.34,108010.0,297.42412,True,178.7388304554001
2025-05-28 14:00:00+00:00,108068.45,108189.01,108253.03,107982.4,280.55479,True,185.30248542287183
2025-05-28 14:05:00+00:00,108189.01,108000.01,108189.01,108000.0,96.34882,True,185.56730789266632
2025-05-28 14:10:00+00:00,108000.0,107880.78,108086.95,107876.61,230.85272,True,187.33678590033279
2025-05-28 14:15:00+00:00,107880.78,107699.99,107983.42,107626.0,259.81523,True,199.48558690745176
2025-05-28 14:20:00+00:00,107699.99,107934.01,107948.71,107662.23,127.84165,True,205.69947355692025
2025-05-28 14:25:00+00:00,107934.01,107954.54,107964.0,107779.0,64.71569,True,204.22093973142594
2025-05-28 14:30:00+00:00,107954.55,107828.12,107954.55,107736.15,139.346,True,205.23372975061042
2025-05-28 14:35:00+00:00,107828.12,107592.54,107828.13,107578.35,215.06726,True,208.4156061969953
2025-05-28 14:40:00+00:00,107592.54,107603.85,107705.44,107549.15,179.53181,True,204.69234861149621
2025-05-28 14:45:00+00:00,107603.84,107738.63,107833.07,107500.01,165.53409,True,213.86146656781878
2025-05-28 14:50:00+00:00,107738.62,107603.72,107738.62,107560.99,97.03598,True,211.27421895583169
2025-05-28 14:55:00+00:00,107603.72,107522.72,107603.72,107466.02,189.31843,True,206.0189176018435
2025-05-28 15:00:00+00:00,107522.71,107572.25,107603.72,107475.91,192.23807,True,200.4325663445688
2025-05-28 15:05:00+00:00,107572.26,107349.06,107677.28,107334.25,278.21905,True,210.61809731995666
2025-05-28 15:10:00+00:00,107349.07,107136.37,107355.48,107136.36,525.24411,True,211.22537608281658
2025-05-28 15:15:00+00:00,107136.37,107261.44,107328.93,107115.04,376.76269,True,211.41570636261534
2025-05-28 15:20:00+00:00,107261.44,107401.0,107458.0,107253.38,95.50476,True,210.93029876528536
2025-05-28 15:25:00+00:00,107401.0,107292.83,107401.0,107221.87,156.93293,True,208.6588488534796
2025-05-28 15:30:00+00:00,107292.83,107309.16,107339.67,107232.0,100.76386,True,201.44535964965954
2025-05-28 15:35:00+00:00,107309.17,107468.07,107495.49,107300.0,100.48925,True,201.0199768175414
2025-05-28 15:40:00+00:00,107468.07,107424.38,107483.62,107344.13,93.21677,True,196.62497847343064
2025-05-28 15:45:00+00:00,107424.38,107264.82,107447.99,107227.27,125.45728,True,198.34605143961426
2025-05-28 15:50:00+00:00,107264.82,107169.99,107270.24,107169.99,74.48092,True,191.33919062249896
2025-05-28 15:55:00+00:00,107169.99,107107.31,107181.82,107045.45,107.58452,True,187.41281986374975
2025-05-28 16:00:00+00:00,107107.31,107280.0,107332.72,107107.31,96.05496,True,190.12690415919647
2025-05-28 16:05:00+00:00,107280.0,107328.8,107377.4,107214.8,67.86585,True,188.16069671925325
2025-05-28 16:10:00+00:00,107328.8,107283.32,107328.8,107150.0,63.15887,True,187.4920755250211
2025-05-28 16:15:00+00:00,107283.31,107375.18,107439.34,107283.3,67.8158,True,185.24549870180485
2025-05-28 16:20:00+00:00,107375.17,107400.8,107439.2,107280.96,49.80787,True,183.31653450881814
2025-05-28 16:25:00+00:00,107400.8,107416.81,107457.59,107400.79,53.05211,True,174.2796391867599
2025-05-28 16:30:00+00:00,107416.8,107211.48,107416.8,107211.47,63.78531,True,176.4982363877054
2025-05-28 16:35:00+00:00,107211.48,107219.28,107366.92,107202.43,43.21455,True,175.64050521715538
2025-05-28 16:40:00+00:00,107219.29,107220.01,107267.72,107181.81,30.61435,True,169.23118341593025
2025-05-28 16:45:00+00:00,107220.0,107272.73,107343.98,107208.1,33.00745,True,166.84895602907736
2025-05-28 16:50:00+00:00,107272.73,107367.36,107378.4,107257.21,24.65389,True,163.58760202699952
2025-05-28 16:55:00+00:00,107367.35,107420.0,107420.0,107324.0,36.23083,True,158.75991616792814
2025-05-28 17:00:00+00:00,107420.0,107661.53,107771.31,107419.99,168.22248,True,172.51420787021843
2025-05-28 17:05:00+00:00,107661.52,107755.23,107772.72,107560.67,135.80976,True,175.33819302234588
2025-05-28 17:10:00+00:00,107755.23,107649.98,107788.08,107626.12,80.4822,True,174.38260780646448
2025-05-28 17:15:00+00:00,107649.98,107767.06,107832.38,107649.97,50.88636,True,174.95599296314586
2025-05-28 17:20:00+00:00,107767.05,107658.0,107789.49,107658.0,52.51575,True,171.8512791800644
2025-05-28 17:25:00+00:00,107658.0,107604.42,107658.01,107518.72,79.91018,True,169.52547352434505
2025-05-28 17:30:00+00:00,107604.42,107533.72,107611.84,107527.2,42.0275,True,163.46222541546322
2025-05-28 17:35:00+00:00,107533.72,107419.3,107533.72,107368.34,73.76644,True,163.59920931435906
2025-05-28 17:40:00+00:00,107419.3,107447.05,107454.85,107363.63,45.45169,True,158.42926579190492
2025-05-28 17:45:00+00:00,107447.05,107514.66,107550.55,107434.59,68.28203,True,155.3957468067693
2025-05-28 17:50:00+00:00,107514.66,107635.13,107635.13,107484.44,46.70495,True,155.05962203485737
2025-05-28 17:55:00+00:00,107635.12,107679.01,107699.27,107602.42,42.59847,True,150.90179188951083
2025-05-28 18:00:00+00:00,107679.01,107744.01,107759.74,107637.83,31.15333,True,148.83094961168885
2025-05-28 18:05:00+00:00,107744.01,107763.5,107763.51,107590.9,41.40849,True,150.52945321085397
2025-05-28 18:10:00+00:00,107763.51,107830.0,107841.7,107763.5,57.03977,True,145.36306369579276
2025-05-28 18:15:00+00:00,107829.99,107729.54,107842.29,107706.49,39.54378,True,144.67998771752102
2025-05-28 18:20:00+00:00,107729.53,107727.25,107735.42,107636.68,25.85596,True,141.39856002341273
2025-05-28 18:25:00+00:00,107727.26,107519.21,107727.26,107518.73,50.67389,True,146.19366287888315
2025-05-28 18:30:00+00:00,107519.21,107520.75,107559.99,107513.01,15.85764,True,139.10697267324937
2025-05-28 18:35:00+00:00,107520.76,107539.99,107557.72,107520.75,29.43896,True,131.8114746251602
2025-05-28 18:40:00+00:00,107539.99,107694.39,107694.4,107500.01,24.33685,True,136.28136929479157
2025-05-28 18:45:00+00:00,107694.39,107680.14,107772.73,107680.14,40.88786,True,133.1605572023062
2025-05-28 18:50:00+00:00,107680.14,107433.14,107722.02,107388.0,56.3989,True,147.50766025928462
2025-05-28 18:55:00+00:00,107433.13,107476.55,107491.12,107391.63,23.55917,True,144.07782738362076
2025-05-28 19:00:00+00:00,107476.54,107636.35,107636.35,107444.28,25.79999,True,147.5058397133626
2025-05-28 19:05:00+00:00,107636.35,107716.0,107795.06,107611.91,25.98517,True,150.05185116240773
2025-05-28 19:10:00+00:00,107716.0,107669.02,107798.14,107637.83,28.28895,True,150.78457607937844
2025-05-28 19:15:00+00:00,107669.02,107651.72,107681.82,107594.51,20.88924,True,146.25067778799513
2025-05-28 19:20:00+00:00,107651.72,107553.96,107676.25,107500.0,24.78388,True,148.39348651742404
2025-05-28 19:25:00+00:00,107553.96,107499.33,107553.96,107472.12,19.42365,True,143.63966605189452
2025-05-28 19:30:00+00:00,107499.34,107454.55,107519.2,107433.84,26.07326,True,139.47683276247352
2025-05-28 19:35:00+00:00,107454.55,107313.06,107454.55,107227.27,59.33209,True,145.7484875651539
2025-05-28 19:40:00+00:00,107313.07,107127.62,107318.19,107121.37,76.97459,True,149.39645273907198
2025-05-28 19:45:00+00:00,107127.61,107199.99,107235.81,107020.23,218.06033,True,154.12384897199556
2025-05-28 19:50:00+00:00,107199.99,107042.07,107220.0,106938.24,183.0803,True,163.24071690256693
2025-05-28 19:55:00+00:00,107042.07,106946.01,107168.48,106944.44,96.92131,True,167.58352283809742
2025-05-28 20:00:00+00:00,106946.0,106942.0,106946.01,106769.43,113.75751,True,168.22612834966202
2025-05-28 20:05:00+00:00,106941.99,106968.12,107077.51,106941.99,46.81141,,165.88997632468542
2025-05-28 20:10:00+00:00,106968.13,107035.18,107073.23,106957.87,22.79997,,162.28069230149364
2025-05-28 20:15:00+00:00,107035.19,107096.0,107100.0,107035.18,25.96674,,155.31921427995889
2025-05-28 20:20:00+00:00,107095.99,107224.01,107253.75,106900.0,139.45265,,169.4928418313904
2025-05-28 20:25:00+00:00,107224.01,107178.42,107224.01,107145.17,28.49437,,163.01763884343367
2025-05-28 20:30:00+00:00,107178.42,107213.18,107213.18,107090.9,18.36985,,160.10780749747406
2025-05-28 20:35:00+00:00,107213.17,107363.64,107396.44,107213.17,40.77962,,161.76224981908334
2025-05-28 20:40:00+00:00,107363.64,107352.38,107400.0,107349.26,12.40978,,153.8320891177206
2025-05-28 20:45:00+00:00,107352.37,107346.29,107403.82,107346.28,15.11299,,146.95408275216974
2025-05-28 20:50:00+00:00,107346.28,107220.0,107346.29,107194.28,25.49741,,147.31521969844295
2025-05-28 20:55:00+00:00,107220.0,107318.18,107382.0,107218.79,29.02261,,148.45056114855464
2025-05-28 21:00:00+00:00,107318.19,107230.11,107338.01,107227.97,29.25397,,145.70694963794315
2025-05-28 21:05:00+00:00,107230.11,107200.01,107256.63,107185.9,27.19046,,140.3514532352337
2025-05-28 21:10:00+00:00,107200.01,107329.12,107329.13,107200.0,25.80185,,139.54992086128877
2025-05-28 21:15:00+00:00,107329.13,107407.01,107417.76,107321.92,14.93225,,136.42778365691075
2025-05-28 21:20:00+00:00,107407.01,107425.5,107425.5,107407.0,13.07596,,128.00437053855998
2025-05-28 21:25:00+00:00,107425.49,107381.94,107425.5,107381.93,26.97363,,121.97334407152049
2025-05-28 21:30:00+00:00,107381.93,107435.53,107439.2,107381.93,29.17393,,117.35167663784075
2025-05-28 21:35:00+00:00,107435.52,107451.62,107451.63,107384.0,29.5836,,113.80012830656675
2025-05-28 21:40:00+00:00,107451.62,107494.15,107494.16,107400.0,33.39586,,112.39726199895509
2025-05-28 21:45:00+00:00,107494.15,107498.75,107500.0,107445.68,26.79321,,108.24888614188737
2025-05-28 21:50:00+00:00,107498.76,107524.42,107575.56,107498.75,19.15868,,106.00325141746667
2025-05-28 21:55:00+00:00,107524.42,107495.74,107524.43,107392.9,31.79255,,107.82659060193326
2025-05-28 22:00:00+00:00,107495.74,107404.01,107495.74,107360.0,59.26779,,109.8204055589384
2025-05-28 22:05:00+00:00,107404.01,107313.97,107404.01,107313.96,18.0936,,108.40823373329911
2025-05-28 22:10:00+00:00,107313.97,107306.5,107330.34,107193.69,27.77299,,110.42550275234876
2025-05-28 22:15:00+00:00,107306.49,107302.84,107306.5,107251.51,18.92051,,106.46582398432422
2025-05-28 22:20:00+00:00,107302.84,107248.68,107310.53,107240.0,13.57431,,103.89897941401526
2025-05-28 22:25:00+00:00,107248.69,107234.97,107248.69,107207.35,16.12821,,99.4304808844425
2025-05-28 22:30:00+00:00,107234.97,107211.42,107281.25,107150.0,34.22195,,101.70330367841089
2025-05-28 22:35:00+00:00,107211.41,107297.03,107351.48,107204.15,28.38422,,104.96235341566738
2025-05-28 22:40:00+00:00,107297.02,107317.94,107331.69,107274.46,16.08574,,101.55289960026228
2025-05-28 22:45:00+00:00,107317.94,107379.2,107379.2,107204.28,27.6415,,106.793406771672
2025-05-28 22:50:00+00:00,107379.19,107429.6,107436.21,107378.94,23.90377,,103.25602057369572
2025-05-28 22:55:00+00:00,107429.59,107400.73,107454.54,107400.72,12.55788,,99.72487624700263
2025-05-28 23:00:00+00:00,107400.73,107590.84,107628.86,107400.73,35.33248,,108.89667080078848
2025-05-28 23:05:00+00:00,107590.84,107674.24,107681.82,107590.84,66.03973,,107.61690860073291
2025-05-28 23:10:00+00:00,107674.24,107863.63,107923.92,107672.4,99.93201,,117.895700843538
2025-05-28 23:15:00+00:00,107863.63,107943.12,107973.52,107784.51,103.35567,,122.9752936404288
2025-05-28 23:20:00+00:00,107943.13,107940.01,108028.0,107859.16,105.28522,,126.25134409468365
2025-05-28 23:25:00+00:00,107940.01,107956.55,107987.19,107812.89,41.54211,,129.6833909450636
2025-05-28 23:30:00+00:00,107956.55,107934.8,108033.8,107892.43,47.14497,,130.5181487347026
2025-05-28 23:35:00+00:00,107934.8,108000.01,108038.0,107934.79,52.0281,,128.5675666822243
2025-05-28 23:40:00+00:00,108000.01,107916.0,108043.95,107903.21,54.42907,,129.43702620492192
2025-05-28 23:45:00+00:00,107915.99,107710.68,107932.33,107710.68,60.33773,,136.02366719028527
2025-05-28 23:50:00+00:00,107710.69,107772.72,107772.73,107710.68,24.92241,,130.73983381955082
2025-05-28 23:55:00+00:00,107772.72,107781.78,107795.61,107738.86,25.93786,,125.45484568958291
2025-05-29 00:00:00+00:00,107781.78,107629.1,107820.29,107421.12,123.46626,,145.00592814032686
2025-05-29 00:05:00+00:00,107629.09,107526.17,107629.1,107450.0,39.26203,,147.44121898744677
2025-05-29 00:10:00+00:00,107526.18,107546.5,107556.06,107452.0,41.05881,,144.34256048834328
2025-05-29 00:15:00+00:00,107546.5,107656.01,107681.49,107546.49,44.15615,,143.6752347391759
2025-05-29 00:20:00+00:00,107656.01,107824.84,107863.64,107656.0,70.25246,,148.24414654352043
2025-05-29 00:25:00+00:00,107824.84,108010.0,108020.01,107818.18,62.91094,,152.07170750469768
2025-05-29 00:30:00+00:00,108010.0,107859.96,108032.92,107839.92,58.25197,,154.99515696864788
2025-05-29 00:35:00+00:00,107859.96,107805.34,107969.61,107805.34,65.09474,,155.65764575660188
2025-05-29 00:40:00+00:00,107805.35,107801.91,107863.64,107776.45,31.98154,,150.7670996311305
2025-05-29 00:45:00+00:00,107801.91,108016.96,108016.96,107801.91,41.07213,,155.35873537176423
2025-05-29 00:50:00+00:00,108016.95,107986.54,108040.0,107954.54,48.00178,,150.3659685594958
2025-05-29 00:55:00+00:00,107986.53,108285.32,108297.87,107986.53,106.63729,,161.86411366238872
2025-05-29 01:00:00+00:00,108285.31,108046.99,108300.0,107988.49,187.90417,,172.5531055436463
2025-05-29 01:05:00+00:00,108047.0,107984.93,108116.31,107934.61,70.26582,,173.20645514767133
2025-05-29 01:10:00+00:00,107984.94,108009.58,108067.55,107927.2,41.98531,,170.85956549426666
2025-05-29 01:15:00+00:00,108009.58,107966.13,108071.54,107902.92,54.37875,,170.69959653039015
2025-05-29 01:20:00+00:00,107966.14,107913.31,108050.49,107913.31,35.2869,,168.30533963536283
2025-05-29 01:25:00+00:00,107913.31,107919.0,107919.0,107883.45,22.14407,,158.82281537569426
2025-05-29 01:30:00+00:00,107918.99,107883.19,107925.87,107820.03,87.33378,,155.03832856314443
2025-05-29 01:35:00+00:00,107883.18,107861.34,107941.13,107812.85,52.51136,,153.1270193800626
2025-05-29 01:40:00+00:00,107861.33,108045.45,108141.35,107847.45,79.48233,,163.1822322814873
2025-05-29 01:45:00+00:00,108045.45,107900.0,108104.2,107899.99,164.86581,,166.11278711852333
2025-05-29 01:50:00+00:00,107899.99,108227.27,108347.78,107899.99,130.99067,,186.23258803862836
2025-05-29 01:55:00+00:00,108227.27,108156.23,108238.1,108130.51,50.80732,,180.61526032158426
2025-05-29 02:00:00+00:00,108156.23,108120.17,108156.24,108102.44,15.61019,,171.5570274414713
2025-05-29 02:05:00+00:00,108120.18,108000.95,108136.37,108000.94,27.5304,,168.9765254813657
2025-05-29 02:10:00+00:00,108000.94,108008.01,108049.08,108000.94,40.24369,,160.34534508983955
2025-05-29 02:15:00+00:00,108008.02,108045.37,108059.6,108000.0,29.42254,,153.14924901199427
2025-05-29 02:20:00+00:00,108045.37,107961.81,108055.45,107931.15,49.08945,,151.0885883682806
2025-05-29 02:25:00+00:00,107961.8,108079.14,108227.28,107961.8,83.62647,,159.2594034848317
2025-05-29 02:30:00+00:00,108079.15,108150.79,108164.46,108045.48,171.24997,,156.3823032359159
2025-05-29 02:35:00+00:00,108150.79,108012.49,108174.15,108012.48,36.97519,,156.7599958619218
2025-05-29 02:40:00+00:00,108012.49,108126.1,108126.11,108004.21,21.09967,,154.26999615749838
2025-05-29 02:45:00+00:00,108126.11,108313.8,108313.8,108126.1,63.82353,,156.6578535748197
2025-05-29 02:50:00+00:00,108313.79,108434.79,108484.61,108289.44,98.88997,,159.4087211766182
2025-05-29 02:55:00+00:00,108434.79,108426.94,108477.6,108400.0,52.90184,,153.56524109257447
2025-05-29 03:00:00+00:00,108426.93,108309.55,108430.76,108275.55,43.79914,,153.68272387167573
2025-05-29 03:05:00+00:00,108309.55,108261.0,108309.56,108154.26,64.74444,,153.79824359512764
2025-05-29 03:10:00+00:00,108261.01,108203.74,108265.0,108176.43,37.54526,,149.13908333833328
2025-05-29 03:15:00+00:00,108203.75,108192.0,108299.97,108162.2,63.11303,,148.32700595702406
2025-05-29 03:20:00+00:00,108192.0,108214.49,108227.28,108157.08,28.13232,,142.74650553152213
2025-05-29 03:25:00+00:00,108214.5,108175.91,108274.11,108165.87,22.25688,,140.28175513641378
2025-05-29 03:30:00+00:00,108175.9,108141.67,108214.68,108136.36,83.43571,,135.85591548381225
2025-05-29 03:35:00+00:00,108141.67,108000.0,108150.0,107955.47,158.81007,,140.04692152068273
2025-05-29 03:40:00+00:00,108000.0,108036.0,108043.48,107988.77,24.7515,,133.95142712634768
2025-05-29 03:45:00+00:00,108036.0,107999.43,108076.0,107983.27,23.95327,,131.00703947446542
2025-05-29 03:50:00+00:00,107999.43,108050.96,108125.87,107999.43,40.10579,,130.68082236914663
2025-05-29 03:55:00+00:00,108050.96,108044.88,108050.97,108015.5,20.83338,,123.88004934277909
2025-05-29 04:00:00+00:00,108044.87,108106.93,108106.94,108031.85,37.62897,,120.39504581829462
2025-05-29 04:05:00+00:00,108106.94,107954.54,108106.94,107954.54,37.71444,,122.68111397413134
2025-05-29 04:10:00+00:00,107954.54,107915.64,107954.55,107866.5,35.3076,,120.2074629759793
2025-05-29 04:15:00+00:00,107915.64,107876.09,107921.98,107676.36,71.1463,,129.1655013348376
2025-05-29 04:20:00+00:00,107876.1,107830.1,107888.0,107810.47,18.13877,,125.47725123949196
2025-05-29 04:25:00+00:00,107830.1,107867.41,107867.41,107805.13,36.00026,,120.96316186524245
2025-05-29 04:30:00+00:00,107867.4,107716.71,107894.11,107716.71,43.0249,,124.99436458915329
2025-05-29 04:35:00+00:00,107716.71,107554.82,107716.72,107404.25,196.37902,,138.38548140421386
2025-05-29 04:40:00+00:00,107554.81,107399.98,107570.01,107341.02,229.08373,,144.85723273248362
2025-05-29 04:45:00+00:00,107399.99,107317.73,107399.99,106948.01,312.62245,,166.79457325159268
2025-05-29 04:50:00+00:00,107317.73,107526.2,107548.01,107317.73,84.84703,,171.32924659076454
2025-05-29 04:55:00+00:00,107526.2,107564.44,107613.64,107513.34,47.2918,,166.25572897713872
2025-05-29 05:00:00+00:00,107564.44,107597.84,107681.82,107492.36,45.35024,,167.91317690734354
2025-05-29 05:05:00+00:00,107597.85,107636.36,107643.4,107537.98,36.0973,,163.44937855681889
2025-05-29 05:10:00+00:00,107636.37,107585.5,107656.02,107585.49,44.66987,,156.8122800884746
2025-05-29 05:15:00+00:00,107585.5,107619.1,107640.01,107585.49,38.07923,,149.50568865358284
2025-05-29 05:20:00+00:00,107619.09,107631.23,107674.0,107619.09,20.12961,,142.74885374975574
2025-05-29 05:25:00+00:00,107631.22,107615.2,107640.0,107572.48,27.79683,,137.37536419620204
2025-05-29 05:30:00+00:00,107615.2,107640.7,107676.07,107600.96,21.77041,,132.92783818218766
2025-05-29 05:35:00+00:00,107640.7,107672.36,107672.4,107632.46,10.52296,,126.28584974060196
2025-05-29 05:40:00+00:00,107672.37,107727.27,107727.28,107656.19,26.75729,,122.34328904484444
2025-05-29 05:45:00+00:00,107727.28,107691.33,107765.95,107666.67,25.31023,,120.6959112559269
2025-05-29 05:50:00+00:00,107691.32,107651.26,107691.33,107624.08,27.53644,,116.87834616621784
2025-05-29 05:55:00+00:00,107651.27,107681.81,107690.24,107616.27,60.93282,,113.81346429720236
2025-05-29 06:00:00+00:00,107681.81,107707.4,107738.88,107643.18,18.8227,,112.51964541883159
2025-05-29 06:05:00+00:00,107707.41,107716.92,107777.77,107692.24,19.86828,,110.59181360320068
2025-05-29 06:10:00+00:00,107716.91,107753.94,107786.05,107664.06,31.99705,,111.405969774401
2025-05-29 06:15:00+00:00,107753.94,107829.99,107831.5,107753.93,29.03715,,108.98911479051571
2025-05-29 06:20:00+00:00,107830.0,107879.51,107900.17,107797.5,28.34819,,108.5377494483359
2025-05-29 06:25:00+00:00,107879.51,107936.05,107942.12,107866.51,29.66264,,106.18576734488339
2025-05-29 06:30:00+00:00,107936.06,107932.85,107945.47,107905.48,13.93226,,101.45749824882067
2025-05-29 06:35:00+00:00,107932.86,107863.63,107941.01,107863.63,27.40663,,99.73767694533277
2025-05-29 06:40:00+00:00,107863.63,107870.49,107897.58,107863.63,34.37553,,95.03855716352307
2025-05-29 06:45:00+00:00,107870.48,107874.61,107900.0,107867.9,8.73639,,90.54294593755755
2025-05-29 06:50:00+00:00,107874.6,107809.21,107900.0,107809.21,20.37201,,90.56059265630299
2025-05-29 06:55:00+00:00,107809.21,107915.46,107915.46,107751.78,69.5709,,95.7834074665676
2025-05-29 07:00:00+00:00,107915.46,107752.55,107915.46,107752.54,30.46745,,100.5788783618137
2025-05-29 07:05:00+00:00,107752.55,107764.03,107836.6,107752.55,18.82592,,99.39824419311292
2025-05-29 07:10:00+00:00,107764.03,107993.57,107993.58,107764.02,39.3852,,108.69551246503326
2025-05-29 07:15:00+00:00,107993.57,107963.47,108012.18,107950.83,23.23205,,105.31369014610168
2025-05-29 07:20:00+00:00,107963.47,107943.25,108012.79,107929.72,22.17214,,103.7248551356653
2025-05-29 07:25:00+00:00,107943.25,107984.78,107990.35,107936.08,28.91363,,100.19236548311805
2025-05-29 07:30:00+00:00,107984.78,107912.0,107999.5,107911.41,48.27455,,99.32791080575223
2025-05-29 07:35:00+00:00,107912.01,107898.99,107927.88,107872.12,20.82606,,96.21591717677059
2025-05-29 07:40:00+00:00,107898.99,107843.61,107898.99,107818.18,28.10883,,95.11549452128784
2025-05-29 07:45:00+00:00,107843.62,107831.49,107843.62,107826.62,43.15107,,89.53581634119585
2025-05-29 07:50:00+00:00,107831.49,107883.59,107883.6,107831.48,36.43061,,86.86325803111114
2025-05-29 07:55:00+00:00,107883.6,107880.72,107895.55,107804.41,81.0283,,87.16873960031744
2025-05-29 08:00:00+00:00,107880.73,107772.72,107898.0,107772.72,36.94597,,89.89097248600896
2025-05-29 08:05:00+00:00,107772.73,107905.2,107923.07,107681.81,90.39653,,100.70304587986614
2025-05-29 08:10:00+00:00,107905.2,107940.01,107949.68,107869.83,38.87338,,99.21354260273222
2025-05-29 08:15:00+00:00,107940.01,108090.13,108103.27,107940.01,80.70553,,103.78828955968058
2025-05-29 08:20:00+00:00,108090.12,108207.03,108231.46,108090.12,79.80751,,106.47055459113275
2025-05-29 08:25:00+00:00,108207.02,108185.43,108207.03,108107.77,49.49456,,105.95551497748004
2025-05-29 08:30:00+00:00,108185.43,108230.14,108290.0,108122.4,70.04843,,110.35869247908902
2025-05-29 08:35:00+00:00,108230.14,108301.61,108308.88,108192.23,37.62701,,110.80807158772613
2025-05-29 08:40:00+00:00,108301.62,108220.0,108317.0,108210.23,37.446,,110.51963790288883
2025-05-29 08:45:00+00:00,108220.0,108258.78,108258.79,108204.33,17.85749,,106.5153780526819
2025-05-29 08:50:00+00:00,108258.79,108474.99,108475.0,108258.79,82.27573,,114.3514224774904
2025-05-29 08:55:00+00:00,108474.99,108492.49,108553.62,108380.12,101.66156,,118.57632087195536
2025-05-29 09:00:00+00:00,108492.5,108433.66,108560.66,108433.66,62.92923,,119.17801223824426
2025-05-29 09:05:00+00:00,108433.66,108372.11,108452.37,108320.0,67.73539,,120.12029707836935
2025-05-29 09:10:00+00:00,108372.12,108523.76,108637.01,108372.11,113.37783,,130.46170442991396
2025-05-29 09:15:00+00:00,108523.77,108522.26,108542.87,108442.59,26.02541,,128.30586839920574
2025-05-29 09:20:00+00:00,108522.26,108489.93,108583.41,108489.92,31.9687,,125.8190206564057
2025-05-29 09:25:00+00:00,108489.93,108459.99,108493.61,108451.29,18.07884,,119.85480489523435
2025-05-29 09:30:00+00:00,108459.99,108453.59,108492.22,108348.15,58.26281,,121.5844616884324
2025-05-29 09:35:00+00:00,108453.58,108412.69,108521.74,108412.69,55.93944,,120.68914299640173
2025-05-29 09:40:00+00:00,108412.69,108405.17,108412.69,108369.8,20.5896,,115.13206135380156
2025-05-29 09:45:00+00:00,108405.17,108508.38,108508.38,108350.27,24.7215,,118.20191411424435
2025-05-29 09:50:00+00:00,108508.37,108590.9,108590.91,108454.54,36.9912,,119.49963453465617
2025-05-29 09:55:00+00:00,108590.91,108520.01,108590.91,108520.0,35.06072,,116.02894635360954
2025-05-29 10:00:00+00:00,108520.01,108429.23,108558.98,108429.23,91.51865,,117.009021614066
2025-05-29 10:05:00+00:00,108429.23,108471.08,108503.36,108381.76,74.84659,,117.33694864163314
2025-05-29 10:10:00+00:00,108471.09,108465.69,108560.77,108434.78,53.45376,,117.95502373865972
2025-05-29 10:15:00+00:00,108465.7,108522.43,108559.34,108462.83,34.37067,,116.42323632875507
2025-05-29 10:20:00+00:00,108522.43,108533.99,108595.75,108522.43,33.33117,,113.3444337338445
2025-05-29 10:25:00+00:00,108533.99,108434.78,108549.74,108434.78,29.97655,,113.45983132428464
2025-05-29 10:30:00+00:00,108434.78,108531.27,108545.61,108411.58,31.64811,,114.92912908683566
2025-05-29 10:35:00+00:00,108531.27,108510.5,108574.66,108460.37,30.21505,,114.88347700920512
2025-05-29 10:40:00+00:00,108510.5,108526.0,108553.06,108510.5,27.02288,,109.71751436569029
2025-05-29 10:45:00+00:00,108525.99,108605.01,108647.05,108525.99,57.4948,,110.52769191099796
2025-05-29 10:50:00+00:00,108605.01,108685.99,108745.0,108605.0,140.57151,,112.63285677449811
2025-05-29 10:55:00+00:00,108686.0,108746.01,108857.15,108669.59,161.82336,,117.9847955763195
2025-05-29 11:00:00+00:00,108746.01,108816.11,108839.23,108738.24,42.05137,,116.77088160658172
2025-05-29 11:05:00+00:00,108816.1,108767.04,108888.0,108754.49,55.98269,,117.96653292039694
2025-05-29 11:10:00+00:00,108767.04,108886.71,108886.72,108767.03,43.37947,,118.08963771179732
2025-05-29 11:15:00+00:00,108886.72,108863.64,108887.26,108796.57,35.33998,,116.13252073238235
2025-05-29 11:20:00+00:00,108863.64,108827.02,108891.91,108827.01,30.79524,,112.47305496578424
2025-05-29 11:25:00+00:00,108827.01,108778.0,108865.67,108767.04,22.94249,,111.48426532537142
2025-05-29 11:30:00+00:00,108778.0,108772.72,108869.32,108750.0,62.35555,,112.04396065927396
2025-05-29 11:35:00+00:00,108772.72,108800.0,108836.0,108757.68,34.86867,,109.63510632646918
2025-05-29 11:40:00+00:00,108800.0,108734.49,108800.0,108716.82,25.33088,,107.74545587457803
2025-05-29 11:45:00+00:00,108734.49,108761.9,108826.09,108717.69,40.68565,,107.79220902639346
2025-05-29 11:50:00+00:00,108761.9,108714.29,108768.01,108666.09,55.23819,,107.37276552450808
2025-05-29 11:55:00+00:00,108714.28,108779.84,108779.84,108706.47,35.24603,,104.94399655847145
2025-05-29 12:00:00+00:00,108779.83,108701.82,108792.39,108701.82,32.81294,,103.9172825185801
2025-05-29 12:05:00+00:00,108701.82,108638.8,108746.46,108525.91,112.64117,,112.2481909101103
2025-05-29 12:10:00+00:00,108638.81,108638.33,108677.4,108548.21,59.44676,,113.45832013081584
2025-05-29 12:15:00+00:00,108638.33,108552.19,108638.34,108540.84,25.87105,,112.31844012147185
2025-05-29 12:20:00+00:00,108552.19,108576.56,108617.08,108552.19,30.95752,,108.93069439850954
2025-05-29 12:25:00+00:00,108576.57,108683.17,108737.19,108576.56,41.5478,,112.62350194147348
2025-05-29 12:30:00+00:00,108683.18,108681.82,108797.25,108596.33,35.51665,,118.93039465993954
2025-05-29 12:35:00+00:00,108681.82,108613.86,108681.82,108598.74,27.83937,,116.3696521842297
2025-05-29 12:40:00+00:00,108613.86,108429.17,108613.87,108375.71,83.25595,,125.06896274249821
2025-05-29 12:45:00+00:00,108429.17,108497.5,108513.37,108384.32,47.27715,,125.35332254660466
2025-05-29 12:50:00+00:00,108497.49,108564.49,108590.91,108421.39,105.41573,,128.50808522184747
2025-05-29 12:55:00+00:00,108564.49,108434.78,108564.5,108434.78,32.63861,,128.59465056314417
2025-05-29 13:00:00+00:00,108434.78,108516.77,108521.74,108373.48,43.19527,,129.9993183800631
2025-05-29 13:05:00+00:00,108516.77,108565.04,108590.88,108516.77,29.63227,,126.00722421005864
2025-05-29 13:10:00+00:00,108565.04,108449.02,108565.05,108418.78,37.56037,,127.45456533791187
2025-05-29 13:15:00+00:00,108449.01,108277.89,108464.47,108240.0,137.78256,,134.38423924234684
2025-05-29 13:20:00+00:00,108277.88,108248.81,108324.6,108185.92,70.24738,,134.69107929646546
2025-05-29 13:25:00+00:00,108248.81,108300.0,108331.04,108214.29,49.17575,,133.40957363243223
2025-05-29 13:30:00+00:00,108300.0,108177.18,108354.38,107952.88,205.16421,True,152.5588898015442
2025-05-29 13:35:00+00:00,108177.19,107850.82,108200.0,107834.86,146.8289,True,167.7432548157196
2025-05-29 13:40:00+00:00,107850.81,107592.58,107850.82,107565.37,293.69888,True,176.15087947174047
2025-05-29 13:45:00+00:00,107592.58,107476.53,107797.87,107476.52,169.0485,True,186.52224522375838
2025-05-29 13:50:00+00:00,107476.53,107855.87,107894.22,107430.56,143.4314,True,206.3177991363473
2025-05-29 13:55:00+00:00,107855.87,107601.08,107858.3,107508.77,151.23047,True,216.54724205517957
2025-05-29 14:00:00+00:00,107601.08,107655.23,107775.36,107575.53,112.09771,True,215.35315333695257
2025-05-29 14:05:00+00:00,107655.24,107310.0,107655.24,107288.0,167.89357,True,226.20221381288488
2025-05-29 14:10:00+00:00,107310.0,107401.62,107410.4,107230.91,110.96668,True,222.86562711196387
2025-05-29 14:15:00+00:00,107401.62,107168.18,107404.21,107120.0,128.84563,True,227.24736803253833
2025-05-29 14:20:00+00:00,107168.18,106950.0,107175.22,106950.0,164.43585,True,227.10255603021423
2025-05-29 14:25:00+00:00,106950.0,107045.56,107190.48,106939.0,174.8088,True,228.84380202805576
2025-05-29 14:30:00+00:00,107045.57,106481.98,107047.49,106478.12,438.0482,True,253.16710188319533
2025-05-29 14:35:00+00:00,106481.98,107148.98,107154.76,106474.0,248.68127,True,283.70945174868103
2025-05-29 14:40:00+00:00,107148.98,107199.99,107217.64,106967.17,155.84456,True,281.3352051952039
2025-05-29 14:45:00+00:00,107200.0,107504.57,107647.21,107126.8,269.75066,True,298.4119762526896
2025-05-29 14:50:00+00:00,107504.57,107612.54,107692.3,107400.0,136.54679,True,297.97540652035485
2025-05-29 14:55:00+00:00,107612.54,107622.54,107835.33,107521.38,94.09773,True,299.11644891175786
2025-05-29 15:00:00+00:00,107622.53,107521.96,107737.7,107517.21,91.23424,True,293.5002739894888
2025-05-29 15:05:00+00:00,107521.95,107528.21,107647.13,107473.84,67.01565,True,284.913825847383
2025-05-29 15:10:00+00:00,107528.21,107484.99,107694.77,107474.51,84.60866,True,280.2956954297135
2025-05-29 15:15:00+00:00,107484.99,107493.38,107572.5,107457.66,43.3374,True,268.477431470448
2025-05-29 15:20:00+00:00,107493.39,107430.57,107568.8,107423.24,43.6593,True,259.6976149368444
2025-05-29 15:25:00+00:00,107430.58,107503.33,107534.24,107401.25,27.59779,True,250.64707101278444
2025-05-29 15:30:00+00:00,107503.32,107410.61,107592.71,107278.57,81.82642,True,255.18228022615693
2025-05-29 15:35:00+00:00,107410.61,107288.3,107500.99,107288.3,20.33824,True,252.1471173528602
2025-05-29 15:40:00+00:00,107288.3,107289.61,107370.78,107213.45,73.0743,True,245.37446611337032
2025-05-29 15:45:00+00:00,107289.62,107122.3,107289.62,107045.45,170.29181,True,245.28843281955804
2025-05-29 15:50:00+00:00,107122.31,107173.01,107296.67,107122.31,35.36243,True,240.22283047530354
2025-05-29 15:55:00+00:00,107173.0,107019.89,107283.41,106955.91,118.29432,True,246.45691401278185
2025-05-29 16:00:00+00:00,107019.9,107016.04,107168.23,106848.2,168.40927,True,251.7121344404402
2025-05-29 16:05:00+00:00,107016.04,106822.02,107016.04,106641.59,206.72454,True,260.4791248375514
2025-05-29 16:10:00+00:00,106822.01,106931.07,106992.24,106780.98,52.06488,True,256.96347306344126
2025-05-29 16:15:00+00:00,106931.08,107014.78,107135.22,106929.05,77.87427,True,253.3353678446239
2025-05-29 16:20:00+00:00,107014.78,106933.01,107014.78,106860.0,49.04688,True,246.29569871286498
2025-05-29 16:25:00+00:00,106933.01,106865.75,106997.92,106766.08,63.37737,True,245.26314880480294
2025-05-29 16:30:00+00:00,106865.75,106793.73,106980.97,106776.62,40.59749,True,242.34078103303173
2025-05-29 16:35:00+00:00,106793.73,106891.75,106902.55,106749.99,65.60371,True,235.92786810210075
2025-05-29 16:40:00+00:00,106891.75,106869.61,106921.2,106792.72,150.77641,True,228.25302038052183
2025-05-29 16:45:00+00:00,106869.61,106970.49,107067.87,106869.6,79.23586,True,226.11137606762668
2025-05-29 16:50:00+00:00,106970.5,106729.06,106970.5,106701.18,56.73454,True,229.197706348511
2025-05-29 16:55:00+00:00,106729.06,106724.42,106895.28,106570.99,133.25914,True,235.9900130379026
2025-05-29 17:00:00+00:00,106724.42,106674.01,106801.55,106610.95,89.03498,True,232.74786924948143
2025-05-29 17:05:00+00:00,106674.01,106668.51,106741.27,106611.26,50.69279,True,225.40945001737626
2025-05-29 17:10:00+00:00,106668.52,106682.73,106760.0,106638.22,62.84492,True,218.00734644470643
2025-05-29 17:15:00+00:00,106682.72,106624.01,106801.65,106557.76,73.98423,True,219.85610741294164
2025-05-29 17:20:00+00:00,106624.01,106794.31,106889.39,106608.01,69.82938,True,224.25067116916043
2025-05-29 17:25:00+00:00,106794.31,106607.14,106794.31,106600.01,67.86965,True,222.1113375142206
2025-05-29 17:30:00+00:00,106607.14,106643.64,106780.0,106607.13,93.96646,True,218.59409912034738
2025-05-29 17:35:00+00:00,106643.64,106661.52,106817.14,106643.63,62.58494,True,215.37380632603646
2025-05-29 17:40:00+00:00,106661.51,106156.42,106691.08,106123.0,322.9665,True,240.56710587417683
2025-05-29 17:45:00+00:00,106156.43,106466.23,106788.56,106117.51,282.91091,True,271.31588402602154
2025-05-29 17:50:00+00:00,106466.23,106548.0,106702.74,106466.23,79.60563,True,268.829749452735
2025-05-29 17:55:00+00:00,106546.87,106303.6,106546.87,106251.52,88.01166,True,270.8047673489679
2025-05-29 18:00:00+00:00,106303.6,106242.68,106352.76,106181.45,91.49261,True,263.6979982526129
2025-05-29 18:05:00+00:00,106242.68,106478.9,106494.49,106242.67,91.02203,True,262.84956980599816
2025-05-29 18:10:00+00:00,106478.9,106484.35,106570.71,106454.62,53.80719,True,252.3667433912848
2025-05-29 18:15:00+00:00,106484.35,106326.47,106514.05,106313.41,64.80619,True,248.671976006193
2025-05-29 18:20:00+00:00,106326.47,106479.8,106511.3,106277.4,102.74125,True,247.61683486289414
2025-05-29 18:25:00+00:00,106479.81,106352.34,106599.98,106352.34,54.99999,True,247.61848951554452
2025-05-29 18:30:00+00:00,106352.34,106557.14,106617.77,106352.34,62.66117,True,248.89074026443475
2025-05-29 18:35:00+00:00,106557.14,106367.92,106557.15,106330.01,43.74468,True,247.33711595983223
2025-05-29 18:40:00+00:00,106367.92,106212.11,106367.93,106191.73,51.8708,True,242.2558933912726
2025-05-29 18:45:00+00:00,106212.11,106209.84,106340.14,106153.0,66.58548,True,238.31904386332448
2025-05-29 18:50:00+00:00,106209.84,106177.19,106328.59,106165.0,40.11605,True,232.9812550159439
2025-05-29 18:55:00+00:00,106177.2,105837.13,106249.44,105804.87,332.26978,True,248.09473680051983
2025-05-29 19:00:00+00:00,105837.14,106016.33,106062.01,105837.14,95.0258,True,246.4365413147677
2025-05-29 19:05:00+00:00,106016.32,105914.63,106054.1,105914.63,70.99076,True,238.79607407799867
2025-05-29 19:10:00+00:00,105914.64,105678.01,106046.83,105678.0,157.3122,True,248.084211643856
2025-05-29 19:15:00+00:00,105678.0,105730.0,105790.05,105639.3,102.86353,True,241.13176795500914
2025-05-29 19:20:00+00:00,105728.01,105885.08,105974.97,105691.05,98.08155,True,244.18807024393692
2025-05-29 19:25:00+00:00,105885.08,105965.57,105978.52,105856.44,69.56168,True,235.46606522651297
2025-05-29 19:30:00+00:00,105965.57,105969.84,106090.45,105880.8,107.07776,True,233.62206056747593
2025-05-29 19:35:00+00:00,105969.84,105925.99,106000.0,105891.38,46.09896,True,224.69334195551303
2025-05-29 19:40:00+00:00,105925.99,105766.81,105950.15,105703.54,70.60048,True,226.2588175301193
2025-05-29 19:45:00+00:00,105766.82,105824.0,105824.01,105725.03,79.94452,True,217.16747342082476
2025-05-29 19:50:00+00:00,105824.01,105794.89,105905.68,105686.25,92.23263,True,217.3290824621939
2025-05-29 19:55:00+00:00,105794.9,105731.74,105866.63,105647.13,148.38502,True,217.48414800060863
2025-05-29 20:00:00+00:00,105731.74,106124.61,106172.81,105729.02,170.40052,True,233.64885171485042
2025-05-29 20:05:00+00:00,106124.61,105923.27,106160.0,105907.48,80.98745,,234.99679087807567
2025-05-29 20:10:00+00:00,105923.26,105904.77,105980.96,105894.43,52.16066,,224.3920201010712
2025-05-29 20:15:00+00:00,105904.77,106166.41,106179.0,105904.77,42.71352,,227.95187580813726
2025-05-29 20:20:00+00:00,106166.42,106067.5,106202.77,106067.5,34.65871,,221.33174182184203
2025-05-29 20:25:00+00:00,106067.5,106144.51,106166.11,106053.6,27.49285,,213.55876026313868
2025-05-29 20:30:00+00:00,106144.51,106181.67,106221.91,106137.48,29.73576,,204.33527738720073
2025-05-29 20:35:00+00:00,106181.67,106099.88,106196.4,106079.02,28.00608,,198.12418614525714
2025-05-29 20:40:00+00:00,106099.89,105951.11,106133.57,105941.19,32.36892,,197.713887134882
2025-05-29 20:45:00+00:00,105951.12,106047.62,106047.62,105920.0,23.50323,,192.7071809109615
2025-05-29 20:50:00+00:00,106047.62,106131.33,106142.86,106047.61,31.14585,,185.7459537030357
2025-05-29 20:55:00+00:00,106131.32,106180.0,106180.0,106119.98,35.73423,,176.76552843853344
2025-05-29 21:00:00+00:00,106180.0,106262.37,106343.67,106179.99,40.34648,,175.83084783578056
2025-05-29 21:05:00+00:00,106262.38,106259.19,106285.72,106222.1,32.84504,,167.8157872760816
2025-05-29 21:10:00+00:00,106259.2,106343.17,106343.17,106259.2,20.84727,,161.82751675636118
2025-05-29 21:15:00+00:00,106343.16,106380.96,106421.7,106333.33,30.2164,,156.5805512737636
2025-05-29 21:20:00+00:00,106380.95,106311.37,106442.03,106311.37,28.14632,,154.72908332563787
2025-05-29 21:25:00+00:00,106311.37,106155.71,106311.38,106099.41,43.48705,,158.81772023094956
2025-05-29 21:30:00+00:00,106155.71,106201.91,106201.92,106155.7,9.50189,,150.77502592873898
2025-05-29 21:35:00+00:00,106201.92,106295.85,106325.68,106201.75,24.40081,,148.85752407668568
2025-05-29 21:40:00+00:00,106295.85,106332.54,106362.38,106289.57,40.59059,,143.42555807120797
2025-05-29 21:45:00+00:00,106332.55,106295.46,106345.0,106271.74,18.09228,,138.41373249469274
2025-05-29 21:50:00+00:00,106295.46,106303.0,106303.0,106295.46,6.23635,,129.0656087450714
2025-05-29 21:55:00+00:00,106303.0,106443.01,106470.69,106302.99,28.69567,,131.82520812042324
2025-05-29 22:00:00+00:00,106443.02,106325.0,106460.0,106325.0,60.5255,,132.05197896896445
2025-05-29 22:05:00+00:00,106325.0,106380.96,106428.58,106285.71,28.71079,,132.8246947568952
2025-05-29 22:10:00+00:00,106380.95,106301.05,106398.59,106290.53,30.49321,,131.0557879885454
2025-05-29 22:15:00+00:00,106301.05,106253.77,106301.06,106210.0,21.84016,,128.1989459893634
2025-05-29 22:20:00+00:00,106253.77,106322.19,106359.85,106251.34,20.81605,,126.79259270440954
2025-05-29 22:25:00+00:00,106322.2,106180.02,106322.2,106142.85,25.57386,,130.54669322552252
2025-05-29 22:30:00+00:00,106180.02,106202.09,106225.78,106161.93,9.80318,,125.78264370941419
2025-05-29 22:35:00+00:00,106202.09,106150.0,106209.24,106100.78,37.14494,,124.54531201588506
2025-05-29 22:40:00+00:00,106150.0,106076.44,106150.0,106051.0,26.33542,,122.72064687189327
2025-05-29 22:45:00+00:00,106076.44,106135.51,106185.85,105985.7,52.85193,,128.25131495247294
2025-05-29 22:50:00+00:00,106135.5,106100.55,106165.18,106085.53,16.24906,,124.77979245586731
2025-05-29 22:55:00+00:00,106100.54,105929.07,106100.55,105906.65,61.23751,,129.7169501375917
2025-05-29 23:00:00+00:00,105929.08,105960.59,106000.01,105928.85,58.35169,,125.53431084204865
2025-05-29 23:05:00+00:00,105960.59,106060.86,106078.47,105950.0,31.57405,,125.74400292475956
2025-05-29 23:10:00+00:00,106060.85,105977.4,106060.86,105963.15,30.08741,,123.74157414442004
2025-05-29 23:15:00+00:00,105977.4,105799.04,105985.33,105738.93,123.946,,132.5028902769621
2025-05-29 23:20:00+00:00,105799.04,105720.23,105857.15,105714.28,41.42297,,133.2433981143216
2025-05-29 23:25:00+00:00,105720.24,105748.6,105770.31,105671.73,54.13991,,130.7674411061559
2025-05-29 23:30:00+00:00,105748.61,105741.8,105882.61,105660.0,62.47888,,137.32762388428768
2025-05-29 23:35:00+00:00,105741.81,105863.66,105868.29,105741.8,21.60079,,136.55350789255218
2025-05-29 23:40:00+00:00,105863.67,105740.36,105873.28,105736.95,25.36657,,136.5375430430843
2025-05-29 23:45:00+00:00,105740.36,105498.7,105809.53,105322.86,285.94307,,161.54700425429246
2025-05-29 23:50:00+00:00,105498.7,105689.22,105700.0,105498.7,55.3617,,164.38650395041464
2025-05-29 23:55:00+00:00,105689.22,105589.75,105689.22,105571.42,62.91958,,161.05889652538522
2025-05-30 00:00:00+00:00,105589.75,105737.11,105809.53,105560.56,158.54553,,167.33826105928637
2025-05-30 00:05:00+00:00,105737.11,105885.41,105885.41,105737.11,113.8598,,165.97838526933756
2025-05-30 00:10:00+00:00,105885.41,105920.15,105988.0,105871.61,47.52419,,162.43635775009915
2025-05-30 00:15:00+00:00,105920.15,105952.94,106031.41,105920.14,86.80581,,158.78161791080666
2025-05-30 00:20:00+00:00,105952.95,106114.01,106149.18,105952.95,52.07706,,161.45721663146267
2025-05-30 00:25:00+00:00,106114.02,106062.85,106214.93,105952.38,56.4883,,168.6781297292145
2025-05-30 00:30:00+00:00,106062.86,105867.1,106095.24,105841.97,47.44617,,174.72040617712804
2025-05-30 00:35:00+00:00,105867.1,105937.86,105944.2,105837.26,73.77031,,169.87894859304762
2025-05-30 00:40:00+00:00,105937.85,105818.68,106000.0,105807.96,52.87787,,171.46188083640092
2025-05-30 00:45:00+00:00,105818.69,105460.0,105854.63,105459.51,106.15841,,187.43746077665872
2025-05-30 00:50:00+00:00,105460.0,105322.0,105700.0,105272.0,185.4971,,204.62049929261167
2025-05-30 00:55:00+00:00,105322.0,104939.99,105407.2,104600.5,854.80787,,247.62617791456776
2025-05-30 01:00:00+00:00,104940.0,105101.95,105369.16,104940.0,274.10867,,260.59359377781277
2025-05-30 01:05:00+00:00,105101.95,105392.4,105523.8,104941.01,197.25044,,283.60762279368384
2025-05-30 01:10:00+00:00,105392.39,105517.9,105526.58,105330.54,92.94589,,277.35279259413556
2025-05-30 01:15:00+00:00,105517.9,105455.02,105582.13,105455.01,111.13269,,266.6218788374123
2025-05-30 01:20:00+00:00,105455.02,105619.05,105654.48,105352.0,93.28008,,269.18317320616825
2025-05-30 01:25:00+00:00,105619.04,105731.72,105753.95,105612.48,81.23356,,260.060803691442
2025-05-30 01:30:00+00:00,105731.72,105621.12,105770.44,105607.67,50.87194,,253.111460570625
2025-05-30 01:35:00+00:00,105621.12,105821.28,105831.94,105581.24,85.04978,,252.93921338700875
2025-05-30 01:40:00+00:00,105821.28,105872.47,105880.06,105765.87,63.93052,,243.02855528793685
2025-05-30 01:45:00+00:00,105872.47,105713.82,105925.92,105683.57,43.79932,,242.98008705308362
2025-05-30 01:50:00+00:00,105713.82,105645.84,105713.83,105588.0,40.14301,,234.6122236921492
2025-05-30 01:55:00+00:00,105645.85,105666.66,105708.0,105600.01,44.85364,,225.56777914271035
2025-05-30 02:00:00+00:00,105666.67,105900.0,105900.0,105650.0,87.5896,,227.3129377753739
2025-05-30 02:05:00+00:00,105899.99,105988.34,105992.07,105879.99,62.43287,,219.0820136485616
2025-05-30 02:10:00+00:00,105988.35,105943.69,106041.08,105850.02,45.02212,,217.08044124509274
2025-05-30 02:15:00+00:00,105943.68,106039.54,106039.55,105900.0,30.62743,,211.54255258472918
2025-05-30 02:20:00+00:00,106039.55,106057.94,106108.95,105967.85,69.1801,,206.51094168581932
2025-05-30 02:25:00+00:00,106057.95,105980.01,106057.95,105980.0,40.01686,,197.32801727968916
2025-05-30 02:30:00+00:00,105980.01,105947.36,106031.92,105939.78,80.54404,,189.81458747399705
2025-05-30 02:35:00+00:00,105947.36,106066.01,106108.94,105932.58,167.7795,,188.8535455115687
2025-05-30 02:40:00+00:00,106066.02,106143.34,106172.3,106058.6,46.43477,,183.48543511788503
2025-05-30 02:45:00+00:00,106143.35,106099.99,106155.39,106064.67,45.87558,,176.85933260946476
2025-05-30 02:50:00+00:00,106099.99,105988.0,106100.0,105988.0,45.25627,,172.22652313736012
2025-05-30 02:55:00+00:00,105988.0,106000.0,106016.02,105957.29,47.06087,,164.11962862754945
2025-05-30 03:00:00+00:00,106000.01,105971.96,106011.29,105918.88,47.58321,,158.99751229700942
2025-05-30 03:05:00+00:00,105971.97,105942.8,106045.68,105913.35,97.42582,,157.09268999007926
2025-05-30 03:10:00+00:00,105942.79,106004.77,106047.62,105942.79,67.50186,,153.35964070507376
2025-05-30 03:15:00+00:00,106004.78,106111.18,106137.12,106004.77,43.95813,,151.85895208328216
2025-05-30 03:20:00+00:00,106111.19,106115.18,106137.03,106040.0,47.50673,,147.94259836304764
2025-05-30 03:25:00+00:00,106115.18,106152.66,106158.22,106087.68,29.55235,,142.41384133711625
2025-05-30 03:30:00+00:00,106152.66,106109.53,106167.24,106109.24,42.42743,,136.38428124160797
2025-05-30 03:35:00+00:00,106109.53,106151.34,106193.58,106109.53,53.01175,,132.64611829577902
2025-05-30 03:40:00+00:00,106151.33,106109.2,106151.34,106083.96,35.81488,,127.98425270322267
2025-05-30 03:45:00+00:00,106109.2,106087.83,106145.53,106033.85,57.08759,,126.81966322442055
2025-05-30 03:50:00+00:00,106087.83,106030.91,106087.84,106006.55,39.84544,,123.56754442267577
2025-05-30 03:55:00+00:00,106030.91,106024.33,106044.36,105953.68,46.95668,,121.2184341067709
2025-05-30 04:00:00+00:00,106024.33,105942.89,106024.34,105929.05,109.53689,,119.36640309914394
2025-05-30 04:05:00+00:00,105942.88,105956.08,106010.04,105929.98,102.96596,,116.55880287777634
2025-05-30 04:10:00+00:00,105956.09,105961.85,106075.48,105956.08,70.76958,,116.76174552936334
2025-05-30 04:15:00+00:00,105961.84,105941.81,106039.69,105941.8,55.08511,,115.41376370583735
2025-05-30 04:20:00+00:00,105941.81,105961.17,105994.23,105923.11,46.5696,,112.24992344113436
2025-05-30 04:25:00+00:00,105961.18,105995.1,105999.15,105933.67,32.71645,,108.90921462391019
2025-05-30 04:30:00+00:00,105995.1,105962.12,106013.88,105904.76,39.97184,,108.92427072220302
2025-05-30 04:35:00+00:00,105962.12,105952.3,105975.49,105920.5,26.99356,,105.0718228134746
2025-05-30 04:40:00+00:00,105952.29,106000.0,106000.0,105938.16,13.37197,,101.98383546965474
2025-05-30 04:45:00+00:00,106000.0,106090.18,106136.0,105999.99,32.2883,,104.41427579325045
2025-05-30 04:50:00+00:00,106090.17,106108.3,106108.31,106050.0,13.62541,,101.12111323658954
2025-05-30 04:55:00+00:00,106108.31,106112.08,106124.1,106101.08,33.70444,,95.54246229111915
2025-05-30 05:00:00+00:00,106112.08,106167.73,106211.76,106112.07,69.47343,,95.83871498460977
2025-05-30 05:05:00+00:00,106167.73,106141.18,106198.64,106127.43,44.11845,,94.0795210571381
2025-05-30 05:10:00+00:00,106141.17,106095.24,106141.18,106095.23,33.8303,,90.64169812448517
2025-05-30 05:15:00+00:00,106095.24,106109.99,106116.01,106068.36,20.6556,,87.57086254416438
2025-05-30 05:20:00+00:00,106109.98,106201.11,106211.74,106104.84,34.71336,,88.95151521958185
2025-05-30 05:25:00+00:00,106201.11,106186.33,106201.11,106160.82,23.49964,,85.47569270389697
2025-05-30 05:30:00+00:00,106186.32,106224.56,106250.0,106142.85,29.35545,,87.02385751076106
2025-05-30 05:35:00+00:00,106224.55,106271.99,106313.12,106224.55,37.17891,,87.13429625999187
2025-05-30 05:40:00+00:00,106272.0,106261.27,106275.04,106228.95,27.15272,,84.20256081284934
2025-05-30 05:45:00+00:00,106261.27,106076.27,106261.28,106075.65,28.08484,,91.44737789764615
2025-05-30 05:50:00+00:00,106076.28,106093.95,106093.95,106018.79,33.65968,,90.28399376210025
2025-05-30 05:55:00+00:00,106093.95,106083.42,106094.46,106042.12,38.91144,,87.5737084933796
2025-05-30 06:00:00+00:00,106083.43,106031.87,106117.05,106016.99,18.47067,,88.46558645813802
2025-05-30 06:05:00+00:00,106031.86,106132.69,106135.17,106028.26,56.54236,,89.78304456827127
2025-05-30 06:10:00+00:00,106132.69,106080.04,106134.17,106059.05,32.42229,,88.73568424196584
2025-05-30 06:15:00+00:00,106080.04,106028.42,106080.04,106000.0,152.21605,,88.11456393896783
2025-05-30 06:20:00+00:00,106028.41,106013.14,106048.51,105969.85,159.91956,,87.43923794332649
2025-05-30 06:25:00+00:00,106013.14,105949.49,106017.72,105903.0,65.60864,,89.38786380451754
2025-05-30 06:30:00+00:00,105949.49,105971.97,105971.97,105900.01,79.69822,,88.14301638990959
2025-05-30 06:35:00+00:00,105971.96,105870.99,106030.64,105832.47,78.44398,,96.00208664777306
2025-05-30 06:40:00+00:00,105870.99,105830.87,105875.8,105809.52,70.81771,,93.87908045864631
2025-05-30 06:45:00+00:00,105830.88,105674.0,105838.99,105655.39,110.7392,,100.28771756874343
2025-05-30 06:50:00+00:00,105674.0,105549.19,105758.18,105535.07,97.84678,,109.06073774240362
2025-05-30 06:55:00+00:00,105549.18,105711.77,105823.44,105536.03,160.44276,,121.7999707608036
2025-05-30 07:00:00+00:00,105711.77,105830.0,105830.0,105695.63,31.97653,,122.69782999217445
2025-05-30 07:05:00+00:00,105830.0,105540.87,105850.0,105420.07,102.2746,,144.64298499273292
2025-05-30 07:10:00+00:00,105540.86,105525.95,105648.55,105440.02,103.71641,,149.20634320753763
2025-05-30 07:15:00+00:00,105525.96,105539.26,105643.78,105521.92,79.02498,,147.25303297842785
2025-05-30 07:20:00+00:00,105539.25,105675.58,105827.21,105539.25,86.30428,,157.30353062282634
2025-05-30 07:25:00+00:00,105675.57,105616.19,105680.0,105608.77,48.30656,,151.15542129262417
2025-05-30 07:30:00+00:00,105616.19,105213.97,105616.19,105213.97,262.4804,,169.08860548600822
2025-05-30 07:35:00+00:00,105213.97,105207.47,105264.22,105004.01,295.34627,,175.59727652272235
2025-05-30 07:40:00+00:00,105207.47,105063.37,105209.7,105047.61,190.44365,,174.63247105681336
2025-05-30 07:45:00+00:00,105063.37,104919.56,105063.38,104727.72,332.56559,,186.13443740989837
2025-05-30 07:50:00+00:00,104919.56,105019.97,105058.82,104783.61,274.79965,,192.4969775949061
2025-05-30 07:55:00+00:00,105019.97,105028.02,105058.83,104903.92,298.51486,,189.8121934809845
2025-05-30 08:00:00+00:00,105028.03,105129.57,105250.87,105028.03,112.43265,,192.17203680377068
2025-05-30 08:05:00+00:00,105129.57,105094.12,105171.5,104841.42,188.87766,,202.02260560350146
2025-05-30 08:10:00+00:00,105094.11,104982.2,105127.95,104962.66,54.60744,,199.39884806039376
2025-05-30 08:15:00+00:00,104982.21,104968.57,105097.69,104949.08,60.25797,,195.7710731989371
2025-05-30 08:20:00+00:00,104968.56,104957.24,105026.82,104882.33,65.58163,,192.1081393990134
2025-05-30 08:25:00+00:00,104957.25,105226.05,105237.06,104951.99,92.55577,,198.7482722990833
2025-05-30 08:30:00+00:00,105226.05,105125.78,105358.56,105125.78,115.60228,,201.17910999200583
2025-05-30 08:35:00+00:00,105125.79,105251.8,105296.0,105125.79,95.22839,,198.9677449925769
2025-05-30 08:40:00+00:00,105251.79,105265.24,105304.15,105142.85,48.58823,,196.2771917788206
2025-05-30 08:45:00+00:00,105264.71,105365.31,105367.31,105264.71,28.11931,,189.5859637946185
2025-05-30 08:50:00+00:00,105365.32,105285.72,105365.32,105285.71,33.11955,,181.73053780928862
2025-05-30 08:55:00+00:00,105285.72,105177.33,105285.72,105177.33,20.47734,,176.49192796576796
2025-05-30 09:00:00+00:00,105177.34,105215.92,105333.34,105172.0,55.80525,,175.4096473967843
2025-05-30 09:05:00+00:00,105215.92,105175.47,105323.51,105132.68,52.93563,,176.51110115415696
2025-05-30 09:10:00+00:00,105175.47,105125.17,105175.47,105072.16,55.785,,171.28245107171702
2025-05-30 09:15:00+00:00,105125.18,105290.46,105290.47,105081.99,47.18205,,173.93941885230836
2025-05-30 09:20:00+00:00,105290.47,105332.74,105361.72,105290.46,38.04116,,166.60517464857168
2025-05-30 09:25:00+00:00,105332.74,105263.76,105333.34,105250.13,50.65761,,160.6483764593874
2025-05-30 09:30:00+00:00,105263.77,105177.38,105299.66,105133.93,48.02147,,161.01134956943193
2025-05-30 09:35:00+00:00,105177.37,104839.31,105239.16,104809.52,137.90057,,180.19911031447245
2025-05-30 09:40:00+00:00,104839.3,105045.67,105045.68,104606.01,257.26895,,198.73274529200998
2025-05-30 09:45:00+00:00,105045.67,105142.85,105252.9,105045.67,121.72094,,199.3396920568661
2025-05-30 09:50:00+00:00,105142.86,105429.88,105494.02,105116.24,163.01037,,212.08542833851843
2025-05-30 09:55:00+00:00,105429.87,105623.04,105666.67,105392.68,152.99748,,216.50718345719605
2025-05-30 10:00:00+00:00,105623.04,105546.8,105746.9,105535.65,99.99533,,216.13167035311062
2025-05-30 10:05:00+00:00,105546.8,105389.89,105593.36,105373.36,118.77508,,216.40797961360272
2025-05-30 10:10:00+00:00,105389.89,105322.7,105436.09,105316.75,70.18668,,209.47455249834516
2025-05-30 10:15:00+00:00,105322.7,105516.73,105516.73,105285.71,49.46724,,211.0135130341769
2025-05-30 10:20:00+00:00,105516.72,105685.4,105696.01,105501.19,79.08355,,209.85683353173516
2025-05-30 10:25:00+00:00,105685.4,105688.87,105691.53,105573.47,42.28325,,203.29991685089678
2025-05-30 10:30:00+00:00,105688.88,105626.06,105740.65,105626.06,54.77467,,196.96349421868962
2025-05-30 10:35:00+00:00,105626.06,105767.54,105767.54,105626.06,73.08851,,193.00038748878293
2025-05-30 10:40:00+00:00,105767.53,105805.17,105814.09,105738.99,50.6094,,184.5789312395835
2025-05-30 10:45:00+00:00,105805.17,105919.87,105919.87,105777.57,64.53901,,181.55900757961243
2025-05-30 10:50:00+00:00,105919.86,105836.83,105919.86,105812.79,64.90564,,176.23907846678307
2025-05-30 10:55:00+00:00,105836.84,105925.06,105938.44,105826.52,78.1668,,171.64485857629845
2025-05-30 11:00:00+00:00,105925.05,105858.07,105937.54,105835.9,44.30155,,166.64451153513423
2025-05-30 11:05:00+00:00,105858.08,105916.2,105981.75,105852.43,45.03585,,163.97847499691085
2025-05-30 11:10:00+00:00,105916.21,105815.9,105925.36,105809.52,34.132,,160.54001249713127
2025-05-30 11:15:00+00:00,105815.9,105924.82,105924.82,105814.96,13.72557,,156.92001160447907
2025-05-30 11:20:00+00:00,105924.81,105856.39,105943.97,105839.53,55.83734,,153.17143934701647
2025-05-30 11:25:00+00:00,105856.39,105773.52,105856.39,105720.56,65.28435,,151.932765107944
2025-05-30 11:30:00+00:00,105773.51,105809.53,105850.0,105762.64,24.69853,,147.32042474309088
2025-05-30 11:35:00+00:00,105809.53,105871.02,105901.99,105757.29,55.71354,,147.13325154715662
2025-05-30 11:40:00+00:00,105871.01,105802.39,105871.01,105782.47,25.72912,,142.94873357950277
2025-05-30 11:45:00+00:00,105802.39,105771.01,105845.55,105700.0,70.28465,,143.13453832382422
2025-05-30 11:50:00+00:00,105771.01,105895.7,105900.0,105734.68,31.14981,,144.71921415783726
2025-05-30 11:55:00+00:00,105895.71,105880.51,105963.27,105874.25,55.03961,,140.74069886084916
2025-05-30 12:00:00+00:00,105880.5,105916.25,105975.8,105860.15,27.02607,,138.94850608507485
2025-05-30 12:05:00+00:00,105916.26,105674.39,105933.76,105575.35,87.38049,,154.62432707899728
2025-05-30 12:10:00+00:00,105674.38,105342.3,105674.38,105153.84,286.01148,,180.76187514478337
2025-05-30 12:15:00+00:00,105342.3,105494.28,105520.0,105342.3,93.70623,,180.54316977729863
2025-05-30 12:20:00+00:00,105494.29,105349.19,105504.11,105255.36,94.69883,,185.4150862217773
2025-05-30 12:25:00+00:00,105349.18,105551.04,105551.7,105349.18,60.70614,,186.63686577736493
2025-05-30 12:30:00+00:00,105551.04,105800.0,105850.0,105508.78,145.79002,,197.67851822183894
2025-05-30 12:35:00+00:00,105799.99,105739.58,105829.68,105720.72,61.09063,,191.34148120599272
2025-05-30 12:40:00+00:00,105739.57,105920.3,105978.51,105720.72,95.54735,,196.08780397699277
2025-05-30 12:45:00+00:00,105920.31,105920.54,106000.0,105882.6,72.29532,,190.46724655006432
2025-05-30 12:50:00+00:00,105920.54,105781.43,105936.66,105781.42,72.80469,,187.95101465363152
2025-05-30 12:55:00+00:00,105781.43,105684.96,105782.24,105666.66,71.75481,,182.78165646408655
2025-05-30 13:00:00+00:00,105684.95,105890.25,105890.25,105684.95,60.59143,,184.39010957379486
2025-05-30 13:05:00+00:00,105890.24,105714.29,105898.88,105714.28,46.68324,,184.40510174709564
2025-05-30 13:10:00+00:00,105714.28,105628.78,105747.74,105595.74,51.93159,,182.0904516223031
2025-05-30 13:15:00+00:00,105628.77,105530.86,105638.98,105498.8,72.71942,,179.09684793499522
2025-05-30 13:20:00+00:00,105530.85,105480.0,105530.86,105366.14,69.89209,,178.0699302253528
2025-05-30 13:25:00+00:00,105479.99,105633.7,105685.74,105447.08,136.51334,,182.39779235211358
2025-05-30 13:30:00+00:00,105633.71,105693.33,105695.36,105443.49,99.61745,True,187.36009289839083
2025-05-30 13:35:00+00:00,105693.32,105677.61,105756.88,105425.52,81.92342,True,197.6458005485058
2025-05-30 13:40:00+00:00,105677.62,105847.84,105857.15,105635.28,97.55188,True,199.37610050932648
2025-05-30 13:45:00+00:00,105847.84,105899.7,105979.35,105745.95,123.40432,True,201.8063790443752
2025-05-30 13:50:00+00:00,105899.7,105561.85,105900.0,105545.27,53.23813,True,212.72949482691953
2025-05-30 13:55:00+00:00,105561.84,105495.59,105564.94,105454.68,62.07925,True,205.41024519642593
2025-05-30 14:00:00+00:00,105495.6,105632.06,105739.17,105476.19,174.41015,True,209.5223705395381
2025-05-30 14:05:00+00:00,105632.07,105632.29,105837.57,105619.04,86.15515,True,210.16577264385776
2025-05-30 14:10:00+00:00,105632.3,105571.43,105654.72,105476.19,75.94627,True,207.90607459786784
2025-05-30 14:15:00+00:00,105571.42,105460.87,105706.89,105449.95,90.91801,True,211.40849784087746
2025-05-30 14:20:00+00:00,105460.87,105280.77,105514.66,105176.81,116.68675,True,220.44003370938663
2025-05-30 14:25:00+00:00,105280.77,105205.0,105316.16,105047.61,166.10246,True,223.87645987300206
2025-05-30 14:30:00+00:00,105205.0,105358.39,105474.77,105166.47,69.43749,True,229.9067127392164
2025-05-30 14:35:00+00:00,105358.38,105543.66,105646.24,105319.99,78.75443,True,236.78837611498668
2025-05-30 14:40:00+00:00,105543.66,105452.01,105561.23,105428.57,110.65329,True,229.3506349639154
2025-05-30 14:45:00+00:00,105452.01,105343.89,105457.62,105283.07,113.6087,True,225.43630389506347
2025-05-30 14:50:00+00:00,105343.88,105365.86,105365.86,105209.01,68.5182,True,220.53728218827362
2025-05-30 14:55:00+00:00,105365.86,105346.33,105525.9,105346.33,58.20248,True,217.61104774625352
2025-05-30 15:00:00+00:00,105346.34,105499.99,105500.0,105291.12,113.47873,True,216.98740147866434
2025-05-30 15:05:00+00:00,105500.0,105600.72,105623.63,105479.71,83.29539,True,211.76830137304532
2025-05-30 15:10:00+00:00,105600.71,105583.88,105610.49,105463.41,75.26599,True,207.14770841782791
2025-05-30 15:15:00+00:00,105583.88,105463.48,105658.54,105433.5,91.15612,True,208.42572924512547
2025-05-30 15:20:00+00:00,105463.48,105581.31,105619.05,105436.96,43.20932,True,206.54460572761627
2025-05-30 15:25:00+00:00,105581.32,105749.96,105824.0,105509.97,101.16275,True,214.22213388992932
2025-05-30 15:30:00+00:00,105749.96,105648.16,105831.0,105609.75,79.27283,True,214.72412432636295
2025-05-30 15:35:00+00:00,105648.15,105541.61,105648.16,105523.8,37.81885,True,208.26954401733707
2025-05-30 15:40:00+00:00,105541.6,105702.81,105714.29,105477.77,94.91941,True,210.2874337303837
2025-05-30 15:45:00+00:00,105702.81,105687.27,105760.23,105658.53,42.77219,True,202.53118846392752
2025-05-30 15:50:00+00:00,105687.28,105694.36,105760.0,105578.53,46.36302,True,201.02681785936133
2025-05-30 15:55:00+00:00,105694.36,105543.0,105731.4,105523.9,33.29176,True,201.4891880122641
2025-05-30 16:00:00+00:00,105543.0,105387.5,105553.37,105387.5,55.87708,True,198.94496029710203
2025-05-30 16:05:00+00:00,105387.51,105503.79,105560.98,105387.5,33.84211,True,197.12603456159445
2025-05-30 16:10:00+00:00,105503.79,105331.12,105503.8,105285.71,62.49468,True,198.62346066433747
2025-05-30 16:15:00+00:00,105331.12,105237.17,105345.88,105180.0,63.58042,True,196.28464204545656
2025-05-30 16:20:00+00:00,105237.17,105174.35,105297.78,105125.11,59.1371,True,194.5978818993524
2025-05-30 16:25:00+00:00,105174.35,104685.85,105174.36,104655.0,203.19163,True,217.7951760493987
2025-05-30 16:30:00+00:00,104685.85,104189.46,104714.25,104060.89,700.27233,True,248.9069491887274
2025-05-30 16:35:00+00:00,104189.45,104385.56,104440.0,104097.57,318.30147,True,255.5871671038178
2025-05-30 16:40:00+00:00,104385.57,104400.0,104500.0,104283.99,149.7939,True,252.76022659640188
2025-05-30 16:45:00+00:00,104400.0,104118.41,104400.01,104087.88,177.23998,True,257.00092469665816
2025-05-30 16:50:00+00:00,104118.41,103880.86,104118.41,103706.71,553.39109,True,268.05085864689664
2025-05-30 16:55:00+00:00,103880.85,103898.75,104034.25,103844.87,199.11901,True,262.43151160069004
2025-05-30 17:00:00+00:00,103898.75,103993.92,104085.11,103836.03,197.37802,True,261.4778322006409
2025-05-30 17:05:00+00:00,103993.92,104156.26,104232.32,103993.01,130.59335,True,259.89441561488167
2025-05-30 17:10:00+00:00,104156.26,104062.73,104206.82,104062.73,97.14562,True,251.6226716423909
2025-05-30 17:15:00+00:00,104062.74,104216.04,104224.9,103930.01,145.38337,True,254.7131950965058
2025-05-30 17:20:00+00:00,104216.04,104030.02,104216.05,103981.04,97.19075,True,253.30582401818464
2025-05-30 17:25:00+00:00,104030.01,103993.59,104074.54,103930.64,86.49819,True,245.49112230259962
2025-05-30 17:30:00+00:00,103993.58,103974.91,104091.71,103920.0,84.86137,True,240.2210421381287
2025-05-30 17:35:00+00:00,103974.91,104146.34,104216.38,103974.9,82.65782,True,240.31096769969167
2025-05-30 17:40:00+00:00,104146.35,104094.46,104208.08,104058.37,38.99568,True,233.83947000685703
2025-05-30 17:45:00+00:00,104094.46,104093.8,104169.64,104037.96,42.35219,True,226.54236500636674
2025-05-30 17:50:00+00:00,104093.79,104260.0,104292.69,104093.79,51.66367,True,224.56791036305546
2025-05-30 17:55:00+00:00,104260.01,104183.15,104283.03,104132.97,41.38891,True,219.24591676569418
2025-05-30 18:00:00+00:00,104183.15,104097.57,104243.78,104097.56,60.72662,True,214.02977985385897
2025-05-30 18:05:00+00:00,104097.57,104390.25,104406.86,104065.08,82.23595,True,223.15479557858325
2025-05-30 18:10:00+00:00,104390.25,104283.64,104453.65,104268.27,60.80324,True,220.45659589439802
2025-05-30 18:15:00+00:00,104283.63,104496.6,104547.39,104283.63,73.71232,True,223.54969618765494
2025-05-30 18:20:00+00:00,104496.6,104744.49,104744.49,104488.46,127.22857,True,225.86971788853666
2025-05-30 18:25:00+00:00,104744.49,104723.47,104809.53,104714.28,128.28515,True,216.53973803935546
2025-05-30 18:30:00+00:00,104723.46,104602.71,104784.09,104600.0,67.0114,True,214.2218996079727
2025-05-30 18:35:00+00:00,104602.7,104744.4,104772.28,104600.0,45.32183,True,211.22604963597456
2025-05-30 18:40:00+00:00,104744.4,104679.2,104767.83,104678.57,38.0611,True,202.51418894769031
2025-05-30 18:45:00+00:00,104679.2,104727.88,104750.0,104650.0,40.34659,True,195.19174687999816
2025-05-30 18:50:00+00:00,104727.88,104809.53,104814.67,104711.73,48.17058,True,188.6023363885699
2025-05-30 18:55:00+00:00,104809.53,104891.99,104914.02,104809.52,67.17756,True,182.59502664652922
2025-05-30 19:00:00+00:00,104891.98,104854.38,104988.97,104842.47,66.16747,True,180.0168104574914
2025-05-30 19:05:00+00:00,104854.37,104757.4,104920.73,104738.92,66.64615,True,180.14489542481328
2025-05-30 19:10:00+00:00,104757.39,104802.36,104853.84,104680.0,54.84606,True,179.6945457516121
2025-05-30 19:15:00+00:00,104802.36,104894.65,104966.29,104784.15,58.56268,True,179.86922105506832
2025-05-30 19:20:00+00:00,104894.65,104809.54,104959.65,104809.54,29.80126,True,177.74356240827777
2025-05-30 19:25:00+00:00,104809.53,104809.53,104841.62,104723.5,66.34534,True,173.48473652197188
2025-05-30 19:30:00+00:00,104809.52,104723.24,104809.52,104691.04,30.99571,True,169.5565410561171
2025-05-30 19:35:00+00:00,104723.25,104679.24,104780.49,104648.21,36.98385,True,166.8939309806801
2025-05-30 19:40:00+00:00,104679.25,104624.94,104679.25,104537.06,56.93359,True,165.12936448206025
2025-05-30 19:45:00+00:00,104624.94,104624.94,104624.94,104484.86,69.32678,True,163.34012416191322
2025-05-30 19:50:00+00:00,104624.94,104611.18,104753.67,104587.3,71.28416,True,163.55654386463337
2025-05-30 19:55:00+00:00,104611.19,104640.5,104779.33,104565.07,84.06817,True,167.17821930287346
2025-05-30 20:00:00+00:00,104640.49,104512.61,104657.08,104512.6,56.77576,True,165.5569179240965
2025-05-30 20:05:00+00:00,104512.6,104404.29,104531.32,104398.93,37.01747,,163.1878523580906
2025-05-30 20:10:00+00:00,104404.29,104446.09,104534.24,104404.29,37.99384,,160.81372004679926
2025-05-30 20:15:00+00:00,104446.09,104503.79,104511.93,104440.0,30.45058,,154.46488290059884
2025-05-30 20:20:00+00:00,104503.79,104577.54,104620.0,104496.02,21.69486,,152.2873912648415
2025-05-30 20:25:00+00:00,104577.53,104443.21,104577.53,104408.29,54.38988,,153.49900617449566
2025-05-30 20:30:00+00:00,104443.2,104410.28,104454.92,104401.98,18.55909,,146.31622001917472
2025-05-30 20:35:00+00:00,104410.28,104557.64,104557.64,104410.28,32.6145,,146.39077573209084
2025-05-30 20:40:00+00:00,104557.64,104714.29,104714.29,104557.64,26.64331,,147.12357746551248
2025-05-30 20:45:00+00:00,104714.29,104674.13,104846.13,104674.12,30.50892,,148.90117907511942
2025-05-30 20:50:00+00:00,104674.13,104663.62,104682.93,104655.09,15.13127,,140.2539519983249
2025-05-30 20:55:00+00:00,104663.62,104580.0,104663.63,104531.88,38.59242,,139.6465268555874
2025-05-30 21:00:00+00:00,104579.99,104676.52,104676.53,104579.99,18.56727,,136.567489223045
2025-05-30 21:05:00+00:00,104676.53,104758.77,104777.8,104676.52,40.73824,,134.0469542785417
2025-05-30 21:10:00+00:00,104758.77,104762.49,104771.81,104754.44,18.72859,,125.7128861157884
2025-05-30 21:15:00+00:00,104762.48,104825.07,104877.08,104762.48,16.83057,,124.91910853608964
2025-05-30 21:20:00+00:00,104825.07,104873.5,104876.0,104825.07,21.70943,,119.63417221208273
2025-05-30 21:25:00+00:00,104873.49,104807.37,104878.05,104772.0,16.2582,,118.66387419693417
2025-05-30 21:30:00+00:00,104807.37,104857.14,104866.76,104807.36,11.82201,,114.43074032572417
2025-05-30 21:35:00+00:00,104857.14,104622.77,104857.15,104553.7,67.57163,,127.93211601674366
2025-05-30 21:40:00+00:00,104622.77,104636.78,104661.78,104618.66,20.35389,,121.87410772983307
2025-05-30 21:45:00+00:00,104636.79,104655.72,104714.26,104610.33,19.16455,,120.59238574913022
2025-05-30 21:50:00+00:00,104655.73,104666.66,104682.93,104626.3,20.69642,,116.02364390990591
2025-05-30 21:55:00+00:00,104666.66,104631.59,104676.69,104620.28,16.29236,,111.76552648777002
2025-05-30 22:00:00+00:00,104631.6,104646.0,104695.09,104622.76,31.19597,,108.94870316721514
2025-05-30 22:05:00+00:00,104645.99,104630.38,104662.16,104476.19,58.69194,,114.45022436955699
2025-05-30 22:10:00+00:00,104630.38,104634.15,104634.15,104561.28,23.11604,,111.48020834315973
2025-05-30 22:15:00+00:00,104634.15,104536.59,104674.98,104536.58,21.00075,,113.40305060436219
2025-05-30 22:20:00+00:00,104536.58,104563.89,104804.32,104505.32,116.559,,126.65997556119348
2025-05-30 22:25:00+00:00,104563.9,104476.2,104563.9,104476.2,23.88537,,123.87712016396516
2025-05-30 22:30:00+00:00,104476.2,104354.89,104501.51,104340.01,99.80034,,126.56446872368193
2025-05-30 22:35:00+00:00,104354.88,104257.35,104400.0,104257.34,31.51161,,127.71414952913346
2025-05-30 22:40:00+00:00,104257.35,103994.2,104341.47,103994.19,98.43371,,143.3974245627667
2025-05-30 22:45:00+00:00,103994.2,104177.91,104184.66,103994.2,57.263,,146.7590370939981
2025-05-30 22:50:00+00:00,104177.92,104208.4,104316.0,104177.91,29.33221,,146.13982015871227
2025-05-30 22:55:00+00:00,104208.39,103966.33,104237.03,103966.32,68.02854,,155.0376901473751
2025-05-30 23:00:00+00:00,103966.32,104122.84,104149.46,103753.79,114.68969,,172.22571227970636
2025-05-30 23:05:00+00:00,104122.85,104229.48,104232.14,104058.6,48.97784,,172.3195899740126
2025-05-30 23:10:00+00:00,104229.49,104037.5,104260.0,104037.49,65.6775,,175.90461926158272
2025-05-30 23:15:00+00:00,104037.5,103952.04,104203.56,103686.63,119.02375,,200.26357502861202
2025-05-30 23:20:00+00:00,103951.49,104112.14,104160.0,103951.48,104.87102,,200.85331966942573
2025-05-30 23:25:00+00:00,104112.14,103855.04,104112.14,103730.66,48.1023,,213.75522540732362
2025-05-30 23:30:00+00:00,103855.05,103794.5,103923.19,103700.01,67.89722,,214.42842359251534
2025-05-30 23:35:00+00:00,103794.51,103738.95,103927.45,103621.0,67.1867,,221.0013933359069
2025-05-30 23:40:00+00:00,103738.95,103802.36,103873.76,103738.95,29.85718,,214.8448652404848
2025-05-30 23:45:00+00:00,103802.4,104067.4,104075.88,103802.4,59.60988,,219.0359462947362
2025-05-30 23:50:00+00:00,104066.12,104010.45,104142.83,103985.79,78.9765,,214.60766441654135
2025-05-30 23:55:00+00:00,104010.45,103985.48,104072.0,103929.92,132.26909,,209.42711695821708
2025-05-31 00:00:00+00:00,103985.47,103945.59,104174.77,103929.72,177.87965,,211.97160860405893
2025-05-31 00:05:00+00:00,103945.6,104053.0,104184.5,103943.98,69.77103,,214.01077941805502
2025-05-31 00:10:00+00:00,104053.0,103969.9,104121.5,103915.84,54.26452,,213.41429517390847
2025-05-31 00:15:00+00:00,103969.9,103656.03,104011.62,103550.0,190.18513,,231.14327409005753
2025-05-31 00:20:00+00:00,103656.04,103965.3,103974.78,103586.45,67.23728,,242.37089736933925
2025-05-31 00:25:00+00:00,103965.3,103796.94,103965.3,103761.41,36.56441,,239.62226184295784
2025-05-31 00:30:00+00:00,103796.93,103903.3,103999.0,103796.93,69.2559,,236.9399574256042
2025-05-31 00:35:00+00:00,103903.3,104173.04,104173.04,103903.3,43.46937,,239.28281760948897
2025-05-31 00:40:00+00:00,104173.04,104158.47,104252.0,104099.56,96.86935,,233.07975920881134
2025-05-31 00:45:00+00:00,104158.46,104097.57,104292.69,104091.49,46.59318,,230.8026335510389
2025-05-31 00:50:00+00:00,104097.57,104058.8,104111.65,104023.26,47.65048,,220.63030258310752
2025-05-31 00:55:00+00:00,104058.8,103957.33,104065.46,103920.21,31.36421,,215.24599525574268
2025-05-31 01:00:00+00:00,103957.33,103797.57,104025.09,103769.6,48.08169,,218.12056702318895
2025-05-31 01:05:00+00:00,103797.57,103878.37,104034.46,103733.33,62.96378,,224.04981223581862
2025-05-31 01:10:00+00:00,103878.37,104048.79,104097.57,103814.46,43.12501,,228.2683970761173
2025-05-31 01:15:00+00:00,104048.79,104142.84,104195.13,104048.79,42.05417,,222.4163687135383
2025-05-31 01:20:00+00:00,104142.83,103882.41,104142.86,103837.42,35.34758,,228.3466280911429
2025-05-31 01:25:00+00:00,103882.41,103851.78,103946.61,103786.32,57.31411,,223.48544037034654
2025-05-31 01:30:00+00:00,103851.78,103472.62,103980.0,103437.0,182.59469,,246.3079089153218
2025-05-31 01:35:00+00:00,103472.63,103897.5,103899.94,103472.63,102.84897,,259.2373439927993
2025-05-31 01:40:00+00:00,103897.5,103814.66,103897.5,103770.8,33.92945,,249.7703908504563
2025-05-31 01:45:00+00:00,103814.67,103590.95,103814.68,103548.9,59.07481,,250.9139343611379
2025-05-31 01:50:00+00:00,103590.96,103488.93,103681.68,103468.04,112.77602,,248.25151047819944
2025-05-31 01:55:00+00:00,103488.93,103476.61,103524.25,103269.87,261.77019,,248.68925972975694
2025-05-31 02:00:00+00:00,103476.6,103280.24,103572.34,103280.23,103.577,,251.79074117763147
2025-05-31 02:05:00+00:00,103280.24,103629.62,103637.3,103280.23,40.71423,,259.3106882363726
2025-05-31 02:10:00+00:00,103629.62,103726.43,103729.33,103613.95,41.64312,,249.02992479091773
2025-05-31 02:15:00+00:00,103726.44,103846.6,103846.6,103721.19,45.36286,,240.1999301629953
2025-05-31 02:20:00+00:00,103846.59,103755.13,103852.18,103743.84,19.97338,,230.7813637227811
2025-05-31 02:25:00+00:00,103755.13,103677.61,103852.16,103663.55,40.42681,,227.7691234568682
2025-05-31 02:30:00+00:00,103677.61,103434.41,103677.61,103386.74,42.62635,,232.2763289242344
2025-05-31 02:35:00+00:00,103434.4,103556.99,103588.85,103424.06,45.44384,,227.45587685821826
2025-05-31 02:40:00+00:00,103556.99,103531.72,103626.14,103523.74,17.64837,,218.52331422548795
2025-05-31 02:45:00+00:00,103531.72,103414.1,103579.24,103389.42,34.1025,,216.47307749509645
2025-05-31 02:50:00+00:00,103414.1,103305.05,103430.79,103102.59,133.31088,,224.45357195973222
2025-05-31 02:55:00+00:00,103305.05,103189.83,103305.05,103162.92,59.70404,,218.57331681975168
2025-05-31 03:00:00+00:00,103189.83,103237.08,103350.8,103159.74,53.30265,,216.60807990405496
2025-05-31 03:05:00+00:00,103237.08,103196.34,103260.0,103068.55,83.69009,,214.81107419662226
2025-05-31 03:10:00+00:00,103196.33,103253.35,103262.49,103103.01,37.72866,,210.85885461114998
2025-05-31 03:15:00+00:00,103253.35,103211.71,103366.36,103100.0,59.40408,,214.82322213892502
2025-05-31 03:20:00+00:00,103211.71,103382.29,103455.3,103211.71,67.10992,,216.87799198614442
2025-05-31 03:25:00+00:00,103382.29,103482.12,103486.66,103382.28,56.19119,,208.84242112999158
2025-05-31 03:30:00+00:00,103482.12,103328.03,103562.36,103270.57,75.41096,,214.76724819213456
2025-05-31 03:35:00+00:00,103328.03,103494.05,103517.17,103300.04,45.88621,,214.936016178411
2025-05-31 03:40:00+00:00,103494.05,103545.12,103547.51,103450.0,33.12526,,206.54844359423842
2025-05-31 03:45:00+00:00,103545.11,103642.88,103642.89,103545.11,68.30528,,198.77926905179274
2025-05-31 03:50:00+00:00,103642.88,103561.93,103679.8,103556.42,40.91084,,193.393606976665
2025-05-31 03:55:00+00:00,103561.92,103684.01,103692.3,103561.92,27.74255,,188.89263504976068
2025-05-31 04:00:00+00:00,103684.0,103540.03,103684.01,103540.03,27.85451,,185.6845896890632
2025-05-31 04:05:00+00:00,103540.04,103530.33,103599.12,103523.8,32.64436,,177.80140471127243
2025-05-31 04:10:00+00:00,103530.34,103619.04,103619.05,103530.33,18.83136,,171.4384472318959
2025-05-31 04:15:00+00:00,103619.04,103618.82,103656.43,103487.99,37.96049,,171.22427242961678
2025-05-31 04:20:00+00:00,103618.81,103727.27,103775.65,103618.81,63.645,,170.19682439892964
2025-05-31 04:25:00+00:00,103727.27,103776.16,103800.0,103714.28,42.92801,,164.16276551329187
2025-05-31 04:30:00+00:00,103776.16,103782.31,103789.28,103734.41,32.54632,,156.35613940519926
2025-05-31 04:35:00+00:00,103782.32,103744.01,103782.32,103737.4,23.93187,,148.39641516197165
2025-05-31 04:40:00+00:00,103744.0,103745.85,103774.54,103729.05,22.69804,,141.04595693611586
2025-05-31 04:45:00+00:00,103745.85,103759.06,103780.0,103745.84,18.11274,,133.41124572639356
2025-05-31 04:50:00+00:00,103759.06,103742.22,103793.57,103726.01,18.97302,,128.70758531736632
2025-05-31 04:55:00+00:00,103742.23,103812.0,103820.68,103742.22,22.30085,,125.11847208041101
2025-05-31 05:00:00+00:00,103812.0,103782.09,103911.1,103761.94,95.76532,,126.83572407466761
2025-05-31 05:05:00+00:00,103782.08,103809.16,103859.13,103782.08,21.45053,,123.27960092647729
2025-05-31 05:10:00+00:00,103809.16,103716.98,103809.16,103702.28,25.9852,,122.10820086030067
2025-05-31 05:15:00+00:00,103716.97,103674.42,103716.98,103608.5,48.66303,,121.13475794170748
2025-05-31 05:20:00+00:00,103674.43,103745.49,103761.91,103674.42,44.30976,,118.7315609458716
2025-05-31 05:25:00+00:00,103745.5,103668.24,103745.5,103666.66,18.08543,,115.88216373545195
2025-05-31 05:30:00+00:00,103668.25,103745.46,103745.46,103634.47,70.34906,,115.53272346863433
2025-05-31 05:35:00+00:00,103745.46,103704.29,103745.46,103656.45,21.50045,,113.63824322087541
2025-05-31 05:40:00+00:00,103704.28,103707.43,103736.31,103704.28,14.41787,,107.8090829908128
2025-05-31 05:45:00+00:00,103707.42,103642.0,103707.43,103642.0,38.93124,,104.78200563432567
2025-05-31 05:50:00+00:00,103642.0,103604.06,103642.01,103604.05,34.21645,,100.00900523187326
2025-05-31 05:55:00+00:00,103604.05,103538.94,103604.06,103519.74,26.17811,,98.88836200102462
2025-05-31 06:00:00+00:00,103538.93,103584.78,103609.16,103530.64,25.81969,,97.43347900095172
2025-05-31 06:05:00+00:00,103584.77,103624.6,103647.9,103572.96,25.3745,,95.82680192945429
2025-05-31 06:10:00+00:00,103624.61,103627.99,103627.99,103561.4,42.38705,,93.73845893449405
2025-05-31 06:15:00+00:00,103627.99,103671.63,103671.64,103627.98,10.38083,,90.16142615345902
2025-05-31 06:20:00+00:00,103671.64,103688.53,103693.09,103670.01,14.5343,,85.36989571392635
2025-05-31 06:25:00+00:00,103688.53,103704.9,103704.9,103688.52,5.81811,,80.44204602007378
2025-05-31 06:30:00+00:00,103704.9,103660.47,103704.9,103660.47,11.70761,,77.86975701863943
2025-05-31 06:35:00+00:00,103660.47,103841.72,103864.56,103660.47,43.52367,,86.88548866016494
2025-05-31 06:40:00+00:00,103841.72,103900.0,103903.54,103841.72,44.72747,,85.09509661300976
2025-05-31 06:45:00+00:00,103900.01,103826.56,103900.01,103826.55,19.52978,,84.26401828350848
2025-05-31 06:50:00+00:00,103826.56,103862.51,103892.84,103826.56,27.24006,,82.97944554897208
2025-05-31 06:55:00+00:00,103862.51,103862.52,103862.52,103862.51,4.18398,,77.05305658118903
2025-05-31 07:00:00+00:00,103862.52,103851.53,103862.52,103826.57,18.97166,,74.11712396824676
2025-05-31 07:05:00+00:00,103851.52,103768.9,103851.53,103768.9,35.24074,,74.72518654194376
2025-05-31 07:10:00+00:00,103768.91,103702.69,103768.91,103701.87,13.20805,,74.1762446460912
2025-05-31 07:15:00+00:00,103702.69,103676.75,103702.69,103633.35,32.01331,,73.83079859994157
2025-05-31 07:20:00+00:00,103676.75,103699.99,103699.99,103676.74,19.21709,,70.21788441423146
2025-05-31 07:25:00+00:00,103699.99,103694.44,103716.59,103694.44,48.84939,,66.7844640989288
2025-05-31 07:30:00+00:00,103694.44,103784.83,103784.83,103694.44,23.19394,,68.47057380614812
2025-05-31 07:35:00+00:00,103784.83,103733.82,103784.83,103733.77,44.03157,,67.22696139142309
2025-05-31 07:40:00+00:00,103733.82,103715.55,103749.97,103705.05,40.39395,,65.63360700632131
2025-05-31 07:45:00+00:00,103715.54,103668.17,103724.14,103668.17,14.90219,,64.94334936301273
2025-05-31 07:50:00+00:00,103668.17,103826.28,103826.28,103668.17,26.13387,,71.59811012279758
2025-05-31 07:55:00+00:00,103826.28,103747.02,103826.28,103747.01,11.10935,,72.14610225688376
2025-05-31 08:00:00+00:00,103747.03,103776.28,103809.51,103747.02,24.99634,,71.45638066710569
2025-05-31 08:05:00+00:00,103776.29,103715.16,103808.54,103715.16,21.63573,,73.02235347659743
2025-05-31 08:10:00+00:00,103715.16,103600.0,103715.16,103600.0,25.83594,,76.03218537112643
2025-05-31 08:15:00+00:00,103600.0,103592.96,103600.01,103513.84,44.14052,,76.75631498747443
2025-05-31 08:20:00+00:00,103592.96,103697.98,103697.99,103589.19,24.13355,,79.04514963122645
2025-05-31 08:25:00+00:00,103697.99,103700.0,103721.03,103669.83,14.35694,,77.05621037185293
2025-05-31 08:30:00+00:00,103700.01,103669.54,103735.89,103654.87,22.62359,,77.33933820243514
2025-05-31 08:35:00+00:00,103669.53,103599.82,103669.54,103599.82,34.26558,,76.7950997594031
2025-05-31 08:40:00+00:00,103599.83,103562.96,103599.83,103524.12,23.09982,,76.71759263373191
2025-05-31 08:45:00+00:00,103562.96,103750.6,103755.9,103562.96,27.90369,,85.01919315989305
2025-05-31 08:50:00+00:00,103750.61,103713.48,103750.61,103701.51,22.07826,,82.45353650561539
2025-05-31 08:55:00+00:00,103713.49,103648.32,103754.08,103648.32,14.98804,,84.11828389807106
2025-05-31 09:00:00+00:00,103648.32,103707.39,103707.4,103640.0,21.19354,,82.92412076249413
2025-05-31 09:05:00+00:00,103707.39,103681.67,103737.49,103681.67,15.94198,,80.9881121366022
2025-05-31 09:10:00+00:00,103681.68,103670.75,103708.49,103660.45,16.57498,,78.63467555541692
2025-05-31 09:15:00+00:00,103670.75,103637.16,103714.28,103637.15,36.39439,,78.52719873003034
2025-05-31 09:20:00+00:00,103637.16,103527.31,103637.16,103527.31,30.61033,,80.76454167788573
2025-05-31 09:25:00+00:00,103527.31,103496.8,103545.82,103483.17,33.29266,,79.47064584375165
2025-05-31 09:30:00+00:00,103496.8,103509.25,103557.13,103496.8,20.34944,,78.10345685491237
2025-05-31 09:35:00+00:00,103509.25,103482.55,103539.1,103482.55,18.36883,,76.56392422241882
2025-05-31 09:40:00+00:00,103482.56,103505.49,103505.49,103482.55,16.37604,,72.73364392081764
2025-05-31 09:45:00+00:00,103505.49,103548.9,103548.9,103486.96,35.29663,,71.96266935504408
2025-05-31 09:50:00+00:00,103548.9,103543.88,103571.43,103496.53,36.64046,,72.17247868682624
2025-05-31 09:55:00+00:00,103543.87,103538.01,103557.99,103519.36,15.0657,,69.77658735205327
2025-05-31 10:00:00+00:00,103538.02,103476.46,103562.0,103476.45,50.43952,,70.90325968404967
2025-05-31 10:05:00+00:00,103476.46,103414.48,103538.39,103385.31,41.20982,,76.77302684947482
2025-05-31 10:10:00+00:00,103414.48,103476.01,103598.75,103339.54,78.17969,,89.80423921736994
2025-05-31 10:15:00+00:00,103476.0,103560.29,103599.36,103463.6,32.08196,,93.08679355898599
2025-05-31 10:20:00+00:00,103560.28,103489.75,103560.29,103384.53,31.19143,,98.99202259048661
2025-05-31 10:25:00+00:00,103489.74,103403.66,103500.0,103390.33,21.75748,,99.7547352625946
2025-05-31 10:30:00+00:00,103403.65,103367.39,103434.87,103367.38,17.63158,,97.45011131526574
2025-05-31 10:35:00+00:00,103367.38,103332.01,103370.97,103304.23,25.01249,,95.25653193560427
2025-05-31 10:40:00+00:00,103332.0,103329.17,103346.96,103305.0,28.46264,,91.44963679734728
2025-05-31 10:45:00+00:00,103329.18,103399.99,103400.0,103285.71,28.29647,,93.08109131182201
2025-05-31 10:50:00+00:00,103400.0,103368.23,103403.99,103368.22,14.45168,,88.98744193240644
2025-05-31 10:55:00+00:00,103368.23,103410.0,103410.01,103368.23,17.34443,,85.61548179437732
2025-05-31 11:00:00+00:00,103410.01,103414.07,103417.22,103349.14,42.48658,,84.36294738049334
2025-05-31 11:05:00+00:00,103414.06,103314.6,103417.22,103314.6,21.3784,,85.66702256760063
2025-05-31 11:10:00+00:00,103314.61,103350.0,103389.99,103311.32,31.06987,,85.1672352413433
2025-05-31 11:15:00+00:00,103350.01,103509.47,103523.81,103350.0,72.01925,,91.4988612955329
2025-05-31 11:20:00+00:00,103509.48,103519.99,103520.0,103495.87,26.62187,,86.68679977442375
2025-05-31 11:25:00+00:00,103519.99,103480.98,103520.0,103467.74,23.27486,,84.22774264767882
2025-05-31 11:30:00+00:00,103480.97,103438.36,103490.2,103438.35,23.98789,,81.91504674427257
2025-05-31 11:35:00+00:00,103438.35,103479.79,103490.19,103433.32,46.94005,,80.12611483396707
2025-05-31 11:40:00+00:00,103479.79,103511.49,103511.5,103473.86,51.7797,,77.09139234582652
2025-05-31 11:45:00+00:00,103511.5,103476.21,103511.5,103476.2,46.39802,,74.1062928925534
2025-05-31 11:50:00+00:00,103476.21,103484.7,103500.05,103457.25,59.01679,,71.87012911451407
2025-05-31 11:55:00+00:00,103484.69,103498.18,103498.18,103475.76,34.8327,,68.33797703490579
2025-05-31 12:00:00+00:00,103498.17,103547.18,103547.19,103480.11,49.67942,,68.24812153241264
2025-05-31 12:05:00+00:00,103547.18,103719.08,103729.5,103547.18,144.99442,,76.39611285152652
2025-05-31 12:10:00+00:00,103719.08,103859.37,103927.99,103719.07,133.89465,,85.86210479070307
2025-05-31 12:15:00+00:00,103859.37,103815.8,103902.58,103786.99,54.49541,,87.98552587708117
2025-05-31 12:20:00+00:00,103815.81,103783.02,103854.83,103783.01,52.98556,,86.83084545729015
2025-05-31 12:25:00+00:00,103783.01,103783.01,103838.77,103783.01,60.23778,,84.61149935319865
2025-05-31 12:30:00+00:00,103783.01,103768.02,103802.62,103735.84,25.049,,83.33782082797009
2025-05-31 12:35:00+00:00,103768.02,103842.74,103850.01,103768.01,41.58271,,83.2422621974008
2025-05-31 12:40:00+00:00,103842.74,103872.51,103902.06,103832.43,31.01786,,82.26995775472965
2025-05-31 12:45:00+00:00,103872.51,103924.53,103971.7,103872.5,38.10657,,83.47924648653445
2025-05-31 12:50:00+00:00,103924.52,103952.33,103982.0,103890.07,45.50358,,84.08287173749578
2025-05-31 12:55:00+00:00,103952.32,104033.96,104033.96,103952.32,51.1546,,83.9083808991032
2025-05-31 13:00:00+00:00,104033.95,104075.82,104152.0,103978.0,89.72756,,90.34349654916726
2025-05-31 13:05:00+00:00,104075.83,104195.99,104196.0,104067.92,67.38823,,93.03896108136972
2025-05-31 13:10:00+00:00,104195.99,104121.54,104196.0,104107.3,45.25193,,92.7290352898431
2025-05-31 13:15:00+00:00,104121.54,104113.21,104185.87,104102.33,72.81189,,92.07267562628242
2025-05-31 13:20:00+00:00,104113.2,104115.09,104115.1,103995.5,77.5925,,94.03891308154837
2025-05-31 13:25:00+00:00,104115.1,104104.59,104196.0,104100.0,81.02253,,94.17899071858064
2025-05-31 13:30:00+00:00,104104.58,104126.86,104175.53,104100.01,35.84854,True,92.84620566725373
2025-05-31 13:35:00+00:00,104126.86,104156.7,104200.0,104126.86,32.03107,True,91.43861954816414
2025-05-31 13:40:00+00:00,104156.69,104085.04,104156.7,104066.03,41.32336,True,91.38371815186657
2025-05-31 13:45:00+00:00,104085.04,104059.0,104099.99,104000.0,36.60613,True,91.99845256959077
2025-05-31 13:50:00+00:00,104058.99,104046.79,104066.04,104007.06,25.49753,True,89.63999167176257
2025-05-31 13:55:00+00:00,104046.8,104117.3,104117.31,104046.79,18.93401,True,88.27427798092268
2025-05-31 14:00:00+00:00,104117.31,104301.89,104337.22,104117.3,109.12798,True,97.67754383942807
2025-05-31 14:05:00+00:00,104301.89,104371.8,104378.84,104274.54,85.2781,True,98.15057642232627
2025-05-31 14:10:00+00:00,104371.8,104404.41,104430.0,104329.51,76.93814,True,98.3176781064462
2025-05-31 14:15:00+00:00,104404.41,104353.37,104469.23,104340.5,85.81645,True,100.48998681312833
2025-05-31 14:20:00+00:00,104353.37,104396.22,104407.36,104290.31,48.53806,True,101.67284489790508
2025-05-31 14:25:00+00:00,104396.23,104299.99,104469.23,104277.0,60.47884,True,108.141213119483
2025-05-31 14:30:00+00:00,104300.0,104303.79,104374.54,104299.99,65.34079,True,105.74184075380481
2025-05-31 14:35:00+00:00,104303.79,104380.95,104380.96,104288.06,33.90472,True,104.82456641424794
2025-05-31 14:40:00+00:00,104380.96,104428.57,104443.4,104380.95,37.5981,True,101.79781167037288
2025-05-31 14:45:00+00:00,104428.57,104389.56,104439.17,104361.56,43.73679,True,100.07011083677487
2025-05-31 14:50:00+00:00,104389.56,104425.78,104442.99,104389.56,16.6712,True,96.73867434843434
2025-05-31 14:55:00+00:00,104425.79,104573.92,104583.48,104425.78,131.84996,True,101.0930547521174
2025-05-31 15:00:00+00:00,104573.91,104528.61,104628.24,104482.34,72.58115,True,104.29355084125248
2025-05-31 15:05:00+00:00,104528.62,104618.78,104618.79,104465.62,45.62623,True,107.7847257811629
2025-05-31 15:10:00+00:00,104618.78,104583.23,104627.11,104537.73,33.49047,True,106.47010251108017
2025-05-31 15:15:00+00:00,104583.22,104660.57,104697.79,104583.22,50.74807,True,107.04866661743105
2025-05-31 15:20:00+00:00,104660.56,104689.56,104708.44,104639.42,31.6983,True,104.33233328761483
2025-05-31 15:25:00+00:00,104689.56,104773.48,104784.07,104676.82,76.85725,True,104.5407380527852
2025-05-31 15:30:00+00:00,104773.48,104779.99,104846.15,104736.28,74.17179,True,104.92139962044307
2025-05-31 15:35:00+00:00,104780.0,104569.5,104780.49,104558.21,87.65531,True,113.30415679041133
2025-05-31 15:40:00+00:00,104569.5,104528.87,104585.37,104485.52,83.46529,True,112.34314559109562
2025-05-31 15:45:00+00:00,104528.88,104461.71,104528.88,104455.05,46.52677,True,109.5922066203032
2025-05-31 15:50:00+00:00,104461.72,104643.6,104663.75,104443.39,49.25371,True,117.50419186171015
2025-05-31 15:55:00+00:00,104643.61,104556.08,104645.63,104494.58,62.2261,True,119.90032101444535
2025-05-31 16:00:00+00:00,104556.08,104497.05,104585.37,104400.0,57.32359,True,124.57672665627035
2025-05-31 16:05:00+00:00,104497.06,104658.04,104658.05,104497.05,40.61387,True,127.17838903796532
2025-05-31 16:10:00+00:00,104658.05,104620.6,104695.33,104610.92,75.14439,True,124.12350410668232
2025-05-31 16:15:00+00:00,104620.6,104712.31,104712.32,104609.12,22.24165,True,122.62896809906297
2025-05-31 16:20:00+00:00,104712.32,104744.27,104744.27,104673.98,28.89658,True,118.89047037770192
2025-05-31 16:25:00+00:00,104744.27,104679.91,104744.5,104679.91,49.98771,True,115.01186535072296
2025-05-31 16:30:00+00:00,104679.91,104768.81,104780.49,104660.51,32.25123,True,115.36673211138636
2025-05-31 16:35:00+00:00,104768.81,104627.89,104780.49,104556.31,71.92674,True,123.13910838914501
2025-05-31 16:40:00+00:00,104627.88,104457.62,104627.89,104430.28,48.33993,True,128.4584577899204
2025-05-31 16:45:00+00:00,104457.63,104432.71,104517.82,104407.56,23.86085,True,127.1585679477839
2025-05-31 16:50:00+00:00,104432.7,104496.27,104517.0,104432.7,22.82363,True,124.09724166579953
2025-05-31 16:55:00+00:00,104496.27,104490.57,104537.74,104478.87,21.69672,True,119.43815297538598
2025-05-31 17:00:00+00:00,104490.56,104412.0,104501.78,104404.02,39.86684,True,117.88971347714376
2025-05-31 17:05:00+00:00,104412.0,104455.32,104487.81,104411.99,20.16776,True,114.88473394306152
2025-05-31 17:10:00+00:00,104455.31,104537.73,104537.74,104455.31,14.73581,True,112.56653866141481
2025-05-31 17:15:00+00:00,104537.74,104608.5,104619.05,104535.39,18.29824,True,110.50178589988543
2025-05-31 17:20:00+00:00,104608.51,104499.23,104618.75,104478.14,64.26211,True,112.65237262132223
2025-05-31 17:25:00+00:00,104499.23,104475.23,104499.23,104475.23,9.05577,True,106.32006029122779
2025-05-31 17:30:00+00:00,104475.24,104497.63,104497.63,104413.27,19.16082,True,104.75148455614013
2025-05-31 17:35:00+00:00,104497.62,104482.0,104499.23,104466.11,17.14546,True,99.63494994498693
2025-05-31 17:40:00+00:00,104481.99,104454.03,104506.0,104448.33,19.12535,True,96.63745352034489
2025-05-31 17:45:00+00:00,104454.04,104432.5,104473.73,104400.0,21.37943,True,95.00120684031997
2025-05-31 17:50:00+00:00,104432.49,104371.99,104432.5,104261.39,77.75278,True,100.43754920886859
2025-05-31 17:55:00+00:00,104372.0,104349.06,104372.0,104301.88,22.50621,True,98.27200997966337
2025-05-31 18:00:00+00:00,104349.06,104439.02,104439.03,104349.05,13.22081,True,97.67972355254426
2025-05-31 18:05:00+00:00,104439.02,104519.8,104520.41,104439.02,16.0966,True,96.51617187021962
2025-05-31 18:10:00+00:00,104519.79,104526.85,104550.24,104519.79,16.96422,True,91.7971595937762
2025-05-31 18:15:00+00:00,104526.84,104596.0,104596.0,104526.84,14.10363,True,90.18021962279242
2025-05-31 18:20:00+00:00,104595.99,104577.25,104619.05,104571.42,14.11901,True,87.14091822116472
2025-05-31 18:25:00+00:00,104577.25,104530.2,104577.26,104502.94,18.33551,True,86.22513834822384
2025-05-31 18:30:00+00:00,104530.2,104532.46,104533.3,104506.3,8.04941,True,81.9947713233507
2025-05-31 18:35:00+00:00,104532.46,104490.57,104548.14,104490.56,12.75275,True,80.25085908596863
2025-05-31 18:40:00+00:00,104490.56,104418.14,104490.57,104418.14,15.19216,True,79.69222629411426
2025-05-31 18:45:00+00:00,104418.15,104388.26,104437.97,104388.26,13.86803,True,77.55063870167798
2025-05-31 18:50:00+00:00,104388.26,104476.19,104476.2,104388.26,13.15528,True,78.29273593727258
2025-05-31 18:55:00+00:00,104476.2,104487.81,104487.81,104476.19,9.84349,True,73.5303976560385
2025-05-31 19:00:00+00:00,104487.81,104595.05,104643.52,104487.8,25.50715,True,79.40108353775011
2025-05-31 19:05:00+00:00,104595.05,104694.6,104726.42,104595.05,46.58013,True,83.11314899933906
2025-05-31 19:10:00+00:00,104694.59,104644.0,104694.6,104606.59,24.41651,True,83.4629240708155
2025-05-31 19:15:00+00:00,104644.01,104674.57,104699.99,104624.37,25.04428,True,82.90271520861509
2025-05-31 19:20:00+00:00,104674.57,104680.33,104714.29,104655.51,16.59654,True,81.17966412228536
2025-05-31 19:25:00+00:00,104680.34,104693.82,104731.69,104655.54,13.47529,True,80.8204023992656
2025-05-31 19:30:00+00:00,104693.81,104706.89,104725.49,104683.34,24.93785,True,78.0582307993187
2025-05-31 19:35:00+00:00,104706.89,104707.65,104726.42,104688.51,13.25644,True,75.19050002793904
2025-05-31 19:40:00+00:00,104707.65,104721.81,104725.9,104696.64,12.03218,True,71.90975002594301
2025-05-31 19:45:00+00:00,104721.82,104744.39,104750.0,104714.28,8.99268,True,69.32476788123287
2025-05-31 19:50:00+00:00,104744.4,104664.78,104750.0,104654.51,13.41412,True,71.19371303257375
2025-05-31 19:55:00+00:00,104664.79,104698.02,104698.78,104664.79,9.22089,True,68.53701924453277
2025-05-31 20:00:00+00:00,104698.03,104667.24,104714.29,104664.34,13.26869,True,67.20937501278023
2025-05-31 20:05:00+00:00,104667.24,104670.92,104674.62,104632.07,14.05427,,65.4479910832951
2025-05-31 20:10:00+00:00,104670.92,104548.1,104670.92,104533.54,28.20678,,70.58599172020293
2025-05-31 20:15:00+00:00,104548.09,104597.85,104597.86,104548.09,7.39447,,69.09913516876016
2025-05-31 20:20:00+00:00,104597.86,104665.59,104665.59,104597.85,4.63618,,69.00205408527663
2025-05-31 20:25:00+00:00,104665.58,104675.71,104675.71,104661.61,13.09184,,65.08047879347157
2025-05-31 20:30:00+00:00,104675.71,104672.52,104675.71,104672.52,6.301,,60.659730308223764
2025-05-31 20:35:00+00:00,104672.52,104672.53,104672.53,104672.52,3.64419,,56.32760671477883
2025-05-31 20:40:00+00:00,104672.52,104715.95,104726.42,104672.52,10.45893,,56.15420623515136
2025-05-31 20:45:00+00:00,104715.94,104726.42,104726.42,104715.94,4.25662,,52.891762932640255
2025-05-31 20:50:00+00:00,104726.41,104761.91,104761.91,104726.41,9.00319,,51.64949415173738
2025-05-31 20:55:00+00:00,104761.91,104781.83,104807.94,104761.91,35.73725,,51.24810171232748
2025-05-31 21:00:00+00:00,104781.84,104857.16,104879.21,104755.0,70.77073,,56.459665875733116
2025-05-31 21:05:00+00:00,104857.16,104859.96,104878.05,104857.15,15.6013,,53.9196897417528
2025-05-31 21:10:00+00:00,104859.95,104676.13,104859.96,104652.36,53.70426,,64.89685476019945
2025-05-31 21:15:00+00:00,104676.12,104696.51,104696.52,104645.73,18.53543,,63.88922227732864
2025-05-31 21:20:00+00:00,104696.51,104743.26,104743.26,104696.51,10.68128,,62.66499211466231
2025-05-31 21:25:00+00:00,104743.26,104786.12,104786.12,104743.26,9.42518,,61.2503498207579
2025-05-31 21:30:00+00:00,104786.12,104809.53,104866.34,104786.11,16.78598,,62.6060391192749
2025-05-31 21:35:00+00:00,104809.52,104811.64,104884.16,104752.02,30.39533,,67.57275061075522
2025-05-31 21:40:00+00:00,104811.65,104831.83,104872.65,104805.39,29.15261,,67.5504112814152
2025-05-31 21:45:00+00:00,104831.83,104857.16,104877.0,104780.48,27.70588,,69.61966761845726
2025-05-31 21:50:00+00:00,104857.16,104842.81,104867.93,104823.51,10.72273,,67.8196913599959
2025-05-31 21:55:00+00:00,104842.82,104863.16,104863.17,104731.7,23.78145,,72.36614197713914
2025-05-31 22:00:00+00:00,104863.16,104827.6,104900.0,104820.75,35.37686,,72.8578461216292
2025-05-31 22:05:00+00:00,104827.6,104831.01,104857.15,104786.63,21.475,,72.69085711294065
2025-05-31 22:10:00+00:00,104831.02,104827.0,104853.21,104798.39,17.41688,,71.41436731915967
2025-05-31 22:15:00+00:00,104826.99,104815.41,104846.54,104807.81,18.3708,,69.07976965350511
2025-05-31 22:20:00+00:00,104815.41,104821.6,104836.95,104815.4,11.11162,,65.68478610682638
2025-05-31 22:25:00+00:00,104821.61,104737.84,104821.61,104737.83,24.20863,,66.97730138491012
2025-05-31 22:30:00+00:00,104737.84,104694.94,104756.96,104643.4,29.0036,,70.30463700027455
2025-05-31 22:35:00+00:00,104694.94,104703.22,104731.71,104694.94,7.76393,,67.90930578596952
2025-05-31 22:40:00+00:00,104703.22,104723.41,104723.42,104703.22,8.91835,,64.50149822982863
2025-05-31 22:45:00+00:00,104723.42,104682.92,104730.81,104666.45,13.82037,,64.49139121341234
2025-05-31 22:50:00+00:00,104682.92,104655.77,104682.92,104641.05,20.09965,,62.875577555311125
2025-05-31 22:55:00+00:00,104655.77,104625.8,104655.77,104603.08,20.54122,,62.1480363013605
2025-05-31 23:00:00+00:00,104625.79,104517.74,104632.08,104473.2,39.04987,,69.05746227983508
2025-05-31 23:05:00+00:00,104517.74,104728.81,104770.21,104499.47,77.10811,,83.46335783127581
2025-05-31 23:10:00+00:00,104728.81,104761.9,104761.91,104704.06,27.07536,,81.63383227189938
2025-05-31 23:15:00+00:00,104761.91,104737.2,104840.0,104666.66,61.13521,,88.18427282390631
2025-05-31 23:20:00+00:00,104737.2,104682.92,104773.59,104682.92,23.28315,,88.36182476505574
2025-05-31 23:25:00+00:00,104682.93,104646.68,104682.93,104644.92,36.17147,,84.76526585326567
2025-05-31 23:30:00+00:00,104646.69,104660.65,104674.16,104634.14,18.57199,,81.56917543517557
2025-05-31 23:35:00+00:00,104660.65,104658.79,104685.87,104635.3,14.59027,,79.35494861837677
2025-05-31 23:40:00+00:00,104658.8,104649.82,104668.48,104619.04,15.24798,,77.21816657420717
2025-05-31 23:45:00+00:00,104649.82,104654.76,104654.77,104608.51,22.1735,,75.00686896176447
2025-05-31 23:50:00+00:00,104654.77,104615.68,104654.77,104615.67,7.40238,,72.44209260735313
2025-05-31 23:55:00+00:00,104615.67,104591.88,104615.68,104584.99,18.94723,,69.4598002782556
