datetime,open,close,high,low,volume
2025-08-20 04:05:00+00:00,23351.25,23352.25,23352.5,23350.5,0
2025-08-20 04:10:00+00:00,23352.25,23353.75,23355.0,23346.75,1049
2025-08-20 04:15:00+00:00,23353.5,23363.0,23365.75,23350.5,1868
2025-08-20 04:20:00+00:00,23363.0,23361.5,23363.0,23356.25,889
2025-08-20 04:25:00+00:00,23361.75,23365.25,23366.75,23360.75,794
2025-08-20 04:30:00+00:00,23365.0,23361.5,23368.25,23361.0,870
2025-08-20 04:35:00+00:00,23361.5,23354.75,23362.5,23347.5,2062
2025-08-20 04:40:00+00:00,23355.0,23352.0,23355.0,23344.75,1657
2025-08-20 04:45:00+00:00,23351.75,23355.25,23356.25,23351.5,560
2025-08-20 04:50:00+00:00,23355.5,23350.75,23357.5,23349.0,674
2025-08-20 04:55:00+00:00,23351.0,23351.75,23358.75,23348.25,912
2025-08-20 05:00:00+00:00,23351.75,23343.75,23352.25,23341.75,1517
2025-08-20 05:05:00+00:00,23343.5,23338.75,23346.0,23334.5,1602
2025-08-20 05:10:00+00:00,23339.0,23344.5,23345.5,23336.75,1408
2025-08-20 05:15:00+00:00,23344.75,23339.5,23347.5,23339.25,1285
2025-08-20 05:20:00+00:00,23339.25,23344.25,23344.75,23337.0,772
2025-08-20 05:25:00+00:00,23344.5,23346.25,23348.0,23343.5,653
2025-08-20 05:30:00+00:00,23346.25,23355.0,23356.5,23343.25,1426
2025-08-20 05:35:00+00:00,23355.5,23353.25,23356.75,23350.75,807
2025-08-20 05:40:00+00:00,23353.5,23352.5,23357.0,23351.25,725
2025-08-20 05:45:00+00:00,23352.25,23348.25,23356.75,23347.5,1009
2025-08-20 05:50:00+00:00,23349.0,23359.0,23360.25,23347.0,1031
2025-08-20 05:55:00+00:00,23358.5,23365.75,23366.75,23357.75,1373
2025-08-20 06:00:00+00:00,23365.25,23364.75,23372.0,23362.75,2113
2025-08-20 06:05:00+00:00,23365.5,23362.0,23371.25,23360.0,1503
2025-08-20 06:10:00+00:00,23361.25,23361.0,23363.25,23356.75,971
2025-08-20 06:15:00+00:00,23362.0,23356.5,23363.25,23352.25,1260
2025-08-20 06:20:00+00:00,23356.5,23348.0,23359.0,23344.75,1747
2025-08-20 06:25:00+00:00,23347.75,23363.25,23365.0,23344.75,1905
2025-08-20 06:30:00+00:00,23362.75,23377.25,23383.25,23361.0,3745
2025-08-20 06:35:00+00:00,23376.5,23389.0,23391.25,23375.25,2969
2025-08-20 06:40:00+00:00,23388.0,23385.5,23392.5,23383.25,1629
2025-08-20 06:45:00+00:00,23385.25,23378.75,23388.25,23378.5,1385
2025-08-20 06:50:00+00:00,23379.0,23388.75,23390.0,23376.25,1399
2025-08-20 06:55:00+00:00,23388.0,23389.0,23391.5,23384.5,1198
2025-08-20 07:00:00+00:00,23389.0,23388.0,23398.0,23385.75,3613
2025-08-20 07:05:00+00:00,23388.5,23397.75,23402.75,23386.5,2714
2025-08-20 07:10:00+00:00,23397.25,23408.25,23413.25,23396.75,2284
2025-08-20 07:15:00+00:00,23407.5,23409.5,23412.75,23401.5,2104
2025-08-20 07:20:00+00:00,23409.0,23420.5,23421.25,23408.5,2753
2025-08-20 07:25:00+00:00,23420.0,23418.25,23430.25,23415.75,3340
2025-08-20 07:30:00+00:00,23417.5,23400.5,23417.75,23395.0,3337
2025-08-20 07:35:00+00:00,23400.5,23402.0,23405.25,23397.5,1174
2025-08-20 07:40:00+00:00,23402.0,23398.75,23405.5,23392.0,1409
2025-08-20 07:45:00+00:00,23399.0,23403.0,23406.0,23396.25,1203
2025-08-20 07:50:00+00:00,23403.25,23407.5,23408.25,23400.75,737
2025-08-20 07:55:00+00:00,23407.5,23399.0,23410.5,23398.0,1110
2025-08-20 08:00:00+00:00,23399.5,23407.0,23408.0,23393.5,2043
2025-08-20 08:05:00+00:00,23408.5,23399.75,23410.5,23397.5,1688
2025-08-20 08:10:00+00:00,23399.5,23382.75,23401.5,23382.25,2624
2025-08-20 08:20:00+00:00,23384.0,23381.25,23385.25,23379.75,4576
2025-08-20 08:25:00+00:00,23382.5,23378.0,23386.0,23371.75,2465
2025-08-20 08:30:00+00:00,23378.75,23401.25,23407.75,23370.75,4732
2025-08-20 08:35:00+00:00,23401.5,23416.5,23421.5,23400.75,2929
2025-08-20 08:40:00+00:00,23416.5,23417.0,23420.0,23412.75,1310
2025-08-20 08:45:00+00:00,23416.5,23411.75,23416.75,23405.0,1735
2025-08-20 08:50:00+00:00,23411.75,23414.0,23416.75,23409.75,1513
2025-08-20 08:55:00+00:00,23414.75,23414.5,23416.0,23408.5,985
2025-08-20 09:00:00+00:00,23414.0,23416.75,23425.5,23406.5,2388
2025-08-20 09:05:00+00:00,23415.75,23425.75,23426.5,23409.5,1285
2025-08-20 09:10:00+00:00,23425.5,23426.0,23429.75,23421.0,1100
2025-08-20 09:15:00+00:00,23426.0,23430.5,23432.75,23423.5,1423
2025-08-20 09:20:00+00:00,23430.5,23428.75,23434.0,23426.25,1097
2025-08-20 09:25:00+00:00,23429.0,23425.75,23430.75,23422.0,1464
2025-08-20 09:30:00+00:00,23425.75,23427.25,23430.0,23425.0,957
2025-08-20 09:35:00+00:00,23427.5,23433.0,23437.0,23427.0,1095
2025-08-20 09:40:00+00:00,23432.75,23427.5,23435.25,23424.0,1211
2025-08-20 09:45:00+00:00,23427.25,23435.75,23437.75,23427.0,1184
2025-08-20 09:50:00+00:00,23435.0,23433.25,23439.5,23432.5,1042
2025-08-20 09:55:00+00:00,23432.5,23432.25,23434.5,23428.5,975
2025-08-20 10:00:00+00:00,23432.75,23427.0,23434.0,23424.5,1100
2025-08-20 10:05:00+00:00,23427.0,23431.5,23434.5,23424.75,944
2025-08-20 10:10:00+00:00,23431.25,23433.5,23434.25,23428.75,212
2025-08-20 10:20:00+00:00,23438.5,23436.25,23440.75,23433.5,3204
2025-08-20 10:25:00+00:00,23435.75,23427.75,23436.25,23427.0,920
2025-08-20 10:30:00+00:00,23427.75,23413.5,23430.75,23413.0,2161
2025-08-20 10:35:00+00:00,23413.75,23406.5,23416.75,23403.0,2284
2025-08-20 10:40:00+00:00,23407.0,23413.75,23414.75,23404.25,1300
2025-08-20 10:45:00+00:00,23414.5,23414.75,23421.0,23411.0,1274
2025-08-20 10:50:00+00:00,23415.0,23420.75,23423.5,23414.0,948
2025-08-20 10:55:00+00:00,23421.25,23425.5,23427.5,23419.0,1123
2025-08-20 11:00:00+00:00,23425.25,23449.25,23452.0,23420.5,5625
2025-08-20 11:05:00+00:00,23448.75,23440.25,23449.0,23439.25,1699
2025-08-20 11:10:00+00:00,23440.25,23444.25,23447.5,23437.75,1441
2025-08-20 11:15:00+00:00,23444.0,23433.75,23444.75,23428.5,1766
2025-08-20 11:20:00+00:00,23434.5,23428.25,23440.5,23426.5,1449
2025-08-20 11:25:00+00:00,23429.0,23415.0,23430.0,23411.75,2324
2025-08-20 11:30:00+00:00,23415.25,23413.0,23420.0,23412.5,1449
2025-08-20 11:35:00+00:00,23413.5,23393.25,23416.75,23392.75,3560
2025-08-20 11:40:00+00:00,23393.5,23401.0,23403.5,23389.25,2283
2025-08-20 11:45:00+00:00,23400.75,23398.5,23402.5,23374.75,3464
2025-08-20 11:50:00+00:00,23399.0,23409.25,23419.75,23399.0,3642
2025-08-20 11:55:00+00:00,23409.0,23413.75,23417.5,23406.0,2095
2025-08-20 12:00:00+00:00,23413.25,23423.75,23427.0,23411.0,2937
2025-08-20 12:05:00+00:00,23424.0,23423.5,23428.0,23421.75,1425
2025-08-20 12:10:00+00:00,23422.75,23418.0,23425.5,23414.5,1841
2025-08-20 12:15:00+00:00,23417.75,23423.0,23424.5,23414.0,1569
2025-08-20 12:20:00+00:00,23422.0,23421.75,23427.75,23420.0,1358
2025-08-20 12:25:00+00:00,23422.5,23413.0,23432.5,23408.25,3214
2025-08-20 12:30:00+00:00,23412.75,23404.25,23422.25,23398.0,5609
2025-08-20 12:35:00+00:00,23404.5,23406.75,23409.5,23396.5,3419
2025-08-20 12:40:00+00:00,23407.25,23421.75,23425.5,23406.25,3161
2025-08-20 12:45:00+00:00,23422.5,23435.0,23436.5,23418.75,3246
2025-08-20 12:50:00+00:00,23435.5,23427.25,23435.75,23425.5,2406
2025-08-20 12:55:00+00:00,23426.75,23426.0,23429.25,23420.0,2350
2025-08-20 13:00:00+00:00,23426.75,23425.5,23430.5,23420.0,2251
2025-08-20 13:05:00+00:00,23424.75,23417.25,23428.25,23415.25,2706
2025-08-20 13:10:00+00:00,23417.5,23408.25,23418.0,23406.0,3395
2025-08-20 13:15:00+00:00,23408.0,23408.75,23415.0,23404.25,2843
2025-08-20 13:20:00+00:00,23408.25,23412.75,23417.75,23404.75,2318
2025-08-20 13:25:00+00:00,23412.75,23426.75,23430.5,23402.5,7221
2025-08-20 13:30:00+00:00,23425.75,23371.5,23432.0,23362.0,45512
2025-08-20 13:35:00+00:00,23371.5,23359.25,23393.25,23357.0,26991
2025-08-20 13:40:00+00:00,23359.0,23323.0,23373.5,23322.5,37481
2025-08-20 13:45:00+00:00,23323.5,23265.25,23324.0,23264.75,36989
2025-08-20 13:50:00+00:00,23265.0,23172.5,23265.25,23167.75,55475
2025-08-20 13:55:00+00:00,23172.0,23173.75,23205.75,23146.0,43544
2025-08-20 14:00:00+00:00,23173.75,23170.75,23214.5,23165.0,37103
2025-08-20 14:05:00+00:00,23170.5,23111.25,23177.75,23096.25,48449
2025-08-20 14:10:00+00:00,23110.75,23109.0,23129.75,23090.25,29247
2025-08-20 14:15:00+00:00,23109.75,23114.25,23125.5,23063.25,36796
2025-08-20 14:20:00+00:00,23114.0,23141.0,23156.5,23104.0,28195
2025-08-20 14:25:00+00:00,23140.75,23095.25,23154.5,23093.25,26353
2025-08-20 14:30:00+00:00,23096.25,23099.5,23109.25,23081.0,24367
2025-08-20 14:35:00+00:00,23099.0,23082.5,23109.0,23080.5,19016
2025-08-20 14:40:00+00:00,23083.0,23068.75,23088.25,23057.25,23607
2025-08-20 14:45:00+00:00,23068.25,23058.0,23090.0,23042.0,27682
2025-08-20 14:50:00+00:00,23057.0,23044.25,23067.75,23035.25,18885
2025-08-20 14:55:00+00:00,23044.25,23057.25,23061.25,23035.5,17454
2025-08-20 15:00:00+00:00,23057.5,23076.75,23078.0,23046.0,19467
2025-08-20 15:05:00+00:00,23076.5,23123.25,23128.5,23074.0,22885
2025-08-20 15:10:00+00:00,23123.0,23132.5,23136.75,23113.25,15812
2025-08-20 15:15:00+00:00,23131.75,23173.5,23174.75,23131.25,22309
2025-08-20 15:20:00+00:00,23173.5,23215.0,23218.0,23172.25,23405
2025-08-20 15:25:00+00:00,23215.25,23225.25,23228.0,23196.0,21358
2025-08-20 15:30:00+00:00,23224.5,23252.25,23257.5,23214.0,21304
2025-08-20 15:35:00+00:00,23252.25,23225.5,23266.25,23224.25,22254
2025-08-20 15:40:00+00:00,23225.5,23231.0,23258.25,23223.75,16958
2025-08-20 15:45:00+00:00,23231.5,23218.25,23244.5,23213.25,14551
2025-08-20 15:50:00+00:00,23218.25,23169.75,23218.25,23160.75,24482
2025-08-20 15:55:00+00:00,23170.5,23171.75,23182.5,23152.5,14996
2025-08-20 16:00:00+00:00,23171.5,23209.25,23216.25,23168.75,19034
2025-08-20 16:05:00+00:00,23209.0,23213.25,23217.75,23196.5,11163
2025-08-20 16:10:00+00:00,23214.25,23240.5,23243.25,23208.0,14211
2025-08-20 16:15:00+00:00,23240.25,23262.75,23264.0,23237.0,12082
2025-08-20 16:20:00+00:00,23263.0,23272.0,23280.5,23259.25,14352
2025-08-20 16:25:00+00:00,23271.75,23298.25,23303.75,23269.5,15572
2025-08-20 16:30:00+00:00,23298.0,23279.25,23298.75,23270.5,12501
2025-08-20 16:35:00+00:00,23279.0,23274.0,23284.0,23256.0,10564
2025-08-20 16:40:00+00:00,23274.75,23270.0,23278.25,23246.25,12946
2025-08-20 16:45:00+00:00,23270.0,23253.5,23275.0,23242.5,10875
2025-08-20 16:50:00+00:00,23253.25,23252.25,23266.75,23239.25,10549
2025-08-20 16:55:00+00:00,23251.75,23233.5,23251.75,23218.5,11836
2025-08-20 17:00:00+00:00,23233.75,23262.0,23266.0,23225.5,14024
2025-08-20 17:05:00+00:00,23261.75,23268.75,23274.5,23238.0,12781
2025-08-20 17:10:00+00:00,23268.75,23236.75,23270.25,23235.25,11990
2025-08-20 17:15:00+00:00,23237.75,23253.75,23261.25,23231.0,12714
2025-08-20 17:20:00+00:00,23253.75,23241.75,23270.0,23239.75,10943
2025-08-20 17:25:00+00:00,23241.75,23246.25,23250.0,23234.25,7715
2025-08-20 17:30:00+00:00,23245.75,23292.0,23296.25,23244.5,13904
2025-08-20 17:35:00+00:00,23291.5,23290.75,23298.25,23281.25,9519
2025-08-20 17:40:00+00:00,23291.5,23296.75,23299.5,23284.25,8150
2025-08-20 17:45:00+00:00,23297.5,23294.25,23315.5,23290.75,14796
2025-08-20 17:50:00+00:00,23294.0,23281.75,23297.75,23274.25,11330
2025-08-20 17:55:00+00:00,23281.5,23265.25,23283.25,23250.0,9525
2025-08-20 18:00:00+00:00,23263.75,23223.25,23272.0,23199.5,24044
2025-08-20 18:05:00+00:00,23223.5,23239.75,23241.75,23209.0,14255
2025-08-20 18:10:00+00:00,23238.75,23224.5,23248.75,23208.0,13615
2025-08-20 18:15:00+00:00,23224.75,23203.5,23225.75,23201.0,10906
2025-08-20 18:20:00+00:00,23203.0,23218.5,23225.25,23191.0,16196
2025-08-20 18:25:00+00:00,23219.0,23210.75,23230.0,23205.5,8976
2025-08-20 18:30:00+00:00,23210.25,23231.0,23234.5,23208.5,9179
2025-08-20 18:35:00+00:00,23230.25,23249.75,23252.5,23216.5,9864
2025-08-20 18:40:00+00:00,23249.5,23254.0,23259.5,23240.75,8637
2025-08-20 18:45:00+00:00,23254.25,23273.25,23278.5,23250.0,9877
2025-08-20 18:50:00+00:00,23272.75,23263.25,23280.5,23260.5,8428
2025-08-20 18:55:00+00:00,23264.0,23244.0,23270.75,23239.5,9965
2025-08-20 19:00:00+00:00,23244.25,23260.5,23264.25,23243.75,8440
2025-08-20 19:05:00+00:00,23260.75,23278.0,23283.75,23252.25,8163
2025-08-20 19:10:00+00:00,23277.75,23311.75,23320.0,23277.0,13532
2025-08-20 19:15:00+00:00,23312.0,23318.25,23328.25,23306.5,9116
2025-08-20 19:20:00+00:00,23318.25,23348.25,23355.5,23314.75,12511
2025-08-20 19:25:00+00:00,23347.75,23319.75,23348.75,23311.25,10971
2025-08-20 19:30:00+00:00,23319.75,23339.75,23342.0,23313.75,8817
2025-08-20 19:35:00+00:00,23339.5,23321.0,23348.5,23319.25,8550
2025-08-20 19:40:00+00:00,23321.5,23334.75,23337.5,23318.5,6372
2025-08-20 19:45:00+00:00,23334.5,23349.5,23352.25,23331.25,8821
2025-08-20 19:50:00+00:00,23350.0,23351.0,23358.0,23326.25,15056
2025-08-20 19:55:00+00:00,23351.25,23325.5,23368.5,23319.5,20899
2025-08-20 20:00:00+00:00,23325.5,23323.25,23331.5,23315.0,8148
2025-08-20 20:05:00+00:00,23323.5,23319.25,23325.75,23316.25,2322
2025-08-20 20:10:00+00:00,23319.75,23317.0,23323.5,23312.5,2732
2025-08-20 20:15:00+00:00,23317.5,23308.25,23318.25,23306.5,2008
2025-08-20 20:20:00+00:00,23309.25,23311.75,23314.0,23307.75,1125
2025-08-20 20:25:00+00:00,23311.75,23311.25,23312.0,23308.0,715
2025-08-20 20:30:00+00:00,23310.75,23314.0,23316.0,23310.5,1114
2025-08-20 20:35:00+00:00,23314.0,23314.25,23315.75,23311.75,682
2025-08-20 20:40:00+00:00,23314.75,23313.75,23316.5,23313.25,813
2025-08-20 20:45:00+00:00,23313.75,23311.75,23315.5,23308.5,958
2025-08-20 20:50:00+00:00,23312.0,23317.0,23319.5,23311.0,875
2025-08-20 20:55:00+00:00,23316.75,23318.75,23320.0,23314.75,856
2025-08-20 22:00:00+00:00,23322.0,23332.5,23339.75,23318.75,0
2025-08-20 22:05:00+00:00,23331.75,23328.25,23342.75,23321.75,2075
2025-08-20 22:10:00+00:00,23329.25,23323.75,23336.75,23320.0,1531
2025-08-20 22:15:00+00:00,23323.5,23315.75,23329.0,23314.5,1706
2025-08-20 22:20:00+00:00,23315.25,23332.25,23332.75,23313.75,1523
2025-08-20 22:25:00+00:00,23332.25,23334.75,23336.5,23325.75,1731
2025-08-20 22:30:00+00:00,23334.5,23323.5,23339.0,23322.75,1400
2025-08-20 22:35:00+00:00,23324.0,23316.25,23326.0,23316.0,1440
2025-08-20 22:40:00+00:00,23316.0,23318.75,23321.25,23312.5,1206
2025-08-20 22:45:00+00:00,23318.25,23318.75,23319.75,23315.0,625
2025-08-20 22:50:00+00:00,23317.75,23320.25,23322.25,23316.5,682
2025-08-20 22:55:00+00:00,23320.0,23319.5,23323.5,23317.25,450
2025-08-20 23:00:00+00:00,23320.5,23316.5,23323.75,23315.0,622
2025-08-20 23:05:00+00:00,23316.75,23327.75,23329.5,23307.5,2134
2025-08-20 23:10:00+00:00,23327.75,23323.5,23330.0,23321.25,720
2025-08-20 23:15:00+00:00,23324.0,23325.0,23327.0,23322.25,343
2025-08-20 23:20:00+00:00,23325.25,23319.25,23325.25,23318.5,553
2025-08-20 23:25:00+00:00,23319.0,23315.75,23322.25,23313.75,929
2025-08-20 23:30:00+00:00,23315.25,23308.5,23315.25,23306.0,1441
2025-08-20 23:35:00+00:00,23308.0,23313.0,23313.5,23307.0,695
2025-08-20 23:40:00+00:00,23313.5,23313.5,23319.0,23310.5,745
2025-08-20 23:45:00+00:00,23313.75,23306.25,23316.0,23306.0,749
2025-08-20 23:50:00+00:00,23306.5,23320.0,23321.5,23306.0,838
2025-08-20 23:55:00+00:00,23320.0,23319.5,23323.0,23315.25,779
2025-08-21 00:00:00+00:00,23319.25,23312.5,23319.25,23303.25,2093
2025-08-21 00:05:00+00:00,23312.5,23313.75,23320.5,23309.25,1023
2025-08-21 00:10:00+00:00,23313.5,23314.25,23324.0,23311.75,1376
2025-08-21 00:15:00+00:00,23314.25,23297.25,23316.0,23297.0,2140
2025-08-21 00:20:00+00:00,23297.5,23279.5,23299.5,23277.25,3515
2025-08-21 00:25:00+00:00,23280.0,23286.0,23286.5,23269.0,3310
2025-08-21 00:30:00+00:00,23285.75,23304.75,23305.0,23283.5,2631
2025-08-21 00:35:00+00:00,23304.75,23304.0,23312.0,23300.25,1822
2025-08-21 00:40:00+00:00,23304.5,23304.75,23311.75,23302.75,1152
2025-08-21 00:45:00+00:00,23305.5,23290.0,23308.0,23284.5,2168
2025-08-21 00:50:00+00:00,23290.25,23284.0,23295.75,23277.75,1914
2025-08-21 00:55:00+00:00,23284.25,23292.5,23294.5,23283.25,992
2025-08-21 01:00:00+00:00,23292.0,23282.5,23296.75,23278.25,2281
2025-08-21 01:05:00+00:00,23283.5,23280.5,23286.75,23267.75,2582
2025-08-21 01:10:00+00:00,23281.0,23284.25,23286.75,23267.5,2077
2025-08-21 01:15:00+00:00,23284.75,23280.25,23286.25,23274.5,1023
2025-08-21 01:20:00+00:00,23279.5,23296.25,23298.0,23274.5,2137
2025-08-21 01:25:00+00:00,23296.75,23294.5,23298.25,23288.0,1247
2025-08-21 01:30:00+00:00,23294.0,23301.75,23303.0,23294.0,1319
2025-08-21 01:35:00+00:00,23302.25,23301.5,23303.75,23298.0,937
2025-08-21 01:40:00+00:00,23302.25,23304.0,23309.0,23299.5,1275
2025-08-21 01:45:00+00:00,23304.25,23310.0,23313.25,23302.75,1292
2025-08-21 01:50:00+00:00,23310.0,23331.25,23335.5,23309.0,3615
2025-08-21 01:55:00+00:00,23332.0,23353.0,23355.75,23330.0,4247
2025-08-21 02:00:00+00:00,23353.0,23353.25,23357.75,23349.75,2268
2025-08-21 02:05:00+00:00,23353.25,23342.5,23355.75,23341.75,2086
2025-08-21 02:10:00+00:00,23342.75,23362.25,23362.5,23341.0,2696
2025-08-21 02:15:00+00:00,23361.75,23363.5,23363.5,23349.0,2029
2025-08-21 02:20:00+00:00,23363.0,23363.75,23369.5,23362.0,1939
2025-08-21 02:25:00+00:00,23363.75,23363.5,23366.25,23359.0,1074
2025-08-21 02:30:00+00:00,23363.25,23357.5,23368.0,23355.5,1457
2025-08-21 02:35:00+00:00,23357.25,23356.25,23358.75,23352.0,1139
2025-08-21 02:40:00+00:00,23355.75,23357.25,23359.75,23350.0,957
2025-08-21 02:45:00+00:00,23357.0,23351.75,23358.25,23348.75,794
2025-08-21 02:50:00+00:00,23351.5,23357.75,23359.5,23351.0,761
2025-08-21 02:55:00+00:00,23357.25,23354.25,23357.5,23353.25,448
2025-08-21 03:00:00+00:00,23354.75,23352.0,23356.25,23349.5,559
2025-08-21 03:05:00+00:00,23352.5,23358.5,23360.75,23350.0,888
2025-08-21 03:10:00+00:00,23358.5,23351.75,23359.0,23351.25,495
2025-08-21 03:15:00+00:00,23351.5,23346.25,23351.5,23343.5,1109
2025-08-21 03:20:00+00:00,23345.0,23345.5,23346.75,23337.0,1252
2025-08-21 03:25:00+00:00,23346.25,23348.5,23349.5,23345.0,706
2025-08-21 03:30:00+00:00,23348.5,23348.25,23350.75,23341.75,688
2025-08-21 03:35:00+00:00,23349.0,23350.5,23352.5,23345.5,613
2025-08-21 03:40:00+00:00,23350.75,23347.5,23354.0,23346.5,651
2025-08-21 03:45:00+00:00,23347.75,23350.25,23351.5,23343.75,570
2025-08-21 03:50:00+00:00,23350.25,23349.75,23355.25,23348.0,699
2025-08-21 03:55:00+00:00,23349.0,23344.75,23350.25,23342.0,542
2025-08-21 04:05:00+00:00,23335.0,23335.5,23336.5,23335.0,2163
2025-08-21 04:10:00+00:00,23335.75,23334.5,23337.25,23332.75,864
2025-08-21 04:15:00+00:00,23334.75,23337.5,23344.5,23334.25,920
2025-08-21 04:20:00+00:00,23337.0,23337.25,23337.5,23332.5,484
2025-08-21 04:25:00+00:00,23337.25,23335.75,23339.5,23334.25,440
2025-08-21 04:30:00+00:00,23336.0,23342.5,23344.25,23330.25,895
2025-08-21 04:35:00+00:00,23342.25,23336.5,23342.75,23336.0,426
2025-08-21 04:40:00+00:00,23336.25,23342.0,23342.75,23332.0,589
2025-08-21 04:45:00+00:00,23342.25,23342.5,23347.25,23341.5,649
2025-08-21 04:50:00+00:00,23342.75,23342.0,23344.25,23339.5,407
2025-08-21 04:55:00+00:00,23342.25,23340.5,23344.75,23337.0,790
2025-08-21 05:00:00+00:00,23341.25,23343.5,23350.0,23338.25,1029
2025-08-21 05:05:00+00:00,23342.75,23325.5,23343.75,23320.75,2346
2025-08-21 05:10:00+00:00,23325.0,23323.75,23326.25,23319.25,1131
2025-08-21 05:15:00+00:00,23324.0,23331.0,23337.0,23323.75,1295
2025-08-21 05:20:00+00:00,23331.25,23325.0,23331.5,23323.25,803
2025-08-21 05:25:00+00:00,23325.5,23318.75,23327.0,23317.75,961
2025-08-21 05:30:00+00:00,23318.75,23318.5,23322.25,23316.25,954
2025-08-21 05:35:00+00:00,23318.5,23315.75,23321.75,23313.75,1114
2025-08-21 05:40:00+00:00,23315.75,23319.5,23321.75,23311.5,1104
2025-08-21 05:45:00+00:00,23319.75,23320.0,23325.0,23317.0,854
2025-08-21 05:50:00+00:00,23321.0,23329.0,23331.25,23315.75,1195
2025-08-21 05:55:00+00:00,23329.75,23341.25,23341.5,23327.5,1343
2025-08-21 06:00:00+00:00,23341.0,23337.5,23344.25,23333.5,1458
2025-08-21 06:05:00+00:00,23337.0,23340.75,23342.75,23332.25,998
2025-08-21 06:10:00+00:00,23341.0,23357.0,23357.0,23341.0,1891
2025-08-21 06:15:00+00:00,23356.0,23366.0,23368.25,23354.25,2127
2025-08-21 06:20:00+00:00,23365.5,23358.25,23366.5,23356.0,1351
2025-08-21 06:25:00+00:00,23358.75,23352.75,23358.75,23344.0,1864
2025-08-21 06:30:00+00:00,23352.5,23358.5,23361.25,23351.0,1102
2025-08-21 06:35:00+00:00,23358.0,23356.0,23367.0,23355.0,1344
2025-08-21 06:40:00+00:00,23356.0,23355.25,23359.5,23350.75,992
2025-08-21 06:45:00+00:00,23354.5,23347.75,23355.0,23346.5,832
2025-08-21 06:50:00+00:00,23348.25,23353.5,23354.75,23347.0,677
2025-08-21 06:55:00+00:00,23353.75,23355.75,23358.0,23353.0,836
2025-08-21 07:00:00+00:00,23354.75,23348.75,23357.25,23335.0,3206
2025-08-21 07:05:00+00:00,23349.0,23352.75,23359.75,23340.5,2181
2025-08-21 07:10:00+00:00,23351.25,23330.5,23351.75,23328.5,1862
2025-08-21 07:15:00+00:00,23331.0,23332.0,23335.0,23321.5,2302
2025-08-21 07:20:00+00:00,23332.5,23331.25,23337.75,23329.0,1182
2025-08-21 07:25:00+00:00,23331.25,23329.5,23333.5,23323.75,1106
2025-08-21 07:30:00+00:00,23329.5,23339.5,23340.75,23326.25,1775
2025-08-21 07:35:00+00:00,23340.0,23340.0,23344.5,23336.25,1284
2025-08-21 07:40:00+00:00,23341.75,23338.25,23347.0,23334.25,1131
2025-08-21 07:45:00+00:00,23338.0,23344.75,23346.0,23331.75,1308
2025-08-21 07:50:00+00:00,23345.5,23347.5,23355.75,23341.5,1784
2025-08-21 07:55:00+00:00,23347.0,23344.0,23350.75,23341.0,698
2025-08-21 08:00:00+00:00,23343.5,23353.25,23357.5,23337.0,2303
2025-08-21 08:05:00+00:00,23352.75,23353.25,23357.5,23343.5,1195
2025-08-21 08:10:00+00:00,23352.5,23345.0,23352.5,23331.25,2173
2025-08-21 08:15:00+00:00,23345.0,23324.25,23347.5,23317.0,2252
2025-08-21 08:20:00+00:00,23324.0,23339.75,23341.75,23323.0,1558
2025-08-21 08:25:00+00:00,23340.25,23342.75,23345.5,23335.25,833
2025-08-21 08:30:00+00:00,23342.5,23342.5,23351.25,23337.75,1280
2025-08-21 08:35:00+00:00,23342.0,23347.5,23350.0,23339.75,783
2025-08-21 08:40:00+00:00,23348.25,23342.75,23349.75,23341.0,608
2025-08-21 08:45:00+00:00,23343.25,23327.5,23343.75,23326.25,1425
2025-08-21 08:50:00+00:00,23327.25,23321.25,23327.75,23313.0,1950
2025-08-21 08:55:00+00:00,23321.0,23298.5,23321.25,23296.75,2832
2025-08-21 09:00:00+00:00,23298.0,23301.25,23305.25,23292.25,2294
2025-08-21 09:05:00+00:00,23300.5,23297.5,23305.0,23289.75,2086
2025-08-21 09:10:00+00:00,23297.5,23306.25,23308.75,23296.25,1676
2025-08-21 09:15:00+00:00,23305.5,23310.75,23313.25,23301.25,1354
2025-08-21 09:20:00+00:00,23310.5,23315.25,23317.25,23306.0,1226
2025-08-21 09:25:00+00:00,23315.5,23319.0,23321.75,23313.5,1226
2025-08-21 09:30:00+00:00,23318.75,23316.75,23321.5,23314.75,813
2025-08-21 09:35:00+00:00,23317.25,23316.25,23320.0,23313.5,676
2025-08-21 09:40:00+00:00,23316.5,23324.25,23324.75,23314.0,761
2025-08-21 09:45:00+00:00,23324.5,23327.5,23328.75,23320.75,1246
2025-08-21 09:50:00+00:00,23327.75,23317.5,23328.5,23311.0,1437
2025-08-21 09:55:00+00:00,23317.75,23304.5,23317.75,23300.0,1361
2025-08-21 10:00:00+00:00,23304.5,23301.5,23305.0,23286.75,2785
2025-08-21 10:05:00+00:00,23301.75,23307.25,23312.25,23301.0,1860
2025-08-21 10:10:00+00:00,23307.25,23298.5,23307.25,23297.5,481
2025-08-21 10:20:00+00:00,23286.19921875,23301.25,23302.75,23279.25,6452
2025-08-21 10:25:00+00:00,23301.25,23302.25,23306.25,23292.0,1930
2025-08-21 10:30:00+00:00,23302.0,23294.5,23305.0,23290.5,1251
2025-08-21 10:35:00+00:00,23294.75,23298.5,23300.5,23293.0,935
2025-08-21 10:40:00+00:00,23298.25,23302.5,23307.0,23298.25,1354
2025-08-21 10:45:00+00:00,23303.0,23302.0,23305.0,23300.5,957
2025-08-21 10:50:00+00:00,23302.5,23316.0,23317.5,23297.75,2175
2025-08-21 10:55:00+00:00,23316.25,23312.5,23318.0,23303.0,2103
2025-08-21 11:00:00+00:00,23312.25,23308.0,23335.0,23295.25,7033
2025-08-21 11:05:00+00:00,23309.5,23314.25,23327.25,23309.0,2387
2025-08-21 11:10:00+00:00,23314.5,23301.75,23315.0,23296.25,2489
2025-08-21 11:15:00+00:00,23302.5,23299.25,23305.75,23298.25,1201
2025-08-21 11:20:00+00:00,23300.0,23306.75,23311.5,23296.75,1584
2025-08-21 11:25:00+00:00,23307.0,23303.75,23310.25,23300.5,969
2025-08-21 11:30:00+00:00,23303.75,23295.25,23310.5,23293.75,1602
2025-08-21 11:35:00+00:00,23295.5,23287.0,23302.0,23281.5,2754
2025-08-21 11:40:00+00:00,23287.25,23288.25,23297.5,23280.25,2122
2025-08-21 11:45:00+00:00,23287.75,23269.0,23287.75,23264.5,3578
2025-08-21 11:50:00+00:00,23268.75,23278.5,23287.0,23268.75,3020
2025-08-21 11:55:00+00:00,23279.0,23281.25,23287.25,23276.25,1435
2025-08-21 12:00:00+00:00,23281.5,23264.75,23281.75,23261.25,4246
2025-08-21 12:05:00+00:00,23266.25,23263.25,23272.75,23258.75,2800
2025-08-21 12:10:00+00:00,23263.25,23243.75,23263.5,23234.75,6527
2025-08-21 12:15:00+00:00,23243.75,23231.75,23245.0,23222.0,5104
2025-08-21 12:20:00+00:00,23231.5,23246.0,23249.0,23222.25,4540
2025-08-21 12:25:00+00:00,23245.25,23237.5,23247.75,23233.5,2902
2025-08-21 12:30:00+00:00,23236.25,23268.0,23269.25,23212.75,8064
2025-08-21 12:35:00+00:00,23268.25,23240.75,23269.0,23239.0,5147
2025-08-21 12:40:00+00:00,23240.75,23232.25,23248.25,23231.75,4434
2025-08-21 12:45:00+00:00,23232.0,23224.5,23234.5,23217.5,5066
2025-08-21 12:50:00+00:00,23224.5,23222.25,23229.5,23215.5,3455
2025-08-21 12:55:00+00:00,23222.0,23223.5,23229.0,23215.5,3532
2025-08-21 13:00:00+00:00,23223.5,23227.75,23231.25,23207.5,6204
2025-08-21 13:05:00+00:00,23227.75,23248.5,23248.75,23226.5,4742
2025-08-21 13:10:00+00:00,23248.5,23230.5,23250.5,23225.5,5947
2025-08-21 13:15:00+00:00,23229.75,23234.5,23238.25,23223.0,4015
2025-08-21 13:20:00+00:00,23233.75,23238.75,23248.5,23233.75,3702
2025-08-21 13:25:00+00:00,23238.75,23260.25,23262.0,23235.0,7187
2025-08-21 13:30:00+00:00,23260.25,23242.25,23273.5,23199.5,46235
2025-08-21 13:35:00+00:00,23242.0,23276.5,23290.5,23224.25,32514
2025-08-21 13:40:00+00:00,23276.75,23253.75,23277.75,23235.75,21073
2025-08-21 13:45:00+00:00,23256.25,23266.25,23268.0,23175.0,52637
2025-08-21 13:50:00+00:00,23266.0,23239.75,23268.5,23215.0,33332
2025-08-21 13:55:00+00:00,23239.5,23186.5,23248.0,23183.25,25463
2025-08-21 14:00:00+00:00,23186.5,23261.5,23269.0,23155.25,47594
2025-08-21 14:05:00+00:00,23262.5,23282.0,23289.25,23259.25,25237
2025-08-21 14:10:00+00:00,23282.0,23281.5,23303.5,23269.0,24701
2025-08-21 14:15:00+00:00,23281.25,23303.5,23314.75,23272.0,24046
2025-08-21 14:20:00+00:00,23302.25,23318.5,23323.25,23296.25,17849
2025-08-21 14:25:00+00:00,23319.25,23344.75,23348.25,23299.0,26087
2025-08-21 14:30:00+00:00,23345.5,23294.75,23345.75,23284.25,26513
2025-08-21 14:35:00+00:00,23295.0,23258.25,23301.25,23257.25,23454
2025-08-21 14:40:00+00:00,23258.0,23279.25,23280.0,23249.0,22694
2025-08-21 14:45:00+00:00,23278.75,23257.5,23289.25,23254.25,23079
2025-08-21 14:50:00+00:00,23258.25,23298.25,23299.75,23258.0,15267
2025-08-21 14:55:00+00:00,23297.75,23295.0,23302.0,23284.5,11861
2025-08-21 15:00:00+00:00,23295.5,23282.25,23312.75,23277.75,17446
2025-08-21 15:05:00+00:00,23282.25,23267.75,23283.0,23260.25,16573
2025-08-21 15:10:00+00:00,23267.25,23212.0,23270.75,23208.5,29382
2025-08-21 15:15:00+00:00,23212.25,23241.0,23244.5,23204.0,20676
2025-08-21 15:20:00+00:00,23240.0,23277.0,23288.5,23228.0,21579
2025-08-21 15:25:00+00:00,23277.5,23256.5,23280.5,23243.5,20254
2025-08-21 15:30:00+00:00,23256.25,23283.5,23291.5,23253.5,17855
2025-08-21 15:35:00+00:00,23283.5,23278.0,23290.5,23275.5,9071
2025-08-21 15:40:00+00:00,23278.5,23283.25,23295.75,23267.5,12313
2025-08-21 15:45:00+00:00,23283.5,23255.25,23284.0,23250.5,13181
2025-08-21 15:50:00+00:00,23254.75,23207.25,23257.25,23201.0,20551
2025-08-21 15:55:00+00:00,23207.25,23204.0,23212.75,23191.0,16344
2025-08-21 16:00:00+00:00,23204.0,23186.25,23212.0,23181.25,22577
2025-08-21 16:05:00+00:00,23186.0,23186.5,23197.5,23178.0,12330
2025-08-21 16:10:00+00:00,23186.0,23193.5,23208.75,23175.75,14010
2025-08-21 16:15:00+00:00,23194.0,23211.75,23214.75,23193.5,10102
2025-08-21 16:20:00+00:00,23212.5,23207.0,23213.0,23195.75,9575
2025-08-21 16:25:00+00:00,23207.5,23182.5,23207.75,23172.5,14803
2025-08-21 16:30:00+00:00,23182.5,23183.5,23205.0,23176.0,14072
2025-08-21 16:35:00+00:00,23183.25,23194.75,23199.5,23173.75,10620
2025-08-21 16:40:00+00:00,23195.0,23186.75,23204.5,23181.0,8423
2025-08-21 16:45:00+00:00,23186.75,23185.5,23195.75,23175.5,7909
2025-08-21 16:50:00+00:00,23185.25,23204.25,23213.0,23182.75,11460
2025-08-21 16:55:00+00:00,23204.75,23161.25,23210.75,23150.25,17922
2025-08-21 17:00:00+00:00,23161.25,23181.0,23183.0,23153.25,13603
2025-08-21 17:05:00+00:00,23180.75,23183.25,23195.5,23173.75,12031
2025-08-21 17:10:00+00:00,23183.0,23154.5,23183.0,23153.0,12040
2025-08-21 17:15:00+00:00,23154.75,23135.75,23159.75,23132.25,14847
2025-08-21 17:20:00+00:00,23136.0,23127.5,23143.5,23121.75,14766
2025-08-21 17:25:00+00:00,23128.0,23146.25,23151.25,23119.5,13391
2025-08-21 17:30:00+00:00,23146.25,23174.75,23175.5,23140.75,14424
2025-08-21 17:35:00+00:00,23174.75,23195.25,23201.5,23171.75,13389
2025-08-21 17:40:00+00:00,23195.25,23202.25,23209.0,23190.75,12322
2025-08-21 17:45:00+00:00,23202.25,23210.5,23224.0,23199.75,11831
2025-08-21 17:50:00+00:00,23210.5,23203.5,23219.5,23190.0,11783
2025-08-21 17:55:00+00:00,23203.5,23215.25,23216.0,23199.5,7675
2025-08-21 18:00:00+00:00,23214.5,23209.0,23223.0,23205.25,10198
2025-08-21 18:05:00+00:00,23209.5,23200.25,23218.5,23191.75,9264
2025-08-21 18:10:00+00:00,23199.75,23207.5,23212.75,23188.0,8570
2025-08-21 18:15:00+00:00,23207.0,23214.75,23218.5,23197.25,7400
2025-08-21 18:20:00+00:00,23214.5,23213.25,23219.75,23199.25,6431
2025-08-21 18:25:00+00:00,23213.75,23198.5,23216.25,23197.5,5431
2025-08-21 18:30:00+00:00,23198.5,23202.75,23204.5,23179.25,11129
2025-08-21 18:35:00+00:00,23203.0,23218.0,23222.25,23200.0,9111
2025-08-21 18:40:00+00:00,23218.0,23198.25,23221.75,23196.75,6642
2025-08-21 18:45:00+00:00,23198.25,23199.0,23199.75,23182.25,9071
2025-08-21 18:50:00+00:00,23199.5,23216.5,23225.0,23193.75,9687
2025-08-21 18:55:00+00:00,23216.75,23225.0,23234.75,23203.25,10842
2025-08-21 19:00:00+00:00,23225.5,23231.5,23242.5,23220.5,7978
2025-08-21 19:05:00+00:00,23231.5,23244.25,23251.25,23228.0,8002
2025-08-21 19:10:00+00:00,23244.5,23247.5,23252.25,23241.25,5202
2025-08-21 19:15:00+00:00,23247.75,23245.5,23253.0,23238.25,6799
2025-08-21 19:20:00+00:00,23245.75,23252.25,23254.0,23240.0,6022
2025-08-21 19:25:00+00:00,23252.0,23237.0,23254.75,23234.5,6590
2025-08-21 19:30:00+00:00,23236.75,23229.25,23238.75,23228.0,7545
2025-08-21 19:35:00+00:00,23229.75,23219.25,23232.75,23213.75,8634
2025-08-21 19:40:00+00:00,23219.0,23215.75,23228.0,23208.0,8867
2025-08-21 19:45:00+00:00,23216.0,23221.75,23223.5,23206.25,7175
2025-08-21 19:50:00+00:00,23221.0,23223.0,23234.75,23210.5,16628
2025-08-21 19:55:00+00:00,23224.5,23218.25,23233.0,23203.5,16773
2025-08-21 20:00:00+00:00,23218.0,23206.75,23222.25,23199.5,9110
2025-08-21 20:05:00+00:00,23207.25,23205.0,23209.0,23201.75,2369
2025-08-21 20:10:00+00:00,23204.75,23221.75,23222.25,23203.0,3210
2025-08-21 20:15:00+00:00,23221.5,23219.25,23223.25,23215.0,1580
2025-08-21 20:20:00+00:00,23219.5,23219.25,23220.75,23215.75,846
2025-08-21 20:25:00+00:00,23219.5,23210.75,23221.75,23210.25,1412
2025-08-21 20:30:00+00:00,23211.5,23208.0,23213.5,23207.25,1317
2025-08-21 20:35:00+00:00,23208.0,23216.0,23217.25,23206.75,959
2025-08-21 20:40:00+00:00,23216.0,23217.75,23222.0,23215.75,1116
2025-08-21 20:45:00+00:00,23218.25,23225.25,23225.75,23216.25,1196
2025-08-21 20:50:00+00:00,23225.0,23221.5,23226.25,23220.75,687
2025-08-21 20:55:00+00:00,23221.5,23222.5,23224.75,23216.25,977
2025-08-21 22:00:00+00:00,23228.0,23232.0,23244.75,23223.25,0
2025-08-21 22:05:00+00:00,23232.75,23238.75,23242.5,23230.25,1401
2025-08-21 22:10:00+00:00,23239.0,23238.75,23244.75,23236.75,1210
2025-08-21 22:15:00+00:00,23237.75,23241.5,23246.0,23235.0,1038
2025-08-21 22:20:00+00:00,23241.5,23236.5,23244.75,23236.5,650
2025-08-21 22:25:00+00:00,23236.5,23229.5,23237.5,23228.25,1079
2025-08-21 22:30:00+00:00,23229.75,23232.75,23237.5,23228.5,829
2025-08-21 22:35:00+00:00,23232.5,23240.25,23242.25,23227.75,1056
2025-08-21 22:40:00+00:00,23239.75,23248.0,23248.5,23235.75,999
2025-08-21 22:45:00+00:00,23248.0,23240.5,23250.5,23238.75,1063
2025-08-21 22:50:00+00:00,23240.25,23244.0,23245.75,23240.0,632
2025-08-21 22:55:00+00:00,23243.0,23244.25,23249.0,23243.0,672
2025-08-21 23:00:00+00:00,23244.25,23240.0,23245.0,23239.75,625
2025-08-21 23:05:00+00:00,23240.25,23238.5,23240.75,23235.5,556
2025-08-21 23:10:00+00:00,23238.75,23238.0,23239.5,23236.0,398
2025-08-21 23:15:00+00:00,23238.0,23246.0,23248.5,23238.0,797
2025-08-21 23:20:00+00:00,23246.0,23249.0,23251.0,23245.5,648
2025-08-21 23:25:00+00:00,23249.0,23248.25,23249.75,23245.5,534
2025-08-21 23:30:00+00:00,23247.75,23233.0,23252.25,23231.25,2042
2025-08-21 23:35:00+00:00,23232.75,23241.25,23242.0,23232.5,974
2025-08-21 23:40:00+00:00,23241.5,23237.75,23246.0,23237.5,890
2025-08-21 23:45:00+00:00,23238.0,23242.5,23244.75,23236.75,553
2025-08-21 23:50:00+00:00,23242.25,23246.0,23251.0,23242.0,917
2025-08-21 23:55:00+00:00,23246.0,23248.0,23253.0,23245.5,1064
2025-08-22 00:00:00+00:00,23249.0,23233.75,23250.5,23233.75,3334
2025-08-22 00:05:00+00:00,23234.75,23230.0,23238.5,23212.25,4515
2025-08-22 00:10:00+00:00,23229.5,23195.0,23231.0,23186.75,4478
2025-08-22 00:15:00+00:00,23194.5,23199.5,23200.75,23180.25,4012
2025-08-22 00:20:00+00:00,23200.0,23213.75,23214.0,23200.0,2609
2025-08-22 00:25:00+00:00,23214.0,23199.75,23214.25,23191.5,2229
2025-08-22 00:30:00+00:00,23199.5,23212.25,23219.0,23199.25,2516
2025-08-22 00:35:00+00:00,23212.0,23218.75,23220.5,23212.0,1521
2025-08-22 00:40:00+00:00,23219.0,23215.25,23222.75,23213.5,1265
2025-08-22 00:45:00+00:00,23215.25,23214.75,23219.0,23214.75,727
2025-08-22 00:50:00+00:00,23215.0,23213.75,23217.0,23210.25,855
2025-08-22 00:55:00+00:00,23213.75,23213.25,23217.0,23205.25,1363
2025-08-22 01:00:00+00:00,23213.75,23211.5,23221.75,23207.0,1766
2025-08-22 01:05:00+00:00,23211.0,23195.5,23213.25,23194.25,2323
2025-08-22 01:10:00+00:00,23195.5,23201.25,23204.5,23192.75,1867
2025-08-22 01:15:00+00:00,23201.0,23212.5,23218.0,23196.5,2078
2025-08-22 01:20:00+00:00,23211.75,23200.5,23213.75,23196.5,1553
2025-08-22 01:25:00+00:00,23199.75,23208.25,23209.0,23197.0,1376
2025-08-22 01:30:00+00:00,23207.75,23203.25,23210.75,23197.0,1554
2025-08-22 01:35:00+00:00,23202.75,23200.0,23208.75,23197.25,1275
2025-08-22 01:40:00+00:00,23199.5,23207.0,23209.25,23196.5,1339
2025-08-22 01:45:00+00:00,23207.5,23200.25,23207.5,23198.25,813
2025-08-22 01:50:00+00:00,23199.5,23199.5,23203.25,23196.25,693
2025-08-22 01:55:00+00:00,23199.5,23206.0,23209.5,23199.5,844
2025-08-22 02:00:00+00:00,23206.5,23208.5,23210.5,23204.0,858
2025-08-22 02:05:00+00:00,23208.75,23217.25,23219.75,23208.75,1568
2025-08-22 02:10:00+00:00,23217.5,23226.25,23227.75,23216.0,1854
2025-08-22 02:15:00+00:00,23226.0,23226.0,23229.0,23222.75,942
2025-08-22 02:20:00+00:00,23225.75,23226.25,23229.5,23224.5,934
2025-08-22 02:25:00+00:00,23226.5,23223.75,23228.0,23217.5,1285
2025-08-22 02:30:00+00:00,23224.25,23220.5,23228.25,23220.25,1021
2025-08-22 02:35:00+00:00,23220.5,23225.25,23228.25,23218.25,841
2025-08-22 02:40:00+00:00,23226.5,23229.0,23230.75,23221.0,877
2025-08-22 02:45:00+00:00,23228.75,23226.75,23234.0,23225.75,1011
2025-08-22 02:50:00+00:00,23226.75,23219.75,23227.5,23219.75,734
2025-08-22 02:55:00+00:00,23220.0,23207.25,23220.25,23206.75,1533
2025-08-22 03:00:00+00:00,23206.75,23193.25,23210.75,23192.25,2540
2025-08-22 03:05:00+00:00,23193.0,23200.0,23201.25,23191.75,1464
2025-08-22 03:10:00+00:00,23200.0,23195.0,23202.25,23193.5,983
2025-08-22 03:15:00+00:00,23194.5,23200.0,23202.0,23194.5,785
2025-08-22 03:20:00+00:00,23200.25,23199.75,23203.5,23197.0,797
2025-08-22 03:25:00+00:00,23199.5,23200.0,23202.0,23197.5,516
2025-08-22 03:30:00+00:00,23199.75,23204.75,23206.25,23199.0,624
2025-08-22 03:35:00+00:00,23204.5,23208.25,23210.75,23204.0,929
2025-08-22 03:40:00+00:00,23208.5,23202.0,23208.75,23200.0,694
2025-08-22 03:45:00+00:00,23201.25,23201.25,23202.25,23197.0,652
2025-08-22 03:50:00+00:00,23200.75,23198.75,23201.0,23197.5,341
2025-08-22 03:55:00+00:00,23198.75,23194.75,23201.5,23193.75,742
2025-08-22 04:05:00+00:00,23203.0,23204.75,23206.75,23201.75,1646
2025-08-22 04:10:00+00:00,23205.0,23206.25,23208.0,23204.25,562
2025-08-22 04:15:00+00:00,23206.25,23204.5,23206.75,23201.0,550
2025-08-22 04:20:00+00:00,23204.5,23209.75,23210.75,23202.75,580
2025-08-22 04:25:00+00:00,23209.75,23204.0,23213.0,23203.0,662
2025-08-22 04:30:00+00:00,23204.0,23205.0,23206.0,23201.75,437
2025-08-22 04:35:00+00:00,23205.25,23206.0,23209.5,23202.75,332
2025-08-22 04:40:00+00:00,23206.5,23210.0,23211.0,23206.25,289
2025-08-22 04:45:00+00:00,23210.5,23213.5,23215.75,23210.0,587
2025-08-22 04:50:00+00:00,23213.5,23211.25,23213.75,23210.25,262
2025-08-22 04:55:00+00:00,23211.75,23209.5,23212.0,23207.75,288
2025-08-22 05:00:00+00:00,23209.25,23209.5,23213.0,23207.75,471
2025-08-22 05:05:00+00:00,23210.0,23195.25,23210.25,23194.25,1439
2025-08-22 05:10:00+00:00,23195.5,23198.25,23201.75,23195.0,774
2025-08-22 05:15:00+00:00,23198.25,23192.0,23199.5,23192.0,649
2025-08-22 05:20:00+00:00,23191.75,23190.25,23197.5,23187.0,1470
2025-08-22 05:25:00+00:00,23189.5,23189.5,23192.0,23185.5,831
2025-08-22 05:30:00+00:00,23189.25,23193.75,23195.0,23188.0,1000
2025-08-22 05:35:00+00:00,23193.75,23185.5,23195.0,23184.5,755
2025-08-22 05:40:00+00:00,23185.25,23187.75,23188.75,23180.75,1279
2025-08-22 05:45:00+00:00,23187.75,23194.25,23198.25,23187.25,1035
2025-08-22 05:50:00+00:00,23194.5,23204.25,23205.25,23194.25,1271
2025-08-22 05:55:00+00:00,23204.5,23191.0,23204.75,23189.25,1285
2025-08-22 06:00:00+00:00,23191.0,23178.5,23191.0,23177.75,1690
2025-08-22 06:05:00+00:00,23178.0,23173.75,23182.25,23173.0,1702
2025-08-22 06:10:00+00:00,23173.5,23177.0,23180.25,23170.5,1532
2025-08-22 06:15:00+00:00,23177.5,23173.5,23180.0,23173.25,920
2025-08-22 06:20:00+00:00,23173.5,23170.5,23177.5,23169.5,1096
2025-08-22 06:25:00+00:00,23169.75,23167.5,23170.5,23158.75,2353
2025-08-22 06:30:00+00:00,23168.25,23153.75,23173.25,23147.5,3011
2025-08-22 06:35:00+00:00,23153.5,23135.0,23157.25,23131.0,3739
2025-08-22 06:40:00+00:00,23134.5,23089.75,23134.75,23074.5,10326
2025-08-22 06:45:00+00:00,23089.5,23119.75,23121.5,23080.5,6242
2025-08-22 06:50:00+00:00,23120.25,23141.5,23142.25,23119.75,3537
2025-08-22 06:55:00+00:00,23142.25,23139.0,23143.75,23125.0,2773
2025-08-22 07:00:00+00:00,23138.5,23166.75,23167.75,23134.0,4722
2025-08-22 07:05:00+00:00,23167.5,23169.5,23172.25,23161.75,3454
2025-08-22 07:10:00+00:00,23168.75,23174.25,23179.5,23167.0,2310
2025-08-22 07:15:00+00:00,23174.5,23174.0,23183.5,23166.5,2851
2025-08-22 07:20:00+00:00,23173.5,23178.5,23182.75,23171.5,1824
2025-08-22 07:25:00+00:00,23178.75,23178.5,23185.25,23171.0,1841
2025-08-22 07:30:00+00:00,23178.5,23176.75,23183.25,23173.5,1347
2025-08-22 07:35:00+00:00,23177.25,23176.25,23182.75,23173.5,1046
2025-08-22 07:40:00+00:00,23176.5,23176.25,23180.25,23168.25,1790
2025-08-22 07:45:00+00:00,23176.5,23178.0,23182.25,23171.75,1215
2025-08-22 07:50:00+00:00,23178.5,23189.0,23193.5,23177.75,2302
2025-08-22 07:55:00+00:00,23189.0,23196.25,23201.0,23189.0,2182
2025-08-22 08:00:00+00:00,23195.75,23202.25,23202.25,23191.0,2301
2025-08-22 08:05:00+00:00,23202.0,23223.75,23226.75,23198.0,4493
2025-08-22 08:10:00+00:00,23224.0,23232.0,23236.25,23222.75,2896
2025-08-22 08:15:00+00:00,23232.5,23243.25,23243.75,23225.75,2532
2025-08-22 08:20:00+00:00,23242.75,23235.5,23250.0,23233.25,2734
2025-08-22 08:25:00+00:00,23235.75,23233.0,23242.5,23231.5,1573
2025-08-22 08:30:00+00:00,23233.75,23229.25,23233.75,23223.0,1784
2025-08-22 08:35:00+00:00,23229.0,23241.0,23243.5,23227.25,1621
2025-08-22 08:40:00+00:00,23241.5,23249.25,23256.75,23238.0,2573
2025-08-22 08:45:00+00:00,23249.25,23248.5,23255.0,23247.5,1257
2025-08-22 08:50:00+00:00,23248.0,23246.0,23255.75,23243.25,1485
2025-08-22 08:55:00+00:00,23246.0,23253.75,23254.0,23242.25,918
2025-08-22 09:00:00+00:00,23253.25,23242.5,23253.75,23239.5,1230
2025-08-22 09:05:00+00:00,23242.25,23242.0,23250.0,23240.75,1120
2025-08-22 09:10:00+00:00,23242.25,23246.5,23249.0,23238.0,933
2025-08-22 09:15:00+00:00,23246.5,23247.0,23250.75,23244.25,623
2025-08-22 09:20:00+00:00,23247.0,23242.0,23249.25,23241.75,1108
2025-08-22 09:25:00+00:00,23242.0,23245.0,23247.75,23232.75,1758
2025-08-22 09:30:00+00:00,23244.5,23242.75,23250.0,23241.75,1002
2025-08-22 09:35:00+00:00,23241.75,23236.25,23242.25,23230.25,1402
2025-08-22 09:40:00+00:00,23236.75,23240.5,23247.0,23236.75,1020
2025-08-22 09:45:00+00:00,23240.5,23247.75,23248.25,23237.25,649
2025-08-22 09:50:00+00:00,23247.5,23251.25,23251.25,23241.75,1061
2025-08-22 09:55:00+00:00,23251.0,23252.25,23254.5,23246.25,1136
2025-08-22 10:00:00+00:00,23251.75,23260.75,23262.25,23251.0,2743
2025-08-22 10:05:00+00:00,23261.25,23269.5,23269.5,23259.0,1885
2025-08-22 10:10:00+00:00,23269.5,23266.0,23272.0,23266.0,631
2025-08-22 10:20:00+00:00,23256.19921875,23260.75,23261.5,23255.5,4434
2025-08-22 10:25:00+00:00,23260.75,23268.25,23269.25,23260.0,1204
2025-08-22 10:30:00+00:00,23268.25,23269.25,23274.75,23264.5,1703
2025-08-22 10:35:00+00:00,23269.0,23263.0,23270.75,23261.0,957
2025-08-22 10:40:00+00:00,23263.0,23268.0,23271.0,23261.25,1022
2025-08-22 10:45:00+00:00,23268.75,23264.0,23270.5,23263.0,826
2025-08-22 10:50:00+00:00,23264.5,23263.75,23267.25,23259.5,791
2025-08-22 10:55:00+00:00,23263.75,23265.25,23267.5,23261.0,665
2025-08-22 11:00:00+00:00,23265.5,23268.75,23279.0,23259.75,2737
2025-08-22 11:05:00+00:00,23268.75,23274.75,23281.0,23267.0,1995
2025-08-22 11:10:00+00:00,23274.75,23257.0,23276.5,23255.5,2310
2025-08-22 11:15:00+00:00,23257.25,23254.75,23262.25,23251.25,1870
2025-08-22 11:20:00+00:00,23255.0,23255.25,23258.5,23250.25,1257
2025-08-22 11:25:00+00:00,23256.0,23254.0,23257.25,23252.0,826
2025-08-22 11:30:00+00:00,23253.75,23251.25,23259.5,23244.25,2106
2025-08-22 11:35:00+00:00,23251.25,23246.0,23251.25,23243.0,1391
2025-08-22 11:40:00+00:00,23246.0,23247.0,23250.5,23241.0,1367
2025-08-22 11:45:00+00:00,23246.75,23255.5,23256.0,23246.5,1470
2025-08-22 11:50:00+00:00,23255.25,23255.0,23259.75,23253.25,1299
2025-08-22 11:55:00+00:00,23254.75,23252.5,23256.75,23246.0,1510
2025-08-22 12:00:00+00:00,23252.5,23256.0,23260.75,23247.75,1833
2025-08-22 12:05:00+00:00,23256.0,23255.5,23261.5,23253.0,835
2025-08-22 12:10:00+00:00,23255.0,23255.25,23260.5,23245.5,2780
2025-08-22 12:15:00+00:00,23255.0,23266.5,23269.25,23252.0,2555
2025-08-22 12:20:00+00:00,23267.25,23264.75,23271.5,23263.25,1629
2025-08-22 12:25:00+00:00,23264.25,23271.75,23275.0,23261.5,1843
2025-08-22 12:30:00+00:00,23271.25,23257.25,23272.5,23256.5,2773
2025-08-22 12:35:00+00:00,23257.0,23259.5,23259.75,23244.0,3783
2025-08-22 12:40:00+00:00,23259.5,23256.0,23259.75,23249.5,2412
2025-08-22 12:45:00+00:00,23255.5,23249.0,23262.5,23247.5,2949
2025-08-22 12:50:00+00:00,23249.0,23247.5,23256.75,23246.0,2345
2025-08-22 12:55:00+00:00,23247.75,23242.5,23249.5,23239.75,3345
2025-08-22 13:00:00+00:00,23242.5,23253.25,23254.0,23237.5,3993
2025-08-22 13:05:00+00:00,23253.5,23256.0,23263.75,23252.0,4045
2025-08-22 13:10:00+00:00,23256.0,23252.0,23258.75,23246.25,3191
2025-08-22 13:15:00+00:00,23252.0,23259.5,23262.5,23248.0,2627
2025-08-22 13:20:00+00:00,23259.75,23255.25,23264.75,23255.0,2691
2025-08-22 13:25:00+00:00,23255.0,23265.75,23266.0,23246.75,6195
2025-08-22 13:30:00+00:00,23265.25,23233.5,23273.5,23206.25,40452
2025-08-22 13:35:00+00:00,23233.5,23276.75,23284.0,23226.5,27338
2025-08-22 13:40:00+00:00,23277.25,23322.25,23324.0,23266.25,30766
2025-08-22 13:45:00+00:00,23322.5,23333.75,23337.25,23294.0,28247
2025-08-22 13:50:00+00:00,23333.25,23311.75,23343.0,23305.5,20917
2025-08-22 13:55:00+00:00,23311.75,23265.25,23316.5,23240.0,25063
2025-08-22 14:00:00+00:00,23269.5,23485.75,23536.0,23269.5,75439
2025-08-22 14:05:00+00:00,23485.5,23570.0,23585.5,23483.25,62335
2025-08-22 14:10:00+00:00,23570.5,23587.0,23595.0,23541.25,40294
2025-08-22 14:15:00+00:00,23587.0,23566.0,23633.5,23557.0,48596
2025-08-22 14:20:00+00:00,23567.25,23539.75,23577.75,23492.25,49365
2025-08-22 14:25:00+00:00,23540.25,23553.75,23584.75,23525.0,39882
2025-08-22 14:30:00+00:00,23554.25,23590.0,23600.25,23554.25,30676
2025-08-22 14:35:00+00:00,23590.0,23585.5,23613.75,23578.25,23090
2025-08-22 14:40:00+00:00,23585.5,23621.25,23625.75,23585.5,26280
2025-08-22 14:45:00+00:00,23620.75,23612.5,23644.0,23608.0,26506
2025-08-22 14:50:00+00:00,23612.5,23618.5,23627.0,23594.0,19269
2025-08-22 14:55:00+00:00,23618.5,23602.75,23635.25,23602.75,16627
2025-08-22 15:00:00+00:00,23603.25,23646.5,23650.0,23601.25,16528
2025-08-22 15:05:00+00:00,23646.0,23625.25,23646.75,23620.75,13182
2025-08-22 15:10:00+00:00,23624.0,23621.75,23648.75,23618.0,14080
2025-08-22 15:15:00+00:00,23621.5,23630.25,23637.25,23617.0,9839
2025-08-22 15:20:00+00:00,23630.0,23610.75,23636.5,23610.75,10309
2025-08-22 15:25:00+00:00,23611.75,23621.0,23628.25,23605.25,12947
2025-08-22 15:30:00+00:00,23621.0,23639.0,23645.0,23620.0,11544
2025-08-22 15:35:00+00:00,23638.25,23613.5,23645.75,23607.0,12106
2025-08-22 15:40:00+00:00,23614.25,23615.25,23620.5,23606.5,7983
2025-08-22 15:45:00+00:00,23616.0,23590.25,23625.5,23585.25,14910
2025-08-22 15:50:00+00:00,23590.25,23584.25,23595.0,23577.75,13039
2025-08-22 15:55:00+00:00,23584.75,23569.0,23595.0,23565.0,14981
2025-08-22 16:00:00+00:00,23569.25,23588.0,23592.0,23566.5,12682
2025-08-22 16:05:00+00:00,23588.25,23572.5,23589.0,23570.0,8287
2025-08-22 16:10:00+00:00,23572.5,23555.5,23579.25,23545.0,12627
2025-08-22 16:15:00+00:00,23555.5,23544.0,23560.25,23523.75,19303
2025-08-22 16:20:00+00:00,23544.25,23550.5,23566.75,23538.0,13209
2025-08-22 16:25:00+00:00,23550.75,23533.75,23551.25,23524.75,11333
2025-08-22 16:30:00+00:00,23533.5,23551.25,23556.25,23531.75,10130
2025-08-22 16:35:00+00:00,23551.0,23546.0,23562.5,23545.25,9417
2025-08-22 16:40:00+00:00,23546.25,23545.5,23558.75,23537.0,8307
2025-08-22 16:45:00+00:00,23545.0,23544.0,23552.75,23540.5,5381
2025-08-22 16:50:00+00:00,23544.0,23531.25,23550.25,23524.5,8817
2025-08-22 16:55:00+00:00,23530.5,23528.5,23533.5,23507.0,13126
2025-08-22 17:00:00+00:00,23528.25,23554.0,23556.25,23527.75,10624
2025-08-22 17:05:00+00:00,23554.25,23561.5,23570.0,23553.0,10575
2025-08-22 17:10:00+00:00,23561.5,23579.0,23586.25,23555.25,15277
2025-08-22 17:15:00+00:00,23579.0,23588.5,23589.75,23574.25,7665
2025-08-22 17:20:00+00:00,23587.75,23601.0,23608.25,23585.5,9907
2025-08-22 17:25:00+00:00,23600.75,23616.0,23616.25,23599.5,7657
2025-08-22 17:30:00+00:00,23616.0,23604.5,23618.75,23602.75,8799
2025-08-22 17:35:00+00:00,23605.0,23609.5,23614.25,23600.0,5326
2025-08-22 17:40:00+00:00,23610.0,23615.25,23616.0,23604.0,4566
2025-08-22 17:45:00+00:00,23615.25,23608.25,23622.25,23607.5,6692
2025-08-22 17:50:00+00:00,23607.75,23619.25,23620.0,23607.75,4130
2025-08-22 17:55:00+00:00,23619.5,23605.5,23625.25,23601.0,7848
2025-08-22 18:00:00+00:00,23606.25,23614.0,23617.0,23605.25,5255
2025-08-22 18:05:00+00:00,23614.0,23605.0,23615.25,23594.5,7860
2025-08-22 18:10:00+00:00,23605.0,23604.0,23612.75,23600.75,4475
2025-08-22 18:15:00+00:00,23604.25,23597.0,23606.5,23595.25,4277
2025-08-22 18:20:00+00:00,23597.0,23593.25,23603.5,23587.25,7517
2025-08-22 18:25:00+00:00,23593.5,23595.0,23606.0,23589.5,5719
2025-08-22 18:30:00+00:00,23595.5,23606.0,23608.5,23594.5,5052
2025-08-22 18:35:00+00:00,23606.25,23603.5,23615.5,23600.0,5888
2025-08-22 18:40:00+00:00,23603.75,23595.25,23604.0,23589.5,6070
2025-08-22 18:45:00+00:00,23595.5,23601.25,23608.5,23592.5,5141
2025-08-22 18:50:00+00:00,23601.75,23597.5,23604.25,23591.0,4608
2025-08-22 18:55:00+00:00,23597.75,23586.25,23597.75,23581.5,5821
2025-08-22 19:00:00+00:00,23586.25,23589.0,23594.0,23582.5,5444
2025-08-22 19:05:00+00:00,23589.0,23577.75,23590.0,23575.5,5059
2025-08-22 19:10:00+00:00,23577.5,23581.5,23585.25,23572.0,5881
2025-08-22 19:15:00+00:00,23581.5,23572.0,23583.25,23569.5,5900
2025-08-22 19:20:00+00:00,23572.0,23582.75,23584.25,23566.25,5938
2025-08-22 19:25:00+00:00,23582.5,23575.25,23584.75,23572.75,5836
2025-08-22 19:30:00+00:00,23575.5,23569.75,23582.5,23559.75,7547
2025-08-22 19:35:00+00:00,23569.5,23542.75,23569.5,23538.0,10208
2025-08-22 19:40:00+00:00,23542.5,23554.0,23555.75,23531.25,11529
2025-08-22 19:45:00+00:00,23554.0,23565.5,23571.75,23551.5,9013
2025-08-22 19:50:00+00:00,23564.75,23562.75,23582.5,23556.0,16624
2025-08-22 19:55:00+00:00,23563.0,23565.75,23576.5,23548.0,19781
2025-08-22 20:00:00+00:00,23565.25,23563.5,23574.25,23549.75,8989
2025-08-22 20:05:00+00:00,23563.5,23573.5,23576.25,23559.5,3166
2025-08-22 20:10:00+00:00,23574.0,23577.5,23580.75,23564.5,2987
2025-08-22 20:15:00+00:00,23577.5,23577.0,23583.25,23572.5,2038
2025-08-22 20:20:00+00:00,23577.5,23587.25,23587.25,23577.25,1202
2025-08-22 20:25:00+00:00,23586.75,23578.0,23587.5,23577.75,1229
2025-08-22 20:30:00+00:00,23578.25,23580.0,23581.5,23575.0,1342
2025-08-22 20:35:00+00:00,23580.5,23582.75,23584.0,23579.0,1511
2025-08-22 20:40:00+00:00,23583.0,23579.25,23585.25,23578.25,1371
2025-08-22 20:45:00+00:00,23579.5,23579.0,23581.25,23575.75,1043
2025-08-22 20:50:00+00:00,23578.75,23580.25,23580.75,23574.75,1374
2025-08-22 20:55:00+00:00,23580.0,23569.75,23584.0,23569.75,1496
2025-08-24 22:00:00+00:00,23600.0,23572.5,23610.0,23570.25,4145
2025-08-24 22:05:00+00:00,23572.0,23556.5,23574.75,23548.0,3692
2025-08-24 22:10:00+00:00,23557.25,23561.0,23565.0,23549.0,2339
2025-08-24 22:15:00+00:00,23560.75,23553.5,23569.75,23551.75,2218
2025-08-24 22:20:00+00:00,23554.25,23558.0,23560.5,23551.5,1128
2025-08-24 22:25:00+00:00,23558.25,23549.75,23559.5,23548.75,1289
2025-08-24 22:30:00+00:00,23549.25,23549.25,23552.75,23545.0,1727
2025-08-24 22:35:00+00:00,23549.25,23555.0,23555.0,23548.75,791
2025-08-24 22:40:00+00:00,23555.0,23562.0,23563.0,23553.25,1485
2025-08-24 22:45:00+00:00,23562.0,23564.5,23565.75,23558.75,1221
2025-08-24 22:50:00+00:00,23564.75,23568.5,23570.5,23563.25,1285
2025-08-24 22:55:00+00:00,23568.25,23571.0,23574.5,23566.5,1341
2025-08-24 23:00:00+00:00,23571.25,23573.0,23577.5,23564.75,1712
2025-08-24 23:05:00+00:00,23572.5,23574.25,23578.25,23568.75,1137
2025-08-24 23:10:00+00:00,23574.5,23573.75,23578.5,23568.5,905
2025-08-24 23:15:00+00:00,23573.25,23568.0,23576.25,23565.5,850
2025-08-24 23:20:00+00:00,23567.75,23569.25,23575.75,23565.5,1514
2025-08-24 23:25:00+00:00,23570.0,23572.25,23579.0,23568.25,1062
2025-08-24 23:30:00+00:00,23572.25,23573.75,23575.75,23558.75,2018
2025-08-24 23:35:00+00:00,23574.25,23581.25,23588.0,23574.25,2743
2025-08-24 23:40:00+00:00,23581.5,23583.0,23589.25,23578.25,1358
2025-08-24 23:45:00+00:00,23583.25,23569.0,23587.75,23567.0,2332
2025-08-24 23:50:00+00:00,23569.0,23572.25,23575.25,23564.0,1501
2025-08-24 23:55:00+00:00,23572.75,23574.5,23577.0,23566.0,1039
2025-08-25 00:00:00+00:00,23575.0,23591.75,23592.0,23571.5,2926
2025-08-25 00:05:00+00:00,23592.0,23586.75,23597.5,23583.75,2666
2025-08-25 00:10:00+00:00,23586.25,23575.25,23588.5,23573.0,2839
2025-08-25 00:15:00+00:00,23574.75,23576.0,23582.5,23567.0,1738
2025-08-25 00:20:00+00:00,23575.75,23571.0,23578.5,23570.0,1010
2025-08-25 00:25:00+00:00,23571.25,23568.25,23575.5,23565.25,1596
2025-08-25 00:30:00+00:00,23568.25,23558.75,23569.5,23557.0,1867
2025-08-25 00:35:00+00:00,23558.5,23557.75,23564.25,23555.0,1715
2025-08-25 00:40:00+00:00,23557.25,23562.0,23564.0,23557.25,1361
2025-08-25 00:45:00+00:00,23561.5,23560.25,23565.0,23557.5,1356
2025-08-25 00:50:00+00:00,23559.5,23556.75,23560.5,23550.25,1886
2025-08-25 00:55:00+00:00,23556.25,23555.75,23561.5,23552.0,1097
2025-08-25 01:00:00+00:00,23555.75,23549.5,23558.25,23548.0,1442
2025-08-25 01:05:00+00:00,23548.75,23550.25,23552.25,23545.5,1234
2025-08-25 01:10:00+00:00,23550.75,23543.5,23551.75,23541.25,1039
2025-08-25 01:15:00+00:00,23543.75,23542.5,23547.25,23541.5,1236
2025-08-25 01:20:00+00:00,23542.75,23548.0,23550.75,23540.75,1565
2025-08-25 01:25:00+00:00,23547.0,23549.25,23552.5,23546.5,1159
2025-08-25 01:30:00+00:00,23548.75,23538.75,23550.75,23538.0,1750
2025-08-25 01:35:00+00:00,23538.75,23541.5,23541.75,23535.0,1435
2025-08-25 01:40:00+00:00,23541.25,23536.0,23542.25,23535.5,1021
2025-08-25 01:45:00+00:00,23535.75,23538.25,23541.0,23534.25,942
2025-08-25 01:50:00+00:00,23537.5,23537.5,23540.5,23535.0,696
2025-08-25 01:55:00+00:00,23537.0,23535.5,23539.0,23534.25,894
2025-08-25 02:00:00+00:00,23534.75,23536.0,23538.75,23534.25,878
2025-08-25 02:05:00+00:00,23536.5,23539.75,23543.0,23535.5,1109
2025-08-25 02:10:00+00:00,23540.25,23540.25,23540.75,23531.0,1639
2025-08-25 02:15:00+00:00,23539.75,23547.25,23549.75,23539.75,1944
2025-08-25 02:20:00+00:00,23547.5,23544.5,23548.0,23543.25,983
2025-08-25 02:25:00+00:00,23543.5,23543.75,23545.5,23536.25,1299
2025-08-25 02:30:00+00:00,23543.0,23541.5,23543.75,23535.5,1132
2025-08-25 02:35:00+00:00,23541.5,23542.75,23546.5,23541.25,817
2025-08-25 02:40:00+00:00,23542.5,23538.25,23543.25,23536.75,566
2025-08-25 02:45:00+00:00,23538.25,23542.75,23543.25,23537.25,449
2025-08-25 02:50:00+00:00,23542.25,23529.5,23542.5,23518.5,3123
2025-08-25 02:55:00+00:00,23529.5,23524.25,23530.75,23522.75,905
2025-08-25 03:00:00+00:00,23524.5,23525.75,23527.0,23521.5,1072
2025-08-25 03:05:00+00:00,23526.0,23525.25,23529.5,23520.25,1118
2025-08-25 03:10:00+00:00,23526.0,23532.0,23532.5,23525.0,886
2025-08-25 03:15:00+00:00,23532.5,23531.0,23535.5,23529.0,1081
2025-08-25 03:20:00+00:00,23530.5,23530.5,23532.25,23528.5,569
2025-08-25 03:25:00+00:00,23530.75,23535.75,23536.25,23530.25,627
2025-08-25 03:30:00+00:00,23535.75,23534.5,23536.25,23530.5,671
2025-08-25 03:35:00+00:00,23534.75,23543.5,23545.25,23534.0,1521
2025-08-25 03:40:00+00:00,23542.75,23547.5,23550.75,23540.75,1846
2025-08-25 03:45:00+00:00,23548.0,23548.25,23550.5,23545.5,735
2025-08-25 03:50:00+00:00,23548.5,23547.25,23552.25,23546.75,783
2025-08-25 03:55:00+00:00,23547.0,23548.5,23550.0,23547.0,334
2025-08-25 04:00:00+00:00,23547.5,23545.75,23548.5,23545.25,1101
2025-08-25 04:05:00+00:00,23545.5,23548.75,23549.0,23544.0,600
2025-08-25 04:10:00+00:00,23548.25,23548.25,23549.75,23546.75,418
2025-08-25 04:15:00+00:00,23548.0,23556.75,23557.75,23547.75,1288
2025-08-25 04:20:00+00:00,23557.25,23556.75,23559.25,23555.0,848
2025-08-25 04:25:00+00:00,23557.0,23554.25,23557.0,23550.0,894
2025-08-25 04:30:00+00:00,23554.5,23556.5,23558.0,23553.5,562
2025-08-25 04:35:00+00:00,23556.0,23557.75,23558.75,23555.75,387
2025-08-25 04:40:00+00:00,23557.25,23558.25,23559.0,23556.5,352
2025-08-25 04:45:00+00:00,23558.0,23554.0,23558.25,23552.5,408
2025-08-25 04:50:00+00:00,23554.0,23555.25,23557.25,23553.25,376
2025-08-25 04:55:00+00:00,23554.75,23554.25,23556.75,23554.0,246
2025-08-25 05:00:00+00:00,23555.25,23555.5,23556.0,23550.5,722
2025-08-25 05:05:00+00:00,23555.75,23560.5,23561.5,23553.0,804
2025-08-25 05:10:00+00:00,23560.25,23563.25,23565.5,23559.0,1106
2025-08-25 05:15:00+00:00,23563.0,23564.5,23564.5,23558.75,557
2025-08-25 05:20:00+00:00,23564.75,23559.5,23568.5,23559.5,1042
2025-08-25 05:25:00+00:00,23559.75,23559.25,23561.5,23556.0,819
2025-08-25 05:30:00+00:00,23559.0,23552.5,23559.0,23552.5,939
2025-08-25 05:35:00+00:00,23553.25,23555.0,23555.0,23551.5,533
2025-08-25 05:40:00+00:00,23554.75,23560.5,23560.75,23553.5,591
2025-08-25 05:45:00+00:00,23560.75,23560.0,23564.5,23559.25,696
2025-08-25 05:50:00+00:00,23560.0,23563.5,23564.5,23559.5,464
2025-08-25 05:55:00+00:00,23564.0,23565.5,23565.75,23559.5,520
2025-08-25 06:00:00+00:00,23565.75,23561.0,23568.5,23557.5,1347
2025-08-25 06:05:00+00:00,23561.5,23559.75,23561.75,23559.0,435
2025-08-25 06:10:00+00:00,23559.5,23558.5,23560.5,23555.5,630
2025-08-25 06:15:00+00:00,23559.0,23558.5,23562.75,23558.0,784
2025-08-25 06:20:00+00:00,23558.75,23555.75,23559.25,23555.0,539
2025-08-25 06:25:00+00:00,23555.75,23559.25,23559.5,23555.25,512
2025-08-25 06:30:00+00:00,23559.0,23555.75,23559.5,23552.75,743
2025-08-25 06:35:00+00:00,23555.5,23543.25,23555.75,23542.0,1555
2025-08-25 06:40:00+00:00,23543.25,23543.75,23547.75,23541.25,1469
2025-08-25 06:45:00+00:00,23544.25,23541.5,23544.75,23537.5,1466
2025-08-25 06:50:00+00:00,23541.0,23540.75,23542.0,23537.5,729
2025-08-25 06:55:00+00:00,23541.0,23522.25,23541.0,23519.25,2689
2025-08-25 07:00:00+00:00,23521.75,23526.5,23532.0,23508.25,4520
2025-08-25 07:05:00+00:00,23527.25,23533.5,23536.75,23525.5,1622
2025-08-25 07:10:00+00:00,23533.75,23523.0,23534.5,23520.5,1553
2025-08-25 07:15:00+00:00,23523.5,23529.25,23534.25,23522.25,1673
2025-08-25 07:20:00+00:00,23528.5,23524.0,23533.5,23523.5,1229
2025-08-25 07:25:00+00:00,23524.75,23523.0,23529.25,23520.75,752
2025-08-25 07:30:00+00:00,23523.0,23518.75,23523.75,23517.0,1439
2025-08-25 07:35:00+00:00,23519.0,23523.5,23524.25,23515.75,1218
2025-08-25 07:40:00+00:00,23523.0,23529.0,23529.25,23522.75,1011
2025-08-25 07:45:00+00:00,23529.25,23529.25,23535.0,23527.5,1479
2025-08-25 07:50:00+00:00,23529.25,23528.75,23530.25,23521.5,1227
2025-08-25 07:55:00+00:00,23529.75,23526.0,23531.25,23525.0,688
2025-08-25 08:00:00+00:00,23526.0,23534.25,23538.5,23523.75,2091
2025-08-25 08:05:00+00:00,23535.0,23525.25,23536.0,23521.75,1334
2025-08-25 08:10:00+00:00,23525.5,23526.5,23529.5,23521.75,717
2025-08-25 08:20:00+00:00,23511.19921875,23518.25,23518.25,23510.5,3598
2025-08-25 08:25:00+00:00,23518.0,23527.5,23529.25,23517.5,1212
2025-08-25 08:30:00+00:00,23527.75,23531.0,23532.0,23526.25,736
2025-08-25 08:35:00+00:00,23531.0,23532.25,23535.25,23527.75,1137
2025-08-25 08:40:00+00:00,23532.5,23514.25,23532.5,23512.75,1452
2025-08-25 08:45:00+00:00,23515.25,23522.5,23522.5,23512.25,1181
2025-08-25 08:50:00+00:00,23522.5,23516.25,23523.75,23515.75,749
2025-08-25 08:55:00+00:00,23515.75,23510.0,23516.25,23505.5,1786
2025-08-25 09:00:00+00:00,23510.0,23510.0,23513.0,23503.0,1732
2025-08-25 09:05:00+00:00,23510.0,23501.5,23512.25,23500.0,1755
2025-08-25 09:10:00+00:00,23501.5,23495.0,23503.75,23491.0,3076
2025-08-25 09:15:00+00:00,23494.25,23494.0,23500.0,23492.75,1292
2025-08-25 09:20:00+00:00,23493.5,23488.5,23495.5,23486.5,2087
2025-08-25 09:25:00+00:00,23489.0,23491.25,23492.5,23487.0,813
2025-08-25 09:30:00+00:00,23491.75,23497.75,23499.75,23486.25,2239
2025-08-25 09:35:00+00:00,23498.25,23496.25,23499.5,23494.5,832
2025-08-25 09:40:00+00:00,23496.25,23492.25,23496.5,23491.25,853
2025-08-25 09:45:00+00:00,23493.25,23491.25,23493.75,23488.75,708
2025-08-25 09:50:00+00:00,23491.0,23490.25,23493.0,23487.5,773
2025-08-25 09:55:00+00:00,23490.5,23504.0,23504.75,23489.5,1560
2025-08-25 10:00:00+00:00,23504.0,23500.0,23504.75,23497.5,1181
2025-08-25 10:05:00+00:00,23499.75,23500.0,23502.5,23498.5,588
2025-08-25 10:10:00+00:00,23500.5,23500.5,23500.5,23500.5,4
2025-08-25 10:20:00+00:00,23488.5,23483.75,23490.75,23482.75,3726
2025-08-25 10:25:00+00:00,23483.5,23477.75,23485.75,23472.5,2559
2025-08-25 10:30:00+00:00,23477.5,23484.25,23485.5,23462.0,4587
2025-08-25 10:35:00+00:00,23484.75,23487.25,23487.75,23478.75,1288
2025-08-25 10:40:00+00:00,23487.25,23489.0,23491.5,23482.5,1238
2025-08-25 10:45:00+00:00,23488.75,23491.5,23494.5,23483.25,1221
2025-08-25 10:50:00+00:00,23491.5,23484.5,23493.0,23482.5,1134
2025-08-25 10:55:00+00:00,23483.75,23479.75,23487.75,23479.25,949
2025-08-25 11:00:00+00:00,23480.75,23475.5,23485.5,23469.75,2885
2025-08-25 11:05:00+00:00,23475.75,23486.25,23486.5,23474.0,1097
2025-08-25 11:10:00+00:00,23486.5,23493.25,23494.25,23482.25,1755
2025-08-25 11:15:00+00:00,23493.75,23496.25,23498.75,23491.75,1661
2025-08-25 11:20:00+00:00,23496.75,23494.25,23497.5,23491.25,1294
2025-08-25 11:25:00+00:00,23494.75,23497.75,23498.75,23493.0,652
2025-08-25 11:30:00+00:00,23497.5,23494.5,23501.0,23490.75,1228
2025-08-25 11:35:00+00:00,23494.5,23493.0,23496.75,23490.25,670
2025-08-25 11:40:00+00:00,23493.5,23491.0,23494.75,23490.0,749
2025-08-25 11:45:00+00:00,23491.25,23491.0,23498.5,23490.25,1527
2025-08-25 11:50:00+00:00,23491.0,23499.25,23500.5,23490.75,1338
2025-08-25 11:55:00+00:00,23499.5,23497.25,23501.0,23496.0,997
2025-08-25 12:00:00+00:00,23497.25,23479.25,23497.75,23475.75,3542
2025-08-25 12:05:00+00:00,23480.0,23466.5,23480.75,23464.25,3603
2025-08-25 12:10:00+00:00,23467.0,23471.75,23474.0,23465.25,2024
2025-08-25 12:15:00+00:00,23471.75,23474.0,23477.25,23466.0,2190
2025-08-25 12:20:00+00:00,23473.75,23477.25,23481.25,23470.0,2103
2025-08-25 12:25:00+00:00,23477.0,23470.5,23479.5,23469.5,1870
2025-08-25 12:30:00+00:00,23470.0,23476.25,23476.75,23463.0,2799
2025-08-25 12:35:00+00:00,23475.75,23471.0,23477.0,23463.5,2327
2025-08-25 12:40:00+00:00,23470.75,23482.75,23484.75,23470.25,2633
2025-08-25 12:45:00+00:00,23483.0,23482.5,23484.5,23478.25,1599
2025-08-25 12:50:00+00:00,23482.5,23481.25,23485.5,23479.75,1151
2025-08-25 12:55:00+00:00,23480.75,23479.5,23485.25,23476.75,1550
2025-08-25 13:00:00+00:00,23479.25,23489.75,23492.25,23476.0,3692
2025-08-25 13:05:00+00:00,23489.75,23480.75,23491.0,23479.0,2454
2025-08-25 13:10:00+00:00,23480.75,23485.25,23485.5,23476.75,2747
2025-08-25 13:15:00+00:00,23484.75,23484.75,23489.0,23479.5,2267
2025-08-25 13:20:00+00:00,23485.0,23486.25,23487.75,23483.5,1548
2025-08-25 13:25:00+00:00,23486.5,23496.0,23499.5,23486.0,7740
2025-08-25 13:30:00+00:00,23496.0,23470.75,23518.5,23445.0,47314
2025-08-25 13:35:00+00:00,23470.0,23500.0,23511.75,23468.25,30539
2025-08-25 13:40:00+00:00,23500.25,23480.75,23501.5,23466.0,28214
2025-08-25 13:45:00+00:00,23480.75,23492.25,23496.5,23448.5,26909
2025-08-25 13:50:00+00:00,23491.75,23487.25,23496.25,23466.75,20525
2025-08-25 13:55:00+00:00,23486.75,23519.5,23520.5,23480.75,20212
2025-08-25 14:00:00+00:00,23519.0,23542.5,23543.5,23504.5,33657
2025-08-25 14:05:00+00:00,23542.25,23548.75,23555.5,23531.0,19308
2025-08-25 14:10:00+00:00,23548.75,23551.5,23558.0,23531.5,19625
2025-08-25 14:15:00+00:00,23551.25,23535.5,23561.0,23535.0,17265
2025-08-25 14:20:00+00:00,23535.25,23545.25,23549.5,23518.25,22386
2025-08-25 14:25:00+00:00,23544.5,23541.0,23555.5,23533.75,15899
2025-08-25 14:30:00+00:00,23540.25,23545.75,23556.0,23531.25,15714
2025-08-25 14:35:00+00:00,23546.0,23550.5,23567.0,23545.5,16209
2025-08-25 14:40:00+00:00,23550.5,23540.25,23555.0,23532.5,17901
2025-08-25 14:45:00+00:00,23539.75,23572.0,23575.0,23533.25,18615
2025-08-25 14:50:00+00:00,23571.5,23558.75,23573.75,23554.5,12426
2025-08-25 14:55:00+00:00,23558.75,23570.75,23573.0,23544.5,15396
2025-08-25 15:00:00+00:00,23570.75,23580.75,23581.5,23564.5,14808
2025-08-25 15:05:00+00:00,23580.5,23576.75,23586.75,23570.75,11235
2025-08-25 15:10:00+00:00,23577.25,23586.0,23590.75,23568.0,14813
2025-08-25 15:15:00+00:00,23586.0,23584.0,23593.75,23580.5,9234
2025-08-25 15:20:00+00:00,23584.25,23598.5,23603.75,23583.5,12422
2025-08-25 15:25:00+00:00,23598.5,23599.0,23601.75,23595.0,5295
2025-08-25 15:30:00+00:00,23598.75,23593.5,23607.0,23591.5,11071
2025-08-25 15:35:00+00:00,23593.75,23592.0,23598.75,23579.0,12383
2025-08-25 15:40:00+00:00,23591.75,23593.0,23595.5,23582.25,6732
2025-08-25 15:45:00+00:00,23593.25,23589.5,23597.75,23584.5,6878
2025-08-25 15:50:00+00:00,23589.5,23604.75,23616.75,23588.25,13489
2025-08-25 15:55:00+00:00,23604.75,23600.75,23609.25,23596.0,8004
2025-08-25 16:00:00+00:00,23600.75,23601.75,23608.25,23597.25,5633
2025-08-25 16:05:00+00:00,23601.5,23606.0,23614.0,23599.0,5982
2025-08-25 16:10:00+00:00,23605.5,23608.75,23611.25,23598.0,5432
2025-08-25 16:15:00+00:00,23609.0,23596.0,23611.0,23593.75,6217
2025-08-25 16:20:00+00:00,23596.25,23603.5,23606.5,23595.0,5143
2025-08-25 16:25:00+00:00,23603.25,23598.25,23605.75,23596.25,3413
2025-08-25 16:30:00+00:00,23598.0,23596.5,23600.0,23587.75,6925
2025-08-25 16:35:00+00:00,23596.25,23601.0,23603.75,23588.75,7311
2025-08-25 16:40:00+00:00,23600.75,23606.75,23610.0,23596.0,5552
2025-08-25 16:45:00+00:00,23606.75,23604.25,23612.5,23601.25,5869
2025-08-25 16:50:00+00:00,23603.75,23597.75,23606.0,23591.5,6125
2025-08-25 16:55:00+00:00,23597.0,23596.25,23601.75,23590.0,4779
2025-08-25 17:00:00+00:00,23596.25,23578.25,23598.0,23570.0,12598
2025-08-25 17:05:00+00:00,23578.25,23589.25,23591.0,23575.0,8118
2025-08-25 17:10:00+00:00,23588.5,23584.5,23595.0,23583.75,5626
2025-08-25 17:15:00+00:00,23584.5,23588.75,23590.0,23580.0,5052
2025-08-25 17:20:00+00:00,23588.75,23587.25,23592.5,23581.5,4716
2025-08-25 17:25:00+00:00,23587.75,23584.25,23587.75,23573.25,7450
2025-08-25 17:30:00+00:00,23584.0,23578.0,23591.0,23577.0,6087
2025-08-25 17:35:00+00:00,23577.75,23573.5,23580.25,23570.75,4957
2025-08-25 17:40:00+00:00,23573.5,23573.25,23575.0,23557.25,11769
2025-08-25 17:45:00+00:00,23573.0,23579.75,23580.0,23572.25,5211
2025-08-25 17:50:00+00:00,23579.0,23582.75,23587.25,23577.5,5287
2025-08-25 17:55:00+00:00,23583.25,23578.0,23589.0,23576.0,5234
2025-08-25 18:00:00+00:00,23578.25,23575.75,23580.25,23569.75,6676
2025-08-25 18:05:00+00:00,23575.5,23576.75,23579.75,23568.0,4496
2025-08-25 18:10:00+00:00,23577.0,23582.0,23583.0,23572.25,3793
2025-08-25 18:15:00+00:00,23581.75,23565.75,23584.75,23565.0,5813
2025-08-25 18:20:00+00:00,23565.75,23567.5,23575.0,23553.5,9773
2025-08-25 18:25:00+00:00,23567.5,23565.5,23572.5,23562.75,4477
2025-08-25 18:30:00+00:00,23564.75,23565.0,23572.0,23562.75,4397
2025-08-25 18:35:00+00:00,23564.5,23562.5,23569.25,23560.75,3780
2025-08-25 18:40:00+00:00,23562.5,23552.75,23564.25,23552.0,6158
2025-08-25 18:45:00+00:00,23553.25,23561.25,23564.0,23549.25,7131
2025-08-25 18:50:00+00:00,23562.0,23558.0,23566.5,23557.0,4563
2025-08-25 18:55:00+00:00,23558.25,23552.25,23565.25,23551.75,4531
2025-08-25 19:00:00+00:00,23552.5,23553.25,23558.5,23547.5,5753
2025-08-25 19:05:00+00:00,23553.0,23568.25,23568.75,23551.0,6124
2025-08-25 19:10:00+00:00,23568.0,23565.75,23573.75,23565.5,6293
2025-08-25 19:15:00+00:00,23565.75,23553.75,23567.25,23545.75,10135
2025-08-25 19:20:00+00:00,23553.75,23552.75,23559.25,23551.0,4103
2025-08-25 19:25:00+00:00,23553.25,23552.25,23557.5,23548.0,3450
2025-08-25 19:30:00+00:00,23552.5,23547.75,23557.75,23544.5,5218
2025-08-25 19:35:00+00:00,23547.25,23551.5,23553.5,23545.25,3895
2025-08-25 19:40:00+00:00,23550.75,23545.0,23554.25,23541.5,5367
2025-08-25 19:45:00+00:00,23544.75,23546.75,23549.25,23539.25,6452
2025-08-25 19:50:00+00:00,23547.0,23540.5,23557.0,23533.75,13403
2025-08-25 19:55:00+00:00,23540.25,23495.5,23540.25,23488.75,27174
2025-08-25 20:00:00+00:00,23495.75,23509.5,23512.25,23485.5,12972
2025-08-25 20:05:00+00:00,23509.5,23510.25,23517.5,23506.5,3842
2025-08-25 20:10:00+00:00,23510.5,23511.5,23515.0,23508.25,2066
2025-08-25 20:15:00+00:00,23512.0,23512.25,23513.5,23509.0,1389
2025-08-25 20:20:00+00:00,23512.75,23511.5,23513.5,23507.75,1218
2025-08-25 20:25:00+00:00,23511.5,23515.75,23516.25,23511.5,1180
2025-08-25 20:30:00+00:00,23515.75,23511.75,23518.5,23510.0,1657
2025-08-25 20:35:00+00:00,23511.5,23505.75,23511.75,23505.25,1292
2025-08-25 20:40:00+00:00,23506.0,23509.0,23509.5,23504.75,1114
2025-08-25 20:45:00+00:00,23508.75,23500.25,23509.25,23500.0,1890
2025-08-25 20:50:00+00:00,23500.75,23504.0,23504.75,23499.0,1183
2025-08-25 20:55:00+00:00,23504.0,23502.25,23504.75,23500.25,1042
2025-08-25 22:00:00+00:00,23510.25,23511.5,23515.25,23498.25,0
2025-08-25 22:05:00+00:00,23511.25,23512.75,23516.5,23508.75,1169
2025-08-25 22:10:00+00:00,23512.75,23513.75,23516.0,23511.0,682
2025-08-25 22:15:00+00:00,23514.25,23514.5,23518.0,23513.0,750
2025-08-25 22:20:00+00:00,23514.0,23517.0,23517.75,23511.0,631
2025-08-25 22:25:00+00:00,23516.5,23516.25,23520.5,23515.0,867
2025-08-25 22:30:00+00:00,23516.25,23513.5,23517.25,23511.5,552
2025-08-25 22:35:00+00:00,23513.0,23513.25,23515.0,23511.25,368
2025-08-25 22:40:00+00:00,23513.25,23516.5,23517.75,23512.5,356
2025-08-25 22:45:00+00:00,23516.75,23511.5,23517.75,23510.0,551
2025-08-25 22:50:00+00:00,23512.0,23512.75,23514.75,23511.5,260
2025-08-25 22:55:00+00:00,23512.75,23511.5,23514.0,23509.75,405
2025-08-25 23:00:00+00:00,23511.75,23515.0,23516.75,23511.5,627
2025-08-25 23:05:00+00:00,23515.25,23511.25,23515.75,23505.75,1010
2025-08-25 23:10:00+00:00,23511.5,23509.75,23513.0,23508.25,602
2025-08-25 23:15:00+00:00,23509.25,23512.75,23514.25,23506.25,575
2025-08-25 23:20:00+00:00,23512.25,23505.0,23512.75,23501.25,1395
2025-08-25 23:25:00+00:00,23505.0,23503.25,23507.0,23496.25,1343
2025-08-25 23:30:00+00:00,23503.25,23507.25,23508.0,23500.0,884
2025-08-25 23:35:00+00:00,23506.75,23501.5,23507.25,23500.25,653
2025-08-25 23:40:00+00:00,23501.5,23498.5,23503.0,23495.0,1008
2025-08-25 23:45:00+00:00,23498.5,23494.25,23500.5,23491.5,1102
2025-08-25 23:50:00+00:00,23494.75,23496.75,23499.0,23489.0,1331
2025-08-25 23:55:00+00:00,23496.75,23496.5,23498.0,23490.0,1001
2025-08-26 00:00:00+00:00,23496.25,23466.25,23502.75,23410.0,12091
2025-08-26 00:05:00+00:00,23466.5,23479.5,23496.25,23450.0,7829
2025-08-26 00:10:00+00:00,23479.25,23484.25,23488.0,23466.75,4371
2025-08-26 00:15:00+00:00,23484.25,23487.5,23509.5,23477.5,5031
2025-08-26 00:20:00+00:00,23487.0,23469.75,23490.5,23466.25,4218
2025-08-26 00:25:00+00:00,23469.25,23460.0,23471.25,23456.25,3150
2025-08-26 00:30:00+00:00,23460.5,23457.25,23476.5,23432.75,12344
2025-08-26 00:35:00+00:00,23458.5,23427.5,23462.0,23422.25,6149
2025-08-26 00:40:00+00:00,23427.5,23388.0,23429.5,23375.5,11688
2025-08-26 00:45:00+00:00,23388.25,23390.75,23397.0,23371.25,7040
2025-08-26 00:50:00+00:00,23391.25,23405.0,23409.25,23390.25,5363
2025-08-26 00:55:00+00:00,23404.0,23417.75,23420.0,23403.5,3956
2025-08-26 01:00:00+00:00,23417.25,23437.25,23439.25,23410.0,4625
2025-08-26 01:05:00+00:00,23437.75,23449.25,23453.75,23431.25,3883
2025-08-26 01:10:00+00:00,23449.0,23445.25,23456.25,23441.5,3326
2025-08-26 01:15:00+00:00,23445.75,23445.25,23450.5,23440.75,1661
2025-08-26 01:20:00+00:00,23444.75,23447.25,23453.0,23441.75,1620
2025-08-26 01:25:00+00:00,23447.25,23452.0,23456.5,23446.25,1502
2025-08-26 01:30:00+00:00,23451.75,23445.5,23456.75,23442.25,1579
2025-08-26 01:35:00+00:00,23445.25,23436.5,23449.75,23428.75,2613
2025-08-26 01:40:00+00:00,23436.5,23438.0,23441.25,23431.5,1518
2025-08-26 01:45:00+00:00,23437.5,23438.25,23441.5,23434.25,791
2025-08-26 01:50:00+00:00,23438.5,23418.0,23439.5,23414.75,3449
2025-08-26 01:55:00+00:00,23418.25,23424.25,23432.75,23415.5,1959
2025-08-26 02:00:00+00:00,23425.0,23445.25,23454.25,23423.25,3190
2025-08-26 02:05:00+00:00,23446.5,23453.25,23454.75,23445.75,1220
2025-08-26 02:10:00+00:00,23453.0,23456.75,23461.25,23448.0,2079
2025-08-26 02:15:00+00:00,23456.0,23449.75,23461.0,23448.5,1621
2025-08-26 02:20:00+00:00,23450.25,23455.75,23458.75,23449.0,1001
2025-08-26 02:25:00+00:00,23456.25,23458.0,23459.5,23450.0,949
2025-08-26 02:30:00+00:00,23458.25,23455.5,23461.25,23450.75,1029
2025-08-26 02:35:00+00:00,23456.25,23467.25,23475.5,23453.25,2714
2025-08-26 02:40:00+00:00,23466.0,23461.5,23467.5,23452.75,1866
2025-08-26 02:45:00+00:00,23460.75,23457.0,23465.75,23456.5,895
2025-08-26 02:50:00+00:00,23457.25,23448.5,23459.75,23448.25,1221
2025-08-26 02:55:00+00:00,23448.5,23448.75,23452.75,23445.25,1082
2025-08-26 03:00:00+00:00,23449.0,23447.0,23456.0,23444.75,1183
2025-08-26 03:05:00+00:00,23447.75,23442.0,23450.25,23440.75,1194
2025-08-26 03:10:00+00:00,23442.5,23443.25,23447.5,23440.5,798
2025-08-26 03:15:00+00:00,23443.25,23445.25,23446.25,23440.25,716
2025-08-26 03:20:00+00:00,23445.75,23447.75,23449.5,23442.5,664
2025-08-26 03:25:00+00:00,23447.25,23445.25,23449.5,23445.0,416
2025-08-26 03:30:00+00:00,23445.0,23450.75,23453.25,23444.25,804
2025-08-26 03:35:00+00:00,23451.0,23452.5,23454.25,23450.25,590
2025-08-26 03:40:00+00:00,23451.75,23455.5,23457.5,23451.0,623
2025-08-26 03:45:00+00:00,23456.0,23454.0,23456.25,23452.75,322
2025-08-26 03:50:00+00:00,23453.25,23452.75,23455.5,23451.0,398
2025-08-26 03:55:00+00:00,23453.0,23451.75,23454.0,23448.75,388
2025-08-26 04:05:00+00:00,23456.5,23455.75,23456.75,23454.75,1542
2025-08-26 04:10:00+00:00,23455.5,23459.0,23460.25,23454.75,682
2025-08-26 04:15:00+00:00,23458.75,23457.5,23460.25,23457.0,306
2025-08-26 04:20:00+00:00,23457.5,23455.25,23458.5,23455.0,256
2025-08-26 04:25:00+00:00,23455.5,23454.25,23455.75,23450.5,545
2025-08-26 04:30:00+00:00,23455.0,23448.5,23458.0,23443.75,947
2025-08-26 04:35:00+00:00,23449.25,23445.5,23449.25,23445.0,554
2025-08-26 04:40:00+00:00,23445.0,23442.75,23449.25,23440.5,701
2025-08-26 04:45:00+00:00,23442.5,23456.25,23456.25,23442.5,706
2025-08-26 04:50:00+00:00,23456.0,23451.25,23457.0,23451.0,484
2025-08-26 04:55:00+00:00,23451.5,23455.5,23456.0,23445.5,741
2025-08-26 05:00:00+00:00,23455.5,23467.25,23468.75,23455.5,1489
2025-08-26 05:05:00+00:00,23467.0,23475.0,23475.5,23465.25,1309
2025-08-26 05:10:00+00:00,23475.25,23473.75,23480.0,23473.5,1293
2025-08-26 05:15:00+00:00,23474.0,23468.25,23474.5,23466.5,977
2025-08-26 05:20:00+00:00,23469.25,23470.5,23473.75,23468.0,537
2025-08-26 05:25:00+00:00,23470.75,23473.0,23476.25,23468.25,761
2025-08-26 05:30:00+00:00,23473.25,23477.25,23481.0,23468.0,999
2025-08-26 05:35:00+00:00,23477.25,23469.75,23478.5,23467.75,904
2025-08-26 05:40:00+00:00,23470.0,23481.5,23482.5,23469.0,957
2025-08-26 05:45:00+00:00,23480.75,23476.5,23484.25,23475.25,914
2025-08-26 05:50:00+00:00,23477.25,23472.75,23477.75,23469.75,688
2025-08-26 05:55:00+00:00,23472.5,23476.25,23479.5,23472.5,549
2025-08-26 06:00:00+00:00,23476.5,23472.25,23484.25,23472.25,1461
2025-08-26 06:05:00+00:00,23472.25,23478.5,23479.75,23472.0,779
2025-08-26 06:10:00+00:00,23478.25,23468.5,23478.25,23463.75,1392
2025-08-26 06:15:00+00:00,23468.5,23466.75,23474.25,23465.0,911
2025-08-26 06:20:00+00:00,23466.5,23456.5,23466.5,23454.25,2151
2025-08-26 06:25:00+00:00,23456.5,23457.75,23460.75,23452.25,1391
2025-08-26 06:30:00+00:00,23458.25,23456.75,23465.0,23454.5,1220
2025-08-26 06:35:00+00:00,23455.5,23455.75,23457.5,23443.5,2257
2025-08-26 06:40:00+00:00,23455.25,23448.5,23457.25,23447.25,1006
2025-08-26 06:45:00+00:00,23448.5,23458.0,23458.75,23447.75,776
2025-08-26 06:50:00+00:00,23458.25,23460.5,23462.0,23453.0,1101
2025-08-26 06:55:00+00:00,23461.75,23453.75,23465.0,23448.0,1254
2025-08-26 07:00:00+00:00,23454.0,23448.5,23454.0,23439.25,3323
2025-08-26 07:05:00+00:00,23447.0,23439.0,23449.75,23426.5,3532
2025-08-26 07:10:00+00:00,23439.25,23431.75,23446.75,23415.25,4788
2025-08-26 07:15:00+00:00,23432.0,23430.0,23442.25,23426.0,2339
2025-08-26 07:20:00+00:00,23430.0,23428.0,23437.5,23425.75,1807
2025-08-26 07:25:00+00:00,23427.75,23436.75,23437.5,23426.25,1460
2025-08-26 07:30:00+00:00,23437.0,23458.5,23458.5,23432.5,2777
2025-08-26 07:35:00+00:00,23459.0,23461.5,23464.75,23456.5,2235
2025-08-26 07:40:00+00:00,23461.5,23455.75,23461.5,23455.25,954
2025-08-26 07:45:00+00:00,23455.75,23438.5,23456.25,23437.5,2112
2025-08-26 07:50:00+00:00,23438.5,23447.25,23448.75,23429.5,1938
2025-08-26 07:55:00+00:00,23446.75,23443.0,23448.0,23437.0,1402
2025-08-26 08:00:00+00:00,23443.0,23448.0,23458.75,23440.0,2615
2025-08-26 08:05:00+00:00,23447.25,23461.25,23463.25,23447.0,1688
2025-08-26 08:10:00+00:00,23461.25,23465.75,23469.25,23455.0,1601
2025-08-26 08:15:00+00:00,23465.0,23464.75,23465.25,23462.75,138
2025-08-26 08:25:00+00:00,23457.5,23459.5,23465.0,23453.0,4760
2025-08-26 08:30:00+00:00,23459.25,23460.25,23468.0,23454.25,1081
2025-08-26 08:35:00+00:00,23459.75,23453.75,23462.75,23450.5,1235
2025-08-26 08:40:00+00:00,23453.0,23457.0,23457.25,23449.0,984
2025-08-26 08:45:00+00:00,23456.75,23464.0,23465.25,23454.5,931
2025-08-26 08:50:00+00:00,23464.5,23464.0,23467.5,23461.75,791
2025-08-26 08:55:00+00:00,23463.5,23459.75,23464.75,23456.25,1021
2025-08-26 09:00:00+00:00,23459.5,23464.75,23465.0,23452.5,1651
2025-08-26 09:05:00+00:00,23465.0,23466.5,23469.75,23461.0,713
2025-08-26 09:10:00+00:00,23466.75,23469.25,23471.5,23463.0,796
2025-08-26 09:15:00+00:00,23470.0,23477.5,23479.25,23468.5,1151
2025-08-26 09:20:00+00:00,23477.5,23473.0,23478.25,23470.5,1018
2025-08-26 09:25:00+00:00,23473.0,23474.0,23475.75,23469.25,529
2025-08-26 09:30:00+00:00,23474.5,23478.25,23481.0,23474.25,1079
2025-08-26 09:35:00+00:00,23478.0,23476.5,23481.5,23475.5,829
2025-08-26 09:40:00+00:00,23476.25,23467.5,23476.25,23464.75,1314
2025-08-26 09:45:00+00:00,23468.0,23468.25,23472.0,23467.5,607
2025-08-26 09:50:00+00:00,23469.0,23472.0,23475.5,23469.0,767
2025-08-26 09:55:00+00:00,23472.0,23474.25,23477.5,23469.5,598
2025-08-26 10:00:00+00:00,23474.25,23490.75,23491.0,23470.75,2454
2025-08-26 10:05:00+00:00,23490.0,23485.0,23490.0,23480.5,1211
2025-08-26 10:10:00+00:00,23485.25,23490.25,23494.25,23483.0,1306
2025-08-26 10:15:00+00:00,23490.75,23492.0,23494.75,23490.0,531
2025-08-26 10:20:00+00:00,23492.25,23487.75,23493.25,23486.25,964
2025-08-26 10:25:00+00:00,23487.75,23497.0,23497.25,23487.75,930
2025-08-26 10:30:00+00:00,23496.5,23500.75,23503.0,23492.5,1599
2025-08-26 10:35:00+00:00,23500.5,23501.25,23505.75,23499.25,1705
2025-08-26 10:40:00+00:00,23501.25,23494.0,23502.5,23491.25,1358
2025-08-26 10:45:00+00:00,23493.75,23495.5,23499.25,23490.25,937
2025-08-26 10:50:00+00:00,23495.5,23492.0,23497.25,23488.5,995
2025-08-26 10:55:00+00:00,23492.5,23491.25,23495.0,23489.75,578
2025-08-26 11:00:00+00:00,23491.25,23487.25,23495.0,23481.0,1651
2025-08-26 11:05:00+00:00,23487.25,23487.5,23488.5,23480.75,916
2025-08-26 11:10:00+00:00,23487.5,23480.25,23488.5,23479.0,1246
2025-08-26 11:15:00+00:00,23480.0,23472.25,23480.0,23471.25,1777
2025-08-26 11:20:00+00:00,23472.25,23470.0,23477.5,23468.5,1797
2025-08-26 11:25:00+00:00,23470.5,23468.25,23475.0,23466.5,1212
2025-08-26 11:30:00+00:00,23468.25,23455.0,23469.25,23450.0,3282
2025-08-26 11:35:00+00:00,23454.5,23456.0,23459.25,23448.25,1928
2025-08-26 11:40:00+00:00,23456.0,23457.75,23461.25,23453.5,1790
2025-08-26 11:45:00+00:00,23458.0,23449.0,23458.5,23443.25,2392
2025-08-26 11:50:00+00:00,23448.75,23456.75,23461.5,23448.25,2056
2025-08-26 11:55:00+00:00,23456.75,23469.5,23472.25,23456.75,3149
2025-08-26 12:00:00+00:00,23469.25,23458.5,23473.0,23458.5,2218
2025-08-26 12:05:00+00:00,23458.5,23455.25,23462.25,23451.0,2007
2025-08-26 12:10:00+00:00,23455.0,23447.5,23462.75,23447.25,1726
2025-08-26 12:15:00+00:00,23447.75,23461.0,23464.5,23438.5,4173
2025-08-26 12:20:00+00:00,23460.25,23469.75,23472.5,23456.5,2000
2025-08-26 12:25:00+00:00,23469.0,23463.75,23471.25,23461.25,1421
2025-08-26 12:30:00+00:00,23463.75,23474.5,23478.5,23461.25,3104
2025-08-26 12:35:00+00:00,23474.5,23471.0,23475.25,23462.0,2143
2025-08-26 12:40:00+00:00,23470.5,23473.75,23475.0,23466.0,1848
2025-08-26 12:45:00+00:00,23473.75,23477.0,23479.5,23472.25,1941
2025-08-26 12:50:00+00:00,23477.0,23463.5,23480.0,23463.5,2641
2025-08-26 12:55:00+00:00,23463.25,23470.5,23472.5,23461.75,3025
2025-08-26 13:00:00+00:00,23470.75,23465.5,23474.25,23464.5,3440
2025-08-26 13:05:00+00:00,23466.25,23469.5,23473.0,23463.25,2240
2025-08-26 13:10:00+00:00,23469.25,23472.5,23475.75,23467.0,2207
2025-08-26 13:15:00+00:00,23472.25,23472.0,23473.5,23467.5,1449
2025-08-26 13:20:00+00:00,23471.75,23468.5,23473.25,23466.75,1684
2025-08-26 13:25:00+00:00,23468.25,23470.5,23472.25,23465.75,4035
2025-08-26 13:30:00+00:00,23470.25,23502.25,23515.0,23466.25,37375
2025-08-26 13:35:00+00:00,23502.0,23485.75,23507.75,23463.25,33064
2025-08-26 13:40:00+00:00,23485.0,23497.75,23518.5,23484.0,29175
2025-08-26 13:45:00+00:00,23498.0,23443.5,23499.0,23427.0,43423
2025-08-26 13:50:00+00:00,23443.75,23497.25,23503.25,23437.5,35939
2025-08-26 13:55:00+00:00,23496.25,23494.5,23506.5,23483.0,18716
2025-08-26 14:00:00+00:00,23494.25,23505.5,23514.0,23487.75,20946
2025-08-26 14:05:00+00:00,23506.0,23501.0,23508.25,23486.5,16207
2025-08-26 14:10:00+00:00,23501.5,23507.25,23527.0,23482.0,27960
2025-08-26 14:15:00+00:00,23507.25,23513.0,23530.0,23500.75,20096
2025-08-26 14:20:00+00:00,23512.75,23540.5,23545.5,23512.0,20808
2025-08-26 14:25:00+00:00,23540.5,23542.75,23548.0,23535.0,15020
2025-08-26 14:30:00+00:00,23542.75,23533.75,23549.0,23526.75,15232
2025-08-26 14:35:00+00:00,23533.25,23522.75,23547.5,23521.5,15201
2025-08-26 14:40:00+00:00,23522.75,23545.25,23545.75,23514.5,18055
2025-08-26 14:45:00+00:00,23546.0,23534.25,23551.5,23525.5,15891
2025-08-26 14:50:00+00:00,23535.0,23535.75,23540.0,23526.25,8829
2025-08-26 14:55:00+00:00,23536.0,23522.5,23549.75,23518.0,16196
2025-08-26 15:00:00+00:00,23522.0,23525.5,23530.0,23517.5,10106
2025-08-26 15:05:00+00:00,23525.25,23517.0,23533.75,23510.5,10506
2025-08-26 15:10:00+00:00,23516.75,23529.5,23533.5,23512.5,11910
2025-08-26 15:15:00+00:00,23529.75,23522.25,23535.0,23511.5,10399
2025-08-26 15:20:00+00:00,23522.0,23530.25,23534.5,23519.75,7505
2025-08-26 15:25:00+00:00,23530.75,23508.25,23538.5,23503.5,14841
2025-08-26 15:30:00+00:00,23508.0,23494.25,23516.25,23493.25,14087
2025-08-26 15:35:00+00:00,23494.25,23515.25,23518.0,23493.0,11073
2025-08-26 15:40:00+00:00,23514.75,23515.75,23520.0,23511.0,6894
2025-08-26 15:45:00+00:00,23516.0,23504.5,23521.75,23500.75,8488
2025-08-26 15:50:00+00:00,23504.25,23516.5,23524.25,23498.0,9872
2025-08-26 15:55:00+00:00,23516.5,23517.75,23523.0,23511.5,5801
2025-08-26 16:00:00+00:00,23517.75,23532.0,23533.5,23517.75,8538
2025-08-26 16:05:00+00:00,23531.75,23531.5,23536.5,23529.0,5472
2025-08-26 16:10:00+00:00,23531.25,23544.25,23544.75,23529.25,6777
2025-08-26 16:15:00+00:00,23543.75,23549.5,23556.25,23542.5,9973
2025-08-26 16:20:00+00:00,23549.5,23542.0,23555.25,23537.75,9178
2025-08-26 16:25:00+00:00,23542.0,23543.0,23545.75,23536.75,5072
2025-08-26 16:30:00+00:00,23542.5,23544.0,23548.5,23540.75,3902
2025-08-26 16:35:00+00:00,23544.5,23540.25,23548.25,23540.0,3151
2025-08-26 16:40:00+00:00,23540.5,23540.25,23550.25,23538.75,4970
2025-08-26 16:45:00+00:00,23540.5,23530.25,23544.0,23528.0,7326
2025-08-26 16:50:00+00:00,23530.5,23533.25,23538.25,23525.0,7086
2025-08-26 16:55:00+00:00,23533.5,23539.5,23542.25,23531.0,4547
2025-08-26 17:00:00+00:00,23539.25,23541.25,23545.0,23532.5,4933
2025-08-26 17:05:00+00:00,23541.25,23524.75,23544.0,23524.25,6251
2025-08-26 17:10:00+00:00,23524.75,23528.75,23529.5,23509.25,12465
2025-08-26 17:15:00+00:00,23528.25,23526.75,23530.25,23518.5,5776
2025-08-26 17:20:00+00:00,23526.25,23534.0,23537.25,23525.0,5215
2025-08-26 17:25:00+00:00,23533.75,23536.5,23541.5,23530.0,5497
2025-08-26 17:30:00+00:00,23536.75,23520.5,23540.0,23518.75,7718
2025-08-26 17:35:00+00:00,23520.25,23515.0,23525.25,23513.0,6055
2025-08-26 17:40:00+00:00,23515.25,23509.75,23516.0,23505.0,7277
2025-08-26 17:45:00+00:00,23510.0,23507.75,23513.0,23503.0,7147
2025-08-26 17:50:00+00:00,23507.5,23483.25,23510.0,23479.0,12084
2025-08-26 17:55:00+00:00,23483.0,23502.25,23506.75,23479.0,11100
2025-08-26 18:00:00+00:00,23502.75,23509.0,23516.0,23498.75,8099
2025-08-26 18:05:00+00:00,23509.0,23519.0,23519.5,23506.25,5606
2025-08-26 18:10:00+00:00,23518.5,23523.25,23531.0,23514.25,9955
2025-08-26 18:15:00+00:00,23523.25,23536.0,23537.25,23522.75,7313
2025-08-26 18:20:00+00:00,23536.0,23531.5,23536.5,23527.75,4759
2025-08-26 18:25:00+00:00,23531.75,23539.0,23539.5,23530.5,4444
2025-08-26 18:30:00+00:00,23538.75,23541.75,23548.0,23536.25,7867
2025-08-26 18:35:00+00:00,23541.75,23545.5,23549.25,23540.25,4577
2025-08-26 18:40:00+00:00,23545.0,23543.5,23553.0,23542.0,5717
2025-08-26 18:45:00+00:00,23543.5,23549.0,23551.0,23538.75,6471
2025-08-26 18:50:00+00:00,23549.25,23546.5,23550.0,23540.5,3794
2025-08-26 18:55:00+00:00,23546.75,23550.0,23556.0,23546.25,6084
2025-08-26 19:00:00+00:00,23549.75,23546.25,23552.75,23542.0,5143
2025-08-26 19:05:00+00:00,23546.25,23540.25,23546.25,23535.5,5542
2025-08-26 19:10:00+00:00,23540.25,23547.5,23548.0,23539.5,4776
2025-08-26 19:15:00+00:00,23547.25,23545.25,23551.0,23541.75,4184
2025-08-26 19:20:00+00:00,23546.0,23564.0,23579.0,23544.25,17710
2025-08-26 19:25:00+00:00,23564.25,23567.25,23569.0,23555.75,7072
2025-08-26 19:30:00+00:00,23567.25,23569.5,23578.25,23564.25,7707
2025-08-26 19:35:00+00:00,23570.0,23549.25,23570.5,23546.75,9173
2025-08-26 19:40:00+00:00,23549.25,23537.25,23550.25,23534.5,11064
2025-08-26 19:45:00+00:00,23537.25,23553.75,23554.5,23535.25,8816
2025-08-26 19:50:00+00:00,23553.25,23575.0,23600.0,23547.0,29581
2025-08-26 19:55:00+00:00,23575.0,23587.0,23598.5,23574.25,21564
2025-08-26 20:00:00+00:00,23587.0,23587.25,23599.25,23583.0,7206
2025-08-26 20:05:00+00:00,23587.5,23606.0,23607.75,23587.0,5704
2025-08-26 20:10:00+00:00,23605.75,23609.0,23611.0,23603.25,2600
2025-08-26 20:15:00+00:00,23608.75,23605.25,23609.5,23603.25,1762
2025-08-26 20:20:00+00:00,23605.25,23604.25,23607.75,23604.0,975
2025-08-26 20:25:00+00:00,23604.0,23606.75,23607.75,23604.0,877
2025-08-26 20:30:00+00:00,23606.75,23603.5,23608.0,23602.25,1145
2025-08-26 20:35:00+00:00,23603.75,23604.0,23604.5,23601.5,1067
2025-08-26 20:40:00+00:00,23603.75,23609.75,23609.75,23603.5,1141
2025-08-26 20:45:00+00:00,23609.25,23608.5,23610.0,23607.0,1321
2025-08-26 20:50:00+00:00,23608.25,23607.5,23608.5,23606.0,971
2025-08-26 20:55:00+00:00,23607.25,23607.25,23609.25,23604.5,1063
2025-08-26 22:00:00+00:00,23607.25,23614.0,23625.0,23600.75,0
2025-08-26 22:05:00+00:00,23614.75,23609.75,23615.5,23609.25,891
2025-08-26 22:10:00+00:00,23610.75,23617.5,23618.25,23609.0,993
2025-08-26 22:15:00+00:00,23617.0,23613.75,23621.25,23610.0,1232
2025-08-26 22:20:00+00:00,23614.0,23617.75,23619.0,23611.0,654
2025-08-26 22:25:00+00:00,23617.5,23615.75,23618.25,23612.0,563
2025-08-26 22:30:00+00:00,23615.5,23618.75,23620.0,23613.0,702
2025-08-26 22:35:00+00:00,23619.0,23616.75,23620.5,23615.5,588
2025-08-26 22:40:00+00:00,23616.75,23619.0,23619.0,23615.75,298
2025-08-26 22:45:00+00:00,23619.0,23617.25,23619.5,23616.5,348
2025-08-26 22:50:00+00:00,23618.0,23618.0,23619.25,23614.5,617
2025-08-26 22:55:00+00:00,23618.0,23616.25,23618.75,23615.25,278
2025-08-26 23:00:00+00:00,23616.0,23613.5,23622.0,23611.5,981
2025-08-26 23:05:00+00:00,23613.75,23614.5,23616.0,23611.5,550
2025-08-26 23:10:00+00:00,23614.75,23611.5,23616.25,23610.5,445
2025-08-26 23:15:00+00:00,23611.0,23614.25,23614.5,23609.75,677
2025-08-26 23:20:00+00:00,23614.5,23613.5,23614.75,23610.75,385
2025-08-26 23:25:00+00:00,23613.75,23613.75,23617.0,23613.25,385
2025-08-26 23:30:00+00:00,23614.0,23617.5,23619.0,23613.0,544
2025-08-26 23:35:00+00:00,23617.5,23622.0,23624.0,23617.5,1105
2025-08-26 23:40:00+00:00,23622.25,23618.0,23624.25,23616.75,744
2025-08-26 23:45:00+00:00,23618.5,23613.25,23619.75,23613.25,659
2025-08-26 23:50:00+00:00,23614.0,23615.0,23616.0,23612.25,422
2025-08-26 23:55:00+00:00,23614.75,23614.0,23618.5,23613.5,457
2025-08-27 00:00:00+00:00,23614.5,23605.25,23616.75,23603.0,2548
2025-08-27 00:05:00+00:00,23605.0,23606.0,23610.5,23603.75,1019
2025-08-27 00:10:00+00:00,23605.75,23605.0,23608.25,23603.25,631
2025-08-27 00:15:00+00:00,23604.75,23605.75,23606.5,23603.75,509
2025-08-27 00:20:00+00:00,23606.25,23602.25,23607.0,23602.25,741
2025-08-27 00:25:00+00:00,23602.5,23600.0,23604.0,23599.0,1510
2025-08-27 00:30:00+00:00,23600.5,23599.5,23603.5,23599.0,707
2025-08-27 00:35:00+00:00,23599.25,23595.25,23601.25,23595.25,984
2025-08-27 00:40:00+00:00,23595.5,23598.0,23599.0,23595.25,609
2025-08-27 00:45:00+00:00,23598.0,23596.25,23598.0,23595.25,498
2025-08-27 00:50:00+00:00,23596.0,23597.25,23600.5,23595.75,737
2025-08-27 00:55:00+00:00,23597.25,23598.25,23598.75,23594.5,810
2025-08-27 01:00:00+00:00,23598.25,23602.5,23604.75,23598.0,1306
2025-08-27 01:05:00+00:00,23602.25,23607.5,23608.75,23602.25,1133
2025-08-27 01:10:00+00:00,23606.75,23608.25,23609.0,23605.5,606
2025-08-27 01:15:00+00:00,23608.5,23604.75,23610.75,23602.5,1165
2025-08-27 01:20:00+00:00,23605.0,23604.25,23605.5,23601.25,570
2025-08-27 01:25:00+00:00,23604.75,23602.5,23605.75,23602.0,419
2025-08-27 01:30:00+00:00,23602.75,23612.5,23613.25,23602.25,1313
2025-08-27 01:35:00+00:00,23613.0,23615.75,23618.75,23611.75,1411
2025-08-27 01:40:00+00:00,23616.25,23621.0,23622.75,23614.0,1057
2025-08-27 01:45:00+00:00,23621.0,23624.0,23624.75,23615.75,1149
2025-08-27 01:50:00+00:00,23623.5,23627.0,23628.75,23619.75,1694
2025-08-27 01:55:00+00:00,23627.0,23627.5,23629.0,23623.5,769
2025-08-27 02:00:00+00:00,23627.75,23618.5,23628.75,23617.25,1277
2025-08-27 02:05:00+00:00,23618.0,23616.25,23620.5,23613.0,1095
2025-08-27 02:10:00+00:00,23616.25,23618.5,23620.25,23614.0,721
2025-08-27 02:15:00+00:00,23618.5,23620.5,23625.5,23617.75,1166
2025-08-27 02:20:00+00:00,23620.25,23625.5,23626.25,23620.25,530
2025-08-27 02:25:00+00:00,23626.0,23615.0,23628.0,23614.75,1135
2025-08-27 02:30:00+00:00,23615.25,23614.25,23617.25,23614.0,597
2025-08-27 02:35:00+00:00,23614.75,23613.75,23616.75,23612.75,539
2025-08-27 02:40:00+00:00,23613.5,23613.5,23613.5,23610.0,865
2025-08-27 02:45:00+00:00,23613.5,23610.0,23613.75,23609.25,644
2025-08-27 02:50:00+00:00,23610.25,23611.25,23612.25,23609.25,403
2025-08-27 02:55:00+00:00,23611.5,23611.75,23613.25,23610.25,279
2025-08-27 03:00:00+00:00,23611.75,23616.0,23617.25,23611.0,769
2025-08-27 03:05:00+00:00,23616.25,23618.0,23618.0,23615.5,544
2025-08-27 03:10:00+00:00,23618.0,23620.5,23621.5,23618.0,608
2025-08-27 03:15:00+00:00,23620.5,23616.75,23620.75,23615.75,507
2025-08-27 03:20:00+00:00,23616.75,23613.0,23617.0,23612.25,588
2025-08-27 03:25:00+00:00,23612.25,23612.0,23612.75,23609.5,623
2025-08-27 03:30:00+00:00,23611.5,23614.25,23614.5,23609.5,511
2025-08-27 03:35:00+00:00,23614.0,23612.0,23615.0,23610.75,385
2025-08-27 03:40:00+00:00,23611.75,23612.0,23612.75,23609.5,299
2025-08-27 03:45:00+00:00,23611.5,23612.5,23613.75,23610.25,385
2025-08-27 03:50:00+00:00,23613.0,23612.25,23614.75,23611.5,317
2025-08-27 03:55:00+00:00,23611.75,23613.0,23615.75,23611.25,221
2025-08-27 04:05:00+00:00,23608.25,23608.25,23609.0,23607.25,1383
2025-08-27 04:10:00+00:00,23608.25,23613.5,23613.75,23607.5,519
2025-08-27 04:15:00+00:00,23613.5,23612.75,23614.5,23611.75,280
2025-08-27 04:20:00+00:00,23613.0,23613.25,23613.75,23611.0,350
2025-08-27 04:25:00+00:00,23613.25,23614.75,23617.75,23612.0,745
2025-08-27 04:30:00+00:00,23614.75,23618.25,23619.25,23614.5,783
2025-08-27 04:35:00+00:00,23618.0,23618.75,23621.75,23616.5,726
2025-08-27 04:40:00+00:00,23618.75,23620.0,23620.25,23618.0,340
2025-08-27 04:45:00+00:00,23620.0,23618.75,23621.25,23618.5,357
2025-08-27 04:50:00+00:00,23618.0,23616.5,23619.75,23616.5,368
2025-08-27 04:55:00+00:00,23616.25,23616.5,23617.5,23614.75,335
2025-08-27 05:00:00+00:00,23616.5,23616.25,23617.25,23611.75,533
2025-08-27 05:05:00+00:00,23616.25,23600.75,23616.25,23600.0,1409
2025-08-27 05:10:00+00:00,23600.25,23601.0,23606.5,23598.0,1430
2025-08-27 05:15:00+00:00,23601.5,23598.0,23604.25,23595.0,1195
2025-08-27 05:20:00+00:00,23598.0,23600.75,23603.75,23597.0,734
2025-08-27 05:25:00+00:00,23600.75,23599.5,23602.0,23598.25,357
2025-08-27 05:30:00+00:00,23599.0,23601.25,23602.25,23597.75,688
2025-08-27 05:35:00+00:00,23601.5,23603.75,23605.0,23601.25,644
2025-08-27 05:40:00+00:00,23603.75,23600.75,23604.5,23600.5,512
2025-08-27 05:45:00+00:00,23600.75,23597.75,23600.75,23596.75,619
2025-08-27 05:50:00+00:00,23597.5,23594.5,23599.75,23592.25,1065
2025-08-27 05:55:00+00:00,23594.25,23600.75,23600.75,23593.25,1239
2025-08-27 06:00:00+00:00,23600.25,23597.75,23601.5,23595.25,911
2025-08-27 06:05:00+00:00,23598.0,23599.75,23601.5,23596.0,685
2025-08-27 06:10:00+00:00,23600.0,23602.5,23603.0,23595.25,942
2025-08-27 06:15:00+00:00,23601.5,23604.0,23607.5,23601.5,1051
2025-08-27 06:20:00+00:00,23604.0,23607.5,23608.25,23603.75,703
2025-08-27 06:25:00+00:00,23607.5,23614.0,23619.0,23606.5,1772
2025-08-27 06:30:00+00:00,23613.5,23619.0,23619.75,23610.75,1095
2025-08-27 06:35:00+00:00,23618.5,23610.25,23618.75,23609.25,1159
2025-08-27 06:40:00+00:00,23609.75,23615.5,23616.0,23608.0,619
2025-08-27 06:45:00+00:00,23615.25,23614.25,23617.0,23614.0,560
2025-08-27 06:50:00+00:00,23614.0,23604.0,23614.0,23601.0,1448
2025-08-27 06:55:00+00:00,23603.5,23603.25,23606.5,23601.25,723
2025-08-27 07:00:00+00:00,23602.75,23605.0,23605.5,23599.0,1133
2025-08-27 07:05:00+00:00,23604.75,23612.25,23612.5,23603.75,979
2025-08-27 07:10:00+00:00,23612.5,23604.5,23615.5,23604.0,778
2025-08-27 07:15:00+00:00,23604.5,23595.25,23605.25,23594.25,1309
2025-08-27 07:20:00+00:00,23595.0,23582.0,23597.0,23581.0,2800
2025-08-27 07:25:00+00:00,23582.25,23582.0,23586.25,23575.75,2815
2025-08-27 07:30:00+00:00,23582.25,23590.25,23592.75,23579.5,1949
2025-08-27 07:35:00+00:00,23589.75,23582.0,23594.0,23580.5,1506
2025-08-27 07:40:00+00:00,23581.5,23586.75,23589.0,23578.5,1101
2025-08-27 07:45:00+00:00,23586.5,23591.25,23593.75,23584.25,1030
2025-08-27 07:50:00+00:00,23591.25,23594.75,23597.0,23591.0,1092
2025-08-27 07:55:00+00:00,23594.75,23595.0,23596.75,23592.25,785
2025-08-27 08:00:00+00:00,23595.5,23589.5,23600.0,23588.75,2017
2025-08-27 08:05:00+00:00,23590.5,23585.25,23592.0,23584.0,1333
2025-08-27 08:10:00+00:00,23585.0,23585.5,23590.25,23584.75,553
2025-08-27 08:20:00+00:00,23582.5,23580.0,23584.25,23579.25,1947
2025-08-27 08:25:00+00:00,23580.5,23581.5,23585.0,23575.75,999
2025-08-27 08:30:00+00:00,23581.75,23574.5,23585.5,23574.0,789
2025-08-27 08:35:00+00:00,23575.0,23584.5,23585.75,23573.25,1213
2025-08-27 08:40:00+00:00,23584.75,23583.25,23586.0,23580.0,680
2025-08-27 08:45:00+00:00,23583.25,23570.0,23586.0,23567.5,1600
2025-08-27 08:50:00+00:00,23571.0,23577.75,23578.75,23569.0,1077
2025-08-27 08:55:00+00:00,23577.25,23587.5,23588.25,23575.75,1248
2025-08-27 09:00:00+00:00,23587.0,23592.25,23593.5,23584.75,1692
2025-08-27 09:05:00+00:00,23592.25,23594.5,23595.75,23591.25,813
2025-08-27 09:10:00+00:00,23594.25,23595.5,23596.5,23591.75,548
2025-08-27 09:15:00+00:00,23595.25,23596.0,23598.0,23591.75,850
2025-08-27 09:20:00+00:00,23595.75,23597.5,23599.0,23591.5,659
2025-08-27 09:25:00+00:00,23597.0,23596.75,23599.0,23594.5,510
2025-08-27 09:30:00+00:00,23597.0,23595.0,23599.0,23594.25,497
2025-08-27 09:35:00+00:00,23594.75,23601.0,23601.5,23593.5,872
2025-08-27 09:40:00+00:00,23601.25,23597.25,23603.5,23594.5,1090
2025-08-27 09:45:00+00:00,23597.5,23598.75,23599.75,23595.0,627
2025-08-27 09:50:00+00:00,23598.5,23596.75,23601.25,23596.75,462
2025-08-27 09:55:00+00:00,23597.25,23596.75,23598.5,23595.0,441
2025-08-27 10:00:00+00:00,23596.25,23597.0,23600.5,23595.0,637
2025-08-27 10:05:00+00:00,23597.75,23596.0,23598.75,23593.5,493
2025-08-27 10:10:00+00:00,23595.75,23596.75,23598.0,23592.0,472
2025-08-27 10:15:00+00:00,23597.0,23593.0,23598.75,23591.0,596
2025-08-27 10:20:00+00:00,23593.5,23596.0,23598.25,23592.0,525
2025-08-27 10:25:00+00:00,23596.75,23603.0,23603.25,23596.5,795
2025-08-27 10:30:00+00:00,23603.0,23599.75,23606.25,23598.25,1038
2025-08-27 10:35:00+00:00,23599.5,23599.25,23603.0,23596.0,729
2025-08-27 10:40:00+00:00,23599.5,23602.0,23603.75,23599.25,556
2025-08-27 10:45:00+00:00,23601.75,23603.25,23604.5,23600.25,583
2025-08-27 10:50:00+00:00,23603.0,23599.5,23605.25,23598.25,642
2025-08-27 10:55:00+00:00,23599.75,23600.25,23605.5,23599.0,562
2025-08-27 11:00:00+00:00,23600.25,23598.25,23608.25,23598.0,1563
2025-08-27 11:05:00+00:00,23598.75,23605.0,23605.75,23597.0,669
2025-08-27 11:10:00+00:00,23605.25,23607.25,23607.5,23600.5,681
2025-08-27 11:15:00+00:00,23607.25,23610.0,23610.5,23605.5,1289
2025-08-27 11:20:00+00:00,23609.25,23606.25,23612.0,23606.0,870
2025-08-27 11:25:00+00:00,23606.5,23607.25,23609.25,23604.75,605
2025-08-27 11:30:00+00:00,23607.5,23610.25,23613.25,23607.0,818
2025-08-27 11:35:00+00:00,23610.5,23611.25,23614.25,23610.0,876
2025-08-27 11:40:00+00:00,23611.25,23608.75,23612.5,23607.75,647
2025-08-27 11:45:00+00:00,23608.75,23613.25,23614.25,23608.75,574
2025-08-27 11:50:00+00:00,23613.5,23613.5,23615.0,23611.0,536
2025-08-27 11:55:00+00:00,23613.5,23608.0,23614.0,23606.75,713
2025-08-27 12:00:00+00:00,23607.75,23605.75,23611.0,23604.25,1286
2025-08-27 12:05:00+00:00,23605.75,23613.25,23617.25,23605.5,1309
2025-08-27 12:10:00+00:00,23613.0,23616.75,23618.0,23610.25,1146
2025-08-27 12:15:00+00:00,23617.25,23616.0,23621.0,23614.0,1536
2025-08-27 12:20:00+00:00,23616.0,23610.0,23616.0,23610.0,982
2025-08-27 12:25:00+00:00,23610.0,23594.75,23610.25,23592.5,3215
2025-08-27 12:30:00+00:00,23594.5,23576.0,23598.25,23574.5,6279
2025-08-27 12:35:00+00:00,23575.75,23577.5,23581.0,23572.0,4071
2025-08-27 12:40:00+00:00,23577.0,23566.5,23577.75,23563.5,6115
2025-08-27 12:45:00+00:00,23567.0,23576.5,23579.5,23566.5,4643
2025-08-27 12:50:00+00:00,23576.5,23577.75,23579.75,23571.25,2561
2025-08-27 12:55:00+00:00,23578.25,23581.75,23584.5,23575.5,2831
2025-08-27 13:00:00+00:00,23581.75,23569.25,23585.75,23567.75,4783
2025-08-27 13:05:00+00:00,23569.0,23561.25,23573.5,23551.0,9512
2025-08-27 13:10:00+00:00,23560.25,23565.5,23573.5,23559.5,6763
2025-08-27 13:15:00+00:00,23565.0,23556.5,23567.5,23552.0,4582
2025-08-27 13:20:00+00:00,23556.0,23557.0,23560.0,23550.0,3520
2025-08-27 13:25:00+00:00,23556.75,23541.5,23562.0,23535.75,10291
2025-08-27 13:30:00+00:00,23541.5,23554.0,23559.5,23524.0,34132
2025-08-27 13:35:00+00:00,23553.75,23553.25,23565.25,23535.75,28265
2025-08-27 13:40:00+00:00,23553.25,23525.0,23555.25,23513.75,27951
2025-08-27 13:45:00+00:00,23524.75,23499.75,23530.5,23488.5,41497
2025-08-27 13:50:00+00:00,23499.75,23539.5,23542.0,23499.75,25310
2025-08-27 13:55:00+00:00,23539.25,23535.0,23541.75,23515.5,19511
2025-08-27 14:00:00+00:00,23534.75,23536.25,23548.25,23526.25,18390
2025-08-27 14:05:00+00:00,23535.25,23559.0,23559.5,23529.75,15947
2025-08-27 14:10:00+00:00,23559.0,23566.0,23567.0,23544.25,15818
2025-08-27 14:15:00+00:00,23566.5,23598.75,23601.75,23565.5,23715
2025-08-27 14:20:00+00:00,23599.0,23596.75,23604.5,23588.75,18823
2025-08-27 14:25:00+00:00,23596.75,23598.25,23606.75,23593.0,12166
2025-08-27 14:30:00+00:00,23598.25,23602.25,23609.5,23595.75,13579
2025-08-27 14:35:00+00:00,23602.0,23611.75,23613.5,23597.5,9889
2025-08-27 14:40:00+00:00,23612.25,23602.25,23616.0,23598.25,11854
2025-08-27 14:45:00+00:00,23602.0,23598.75,23604.25,23584.0,16499
2025-08-27 14:50:00+00:00,23598.5,23601.5,23607.25,23591.0,9642
2025-08-27 14:55:00+00:00,23601.5,23600.0,23610.0,23596.5,7833
2025-08-27 15:00:00+00:00,23600.25,23592.75,23609.25,23591.0,10240
2025-08-27 15:05:00+00:00,23592.25,23597.0,23602.5,23588.25,9443
2025-08-27 15:10:00+00:00,23596.75,23597.75,23604.5,23589.5,7501
2025-08-27 15:15:00+00:00,23598.25,23594.5,23603.0,23593.0,4782
2025-08-27 15:20:00+00:00,23594.75,23604.0,23609.0,23594.5,6065
2025-08-27 15:25:00+00:00,23603.5,23589.75,23603.5,23587.5,7244
2025-08-27 15:30:00+00:00,23589.75,23593.5,23597.0,23580.5,9973
2025-08-27 15:35:00+00:00,23593.75,23605.5,23606.5,23593.0,7510
2025-08-27 15:40:00+00:00,23605.5,23600.5,23606.0,23574.0,14970
2025-08-27 15:45:00+00:00,23600.0,23622.5,23625.0,23596.75,15233
2025-08-27 15:50:00+00:00,23622.75,23622.0,23625.5,23615.0,7809
2025-08-27 15:55:00+00:00,23621.75,23623.75,23631.75,23619.75,8976
2025-08-27 16:00:00+00:00,23623.25,23617.0,23624.75,23616.5,6618
2025-08-27 16:05:00+00:00,23616.75,23617.0,23619.25,23613.0,4929
2025-08-27 16:10:00+00:00,23617.0,23605.75,23617.5,23604.0,6295
2025-08-27 16:15:00+00:00,23605.5,23591.5,23606.0,23590.75,9436
2025-08-27 16:20:00+00:00,23591.0,23566.75,23592.5,23562.5,16092
2025-08-27 16:25:00+00:00,23566.75,23566.75,23569.5,23545.0,22056
2025-08-27 16:30:00+00:00,23566.75,23565.5,23573.0,23561.0,10031
2025-08-27 16:35:00+00:00,23565.5,23564.5,23571.25,23542.0,13879
2025-08-27 16:40:00+00:00,23564.5,23570.25,23579.25,23558.75,9800
2025-08-27 16:45:00+00:00,23570.5,23594.75,23596.25,23568.75,10783
2025-08-27 16:50:00+00:00,23594.75,23608.75,23609.5,23593.75,9087
2025-08-27 16:55:00+00:00,23609.25,23600.5,23612.0,23599.25,9740
2025-08-27 17:00:00+00:00,23600.5,23600.0,23608.0,23588.0,9437
2025-08-27 17:05:00+00:00,23600.0,23600.75,23604.25,23595.0,3828
2025-08-27 17:10:00+00:00,23600.25,23602.25,23606.0,23597.25,3865
2025-08-27 17:15:00+00:00,23602.0,23594.5,23604.0,23590.75,4977
2025-08-27 17:20:00+00:00,23594.75,23600.5,23602.0,23587.0,6640
2025-08-27 17:25:00+00:00,23600.5,23602.25,23605.75,23595.5,3605
2025-08-27 17:30:00+00:00,23602.25,23603.75,23609.0,23601.75,4300
2025-08-27 17:35:00+00:00,23604.25,23614.25,23615.25,23603.0,4749
2025-08-27 17:40:00+00:00,23614.0,23616.75,23618.75,23612.75,3966
2025-08-27 17:45:00+00:00,23616.75,23616.25,23623.25,23614.5,5146
2025-08-27 17:50:00+00:00,23616.5,23619.75,23621.25,23613.25,3281
2025-08-27 17:55:00+00:00,23619.75,23621.25,23624.5,23616.0,3516
2025-08-27 18:00:00+00:00,23621.25,23618.5,23625.75,23617.5,4345
2025-08-27 18:05:00+00:00,23618.5,23626.75,23628.25,23614.25,5327
2025-08-27 18:10:00+00:00,23626.5,23649.75,23653.5,23625.0,12930
2025-08-27 18:15:00+00:00,23650.25,23650.0,23657.5,23648.0,8920
2025-08-27 18:20:00+00:00,23649.75,23653.25,23656.75,23646.25,6269
2025-08-27 18:25:00+00:00,23653.25,23649.5,23653.5,23648.25,3469
2025-08-27 18:30:00+00:00,23649.5,23644.25,23651.0,23643.25,4764
2025-08-27 18:35:00+00:00,23644.25,23645.0,23648.5,23641.75,3244
2025-08-27 18:40:00+00:00,23645.25,23639.75,23646.0,23638.75,3518
2025-08-27 18:45:00+00:00,23639.75,23637.25,23645.5,23636.25,3465
2025-08-27 18:50:00+00:00,23637.25,23628.25,23640.0,23627.5,5899
2025-08-27 18:55:00+00:00,23628.25,23626.75,23633.0,23624.25,4877
2025-08-27 19:00:00+00:00,23626.75,23617.5,23627.5,23615.25,7841
2025-08-27 19:05:00+00:00,23617.25,23608.5,23619.5,23608.25,7360
2025-08-27 19:10:00+00:00,23608.75,23568.25,23608.75,23552.5,25521
2025-08-27 19:15:00+00:00,23568.75,23593.75,23595.0,23567.0,12479
2025-08-27 19:20:00+00:00,23593.75,23595.75,23601.25,23586.0,8717
2025-08-27 19:25:00+00:00,23595.5,23597.5,23603.75,23591.0,5825
2025-08-27 19:30:00+00:00,23597.5,23604.5,23606.5,23596.75,5366
2025-08-27 19:35:00+00:00,23605.0,23618.0,23620.0,23604.75,8574
2025-08-27 19:40:00+00:00,23618.25,23624.25,23628.75,23616.5,6918
2025-08-27 19:45:00+00:00,23624.5,23628.25,23630.25,23620.5,5849
2025-08-27 19:50:00+00:00,23628.0,23632.0,23644.0,23626.0,12916
2025-08-27 19:55:00+00:00,23632.0,23620.0,23646.5,23619.25,15273
2025-08-27 20:00:00+00:00,23620.25,23614.75,23629.25,23613.25,8891
2025-08-27 20:05:00+00:00,23615.0,23624.5,23627.75,23611.5,4208
2025-08-27 20:10:00+00:00,23623.75,23615.25,23624.0,23600.25,4811
2025-08-27 20:15:00+00:00,23616.0,23623.5,23627.75,23614.75,2736
2025-08-27 20:20:00+00:00,23623.5,23496.5,23685.0,23429.0,33368
2025-08-27 20:25:00+00:00,23495.25,23574.5,23578.5,23483.0,14496
2025-08-27 20:30:00+00:00,23574.25,23538.0,23581.75,23508.0,13103
2025-08-27 20:35:00+00:00,23538.0,23525.5,23554.5,23512.75,8889
2025-08-27 20:40:00+00:00,23526.75,23525.25,23543.5,23519.0,4397
2025-08-27 20:45:00+00:00,23525.25,23523.75,23532.75,23511.25,3732
2025-08-27 20:50:00+00:00,23523.5,23535.0,23542.25,23515.25,3484
2025-08-27 20:55:00+00:00,23534.5,23542.25,23545.5,23530.75,2415
2025-08-27 22:00:00+00:00,23543.0,23514.0,23550.75,23498.5,0
2025-08-27 22:05:00+00:00,23513.25,23503.75,23521.0,23499.75,2696
2025-08-27 22:10:00+00:00,23505.0,23512.5,23528.0,23504.5,2487
2025-08-27 22:15:00+00:00,23512.0,23503.25,23516.75,23502.5,1438
2025-08-27 22:20:00+00:00,23503.25,23506.0,23512.0,23499.0,1618
2025-08-27 22:25:00+00:00,23506.5,23509.25,23512.5,23503.0,1053
2025-08-27 22:30:00+00:00,23509.25,23530.25,23531.75,23507.5,2543
2025-08-27 22:35:00+00:00,23530.75,23530.75,23535.75,23525.75,1746
2025-08-27 22:40:00+00:00,23531.25,23526.25,23532.75,23520.25,1448
2025-08-27 22:45:00+00:00,23526.25,23521.75,23527.5,23516.75,1235
2025-08-27 22:50:00+00:00,23521.75,23524.25,23532.0,23521.0,1273
2025-08-27 22:55:00+00:00,23524.25,23518.5,23524.5,23512.5,1393
2025-08-27 23:00:00+00:00,23518.0,23523.0,23523.0,23506.0,2024
2025-08-27 23:05:00+00:00,23523.0,23520.5,23526.0,23513.75,1136
2025-08-27 23:10:00+00:00,23520.25,23514.0,23522.5,23512.25,678
2025-08-27 23:15:00+00:00,23513.5,23508.25,23517.0,23507.0,845
2025-08-27 23:20:00+00:00,23508.25,23508.0,23511.25,23505.0,1043
2025-08-27 23:25:00+00:00,23507.5,23512.25,23513.75,23505.0,720
2025-08-27 23:30:00+00:00,23512.0,23512.25,23517.25,23505.0,1267
2025-08-27 23:35:00+00:00,23512.0,23516.75,23518.25,23508.75,918
2025-08-27 23:40:00+00:00,23516.5,23512.25,23518.5,23509.5,891
2025-08-27 23:45:00+00:00,23512.75,23513.25,23516.25,23506.0,1089
2025-08-27 23:50:00+00:00,23512.5,23510.0,23517.75,23502.25,1155
2025-08-27 23:55:00+00:00,23510.0,23508.25,23512.0,23502.25,1149
2025-08-28 00:00:00+00:00,23508.25,23503.25,23508.5,23495.25,2654
2025-08-28 00:05:00+00:00,23504.25,23514.25,23514.5,23497.75,1587
2025-08-28 00:10:00+00:00,23513.75,23513.0,23516.25,23507.25,1339
2025-08-28 00:15:00+00:00,23513.5,23501.25,23515.25,23490.0,2811
2025-08-28 00:20:00+00:00,23500.75,23495.0,23501.0,23491.5,1195
2025-08-28 00:25:00+00:00,23494.75,23493.25,23499.25,23487.5,2001
2025-08-28 00:30:00+00:00,23493.25,23492.75,23497.5,23486.75,1649
2025-08-28 00:35:00+00:00,23492.75,23510.75,23513.5,23492.0,2754
2025-08-28 00:40:00+00:00,23512.0,23519.0,23521.75,23508.5,2823
2025-08-28 00:45:00+00:00,23519.0,23515.0,23523.5,23515.0,1687
2025-08-28 00:50:00+00:00,23515.75,23522.25,23522.25,23510.25,1757
2025-08-28 00:55:00+00:00,23522.0,23521.5,23523.0,23515.5,1073
2025-08-28 01:00:00+00:00,23521.0,23524.5,23526.0,23517.5,1643
2025-08-28 01:05:00+00:00,23524.5,23526.75,23530.75,23524.5,1670
2025-08-28 01:10:00+00:00,23527.0,23530.0,23534.0,23527.0,1086
2025-08-28 01:15:00+00:00,23530.25,23533.5,23533.75,23525.75,996
2025-08-28 01:20:00+00:00,23533.5,23526.0,23533.5,23524.0,1134
2025-08-28 01:25:00+00:00,23526.75,23526.0,23531.75,23524.25,829
2025-08-28 01:30:00+00:00,23526.25,23530.5,23533.0,23526.25,944
2025-08-28 01:35:00+00:00,23530.5,23534.75,23536.25,23527.75,1192
2025-08-28 01:40:00+00:00,23535.25,23538.5,23539.5,23533.75,1398
2025-08-28 01:45:00+00:00,23538.75,23540.0,23542.0,23536.75,1084
2025-08-28 01:50:00+00:00,23539.5,23548.25,23552.5,23538.0,1986
2025-08-28 01:55:00+00:00,23547.75,23547.5,23549.5,23544.5,1054
2025-08-28 02:00:00+00:00,23548.25,23549.75,23551.25,23544.75,1114
2025-08-28 02:05:00+00:00,23549.75,23553.25,23555.0,23549.25,1208
2025-08-28 02:10:00+00:00,23553.25,23551.0,23555.0,23550.75,1025
2025-08-28 02:15:00+00:00,23551.0,23557.0,23557.75,23550.75,1295
2025-08-28 02:20:00+00:00,23557.25,23560.5,23564.0,23556.25,2027
2025-08-28 02:25:00+00:00,23560.5,23555.25,23560.75,23553.25,1332
2025-08-28 02:30:00+00:00,23555.5,23552.0,23557.25,23548.25,1258
2025-08-28 02:35:00+00:00,23552.5,23552.25,23553.75,23548.0,909
2025-08-28 02:40:00+00:00,23551.75,23555.75,23558.0,23551.25,975
2025-08-28 02:45:00+00:00,23555.75,23556.0,23556.25,23552.0,480
2025-08-28 02:50:00+00:00,23556.25,23553.25,23557.0,23550.5,492
2025-08-28 02:55:00+00:00,23553.5,23554.25,23556.5,23552.5,514
2025-08-28 03:00:00+00:00,23554.5,23560.5,23561.75,23553.75,975
2025-08-28 03:05:00+00:00,23560.5,23578.0,23582.75,23559.75,3495
2025-08-28 03:10:00+00:00,23578.5,23580.75,23583.0,23577.75,1543
2025-08-28 03:15:00+00:00,23580.75,23577.5,23584.5,23574.5,1422
2025-08-28 03:20:00+00:00,23577.5,23575.0,23578.0,23569.25,1089
2025-08-28 03:25:00+00:00,23575.0,23577.75,23579.5,23574.25,1041
2025-08-28 03:30:00+00:00,23578.25,23579.0,23580.25,23576.75,548
2025-08-28 03:35:00+00:00,23578.75,23575.25,23579.25,23573.75,523
2025-08-28 03:40:00+00:00,23575.0,23571.75,23579.25,23571.0,892
2025-08-28 03:45:00+00:00,23571.5,23574.75,23575.75,23570.0,672
2025-08-28 03:50:00+00:00,23575.25,23575.0,23577.25,23574.25,410
2025-08-28 03:55:00+00:00,23574.75,23578.0,23579.5,23573.25,484
2025-08-28 04:05:00+00:00,23562.0,23559.5,23562.5,23559.25,2823
2025-08-28 04:10:00+00:00,23559.75,23563.5,23565.25,23557.75,1282
2025-08-28 04:15:00+00:00,23564.0,23562.75,23566.25,23562.75,512
2025-08-28 04:20:00+00:00,23562.25,23561.25,23563.0,23559.0,636
2025-08-28 04:25:00+00:00,23561.25,23571.25,23574.0,23561.25,1038
2025-08-28 04:30:00+00:00,23571.75,23572.0,23573.75,23570.75,515
2025-08-28 04:35:00+00:00,23572.25,23569.5,23575.0,23568.25,887
2025-08-28 04:40:00+00:00,23569.75,23572.75,23573.75,23567.0,695
2025-08-28 04:45:00+00:00,23572.75,23565.75,23573.75,23564.0,855
2025-08-28 04:50:00+00:00,23566.0,23563.5,23567.25,23562.5,840
2025-08-28 04:55:00+00:00,23563.25,23561.25,23565.0,23557.5,901
2025-08-28 05:00:00+00:00,23561.25,23566.25,23567.25,23559.5,1089
2025-08-28 05:05:00+00:00,23566.25,23565.5,23566.25,23562.5,349
2025-08-28 05:10:00+00:00,23565.25,23560.75,23565.25,23559.0,781
2025-08-28 05:15:00+00:00,23560.25,23562.5,23566.5,23558.5,781
2025-08-28 05:20:00+00:00,23562.75,23557.75,23562.75,23556.25,1043
2025-08-28 05:25:00+00:00,23557.75,23561.0,23566.0,23557.75,829
2025-08-28 05:30:00+00:00,23561.75,23557.0,23562.25,23555.25,1194
2025-08-28 05:35:00+00:00,23557.75,23560.25,23560.75,23556.5,656
2025-08-28 05:40:00+00:00,23559.75,23549.0,23560.0,23545.0,1685
2025-08-28 05:45:00+00:00,23549.25,23543.25,23549.25,23539.0,2670
2025-08-28 05:50:00+00:00,23542.5,23545.75,23548.75,23540.5,840
2025-08-28 05:55:00+00:00,23546.0,23542.75,23546.5,23541.5,528
2025-08-28 06:00:00+00:00,23542.75,23547.75,23551.75,23540.0,1370
2025-08-28 06:05:00+00:00,23548.5,23547.75,23548.75,23544.25,578
2025-08-28 06:10:00+00:00,23548.0,23551.25,23553.0,23544.0,902
2025-08-28 06:15:00+00:00,23551.75,23555.75,23558.25,23550.0,1166
2025-08-28 06:20:00+00:00,23556.0,23561.75,23566.5,23555.75,1324
2025-08-28 06:25:00+00:00,23562.0,23578.0,23580.0,23562.0,1790
2025-08-28 06:30:00+00:00,23577.75,23593.5,23599.5,23576.75,5141
2025-08-28 06:35:00+00:00,23593.5,23595.5,23600.75,23591.75,1762
2025-08-28 06:40:00+00:00,23595.75,23602.25,23606.75,23595.75,2180
2025-08-28 06:45:00+00:00,23602.25,23601.5,23604.25,23594.5,1368
2025-08-28 06:50:00+00:00,23601.0,23600.75,23613.0,23600.25,2059
2025-08-28 06:55:00+00:00,23601.0,23605.75,23609.25,23597.75,1325
2025-08-28 07:00:00+00:00,23606.0,23622.5,23629.5,23602.75,4025
2025-08-28 07:05:00+00:00,23622.0,23609.5,23630.25,23608.25,2839
2025-08-28 07:10:00+00:00,23609.25,23615.5,23621.0,23608.0,1700
2025-08-28 07:15:00+00:00,23615.0,23617.0,23624.5,23612.25,1099
2025-08-28 07:20:00+00:00,23618.0,23623.0,23627.5,23617.75,1126
2025-08-28 07:25:00+00:00,23622.0,23625.75,23625.75,23616.75,947
2025-08-28 07:30:00+00:00,23625.5,23623.5,23628.0,23617.0,1191
2025-08-28 07:35:00+00:00,23622.75,23609.5,23622.75,23609.0,1274
2025-08-28 07:40:00+00:00,23609.75,23607.5,23614.5,23605.25,1287
2025-08-28 07:45:00+00:00,23607.75,23609.75,23612.75,23603.25,1262
2025-08-28 07:50:00+00:00,23610.0,23625.0,23625.75,23608.75,1480
2025-08-28 07:55:00+00:00,23625.0,23632.5,23634.0,23619.0,1896
2025-08-28 08:00:00+00:00,23631.75,23635.5,23644.25,23622.25,3992
2025-08-28 08:05:00+00:00,23636.0,23645.5,23649.0,23634.25,2313
2025-08-28 08:10:00+00:00,23645.5,23652.25,23654.5,23637.75,2556
2025-08-28 08:20:00+00:00,23656.0,23653.0,23662.0,23652.5,5063
2025-08-28 08:25:00+00:00,23653.0,23642.75,23654.25,23640.75,2054
2025-08-28 08:30:00+00:00,23643.0,23635.75,23644.75,23634.25,2556
2025-08-28 08:35:00+00:00,23635.25,23633.0,23639.25,23632.0,1410
2025-08-28 08:40:00+00:00,23633.5,23627.0,23639.75,23625.25,2066
2025-08-28 08:45:00+00:00,23627.0,23628.0,23630.0,23624.75,993
2025-08-28 08:50:00+00:00,23628.0,23618.25,23628.25,23617.5,1431
2025-08-28 08:55:00+00:00,23618.0,23616.5,23620.0,23614.5,1452
2025-08-28 09:00:00+00:00,23616.5,23618.25,23622.25,23616.0,1321
2025-08-28 09:05:00+00:00,23618.5,23623.25,23624.25,23618.5,929
2025-08-28 09:10:00+00:00,23622.75,23622.75,23628.25,23619.5,1603
2025-08-28 09:15:00+00:00,23622.75,23622.75,23626.0,23619.75,841
2025-08-28 09:20:00+00:00,23622.5,23622.5,23623.75,23618.5,796
2025-08-28 09:25:00+00:00,23621.5,23622.75,23625.5,23618.75,722
2025-08-28 09:30:00+00:00,23622.5,23619.5,23624.75,23617.25,964
2025-08-28 09:35:00+00:00,23619.75,23622.75,23627.5,23618.0,972
2025-08-28 09:40:00+00:00,23622.5,23616.25,23622.5,23613.25,1052
2025-08-28 09:45:00+00:00,23616.5,23613.5,23621.5,23608.75,1387
2025-08-28 09:50:00+00:00,23613.5,23615.75,23618.75,23611.75,936
2025-08-28 09:55:00+00:00,23615.75,23614.25,23620.25,23613.0,851
2025-08-28 10:00:00+00:00,23614.75,23616.75,23616.75,23609.5,1120
2025-08-28 10:05:00+00:00,23617.0,23614.0,23619.0,23611.75,811
2025-08-28 10:10:00+00:00,23614.25,23613.75,23615.75,23613.5,77
2025-08-28 10:20:00+00:00,23611.0,23620.25,23622.75,23610.0,2681
2025-08-28 10:25:00+00:00,23619.5,23620.0,23625.0,23617.75,1187
2025-08-28 10:30:00+00:00,23619.5,23620.25,23623.5,23614.0,975
2025-08-28 10:35:00+00:00,23620.0,23613.5,23625.75,23613.0,1125
2025-08-28 10:40:00+00:00,23613.5,23599.75,23613.5,23597.5,2731
2025-08-28 10:45:00+00:00,23600.0,23606.75,23610.0,23599.25,1393
2025-08-28 10:50:00+00:00,23606.75,23608.75,23611.25,23600.0,1223
2025-08-28 10:55:00+00:00,23608.75,23611.5,23612.5,23605.5,977
2025-08-28 11:00:00+00:00,23611.25,23604.5,23615.25,23604.0,1746
2025-08-28 11:05:00+00:00,23605.0,23597.25,23607.5,23595.5,1949
2025-08-28 11:10:00+00:00,23597.25,23590.0,23597.5,23589.0,2030
2025-08-28 11:15:00+00:00,23589.75,23583.5,23594.5,23583.0,2018
2025-08-28 11:20:00+00:00,23583.75,23590.0,23593.75,23583.0,1915
2025-08-28 11:25:00+00:00,23590.0,23591.25,23594.25,23588.25,1307
2025-08-28 11:30:00+00:00,23591.75,23595.75,23596.5,23587.0,1717
2025-08-28 11:35:00+00:00,23595.75,23592.0,23598.0,23589.0,1401
2025-08-28 11:40:00+00:00,23591.75,23593.0,23596.5,23588.25,1116
2025-08-28 11:45:00+00:00,23593.25,23598.75,23602.75,23591.5,1757
2025-08-28 11:50:00+00:00,23598.75,23611.0,23612.0,23598.75,2341
2025-08-28 11:55:00+00:00,23610.5,23618.25,23619.0,23609.75,2091
2025-08-28 12:00:00+00:00,23617.75,23625.0,23626.75,23615.25,3677
2025-08-28 12:05:00+00:00,23625.5,23619.75,23631.0,23619.0,3041
2025-08-28 12:10:00+00:00,23620.75,23611.75,23621.0,23611.75,1995
2025-08-28 12:15:00+00:00,23611.5,23603.75,23611.75,23601.75,2383
2025-08-28 12:20:00+00:00,23603.75,23601.5,23605.25,23595.5,2962
2025-08-28 12:25:00+00:00,23601.25,23599.5,23602.0,23593.5,1935
2025-08-28 12:30:00+00:00,23599.25,23628.75,23641.25,23597.0,15146
2025-08-28 12:35:00+00:00,23628.25,23638.0,23640.5,23619.0,5701
2025-08-28 12:40:00+00:00,23638.5,23644.25,23653.5,23635.5,7106
2025-08-28 12:45:00+00:00,23644.0,23633.0,23645.75,23630.25,4628
2025-08-28 12:50:00+00:00,23632.5,23635.5,23643.0,23630.25,3127
2025-08-28 12:55:00+00:00,23635.25,23633.25,23647.5,23631.0,3929
2025-08-28 13:00:00+00:00,23633.25,23640.25,23642.0,23631.75,2901
2025-08-28 13:05:00+00:00,23640.0,23640.25,23646.5,23636.5,2804
2025-08-28 13:10:00+00:00,23640.0,23645.0,23645.25,23637.0,2208
2025-08-28 13:15:00+00:00,23645.0,23653.0,23656.25,23640.25,4220
2025-08-28 13:20:00+00:00,23653.25,23651.5,23657.75,23649.25,3341
2025-08-28 13:25:00+00:00,23651.5,23640.5,23652.0,23631.75,7027
2025-08-28 13:30:00+00:00,23640.5,23728.5,23743.25,23629.25,58556
2025-08-28 13:35:00+00:00,23728.0,23719.25,23731.0,23680.5,44033
2025-08-28 13:40:00+00:00,23718.75,23701.75,23736.75,23688.75,33024
2025-08-28 13:45:00+00:00,23702.5,23657.5,23709.5,23655.0,36856
2025-08-28 13:50:00+00:00,23658.0,23615.75,23663.75,23591.75,50911
2025-08-28 13:55:00+00:00,23615.25,23610.0,23629.0,23572.5,34570
2025-08-28 14:00:00+00:00,23609.5,23604.5,23634.25,23593.25,32555
2025-08-28 14:05:00+00:00,23604.5,23652.0,23676.25,23598.0,38224
2025-08-28 14:10:00+00:00,23652.25,23666.5,23672.5,23647.5,17356
2025-08-28 14:15:00+00:00,23664.75,23635.75,23674.75,23634.5,23493
2025-08-28 14:20:00+00:00,23636.5,23651.25,23670.25,23636.5,19784
2025-08-28 14:25:00+00:00,23650.75,23629.75,23652.75,23624.0,20353
2025-08-28 14:30:00+00:00,23630.25,23661.5,23677.5,23628.75,22711
2025-08-28 14:35:00+00:00,23661.75,23671.75,23673.5,23643.5,15278
2025-08-28 14:40:00+00:00,23671.75,23693.5,23701.75,23671.25,21067
2025-08-28 14:45:00+00:00,23693.25,23709.0,23720.0,23683.0,19771
2025-08-28 14:50:00+00:00,23709.25,23717.75,23720.5,23694.5,14245
2025-08-28 14:55:00+00:00,23718.0,23714.0,23730.0,23713.0,13547
2025-08-28 15:00:00+00:00,23714.25,23707.25,23720.0,23702.0,12340
2025-08-28 15:05:00+00:00,23707.75,23713.75,23716.25,23696.0,10966
2025-08-28 15:10:00+00:00,23713.75,23727.0,23732.0,23712.25,9618
2025-08-28 15:15:00+00:00,23727.25,23733.5,23754.25,23724.25,19536
2025-08-28 15:20:00+00:00,23733.0,23707.5,23735.0,23695.5,19185
2025-08-28 15:25:00+00:00,23707.5,23672.5,23707.5,23664.75,23941
2025-08-28 15:30:00+00:00,23672.5,23711.75,23718.25,23670.5,19209
2025-08-28 15:35:00+00:00,23711.75,23698.5,23719.5,23696.25,11694
2025-08-28 15:40:00+00:00,23698.75,23687.75,23706.25,23684.75,11139
2025-08-28 15:45:00+00:00,23687.0,23687.5,23694.75,23674.75,10492
2025-08-28 15:50:00+00:00,23688.5,23689.25,23699.0,23679.75,8986
2025-08-28 15:55:00+00:00,23688.25,23687.5,23699.5,23683.25,6599
2025-08-28 16:00:00+00:00,23687.5,23692.5,23694.25,23682.75,5357
2025-08-28 16:05:00+00:00,23692.5,23701.0,23706.0,23685.75,7688
2025-08-28 16:10:00+00:00,23701.25,23726.75,23729.0,23699.75,9486
2025-08-28 16:15:00+00:00,23726.75,23722.0,23732.75,23716.5,11629
2025-08-28 16:20:00+00:00,23721.5,23733.5,23735.0,23721.5,7412
2025-08-28 16:25:00+00:00,23733.75,23754.5,23766.0,23732.25,15149
2025-08-28 16:30:00+00:00,23754.75,23732.5,23760.5,23729.5,12720
2025-08-28 16:35:00+00:00,23733.0,23742.25,23745.25,23730.0,6660
2025-08-28 16:40:00+00:00,23741.75,23743.25,23744.5,23735.25,4533
2025-08-28 16:45:00+00:00,23743.25,23750.75,23754.0,23742.0,6962
2025-08-28 16:50:00+00:00,23750.25,23758.75,23761.5,23747.5,7041
2025-08-28 16:55:00+00:00,23759.0,23732.0,23760.0,23727.75,10297
2025-08-28 17:00:00+00:00,23732.25,23737.75,23741.0,23722.25,8924
2025-08-28 17:05:00+00:00,23737.75,23737.75,23740.75,23725.0,7724
2025-08-28 17:10:00+00:00,23737.25,23735.75,23739.5,23729.5,3754
2025-08-28 17:15:00+00:00,23735.25,23736.75,23739.5,23731.25,3332
2025-08-28 17:20:00+00:00,23736.5,23747.75,23748.75,23731.5,5392
2025-08-28 17:25:00+00:00,23747.25,23761.25,23761.5,23742.75,8219
2025-08-28 17:30:00+00:00,23761.5,23756.75,23772.0,23754.75,11401
2025-08-28 17:35:00+00:00,23757.5,23762.25,23769.75,23757.5,5824
2025-08-28 17:40:00+00:00,23762.5,23764.75,23768.0,23760.25,3812
2025-08-28 17:45:00+00:00,23764.75,23762.5,23768.5,23760.0,4155
2025-08-28 17:50:00+00:00,23763.0,23771.0,23774.5,23761.75,5603
2025-08-28 17:55:00+00:00,23770.75,23766.25,23771.5,23760.75,4945
2025-08-28 18:00:00+00:00,23766.0,23770.5,23771.75,23762.25,4891
2025-08-28 18:05:00+00:00,23770.25,23773.0,23777.25,23768.25,5207
2025-08-28 18:10:00+00:00,23773.0,23768.5,23774.0,23767.0,4133
2025-08-28 18:15:00+00:00,23768.5,23767.75,23770.75,23761.25,5048
2025-08-28 18:20:00+00:00,23767.25,23771.25,23774.0,23766.0,3348
2025-08-28 18:25:00+00:00,23771.25,23776.0,23779.75,23769.0,4516
2025-08-28 18:30:00+00:00,23776.0,23781.0,23783.5,23775.25,6714
2025-08-28 18:35:00+00:00,23781.0,23777.25,23781.5,23771.0,4599
2025-08-28 18:40:00+00:00,23777.25,23780.5,23787.0,23776.5,5956
2025-08-28 18:45:00+00:00,23780.75,23779.25,23784.0,23778.5,3293
2025-08-28 18:50:00+00:00,23779.75,23787.5,23789.0,23779.5,4115
2025-08-28 18:55:00+00:00,23787.75,23788.25,23792.5,23786.0,6095
2025-08-28 19:00:00+00:00,23788.75,23783.25,23798.0,23782.5,8157
2025-08-28 19:05:00+00:00,23783.0,23788.25,23788.25,23777.75,5477
2025-08-28 19:10:00+00:00,23787.75,23787.0,23791.5,23784.5,4563
2025-08-28 19:15:00+00:00,23787.0,23782.25,23787.0,23777.0,6481
2025-08-28 19:20:00+00:00,23782.5,23776.75,23784.5,23775.25,4849
2025-08-28 19:25:00+00:00,23776.75,23777.75,23782.75,23772.5,5695
2025-08-28 19:30:00+00:00,23777.5,23778.5,23779.25,23771.25,5928
2025-08-28 19:35:00+00:00,23778.75,23781.75,23786.0,23775.25,6746
2025-08-28 19:40:00+00:00,23781.5,23788.25,23789.75,23781.5,5412
2025-08-28 19:45:00+00:00,23788.25,23792.25,23797.75,23786.75,7512
2025-08-28 19:50:00+00:00,23792.0,23800.75,23803.75,23780.25,17525
2025-08-28 19:55:00+00:00,23800.5,23766.5,23800.5,23765.0,20080
2025-08-28 20:00:00+00:00,23766.5,23773.75,23774.5,23751.25,12571
2025-08-28 20:05:00+00:00,23773.5,23761.25,23773.5,23755.0,5101
2025-08-28 20:10:00+00:00,23760.75,23760.25,23764.75,23758.25,1964
2025-08-28 20:15:00+00:00,23760.25,23759.0,23764.0,23758.5,1542
2025-08-28 20:20:00+00:00,23759.0,23762.5,23762.75,23758.5,943
2025-08-28 20:25:00+00:00,23762.5,23763.5,23764.5,23759.75,1141
2025-08-28 20:30:00+00:00,23763.25,23761.75,23766.75,23761.25,1083
2025-08-28 20:35:00+00:00,23761.75,23764.25,23765.75,23761.5,957
2025-08-28 20:40:00+00:00,23764.0,23764.0,23765.0,23760.75,1168
2025-08-28 20:45:00+00:00,23764.0,23761.75,23765.25,23761.25,1416
2025-08-28 20:50:00+00:00,23761.75,23762.5,23765.75,23760.75,1041
2025-08-28 20:55:00+00:00,23762.75,23761.25,23763.25,23760.0,1001
2025-08-28 22:00:00+00:00,23761.0,23756.25,23762.75,23747.25,0
2025-08-28 22:05:00+00:00,23756.5,23751.5,23761.5,23751.0,896
2025-08-28 22:10:00+00:00,23751.5,23749.5,23759.5,23749.0,985
2025-08-28 22:15:00+00:00,23749.5,23747.5,23756.0,23746.25,1117
2025-08-28 22:20:00+00:00,23747.0,23754.0,23754.75,23744.75,904
2025-08-28 22:25:00+00:00,23753.75,23748.0,23755.0,23745.0,588
2025-08-28 22:30:00+00:00,23748.25,23745.25,23752.75,23743.25,885
2025-08-28 22:35:00+00:00,23746.0,23740.5,23747.0,23738.5,1169
2025-08-28 22:40:00+00:00,23740.25,23735.75,23740.25,23735.25,764
2025-08-28 22:45:00+00:00,23736.0,23738.75,23739.75,23734.75,780
2025-08-28 22:50:00+00:00,23738.75,23741.75,23743.75,23737.25,1017
2025-08-28 22:55:00+00:00,23741.75,23741.0,23742.0,23735.5,747
2025-08-28 23:00:00+00:00,23741.0,23742.75,23747.0,23736.5,1612
2025-08-28 23:05:00+00:00,23743.0,23746.25,23748.0,23741.75,658
2025-08-28 23:10:00+00:00,23746.5,23742.0,23748.0,23740.75,642
2025-08-28 23:15:00+00:00,23741.5,23743.0,23746.0,23741.5,381
2025-08-28 23:20:00+00:00,23743.0,23741.0,23743.75,23739.0,508
2025-08-28 23:25:00+00:00,23741.5,23744.75,23744.75,23740.5,324
2025-08-28 23:30:00+00:00,23745.0,23744.0,23745.75,23742.75,382
2025-08-28 23:35:00+00:00,23744.0,23751.75,23752.5,23743.5,1034
2025-08-28 23:40:00+00:00,23751.25,23751.25,23752.5,23747.0,705
2025-08-28 23:45:00+00:00,23751.0,23748.25,23751.0,23746.5,561
2025-08-28 23:50:00+00:00,23748.0,23749.0,23749.5,23743.75,707
2025-08-28 23:55:00+00:00,23748.5,23748.25,23752.25,23747.25,577
2025-08-29 00:00:00+00:00,23747.5,23744.5,23748.75,23738.0,2095
2025-08-29 00:05:00+00:00,23744.75,23739.25,23748.0,23738.75,860
2025-08-29 00:10:00+00:00,23739.25,23743.25,23747.25,23739.25,645
2025-08-29 00:15:00+00:00,23743.75,23751.75,23755.5,23742.0,1405
2025-08-29 00:20:00+00:00,23751.5,23747.0,23754.5,23746.25,973
2025-08-29 00:25:00+00:00,23747.25,23752.25,23753.25,23747.0,752
2025-08-29 00:30:00+00:00,23752.75,23753.5,23754.5,23747.75,877
2025-08-29 00:35:00+00:00,23753.5,23752.5,23755.75,23749.25,758
2025-08-29 00:40:00+00:00,23752.25,23752.0,23755.5,23751.75,449
2025-08-29 00:45:00+00:00,23751.0,23752.75,23752.75,23749.0,576
2025-08-29 00:50:00+00:00,23753.0,23751.0,23753.5,23748.75,524
2025-08-29 00:55:00+00:00,23750.25,23746.25,23750.75,23745.0,921
2025-08-29 01:00:00+00:00,23746.0,23746.0,23751.5,23744.5,696
2025-08-29 01:05:00+00:00,23746.0,23735.5,23746.75,23731.0,2156
2025-08-29 01:10:00+00:00,23735.25,23742.25,23742.75,23734.5,1100
2025-08-29 01:15:00+00:00,23742.0,23736.5,23742.75,23735.75,841
2025-08-29 01:20:00+00:00,23736.25,23735.25,23736.5,23732.5,954
2025-08-29 01:25:00+00:00,23734.75,23740.5,23741.25,23733.75,1007
2025-08-29 01:30:00+00:00,23740.0,23735.0,23740.5,23732.0,934
2025-08-29 01:35:00+00:00,23734.5,23733.0,23735.5,23729.75,858
2025-08-29 01:40:00+00:00,23733.0,23735.25,23737.0,23732.5,700
2025-08-29 01:45:00+00:00,23735.0,23733.25,23737.75,23730.75,788
2025-08-29 01:50:00+00:00,23733.25,23732.25,23734.5,23729.75,695
2025-08-29 01:55:00+00:00,23732.25,23733.0,23735.75,23729.5,618
2025-08-29 02:00:00+00:00,23732.75,23730.75,23733.25,23726.75,866
2025-08-29 02:05:00+00:00,23732.0,23729.5,23732.25,23728.75,446
2025-08-29 02:10:00+00:00,23729.25,23729.25,23730.75,23726.75,641
2025-08-29 02:15:00+00:00,23728.75,23730.0,23730.75,23726.75,476
2025-08-29 02:20:00+00:00,23730.25,23726.75,23731.0,23726.0,609
2025-08-29 02:25:00+00:00,23726.5,23722.75,23727.25,23720.25,1586
2025-08-29 02:30:00+00:00,23722.25,23721.75,23724.25,23720.75,695
2025-08-29 02:35:00+00:00,23722.0,23721.75,23723.25,23719.5,616
2025-08-29 02:40:00+00:00,23721.75,23720.25,23722.25,23719.75,362
2025-08-29 02:45:00+00:00,23720.75,23720.75,23721.25,23718.0,687
2025-08-29 02:50:00+00:00,23720.5,23723.75,23723.75,23720.25,641
2025-08-29 02:55:00+00:00,23723.75,23726.75,23728.25,23723.75,1105
2025-08-29 03:00:00+00:00,23726.75,23733.5,23735.25,23726.25,1371
2025-08-29 03:05:00+00:00,23733.5,23736.5,23740.0,23733.5,1382
2025-08-29 03:10:00+00:00,23736.5,23737.75,23740.0,23736.25,564
2025-08-29 03:15:00+00:00,23738.0,23735.25,23738.75,23733.0,765
2025-08-29 03:20:00+00:00,23735.5,23733.5,23737.0,23733.25,392
2025-08-29 03:25:00+00:00,23733.25,23730.5,23733.75,23730.0,715
2025-08-29 03:30:00+00:00,23730.25,23732.5,23733.25,23729.5,522
2025-08-29 03:35:00+00:00,23732.25,23735.5,23737.0,23731.0,628
2025-08-29 03:40:00+00:00,23735.75,23734.5,23741.0,23734.5,1022
2025-08-29 03:45:00+00:00,23734.5,23730.25,23735.5,23729.0,755
2025-08-29 03:50:00+00:00,23729.75,23730.25,23733.0,23728.5,647
2025-08-29 03:55:00+00:00,23730.0,23728.25,23730.25,23724.25,1081
2025-08-29 04:05:00+00:00,23723.75,23722.5,23724.0,23722.0,1375
2025-08-29 04:10:00+00:00,23722.75,23724.25,23726.0,23722.5,315
2025-08-29 04:15:00+00:00,23724.25,23725.25,23726.25,23723.75,318
2025-08-29 04:20:00+00:00,23724.75,23722.75,23725.0,23721.25,351
2025-08-29 04:25:00+00:00,23723.25,23721.5,23725.25,23721.5,471
2025-08-29 04:30:00+00:00,23721.5,23719.5,23722.25,23719.0,467
2025-08-29 04:35:00+00:00,23719.5,23722.25,23723.75,23719.25,327
2025-08-29 04:40:00+00:00,23722.5,23723.5,23724.5,23721.75,441
2025-08-29 04:45:00+00:00,23723.5,23725.75,23726.75,23721.5,380
2025-08-29 04:50:00+00:00,23725.25,23720.5,23727.5,23720.0,539
2025-08-29 04:55:00+00:00,23720.25,23720.25,23720.75,23718.5,561
2025-08-29 05:00:00+00:00,23720.75,23725.75,23728.25,23720.5,790
2025-08-29 05:05:00+00:00,23725.5,23725.75,23726.75,23723.75,512
2025-08-29 05:10:00+00:00,23725.75,23727.0,23727.25,23725.5,261
2025-08-29 05:15:00+00:00,23726.5,23721.0,23727.25,23721.0,653
2025-08-29 05:20:00+00:00,23720.75,23717.5,23721.25,23713.5,1749
2025-08-29 05:25:00+00:00,23717.0,23717.25,23719.75,23714.5,668
2025-08-29 05:30:00+00:00,23717.0,23718.25,23719.75,23715.0,474
2025-08-29 05:35:00+00:00,23718.5,23716.0,23718.5,23715.25,349
2025-08-29 05:40:00+00:00,23716.5,23719.25,23719.25,23714.5,413
2025-08-29 05:45:00+00:00,23718.75,23719.75,23722.75,23718.75,694
2025-08-29 05:50:00+00:00,23720.0,23717.25,23723.5,23714.25,938
2025-08-29 05:55:00+00:00,23717.0,23724.5,23726.0,23717.0,587
2025-08-29 06:00:00+00:00,23724.0,23721.25,23727.0,23721.0,734
2025-08-29 06:05:00+00:00,23721.75,23727.75,23729.5,23719.5,1077
2025-08-29 06:10:00+00:00,23727.75,23724.25,23729.5,23723.0,698
2025-08-29 06:15:00+00:00,23724.0,23725.25,23728.25,23723.5,515
2025-08-29 06:20:00+00:00,23726.25,23730.25,23731.5,23725.25,565
2025-08-29 06:25:00+00:00,23730.75,23732.5,23732.75,23728.75,679
2025-08-29 06:30:00+00:00,23732.5,23725.5,23734.25,23723.75,1077
2025-08-29 06:35:00+00:00,23725.5,23722.25,23726.75,23721.25,878
2025-08-29 06:40:00+00:00,23722.25,23729.0,23731.0,23716.0,1614
2025-08-29 06:45:00+00:00,23729.0,23722.75,23730.5,23721.5,851
2025-08-29 06:50:00+00:00,23722.75,23723.0,23724.75,23716.0,935
2025-08-29 06:55:00+00:00,23723.25,23717.25,23724.0,23714.0,892
2025-08-29 07:00:00+00:00,23717.25,23727.25,23729.25,23710.25,2439
2025-08-29 07:05:00+00:00,23727.25,23733.5,23735.0,23727.25,1421
2025-08-29 07:10:00+00:00,23733.25,23727.25,23737.0,23727.0,1680
2025-08-29 07:15:00+00:00,23726.75,23721.75,23728.5,23720.25,1128
2025-08-29 07:20:00+00:00,23721.5,23722.75,23729.5,23720.0,1152
2025-08-29 07:25:00+00:00,23722.25,23718.25,23723.75,23717.25,1014
2025-08-29 07:30:00+00:00,23718.5,23715.5,23718.75,23712.5,1372
2025-08-29 07:35:00+00:00,23714.75,23709.0,23715.0,23705.0,2490
2025-08-29 07:40:00+00:00,23709.0,23707.25,23711.0,23703.25,1233
2025-08-29 07:45:00+00:00,23706.5,23699.5,23707.0,23698.5,1689
2025-08-29 07:50:00+00:00,23699.25,23688.0,23699.25,23685.0,2653
2025-08-29 07:55:00+00:00,23688.25,23685.25,23692.5,23683.75,1685
2025-08-29 08:00:00+00:00,23684.75,23677.25,23697.0,23674.75,4689
2025-08-29 08:05:00+00:00,23677.75,23674.5,23680.25,23670.25,2940
2025-08-29 08:10:00+00:00,23675.0,23657.25,23675.0,23655.75,3785
2025-08-29 08:15:00+00:00,23657.0,23662.0,23668.5,23654.75,3241
2025-08-29 08:20:00+00:00,23661.0,23666.25,23670.25,23658.75,2140
2025-08-29 08:25:00+00:00,23666.75,23669.0,23676.25,23665.5,1844
2025-08-29 08:30:00+00:00,23669.5,23674.25,23679.0,23667.0,1637
2025-08-29 08:35:00+00:00,23674.25,23669.5,23675.5,23669.0,1409
2025-08-29 08:40:00+00:00,23669.5,23668.5,23670.75,23663.0,1546
2025-08-29 08:45:00+00:00,23668.25,23664.5,23668.5,23659.5,1177
2025-08-29 08:50:00+00:00,23664.75,23643.25,23666.25,23636.25,5512
2025-08-29 08:55:00+00:00,23643.0,23632.5,23650.5,23624.75,4655
2025-08-29 09:00:00+00:00,23632.5,23632.75,23639.5,23612.0,4574
2025-08-29 09:05:00+00:00,23632.5,23643.0,23643.75,23629.0,3240
2025-08-29 09:10:00+00:00,23642.75,23649.75,23650.5,23638.25,2388
2025-08-29 09:15:00+00:00,23650.0,23648.75,23656.5,23646.5,2135
2025-08-29 09:20:00+00:00,23648.5,23653.25,23655.0,23646.5,1101
2025-08-29 09:25:00+00:00,23653.0,23654.75,23658.5,23650.25,1242
2025-08-29 09:30:00+00:00,23654.5,23654.5,23657.5,23650.5,856
2025-08-29 09:35:00+00:00,23654.0,23656.25,23660.25,23651.75,1186
2025-08-29 09:40:00+00:00,23656.25,23649.5,23659.0,23647.75,1354
2025-08-29 09:45:00+00:00,23649.75,23655.25,23658.25,23648.5,878
2025-08-29 09:50:00+00:00,23655.0,23645.75,23655.0,23645.0,1122
2025-08-29 09:55:00+00:00,23646.0,23645.5,23653.75,23640.0,1491
2025-08-29 10:00:00+00:00,23646.25,23645.25,23647.5,23633.5,2267
2025-08-29 10:05:00+00:00,23644.75,23649.0,23649.75,23642.25,1021
2025-08-29 10:10:00+00:00,23649.5,23660.0,23660.5,23649.25,1056
2025-08-29 10:20:00+00:00,23650.5,23650.0,23655.75,23646.5,3301
2025-08-29 10:25:00+00:00,23649.75,23649.5,23654.5,23647.5,859
2025-08-29 10:30:00+00:00,23649.25,23646.75,23650.0,23638.5,1709
2025-08-29 10:35:00+00:00,23647.0,23641.0,23647.0,23637.0,1094
2025-08-29 10:40:00+00:00,23641.0,23635.0,23641.75,23632.5,1077
2025-08-29 10:45:00+00:00,23635.25,23636.0,23641.25,23630.75,1356
2025-08-29 10:50:00+00:00,23635.5,23633.75,23642.5,23633.25,1482
2025-08-29 10:55:00+00:00,23633.75,23636.75,23637.75,23622.75,2582
2025-08-29 11:00:00+00:00,23636.25,23642.5,23644.75,23633.0,2017
2025-08-29 11:05:00+00:00,23642.75,23644.75,23644.75,23635.0,956
2025-08-29 11:10:00+00:00,23644.75,23649.0,23650.75,23643.25,1416
2025-08-29 11:15:00+00:00,23649.5,23651.25,23654.0,23645.25,1478
2025-08-29 11:20:00+00:00,23651.25,23649.0,23654.5,23648.0,1137
2025-08-29 11:25:00+00:00,23647.75,23646.75,23650.5,23642.25,1324
2025-08-29 11:30:00+00:00,23646.5,23641.75,23647.25,23639.75,1198
2025-08-29 11:35:00+00:00,23643.0,23640.75,23647.5,23638.0,1182
2025-08-29 11:40:00+00:00,23640.75,23639.25,23648.75,23637.75,1472
2025-08-29 11:45:00+00:00,23639.0,23637.5,23643.75,23636.75,856
2025-08-29 11:50:00+00:00,23637.5,23636.5,23637.5,23630.5,1705
2025-08-29 11:55:00+00:00,23636.5,23639.25,23642.5,23632.25,1517
2025-08-29 12:00:00+00:00,23639.25,23630.75,23644.75,23630.5,2519
2025-08-29 12:05:00+00:00,23630.5,23629.75,23634.75,23621.0,3499
2025-08-29 12:10:00+00:00,23628.75,23633.25,23633.5,23624.25,1318
2025-08-29 12:15:00+00:00,23633.5,23630.25,23642.0,23629.75,2381
2025-08-29 12:20:00+00:00,23630.0,23631.25,23639.5,23628.75,1744
2025-08-29 12:25:00+00:00,23631.25,23630.75,23639.5,23627.0,2049
2025-08-29 12:30:00+00:00,23631.0,23664.5,23680.75,23627.0,14787
2025-08-29 12:35:00+00:00,23663.75,23652.0,23667.75,23647.5,5301
2025-08-29 12:40:00+00:00,23652.25,23654.25,23657.5,23644.0,4405
2025-08-29 12:45:00+00:00,23654.25,23662.75,23667.5,23651.0,4202
2025-08-29 12:50:00+00:00,23662.5,23663.0,23665.75,23652.25,2771
2025-08-29 12:55:00+00:00,23662.75,23667.0,23667.75,23660.5,1965
2025-08-29 13:00:00+00:00,23666.5,23665.5,23666.75,23654.75,3670
2025-08-29 13:05:00+00:00,23664.5,23657.25,23666.75,23656.25,2305
2025-08-29 13:10:00+00:00,23657.75,23657.75,23660.5,23652.25,2680
2025-08-29 13:15:00+00:00,23657.25,23651.0,23664.0,23651.0,2980
2025-08-29 13:20:00+00:00,23651.0,23655.25,23664.25,23651.0,2834
2025-08-29 13:25:00+00:00,23655.0,23652.25,23670.5,23648.25,9472
2025-08-29 13:30:00+00:00,23652.0,23638.25,23668.0,23630.25,33539
2025-08-29 13:35:00+00:00,23638.25,23596.25,23645.0,23594.5,32383
2025-08-29 13:40:00+00:00,23596.5,23600.0,23625.75,23585.25,30493
2025-08-29 13:45:00+00:00,23600.5,23543.5,23601.0,23537.5,47631
2025-08-29 13:50:00+00:00,23543.0,23548.75,23575.75,23526.5,36310
2025-08-29 13:55:00+00:00,23549.0,23516.0,23560.5,23507.0,31176
2025-08-29 14:00:00+00:00,23519.5,23481.5,23551.75,23480.75,41134
2025-08-29 14:05:00+00:00,23481.5,23457.75,23490.5,23440.0,43417
2025-08-29 14:10:00+00:00,23458.5,23458.0,23472.75,23431.5,31578
2025-08-29 14:15:00+00:00,23457.75,23464.0,23468.0,23428.0,26916
2025-08-29 14:20:00+00:00,23463.25,23486.0,23498.75,23460.25,30492
2025-08-29 14:25:00+00:00,23485.75,23498.5,23499.75,23447.5,27606
2025-08-29 14:30:00+00:00,23498.25,23491.5,23506.25,23475.75,22977
2025-08-29 14:35:00+00:00,23491.25,23509.0,23514.5,23478.75,18127
2025-08-29 14:40:00+00:00,23508.75,23471.25,23515.75,23469.0,22267
2025-08-29 14:45:00+00:00,23471.25,23449.5,23482.0,23442.5,23765
2025-08-29 14:50:00+00:00,23449.5,23436.5,23452.75,23420.25,26194
2025-08-29 14:55:00+00:00,23437.0,23435.0,23453.0,23413.5,22535
2025-08-29 15:00:00+00:00,23435.0,23450.0,23457.0,23428.5,16614
2025-08-29 15:05:00+00:00,23450.0,23474.0,23477.75,23443.75,16180
2025-08-29 15:10:00+00:00,23473.5,23467.5,23483.0,23463.25,13431
2025-08-29 15:15:00+00:00,23468.25,23470.5,23481.75,23460.5,10556
2025-08-29 15:20:00+00:00,23470.25,23488.25,23491.0,23467.75,11920
2025-08-29 15:25:00+00:00,23488.0,23482.0,23498.5,23475.75,11823
2025-08-29 15:30:00+00:00,23482.0,23460.0,23486.5,23458.0,15834
2025-08-29 15:35:00+00:00,23460.25,23465.0,23477.5,23450.25,13746
2025-08-29 15:40:00+00:00,23464.75,23457.0,23474.5,23455.25,9367
2025-08-29 15:45:00+00:00,23457.0,23448.25,23459.25,23446.0,9348
2025-08-29 15:50:00+00:00,23448.0,23445.5,23459.75,23435.25,12362
2025-08-29 15:55:00+00:00,23445.5,23432.0,23452.0,23424.75,12091
2025-08-29 16:00:00+00:00,23432.0,23451.5,23456.5,23429.0,10534
2025-08-29 16:05:00+00:00,23451.75,23453.5,23457.25,23432.5,8955
2025-08-29 16:10:00+00:00,23453.5,23470.0,23476.75,23450.25,9875
2025-08-29 16:15:00+00:00,23470.0,23470.5,23480.0,23464.0,7321
2025-08-29 16:20:00+00:00,23471.0,23471.75,23478.5,23467.5,5220
2025-08-29 16:25:00+00:00,23471.75,23454.25,23475.5,23447.75,9301
2025-08-29 16:30:00+00:00,23453.5,23473.25,23477.5,23453.5,7265
2025-08-29 16:35:00+00:00,23473.75,23481.5,23482.5,23469.5,6067
2025-08-29 16:40:00+00:00,23481.0,23483.25,23484.25,23473.75,4319
2025-08-29 16:45:00+00:00,23483.5,23477.0,23491.5,23473.75,8401
2025-08-29 16:50:00+00:00,23477.5,23484.25,23486.75,23471.5,5702
2025-08-29 16:55:00+00:00,23483.75,23478.25,23489.5,23476.5,5693
2025-08-29 17:00:00+00:00,23477.75,23432.25,23477.75,23431.5,15801
2025-08-29 17:05:00+00:00,23432.75,23443.0,23448.0,23420.75,12038
2025-08-29 17:10:00+00:00,23443.0,23419.5,23443.5,23416.0,12319
2025-08-29 17:15:00+00:00,23419.5,23413.5,23425.0,23401.5,16380
2025-08-29 17:20:00+00:00,23414.0,23429.5,23435.5,23413.75,10780
2025-08-29 17:25:00+00:00,23429.25,23428.0,23439.0,23423.75,6706
2025-08-29 17:30:00+00:00,23428.25,23422.75,23444.0,23418.0,10404
2025-08-29 17:35:00+00:00,23423.0,23434.75,23437.25,23414.0,7673
2025-08-29 17:40:00+00:00,23435.25,23441.0,23446.25,23430.75,7022
2025-08-29 17:45:00+00:00,23441.25,23454.5,23458.75,23440.5,7726
2025-08-29 17:50:00+00:00,23455.0,23465.0,23476.5,23450.75,10734
2025-08-29 17:55:00+00:00,23465.0,23459.75,23469.25,23445.25,9199
2025-08-29 18:00:00+00:00,23459.5,23445.75,23460.0,23444.0,7531
2025-08-29 18:05:00+00:00,23445.75,23463.0,23465.25,23442.25,7109
2025-08-29 18:10:00+00:00,23463.0,23460.75,23467.25,23450.0,5757
2025-08-29 18:15:00+00:00,23460.25,23459.25,23465.25,23455.25,3745
2025-08-29 18:20:00+00:00,23459.25,23451.75,23459.25,23436.5,9466
2025-08-29 18:25:00+00:00,23451.5,23441.25,23456.5,23437.5,6135
2025-08-29 18:30:00+00:00,23441.0,23459.75,23463.0,23440.75,6242
2025-08-29 18:35:00+00:00,23459.5,23448.25,23464.0,23447.75,4257
2025-08-29 18:40:00+00:00,23448.75,23443.75,23454.5,23442.25,5048
2025-08-29 18:45:00+00:00,23444.0,23443.75,23451.0,23441.75,3597
2025-08-29 18:50:00+00:00,23444.25,23450.0,23453.0,23438.0,5334
2025-08-29 18:55:00+00:00,23450.0,23459.25,23459.5,23444.5,3878
2025-08-29 19:00:00+00:00,23459.0,23459.0,23462.75,23452.25,4629
2025-08-29 19:05:00+00:00,23458.75,23470.0,23472.0,23456.25,5807
2025-08-29 19:10:00+00:00,23469.75,23467.25,23475.25,23461.0,6229
2025-08-29 19:15:00+00:00,23467.0,23476.25,23477.25,23465.75,5639
2025-08-29 19:20:00+00:00,23476.0,23472.25,23485.25,23467.0,7835
2025-08-29 19:25:00+00:00,23472.0,23463.5,23472.5,23455.25,7460
2025-08-29 19:30:00+00:00,23463.0,23460.5,23473.5,23460.25,7598
2025-08-29 19:35:00+00:00,23460.75,23458.5,23463.0,23444.5,9891
2025-08-29 19:40:00+00:00,23458.5,23478.5,23482.75,23456.25,9384
2025-08-29 19:45:00+00:00,23478.0,23474.0,23495.0,23469.0,12910
2025-08-29 19:50:00+00:00,23473.75,23429.5,23485.0,23426.75,23309
2025-08-29 19:55:00+00:00,23429.0,23473.25,23474.75,23425.75,26558
2025-08-29 20:00:00+00:00,23473.0,23466.5,23487.75,23453.25,18294
2025-08-29 20:05:00+00:00,23467.0,23461.5,23471.0,23457.25,3818
2025-08-29 20:10:00+00:00,23461.75,23464.75,23466.0,23455.0,3304
2025-08-29 20:15:00+00:00,23465.0,23459.25,23465.25,23455.0,1769
2025-08-29 20:20:00+00:00,23459.5,23463.0,23464.25,23457.0,1159
2025-08-29 20:25:00+00:00,23463.0,23456.0,23463.0,23452.75,1378
2025-08-29 20:30:00+00:00,23456.0,23456.5,23457.5,23454.25,1280
2025-08-29 20:35:00+00:00,23457.0,23457.25,23460.5,23456.5,1073
2025-08-29 20:40:00+00:00,23457.25,23453.5,23460.0,23450.75,1637
2025-08-29 20:45:00+00:00,23453.5,23455.75,23456.25,23452.25,1360
2025-08-29 20:50:00+00:00,23455.75,23462.5,23464.0,23454.25,1484
2025-08-29 20:55:00+00:00,23462.75,23461.75,23463.25,23453.5,1687
2025-08-31 22:00:00+00:00,23478.5,23492.0,23499.5,23464.25,3857
2025-08-31 22:05:00+00:00,23491.25,23513.25,23515.25,23479.25,4328
2025-08-31 22:10:00+00:00,23513.25,23504.75,23515.0,23503.5,1350
2025-08-31 22:15:00+00:00,23505.0,23514.5,23514.75,23461.75,1251
2025-08-31 22:20:00+00:00,23514.5,23509.5,23514.5,23505.25,937
2025-08-31 22:25:00+00:00,23509.5,23499.5,23510.5,23498.5,1147
2025-08-31 22:30:00+00:00,23500.25,23506.0,23508.0,23498.75,711
2025-08-31 22:35:00+00:00,23505.75,23511.75,23514.75,23505.25,724
2025-08-31 22:40:00+00:00,23512.0,23522.25,23525.5,23511.0,1614
2025-08-31 22:45:00+00:00,23523.5,23523.75,23528.0,23522.25,1190
2025-08-31 22:50:00+00:00,23524.5,23532.5,23533.5,23523.5,1025
2025-08-31 22:55:00+00:00,23532.0,23536.25,23537.0,23531.75,978
2025-08-31 23:00:00+00:00,23536.25,23540.25,23546.0,23535.5,2004
2025-08-31 23:05:00+00:00,23540.25,23538.0,23543.25,23535.5,738
2025-08-31 23:10:00+00:00,23538.5,23535.75,23539.75,23531.0,889
2025-08-31 23:15:00+00:00,23536.0,23533.75,23542.25,23531.25,1307
2025-08-31 23:20:00+00:00,23533.5,23530.75,23535.75,23530.5,989
2025-08-31 23:25:00+00:00,23531.0,23534.0,23535.5,23529.25,643
2025-08-31 23:30:00+00:00,23534.0,23531.5,23536.0,23530.25,627
2025-08-31 23:35:00+00:00,23531.75,23532.25,23536.25,23529.5,707
2025-08-31 23:40:00+00:00,23532.25,23536.0,23537.0,23529.0,708
2025-08-31 23:45:00+00:00,23536.25,23535.75,23537.75,23528.75,953
2025-08-31 23:50:00+00:00,23535.25,23536.25,23537.5,23533.25,332
2025-08-31 23:55:00+00:00,23535.75,23538.0,23538.25,23532.0,450
2025-09-01 00:00:00+00:00,23538.5,23537.5,23542.5,23529.75,1652
2025-09-01 00:05:00+00:00,23538.0,23543.5,23549.0,23536.75,1665
2025-09-01 00:10:00+00:00,23543.75,23549.5,23552.25,23538.75,1645
2025-09-01 00:15:00+00:00,23548.75,23550.75,23555.25,23547.25,1168
2025-09-01 00:20:00+00:00,23550.0,23540.75,23550.5,23539.5,1186
2025-09-01 00:25:00+00:00,23540.0,23537.0,23540.0,23530.25,1778
2025-09-01 00:30:00+00:00,23536.25,23533.0,23541.0,23533.0,888
2025-09-01 00:35:00+00:00,23533.0,23534.0,23535.25,23530.0,627
2025-09-01 00:40:00+00:00,23534.0,23539.25,23540.0,23533.75,578
2025-09-01 00:45:00+00:00,23539.0,23541.75,23544.5,23539.0,789
2025-09-01 00:50:00+00:00,23541.75,23539.75,23542.25,23539.0,577
2025-09-01 00:55:00+00:00,23538.75,23538.5,23541.0,23537.75,373
2025-09-01 01:00:00+00:00,23538.5,23538.5,23540.5,23531.25,1038
2025-09-01 01:05:00+00:00,23539.25,23533.25,23539.25,23531.5,597
2025-09-01 01:10:00+00:00,23533.5,23535.75,23538.0,23532.0,584
2025-09-01 01:15:00+00:00,23536.5,23530.0,23539.25,23529.0,682
2025-09-01 01:20:00+00:00,23529.25,23531.0,23533.5,23528.75,688
2025-09-01 01:25:00+00:00,23532.0,23534.75,23538.0,23531.5,512
2025-09-01 01:30:00+00:00,23534.75,23534.75,23539.0,23532.0,492
2025-09-01 01:35:00+00:00,23534.75,23531.0,23536.0,23529.75,521
2025-09-01 01:40:00+00:00,23530.25,23532.25,23534.25,23529.25,533
2025-09-01 01:45:00+00:00,23532.75,23532.25,23535.5,23531.25,393
2025-09-01 01:50:00+00:00,23531.25,23509.25,23532.0,23508.0,2705
2025-09-01 01:55:00+00:00,23509.25,23517.5,23520.5,23508.5,1503
2025-09-01 02:00:00+00:00,23517.75,23506.5,23518.25,23503.75,1735
2025-09-01 02:05:00+00:00,23507.0,23503.25,23508.5,23502.75,859
2025-09-01 02:10:00+00:00,23503.0,23487.25,23504.25,23486.5,2703
2025-09-01 02:15:00+00:00,23487.5,23481.25,23490.0,23479.5,1967
2025-09-01 02:20:00+00:00,23480.5,23480.25,23489.5,23476.0,1806
2025-09-01 02:25:00+00:00,23480.75,23477.0,23482.5,23474.25,1201
2025-09-01 02:30:00+00:00,23477.0,23479.0,23480.25,23470.5,1398
2025-09-01 02:35:00+00:00,23478.25,23475.75,23485.25,23475.0,1140
2025-09-01 02:40:00+00:00,23476.0,23472.0,23478.5,23465.5,1692
2025-09-01 02:45:00+00:00,23473.0,23478.25,23483.25,23473.0,1504
2025-09-01 02:50:00+00:00,23479.0,23470.75,23479.5,23467.75,1007
2025-09-01 02:55:00+00:00,23470.75,23469.0,23474.25,23468.0,612
2025-09-01 03:00:00+00:00,23469.25,23474.0,23475.0,23453.0,3316
2025-09-01 03:05:00+00:00,23473.25,23478.25,23480.25,23473.0,1229
2025-09-01 03:10:00+00:00,23478.5,23479.75,23484.75,23477.0,1233
2025-09-01 03:15:00+00:00,23480.25,23462.0,23482.0,23461.5,1655
2025-09-01 03:20:00+00:00,23463.0,23443.0,23468.75,23441.25,3579
2025-09-01 03:25:00+00:00,23443.5,23443.5,23446.25,23434.0,2879
2025-09-01 03:30:00+00:00,23443.75,23437.5,23449.0,23437.5,1492
2025-09-01 03:35:00+00:00,23436.5,23443.25,23443.25,23431.75,1411
2025-09-01 03:40:00+00:00,23442.5,23446.5,23449.0,23442.0,998
2025-09-01 03:45:00+00:00,23447.0,23444.25,23450.25,23440.25,1193
2025-09-01 03:50:00+00:00,23445.0,23442.5,23447.75,23442.5,694
2025-09-01 03:55:00+00:00,23443.0,23442.25,23447.25,23441.25,402
2025-09-02 04:00:00+00:00,23438.0,23440.0,23441.25,23433.5,766
2025-09-02 04:05:00+00:00,23440.25,23440.0,23442.5,23439.5,463
2025-09-02 04:10:00+00:00,23440.0,23442.25,23443.75,23439.75,367
2025-09-02 04:15:00+00:00,23442.25,23442.75,23444.25,23442.25,248
2025-09-02 04:20:00+00:00,23442.5,23446.0,23446.0,23442.5,313
2025-09-02 04:25:00+00:00,23446.0,23449.75,23450.75,23444.5,1133
2025-09-02 04:30:00+00:00,23449.5,23441.75,23450.0,23440.25,750
2025-09-02 04:35:00+00:00,23441.75,23429.75,23442.0,23428.0,1703
2025-09-02 04:40:00+00:00,23430.0,23434.5,23436.0,23427.25,927
2025-09-02 04:45:00+00:00,23434.5,23439.0,23441.5,23434.5,739
2025-09-02 04:50:00+00:00,23439.5,23442.25,23443.75,23436.25,498
2025-09-02 04:55:00+00:00,23443.25,23438.0,23445.75,23437.25,620
2025-09-02 05:00:00+00:00,23437.5,23428.5,23439.0,23427.5,1268
2025-09-02 05:05:00+00:00,23428.75,23411.5,23429.75,23408.75,2749
2025-09-02 05:10:00+00:00,23411.5,23415.25,23421.5,23404.75,2519
2025-09-02 05:15:00+00:00,23415.0,23414.25,23418.75,23410.0,1096
2025-09-02 05:20:00+00:00,23413.0,23414.5,23420.25,23411.5,721
2025-09-02 05:25:00+00:00,23415.0,23420.0,23420.5,23413.75,632
2025-09-02 05:30:00+00:00,23420.5,23424.75,23425.5,23414.5,1227
2025-09-02 05:35:00+00:00,23424.5,23412.5,23424.75,23407.25,1523
2025-09-02 05:40:00+00:00,23412.0,23414.0,23417.75,23408.5,845
2025-09-02 05:45:00+00:00,23413.25,23431.5,23432.0,23412.75,1343
2025-09-02 05:50:00+00:00,23431.5,23420.0,23436.75,23418.75,1407
2025-09-02 05:55:00+00:00,23419.5,23413.25,23422.75,23412.0,978
2025-09-02 06:00:00+00:00,23413.0,23426.75,23427.0,23406.25,1869
2025-09-02 06:05:00+00:00,23426.25,23433.25,23437.25,23421.25,1370
2025-09-02 06:10:00+00:00,23434.0,23429.25,23435.0,23421.25,1118
2025-09-02 06:15:00+00:00,23429.0,23425.5,23429.25,23422.25,743
2025-09-02 06:20:00+00:00,23425.0,23427.75,23428.75,23418.0,1184
2025-09-02 06:25:00+00:00,23428.0,23424.25,23439.5,23422.75,1463
2025-09-02 06:30:00+00:00,23423.25,23436.5,23438.0,23422.5,1274
2025-09-02 06:35:00+00:00,23436.25,23435.75,23438.0,23432.25,796
2025-09-02 06:40:00+00:00,23435.75,23436.25,23439.5,23431.75,767
2025-09-02 06:45:00+00:00,23436.0,23440.25,23443.75,23434.0,1487
2025-09-02 06:50:00+00:00,23439.75,23437.75,23442.5,23434.25,758
2025-09-02 06:55:00+00:00,23437.75,23447.5,23448.0,23437.5,1367
2025-09-02 07:00:00+00:00,23447.75,23447.5,23452.0,23440.75,2210
2025-09-02 07:05:00+00:00,23446.5,23426.25,23448.25,23426.0,2503
2025-09-02 07:10:00+00:00,23426.75,23391.5,23426.75,23390.0,5623
2025-09-02 07:15:00+00:00,23391.0,23402.0,23406.0,23384.5,4690
2025-09-02 07:20:00+00:00,23403.0,23378.75,23404.25,23376.0,4067
2025-09-02 07:25:00+00:00,23378.25,23412.0,23413.25,23372.75,4144
2025-09-02 07:30:00+00:00,23412.75,23388.0,23422.5,23387.25,4595
2025-09-02 07:35:00+00:00,23387.5,23376.75,23391.5,23372.75,3811
2025-09-02 07:40:00+00:00,23377.0,23353.75,23379.0,23353.0,5887
2025-09-02 07:45:00+00:00,23353.25,23312.25,23364.0,23312.0,7685
2025-09-02 07:50:00+00:00,23312.5,23282.75,23316.5,23270.0,12414
2025-09-02 07:55:00+00:00,23282.75,23277.75,23293.25,23270.25,6561
2025-09-02 08:00:00+00:00,23278.5,23311.75,23320.0,23267.5,8213
2025-09-02 08:05:00+00:00,23312.75,23310.75,23316.25,23296.75,4127
2025-09-02 08:10:00+00:00,23310.5,23288.5,23314.75,23282.25,4399
2025-09-02 08:15:00+00:00,23288.75,23314.25,23320.5,23287.25,4010
2025-09-02 08:20:00+00:00,23314.0,23313.5,23325.75,23312.75,2767
2025-09-02 08:25:00+00:00,23313.0,23309.0,23315.5,23305.25,1892
2025-09-02 08:30:00+00:00,23308.5,23301.75,23314.0,23298.25,1926
2025-09-02 08:35:00+00:00,23301.75,23316.25,23318.75,23301.25,1942
2025-09-02 08:40:00+00:00,23315.75,23329.75,23333.5,23315.5,2652
2025-09-02 08:45:00+00:00,23329.0,23321.0,23332.5,23318.5,1882
2025-09-02 08:50:00+00:00,23321.0,23316.0,23322.25,23308.25,2050
2025-09-02 08:55:00+00:00,23315.75,23310.0,23322.0,23303.0,2123
2025-09-02 09:00:00+00:00,23310.25,23317.5,23321.25,23299.0,2231
2025-09-02 09:05:00+00:00,23317.5,23310.0,23320.75,23309.5,1449
2025-09-02 09:10:00+00:00,23310.25,23311.5,23315.75,23305.25,1094
2025-09-02 09:15:00+00:00,23311.25,23326.25,23328.0,23309.75,1374
2025-09-02 09:20:00+00:00,23325.75,23318.25,23331.25,23317.0,1655
2025-09-02 09:25:00+00:00,23318.0,23325.75,23326.25,23317.75,1139
2025-09-02 09:30:00+00:00,23325.75,23321.5,23329.0,23315.25,1370
2025-09-02 09:35:00+00:00,23321.5,23323.5,23330.25,23321.25,1231
2025-09-02 09:40:00+00:00,23323.5,23316.75,23325.5,23316.5,1067
2025-09-02 09:45:00+00:00,23316.25,23298.25,23318.25,23297.25,1997
2025-09-02 09:50:00+00:00,23298.25,23293.5,23310.75,23291.5,1973
2025-09-02 09:55:00+00:00,23292.75,23292.5,23298.75,23290.5,1361
2025-09-02 10:00:00+00:00,23292.0,23295.25,23297.25,23288.75,1544
2025-09-02 10:05:00+00:00,23295.25,23305.5,23306.25,23289.5,1496
2025-09-02 10:10:00+00:00,23306.0,23300.0,23311.5,23298.0,1234
2025-09-02 10:15:00+00:00,23300.75,23280.25,23301.75,23280.0,1887
2025-09-02 10:20:00+00:00,23280.5,23267.25,23286.5,23265.0,3394
2025-09-02 10:25:00+00:00,23268.25,23254.25,23275.5,23248.0,4734
2025-09-02 10:30:00+00:00,23254.5,23254.25,23264.0,23240.75,5017
2025-09-02 10:35:00+00:00,23254.5,23261.75,23264.25,23253.0,2042
2025-09-02 10:40:00+00:00,23261.5,23256.75,23262.75,23231.25,5192
2025-09-02 10:45:00+00:00,23256.5,23249.25,23260.75,23248.25,2683
2025-09-02 10:50:00+00:00,23249.25,23248.75,23254.5,23242.75,1864
2025-09-02 10:55:00+00:00,23248.75,23253.75,23255.75,23241.75,1825
2025-09-02 11:00:00+00:00,23254.25,23235.25,23260.75,23235.25,3840
2025-09-02 11:05:00+00:00,23235.75,23233.25,23239.75,23231.25,2506
2025-09-02 11:10:00+00:00,23233.5,23246.0,23247.0,23223.0,4195
2025-09-02 11:15:00+00:00,23246.0,23237.25,23252.75,23236.25,2654
2025-09-02 11:20:00+00:00,23237.0,23243.25,23245.75,23228.25,3182
2025-09-02 11:25:00+00:00,23242.75,23234.75,23252.5,23233.5,2684
2025-09-02 11:30:00+00:00,23234.5,23233.25,23241.5,23227.25,2698
2025-09-02 11:35:00+00:00,23233.0,23232.25,23241.25,23229.75,2149
2025-09-02 11:40:00+00:00,23232.25,23236.25,23247.25,23232.25,2235
2025-09-02 11:45:00+00:00,23236.5,23235.25,23245.75,23233.0,2038
2025-09-02 11:50:00+00:00,23235.25,23234.75,23238.25,23214.5,4260
2025-09-02 11:55:00+00:00,23235.5,23224.75,23237.0,23223.25,2710
2025-09-02 12:00:00+00:00,23224.5,23193.0,23224.5,23188.25,11037
2025-09-02 12:05:00+00:00,23192.75,23178.0,23199.5,23176.5,6772
2025-09-02 12:10:00+00:00,23177.25,23178.75,23183.25,23165.5,7225
2025-09-02 12:15:00+00:00,23178.25,23170.75,23186.5,23170.25,4468
2025-09-02 12:20:00+00:00,23170.75,23159.75,23175.5,23157.5,5526
2025-09-02 12:25:00+00:00,23159.25,23165.0,23173.5,23156.25,4888
2025-09-02 12:30:00+00:00,23165.5,23160.0,23172.75,23149.75,5664
2025-09-02 12:35:00+00:00,23159.75,23143.25,23168.75,23141.25,6862
2025-09-02 12:40:00+00:00,23143.0,23134.0,23144.75,23120.5,10064
2025-09-02 12:45:00+00:00,23134.25,23122.25,23136.25,23113.75,6395
2025-09-02 12:50:00+00:00,23123.5,23096.5,23142.75,23060.0,13868
2025-09-02 12:55:00+00:00,23095.5,23096.0,23125.75,23075.25,16844
2025-09-02 13:00:00+00:00,23096.0,23102.5,23103.5,23078.5,13136
2025-09-02 13:05:00+00:00,23102.0,23099.5,23115.5,23093.25,10657
2025-09-02 13:10:00+00:00,23099.75,23122.75,23124.25,23094.75,7753
2025-09-02 13:15:00+00:00,23122.5,23112.0,23124.75,23111.0,5186
2025-09-02 13:20:00+00:00,23112.75,23118.0,23120.0,23107.75,4418
2025-09-02 13:25:00+00:00,23126.5,23100.75,23129.75,23088.75,14035
2025-09-02 13:30:00+00:00,23100.5,23082.5,23101.5,23025.0,53151
2025-09-02 13:35:00+00:00,23081.5,23133.75,23162.0,23078.25,39126
2025-09-02 13:40:00+00:00,23133.25,23150.75,23177.5,23126.5,28553
2025-09-02 13:45:00+00:00,23150.75,23198.25,23200.0,23137.75,35124
2025-09-02 13:50:00+00:00,23198.5,23251.5,23251.5,23190.25,37195
2025-09-02 13:55:00+00:00,23250.25,23233.25,23261.0,23218.75,21910
2025-09-02 14:00:00+00:00,23230.0,23228.25,23280.25,23218.75,35116
2025-09-02 14:05:00+00:00,23228.5,23212.5,23234.75,23204.0,27643
2025-09-02 14:10:00+00:00,23211.75,23208.5,23240.75,23196.25,29236
2025-09-02 14:15:00+00:00,23208.75,23224.5,23239.25,23187.5,27465
2025-09-02 14:20:00+00:00,23223.75,23206.0,23256.0,23201.25,27433
2025-09-02 14:25:00+00:00,23205.75,23261.5,23262.75,23195.0,27170
2025-09-02 14:30:00+00:00,23260.75,23250.75,23260.75,23225.25,21994
2025-09-02 14:35:00+00:00,23249.75,23225.0,23261.5,23217.5,18580
2025-09-02 14:40:00+00:00,23225.25,23181.75,23225.75,23178.25,25327
2025-09-02 14:45:00+00:00,23182.5,23145.5,23188.25,23143.0,29660
2025-09-02 14:50:00+00:00,23145.25,23151.75,23163.5,23135.0,22046
2025-09-02 14:55:00+00:00,23151.0,23162.0,23167.5,23136.25,17153
2025-09-02 15:00:00+00:00,23162.25,23143.5,23179.25,23142.25,18106
2025-09-02 15:05:00+00:00,23143.75,23139.75,23146.25,23125.0,17720
2025-09-02 15:10:00+00:00,23139.5,23130.0,23151.5,23123.0,16665
2025-09-02 15:15:00+00:00,23129.5,23106.75,23135.5,23097.25,22568
2025-09-02 15:20:00+00:00,23107.0,23111.25,23116.75,23095.5,14160
2025-09-02 15:25:00+00:00,23111.0,23109.75,23126.25,23107.0,14562
2025-09-02 15:30:00+00:00,23109.75,23088.75,23109.75,23086.25,14425
2025-09-02 15:35:00+00:00,23088.5,23056.0,23089.75,23054.75,21303
2025-09-02 15:40:00+00:00,23056.5,23055.25,23067.75,23051.0,12055
2025-09-02 15:45:00+00:00,23055.5,23052.5,23066.25,23048.25,11034
2025-09-02 15:50:00+00:00,23052.75,23037.25,23053.25,23026.5,17135
2025-09-02 15:55:00+00:00,23037.0,23048.25,23057.75,23029.25,15655
2025-09-02 16:00:00+00:00,23048.0,23044.75,23065.0,23041.25,14149
2025-09-02 16:05:00+00:00,23044.75,23039.0,23061.25,23037.75,9833
2025-09-02 16:10:00+00:00,23038.75,23061.75,23069.0,23038.5,10473
2025-09-02 16:15:00+00:00,23061.25,23081.0,23082.25,23060.25,11343
2025-09-02 16:20:00+00:00,23081.25,23073.0,23085.0,23071.0,8701
2025-09-02 16:25:00+00:00,23073.25,23067.0,23078.5,23060.25,9712
2025-09-02 16:30:00+00:00,23067.0,23069.25,23077.75,23066.25,5938
2025-09-02 16:35:00+00:00,23070.0,23072.75,23090.0,23067.25,9390
2025-09-02 16:40:00+00:00,23073.25,23090.25,23104.5,23073.0,10353
2025-09-02 16:45:00+00:00,23090.25,23084.75,23102.0,23071.0,9980
2025-09-02 16:50:00+00:00,23084.5,23106.5,23110.5,23081.5,10222
2025-09-02 16:55:00+00:00,23106.5,23126.25,23131.0,23106.0,11394
2025-09-02 17:00:00+00:00,23126.5,23135.25,23140.25,23123.75,9367
2025-09-02 17:05:00+00:00,23135.25,23130.0,23143.5,23127.0,8152
2025-09-02 17:10:00+00:00,23130.5,23116.25,23132.5,23104.25,11754
2025-09-02 17:15:00+00:00,23115.75,23126.25,23129.0,23112.25,6858
2025-09-02 17:20:00+00:00,23126.25,23145.25,23149.0,23125.25,7720
2025-09-02 17:25:00+00:00,23145.25,23161.25,23168.5,23144.0,11561
2025-09-02 17:30:00+00:00,23160.75,23191.5,23194.25,23160.5,13227
2025-09-02 17:35:00+00:00,23191.5,23209.75,23214.75,23186.75,12621
2025-09-02 17:40:00+00:00,23209.5,23218.5,23224.0,23203.0,13043
2025-09-02 17:45:00+00:00,23219.0,23218.75,23223.75,23209.25,9413
2025-09-02 17:50:00+00:00,23219.25,23195.5,23226.75,23195.0,12154
2025-09-02 17:55:00+00:00,23195.75,23189.0,23205.0,23187.75,8481
2025-09-02 18:00:00+00:00,23189.25,23198.0,23207.5,23186.5,8588
2025-09-02 18:05:00+00:00,23197.75,23179.0,23200.0,23176.75,9222
2025-09-02 18:10:00+00:00,23179.5,23180.0,23191.0,23175.75,6763
2025-09-02 18:15:00+00:00,23180.25,23167.25,23185.25,23166.5,7574
2025-09-02 18:20:00+00:00,23167.5,23178.25,23188.0,23163.75,8403
2025-09-02 18:25:00+00:00,23178.0,23164.25,23182.75,23162.25,6559
2025-09-02 18:30:00+00:00,23164.25,23172.25,23184.0,23163.0,7978
2025-09-02 18:35:00+00:00,23172.0,23170.75,23174.0,23160.5,5719
2025-09-02 18:40:00+00:00,23170.75,23168.25,23172.25,23157.5,6087
2025-09-02 18:45:00+00:00,23168.25,23187.75,23200.25,23163.0,11626
2025-09-02 18:50:00+00:00,23187.25,23212.5,23232.75,23186.0,16998
2025-09-02 18:55:00+00:00,23213.0,23189.25,23214.75,23184.75,10152
2025-09-02 19:00:00+00:00,23189.0,23210.0,23214.0,23188.5,12607
2025-09-02 19:05:00+00:00,23209.5,23209.75,23216.5,23200.5,5311
2025-09-02 19:10:00+00:00,23209.75,23222.0,23224.5,23202.25,7366
2025-09-02 19:15:00+00:00,23221.5,23230.5,23237.0,23215.0,7237
2025-09-02 19:20:00+00:00,23230.5,23225.25,23240.25,23221.75,7411
2025-09-02 19:25:00+00:00,23225.5,23233.75,23237.5,23219.25,6855
2025-09-02 19:30:00+00:00,23233.75,23234.5,23247.0,23230.0,8711
2025-09-02 19:35:00+00:00,23234.75,23249.5,23252.25,23230.5,8262
2025-09-02 19:40:00+00:00,23249.75,23247.75,23261.25,23242.75,9435
2025-09-02 19:45:00+00:00,23247.5,23252.5,23254.25,23235.25,8440
2025-09-02 19:50:00+00:00,23252.75,23279.75,23285.5,23240.5,17768
2025-09-02 19:55:00+00:00,23279.5,23276.5,23290.0,23261.75,20604
2025-09-02 20:00:00+00:00,23276.5,23271.25,23287.75,23270.25,8485
2025-09-02 20:05:00+00:00,23271.5,23363.75,23366.75,23271.5,21344
2025-09-02 20:10:00+00:00,23362.75,23352.5,23374.5,23336.25,11574
2025-09-02 20:15:00+00:00,23352.0,23369.5,23374.25,23340.5,10961
2025-09-02 20:20:00+00:00,23368.75,23374.75,23383.5,23359.5,7617
2025-09-02 20:25:00+00:00,23375.0,23373.5,23386.5,23364.75,6028
2025-09-02 20:30:00+00:00,23373.25,23364.0,23374.0,23360.5,2763
2025-09-02 20:35:00+00:00,23364.5,23366.5,23373.25,23361.75,2404
2025-09-02 20:40:00+00:00,23366.0,23365.75,23368.25,23357.5,2603
2025-09-02 20:45:00+00:00,23366.25,23372.0,23373.75,23365.0,2362
2025-09-02 20:50:00+00:00,23372.0,23382.0,23382.25,23369.75,2329
2025-09-02 20:55:00+00:00,23381.75,23379.25,23383.0,23375.25,1813
2025-09-02 22:00:00+00:00,23381.5,23366.75,23387.5,23366.0,0
2025-09-02 22:05:00+00:00,23366.5,23358.0,23369.25,23356.0,1889
2025-09-02 22:10:00+00:00,23358.25,23362.25,23364.5,23353.75,1347
2025-09-02 22:15:00+00:00,23362.25,23362.5,23375.75,23362.25,2386
2025-09-02 22:20:00+00:00,23362.75,23359.0,23368.0,23357.25,1416
2025-09-02 22:25:00+00:00,23359.5,23358.25,23361.75,23352.25,1288
2025-09-02 22:30:00+00:00,23358.25,23351.75,23364.5,23349.0,1753
2025-09-02 22:35:00+00:00,23352.5,23365.75,23367.0,23350.25,1583
2025-09-02 22:40:00+00:00,23366.0,23353.0,23366.25,23350.75,1256
2025-09-02 22:45:00+00:00,23352.5,23355.0,23358.75,23352.0,635
2025-09-02 22:50:00+00:00,23355.0,23345.0,23358.5,23343.75,1816
2025-09-02 22:55:00+00:00,23345.25,23341.75,23345.75,23335.0,2295
2025-09-02 23:00:00+00:00,23341.25,23343.25,23345.5,23340.0,1174
2025-09-02 23:05:00+00:00,23342.75,23341.25,23345.75,23336.75,953
2025-09-02 23:10:00+00:00,23341.5,23339.75,23344.75,23338.25,912
2025-09-02 23:15:00+00:00,23341.5,23332.0,23344.75,23331.25,992
2025-09-02 23:20:00+00:00,23331.75,23331.0,23333.75,23326.0,1652
2025-09-02 23:25:00+00:00,23331.5,23337.5,23341.0,23330.75,1148
2025-09-02 23:30:00+00:00,23337.5,23338.25,23343.75,23334.25,1339
2025-09-02 23:35:00+00:00,23338.0,23336.5,23339.25,23332.75,831
2025-09-02 23:40:00+00:00,23336.5,23333.0,23337.75,23331.25,911
2025-09-02 23:45:00+00:00,23332.75,23329.75,23335.25,23327.75,905
2025-09-02 23:50:00+00:00,23329.75,23334.75,23336.0,23327.25,969
2025-09-02 23:55:00+00:00,23334.25,23334.5,23336.0,23330.25,765
2025-09-03 00:00:00+00:00,23333.75,23333.0,23335.75,23324.5,2146
2025-09-03 00:05:00+00:00,23333.75,23325.0,23336.0,23323.25,1359
2025-09-03 00:10:00+00:00,23325.25,23334.0,23334.0,23324.75,1309
2025-09-03 00:15:00+00:00,23334.5,23337.0,23338.25,23329.75,1868
2025-09-03 00:20:00+00:00,23337.25,23328.75,23338.5,23327.0,1667
2025-09-03 00:25:00+00:00,23329.0,23335.75,23336.75,23328.5,1409
2025-09-03 00:30:00+00:00,23335.75,23330.5,23340.0,23326.25,1744
2025-09-03 00:35:00+00:00,23330.0,23335.0,23336.25,23329.0,1021
2025-09-03 00:40:00+00:00,23334.75,23333.75,23343.25,23331.5,1637
2025-09-03 00:45:00+00:00,23333.5,23325.5,23333.5,23322.25,1992
2025-09-03 00:50:00+00:00,23325.0,23320.5,23328.75,23317.75,1865
2025-09-03 00:55:00+00:00,23320.75,23330.75,23332.5,23318.0,1475
2025-09-03 01:00:00+00:00,23330.5,23333.25,23335.5,23326.75,1240
2025-09-03 01:05:00+00:00,23333.5,23332.0,23334.25,23324.0,899
2025-09-03 01:10:00+00:00,23332.25,23324.0,23333.5,23324.0,835
2025-09-03 01:15:00+00:00,23324.0,23321.5,23328.25,23318.75,1319
2025-09-03 01:20:00+00:00,23321.25,23317.5,23322.25,23316.5,1234
2025-09-03 01:25:00+00:00,23317.75,23319.25,23322.0,23315.75,857
2025-09-03 01:30:00+00:00,23318.75,23319.5,23322.25,23311.75,1360
2025-09-03 01:35:00+00:00,23320.5,23318.0,23321.75,23314.75,584
2025-09-03 01:40:00+00:00,23317.75,23326.25,23327.5,23317.75,1053
2025-09-03 01:45:00+00:00,23326.5,23331.0,23333.75,23326.0,1288
2025-09-03 01:50:00+00:00,23330.75,23335.5,23340.5,23329.0,1951
2025-09-03 01:55:00+00:00,23335.0,23336.75,23337.75,23330.75,818
2025-09-03 02:00:00+00:00,23336.25,23332.5,23339.25,23330.25,997
2025-09-03 02:05:00+00:00,23332.75,23329.0,23333.25,23325.75,835
2025-09-03 02:10:00+00:00,23329.0,23329.25,23333.5,23328.25,554
2025-09-03 02:15:00+00:00,23329.25,23333.25,23334.75,23327.0,589
2025-09-03 02:20:00+00:00,23333.0,23331.75,23334.25,23329.5,452
2025-09-03 02:25:00+00:00,23331.75,23329.5,23331.75,23324.75,796
2025-09-03 02:30:00+00:00,23328.75,23317.25,23329.5,23314.0,1438
2025-09-03 02:35:00+00:00,23317.0,23316.0,23319.0,23313.0,740
2025-09-03 02:40:00+00:00,23315.0,23323.25,23324.25,23313.25,944
2025-09-03 02:45:00+00:00,23323.5,23325.25,23328.5,23322.25,826
2025-09-03 02:50:00+00:00,23325.75,23324.0,23326.0,23321.0,419
2025-09-03 02:55:00+00:00,23324.25,23322.0,23325.25,23321.75,383
2025-09-03 03:00:00+00:00,23322.0,23327.25,23329.25,23320.5,569
2025-09-03 03:05:00+00:00,23326.75,23331.0,23333.0,23326.25,743
2025-09-03 03:10:00+00:00,23330.5,23329.0,23331.25,23321.25,997
2025-09-03 03:15:00+00:00,23329.5,23328.0,23330.0,23323.75,713
2025-09-03 03:20:00+00:00,23328.5,23331.75,23332.75,23326.25,1116
2025-09-03 03:25:00+00:00,23332.0,23325.5,23332.25,23318.75,1026
2025-09-03 03:30:00+00:00,23324.75,23324.5,23330.25,23323.75,576
2025-09-03 03:35:00+00:00,23324.0,23311.25,23326.25,23310.5,1517
2025-09-03 03:40:00+00:00,23311.25,23321.0,23322.75,23299.75,2763
2025-09-03 03:45:00+00:00,23320.75,23321.25,23322.5,23315.0,913
2025-09-03 03:50:00+00:00,23321.0,23324.75,23328.5,23319.0,1220
2025-09-03 03:55:00+00:00,23325.25,23325.75,23325.75,23320.75,702
2025-09-03 04:05:00+00:00,23327.5,23324.75,23327.5,23324.75,1567
2025-09-03 04:10:00+00:00,23325.75,23324.75,23327.0,23319.5,856
2025-09-03 04:15:00+00:00,23325.0,23331.0,23331.75,23322.5,778
2025-09-03 04:20:00+00:00,23331.0,23333.25,23334.25,23328.75,667
2025-09-03 04:25:00+00:00,23332.5,23333.75,23334.75,23328.0,738
2025-09-03 04:30:00+00:00,23334.0,23334.5,23334.5,23330.0,677
2025-09-03 04:35:00+00:00,23334.5,23330.0,23337.5,23329.25,838
2025-09-03 04:40:00+00:00,23330.0,23330.25,23331.75,23328.25,444
2025-09-03 04:45:00+00:00,23330.25,23327.5,23330.25,23324.25,560
2025-09-03 04:50:00+00:00,23328.0,23325.0,23329.5,23325.0,301
2025-09-03 04:55:00+00:00,23325.5,23331.5,23332.75,23324.75,431
2025-09-03 05:00:00+00:00,23331.0,23324.75,23331.25,23323.75,469
2025-09-03 05:05:00+00:00,23324.0,23320.0,23324.0,23315.5,1213
2025-09-03 05:10:00+00:00,23320.0,23331.75,23332.25,23320.0,951
2025-09-03 05:15:00+00:00,23332.0,23333.25,23334.5,23329.5,675
2025-09-03 05:20:00+00:00,23333.5,23326.25,23336.75,23321.75,959
2025-09-03 05:25:00+00:00,23325.75,23318.25,23325.75,23311.0,1641
2025-09-03 05:30:00+00:00,23317.75,23328.25,23331.0,23317.75,729
2025-09-03 05:35:00+00:00,23327.75,23330.25,23331.0,23325.0,534
2025-09-03 05:40:00+00:00,23329.5,23323.25,23329.75,23321.5,688
2025-09-03 05:45:00+00:00,23323.5,23309.0,23324.75,23308.0,1266
2025-09-03 05:50:00+00:00,23309.25,23318.25,23321.5,23309.0,1430
2025-09-03 05:55:00+00:00,23317.75,23317.25,23321.0,23311.75,950
2025-09-03 06:00:00+00:00,23316.0,23311.0,23317.25,23309.25,1420
2025-09-03 06:05:00+00:00,23311.0,23329.25,23331.5,23310.25,2085
2025-09-03 06:10:00+00:00,23329.25,23333.0,23339.75,23328.25,1988
2025-09-03 06:15:00+00:00,23333.25,23333.0,23335.25,23327.0,1024
2025-09-03 06:20:00+00:00,23333.75,23342.25,23343.75,23332.0,1694
2025-09-03 06:25:00+00:00,23341.0,23354.75,23356.5,23341.0,2743
2025-09-03 06:30:00+00:00,23354.75,23360.75,23365.25,23354.0,2297
2025-09-03 06:35:00+00:00,23360.75,23356.5,23361.0,23349.75,1551
2025-09-03 06:40:00+00:00,23356.25,23358.25,23360.0,23353.0,956
2025-09-03 06:45:00+00:00,23358.25,23351.5,23361.5,23350.25,1261
2025-09-03 06:50:00+00:00,23350.75,23341.75,23355.25,23341.0,1929
2025-09-03 06:55:00+00:00,23341.75,23345.75,23348.75,23336.5,1580
2025-09-03 07:00:00+00:00,23345.75,23361.0,23362.25,23341.25,2677
2025-09-03 07:05:00+00:00,23361.0,23349.0,23361.0,23344.5,1774
2025-09-03 07:10:00+00:00,23348.5,23347.75,23351.0,23340.25,1263
2025-09-03 07:15:00+00:00,23347.25,23325.0,23351.25,23324.25,2723
2025-09-03 07:20:00+00:00,23325.75,23347.25,23349.25,23319.75,3146
2025-09-03 07:25:00+00:00,23346.75,23355.75,23360.0,23341.0,2364
2025-09-03 07:30:00+00:00,23355.25,23347.0,23363.75,23344.5,2210
2025-09-03 07:35:00+00:00,23346.5,23360.25,23364.75,23346.0,1678
2025-09-03 07:40:00+00:00,23360.0,23358.0,23364.0,23352.75,1309
2025-09-03 07:45:00+00:00,23357.75,23369.25,23372.0,23357.75,2068
2025-09-03 07:50:00+00:00,23368.5,23377.25,23379.75,23365.0,1854
2025-09-03 07:55:00+00:00,23377.25,23376.5,23382.5,23373.5,1579
2025-09-03 08:00:00+00:00,23376.0,23389.5,23393.25,23370.0,3330
2025-09-03 08:05:00+00:00,23389.5,23403.5,23404.0,23384.25,3350
2025-09-03 08:10:00+00:00,23403.5,23412.5,23414.75,23397.0,2739
2025-09-03 08:15:00+00:00,23412.0,23425.0,23426.75,23410.0,3217
2025-09-03 08:20:00+00:00,23426.0,23420.0,23431.75,23416.75,2797
2025-09-03 08:25:00+00:00,23420.5,23419.25,23422.25,23413.25,2285
2025-09-03 08:30:00+00:00,23419.75,23410.0,23420.75,23406.75,5291
2025-09-03 08:35:00+00:00,23410.25,23405.0,23411.0,23398.5,2292
2025-09-03 08:40:00+00:00,23404.75,23406.25,23409.25,23402.0,1265
2025-09-03 08:45:00+00:00,23406.25,23408.5,23411.5,23403.75,871
2025-09-03 08:50:00+00:00,23408.5,23409.0,23410.5,23402.25,918
2025-09-03 08:55:00+00:00,23409.0,23419.0,23420.25,23407.75,1604
2025-09-03 09:00:00+00:00,23419.0,23414.5,23426.0,23411.0,1967
2025-09-03 09:05:00+00:00,23415.0,23404.25,23415.0,23402.5,1292
2025-09-03 09:10:00+00:00,23404.25,23400.25,23408.0,23400.0,1234
2025-09-03 09:15:00+00:00,23401.0,23413.5,23415.75,23398.25,1293
2025-09-03 09:20:00+00:00,23413.5,23424.75,23428.25,23413.5,1366
2025-09-03 09:25:00+00:00,23424.0,23426.25,23430.0,23421.25,1277
2025-09-03 09:30:00+00:00,23426.75,23423.5,23428.0,23416.75,1725
2025-09-03 09:35:00+00:00,23424.25,23433.75,23435.25,23422.0,1605
2025-09-03 09:40:00+00:00,23433.75,23440.5,23444.5,23433.25,2481
2025-09-03 09:45:00+00:00,23440.25,23435.0,23442.0,23432.0,1459
2025-09-03 09:50:00+00:00,23435.75,23440.75,23441.5,23432.5,1134
2025-09-03 09:55:00+00:00,23440.25,23438.0,23440.25,23432.75,866
2025-09-03 10:00:00+00:00,23437.75,23437.5,23442.0,23432.5,1309
2025-09-03 10:05:00+00:00,23437.5,23431.75,23440.75,23430.0,1059
2025-09-03 10:10:00+00:00,23432.25,23430.25,23435.0,23428.5,404
2025-09-03 10:20:00+00:00,23432.0,23433.25,23435.5,23428.25,3569
2025-09-03 10:25:00+00:00,23433.25,23440.0,23440.25,23430.75,1093
2025-09-03 10:30:00+00:00,23439.75,23436.25,23448.0,23436.25,2419
2025-09-03 10:35:00+00:00,23436.25,23435.5,23437.0,23427.75,1850
2025-09-03 10:40:00+00:00,23436.0,23434.5,23437.75,23430.25,814
2025-09-03 10:45:00+00:00,23434.25,23437.5,23439.25,23431.75,1127
2025-09-03 10:50:00+00:00,23437.5,23441.5,23442.5,23432.75,1296
2025-09-03 10:55:00+00:00,23441.0,23441.0,23444.25,23437.75,1642
2025-09-03 11:00:00+00:00,23441.25,23451.5,23452.5,23436.0,2998
2025-09-03 11:05:00+00:00,23451.5,23447.5,23455.75,23442.5,2615
2025-09-03 11:10:00+00:00,23447.5,23447.25,23458.5,23446.0,2283
2025-09-03 11:15:00+00:00,23447.0,23440.75,23448.0,23436.5,1837
2025-09-03 11:20:00+00:00,23440.5,23440.5,23445.75,23435.5,1566
2025-09-03 11:25:00+00:00,23440.25,23424.0,23441.25,23423.5,2197
2025-09-03 11:30:00+00:00,23424.25,23430.5,23431.0,23407.75,4472
2025-09-03 11:35:00+00:00,23430.0,23434.75,23441.75,23430.0,3825
2025-09-03 11:40:00+00:00,23434.75,23447.5,23450.25,23429.75,3423
2025-09-03 11:45:00+00:00,23447.0,23434.25,23450.0,23433.25,2477
2025-09-03 11:50:00+00:00,23434.25,23433.0,23438.5,23429.5,1708
2025-09-03 11:55:00+00:00,23432.25,23415.5,23432.75,23409.25,3802
2025-09-03 12:00:00+00:00,23416.5,23435.25,23440.25,23416.5,4104
2025-09-03 12:05:00+00:00,23435.75,23433.5,23441.0,23430.75,2057
2025-09-03 12:10:00+00:00,23434.0,23444.75,23445.5,23431.25,2024
2025-09-03 12:15:00+00:00,23444.25,23444.5,23447.75,23441.25,1762
2025-09-03 12:20:00+00:00,23444.5,23433.5,23448.0,23431.75,2125
2025-09-03 12:25:00+00:00,23434.0,23436.0,23441.0,23430.0,2050
2025-09-03 12:30:00+00:00,23435.75,23405.75,23437.25,23396.0,6529
2025-09-03 12:35:00+00:00,23406.25,23428.75,23430.0,23405.75,4838
2025-09-03 12:40:00+00:00,23428.75,23427.0,23436.25,23420.5,4071
2025-09-03 12:45:00+00:00,23427.75,23428.75,23432.5,23421.75,2199
2025-09-03 12:50:00+00:00,23429.25,23422.75,23431.25,23422.5,1792
2025-09-03 12:55:00+00:00,23423.25,23423.25,23430.25,23420.0,2210
2025-09-03 13:00:00+00:00,23422.75,23431.75,23434.25,23414.25,4297
2025-09-03 13:05:00+00:00,23432.0,23439.0,23445.5,23430.5,4102
2025-09-03 13:10:00+00:00,23439.75,23450.75,23452.25,23438.25,3137
2025-09-03 13:15:00+00:00,23451.0,23450.25,23453.25,23440.0,3572
2025-09-03 13:20:00+00:00,23450.0,23437.75,23457.0,23435.5,3857
2025-09-03 13:25:00+00:00,23438.0,23423.5,23444.75,23421.25,7192
2025-09-03 13:30:00+00:00,23423.5,23398.0,23438.0,23380.0,41565
2025-09-03 13:35:00+00:00,23398.25,23394.0,23419.75,23372.0,32349
2025-09-03 13:40:00+00:00,23394.25,23397.5,23408.0,23375.0,25961
2025-09-03 13:45:00+00:00,23397.5,23404.25,23411.25,23369.75,28797
2025-09-03 13:50:00+00:00,23405.0,23406.25,23430.75,23394.25,28373
2025-09-03 13:55:00+00:00,23406.5,23382.0,23412.5,23374.0,17980
2025-09-03 14:00:00+00:00,23382.5,23436.25,23450.0,23372.0,32900
2025-09-03 14:05:00+00:00,23436.25,23433.75,23461.0,23425.0,28523
2025-09-03 14:10:00+00:00,23433.75,23392.0,23451.75,23382.5,30674
2025-09-03 14:15:00+00:00,23392.0,23443.0,23446.5,23391.5,24268
2025-09-03 14:20:00+00:00,23442.5,23451.25,23456.5,23432.5,19657
2025-09-03 14:25:00+00:00,23451.25,23433.5,23472.0,23430.25,29293
2025-09-03 14:30:00+00:00,23433.5,23475.25,23476.75,23432.25,22596
2025-09-03 14:35:00+00:00,23475.25,23481.5,23485.75,23470.0,18460
2025-09-03 14:40:00+00:00,23480.75,23507.5,23515.5,23480.0,25703
2025-09-03 14:45:00+00:00,23507.0,23516.75,23523.5,23497.0,19804
2025-09-03 14:50:00+00:00,23516.75,23510.75,23526.0,23497.75,16350
2025-09-03 14:55:00+00:00,23510.75,23509.0,23515.75,23501.25,8770
2025-09-03 15:00:00+00:00,23509.0,23508.5,23516.75,23498.25,11215
2025-09-03 15:05:00+00:00,23508.5,23506.75,23515.0,23490.5,12621
2025-09-03 15:10:00+00:00,23507.5,23492.0,23513.0,23488.25,10901
2025-09-03 15:15:00+00:00,23492.0,23484.0,23496.0,23475.25,13419
2025-09-03 15:20:00+00:00,23483.5,23470.5,23488.75,23456.5,17715
2025-09-03 15:25:00+00:00,23470.25,23424.75,23470.75,23420.5,24993
2025-09-03 15:30:00+00:00,23425.0,23415.25,23431.75,23406.25,25990
2025-09-03 15:35:00+00:00,23415.5,23438.5,23439.25,23414.75,20211
2025-09-03 15:40:00+00:00,23438.5,23430.25,23446.75,23426.0,12473
2025-09-03 15:45:00+00:00,23430.0,23425.75,23434.25,23409.0,16250
2025-09-03 15:50:00+00:00,23425.0,23429.0,23439.0,23413.25,13042
2025-09-03 15:55:00+00:00,23429.0,23415.25,23429.0,23401.75,10726
2025-09-03 16:00:00+00:00,23415.0,23412.5,23422.5,23400.0,12532
2025-09-03 16:05:00+00:00,23412.75,23433.5,23437.0,23408.0,11122
2025-09-03 16:10:00+00:00,23433.25,23425.75,23438.0,23419.0,8308
2025-09-03 16:15:00+00:00,23425.25,23441.75,23442.75,23419.75,7890
2025-09-03 16:20:00+00:00,23441.5,23434.75,23464.0,23434.0,16626
2025-09-03 16:25:00+00:00,23435.0,23433.25,23447.75,23420.75,13008
2025-09-03 16:30:00+00:00,23434.0,23432.5,23439.0,23425.0,7237
2025-09-03 16:35:00+00:00,23433.0,23422.25,23438.75,23420.5,6500
2025-09-03 16:40:00+00:00,23422.25,23412.0,23422.75,23396.5,20892
2025-09-03 16:45:00+00:00,23412.0,23404.25,23420.25,23398.25,10122
2025-09-03 16:50:00+00:00,23404.75,23400.0,23411.25,23390.5,11848
2025-09-03 16:55:00+00:00,23400.0,23411.0,23419.25,23400.0,10052
2025-09-03 17:00:00+00:00,23411.25,23426.0,23435.0,23409.25,10696
2025-09-03 17:05:00+00:00,23426.25,23428.5,23436.75,23423.5,7096
2025-09-03 17:10:00+00:00,23428.75,23445.25,23458.5,23428.25,12875
2025-09-03 17:15:00+00:00,23445.5,23450.25,23462.0,23445.25,7724
2025-09-03 17:20:00+00:00,23450.5,23435.5,23456.0,23434.75,8266
2025-09-03 17:25:00+00:00,23435.0,23426.25,23436.75,23414.5,12900
2025-09-03 17:30:00+00:00,23426.0,23410.25,23435.0,23408.0,10333
2025-09-03 17:35:00+00:00,23410.25,23404.5,23416.75,23403.0,8813
2025-09-03 17:40:00+00:00,23403.75,23378.25,23410.25,23375.0,14441
2025-09-03 17:45:00+00:00,23378.5,23386.75,23390.75,23346.25,25769
2025-09-03 17:50:00+00:00,23387.25,23379.75,23401.5,23375.75,11543
2025-09-03 17:55:00+00:00,23379.5,23365.25,23385.25,23354.0,13155
2025-09-03 18:00:00+00:00,23365.5,23346.75,23366.0,23338.25,18005
2025-09-03 18:05:00+00:00,23346.25,23349.5,23355.5,23332.0,12922
2025-09-03 18:10:00+00:00,23349.25,23358.75,23365.0,23342.0,10234
2025-09-03 18:15:00+00:00,23358.25,23342.5,23358.75,23337.5,9332
2025-09-03 18:20:00+00:00,23342.75,23337.5,23351.5,23328.25,11324
2025-09-03 18:25:00+00:00,23337.75,23349.25,23356.75,23333.5,9107
2025-09-03 18:30:00+00:00,23348.75,23338.25,23348.75,23324.75,11518
2025-09-03 18:35:00+00:00,23338.25,23321.25,23341.25,23318.25,10085
2025-09-03 18:40:00+00:00,23322.0,23350.25,23352.0,23319.5,11234
2025-09-03 18:45:00+00:00,23349.5,23338.75,23357.75,23337.0,9044
2025-09-03 18:50:00+00:00,23338.25,23342.25,23347.5,23329.0,9221
2025-09-03 18:55:00+00:00,23342.25,23341.75,23349.75,23334.75,5730
2025-09-03 19:00:00+00:00,23342.25,23340.5,23348.0,23330.5,6942
2025-09-03 19:05:00+00:00,23340.25,23345.25,23360.0,23340.25,9146
2025-09-03 19:10:00+00:00,23345.0,23335.5,23346.0,23332.5,6508
2025-09-03 19:15:00+00:00,23336.0,23348.5,23350.25,23332.25,6785
2025-09-03 19:20:00+00:00,23348.25,23351.75,23354.25,23340.25,5821
2025-09-03 19:25:00+00:00,23352.0,23353.75,23360.75,23348.75,5777
2025-09-03 19:30:00+00:00,23353.5,23374.0,23375.5,23352.75,10510
2025-09-03 19:35:00+00:00,23373.75,23381.25,23385.0,23370.25,9651
2025-09-03 19:40:00+00:00,23380.75,23396.5,23399.75,23378.5,9612
2025-09-03 19:45:00+00:00,23396.5,23407.0,23411.5,23391.0,13000
2025-09-03 19:50:00+00:00,23407.0,23427.75,23434.25,23407.0,17616
2025-09-03 19:55:00+00:00,23427.25,23452.0,23454.75,23417.5,22186
2025-09-03 20:00:00+00:00,23452.0,23458.25,23469.25,23451.75,15089
2025-09-03 20:05:00+00:00,23458.75,23458.25,23463.75,23450.75,3628
2025-09-03 20:10:00+00:00,23458.5,23454.5,23460.0,23451.5,2874
2025-09-03 20:15:00+00:00,23454.25,23453.5,23454.75,23447.5,2014
2025-09-03 20:20:00+00:00,23454.0,23459.75,23460.5,23452.0,1471
2025-09-03 20:25:00+00:00,23459.5,23465.5,23467.5,23459.5,1477
2025-09-03 20:30:00+00:00,23465.0,23466.5,23480.0,23464.5,2190
2025-09-03 20:35:00+00:00,23466.25,23460.75,23467.75,23460.0,1364
2025-09-03 20:40:00+00:00,23460.5,23460.0,23462.75,23458.25,1418
2025-09-03 20:45:00+00:00,23460.0,23457.25,23461.5,23457.25,1113
2025-09-03 20:50:00+00:00,23457.5,23452.75,23460.25,23451.5,1446
2025-09-03 20:55:00+00:00,23452.75,23455.5,23458.5,23451.25,1402
2025-09-03 22:00:00+00:00,23456.0,23443.75,23460.25,23439.0,0
2025-09-03 22:05:00+00:00,23444.0,23449.25,23451.0,23441.25,1028
2025-09-03 22:10:00+00:00,23449.75,23449.75,23454.75,23447.0,807
2025-09-03 22:15:00+00:00,23449.75,23449.0,23454.25,23445.0,792
2025-09-03 22:20:00+00:00,23448.5,23440.5,23453.25,23439.75,988
2025-09-03 22:25:00+00:00,23440.0,23439.25,23442.5,23438.0,918
2025-09-03 22:30:00+00:00,23439.0,23440.25,23445.75,23438.5,795
2025-09-03 22:35:00+00:00,23440.0,23439.0,23442.25,23437.75,520
2025-09-03 22:40:00+00:00,23438.75,23436.25,23440.5,23436.25,642
2025-09-03 22:45:00+00:00,23437.0,23436.25,23437.75,23434.5,609
2025-09-03 22:50:00+00:00,23437.0,23438.75,23440.5,23436.0,485
2025-09-03 22:55:00+00:00,23438.75,23434.5,23442.0,23434.25,701
2025-09-03 23:00:00+00:00,23435.0,23443.0,23445.25,23434.25,1042
2025-09-03 23:05:00+00:00,23443.0,23444.75,23448.25,23442.0,864
2025-09-03 23:10:00+00:00,23445.25,23453.0,23453.5,23445.25,803
2025-09-03 23:15:00+00:00,23452.25,23449.5,23456.75,23447.5,1005
2025-09-03 23:20:00+00:00,23449.0,23449.5,23452.25,23445.5,696
2025-09-03 23:25:00+00:00,23449.25,23446.5,23451.75,23446.5,292
2025-09-03 23:30:00+00:00,23446.25,23439.5,23448.5,23438.75,1124
2025-09-03 23:35:00+00:00,23439.75,23441.25,23441.25,23436.0,646
2025-09-03 23:40:00+00:00,23441.0,23434.75,23443.75,23434.5,711
2025-09-03 23:45:00+00:00,23435.0,23434.75,23436.75,23432.25,686
2025-09-03 23:50:00+00:00,23434.0,23438.0,23442.0,23433.5,748
2025-09-03 23:55:00+00:00,23437.25,23438.0,23439.25,23435.75,379
2025-09-04 00:00:00+00:00,23438.0,23467.0,23468.75,23430.5,3362
2025-09-04 00:05:00+00:00,23467.5,23467.25,23476.0,23464.25,2596
2025-09-04 00:10:00+00:00,23467.75,23475.0,23476.5,23461.0,1568
2025-09-04 00:15:00+00:00,23475.0,23497.75,23499.5,23469.25,3282
2025-09-04 00:20:00+00:00,23498.5,23496.5,23515.25,23495.0,4484
2025-09-04 00:25:00+00:00,23496.0,23497.5,23504.75,23489.0,2750
2025-09-04 00:30:00+00:00,23496.75,23507.0,23507.0,23494.25,1742
2025-09-04 00:35:00+00:00,23506.0,23506.75,23513.0,23503.75,2029
2025-09-04 00:40:00+00:00,23506.5,23504.25,23512.5,23501.75,1425
2025-09-04 00:45:00+00:00,23504.75,23500.75,23506.0,23494.75,1607
2025-09-04 00:50:00+00:00,23500.75,23507.0,23507.75,23499.75,1407
2025-09-04 00:55:00+00:00,23507.5,23504.0,23508.0,23498.0,1195
2025-09-04 01:00:00+00:00,23503.75,23506.5,23509.75,23496.75,1777
2025-09-04 01:05:00+00:00,23507.0,23506.25,23508.0,23497.0,1117
2025-09-04 01:10:00+00:00,23506.0,23497.75,23509.25,23497.25,1097
2025-09-04 01:15:00+00:00,23497.75,23503.75,23504.75,23495.0,1120
2025-09-04 01:20:00+00:00,23503.5,23493.25,23505.75,23491.25,1240
2025-09-04 01:25:00+00:00,23493.0,23493.5,23498.25,23490.0,1377
2025-09-04 01:30:00+00:00,23493.5,23493.75,23501.0,23492.0,1137
2025-09-04 01:35:00+00:00,23493.75,23489.0,23498.75,23484.75,1570
2025-09-04 01:40:00+00:00,23489.25,23498.25,23499.0,23488.5,1224
2025-09-04 01:45:00+00:00,23498.25,23489.25,23501.5,23487.25,1289
2025-09-04 01:50:00+00:00,23489.75,23489.25,23494.5,23488.25,785
2025-09-04 01:55:00+00:00,23489.0,23497.5,23499.0,23485.0,1349
2025-09-04 02:00:00+00:00,23498.25,23513.75,23516.25,23497.75,2714
2025-09-04 02:05:00+00:00,23513.75,23524.5,23532.5,23509.75,3582
2025-09-04 02:10:00+00:00,23524.25,23523.25,23524.5,23515.5,1381
2025-09-04 02:15:00+00:00,23522.5,23519.25,23523.25,23517.0,947
2025-09-04 02:20:00+00:00,23519.5,23513.75,23519.5,23513.0,912
2025-09-04 02:25:00+00:00,23513.5,23498.0,23514.25,23498.0,2138
2025-09-04 02:30:00+00:00,23498.0,23501.5,23501.75,23490.75,2406
2025-09-04 02:35:00+00:00,23501.25,23503.25,23507.75,23497.5,1202
2025-09-04 02:40:00+00:00,23502.75,23499.75,23502.75,23498.0,678
2025-09-04 02:45:00+00:00,23499.75,23501.5,23503.25,23495.25,886
2025-09-04 02:50:00+00:00,23501.75,23489.75,23501.75,23487.75,1386
2025-09-04 02:55:00+00:00,23490.25,23480.5,23494.0,23475.75,2003
2025-09-04 03:00:00+00:00,23480.0,23475.25,23482.75,23474.0,1275
2025-09-04 03:05:00+00:00,23475.25,23473.75,23476.75,23469.25,1487
2025-09-04 03:10:00+00:00,23474.0,23478.0,23479.75,23474.0,1012
2025-09-04 03:15:00+00:00,23478.5,23479.5,23480.25,23476.0,725
2025-09-04 03:20:00+00:00,23478.75,23475.75,23484.5,23474.75,971
2025-09-04 03:25:00+00:00,23476.5,23470.0,23478.75,23467.5,1003
2025-09-04 03:30:00+00:00,23469.25,23461.0,23472.5,23460.5,1545
2025-09-04 03:35:00+00:00,23460.5,23463.0,23464.75,23458.75,1214
2025-09-04 03:40:00+00:00,23462.75,23466.5,23466.5,23458.75,773
2025-09-04 03:45:00+00:00,23466.75,23469.25,23469.5,23464.5,896
2025-09-04 03:50:00+00:00,23469.25,23466.5,23471.75,23464.0,788
2025-09-04 03:55:00+00:00,23465.75,23467.75,23468.25,23463.25,389
2025-09-04 04:05:00+00:00,23478.25,23479.25,23482.0,23478.25,2635
2025-09-04 04:10:00+00:00,23478.75,23488.25,23492.75,23478.5,1784
2025-09-04 04:15:00+00:00,23488.0,23491.5,23493.5,23487.0,695
2025-09-04 04:20:00+00:00,23491.0,23491.75,23494.25,23487.75,621
2025-09-04 04:25:00+00:00,23491.0,23491.75,23495.25,23490.5,761
2025-09-04 04:30:00+00:00,23492.25,23490.5,23493.5,23488.75,567
2025-09-04 04:35:00+00:00,23491.0,23491.0,23492.5,23486.75,559
2025-09-04 04:40:00+00:00,23490.5,23484.5,23491.25,23483.5,773
2025-09-04 04:45:00+00:00,23484.25,23488.5,23493.5,23484.0,736
2025-09-04 04:50:00+00:00,23488.75,23491.0,23492.0,23488.25,257
2025-09-04 04:55:00+00:00,23490.75,23491.0,23492.5,23488.75,436
2025-09-04 05:00:00+00:00,23490.5,23486.75,23493.0,23486.75,575
2025-09-04 05:05:00+00:00,23487.0,23491.5,23492.25,23483.25,794
2025-09-04 05:10:00+00:00,23490.75,23491.0,23493.5,23489.0,493
2025-09-04 05:15:00+00:00,23490.5,23499.5,23501.5,23489.0,1271
2025-09-04 05:20:00+00:00,23499.75,23467.0,23502.75,23466.75,2490
2025-09-04 05:25:00+00:00,23467.0,23471.0,23474.25,23464.75,1473
2025-09-04 05:30:00+00:00,23472.25,23474.0,23480.0,23470.25,982
2025-09-04 05:35:00+00:00,23474.5,23471.5,23480.25,23469.0,1145
2025-09-04 05:40:00+00:00,23471.25,23468.25,23476.5,23468.0,678
2025-09-04 05:45:00+00:00,23469.25,23468.0,23470.0,23465.0,744
2025-09-04 05:50:00+00:00,23468.0,23471.0,23471.25,23460.0,1120
2025-09-04 05:55:00+00:00,23470.75,23468.5,23471.75,23463.25,804
2025-09-04 06:00:00+00:00,23468.5,23470.75,23477.25,23466.5,1288
2025-09-04 06:05:00+00:00,23471.5,23480.25,23480.75,23469.5,1385
2025-09-04 06:10:00+00:00,23481.0,23470.5,23482.0,23469.5,1119
2025-09-04 06:15:00+00:00,23470.25,23470.0,23471.0,23460.0,1439
2025-09-04 06:20:00+00:00,23470.75,23468.0,23474.25,23463.25,1334
2025-09-04 06:25:00+00:00,23467.75,23466.25,23470.0,23461.5,958
2025-09-04 06:30:00+00:00,23466.5,23472.0,23472.5,23461.75,956
2025-09-04 06:35:00+00:00,23471.75,23469.0,23484.0,23468.5,2055
2025-09-04 06:40:00+00:00,23468.75,23473.0,23474.0,23466.5,962
2025-09-04 06:45:00+00:00,23473.0,23478.75,23479.5,23470.5,671
2025-09-04 06:50:00+00:00,23479.0,23468.75,23479.75,23466.5,880
2025-09-04 06:55:00+00:00,23469.0,23454.25,23469.25,23452.0,2217
2025-09-04 07:00:00+00:00,23454.0,23477.0,23486.25,23450.5,5286
2025-09-04 07:05:00+00:00,23476.5,23484.25,23486.5,23471.5,1723
2025-09-04 07:10:00+00:00,23483.75,23486.75,23488.5,23481.0,1486
2025-09-04 07:15:00+00:00,23487.0,23495.0,23497.5,23482.0,1892
2025-09-04 07:20:00+00:00,23494.5,23480.0,23495.0,23478.75,1739
2025-09-04 07:25:00+00:00,23480.25,23478.75,23483.25,23477.0,810
2025-09-04 07:30:00+00:00,23479.75,23489.5,23489.5,23473.75,1295
2025-09-04 07:35:00+00:00,23489.75,23487.0,23506.0,23486.25,3082
2025-09-04 07:40:00+00:00,23486.25,23488.75,23489.75,23483.0,1004
2025-09-04 07:45:00+00:00,23488.75,23482.25,23489.0,23481.25,724
2025-09-04 07:50:00+00:00,23482.25,23483.75,23488.5,23479.0,1245
2025-09-04 07:55:00+00:00,23484.25,23488.25,23488.5,23484.0,554
2025-09-04 08:00:00+00:00,23488.0,23490.0,23492.75,23481.75,1805
2025-09-04 08:05:00+00:00,23490.25,23499.75,23500.75,23476.75,2121
2025-09-04 08:10:00+00:00,23499.75,23484.25,23499.75,23483.0,1245
2025-09-04 08:20:00+00:00,23502.5,23499.5,23504.0,23496.5,3311
2025-09-04 08:25:00+00:00,23499.0,23506.5,23507.0,23497.75,994
2025-09-04 08:30:00+00:00,23506.5,23494.75,23509.75,23493.25,1563
2025-09-04 08:35:00+00:00,23496.0,23501.75,23503.75,23495.25,736
2025-09-04 08:40:00+00:00,23502.5,23503.25,23504.5,23498.5,943
2025-09-04 08:45:00+00:00,23503.0,23497.0,23504.0,23494.0,621
2025-09-04 08:50:00+00:00,23496.75,23500.0,23502.75,23496.25,537
2025-09-04 08:55:00+00:00,23500.5,23496.75,23501.25,23492.75,573
2025-09-04 09:00:00+00:00,23496.75,23500.25,23503.5,23496.25,673
2025-09-04 09:05:00+00:00,23500.5,23503.0,23503.25,23498.75,463
2025-09-04 09:10:00+00:00,23502.75,23500.5,23507.0,23499.0,809
2025-09-04 09:15:00+00:00,23501.25,23493.0,23501.25,23492.25,797
2025-09-04 09:20:00+00:00,23492.75,23496.25,23496.75,23492.0,606
2025-09-04 09:25:00+00:00,23496.0,23499.25,23499.75,23494.5,561
2025-09-04 09:30:00+00:00,23499.25,23505.5,23507.75,23498.5,759
2025-09-04 09:35:00+00:00,23505.5,23507.5,23510.0,23502.5,826
2025-09-04 09:40:00+00:00,23507.75,23506.25,23510.5,23505.25,644
2025-09-04 09:45:00+00:00,23505.5,23510.0,23510.5,23504.5,592
2025-09-04 09:50:00+00:00,23509.75,23504.75,23509.75,23499.25,860
2025-09-04 09:55:00+00:00,23505.0,23516.25,23518.0,23503.75,1410
2025-09-04 10:00:00+00:00,23516.5,23523.25,23526.75,23514.75,2423
2025-09-04 10:05:00+00:00,23523.5,23525.0,23528.75,23520.5,1349
2025-09-04 10:10:00+00:00,23525.0,23520.5,23526.25,23518.25,561
2025-09-04 10:20:00+00:00,23519.0,23512.75,23520.75,23512.25,4887
2025-09-04 10:25:00+00:00,23512.25,23505.0,23513.0,23503.0,1710
2025-09-04 10:30:00+00:00,23504.25,23511.0,23515.75,23503.25,2128
2025-09-04 10:35:00+00:00,23511.25,23514.0,23516.25,23510.25,899
2025-09-04 10:40:00+00:00,23514.25,23514.25,23520.5,23512.75,1276
2025-09-04 10:45:00+00:00,23514.25,23512.75,23516.5,23510.5,886
2025-09-04 10:50:00+00:00,23512.75,23511.75,23515.25,23510.75,757
2025-09-04 10:55:00+00:00,23511.5,23509.25,23514.25,23508.25,809
2025-09-04 11:00:00+00:00,23508.75,23518.5,23521.25,23504.0,2303
2025-09-04 11:05:00+00:00,23518.0,23515.0,23520.75,23513.0,944
2025-09-04 11:10:00+00:00,23515.0,23519.0,23519.5,23509.25,1131
2025-09-04 11:15:00+00:00,23519.0,23510.75,23519.75,23509.25,1008
2025-09-04 11:20:00+00:00,23511.25,23502.5,23511.75,23497.25,2251
2025-09-04 11:25:00+00:00,23502.5,23498.0,23508.25,23494.0,2122
2025-09-04 11:30:00+00:00,23498.75,23504.25,23505.75,23496.75,1451
2025-09-04 11:35:00+00:00,23504.5,23500.0,23505.75,23497.25,1181
2025-09-04 11:40:00+00:00,23500.0,23507.75,23509.25,23498.5,1280
2025-09-04 11:45:00+00:00,23507.75,23495.5,23508.75,23491.0,2100
2025-09-04 11:50:00+00:00,23495.0,23488.0,23497.25,23480.5,3357
2025-09-04 11:55:00+00:00,23488.0,23497.0,23498.75,23486.75,1592
2025-09-04 12:00:00+00:00,23496.75,23506.75,23508.75,23496.25,2036
2025-09-04 12:05:00+00:00,23506.5,23510.75,23514.0,23502.75,1985
2025-09-04 12:10:00+00:00,23511.25,23513.75,23520.25,23509.25,2441
2025-09-04 12:15:00+00:00,23513.75,23489.75,23529.0,23489.25,5450
2025-09-04 12:20:00+00:00,23489.5,23490.0,23493.0,23482.0,3246
2025-09-04 12:25:00+00:00,23490.25,23494.0,23499.5,23483.5,2144
2025-09-04 12:30:00+00:00,23494.25,23478.25,23519.0,23477.25,5989
2025-09-04 12:35:00+00:00,23478.25,23484.75,23487.0,23474.25,3061
2025-09-04 12:40:00+00:00,23484.25,23477.25,23487.75,23472.25,3232
2025-09-04 12:45:00+00:00,23477.75,23484.0,23486.5,23469.25,3779
2025-09-04 12:50:00+00:00,23484.0,23479.75,23489.0,23477.75,2257
2025-09-04 12:55:00+00:00,23480.0,23485.0,23490.0,23478.0,1827
2025-09-04 13:00:00+00:00,23484.75,23474.5,23486.0,23471.5,3310
2025-09-04 13:05:00+00:00,23474.5,23472.25,23476.25,23465.0,3194
2025-09-04 13:10:00+00:00,23472.5,23467.0,23475.0,23462.5,2998
2025-09-04 13:15:00+00:00,23467.0,23472.5,23473.75,23462.5,2201
2025-09-04 13:20:00+00:00,23472.5,23466.5,23473.25,23465.25,2124
2025-09-04 13:25:00+00:00,23465.5,23480.75,23486.75,23460.25,7054
2025-09-04 13:30:00+00:00,23480.75,23535.0,23536.25,23457.25,44365
2025-09-04 13:35:00+00:00,23535.0,23491.75,23548.25,23481.0,39385
2025-09-04 13:40:00+00:00,23491.5,23487.0,23504.0,23461.25,25394
2025-09-04 13:45:00+00:00,23488.75,23485.0,23513.0,23460.0,30694
2025-09-04 13:50:00+00:00,23484.75,23474.5,23503.0,23465.75,20812
2025-09-04 13:55:00+00:00,23474.75,23476.0,23492.0,23459.25,16000
2025-09-04 14:00:00+00:00,23479.25,23431.5,23488.75,23426.0,32810
2025-09-04 14:05:00+00:00,23431.75,23441.0,23453.75,23421.75,27978
2025-09-04 14:10:00+00:00,23441.25,23436.75,23470.75,23433.0,28909
2025-09-04 14:15:00+00:00,23436.75,23443.75,23448.0,23410.0,31393
2025-09-04 14:20:00+00:00,23443.25,23477.75,23479.75,23440.25,24674
2025-09-04 14:25:00+00:00,23477.25,23481.25,23494.5,23462.75,25742
2025-09-04 14:30:00+00:00,23480.75,23498.75,23509.0,23479.5,22660
2025-09-04 14:35:00+00:00,23498.5,23519.5,23530.25,23497.75,22612
2025-09-04 14:40:00+00:00,23519.25,23500.25,23524.5,23494.0,18645
2025-09-04 14:45:00+00:00,23500.25,23519.75,23520.75,23491.0,15744
2025-09-04 14:50:00+00:00,23519.25,23516.75,23526.0,23502.25,15363
2025-09-04 14:55:00+00:00,23516.25,23521.75,23523.0,23499.5,11622
2025-09-04 15:00:00+00:00,23522.25,23525.0,23534.75,23519.75,12919
2025-09-04 15:05:00+00:00,23525.25,23530.0,23541.25,23519.5,13938
2025-09-04 15:10:00+00:00,23529.5,23505.75,23533.5,23492.0,19386
2025-09-04 15:15:00+00:00,23506.0,23537.0,23538.0,23504.5,15480
2025-09-04 15:20:00+00:00,23536.0,23537.0,23550.0,23530.25,12872
2025-09-04 15:25:00+00:00,23536.5,23546.0,23556.0,23534.0,12806
2025-09-04 15:30:00+00:00,23546.0,23535.75,23549.25,23527.5,13065
2025-09-04 15:35:00+00:00,23535.25,23528.5,23536.5,23517.5,10694
2025-09-04 15:40:00+00:00,23529.0,23531.25,23543.75,23519.0,11418
2025-09-04 15:45:00+00:00,23531.5,23541.0,23543.5,23523.75,8614
2025-09-04 15:50:00+00:00,23541.25,23551.5,23552.25,23531.25,9147
2025-09-04 15:55:00+00:00,23550.5,23538.25,23554.5,23537.5,9816
2025-09-04 16:00:00+00:00,23538.5,23538.0,23540.25,23526.5,7836
2025-09-04 16:05:00+00:00,23538.0,23551.5,23552.5,23531.75,8303
2025-09-04 16:10:00+00:00,23551.5,23548.0,23553.0,23544.0,5458
2025-09-04 16:15:00+00:00,23548.25,23542.5,23549.5,23536.25,6544
2025-09-04 16:20:00+00:00,23542.75,23529.75,23549.5,23529.25,7017
2025-09-04 16:25:00+00:00,23529.5,23519.75,23534.0,23512.75,10101
2025-09-04 16:30:00+00:00,23519.75,23529.5,23533.25,23515.25,8626
2025-09-04 16:35:00+00:00,23530.0,23536.0,23542.5,23528.5,6673
2025-09-04 16:40:00+00:00,23536.0,23533.0,23536.75,23526.75,6014
2025-09-04 16:45:00+00:00,23532.75,23558.75,23565.0,23532.5,12599
2025-09-04 16:50:00+00:00,23558.75,23560.75,23565.25,23552.25,8233
2025-09-04 16:55:00+00:00,23561.0,23538.0,23564.5,23536.5,10104
2025-09-04 17:00:00+00:00,23538.5,23567.0,23568.75,23536.5,10014
2025-09-04 17:05:00+00:00,23567.5,23569.25,23578.25,23565.75,11665
2025-09-04 17:10:00+00:00,23569.25,23552.5,23570.75,23550.0,8278
2025-09-04 17:15:00+00:00,23551.75,23565.5,23566.5,23551.0,6592
2025-09-04 17:20:00+00:00,23565.25,23574.0,23577.75,23564.0,6605
2025-09-04 17:25:00+00:00,23574.25,23575.5,23580.0,23570.25,6203
2025-09-04 17:30:00+00:00,23575.5,23568.25,23578.5,23566.5,6135
2025-09-04 17:35:00+00:00,23568.5,23567.75,23578.25,23566.0,5670
2025-09-04 17:40:00+00:00,23568.25,23573.75,23579.75,23566.25,5695
2025-09-04 17:45:00+00:00,23573.5,23580.5,23582.75,23570.25,5609
2025-09-04 17:50:00+00:00,23581.0,23598.75,23604.25,23579.5,13417
2025-09-04 17:55:00+00:00,23599.25,23583.25,23599.25,23579.5,7891
2025-09-04 18:00:00+00:00,23583.5,23594.0,23597.25,23582.5,6708
2025-09-04 18:05:00+00:00,23594.0,23591.75,23595.25,23586.5,4613
2025-09-04 18:10:00+00:00,23592.0,23597.0,23597.75,23591.0,3610
2025-09-04 18:15:00+00:00,23596.5,23600.5,23611.0,23595.5,7295
2025-09-04 18:20:00+00:00,23600.0,23602.75,23603.75,23595.5,4779
2025-09-04 18:25:00+00:00,23602.75,23597.5,23604.0,23594.5,4453
2025-09-04 18:30:00+00:00,23597.75,23613.5,23614.0,23593.75,7815
2025-09-04 18:35:00+00:00,23613.5,23613.5,23619.0,23610.25,6524
2025-09-04 18:40:00+00:00,23613.25,23606.5,23620.0,23606.25,6291
2025-09-04 18:45:00+00:00,23606.5,23618.75,23620.0,23605.25,6069
2025-09-04 18:50:00+00:00,23618.75,23617.5,23624.25,23616.25,6122
2025-09-04 18:55:00+00:00,23617.5,23620.0,23624.5,23616.0,4294
2025-09-04 19:00:00+00:00,23620.0,23621.5,23626.0,23616.75,4868
2025-09-04 19:05:00+00:00,23622.0,23619.25,23624.75,23616.5,4747
2025-09-04 19:10:00+00:00,23619.0,23636.5,23637.75,23616.5,9728
2025-09-04 19:15:00+00:00,23636.0,23636.0,23638.75,23630.25,6701
2025-09-04 19:20:00+00:00,23635.5,23636.5,23643.25,23634.75,7172
2025-09-04 19:25:00+00:00,23636.75,23628.75,23638.0,23627.5,5042
2025-09-04 19:30:00+00:00,23628.75,23626.25,23632.75,23624.75,5302
2025-09-04 19:35:00+00:00,23626.25,23635.75,23636.25,23621.75,7047
2025-09-04 19:40:00+00:00,23635.75,23639.75,23642.25,23631.75,7052
2025-09-04 19:45:00+00:00,23639.0,23627.25,23639.25,23626.25,5615
2025-09-04 19:50:00+00:00,23627.0,23655.75,23662.75,23624.0,16690
2025-09-04 19:55:00+00:00,23655.25,23666.0,23680.5,23653.25,25627
2025-09-04 20:00:00+00:00,23666.25,23663.0,23671.0,23658.5,9281
2025-09-04 20:05:00+00:00,23663.5,23669.75,23676.25,23661.0,4355
2025-09-04 20:10:00+00:00,23669.5,23692.5,23698.5,23667.5,7226
2025-09-04 20:15:00+00:00,23693.0,23680.5,23709.0,23659.0,11898
2025-09-04 20:20:00+00:00,23680.75,23685.0,23686.5,23673.25,2567
2025-09-04 20:25:00+00:00,23685.5,23691.25,23695.75,23681.5,1897
2025-09-04 20:30:00+00:00,23691.25,23688.5,23691.25,23683.0,1458
2025-09-04 20:35:00+00:00,23688.25,23689.0,23695.5,23687.0,1630
2025-09-04 20:40:00+00:00,23688.75,23688.25,23692.0,23687.25,1138
2025-09-04 20:45:00+00:00,23688.5,23687.0,23689.0,23684.25,1350
2025-09-04 20:50:00+00:00,23686.75,23689.5,23696.5,23684.75,1534
2025-09-04 20:55:00+00:00,23689.25,23683.75,23690.25,23682.75,1572
2025-09-04 22:00:00+00:00,23694.0,23708.0,23713.75,23694.0,0
2025-09-04 22:05:00+00:00,23707.75,23705.25,23714.0,23702.25,1444
2025-09-04 22:10:00+00:00,23706.25,23703.0,23707.5,23702.0,929
2025-09-04 22:15:00+00:00,23702.5,23708.25,23712.5,23701.25,1093
2025-09-04 22:20:00+00:00,23708.0,23702.75,23709.75,23701.75,916
2025-09-04 22:25:00+00:00,23703.25,23699.5,23705.75,23699.5,771
2025-09-04 22:30:00+00:00,23699.5,23696.0,23700.25,23694.75,1213
2025-09-04 22:35:00+00:00,23695.75,23696.5,23698.75,23691.75,985
2025-09-04 22:40:00+00:00,23697.0,23694.75,23697.5,23691.75,553
2025-09-04 22:45:00+00:00,23695.0,23701.5,23703.0,23694.0,966
2025-09-04 22:50:00+00:00,23701.25,23702.0,23702.25,23697.0,608
2025-09-04 22:55:00+00:00,23702.0,23707.5,23710.75,23701.5,1208
2025-09-04 23:00:00+00:00,23707.0,23706.5,23713.25,23705.5,1176
2025-09-04 23:05:00+00:00,23707.25,23712.25,23714.0,23707.25,851
2025-09-04 23:10:00+00:00,23712.25,23713.0,23714.25,23708.0,675
2025-09-04 23:15:00+00:00,23713.0,23710.0,23714.0,23708.0,716
2025-09-04 23:20:00+00:00,23709.75,23710.0,23711.5,23708.25,351
2025-09-04 23:25:00+00:00,23710.5,23712.25,23722.0,23709.75,1710
2025-09-04 23:30:00+00:00,23712.75,23709.75,23715.75,23709.5,831
2025-09-04 23:35:00+00:00,23710.0,23709.25,23712.25,23706.25,832
2025-09-04 23:40:00+00:00,23709.0,23706.5,23710.0,23705.25,622
2025-09-04 23:45:00+00:00,23706.25,23709.25,23710.0,23704.5,780
2025-09-04 23:50:00+00:00,23709.0,23713.25,23714.75,23707.75,1101
2025-09-04 23:55:00+00:00,23713.5,23706.25,23713.75,23706.0,745
2025-09-05 00:00:00+00:00,23706.25,23706.0,23714.75,23701.75,1863
2025-09-05 00:05:00+00:00,23705.75,23720.75,23723.0,23703.25,2073
2025-09-05 00:10:00+00:00,23721.0,23721.25,23724.0,23716.25,1559
2025-09-05 00:15:00+00:00,23720.75,23724.25,23727.25,23716.75,1412
2025-09-05 00:20:00+00:00,23724.75,23721.25,23724.75,23716.75,800
2025-09-05 00:25:00+00:00,23721.75,23726.75,23728.75,23721.0,1174
2025-09-05 00:30:00+00:00,23726.5,23724.5,23727.0,23720.5,772
2025-09-05 00:35:00+00:00,23725.0,23721.25,23726.0,23720.5,539
2025-09-05 00:40:00+00:00,23721.0,23723.25,23726.25,23720.5,592
2025-09-05 00:45:00+00:00,23723.75,23722.75,23724.75,23721.0,452
2025-09-05 00:50:00+00:00,23723.0,23725.75,23726.0,23720.0,453
2025-09-05 00:55:00+00:00,23725.75,23729.75,23731.75,23723.0,1184
2025-09-05 01:00:00+00:00,23729.5,23731.25,23733.5,23727.25,1008
2025-09-05 01:05:00+00:00,23731.25,23731.75,23733.25,23727.75,661
2025-09-05 01:10:00+00:00,23732.25,23731.5,23733.0,23730.25,378
2025-09-05 01:15:00+00:00,23732.25,23733.5,23739.5,23731.25,1507
2025-09-05 01:20:00+00:00,23733.0,23737.5,23738.75,23732.5,685
2025-09-05 01:25:00+00:00,23737.5,23733.25,23739.0,23733.25,610
2025-09-05 01:30:00+00:00,23733.0,23731.0,23734.0,23729.0,883
2025-09-05 01:35:00+00:00,23731.0,23731.0,23732.0,23729.25,448
2025-09-05 01:40:00+00:00,23730.75,23729.25,23731.75,23727.5,544
2025-09-05 01:45:00+00:00,23730.0,23725.25,23730.75,23724.75,903
2025-09-05 01:50:00+00:00,23725.0,23732.25,23732.75,23724.5,843
2025-09-05 01:55:00+00:00,23732.0,23734.75,23736.5,23730.5,716
2025-09-05 02:00:00+00:00,23734.75,23733.25,23735.25,23730.25,613
2025-09-05 02:05:00+00:00,23733.75,23730.0,23734.5,23729.25,495
2025-09-05 02:10:00+00:00,23730.0,23727.25,23731.5,23727.0,509
2025-09-05 02:15:00+00:00,23727.0,23728.5,23729.5,23723.75,1023
2025-09-05 02:20:00+00:00,23728.75,23728.5,23732.0,23727.5,714
2025-09-05 02:25:00+00:00,23728.5,23721.0,23728.5,23720.25,1098
2025-09-05 02:30:00+00:00,23721.0,23728.5,23730.0,23718.0,1200
2025-09-05 02:35:00+00:00,23728.5,23732.75,23733.0,23727.75,735
2025-09-05 02:40:00+00:00,23732.75,23734.75,23735.75,23732.25,689
2025-09-05 02:45:00+00:00,23734.75,23740.25,23742.25,23733.5,1263
2025-09-05 02:50:00+00:00,23740.5,23740.0,23741.5,23736.75,804
2025-09-05 02:55:00+00:00,23740.25,23737.0,23740.25,23735.0,561
2025-09-05 03:00:00+00:00,23736.5,23735.0,23737.0,23729.75,1126
2025-09-05 03:05:00+00:00,23735.25,23734.75,23738.25,23734.0,533
2025-09-05 03:10:00+00:00,23734.75,23734.5,23736.0,23729.5,684
2025-09-05 03:15:00+00:00,23734.75,23734.0,23738.75,23731.5,524
2025-09-05 03:20:00+00:00,23733.5,23734.75,23736.0,23732.25,309
2025-09-05 03:25:00+00:00,23735.25,23735.25,23736.0,23733.0,238
2025-09-05 03:30:00+00:00,23735.0,23733.25,23738.5,23730.25,687
2025-09-05 03:35:00+00:00,23733.75,23737.0,23737.0,23733.75,256
2025-09-05 03:40:00+00:00,23736.75,23739.5,23741.0,23736.0,636
2025-09-05 03:45:00+00:00,23739.25,23737.5,23739.75,23736.5,386
2025-09-05 03:50:00+00:00,23737.75,23740.25,23740.25,23737.75,184
2025-09-05 03:55:00+00:00,23740.25,23742.25,23743.25,23740.0,472
2025-09-05 04:05:00+00:00,23743.5,23744.0,23744.25,23742.5,1325
2025-09-05 04:10:00+00:00,23744.0,23745.5,23750.0,23743.75,1316
2025-09-05 04:15:00+00:00,23745.25,23745.5,23748.0,23744.0,403
2025-09-05 04:20:00+00:00,23745.0,23747.25,23747.5,23743.75,364
2025-09-05 04:25:00+00:00,23747.5,23745.25,23750.5,23744.5,829
2025-09-05 04:30:00+00:00,23745.0,23746.5,23747.5,23744.75,282
2025-09-05 04:35:00+00:00,23747.25,23749.5,23751.0,23746.5,541
2025-09-05 04:40:00+00:00,23749.75,23748.25,23750.25,23745.5,358
2025-09-05 04:45:00+00:00,23748.75,23746.0,23748.75,23745.75,266
2025-09-05 04:50:00+00:00,23746.25,23744.5,23746.75,23743.5,411
2025-09-05 04:55:00+00:00,23745.0,23744.75,23747.25,23743.5,375
2025-09-05 05:00:00+00:00,23745.0,23744.75,23745.25,23740.75,571
2025-09-05 05:05:00+00:00,23744.75,23747.75,23748.25,23744.5,609
2025-09-05 05:10:00+00:00,23747.75,23748.25,23748.5,23746.0,309
2025-09-05 05:15:00+00:00,23748.25,23753.75,23754.75,23748.25,1004
2025-09-05 05:20:00+00:00,23754.0,23753.0,23756.0,23752.25,879
2025-09-05 05:25:00+00:00,23752.5,23753.0,23753.25,23749.25,610
2025-09-05 05:30:00+00:00,23753.25,23757.5,23759.25,23753.0,1065
2025-09-05 05:35:00+00:00,23757.5,23762.25,23769.0,23757.25,2689
2025-09-05 05:40:00+00:00,23762.5,23768.25,23770.25,23760.5,1271
2025-09-05 05:45:00+00:00,23768.0,23766.0,23768.0,23761.75,769
2025-09-05 05:50:00+00:00,23766.0,23767.75,23769.25,23765.75,554
2025-09-05 05:55:00+00:00,23767.75,23761.25,23768.0,23760.0,631
2025-09-05 06:00:00+00:00,23761.5,23770.0,23770.0,23759.0,1681
2025-09-05 06:05:00+00:00,23770.25,23777.75,23780.0,23764.75,1965
2025-09-05 06:10:00+00:00,23778.0,23771.75,23778.0,23769.25,1516
2025-09-05 06:15:00+00:00,23771.0,23777.5,23780.0,23770.5,1169
2025-09-05 06:20:00+00:00,23777.5,23781.25,23783.0,23777.0,1093
2025-09-05 06:25:00+00:00,23782.0,23785.5,23787.5,23780.75,1193
2025-09-05 06:30:00+00:00,23784.75,23780.5,23788.0,23780.25,1256
2025-09-05 06:35:00+00:00,23780.5,23779.5,23785.25,23778.0,1085
2025-09-05 06:40:00+00:00,23779.75,23774.75,23780.25,23774.75,999
2025-09-05 06:45:00+00:00,23774.75,23774.5,23777.5,23773.5,623
2025-09-05 06:50:00+00:00,23774.75,23773.25,23777.75,23772.75,651
2025-09-05 06:55:00+00:00,23773.5,23772.75,23777.75,23772.0,705
2025-09-05 07:00:00+00:00,23772.25,23752.25,23776.0,23751.5,3588
2025-09-05 07:05:00+00:00,23751.5,23755.75,23761.5,23743.5,3669
2025-09-05 07:10:00+00:00,23756.0,23758.25,23762.5,23754.75,1673
2025-09-05 07:15:00+00:00,23758.75,23751.25,23760.75,23750.0,1180
2025-09-05 07:20:00+00:00,23752.0,23754.5,23761.0,23750.75,1323
2025-09-05 07:25:00+00:00,23754.5,23753.25,23757.75,23752.25,868
2025-09-05 07:30:00+00:00,23754.5,23755.5,23757.5,23748.5,1272
2025-09-05 07:35:00+00:00,23755.75,23755.5,23760.25,23752.75,873
2025-09-05 07:40:00+00:00,23755.0,23759.25,23764.0,23754.0,1207
2025-09-05 07:45:00+00:00,23760.0,23752.5,23760.0,23747.5,1343
2025-09-05 07:50:00+00:00,23753.0,23759.75,23761.5,23751.25,1053
2025-09-05 07:55:00+00:00,23759.75,23756.0,23762.75,23756.0,716
2025-09-05 08:00:00+00:00,23756.0,23755.0,23759.75,23748.5,1888
2025-09-05 08:05:00+00:00,23755.25,23761.5,23763.25,23754.75,949
2025-09-05 08:10:00+00:00,23761.0,23771.5,23772.0,23758.25,1765
2025-09-05 08:15:00+00:00,23771.5,23770.0,23775.0,23767.75,1453
2025-09-05 08:20:00+00:00,23769.75,23774.5,23774.5,23766.75,799
2025-09-05 08:25:00+00:00,23773.75,23777.25,23779.0,23769.25,1363
2025-09-05 08:30:00+00:00,23776.5,23777.25,23778.5,23774.5,812
2025-09-05 08:35:00+00:00,23777.25,23776.0,23783.75,23775.75,1507
2025-09-05 08:40:00+00:00,23775.75,23779.25,23780.0,23773.25,988
2025-09-05 08:45:00+00:00,23778.5,23771.25,23779.0,23770.75,832
2025-09-05 08:50:00+00:00,23770.75,23773.75,23774.5,23770.0,671
2025-09-05 08:55:00+00:00,23774.25,23787.25,23787.5,23774.25,1498
2025-09-05 09:00:00+00:00,23786.75,23785.25,23792.0,23778.25,2075
2025-09-05 09:05:00+00:00,23784.75,23781.0,23786.0,23778.25,820
2025-09-05 09:10:00+00:00,23781.0,23780.0,23783.5,23777.25,770
2025-09-05 09:15:00+00:00,23780.5,23779.75,23783.25,23779.25,443
2025-09-05 09:20:00+00:00,23779.75,23782.25,23784.5,23777.5,653
2025-09-05 09:25:00+00:00,23782.5,23784.0,23786.75,23779.5,879
2025-09-05 09:30:00+00:00,23782.75,23788.25,23789.75,23782.25,1027
2025-09-05 09:35:00+00:00,23788.0,23784.25,23789.75,23781.75,836
2025-09-05 09:40:00+00:00,23784.5,23785.0,23786.0,23779.25,681
2025-09-05 09:45:00+00:00,23785.25,23787.25,23788.25,23782.25,590
2025-09-05 09:50:00+00:00,23787.0,23788.25,23789.0,23785.75,551
2025-09-05 09:55:00+00:00,23788.0,23783.75,23788.25,23780.75,870
2025-09-05 10:00:00+00:00,23783.75,23779.75,23786.75,23778.75,962
2025-09-05 10:05:00+00:00,23779.75,23777.25,23779.75,23774.25,1000
2025-09-05 10:10:00+00:00,23777.5,23779.0,23779.5,23777.0,172
2025-09-05 10:20:00+00:00,23782.80078125,23782.75,23786.75,23780.75,2334
2025-09-05 10:25:00+00:00,23782.75,23784.25,23788.0,23782.75,489
2025-09-05 10:30:00+00:00,23784.5,23786.0,23787.0,23783.0,522
2025-09-05 10:35:00+00:00,23785.25,23787.5,23788.75,23783.0,458
2025-09-05 10:40:00+00:00,23787.5,23787.5,23789.75,23785.75,855
2025-09-05 10:45:00+00:00,23788.0,23787.75,23789.0,23784.25,607
2025-09-05 10:50:00+00:00,23788.0,23784.0,23788.25,23784.0,620
2025-09-05 10:55:00+00:00,23784.25,23776.5,23784.5,23776.5,866
2025-09-05 11:00:00+00:00,23776.25,23786.75,23787.25,23774.0,1411
2025-09-05 11:05:00+00:00,23786.5,23788.0,23790.0,23784.75,1078
2025-09-05 11:10:00+00:00,23788.0,23793.75,23794.5,23786.25,1659
2025-09-05 11:15:00+00:00,23793.75,23791.5,23797.0,23790.5,1921
2025-09-05 11:20:00+00:00,23791.5,23796.5,23800.0,23791.0,1630
2025-09-05 11:25:00+00:00,23796.75,23796.25,23799.75,23794.75,1013
2025-09-05 11:30:00+00:00,23796.25,23789.5,23796.75,23784.5,1892
2025-09-05 11:35:00+00:00,23789.25,23787.75,23794.0,23787.0,1016
2025-09-05 11:40:00+00:00,23787.0,23784.5,23787.0,23780.0,1560
2025-09-05 11:45:00+00:00,23784.5,23784.0,23789.5,23782.0,1029
2025-09-05 11:50:00+00:00,23784.0,23784.0,23790.25,23781.5,1189
2025-09-05 11:55:00+00:00,23783.75,23769.25,23784.0,23768.0,2539
2025-09-05 12:00:00+00:00,23769.5,23784.25,23786.25,23769.5,3136
2025-09-05 12:05:00+00:00,23784.25,23787.25,23794.0,23773.75,2973
2025-09-05 12:10:00+00:00,23787.25,23785.25,23787.25,23776.75,1488
2025-09-05 12:15:00+00:00,23785.0,23783.25,23794.5,23782.0,2153
2025-09-05 12:20:00+00:00,23783.75,23776.25,23784.25,23772.25,2979
2025-09-05 12:25:00+00:00,23776.5,23799.75,23799.75,23767.75,3753
2025-09-05 12:30:00+00:00,23786.75,23830.25,23844.75,23725.0,28404
2025-09-05 12:35:00+00:00,23829.0,23815.75,23844.25,23807.0,15502
2025-09-05 12:40:00+00:00,23816.0,23830.0,23830.5,23794.0,13488
2025-09-05 12:45:00+00:00,23829.5,23840.25,23842.5,23821.0,8504
2025-09-05 12:50:00+00:00,23841.0,23865.75,23868.5,23838.0,11799
2025-09-05 12:55:00+00:00,23865.75,23874.25,23877.0,23852.5,8629
2025-09-05 13:00:00+00:00,23874.25,23884.5,23889.5,23870.25,9800
2025-09-05 13:05:00+00:00,23884.25,23883.25,23898.75,23882.0,10317
2025-09-05 13:10:00+00:00,23883.5,23883.5,23888.5,23876.0,7461
2025-09-05 13:15:00+00:00,23884.0,23891.75,23894.25,23874.0,7510
2025-09-05 13:20:00+00:00,23891.75,23883.5,23892.0,23875.75,6499
2025-09-05 13:25:00+00:00,23883.0,23874.0,23896.25,23870.0,11758
2025-09-05 13:30:00+00:00,23874.5,23847.25,23902.5,23845.5,44646
2025-09-05 13:35:00+00:00,23847.25,23836.0,23856.0,23821.5,34794
2025-09-05 13:40:00+00:00,23836.5,23874.25,23881.75,23833.25,34093
2025-09-05 13:45:00+00:00,23874.25,23879.5,23887.5,23835.5,38858
2025-09-05 13:50:00+00:00,23879.75,23863.25,23893.75,23831.0,37255
2025-09-05 13:55:00+00:00,23863.0,23852.75,23864.5,23826.5,25891
2025-09-05 14:00:00+00:00,23852.75,23836.25,23854.0,23805.25,32543
2025-09-05 14:05:00+00:00,23837.25,23795.75,23837.5,23783.0,32823
2025-09-05 14:10:00+00:00,23796.75,23756.5,23803.0,23754.75,35261
2025-09-05 14:15:00+00:00,23756.5,23695.5,23763.5,23692.0,48467
2025-09-05 14:20:00+00:00,23695.0,23662.5,23733.25,23654.5,51276
2025-09-05 14:25:00+00:00,23663.5,23654.5,23686.75,23629.25,47296
2025-09-05 14:30:00+00:00,23653.5,23646.5,23665.75,23631.0,38477
2025-09-05 14:35:00+00:00,23646.75,23617.5,23658.75,23606.75,36099
2025-09-05 14:40:00+00:00,23617.5,23608.5,23640.0,23589.25,36061
2025-09-05 14:45:00+00:00,23609.0,23588.75,23609.0,23567.0,30639
2025-09-05 14:50:00+00:00,23588.75,23633.25,23635.0,23563.0,36352
2025-09-05 14:55:00+00:00,23632.75,23547.5,23637.75,23544.75,38239
2025-09-05 15:00:00+00:00,23547.75,23535.5,23560.75,23514.5,38534
2025-09-05 15:05:00+00:00,23535.75,23537.5,23561.0,23525.25,28961
2025-09-05 15:10:00+00:00,23537.75,23573.25,23575.0,23505.0,33848
2025-09-05 15:15:00+00:00,23573.0,23578.25,23594.75,23560.75,25508
2025-09-05 15:20:00+00:00,23578.0,23611.75,23616.75,23572.25,23709
2025-09-05 15:25:00+00:00,23612.0,23633.0,23637.25,23595.0,21376
2025-09-05 15:30:00+00:00,23633.0,23620.75,23640.0,23606.5,19775
2025-09-05 15:35:00+00:00,23621.25,23644.5,23659.0,23621.25,18648
2025-09-05 15:40:00+00:00,23644.0,23662.25,23669.0,23640.0,13063
2025-09-05 15:45:00+00:00,23662.25,23650.5,23662.75,23621.75,21303
2025-09-05 15:50:00+00:00,23650.5,23629.0,23653.75,23614.75,16343
2025-09-05 15:55:00+00:00,23628.5,23618.5,23644.0,23603.25,18133
2025-09-05 16:00:00+00:00,23618.25,23611.5,23631.75,23594.25,17186
2025-09-05 16:05:00+00:00,23611.75,23628.25,23630.25,23596.0,15312
2025-09-05 16:10:00+00:00,23628.5,23652.75,23657.75,23625.0,16185
2025-09-05 16:15:00+00:00,23652.75,23640.75,23658.5,23626.75,13456
2025-09-05 16:20:00+00:00,23640.75,23647.5,23650.75,23611.25,15392
2025-09-05 16:25:00+00:00,23647.5,23620.75,23648.75,23617.0,10121
2025-09-05 16:30:00+00:00,23621.25,23607.75,23632.5,23604.0,11494
2025-09-05 16:35:00+00:00,23607.25,23613.5,23623.0,23595.75,11767
2025-09-05 16:40:00+00:00,23613.75,23639.75,23648.25,23610.0,13144
2025-09-05 16:45:00+00:00,23639.5,23613.0,23651.0,23611.75,13578
2025-09-05 16:50:00+00:00,23613.0,23617.25,23628.25,23606.5,9357
2025-09-05 16:55:00+00:00,23617.5,23654.25,23655.0,23611.25,11383
2025-09-05 17:00:00+00:00,23654.0,23613.25,23654.0,23613.0,13346
2025-09-05 17:05:00+00:00,23613.25,23641.25,23642.0,23603.0,13763
2025-09-05 17:10:00+00:00,23641.0,23646.5,23652.5,23631.0,10720
2025-09-05 17:15:00+00:00,23646.5,23646.0,23657.25,23634.25,10098
2025-09-05 17:20:00+00:00,23646.25,23655.0,23661.75,23641.75,9822
2025-09-05 17:25:00+00:00,23655.5,23634.25,23659.25,23629.25,9548
2025-09-05 17:30:00+00:00,23634.5,23638.75,23641.75,23623.5,10069
2025-09-05 17:35:00+00:00,23637.75,23625.5,23643.75,23615.5,9685
2025-09-05 17:40:00+00:00,23625.5,23612.25,23629.25,23586.0,16548
2025-09-05 17:45:00+00:00,23612.0,23602.75,23619.75,23598.5,10328
2025-09-05 17:50:00+00:00,23603.0,23604.25,23619.25,23597.25,7983
2025-09-05 17:55:00+00:00,23604.75,23614.0,23620.5,23595.75,8301
2025-09-05 18:00:00+00:00,23614.0,23611.0,23625.5,23602.75,9446
2025-09-05 18:05:00+00:00,23611.25,23618.5,23630.0,23610.25,8931
2025-09-05 18:10:00+00:00,23617.5,23633.75,23633.75,23614.25,6666
2025-09-05 18:15:00+00:00,23633.5,23652.25,23654.75,23630.75,9967
2025-09-05 18:20:00+00:00,23652.25,23637.0,23656.5,23635.0,8198
2025-09-05 18:25:00+00:00,23637.0,23643.0,23648.25,23628.0,7056
2025-09-05 18:30:00+00:00,23642.0,23647.0,23663.5,23641.5,8981
2025-09-05 18:35:00+00:00,23646.75,23644.5,23655.5,23638.25,7430
2025-09-05 18:40:00+00:00,23644.25,23649.5,23651.5,23638.0,5306
2025-09-05 18:45:00+00:00,23649.5,23648.5,23656.25,23642.0,5178
2025-09-05 18:50:00+00:00,23649.0,23639.5,23659.0,23635.75,6890
2025-09-05 18:55:00+00:00,23639.75,23657.5,23657.5,23630.0,7911
2025-09-05 19:00:00+00:00,23657.0,23656.5,23657.75,23641.25,9638
2025-09-05 19:05:00+00:00,23656.25,23669.25,23680.5,23656.0,13150
2025-09-05 19:10:00+00:00,23669.5,23671.0,23673.0,23664.25,5100
2025-09-05 19:15:00+00:00,23670.5,23671.75,23689.0,23665.0,10660
2025-09-05 19:20:00+00:00,23671.5,23687.5,23691.75,23669.75,8274
2025-09-05 19:25:00+00:00,23687.75,23683.0,23692.25,23680.75,6714
2025-09-05 19:30:00+00:00,23683.0,23664.0,23685.75,23654.25,12615
2025-09-05 19:35:00+00:00,23664.25,23665.5,23684.5,23661.5,10358
2025-09-05 19:40:00+00:00,23665.75,23664.5,23677.0,23655.25,8480
2025-09-05 19:45:00+00:00,23664.5,23666.5,23674.0,23659.5,8339
2025-09-05 19:50:00+00:00,23665.75,23660.25,23675.0,23643.75,19219
2025-09-05 19:55:00+00:00,23660.5,23690.5,23693.75,23651.75,24966
2025-09-05 20:00:00+00:00,23690.75,23682.25,23696.25,23677.5,9089
2025-09-05 20:05:00+00:00,23682.25,23675.5,23683.75,23675.0,2514
2025-09-05 20:10:00+00:00,23675.5,23675.25,23679.0,23672.75,2247
2025-09-05 20:15:00+00:00,23675.5,23672.0,23677.25,23666.75,2083
2025-09-05 20:20:00+00:00,23671.75,23674.75,23676.5,23670.75,953
2025-09-05 20:25:00+00:00,23674.75,23674.75,23676.0,23670.75,881
2025-09-05 20:30:00+00:00,23674.5,23673.0,23675.25,23671.0,965
2025-09-05 20:35:00+00:00,23672.75,23680.25,23681.75,23672.0,1112
2025-09-05 20:40:00+00:00,23680.5,23670.25,23681.5,23667.25,1782
2025-09-05 20:45:00+00:00,23670.25,23671.0,23674.0,23668.75,1153
2025-09-05 20:50:00+00:00,23671.25,23673.5,23677.0,23670.75,993
2025-09-05 20:55:00+00:00,23674.0,23684.0,23684.0,23671.75,1286
2025-09-07 22:00:00+00:00,23676.5,23657.75,23688.0,23654.25,2537
2025-09-07 22:05:00+00:00,23657.75,23655.75,23664.5,23650.5,1988
2025-09-07 22:10:00+00:00,23655.0,23668.0,23669.25,23654.5,1530
2025-09-07 22:15:00+00:00,23668.5,23677.25,23684.0,23666.75,1966
2025-09-07 22:20:00+00:00,23677.5,23681.0,23681.25,23674.0,1021
2025-09-07 22:25:00+00:00,23680.75,23697.0,23699.5,23679.75,3600
2025-09-07 22:30:00+00:00,23697.25,23716.5,23716.75,23696.5,4106
2025-09-07 22:35:00+00:00,23716.5,23715.75,23717.25,23706.0,2321
2025-09-07 22:40:00+00:00,23715.75,23729.25,23729.5,23714.25,3135
2025-09-07 22:45:00+00:00,23728.75,23734.0,23749.0,23728.75,5259
2025-09-07 22:50:00+00:00,23733.5,23733.25,23738.5,23729.0,2067
2025-09-07 22:55:00+00:00,23733.5,23740.5,23742.25,23732.75,1402
2025-09-07 23:00:00+00:00,23740.75,23744.5,23747.25,23740.25,1672
2025-09-07 23:05:00+00:00,23744.75,23751.0,23753.5,23744.5,2134
2025-09-07 23:10:00+00:00,23750.75,23751.0,23754.75,23746.0,1589
2025-09-07 23:15:00+00:00,23751.75,23746.25,23753.0,23742.75,1604
2025-09-07 23:20:00+00:00,23746.25,23757.0,23758.25,23744.75,1397
2025-09-07 23:25:00+00:00,23757.25,23769.25,23782.25,23756.0,5384
2025-09-07 23:30:00+00:00,23769.0,23776.0,23784.5,23768.5,2358
2025-09-07 23:35:00+00:00,23776.0,23777.0,23783.5,23774.0,1751
2025-09-07 23:40:00+00:00,23777.5,23774.25,23781.25,23769.5,1646
2025-09-07 23:45:00+00:00,23774.25,23774.25,23778.25,23768.5,2035
2025-09-07 23:50:00+00:00,23774.5,23778.75,23779.75,23769.0,1411
2025-09-07 23:55:00+00:00,23778.5,23777.75,23781.0,23775.0,1274
2025-09-08 00:00:00+00:00,23778.0,23769.0,23783.75,23765.5,3351
2025-09-08 00:05:00+00:00,23769.5,23786.75,23792.0,23769.25,4096
2025-09-08 00:10:00+00:00,23786.5,23783.5,23788.0,23777.25,1785
2025-09-08 00:15:00+00:00,23783.75,23781.5,23784.25,23776.0,1540
2025-09-08 00:20:00+00:00,23781.5,23781.75,23787.25,23779.0,1180
2025-09-08 00:25:00+00:00,23781.75,23785.0,23786.5,23780.0,724
2025-09-08 00:30:00+00:00,23785.0,23780.25,23788.25,23779.0,1312
2025-09-08 00:35:00+00:00,23779.75,23779.25,23784.25,23776.5,1131
2025-09-08 00:40:00+00:00,23779.5,23775.0,23781.25,23774.25,1073
2025-09-08 00:45:00+00:00,23774.75,23771.25,23776.5,23768.0,1800
2025-09-08 00:50:00+00:00,23771.0,23766.75,23774.5,23766.0,1222
2025-09-08 00:55:00+00:00,23766.75,23764.25,23770.25,23763.75,1262
2025-09-08 01:00:00+00:00,23764.75,23762.25,23771.75,23760.25,2351
2025-09-08 01:05:00+00:00,23762.0,23762.25,23769.5,23761.0,1432
2025-09-08 01:10:00+00:00,23763.0,23763.75,23766.5,23757.25,1582
2025-09-08 01:15:00+00:00,23763.5,23762.75,23766.25,23760.0,801
2025-09-08 01:20:00+00:00,23763.25,23762.5,23767.5,23759.0,985
2025-09-08 01:25:00+00:00,23762.25,23762.5,23765.25,23760.75,636
2025-09-08 01:30:00+00:00,23762.25,23766.75,23767.75,23760.75,655
2025-09-08 01:35:00+00:00,23767.0,23775.5,23777.0,23767.0,2037
2025-09-08 01:40:00+00:00,23775.5,23775.75,23779.5,23772.25,1470
2025-09-08 01:45:00+00:00,23776.0,23778.5,23779.25,23773.25,930
2025-09-08 01:50:00+00:00,23779.25,23770.0,23779.25,23765.5,1549
2025-09-08 01:55:00+00:00,23769.5,23767.75,23771.0,23767.0,598
2025-09-08 02:00:00+00:00,23768.75,23755.5,23771.25,23754.0,2056
2025-09-08 02:05:00+00:00,23755.75,23760.75,23762.25,23755.25,1086
2025-09-08 02:10:00+00:00,23760.75,23754.5,23761.75,23752.25,1201
2025-09-08 02:15:00+00:00,23754.75,23739.5,23758.75,23739.25,2571
2025-09-08 02:20:00+00:00,23740.0,23738.5,23744.75,23735.75,2037
2025-09-08 02:25:00+00:00,23738.75,23739.75,23745.25,23736.0,1367
2025-09-08 02:30:00+00:00,23740.75,23743.0,23745.0,23739.75,720
2025-09-08 02:35:00+00:00,23743.0,23741.25,23746.25,23739.5,742
2025-09-08 02:40:00+00:00,23740.75,23742.0,23744.5,23740.0,522
2025-09-08 02:45:00+00:00,23740.75,23741.0,23742.75,23738.75,591
2025-09-08 02:50:00+00:00,23742.25,23739.75,23744.5,23739.0,462
2025-09-08 02:55:00+00:00,23740.0,23741.0,23744.0,23740.0,574
2025-09-08 03:00:00+00:00,23741.5,23746.75,23748.75,23741.5,1005
2025-09-08 03:05:00+00:00,23747.75,23759.75,23763.0,23744.75,2353
2025-09-08 03:10:00+00:00,23759.5,23756.25,23760.25,23753.25,912
2025-09-08 03:15:00+00:00,23757.0,23758.25,23762.25,23755.0,759
2025-09-08 03:20:00+00:00,23757.75,23759.75,23761.5,23754.5,731
2025-09-08 03:25:00+00:00,23759.25,23757.5,23762.25,23756.25,618
2025-09-08 03:30:00+00:00,23758.0,23759.75,23760.75,23755.5,608
2025-09-08 03:35:00+00:00,23760.25,23757.25,23761.5,23756.75,315
2025-09-08 03:40:00+00:00,23757.75,23755.5,23761.25,23753.0,826
2025-09-08 03:45:00+00:00,23755.5,23748.25,23756.0,23746.5,984
2025-09-08 03:50:00+00:00,23748.75,23751.0,23753.0,23746.75,624
2025-09-08 03:55:00+00:00,23751.25,23756.25,23757.5,23751.25,960
2025-09-08 04:00:00+00:00,23754.0,23751.5,23755.0,23748.5,815
2025-09-08 04:05:00+00:00,23752.25,23747.75,23755.75,23745.5,609
2025-09-08 04:10:00+00:00,23747.75,23742.25,23748.25,23741.5,760
2025-09-08 04:15:00+00:00,23742.25,23740.25,23742.75,23734.25,1412
2025-09-08 04:20:00+00:00,23740.75,23742.5,23743.25,23738.75,529
2025-09-08 04:25:00+00:00,23742.5,23745.75,23745.75,23740.5,648
2025-09-08 04:30:00+00:00,23746.0,23743.75,23751.0,23743.75,805
2025-09-08 04:35:00+00:00,23743.75,23737.0,23744.0,23736.5,895
2025-09-08 04:40:00+00:00,23737.25,23736.5,23740.75,23730.5,1191
2025-09-08 04:45:00+00:00,23736.5,23735.75,23741.0,23735.0,663
2025-09-08 04:50:00+00:00,23735.25,23732.25,23736.5,23731.75,644
2025-09-08 04:55:00+00:00,23733.0,23733.25,23736.0,23726.25,1472
2025-09-08 05:00:00+00:00,23734.0,23736.0,23738.25,23733.0,947
2025-09-08 05:05:00+00:00,23737.0,23734.0,23740.5,23733.5,562
2025-09-08 05:10:00+00:00,23734.75,23736.5,23737.5,23731.5,484
2025-09-08 05:15:00+00:00,23736.75,23748.0,23751.25,23736.5,1490
2025-09-08 05:20:00+00:00,23747.75,23741.0,23748.25,23736.5,949
2025-09-08 05:25:00+00:00,23741.0,23741.75,23743.5,23737.5,446
2025-09-08 05:30:00+00:00,23743.0,23737.5,23743.0,23735.0,767
2025-09-08 05:35:00+00:00,23738.0,23741.0,23744.5,23733.0,881
2025-09-08 05:40:00+00:00,23740.5,23732.5,23741.5,23730.0,930
2025-09-08 05:45:00+00:00,23732.0,23731.5,23736.5,23729.25,923
2025-09-08 05:50:00+00:00,23733.0,23732.75,23736.5,23730.75,523
2025-09-08 05:55:00+00:00,23732.5,23731.25,23738.0,23731.0,631
2025-09-08 06:00:00+00:00,23731.0,23748.0,23755.75,23730.25,3417
2025-09-08 06:05:00+00:00,23747.5,23752.75,23755.0,23744.0,2161
2025-09-08 06:10:00+00:00,23752.75,23755.75,23759.75,23751.0,1349
2025-09-08 06:15:00+00:00,23755.5,23754.0,23757.0,23748.5,1054
2025-09-08 06:20:00+00:00,23754.25,23753.25,23757.5,23751.5,924
2025-09-08 06:25:00+00:00,23753.0,23757.25,23763.0,23752.75,1626
2025-09-08 06:30:00+00:00,23756.5,23752.25,23758.25,23746.75,1355
2025-09-08 06:35:00+00:00,23752.75,23749.75,23755.0,23747.75,678
2025-09-08 06:40:00+00:00,23750.25,23753.5,23757.75,23748.25,662
2025-09-08 06:45:00+00:00,23753.25,23757.75,23758.75,23749.75,814
2025-09-08 06:50:00+00:00,23757.75,23753.75,23759.25,23751.75,589
2025-09-08 06:55:00+00:00,23754.25,23752.5,23755.25,23748.0,708
2025-09-08 07:00:00+00:00,23752.75,23764.0,23765.0,23749.5,1745
2025-09-08 07:05:00+00:00,23764.0,23767.5,23767.75,23759.0,1749
2025-09-08 07:10:00+00:00,23767.25,23768.25,23777.75,23765.25,2566
2025-09-08 07:15:00+00:00,23767.75,23774.0,23781.0,23767.75,1674
2025-09-08 07:20:00+00:00,23773.75,23768.25,23779.5,23764.5,1419
2025-09-08 07:25:00+00:00,23767.5,23763.75,23773.25,23762.0,928
2025-09-08 07:30:00+00:00,23762.75,23759.75,23768.75,23759.75,1057
2025-09-08 07:35:00+00:00,23759.5,23766.25,23767.5,23758.75,983
2025-09-08 07:40:00+00:00,23766.0,23779.75,23782.0,23766.0,1597
2025-09-08 07:45:00+00:00,23779.25,23767.5,23781.25,23767.25,1550
2025-09-08 07:50:00+00:00,23767.75,23756.5,23769.0,23752.5,1945
2025-09-08 07:55:00+00:00,23755.25,23752.75,23757.75,23752.0,947
2025-09-08 08:00:00+00:00,23753.5,23754.75,23758.25,23740.75,2676
2025-09-08 08:05:00+00:00,23754.5,23757.0,23760.75,23754.25,1592
2025-09-08 08:10:00+00:00,23757.25,23763.75,23765.25,23753.75,1210
2025-09-08 08:15:00+00:00,23763.75,23763.25,23767.0,23758.25,877
2025-09-08 08:20:00+00:00,23763.25,23761.0,23764.0,23755.0,996
2025-09-08 08:25:00+00:00,23760.75,23758.75,23761.5,23756.0,703
2025-09-08 08:30:00+00:00,23759.0,23761.0,23761.25,23754.5,575
2025-09-08 08:35:00+00:00,23761.25,23765.75,23766.5,23758.5,588
2025-09-08 08:40:00+00:00,23766.25,23766.5,23768.25,23762.0,770
2025-09-08 08:45:00+00:00,23767.0,23767.0,23769.0,23761.75,545
2025-09-08 08:50:00+00:00,23767.25,23761.0,23767.75,23759.25,633
2025-09-08 08:55:00+00:00,23761.0,23764.75,23765.5,23758.0,532
2025-09-08 09:00:00+00:00,23765.0,23761.5,23766.75,23758.25,684
2025-09-08 09:05:00+00:00,23761.0,23758.75,23762.0,23755.75,680
2025-09-08 09:10:00+00:00,23758.5,23763.0,23765.5,23755.0,957
2025-09-08 09:15:00+00:00,23762.0,23765.5,23766.0,23761.25,333
2025-09-08 09:20:00+00:00,23765.25,23768.25,23769.5,23763.25,620
2025-09-08 09:25:00+00:00,23768.0,23763.75,23770.0,23762.75,589
2025-09-08 09:30:00+00:00,23763.75,23768.25,23769.0,23761.25,746
2025-09-08 09:35:00+00:00,23768.25,23765.0,23768.5,23763.75,420
2025-09-08 09:40:00+00:00,23765.0,23765.25,23770.0,23760.25,831
2025-09-08 09:45:00+00:00,23765.75,23772.5,23772.75,23765.0,596
2025-09-08 09:50:00+00:00,23772.5,23784.0,23785.25,23771.75,2071
2025-09-08 09:55:00+00:00,23784.5,23781.5,23785.0,23778.0,993
2025-09-08 10:00:00+00:00,23781.25,23776.75,23782.75,23776.0,1103
2025-09-08 10:05:00+00:00,23777.0,23782.0,23782.75,23774.25,794
2025-09-08 10:10:00+00:00,23782.5,23782.25,23784.0,23780.75,243
2025-09-08 10:20:00+00:00,23782.19921875,23782.75,23785.75,23779.0,2795
2025-09-08 10:25:00+00:00,23783.0,23780.0,23783.25,23779.0,509
2025-09-08 10:30:00+00:00,23780.5,23786.0,23786.5,23778.0,847
2025-09-08 10:35:00+00:00,23785.75,23781.5,23790.0,23779.75,1689
2025-09-08 10:40:00+00:00,23781.25,23783.25,23783.75,23779.25,709
2025-09-08 10:45:00+00:00,23783.25,23779.25,23783.75,23775.75,877
2025-09-08 10:50:00+00:00,23779.5,23775.75,23780.75,23775.0,768
2025-09-08 10:55:00+00:00,23775.5,23771.75,23776.25,23769.25,1040
2025-09-08 11:00:00+00:00,23771.75,23771.0,23773.5,23765.25,1787
2025-09-08 11:05:00+00:00,23771.5,23773.25,23776.75,23770.0,1048
2025-09-08 11:10:00+00:00,23773.75,23781.5,23781.75,23773.25,1021
2025-09-08 11:15:00+00:00,23781.25,23776.0,23782.0,23771.5,1442
2025-09-08 11:20:00+00:00,23776.75,23768.5,23777.25,23768.5,863
2025-09-08 11:25:00+00:00,23768.75,23776.75,23779.5,23768.0,960
2025-09-08 11:30:00+00:00,23777.5,23772.5,23782.25,23772.5,1153
2025-09-08 11:35:00+00:00,23772.5,23772.75,23777.5,23770.5,938
2025-09-08 11:40:00+00:00,23773.25,23776.25,23777.25,23773.0,659
2025-09-08 11:45:00+00:00,23776.5,23772.0,23777.25,23767.5,1371
2025-09-08 11:50:00+00:00,23771.5,23774.5,23778.0,23769.5,791
2025-09-08 11:55:00+00:00,23775.25,23763.0,23779.5,23759.75,1833
2025-09-08 12:00:00+00:00,23762.75,23765.25,23768.75,23759.5,1758
2025-09-08 12:05:00+00:00,23765.25,23757.5,23765.25,23749.0,2846
2025-09-08 12:10:00+00:00,23757.5,23747.0,23757.5,23744.0,2561
2025-09-08 12:15:00+00:00,23746.5,23749.75,23755.5,23744.5,1814
2025-09-08 12:20:00+00:00,23750.0,23749.25,23755.0,23744.0,1715
2025-09-08 12:25:00+00:00,23749.25,23754.25,23756.0,23749.25,1662
2025-09-08 12:30:00+00:00,23753.5,23764.0,23769.0,23753.0,3146
2025-09-08 12:35:00+00:00,23764.0,23761.25,23766.0,23757.0,1679
2025-09-08 12:40:00+00:00,23761.25,23760.25,23762.0,23755.5,1455
2025-09-08 12:45:00+00:00,23760.25,23767.75,23769.5,23754.5,2763
2025-09-08 12:50:00+00:00,23767.25,23770.75,23772.25,23764.25,2056
2025-09-08 12:55:00+00:00,23770.5,23778.75,23779.25,23769.0,2956
2025-09-08 13:00:00+00:00,23778.75,23781.0,23783.5,23773.25,3218
2025-09-08 13:05:00+00:00,23781.25,23772.5,23781.5,23771.75,2099
2025-09-08 13:10:00+00:00,23772.75,23781.0,23782.5,23766.75,3391
2025-09-08 13:15:00+00:00,23781.25,23786.0,23787.0,23779.5,2929
2025-09-08 13:20:00+00:00,23786.0,23785.0,23793.5,23782.75,4660
2025-09-08 13:25:00+00:00,23785.0,23783.5,23797.25,23777.0,7406
2025-09-08 13:30:00+00:00,23784.25,23820.25,23821.25,23771.25,39655
2025-09-08 13:35:00+00:00,23820.25,23802.75,23846.75,23796.75,38299
2025-09-08 13:40:00+00:00,23802.75,23831.5,23845.75,23802.5,30463
2025-09-08 13:45:00+00:00,23830.75,23849.25,23852.0,23814.0,28760
2025-09-08 13:50:00+00:00,23849.0,23865.25,23865.75,23830.0,26061
2025-09-08 13:55:00+00:00,23865.25,23845.5,23876.5,23845.0,24368
2025-09-08 14:00:00+00:00,23846.5,23857.0,23857.75,23827.0,25387
2025-09-08 14:05:00+00:00,23856.75,23854.25,23870.25,23846.25,17762
2025-09-08 14:10:00+00:00,23853.75,23841.5,23861.25,23838.5,15510
2025-09-08 14:15:00+00:00,23841.75,23817.25,23845.5,23811.0,22565
2025-09-08 14:20:00+00:00,23816.75,23823.5,23831.0,23806.25,19419
2025-09-08 14:25:00+00:00,23823.75,23862.75,23868.5,23822.25,24544
2025-09-08 14:30:00+00:00,23862.5,23857.75,23880.0,23851.75,21192
2025-09-08 14:35:00+00:00,23858.0,23872.25,23879.5,23852.75,15244
2025-09-08 14:40:00+00:00,23872.75,23881.25,23886.75,23869.5,14147
2025-09-08 14:45:00+00:00,23881.25,23877.0,23888.0,23872.5,12020
2025-09-08 14:50:00+00:00,23876.5,23872.0,23876.5,23863.25,11598
2025-09-08 14:55:00+00:00,23872.0,23859.75,23880.75,23858.0,11832
2025-09-08 15:00:00+00:00,23859.5,23861.75,23868.5,23854.0,10758
2025-09-08 15:05:00+00:00,23862.0,23865.5,23868.75,23858.75,7118
2025-09-08 15:10:00+00:00,23865.75,23873.5,23882.0,23865.75,10557
2025-09-08 15:15:00+00:00,23873.25,23849.5,23874.0,23845.25,15510
2025-09-08 15:20:00+00:00,23849.25,23850.25,23856.0,23844.0,9909
2025-09-08 15:25:00+00:00,23850.75,23876.25,23877.5,23848.5,12404
2025-09-08 15:30:00+00:00,23876.25,23870.75,23884.75,23866.5,11628
2025-09-08 15:35:00+00:00,23870.5,23870.5,23875.0,23864.5,7140
2025-09-08 15:40:00+00:00,23871.0,23861.5,23871.0,23858.0,7472
2025-09-08 15:45:00+00:00,23861.5,23844.0,23863.75,23829.75,19217
2025-09-08 15:50:00+00:00,23843.75,23862.0,23865.5,23838.25,11800
2025-09-08 15:55:00+00:00,23862.0,23872.75,23876.0,23861.25,8487
2025-09-08 16:00:00+00:00,23872.75,23855.5,23873.75,23851.75,9790
2025-09-08 16:05:00+00:00,23856.0,23845.75,23858.5,23842.5,8645
2025-09-08 16:10:00+00:00,23845.75,23843.25,23853.0,23840.75,6929
2025-09-08 16:15:00+00:00,23843.25,23834.25,23843.25,23826.0,11496
2025-09-08 16:20:00+00:00,23834.25,23829.75,23841.0,23825.0,9273
2025-09-08 16:25:00+00:00,23829.75,23831.0,23834.0,23821.0,10016
2025-09-08 16:30:00+00:00,23831.25,23811.5,23837.5,23803.5,18513
2025-09-08 16:35:00+00:00,23811.25,23807.75,23816.75,23790.0,16104
2025-09-08 16:40:00+00:00,23807.75,23813.5,23823.25,23800.0,12174
2025-09-08 16:45:00+00:00,23813.25,23797.5,23814.0,23792.0,11441
2025-09-08 16:50:00+00:00,23797.5,23817.0,23817.75,23797.25,8821
2025-09-08 16:55:00+00:00,23817.0,23811.25,23822.5,23800.5,10066
2025-09-08 17:00:00+00:00,23811.5,23793.75,23815.5,23790.75,9547
2025-09-08 17:05:00+00:00,23794.0,23792.25,23802.5,23784.75,11236
2025-09-08 17:10:00+00:00,23792.5,23788.0,23806.0,23787.75,7946
2025-09-08 17:15:00+00:00,23788.5,23802.5,23803.75,23786.75,6276
2025-09-08 17:20:00+00:00,23802.0,23813.5,23815.25,23797.5,7483
2025-09-08 17:25:00+00:00,23813.25,23805.25,23817.0,23800.0,8352
2025-09-08 17:30:00+00:00,23806.0,23804.5,23812.5,23800.25,5143
2025-09-08 17:35:00+00:00,23804.5,23799.25,23808.75,23797.75,4156
2025-09-08 17:40:00+00:00,23799.5,23803.0,23804.5,23792.25,6543
2025-09-08 17:45:00+00:00,23803.25,23788.75,23805.0,23787.5,6344
2025-09-08 17:50:00+00:00,23789.0,23785.75,23793.0,23762.25,16676
2025-09-08 17:55:00+00:00,23785.75,23782.75,23790.25,23775.0,8130
2025-09-08 18:00:00+00:00,23782.5,23776.5,23785.0,23772.25,6171
2025-09-08 18:05:00+00:00,23775.75,23782.0,23788.25,23772.5,6109
2025-09-08 18:10:00+00:00,23782.5,23799.5,23804.75,23781.5,9646
2025-09-08 18:15:00+00:00,23799.5,23811.75,23814.25,23797.25,8408
2025-09-08 18:20:00+00:00,23811.5,23809.0,23819.75,23808.0,8369
2025-09-08 18:25:00+00:00,23809.75,23812.5,23814.25,23802.25,7154
2025-09-08 18:30:00+00:00,23812.5,23810.25,23816.75,23804.0,4810
2025-09-08 18:35:00+00:00,23810.0,23798.0,23813.75,23797.25,5836
2025-09-08 18:40:00+00:00,23798.25,23801.5,23802.25,23787.25,8971
2025-09-08 18:45:00+00:00,23801.0,23805.25,23811.5,23799.25,5675
2025-09-08 18:50:00+00:00,23805.5,23795.0,23809.0,23792.0,5941
2025-09-08 18:55:00+00:00,23795.0,23793.5,23801.5,23789.75,4595
2025-09-08 19:00:00+00:00,23793.75,23791.25,23794.25,23784.75,6000
2025-09-08 19:05:00+00:00,23791.75,23787.25,23796.75,23786.25,5249
2025-09-08 19:10:00+00:00,23787.0,23770.25,23789.75,23763.5,12659
2025-09-08 19:15:00+00:00,23770.5,23769.0,23776.0,23763.0,9658
2025-09-08 19:20:00+00:00,23768.5,23769.0,23773.0,23758.5,7551
2025-09-08 19:25:00+00:00,23768.75,23770.5,23772.25,23763.5,4863
2025-09-08 19:30:00+00:00,23770.5,23771.0,23790.25,23770.25,12682
2025-09-08 19:35:00+00:00,23771.0,23791.25,23793.75,23771.0,7699
2025-09-08 19:40:00+00:00,23791.0,23799.5,23803.0,23790.0,8407
2025-09-08 19:45:00+00:00,23799.75,23811.0,23811.25,23799.5,8681
2025-09-08 19:50:00+00:00,23810.75,23795.5,23812.5,23785.0,15823
2025-09-08 19:55:00+00:00,23795.75,23803.0,23805.0,23784.75,19537
2025-09-08 20:00:00+00:00,23803.25,23798.5,23807.0,23795.25,7778
2025-09-08 20:05:00+00:00,23798.75,23809.25,23810.25,23796.5,3197
2025-09-08 20:10:00+00:00,23809.0,23804.75,23809.0,23800.25,2954
2025-09-08 20:15:00+00:00,23804.25,23799.75,23804.5,23798.25,1750
2025-09-08 20:20:00+00:00,23799.5,23799.0,23802.25,23796.25,1217
2025-09-08 20:25:00+00:00,23798.75,23801.25,23803.5,23798.5,874
2025-09-08 20:30:00+00:00,23801.5,23801.0,23803.25,23799.75,746
2025-09-08 20:35:00+00:00,23801.0,23798.0,23801.0,23797.25,914
2025-09-08 20:40:00+00:00,23798.25,23794.75,23799.25,23793.75,1210
2025-09-08 20:45:00+00:00,23794.75,23794.5,23798.0,23794.25,1007
2025-09-08 20:50:00+00:00,23794.25,23793.25,23796.25,23792.75,716
2025-09-08 20:55:00+00:00,23793.25,23798.5,23799.5,23791.75,1124
2025-09-08 22:00:00+00:00,23799.75,23813.75,23818.75,23798.5,0
2025-09-08 22:05:00+00:00,23813.5,23813.25,23820.0,23809.25,1474
2025-09-08 22:10:00+00:00,23813.5,23814.75,23817.5,23809.0,910
2025-09-08 22:15:00+00:00,23814.5,23817.25,23817.75,23808.75,1115
2025-09-08 22:20:00+00:00,23817.25,23820.0,23821.0,23813.75,993
2025-09-08 22:25:00+00:00,23819.25,23815.5,23821.75,23815.25,824
2025-09-08 22:30:00+00:00,23815.5,23822.0,23822.25,23814.25,782
2025-09-08 22:35:00+00:00,23822.25,23819.75,23826.75,23819.0,1078
2025-09-08 22:40:00+00:00,23819.5,23822.75,23823.75,23819.5,430
2025-09-08 22:45:00+00:00,23822.75,23828.25,23829.0,23820.25,1167
2025-09-08 22:50:00+00:00,23828.25,23820.75,23828.5,23819.0,1140
2025-09-08 22:55:00+00:00,23820.75,23825.25,23826.25,23820.25,550
2025-09-08 23:00:00+00:00,23825.75,23824.5,23831.25,23824.5,1192
2025-09-08 23:05:00+00:00,23824.5,23821.5,23826.5,23820.25,499
2025-09-08 23:10:00+00:00,23821.0,23823.75,23827.5,23820.75,598
2025-09-08 23:15:00+00:00,23824.0,23822.25,23827.5,23821.25,518
2025-09-08 23:20:00+00:00,23822.75,23819.0,23823.75,23818.5,846
2025-09-08 23:25:00+00:00,23818.5,23818.25,23820.75,23815.25,724
2025-09-08 23:30:00+00:00,23818.75,23814.25,23821.5,23813.25,693
2025-09-08 23:35:00+00:00,23814.5,23816.5,23818.75,23813.25,629
2025-09-08 23:40:00+00:00,23816.25,23805.5,23817.25,23804.5,1455
2025-09-08 23:45:00+00:00,23805.25,23809.0,23811.25,23803.75,684
2025-09-08 23:50:00+00:00,23809.0,23811.25,23812.75,23805.75,622
2025-09-08 23:55:00+00:00,23811.25,23807.25,23814.0,23806.0,665
2025-09-09 00:00:00+00:00,23807.5,23815.0,23818.0,23802.25,1994
2025-09-09 00:05:00+00:00,23815.0,23820.0,23820.0,23811.25,938
2025-09-09 00:10:00+00:00,23819.5,23827.0,23827.0,23817.5,1434
2025-09-09 00:15:00+00:00,23826.5,23817.25,23826.75,23810.25,1884
2025-09-09 00:20:00+00:00,23816.75,23811.75,23817.5,23810.5,600
2025-09-09 00:25:00+00:00,23812.25,23815.0,23816.25,23811.0,413
2025-09-09 00:30:00+00:00,23814.5,23813.0,23815.0,23811.0,433
2025-09-09 00:35:00+00:00,23813.0,23813.0,23815.25,23811.5,461
2025-09-09 00:40:00+00:00,23812.25,23812.5,23814.5,23807.75,772
2025-09-09 00:45:00+00:00,23812.5,23812.75,23813.25,23807.0,748
2025-09-09 00:50:00+00:00,23813.5,23812.75,23815.5,23811.25,564
2025-09-09 00:55:00+00:00,23813.25,23807.5,23813.75,23805.25,600
2025-09-09 01:00:00+00:00,23807.0,23806.0,23808.5,23803.75,624
2025-09-09 01:05:00+00:00,23805.75,23809.75,23812.0,23805.5,607
2025-09-09 01:10:00+00:00,23809.0,23807.75,23811.0,23805.5,612
2025-09-09 01:15:00+00:00,23808.5,23806.0,23808.5,23803.5,664
2025-09-09 01:20:00+00:00,23805.75,23796.25,23806.25,23794.75,1594
2025-09-09 01:25:00+00:00,23796.25,23797.0,23799.25,23790.75,2065
2025-09-09 01:30:00+00:00,23796.75,23795.25,23800.0,23793.25,879
2025-09-09 01:35:00+00:00,23795.5,23796.25,23801.0,23794.5,756
2025-09-09 01:40:00+00:00,23796.0,23803.75,23804.75,23794.5,942
2025-09-09 01:45:00+00:00,23803.75,23808.0,23810.75,23803.0,1412
2025-09-09 01:50:00+00:00,23808.25,23813.25,23815.0,23804.25,1174
2025-09-09 01:55:00+00:00,23813.5,23813.75,23818.75,23812.75,1132
2025-09-09 02:00:00+00:00,23814.5,23817.75,23821.75,23814.5,897
2025-09-09 02:05:00+00:00,23817.75,23823.5,23824.75,23816.75,903
2025-09-09 02:10:00+00:00,23823.25,23829.0,23830.75,23821.75,1666
2025-09-09 02:15:00+00:00,23829.25,23834.5,23834.75,23828.0,1421
2025-09-09 02:20:00+00:00,23834.25,23830.0,23834.5,23828.25,893
2025-09-09 02:25:00+00:00,23830.25,23832.5,23833.0,23829.0,453
2025-09-09 02:30:00+00:00,23832.75,23833.25,23847.5,23831.25,3181
2025-09-09 02:35:00+00:00,23833.25,23831.75,23834.75,23828.25,1001
2025-09-09 02:40:00+00:00,23832.0,23834.25,23836.0,23830.0,672
2025-09-09 02:45:00+00:00,23834.25,23832.5,23835.0,23830.5,491
2025-09-09 02:50:00+00:00,23832.25,23828.0,23833.0,23824.25,1408
2025-09-09 02:55:00+00:00,23827.75,23827.25,23830.0,23826.75,585
2025-09-09 03:00:00+00:00,23827.75,23828.25,23829.75,23826.25,429
2025-09-09 03:05:00+00:00,23829.0,23829.5,23830.75,23826.5,523
2025-09-09 03:10:00+00:00,23829.5,23832.25,23836.75,23828.5,1019
2025-09-09 03:15:00+00:00,23832.0,23833.25,23835.0,23830.0,622
2025-09-09 03:20:00+00:00,23834.0,23834.25,23838.5,23832.0,862
2025-09-09 03:25:00+00:00,23834.25,23837.0,23837.0,23832.75,368
2025-09-09 03:30:00+00:00,23836.75,23841.5,23843.25,23836.5,948
2025-09-09 03:35:00+00:00,23841.0,23838.75,23841.75,23836.0,678
2025-09-09 03:40:00+00:00,23838.5,23839.0,23841.5,23837.5,311
2025-09-09 03:45:00+00:00,23839.0,23841.25,23843.0,23839.0,371
2025-09-09 03:50:00+00:00,23840.75,23836.25,23841.0,23836.0,384
2025-09-09 03:55:00+00:00,23836.5,23837.25,23839.0,23836.25,233
2025-09-09 04:05:00+00:00,23837.0,23834.5,23837.0,23834.5,1222
2025-09-09 04:10:00+00:00,23834.75,23836.25,23836.75,23834.0,228
2025-09-09 04:15:00+00:00,23836.25,23836.5,23838.0,23836.0,243
2025-09-09 04:20:00+00:00,23836.75,23839.25,23839.5,23835.0,301
2025-09-09 04:25:00+00:00,23839.0,23834.75,23840.25,23834.5,440
2025-09-09 04:30:00+00:00,23834.5,23835.75,23837.75,23832.5,362
2025-09-09 04:35:00+00:00,23835.25,23834.5,23835.75,23833.0,235
2025-09-09 04:40:00+00:00,23834.5,23832.5,23834.5,23831.25,376
2025-09-09 04:45:00+00:00,23832.25,23834.75,23835.0,23830.5,390
2025-09-09 04:50:00+00:00,23834.75,23836.25,23839.25,23834.25,556
2025-09-09 04:55:00+00:00,23836.0,23838.0,23841.0,23835.25,386
2025-09-09 05:00:00+00:00,23837.0,23835.25,23837.25,23832.75,420
2025-09-09 05:05:00+00:00,23835.5,23834.0,23835.75,23832.25,2043
2025-09-09 05:10:00+00:00,23834.0,23834.0,23837.25,23832.75,2038
2025-09-09 05:15:00+00:00,23833.75,23828.5,23834.0,23823.0,1368
2025-09-09 05:20:00+00:00,23828.25,23822.0,23828.75,23815.5,1338
2025-09-09 05:25:00+00:00,23821.75,23818.5,23822.0,23815.0,736
2025-09-09 05:30:00+00:00,23818.5,23825.0,23830.0,23818.5,1048
2025-09-09 05:35:00+00:00,23825.5,23824.75,23826.75,23821.0,449
2025-09-09 05:40:00+00:00,23825.25,23826.0,23827.25,23819.25,682
2025-09-09 05:45:00+00:00,23825.75,23826.75,23828.75,23824.0,394
2025-09-09 05:50:00+00:00,23825.75,23835.75,23836.5,23825.0,927
2025-09-09 05:55:00+00:00,23836.0,23834.5,23842.25,23833.5,1216
2025-09-09 06:00:00+00:00,23835.0,23841.0,23843.5,23830.25,1224
2025-09-09 06:05:00+00:00,23841.5,23843.75,23845.25,23839.25,1001
2025-09-09 06:10:00+00:00,23844.25,23851.25,23853.5,23843.25,2151
2025-09-09 06:15:00+00:00,23851.0,23846.5,23855.25,23841.75,2029
2025-09-09 06:20:00+00:00,23846.5,23850.25,23851.25,23843.75,747
2025-09-09 06:25:00+00:00,23850.5,23849.0,23852.5,23848.75,605
2025-09-09 06:30:00+00:00,23848.5,23849.0,23850.75,23844.0,948
2025-09-09 06:35:00+00:00,23850.0,23852.5,23854.25,23841.25,1514
2025-09-09 06:40:00+00:00,23852.5,23845.75,23853.75,23843.25,739
2025-09-09 06:45:00+00:00,23844.75,23847.25,23853.25,23844.0,743
2025-09-09 06:50:00+00:00,23847.25,23852.25,23855.75,23846.5,1030
2025-09-09 06:55:00+00:00,23851.75,23850.0,23853.0,23847.25,565
2025-09-09 07:00:00+00:00,23850.5,23850.5,23855.0,23846.75,1152
2025-09-09 07:05:00+00:00,23850.75,23855.25,23857.0,23847.0,792
2025-09-09 07:10:00+00:00,23855.25,23863.75,23864.0,23854.5,1539
2025-09-09 07:15:00+00:00,23863.75,23863.0,23866.25,23860.25,1160
2025-09-09 07:20:00+00:00,23862.75,23862.75,23864.0,23859.0,875
2025-09-09 07:25:00+00:00,23863.5,23867.25,23870.5,23862.75,1928
2025-09-09 07:30:00+00:00,23867.25,23871.75,23872.75,23862.0,1332
2025-09-09 07:35:00+00:00,23871.75,23871.75,23885.25,23871.5,3039
2025-09-09 07:40:00+00:00,23871.75,23855.75,23874.75,23855.25,2296
2025-09-09 07:45:00+00:00,23855.5,23853.0,23858.75,23850.0,1690
2025-09-09 07:50:00+00:00,23852.75,23855.25,23855.75,23850.75,971
2025-09-09 07:55:00+00:00,23854.75,23855.5,23857.5,23854.0,701
2025-09-09 08:00:00+00:00,23854.75,23854.0,23857.25,23853.0,1055
2025-09-09 08:05:00+00:00,23853.5,23839.25,23854.5,23838.75,2167
2025-09-09 08:10:00+00:00,23839.0,23846.5,23852.5,23838.75,1447
2025-09-09 08:20:00+00:00,23850.0,23852.75,23853.25,23849.5,4540
2025-09-09 08:25:00+00:00,23853.0,23849.5,23854.25,23846.0,844
2025-09-09 08:30:00+00:00,23849.5,23850.0,23855.5,23845.75,966
2025-09-09 08:35:00+00:00,23849.75,23841.0,23852.25,23838.25,1267
2025-09-09 08:40:00+00:00,23840.5,23845.75,23849.25,23838.0,963
2025-09-09 08:45:00+00:00,23845.75,23835.75,23846.25,23834.5,1342
2025-09-09 08:50:00+00:00,23835.25,23838.0,23840.5,23834.0,929
2025-09-09 08:55:00+00:00,23837.0,23842.75,23843.75,23836.25,718
2025-09-09 09:00:00+00:00,23843.25,23845.0,23848.25,23839.5,1098
2025-09-09 09:05:00+00:00,23845.0,23836.25,23848.0,23836.0,919
2025-09-09 09:10:00+00:00,23836.5,23849.75,23850.75,23835.75,1066
2025-09-09 09:15:00+00:00,23850.0,23851.25,23855.0,23848.0,1162
2025-09-09 09:20:00+00:00,23851.0,23847.5,23853.25,23844.0,800
2025-09-09 09:25:00+00:00,23847.5,23847.5,23853.75,23845.0,759
2025-09-09 09:30:00+00:00,23847.75,23847.75,23851.0,23846.75,461
2025-09-09 09:35:00+00:00,23847.75,23851.5,23852.25,23847.5,457
2025-09-09 09:40:00+00:00,23851.5,23849.75,23856.5,23846.0,1109
2025-09-09 09:45:00+00:00,23849.0,23851.75,23853.25,23845.75,825
2025-09-09 09:50:00+00:00,23852.25,23846.0,23852.25,23844.25,698
2025-09-09 09:55:00+00:00,23845.5,23844.0,23849.0,23842.25,784
2025-09-09 10:00:00+00:00,23844.5,23843.75,23847.0,23841.5,692
2025-09-09 10:05:00+00:00,23843.75,23851.0,23851.75,23843.5,546
2025-09-09 10:10:00+00:00,23851.0,23854.0,23856.5,23849.0,830
2025-09-09 10:15:00+00:00,23853.25,23851.75,23856.25,23851.25,571
2025-09-09 10:20:00+00:00,23852.0,23852.0,23855.25,23851.25,379
2025-09-09 10:25:00+00:00,23852.5,23847.25,23855.5,23846.5,712
2025-09-09 10:30:00+00:00,23847.25,23848.5,23849.25,23840.0,1290
2025-09-09 10:35:00+00:00,23848.0,23854.25,23854.5,23845.75,1293
2025-09-09 10:40:00+00:00,23854.25,23856.0,23860.0,23853.25,1258
2025-09-09 10:45:00+00:00,23856.25,23843.25,23857.25,23843.25,1385
2025-09-09 10:50:00+00:00,23843.25,23840.75,23846.5,23837.75,1406
2025-09-09 10:55:00+00:00,23840.75,23845.5,23845.5,23838.5,586
2025-09-09 11:00:00+00:00,23845.5,23836.0,23845.5,23836.0,1151
2025-09-09 11:05:00+00:00,23836.0,23840.25,23843.25,23834.75,1247
2025-09-09 11:10:00+00:00,23840.5,23831.5,23842.5,23829.0,1917
2025-09-09 11:15:00+00:00,23831.5,23814.5,23831.5,23812.5,3596
2025-09-09 11:20:00+00:00,23814.25,23823.0,23825.75,23811.0,3102
2025-09-09 11:25:00+00:00,23822.25,23820.75,23825.5,23819.5,1165
2025-09-09 11:30:00+00:00,23821.0,23831.25,23833.0,23820.75,1783
2025-09-09 11:35:00+00:00,23831.25,23832.75,23833.75,23826.0,1317
2025-09-09 11:40:00+00:00,23833.5,23836.25,23837.0,23830.5,922
2025-09-09 11:45:00+00:00,23835.75,23847.75,23849.75,23835.75,3133
2025-09-09 11:50:00+00:00,23847.75,23847.75,23850.75,23845.5,1493
2025-09-09 11:55:00+00:00,23848.0,23849.5,23853.25,23844.5,1805
2025-09-09 12:00:00+00:00,23849.5,23849.0,23849.75,23838.25,2315
2025-09-09 12:05:00+00:00,23848.25,23847.5,23849.5,23844.75,970
2025-09-09 12:10:00+00:00,23846.75,23853.5,23856.75,23845.75,1871
2025-09-09 12:15:00+00:00,23853.75,23849.75,23857.75,23847.25,1560
2025-09-09 12:20:00+00:00,23850.0,23846.0,23855.0,23845.5,1390
2025-09-09 12:25:00+00:00,23845.5,23852.25,23852.75,23841.75,1550
2025-09-09 12:30:00+00:00,23852.25,23842.75,23852.25,23834.75,3259
2025-09-09 12:35:00+00:00,23843.25,23850.0,23852.5,23841.25,2530
2025-09-09 12:40:00+00:00,23850.25,23842.25,23851.75,23839.75,2586
2025-09-09 12:45:00+00:00,23842.75,23839.25,23845.75,23835.25,1726
2025-09-09 12:50:00+00:00,23839.0,23839.25,23841.5,23833.75,2149
2025-09-09 12:55:00+00:00,23839.0,23839.0,23843.75,23837.75,1805
2025-09-09 13:00:00+00:00,23839.25,23807.0,23840.25,23800.5,8667
2025-09-09 13:05:00+00:00,23807.75,23828.0,23828.25,23800.25,11241
2025-09-09 13:10:00+00:00,23827.5,23822.5,23828.5,23815.75,5113
2025-09-09 13:15:00+00:00,23822.25,23819.75,23825.5,23816.25,3041
2025-09-09 13:20:00+00:00,23819.5,23818.0,23826.0,23810.0,4153
2025-09-09 13:25:00+00:00,23818.0,23835.0,23837.75,23814.0,7222
2025-09-09 13:30:00+00:00,23835.0,23842.5,23857.75,23823.0,29284
2025-09-09 13:35:00+00:00,23843.25,23834.25,23848.0,23824.0,17812
2025-09-09 13:40:00+00:00,23834.25,23842.0,23844.5,23815.0,21938
2025-09-09 13:45:00+00:00,23841.25,23828.75,23848.5,23824.25,18359
2025-09-09 13:50:00+00:00,23829.5,23807.5,23831.5,23804.5,21233
2025-09-09 13:55:00+00:00,23807.5,23815.0,23841.25,23801.25,22576
2025-09-09 14:00:00+00:00,23816.0,23795.75,23833.25,23781.0,39924
2025-09-09 14:05:00+00:00,23795.25,23831.75,23834.0,23788.5,29590
2025-09-09 14:10:00+00:00,23831.75,23835.5,23850.75,23826.75,22885
2025-09-09 14:15:00+00:00,23836.0,23817.25,23842.0,23810.0,21975
2025-09-09 14:20:00+00:00,23817.0,23818.25,23828.75,23815.0,12232
2025-09-09 14:25:00+00:00,23818.0,23810.5,23822.75,23798.0,18047
2025-09-09 14:30:00+00:00,23810.75,23753.75,23812.25,23753.0,28800
2025-09-09 14:35:00+00:00,23753.75,23743.0,23761.5,23733.5,29517
2025-09-09 14:40:00+00:00,23743.0,23743.5,23758.0,23726.5,20195
2025-09-09 14:45:00+00:00,23744.0,23760.75,23764.75,23736.5,21534
2025-09-09 14:50:00+00:00,23760.5,23787.5,23789.0,23740.75,21986
2025-09-09 14:55:00+00:00,23787.5,23785.75,23802.25,23785.25,16283
2025-09-09 15:00:00+00:00,23785.5,23772.0,23806.75,23765.25,21617
2025-09-09 15:05:00+00:00,23771.5,23772.75,23778.5,23752.0,17037
2025-09-09 15:10:00+00:00,23772.5,23776.25,23785.25,23762.75,10408
2025-09-09 15:15:00+00:00,23776.25,23782.5,23790.25,23776.25,8606
2025-09-09 15:20:00+00:00,23782.75,23779.0,23790.5,23773.0,7211
2025-09-09 15:25:00+00:00,23779.5,23784.25,23787.5,23774.0,6854
2025-09-09 15:30:00+00:00,23783.75,23774.0,23786.25,23770.25,8707
2025-09-09 15:35:00+00:00,23774.25,23770.0,23778.0,23764.0,8776
2025-09-09 15:40:00+00:00,23769.25,23761.0,23771.25,23754.0,9314
2025-09-09 15:45:00+00:00,23761.25,23759.25,23775.75,23758.0,9822
2025-09-09 15:50:00+00:00,23759.75,23805.5,23810.0,23759.5,16403
2025-09-09 15:55:00+00:00,23805.75,23784.75,23812.75,23783.75,14023
2025-09-09 16:00:00+00:00,23784.5,23798.0,23801.75,23781.75,8427
2025-09-09 16:05:00+00:00,23797.5,23806.25,23807.5,23794.75,7225
2025-09-09 16:10:00+00:00,23806.5,23819.75,23821.25,23806.0,10944
2025-09-09 16:15:00+00:00,23819.75,23816.75,23833.75,23815.0,12973
2025-09-09 16:20:00+00:00,23817.5,23812.25,23818.25,23795.5,13262
2025-09-09 16:25:00+00:00,23811.75,23818.0,23821.5,23809.25,7138
2025-09-09 16:30:00+00:00,23818.0,23820.0,23820.5,23811.0,5164
2025-09-09 16:35:00+00:00,23819.75,23818.75,23821.0,23813.75,3672
2025-09-09 16:40:00+00:00,23819.25,23811.5,23822.25,23809.5,5444
2025-09-09 16:45:00+00:00,23811.75,23817.5,23823.5,23807.25,6914
2025-09-09 16:50:00+00:00,23817.0,23810.75,23819.25,23806.0,5350
2025-09-09 16:55:00+00:00,23811.25,23821.25,23829.75,23811.25,7123
2025-09-09 17:00:00+00:00,23821.0,23834.75,23837.5,23821.0,7707
2025-09-09 17:05:00+00:00,23835.25,23843.0,23846.0,23834.5,8359
2025-09-09 17:10:00+00:00,23843.0,23839.0,23855.25,23839.0,11306
2025-09-09 17:15:00+00:00,23839.25,23840.25,23852.25,23839.25,6010
2025-09-09 17:20:00+00:00,23840.25,23849.75,23850.0,23838.25,5393
2025-09-09 17:25:00+00:00,23849.75,23842.0,23854.25,23841.5,6240
2025-09-09 17:30:00+00:00,23842.25,23834.75,23847.5,23832.75,7216
2025-09-09 17:35:00+00:00,23833.75,23837.25,23839.5,23827.0,7387
2025-09-09 17:40:00+00:00,23837.25,23833.25,23838.25,23826.0,5958
2025-09-09 17:45:00+00:00,23833.0,23839.0,23844.25,23831.75,6660
2025-09-09 17:50:00+00:00,23839.0,23842.5,23845.75,23836.5,4162
2025-09-09 17:55:00+00:00,23843.25,23839.5,23846.0,23837.5,3846
2025-09-09 18:00:00+00:00,23839.0,23841.0,23845.0,23836.0,3603
2025-09-09 18:05:00+00:00,23841.75,23846.75,23848.75,23840.75,3588
2025-09-09 18:10:00+00:00,23846.75,23843.0,23849.0,23822.0,13351
2025-09-09 18:15:00+00:00,23842.5,23841.5,23847.0,23834.0,6953
2025-09-09 18:20:00+00:00,23841.25,23840.5,23846.75,23837.5,4146
2025-09-09 18:25:00+00:00,23840.75,23833.5,23841.5,23831.5,4896
2025-09-09 18:30:00+00:00,23833.75,23828.5,23838.5,23827.0,4454
2025-09-09 18:35:00+00:00,23828.5,23824.75,23832.5,23824.5,4771
2025-09-09 18:40:00+00:00,23824.25,23829.0,23834.75,23824.0,4321
2025-09-09 18:45:00+00:00,23829.5,23844.75,23845.5,23829.5,6606
2025-09-09 18:50:00+00:00,23844.75,23846.75,23847.5,23840.5,3286
2025-09-09 18:55:00+00:00,23847.5,23844.0,23848.5,23840.5,4479
2025-09-09 19:00:00+00:00,23844.25,23846.0,23848.0,23838.25,4347
2025-09-09 19:05:00+00:00,23846.0,23840.5,23847.25,23838.25,3693
2025-09-09 19:10:00+00:00,23840.25,23838.5,23842.75,23835.0,4526
2025-09-09 19:15:00+00:00,23838.5,23848.75,23850.0,23838.5,5657
2025-09-09 19:20:00+00:00,23848.25,23855.0,23860.0,23847.0,7700
2025-09-09 19:25:00+00:00,23854.75,23856.5,23861.25,23854.25,5346
2025-09-09 19:30:00+00:00,23856.5,23858.75,23861.0,23848.5,5730
2025-09-09 19:35:00+00:00,23858.75,23848.75,23861.25,23845.5,6465
2025-09-09 19:40:00+00:00,23849.0,23846.0,23849.25,23835.25,8158
2025-09-09 19:45:00+00:00,23845.75,23851.0,23854.75,23844.25,5970
2025-09-09 19:50:00+00:00,23850.75,23870.5,23875.0,23850.5,16230
2025-09-09 19:55:00+00:00,23870.25,23867.25,23887.75,23865.0,22168
2025-09-09 20:00:00+00:00,23867.5,23858.0,23871.5,23853.0,9966
2025-09-09 20:05:00+00:00,23858.0,23862.75,23865.5,23847.75,7458
2025-09-09 20:10:00+00:00,23862.0,23877.0,23880.5,23860.5,5350
2025-09-09 20:15:00+00:00,23877.25,23887.0,23891.0,23870.75,7149
2025-09-09 20:20:00+00:00,23886.75,23891.0,23895.0,23882.75,4866
2025-09-09 20:25:00+00:00,23891.25,23896.75,23902.5,23886.75,3665
2025-09-09 20:30:00+00:00,23897.75,23900.75,23906.0,23892.25,2984
2025-09-09 20:35:00+00:00,23900.0,23904.0,23909.25,23899.0,2997
2025-09-09 20:40:00+00:00,23904.0,23908.75,23918.0,23903.75,3062
2025-09-09 20:45:00+00:00,23908.25,23905.0,23912.0,23899.0,2928
2025-09-09 20:50:00+00:00,23905.25,23890.0,23906.0,23888.0,2155
2025-09-09 20:55:00+00:00,23890.0,23889.0,23891.5,23885.0,1452
2025-09-09 22:00:00+00:00,23900.25,23892.5,23907.5,23891.25,0
2025-09-09 22:05:00+00:00,23892.5,23904.75,23904.75,23890.0,1303
2025-09-09 22:10:00+00:00,23904.25,23907.5,23911.75,23902.75,1380
2025-09-09 22:15:00+00:00,23907.5,23900.5,23910.5,23899.0,954
2025-09-09 22:20:00+00:00,23900.25,23895.0,23901.75,23893.75,757
2025-09-09 22:25:00+00:00,23895.5,23897.5,23900.5,23891.5,1100
2025-09-09 22:30:00+00:00,23896.75,23901.75,23905.25,23896.25,811
2025-09-09 22:35:00+00:00,23901.5,23899.0,23903.25,23893.25,864
2025-09-09 22:40:00+00:00,23898.5,23897.0,23900.0,23895.25,498
2025-09-09 22:45:00+00:00,23897.25,23900.0,23900.0,23894.5,327
2025-09-09 22:50:00+00:00,23900.0,23896.0,23902.25,23894.0,464
2025-09-09 22:55:00+00:00,23896.0,23895.5,23900.25,23895.25,281
2025-09-09 23:00:00+00:00,23896.0,23888.75,23898.25,23887.5,1639
2025-09-09 23:05:00+00:00,23889.25,23894.0,23894.0,23883.75,924
2025-09-09 23:10:00+00:00,23893.75,23892.25,23894.25,23891.0,376
2025-09-09 23:15:00+00:00,23892.0,23889.0,23894.0,23886.25,640
2025-09-09 23:20:00+00:00,23889.0,23882.75,23890.0,23877.0,1488
2025-09-09 23:25:00+00:00,23882.5,23877.25,23882.75,23874.5,983
2025-09-09 23:30:00+00:00,23877.25,23876.25,23880.0,23874.0,917
2025-09-09 23:35:00+00:00,23876.25,23880.5,23881.0,23875.0,658
2025-09-09 23:40:00+00:00,23880.25,23885.0,23886.75,23879.25,1262
2025-09-09 23:45:00+00:00,23885.25,23883.5,23889.0,23880.25,1219
2025-09-09 23:50:00+00:00,23884.0,23888.75,23891.25,23881.5,794
2025-09-09 23:55:00+00:00,23888.75,23885.75,23889.0,23879.25,960
2025-09-10 00:00:00+00:00,23885.5,23883.5,23887.5,23881.0,1037
2025-09-10 00:05:00+00:00,23883.5,23888.75,23892.25,23883.5,961
2025-09-10 00:10:00+00:00,23889.0,23893.75,23896.5,23887.25,1306
2025-09-10 00:15:00+00:00,23893.25,23894.0,23896.5,23889.75,793
2025-09-10 00:20:00+00:00,23894.25,23895.25,23897.25,23893.5,586
2025-09-10 00:25:00+00:00,23895.25,23896.5,23899.0,23895.25,585
2025-09-10 00:30:00+00:00,23895.75,23895.75,23898.75,23895.5,464
2025-09-10 00:35:00+00:00,23896.0,23897.5,23898.75,23894.0,544
2025-09-10 00:40:00+00:00,23897.75,23895.25,23898.5,23889.0,1092
2025-09-10 00:45:00+00:00,23895.5,23887.75,23896.0,23886.0,1046
2025-09-10 00:50:00+00:00,23887.25,23885.0,23892.25,23884.0,857
2025-09-10 00:55:00+00:00,23885.25,23886.0,23886.0,23881.25,772
2025-09-10 01:00:00+00:00,23886.5,23880.75,23891.75,23879.0,1363
2025-09-10 01:05:00+00:00,23881.25,23881.5,23884.75,23878.75,616
2025-09-10 01:10:00+00:00,23881.25,23881.5,23882.0,23877.5,643
2025-09-10 01:15:00+00:00,23881.0,23883.75,23885.0,23879.0,610
2025-09-10 01:20:00+00:00,23883.25,23887.25,23887.5,23879.0,637
2025-09-10 01:25:00+00:00,23887.5,23897.25,23899.0,23886.5,1230
2025-09-10 01:30:00+00:00,23897.25,23903.25,23904.75,23895.75,1959
2025-09-10 01:35:00+00:00,23903.5,23898.75,23904.75,23897.5,968
2025-09-10 01:40:00+00:00,23899.25,23896.5,23899.75,23892.75,1006
2025-09-10 01:45:00+00:00,23896.5,23899.25,23902.5,23895.5,888
2025-09-10 01:50:00+00:00,23898.75,23900.25,23901.0,23896.5,591
2025-09-10 01:55:00+00:00,23900.5,23902.5,23906.75,23899.0,895
2025-09-10 02:00:00+00:00,23902.75,23902.75,23906.5,23900.75,758
2025-09-10 02:05:00+00:00,23902.5,23899.25,23903.0,23897.25,772
2025-09-10 02:10:00+00:00,23899.5,23903.5,23905.25,23899.0,558
2025-09-10 02:15:00+00:00,23902.25,23905.25,23905.5,23897.5,782
2025-09-10 02:20:00+00:00,23904.75,23905.0,23906.0,23901.75,508
2025-09-10 02:25:00+00:00,23904.75,23905.0,23906.75,23901.25,561
2025-09-10 02:30:00+00:00,23905.5,23913.25,23916.5,23903.5,1474
2025-09-10 02:35:00+00:00,23914.0,23907.0,23915.25,23905.0,1071
2025-09-10 02:40:00+00:00,23906.75,23907.25,23909.5,23905.25,622
2025-09-10 02:45:00+00:00,23907.75,23909.75,23910.5,23906.25,419
2025-09-10 02:50:00+00:00,23909.75,23908.0,23911.75,23907.25,456
2025-09-10 02:55:00+00:00,23908.25,23910.75,23913.5,23906.75,518
2025-09-10 03:00:00+00:00,23911.5,23915.25,23916.75,23911.0,593
2025-09-10 03:05:00+00:00,23914.5,23912.25,23915.75,23912.25,352
2025-09-10 03:10:00+00:00,23912.75,23914.5,23915.75,23912.25,348
2025-09-10 03:15:00+00:00,23914.75,23912.75,23916.0,23911.25,457
2025-09-10 03:20:00+00:00,23912.25,23914.0,23915.5,23911.75,366
2025-09-10 03:25:00+00:00,23914.0,23913.0,23915.25,23912.5,258
2025-09-10 03:30:00+00:00,23913.5,23913.75,23916.0,23913.25,427
2025-09-10 03:35:00+00:00,23913.75,23915.5,23915.5,23912.0,286
2025-09-10 03:40:00+00:00,23915.0,23914.5,23919.75,23914.0,813
2025-09-10 03:45:00+00:00,23915.0,23914.25,23915.75,23913.0,369
2025-09-10 03:50:00+00:00,23914.75,23916.5,23918.0,23914.25,249
2025-09-10 03:55:00+00:00,23916.5,23917.25,23917.75,23913.0,262
2025-09-10 04:05:00+00:00,23919.5,23918.5,23919.75,23918.5,1454
2025-09-10 04:10:00+00:00,23918.75,23919.5,23920.0,23917.5,332
2025-09-10 04:15:00+00:00,23919.5,23920.0,23921.25,23919.5,184
2025-09-10 04:20:00+00:00,23920.5,23917.75,23921.75,23916.25,337
2025-09-10 04:25:00+00:00,23917.75,23919.25,23919.5,23917.75,237
2025-09-10 04:30:00+00:00,23918.75,23919.0,23924.5,23918.5,706
2025-09-10 04:35:00+00:00,23919.0,23921.0,23921.0,23916.5,361
2025-09-10 04:40:00+00:00,23920.75,23920.25,23921.0,23918.0,275
2025-09-10 04:45:00+00:00,23920.25,23920.25,23920.75,23917.0,432
2025-09-10 04:50:00+00:00,23920.75,23919.5,23921.25,23918.75,297
2025-09-10 04:55:00+00:00,23920.5,23921.75,23923.0,23920.0,223
2025-09-10 05:00:00+00:00,23921.5,23918.25,23923.0,23917.5,395
2025-09-10 05:05:00+00:00,23918.0,23916.0,23919.0,23915.25,1700
2025-09-10 05:10:00+00:00,23916.25,23917.75,23918.75,23911.5,2909
2025-09-10 05:15:00+00:00,23917.75,23917.0,23920.0,23912.75,1473
2025-09-10 05:20:00+00:00,23916.75,23919.5,23921.25,23916.5,1010
2025-09-10 05:25:00+00:00,23919.5,23920.25,23922.25,23917.25,451
2025-09-10 05:30:00+00:00,23920.0,23915.5,23930.0,23913.75,2511
2025-09-10 05:35:00+00:00,23914.0,23918.0,23918.25,23913.0,434
2025-09-10 05:40:00+00:00,23918.25,23916.5,23919.0,23913.5,451
2025-09-10 05:45:00+00:00,23917.0,23919.0,23919.75,23915.5,341
2025-09-10 05:50:00+00:00,23919.0,23919.0,23920.25,23914.75,402
2025-09-10 05:55:00+00:00,23918.75,23918.75,23920.5,23915.5,295
2025-09-10 06:00:00+00:00,23918.75,23917.0,23920.25,23915.25,501
2025-09-10 06:05:00+00:00,23917.75,23920.5,23921.75,23912.25,1092
2025-09-10 06:10:00+00:00,23921.25,23926.25,23928.25,23915.75,950
2025-09-10 06:15:00+00:00,23926.5,23928.0,23928.75,23921.5,805
2025-09-10 06:20:00+00:00,23928.0,23933.75,23936.0,23927.5,1958
2025-09-10 06:25:00+00:00,23934.5,23936.25,23938.5,23933.0,1331
2025-09-10 06:30:00+00:00,23936.5,23937.5,23942.75,23936.0,1508
2025-09-10 06:35:00+00:00,23937.75,23943.75,23944.75,23937.5,1524
2025-09-10 06:40:00+00:00,23943.5,23946.25,23948.25,23939.75,1491
2025-09-10 06:45:00+00:00,23946.5,23938.0,23946.75,23936.75,1224
2025-09-10 06:50:00+00:00,23938.0,23939.75,23942.75,23931.0,1594
2025-09-10 06:55:00+00:00,23940.25,23943.75,23944.75,23936.0,1113
2025-09-10 07:00:00+00:00,23943.75,23942.25,23945.75,23936.5,1307
2025-09-10 07:05:00+00:00,23942.75,23945.25,23946.0,23940.0,588
2025-09-10 07:10:00+00:00,23945.25,23951.25,23953.75,23944.75,1903
2025-09-10 07:15:00+00:00,23951.25,23942.75,23951.5,23941.0,1387
2025-09-10 07:20:00+00:00,23941.75,23946.75,23947.0,23941.0,742
2025-09-10 07:25:00+00:00,23947.25,23944.25,23948.25,23942.75,658
2025-09-10 07:30:00+00:00,23943.0,23940.25,23946.75,23938.25,827
2025-09-10 07:35:00+00:00,23940.5,23938.25,23942.5,23935.5,868
2025-09-10 07:40:00+00:00,23938.25,23938.5,23944.25,23935.0,1035
2025-09-10 07:45:00+00:00,23939.0,23940.0,23946.25,23936.5,1097
2025-09-10 07:50:00+00:00,23939.75,23942.0,23943.0,23935.5,790
2025-09-10 07:55:00+00:00,23942.25,23938.0,23946.25,23937.0,878
2025-09-10 08:00:00+00:00,23938.25,23929.5,23940.75,23927.25,1813
2025-09-10 08:05:00+00:00,23929.75,23918.75,23930.0,23917.75,2018
2025-09-10 08:10:00+00:00,23918.5,23928.0,23929.75,23917.75,1264
2025-09-10 08:20:00+00:00,23916.0,23917.0,23917.0,23915.0,3323
2025-09-10 08:25:00+00:00,23916.75,23910.0,23920.25,23910.0,1150
2025-09-10 08:30:00+00:00,23910.0,23895.5,23912.0,23892.75,3065
2025-09-10 08:35:00+00:00,23895.75,23899.0,23900.25,23888.5,2225
2025-09-10 08:40:00+00:00,23898.5,23891.5,23899.0,23890.75,941
2025-09-10 08:45:00+00:00,23891.5,23902.25,23904.0,23887.0,2544
2025-09-10 08:50:00+00:00,23902.75,23892.5,23904.75,23892.0,1397
2025-09-10 08:55:00+00:00,23892.25,23895.75,23898.75,23892.25,580
2025-09-10 09:00:00+00:00,23896.25,23889.5,23901.5,23887.5,2497
2025-09-10 09:05:00+00:00,23889.25,23888.75,23895.75,23887.25,1082
2025-09-10 09:10:00+00:00,23889.5,23894.0,23895.0,23885.25,983
2025-09-10 09:15:00+00:00,23893.75,23884.25,23893.75,23881.25,1194
2025-09-10 09:20:00+00:00,23883.5,23888.25,23889.5,23881.0,844
2025-09-10 09:25:00+00:00,23888.5,23888.75,23894.5,23888.5,913
2025-09-10 09:30:00+00:00,23889.0,23889.0,23894.5,23885.75,775
2025-09-10 09:35:00+00:00,23889.25,23894.0,23896.75,23889.25,1064
2025-09-10 09:40:00+00:00,23893.25,23900.5,23901.75,23891.25,1163
2025-09-10 09:45:00+00:00,23900.5,23907.25,23907.25,23900.5,1491
2025-09-10 09:50:00+00:00,23907.25,23907.5,23910.5,23905.0,1341
2025-09-10 09:55:00+00:00,23907.5,23908.75,23909.75,23905.5,769
2025-09-10 10:00:00+00:00,23909.0,23907.75,23909.25,23903.25,958
2025-09-10 10:05:00+00:00,23907.5,23910.5,23910.75,23905.5,604
2025-09-10 10:10:00+00:00,23910.5,23913.75,23915.5,23910.25,1400
2025-09-10 10:15:00+00:00,23914.0,23912.25,23914.5,23905.25,1052
2025-09-10 10:20:00+00:00,23911.75,23916.5,23917.0,23907.5,1111
2025-09-10 10:25:00+00:00,23916.75,23919.5,23920.25,23915.75,1304
2025-09-10 10:30:00+00:00,23919.75,23918.5,23924.5,23916.75,1452
2025-09-10 10:35:00+00:00,23918.5,23923.25,23926.5,23917.5,1042
2025-09-10 10:40:00+00:00,23923.25,23925.25,23926.5,23919.75,760
2025-09-10 10:45:00+00:00,23925.25,23921.5,23926.25,23920.5,920
2025-09-10 10:50:00+00:00,23921.75,23925.0,23926.0,23921.75,567
2025-09-10 10:55:00+00:00,23925.0,23924.5,23927.5,23921.5,886
2025-09-10 11:00:00+00:00,23924.75,23926.0,23928.75,23921.75,1193
2025-09-10 11:05:00+00:00,23926.0,23927.0,23927.75,23925.0,718
2025-09-10 11:10:00+00:00,23927.0,23928.0,23930.0,23923.5,925
2025-09-10 11:15:00+00:00,23928.0,23930.0,23931.0,23922.5,1569
2025-09-10 11:20:00+00:00,23930.25,23926.5,23935.5,23925.5,1720
2025-09-10 11:25:00+00:00,23926.75,23927.75,23929.75,23923.25,1152
2025-09-10 11:30:00+00:00,23927.75,23935.25,23937.25,23927.25,1561
2025-09-10 11:35:00+00:00,23935.75,23944.75,23947.5,23934.75,2788
2025-09-10 11:40:00+00:00,23945.0,23954.25,23955.0,23944.25,2420
2025-09-10 11:45:00+00:00,23954.5,23952.25,23957.5,23950.5,2113
2025-09-10 11:50:00+00:00,23952.5,23950.75,23954.75,23948.25,1372
2025-09-10 11:55:00+00:00,23950.5,23949.0,23954.0,23947.25,1059
2025-09-10 12:00:00+00:00,23948.5,23962.75,23962.75,23942.0,3936
2025-09-10 12:05:00+00:00,23962.5,23959.25,23964.75,23952.0,2393
2025-09-10 12:10:00+00:00,23959.5,23948.5,23959.75,23947.25,1408
2025-09-10 12:15:00+00:00,23948.25,23949.5,23950.75,23941.5,2134
2025-09-10 12:20:00+00:00,23949.0,23938.0,23950.5,23938.0,1473
2025-09-10 12:25:00+00:00,23938.0,23945.25,23945.25,23934.25,2411
2025-09-10 12:30:00+00:00,23940.0,24021.0,24041.0,23930.0,21793
2025-09-10 12:35:00+00:00,24020.5,24002.75,24024.25,23991.75,9616
2025-09-10 12:40:00+00:00,24002.75,24010.5,24010.75,23996.25,5415
2025-09-10 12:45:00+00:00,24010.75,24002.0,24014.25,23996.75,5668
2025-09-10 12:50:00+00:00,24002.0,23999.25,24007.25,23995.0,4872
2025-09-10 12:55:00+00:00,23999.25,24004.25,24006.75,23997.0,2660
2025-09-10 13:00:00+00:00,24004.25,23985.0,24005.75,23977.75,6689
2025-09-10 13:05:00+00:00,23984.75,23989.0,23991.5,23979.0,3202
2025-09-10 13:10:00+00:00,23989.0,23998.75,24002.0,23985.5,4537
2025-09-10 13:15:00+00:00,23998.5,24008.0,24010.0,23996.75,4947
2025-09-10 13:20:00+00:00,24007.5,24007.75,24013.0,24004.0,3549
2025-09-10 13:25:00+00:00,24008.0,23998.0,24015.0,23996.0,7332
2025-09-10 13:30:00+00:00,23998.5,23962.75,24000.75,23932.0,45633
2025-09-10 13:35:00+00:00,23962.0,23940.25,23975.75,23926.25,32820
2025-09-10 13:40:00+00:00,23940.75,23931.0,23952.0,23918.0,26615
2025-09-10 13:45:00+00:00,23930.75,23944.5,23945.5,23912.0,31916
2025-09-10 13:50:00+00:00,23944.5,23916.0,23955.5,23894.25,37507
2025-09-10 13:55:00+00:00,23915.75,23930.5,23936.0,23905.25,19980
2025-09-10 14:00:00+00:00,23930.5,23962.5,23970.0,23923.75,29040
2025-09-10 14:05:00+00:00,23963.0,23954.25,23976.75,23945.25,22728
2025-09-10 14:10:00+00:00,23953.75,23958.5,23972.5,23946.25,19265
2025-09-10 14:15:00+00:00,23958.5,23970.25,23976.5,23949.0,18106
2025-09-10 14:20:00+00:00,23969.75,23982.5,23984.0,23960.75,17535
2025-09-10 14:25:00+00:00,23982.25,23964.5,23986.75,23960.0,15390
2025-09-10 14:30:00+00:00,23963.5,23969.25,23981.75,23960.75,14869
2025-09-10 14:35:00+00:00,23969.25,23971.25,23982.25,23955.5,15493
2025-09-10 14:40:00+00:00,23971.25,23977.25,23981.5,23962.5,12105
2025-09-10 14:45:00+00:00,23976.5,23977.75,23990.75,23972.0,13551
2025-09-10 14:50:00+00:00,23978.0,23969.75,23987.25,23959.0,14358
2025-09-10 14:55:00+00:00,23969.5,23967.0,23983.5,23958.25,13423
2025-09-10 15:00:00+00:00,23966.75,23971.0,23979.0,23960.0,10023
2025-09-10 15:05:00+00:00,23970.75,23967.5,23975.5,23956.25,10964
2025-09-10 15:10:00+00:00,23967.5,23969.25,23978.5,23966.25,9054
2025-09-10 15:15:00+00:00,23968.75,23938.5,23970.0,23936.0,20125
2025-09-10 15:20:00+00:00,23938.25,23935.0,23941.5,23926.0,16659
2025-09-10 15:25:00+00:00,23934.25,23942.5,23949.0,23920.75,15876
2025-09-10 15:30:00+00:00,23943.5,23933.25,23947.25,23923.25,12658
2025-09-10 15:35:00+00:00,23933.25,23948.5,23953.0,23927.75,11357
2025-09-10 15:40:00+00:00,23948.5,23955.25,23956.5,23944.0,8709
2025-09-10 15:45:00+00:00,23955.0,23960.0,23961.5,23946.5,10708
2025-09-10 15:50:00+00:00,23960.25,23968.0,23969.25,23958.0,8821
2025-09-10 15:55:00+00:00,23968.0,23949.75,23968.25,23949.5,7204
2025-09-10 16:00:00+00:00,23950.0,23932.25,23950.75,23928.0,13488
2025-09-10 16:05:00+00:00,23932.0,23932.25,23938.0,23923.5,9258
2025-09-10 16:10:00+00:00,23932.25,23932.75,23941.75,23930.5,7916
2025-09-10 16:15:00+00:00,23932.75,23919.25,23941.25,23918.25,10508
2025-09-10 16:20:00+00:00,23919.75,23920.5,23923.5,23904.25,14578
2025-09-10 16:25:00+00:00,23920.25,23917.25,23925.5,23914.0,7223
2025-09-10 16:30:00+00:00,23917.0,23924.75,23926.75,23916.75,5874
2025-09-10 16:35:00+00:00,23924.5,23913.75,23926.5,23911.0,5604
2025-09-10 16:40:00+00:00,23914.0,23902.25,23918.0,23900.75,10717
2025-09-10 16:45:00+00:00,23902.5,23901.0,23910.25,23897.0,9032
2025-09-10 16:50:00+00:00,23901.0,23911.0,23915.0,23898.0,7467
2025-09-10 16:55:00+00:00,23911.5,23924.0,23927.25,23911.5,9037
2025-09-10 17:00:00+00:00,23924.0,23928.5,23940.5,23920.0,11464
2025-09-10 17:05:00+00:00,23928.75,23930.5,23932.75,23920.0,7297
2025-09-10 17:10:00+00:00,23930.75,23924.5,23932.25,23923.0,4545
2025-09-10 17:15:00+00:00,23924.5,23911.75,23926.25,23908.5,7515
2025-09-10 17:20:00+00:00,23912.0,23897.75,23916.75,23889.25,13697
2025-09-10 17:25:00+00:00,23897.25,23884.25,23897.5,23875.5,13941
2025-09-10 17:30:00+00:00,23884.25,23896.25,23898.0,23877.5,10180
2025-09-10 17:35:00+00:00,23896.25,23891.25,23906.25,23888.5,10224
2025-09-10 17:40:00+00:00,23890.75,23899.5,23907.25,23887.75,8373
2025-09-10 17:45:00+00:00,23899.25,23902.5,23905.5,23893.25,6049
2025-09-10 17:50:00+00:00,23903.0,23891.5,23909.75,23881.5,10536
2025-09-10 17:55:00+00:00,23891.5,23898.0,23898.75,23881.5,7913
2025-09-10 18:00:00+00:00,23897.5,23892.75,23899.75,23890.25,5242
2025-09-10 18:05:00+00:00,23892.25,23882.0,23892.25,23880.25,6596
2025-09-10 18:10:00+00:00,23882.25,23887.75,23890.25,23877.0,6336
2025-09-10 18:15:00+00:00,23888.0,23861.75,23888.25,23857.25,12589
2025-09-10 18:20:00+00:00,23861.25,23862.75,23871.25,23856.0,10996
2025-09-10 18:25:00+00:00,23863.25,23857.5,23865.25,23845.5,13461
2025-09-10 18:30:00+00:00,23858.0,23878.0,23879.0,23854.5,10224
2025-09-10 18:35:00+00:00,23877.75,23866.5,23880.0,23858.25,9543
2025-09-10 18:40:00+00:00,23867.25,23861.0,23877.0,23860.5,6008
2025-09-10 18:45:00+00:00,23861.0,23848.25,23867.25,23840.5,11174
2025-09-10 18:50:00+00:00,23848.0,23844.75,23848.5,23835.75,9329
2025-09-10 18:55:00+00:00,23845.5,23862.5,23867.75,23843.75,10691
2025-09-10 19:00:00+00:00,23862.25,23842.0,23866.5,23838.75,9510
2025-09-10 19:05:00+00:00,23842.0,23829.25,23850.25,23824.25,12634
2025-09-10 19:10:00+00:00,23828.75,23806.75,23833.75,23805.0,14287
2025-09-10 19:15:00+00:00,23807.25,23819.25,23823.25,23801.25,13638
2025-09-10 19:20:00+00:00,23819.25,23805.0,23819.25,23785.0,16596
2025-09-10 19:25:00+00:00,23805.25,23810.0,23815.5,23801.25,8664
2025-09-10 19:30:00+00:00,23810.5,23830.0,23839.75,23809.5,14833
2025-09-10 19:35:00+00:00,23830.0,23814.5,23840.5,23812.0,9600
2025-09-10 19:40:00+00:00,23814.75,23863.0,23863.75,23808.25,15937
2025-09-10 19:45:00+00:00,23863.0,23863.0,23867.75,23852.25,12124
2025-09-10 19:50:00+00:00,23863.5,23869.5,23882.5,23863.5,16114
2025-09-10 19:55:00+00:00,23870.0,23874.0,23892.75,23869.25,18630
2025-09-10 20:00:00+00:00,23873.75,23880.75,23885.5,23866.25,9443
2025-09-10 20:05:00+00:00,23880.75,23878.5,23881.5,23872.75,3084
2025-09-10 20:10:00+00:00,23878.5,23871.0,23879.0,23870.0,2207
2025-09-10 20:15:00+00:00,23871.25,23869.75,23876.0,23867.0,2233
2025-09-10 20:20:00+00:00,23870.0,23868.75,23870.5,23865.0,1421
2025-09-10 20:25:00+00:00,23868.5,23874.5,23875.5,23868.5,1218
2025-09-10 20:30:00+00:00,23873.75,23871.0,23875.0,23869.25,1016
2025-09-10 20:35:00+00:00,23871.25,23870.5,23874.0,23869.5,780
2025-09-10 20:40:00+00:00,23871.25,23867.75,23871.25,23866.5,1198
2025-09-10 20:45:00+00:00,23867.75,23857.75,23868.0,23857.5,1365
2025-09-10 20:50:00+00:00,23858.0,23859.5,23863.5,23857.5,1044
2025-09-10 20:55:00+00:00,23859.25,23859.0,23863.0,23856.75,1049
2025-09-10 22:00:00+00:00,23856.75,23875.0,23878.5,23851.5,0
2025-09-10 22:05:00+00:00,23875.0,23871.0,23879.25,23870.0,1263
2025-09-10 22:10:00+00:00,23871.75,23871.25,23880.0,23869.25,863
2025-09-10 22:15:00+00:00,23872.0,23873.5,23874.25,23867.75,723
2025-09-10 22:20:00+00:00,23873.75,23871.5,23879.0,23869.75,770
2025-09-10 22:25:00+00:00,23871.75,23873.75,23876.0,23869.75,440
2025-09-10 22:30:00+00:00,23874.0,23877.5,23879.0,23874.0,685
2025-09-10 22:35:00+00:00,23878.0,23878.75,23880.0,23876.5,635
2025-09-10 22:40:00+00:00,23879.0,23886.25,23887.0,23878.75,1477
2025-09-10 22:45:00+00:00,23886.5,23898.75,23899.0,23886.0,1888
2025-09-10 22:50:00+00:00,23898.5,23892.5,23899.5,23890.25,1235
2025-09-10 22:55:00+00:00,23892.75,23897.25,23908.5,23892.5,2741
2025-09-10 23:00:00+00:00,23897.25,23897.25,23899.0,23892.0,1250
2025-09-10 23:05:00+00:00,23897.5,23908.5,23909.75,23896.75,1523
2025-09-10 23:10:00+00:00,23908.0,23902.25,23909.75,23900.0,1233
2025-09-10 23:15:00+00:00,23902.75,23905.25,23913.5,23901.25,1730
2025-09-10 23:20:00+00:00,23906.0,23904.5,23908.5,23903.75,630
2025-09-10 23:25:00+00:00,23904.75,23901.0,23906.0,23898.25,820
2025-09-10 23:30:00+00:00,23901.25,23901.5,23903.5,23898.75,648
2025-09-10 23:35:00+00:00,23901.5,23901.0,23904.25,23900.5,412
2025-09-10 23:40:00+00:00,23901.25,23898.25,23901.25,23893.5,1072
2025-09-10 23:45:00+00:00,23898.0,23896.0,23899.5,23893.75,456
2025-09-10 23:50:00+00:00,23897.25,23897.5,23899.0,23892.25,786
2025-09-10 23:55:00+00:00,23896.75,23900.75,23901.5,23895.0,457
2025-09-11 00:00:00+00:00,23900.5,23895.0,23905.75,23892.25,1781
2025-09-11 00:05:00+00:00,23895.25,23887.25,23897.75,23887.25,1378
2025-09-11 00:10:00+00:00,23887.75,23883.0,23892.0,23882.0,1280
2025-09-11 00:15:00+00:00,23883.75,23877.0,23883.75,23870.75,2207
2025-09-11 00:20:00+00:00,23877.25,23885.5,23889.25,23876.0,1495
2025-09-11 00:25:00+00:00,23884.25,23884.75,23892.0,23884.0,1226
2025-09-11 00:30:00+00:00,23884.5,23894.0,23897.75,23881.5,1224
2025-09-11 00:35:00+00:00,23893.25,23899.25,23900.0,23890.75,859
2025-09-11 00:40:00+00:00,23899.25,23901.5,23902.0,23895.25,857
2025-09-11 00:45:00+00:00,23900.75,23908.0,23908.25,23899.0,1320
2025-09-11 00:50:00+00:00,23908.25,23902.25,23912.75,23900.0,1262
2025-09-11 00:55:00+00:00,23902.5,23904.75,23907.25,23900.25,738
2025-09-11 01:00:00+00:00,23904.5,23905.75,23908.75,23898.75,1225
2025-09-11 01:05:00+00:00,23906.25,23909.25,23909.75,23904.75,817
2025-09-11 01:10:00+00:00,23909.5,23906.5,23911.75,23905.0,807
2025-09-11 01:15:00+00:00,23906.75,23907.25,23909.0,23902.75,701
2025-09-11 01:20:00+00:00,23907.25,23904.0,23910.0,23902.0,724
2025-09-11 01:25:00+00:00,23904.25,23911.5,23913.25,23904.0,984
2025-09-11 01:30:00+00:00,23910.75,23913.75,23915.75,23909.25,1305
2025-09-11 01:35:00+00:00,23913.25,23907.25,23916.75,23905.75,901
2025-09-11 01:40:00+00:00,23907.5,23911.75,23914.75,23907.5,649
2025-09-11 01:45:00+00:00,23911.5,23905.75,23912.0,23904.0,894
2025-09-11 01:50:00+00:00,23905.25,23909.5,23910.75,23902.75,944
2025-09-11 01:55:00+00:00,23909.5,23907.5,23910.25,23904.0,596
2025-09-11 02:00:00+00:00,23907.25,23902.75,23909.25,23902.75,550
2025-09-11 02:05:00+00:00,23902.75,23901.75,23905.0,23900.0,651
2025-09-11 02:10:00+00:00,23902.25,23904.75,23907.25,23901.75,621
2025-09-11 02:15:00+00:00,23905.0,23903.5,23905.25,23900.75,440
2025-09-11 02:20:00+00:00,23903.75,23904.25,23907.5,23902.25,577
2025-09-11 02:25:00+00:00,23904.75,23910.75,23912.25,23904.75,850
2025-09-11 02:30:00+00:00,23910.75,23915.0,23916.5,23910.0,771
2025-09-11 02:35:00+00:00,23915.0,23910.75,23915.5,23906.75,636
2025-09-11 02:40:00+00:00,23911.0,23907.25,23912.75,23905.75,407
2025-09-11 02:45:00+00:00,23907.25,23904.0,23908.5,23900.5,700
2025-09-11 02:50:00+00:00,23903.5,23903.0,23905.25,23901.25,422
2025-09-11 02:55:00+00:00,23903.5,23907.25,23910.0,23903.5,573
2025-09-11 03:00:00+00:00,23907.5,23909.0,23911.0,23904.75,393
2025-09-11 03:05:00+00:00,23909.5,23908.75,23910.5,23906.0,275
2025-09-11 03:10:00+00:00,23909.0,23908.5,23909.75,23906.5,252
2025-09-11 03:15:00+00:00,23908.75,23910.75,23912.0,23908.25,278
2025-09-11 03:20:00+00:00,23910.0,23911.75,23912.0,23909.75,157
2025-09-11 03:25:00+00:00,23911.5,23913.5,23915.0,23910.25,371
2025-09-11 03:30:00+00:00,23913.5,23910.75,23914.0,23908.75,432
2025-09-11 03:35:00+00:00,23910.75,23914.25,23916.75,23910.25,471
2025-09-11 03:40:00+00:00,23914.75,23914.5,23916.75,23913.25,372
2025-09-11 03:45:00+00:00,23914.5,23916.25,23918.0,23911.25,580
2025-09-11 03:50:00+00:00,23916.0,23917.25,23919.0,23915.25,434
2025-09-11 03:55:00+00:00,23917.25,23912.75,23918.75,23910.25,505
2025-09-11 04:05:00+00:00,23914.25,23913.25,23915.5,23912.5,939
2025-09-11 04:10:00+00:00,23913.0,23908.75,23913.25,23907.5,507
2025-09-11 04:15:00+00:00,23908.25,23899.0,23909.0,23896.75,1504
2025-09-11 04:20:00+00:00,23898.5,23888.0,23900.5,23885.0,1601
2025-09-11 04:25:00+00:00,23888.0,23887.5,23890.75,23882.0,1325
2025-09-11 04:30:00+00:00,23887.5,23883.0,23889.5,23880.25,1137
2025-09-11 04:35:00+00:00,23883.0,23883.75,23886.5,23880.25,783
2025-09-11 04:40:00+00:00,23884.75,23882.5,23884.75,23879.75,623
2025-09-11 04:45:00+00:00,23882.75,23880.75,23884.5,23880.0,673
2025-09-11 04:50:00+00:00,23880.5,23879.75,23885.0,23878.0,941
2025-09-11 04:55:00+00:00,23880.75,23879.0,23882.75,23879.0,436
2025-09-11 05:00:00+00:00,23880.0,23878.5,23884.5,23877.0,976
2025-09-11 05:05:00+00:00,23878.5,23884.75,23888.0,23878.25,953
2025-09-11 05:10:00+00:00,23884.75,23873.75,23884.75,23872.25,1282
2025-09-11 05:15:00+00:00,23873.5,23882.5,23884.25,23871.5,1343
2025-09-11 05:20:00+00:00,23882.5,23888.25,23888.75,23877.25,952
2025-09-11 05:25:00+00:00,23887.5,23889.25,23893.75,23887.0,1105
2025-09-11 05:30:00+00:00,23889.5,23891.75,23892.0,23884.5,863
2025-09-11 05:35:00+00:00,23892.25,23893.25,23894.5,23886.0,868
2025-09-11 05:40:00+00:00,23893.0,23894.0,23896.25,23892.25,571
2025-09-11 05:45:00+00:00,23894.5,23890.5,23894.75,23887.5,728
2025-09-11 05:50:00+00:00,23891.5,23888.25,23892.5,23883.75,738
2025-09-11 05:55:00+00:00,23887.75,23885.5,23888.25,23882.25,807
2025-09-11 06:00:00+00:00,23884.75,23884.25,23886.75,23878.25,1142
2025-09-11 06:05:00+00:00,23883.5,23891.75,23892.75,23883.5,1339
2025-09-11 06:10:00+00:00,23891.75,23894.0,23895.5,23889.0,723
2025-09-11 06:15:00+00:00,23894.75,23894.75,23898.75,23891.0,1144
2025-09-11 06:20:00+00:00,23894.5,23901.5,23903.0,23894.25,900
2025-09-11 06:25:00+00:00,23902.0,23905.5,23907.5,23901.75,1179
2025-09-11 06:30:00+00:00,23904.75,23912.25,23922.0,23904.0,2610
2025-09-11 06:35:00+00:00,23912.0,23918.25,23923.25,23911.75,1267
2025-09-11 06:40:00+00:00,23918.25,23915.0,23920.25,23913.0,950
2025-09-11 06:45:00+00:00,23915.0,23915.5,23919.5,23914.5,854
2025-09-11 06:50:00+00:00,23915.5,23915.25,23917.75,23913.75,437
2025-09-11 06:55:00+00:00,23914.75,23917.75,23919.25,23911.75,801
2025-09-11 07:00:00+00:00,23918.25,23912.25,23922.0,23909.25,1498
2025-09-11 07:05:00+00:00,23912.75,23908.0,23919.75,23906.25,1317
2025-09-11 07:10:00+00:00,23908.75,23917.0,23917.5,23907.25,1058
2025-09-11 07:15:00+00:00,23917.0,23913.75,23919.75,23909.0,943
2025-09-11 07:20:00+00:00,23913.5,23922.75,23924.75,23912.0,1176
2025-09-11 07:25:00+00:00,23922.25,23911.25,23922.75,23910.75,1258
2025-09-11 07:30:00+00:00,23911.25,23914.25,23916.25,23909.0,699
2025-09-11 07:35:00+00:00,23914.5,23923.0,23924.0,23914.25,897
2025-09-11 07:40:00+00:00,23923.5,23920.75,23929.0,23920.25,1383
2025-09-11 07:45:00+00:00,23921.0,23929.0,23930.0,23918.25,989
2025-09-11 07:50:00+00:00,23929.5,23932.75,23934.0,23927.25,1116
2025-09-11 07:55:00+00:00,23933.0,23930.75,23935.25,23928.75,1043
2025-09-11 08:00:00+00:00,23931.0,23933.25,23938.0,23927.0,1816
2025-09-11 08:05:00+00:00,23933.75,23931.75,23935.0,23928.75,910
2025-09-11 08:10:00+00:00,23931.5,23939.25,23939.75,23931.0,917
2025-09-11 08:15:00+00:00,23938.75,23933.0,23942.0,23931.0,1302
2025-09-11 08:20:00+00:00,23932.75,23929.75,23937.75,23927.5,879
2025-09-11 08:25:00+00:00,23929.5,23924.75,23930.75,23922.75,983
2025-09-11 08:30:00+00:00,23925.0,23922.0,23928.25,23920.75,922
2025-09-11 08:35:00+00:00,23921.75,23921.5,23923.5,23917.25,977
2025-09-11 08:40:00+00:00,23921.5,23925.0,23926.0,23917.5,818
2025-09-11 08:45:00+00:00,23924.5,23923.0,23927.0,23922.25,522
2025-09-11 08:50:00+00:00,23923.0,23924.5,23925.0,23920.25,411
2025-09-11 08:55:00+00:00,23924.5,23922.25,23925.25,23921.5,378
2025-09-11 09:00:00+00:00,23922.5,23923.5,23927.25,23922.5,530
2025-09-11 09:05:00+00:00,23923.5,23926.0,23928.25,23922.5,601
2025-09-11 09:10:00+00:00,23926.0,23925.5,23928.0,23920.0,626
2025-09-11 09:15:00+00:00,23925.75,23928.25,23929.5,23925.0,597
2025-09-11 09:20:00+00:00,23928.5,23926.0,23929.75,23923.25,487
2025-09-11 09:25:00+00:00,23926.25,23925.5,23927.5,23922.5,432
2025-09-11 09:30:00+00:00,23924.75,23922.5,23925.25,23922.0,455
2025-09-11 09:35:00+00:00,23922.0,23917.0,23923.25,23914.0,1041
2025-09-11 09:40:00+00:00,23917.25,23914.0,23918.5,23912.75,716
2025-09-11 09:45:00+00:00,23914.0,23913.25,23915.75,23907.75,1238
2025-09-11 09:50:00+00:00,23912.25,23919.25,23920.5,23911.75,862
2025-09-11 09:55:00+00:00,23919.0,23920.25,23921.75,23918.0,764
2025-09-11 10:00:00+00:00,23920.0,23927.25,23928.0,23918.25,1194
2025-09-11 10:05:00+00:00,23927.25,23931.75,23933.5,23924.0,1311
2025-09-11 10:10:00+00:00,23931.5,23933.25,23934.75,23930.0,370
2025-09-11 10:20:00+00:00,23938.19921875,23935.25,23939.25,23935.25,1732
2025-09-11 10:25:00+00:00,23935.75,23937.5,23938.0,23933.25,814
2025-09-11 10:30:00+00:00,23937.75,23938.25,23941.5,23935.75,999
2025-09-11 10:35:00+00:00,23938.5,23941.25,23941.75,23935.0,536
2025-09-11 10:40:00+00:00,23941.75,23941.25,23946.75,23938.5,1648
2025-09-11 10:45:00+00:00,23941.25,23944.0,23945.25,23938.5,821
2025-09-11 10:50:00+00:00,23944.0,23947.5,23948.5,23943.75,967
2025-09-11 10:55:00+00:00,23948.0,23945.5,23950.0,23945.25,935
2025-09-11 11:00:00+00:00,23946.0,23947.0,23950.25,23944.0,1182
2025-09-11 11:05:00+00:00,23947.5,23945.75,23948.5,23943.5,691
2025-09-11 11:10:00+00:00,23945.5,23944.5,23946.0,23943.0,516
2025-09-11 11:15:00+00:00,23944.25,23942.25,23945.75,23940.25,821
2025-09-11 11:20:00+00:00,23942.5,23940.5,23945.5,23940.0,804
2025-09-11 11:25:00+00:00,23940.25,23943.0,23945.5,23939.0,717
2025-09-11 11:30:00+00:00,23943.0,23944.25,23945.0,23939.75,891
2025-09-11 11:35:00+00:00,23944.75,23946.5,23948.5,23941.75,1113
2025-09-11 11:40:00+00:00,23946.5,23949.0,23952.5,23945.75,1261
2025-09-11 11:45:00+00:00,23949.0,23954.0,23956.0,23946.75,1556
2025-09-11 11:50:00+00:00,23953.75,23947.25,23954.25,23944.0,1386
2025-09-11 11:55:00+00:00,23947.75,23945.75,23950.25,23945.75,1063
2025-09-11 12:00:00+00:00,23946.0,23946.25,23952.0,23943.25,1231
2025-09-11 12:05:00+00:00,23946.75,23944.75,23951.25,23939.25,1719
2025-09-11 12:10:00+00:00,23944.25,23944.25,23947.5,23939.5,1115
2025-09-11 12:15:00+00:00,23944.75,23943.5,23950.25,23939.25,2124
2025-09-11 12:20:00+00:00,23943.0,23942.25,23957.75,23940.5,3134
2025-09-11 12:25:00+00:00,23942.75,23956.75,23967.0,23931.5,4871
2025-09-11 12:30:00+00:00,23958.5,23882.75,23976.0,23845.0,27837
2025-09-11 12:35:00+00:00,23882.75,23898.5,23914.25,23881.25,10861
2025-09-11 12:40:00+00:00,23898.25,23924.75,23925.0,23897.5,9411
2025-09-11 12:45:00+00:00,23924.5,23931.75,23947.5,23915.0,14114
2025-09-11 12:50:00+00:00,23932.0,23949.5,23959.0,23928.25,10621
2025-09-11 12:55:00+00:00,23949.25,23959.5,23961.25,23939.5,7213
2025-09-11 13:00:00+00:00,23959.25,23954.0,23965.0,23952.25,6890
2025-09-11 13:05:00+00:00,23953.5,23950.0,23955.5,23941.0,6248
2025-09-11 13:10:00+00:00,23950.75,23949.5,23954.75,23940.0,4080
2025-09-11 13:15:00+00:00,23949.25,23951.0,23953.5,23939.0,4022
2025-09-11 13:20:00+00:00,23951.75,23954.75,23961.25,23950.75,3643
2025-09-11 13:25:00+00:00,23954.25,23977.0,23978.25,23952.5,9198
2025-09-11 13:30:00+00:00,23977.0,23985.0,23997.75,23967.5,36060
2025-09-11 13:35:00+00:00,23985.25,23934.75,23987.25,23926.75,35207
2025-09-11 13:40:00+00:00,23935.25,23924.75,23946.0,23911.5,28910
2025-09-11 13:45:00+00:00,23925.0,23950.5,23965.5,23909.75,32463
2025-09-11 13:50:00+00:00,23950.0,23970.75,23978.25,23940.0,26733
2025-09-11 13:55:00+00:00,23970.75,23979.25,23988.0,23960.0,21756
2025-09-11 14:00:00+00:00,23978.75,23980.75,23983.25,23961.5,17876
2025-09-11 14:05:00+00:00,23980.5,23986.25,24003.25,23977.25,22584
2025-09-11 14:10:00+00:00,23986.5,23959.0,23991.5,23954.75,25355
2025-09-11 14:15:00+00:00,23959.5,23952.75,23979.75,23948.25,22331
2025-09-11 14:20:00+00:00,23952.5,23968.75,23969.5,23946.75,14942
2025-09-11 14:25:00+00:00,23968.5,23965.75,23971.5,23951.0,12926
2025-09-11 14:30:00+00:00,23965.25,23998.0,23999.25,23961.5,18010
2025-09-11 14:35:00+00:00,23997.75,24011.75,24012.75,23996.25,18570
2025-09-11 14:40:00+00:00,24012.25,24014.25,24018.0,24006.0,13413
2025-09-11 14:45:00+00:00,24014.25,24006.5,24022.0,23996.5,16523
2025-09-11 14:50:00+00:00,24006.5,23991.25,24009.75,23975.5,20975
2025-09-11 14:55:00+00:00,23991.25,24003.75,24005.25,23975.25,15626
2025-09-11 15:00:00+00:00,24003.5,24006.25,24012.25,24001.25,10330
2025-09-11 15:05:00+00:00,24006.25,24006.5,24017.75,24000.25,11018
2025-09-11 15:10:00+00:00,24007.0,24016.75,24019.0,24005.5,8135
2025-09-11 15:15:00+00:00,24016.5,24039.75,24048.75,24013.5,24576
2025-09-11 15:20:00+00:00,24040.0,24028.5,24044.0,24025.5,14293
2025-09-11 15:25:00+00:00,24029.25,24038.0,24039.5,24024.5,9026
2025-09-11 15:30:00+00:00,24037.75,24037.25,24045.75,24035.0,9380
2025-09-11 15:35:00+00:00,24037.5,24024.25,24039.0,24022.75,9695
2025-09-11 15:40:00+00:00,24024.0,24019.0,24028.5,24018.5,8075
2025-09-11 15:45:00+00:00,24019.25,24011.75,24024.0,24003.0,12810
2025-09-11 15:50:00+00:00,24011.5,24026.75,24029.5,24010.5,10521
2025-09-11 15:55:00+00:00,24026.25,24024.25,24030.0,24021.75,4789
2025-09-11 16:00:00+00:00,24024.0,24041.25,24043.5,24021.25,10136
2025-09-11 16:05:00+00:00,24041.5,24037.0,24042.5,24033.0,5735
2025-09-11 16:10:00+00:00,24037.0,24033.5,24040.5,24032.25,4060
2025-09-11 16:15:00+00:00,24033.75,24037.75,24038.75,24025.0,7107
2025-09-11 16:20:00+00:00,24037.0,24032.0,24041.75,24030.0,6203
2025-09-11 16:25:00+00:00,24032.5,24024.5,24037.5,24022.75,5100
2025-09-11 16:30:00+00:00,24024.75,24025.25,24033.25,24022.5,5986
2025-09-11 16:35:00+00:00,24025.0,24017.0,24026.5,24016.25,5912
2025-09-11 16:40:00+00:00,24016.5,24014.75,24019.0,24006.25,8344
2025-09-11 16:45:00+00:00,24014.5,24016.5,24017.75,24007.25,5743
2025-09-11 16:50:00+00:00,24016.25,24008.25,24016.25,23994.75,10158
2025-09-11 16:55:00+00:00,24008.0,24008.5,24017.25,24002.25,8109
2025-09-11 17:00:00+00:00,24009.0,24001.5,24011.25,23998.25,6212
2025-09-11 17:05:00+00:00,24001.25,24012.75,24013.75,23997.25,7077
2025-09-11 17:10:00+00:00,24012.5,24024.75,24026.25,24011.0,9337
2025-09-11 17:15:00+00:00,24024.5,24016.75,24027.5,24012.0,7722
2025-09-11 17:20:00+00:00,24016.0,24025.0,24027.0,24013.75,5638
2025-09-11 17:25:00+00:00,24024.75,24014.0,24030.25,24012.25,7866
2025-09-11 17:30:00+00:00,24014.0,24026.5,24030.0,24013.5,6154
2025-09-11 17:35:00+00:00,24026.75,24024.0,24030.5,24020.25,4395
2025-09-11 17:40:00+00:00,24024.25,24029.5,24034.5,24021.0,7064
2025-09-11 17:45:00+00:00,24029.75,24009.75,24032.0,24006.25,8337
2025-09-11 17:50:00+00:00,24010.0,24024.25,24024.75,24003.5,7884
2025-09-11 17:55:00+00:00,24023.75,24032.5,24033.0,24018.0,6011
2025-09-11 18:00:00+00:00,24033.0,24026.25,24035.75,24023.25,6476
2025-09-11 18:05:00+00:00,24026.5,24029.25,24032.75,24024.5,4453
2025-09-11 18:10:00+00:00,24029.25,24026.75,24034.75,24021.0,5322
2025-09-11 18:15:00+00:00,24026.75,24022.25,24030.0,24021.25,4667
2025-09-11 18:20:00+00:00,24022.5,24021.0,24025.75,24015.0,5173
2025-09-11 18:25:00+00:00,24021.0,24021.5,24028.75,24014.0,6102
2025-09-11 18:30:00+00:00,24021.25,24020.0,24025.5,24017.25,3430
2025-09-11 18:35:00+00:00,24019.75,24029.5,24029.75,24017.0,4211
2025-09-11 18:40:00+00:00,24029.0,24032.75,24034.25,24025.75,4274
2025-09-11 18:45:00+00:00,24033.0,24035.5,24038.25,24030.0,4344
2025-09-11 18:50:00+00:00,24036.25,24034.75,24042.25,24032.5,5669
2025-09-11 18:55:00+00:00,24034.75,24033.75,24041.5,24030.75,4700
2025-09-11 19:00:00+00:00,24033.5,24030.5,24035.0,24027.75,4401
2025-09-11 19:05:00+00:00,24030.25,24025.0,24037.5,24023.75,5473
2025-09-11 19:10:00+00:00,24025.0,24023.5,24031.75,24021.75,5620
2025-09-11 19:15:00+00:00,24023.5,24031.0,24033.75,24021.0,5533
2025-09-11 19:20:00+00:00,24030.75,24033.25,24036.5,24027.5,4125
2025-09-11 19:25:00+00:00,24033.25,24032.75,24038.75,24030.0,3619
2025-09-11 19:30:00+00:00,24033.0,24036.25,24041.5,24025.5,6971
2025-09-11 19:35:00+00:00,24036.25,24035.75,24039.5,24029.75,5575
2025-09-11 19:40:00+00:00,24036.0,24025.75,24037.25,24024.75,5237
2025-09-11 19:45:00+00:00,24026.25,24036.75,24037.25,24023.5,6059
2025-09-11 19:50:00+00:00,24036.25,24036.25,24044.25,24027.25,12410
2025-09-11 19:55:00+00:00,24035.75,24011.75,24040.5,24007.5,20045
2025-09-11 20:00:00+00:00,24011.75,24010.0,24015.25,24003.75,11578
2025-09-11 20:05:00+00:00,24010.25,24020.0,24023.75,24009.5,5405
2025-09-11 20:10:00+00:00,24019.75,24007.5,24021.75,24004.5,3987
2025-09-11 20:15:00+00:00,24007.0,24011.25,24016.0,24005.75,2685
2025-09-11 20:20:00+00:00,24011.0,24011.25,24013.25,24009.5,843
2025-09-11 20:25:00+00:00,24010.75,24012.0,24013.25,24008.75,1167
2025-09-11 20:30:00+00:00,24011.75,24012.5,24014.5,24010.25,1144
2025-09-11 20:35:00+00:00,24012.5,24008.75,24013.25,24007.5,1375
2025-09-11 20:40:00+00:00,24007.75,24006.75,24008.75,24005.0,1110
2025-09-11 20:45:00+00:00,24006.5,24011.25,24012.0,24004.25,1438
2025-09-11 20:50:00+00:00,24011.0,24010.0,24011.75,24007.0,887
2025-09-11 20:55:00+00:00,24009.75,24006.5,24010.75,24006.0,1074
2025-09-11 22:00:00+00:00,24028.0,24018.75,24029.5,24010.75,0
2025-09-11 22:05:00+00:00,24018.25,24023.25,24025.0,24014.0,1744
2025-09-11 22:10:00+00:00,24024.0,24015.25,24024.5,24014.5,881
2025-09-11 22:15:00+00:00,24014.5,24010.25,24017.0,24010.0,899
2025-09-11 22:20:00+00:00,24010.0,24014.5,24017.5,24003.5,1302
2025-09-11 22:25:00+00:00,24014.5,24014.0,24016.75,24010.25,624
2025-09-11 22:30:00+00:00,24014.5,24008.0,24016.5,24006.0,1143
2025-09-11 22:35:00+00:00,24007.75,24006.5,24010.75,24005.25,806
2025-09-11 22:40:00+00:00,24006.75,24005.25,24007.5,24001.0,985
2025-09-11 22:45:00+00:00,24004.75,24008.0,24010.5,24003.0,532
2025-09-11 22:50:00+00:00,24008.0,24012.25,24014.25,24007.75,645
2025-09-11 22:55:00+00:00,24012.25,24013.0,24014.5,24011.25,439
2025-09-11 23:00:00+00:00,24013.5,24011.5,24014.0,24009.75,433
2025-09-11 23:05:00+00:00,24011.75,24006.5,24012.0,24005.25,563
2025-09-11 23:10:00+00:00,24007.0,24016.5,24018.0,24006.25,979
2025-09-11 23:15:00+00:00,24015.75,24018.25,24018.5,24014.0,587
2025-09-11 23:20:00+00:00,24017.5,24022.25,24024.0,24016.75,900
2025-09-11 23:25:00+00:00,24022.25,24018.5,24022.5,24015.75,805
2025-09-11 23:30:00+00:00,24018.25,24021.5,24023.0,24018.0,828
2025-09-11 23:35:00+00:00,24021.5,24019.0,24025.5,24017.5,822
2025-09-11 23:40:00+00:00,24019.25,24020.75,24021.5,24017.5,328
2025-09-11 23:45:00+00:00,24020.5,24016.75,24020.5,24016.75,427
2025-09-11 23:50:00+00:00,24017.5,24020.75,24022.5,24015.75,513
2025-09-11 23:55:00+00:00,24020.75,24019.25,24025.5,24018.0,793
2025-09-12 00:00:00+00:00,24019.75,24010.25,24020.5,24008.25,1869
2025-09-12 00:05:00+00:00,24010.25,24009.5,24011.75,24006.0,927
2025-09-12 00:10:00+00:00,24009.75,24013.0,24016.0,24008.25,1028
2025-09-12 00:15:00+00:00,24012.75,24013.0,24016.0,24011.25,602
2025-09-12 00:20:00+00:00,24012.75,24018.25,24023.5,24012.0,1143
2025-09-12 00:25:00+00:00,24018.5,24018.5,24023.0,24016.0,969
2025-09-12 00:30:00+00:00,24017.75,24010.25,24019.25,24009.0,1417
2025-09-12 00:35:00+00:00,24010.25,24014.25,24015.25,24009.25,507
2025-09-12 00:40:00+00:00,24014.0,24013.0,24014.25,24009.25,539
2025-09-12 00:45:00+00:00,24012.75,24014.0,24015.0,24010.75,422
2025-09-12 00:50:00+00:00,24014.25,24009.5,24016.0,24007.5,1108
2025-09-12 00:55:00+00:00,24010.0,24009.25,24011.0,24008.25,449
2025-09-12 01:00:00+00:00,24010.0,24010.5,24011.25,24006.0,554
2025-09-12 01:05:00+00:00,24011.0,24010.5,24011.5,24008.0,424
2025-09-12 01:10:00+00:00,24011.0,24014.5,24015.25,24010.25,680
2025-09-12 01:15:00+00:00,24015.0,24015.0,24017.25,24011.0,619
2025-09-12 01:20:00+00:00,24015.5,24009.25,24016.0,24008.75,549
2025-09-12 01:25:00+00:00,24009.25,24008.75,24009.5,24003.75,1463
2025-09-12 01:30:00+00:00,24008.5,24007.25,24009.5,24003.0,958
2025-09-12 01:35:00+00:00,24006.75,24006.25,24007.75,24003.0,550
2025-09-12 01:40:00+00:00,24006.0,24006.0,24006.5,24002.75,475
2025-09-12 01:45:00+00:00,24005.75,24003.0,24006.0,24001.0,801
2025-09-12 01:50:00+00:00,24002.75,24004.75,24006.25,24001.5,460
2025-09-12 01:55:00+00:00,24004.75,24004.75,24008.25,24001.75,691
2025-09-12 02:00:00+00:00,24004.5,24005.75,24006.5,24003.0,476
2025-09-12 02:05:00+00:00,24005.25,24003.0,24005.5,23999.5,948
2025-09-12 02:10:00+00:00,24003.75,23997.5,24004.0,23996.0,989
2025-09-12 02:15:00+00:00,23997.75,23993.75,23998.75,23993.0,1554
2025-09-12 02:20:00+00:00,23993.75,23992.5,23996.0,23992.0,632
2025-09-12 02:25:00+00:00,23992.5,23994.75,23996.5,23992.25,610
2025-09-12 02:30:00+00:00,23994.5,23995.25,23996.5,23992.0,591
2025-09-12 02:35:00+00:00,23995.5,24000.0,24001.0,23995.5,935
2025-09-12 02:40:00+00:00,24000.25,24003.5,24004.5,23999.5,917
2025-09-12 02:45:00+00:00,24003.75,24003.5,24004.5,24001.0,484
2025-09-12 02:50:00+00:00,24003.0,24005.75,24007.0,24003.0,469
2025-09-12 02:55:00+00:00,24006.0,24003.75,24007.0,24003.0,560
2025-09-12 03:00:00+00:00,24004.0,24003.5,24005.75,24002.25,577
2025-09-12 03:05:00+00:00,24003.25,24002.5,24004.5,24001.25,341
2025-09-12 03:10:00+00:00,24002.75,24003.0,24005.75,24002.5,358
2025-09-12 03:15:00+00:00,24003.0,24004.75,24004.75,24002.0,159
2025-09-12 03:20:00+00:00,24004.25,24006.0,24007.0,24003.25,341
2025-09-12 03:25:00+00:00,24005.5,24002.5,24005.5,24000.25,470
2025-09-12 03:30:00+00:00,24002.25,24003.0,24003.25,24001.0,199
2025-09-12 03:35:00+00:00,24003.0,24002.75,24003.5,24000.5,317
2025-09-12 03:40:00+00:00,24003.0,24002.75,24003.75,24000.75,182
2025-09-12 03:45:00+00:00,24003.0,24001.75,24003.0,24000.5,220
2025-09-12 03:50:00+00:00,24002.0,24003.5,24004.25,24001.5,200
2025-09-12 03:55:00+00:00,24003.75,24008.5,24009.0,24003.25,578
2025-09-12 04:05:00+00:00,24012.25,24013.75,24014.25,24012.25,1783
2025-09-12 04:10:00+00:00,24013.5,24015.75,24018.75,24013.5,966
2025-09-12 04:15:00+00:00,24015.5,24013.75,24016.5,24012.25,533
2025-09-12 04:20:00+00:00,24013.25,24017.75,24021.75,24012.75,917
2025-09-12 04:25:00+00:00,24018.0,24018.25,24018.75,24015.75,382
2025-09-12 04:30:00+00:00,24018.25,24020.5,24021.5,24017.5,363
2025-09-12 04:35:00+00:00,24020.75,24022.75,24023.5,24018.5,587
2025-09-12 04:40:00+00:00,24022.75,24023.5,24024.5,24021.25,465
2025-09-12 04:45:00+00:00,24023.75,24022.75,24024.25,24020.5,345
2025-09-12 04:50:00+00:00,24022.5,24023.5,24025.5,24022.25,438
2025-09-12 04:55:00+00:00,24023.5,24020.25,24023.5,24018.25,521
2025-09-12 05:00:00+00:00,24020.25,24024.0,24025.75,24018.25,712
2025-09-12 05:05:00+00:00,24024.25,24023.25,24025.25,24022.0,738
2025-09-12 05:10:00+00:00,24023.25,24024.75,24028.0,24020.75,734
2025-09-12 05:15:00+00:00,24024.5,24027.25,24027.75,24022.75,373
2025-09-12 05:20:00+00:00,24027.5,24025.0,24029.0,24022.75,566
2025-09-12 05:25:00+00:00,24025.25,24027.75,24029.5,24022.75,565
2025-09-12 05:30:00+00:00,24027.5,24028.75,24034.0,24026.75,1384
2025-09-12 05:35:00+00:00,24028.75,24033.25,24033.5,24024.5,731
2025-09-12 05:40:00+00:00,24033.25,24033.75,24035.25,24032.0,479
2025-09-12 05:45:00+00:00,24033.0,24037.0,24039.5,24032.5,779
2025-09-12 05:50:00+00:00,24037.0,24034.5,24037.25,24033.75,376
2025-09-12 05:55:00+00:00,24034.0,24034.5,24036.5,24032.75,377
2025-09-12 06:00:00+00:00,24035.0,24028.0,24036.0,24025.5,1092
2025-09-12 06:05:00+00:00,24028.5,24028.75,24031.75,24024.75,786
2025-09-12 06:10:00+00:00,24029.5,24029.0,24029.5,24025.5,381
2025-09-12 06:15:00+00:00,24028.5,24028.75,24030.5,24028.0,513
2025-09-12 06:20:00+00:00,24028.25,24025.75,24032.0,24024.5,706
2025-09-12 06:25:00+00:00,24025.25,24018.75,24025.25,24013.25,1959
2025-09-12 06:30:00+00:00,24019.0,24014.75,24024.5,24014.25,1402
2025-09-12 06:35:00+00:00,24014.25,24009.0,24015.0,24008.25,1140
2025-09-12 06:40:00+00:00,24008.75,24008.5,24014.25,24007.25,1032
2025-09-12 06:45:00+00:00,24008.25,24010.5,24012.75,24006.0,1367
2025-09-12 06:50:00+00:00,24010.5,24017.75,24018.75,24010.5,1080
2025-09-12 06:55:00+00:00,24017.75,24023.5,24024.25,24015.0,885
2025-09-12 07:00:00+00:00,24022.75,24027.0,24027.75,24017.75,1722
2025-09-12 07:05:00+00:00,24027.5,24023.25,24031.5,24019.5,1546
2025-09-12 07:10:00+00:00,24023.25,24022.25,24026.5,24020.25,908
2025-09-12 07:15:00+00:00,24022.0,24023.0,24024.25,24016.0,1293
2025-09-12 07:20:00+00:00,24022.5,24023.75,24027.75,24019.75,710
2025-09-12 07:25:00+00:00,24023.0,24022.75,24024.5,24017.5,551
2025-09-12 07:30:00+00:00,24022.75,24018.0,24023.0,24015.0,1141
2025-09-12 07:35:00+00:00,24018.0,24017.75,24021.5,24015.75,536
2025-09-12 07:40:00+00:00,24017.25,24009.0,24018.25,24006.75,1559
2025-09-12 07:45:00+00:00,24008.5,24015.25,24017.0,24007.75,1151
2025-09-12 07:50:00+00:00,24015.75,24017.5,24019.25,24014.5,777
2025-09-12 07:55:00+00:00,24017.25,24010.5,24019.0,24008.0,863
2025-09-12 08:00:00+00:00,24010.25,24004.75,24019.0,24002.25,2592
2025-09-12 08:05:00+00:00,24004.5,24004.75,24012.5,24002.25,1120
2025-09-12 08:10:00+00:00,24003.5,23984.75,24004.75,23984.5,3693
2025-09-12 08:15:00+00:00,23984.75,23982.75,23985.0,23982.75,352
2025-09-12 08:25:00+00:00,23988.80078125,23991.0,23992.5,23985.5,8355
2025-09-12 08:30:00+00:00,23991.0,23991.25,23994.0,23989.5,861
2025-09-12 08:35:00+00:00,23991.0,23995.25,24000.25,23985.0,1775
2025-09-12 08:40:00+00:00,23995.5,23998.5,23998.75,23992.75,697
2025-09-12 08:45:00+00:00,23998.75,23998.25,24001.0,23996.0,908
2025-09-12 08:50:00+00:00,23998.75,23997.0,24000.0,23994.0,763
2025-09-12 08:55:00+00:00,23997.75,24002.75,24002.75,23996.25,816
2025-09-12 09:00:00+00:00,24002.5,24002.25,24005.0,23998.5,973
2025-09-12 09:05:00+00:00,24002.25,24002.75,24005.5,24000.25,640
2025-09-12 09:10:00+00:00,24002.5,24004.25,24004.5,24001.25,364
2025-09-12 09:15:00+00:00,24003.75,24002.5,24005.25,24000.25,460
2025-09-12 09:20:00+00:00,24002.25,24001.25,24002.5,23996.75,791
2025-09-12 09:25:00+00:00,24001.5,24002.25,24003.75,23999.75,571
2025-09-12 09:30:00+00:00,24002.0,24001.5,24007.5,24001.25,868
2025-09-12 09:35:00+00:00,24001.25,24002.75,24003.5,23995.75,1054
2025-09-12 09:40:00+00:00,24002.5,24007.75,24009.25,24000.75,1320
2025-09-12 09:45:00+00:00,24007.75,24014.75,24015.0,24006.75,1212
2025-09-12 09:50:00+00:00,24014.5,24015.5,24019.5,24012.75,974
2025-09-12 09:55:00+00:00,24016.0,24010.75,24017.25,24008.5,742
2025-09-12 10:00:00+00:00,24010.75,24007.25,24011.5,24005.25,817
2025-09-12 10:05:00+00:00,24007.75,24012.0,24013.5,24006.5,770
2025-09-12 10:10:00+00:00,24011.25,24012.0,24012.0,24010.0,84
2025-09-12 10:20:00+00:00,24012.80078125,24010.25,24015.25,24010.25,1356
2025-09-12 10:25:00+00:00,24010.25,24015.5,24016.5,24010.25,499
2025-09-12 10:30:00+00:00,24016.0,24018.0,24022.25,24012.0,1283
2025-09-12 10:35:00+00:00,24018.25,24016.75,24020.25,24016.5,601
2025-09-12 10:40:00+00:00,24016.75,24019.25,24021.0,24016.5,495
2025-09-12 10:45:00+00:00,24019.5,24021.25,24022.0,24018.0,917
2025-09-12 10:50:00+00:00,24021.75,24018.25,24023.0,24017.25,699
2025-09-12 10:55:00+00:00,24018.0,24022.75,24024.25,24017.75,686
2025-09-12 11:00:00+00:00,24023.0,24019.0,24024.0,24015.75,1221
2025-09-12 11:05:00+00:00,24019.5,24013.5,24022.0,24009.5,1712
2025-09-12 11:10:00+00:00,24014.0,24013.75,24018.25,24012.5,705
2025-09-12 11:15:00+00:00,24014.0,24012.0,24015.25,24011.5,562
2025-09-12 11:20:00+00:00,24012.5,24021.0,24021.5,24009.5,1064
2025-09-12 11:25:00+00:00,24020.75,24025.5,24026.5,24019.75,1000
2025-09-12 11:30:00+00:00,24025.25,24023.25,24028.0,24022.0,1351
2025-09-12 11:35:00+00:00,24023.0,24028.0,24029.0,24020.75,1117
2025-09-12 11:40:00+00:00,24028.25,24028.75,24028.75,24024.25,804
2025-09-12 11:45:00+00:00,24028.75,24032.0,24035.5,24027.25,1864
2025-09-12 11:50:00+00:00,24032.0,24035.0,24035.25,24029.75,1127
2025-09-12 11:55:00+00:00,24034.75,24044.5,24048.0,24034.5,3282
2025-09-12 12:00:00+00:00,24044.5,24029.75,24047.0,24029.0,2781
2025-09-12 12:05:00+00:00,24030.0,24031.5,24037.0,24024.5,2772
2025-09-12 12:10:00+00:00,24031.25,24032.5,24034.25,24028.75,1068
2025-09-12 12:15:00+00:00,24032.5,24043.25,24044.0,24032.25,2003
2025-09-12 12:20:00+00:00,24042.75,24038.75,24044.0,24035.75,1653
2025-09-12 12:25:00+00:00,24038.75,24037.0,24042.0,24027.25,3062
2025-09-12 12:30:00+00:00,24036.5,24027.25,24038.75,24014.75,5023
2025-09-12 12:35:00+00:00,24027.5,24029.0,24032.5,24020.0,3244
2025-09-12 12:40:00+00:00,24028.75,24031.75,24036.75,24024.5,1896
2025-09-12 12:45:00+00:00,24032.0,24038.75,24039.75,24031.5,1697
2025-09-12 12:50:00+00:00,24038.75,24042.5,24043.25,24036.5,2308
2025-09-12 12:55:00+00:00,24042.5,24042.0,24044.5,24040.5,1617
2025-09-12 13:00:00+00:00,24041.75,24043.25,24053.75,24038.5,4316
2025-09-12 13:05:00+00:00,24043.5,24050.75,24051.0,24042.75,2863
2025-09-12 13:10:00+00:00,24050.75,24048.25,24051.75,24046.25,2185
2025-09-12 13:15:00+00:00,24048.25,24047.75,24050.0,24045.75,1910
2025-09-12 13:20:00+00:00,24048.25,24047.5,24049.25,24044.5,1453
2025-09-12 13:25:00+00:00,24046.25,24040.25,24048.0,24037.75,5877
2025-09-12 13:30:00+00:00,24040.5,24034.5,24063.5,24026.25,34291
2025-09-12 13:35:00+00:00,24034.5,24013.5,24035.25,24002.0,32060
2025-09-12 13:40:00+00:00,24013.75,24030.25,24034.0,24007.25,19246
2025-09-12 13:45:00+00:00,24030.25,24026.75,24039.25,24020.0,18928
2025-09-12 13:50:00+00:00,24026.5,24025.5,24034.25,24011.0,16380
2025-09-12 13:55:00+00:00,24025.75,24046.75,24049.75,24025.25,18205
2025-09-12 14:00:00+00:00,24046.0,24049.5,24055.25,24018.0,18807
2025-09-12 14:05:00+00:00,24049.5,24057.25,24058.25,24046.25,13429
2025-09-12 14:10:00+00:00,24057.5,24031.25,24061.0,24028.25,22133
2025-09-12 14:15:00+00:00,24031.0,24054.0,24056.25,24026.5,19907
2025-09-12 14:20:00+00:00,24053.75,24071.75,24074.0,24050.5,23040
2025-09-12 14:25:00+00:00,24071.0,24071.75,24076.5,24065.75,12526
2025-09-12 14:30:00+00:00,24071.5,24080.0,24084.5,24064.5,18074
2025-09-12 14:35:00+00:00,24080.0,24081.75,24088.25,24076.75,11760
2025-09-12 14:40:00+00:00,24082.0,24081.5,24087.25,24075.25,7921
2025-09-12 14:45:00+00:00,24082.0,24095.0,24096.5,24079.25,13102
2025-09-12 14:50:00+00:00,24094.75,24107.0,24107.25,24091.0,13704
2025-09-12 14:55:00+00:00,24107.0,24106.0,24115.75,24100.25,15202
2025-09-12 15:00:00+00:00,24106.25,24086.25,24111.25,24085.25,15206
2025-09-12 15:05:00+00:00,24086.75,24092.25,24096.0,24083.0,11111
2025-09-12 15:10:00+00:00,24092.75,24095.5,24099.0,24080.75,10539
2025-09-12 15:15:00+00:00,24095.0,24088.5,24105.5,24087.5,12274
2025-09-12 15:20:00+00:00,24088.5,24092.5,24093.0,24079.0,11818
2025-09-12 15:25:00+00:00,24092.25,24087.0,24098.75,24086.0,8013
2025-09-12 15:30:00+00:00,24087.0,24093.25,24097.0,24077.25,10002
2025-09-12 15:35:00+00:00,24092.75,24086.0,24096.25,24082.0,5788
2025-09-12 15:40:00+00:00,24085.5,24080.0,24091.75,24076.5,7632
2025-09-12 15:45:00+00:00,24080.5,24080.5,24083.5,24072.0,10281
2025-09-12 15:50:00+00:00,24080.25,24089.0,24090.25,24079.25,7830
2025-09-12 15:55:00+00:00,24088.75,24090.75,24099.75,24087.75,8423
2025-09-12 16:00:00+00:00,24090.75,24080.5,24092.25,24074.25,8254
2025-09-12 16:05:00+00:00,24080.25,24091.25,24091.5,24071.25,8126
2025-09-12 16:10:00+00:00,24091.25,24097.75,24101.75,24090.0,7848
2025-09-12 16:15:00+00:00,24097.75,24101.0,24107.25,24097.5,7089
2025-09-12 16:20:00+00:00,24101.0,24104.25,24106.75,24091.5,8363
2025-09-12 16:25:00+00:00,24104.5,24105.25,24106.5,24101.0,3418
2025-09-12 16:30:00+00:00,24105.0,24110.25,24112.5,24102.0,6554
2025-09-12 16:35:00+00:00,24110.5,24098.5,24111.0,24097.0,6199
2025-09-12 16:40:00+00:00,24098.25,24100.75,24102.0,24096.25,4214
2025-09-12 16:45:00+00:00,24101.0,24104.75,24110.25,24096.75,7208
2025-09-12 16:50:00+00:00,24105.25,24111.5,24114.25,24102.0,4902
2025-09-12 16:55:00+00:00,24111.75,24110.5,24124.75,24107.25,11032
2025-09-12 17:00:00+00:00,24110.5,24101.75,24112.25,24101.25,5783
2025-09-12 17:05:00+00:00,24102.25,24098.75,24104.75,24098.0,4563
2025-09-12 17:10:00+00:00,24099.0,24105.0,24106.25,24097.5,4176
2025-09-12 17:15:00+00:00,24105.0,24100.75,24111.0,24098.75,5641
2025-09-12 17:20:00+00:00,24101.25,24105.5,24106.75,24099.25,2879
2025-09-12 17:25:00+00:00,24105.5,24100.75,24106.0,24099.75,2448
2025-09-12 17:30:00+00:00,24101.0,24099.5,24107.5,24098.25,3449
2025-09-12 17:35:00+00:00,24099.5,24098.5,24104.0,24091.5,7098
2025-09-12 17:40:00+00:00,24098.0,24103.5,24105.25,24097.75,2944
2025-09-12 17:45:00+00:00,24103.0,24113.5,24114.5,24102.75,5953
2025-09-12 17:50:00+00:00,24113.75,24117.75,24121.75,24110.75,7153
2025-09-12 17:55:00+00:00,24118.0,24124.0,24129.0,24116.75,10292
2025-09-12 18:00:00+00:00,24124.0,24113.75,24124.75,24113.0,6219
2025-09-12 18:05:00+00:00,24113.5,24120.25,24121.25,24113.0,3737
2025-09-12 18:10:00+00:00,24120.75,24123.75,24125.0,24115.75,4153
2025-09-12 18:15:00+00:00,24124.0,24120.5,24124.0,24116.5,3284
2025-09-12 18:20:00+00:00,24120.5,24121.75,24124.5,24118.5,2693
2025-09-12 18:25:00+00:00,24122.0,24122.25,24126.25,24120.5,3784
2025-09-12 18:30:00+00:00,24122.0,24132.0,24137.5,24119.5,9195
2025-09-12 18:35:00+00:00,24132.0,24139.25,24141.0,24128.75,6169
2025-09-12 18:40:00+00:00,24139.0,24139.25,24143.0,24135.5,6478
2025-09-12 18:45:00+00:00,24139.0,24129.25,24141.75,24118.0,8465
2025-09-12 18:50:00+00:00,24129.25,24153.5,24158.5,24129.25,12547
2025-09-12 18:55:00+00:00,24153.75,24154.0,24159.0,24150.0,8042
2025-09-12 19:00:00+00:00,24154.0,24153.0,24157.5,24151.0,4135
2025-09-12 19:05:00+00:00,24153.5,24150.0,24157.25,24147.0,5771
2025-09-12 19:10:00+00:00,24150.5,24138.75,24150.75,24136.5,6715
2025-09-12 19:15:00+00:00,24139.5,24137.75,24142.0,24133.5,6954
2025-09-12 19:20:00+00:00,24137.5,24128.5,24140.25,24124.75,7408
2025-09-12 19:25:00+00:00,24128.0,24124.5,24133.5,24119.5,8695
2025-09-12 19:30:00+00:00,24124.75,24111.0,24126.25,24104.5,17328
2025-09-12 19:35:00+00:00,24110.75,24100.25,24115.5,24097.5,12053
2025-09-12 19:40:00+00:00,24100.25,24113.5,24114.25,24087.5,17602
2025-09-12 19:45:00+00:00,24113.25,24119.25,24123.5,24108.0,11990
2025-09-12 19:50:00+00:00,24119.25,24132.5,24134.5,24118.0,15284
2025-09-12 19:55:00+00:00,24132.75,24109.25,24132.75,24108.75,22802
2025-09-12 20:00:00+00:00,24109.5,24106.0,24112.0,24096.75,12055
2025-09-12 20:05:00+00:00,24105.5,24108.75,24112.5,24105.0,3309
2025-09-12 20:10:00+00:00,24108.5,24111.0,24113.0,24108.0,1726
2025-09-12 20:15:00+00:00,24111.75,24114.75,24119.25,24110.0,2093
2025-09-12 20:20:00+00:00,24114.75,24113.0,24116.75,24111.5,1185
2025-09-12 20:25:00+00:00,24112.75,24113.5,24115.0,24112.0,786
2025-09-12 20:30:00+00:00,24113.25,24113.5,24115.0,24110.5,1044
2025-09-12 20:35:00+00:00,24114.0,24111.5,24115.0,24110.0,1046
2025-09-12 20:40:00+00:00,24111.25,24113.0,24115.0,24110.75,1244
2025-09-12 20:45:00+00:00,24113.0,24113.5,24117.25,24113.0,1304
2025-09-12 20:50:00+00:00,24113.25,24113.0,24114.75,24111.75,756
2025-09-12 20:55:00+00:00,24113.25,24113.25,24115.75,24108.0,1711
2025-09-14 22:00:00+00:00,24112.25,24105.25,24119.75,24099.25,1971
2025-09-14 22:05:00+00:00,24104.5,24119.0,24121.75,24100.25,1307
2025-09-14 22:10:00+00:00,24118.0,24120.5,24122.75,24113.25,1101
2025-09-14 22:15:00+00:00,24120.75,24122.25,24129.75,24113.25,1234
2025-09-14 22:20:00+00:00,24122.25,24119.0,24123.0,24115.75,687
2025-09-14 22:25:00+00:00,24117.75,24123.0,24125.75,24117.0,361
2025-09-14 22:30:00+00:00,24122.5,24120.5,24124.0,24118.5,388
2025-09-14 22:35:00+00:00,24120.5,24123.0,24124.0,24118.0,237
2025-09-14 22:40:00+00:00,24122.75,24124.0,24126.25,24121.75,351
2025-09-14 22:45:00+00:00,24124.0,24125.25,24128.75,24124.0,516
2025-09-14 22:50:00+00:00,24125.5,24124.75,24127.25,24121.25,346
2025-09-14 22:55:00+00:00,24124.0,24124.75,24125.75,24121.25,223
2025-09-14 23:00:00+00:00,24124.5,24125.75,24129.25,24123.75,392
2025-09-14 23:05:00+00:00,24125.5,24120.0,24126.25,24119.25,377
2025-09-14 23:10:00+00:00,24119.0,24120.25,24122.25,24117.5,401
2025-09-14 23:15:00+00:00,24120.25,24119.75,24123.0,24118.5,365
2025-09-14 23:20:00+00:00,24119.5,24118.25,24122.75,24116.25,356
2025-09-14 23:25:00+00:00,24118.25,24111.25,24118.25,24110.25,842
2025-09-14 23:30:00+00:00,24111.0,24102.75,24114.75,24102.0,1342
2025-09-14 23:35:00+00:00,24102.75,24108.75,24109.25,24100.0,878
2025-09-14 23:40:00+00:00,24108.5,24108.0,24109.5,24100.75,724
2025-09-14 23:45:00+00:00,24108.25,24109.75,24111.0,24100.5,614
2025-09-14 23:50:00+00:00,24108.75,24106.25,24111.25,24105.25,363
2025-09-14 23:55:00+00:00,24105.75,24111.0,24112.5,24101.75,597
2025-09-15 00:00:00+00:00,24110.25,24105.75,24113.5,24104.0,653
2025-09-15 00:05:00+00:00,24105.75,24110.5,24110.5,24100.0,641
2025-09-15 00:10:00+00:00,24110.5,24113.5,24115.5,24106.5,895
2025-09-15 00:15:00+00:00,24113.25,24106.75,24113.25,24095.0,1620
2025-09-15 00:20:00+00:00,24107.75,24101.5,24109.0,24101.0,524
2025-09-15 00:25:00+00:00,24101.25,24096.75,24104.0,24091.5,932
2025-09-15 00:30:00+00:00,24095.5,24101.75,24103.5,24095.0,694
2025-09-15 00:35:00+00:00,24101.0,24099.0,24101.75,24095.75,339
2025-09-15 00:40:00+00:00,24098.5,24099.0,24099.5,24094.5,403
2025-09-15 00:45:00+00:00,24099.75,24104.75,24106.25,24097.0,564
2025-09-15 00:50:00+00:00,24104.0,24108.0,24109.5,24100.75,646
2025-09-15 00:55:00+00:00,24108.0,24109.5,24114.5,24107.0,762
2025-09-15 01:00:00+00:00,24109.75,24107.25,24113.0,24105.75,595
2025-09-15 01:05:00+00:00,24107.0,24110.25,24113.75,24106.75,280
2025-09-15 01:10:00+00:00,24110.25,24107.5,24111.5,24105.75,220
2025-09-15 01:15:00+00:00,24107.25,24107.5,24110.5,24105.25,296
2025-09-15 01:20:00+00:00,24108.0,24110.25,24111.0,24105.25,227
2025-09-15 01:25:00+00:00,24110.75,24113.25,24113.25,24108.25,297
2025-09-15 01:30:00+00:00,24113.5,24111.0,24114.5,24108.0,376
2025-09-15 01:35:00+00:00,24111.0,24114.75,24118.0,24109.25,686
2025-09-15 01:40:00+00:00,24114.5,24111.5,24114.75,24108.5,405
2025-09-15 01:45:00+00:00,24111.25,24114.5,24118.75,24111.25,534
2025-09-15 01:50:00+00:00,24116.0,24116.0,24118.0,24114.0,223
2025-09-15 01:55:00+00:00,24116.0,24114.75,24117.5,24114.0,262
2025-09-15 02:00:00+00:00,24114.0,24115.0,24116.25,24108.75,519
2025-09-15 02:05:00+00:00,24115.5,24120.25,24121.75,24115.0,569
2025-09-15 02:10:00+00:00,24119.75,24119.75,24123.0,24119.5,471
2025-09-15 02:15:00+00:00,24119.0,24122.75,24125.0,24115.0,635
2025-09-15 02:20:00+00:00,24122.5,24119.25,24123.25,24114.0,428
2025-09-15 02:25:00+00:00,24118.75,24119.5,24121.0,24115.5,374
2025-09-15 02:30:00+00:00,24119.25,24115.5,24119.25,24115.0,186
2025-09-15 02:35:00+00:00,24115.5,24112.75,24116.25,24112.25,432
2025-09-15 02:40:00+00:00,24112.5,24118.75,24118.75,24112.25,264
2025-09-15 02:45:00+00:00,24118.75,24116.75,24120.75,24115.25,347
2025-09-15 02:50:00+00:00,24117.25,24117.75,24119.0,24115.25,259
2025-09-15 02:55:00+00:00,24118.25,24118.5,24119.5,24114.75,185
2025-09-15 03:00:00+00:00,24118.5,24120.75,24121.0,24116.5,230
2025-09-15 03:05:00+00:00,24121.0,24122.25,24124.0,24120.0,260
2025-09-15 03:10:00+00:00,24122.5,24123.25,24123.25,24119.5,248
2025-09-15 03:15:00+00:00,24123.0,24125.75,24132.5,24120.25,1088
2025-09-15 03:20:00+00:00,24126.0,24128.75,24130.75,24124.5,306
2025-09-15 03:25:00+00:00,24128.75,24121.5,24128.75,24120.5,497
2025-09-15 03:30:00+00:00,24121.5,24119.75,24123.0,24116.75,491
2025-09-15 03:35:00+00:00,24120.0,24122.25,24125.0,24118.75,362
2025-09-15 03:40:00+00:00,24122.5,24125.75,24127.75,24122.0,483
2025-09-15 03:45:00+00:00,24126.0,24124.75,24128.75,24124.75,291
2025-09-15 03:50:00+00:00,24126.0,24126.0,24127.25,24125.0,139
2025-09-15 03:55:00+00:00,24126.0,24122.25,24126.0,24121.75,177
2025-09-15 04:00:00+00:00,24121.5,24123.0,24123.75,24120.5,333
2025-09-15 04:05:00+00:00,24123.5,24125.5,24128.25,24122.0,312
2025-09-15 04:10:00+00:00,24124.75,24123.5,24124.75,24120.0,233
2025-09-15 04:15:00+00:00,24123.5,24125.0,24126.25,24121.0,135
2025-09-15 04:20:00+00:00,24125.25,24128.5,24129.75,24125.25,346
2025-09-15 04:25:00+00:00,24128.25,24127.75,24130.0,24125.0,235
2025-09-15 04:30:00+00:00,24127.75,24129.75,24132.25,24127.75,267
2025-09-15 04:35:00+00:00,24129.5,24130.0,24136.0,24129.0,496
2025-09-15 04:40:00+00:00,24129.75,24131.75,24132.0,24128.0,301
2025-09-15 04:45:00+00:00,24131.75,24131.5,24132.0,24129.25,146
2025-09-15 04:50:00+00:00,24130.25,24130.0,24131.25,24127.5,230
2025-09-15 04:55:00+00:00,24129.75,24131.25,24131.25,24128.5,108
2025-09-15 05:00:00+00:00,24131.0,24129.5,24133.25,24128.5,241
2025-09-15 05:05:00+00:00,24129.25,24129.5,24131.25,24129.0,150
2025-09-15 05:10:00+00:00,24129.75,24129.75,24131.75,24128.0,147
2025-09-15 05:15:00+00:00,24129.5,24124.25,24130.0,24122.75,473
2025-09-15 05:20:00+00:00,24124.75,24126.0,24127.5,24124.0,279
2025-09-15 05:25:00+00:00,24126.75,24128.5,24130.75,24126.5,248
2025-09-15 05:30:00+00:00,24128.75,24130.75,24132.0,24126.5,244
2025-09-15 05:35:00+00:00,24131.25,24135.0,24138.0,24130.5,489
2025-09-15 05:40:00+00:00,24135.25,24139.5,24144.75,24134.5,1062
2025-09-15 05:45:00+00:00,24139.25,24136.25,24140.0,24135.5,383
2025-09-15 05:50:00+00:00,24135.25,24138.25,24140.75,24134.5,228
2025-09-15 05:55:00+00:00,24139.25,24140.0,24140.75,24137.25,227
2025-09-15 06:00:00+00:00,24140.0,24141.25,24144.5,24137.5,452
2025-09-15 06:05:00+00:00,24141.5,24144.0,24145.0,24136.0,405
2025-09-15 06:10:00+00:00,24143.5,24141.25,24146.0,24138.5,475
2025-09-15 06:15:00+00:00,24141.25,24142.75,24143.25,24139.0,231
2025-09-15 06:20:00+00:00,24142.25,24135.5,24142.25,24134.75,442
2025-09-15 06:25:00+00:00,24135.5,24134.25,24137.75,24132.0,470
2025-09-15 06:30:00+00:00,24134.0,24140.5,24146.0,24131.5,774
2025-09-15 06:35:00+00:00,24139.5,24143.5,24145.0,24138.25,354
2025-09-15 06:40:00+00:00,24143.25,24146.75,24148.25,24142.75,455
2025-09-15 06:45:00+00:00,24147.0,24145.75,24147.5,24142.0,305
2025-09-15 06:50:00+00:00,24145.25,24144.0,24147.0,24141.25,292
2025-09-15 06:55:00+00:00,24143.75,24147.0,24150.0,24142.0,707
2025-09-15 07:00:00+00:00,24146.75,24146.0,24153.0,24144.0,1095
2025-09-15 07:05:00+00:00,24147.0,24146.75,24147.25,24143.0,390
2025-09-15 07:10:00+00:00,24146.75,24145.75,24148.75,24144.0,444
2025-09-15 07:15:00+00:00,24145.75,24147.0,24147.75,24138.5,637
2025-09-15 07:20:00+00:00,24147.0,24149.5,24154.25,24145.5,781
2025-09-15 07:25:00+00:00,24150.0,24144.5,24150.75,24143.5,520
2025-09-15 07:30:00+00:00,24144.25,24152.5,24153.25,24140.5,834
2025-09-15 07:35:00+00:00,24152.25,24151.25,24159.25,24147.25,1605
2025-09-15 07:40:00+00:00,24150.75,24143.75,24155.0,24143.0,584
2025-09-15 07:45:00+00:00,24144.25,24147.0,24148.75,24143.75,326
2025-09-15 07:50:00+00:00,24147.5,24144.75,24147.5,24139.75,598
2025-09-15 07:55:00+00:00,24144.75,24138.5,24146.25,24137.5,440
2025-09-15 08:00:00+00:00,24139.0,24085.0,24141.5,24075.5,7287
2025-09-15 08:05:00+00:00,24085.0,24121.25,24123.0,24082.0,2672
2025-09-15 08:10:00+00:00,24120.25,24110.75,24121.75,24104.5,1243
2025-09-15 08:20:00+00:00,24112.19921875,24112.75,24114.0,24109.25,2385
2025-09-15 08:25:00+00:00,24112.75,24099.0,24113.5,24094.75,763
2025-09-15 08:30:00+00:00,24098.0,24080.75,24104.25,24080.25,1368
2025-09-15 08:35:00+00:00,24081.25,24095.5,24096.5,24080.25,1282
2025-09-15 08:40:00+00:00,24094.5,24101.0,24101.0,24089.25,723
2025-09-15 08:45:00+00:00,24100.5,24116.0,24116.5,24100.0,1011
2025-09-15 08:50:00+00:00,24116.5,24101.75,24117.0,24100.75,940
2025-09-15 08:55:00+00:00,24102.0,24095.25,24102.0,24091.0,805
2025-09-15 09:00:00+00:00,24095.5,24089.75,24096.5,24086.0,772
2025-09-15 09:05:00+00:00,24090.75,24092.25,24095.75,24087.0,549
2025-09-15 09:10:00+00:00,24091.5,24090.75,24096.5,24088.0,557
2025-09-15 09:15:00+00:00,24090.75,24087.0,24092.25,24082.75,609
2025-09-15 09:20:00+00:00,24087.5,24090.5,24091.5,24080.5,745
2025-09-15 09:25:00+00:00,24090.25,24093.0,24094.75,24088.25,501
2025-09-15 09:30:00+00:00,24093.0,24093.0,24099.75,24090.75,629
2025-09-15 09:35:00+00:00,24094.0,24098.5,24100.5,24089.25,543
2025-09-15 09:40:00+00:00,24098.25,24094.0,24098.75,24087.5,562
2025-09-15 09:45:00+00:00,24093.25,24095.25,24098.75,24091.25,429
2025-09-15 09:50:00+00:00,24095.5,24097.75,24099.25,24092.75,272
2025-09-15 09:55:00+00:00,24098.0,24095.5,24099.5,24095.25,252
2025-09-15 10:00:00+00:00,24095.75,24096.0,24098.25,24091.25,356
2025-09-15 10:05:00+00:00,24095.5,24102.0,24104.0,24095.5,614
2025-09-15 10:10:00+00:00,24101.75,24101.5,24102.5,24096.0,207
2025-09-15 10:20:00+00:00,24112.0,24109.0,24114.5,24106.75,1260
2025-09-15 10:25:00+00:00,24110.0,24122.75,24123.0,24109.25,1090
2025-09-15 10:30:00+00:00,24122.25,24124.5,24133.25,24122.25,1438
2025-09-15 10:35:00+00:00,24125.75,24119.75,24130.75,24118.5,1010
2025-09-15 10:40:00+00:00,24119.5,24118.0,24122.25,24116.0,731
2025-09-15 10:45:00+00:00,24118.0,24122.5,24124.75,24116.0,446
2025-09-15 10:50:00+00:00,24122.5,24127.5,24129.25,24119.75,503
2025-09-15 10:55:00+00:00,24127.25,24127.25,24128.25,24124.0,288
2025-09-15 11:00:00+00:00,24127.5,24135.0,24136.5,24126.25,1182
2025-09-15 11:05:00+00:00,24134.5,24142.25,24144.25,24130.5,1035
2025-09-15 11:10:00+00:00,24142.5,24139.5,24144.25,24137.25,708
2025-09-15 11:15:00+00:00,24138.75,24136.25,24140.5,24131.75,702
2025-09-15 11:20:00+00:00,24136.75,24135.75,24141.25,24135.75,410
2025-09-15 11:25:00+00:00,24136.25,24134.75,24139.0,24131.5,427
2025-09-15 11:30:00+00:00,24134.25,24135.5,24138.25,24129.5,569
2025-09-15 11:35:00+00:00,24135.25,24144.0,24148.0,24133.75,1027
2025-09-15 11:40:00+00:00,24143.25,24142.25,24146.25,24135.75,711
2025-09-15 11:45:00+00:00,24142.25,24143.5,24148.0,24141.0,479
2025-09-15 11:50:00+00:00,24143.25,24140.25,24145.0,24139.75,336
2025-09-15 11:55:00+00:00,24140.25,24143.75,24146.0,24134.75,698
2025-09-15 12:00:00+00:00,24144.0,24151.75,24152.5,24141.5,973
2025-09-15 12:05:00+00:00,24151.75,24149.0,24153.25,24143.75,923
2025-09-15 12:10:00+00:00,24149.25,24148.5,24151.75,24145.5,576
2025-09-15 12:15:00+00:00,24148.75,24151.75,24164.0,24143.25,3325
2025-09-15 12:20:00+00:00,24150.75,24170.5,24172.5,24147.75,2605
2025-09-15 12:25:00+00:00,24170.75,24157.25,24172.0,24155.5,1947
2025-09-15 12:30:00+00:00,24157.75,24152.5,24158.5,24145.75,2396
2025-09-15 12:35:00+00:00,24152.25,24145.75,24152.5,24141.75,1436
2025-09-15 12:40:00+00:00,24145.75,24155.5,24156.0,24140.25,1459
2025-09-15 12:45:00+00:00,24155.5,24156.0,24156.0,24148.75,986
2025-09-15 12:50:00+00:00,24155.25,24168.25,24168.25,24153.75,1875
2025-09-15 12:55:00+00:00,24168.0,24173.0,24175.0,24159.5,1993
2025-09-15 13:00:00+00:00,24173.25,24170.5,24179.0,24168.0,2484
2025-09-15 13:05:00+00:00,24171.0,24171.5,24178.5,24170.0,1547
2025-09-15 13:10:00+00:00,24171.75,24172.0,24176.25,24169.25,775
2025-09-15 13:15:00+00:00,24172.0,24170.0,24173.75,24162.25,2015
2025-09-15 13:20:00+00:00,24169.75,24173.5,24177.5,24169.0,1161
2025-09-15 13:25:00+00:00,24173.5,24177.0,24183.25,24167.5,2960
2025-09-15 13:30:00+00:00,24178.0,24201.0,24212.25,24172.0,15972
2025-09-15 13:35:00+00:00,24201.0,24214.5,24224.75,24196.0,11456
2025-09-15 13:40:00+00:00,24213.75,24204.0,24227.5,24197.75,12413
2025-09-15 13:45:00+00:00,24204.0,24228.5,24234.5,24204.0,10655
2025-09-15 13:50:00+00:00,24228.75,24246.5,24251.25,24226.0,12455
2025-09-15 13:55:00+00:00,24246.5,24260.5,24262.25,24238.75,9186
2025-09-15 14:00:00+00:00,24260.5,24253.0,24265.5,24248.75,9838
2025-09-15 14:05:00+00:00,24253.0,24249.5,24262.25,24245.5,7785
2025-09-15 14:10:00+00:00,24250.0,24247.75,24254.25,24238.0,7973
2025-09-15 14:15:00+00:00,24248.25,24241.25,24249.75,24239.0,4187
2025-09-15 14:20:00+00:00,24242.0,24235.0,24243.25,24229.0,8052
2025-09-15 14:25:00+00:00,24234.5,24254.5,24258.0,24230.5,9453
2025-09-15 14:30:00+00:00,24254.25,24240.75,24258.0,24221.0,8936
2025-09-15 14:35:00+00:00,24240.75,24248.25,24253.75,24237.0,5068
2025-09-15 14:40:00+00:00,24248.5,24255.5,24260.0,24246.0,4212
2025-09-15 14:45:00+00:00,24255.75,24244.25,24263.5,24240.0,5945
2025-09-15 14:50:00+00:00,24244.0,24251.75,24257.0,24240.5,3982
2025-09-15 14:55:00+00:00,24251.0,24262.0,24262.75,24251.0,3675
2025-09-15 15:00:00+00:00,24262.25,24265.75,24278.75,24257.5,7838
2025-09-15 15:05:00+00:00,24265.75,24249.5,24267.5,24249.0,5745
2025-09-15 15:10:00+00:00,24250.0,24255.75,24266.0,24245.5,5463
2025-09-15 15:15:00+00:00,24256.0,24250.0,24261.75,24247.0,3077
2025-09-15 15:20:00+00:00,24250.25,24247.5,24251.25,24240.5,4344
2025-09-15 15:25:00+00:00,24247.5,24253.75,24264.25,24247.5,5061
2025-09-15 15:30:00+00:00,24253.5,24250.5,24257.5,24250.0,2409
2025-09-15 15:35:00+00:00,24251.0,24265.0,24267.25,24250.25,3343
2025-09-15 15:40:00+00:00,24265.5,24261.0,24274.75,24260.25,5212
2025-09-15 15:45:00+00:00,24260.75,24277.5,24278.75,24258.5,5599
2025-09-15 15:50:00+00:00,24277.0,24281.5,24282.5,24272.5,4609
2025-09-15 15:55:00+00:00,24281.5,24279.75,24289.75,24275.0,5677
2025-09-15 16:00:00+00:00,24280.0,24270.0,24281.0,24266.0,4389
2025-09-15 16:05:00+00:00,24269.75,24283.25,24284.5,24269.0,3134
2025-09-15 16:10:00+00:00,24283.0,24286.0,24294.25,24276.25,4566
2025-09-15 16:15:00+00:00,24285.75,24281.75,24291.25,24280.5,2521
2025-09-15 16:20:00+00:00,24281.75,24279.25,24288.25,24276.75,2587
2025-09-15 16:25:00+00:00,24279.5,24270.0,24280.5,24267.5,3779
2025-09-15 16:30:00+00:00,24270.25,24284.75,24287.5,24268.75,3138
2025-09-15 16:35:00+00:00,24284.75,24284.5,24286.75,24276.75,2079
2025-09-15 16:40:00+00:00,24284.5,24283.5,24286.75,24275.5,2050
2025-09-15 16:45:00+00:00,24283.75,24276.75,24283.75,24272.0,1941
2025-09-15 16:50:00+00:00,24276.5,24273.5,24280.25,24268.0,2448
2025-09-15 16:55:00+00:00,24273.0,24265.75,24275.75,24260.0,4570
2025-09-15 17:00:00+00:00,24266.25,24264.5,24271.0,24262.25,2484
2025-09-15 17:05:00+00:00,24264.75,24273.0,24280.25,24264.75,2992
2025-09-15 17:10:00+00:00,24273.0,24266.0,24275.5,24262.0,3136
2025-09-15 17:15:00+00:00,24265.5,24259.75,24268.75,24256.25,3414
2025-09-15 17:20:00+00:00,24259.5,24261.25,24265.25,24253.0,3608
2025-09-15 17:25:00+00:00,24261.0,24253.5,24262.25,24253.5,1881
2025-09-15 17:30:00+00:00,24253.75,24258.25,24261.5,24248.75,4873
2025-09-15 17:35:00+00:00,24258.25,24263.25,24265.75,24251.5,3006
2025-09-15 17:40:00+00:00,24263.25,24268.5,24273.0,24263.0,2913
2025-09-15 17:45:00+00:00,24268.5,24276.0,24277.0,24263.0,2513
2025-09-15 17:50:00+00:00,24276.0,24276.25,24279.25,24273.5,1943
2025-09-15 17:55:00+00:00,24276.75,24287.25,24288.25,24275.25,3363
2025-09-15 18:00:00+00:00,24286.75,24286.75,24288.0,24277.75,2913
2025-09-15 18:05:00+00:00,24287.0,24282.25,24292.0,24280.0,2449
2025-09-15 18:10:00+00:00,24282.25,24282.0,24286.0,24273.25,2396
2025-09-15 18:15:00+00:00,24281.5,24275.5,24285.0,24270.75,2625
2025-09-15 18:20:00+00:00,24275.0,24272.0,24277.0,24270.0,1260
2025-09-15 18:25:00+00:00,24272.0,24264.5,24276.25,24263.75,2414
2025-09-15 18:30:00+00:00,24264.5,24276.25,24279.5,24263.25,2992
2025-09-15 18:35:00+00:00,24276.25,24266.75,24278.5,24265.0,2120
2025-09-15 18:40:00+00:00,24266.75,24252.0,24267.5,24245.25,5894
2025-09-15 18:45:00+00:00,24252.0,24261.75,24263.0,24251.5,3303
2025-09-15 18:50:00+00:00,24261.5,24272.25,24273.5,24258.0,3547
2025-09-15 18:55:00+00:00,24273.0,24271.0,24274.0,24266.0,1926
2025-09-15 19:00:00+00:00,24272.0,24267.0,24277.75,24265.75,3059
2025-09-15 19:05:00+00:00,24267.5,24273.0,24276.0,24262.5,2371
2025-09-15 19:10:00+00:00,24273.25,24271.0,24278.75,24269.5,1643
2025-09-15 19:15:00+00:00,24270.25,24273.75,24273.75,24261.5,2709
2025-09-15 19:20:00+00:00,24273.5,24273.25,24277.5,24268.25,1973
2025-09-15 19:25:00+00:00,24273.0,24273.75,24277.75,24269.25,1946
2025-09-15 19:30:00+00:00,24273.25,24276.75,24278.0,24268.75,2272
2025-09-15 19:35:00+00:00,24277.75,24279.75,24283.75,24273.5,2612
2025-09-15 19:40:00+00:00,24279.75,24278.0,24285.5,24275.25,2662
2025-09-15 19:45:00+00:00,24277.5,24290.5,24293.0,24275.25,3982
2025-09-15 19:50:00+00:00,24290.25,24287.75,24291.75,24265.5,7422
2025-09-15 19:55:00+00:00,24287.5,24311.0,24315.75,24276.0,13206
2025-09-15 20:00:00+00:00,24311.25,24293.75,24313.5,24292.25,4919
2025-09-15 20:05:00+00:00,24294.0,24296.25,24300.75,24290.0,2191
2025-09-15 20:10:00+00:00,24296.5,24287.75,24296.5,24285.75,1612
2025-09-15 20:15:00+00:00,24287.75,24295.25,24297.25,24286.25,754
2025-09-15 20:20:00+00:00,24295.0,24295.25,24299.0,24294.25,556
2025-09-15 20:25:00+00:00,24295.75,24289.75,24296.5,24289.5,544
2025-09-15 20:30:00+00:00,24290.0,24293.0,24294.25,24289.25,534
2025-09-15 20:35:00+00:00,24292.5,24298.0,24298.5,24291.75,789
2025-09-15 20:40:00+00:00,24297.25,24301.5,24304.25,24296.5,1133
2025-09-15 20:45:00+00:00,24300.75,24299.0,24303.75,24298.0,1069
2025-09-15 20:50:00+00:00,24299.0,24299.0,24304.0,24297.5,793
2025-09-15 20:55:00+00:00,24298.25,24295.75,24301.75,24295.0,944
2025-09-15 22:00:00+00:00,24294.5,24290.25,24297.5,24285.0,0
2025-09-15 22:05:00+00:00,24290.0,24291.75,24295.5,24287.75,459
2025-09-15 22:10:00+00:00,24291.75,24291.75,24294.0,24288.5,480
2025-09-15 22:15:00+00:00,24291.75,24290.0,24292.25,24288.5,273
2025-09-15 22:20:00+00:00,24289.0,24290.75,24295.75,24287.0,282
2025-09-15 22:25:00+00:00,24290.75,24288.75,24291.5,24287.0,153
2025-09-15 22:30:00+00:00,24289.25,24286.0,24289.75,24284.25,331
2025-09-15 22:35:00+00:00,24286.5,24287.75,24290.0,24285.25,169
2025-09-15 22:40:00+00:00,24288.25,24292.0,24292.5,24288.25,163
2025-09-15 22:45:00+00:00,24291.5,24290.5,24292.0,24289.25,155
2025-09-15 22:50:00+00:00,24290.75,24289.75,24292.75,24289.0,112
2025-09-15 22:55:00+00:00,24289.25,24289.0,24290.75,24284.5,174
2025-09-15 23:00:00+00:00,24289.75,24290.25,24292.5,24286.75,147
2025-09-15 23:05:00+00:00,24290.75,24289.0,24292.5,24288.75,83
2025-09-15 23:10:00+00:00,24288.75,24289.25,24292.0,24288.25,122
2025-09-15 23:15:00+00:00,24289.5,24298.25,24299.25,24289.5,466
2025-09-15 23:20:00+00:00,24299.0,24304.75,24305.75,24297.75,401
2025-09-15 23:25:00+00:00,24304.5,24304.5,24308.0,24303.25,355
2025-09-15 23:30:00+00:00,24304.0,24302.0,24304.75,24298.0,283
2025-09-15 23:35:00+00:00,24302.25,24301.25,24303.0,24298.75,197
2025-09-15 23:40:00+00:00,24300.75,24300.75,24305.5,24299.0,192
2025-09-15 23:45:00+00:00,24300.5,24301.0,24302.5,24296.25,236
2025-09-15 23:50:00+00:00,24301.75,24303.0,24303.75,24299.75,288
2025-09-15 23:55:00+00:00,24303.0,24305.0,24305.75,24302.5,164
2025-09-16 00:00:00+00:00,24305.25,24302.25,24305.5,24296.75,426
2025-09-16 00:05:00+00:00,24302.25,24301.0,24303.0,24299.0,153
2025-09-16 00:10:00+00:00,24301.25,24298.5,24302.0,24297.5,153
2025-09-16 00:15:00+00:00,24298.5,24299.75,24300.5,24294.0,250
2025-09-16 00:20:00+00:00,24299.25,24297.5,24301.0,24297.5,112
2025-09-16 00:25:00+00:00,24297.5,24294.25,24298.0,24292.5,209
2025-09-16 00:30:00+00:00,24294.75,24292.75,24295.5,24284.25,619
2025-09-16 00:35:00+00:00,24292.75,24295.5,24295.5,24290.5,196
2025-09-16 00:40:00+00:00,24295.25,24299.0,24300.0,24293.5,284
2025-09-16 00:45:00+00:00,24299.5,24302.0,24304.5,24295.5,407
2025-09-16 00:50:00+00:00,24303.0,24303.0,24304.75,24300.0,213
2025-09-16 00:55:00+00:00,24302.0,24303.0,24303.75,24300.25,100
2025-09-16 01:00:00+00:00,24303.5,24303.5,24304.0,24300.0,154
2025-09-16 01:05:00+00:00,24304.0,24308.25,24310.0,24304.0,478
2025-09-16 01:10:00+00:00,24308.5,24309.25,24314.0,24307.75,407
2025-09-16 01:15:00+00:00,24310.0,24309.25,24311.75,24308.25,177
2025-09-16 01:20:00+00:00,24308.5,24309.0,24309.75,24307.5,170
2025-09-16 01:25:00+00:00,24309.5,24307.5,24311.5,24306.75,157
2025-09-16 01:30:00+00:00,24307.5,24311.0,24311.25,24307.25,143
2025-09-16 01:35:00+00:00,24310.75,24313.5,24314.5,24310.0,269
2025-09-16 01:40:00+00:00,24314.25,24318.25,24320.25,24310.25,814
2025-09-16 01:45:00+00:00,24319.0,24317.5,24320.25,24316.5,374
2025-09-16 01:50:00+00:00,24317.5,24314.25,24318.5,24311.75,358
2025-09-16 01:55:00+00:00,24313.0,24314.5,24316.25,24312.25,206
2025-09-16 02:00:00+00:00,24314.5,24315.5,24316.25,24312.0,132
2025-09-16 02:05:00+00:00,24316.0,24316.25,24317.75,24314.0,187
2025-09-16 02:10:00+00:00,24316.25,24318.25,24320.25,24316.25,278
2025-09-16 02:15:00+00:00,24319.0,24321.0,24324.0,24318.25,498
2025-09-16 02:20:00+00:00,24321.25,24321.0,24322.25,24319.25,191
2025-09-16 02:25:00+00:00,24320.5,24323.25,24325.0,24319.75,226
2025-09-16 02:30:00+00:00,24323.25,24338.5,24344.0,24323.25,1317
2025-09-16 02:35:00+00:00,24337.25,24332.75,24338.75,24331.75,370
2025-09-16 02:40:00+00:00,24332.25,24331.25,24332.5,24327.25,192
2025-09-16 02:45:00+00:00,24331.75,24331.0,24332.0,24328.0,168
2025-09-16 02:50:00+00:00,24330.0,24330.75,24332.0,24329.75,101
2025-09-16 02:55:00+00:00,24329.75,24328.25,24329.75,24326.5,81
2025-09-16 03:00:00+00:00,24332.0,24332.5,24332.5,24330.25,240
2025-09-16 03:05:00+00:00,24332.0,24335.25,24335.75,24331.5,268
2025-09-16 03:10:00+00:00,24335.5,24335.0,24337.25,24333.75,146
2025-09-16 03:15:00+00:00,24335.25,24335.25,24335.5,24333.0,108
2025-09-16 03:20:00+00:00,24333.5,24334.0,24335.75,24331.75,110
2025-09-16 03:25:00+00:00,24335.0,24338.0,24339.5,24334.75,225
2025-09-16 03:30:00+00:00,24337.25,24342.75,24346.25,24336.25,577
2025-09-16 03:35:00+00:00,24341.75,24340.0,24342.75,24337.0,293
2025-09-16 03:40:00+00:00,24340.5,24339.75,24343.0,24339.0,155
2025-09-16 03:45:00+00:00,24340.25,24343.75,24344.25,24337.5,162
2025-09-16 03:50:00+00:00,24343.5,24340.25,24343.75,24337.0,244
2025-09-16 03:55:00+00:00,24340.75,24344.5,24344.75,24340.5,166
2025-09-16 04:05:00+00:00,24340.75,24339.75,24340.75,24339.25,386
2025-09-16 04:10:00+00:00,24340.0,24335.5,24340.0,24333.75,299
2025-09-16 04:15:00+00:00,24335.5,24337.5,24339.5,24335.25,257
2025-09-16 04:20:00+00:00,24337.5,24341.25,24343.0,24337.5,202
2025-09-16 04:25:00+00:00,24340.5,24339.0,24341.25,24338.0,106
2025-09-16 04:30:00+00:00,24339.0,24339.0,24339.5,24335.5,134
2025-09-16 04:35:00+00:00,24339.0,24339.75,24341.75,24337.5,182
2025-09-16 04:40:00+00:00,24339.5,24340.5,24343.5,24339.25,116
2025-09-16 04:45:00+00:00,24340.5,24338.5,24340.75,24337.25,70
2025-09-16 04:50:00+00:00,24338.0,24338.25,24339.0,24335.25,147
2025-09-16 04:55:00+00:00,24338.0,24338.75,24340.75,24337.25,114
2025-09-16 05:00:00+00:00,24339.0,24338.75,24341.5,24335.5,162
2025-09-16 05:05:00+00:00,24339.25,24343.75,24344.75,24338.0,218
2025-09-16 05:10:00+00:00,24343.25,24348.25,24352.0,24342.25,567
2025-09-16 05:15:00+00:00,24348.5,24343.5,24349.75,24341.0,285
2025-09-16 05:20:00+00:00,24343.25,24345.5,24346.25,24340.25,265
2025-09-16 05:25:00+00:00,24345.25,24348.25,24349.75,24344.0,249
2025-09-16 05:30:00+00:00,24347.5,24342.5,24348.25,24340.75,263
2025-09-16 05:35:00+00:00,24343.0,24348.0,24348.0,24343.0,92
2025-09-16 05:40:00+00:00,24347.25,24348.75,24350.25,24344.5,659
2025-09-16 05:45:00+00:00,24348.5,24351.5,24352.5,24344.0,224
2025-09-16 05:50:00+00:00,24351.5,24357.75,24360.5,24351.5,661
2025-09-16 05:55:00+00:00,24356.75,24352.75,24357.25,24351.5,551
2025-09-16 06:00:00+00:00,24353.0,24361.25,24361.5,24352.25,313
2025-09-16 06:05:00+00:00,24355.75,24357.75,24357.75,24354.0,309
2025-09-16 06:10:00+00:00,24357.75,24360.0,24361.25,24356.5,254
2025-09-16 06:15:00+00:00,24359.75,24359.25,24360.25,24356.5,193
2025-09-16 06:20:00+00:00,24359.0,24355.0,24361.5,24355.0,191
2025-09-16 06:25:00+00:00,24355.75,24352.5,24356.25,24350.25,285
2025-09-16 06:30:00+00:00,24352.0,24346.0,24352.5,24343.5,639
2025-09-16 06:35:00+00:00,24345.75,24347.0,24349.0,24342.5,260
2025-09-16 06:40:00+00:00,24347.0,24351.75,24353.75,24345.0,261
2025-09-16 06:45:00+00:00,24351.75,24347.5,24351.75,24347.0,170
2025-09-16 06:50:00+00:00,24348.0,24346.75,24349.5,24345.75,155
2025-09-16 06:55:00+00:00,24347.0,24346.25,24347.5,24343.75,193
2025-09-16 07:00:00+00:00,24346.75,24353.25,24354.0,24343.5,460
2025-09-16 07:05:00+00:00,24353.5,24348.5,24354.25,24340.25,474
2025-09-16 07:10:00+00:00,24348.25,24358.75,24363.0,24347.75,734
2025-09-16 07:15:00+00:00,24358.0,24363.25,24365.75,24352.0,535
2025-09-16 07:20:00+00:00,24364.0,24366.25,24372.5,24353.5,1128
2025-09-16 07:25:00+00:00,24365.5,24368.0,24369.5,24363.5,452
2025-09-16 07:30:00+00:00,24367.75,24614.5,24615.75,24364.0,31349
2025-09-16 07:35:00+00:00,24614.5,24370.75,24617.75,24366.5,0
2025-09-16 07:40:00+00:00,24613.25,24609.5,24614.25,24361.75,32376
2025-09-16 07:45:00+00:00,24367.75,24365.0,24610.0,24362.0,0
2025-09-16 07:50:00+00:00,24605.75,24601.25,24606.5,24353.75,33421
2025-09-16 07:55:00+00:00,24601.0,24602.25,24604.25,24356.5,483
2025-09-16 08:00:00+00:00,24360.0,24622.75,24625.5,24358.75,2556
2025-09-16 08:05:00+00:00,24622.0,24632.5,24635.25,24378.0,2603
2025-09-16 08:10:00+00:00,24390.5,24634.0,24635.25,24386.0,843
2025-09-16 08:15:00+00:00,24634.25,24629.5,24638.0,24386.5,1080
2025-09-16 08:20:00+00:00,24630.0,24633.75,24634.0,24382.25,1107
2025-09-16 08:25:00+00:00,24634.0,24636.25,24636.5,24385.5,1298
2025-09-16 08:30:00+00:00,24393.75,24386.75,24636.75,24385.5,0
2025-09-16 08:35:00+00:00,24628.25,24632.0,24632.25,24384.0,39896
2025-09-16 08:40:00+00:00,24632.0,24393.0,24638.5,24388.5,0
2025-09-16 08:45:00+00:00,24635.75,24645.5,24645.75,24392.5,41592
2025-09-16 08:50:00+00:00,24645.75,24643.5,24646.75,24397.0,1018
2025-09-16 08:55:00+00:00,24400.5,24639.25,24643.75,24390.25,998
2025-09-16 09:00:00+00:00,24639.5,24643.5,24645.5,24394.25,830
2025-09-16 09:05:00+00:00,24400.0,24643.0,24645.25,24396.0,543
2025-09-16 09:10:00+00:00,24398.25,24637.25,24642.25,24393.25,497
2025-09-16 09:15:00+00:00,24637.5,24631.0,24638.5,24385.0,803
2025-09-16 09:20:00+00:00,24387.5,24631.0,24635.0,24385.5,654
2025-09-16 09:25:00+00:00,24631.5,24632.5,24634.75,24385.0,548
2025-09-16 09:30:00+00:00,24632.0,24624.75,24632.75,24377.25,919
2025-09-16 09:35:00+00:00,24380.75,24373.25,24627.75,24373.0,0
2025-09-16 09:40:00+00:00,24373.5,24622.25,24623.25,24373.5,45003
2025-09-16 09:45:00+00:00,24621.5,24377.75,24625.25,24377.5,0
2025-09-16 09:50:00+00:00,24377.75,24624.75,24625.5,24375.75,45211
2025-09-16 09:55:00+00:00,24381.0,24382.25,24627.75,24376.0,0
2025-09-16 10:00:00+00:00,24381.75,24376.25,24626.75,24375.5,403
2025-09-16 10:05:00+00:00,24620.5,24622.0,24624.75,24374.0,46201
2025-09-16 10:10:00+00:00,24377.5,24622.25,24624.75,24373.5,532
2025-09-16 10:15:00+00:00,24622.0,24625.0,24625.25,24375.5,497
2025-09-16 10:20:00+00:00,24380.25,24629.75,24630.75,24379.0,776
2025-09-16 10:25:00+00:00,24630.0,24383.0,24630.75,24380.25,0
2025-09-16 10:30:00+00:00,24629.5,24624.5,24630.25,24377.0,47753
2025-09-16 10:35:00+00:00,24378.5,24377.5,24625.0,24374.75,0
2025-09-16 10:40:00+00:00,24377.75,24622.0,24625.0,24375.25,48192
2025-09-16 10:45:00+00:00,24375.75,24625.75,24628.0,24375.25,626
2025-09-16 10:50:00+00:00,24380.0,24632.0,24632.25,24378.75,652
2025-09-16 10:55:00+00:00,24631.75,24380.25,24631.75,24377.5,0
2025-09-16 11:00:00+00:00,24380.5,24623.5,24627.0,24374.25,50350
2025-09-16 11:05:00+00:00,24622.75,24623.5,24626.0,24370.25,839
2025-09-16 11:10:00+00:00,24624.0,24621.5,24627.5,24373.0,912
2025-09-16 11:15:00+00:00,24620.75,24608.75,24620.75,24355.25,2096
2025-09-16 11:20:00+00:00,24363.5,24611.5,24614.75,24361.25,0
2025-09-16 11:25:00+00:00,24611.0,24366.0,24615.0,24364.25,306
2025-09-16 11:30:00+00:00,24610.0,24606.75,24614.0,24363.25,53616
2025-09-16 11:35:00+00:00,24363.5,24358.75,24608.75,24357.75,0
2025-09-16 11:40:00+00:00,24603.25,24600.75,24605.5,24354.5,55210
2025-09-16 11:45:00+00:00,24601.0,24601.25,24606.0,24356.5,773
2025-09-16 11:50:00+00:00,24601.0,24605.25,24605.5,24355.25,636
2025-09-16 11:55:00+00:00,24605.25,24605.0,24609.75,24360.5,895
2025-09-16 12:00:00+00:00,24361.5,24348.75,24607.0,24347.5,0
2025-09-16 12:05:00+00:00,24593.0,24350.75,24596.25,24346.25,514
2025-09-16 12:10:00+00:00,24351.25,24354.75,24601.25,24344.25,615
2025-09-16 12:15:00+00:00,24354.0,24598.5,24600.5,24350.25,59888
2025-09-16 12:20:00+00:00,24599.0,24594.5,24602.0,24349.25,1091
2025-09-16 12:25:00+00:00,24595.0,24591.0,24596.75,24342.75,1817
2025-09-16 12:30:00+00:00,24589.0,24354.5,24601.0,24340.25,0
2025-09-16 12:35:00+00:00,24598.0,24600.5,24608.25,24351.0,66111
2025-09-16 12:40:00+00:00,24600.25,24600.0,24601.0,24346.0,2495
2025-09-16 12:45:00+00:00,24356.5,24603.75,24605.75,24353.5,1470
2025-09-16 12:50:00+00:00,24604.0,24596.5,24604.0,24349.75,1302
2025-09-16 12:55:00+00:00,24351.75,24597.0,24604.75,24344.0,2164
2025-09-16 13:00:00+00:00,24597.25,24362.0,24607.75,24349.0,0
2025-09-16 13:05:00+00:00,24605.75,24354.0,24609.75,24352.25,1145
2025-09-16 13:10:00+00:00,24354.0,24596.75,24601.25,24352.25,73627
2025-09-16 13:15:00+00:00,24597.0,24355.5,24601.25,24350.75,0
2025-09-16 13:20:00+00:00,24355.0,24364.25,24609.5,24353.75,956
2025-09-16 13:25:00+00:00,24364.25,24588.25,24608.0,24342.75,81358
2025-09-16 13:30:00+00:00,24344.25,24569.5,24600.25,24314.25,26050
2025-09-16 13:35:00+00:00,24570.25,24557.5,24578.75,24311.25,17014
2025-09-16 13:40:00+00:00,24313.5,24567.75,24573.25,24308.75,0
2025-09-16 13:45:00+00:00,24323.75,24318.75,24570.25,24301.25,5922
2025-09-16 13:50:00+00:00,24318.25,24538.0,24566.0,24283.5,6927
2025-09-16 13:55:00+00:00,24294.25,24295.25,24546.75,24280.5,3701
2025-09-16 14:00:00+00:00,24294.5,24537.0,24548.0,24286.25,178514
2025-09-16 14:05:00+00:00,24536.75,24544.25,24555.5,24292.5,13632
2025-09-16 14:10:00+00:00,24301.0,24538.0,24550.75,24278.75,19763
2025-09-16 14:15:00+00:00,24295.25,24546.5,24560.0,24292.75,15826
2025-09-16 14:20:00+00:00,24546.75,24557.25,24561.0,24291.5,13782
2025-09-16 14:25:00+00:00,24314.0,24296.25,24557.75,24292.0,0
2025-09-16 14:30:00+00:00,24296.0,24545.25,24549.0,24292.25,237530
2025-09-16 14:35:00+00:00,24545.25,24291.0,24557.0,24285.0,0
2025-09-16 14:40:00+00:00,24533.75,24531.5,24538.75,24287.75,251579
2025-09-16 14:45:00+00:00,24532.0,24538.0,24544.0,24284.75,8548
2025-09-16 14:50:00+00:00,24538.25,24547.0,24550.75,24294.0,6131
2025-09-16 14:55:00+00:00,24304.5,24537.75,24547.5,24293.0,6267
2025-09-16 15:00:00+00:00,24538.0,24516.25,24539.5,24268.0,15428
2025-09-16 15:05:00+00:00,24516.75,24528.0,24530.0,24273.0,9377
2025-09-16 15:10:00+00:00,24285.75,24530.0,24536.25,24278.0,8935
2025-09-16 15:15:00+00:00,24287.75,24530.75,24534.5,24277.0,7287
2025-09-16 15:20:00+00:00,24289.25,24284.5,24542.0,24283.0,10580
2025-09-16 15:25:00+00:00,24284.5,24517.5,24532.0,24274.25,8966
2025-09-16 15:30:00+00:00,24517.25,24514.5,24524.25,24272.0,6943
2025-09-16 15:35:00+00:00,24273.75,24520.0,24521.75,24269.0,6922
2025-09-16 15:40:00+00:00,24278.25,24512.25,24523.5,24261.25,10369
2025-09-16 15:45:00+00:00,24511.75,24512.25,24524.0,24269.25,7481
2025-09-16 15:50:00+00:00,24511.75,24522.0,24525.75,24265.75,6313
2025-09-16 15:55:00+00:00,24280.75,24509.0,24525.25,24261.25,6164
2025-09-16 16:00:00+00:00,24508.75,24260.0,24515.75,24257.5,0
2025-09-16 16:05:00+00:00,24259.75,24273.0,24516.0,24259.0,1337
2025-09-16 16:10:00+00:00,24514.5,24517.5,24519.75,24268.0,356108
2025-09-16 16:15:00+00:00,24277.0,24275.75,24520.0,24273.5,0
2025-09-16 16:20:00+00:00,24516.25,24517.0,24518.75,24269.25,361710
2025-09-16 16:25:00+00:00,24516.25,24285.25,24528.75,24273.25,0
2025-09-16 16:30:00+00:00,24526.25,24521.25,24527.0,24276.0,369097
2025-09-16 16:35:00+00:00,24520.75,24283.75,24527.25,24265.5,0
2025-09-16 16:40:00+00:00,24284.5,24520.25,24527.25,24272.25,377766
2025-09-16 16:45:00+00:00,24279.25,24517.5,24524.75,24274.25,3908
2025-09-16 16:50:00+00:00,24517.25,24281.5,24524.0,24274.25,0
2025-09-16 16:55:00+00:00,24522.75,24524.0,24532.75,24281.0,387835
2025-09-16 17:00:00+00:00,24524.0,24531.0,24533.75,24282.75,3699
2025-09-16 17:05:00+00:00,24531.25,24535.75,24537.5,24286.75,4268
2025-09-16 17:10:00+00:00,24295.0,24537.25,24539.5,24291.0,3435
2025-09-16 17:15:00+00:00,24537.75,24295.25,24541.5,24293.0,0
2025-09-16 17:20:00+00:00,24295.25,24541.5,24546.0,24294.5,402697
2025-09-16 17:25:00+00:00,24541.75,24532.5,24542.25,24289.75,4328
2025-09-16 17:30:00+00:00,24292.75,24534.25,24536.75,24288.0,4426
2025-09-16 17:35:00+00:00,24293.0,24532.25,24535.5,24284.25,4276
2025-09-16 17:40:00+00:00,24532.5,24528.75,24532.75,24287.0,2690
2025-09-16 17:45:00+00:00,24288.75,24534.0,24535.75,24287.75,3193
2025-09-16 17:50:00+00:00,24533.5,24533.5,24534.5,24282.0,5796
2025-09-16 17:55:00+00:00,24533.5,24534.25,24538.5,24291.5,3504
2025-09-16 18:00:00+00:00,24534.25,24527.5,24535.0,24283.5,4585
2025-09-16 18:05:00+00:00,24527.5,24531.0,24539.25,24284.5,5353
2025-09-16 18:10:00+00:00,24531.0,24525.75,24534.75,24284.5,3172
2025-09-16 18:15:00+00:00,24286.25,24290.5,24531.25,24285.0,0
2025-09-16 18:20:00+00:00,24528.75,24531.5,24533.75,24286.25,438473
2025-09-16 18:25:00+00:00,24531.25,24530.5,24535.0,24290.0,2564
2025-09-16 18:30:00+00:00,24530.0,24531.25,24536.25,24288.5,2863
2025-09-16 18:35:00+00:00,24531.25,24532.0,24539.75,24290.5,3795
2025-09-16 18:40:00+00:00,24294.0,24536.0,24538.75,24294.0,2464
2025-09-16 18:45:00+00:00,24536.0,24540.75,24544.75,24298.0,3308
2025-09-16 18:50:00+00:00,24540.5,24543.5,24547.5,24302.25,4628
2025-09-16 18:55:00+00:00,24543.75,24546.75,24549.0,24302.75,3208
2025-09-16 19:00:00+00:00,24308.75,24311.75,24555.0,24307.5,0
2025-09-16 19:05:00+00:00,24312.0,24551.0,24558.25,24311.5,466804
2025-09-16 19:10:00+00:00,24313.5,24550.5,24553.25,24307.0,4482
2025-09-16 19:15:00+00:00,24550.5,24311.75,24552.5,24309.5,0
2025-09-16 19:20:00+00:00,24311.5,24549.5,24553.5,24309.0,473241
2025-09-16 19:25:00+00:00,24306.75,24536.75,24545.25,24295.0,8488
2025-09-16 19:30:00+00:00,24299.5,24535.75,24539.0,24294.0,5917
2025-09-16 19:35:00+00:00,24535.75,24534.75,24540.25,24291.75,5514
2025-09-16 19:40:00+00:00,24534.5,24536.25,24543.5,24294.75,5726
2025-09-16 19:45:00+00:00,24536.25,24544.5,24547.5,24298.0,4917
2025-09-16 19:50:00+00:00,24307.0,24303.0,24561.25,24298.5,0
2025-09-16 19:55:00+00:00,24303.0,24286.25,24548.75,24279.0,4841
2025-09-16 20:00:00+00:00,24524.25,24536.25,24539.0,24283.0,528228
2025-09-16 20:05:00+00:00,24297.5,24294.75,24537.5,24289.0,0
2025-09-16 20:10:00+00:00,24533.5,24534.75,24535.5,24291.5,529407
2025-09-16 20:15:00+00:00,24535.0,24539.25,24541.0,24295.25,1235
2025-09-16 20:20:00+00:00,24300.0,24537.25,24539.25,24296.75,676
2025-09-16 20:25:00+00:00,24538.0,24538.75,24539.5,24296.5,379
2025-09-16 20:30:00+00:00,24538.75,24539.5,24542.0,24299.0,1199
2025-09-16 20:35:00+00:00,24300.75,24542.25,24542.25,24300.0,949
2025-09-16 20:40:00+00:00,24303.0,24542.0,24542.5,24301.25,708
2025-09-16 20:45:00+00:00,24303.0,24539.75,24544.0,24298.75,953
2025-09-16 20:50:00+00:00,24300.75,24539.0,24542.25,24299.5,1325
2025-09-16 20:55:00+00:00,24539.25,24531.0,24540.75,24291.5,1360
2025-09-16 22:00:00+00:00,24531.0,24530.75,24536.0,24286.5,0
2025-09-16 22:05:00+00:00,24531.25,24534.75,24536.75,24292.25,1026
2025-09-16 22:10:00+00:00,24535.0,24300.75,24540.25,24295.25,0
2025-09-16 22:15:00+00:00,24539.5,24298.5,24540.5,24296.25,206
2025-09-16 22:20:00+00:00,24298.75,24305.75,24545.5,24298.25,222
2025-09-16 22:25:00+00:00,24306.0,24545.5,24546.25,24302.75,4766
2025-09-16 22:30:00+00:00,24307.25,24548.25,24549.5,24306.5,1134
2025-09-16 22:35:00+00:00,24547.75,24549.25,24551.5,24308.25,700
2025-09-16 22:40:00+00:00,24549.0,24547.0,24550.5,24305.75,875
2025-09-16 22:45:00+00:00,24307.75,24548.75,24549.5,24306.25,366
2025-09-16 22:50:00+00:00,24548.0,24549.25,24550.0,24307.5,370
2025-09-16 22:55:00+00:00,24549.25,24546.0,24550.0,24306.5,300
2025-09-16 23:00:00+00:00,24546.0,24547.25,24550.25,24306.25,369
2025-09-16 23:05:00+00:00,24308.25,24547.75,24548.75,24306.75,197
2025-09-16 23:10:00+00:00,24308.5,24545.0,24547.75,24305.0,229
2025-09-16 23:15:00+00:00,24306.0,24546.25,24547.0,24302.25,549
2025-09-16 23:20:00+00:00,24307.0,24541.75,24546.5,24302.75,459
2025-09-16 23:25:00+00:00,24302.75,24538.25,24542.0,24296.75,674
2025-09-16 23:30:00+00:00,24537.75,24539.25,24542.0,24298.5,647
2025-09-16 23:35:00+00:00,24300.5,24542.75,24543.75,24300.5,450
2025-09-16 23:40:00+00:00,24542.75,24540.5,24544.5,24301.0,404
2025-09-16 23:45:00+00:00,24540.25,24301.5,24543.0,24300.5,0
2025-09-16 23:50:00+00:00,24540.75,24543.25,24543.75,24301.0,10847
2025-09-16 23:55:00+00:00,24543.25,24304.5,24546.25,24304.0,0
2025-09-17 00:00:00+00:00,24304.25,24308.5,24549.25,24302.25,233
2025-09-17 00:05:00+00:00,24308.25,24548.0,24550.0,24307.25,12645
2025-09-17 00:10:00+00:00,24547.5,24534.0,24549.5,24292.0,1672
2025-09-17 00:15:00+00:00,24294.75,24537.25,24539.0,24294.25,886
2025-09-17 00:20:00+00:00,24537.25,24534.5,24538.75,24294.0,616
2025-09-17 00:25:00+00:00,24295.5,24539.75,24540.25,24295.5,462
2025-09-17 00:30:00+00:00,24300.25,24299.0,24543.25,24298.5,0
2025-09-17 00:35:00+00:00,24299.0,24294.5,24538.5,24291.5,215
2025-09-17 00:40:00+00:00,24533.25,24534.5,24538.75,24294.5,16574
2025-09-17 00:45:00+00:00,24534.0,24301.25,24540.5,24294.0,0
2025-09-17 00:50:00+00:00,24540.75,24540.5,24541.0,24297.0,16874
2025-09-17 00:55:00+00:00,24541.0,24301.25,24542.75,24300.0,0
2025-09-17 01:00:00+00:00,24540.75,24544.5,24546.0,24301.5,17700
2025-09-17 01:05:00+00:00,24544.5,24544.5,24545.25,24303.0,432
2025-09-17 01:10:00+00:00,24544.5,24545.25,24547.25,24303.25,439
2025-09-17 01:15:00+00:00,24305.5,24540.0,24544.75,24299.75,649
2025-09-17 01:20:00+00:00,24540.25,24540.25,24541.5,24296.75,523
2025-09-17 01:25:00+00:00,24540.0,24301.25,24543.25,24298.25,0
2025-09-17 01:30:00+00:00,24540.0,24530.75,24540.25,24290.75,20271
2025-09-17 01:35:00+00:00,24292.25,24529.0,24535.0,24290.25,709
2025-09-17 01:40:00+00:00,24529.25,24533.5,24535.0,24291.0,553
2025-09-17 01:45:00+00:00,24533.5,24296.0,24536.0,24294.0,0
2025-09-17 01:50:00+00:00,24536.0,24295.5,24536.0,24293.0,96
2025-09-17 01:55:00+00:00,24534.0,24531.0,24536.0,24291.5,21658
2025-09-17 02:00:00+00:00,24530.75,24289.5,24533.25,24289.5,0
2025-09-17 02:05:00+00:00,24529.0,24528.75,24531.25,24287.5,22407
2025-09-17 02:10:00+00:00,24290.25,24526.25,24529.75,24285.0,650
2025-09-17 02:15:00+00:00,24526.25,24522.0,24527.25,24281.25,644
2025-09-17 02:20:00+00:00,24283.0,24513.5,24522.25,24273.5,1174
2025-09-17 02:25:00+00:00,24275.0,24518.25,24519.5,24274.75,658
2025-09-17 02:30:00+00:00,24518.5,24521.0,24524.5,24277.25,638
2025-09-17 02:35:00+00:00,24521.0,24520.5,24521.25,24279.25,477
2025-09-17 02:40:00+00:00,24520.0,24522.25,24523.75,24281.0,349
2025-09-17 02:45:00+00:00,24283.5,24519.5,24524.75,24279.25,332
2025-09-17 02:50:00+00:00,24519.25,24520.0,24522.75,24279.0,279
2025-09-17 02:55:00+00:00,24521.0,24524.25,24525.5,24280.75,380
2025-09-17 03:00:00+00:00,24284.25,24523.25,24524.5,24280.5,318
2025-09-17 03:05:00+00:00,24523.25,24282.0,24525.0,24281.5,0
2025-09-17 03:10:00+00:00,24521.75,24524.5,24525.25,24281.25,26655
2025-09-17 03:15:00+00:00,24524.5,24523.0,24524.5,24282.0,234
2025-09-17 03:20:00+00:00,24524.0,24521.75,24526.75,24282.0,325
2025-09-17 03:25:00+00:00,24283.0,24522.5,24523.0,24282.5,205
2025-09-17 03:30:00+00:00,24522.25,24521.0,24523.0,24279.5,455
2025-09-17 03:35:00+00:00,24281.0,24517.75,24521.0,24278.75,297
2025-09-17 03:40:00+00:00,24518.0,24282.5,24522.5,24278.5,0
2025-09-17 03:45:00+00:00,24521.25,24519.25,24523.0,24280.0,28083
2025-09-17 03:50:00+00:00,24519.5,24278.25,24520.75,24278.25,0
2025-09-17 03:55:00+00:00,24278.25,24517.75,24520.25,24278.0,28405
2025-09-17 04:05:00+00:00,24518.25,24518.75,24519.25,24279.5,895
2025-09-17 04:10:00+00:00,24280.25,24513.5,24521.25,24274.5,401
2025-09-17 04:15:00+00:00,24274.0,24513.75,24514.0,24268.5,1027
2025-09-17 04:20:00+00:00,24514.0,24512.75,24516.75,24273.0,445
2025-09-17 04:25:00+00:00,24272.75,24511.75,24514.5,24272.0,191
2025-09-17 04:30:00+00:00,24511.75,24511.75,24516.0,24272.25,243
2025-09-17 04:35:00+00:00,24512.25,24519.25,24520.5,24272.5,441
2025-09-17 04:40:00+00:00,24280.75,24518.5,24522.0,24279.5,312
2025-09-17 04:45:00+00:00,24518.75,24516.0,24520.0,24277.0,196
2025-09-17 04:50:00+00:00,24277.25,24278.5,24518.5,24277.25,0
2025-09-17 04:55:00+00:00,24517.25,24518.75,24519.25,24277.5,31498
2025-09-17 05:00:00+00:00,24280.5,24280.75,24521.75,24278.5,0
2025-09-17 05:05:00+00:00,24281.0,24287.0,24526.75,24271.0,300
2025-09-17 05:10:00+00:00,24525.25,24519.5,24527.0,24279.5,33112
2025-09-17 05:15:00+00:00,24519.0,24507.75,24520.5,24262.25,1691
2025-09-17 05:20:00+00:00,24507.0,24511.5,24516.0,24267.5,787
2025-09-17 05:25:00+00:00,24511.25,24511.0,24512.5,24270.5,238
2025-09-17 05:30:00+00:00,24511.0,24511.0,24511.25,24269.75,296
2025-09-17 05:35:00+00:00,24511.5,24512.5,24512.75,24268.5,426
2025-09-17 05:40:00+00:00,24512.0,24275.75,24515.75,24270.0,0
2025-09-17 05:45:00+00:00,24514.75,24516.5,24519.5,24275.75,36298
2025-09-17 05:50:00+00:00,24517.0,24516.5,24517.75,24274.75,324
2025-09-17 05:55:00+00:00,24516.5,24518.0,24519.5,24277.0,198
2025-09-17 06:00:00+00:00,24518.25,24517.0,24524.75,24278.25,1165
2025-09-17 06:05:00+00:00,24516.75,24277.0,24520.0,24276.5,0
2025-09-17 06:10:00+00:00,24277.25,24283.5,24522.25,24271.25,336
2025-09-17 06:15:00+00:00,24283.0,24278.0,24522.25,24277.75,134
2025-09-17 06:20:00+00:00,24277.5,24526.25,24526.75,24277.5,39645
2025-09-17 06:25:00+00:00,24526.5,24285.5,24529.5,24285.0,0
2025-09-17 06:30:00+00:00,24285.75,24523.25,24526.25,24278.25,40762
2025-09-17 06:35:00+00:00,24524.25,24528.25,24529.25,24284.25,492
2025-09-17 06:40:00+00:00,24528.0,24529.25,24530.75,24285.25,527
2025-09-17 06:45:00+00:00,24289.25,24288.25,24530.75,24287.25,0
2025-09-17 06:50:00+00:00,24288.0,24530.75,24534.0,24288.0,42237
2025-09-17 06:55:00+00:00,24289.5,24292.0,24534.0,24287.75,0
2025-09-17 07:00:00+00:00,24291.5,24294.75,24535.25,24284.75,310
2025-09-17 07:05:00+00:00,24295.25,24536.5,24538.75,24289.25,44640
2025-09-17 07:10:00+00:00,24536.75,24532.25,24539.0,24291.75,744
2025-09-17 07:15:00+00:00,24292.5,24536.0,24536.75,24290.5,392
2025-09-17 07:20:00+00:00,24295.75,24542.5,24543.75,24295.0,1040
2025-09-17 07:25:00+00:00,24542.5,24548.25,24549.0,24301.5,1023
2025-09-17 07:30:00+00:00,24548.0,24553.0,24553.0,24306.0,1193
2025-09-17 07:35:00+00:00,24552.25,24545.0,24552.25,24302.25,960
2025-09-17 07:40:00+00:00,24545.0,24545.75,24548.25,24301.5,692
2025-09-17 07:45:00+00:00,24546.0,24546.0,24549.75,24303.5,1032
2025-09-17 07:50:00+00:00,24305.75,24548.5,24553.0,24305.75,687
2025-09-17 07:55:00+00:00,24548.25,24550.0,24551.0,24307.75,522
2025-09-17 08:00:00+00:00,24308.75,24539.5,24550.75,24299.5,1612
2025-09-17 08:05:00+00:00,24299.5,24541.0,24542.0,24292.5,1604
2025-09-17 08:10:00+00:00,24540.75,24527.75,24541.25,24287.5,944
2025-09-17 08:15:00+00:00,24288.75,24526.25,24531.0,24282.0,1434
2025-09-17 08:20:00+00:00,24526.5,24525.75,24529.5,24286.0,814
2025-09-17 08:25:00+00:00,24287.0,24527.0,24530.25,24285.75,659
2025-09-17 08:30:00+00:00,24527.75,24262.75,24529.0,24261.0,0
2025-09-17 08:35:00+00:00,24261.5,24487.25,24504.5,24231.75,67844
2025-09-17 08:40:00+00:00,24487.0,24485.5,24489.5,24218.0,5441
2025-09-17 08:45:00+00:00,24245.75,24499.5,24508.5,24240.25,3370
2025-09-17 08:50:00+00:00,24260.5,24269.5,24519.75,24260.5,0
2025-09-17 08:55:00+00:00,24509.0,24513.0,24514.5,24266.75,74359
2025-09-17 09:00:00+00:00,24274.75,24518.5,24519.0,24270.5,1349
2025-09-17 09:05:00+00:00,24518.25,24522.5,24533.0,24278.75,1969
2025-09-17 09:10:00+00:00,24282.75,24517.5,24524.25,24276.5,920
2025-09-17 09:15:00+00:00,24517.5,24515.75,24521.0,24272.25,1030
2025-09-17 09:20:00+00:00,24516.0,24279.25,24522.5,24276.25,0
2025-09-17 09:25:00+00:00,24518.75,24283.75,24526.0,24280.25,134
2025-09-17 09:30:00+00:00,24283.75,24525.75,24528.0,24282.5,80263
2025-09-17 09:35:00+00:00,24285.75,24526.0,24528.25,24284.5,411
2025-09-17 09:40:00+00:00,24526.25,24517.0,24529.0,24277.25,613
2025-09-17 09:45:00+00:00,24277.5,24516.5,24524.25,24275.75,746
2025-09-17 09:50:00+00:00,24517.0,24514.5,24518.0,24267.25,1203
2025-09-17 09:55:00+00:00,24514.5,24511.75,24518.5,24269.75,597
2025-09-17 10:00:00+00:00,24271.75,24514.5,24520.5,24268.0,716
2025-09-17 10:05:00+00:00,24275.0,24515.5,24516.25,24270.75,536
2025-09-17 10:10:00+00:00,24515.5,24504.25,24516.25,24264.0,1075
2025-09-17 10:15:00+00:00,24264.0,24506.75,24511.5,24262.75,1478
2025-09-17 10:20:00+00:00,24507.0,24262.5,24510.5,24262.25,0
2025-09-17 10:25:00+00:00,24502.75,24263.25,24504.75,24259.0,182
2025-09-17 10:30:00+00:00,24262.75,24501.5,24505.5,24255.75,88134
2025-09-17 10:35:00+00:00,24500.5,24503.75,24504.75,24250.0,2036
2025-09-17 10:40:00+00:00,24263.5,24499.25,24508.0,24259.25,1504
2025-09-17 10:45:00+00:00,24260.0,24500.0,24506.5,24260.0,727
2025-09-17 10:50:00+00:00,24500.0,24502.0,24502.5,24255.0,1159
2025-09-17 10:55:00+00:00,24502.25,24260.5,24502.25,24248.5,0
2025-09-17 11:00:00+00:00,24260.5,24494.25,24504.75,24252.75,95505
2025-09-17 11:05:00+00:00,24493.5,24263.5,24504.25,24247.0,0
2025-09-17 11:10:00+00:00,24263.0,24514.75,24519.5,24262.75,98549
2025-09-17 11:15:00+00:00,24514.75,24267.5,24516.25,24266.0,0
2025-09-17 11:20:00+00:00,24266.75,24272.75,24516.0,24266.75,154
2025-09-17 11:25:00+00:00,24272.5,24507.25,24514.25,24264.25,100382
2025-09-17 11:30:00+00:00,24507.0,24498.25,24508.25,24257.25,965
2025-09-17 11:35:00+00:00,24258.25,24492.0,24498.5,24247.0,2277
2025-09-17 11:40:00+00:00,24252.5,24490.0,24496.25,24250.0,1053
2025-09-17 11:45:00+00:00,24490.0,24502.0,24502.75,24251.0,1312
2025-09-17 11:50:00+00:00,24262.0,24506.5,24508.5,24261.25,777
2025-09-17 11:55:00+00:00,24505.5,24501.75,24506.25,24258.75,1142
2025-09-17 12:00:00+00:00,24263.75,24263.75,24509.25,24259.0,0
2025-09-17 12:05:00+00:00,24263.0,24261.5,24505.75,24260.5,127
2025-09-17 12:10:00+00:00,24262.25,24508.75,24509.5,24258.5,108983
2025-09-17 12:15:00+00:00,24268.25,24512.25,24512.25,24264.0,978
2025-09-17 12:20:00+00:00,24272.0,24273.25,24515.0,24269.0,0
2025-09-17 12:25:00+00:00,24273.0,24276.25,24519.0,24272.5,270
2025-09-17 12:30:00+00:00,24276.75,24277.25,24525.25,24276.5,441
2025-09-17 12:35:00+00:00,24276.5,24278.5,24523.0,24276.0,219
2025-09-17 12:40:00+00:00,24278.25,24512.5,24521.5,24271.25,114941
2025-09-17 12:45:00+00:00,24513.0,24275.0,24518.0,24267.5,0
2025-09-17 12:50:00+00:00,24274.75,24520.5,24520.5,24271.25,117964
2025-09-17 12:55:00+00:00,24280.5,24524.75,24525.75,24279.0,1834
2025-09-17 13:00:00+00:00,24284.75,24524.0,24528.5,24281.0,1958
2025-09-17 13:05:00+00:00,24284.0,24280.25,24528.25,24279.0,0
2025-09-17 13:10:00+00:00,24280.0,24280.75,24524.0,24279.0,301
2025-09-17 13:15:00+00:00,24280.75,24520.25,24523.75,24275.25,124423
2025-09-17 13:20:00+00:00,24520.5,24278.5,24521.5,24272.0,0
2025-09-17 13:25:00+00:00,24519.0,24521.5,24531.75,24276.25,130705
2025-09-17 13:30:00+00:00,24280.5,24261.25,24540.75,24256.0,0
2025-09-17 13:35:00+00:00,24501.75,24481.75,24510.75,24238.0,177293
2025-09-17 13:40:00+00:00,24481.5,24476.0,24488.0,24225.0,22764
2025-09-17 13:45:00+00:00,24235.75,24496.75,24500.0,24223.0,20745
2025-09-17 13:50:00+00:00,24496.5,24499.5,24520.5,24252.75,23728
2025-09-17 13:55:00+00:00,24259.25,24237.0,24506.75,24231.75,0
2025-09-17 14:00:00+00:00,24237.25,24231.5,24480.5,24206.25,4564
2025-09-17 14:05:00+00:00,24471.0,24465.5,24478.5,24222.0,279211
2025-09-17 14:10:00+00:00,24224.5,24474.5,24475.5,24219.5,10181
2025-09-17 14:15:00+00:00,24474.5,24464.0,24480.75,24213.25,12404
2025-09-17 14:20:00+00:00,24223.0,24214.0,24473.5,24212.0,0
2025-09-17 14:25:00+00:00,24214.0,24440.25,24458.5,24196.25,316753
2025-09-17 14:30:00+00:00,24200.75,24448.0,24459.75,24195.5,12931
2025-09-17 14:35:00+00:00,24208.25,24443.0,24449.75,24192.0,11582
2025-09-17 14:40:00+00:00,24201.5,24424.25,24449.25,24184.25,12528
2025-09-17 14:45:00+00:00,24185.25,24429.25,24435.0,24176.5,11862
2025-09-17 14:50:00+00:00,24188.5,24430.25,24432.0,24170.75,11745
2025-09-17 14:55:00+00:00,24190.0,24420.0,24436.5,24177.75,9265
2025-09-17 15:00:00+00:00,24180.5,24171.5,24425.75,24170.25,0
2025-09-17 15:05:00+00:00,24172.75,24416.25,24417.75,24164.25,385733
2025-09-17 15:10:00+00:00,24416.25,24193.25,24433.25,24168.25,0
2025-09-17 15:15:00+00:00,24431.5,24437.25,24443.0,24185.5,399747
2025-09-17 15:20:00+00:00,24197.75,24423.25,24438.75,24182.5,5969
2025-09-17 15:25:00+00:00,24423.5,24412.75,24425.5,24167.0,8477
2025-09-17 15:30:00+00:00,24412.75,24415.25,24420.5,24169.0,6643
2025-09-17 15:35:00+00:00,24415.5,24408.5,24423.75,24167.0,6116
2025-09-17 15:40:00+00:00,24169.75,24416.5,24418.25,24161.25,8510
2025-09-17 15:45:00+00:00,24177.25,24415.75,24424.0,24169.0,7417
2025-09-17 15:50:00+00:00,24176.25,24403.25,24418.25,24159.0,5250
2025-09-17 15:55:00+00:00,24163.5,24411.25,24414.75,24162.5,4120
2025-09-17 16:00:00+00:00,24410.75,24401.5,24414.0,24161.25,4407
2025-09-17 16:05:00+00:00,24161.25,24403.5,24411.25,24158.5,5905
2025-09-17 16:10:00+00:00,24162.5,24400.75,24405.0,24153.5,5513
2025-09-17 16:15:00+00:00,24160.5,24404.75,24407.25,24158.25,3670
2025-09-17 16:20:00+00:00,24164.25,24413.0,24416.25,24162.0,4575
2025-09-17 16:25:00+00:00,24172.75,24420.5,24421.75,24168.25,4890
2025-09-17 16:30:00+00:00,24179.5,24398.75,24421.0,24156.5,7428
2025-09-17 16:35:00+00:00,24157.25,24381.75,24403.5,24141.0,7786
2025-09-17 16:40:00+00:00,24381.75,24394.25,24396.75,24134.0,10404
2025-09-17 16:45:00+00:00,24154.5,24145.25,24395.25,24135.5,0
2025-09-17 16:50:00+00:00,24145.0,24394.5,24399.25,24145.0,493759
2025-09-17 16:55:00+00:00,24394.25,24389.75,24398.0,24143.25,3790
2025-09-17 17:00:00+00:00,24149.0,24399.5,24402.25,24148.5,4574
2025-09-17 17:05:00+00:00,24400.0,24397.25,24403.0,24154.5,2790
2025-09-17 17:10:00+00:00,24398.0,24161.0,24402.75,24147.75,0
2025-09-17 17:15:00+00:00,24161.75,24404.0,24404.5,24155.0,508411
2025-09-17 17:20:00+00:00,24404.25,24165.0,24407.75,24154.75,0
2025-09-17 17:25:00+00:00,24165.75,24409.75,24410.5,24160.75,514329
2025-09-17 17:30:00+00:00,24409.75,24421.0,24423.75,24168.75,5068
2025-09-17 17:35:00+00:00,24179.75,24442.0,24444.5,24178.5,7258
2025-09-17 17:40:00+00:00,24441.25,24435.75,24449.0,24191.75,7392
2025-09-17 17:45:00+00:00,24194.5,24188.5,24441.5,24186.25,0
2025-09-17 17:50:00+00:00,24429.0,24434.25,24434.5,24182.5,536817
2025-09-17 17:55:00+00:00,24193.0,24454.75,24460.0,24186.0,5109
2025-09-17 18:00:00+00:00,24214.75,24271.25,24524.25,24200.0,0
2025-09-17 18:05:00+00:00,24511.25,24441.25,24515.0,24195.75,600692
2025-09-17 18:10:00+00:00,24200.25,24323.75,24453.0,24083.25,43306
2025-09-17 18:15:00+00:00,24084.5,24374.75,24389.0,24052.75,39443
2025-09-17 18:20:00+00:00,24374.25,24173.5,24425.0,24094.5,0
2025-09-17 18:25:00+00:00,24173.75,24441.5,24444.25,24149.0,705796
2025-09-17 18:30:00+00:00,24442.0,24127.0,24453.75,24108.5,0
2025-09-17 18:35:00+00:00,24126.25,24324.5,24415.0,24084.75,756402
2025-09-17 18:40:00+00:00,24324.75,24318.75,24374.0,24050.75,31353
2025-09-17 18:45:00+00:00,24318.75,24341.75,24361.25,24027.0,30735
2025-09-17 18:50:00+00:00,24103.0,24029.5,24354.0,24003.5,0
2025-09-17 18:55:00+00:00,24028.5,24392.75,24397.25,24028.0,853623
2025-09-17 19:00:00+00:00,24391.75,24450.75,24455.25,24142.75,28963
2025-09-17 19:05:00+00:00,24450.5,24490.25,24512.5,24195.5,28912
2025-09-17 19:10:00+00:00,24489.5,24430.0,24519.25,24172.5,23988
2025-09-17 19:15:00+00:00,24190.0,24471.25,24502.25,24189.75,20260
2025-09-17 19:20:00+00:00,24471.75,24520.75,24529.5,24211.75,20023
2025-09-17 19:25:00+00:00,24520.75,24530.0,24550.75,24267.75,21919
2025-09-17 19:30:00+00:00,24285.0,24493.75,24547.25,24230.5,22573
2025-09-17 19:35:00+00:00,24250.5,24247.75,24530.5,24246.5,0
2025-09-17 19:40:00+00:00,24249.75,24499.75,24515.25,24233.75,1007493
2025-09-17 19:45:00+00:00,24255.25,24491.0,24503.5,24232.25,11728
2025-09-17 19:50:00+00:00,24247.25,24240.5,24510.5,24214.0,0
2025-09-17 19:55:00+00:00,24239.5,24231.5,24505.0,24206.0,4567
2025-09-17 20:00:00+00:00,24475.0,24503.75,24512.75,24229.25,1054547
2025-09-17 20:05:00+00:00,24260.5,24512.5,24523.25,24255.25,4179
2025-09-17 20:10:00+00:00,24512.25,24507.0,24518.75,24260.75,2661
2025-09-17 20:15:00+00:00,24264.0,24498.0,24508.75,24245.5,2765
2025-09-17 20:20:00+00:00,24255.75,24492.5,24501.0,24242.75,1425
2025-09-17 20:25:00+00:00,24492.75,24508.0,24509.5,24249.5,1546
2025-09-17 20:30:00+00:00,24508.0,24273.0,24517.75,24263.0,0
2025-09-17 20:35:00+00:00,24516.75,24502.25,24517.25,24257.25,1065168
2025-09-17 20:40:00+00:00,24502.5,24501.25,24504.0,24254.5,848
2025-09-17 20:45:00+00:00,24258.25,24491.75,24503.0,24246.75,803
2025-09-17 20:50:00+00:00,24491.25,24487.25,24492.75,24243.5,667
2025-09-17 20:55:00+00:00,24487.0,24259.5,24504.0,24243.0,751
2025-09-17 22:00:00+00:00,24260.0,24506.5,24509.5,24248.75,0
2025-09-17 22:05:00+00:00,24265.0,24515.25,24516.75,24263.25,1658
2025-09-17 22:10:00+00:00,24515.75,24516.75,24518.25,24266.5,949
2025-09-17 22:15:00+00:00,24516.25,24517.0,24518.0,24271.0,530
2025-09-17 22:20:00+00:00,24517.0,24522.0,24524.25,24271.0,996
2025-09-17 22:25:00+00:00,24522.75,24530.25,24532.0,24280.0,1376
2025-09-17 22:30:00+00:00,24530.25,24534.0,24534.0,24283.5,806
2025-09-17 22:35:00+00:00,24534.0,24541.0,24542.0,24288.75,1346
2025-09-17 22:40:00+00:00,24541.5,24545.25,24549.25,24295.75,1562
2025-09-17 22:45:00+00:00,24301.5,24319.25,24563.0,24298.5,0
2025-09-17 22:50:00+00:00,24318.25,24571.5,24573.25,24317.0,14926
2025-09-17 22:55:00+00:00,24327.25,24567.5,24572.5,24322.75,1385
2025-09-17 23:00:00+00:00,24567.25,24573.25,24575.0,24323.25,1846
2025-09-17 23:05:00+00:00,24573.75,24573.5,24576.5,24325.5,1221
2025-09-17 23:10:00+00:00,24574.0,24325.75,24577.25,24324.5,0
2025-09-17 23:15:00+00:00,24568.75,24331.0,24578.5,24324.75,178
2025-09-17 23:20:00+00:00,24331.25,24574.25,24577.0,24329.25,20967
2025-09-17 23:25:00+00:00,24574.25,24574.5,24576.25,24330.25,643
2025-09-17 23:30:00+00:00,24331.25,24578.25,24584.75,24331.25,1977
2025-09-17 23:35:00+00:00,24578.5,24572.25,24579.75,24328.25,1082
2025-09-17 23:40:00+00:00,24330.0,24572.25,24574.75,24325.5,1214
2025-09-17 23:45:00+00:00,24330.25,24585.0,24585.25,24330.0,1258
2025-09-17 23:50:00+00:00,24342.0,24584.25,24584.5,24336.0,893
2025-09-17 23:55:00+00:00,24341.75,24584.0,24588.0,24339.0,1042
2025-09-18 00:00:00+00:00,24584.25,24568.25,24584.75,24325.5,2116
2025-09-18 00:05:00+00:00,24568.25,24575.0,24578.0,24325.5,1269
2025-09-18 00:10:00+00:00,24575.25,24574.25,24579.5,24327.5,855
2025-09-18 00:15:00+00:00,24573.5,24572.5,24576.0,24329.25,384
2025-09-18 00:20:00+00:00,24571.75,24563.75,24573.25,24317.75,1840
2025-09-18 00:25:00+00:00,24321.0,24562.5,24567.0,24317.25,1032
2025-09-18 00:30:00+00:00,24563.25,24566.25,24568.0,24319.0,956
2025-09-18 00:35:00+00:00,24566.0,24563.25,24568.75,24320.0,534
2025-09-18 00:40:00+00:00,24563.5,24567.0,24570.0,24320.75,847
2025-09-18 00:45:00+00:00,24324.25,24564.75,24570.25,24320.25,828
2025-09-18 00:50:00+00:00,24321.0,24567.5,24568.25,24317.75,1361
2025-09-18 00:55:00+00:00,24323.5,24564.5,24570.75,24320.5,628
2025-09-18 01:00:00+00:00,24564.5,24568.25,24569.25,24317.25,871
2025-09-18 01:05:00+00:00,24568.5,24585.0,24591.0,24323.25,3258
2025-09-18 01:10:00+00:00,24585.0,24344.0,24594.25,24341.25,0
2025-09-18 01:15:00+00:00,24587.75,24577.5,24588.5,24333.75,44128
2025-09-18 01:20:00+00:00,24578.0,24577.25,24578.5,24324.25,1495
2025-09-18 01:25:00+00:00,24333.5,24577.0,24580.5,24331.25,686
2025-09-18 01:30:00+00:00,24577.0,24582.0,24585.25,24331.75,799
2025-09-18 01:35:00+00:00,24582.25,24587.5,24588.0,24339.0,655
2025-09-18 01:40:00+00:00,24587.75,24588.0,24589.5,24341.0,636
2025-09-18 01:45:00+00:00,24588.0,24591.0,24593.5,24343.75,769
2025-09-18 01:50:00+00:00,24591.0,24348.75,24593.25,24343.25,0
2025-09-18 01:55:00+00:00,24349.75,24593.25,24597.25,24348.5,49524
2025-09-18 02:00:00+00:00,24349.0,24349.0,24593.5,24346.25,0
2025-09-18 02:05:00+00:00,24592.0,24588.25,24593.0,24344.0,50400
2025-09-18 02:10:00+00:00,24587.75,24597.25,24598.0,24343.25,816
2025-09-18 02:15:00+00:00,24597.0,24604.0,24605.5,24353.25,1664
2025-09-18 02:20:00+00:00,24604.25,24603.25,24606.25,24356.5,1124
2025-09-18 02:25:00+00:00,24603.5,24604.5,24605.5,24358.75,484
2025-09-18 02:30:00+00:00,24604.5,24603.25,24606.25,24359.75,593
2025-09-18 02:35:00+00:00,24603.0,24367.25,24612.0,24360.25,0
2025-09-18 02:40:00+00:00,24610.25,24611.25,24613.5,24365.75,55717
2025-09-18 02:45:00+00:00,24611.5,24616.75,24617.5,24367.75,1089
2025-09-18 02:50:00+00:00,24616.5,24615.75,24619.75,24370.0,1072
2025-09-18 02:55:00+00:00,24616.25,24620.5,24622.75,24371.0,1194
2025-09-18 03:00:00+00:00,24620.75,24639.0,24644.75,24376.75,3767
2025-09-18 03:05:00+00:00,24396.5,24636.5,24642.75,24391.0,1550
2025-09-18 03:10:00+00:00,24636.25,24388.25,24637.25,24386.0,0
2025-09-18 03:15:00+00:00,24631.25,24636.5,24636.75,24386.5,64047
2025-09-18 03:20:00+00:00,24393.75,24396.75,24642.25,24392.5,0
2025-09-18 03:25:00+00:00,24395.0,24637.75,24643.0,24394.25,65708
2025-09-18 03:30:00+00:00,24395.5,24396.25,24642.5,24392.25,0
2025-09-18 03:35:00+00:00,24638.5,24638.0,24638.5,24390.75,66948
2025-09-18 03:40:00+00:00,24638.0,24633.75,24638.75,24390.25,525
2025-09-18 03:45:00+00:00,24634.0,24630.0,24634.25,24385.5,869
2025-09-18 03:50:00+00:00,24630.25,24391.5,24634.75,24383.0,0
2025-09-18 03:55:00+00:00,24633.0,24638.0,24639.75,24390.25,69156
2025-09-18 04:05:00+00:00,24630.25,24632.0,24632.75,24388.75,1589
2025-09-18 04:10:00+00:00,24632.25,24639.25,24640.25,24389.5,558
2025-09-18 04:15:00+00:00,24639.25,24640.25,24641.25,24393.0,460
2025-09-18 04:20:00+00:00,24640.0,24639.5,24646.0,24394.5,1130
2025-09-18 04:25:00+00:00,24639.5,24643.75,24644.0,24396.0,335
2025-09-18 04:30:00+00:00,24643.75,24642.5,24653.75,24398.5,2138
2025-09-18 04:35:00+00:00,24642.25,24640.5,24643.75,24392.5,867
2025-09-18 04:40:00+00:00,24639.75,24644.5,24645.5,24395.0,500
2025-09-18 04:45:00+00:00,24644.5,24644.0,24645.25,24398.25,398
2025-09-18 04:50:00+00:00,24644.5,24644.75,24647.0,24401.5,340
2025-09-18 04:55:00+00:00,24645.0,24646.0,24648.5,24399.25,392
2025-09-18 05:00:00+00:00,24645.5,24647.75,24650.75,24400.75,602
2025-09-18 05:05:00+00:00,24405.25,24647.5,24649.75,24399.5,686
2025-09-18 05:10:00+00:00,24647.25,24645.25,24648.5,24401.25,754
2025-09-18 05:15:00+00:00,24645.0,24636.75,24646.75,24391.5,1624
2025-09-18 05:20:00+00:00,24637.0,24391.75,24637.0,24388.0,0
2025-09-18 05:25:00+00:00,24634.25,24616.75,24635.0,24372.5,81843
2025-09-18 05:30:00+00:00,24617.25,24615.75,24623.25,24368.25,1906
2025-09-18 05:35:00+00:00,24373.5,24614.75,24618.75,24371.25,750
2025-09-18 05:40:00+00:00,24615.0,24615.0,24623.0,24371.75,1321
2025-09-18 05:45:00+00:00,24373.5,24614.0,24617.25,24369.0,904
2025-09-18 05:50:00+00:00,24373.0,24615.25,24621.75,24373.0,626
2025-09-18 05:55:00+00:00,24372.5,24615.0,24618.75,24369.75,633
2025-09-18 06:00:00+00:00,24372.75,24608.5,24617.5,24364.5,1714
2025-09-18 06:05:00+00:00,24608.75,24601.5,24609.75,24353.5,2302
2025-09-18 06:10:00+00:00,24601.25,24594.0,24603.0,24347.0,2087
2025-09-18 06:15:00+00:00,24594.0,24599.25,24602.25,24345.5,2022
2025-09-18 06:20:00+00:00,24598.75,24350.25,24600.25,24347.75,0
2025-09-18 06:25:00+00:00,24592.5,24352.25,24597.25,24348.75,194
2025-09-18 06:30:00+00:00,24595.0,24363.75,24605.5,24344.25,447
2025-09-18 06:35:00+00:00,24363.5,24367.5,24612.25,24360.25,294
2025-09-18 06:40:00+00:00,24367.75,24615.0,24615.5,24364.75,98993
2025-09-18 06:45:00+00:00,24614.5,24614.5,24622.5,24370.0,1716
2025-09-18 06:50:00+00:00,24372.0,24618.25,24618.5,24368.75,927
2025-09-18 06:55:00+00:00,24618.0,24624.0,24626.0,24376.5,1168
2025-09-18 07:00:00+00:00,24383.0,24388.0,24630.25,24378.75,0
2025-09-18 07:05:00+00:00,24388.0,24625.75,24635.5,24382.0,105222
2025-09-18 07:10:00+00:00,24625.0,24632.25,24633.5,24381.75,1056
2025-09-18 07:15:00+00:00,24632.75,24650.75,24652.5,24386.75,3357
2025-09-18 07:20:00+00:00,24651.5,24626.75,24651.75,24383.0,2205
2025-09-18 07:25:00+00:00,24626.5,24625.0,24631.0,24377.5,1779
2025-09-18 07:30:00+00:00,24624.75,24627.0,24633.0,24382.25,1725
2025-09-18 07:35:00+00:00,24386.5,24629.25,24632.75,24382.5,1331
2025-09-18 07:40:00+00:00,24387.5,24637.0,24642.0,24387.5,1750
2025-09-18 07:45:00+00:00,24637.75,24652.75,24653.5,24397.75,2472
2025-09-18 07:50:00+00:00,24652.75,24667.0,24667.75,24411.25,2925
2025-09-18 07:55:00+00:00,24666.5,24663.25,24671.75,24419.75,1988
2025-09-18 08:00:00+00:00,24663.5,24435.75,24679.0,24414.5,0
2025-09-18 08:05:00+00:00,24435.75,24675.5,24683.75,24428.25,128283
2025-09-18 08:10:00+00:00,24435.0,24686.5,24696.0,24432.0,3033
2025-09-18 08:15:00+00:00,24444.0,24688.0,24693.0,24439.0,1721
2025-09-18 08:25:00+00:00,24693.80078125,24451.25,24696.0,24450.75,0
2025-09-18 08:30:00+00:00,24692.75,24696.75,24699.0,24446.0,137020
2025-09-18 08:35:00+00:00,24696.5,24704.0,24706.5,24453.0,2285
2025-09-18 08:40:00+00:00,24704.25,24703.25,24708.0,24458.25,1407
2025-09-18 08:45:00+00:00,24704.0,24718.75,24718.75,24457.5,2596
2025-09-18 08:50:00+00:00,24718.75,24723.25,24726.0,24475.75,3071
2025-09-18 08:55:00+00:00,24723.5,24728.0,24732.5,24479.0,3190
2025-09-18 09:00:00+00:00,24486.5,24722.0,24730.75,24478.75,2158
2025-09-18 09:05:00+00:00,24722.75,24728.25,24730.0,24475.75,1423
2025-09-18 09:10:00+00:00,24728.25,24711.0,24733.5,24466.75,2663
2025-09-18 09:15:00+00:00,24711.25,24717.75,24724.25,24469.75,1480
2025-09-18 09:20:00+00:00,24717.75,24711.75,24721.0,24470.0,1405
2025-09-18 09:25:00+00:00,24470.5,24719.0,24723.0,24468.0,1163
2025-09-18 09:30:00+00:00,24718.75,24727.5,24729.0,24475.75,1336
2025-09-18 09:35:00+00:00,24728.25,24726.75,24732.0,24479.75,1302
2025-09-18 09:40:00+00:00,24727.0,24719.75,24729.0,24476.75,1128
2025-09-18 09:45:00+00:00,24719.5,24719.75,24724.5,24471.0,1202
2025-09-18 09:50:00+00:00,24720.75,24718.25,24730.75,24476.25,1511
2025-09-18 09:55:00+00:00,24718.5,24717.0,24721.5,24473.0,1057
2025-09-18 10:00:00+00:00,24717.75,24720.5,24721.25,24471.5,1161
2025-09-18 10:05:00+00:00,24477.75,24728.75,24729.5,24477.75,1236
2025-09-18 10:10:00+00:00,24729.25,24727.25,24729.25,24482.0,740
2025-09-18 10:15:00+00:00,24485.25,24723.0,24728.0,24479.0,757
2025-09-18 10:20:00+00:00,24723.25,24717.25,24724.5,24471.75,902
2025-09-18 10:25:00+00:00,24717.5,24710.5,24718.0,24463.25,1547
2025-09-18 10:30:00+00:00,24466.25,24701.0,24709.75,24456.75,1662
2025-09-18 10:35:00+00:00,24701.25,24704.25,24706.0,24456.75,1074
2025-09-18 10:40:00+00:00,24704.5,24459.5,24707.0,24458.0,0
2025-09-18 10:45:00+00:00,24702.0,24698.25,24708.25,24454.75,172213
2025-09-18 10:50:00+00:00,24457.0,24697.0,24701.25,24450.25,1183
2025-09-18 10:55:00+00:00,24696.75,24706.5,24708.0,24453.0,1653
2025-09-18 11:00:00+00:00,24464.75,24725.25,24739.25,24455.25,5191
2025-09-18 11:05:00+00:00,24725.75,24733.25,24734.5,24472.75,2956
2025-09-18 11:10:00+00:00,24733.5,24746.25,24750.75,24488.75,3886
2025-09-18 11:15:00+00:00,24746.25,24744.5,24753.25,24495.0,2794
2025-09-18 11:20:00+00:00,24744.75,24501.75,24755.75,24500.25,0
2025-09-18 11:25:00+00:00,24502.25,24498.5,24747.0,24491.0,398
2025-09-18 11:30:00+00:00,24497.75,24739.0,24745.0,24493.5,191469
2025-09-18 11:35:00+00:00,24496.75,24739.25,24742.25,24493.25,1522
2025-09-18 11:40:00+00:00,24739.25,24480.0,24739.75,24473.0,0
2025-09-18 11:45:00+00:00,24722.25,24728.0,24732.5,24476.25,196986
2025-09-18 11:50:00+00:00,24728.0,24733.0,24737.0,24483.0,2097
2025-09-18 11:55:00+00:00,24733.5,24742.25,24743.0,24488.5,1563
2025-09-18 12:00:00+00:00,24742.75,24743.25,24743.75,24494.25,1559
2025-09-18 12:05:00+00:00,24743.25,24732.25,24747.25,24488.75,2018
2025-09-18 12:10:00+00:00,24488.5,24733.75,24736.5,24480.0,2457
2025-09-18 12:15:00+00:00,24491.5,24739.25,24740.75,24485.5,1518
2025-09-18 12:20:00+00:00,24495.75,24749.75,24753.0,24493.75,2279
2025-09-18 12:25:00+00:00,24750.0,24753.25,24762.75,24506.0,2774
2025-09-18 12:30:00+00:00,24753.5,24487.25,24766.0,24484.5,0
2025-09-18 12:35:00+00:00,24487.25,24729.0,24741.0,24483.5,218237
2025-09-18 12:40:00+00:00,24729.0,24486.5,24738.0,24484.0,0
2025-09-18 12:45:00+00:00,24486.75,24733.25,24737.25,24486.0,221419
2025-09-18 12:50:00+00:00,24489.5,24710.5,24733.75,24465.25,4864
2025-09-18 12:55:00+00:00,24711.25,24690.0,24715.5,24446.25,5524
2025-09-18 13:00:00+00:00,24690.0,24668.25,24693.25,24415.5,12337
2025-09-18 13:05:00+00:00,24424.75,24678.75,24680.0,24407.5,10265
2025-09-18 13:10:00+00:00,24435.0,24433.25,24687.5,24427.0,0
2025-09-18 13:15:00+00:00,24432.25,24675.0,24694.0,24429.5,262570
2025-09-18 13:20:00+00:00,24674.5,24679.75,24685.75,24429.75,3679
2025-09-18 13:25:00+00:00,24679.25,24679.5,24691.0,24429.0,6475
2025-09-18 13:30:00+00:00,24679.25,24698.0,24708.75,24410.0,38183
2025-09-18 13:35:00+00:00,24697.5,24668.25,24713.25,24422.75,26756
2025-09-18 13:40:00+00:00,24425.0,24624.75,24677.0,24381.0,36239
2025-09-18 13:45:00+00:00,24381.75,24655.75,24657.5,24355.75,37838
2025-09-18 13:50:00+00:00,24413.25,24660.5,24698.5,24410.0,29598
2025-09-18 13:55:00+00:00,24417.5,24697.25,24698.0,24398.75,26814
2025-09-18 14:00:00+00:00,24451.5,24721.75,24727.25,24450.0,26277
2025-09-18 14:05:00+00:00,24721.75,24504.0,24749.75,24477.5,0
2025-09-18 14:10:00+00:00,24504.25,24749.5,24765.5,24497.25,500953
2025-09-18 14:15:00+00:00,24749.5,24770.5,24773.5,24501.75,17740
2025-09-18 14:20:00+00:00,24525.25,24523.0,24781.75,24507.75,0
2025-09-18 14:25:00+00:00,24523.0,24787.0,24790.0,24523.0,545265
2025-09-18 14:30:00+00:00,24540.5,24536.75,24809.0,24535.0,0
2025-09-18 14:35:00+00:00,24782.75,24764.25,24786.25,24516.0,575751
2025-09-18 14:40:00+00:00,24763.75,24760.75,24776.75,24512.0,13943
2025-09-18 14:45:00+00:00,24760.0,24769.25,24778.75,24505.0,16701
2025-09-18 14:50:00+00:00,24522.25,24746.5,24769.25,24500.25,14111
2025-09-18 14:55:00+00:00,24746.75,24734.25,24761.5,24486.25,13839
2025-09-18 15:00:00+00:00,24734.75,24756.75,24771.0,24488.5,15471
2025-09-18 15:05:00+00:00,24757.5,24773.75,24776.75,24501.0,17925
2025-09-18 15:10:00+00:00,24529.25,24777.75,24787.25,24515.25,13331
2025-09-18 15:15:00+00:00,24777.75,24808.75,24810.0,24525.75,15757
2025-09-18 15:20:00+00:00,24563.0,24796.5,24815.75,24546.25,13412
2025-09-18 15:25:00+00:00,24797.25,24782.75,24801.5,24530.25,10944
2025-09-18 15:30:00+00:00,24783.0,24790.75,24806.0,24538.0,11408
2025-09-18 15:35:00+00:00,24790.75,24790.0,24791.75,24534.75,6493
2025-09-18 15:40:00+00:00,24790.0,24773.25,24793.75,24523.75,8714
2025-09-18 15:45:00+00:00,24773.5,24764.5,24777.25,24512.75,7455
2025-09-18 15:50:00+00:00,24764.0,24741.5,24765.75,24480.0,18752
2025-09-18 15:55:00+00:00,24741.5,24736.5,24751.0,24482.0,12692
2025-09-18 16:00:00+00:00,24736.25,24755.75,24756.0,24488.5,10712
2025-09-18 16:05:00+00:00,24755.25,24729.0,24758.0,24482.0,9805
2025-09-18 16:10:00+00:00,24728.75,24754.25,24757.75,24475.0,10808
2025-09-18 16:15:00+00:00,24754.0,24759.75,24774.0,24507.5,9264
2025-09-18 16:20:00+00:00,24759.25,24767.25,24773.25,24507.75,8461
2025-09-18 16:25:00+00:00,24767.0,24770.5,24776.0,24515.5,5021
2025-09-18 16:30:00+00:00,24770.5,24536.75,24787.75,24523.25,0
2025-09-18 16:35:00+00:00,24782.5,24786.25,24788.75,24533.75,820992
2025-09-18 16:40:00+00:00,24539.0,24782.25,24787.0,24533.25,4012
2025-09-18 16:45:00+00:00,24536.0,24790.0,24792.75,24534.25,5912
2025-09-18 16:50:00+00:00,24790.0,24786.25,24793.75,24539.25,3703
2025-09-18 16:55:00+00:00,24786.5,24788.0,24791.5,24534.25,3914
2025-09-18 17:00:00+00:00,24540.5,24543.25,24796.0,24539.25,0
2025-09-18 17:05:00+00:00,24543.25,24791.25,24796.75,24541.25,846977
2025-09-18 17:10:00+00:00,24791.0,24783.75,24793.25,24536.0,4008
2025-09-18 17:15:00+00:00,24537.25,24782.5,24792.5,24531.75,6196
2025-09-18 17:20:00+00:00,24783.75,24774.75,24787.0,24526.5,5625
2025-09-18 17:25:00+00:00,24774.5,24762.75,24777.25,24515.75,7639
2025-09-18 17:30:00+00:00,24763.0,24747.25,24766.5,24499.75,8261
2025-09-18 17:35:00+00:00,24501.0,24746.5,24748.0,24485.0,12004
2025-09-18 17:40:00+00:00,24746.5,24489.0,24747.75,24482.25,0
2025-09-18 17:45:00+00:00,24735.25,24736.0,24745.25,24481.75,899292
2025-09-18 17:50:00+00:00,24489.75,24745.75,24748.0,24480.0,6910
2025-09-18 17:55:00+00:00,24499.0,24734.75,24747.25,24477.0,8803
2025-09-18 18:00:00+00:00,24488.25,24747.0,24747.75,24481.0,6150
2025-09-18 18:05:00+00:00,24747.25,24753.75,24762.25,24500.0,8726
2025-09-18 18:10:00+00:00,24505.5,24739.0,24753.25,24482.75,8463
2025-09-18 18:15:00+00:00,24739.0,24733.0,24751.25,24483.5,6705
2025-09-18 18:20:00+00:00,24733.5,24743.25,24745.5,24482.25,5523
2025-09-18 18:25:00+00:00,24743.0,24738.0,24751.5,24490.0,4684
2025-09-18 18:30:00+00:00,24492.0,24747.5,24749.0,24491.5,3800
2025-09-18 18:35:00+00:00,24747.75,24747.25,24752.0,24495.75,4643
2025-09-18 18:40:00+00:00,24748.0,24732.75,24752.0,24480.75,6272
2025-09-18 18:45:00+00:00,24732.5,24750.75,24761.5,24483.5,8435
2025-09-18 18:50:00+00:00,24750.25,24761.75,24764.0,24503.25,5496
2025-09-18 18:55:00+00:00,24761.25,24756.25,24766.25,24507.25,4602
2025-09-18 19:00:00+00:00,24509.25,24750.0,24759.25,24496.75,5657
2025-09-18 19:05:00+00:00,24750.0,24754.25,24757.0,24499.5,4385
2025-09-18 19:10:00+00:00,24754.5,24746.5,24755.25,24499.0,4260
2025-09-18 19:15:00+00:00,24746.25,24748.0,24750.25,24490.0,6009
2025-09-18 19:20:00+00:00,24502.0,24730.25,24748.75,24483.0,6384
2025-09-18 19:25:00+00:00,24484.5,24721.25,24734.25,24470.0,8431
2025-09-18 19:30:00+00:00,24721.25,24717.0,24731.75,24463.25,8912
2025-09-18 19:35:00+00:00,24471.75,24715.5,24727.75,24465.5,6922
2025-09-18 19:40:00+00:00,24715.25,24714.5,24722.75,24460.25,6229
2025-09-18 19:45:00+00:00,24714.25,24707.0,24716.25,24451.0,9485
2025-09-18 19:50:00+00:00,24707.25,24476.5,24729.0,24455.5,0
2025-09-18 19:55:00+00:00,24476.25,24698.25,24725.25,24452.25,1073313
2025-09-18 20:00:00+00:00,24453.75,24700.25,24710.75,24444.0,10617
2025-09-18 20:05:00+00:00,24700.75,24710.5,24712.5,24456.25,3309
2025-09-18 20:10:00+00:00,24464.75,24693.0,24711.0,24446.75,3448
2025-09-18 20:15:00+00:00,24447.0,24694.75,24699.25,24438.0,2924
2025-09-18 20:20:00+00:00,24694.75,24708.75,24711.75,24447.5,1918
2025-09-18 20:25:00+00:00,24709.0,24710.0,24711.25,24460.5,1063
2025-09-18 20:30:00+00:00,24710.75,24713.75,24717.5,24462.75,1256
2025-09-18 20:35:00+00:00,24714.25,24472.5,24719.5,24468.75,0
2025-09-18 20:40:00+00:00,24717.0,24718.25,24720.0,24471.0,1094341
2025-09-18 20:45:00+00:00,24472.5,24718.75,24722.5,24470.25,1228
2025-09-18 20:50:00+00:00,24719.25,24718.25,24720.75,24466.5,767
2025-09-18 20:55:00+00:00,24474.5,24713.75,24721.0,24465.0,1333
2025-09-18 22:00:00+00:00,24715.0,24731.0,24735.25,24466.0,0
2025-09-18 22:05:00+00:00,24485.75,24737.25,24738.25,24484.0,1033
2025-09-18 22:10:00+00:00,24737.25,24739.75,24740.25,24486.5,1405
2025-09-18 22:15:00+00:00,24739.75,24735.5,24741.75,24490.0,958
2025-09-18 22:20:00+00:00,24735.0,24737.25,24738.0,24486.0,745
2025-09-18 22:25:00+00:00,24737.75,24739.75,24742.25,24492.5,938
2025-09-18 22:30:00+00:00,24740.25,24732.25,24743.0,24486.25,818
2025-09-18 22:35:00+00:00,24732.25,24721.5,24732.25,24476.25,1487
2025-09-18 22:40:00+00:00,24721.5,24471.5,24721.5,24467.75,0
2025-09-18 22:45:00+00:00,24716.25,24480.25,24725.25,24471.0,79
2025-09-18 22:50:00+00:00,24724.25,24731.5,24732.5,24478.0,13518
2025-09-18 22:55:00+00:00,24488.25,24737.25,24739.5,24486.25,1024
2025-09-18 23:00:00+00:00,24737.5,24736.0,24741.25,24486.5,1415
2025-09-18 23:05:00+00:00,24492.0,24734.5,24739.5,24488.0,637
2025-09-18 23:10:00+00:00,24735.0,24733.0,24741.5,24487.25,956
2025-09-18 23:15:00+00:00,24732.5,24737.25,24738.75,24487.0,663
2025-09-18 23:20:00+00:00,24736.75,24738.0,24741.75,24492.25,594
2025-09-18 23:25:00+00:00,24737.75,24736.75,24739.25,24489.5,532
2025-09-18 23:30:00+00:00,24492.75,24743.0,24744.25,24492.25,887
2025-09-18 23:35:00+00:00,24743.5,24746.75,24747.75,24498.25,1121
2025-09-18 23:40:00+00:00,24746.0,24745.75,24748.0,24496.75,785
2025-09-18 23:45:00+00:00,24500.0,24498.75,24748.25,24498.0,679
2025-09-18 23:50:00+00:00,24744.0,24743.5,24747.0,24495.5,624
2025-09-18 23:55:00+00:00,24743.25,24740.0,24747.5,24496.0,628
2025-09-19 00:00:00+00:00,24739.75,24744.25,24749.25,24495.75,1577
2025-09-19 00:05:00+00:00,24744.25,24741.25,24747.5,24492.5,996
2025-09-19 00:10:00+00:00,24741.75,24723.75,24742.0,24477.0,2043
2025-09-19 00:15:00+00:00,24479.25,24718.25,24727.25,24470.25,1782
2025-09-19 00:20:00+00:00,24471.75,24707.25,24720.25,24457.25,3120
2025-09-19 00:25:00+00:00,24706.75,24705.0,24712.75,24454.25,1843
2025-09-19 00:30:00+00:00,24705.5,24705.5,24710.0,24459.0,1196
2025-09-19 00:35:00+00:00,24705.25,24709.25,24711.5,24455.0,1398
2025-09-19 00:40:00+00:00,24708.75,24701.25,24709.75,24447.25,2177
2025-09-19 00:45:00+00:00,24453.0,24702.75,24708.25,24451.5,1484
2025-09-19 00:50:00+00:00,24702.75,24706.0,24707.5,24453.5,928
2025-09-19 00:55:00+00:00,24706.0,24710.5,24714.5,24460.25,1363
2025-09-19 01:00:00+00:00,24710.0,24708.75,24713.75,24457.5,1022
2025-09-19 01:05:00+00:00,24708.75,24705.5,24713.25,24459.0,843
2025-09-19 01:10:00+00:00,24704.75,24714.25,24714.5,24453.5,1352
2025-09-19 01:15:00+00:00,24714.0,24713.25,24715.5,24461.0,1102
2025-09-19 01:20:00+00:00,24712.75,24708.25,24716.0,24463.0,746
2025-09-19 01:25:00+00:00,24708.25,24713.0,24713.25,24459.25,713
2025-09-19 01:30:00+00:00,24467.5,24711.25,24717.5,24464.25,992
2025-09-19 01:35:00+00:00,24710.5,24712.75,24717.25,24465.25,620
2025-09-19 01:40:00+00:00,24712.0,24715.0,24717.0,24464.0,655
2025-09-19 01:45:00+00:00,24714.5,24709.5,24719.0,24462.75,1092
2025-09-19 01:50:00+00:00,24709.5,24714.25,24715.0,24459.75,902
2025-09-19 01:55:00+00:00,24715.0,24716.25,24721.0,24468.75,1005
2025-09-19 02:00:00+00:00,24716.5,24717.0,24723.5,24468.75,1084
2025-09-19 02:05:00+00:00,24716.5,24714.0,24717.25,24464.75,949
2025-09-19 02:10:00+00:00,24713.0,24706.5,24713.75,24458.25,1011
2025-09-19 02:15:00+00:00,24706.0,24463.0,24712.75,24459.0,0
2025-09-19 02:20:00+00:00,24463.25,24706.75,24710.25,24458.5,56357
2025-09-19 02:25:00+00:00,24707.25,24701.0,24708.0,24455.25,542
2025-09-19 02:30:00+00:00,24701.75,24706.5,24707.0,24456.75,537
2025-09-19 02:35:00+00:00,24706.25,24713.5,24715.25,24463.0,963
2025-09-19 02:40:00+00:00,24714.0,24710.75,24715.25,24463.5,457
2025-09-19 02:45:00+00:00,24710.75,24709.0,24712.75,24464.75,316
2025-09-19 02:50:00+00:00,24709.0,24710.75,24714.0,24464.5,327
2025-09-19 02:55:00+00:00,24710.75,24712.0,24713.75,24466.0,366
2025-09-19 03:00:00+00:00,24465.75,24713.5,24714.5,24464.5,253
2025-09-19 03:05:00+00:00,24713.5,24721.0,24721.5,24467.25,731
2025-09-19 03:10:00+00:00,24721.0,24733.0,24734.75,24475.0,2069
2025-09-19 03:15:00+00:00,24733.0,24732.75,24735.25,24484.5,705
2025-09-19 03:20:00+00:00,24732.5,24734.25,24736.25,24480.75,1544
2025-09-19 03:25:00+00:00,24734.0,24734.25,24736.75,24485.25,524
2025-09-19 03:30:00+00:00,24734.5,24726.5,24736.25,24482.5,645
2025-09-19 03:35:00+00:00,24726.0,24727.5,24729.5,24473.0,1552
2025-09-19 03:40:00+00:00,24727.25,24725.75,24731.25,24478.75,635
2025-09-19 03:45:00+00:00,24726.0,24716.5,24731.75,24461.0,2802
2025-09-19 03:50:00+00:00,24716.0,24710.5,24723.75,24463.75,1297
2025-09-19 03:55:00+00:00,24710.5,24710.0,24713.0,24460.25,1025
2025-09-19 04:05:00+00:00,24700.25,24701.0,24705.25,24457.25,3590
2025-09-19 04:10:00+00:00,24700.75,24690.5,24702.25,24445.25,1605
2025-09-19 04:15:00+00:00,24445.0,24688.75,24699.25,24442.5,1693
2025-09-19 04:20:00+00:00,24688.5,24687.75,24695.25,24437.75,1869
2025-09-19 04:25:00+00:00,24688.25,24705.0,24706.25,24445.5,1589
2025-09-19 04:30:00+00:00,24705.0,24708.0,24712.25,24458.25,1148
2025-09-19 04:35:00+00:00,24709.0,24712.5,24713.5,24462.75,611
2025-09-19 04:40:00+00:00,24711.75,24710.0,24714.25,24464.5,614
2025-09-19 04:45:00+00:00,24466.0,24715.5,24715.5,24464.0,450
2025-09-19 04:50:00+00:00,24715.5,24714.5,24715.75,24468.5,501
2025-09-19 04:55:00+00:00,24714.0,24719.75,24722.75,24470.75,996
2025-09-19 05:00:00+00:00,24478.0,24717.75,24723.5,24471.75,667
2025-09-19 05:05:00+00:00,24717.5,24717.75,24719.0,24471.75,353
2025-09-19 05:10:00+00:00,24718.25,24713.75,24718.5,24464.25,997
2025-09-19 05:15:00+00:00,24714.0,24714.75,24716.0,24465.0,464
2025-09-19 05:20:00+00:00,24715.0,24717.75,24719.0,24470.25,569
2025-09-19 05:25:00+00:00,24717.0,24708.25,24721.0,24461.25,922
2025-09-19 05:30:00+00:00,24462.75,24707.0,24712.0,24455.25,1569
2025-09-19 05:35:00+00:00,24707.75,24713.25,24713.75,24457.0,675
2025-09-19 05:40:00+00:00,24713.75,24699.25,24715.25,24452.0,1108
2025-09-19 05:45:00+00:00,24699.75,24700.75,24703.5,24450.75,791
2025-09-19 05:50:00+00:00,24701.25,24705.0,24706.5,24452.0,671
2025-09-19 05:55:00+00:00,24705.25,24707.0,24709.5,24458.75,475
2025-09-19 06:00:00+00:00,24461.25,24713.25,24714.5,24457.25,1107
2025-09-19 06:05:00+00:00,24713.5,24713.0,24716.75,24465.25,923
2025-09-19 06:10:00+00:00,24712.75,24709.75,24716.5,24465.25,571
2025-09-19 06:15:00+00:00,24710.0,24703.75,24713.25,24456.75,1198
2025-09-19 06:20:00+00:00,24703.5,24688.0,24709.75,24434.75,3040
2025-09-19 06:25:00+00:00,24443.25,24688.75,24691.0,24430.75,2239
2025-09-19 06:30:00+00:00,24688.5,24683.0,24693.25,24438.0,1891
2025-09-19 06:35:00+00:00,24681.75,24701.75,24702.0,24437.5,1400
2025-09-19 06:40:00+00:00,24458.0,24698.25,24705.0,24452.5,1337
2025-09-19 06:45:00+00:00,24698.5,24689.5,24700.0,24440.25,1182
2025-09-19 06:50:00+00:00,24690.25,24684.75,24695.5,24436.5,1625
2025-09-19 06:55:00+00:00,24685.75,24672.0,24690.0,24430.0,1690
2025-09-19 07:00:00+00:00,24672.25,24667.0,24683.25,24424.5,2667
2025-09-19 07:05:00+00:00,24666.25,24664.75,24670.25,24411.0,2857
2025-09-19 07:10:00+00:00,24664.5,24669.25,24680.0,24421.75,2441
2025-09-19 07:15:00+00:00,24668.75,24678.75,24681.25,24424.0,2000
2025-09-19 07:20:00+00:00,24678.0,24684.75,24686.0,24434.25,1236
2025-09-19 07:25:00+00:00,24684.5,24688.0,24692.0,24438.5,1337
2025-09-19 07:30:00+00:00,24687.5,24682.0,24689.0,24436.5,1507
2025-09-19 07:35:00+00:00,24438.0,24683.0,24686.0,24430.5,1374
2025-09-19 07:40:00+00:00,24684.25,24685.0,24686.75,24437.5,832
2025-09-19 07:45:00+00:00,24685.0,24675.0,24685.0,24428.5,1143
2025-09-19 07:50:00+00:00,24675.5,24687.5,24688.0,24430.0,1158
2025-09-19 07:55:00+00:00,24687.5,24685.75,24690.5,24439.25,1047
2025-09-19 08:00:00+00:00,24685.25,24690.75,24694.0,24440.0,2376
2025-09-19 08:05:00+00:00,24691.0,24697.0,24698.0,24446.75,1604
2025-09-19 08:10:00+00:00,24696.75,24699.0,24703.0,24452.0,1397
2025-09-19 08:15:00+00:00,24698.75,24703.0,24706.0,24453.75,1148
2025-09-19 08:20:00+00:00,24704.5,24706.25,24708.5,24458.25,1094
2025-09-19 08:25:00+00:00,24706.5,24709.0,24710.75,24458.5,1138
2025-09-19 08:30:00+00:00,24466.5,24710.5,24711.75,24463.5,989
2025-09-19 08:35:00+00:00,24711.0,24711.75,24714.75,24467.0,1071
2025-09-19 08:40:00+00:00,24467.5,24706.0,24712.5,24459.5,1204
2025-09-19 08:45:00+00:00,24706.25,24702.0,24706.75,24458.75,704
2025-09-19 08:50:00+00:00,24702.25,24705.5,24709.5,24458.75,1174
2025-09-19 08:55:00+00:00,24705.25,24706.0,24708.5,24460.0,570
2025-09-19 09:00:00+00:00,24705.75,24707.75,24714.0,24459.75,1328
2025-09-19 09:05:00+00:00,24708.25,24711.25,24715.75,24464.0,1022
2025-09-19 09:10:00+00:00,24711.25,24707.0,24715.0,24464.0,1024
2025-09-19 09:15:00+00:00,24706.75,24715.0,24715.25,24464.0,1113
2025-09-19 09:20:00+00:00,24714.25,24721.75,24721.75,24470.25,1415
2025-09-19 09:25:00+00:00,24721.75,24720.5,24724.0,24476.75,1044
2025-09-19 09:30:00+00:00,24721.25,24726.0,24730.0,24477.5,1518
2025-09-19 09:35:00+00:00,24726.0,24728.75,24729.5,24481.5,754
2025-09-19 09:40:00+00:00,24728.25,24723.75,24730.0,24481.5,779
2025-09-19 09:45:00+00:00,24723.75,24721.0,24728.0,24476.25,1195
2025-09-19 09:50:00+00:00,24721.0,24707.5,24722.25,24463.25,1960
2025-09-19 09:55:00+00:00,24708.0,24706.75,24713.25,24463.75,1049
2025-09-19 10:00:00+00:00,24707.25,24708.0,24708.5,24458.75,1528
2025-09-19 10:05:00+00:00,24708.0,24710.5,24711.5,24463.75,1163
2025-09-19 10:10:00+00:00,24710.25,24713.0,24716.25,24462.75,1287
2025-09-19 10:15:00+00:00,24713.5,24718.0,24719.25,24471.0,418
2025-09-19 10:25:00+00:00,24723.0,24722.75,24726.25,24476.75,3421
2025-09-19 10:30:00+00:00,24722.5,24722.75,24725.0,24476.5,648
2025-09-19 10:35:00+00:00,24722.75,24726.5,24731.75,24477.75,1534
2025-09-19 10:40:00+00:00,24727.0,24723.25,24730.75,24480.5,768
2025-09-19 10:45:00+00:00,24723.25,24717.75,24726.75,24473.5,878
2025-09-19 10:50:00+00:00,24717.25,24718.5,24722.5,24473.25,841
2025-09-19 10:55:00+00:00,24718.25,24724.5,24727.75,24468.75,1937
2025-09-19 11:00:00+00:00,24724.25,24728.5,24735.5,24479.5,2508
2025-09-19 11:05:00+00:00,24486.0,24723.0,24731.0,24479.0,1150
2025-09-19 11:10:00+00:00,24723.5,24719.25,24723.75,24469.75,1602
2025-09-19 11:15:00+00:00,24719.0,24720.25,24722.5,24474.0,780
2025-09-19 11:20:00+00:00,24720.75,24720.5,24723.25,24472.5,823
2025-09-19 11:25:00+00:00,24720.25,24723.5,24725.0,24474.25,1224
2025-09-19 11:30:00+00:00,24722.5,24724.5,24725.75,24474.5,927
2025-09-19 11:35:00+00:00,24725.0,24729.75,24730.0,24480.0,1110
2025-09-19 11:40:00+00:00,24730.25,24722.5,24732.75,24479.0,1239
2025-09-19 11:45:00+00:00,24722.0,24728.5,24730.5,24477.0,1342
2025-09-19 11:50:00+00:00,24728.5,24733.25,24733.5,24483.5,1019
2025-09-19 11:55:00+00:00,24733.0,24735.75,24736.5,24486.75,1096
2025-09-19 12:00:00+00:00,24735.75,24743.0,24743.75,24488.25,2718
2025-09-19 12:05:00+00:00,24499.0,24739.0,24744.75,24494.5,1525
2025-09-19 12:10:00+00:00,24495.75,24744.0,24745.5,24494.25,1402
2025-09-19 12:15:00+00:00,24744.25,24742.75,24745.75,24497.0,1131
2025-09-19 12:20:00+00:00,24743.0,24744.75,24746.25,24495.0,1671
2025-09-19 12:25:00+00:00,24744.75,24751.5,24754.75,24496.5,2723
2025-09-19 12:30:00+00:00,24751.5,24745.5,24754.5,24500.75,2306
2025-09-19 12:35:00+00:00,24745.5,24745.75,24751.75,24493.5,2572
2025-09-19 12:40:00+00:00,24746.0,24739.0,24750.75,24492.25,2651
2025-09-19 12:45:00+00:00,24738.75,24748.5,24749.0,24494.5,1694
2025-09-19 12:50:00+00:00,24748.25,24736.0,24750.0,24491.0,2148
2025-09-19 12:55:00+00:00,24736.0,24738.25,24743.0,24490.75,2305
2025-09-19 13:00:00+00:00,24738.0,24744.0,24745.75,24491.5,2899
2025-09-19 13:05:00+00:00,24498.5,24504.25,24752.5,24498.25,0
2025-09-19 13:10:00+00:00,24749.0,24759.5,24760.75,24505.5,217895
2025-09-19 13:15:00+00:00,24517.0,24757.75,24766.0,24517.0,5292
2025-09-19 13:20:00+00:00,24757.75,24765.75,24768.5,24516.5,3913
2025-09-19 13:25:00+00:00,24766.25,24768.0,24784.5,24527.75,14622
2025-09-19 13:30:00+00:00,24768.0,24752.25,24783.5,24742.25,37811
2025-09-19 13:35:00+00:00,24752.0,24752.75,24762.0,24737.25,24245
2025-09-19 13:40:00+00:00,24752.5,24767.0,24783.0,24748.25,27002
2025-09-19 13:45:00+00:00,24767.0,24793.5,24800.0,24747.25,25187
2025-09-19 13:50:00+00:00,24793.25,24802.5,24816.0,24787.0,28786
2025-09-19 13:55:00+00:00,24802.5,24790.5,24812.0,24781.5,18921
2025-09-19 14:00:00+00:00,24790.5,24799.0,24804.75,24784.25,18058
2025-09-19 14:05:00+00:00,24799.0,24786.75,24807.25,24782.25,15076
2025-09-19 14:10:00+00:00,24786.75,24789.5,24801.0,24777.0,15758
2025-09-19 14:15:00+00:00,24789.25,24767.0,24790.75,24762.25,18818
2025-09-19 14:20:00+00:00,24766.75,24782.25,24787.0,24754.5,18498
2025-09-19 14:25:00+00:00,24781.5,24782.0,24800.0,24777.0,16143
2025-09-19 14:30:00+00:00,24782.5,24782.75,24789.25,24772.5,11266
2025-09-19 14:35:00+00:00,24783.75,24772.25,24790.5,24766.25,10067
2025-09-19 14:40:00+00:00,24772.0,24753.5,24772.25,24751.75,12727
2025-09-19 14:45:00+00:00,24753.25,24756.25,24760.75,24735.5,19865
2025-09-19 14:50:00+00:00,24756.25,24759.75,24779.0,24745.0,19719
2025-09-19 14:55:00+00:00,24760.5,24764.0,24770.0,24746.0,13210
2025-09-19 15:00:00+00:00,24764.0,24745.5,24778.5,24745.0,14570
2025-09-19 15:05:00+00:00,24745.25,24742.0,24752.0,24731.5,14067
2025-09-19 15:10:00+00:00,24742.0,24735.25,24747.0,24732.0,11076
2025-09-19 15:15:00+00:00,24735.75,24738.0,24740.0,24724.25,12453
2025-09-19 15:20:00+00:00,24737.75,24738.75,24751.25,24718.75,19069
2025-09-19 15:25:00+00:00,24738.25,24727.5,24741.25,24720.25,9973
2025-09-19 15:30:00+00:00,24727.5,24724.75,24727.5,24708.0,13946
2025-09-19 15:35:00+00:00,24724.25,24727.25,24735.0,24721.5,8899
2025-09-19 15:40:00+00:00,24727.5,24746.75,24754.0,24727.5,10495
2025-09-19 15:45:00+00:00,24747.25,24749.0,24752.25,24743.75,6947
2025-09-19 15:50:00+00:00,24749.25,24765.0,24767.0,24748.5,9455
2025-09-19 15:55:00+00:00,24764.75,24771.25,24774.0,24757.5,8014
2025-09-19 16:00:00+00:00,24771.0,24795.25,24798.0,24770.25,14541
2025-09-19 16:05:00+00:00,24794.5,24797.25,24805.75,24789.5,11329
2025-09-19 16:10:00+00:00,24797.5,24806.0,24811.75,24795.75,11651
2025-09-19 16:15:00+00:00,24805.75,24808.75,24813.75,24803.5,8909
2025-09-19 16:20:00+00:00,24809.0,24811.5,24824.5,24801.75,11407
2025-09-19 16:25:00+00:00,24811.5,24817.5,24818.75,24808.5,6001
2025-09-19 16:30:00+00:00,24817.75,24806.5,24823.5,24801.25,10723
2025-09-19 16:35:00+00:00,24806.75,24810.0,24817.75,24806.0,6293
2025-09-19 16:40:00+00:00,24810.0,24826.0,24827.5,24809.75,7609
2025-09-19 16:45:00+00:00,24826.25,24825.25,24834.5,24817.25,10702
2025-09-19 16:50:00+00:00,24825.25,24822.75,24825.75,24816.0,5578
2025-09-19 16:55:00+00:00,24822.75,24821.75,24826.0,24816.5,3779
2025-09-19 17:00:00+00:00,24821.5,24818.25,24824.5,24817.25,3611
2025-09-19 17:05:00+00:00,24818.25,24811.5,24819.5,24809.5,5163
2025-09-19 17:10:00+00:00,24811.5,24808.5,24811.5,24804.5,5179
2025-09-19 17:15:00+00:00,24808.25,24801.5,24810.75,24799.25,4917
2025-09-19 17:20:00+00:00,24801.25,24807.0,24810.25,24798.25,5944
2025-09-19 17:25:00+00:00,24807.0,24805.75,24807.75,24796.25,5147
2025-09-19 17:30:00+00:00,24806.0,24813.75,24821.5,24805.0,9118
2025-09-19 17:35:00+00:00,24813.5,24816.75,24817.25,24808.75,4691
2025-09-19 17:40:00+00:00,24816.75,24824.75,24824.75,24813.25,4984
2025-09-19 17:45:00+00:00,24824.75,24825.5,24829.0,24821.5,5045
2025-09-19 17:50:00+00:00,24825.75,24818.75,24828.75,24817.0,4417
2025-09-19 17:55:00+00:00,24818.75,24816.5,24820.25,24810.0,5032
2025-09-19 18:00:00+00:00,24816.5,24819.5,24821.0,24809.0,4725
2025-09-19 18:05:00+00:00,24820.0,24819.25,24821.25,24815.25,3064
2025-09-19 18:10:00+00:00,24819.0,24818.75,24819.75,24813.25,2464
2025-09-19 18:15:00+00:00,24818.75,24811.25,24822.75,24807.5,4938
2025-09-19 18:20:00+00:00,24811.5,24809.75,24821.5,24809.5,4549
2025-09-19 18:25:00+00:00,24809.5,24810.75,24812.25,24804.5,4846
2025-09-19 18:30:00+00:00,24811.0,24822.5,24824.75,24809.0,5781
2025-09-19 18:35:00+00:00,24822.25,24823.5,24825.75,24819.0,3995
2025-09-19 18:40:00+00:00,24824.0,24825.5,24831.75,24820.0,5392
2025-09-19 18:45:00+00:00,24826.0,24812.25,24827.25,24810.0,6215
2025-09-19 18:50:00+00:00,24812.75,24814.0,24815.75,24807.75,4801
2025-09-19 18:55:00+00:00,24814.25,24825.5,24826.0,24813.75,5464
2025-09-19 19:00:00+00:00,24825.0,24825.0,24838.5,24821.0,10292
2025-09-19 19:05:00+00:00,24824.5,24830.0,24831.75,24823.25,4689
2025-09-19 19:10:00+00:00,24830.25,24836.0,24836.5,24828.5,4318
2025-09-19 19:15:00+00:00,24835.75,24834.25,24842.0,24831.5,6236
2025-09-19 19:20:00+00:00,24834.5,24831.25,24834.75,24824.75,4947
2025-09-19 19:25:00+00:00,24831.5,24846.25,24855.75,24831.25,12637
2025-09-19 19:30:00+00:00,24846.0,24842.5,24848.0,24837.0,6833
2025-09-19 19:35:00+00:00,24842.75,24846.25,24847.5,24838.5,3966
2025-09-19 19:40:00+00:00,24846.0,24836.25,24846.5,24834.5,5288
2025-09-19 19:45:00+00:00,24836.25,24843.75,24848.0,24835.75,6035
2025-09-19 19:50:00+00:00,24844.0,24872.75,24876.0,24844.0,25882
2025-09-19 19:55:00+00:00,24872.5,24860.25,24888.0,24857.0,24687
2025-09-19 20:00:00+00:00,24860.0,24876.0,24879.5,24853.0,11684
2025-09-19 20:05:00+00:00,24876.25,24873.75,24876.5,24869.75,3112
2025-09-19 20:10:00+00:00,24873.25,24870.5,24876.0,24866.0,2756
2025-09-19 20:15:00+00:00,24870.5,24867.75,24870.5,24860.75,2126
2025-09-19 20:20:00+00:00,24868.0,24872.5,24873.25,24864.25,1551
2025-09-19 20:25:00+00:00,24872.5,24869.0,24873.75,24866.25,1217
2025-09-19 20:30:00+00:00,24868.75,24877.0,24878.5,24867.25,1516
2025-09-19 20:35:00+00:00,24877.0,24873.5,24877.0,24871.75,1321
2025-09-19 20:40:00+00:00,24873.5,24868.5,24876.0,24868.0,1510
2025-09-19 20:45:00+00:00,24868.5,24861.5,24871.75,24860.75,1692
2025-09-19 20:50:00+00:00,24861.5,24856.0,24861.5,24854.5,1800
2025-09-19 20:55:00+00:00,24856.25,24866.25,24866.25,24854.25,1715
