datetime,open,high,low,close,volume,spread,real_volume
2025-06-12 12:15:00+00:00,21787.15,21792.05,21778.05,21783.25,559,180,0
2025-06-12 12:20:00+00:00,21783.45,21791.95,21781.15,21781.25,609,190,0
2025-06-12 12:25:00+00:00,21781.35,21790.15,21768.55,21787.25,656,180,0
2025-06-12 12:30:00+00:00,21786.65,21803.65,21785.05,21803.45,799,210,0
2025-06-12 12:35:00+00:00,21803.45,21820.45,21802.65,21808.45,734,210,0
2025-06-12 12:40:00+00:00,21808.75,21811.15,21787.45,21797.95,652,200,0
2025-06-12 12:45:00+00:00,21797.65,21807.15,21791.45,21795.25,710,210,0
2025-06-12 12:50:00+00:00,21795.45,21795.45,21782.05,21789.55,712,210,0
2025-06-12 12:55:00+00:00,21789.45,21792.65,21784.45,21788.05,655,210,0
2025-06-12 13:00:00+00:00,21788.15,21797.95,21775.05,21790.55,770,210,0
2025-06-12 13:05:00+00:00,21790.45,21790.45,21772.25,21776.95,661,200,0
2025-06-12 13:10:00+00:00,21776.75,21780.05,21758.45,21775.15,836,210,0
2025-06-12 13:15:00+00:00,21775.25,21791.15,21775.25,21783.25,649,210,0
2025-06-12 13:20:00+00:00,21783.25,21786.25,21750.45,21752.05,788,210,0
2025-06-12 13:25:00+00:00,21751.95,21762.15,21741.15,21759.15,815,210,0
2025-06-12 13:30:00+00:00,21758.75,21774.55,21752.55,21756.55,670,210,0
2025-06-12 13:35:00+00:00,21756.75,21771.75,21752.05,21763.95,743,210,0
2025-06-12 13:40:00+00:00,21763.95,21781.75,21763.95,21779.55,665,210,0
2025-06-12 13:45:00+00:00,21779.25,21792.25,21779.25,21786.55,690,210,0
2025-06-12 13:50:00+00:00,21785.75,21795.05,21785.45,21792.95,652,200,0
2025-06-12 13:55:00+00:00,21793.05,21801.95,21777.65,21782.55,696,210,0
2025-06-12 14:00:00+00:00,21782.25,21783.95,21762.05,21771.75,794,210,0
2025-06-12 14:05:00+00:00,21771.65,21780.15,21757.75,21778.25,750,210,0
2025-06-12 14:10:00+00:00,21778.75,21783.05,21764.25,21764.25,656,210,0
2025-06-12 14:15:00+00:00,21764.45,21766.75,21757.75,21763.15,564,210,0
2025-06-12 14:20:00+00:00,21762.95,21765.45,21755.55,21759.05,626,200,0
2025-06-12 14:25:00+00:00,21756.95,21761.95,21743.05,21747.75,722,200,0
2025-06-12 14:30:00+00:00,21748.15,21754.65,21733.15,21748.75,920,210,0
2025-06-12 14:35:00+00:00,21748.75,21752.15,21729.25,21736.15,826,210,0
2025-06-12 14:40:00+00:00,21736.55,21748.75,21732.55,21748.25,671,210,0
2025-06-12 14:45:00+00:00,21748.05,21753.75,21742.15,21750.45,706,210,0
2025-06-12 14:50:00+00:00,21749.75,21752.25,21720.55,21725.95,870,210,0
2025-06-12 14:55:00+00:00,21726.65,21726.95,21713.25,21717.65,725,210,0
2025-06-12 15:00:00+00:00,21717.05,21731.45,21717.05,21725.45,836,210,0
2025-06-12 15:05:00+00:00,21725.45,21737.75,21723.95,21737.55,677,200,0
2025-06-12 15:10:00+00:00,21737.65,21752.95,21733.45,21747.15,806,200,0
2025-06-12 15:15:00+00:00,21746.95,21752.05,21739.95,21748.95,727,200,0
2025-06-12 15:20:00+00:00,21748.95,21750.95,21741.05,21747.65,736,200,0
2025-06-12 15:25:00+00:00,21747.95,21748.15,21728.45,21740.95,882,200,0
2025-06-12 15:30:00+00:00,21740.75,21778.95,21721.65,21772.45,1204,210,0
2025-06-12 15:35:00+00:00,21773.05,21810.15,21771.75,21806.55,1254,210,0
2025-06-12 15:40:00+00:00,21806.45,21825.75,21805.95,21817.05,1161,210,0
2025-06-12 15:45:00+00:00,21817.45,21825.25,21802.65,21810.05,1064,210,0
2025-06-12 15:50:00+00:00,21809.55,21815.15,21799.05,21810.05,956,210,0
2025-06-12 15:55:00+00:00,21810.25,21823.45,21809.75,21812.95,872,210,0
2025-06-12 16:00:00+00:00,21813.55,21840.95,21809.75,21821.45,1130,210,0
2025-06-12 16:05:00+00:00,21821.65,21821.65,21804.15,21816.45,1007,210,0
2025-06-12 16:10:00+00:00,21816.25,21821.65,21812.95,21815.05,815,200,0
2025-06-12 16:15:00+00:00,21815.45,21818.75,21806.45,21816.25,864,200,0
2025-06-12 16:20:00+00:00,21815.75,21816.55,21805.65,21810.25,857,200,0
2025-06-12 16:25:00+00:00,21809.55,21813.65,21800.75,21802.55,1048,210,0
2025-06-12 16:30:00+00:00,21807.65,21850.25,21797.55,21824.75,1623,90,0
2025-06-12 16:35:00+00:00,21824.25,21857.95,21807.65,21846.45,1616,120,0
2025-06-12 16:40:00+00:00,21846.35,21861.65,21838.15,21857.45,1524,120,0
2025-06-12 16:45:00+00:00,21857.75,21867.25,21842.25,21864.75,1475,120,0
2025-06-12 16:50:00+00:00,21864.95,21868.65,21849.15,21855.35,1442,120,0
2025-06-12 16:55:00+00:00,21853.75,21854.95,21822.45,21835.45,1452,120,0
2025-06-12 17:00:00+00:00,21835.75,21849.75,21819.15,21833.45,1438,120,0
2025-06-12 17:05:00+00:00,21834.25,21880.25,21824.75,21868.75,1431,120,0
2025-06-12 17:10:00+00:00,21868.65,21893.95,21865.35,21892.45,1382,100,0
2025-06-12 17:15:00+00:00,21893.35,21903.05,21886.45,21897.25,1388,90,0
2025-06-12 17:20:00+00:00,21896.55,21908.15,21887.25,21896.85,1391,100,0
2025-06-12 17:25:00+00:00,21896.75,21906.55,21880.95,21898.55,1399,100,0
2025-06-12 17:30:00+00:00,21898.25,21905.45,21888.95,21899.45,1352,90,0
2025-06-12 17:35:00+00:00,21899.45,21921.25,21891.25,21912.55,1312,90,0
2025-06-12 17:40:00+00:00,21912.35,21924.75,21912.35,21920.55,1318,80,0
2025-06-12 17:45:00+00:00,21920.85,21926.85,21916.55,21924.95,1214,80,0
2025-06-12 17:50:00+00:00,21924.95,21925.35,21910.65,21917.55,1278,80,0
2025-06-12 17:55:00+00:00,21917.55,21922.15,21907.35,21912.15,1289,80,0
2025-06-12 18:00:00+00:00,21912.35,21955.15,21912.35,21947.55,1357,80,0
2025-06-12 18:05:00+00:00,21947.75,21948.45,21928.05,21930.85,1326,80,0
2025-06-12 18:10:00+00:00,21930.95,21936.15,21919.35,21925.65,1229,80,0
2025-06-12 18:15:00+00:00,21925.85,21932.55,21892.75,21904.25,1381,80,0
2025-06-12 18:20:00+00:00,21902.45,21909.15,21860.75,21879.95,1427,120,0
2025-06-12 18:25:00+00:00,21879.95,21898.45,21868.15,21895.75,1414,120,0
2025-06-12 18:30:00+00:00,21895.75,21902.75,21871.95,21889.15,1363,120,0
2025-06-12 18:35:00+00:00,21889.65,21901.65,21885.65,21893.35,1343,100,0
2025-06-12 18:40:00+00:00,21893.35,21908.55,21890.05,21900.55,1257,80,0
2025-06-12 18:45:00+00:00,21900.15,21900.85,21878.85,21882.75,1294,80,0
2025-06-12 18:50:00+00:00,21882.15,21893.25,21871.95,21892.85,1331,80,0
2025-06-12 18:55:00+00:00,21892.35,21905.35,21886.95,21900.65,1278,80,0
2025-06-12 19:00:00+00:00,21900.85,21921.65,21880.55,21889.75,1402,80,0
2025-06-12 19:05:00+00:00,21889.05,21916.75,21886.75,21910.25,1357,110,0
2025-06-12 19:10:00+00:00,21910.85,21927.05,21907.95,21917.15,1248,90,0
2025-06-12 19:15:00+00:00,21917.05,21928.95,21913.65,21918.55,1218,80,0
2025-06-12 19:20:00+00:00,21918.85,21924.55,21898.95,21904.95,1287,80,0
2025-06-12 19:25:00+00:00,21905.15,21941.75,21904.25,21933.75,1283,80,0
2025-06-12 19:30:00+00:00,21933.85,21933.85,21894.75,21919.95,1300,120,0
2025-06-12 19:35:00+00:00,21919.45,21940.65,21917.55,21939.35,1262,80,0
2025-06-12 19:40:00+00:00,21939.55,21946.15,21931.75,21936.15,1251,80,0
2025-06-12 19:45:00+00:00,21936.45,21939.85,21920.05,21920.55,1239,80,0
2025-06-12 19:50:00+00:00,21920.15,21922.75,21904.25,21906.55,1268,80,0
2025-06-12 19:55:00+00:00,21906.35,21912.75,21898.85,21902.15,1200,80,0
2025-06-12 20:00:00+00:00,21902.55,21931.15,21895.95,21918.15,1272,80,0
2025-06-12 20:05:00+00:00,21918.25,21930.35,21910.25,21927.15,1174,90,0
2025-06-12 20:10:00+00:00,21927.15,21939.85,21921.85,21929.65,1144,80,0
2025-06-12 20:15:00+00:00,21929.95,21932.45,21920.65,21929.65,1127,80,0
2025-06-12 20:20:00+00:00,21929.55,21935.35,21919.95,21920.35,982,80,0
2025-06-12 20:25:00+00:00,21919.55,21926.55,21913.05,21918.85,1086,80,0
2025-06-12 20:30:00+00:00,21918.85,21943.85,21917.95,21943.45,1199,80,0
2025-06-12 20:35:00+00:00,21943.55,21945.85,21935.15,21939.55,1056,80,0
2025-06-12 20:40:00+00:00,21939.45,21940.05,21928.35,21931.45,1125,80,0
2025-06-12 20:45:00+00:00,21932.15,21933.65,21918.45,21919.15,1025,80,0
2025-06-12 20:50:00+00:00,21919.15,21927.65,21918.55,21924.05,980,80,0
2025-06-12 20:55:00+00:00,21924.15,21924.15,21908.15,21914.75,1072,80,0
2025-06-12 21:00:00+00:00,21914.25,21919.05,21905.75,21915.75,1067,80,0
2025-06-12 21:05:00+00:00,21915.65,21926.15,21915.15,21923.55,985,80,0
2025-06-12 21:10:00+00:00,21923.65,21927.65,21914.45,21914.55,937,80,0
2025-06-12 21:15:00+00:00,21914.45,21924.05,21910.05,21917.05,953,80,0
2025-06-12 21:20:00+00:00,21916.95,21918.95,21896.15,21902.45,1118,80,0
2025-06-12 21:25:00+00:00,21902.25,21908.75,21879.85,21898.05,1141,80,0
2025-06-12 21:30:00+00:00,21899.35,21903.25,21882.75,21900.05,1242,100,0
2025-06-12 21:35:00+00:00,21900.25,21912.35,21891.65,21903.45,1199,90,0
2025-06-12 21:40:00+00:00,21903.25,21906.25,21886.15,21888.25,1113,80,0
2025-06-12 21:45:00+00:00,21888.65,21901.95,21881.65,21898.65,1106,80,0
2025-06-12 21:50:00+00:00,21898.65,21908.95,21894.55,21903.95,1024,80,0
2025-06-12 21:55:00+00:00,21904.15,21916.95,21896.65,21915.15,1033,80,0
2025-06-12 22:00:00+00:00,21914.25,21922.65,21908.45,21917.55,1085,80,0
2025-06-12 22:05:00+00:00,21917.65,21924.05,21915.45,21921.95,945,80,0
2025-06-12 22:10:00+00:00,21921.95,21922.65,21911.45,21914.65,984,80,0
2025-06-12 22:15:00+00:00,21914.75,21928.65,21913.65,21927.15,997,80,0
2025-06-12 22:20:00+00:00,21927.15,21930.65,21915.95,21917.55,987,80,0
2025-06-12 22:25:00+00:00,21917.15,21917.65,21907.65,21913.75,995,80,0
2025-06-12 22:30:00+00:00,21912.65,21912.75,21895.95,21905.65,1168,80,0
2025-06-12 22:35:00+00:00,21904.55,21907.45,21896.65,21905.25,999,80,0
2025-06-12 22:40:00+00:00,21905.25,21905.25,21888.25,21889.25,1084,80,0
2025-06-12 22:45:00+00:00,21888.25,21890.55,21877.15,21881.15,1164,80,0
2025-06-12 22:50:00+00:00,21883.15,21889.75,21870.95,21885.85,1260,80,0
2025-06-12 22:55:00+00:00,21890.35,21914.85,21886.75,21914.25,1310,120,0
2025-06-12 23:00:00+00:00,21913.85,21918.16,21903.46,21909.26,1084,120,0
2025-06-12 23:05:00+00:00,21909.96,21923.16,21905.76,21908.96,922,228,0
2025-06-12 23:10:00+00:00,21908.66,21917.06,21905.76,21906.26,615,208,0
2025-06-12 23:15:00+00:00,21906.06,21908.06,21899.86,21899.96,557,198,0
2025-06-12 23:20:00+00:00,21900.16,21900.36,21891.66,21894.86,415,188,0
2025-06-12 23:25:00+00:00,21894.96,21897.46,21888.16,21890.86,342,178,0
2025-06-12 23:30:00+00:00,21890.66,21893.16,21887.46,21892.36,350,178,0
2025-06-12 23:35:00+00:00,21892.46,21898.56,21891.26,21897.26,330,178,0
2025-06-12 23:40:00+00:00,21896.66,21897.96,21890.06,21891.06,315,168,0
2025-06-12 23:45:00+00:00,21890.96,21894.26,21890.46,21892.26,352,168,0
2025-06-13 01:05:00+00:00,21871.75,21874.85,21865.75,21869.55,332,170,0
2025-06-13 01:10:00+00:00,21870.05,21873.95,21869.95,21873.85,213,150,0
2025-06-13 01:15:00+00:00,21873.95,21873.95,21863.25,21864.15,277,150,0
2025-06-13 01:20:00+00:00,21863.75,21864.65,21860.85,21864.55,223,150,0
2025-06-13 01:25:00+00:00,21864.55,21864.55,21851.45,21854.15,302,150,0
2025-06-13 01:30:00+00:00,21854.25,21854.25,21839.95,21851.95,510,170,0
2025-06-13 01:35:00+00:00,21851.85,21853.35,21845.75,21845.75,270,170,0
2025-06-13 01:40:00+00:00,21845.95,21849.35,21844.45,21847.05,277,170,0
2025-06-13 01:45:00+00:00,21847.35,21861.85,21846.85,21860.05,311,160,0
2025-06-13 01:50:00+00:00,21860.15,21860.85,21858.25,21858.75,198,150,0
2025-06-13 01:55:00+00:00,21858.45,21864.85,21858.35,21860.85,249,150,0
2025-06-13 02:00:00+00:00,21861.15,21861.15,21852.65,21856.25,362,170,0
2025-06-13 02:05:00+00:00,21856.45,21864.45,21856.05,21863.05,248,150,0
2025-06-13 02:10:00+00:00,21862.65,21864.55,21859.85,21862.95,235,160,0
2025-06-13 02:15:00+00:00,21862.85,21867.65,21859.75,21860.25,171,160,0
2025-06-13 02:20:00+00:00,21860.35,21868.15,21859.85,21865.35,172,150,0
2025-06-13 02:25:00+00:00,21865.45,21866.05,21859.65,21860.15,159,150,0
2025-06-13 02:30:00+00:00,21859.95,21860.15,21852.75,21854.45,190,150,0
2025-06-13 02:35:00+00:00,21854.35,21858.15,21851.35,21856.35,207,150,0
2025-06-13 02:40:00+00:00,21856.55,21862.35,21837.65,21849.15,509,160,0
2025-06-13 02:45:00+00:00,21849.35,21855.85,21844.15,21851.45,341,200,0
2025-06-13 02:50:00+00:00,21851.85,21852.95,21843.55,21846.25,301,190,0
2025-06-13 02:55:00+00:00,21846.55,21847.85,21765.55,21765.55,625,170,0
2025-06-13 03:00:00+00:00,21765.45,21771.05,21619.35,21640.95,1347,210,0
2025-06-13 03:05:00+00:00,21639.15,21681.85,21567.55,21642.35,1357,210,0
2025-06-13 03:10:00+00:00,21642.65,21699.85,21613.85,21684.85,1044,210,0
2025-06-13 03:15:00+00:00,21685.15,21687.85,21589.15,21612.05,1203,210,0
2025-06-13 03:20:00+00:00,21612.35,21623.15,21561.35,21588.45,1476,210,0
2025-06-13 03:25:00+00:00,21588.45,21610.05,21572.65,21579.45,1311,210,0
2025-06-13 03:30:00+00:00,21579.65,21601.95,21536.05,21559.65,1402,210,0
2025-06-13 03:35:00+00:00,21558.55,21583.95,21541.15,21562.45,1198,210,0
2025-06-13 03:40:00+00:00,21564.35,21589.45,21552.05,21573.55,1210,210,0
2025-06-13 03:45:00+00:00,21574.95,21599.35,21571.35,21581.15,1197,210,0
2025-06-13 03:50:00+00:00,21581.45,21581.45,21507.65,21511.05,1440,210,0
2025-06-13 03:55:00+00:00,21511.55,21554.05,21508.95,21547.55,1333,210,0
2025-06-13 04:00:00+00:00,21547.55,21550.35,21508.95,21511.05,1244,210,0
2025-06-13 04:05:00+00:00,21510.65,21533.85,21508.45,21519.45,1120,210,0
2025-06-13 04:10:00+00:00,21518.85,21519.05,21469.55,21494.05,1291,210,0
2025-06-13 04:15:00+00:00,21494.55,21515.45,21489.35,21502.95,1079,210,0
2025-06-13 04:20:00+00:00,21503.15,21541.85,21502.95,21530.05,1201,210,0
2025-06-13 04:25:00+00:00,21530.45,21545.85,21511.05,21516.65,1105,210,0
2025-06-13 04:30:00+00:00,21517.95,21527.35,21491.85,21519.45,1214,210,0
2025-06-13 04:35:00+00:00,21519.35,21563.95,21513.95,21552.45,1142,210,0
2025-06-13 04:40:00+00:00,21550.15,21557.05,21534.95,21554.45,1032,210,0
2025-06-13 04:45:00+00:00,21554.55,21574.85,21554.55,21561.15,1080,210,0
2025-06-13 04:50:00+00:00,21561.15,21571.55,21551.95,21568.55,892,210,0
2025-06-13 04:55:00+00:00,21568.85,21597.45,21568.55,21592.95,1069,210,0
2025-06-13 05:00:00+00:00,21592.85,21593.65,21551.35,21554.95,986,210,0
2025-06-13 05:05:00+00:00,21555.05,21567.85,21546.55,21564.15,891,210,0
2025-06-13 05:10:00+00:00,21564.45,21565.95,21556.55,21558.65,688,210,0
2025-06-13 05:15:00+00:00,21558.85,21569.05,21544.65,21556.55,806,210,0
2025-06-13 05:20:00+00:00,21556.65,21560.95,21532.65,21532.65,883,210,0
2025-06-13 05:25:00+00:00,21532.95,21544.35,21518.35,21524.55,1017,210,0
2025-06-13 05:30:00+00:00,21524.35,21530.15,21501.45,21507.05,973,210,0
2025-06-13 05:35:00+00:00,21506.95,21525.35,21493.85,21504.15,982,210,0
2025-06-13 05:40:00+00:00,21504.55,21506.35,21451.85,21474.55,1198,210,0
2025-06-13 05:45:00+00:00,21474.55,21506.95,21474.55,21503.85,1021,210,0
2025-06-13 05:50:00+00:00,21503.55,21504.55,21483.15,21487.35,838,210,0
2025-06-13 05:55:00+00:00,21486.65,21512.65,21483.05,21510.55,826,210,0
2025-06-13 06:00:00+00:00,21510.65,21529.45,21503.85,21518.65,876,210,0
2025-06-13 06:05:00+00:00,21518.55,21536.85,21508.65,21531.15,898,210,0
2025-06-13 06:10:00+00:00,21530.95,21541.85,21527.15,21537.85,821,210,0
2025-06-13 06:15:00+00:00,21537.55,21549.15,21528.05,21545.85,759,210,0
2025-06-13 06:20:00+00:00,21545.55,21547.05,21523.85,21526.65,664,210,0
2025-06-13 06:25:00+00:00,21526.65,21536.05,21523.85,21528.05,628,210,0
2025-06-13 06:30:00+00:00,21528.15,21542.95,21526.55,21542.95,606,200,0
2025-06-13 06:35:00+00:00,21542.05,21542.05,21526.45,21536.85,597,210,0
2025-06-13 06:40:00+00:00,21537.05,21543.05,21513.65,21518.65,665,200,0
2025-06-13 06:45:00+00:00,21518.55,21539.85,21518.45,21537.55,575,210,0
2025-06-13 06:50:00+00:00,21537.35,21554.95,21537.35,21552.55,770,210,0
2025-06-13 06:55:00+00:00,21552.45,21561.85,21550.65,21552.95,625,210,0
2025-06-13 07:00:00+00:00,21552.85,21555.65,21529.25,21536.45,678,190,0
2025-06-13 07:05:00+00:00,21536.35,21537.65,21523.45,21526.15,531,200,0
2025-06-13 07:10:00+00:00,21526.05,21530.05,21516.45,21521.95,549,210,0
2025-06-13 07:15:00+00:00,21521.85,21522.55,21502.65,21516.35,548,190,0
2025-06-13 07:20:00+00:00,21516.35,21524.65,21505.05,21507.45,579,200,0
2025-06-13 07:25:00+00:00,21507.35,21511.65,21502.85,21509.95,565,200,0
2025-06-13 07:30:00+00:00,21509.65,21531.55,21507.55,21526.55,631,200,0
2025-06-13 07:35:00+00:00,21526.55,21526.55,21510.55,21516.45,558,210,0
2025-06-13 07:40:00+00:00,21516.35,21535.45,21514.05,21520.65,602,210,0
2025-06-13 07:45:00+00:00,21520.95,21532.65,21519.65,21530.55,414,190,0
2025-06-13 07:50:00+00:00,21530.45,21534.15,21525.65,21531.95,409,190,0
2025-06-13 07:55:00+00:00,21531.85,21535.25,21519.15,21522.65,405,190,0
2025-06-13 08:00:00+00:00,21523.45,21524.15,21503.45,21513.15,779,210,0
2025-06-13 08:05:00+00:00,21513.05,21523.85,21511.45,21523.85,592,210,0
2025-06-13 08:10:00+00:00,21524.05,21533.95,21517.45,21531.55,550,200,0
2025-06-13 08:15:00+00:00,21531.55,21535.25,21524.35,21529.65,555,190,0
2025-06-13 08:20:00+00:00,21529.25,21538.45,21517.35,21532.15,598,200,0
2025-06-13 08:25:00+00:00,21531.95,21539.15,21525.95,21535.35,585,210,0
2025-06-13 08:30:00+00:00,21535.95,21535.95,21522.95,21531.15,578,200,0
2025-06-13 08:35:00+00:00,21531.05,21536.65,21529.85,21532.75,444,190,0
2025-06-13 08:40:00+00:00,21532.75,21534.65,21515.95,21523.05,589,190,0
2025-06-13 08:45:00+00:00,21522.65,21537.35,21518.65,21536.05,565,200,0
2025-06-13 08:50:00+00:00,21536.05,21547.65,21528.15,21546.95,628,210,0
2025-06-13 08:55:00+00:00,21546.55,21550.15,21542.15,21549.95,564,190,0
2025-06-13 09:00:00+00:00,21549.95,21590.95,21548.95,21578.85,1055,190,0
2025-06-13 09:05:00+00:00,21579.45,21586.55,21574.05,21580.65,783,210,0
2025-06-13 09:10:00+00:00,21580.85,21581.05,21562.15,21565.45,776,210,0
2025-06-13 09:15:00+00:00,21565.45,21572.55,21549.15,21558.45,806,210,0
2025-06-13 09:20:00+00:00,21558.45,21563.85,21549.05,21554.15,723,210,0
2025-06-13 09:25:00+00:00,21554.55,21572.45,21548.45,21554.85,857,210,0
2025-06-13 09:30:00+00:00,21555.15,21577.45,21555.05,21568.45,712,210,0
2025-06-13 09:35:00+00:00,21567.85,21572.65,21550.55,21552.95,693,210,0
2025-06-13 09:40:00+00:00,21553.05,21563.15,21545.65,21560.45,692,210,0
2025-06-13 09:45:00+00:00,21560.65,21583.05,21552.45,21582.95,765,210,0
2025-06-13 09:50:00+00:00,21583.05,21585.85,21572.85,21582.15,700,210,0
2025-06-13 09:55:00+00:00,21582.05,21590.15,21568.85,21585.65,730,210,0
2025-06-13 10:00:00+00:00,21586.05,21605.15,21582.35,21587.35,1266,210,0
2025-06-13 10:05:00+00:00,21587.05,21603.95,21567.55,21599.55,1261,210,0
2025-06-13 10:10:00+00:00,21599.55,21616.85,21593.45,21615.85,1106,210,0
2025-06-13 10:15:00+00:00,21615.95,21615.95,21586.35,21588.35,1077,210,0
2025-06-13 10:20:00+00:00,21588.55,21595.85,21573.95,21583.15,1083,210,0
2025-06-13 10:25:00+00:00,21582.95,21599.65,21581.15,21593.85,929,210,0
2025-06-13 10:30:00+00:00,21594.05,21603.95,21587.85,21590.15,1018,210,0
2025-06-13 10:35:00+00:00,21589.45,21611.65,21588.95,21610.05,907,210,0
2025-06-13 10:40:00+00:00,21609.45,21624.85,21608.55,21624.05,968,210,0
2025-06-13 10:45:00+00:00,21623.85,21627.55,21608.35,21609.65,868,210,0
2025-06-13 10:50:00+00:00,21610.35,21631.65,21608.85,21624.55,1053,210,0
2025-06-13 10:55:00+00:00,21624.55,21625.65,21609.55,21617.55,881,210,0
2025-06-13 11:00:00+00:00,21617.55,21642.65,21609.55,21634.85,1105,210,0
2025-06-13 11:05:00+00:00,21634.95,21638.45,21615.15,21627.15,962,210,0
2025-06-13 11:10:00+00:00,21626.65,21640.65,21620.45,21634.35,887,210,0
2025-06-13 11:15:00+00:00,21634.15,21637.55,21617.85,21623.35,847,210,0
2025-06-13 11:20:00+00:00,21623.35,21624.85,21600.95,21609.85,937,210,0
2025-06-13 11:25:00+00:00,21609.65,21609.95,21585.95,21606.05,968,210,0
2025-06-13 11:30:00+00:00,21606.05,21609.15,21599.35,21602.15,856,210,0
2025-06-13 11:35:00+00:00,21602.95,21605.95,21591.95,21596.55,915,210,0
2025-06-13 11:40:00+00:00,21596.85,21597.95,21582.85,21586.55,911,210,0
2025-06-13 11:45:00+00:00,21586.85,21589.85,21565.65,21576.85,994,210,0
2025-06-13 11:50:00+00:00,21577.05,21602.05,21576.85,21595.15,915,210,0
2025-06-13 11:55:00+00:00,21595.35,21604.95,21580.55,21583.35,780,210,0
2025-06-13 12:00:00+00:00,21583.55,21613.55,21580.15,21603.65,1018,210,0
2025-06-13 12:05:00+00:00,21603.65,21613.85,21596.35,21608.05,844,210,0
2025-06-13 12:10:00+00:00,21607.65,21615.35,21560.65,21589.15,915,210,0
2025-06-13 12:15:00+00:00,21589.05,21626.95,21579.65,21597.55,1154,210,0
2025-06-13 12:20:00+00:00,21597.85,21612.15,21584.65,21606.65,1026,210,0
2025-06-13 12:25:00+00:00,21606.55,21617.85,21598.55,21607.95,822,210,0
2025-06-13 12:30:00+00:00,21608.15,21610.45,21584.85,21596.35,820,210,0
2025-06-13 12:35:00+00:00,21596.05,21604.55,21581.45,21594.35,779,210,0
2025-06-13 12:40:00+00:00,21593.65,21596.35,21585.65,21595.15,799,200,0
2025-06-13 12:45:00+00:00,21595.05,21595.65,21586.75,21586.85,628,200,0
2025-06-13 12:50:00+00:00,21586.65,21606.45,21585.45,21601.35,906,200,0
2025-06-13 12:55:00+00:00,21601.85,21617.05,21596.05,21604.85,984,210,0
2025-06-13 13:00:00+00:00,21604.55,21613.35,21580.15,21583.35,984,210,0
2025-06-13 13:05:00+00:00,21583.15,21594.15,21579.55,21583.85,828,210,0
2025-06-13 13:10:00+00:00,21586.45,21610.05,21586.45,21601.65,766,210,0
2025-06-13 13:15:00+00:00,21601.85,21605.55,21584.95,21598.95,786,210,0
2025-06-13 13:20:00+00:00,21599.15,21600.65,21577.65,21589.85,869,210,0
2025-06-13 13:25:00+00:00,21590.95,21616.35,21587.45,21604.45,852,210,0
2025-06-13 13:30:00+00:00,21604.35,21604.35,21595.95,21597.75,735,200,0
2025-06-13 13:35:00+00:00,21597.65,21605.95,21595.55,21600.85,618,200,0
2025-06-13 13:40:00+00:00,21600.65,21607.35,21594.35,21601.55,584,190,0
2025-06-13 13:45:00+00:00,21602.05,21619.15,21601.55,21610.15,777,210,0
2025-06-13 13:50:00+00:00,21610.35,21623.85,21607.65,21618.65,682,200,0
2025-06-13 13:55:00+00:00,21618.45,21637.05,21616.85,21635.45,851,200,0
2025-06-13 14:00:00+00:00,21635.35,21664.05,21631.95,21664.05,1079,210,0
2025-06-13 14:05:00+00:00,21663.45,21685.15,21659.55,21678.55,1094,210,0
2025-06-13 14:10:00+00:00,21678.05,21679.35,21640.35,21646.85,1032,210,0
2025-06-13 14:15:00+00:00,21645.65,21650.35,21632.55,21649.65,907,210,0
2025-06-13 14:20:00+00:00,21649.65,21652.35,21628.35,21638.85,828,210,0
2025-06-13 14:25:00+00:00,21638.85,21639.35,21626.15,21629.55,727,210,0
2025-06-13 14:30:00+00:00,21629.35,21654.85,21625.85,21653.15,877,210,0
2025-06-13 14:35:00+00:00,21652.95,21667.95,21648.35,21651.85,965,210,0
2025-06-13 14:40:00+00:00,21651.85,21669.45,21651.85,21668.55,725,210,0
2025-06-13 14:45:00+00:00,21668.35,21675.75,21666.25,21667.05,764,200,0
2025-06-13 14:50:00+00:00,21666.55,21676.95,21665.35,21667.15,752,200,0
2025-06-13 14:55:00+00:00,21667.45,21677.75,21664.75,21667.15,737,190,0
2025-06-13 15:00:00+00:00,21666.95,21673.55,21650.15,21652.15,1039,210,0
2025-06-13 15:05:00+00:00,21652.55,21660.05,21646.55,21656.55,817,210,0
2025-06-13 15:10:00+00:00,21656.95,21659.65,21647.35,21647.75,624,190,0
2025-06-13 15:15:00+00:00,21647.75,21668.35,21643.85,21666.15,842,200,0
2025-06-13 15:20:00+00:00,21666.45,21680.85,21665.05,21677.35,1002,210,0
2025-06-13 15:25:00+00:00,21676.95,21681.65,21664.15,21668.65,915,210,0
2025-06-13 15:30:00+00:00,21668.55,21674.45,21659.45,21669.35,919,210,0
2025-06-13 15:35:00+00:00,21669.15,21683.85,21667.45,21669.65,967,210,0
2025-06-13 15:40:00+00:00,21671.95,21674.65,21646.55,21647.35,905,210,0
2025-06-13 15:45:00+00:00,21647.85,21655.15,21634.65,21641.45,1025,210,0
2025-06-13 15:50:00+00:00,21641.45,21647.65,21626.05,21633.05,931,210,0
2025-06-13 15:55:00+00:00,21632.95,21646.65,21632.95,21641.05,900,210,0
2025-06-13 16:00:00+00:00,21641.35,21642.35,21625.05,21636.15,968,210,0
2025-06-13 16:05:00+00:00,21635.85,21635.95,21627.85,21628.55,727,200,0
2025-06-13 16:10:00+00:00,21628.45,21635.85,21617.15,21634.55,955,200,0
2025-06-13 16:15:00+00:00,21634.55,21634.85,21608.95,21619.55,980,210,0
2025-06-13 16:20:00+00:00,21619.05,21635.55,21611.35,21625.05,1089,210,0
2025-06-13 16:25:00+00:00,21618.05,21664.15,21618.05,21663.95,1278,210,0
2025-06-13 16:30:00+00:00,21663.95,21759.65,21648.05,21743.85,1656,120,0
2025-06-13 16:35:00+00:00,21747.55,21771.05,21712.55,21765.15,1575,120,0
2025-06-13 16:40:00+00:00,21765.75,21766.15,21731.75,21752.25,1517,120,0
2025-06-13 16:45:00+00:00,21752.25,21752.25,21721.65,21738.65,1574,120,0
2025-06-13 16:50:00+00:00,21737.25,21775.65,21717.25,21717.75,1562,120,0
2025-06-13 16:55:00+00:00,21718.05,21734.05,21696.75,21710.15,1488,120,0
2025-06-13 17:00:00+00:00,21743.15,21750.65,21703.35,21715.55,1524,120,0
2025-06-13 17:05:00+00:00,21714.25,21733.55,21705.85,21707.65,1505,120,0
2025-06-13 17:10:00+00:00,21708.75,21709.25,21661.55,21680.55,1511,120,0
2025-06-13 17:15:00+00:00,21681.25,21681.85,21662.55,21670.05,1439,120,0
2025-06-13 17:20:00+00:00,21670.05,21670.25,21626.15,21648.15,1481,120,0
2025-06-13 17:25:00+00:00,21646.65,21652.75,21602.35,21611.75,1493,120,0
2025-06-13 17:30:00+00:00,21611.35,21656.55,21606.25,21648.05,1470,120,0
2025-06-13 17:35:00+00:00,21648.05,21703.05,21643.15,21698.25,1406,120,0
2025-06-13 17:40:00+00:00,21698.15,21727.05,21689.75,21690.75,1425,120,0
2025-06-13 17:45:00+00:00,21690.85,21710.05,21667.75,21678.25,1420,120,0
2025-06-13 17:50:00+00:00,21677.55,21736.55,21670.25,21728.65,1451,120,0
2025-06-13 17:55:00+00:00,21727.75,21751.25,21716.75,21727.05,1410,120,0
2025-06-13 18:00:00+00:00,21728.55,21738.55,21719.25,21732.85,1374,120,0
2025-06-13 18:05:00+00:00,21732.75,21748.25,21729.55,21738.85,1343,110,0
2025-06-13 18:10:00+00:00,21738.85,21750.65,21720.15,21745.75,1377,100,0
2025-06-13 18:15:00+00:00,21745.75,21757.25,21730.15,21750.05,1359,120,0
2025-06-13 18:20:00+00:00,21750.05,21790.25,21745.55,21763.85,1328,100,0
2025-06-13 18:25:00+00:00,21764.05,21782.05,21756.05,21780.95,1313,110,0
2025-06-13 18:30:00+00:00,21781.05,21794.95,21774.45,21782.95,1356,100,0
2025-06-13 18:35:00+00:00,21783.45,21786.45,21767.65,21780.85,1287,100,0
2025-06-13 18:40:00+00:00,21780.75,21798.55,21770.75,21792.05,1263,90,0
2025-06-13 18:45:00+00:00,21793.05,21813.75,21789.95,21809.25,1270,80,0
2025-06-13 18:50:00+00:00,21809.35,21826.35,21808.85,21823.35,1134,80,0
2025-06-13 18:55:00+00:00,21823.05,21823.75,21796.95,21817.25,1276,80,0
2025-06-13 19:00:00+00:00,21817.85,21820.45,21800.25,21804.55,1282,90,0
2025-06-13 19:05:00+00:00,21804.25,21822.05,21800.15,21818.25,1196,80,0
2025-06-13 19:10:00+00:00,21818.25,21837.35,21818.25,21828.55,1174,80,0
2025-06-13 19:15:00+00:00,21828.35,21836.85,21817.25,21828.05,1144,80,0
2025-06-13 19:20:00+00:00,21828.35,21833.65,21811.85,21825.25,1253,80,0
2025-06-13 19:25:00+00:00,21825.15,21830.95,21798.55,21803.75,1304,80,0
2025-06-13 19:30:00+00:00,21804.25,21816.75,21800.05,21813.15,1258,80,0
2025-06-13 19:35:00+00:00,21813.65,21818.05,21791.05,21791.35,1245,80,0
2025-06-13 19:40:00+00:00,21790.45,21805.35,21787.35,21794.75,1199,80,0
2025-06-13 19:45:00+00:00,21794.75,21794.75,21782.35,21785.35,1155,80,0
2025-06-13 19:50:00+00:00,21785.55,21815.15,21783.45,21810.25,1242,80,0
2025-06-13 19:55:00+00:00,21810.25,21826.85,21806.95,21811.45,1123,80,0
2025-06-13 20:00:00+00:00,21810.85,21817.35,21805.25,21805.55,1327,80,0
2025-06-13 20:05:00+00:00,21805.65,21807.95,21787.95,21788.55,1313,80,0
2025-06-13 20:10:00+00:00,21788.55,21789.45,21762.35,21773.85,1388,80,0
2025-06-13 20:15:00+00:00,21773.05,21774.55,21740.75,21759.25,1346,90,0
2025-06-13 20:20:00+00:00,21759.35,21798.15,21757.75,21781.35,1313,120,0
2025-06-13 20:25:00+00:00,21781.35,21784.55,21754.95,21755.45,1258,90,0
2025-06-13 20:30:00+00:00,21755.05,21777.75,21753.25,21756.55,1298,90,0
2025-06-13 20:35:00+00:00,21756.85,21763.05,21747.65,21751.55,1194,110,0
2025-06-13 20:40:00+00:00,21751.95,21764.75,21733.55,21753.55,1248,90,0
2025-06-13 20:45:00+00:00,21754.75,21764.25,21743.55,21749.85,1211,120,0
2025-06-13 20:50:00+00:00,21749.75,21783.15,21748.35,21774.95,1281,100,0
2025-06-13 20:55:00+00:00,21775.15,21776.75,21763.45,21771.45,1118,80,0
2025-06-13 21:00:00+00:00,21771.25,21788.15,21731.75,21743.15,1340,90,0
2025-06-13 21:05:00+00:00,21742.85,21761.35,21718.55,21729.05,1453,120,0
2025-06-13 21:10:00+00:00,21729.05,21738.05,21717.25,21717.75,1348,120,0
2025-06-13 21:15:00+00:00,21717.55,21718.55,21683.75,21714.15,1503,120,0
2025-06-13 21:20:00+00:00,21714.55,21719.75,21690.25,21700.75,1367,110,0
2025-06-13 21:25:00+00:00,21700.05,21705.85,21653.55,21659.55,1397,110,0
2025-06-13 21:30:00+00:00,21657.05,21664.65,21611.75,21633.25,1526,120,0
2025-06-13 21:35:00+00:00,21630.85,21640.65,21591.05,21604.55,1481,120,0
2025-06-13 21:40:00+00:00,21604.55,21627.05,21587.35,21610.65,1510,120,0
2025-06-13 21:45:00+00:00,21611.55,21638.65,21603.25,21609.05,1522,120,0
2025-06-13 21:50:00+00:00,21608.75,21650.05,21604.25,21648.05,1476,120,0
2025-06-13 21:55:00+00:00,21647.55,21661.75,21625.15,21652.25,1399,120,0
2025-06-13 22:00:00+00:00,21651.65,21665.65,21616.25,21634.05,1496,120,0
2025-06-13 22:05:00+00:00,21633.85,21667.35,21628.05,21663.75,1394,120,0
2025-06-13 22:10:00+00:00,21663.55,21675.55,21641.25,21665.75,1357,120,0
2025-06-13 22:15:00+00:00,21666.65,21672.85,21639.55,21646.65,1394,120,0
2025-06-13 22:20:00+00:00,21645.75,21664.75,21619.55,21620.05,1410,120,0
2025-06-13 22:25:00+00:00,21620.55,21625.35,21605.25,21617.05,1363,120,0
2025-06-13 22:30:00+00:00,21617.55,21638.55,21597.75,21605.75,1437,120,0
2025-06-13 22:35:00+00:00,21605.75,21656.75,21601.25,21644.35,1390,120,0
2025-06-13 22:40:00+00:00,21644.55,21655.85,21610.05,21612.55,1331,120,0
2025-06-13 22:45:00+00:00,21611.65,21641.75,21586.75,21619.85,1470,120,0
2025-06-13 22:50:00+00:00,21619.35,21638.25,21597.65,21607.85,1490,120,0
2025-06-13 22:55:00+00:00,21607.55,21636.55,21597.35,21634.25,1521,120,0
2025-06-13 23:00:00+00:00,21635.35,21656.86,21635.35,21638.96,1349,120,0
2025-06-13 23:05:00+00:00,21638.76,21647.56,21626.06,21643.36,1183,228,0
2025-06-13 23:10:00+00:00,21643.36,21661.26,21642.26,21661.26,1103,228,0
2025-06-13 23:15:00+00:00,21661.46,21661.46,21644.56,21653.86,799,228,0
2025-06-13 23:20:00+00:00,21653.56,21654.26,21638.86,21641.86,647,208,0
2025-06-13 23:25:00+00:00,21641.46,21643.56,21631.76,21636.26,657,208,0
2025-06-13 23:30:00+00:00,21636.26,21646.06,21635.56,21642.66,506,208,0
2025-06-13 23:35:00+00:00,21642.36,21658.66,21639.66,21649.36,540,208,0
2025-06-13 23:40:00+00:00,21649.66,21649.66,21639.16,21643.26,648,218,0
2025-06-13 23:45:00+00:00,21643.56,21647.06,21635.56,21635.66,507,218,0
2025-06-16 01:05:00+00:00,21585.65,21606.85,21555.75,21556.15,888,210,0
2025-06-16 01:10:00+00:00,21556.25,21595.25,21537.85,21592.25,1092,210,0
2025-06-16 01:15:00+00:00,21592.45,21606.65,21580.65,21596.45,788,210,0
2025-06-16 01:20:00+00:00,21596.45,21627.35,21584.35,21618.85,829,210,0
2025-06-16 01:25:00+00:00,21618.95,21632.45,21611.25,21620.45,733,210,0
2025-06-16 01:30:00+00:00,21620.35,21638.85,21620.25,21638.65,762,210,0
2025-06-16 01:35:00+00:00,21638.45,21639.45,21617.85,21621.65,627,210,0
2025-06-16 01:40:00+00:00,21622.75,21675.45,21610.75,21663.15,745,210,0
2025-06-16 01:45:00+00:00,21660.25,21664.65,21648.95,21657.15,754,210,0
2025-06-16 01:50:00+00:00,21657.25,21657.85,21632.85,21637.75,590,210,0
2025-06-16 01:55:00+00:00,21637.65,21643.15,21631.85,21636.15,495,200,0
2025-06-16 02:00:00+00:00,21636.25,21639.65,21617.45,21618.85,609,190,0
2025-06-16 02:05:00+00:00,21618.25,21659.85,21617.85,21651.75,715,210,0
2025-06-16 02:10:00+00:00,21651.35,21652.95,21602.25,21613.65,692,210,0
2025-06-16 02:15:00+00:00,21613.35,21648.35,21599.75,21643.15,767,210,0
2025-06-16 02:20:00+00:00,21642.95,21644.35,21604.35,21613.45,522,210,0
2025-06-16 02:25:00+00:00,21613.95,21626.45,21613.35,21619.45,177,210,0
2025-06-16 02:30:00+00:00,21619.25,21640.25,21613.15,21640.15,191,180,0
2025-06-16 02:35:00+00:00,21639.95,21668.85,21639.65,21654.35,389,210,0
2025-06-16 02:40:00+00:00,21652.15,21688.35,21651.45,21672.95,370,210,0
2025-06-16 02:45:00+00:00,21673.65,21675.95,21665.15,21671.75,514,210,0
2025-06-16 02:50:00+00:00,21671.75,21684.45,21669.85,21676.95,489,210,0
2025-06-16 02:55:00+00:00,21676.65,21681.65,21670.55,21675.25,506,200,0
2025-06-16 03:00:00+00:00,21675.55,21685.95,21670.65,21684.35,722,200,0
2025-06-16 03:05:00+00:00,21684.35,21688.65,21670.75,21687.85,609,200,0
2025-06-16 03:10:00+00:00,21688.15,21691.15,21677.75,21686.85,709,210,0
2025-06-16 03:15:00+00:00,21686.95,21687.85,21652.35,21654.35,752,210,0
2025-06-16 03:20:00+00:00,21654.95,21685.35,21654.25,21677.45,735,210,0
2025-06-16 03:25:00+00:00,21677.35,21689.25,21665.35,21665.35,573,210,0
2025-06-16 03:30:00+00:00,21665.15,21684.35,21647.75,21683.45,567,210,0
2025-06-16 03:35:00+00:00,21682.95,21683.25,21667.75,21669.55,435,200,0
2025-06-16 03:40:00+00:00,21669.25,21685.95,21669.05,21684.45,460,190,0
2025-06-16 03:45:00+00:00,21684.15,21685.05,21671.35,21671.65,388,170,0
2025-06-16 03:50:00+00:00,21671.55,21682.95,21666.75,21668.25,389,180,0
2025-06-16 03:55:00+00:00,21668.15,21683.45,21666.85,21681.05,405,200,0
2025-06-16 04:00:00+00:00,21680.95,21686.45,21680.45,21684.35,430,190,0
2025-06-16 04:05:00+00:00,21684.05,21685.95,21667.75,21678.45,516,180,0
2025-06-16 04:10:00+00:00,21679.55,21685.05,21669.05,21669.25,359,190,0
2025-06-16 04:15:00+00:00,21669.25,21674.35,21665.55,21666.75,449,180,0
2025-06-16 04:20:00+00:00,21666.55,21672.85,21652.75,21667.15,509,180,0
2025-06-16 04:25:00+00:00,21667.15,21667.65,21659.75,21662.25,410,200,0
2025-06-16 04:30:00+00:00,21662.45,21682.05,21660.55,21676.65,487,180,0
2025-06-16 04:35:00+00:00,21676.95,21678.55,21670.75,21670.75,377,170,0
2025-06-16 04:40:00+00:00,21670.75,21673.55,21669.15,21672.45,388,170,0
2025-06-16 04:45:00+00:00,21672.05,21675.35,21669.35,21671.35,365,170,0
2025-06-16 04:50:00+00:00,21671.15,21674.45,21664.55,21665.85,357,170,0
2025-06-16 04:55:00+00:00,21665.75,21678.95,21665.75,21671.25,467,190,0
2025-06-16 05:00:00+00:00,21671.75,21676.25,21668.55,21669.35,383,190,0
2025-06-16 05:05:00+00:00,21668.95,21680.45,21666.85,21678.35,413,180,0
2025-06-16 05:10:00+00:00,21678.45,21682.35,21671.05,21682.35,274,180,0
2025-06-16 05:15:00+00:00,21682.65,21704.85,21682.15,21697.75,620,180,0
2025-06-16 05:20:00+00:00,21696.85,21696.95,21687.75,21689.05,451,180,0
2025-06-16 05:25:00+00:00,21688.85,21691.75,21683.85,21684.75,366,180,0
2025-06-16 05:30:00+00:00,21684.75,21689.45,21682.75,21687.75,289,160,0
2025-06-16 05:35:00+00:00,21687.65,21693.45,21687.35,21692.75,357,150,0
2025-06-16 05:40:00+00:00,21692.85,21695.35,21690.85,21695.35,318,160,0
2025-06-16 05:45:00+00:00,21695.35,21697.25,21691.85,21693.55,307,160,0
2025-06-16 05:50:00+00:00,21693.45,21695.85,21686.95,21687.95,260,170,0
2025-06-16 05:55:00+00:00,21687.65,21692.65,21686.85,21689.75,237,150,0
2025-06-16 06:00:00+00:00,21689.75,21692.65,21686.15,21687.65,231,150,0
2025-06-16 06:05:00+00:00,21687.35,21689.85,21684.65,21688.95,235,170,0
2025-06-16 06:10:00+00:00,21688.95,21690.15,21688.05,21689.65,166,150,0
2025-06-16 06:15:00+00:00,21689.45,21692.15,21684.95,21687.15,232,150,0
2025-06-16 06:20:00+00:00,21687.25,21689.15,21685.95,21687.75,238,150,0
2025-06-16 06:25:00+00:00,21687.55,21692.65,21679.15,21679.85,289,150,0
2025-06-16 06:30:00+00:00,21679.85,21681.15,21670.15,21673.85,421,180,0
2025-06-16 06:35:00+00:00,21674.05,21675.05,21665.85,21665.85,353,170,0
2025-06-16 06:40:00+00:00,21665.75,21672.55,21665.15,21668.85,318,170,0
2025-06-16 06:45:00+00:00,21668.85,21671.95,21664.95,21669.55,236,160,0
2025-06-16 06:50:00+00:00,21669.45,21676.75,21669.35,21673.55,231,160,0
2025-06-16 06:55:00+00:00,21673.45,21677.95,21672.45,21676.65,201,150,0
2025-06-16 07:00:00+00:00,21676.65,21679.95,21673.85,21679.35,260,150,0
2025-06-16 07:05:00+00:00,21679.45,21681.65,21678.85,21680.75,226,150,0
2025-06-16 07:10:00+00:00,21680.55,21687.25,21680.55,21682.35,261,150,0
2025-06-16 07:15:00+00:00,21682.35,21682.95,21672.65,21678.45,221,160,0
2025-06-16 07:20:00+00:00,21679.55,21684.85,21668.45,21671.05,247,170,0
2025-06-16 07:25:00+00:00,21671.25,21677.25,21670.25,21673.55,259,170,0
2025-06-16 07:30:00+00:00,21674.05,21674.55,21656.25,21656.45,333,170,0
2025-06-16 07:35:00+00:00,21656.95,21666.45,21656.85,21666.05,253,170,0
2025-06-16 07:40:00+00:00,21665.95,21667.85,21657.35,21658.75,267,150,0
2025-06-16 07:45:00+00:00,21658.85,21663.55,21656.65,21661.35,241,170,0
2025-06-16 07:50:00+00:00,21661.35,21664.45,21661.05,21662.65,202,150,0
2025-06-16 07:55:00+00:00,21663.05,21667.85,21662.25,21667.25,253,150,0
2025-06-16 08:00:00+00:00,21667.35,21676.25,21666.35,21673.55,290,150,0
2025-06-16 08:05:00+00:00,21673.65,21680.85,21667.55,21679.15,292,170,0
2025-06-16 08:10:00+00:00,21679.15,21680.85,21676.45,21679.95,301,150,0
2025-06-16 08:15:00+00:00,21679.95,21693.35,21679.05,21690.75,347,150,0
2025-06-16 08:20:00+00:00,21690.75,21703.05,21690.25,21702.85,395,170,0
2025-06-16 08:25:00+00:00,21702.85,21711.25,21701.05,21709.05,491,190,0
2025-06-16 08:30:00+00:00,21709.15,21719.15,21703.45,21709.85,515,200,0
2025-06-16 08:35:00+00:00,21709.85,21724.95,21709.85,21718.75,409,200,0
2025-06-16 08:40:00+00:00,21719.05,21723.35,21706.15,21712.75,480,190,0
2025-06-16 08:45:00+00:00,21713.25,21713.75,21695.55,21706.05,470,190,0
2025-06-16 08:50:00+00:00,21705.85,21706.95,21698.65,21704.75,361,180,0
2025-06-16 08:55:00+00:00,21705.25,21708.55,21700.85,21701.15,273,170,0
2025-06-16 09:00:00+00:00,21700.35,21707.05,21691.85,21694.45,636,170,0
2025-06-16 09:05:00+00:00,21694.95,21719.85,21692.75,21717.25,583,210,0
2025-06-16 09:10:00+00:00,21717.45,21726.35,21712.95,21720.15,509,200,0
2025-06-16 09:15:00+00:00,21719.55,21722.65,21713.25,21718.15,467,200,0
2025-06-16 09:20:00+00:00,21718.35,21729.25,21717.85,21718.25,533,200,0
2025-06-16 09:25:00+00:00,21718.45,21731.45,21717.15,21724.95,503,210,0
2025-06-16 09:30:00+00:00,21723.95,21727.55,21713.35,21718.25,543,200,0
2025-06-16 09:35:00+00:00,21718.45,21729.05,21717.75,21728.35,511,190,0
2025-06-16 09:40:00+00:00,21728.05,21741.65,21717.25,21725.25,569,190,0
2025-06-16 09:45:00+00:00,21725.45,21730.65,21722.05,21723.45,501,190,0
2025-06-16 09:50:00+00:00,21723.55,21736.35,21721.25,21735.05,474,190,0
2025-06-16 09:55:00+00:00,21735.55,21736.25,21726.45,21729.65,579,190,0
2025-06-16 10:00:00+00:00,21729.45,21748.95,21725.35,21743.85,1043,200,0
2025-06-16 10:05:00+00:00,21744.25,21752.95,21739.65,21743.65,763,210,0
2025-06-16 10:10:00+00:00,21745.75,21758.95,21740.75,21757.75,803,210,0
2025-06-16 10:15:00+00:00,21756.95,21764.55,21746.55,21746.55,706,200,0
2025-06-16 10:20:00+00:00,21746.45,21749.45,21735.05,21741.15,781,190,0
2025-06-16 10:25:00+00:00,21740.65,21747.95,21732.45,21746.35,834,200,0
2025-06-16 10:30:00+00:00,21746.65,21763.85,21746.65,21759.45,852,210,0
2025-06-16 10:35:00+00:00,21759.65,21760.75,21750.25,21758.45,671,200,0
2025-06-16 10:40:00+00:00,21758.35,21765.95,21749.65,21754.65,714,200,0
2025-06-16 10:45:00+00:00,21754.45,21760.15,21748.95,21754.65,635,200,0
2025-06-16 10:50:00+00:00,21754.75,21771.85,21753.15,21761.85,755,200,0
2025-06-16 10:55:00+00:00,21761.95,21771.45,21759.65,21768.75,582,190,0
2025-06-16 11:00:00+00:00,21767.75,21768.55,21735.65,21740.15,1025,200,0
2025-06-16 11:05:00+00:00,21740.15,21761.45,21738.25,21761.25,826,210,0
2025-06-16 11:10:00+00:00,21761.35,21761.35,21750.25,21750.45,683,210,0
2025-06-16 11:15:00+00:00,21750.45,21754.05,21742.85,21742.95,646,190,0
2025-06-16 11:20:00+00:00,21742.95,21754.25,21738.75,21753.45,561,190,0
2025-06-16 11:25:00+00:00,21752.85,21761.65,21749.25,21761.15,392,180,0
2025-06-16 11:30:00+00:00,21760.55,21768.05,21756.05,21762.25,402,180,0
2025-06-16 11:35:00+00:00,21762.45,21775.55,21752.35,21761.85,668,180,0
2025-06-16 11:40:00+00:00,21761.95,21771.55,21755.85,21769.75,528,190,0
2025-06-16 11:45:00+00:00,21769.75,21771.75,21765.55,21769.25,512,180,0
2025-06-16 11:50:00+00:00,21769.15,21771.25,21766.95,21768.55,562,170,0
2025-06-16 11:55:00+00:00,21768.05,21769.75,21763.05,21766.35,478,170,0
2025-06-16 12:00:00+00:00,21765.75,21772.25,21751.45,21754.25,482,180,0
2025-06-16 12:05:00+00:00,21754.45,21763.05,21747.45,21749.25,654,190,0
2025-06-16 12:10:00+00:00,21749.25,21753.05,21730.45,21731.75,462,180,0
2025-06-16 12:15:00+00:00,21731.85,21742.95,21725.25,21739.25,540,190,0
2025-06-16 12:20:00+00:00,21739.45,21744.15,21737.35,21743.55,498,170,0
2025-06-16 12:25:00+00:00,21743.65,21749.55,21735.85,21737.35,557,180,0
2025-06-16 12:30:00+00:00,21737.35,21739.15,21729.25,21733.75,465,170,0
2025-06-16 12:35:00+00:00,21733.75,21735.55,21717.75,21725.75,612,180,0
2025-06-16 12:40:00+00:00,21725.85,21731.85,21723.35,21728.25,535,190,0
2025-06-16 12:45:00+00:00,21727.95,21734.35,21720.45,21724.45,465,180,0
2025-06-16 12:50:00+00:00,21724.85,21734.45,21724.05,21733.05,434,170,0
2025-06-16 12:55:00+00:00,21733.45,21740.85,21731.35,21732.95,487,170,0
2025-06-16 13:00:00+00:00,21732.55,21733.55,21726.95,21728.05,508,190,0
2025-06-16 13:05:00+00:00,21728.25,21737.55,21728.25,21731.55,515,180,0
2025-06-16 13:10:00+00:00,21731.45,21744.05,21731.45,21740.75,470,190,0
2025-06-16 13:15:00+00:00,21740.55,21746.85,21740.05,21744.95,437,170,0
2025-06-16 13:20:00+00:00,21745.05,21747.95,21742.75,21745.25,329,160,0
2025-06-16 13:25:00+00:00,21745.35,21746.35,21740.95,21743.35,336,160,0
2025-06-16 13:30:00+00:00,21743.35,21747.95,21742.95,21747.65,391,150,0
2025-06-16 13:35:00+00:00,21747.75,21748.85,21743.65,21745.85,416,150,0
2025-06-16 13:40:00+00:00,21745.85,21745.95,21729.05,21734.45,616,170,0
2025-06-16 13:45:00+00:00,21734.25,21751.95,21733.95,21747.95,421,170,0
2025-06-16 13:50:00+00:00,21748.05,21759.55,21746.45,21756.45,552,190,0
2025-06-16 13:55:00+00:00,21756.45,21766.75,21754.55,21766.75,510,180,0
2025-06-16 14:00:00+00:00,21762.85,21763.95,21743.35,21750.85,743,180,0
2025-06-16 14:05:00+00:00,21750.65,21754.65,21741.75,21745.65,619,200,0
2025-06-16 14:10:00+00:00,21745.35,21746.65,21737.15,21741.95,534,170,0
2025-06-16 14:15:00+00:00,21741.95,21754.65,21741.85,21750.25,616,190,0
2025-06-16 14:20:00+00:00,21750.25,21755.75,21747.15,21751.75,541,180,0
2025-06-16 14:25:00+00:00,21750.75,21756.55,21750.05,21753.85,500,180,0
2025-06-16 14:30:00+00:00,21753.95,21763.65,21753.05,21760.05,493,180,0
2025-06-16 14:35:00+00:00,21760.85,21782.75,21760.85,21778.45,669,170,0
2025-06-16 14:40:00+00:00,21778.15,21779.05,21770.45,21777.85,622,190,0
2025-06-16 14:45:00+00:00,21777.95,21790.55,21777.95,21786.65,692,190,0
2025-06-16 14:50:00+00:00,21786.55,21793.55,21782.55,21791.85,539,190,0
2025-06-16 14:55:00+00:00,21791.95,21795.45,21784.15,21795.25,558,190,0
2025-06-16 15:00:00+00:00,21795.05,21798.65,21785.55,21791.55,691,180,0
2025-06-16 15:05:00+00:00,21790.45,21808.75,21788.15,21808.15,693,180,0
2025-06-16 15:10:00+00:00,21808.45,21808.95,21802.45,21803.05,564,190,0
2025-06-16 15:15:00+00:00,21803.25,21812.05,21803.05,21810.05,558,170,0
2025-06-16 15:20:00+00:00,21810.05,21826.15,21805.95,21824.15,869,180,0
2025-06-16 15:25:00+00:00,21824.15,21825.95,21813.05,21814.75,675,200,0
2025-06-16 15:30:00+00:00,21815.45,21822.75,21799.75,21803.05,826,190,0
2025-06-16 15:35:00+00:00,21802.95,21808.65,21798.35,21806.45,717,190,0
2025-06-16 15:40:00+00:00,21806.65,21815.45,21802.25,21807.15,736,180,0
2025-06-16 15:45:00+00:00,21806.55,21813.05,21805.35,21808.05,598,190,0
2025-06-16 15:50:00+00:00,21807.95,21807.95,21800.85,21803.65,548,160,0
2025-06-16 15:55:00+00:00,21803.45,21810.15,21799.75,21800.55,593,160,0
2025-06-16 16:00:00+00:00,21800.75,21811.85,21800.45,21806.95,774,190,0
2025-06-16 16:05:00+00:00,21806.85,21811.05,21796.05,21808.25,779,190,0
2025-06-16 16:10:00+00:00,21808.45,21809.25,21802.45,21806.55,701,190,0
2025-06-16 16:15:00+00:00,21806.85,21806.95,21795.55,21798.45,738,180,0
2025-06-16 16:20:00+00:00,21798.35,21806.15,21796.35,21798.95,728,180,0
2025-06-16 16:25:00+00:00,21796.95,21802.35,21775.45,21778.15,1108,190,0
2025-06-16 16:30:00+00:00,21779.65,21860.95,21778.25,21834.85,1599,90,0
2025-06-16 16:35:00+00:00,21833.85,21857.55,21813.35,21851.35,1579,120,0
2025-06-16 16:40:00+00:00,21851.55,21857.65,21833.35,21846.55,1471,120,0
2025-06-16 16:45:00+00:00,21847.55,21874.35,21826.15,21867.15,1534,120,0
2025-06-16 16:50:00+00:00,21867.65,21911.45,21859.35,21891.95,1508,120,0
2025-06-16 16:55:00+00:00,21891.45,21929.65,21889.55,21913.05,1489,120,0
2025-06-16 17:00:00+00:00,21912.65,21940.45,21912.65,21931.85,1432,120,0
2025-06-16 17:05:00+00:00,21932.55,21938.55,21909.05,21909.15,1444,110,0
2025-06-16 17:10:00+00:00,21908.15,21948.25,21907.85,21944.15,1386,110,0
2025-06-16 17:15:00+00:00,21944.35,21952.55,21934.85,21950.45,1354,90,0
2025-06-16 17:20:00+00:00,21950.55,21954.55,21936.55,21945.45,1367,80,0
2025-06-16 17:25:00+00:00,21946.45,21961.65,21939.45,21958.75,1286,90,0
2025-06-16 17:30:00+00:00,21958.55,21965.35,21956.25,21964.15,1222,80,0
2025-06-16 17:35:00+00:00,21963.65,21967.05,21943.45,21955.45,1313,80,0
2025-06-16 17:40:00+00:00,21955.45,21961.35,21939.55,21958.85,1324,80,0
2025-06-16 17:45:00+00:00,21959.15,21965.25,21947.55,21949.55,1283,80,0
2025-06-16 17:50:00+00:00,21949.75,21955.55,21940.35,21944.15,1215,80,0
2025-06-16 17:55:00+00:00,21943.85,21948.85,21932.75,21944.25,1267,80,0
2025-06-16 18:00:00+00:00,21944.55,21959.55,21939.25,21951.05,1314,80,0
2025-06-16 18:05:00+00:00,21951.35,21957.25,21939.25,21953.95,1299,80,0
2025-06-16 18:10:00+00:00,21954.05,21963.05,21950.85,21961.75,1322,80,0
2025-06-16 18:15:00+00:00,21963.05,21979.75,21958.35,21974.95,1279,80,0
2025-06-16 18:20:00+00:00,21973.55,21980.85,21967.15,21980.05,1218,80,0
2025-06-16 18:25:00+00:00,21980.35,21981.85,21943.75,21949.35,1385,80,0
2025-06-16 18:30:00+00:00,21948.85,21963.85,21945.15,21955.95,1262,90,0
2025-06-16 18:35:00+00:00,21955.55,21963.35,21945.65,21954.15,1294,80,0
2025-06-16 18:40:00+00:00,21954.15,21960.85,21949.85,21952.35,1200,80,0
2025-06-16 18:45:00+00:00,21952.35,21965.55,21951.55,21960.75,1197,80,0
2025-06-16 18:50:00+00:00,21960.65,21961.15,21934.55,21935.65,1182,80,0
2025-06-16 18:55:00+00:00,21935.65,21940.25,21916.95,21931.35,1240,80,0
2025-06-16 19:00:00+00:00,21932.35,21945.35,21920.85,21931.45,1169,90,0
2025-06-16 19:05:00+00:00,21931.95,21935.35,21919.05,21933.35,1138,80,0
2025-06-16 19:10:00+00:00,21933.35,21948.65,21928.75,21944.55,1091,80,0
2025-06-16 19:15:00+00:00,21944.75,21955.05,21939.85,21945.55,1150,80,0
2025-06-16 19:20:00+00:00,21945.65,21952.65,21931.25,21935.25,1156,80,0
2025-06-16 19:25:00+00:00,21935.65,21938.75,21924.15,21927.85,1128,80,0
2025-06-16 19:30:00+00:00,21928.05,21934.15,21926.55,21926.65,1036,80,0
2025-06-16 19:35:00+00:00,21926.65,21934.05,21914.35,21924.85,1135,80,0
2025-06-16 19:40:00+00:00,21924.75,21925.25,21906.75,21911.55,1161,80,0
2025-06-16 19:45:00+00:00,21911.25,21921.55,21903.85,21916.65,1176,80,0
2025-06-16 19:50:00+00:00,21916.35,21941.25,21914.35,21937.35,1111,80,0
2025-06-16 19:55:00+00:00,21937.05,21937.75,21914.55,21924.65,1118,80,0
2025-06-16 20:00:00+00:00,21924.75,21931.15,21916.75,21926.35,1100,80,0
2025-06-16 20:05:00+00:00,21926.45,21927.35,21913.55,21925.15,1164,80,0
2025-06-16 20:10:00+00:00,21924.85,21930.75,21909.35,21915.35,1148,80,0
2025-06-16 20:15:00+00:00,21915.55,21930.25,21909.05,21929.75,1121,80,0
2025-06-16 20:20:00+00:00,21929.55,21945.55,21928.35,21939.25,1098,80,0
2025-06-16 20:25:00+00:00,21938.55,21964.25,21938.15,21955.85,1245,80,0
2025-06-16 20:30:00+00:00,21955.75,21966.55,21948.75,21957.05,1199,80,0
2025-06-16 20:35:00+00:00,21957.05,21960.35,21945.25,21945.55,1117,80,0
2025-06-16 20:40:00+00:00,21945.55,21955.75,21940.75,21941.05,1171,80,0
2025-06-16 20:45:00+00:00,21941.85,21950.85,21936.75,21947.05,1151,80,0
2025-06-16 20:50:00+00:00,21947.05,21953.05,21935.45,21935.45,1053,80,0
2025-06-16 20:55:00+00:00,21935.45,21936.65,21917.95,21924.95,1223,80,0
2025-06-16 21:00:00+00:00,21925.45,21938.15,21922.45,21935.55,1141,80,0
2025-06-16 21:05:00+00:00,21935.55,21943.45,21927.45,21931.85,1144,80,0
2025-06-16 21:10:00+00:00,21931.95,21935.55,21924.65,21934.55,1105,80,0
2025-06-16 21:15:00+00:00,21934.45,21937.45,21924.65,21929.55,1019,80,0
2025-06-16 21:20:00+00:00,21928.95,21940.55,21919.05,21939.55,1109,80,0
2025-06-16 21:25:00+00:00,21939.55,21941.35,21929.55,21932.15,1003,80,0
2025-06-16 21:30:00+00:00,21932.15,21935.85,21918.65,21923.05,1105,80,0
2025-06-16 21:35:00+00:00,21922.95,21924.55,21913.15,21919.15,1120,80,0
2025-06-16 21:40:00+00:00,21919.05,21923.05,21914.15,21919.05,1061,80,0
2025-06-16 21:45:00+00:00,21919.35,21919.55,21905.45,21905.55,963,80,0
2025-06-16 21:50:00+00:00,21905.55,21923.95,21897.75,21923.75,1181,80,0
2025-06-16 21:55:00+00:00,21923.85,21937.55,21923.85,21927.25,1039,80,0
2025-06-16 22:00:00+00:00,21925.95,21933.45,21919.25,21923.95,1103,80,0
2025-06-16 22:05:00+00:00,21923.95,21924.25,21909.25,21911.25,1070,80,0
2025-06-16 22:10:00+00:00,21911.35,21923.35,21902.35,21913.25,1207,80,0
2025-06-16 22:15:00+00:00,21912.45,21925.95,21909.75,21911.45,1082,80,0
2025-06-16 22:20:00+00:00,21911.45,21942.25,21903.25,21931.55,1268,80,0
2025-06-16 22:25:00+00:00,21931.55,21940.95,21925.75,21926.45,1130,80,0
2025-06-16 22:30:00+00:00,21926.55,21932.55,21913.25,21917.95,1197,80,0
2025-06-16 22:35:00+00:00,21917.95,21928.55,21916.25,21917.55,1093,80,0
2025-06-16 22:40:00+00:00,21917.85,21925.35,21915.75,21924.75,1014,80,0
2025-06-16 22:45:00+00:00,21924.45,21937.55,21923.45,21932.05,1155,80,0
2025-06-16 22:50:00+00:00,21925.45,21935.55,21907.85,21926.65,1341,80,0
2025-06-16 22:55:00+00:00,21934.15,21941.35,21902.35,21934.85,1418,120,0
2025-06-16 23:00:00+00:00,21935.16,21946.26,21929.76,21939.56,1251,138,0
2025-06-16 23:05:00+00:00,21941.36,21941.96,21931.26,21932.96,761,208,0
2025-06-16 23:10:00+00:00,21933.36,21935.66,21929.86,21932.76,590,198,0
2025-06-16 23:15:00+00:00,21932.76,21935.46,21929.46,21931.76,374,178,0
2025-06-16 23:20:00+00:00,21931.96,21932.06,21925.26,21926.16,289,168,0
2025-06-16 23:25:00+00:00,21926.06,21930.26,21920.46,21929.46,409,168,0
2025-06-16 23:30:00+00:00,21929.36,21929.36,21924.56,21928.26,275,178,0
2025-06-16 23:35:00+00:00,21928.46,21936.06,21927.26,21934.96,293,168,0
2025-06-16 23:40:00+00:00,21934.86,21938.96,21929.86,21932.36,381,178,0
2025-06-16 23:45:00+00:00,21931.46,21933.46,21928.46,21933.16,374,178,0
2025-06-17 01:05:00+00:00,21924.95,21926.05,21917.65,21917.85,158,170,0
2025-06-17 01:10:00+00:00,21917.25,21920.25,21913.95,21920.05,132,160,0
2025-06-17 01:15:00+00:00,21920.65,21921.65,21913.75,21916.95,94,150,0
2025-06-17 01:20:00+00:00,21917.05,21919.45,21914.85,21917.95,164,150,0
2025-06-17 01:25:00+00:00,21917.95,21918.75,21910.95,21912.35,236,150,0
2025-06-17 01:30:00+00:00,21912.25,21912.25,21881.05,21888.45,750,160,0
2025-06-17 01:35:00+00:00,21888.65,21892.15,21875.95,21879.55,762,210,0
2025-06-17 01:40:00+00:00,21879.55,21880.45,21858.95,21866.55,870,210,0
2025-06-17 01:45:00+00:00,21866.85,21867.95,21833.35,21840.85,989,210,0
2025-06-17 01:50:00+00:00,21839.15,21865.45,21830.65,21862.35,928,210,0
2025-06-17 01:55:00+00:00,21860.15,21860.85,21846.85,21848.95,677,210,0
2025-06-17 02:00:00+00:00,21849.35,21863.95,21841.65,21861.15,710,210,0
2025-06-17 02:05:00+00:00,21861.05,21879.05,21850.45,21868.35,590,210,0
2025-06-17 02:10:00+00:00,21868.35,21869.65,21854.85,21859.95,623,210,0
2025-06-17 02:15:00+00:00,21859.95,21880.65,21856.35,21856.45,722,210,0
2025-06-17 02:20:00+00:00,21856.35,21861.45,21842.65,21845.05,667,210,0
2025-06-17 02:25:00+00:00,21844.65,21865.65,21834.85,21844.95,902,210,0
2025-06-17 02:30:00+00:00,21844.35,21844.35,21812.05,21820.05,971,210,0
2025-06-17 02:35:00+00:00,21819.45,21850.15,21817.95,21835.05,941,210,0
2025-06-17 02:40:00+00:00,21835.05,21836.85,21820.55,21828.85,816,210,0
2025-06-17 02:45:00+00:00,21830.05,21835.85,21785.05,21798.65,969,210,0
2025-06-17 02:50:00+00:00,21799.05,21814.65,21785.35,21805.35,1103,210,0
2025-06-17 02:55:00+00:00,21804.95,21805.65,21780.15,21780.15,998,210,0
2025-06-17 03:00:00+00:00,21781.65,21806.45,21771.85,21782.65,1201,210,0
2025-06-17 03:05:00+00:00,21782.95,21802.65,21771.95,21796.65,1016,210,0
2025-06-17 03:10:00+00:00,21796.85,21812.55,21795.35,21807.65,756,210,0
2025-06-17 03:15:00+00:00,21804.35,21821.05,21798.05,21817.05,926,210,0
2025-06-17 03:20:00+00:00,21817.05,21830.45,21811.35,21828.35,753,210,0
2025-06-17 03:25:00+00:00,21828.45,21836.45,21819.35,21825.95,897,210,0
2025-06-17 03:30:00+00:00,21825.85,21829.95,21802.05,21810.65,870,210,0
2025-06-17 03:35:00+00:00,21810.65,21824.55,21799.35,21814.35,863,210,0
2025-06-17 03:40:00+00:00,21813.85,21823.35,21808.55,21809.45,478,210,0
2025-06-17 03:45:00+00:00,21809.35,21814.55,21804.75,21814.55,544,200,0
2025-06-17 03:50:00+00:00,21814.55,21833.95,21814.05,21830.05,684,200,0
2025-06-17 03:55:00+00:00,21830.05,21851.55,21828.55,21849.65,813,210,0
2025-06-17 04:00:00+00:00,21849.85,21862.65,21844.55,21850.95,837,210,0
2025-06-17 04:05:00+00:00,21851.05,21855.85,21824.85,21825.95,741,210,0
2025-06-17 04:10:00+00:00,21825.55,21830.65,21809.65,21827.95,909,210,0
2025-06-17 04:15:00+00:00,21827.85,21828.65,21815.35,21820.15,702,210,0
2025-06-17 04:20:00+00:00,21820.45,21824.35,21813.05,21820.95,624,210,0
2025-06-17 04:25:00+00:00,21821.05,21833.95,21805.95,21831.65,739,210,0
2025-06-17 04:30:00+00:00,21832.05,21843.85,21819.65,21838.15,699,210,0
2025-06-17 04:35:00+00:00,21838.05,21841.95,21818.35,21833.05,711,210,0
2025-06-17 04:40:00+00:00,21833.05,21835.55,21822.95,21830.75,535,200,0
2025-06-17 04:45:00+00:00,21831.25,21842.85,21825.35,21841.35,520,200,0
2025-06-17 04:50:00+00:00,21841.55,21853.65,21840.55,21849.05,554,210,0
2025-06-17 04:55:00+00:00,21849.15,21850.85,21838.95,21841.75,559,190,0
2025-06-17 05:00:00+00:00,21841.75,21844.25,21811.85,21820.85,902,200,0
2025-06-17 05:05:00+00:00,21822.55,21829.05,21805.95,21808.85,869,210,0
2025-06-17 05:10:00+00:00,21808.95,21811.85,21800.15,21805.45,639,210,0
2025-06-17 05:15:00+00:00,21805.45,21819.15,21799.65,21803.45,708,190,0
2025-06-17 05:20:00+00:00,21803.45,21806.45,21795.65,21802.65,580,200,0
2025-06-17 05:25:00+00:00,21802.65,21804.25,21789.85,21798.35,385,200,0
2025-06-17 05:30:00+00:00,21799.45,21800.95,21783.65,21789.75,387,190,0
2025-06-17 05:35:00+00:00,21789.65,21806.45,21789.65,21806.45,551,200,0
2025-06-17 05:40:00+00:00,21806.65,21813.15,21800.85,21809.65,569,190,0
2025-06-17 05:45:00+00:00,21810.25,21814.35,21806.15,21813.15,474,190,0
2025-06-17 05:50:00+00:00,21812.95,21868.95,21812.85,21862.15,1064,190,0
2025-06-17 05:55:00+00:00,21862.45,21876.65,21853.85,21872.05,769,210,0
2025-06-17 06:00:00+00:00,21872.15,21873.95,21820.15,21825.45,960,210,0
2025-06-17 06:05:00+00:00,21825.15,21852.45,21819.65,21850.65,823,210,0
2025-06-17 06:10:00+00:00,21850.65,21860.35,21841.95,21851.65,680,210,0
2025-06-17 06:15:00+00:00,21851.85,21854.95,21836.55,21837.55,509,200,0
2025-06-17 06:20:00+00:00,21837.85,21842.55,21824.35,21826.95,544,210,0
2025-06-17 06:25:00+00:00,21826.85,21841.95,21826.65,21833.25,580,200,0
2025-06-17 06:30:00+00:00,21833.25,21850.45,21831.85,21849.85,693,200,0
2025-06-17 06:35:00+00:00,21849.65,21853.05,21844.05,21849.15,524,200,0
2025-06-17 06:40:00+00:00,21849.25,21857.05,21847.55,21849.25,428,180,0
2025-06-17 06:45:00+00:00,21849.15,21850.45,21839.85,21850.45,449,200,0
2025-06-17 06:50:00+00:00,21850.65,21852.65,21836.65,21844.15,442,190,0
2025-06-17 06:55:00+00:00,21844.15,21846.25,21838.45,21841.15,443,190,0
2025-06-17 07:00:00+00:00,21841.35,21856.95,21839.45,21849.15,472,200,0
2025-06-17 07:05:00+00:00,21849.25,21853.65,21844.45,21849.55,380,190,0
2025-06-17 07:10:00+00:00,21849.55,21849.55,21835.85,21842.05,417,190,0
2025-06-17 07:15:00+00:00,21840.95,21850.75,21839.45,21850.25,336,180,0
2025-06-17 07:20:00+00:00,21850.75,21854.05,21837.15,21841.95,401,190,0
2025-06-17 07:25:00+00:00,21842.45,21843.15,21833.15,21835.85,402,200,0
2025-06-17 07:30:00+00:00,21835.35,21835.35,21820.95,21824.55,461,180,0
2025-06-17 07:35:00+00:00,21824.65,21824.65,21815.45,21818.75,456,190,0
2025-06-17 07:40:00+00:00,21818.85,21830.55,21817.35,21829.15,657,190,0
2025-06-17 07:45:00+00:00,21829.05,21837.35,21826.85,21828.75,538,180,0
2025-06-17 07:50:00+00:00,21828.65,21831.25,21826.35,21830.85,329,170,0
2025-06-17 07:55:00+00:00,21830.95,21843.15,21829.85,21832.25,356,170,0
2025-06-17 08:00:00+00:00,21832.15,21839.65,21827.75,21830.45,515,190,0
2025-06-17 08:05:00+00:00,21830.65,21834.95,21827.75,21831.15,356,170,0
2025-06-17 08:10:00+00:00,21831.25,21846.05,21831.15,21845.65,494,170,0
2025-06-17 08:15:00+00:00,21846.05,21846.45,21819.55,21835.95,843,190,0
2025-06-17 08:20:00+00:00,21835.95,21838.85,21824.15,21830.15,653,200,0
2025-06-17 08:25:00+00:00,21830.35,21844.45,21828.95,21843.45,440,190,0
2025-06-17 08:30:00+00:00,21843.55,21856.45,21840.15,21852.75,519,190,0
2025-06-17 08:35:00+00:00,21852.95,21856.75,21848.05,21851.25,408,180,0
2025-06-17 08:40:00+00:00,21851.15,21857.85,21846.55,21850.65,462,180,0
2025-06-17 08:45:00+00:00,21850.15,21852.15,21839.75,21842.15,416,190,0
2025-06-17 08:50:00+00:00,21842.05,21842.05,21825.95,21834.45,498,190,0
2025-06-17 08:55:00+00:00,21835.65,21850.65,21833.85,21845.25,483,200,0
2025-06-17 09:00:00+00:00,21845.25,21859.55,21842.35,21859.15,703,200,0
2025-06-17 09:05:00+00:00,21859.35,21867.45,21854.65,21867.05,531,200,0
2025-06-17 09:10:00+00:00,21866.95,21871.35,21862.95,21865.45,507,190,0
2025-06-17 09:15:00+00:00,21864.85,21886.35,21864.65,21876.35,660,200,0
2025-06-17 09:20:00+00:00,21876.55,21882.85,21873.95,21874.15,509,210,0
2025-06-17 09:25:00+00:00,21873.95,21879.25,21869.75,21874.95,703,190,0
2025-06-17 09:30:00+00:00,21875.65,21881.85,21870.05,21874.95,612,190,0
2025-06-17 09:35:00+00:00,21874.55,21874.95,21856.35,21873.95,774,210,0
2025-06-17 09:40:00+00:00,21873.65,21880.95,21863.55,21863.85,633,210,0
2025-06-17 09:45:00+00:00,21863.85,21869.45,21851.25,21851.85,677,200,0
2025-06-17 09:50:00+00:00,21851.95,21854.15,21842.35,21847.45,684,200,0
2025-06-17 09:55:00+00:00,21847.45,21848.85,21821.95,21829.95,843,210,0
2025-06-17 10:00:00+00:00,21830.05,21852.15,21823.65,21826.45,1106,210,0
2025-06-17 10:05:00+00:00,21826.35,21837.85,21820.35,21821.55,1017,210,0
2025-06-17 10:10:00+00:00,21820.35,21828.55,21804.15,21812.55,1057,210,0
2025-06-17 10:15:00+00:00,21810.55,21821.15,21804.55,21811.45,960,210,0
2025-06-17 10:20:00+00:00,21811.65,21812.45,21783.15,21790.55,1226,210,0
2025-06-17 10:25:00+00:00,21790.55,21795.35,21770.05,21791.85,1094,210,0
2025-06-17 10:30:00+00:00,21791.05,21810.85,21783.85,21800.15,1132,210,0
2025-06-17 10:35:00+00:00,21799.15,21808.05,21794.55,21800.85,920,210,0
2025-06-17 10:40:00+00:00,21801.05,21803.65,21789.15,21800.15,947,210,0
2025-06-17 10:45:00+00:00,21800.45,21814.65,21794.65,21810.05,954,210,0
2025-06-17 10:50:00+00:00,21810.15,21819.65,21795.05,21818.15,839,210,0
2025-06-17 10:55:00+00:00,21818.45,21824.95,21802.85,21803.35,795,210,0
2025-06-17 11:00:00+00:00,21804.05,21818.15,21788.45,21811.95,1042,210,0
2025-06-17 11:05:00+00:00,21813.35,21823.85,21812.65,21821.35,784,210,0
2025-06-17 11:10:00+00:00,21821.35,21827.45,21814.95,21817.35,715,210,0
2025-06-17 11:15:00+00:00,21817.35,21817.35,21803.35,21807.35,744,210,0
2025-06-17 11:20:00+00:00,21807.45,21814.95,21805.55,21813.55,599,210,0
2025-06-17 11:25:00+00:00,21814.15,21825.45,21809.45,21819.05,650,200,0
2025-06-17 11:30:00+00:00,21819.15,21821.95,21811.85,21814.95,600,200,0
2025-06-17 11:35:00+00:00,21814.65,21828.95,21811.05,21813.65,682,200,0
2025-06-17 11:40:00+00:00,21813.65,21814.55,21806.85,21810.35,611,200,0
2025-06-17 11:45:00+00:00,21810.05,21826.25,21810.05,21825.65,712,200,0
2025-06-17 11:50:00+00:00,21826.25,21844.65,21811.05,21811.55,673,190,0
2025-06-17 11:55:00+00:00,21811.55,21828.15,21794.15,21826.55,654,210,0
2025-06-17 12:00:00+00:00,21826.55,21844.35,21825.65,21828.95,769,210,0
2025-06-17 12:05:00+00:00,21828.55,21829.65,21815.85,21819.35,667,210,0
2025-06-17 12:10:00+00:00,21819.05,21821.65,21801.35,21809.55,638,200,0
2025-06-17 12:15:00+00:00,21809.85,21813.35,21804.95,21805.45,559,200,0
2025-06-17 12:20:00+00:00,21805.85,21813.05,21784.95,21802.35,766,200,0
2025-06-17 12:25:00+00:00,21802.05,21805.95,21792.45,21803.55,611,210,0
2025-06-17 12:30:00+00:00,21803.35,21806.35,21790.15,21792.85,682,210,0
2025-06-17 12:35:00+00:00,21792.65,21801.65,21789.85,21796.65,571,200,0
2025-06-17 12:40:00+00:00,21795.85,21809.35,21793.35,21807.25,590,200,0
2025-06-17 12:45:00+00:00,21807.25,21811.65,21803.25,21811.35,497,200,0
2025-06-17 12:50:00+00:00,21811.45,21812.75,21789.25,21792.95,627,190,0
2025-06-17 12:55:00+00:00,21792.25,21800.85,21789.35,21796.55,616,200,0
2025-06-17 13:00:00+00:00,21796.55,21808.65,21788.05,21807.25,555,190,0
2025-06-17 13:05:00+00:00,21806.85,21813.85,21804.35,21807.25,460,190,0
2025-06-17 13:10:00+00:00,21807.15,21817.55,21805.35,21805.35,729,170,0
2025-06-17 13:15:00+00:00,21804.55,21807.05,21795.65,21797.35,556,210,0
2025-06-17 13:20:00+00:00,21797.05,21801.65,21796.75,21798.05,498,190,0
2025-06-17 13:25:00+00:00,21796.95,21798.95,21787.85,21792.65,525,190,0
2025-06-17 13:30:00+00:00,21791.45,21797.65,21788.75,21789.75,429,180,0
2025-06-17 13:35:00+00:00,21789.95,21790.55,21762.95,21770.05,682,170,0
2025-06-17 13:40:00+00:00,21770.05,21778.95,21760.65,21765.65,829,210,0
2025-06-17 13:45:00+00:00,21765.85,21783.85,21760.45,21779.85,808,210,0
2025-06-17 13:50:00+00:00,21779.85,21797.55,21777.95,21795.85,657,200,0
2025-06-17 13:55:00+00:00,21795.65,21803.65,21790.85,21802.05,684,200,0
2025-06-17 14:00:00+00:00,21800.95,21809.85,21793.05,21807.05,694,210,0
2025-06-17 14:05:00+00:00,21807.35,21809.85,21802.55,21807.25,640,190,0
2025-06-17 14:10:00+00:00,21806.65,21817.05,21805.75,21811.45,645,190,0
2025-06-17 14:15:00+00:00,21811.45,21822.65,21811.15,21819.75,590,190,0
2025-06-17 14:20:00+00:00,21819.95,21828.85,21819.45,21824.15,640,190,0
2025-06-17 14:25:00+00:00,21824.05,21833.25,21817.45,21821.35,656,180,0
2025-06-17 14:30:00+00:00,21821.05,21827.25,21816.45,21818.65,681,200,0
2025-06-17 14:35:00+00:00,21818.85,21831.65,21816.95,21827.35,690,200,0
2025-06-17 14:40:00+00:00,21828.75,21828.95,21812.45,21814.15,704,200,0
2025-06-17 14:45:00+00:00,21813.95,21818.05,21808.75,21810.95,629,190,0
2025-06-17 14:50:00+00:00,21810.75,21817.75,21809.15,21815.85,624,180,0
2025-06-17 14:55:00+00:00,21816.05,21837.85,21813.05,21835.85,730,200,0
2025-06-17 15:00:00+00:00,21835.85,21849.65,21829.15,21844.95,934,210,0
2025-06-17 15:05:00+00:00,21844.65,21848.85,21829.25,21830.45,707,190,0
2025-06-17 15:10:00+00:00,21830.35,21848.85,21829.35,21847.15,731,200,0
2025-06-17 15:15:00+00:00,21847.15,21854.95,21836.05,21840.35,841,190,0
2025-06-17 15:20:00+00:00,21840.15,21851.85,21836.95,21849.35,780,200,0
2025-06-17 15:25:00+00:00,21849.65,21853.31,21842.85,21851.61,710,190,0
2025-06-17 15:30:00+00:00,21831.3,21856.65,21825.65,21837.35,888,210,0
2025-06-17 15:35:00+00:00,21837.35,21849.05,21825.65,21845.35,866,210,0
2025-06-17 15:40:00+00:00,21847.25,21858.05,21838.35,21844.75,997,210,0
2025-06-17 15:45:00+00:00,21844.65,21847.35,21820.15,21821.85,982,210,0
2025-06-17 15:50:00+00:00,21822.05,21824.65,21813.55,21816.85,947,210,0
2025-06-17 15:55:00+00:00,21816.85,21820.55,21805.35,21815.85,931,210,0
2025-06-17 16:00:00+00:00,21815.75,21824.85,21805.65,21815.65,1003,210,0
2025-06-17 16:05:00+00:00,21815.55,21817.05,21804.95,21810.75,825,200,0
2025-06-17 16:10:00+00:00,21810.75,21813.65,21804.85,21809.85,751,200,0
2025-06-17 16:15:00+00:00,21809.95,21816.35,21800.05,21816.35,904,200,0
2025-06-17 16:20:00+00:00,21816.15,21825.15,21808.55,21820.55,951,210,0
2025-06-17 16:25:00+00:00,21817.15,21828.75,21813.75,21826.65,1023,210,0
2025-06-17 16:30:00+00:00,21828.15,21873.35,21820.25,21848.45,1591,80,0
2025-06-17 16:35:00+00:00,21849.25,21852.55,21832.45,21848.75,1535,120,0
2025-06-17 16:40:00+00:00,21848.75,21855.05,21794.75,21798.45,1544,120,0
2025-06-17 16:45:00+00:00,21798.55,21834.45,21791.55,21820.75,1465,120,0
2025-06-17 16:50:00+00:00,21820.75,21858.35,21810.45,21840.95,1503,120,0
2025-06-17 16:55:00+00:00,21840.35,21858.45,21825.05,21857.35,1393,120,0
2025-06-17 17:00:00+00:00,21861.45,21875.45,21833.95,21840.95,1442,120,0
2025-06-17 17:05:00+00:00,21840.85,21869.55,21835.85,21867.85,1358,100,0
2025-06-17 17:10:00+00:00,21867.65,21891.95,21865.65,21884.35,1300,80,0
2025-06-17 17:15:00+00:00,21884.65,21896.15,21866.95,21873.75,1339,80,0
2025-06-17 17:20:00+00:00,21873.75,21881.25,21858.25,21864.65,1290,80,0
2025-06-17 17:25:00+00:00,21864.45,21872.15,21856.95,21865.75,1312,80,0
2025-06-17 17:30:00+00:00,21865.45,21874.15,21862.55,21864.25,1230,80,0
2025-06-17 17:35:00+00:00,21864.25,21864.25,21841.65,21856.15,1337,80,0
2025-06-17 17:40:00+00:00,21856.45,21857.45,21838.35,21847.45,1356,90,0
2025-06-17 17:45:00+00:00,21847.45,21870.45,21845.95,21866.25,1316,90,0
2025-06-17 17:50:00+00:00,21866.45,21872.05,21852.65,21857.55,1278,80,0
2025-06-17 17:55:00+00:00,21857.65,21860.15,21834.15,21838.65,1184,80,0
2025-06-17 18:00:00+00:00,21838.15,21867.85,21836.15,21865.45,1295,80,0
2025-06-17 18:05:00+00:00,21865.85,21875.65,21859.45,21873.05,1066,80,0
2025-06-17 18:10:00+00:00,21872.45,21895.75,21871.15,21893.45,1242,80,0
2025-06-17 18:15:00+00:00,21893.65,21894.95,21858.85,21877.55,1278,80,0
2025-06-17 18:20:00+00:00,21877.75,21878.85,21860.75,21865.45,1295,80,0
2025-06-17 18:25:00+00:00,21865.45,21866.05,21849.25,21853.45,1261,80,0
2025-06-17 18:30:00+00:00,21853.45,21860.05,21842.25,21852.25,1243,80,0
2025-06-17 18:35:00+00:00,21852.55,21870.45,21843.75,21858.05,1286,80,0
2025-06-17 18:40:00+00:00,21858.05,21882.95,21857.45,21881.75,1187,80,0
2025-06-17 18:45:00+00:00,21882.15,21885.25,21850.45,21864.65,1217,80,0
2025-06-17 18:50:00+00:00,21865.75,21883.55,21864.55,21873.45,1202,80,0
2025-06-17 18:55:00+00:00,21873.45,21873.65,21859.75,21861.15,1181,80,0
2025-06-17 19:00:00+00:00,21861.65,21889.25,21860.95,21883.45,1182,80,0
2025-06-17 19:05:00+00:00,21883.15,21892.95,21858.25,21872.55,1229,80,0
2025-06-17 19:10:00+00:00,21872.55,21892.75,21871.05,21889.55,1201,80,0
2025-06-17 19:15:00+00:00,21889.25,21894.15,21881.55,21887.75,1142,80,0
2025-06-17 19:20:00+00:00,21888.25,21894.25,21873.15,21874.65,1193,80,0
2025-06-17 19:25:00+00:00,21874.65,21881.95,21869.55,21872.55,1166,80,0
2025-06-17 19:30:00+00:00,21872.25,21885.55,21865.25,21885.25,1075,80,0
2025-06-17 19:35:00+00:00,21885.65,21889.15,21874.95,21875.45,1055,80,0
2025-06-17 19:40:00+00:00,21875.45,21875.65,21836.15,21845.05,1161,80,0
2025-06-17 19:45:00+00:00,21847.55,21860.55,21817.45,21833.75,1379,120,0
2025-06-17 19:50:00+00:00,21833.05,21841.45,21814.25,21821.85,1408,120,0
2025-06-17 19:55:00+00:00,21821.35,21821.85,21790.25,21800.85,1409,120,0
2025-06-17 20:00:00+00:00,21799.45,21811.45,21778.45,21804.15,1296,110,0
2025-06-17 20:05:00+00:00,21804.65,21810.85,21781.35,21809.55,1318,100,0
2025-06-17 20:10:00+00:00,21809.65,21821.45,21805.95,21814.95,1297,80,0
2025-06-17 20:15:00+00:00,21814.55,21818.75,21803.25,21804.75,1214,80,0
2025-06-17 20:20:00+00:00,21805.35,21811.55,21785.35,21801.55,1321,90,0
2025-06-17 20:25:00+00:00,21801.25,21801.75,21779.35,21779.55,1310,100,0
2025-06-17 20:30:00+00:00,21779.45,21801.35,21754.75,21799.05,1437,100,0
2025-06-17 20:35:00+00:00,21799.05,21812.75,21782.45,21788.45,1277,80,0
2025-06-17 20:40:00+00:00,21788.25,21802.85,21767.05,21769.85,1318,80,0
2025-06-17 20:45:00+00:00,21769.35,21776.95,21710.85,21729.45,1491,120,0
2025-06-17 20:50:00+00:00,21729.45,21741.45,21710.45,21734.25,1470,120,0
2025-06-17 20:55:00+00:00,21734.45,21751.35,21725.75,21726.45,1366,120,0
2025-06-17 21:00:00+00:00,21725.95,21725.95,21691.95,21704.75,1480,120,0
2025-06-17 21:05:00+00:00,21705.75,21732.05,21705.75,21729.95,1394,120,0
2025-06-17 21:10:00+00:00,21729.85,21740.05,21715.75,21721.75,1288,120,0
2025-06-17 21:15:00+00:00,21721.35,21727.85,21704.25,21716.85,1332,120,0
2025-06-17 21:20:00+00:00,21715.55,21719.85,21701.25,21702.25,1262,110,0
2025-06-17 21:25:00+00:00,21702.45,21709.45,21681.05,21699.45,1387,120,0
2025-06-17 21:30:00+00:00,21699.85,21726.25,21697.05,21722.25,1340,120,0
2025-06-17 21:35:00+00:00,21723.45,21729.25,21698.85,21704.55,1341,100,0
2025-06-17 21:40:00+00:00,21704.45,21707.95,21674.45,21697.75,1339,110,0
2025-06-17 21:45:00+00:00,21698.35,21717.45,21694.95,21706.25,1232,120,0
2025-06-17 21:50:00+00:00,21705.95,21719.55,21699.55,21719.45,1140,80,0
2025-06-17 21:55:00+00:00,21719.35,21743.15,21718.05,21741.65,1266,80,0
2025-06-17 22:00:00+00:00,21741.95,21745.95,21718.95,21721.15,1331,80,0
2025-06-17 22:05:00+00:00,21720.95,21728.15,21711.35,21727.25,1215,80,0
2025-06-17 22:10:00+00:00,21727.35,21742.05,21717.45,21732.65,1219,80,0
2025-06-17 22:15:00+00:00,21732.55,21740.75,21724.15,21729.45,1104,80,0
2025-06-17 22:20:00+00:00,21729.35,21754.25,21728.75,21748.65,1186,80,0
2025-06-17 22:25:00+00:00,21748.65,21753.75,21744.25,21751.65,1114,80,0
2025-06-17 22:30:00+00:00,21752.55,21759.45,21737.95,21749.85,1197,80,0
2025-06-17 22:35:00+00:00,21750.15,21757.15,21738.05,21739.55,1169,80,0
2025-06-17 22:40:00+00:00,21739.05,21745.65,21726.85,21741.15,1313,80,0
2025-06-17 22:45:00+00:00,21741.65,21754.05,21739.35,21753.65,1253,90,0
2025-06-17 22:50:00+00:00,21750.65,21761.15,21728.55,21739.35,1341,100,0
2025-06-17 22:55:00+00:00,21739.85,21739.85,21711.55,21720.25,1494,120,0
2025-06-17 23:00:00+00:00,21720.95,21746.76,21712.96,21723.26,1270,120,0
2025-06-17 23:05:00+00:00,21724.76,21729.46,21721.46,21726.36,954,218,0
2025-06-17 23:10:00+00:00,21725.96,21730.56,21710.36,21717.36,795,208,0
2025-06-17 23:15:00+00:00,21717.36,21718.56,21702.56,21704.76,755,208,0
2025-06-17 23:20:00+00:00,21704.76,21716.56,21703.36,21715.56,626,208,0
2025-06-17 23:25:00+00:00,21715.56,21723.56,21712.16,21714.86,642,198,0
2025-06-17 23:30:00+00:00,21714.66,21725.16,21714.06,21723.36,371,188,0
2025-06-17 23:35:00+00:00,21723.86,21724.56,21719.26,21719.86,436,178,0
2025-06-17 23:40:00+00:00,21719.86,21727.86,21719.86,21727.86,426,188,0
2025-06-17 23:45:00+00:00,21728.46,21731.66,21708.16,21710.36,524,198,0
2025-06-18 01:05:00+00:00,21675.05,21694.75,21672.35,21692.95,674,210,0
2025-06-18 01:10:00+00:00,21692.95,21692.95,21680.25,21685.75,490,210,0
2025-06-18 01:15:00+00:00,21685.55,21686.45,21669.35,21674.55,460,210,0
2025-06-18 01:20:00+00:00,21674.85,21678.85,21667.05,21669.05,361,200,0
2025-06-18 01:25:00+00:00,21669.45,21678.45,21667.45,21668.25,414,200,0
2025-06-18 01:30:00+00:00,21668.35,21672.45,21653.35,21669.45,570,200,0
2025-06-18 01:35:00+00:00,21669.75,21671.45,21657.15,21657.85,374,180,0
2025-06-18 01:40:00+00:00,21657.65,21660.85,21646.55,21656.25,652,180,0
2025-06-18 01:45:00+00:00,21656.25,21656.35,21639.85,21652.05,461,210,0
2025-06-18 01:50:00+00:00,21652.25,21654.55,21646.55,21652.95,397,180,0
2025-06-18 01:55:00+00:00,21652.55,21654.65,21629.85,21638.55,571,170,0
2025-06-18 02:00:00+00:00,21638.35,21644.95,21630.45,21644.95,618,210,0
2025-06-18 02:05:00+00:00,21644.95,21666.05,21644.45,21653.85,648,210,0
2025-06-18 02:10:00+00:00,21653.95,21653.95,21634.45,21641.35,466,210,0
2025-06-18 02:15:00+00:00,21641.55,21664.35,21640.35,21658.25,484,200,0
2025-06-18 02:20:00+00:00,21657.95,21661.05,21650.85,21654.05,364,200,0
2025-06-18 02:25:00+00:00,21654.05,21667.05,21651.15,21661.05,409,200,0
2025-06-18 02:30:00+00:00,21660.75,21667.55,21659.95,21666.15,365,190,0
2025-06-18 02:35:00+00:00,21666.55,21666.85,21653.85,21656.15,330,190,0
2025-06-18 02:40:00+00:00,21656.15,21683.85,21654.35,21677.35,473,180,0
2025-06-18 02:45:00+00:00,21676.05,21681.55,21665.35,21675.45,492,210,0
2025-06-18 02:50:00+00:00,21676.55,21691.35,21666.05,21676.55,651,210,0
2025-06-18 02:55:00+00:00,21676.75,21677.35,21660.45,21670.85,595,210,0
2025-06-18 03:00:00+00:00,21670.85,21699.45,21670.35,21686.05,867,210,0
2025-06-18 03:05:00+00:00,21686.35,21730.35,21679.55,21702.45,981,210,0
2025-06-18 03:10:00+00:00,21702.45,21733.05,21697.55,21729.55,753,210,0
2025-06-18 03:15:00+00:00,21729.35,21739.05,21717.35,21724.75,879,210,0
2025-06-18 03:20:00+00:00,21724.45,21737.35,21724.45,21732.55,556,210,0
2025-06-18 03:25:00+00:00,21732.45,21738.35,21716.55,21723.85,615,200,0
2025-06-18 03:30:00+00:00,21724.15,21730.85,21719.05,21726.75,466,190,0
2025-06-18 03:35:00+00:00,21726.85,21752.95,21726.25,21747.95,694,200,0
2025-06-18 03:40:00+00:00,21747.05,21751.05,21740.65,21744.45,449,190,0
2025-06-18 03:45:00+00:00,21744.85,21745.35,21722.65,21732.05,548,190,0
2025-06-18 03:50:00+00:00,21732.15,21741.15,21726.35,21735.95,500,180,0
2025-06-18 03:55:00+00:00,21735.35,21745.55,21730.35,21743.75,415,200,0
2025-06-18 04:00:00+00:00,21743.75,21772.75,21743.05,21769.85,840,200,0
2025-06-18 04:05:00+00:00,21769.85,21776.55,21764.45,21766.25,639,200,0
2025-06-18 04:10:00+00:00,21766.35,21772.35,21746.55,21748.45,643,190,0
2025-06-18 04:15:00+00:00,21748.35,21753.45,21745.85,21751.65,494,180,0
2025-06-18 04:20:00+00:00,21751.25,21754.45,21743.15,21743.45,401,180,0
2025-06-18 04:25:00+00:00,21743.35,21745.55,21736.85,21741.85,485,190,0
2025-06-18 04:30:00+00:00,21742.25,21752.85,21741.75,21752.85,554,180,0
2025-06-18 04:35:00+00:00,21753.15,21766.35,21752.95,21758.05,492,190,0
2025-06-18 04:40:00+00:00,21758.15,21761.55,21747.05,21752.75,522,190,0
2025-06-18 04:45:00+00:00,21753.05,21753.05,21740.55,21742.65,427,180,0
2025-06-18 04:50:00+00:00,21742.85,21744.85,21728.95,21734.45,520,180,0
2025-06-18 04:55:00+00:00,21735.05,21740.75,21734.15,21740.25,389,170,0
2025-06-18 05:00:00+00:00,21740.75,21741.25,21735.95,21737.65,387,160,0
2025-06-18 05:05:00+00:00,21737.45,21741.25,21729.95,21740.65,428,170,0
2025-06-18 05:10:00+00:00,21740.35,21742.65,21735.95,21738.15,346,180,0
2025-06-18 05:15:00+00:00,21737.85,21745.75,21737.45,21745.45,344,170,0
2025-06-18 05:20:00+00:00,21745.45,21752.25,21740.75,21751.05,367,160,0
2025-06-18 05:25:00+00:00,21751.25,21759.95,21748.45,21754.95,476,170,0
2025-06-18 05:30:00+00:00,21755.05,21767.45,21749.55,21752.65,481,180,0
2025-06-18 05:35:00+00:00,21752.45,21757.75,21751.95,21753.95,321,170,0
2025-06-18 05:40:00+00:00,21753.65,21760.05,21753.55,21758.95,288,160,0
2025-06-18 05:45:00+00:00,21758.85,21767.85,21758.75,21763.95,359,160,0
2025-06-18 05:50:00+00:00,21764.25,21765.45,21759.35,21761.85,285,160,0
2025-06-18 05:55:00+00:00,21761.85,21762.35,21741.15,21743.45,404,150,0
2025-06-18 06:00:00+00:00,21742.95,21747.35,21737.15,21740.95,409,180,0
2025-06-18 06:05:00+00:00,21741.25,21744.45,21734.75,21743.15,356,160,0
2025-06-18 06:10:00+00:00,21743.15,21746.55,21738.15,21739.55,310,180,0
2025-06-18 06:15:00+00:00,21740.45,21747.65,21735.45,21747.15,303,170,0
2025-06-18 06:20:00+00:00,21746.95,21750.35,21738.95,21740.55,332,170,0
2025-06-18 06:25:00+00:00,21740.45,21741.05,21735.95,21737.65,289,170,0
2025-06-18 06:30:00+00:00,21737.45,21741.85,21734.55,21737.55,317,160,0
2025-06-18 06:35:00+00:00,21737.65,21740.75,21735.25,21736.15,211,160,0
2025-06-18 06:40:00+00:00,21736.45,21744.85,21735.95,21744.05,227,160,0
2025-06-18 06:45:00+00:00,21743.85,21747.75,21741.85,21745.55,260,160,0
2025-06-18 06:50:00+00:00,21745.15,21747.55,21739.25,21743.75,249,160,0
2025-06-18 06:55:00+00:00,21743.45,21743.55,21733.85,21735.85,231,160,0
2025-06-18 07:00:00+00:00,21735.85,21743.75,21734.05,21739.65,261,160,0
2025-06-18 07:05:00+00:00,21738.75,21748.05,21738.55,21745.45,264,170,0
2025-06-18 07:10:00+00:00,21744.85,21746.15,21739.65,21745.55,197,160,0
2025-06-18 07:15:00+00:00,21745.45,21745.85,21738.75,21739.35,182,160,0
2025-06-18 07:20:00+00:00,21739.35,21739.35,21717.65,21718.05,365,160,0
2025-06-18 07:25:00+00:00,21718.15,21724.45,21711.85,21724.05,344,190,0
2025-06-18 07:30:00+00:00,21723.95,21728.95,21722.05,21726.15,329,180,0
2025-06-18 07:35:00+00:00,21726.15,21727.75,21723.75,21724.25,231,150,0
2025-06-18 07:40:00+00:00,21724.05,21738.25,21723.05,21735.95,308,160,0
2025-06-18 07:45:00+00:00,21735.95,21752.65,21733.75,21747.35,368,170,0
2025-06-18 07:50:00+00:00,21747.55,21747.85,21739.15,21744.45,280,180,0
2025-06-18 07:55:00+00:00,21744.85,21749.05,21743.55,21746.35,224,150,0
2025-06-18 08:00:00+00:00,21746.35,21759.95,21744.95,21755.25,435,160,0
2025-06-18 08:05:00+00:00,21755.25,21759.35,21748.85,21757.45,348,180,0
2025-06-18 08:10:00+00:00,21757.65,21759.85,21753.55,21753.75,279,160,0
2025-06-18 08:15:00+00:00,21754.15,21760.55,21753.55,21755.05,268,160,0
2025-06-18 08:20:00+00:00,21754.95,21757.25,21749.75,21753.85,307,170,0
2025-06-18 08:25:00+00:00,21753.75,21754.85,21751.15,21752.55,226,150,0
2025-06-18 08:30:00+00:00,21752.75,21762.15,21752.25,21753.95,331,150,0
2025-06-18 08:35:00+00:00,21753.95,21755.55,21746.25,21748.85,347,190,0
2025-06-18 08:40:00+00:00,21748.85,21755.35,21748.45,21752.05,261,160,0
2025-06-18 08:45:00+00:00,21751.65,21753.65,21745.25,21745.95,271,170,0
2025-06-18 08:50:00+00:00,21746.05,21755.45,21745.15,21754.35,256,160,0
2025-06-18 08:55:00+00:00,21754.35,21757.55,21751.15,21754.65,331,160,0
2025-06-18 09:00:00+00:00,21754.35,21759.95,21748.05,21754.75,570,180,0
2025-06-18 09:05:00+00:00,21754.55,21770.65,21752.25,21766.75,465,190,0
2025-06-18 09:10:00+00:00,21766.95,21779.85,21764.35,21774.75,674,200,0
2025-06-18 09:15:00+00:00,21775.05,21776.35,21762.85,21772.15,533,200,0
2025-06-18 09:20:00+00:00,21772.05,21777.85,21767.95,21774.65,451,180,0
2025-06-18 09:25:00+00:00,21774.85,21786.45,21771.45,21784.25,535,180,0
2025-06-18 09:30:00+00:00,21783.35,21796.35,21776.75,21790.45,627,200,0
2025-06-18 09:35:00+00:00,21790.25,21791.05,21772.55,21777.15,576,200,0
2025-06-18 09:40:00+00:00,21776.85,21777.75,21768.25,21773.15,415,180,0
2025-06-18 09:45:00+00:00,21773.15,21776.15,21760.85,21764.85,467,180,0
2025-06-18 09:50:00+00:00,21765.05,21770.45,21761.55,21766.15,428,170,0
2025-06-18 09:55:00+00:00,21766.25,21771.85,21766.05,21769.65,457,170,0
2025-06-18 10:00:00+00:00,21769.95,21780.55,21765.15,21770.05,893,190,0
2025-06-18 10:05:00+00:00,21769.95,21781.05,21769.25,21777.55,769,210,0
2025-06-18 10:10:00+00:00,21777.45,21783.75,21771.45,21776.75,719,210,0
2025-06-18 10:15:00+00:00,21776.95,21794.45,21776.85,21788.75,710,210,0
2025-06-18 10:20:00+00:00,21788.75,21794.75,21777.05,21780.75,657,210,0
2025-06-18 10:25:00+00:00,21780.55,21786.05,21773.05,21779.35,587,200,0
2025-06-18 10:30:00+00:00,21780.15,21795.35,21779.25,21780.85,664,200,0
2025-06-18 10:35:00+00:00,21780.95,21797.85,21780.85,21794.05,553,210,0
2025-06-18 10:40:00+00:00,21793.85,21797.15,21789.15,21792.65,511,190,0
2025-06-18 10:45:00+00:00,21792.95,21793.55,21785.95,21790.45,483,190,0
2025-06-18 10:50:00+00:00,21790.15,21791.45,21764.75,21770.95,564,190,0
2025-06-18 10:55:00+00:00,21770.75,21783.05,21766.45,21780.05,645,210,0
2025-06-18 11:00:00+00:00,21780.25,21792.95,21774.55,21791.55,775,200,0
2025-06-18 11:05:00+00:00,21792.45,21800.05,21789.85,21799.35,570,200,0
2025-06-18 11:10:00+00:00,21799.55,21801.65,21785.55,21787.65,551,180,0
2025-06-18 11:15:00+00:00,21787.55,21789.45,21781.35,21783.95,547,180,0
2025-06-18 11:20:00+00:00,21783.65,21784.15,21771.85,21781.75,625,180,0
2025-06-18 11:25:00+00:00,21781.85,21788.55,21780.15,21782.15,555,190,0
2025-06-18 11:30:00+00:00,21782.45,21787.95,21780.45,21786.25,458,180,0
2025-06-18 11:35:00+00:00,21785.25,21788.25,21782.75,21788.25,447,170,0
2025-06-18 11:40:00+00:00,21787.35,21789.75,21779.75,21784.95,398,170,0
2025-06-18 11:45:00+00:00,21785.15,21793.75,21783.75,21786.95,399,170,0
2025-06-18 11:50:00+00:00,21786.95,21793.45,21785.95,21793.45,394,180,0
2025-06-18 11:55:00+00:00,21793.75,21802.95,21792.25,21797.65,434,180,0
2025-06-18 12:00:00+00:00,21797.85,21824.45,21797.85,21823.05,581,180,0
2025-06-18 12:05:00+00:00,21823.25,21830.75,21810.95,21810.95,519,210,0
2025-06-18 12:10:00+00:00,21811.05,21816.85,21808.25,21815.65,481,200,0
2025-06-18 12:15:00+00:00,21815.75,21822.45,21815.25,21820.85,360,180,0
2025-06-18 12:20:00+00:00,21820.45,21821.25,21811.45,21815.95,396,160,0
2025-06-18 12:25:00+00:00,21815.85,21818.45,21811.65,21814.05,335,170,0
2025-06-18 12:30:00+00:00,21813.95,21816.85,21799.65,21800.25,455,170,0
2025-06-18 12:35:00+00:00,21801.15,21804.15,21796.15,21799.95,431,190,0
2025-06-18 12:40:00+00:00,21799.95,21803.75,21797.65,21803.75,329,170,0
2025-06-18 12:45:00+00:00,21803.55,21806.75,21798.95,21801.75,387,160,0
2025-06-18 12:50:00+00:00,21801.45,21810.85,21798.85,21803.55,404,180,0
2025-06-18 12:55:00+00:00,21803.45,21804.55,21797.15,21797.65,267,150,0
2025-06-18 13:00:00+00:00,21797.55,21801.15,21787.35,21789.45,450,150,0
2025-06-18 13:05:00+00:00,21789.55,21790.35,21783.95,21787.75,399,180,0
2025-06-18 13:10:00+00:00,21787.75,21792.35,21776.65,21790.25,571,180,0
2025-06-18 13:15:00+00:00,21789.75,21798.55,21789.75,21796.65,427,180,0
2025-06-18 13:20:00+00:00,21796.75,21796.75,21757.25,21778.35,800,170,0
2025-06-18 13:25:00+00:00,21778.75,21783.85,21770.05,21774.25,626,210,0
2025-06-18 13:30:00+00:00,21773.95,21777.85,21757.45,21757.55,698,200,0
2025-06-18 13:35:00+00:00,21756.45,21762.35,21753.35,21761.35,690,200,0
2025-06-18 13:40:00+00:00,21761.35,21772.75,21754.65,21764.75,609,190,0
2025-06-18 13:45:00+00:00,21764.65,21774.65,21755.05,21760.45,652,200,0
2025-06-18 13:50:00+00:00,21760.45,21764.25,21731.55,21732.85,690,200,0
2025-06-18 13:55:00+00:00,21732.95,21736.55,21718.85,21723.35,820,210,0
2025-06-18 14:00:00+00:00,21723.95,21729.75,21719.45,21728.25,767,210,0
2025-06-18 14:05:00+00:00,21728.05,21737.25,21723.85,21729.55,615,200,0
2025-06-18 14:10:00+00:00,21729.55,21737.85,21718.05,21731.45,593,200,0
2025-06-18 14:15:00+00:00,21731.55,21736.55,21724.55,21725.35,572,200,0
2025-06-18 14:20:00+00:00,21724.75,21742.35,21724.65,21741.85,529,190,0
2025-06-18 14:25:00+00:00,21741.85,21752.95,21739.15,21748.75,547,200,0
2025-06-18 14:30:00+00:00,21748.75,21757.15,21746.25,21753.55,492,190,0
2025-06-18 14:35:00+00:00,21753.65,21758.75,21743.15,21748.65,514,190,0
2025-06-18 14:40:00+00:00,21748.55,21772.55,21748.55,21770.25,528,190,0
2025-06-18 14:45:00+00:00,21769.45,21795.85,21768.55,21789.45,919,210,0
2025-06-18 14:50:00+00:00,21789.25,21790.35,21779.75,21780.25,633,200,0
2025-06-18 14:55:00+00:00,21780.25,21781.75,21768.65,21773.65,491,190,0
2025-06-18 15:00:00+00:00,21772.15,21774.85,21761.55,21762.15,576,180,0
2025-06-18 15:05:00+00:00,21762.15,21771.75,21760.05,21768.05,551,190,0
2025-06-18 15:10:00+00:00,21768.25,21776.15,21766.75,21776.15,537,200,0
2025-06-18 15:15:00+00:00,21776.15,21784.35,21763.85,21770.35,613,190,0
2025-06-18 15:20:00+00:00,21770.35,21778.15,21763.25,21774.65,524,190,0
2025-06-18 15:25:00+00:00,21774.55,21775.65,21764.15,21770.8,517,180,0
2025-06-18 15:30:00+00:00,21771.1,21771.1,21757.85,21768.35,712,200,0
2025-06-18 15:35:00+00:00,21768.05,21775.75,21745.95,21753.05,709,210,0
2025-06-18 15:40:00+00:00,21752.95,21761.35,21751.65,21756.85,641,200,0
2025-06-18 15:45:00+00:00,21757.85,21761.15,21749.15,21758.35,538,190,0
2025-06-18 15:50:00+00:00,21758.55,21772.45,21755.55,21761.55,629,200,0
2025-06-18 15:55:00+00:00,21761.35,21764.65,21753.15,21754.35,686,210,0
2025-06-18 16:00:00+00:00,21755.65,21766.75,21751.25,21766.75,688,200,0
2025-06-18 16:05:00+00:00,21766.85,21777.05,21765.15,21773.75,647,200,0
2025-06-18 16:10:00+00:00,21773.85,21778.15,21764.35,21771.45,613,190,0
2025-06-18 16:15:00+00:00,21770.45,21776.45,21765.65,21775.65,575,190,0
2025-06-18 16:20:00+00:00,21775.95,21781.95,21774.05,21777.45,665,200,0
2025-06-18 16:25:00+00:00,21775.05,21776.85,21760.35,21760.35,957,200,0
2025-06-18 16:30:00+00:00,21760.35,21763.25,21694.85,21698.75,1579,100,0
2025-06-18 16:35:00+00:00,21699.35,21734.05,21697.55,21730.95,1479,120,0
2025-06-18 16:40:00+00:00,21730.95,21755.05,21726.75,21745.45,1484,120,0
2025-06-18 16:45:00+00:00,21745.35,21773.45,21740.05,21771.05,1412,100,0
2025-06-18 16:50:00+00:00,21771.05,21793.55,21766.75,21770.25,1430,90,0
2025-06-18 16:55:00+00:00,21767.95,21782.75,21767.05,21769.65,1423,90,0
2025-06-18 17:00:00+00:00,21771.85,21802.05,21748.85,21791.35,1511,90,0
2025-06-18 17:05:00+00:00,21790.35,21807.45,21776.05,21792.45,1452,120,0
2025-06-18 17:10:00+00:00,21791.75,21819.95,21786.45,21813.65,1394,110,0
2025-06-18 17:15:00+00:00,21813.35,21831.55,21809.45,21822.05,1387,100,0
2025-06-18 17:20:00+00:00,21821.55,21844.35,21820.85,21834.75,1383,100,0
2025-06-18 17:25:00+00:00,21834.55,21848.75,21832.75,21841.05,1291,80,0
2025-06-18 17:30:00+00:00,21841.15,21861.65,21836.15,21857.15,1300,80,0
2025-06-18 17:35:00+00:00,21857.25,21864.15,21845.85,21857.75,1263,90,0
2025-06-18 17:40:00+00:00,21857.95,21864.85,21834.15,21854.25,1346,80,0
2025-06-18 17:45:00+00:00,21854.25,21860.15,21835.35,21844.25,1154,80,0
2025-06-18 17:50:00+00:00,21844.15,21850.65,21828.45,21832.65,1105,80,0
2025-06-18 17:55:00+00:00,21833.05,21849.45,21830.65,21848.05,1115,80,0
2025-06-18 18:00:00+00:00,21848.15,21853.65,21840.15,21850.25,1044,80,0
2025-06-18 18:05:00+00:00,21849.95,21851.15,21827.65,21828.65,1159,80,0
2025-06-18 18:10:00+00:00,21828.15,21835.15,21823.25,21827.15,1087,80,0
2025-06-18 18:15:00+00:00,21826.45,21833.65,21821.25,21822.65,1097,80,0
2025-06-18 18:20:00+00:00,21822.45,21826.65,21815.45,21820.65,1115,80,0
2025-06-18 18:25:00+00:00,21820.65,21829.15,21810.75,21817.95,1110,80,0
2025-06-18 18:30:00+00:00,21818.45,21832.15,21812.55,21824.65,1251,80,0
2025-06-18 18:35:00+00:00,21824.85,21831.95,21815.75,21830.95,1152,80,0
2025-06-18 18:40:00+00:00,21830.45,21834.65,21807.15,21819.55,1301,80,0
2025-06-18 18:45:00+00:00,21819.25,21829.65,21815.95,21825.95,1143,80,0
2025-06-18 18:50:00+00:00,21826.05,21844.75,21822.15,21844.45,1069,80,0
2025-06-18 18:55:00+00:00,21844.45,21846.45,21802.95,21807.25,1160,80,0
2025-06-18 19:00:00+00:00,21807.15,21824.75,21790.85,21824.35,1340,80,0
2025-06-18 19:05:00+00:00,21824.25,21833.95,21809.75,21829.25,1264,80,0
2025-06-18 19:10:00+00:00,21828.55,21830.65,21818.95,21823.15,1174,80,0
2025-06-18 19:15:00+00:00,21822.75,21825.65,21807.65,21810.25,1160,80,0
2025-06-18 19:20:00+00:00,21810.25,21820.95,21808.45,21814.65,1137,80,0
2025-06-18 19:25:00+00:00,21814.75,21819.45,21792.65,21796.65,1168,80,0
2025-06-18 19:30:00+00:00,21796.75,21812.25,21792.15,21808.75,1193,80,0
2025-06-18 19:35:00+00:00,21808.15,21810.45,21797.45,21810.15,1090,80,0
2025-06-18 19:40:00+00:00,21810.15,21814.55,21804.15,21811.05,1043,80,0
2025-06-18 19:45:00+00:00,21811.05,21814.75,21796.95,21799.15,1097,80,0
2025-06-18 19:50:00+00:00,21798.95,21821.75,21796.95,21798.65,1135,80,0
2025-06-18 19:55:00+00:00,21797.95,21809.05,21795.65,21796.45,1103,80,0
2025-06-18 20:00:00+00:00,21796.45,21803.35,21783.95,21798.65,1187,80,0
2025-06-18 20:05:00+00:00,21798.65,21801.15,21790.65,21799.65,1031,80,0
2025-06-18 20:10:00+00:00,21800.45,21806.95,21790.05,21797.95,1065,80,0
2025-06-18 20:15:00+00:00,21797.95,21803.95,21788.65,21788.65,1004,80,0
2025-06-18 20:20:00+00:00,21788.95,21789.15,21758.35,21765.35,1195,80,0
2025-06-18 20:25:00+00:00,21765.25,21767.85,21744.45,21744.95,1173,80,0
2025-06-18 20:30:00+00:00,21745.65,21752.45,21710.15,21725.05,1421,80,0
2025-06-18 20:35:00+00:00,21725.45,21748.25,21708.35,21747.05,1301,110,0
2025-06-18 20:40:00+00:00,21747.15,21773.75,21743.35,21771.55,1119,80,0
2025-06-18 20:45:00+00:00,21772.05,21793.45,21771.95,21782.95,1055,80,0
2025-06-18 20:50:00+00:00,21782.65,21803.45,21776.15,21799.95,1082,80,0
2025-06-18 20:55:00+00:00,21799.75,21808.75,21788.65,21792.85,1158,80,0
2025-06-18 21:00:00+00:00,21798.05,21848.25,21744.95,21746.95,1534,100,0
2025-06-18 21:05:00+00:00,21746.85,21789.35,21738.45,21766.85,1576,120,0
2025-06-18 21:10:00+00:00,21766.75,21785.95,21753.35,21781.85,1399,120,0
2025-06-18 21:15:00+00:00,21781.75,21794.25,21768.05,21768.95,1394,120,0
2025-06-18 21:20:00+00:00,21768.85,21774.55,21744.45,21762.05,1376,120,0
2025-06-18 21:25:00+00:00,21761.95,21788.85,21758.55,21780.05,1332,120,0
2025-06-18 21:30:00+00:00,21781.05,21822.85,21764.85,21817.85,1378,120,0
2025-06-18 21:35:00+00:00,21817.85,21818.55,21763.45,21792.35,1523,120,0
2025-06-18 21:40:00+00:00,21792.25,21831.85,21781.15,21816.35,1449,120,0
2025-06-18 21:45:00+00:00,21817.25,21817.35,21777.05,21785.75,1492,120,0
2025-06-18 21:50:00+00:00,21785.55,21786.55,21727.35,21745.75,1559,120,0
2025-06-18 21:55:00+00:00,21744.85,21747.15,21658.65,21682.35,1610,120,0
2025-06-18 22:00:00+00:00,21682.65,21726.55,21652.85,21722.65,1603,120,0
2025-06-18 22:05:00+00:00,21722.15,21737.85,21692.65,21701.55,1539,120,0
2025-06-18 22:10:00+00:00,21701.25,21770.85,21681.15,21757.65,1542,120,0
2025-06-18 22:15:00+00:00,21757.65,21758.05,21725.35,21749.05,1516,120,0
2025-06-18 22:20:00+00:00,21749.15,21779.85,21741.25,21762.15,1464,120,0
2025-06-18 22:25:00+00:00,21760.35,21763.55,21686.75,21689.15,1510,120,0
2025-06-18 22:30:00+00:00,21688.65,21733.35,21677.35,21728.75,1456,120,0
2025-06-18 22:35:00+00:00,21727.65,21756.35,21720.65,21748.85,1459,120,0
2025-06-18 22:40:00+00:00,21749.05,21770.85,21735.85,21770.65,1394,120,0
2025-06-18 22:45:00+00:00,21769.85,21771.25,21741.55,21748.25,1338,120,0
2025-06-18 22:50:00+00:00,21736.65,21763.05,21713.35,21717.25,1491,120,0
2025-06-18 22:55:00+00:00,21716.75,21733.35,21702.05,21717.05,1485,120,0
2025-06-18 23:00:00+00:00,21716.15,21744.26,21714.56,21727.86,1174,120,0
2025-06-18 23:05:00+00:00,21727.46,21730.36,21715.46,21725.86,830,228,0
2025-06-18 23:10:00+00:00,21725.56,21731.56,21722.86,21728.16,667,208,0
2025-06-18 23:15:00+00:00,21728.06,21736.46,21727.96,21731.46,500,198,0
2025-06-18 23:20:00+00:00,21731.46,21732.26,21717.96,21718.66,541,198,0
2025-06-18 23:25:00+00:00,21718.66,21727.96,21714.76,21727.76,455,198,0
2025-06-18 23:30:00+00:00,21727.86,21727.96,21718.96,21719.66,349,188,0
2025-06-18 23:35:00+00:00,21719.76,21734.96,21719.76,21734.96,278,188,0
2025-06-18 23:40:00+00:00,21735.16,21743.86,21732.06,21735.66,436,198,0
2025-06-18 23:45:00+00:00,21735.16,21736.56,21724.86,21732.66,435,208,0
2025-06-19 01:05:00+00:00,21723.06,21727.46,21704.46,21710.26,344,228,0
2025-06-19 01:10:00+00:00,21710.16,21712.06,21696.56,21698.56,241,228,0
2025-06-19 01:15:00+00:00,21697.96,21705.36,21693.76,21699.06,198,188,0
2025-06-19 01:20:00+00:00,21699.06,21710.66,21685.36,21709.56,350,198,0
2025-06-19 01:25:00+00:00,21709.06,21711.06,21700.46,21701.26,229,218,0
2025-06-19 01:30:00+00:00,21700.96,21704.26,21684.96,21687.46,315,218,0
2025-06-19 01:35:00+00:00,21687.26,21691.26,21680.86,21690.66,222,208,0
2025-06-19 01:40:00+00:00,21691.76,21695.36,21682.26,21691.96,281,208,0
2025-06-19 01:45:00+00:00,21691.66,21694.46,21689.76,21692.26,116,178,0
2025-06-19 01:50:00+00:00,21692.26,21704.76,21690.86,21704.76,207,188,0
2025-06-19 01:55:00+00:00,21704.56,21707.06,21698.36,21706.36,172,208,0
2025-06-19 02:00:00+00:00,21706.45,21711.95,21701.95,21711.75,196,190,0
2025-06-19 02:05:00+00:00,21713.15,21714.45,21701.75,21706.95,205,170,0
2025-06-19 02:10:00+00:00,21706.95,21706.95,21698.35,21701.45,136,190,0
2025-06-19 02:15:00+00:00,21700.95,21706.05,21696.55,21703.75,121,170,0
2025-06-19 02:20:00+00:00,21703.15,21705.55,21700.25,21701.35,105,150,0
2025-06-19 02:25:00+00:00,21702.55,21703.15,21699.05,21699.05,76,160,0
2025-06-19 02:30:00+00:00,21698.95,21699.05,21691.15,21695.35,176,170,0
2025-06-19 02:35:00+00:00,21694.75,21699.05,21692.25,21693.35,225,190,0
2025-06-19 02:40:00+00:00,21692.85,21704.45,21692.45,21697.15,310,180,0
2025-06-19 02:45:00+00:00,21698.05,21720.85,21695.35,21719.65,469,200,0
2025-06-19 02:50:00+00:00,21720.55,21722.65,21710.85,21714.55,383,180,0
2025-06-19 02:55:00+00:00,21714.25,21717.55,21711.15,21717.55,287,170,0
2025-06-19 03:00:00+00:00,21717.35,21720.85,21695.55,21700.15,599,170,0
2025-06-19 03:05:00+00:00,21700.35,21701.45,21688.65,21694.05,387,200,0
2025-06-19 03:10:00+00:00,21693.85,21694.85,21654.65,21661.85,760,200,0
2025-06-19 03:15:00+00:00,21661.85,21666.15,21617.55,21629.05,1011,210,0
2025-06-19 03:20:00+00:00,21629.05,21655.25,21619.75,21650.65,887,210,0
2025-06-19 03:25:00+00:00,21649.25,21663.25,21642.75,21659.65,624,210,0
2025-06-19 03:30:00+00:00,21659.85,21673.65,21658.65,21661.75,589,190,0
2025-06-19 03:35:00+00:00,21661.75,21672.55,21658.15,21670.15,478,190,0
2025-06-19 03:40:00+00:00,21670.35,21676.95,21667.95,21670.05,423,180,0
2025-06-19 03:45:00+00:00,21671.15,21674.55,21667.65,21668.95,376,180,0
2025-06-19 03:50:00+00:00,21669.05,21672.45,21660.75,21665.65,441,180,0
2025-06-19 03:55:00+00:00,21665.65,21670.05,21654.55,21661.35,456,190,0
2025-06-19 04:00:00+00:00,21661.65,21662.35,21584.65,21590.65,635,200,0
2025-06-19 04:05:00+00:00,21584.15,21643.65,21560.15,21607.65,1225,210,0
2025-06-19 04:10:00+00:00,21608.05,21629.25,21605.55,21623.75,721,210,0
2025-06-19 04:15:00+00:00,21623.75,21624.85,21608.35,21614.25,714,210,0
2025-06-19 04:20:00+00:00,21614.15,21617.35,21610.65,21614.55,472,200,0
2025-06-19 04:25:00+00:00,21614.55,21629.85,21614.55,21625.95,502,200,0
2025-06-19 04:30:00+00:00,21626.35,21641.65,21624.85,21628.85,700,190,0
2025-06-19 04:35:00+00:00,21628.75,21632.35,21610.05,21610.95,621,200,0
2025-06-19 04:40:00+00:00,21611.05,21622.25,21603.75,21606.35,664,200,0
2025-06-19 04:45:00+00:00,21606.55,21618.55,21604.65,21607.15,550,210,0
2025-06-19 04:50:00+00:00,21607.15,21607.35,21600.65,21602.35,451,190,0
2025-06-19 04:55:00+00:00,21602.35,21611.65,21601.95,21608.85,488,180,0
2025-06-19 05:00:00+00:00,21608.65,21610.35,21591.65,21605.35,652,190,0
2025-06-19 05:05:00+00:00,21605.15,21613.15,21601.95,21613.15,363,190,0
2025-06-19 05:10:00+00:00,21614.45,21614.65,21606.15,21613.65,408,190,0
2025-06-19 05:15:00+00:00,21613.75,21623.65,21610.65,21623.65,440,180,0
2025-06-19 05:20:00+00:00,21623.65,21628.05,21619.45,21622.75,407,170,0
2025-06-19 05:25:00+00:00,21622.65,21626.45,21621.25,21621.95,298,150,0
2025-06-19 05:30:00+00:00,21621.95,21626.15,21616.65,21621.95,326,150,0
2025-06-19 05:35:00+00:00,21622.25,21626.65,21619.15,21624.95,301,170,0
2025-06-19 05:40:00+00:00,21625.45,21637.35,21620.65,21630.85,547,170,0
2025-06-19 05:45:00+00:00,21631.05,21632.35,21624.75,21626.35,306,170,0
2025-06-19 05:50:00+00:00,21625.35,21626.05,21615.15,21621.15,407,170,0
2025-06-19 05:55:00+00:00,21620.95,21621.15,21612.25,21614.25,295,160,0
2025-06-19 06:00:00+00:00,21614.45,21634.85,21613.95,21633.75,450,170,0
2025-06-19 06:05:00+00:00,21633.95,21641.95,21633.95,21639.45,428,170,0
2025-06-19 06:10:00+00:00,21639.75,21647.85,21639.05,21645.05,332,170,0
2025-06-19 06:15:00+00:00,21644.55,21646.05,21640.55,21644.35,264,160,0
2025-06-19 06:20:00+00:00,21644.45,21648.85,21641.75,21641.95,240,160,0
2025-06-19 06:25:00+00:00,21642.05,21649.45,21640.95,21643.95,302,160,0
2025-06-19 06:30:00+00:00,21644.05,21646.45,21637.75,21640.75,296,170,0
2025-06-19 06:35:00+00:00,21640.85,21641.95,21635.45,21638.75,235,170,0
2025-06-19 06:40:00+00:00,21638.95,21642.95,21635.45,21642.95,229,150,0
2025-06-19 06:45:00+00:00,21642.45,21645.85,21640.55,21640.55,231,150,0
2025-06-19 06:50:00+00:00,21640.55,21647.75,21635.75,21646.65,307,160,0
2025-06-19 06:55:00+00:00,21647.15,21658.75,21646.65,21652.15,295,170,0
2025-06-19 07:00:00+00:00,21652.05,21656.05,21651.15,21652.25,229,150,0
2025-06-19 07:05:00+00:00,21652.55,21656.65,21651.75,21653.75,203,150,0
2025-06-19 07:10:00+00:00,21654.15,21661.25,21653.55,21660.55,175,150,0
2025-06-19 07:15:00+00:00,21661.35,21663.15,21658.35,21660.85,220,150,0
2025-06-19 07:20:00+00:00,21661.05,21661.15,21654.15,21654.85,205,150,0
2025-06-19 07:25:00+00:00,21654.55,21654.85,21646.45,21647.75,246,150,0
2025-06-19 07:30:00+00:00,21647.95,21649.75,21645.25,21649.15,209,150,0
2025-06-19 07:35:00+00:00,21649.45,21656.15,21648.95,21653.35,199,150,0
2025-06-19 07:40:00+00:00,21653.85,21669.75,21653.85,21665.65,324,160,0
2025-06-19 07:45:00+00:00,21665.75,21672.05,21665.65,21668.05,291,160,0
2025-06-19 07:50:00+00:00,21667.75,21667.75,21661.75,21666.05,233,150,0
2025-06-19 07:55:00+00:00,21666.35,21671.65,21665.05,21667.45,207,150,0
2025-06-19 08:00:00+00:00,21667.55,21667.85,21657.45,21661.65,314,160,0
2025-06-19 08:05:00+00:00,21661.95,21663.85,21658.55,21658.55,211,160,0
2025-06-19 08:10:00+00:00,21658.25,21659.15,21647.75,21651.15,336,160,0
2025-06-19 08:15:00+00:00,21651.25,21658.25,21651.25,21655.55,299,160,0
2025-06-19 08:20:00+00:00,21655.85,21657.75,21651.15,21654.15,222,160,0
2025-06-19 08:25:00+00:00,21654.05,21656.55,21644.55,21645.65,275,150,0
2025-06-19 08:30:00+00:00,21645.75,21649.25,21638.95,21643.45,342,170,0
2025-06-19 08:35:00+00:00,21643.65,21646.65,21641.05,21643.75,241,160,0
2025-06-19 08:40:00+00:00,21643.55,21648.65,21641.35,21644.95,286,160,0
2025-06-19 08:45:00+00:00,21644.75,21645.75,21630.45,21634.15,348,170,0
2025-06-19 08:50:00+00:00,21634.15,21637.45,21630.95,21632.45,350,180,0
2025-06-19 08:55:00+00:00,21632.65,21632.75,21617.15,21620.75,540,180,0
2025-06-19 09:00:00+00:00,21620.65,21643.65,21618.25,21638.85,716,210,0
2025-06-19 09:05:00+00:00,21638.65,21640.15,21614.55,21616.85,612,210,0
2025-06-19 09:10:00+00:00,21616.85,21622.35,21611.35,21612.65,577,200,0
2025-06-19 09:15:00+00:00,21612.85,21630.05,21612.35,21624.05,526,200,0
2025-06-19 09:20:00+00:00,21623.75,21624.25,21609.95,21613.45,531,200,0
2025-06-19 09:25:00+00:00,21612.55,21617.85,21609.85,21616.85,495,190,0
2025-06-19 09:30:00+00:00,21617.15,21622.05,21603.55,21609.15,810,190,0
2025-06-19 09:35:00+00:00,21608.85,21619.05,21600.65,21617.65,635,210,0
2025-06-19 09:40:00+00:00,21617.65,21619.85,21603.75,21612.35,483,210,0
2025-06-19 09:45:00+00:00,21612.55,21615.15,21591.05,21592.75,457,200,0
2025-06-19 09:50:00+00:00,21592.75,21606.75,21587.35,21606.65,643,210,0
2025-06-19 09:55:00+00:00,21606.55,21620.95,21606.55,21620.75,540,190,0
2025-06-19 10:00:00+00:00,21620.75,21640.25,21618.75,21636.15,1000,190,0
2025-06-19 10:05:00+00:00,21635.75,21638.15,21614.25,21615.65,851,200,0
2025-06-19 10:10:00+00:00,21615.75,21630.75,21615.25,21622.15,786,210,0
2025-06-19 10:15:00+00:00,21622.65,21624.65,21604.35,21610.15,746,210,0
2025-06-19 10:20:00+00:00,21609.85,21610.65,21578.05,21580.75,920,210,0
2025-06-19 10:25:00+00:00,21580.75,21608.05,21576.65,21598.55,853,210,0
2025-06-19 10:30:00+00:00,21598.35,21608.15,21584.85,21584.85,926,210,0
2025-06-19 10:35:00+00:00,21585.25,21605.15,21584.65,21593.35,766,210,0
2025-06-19 10:40:00+00:00,21593.15,21594.75,21582.65,21585.65,738,200,0
2025-06-19 10:45:00+00:00,21586.55,21586.65,21572.85,21586.15,783,200,0
2025-06-19 10:50:00+00:00,21586.35,21592.05,21580.25,21585.65,796,200,0
2025-06-19 10:55:00+00:00,21585.35,21586.25,21552.25,21564.55,926,210,0
2025-06-19 11:00:00+00:00,21564.35,21601.65,21564.35,21595.35,922,210,0
2025-06-19 11:05:00+00:00,21595.25,21602.85,21578.25,21602.85,804,210,0
2025-06-19 11:10:00+00:00,21602.85,21608.75,21586.05,21586.55,703,200,0
2025-06-19 11:15:00+00:00,21585.55,21591.35,21581.05,21584.05,655,200,0
2025-06-19 11:20:00+00:00,21583.45,21595.55,21582.15,21588.85,580,190,0
2025-06-19 11:25:00+00:00,21588.65,21593.35,21585.85,21591.65,536,190,0
2025-06-19 11:30:00+00:00,21591.65,21598.95,21588.35,21592.85,570,190,0
2025-06-19 11:35:00+00:00,21592.85,21595.35,21589.05,21592.65,513,190,0
2025-06-19 11:40:00+00:00,21592.15,21598.05,21579.15,21590.55,625,190,0
2025-06-19 11:45:00+00:00,21590.65,21597.95,21588.75,21597.45,479,190,0
2025-06-19 11:50:00+00:00,21597.65,21601.35,21594.25,21598.35,577,190,0
2025-06-19 11:55:00+00:00,21598.05,21599.65,21595.75,21596.05,359,160,0
2025-06-19 12:00:00+00:00,21596.15,21608.95,21594.85,21605.95,554,160,0
2025-06-19 12:05:00+00:00,21605.95,21605.95,21595.75,21602.35,407,170,0
2025-06-19 12:10:00+00:00,21600.95,21602.85,21595.45,21600.15,460,190,0
2025-06-19 12:15:00+00:00,21600.25,21602.95,21593.35,21595.85,482,190,0
2025-06-19 12:20:00+00:00,21596.05,21617.85,21595.85,21617.35,514,190,0
2025-06-19 12:25:00+00:00,21617.35,21618.55,21607.65,21609.55,438,180,0
2025-06-19 12:30:00+00:00,21609.65,21612.65,21605.65,21610.25,392,180,0
2025-06-19 12:35:00+00:00,21609.65,21616.25,21603.55,21607.95,397,170,0
2025-06-19 12:40:00+00:00,21608.15,21614.35,21605.15,21613.15,396,180,0
2025-06-19 12:45:00+00:00,21612.85,21619.95,21612.65,21613.15,376,180,0
2025-06-19 12:50:00+00:00,21613.25,21613.25,21601.75,21602.55,377,180,0
2025-06-19 12:55:00+00:00,21602.75,21602.75,21595.35,21601.55,420,170,0
2025-06-19 13:00:00+00:00,21601.55,21609.65,21597.25,21605.65,516,170,0
2025-06-19 13:05:00+00:00,21605.65,21605.95,21591.25,21592.95,421,190,0
2025-06-19 13:10:00+00:00,21592.85,21593.25,21582.15,21584.35,405,150,0
2025-06-19 13:15:00+00:00,21584.25,21590.05,21581.15,21585.85,488,190,0
2025-06-19 13:20:00+00:00,21585.65,21604.55,21585.65,21599.65,581,180,0
2025-06-19 13:25:00+00:00,21599.45,21603.65,21593.75,21594.25,440,170,0
2025-06-19 13:30:00+00:00,21594.15,21602.85,21594.15,21600.35,471,180,0
2025-06-19 13:35:00+00:00,21600.15,21604.15,21598.15,21602.65,376,180,0
2025-06-19 13:40:00+00:00,21602.95,21608.45,21601.75,21604.05,281,170,0
2025-06-19 13:45:00+00:00,21604.25,21604.25,21597.05,21597.75,330,160,0
2025-06-19 13:50:00+00:00,21597.85,21615.85,21597.75,21615.85,605,170,0
2025-06-19 13:55:00+00:00,21615.85,21625.15,21613.95,21614.85,504,190,0
2025-06-19 14:00:00+00:00,21614.85,21616.85,21600.85,21604.55,621,200,0
2025-06-19 14:05:00+00:00,21604.25,21606.65,21580.85,21585.85,652,190,0
2025-06-19 14:10:00+00:00,21585.65,21587.55,21564.85,21565.15,758,200,0
2025-06-19 14:15:00+00:00,21564.65,21578.25,21556.05,21575.65,784,200,0
2025-06-19 14:20:00+00:00,21575.55,21581.15,21572.75,21579.35,488,190,0
2025-06-19 14:25:00+00:00,21579.65,21583.85,21576.45,21578.65,497,190,0
2025-06-19 14:30:00+00:00,21578.85,21582.85,21573.25,21573.25,421,180,0
2025-06-19 14:35:00+00:00,21573.45,21583.65,21570.85,21579.55,576,190,0
2025-06-19 14:40:00+00:00,21579.85,21582.35,21572.75,21577.45,450,180,0
2025-06-19 14:45:00+00:00,21578.65,21579.75,21570.25,21578.75,457,180,0
2025-06-19 14:50:00+00:00,21578.45,21592.85,21574.85,21589.65,614,190,0
2025-06-19 14:55:00+00:00,21589.45,21594.65,21581.75,21583.25,562,190,0
2025-06-19 15:00:00+00:00,21583.35,21588.15,21564.65,21565.45,627,190,0
2025-06-19 15:05:00+00:00,21565.45,21571.45,21559.55,21565.65,667,200,0
2025-06-19 15:10:00+00:00,21565.55,21593.55,21565.45,21591.85,525,170,0
2025-06-19 15:15:00+00:00,21592.15,21592.75,21564.65,21569.75,788,210,0
2025-06-19 15:20:00+00:00,21569.55,21582.85,21569.25,21581.45,494,190,0
2025-06-19 15:25:00+00:00,21581.15,21581.15,21572.75,21574.05,424,170,0
2025-06-19 15:30:00+00:00,21574.25,21582.05,21560.05,21560.35,540,170,0
2025-06-19 15:35:00+00:00,21560.45,21569.15,21556.65,21562.95,587,190,0
2025-06-19 15:40:00+00:00,21562.75,21564.35,21544.35,21546.75,728,190,0
2025-06-19 15:45:00+00:00,21546.85,21546.85,21520.25,21521.15,1051,210,0
2025-06-19 15:50:00+00:00,21521.25,21535.55,21514.25,21530.75,954,210,0
2025-06-19 15:55:00+00:00,21530.65,21537.35,21523.65,21533.05,681,200,0
2025-06-19 16:00:00+00:00,21531.95,21539.35,21520.65,21522.75,757,200,0
2025-06-19 16:05:00+00:00,21522.55,21542.65,21507.05,21528.65,942,210,0
2025-06-19 16:10:00+00:00,21527.65,21539.35,21526.05,21539.25,690,210,0
2025-06-19 16:15:00+00:00,21539.05,21544.15,21536.55,21540.85,621,200,0
2025-06-19 16:20:00+00:00,21540.45,21550.05,21536.15,21547.95,725,200,0
2025-06-19 16:25:00+00:00,21547.85,21555.25,21546.95,21553.15,474,180,0
2025-06-19 16:30:00+00:00,21553.45,21556.15,21524.85,21525.55,1192,80,0
2025-06-19 16:35:00+00:00,21524.85,21525.35,21492.15,21503.35,1287,90,0
2025-06-19 16:40:00+00:00,21503.65,21505.85,21488.45,21492.75,1114,90,0
2025-06-19 16:45:00+00:00,21492.15,21497.35,21421.45,21450.35,1399,90,0
2025-06-19 16:50:00+00:00,21449.95,21460.25,21436.35,21454.55,1208,120,0
2025-06-19 16:55:00+00:00,21454.75,21472.65,21451.85,21454.65,1204,90,0
2025-06-19 17:00:00+00:00,21454.65,21469.75,21442.55,21464.05,1178,110,0
2025-06-19 17:05:00+00:00,21464.55,21479.15,21464.55,21473.45,1121,80,0
2025-06-19 17:10:00+00:00,21473.65,21484.55,21473.05,21479.15,775,80,0
2025-06-19 17:15:00+00:00,21479.25,21487.45,21477.15,21477.95,829,80,0
2025-06-19 17:20:00+00:00,21478.05,21489.75,21468.65,21486.75,1025,80,0
2025-06-19 17:25:00+00:00,21487.15,21498.95,21486.25,21486.95,804,80,0
2025-06-19 17:30:00+00:00,21487.15,21492.05,21460.05,21461.45,989,80,0
2025-06-19 17:35:00+00:00,21462.25,21487.15,21454.25,21482.25,1010,80,0
2025-06-19 17:40:00+00:00,21481.85,21488.25,21448.25,21451.35,1033,90,0
2025-06-19 17:45:00+00:00,21451.35,21477.15,21449.95,21466.75,995,80,0
2025-06-19 17:50:00+00:00,21466.65,21492.05,21465.95,21486.55,776,80,0
2025-06-19 17:55:00+00:00,21486.45,21502.15,21486.25,21496.05,865,80,0
2025-06-19 18:00:00+00:00,21496.65,21506.25,21488.55,21495.15,784,80,0
2025-06-19 18:05:00+00:00,21495.25,21501.05,21472.75,21472.95,880,80,0
2025-06-19 18:10:00+00:00,21473.25,21509.95,21471.85,21495.05,1036,80,0
2025-06-19 18:15:00+00:00,21495.45,21505.15,21489.65,21504.95,833,80,0
2025-06-19 18:20:00+00:00,21504.95,21505.15,21476.75,21481.15,921,80,0
2025-06-19 18:25:00+00:00,21481.25,21491.45,21477.25,21490.05,897,80,0
2025-06-19 18:30:00+00:00,21488.55,21492.15,21474.05,21474.75,939,80,0
2025-06-19 18:35:00+00:00,21475.05,21475.05,21460.75,21473.25,1021,80,0
2025-06-19 18:40:00+00:00,21473.55,21483.95,21465.65,21483.65,977,80,0
2025-06-19 18:45:00+00:00,21483.45,21493.45,21483.45,21486.55,707,80,0
2025-06-19 18:50:00+00:00,21486.55,21487.55,21452.95,21466.75,985,80,0
2025-06-19 18:55:00+00:00,21466.55,21479.25,21446.75,21450.75,1228,80,0
2025-06-19 19:00:00+00:00,21450.75,21471.75,21448.35,21470.95,826,80,0
2025-06-19 19:05:00+00:00,21471.05,21486.55,21470.65,21481.65,740,80,0
2025-06-19 19:10:00+00:00,21481.75,21486.15,21479.55,21483.95,520,80,0
2025-06-19 19:15:00+00:00,21484.05,21490.05,21483.15,21488.65,450,80,0
2025-06-19 19:20:00+00:00,21488.45,21500.75,21486.65,21500.65,576,80,0
2025-06-19 19:25:00+00:00,21500.95,21504.95,21497.15,21504.45,447,80,0
2025-06-19 19:30:00+00:00,21504.95,21511.65,21491.75,21509.45,570,80,0
2025-06-19 19:35:00+00:00,21509.75,21510.65,21494.25,21497.75,727,80,0
2025-06-19 19:40:00+00:00,21498.15,21503.25,21493.15,21499.25,642,80,0
2025-06-19 19:45:00+00:00,21499.55,21502.55,21485.65,21495.05,913,80,0
2025-06-19 19:50:00+00:00,21495.95,21505.55,21487.25,21490.05,752,80,0
2025-06-19 19:55:00+00:00,21489.65,21491.05,21461.35,21468.25,973,80,0
2025-06-20 01:05:00+00:00,21602.76,21607.96,21588.86,21593.66,797,228,0
2025-06-20 01:10:00+00:00,21593.46,21622.36,21590.76,21599.66,815,228,0
2025-06-20 01:15:00+00:00,21599.36,21612.06,21598.96,21610.76,494,218,0
2025-06-20 01:20:00+00:00,21610.66,21616.16,21598.96,21600.26,550,198,0
2025-06-20 01:25:00+00:00,21600.16,21619.56,21599.36,21617.56,410,218,0
2025-06-20 01:30:00+00:00,21618.06,21642.66,21610.96,21640.86,810,218,0
2025-06-20 01:35:00+00:00,21640.46,21660.86,21635.76,21650.36,861,228,0
2025-06-20 01:40:00+00:00,21650.26,21683.66,21648.16,21668.66,955,228,0
2025-06-20 01:45:00+00:00,21668.46,21695.16,21664.36,21679.46,845,228,0
2025-06-20 01:50:00+00:00,21679.46,21682.96,21658.16,21664.46,797,228,0
2025-06-20 01:55:00+00:00,21664.16,21671.36,21659.66,21663.26,572,228,0
2025-06-20 02:00:00+00:00,21663.46,21673.85,21646.45,21653.05,673,210,0
2025-06-20 02:05:00+00:00,21652.35,21657.45,21646.15,21647.85,516,200,0
2025-06-20 02:10:00+00:00,21647.65,21653.35,21641.85,21645.85,546,200,0
2025-06-20 02:15:00+00:00,21645.35,21663.25,21645.05,21661.95,525,210,0
2025-06-20 02:20:00+00:00,21662.05,21672.95,21656.05,21656.25,588,200,0
2025-06-20 02:25:00+00:00,21655.75,21657.75,21640.35,21644.55,571,210,0
2025-06-20 02:30:00+00:00,21645.25,21656.55,21641.55,21655.15,381,190,0
2025-06-20 02:35:00+00:00,21655.25,21657.05,21644.75,21655.95,362,190,0
2025-06-20 02:40:00+00:00,21656.05,21671.05,21655.65,21667.35,404,190,0
2025-06-20 02:45:00+00:00,21667.25,21670.85,21645.85,21647.65,458,200,0
2025-06-20 02:50:00+00:00,21648.35,21662.95,21647.75,21656.35,468,200,0
2025-06-20 02:55:00+00:00,21656.35,21660.35,21652.85,21656.45,332,180,0
2025-06-20 03:00:00+00:00,21656.95,21667.45,21656.95,21659.75,737,180,0
2025-06-20 03:05:00+00:00,21659.75,21682.35,21649.85,21682.35,679,210,0
2025-06-20 03:10:00+00:00,21682.05,21694.75,21671.05,21686.25,762,210,0
2025-06-20 03:15:00+00:00,21686.85,21688.55,21666.45,21673.25,705,210,0
2025-06-20 03:20:00+00:00,21673.05,21693.95,21669.55,21686.05,645,210,0
2025-06-20 03:25:00+00:00,21685.75,21687.35,21681.25,21681.75,348,180,0
2025-06-20 03:30:00+00:00,21681.85,21685.15,21674.45,21676.55,555,170,0
2025-06-20 03:35:00+00:00,21676.25,21684.55,21670.55,21671.25,449,190,0
2025-06-20 03:40:00+00:00,21670.85,21674.05,21663.35,21667.85,519,190,0
2025-06-20 03:45:00+00:00,21668.05,21679.35,21665.35,21667.95,602,190,0
2025-06-20 03:50:00+00:00,21668.05,21670.85,21655.05,21655.55,575,200,0
2025-06-20 03:55:00+00:00,21655.35,21671.45,21653.15,21656.75,576,200,0
2025-06-20 04:00:00+00:00,21657.45,21663.95,21653.85,21654.75,615,200,0
2025-06-20 04:05:00+00:00,21655.05,21655.25,21630.45,21631.35,808,200,0
2025-06-20 04:10:00+00:00,21631.45,21632.75,21616.75,21629.55,773,210,0
2025-06-20 04:15:00+00:00,21628.45,21651.75,21627.55,21650.85,699,200,0
2025-06-20 04:20:00+00:00,21651.15,21654.35,21641.05,21641.05,551,190,0
2025-06-20 04:25:00+00:00,21641.05,21650.15,21633.75,21637.75,550,190,0
2025-06-20 04:30:00+00:00,21638.55,21642.75,21628.45,21631.95,559,200,0
2025-06-20 04:35:00+00:00,21631.95,21635.85,21618.35,21633.05,725,210,0
2025-06-20 04:40:00+00:00,21633.55,21646.85,21631.85,21636.75,549,200,0
2025-06-20 04:45:00+00:00,21636.75,21644.55,21631.95,21633.45,529,200,0
2025-06-20 04:50:00+00:00,21633.25,21646.85,21632.95,21641.05,510,200,0
2025-06-20 04:55:00+00:00,21640.85,21651.55,21640.35,21644.65,437,190,0
2025-06-20 05:00:00+00:00,21644.65,21647.05,21636.95,21643.75,455,180,0
2025-06-20 05:05:00+00:00,21643.85,21652.95,21642.85,21651.65,447,180,0
2025-06-20 05:10:00+00:00,21651.45,21653.95,21645.65,21647.45,411,180,0
2025-06-20 05:15:00+00:00,21647.65,21655.65,21646.15,21650.35,345,160,0
2025-06-20 05:20:00+00:00,21650.15,21659.95,21648.75,21658.95,418,180,0
2025-06-20 05:25:00+00:00,21659.25,21661.15,21656.05,21657.85,293,160,0
2025-06-20 05:30:00+00:00,21658.05,21672.25,21657.45,21671.45,389,160,0
2025-06-20 05:35:00+00:00,21671.25,21672.75,21666.55,21668.05,351,160,0
2025-06-20 05:40:00+00:00,21668.55,21669.75,21660.65,21662.65,317,160,0
2025-06-20 05:45:00+00:00,21662.75,21666.65,21658.15,21665.75,298,170,0
2025-06-20 05:50:00+00:00,21665.65,21667.45,21663.35,21664.95,240,170,0
2025-06-20 05:55:00+00:00,21664.55,21665.75,21658.35,21662.05,229,150,0
2025-06-20 06:00:00+00:00,21662.05,21662.95,21652.95,21657.25,314,170,0
2025-06-20 06:05:00+00:00,21657.35,21659.75,21654.45,21654.75,252,170,0
2025-06-20 06:10:00+00:00,21655.05,21664.15,21654.75,21663.85,275,160,0
2025-06-20 06:15:00+00:00,21663.95,21667.95,21653.05,21664.55,408,160,0
2025-06-20 06:20:00+00:00,21664.25,21677.45,21663.65,21671.55,388,190,0
2025-06-20 06:25:00+00:00,21671.55,21677.05,21671.15,21675.25,315,180,0
2025-06-20 06:30:00+00:00,21674.75,21679.15,21671.75,21674.65,356,160,0
2025-06-20 06:35:00+00:00,21674.85,21680.75,21672.65,21677.05,382,170,0
2025-06-20 06:40:00+00:00,21677.15,21679.25,21673.15,21674.45,291,170,0
2025-06-20 06:45:00+00:00,21675.25,21680.85,21674.65,21679.75,307,170,0
2025-06-20 06:50:00+00:00,21679.75,21679.75,21670.65,21673.65,305,160,0
2025-06-20 06:55:00+00:00,21673.25,21675.45,21667.75,21669.85,283,160,0
2025-06-20 07:00:00+00:00,21669.85,21673.95,21669.05,21669.05,249,160,0
2025-06-20 07:05:00+00:00,21669.35,21673.35,21668.35,21670.05,265,160,0
2025-06-20 07:10:00+00:00,21670.35,21671.45,21664.35,21666.55,261,160,0
2025-06-20 07:15:00+00:00,21666.85,21676.35,21665.35,21672.35,322,160,0
2025-06-20 07:20:00+00:00,21672.15,21675.15,21670.45,21674.85,238,150,0
2025-06-20 07:25:00+00:00,21675.05,21675.35,21672.85,21674.25,210,150,0
2025-06-20 07:30:00+00:00,21674.25,21677.15,21672.85,21675.65,218,150,0
2025-06-20 07:35:00+00:00,21675.75,21679.25,21675.65,21678.15,211,150,0
2025-06-20 07:40:00+00:00,21677.85,21679.25,21675.25,21678.55,185,150,0
2025-06-20 07:45:00+00:00,21678.15,21682.75,21677.85,21682.25,204,150,0
2025-06-20 07:50:00+00:00,21682.25,21690.05,21681.85,21687.55,292,150,0
2025-06-20 07:55:00+00:00,21687.25,21687.95,21677.05,21677.85,296,150,0
2025-06-20 08:00:00+00:00,21677.85,21680.55,21672.05,21673.65,417,160,0
2025-06-20 08:05:00+00:00,21673.55,21678.05,21669.25,21674.55,325,160,0
2025-06-20 08:10:00+00:00,21674.65,21676.55,21664.65,21665.55,374,170,0
2025-06-20 08:15:00+00:00,21665.65,21670.45,21663.75,21667.15,357,170,0
2025-06-20 08:20:00+00:00,21666.65,21672.05,21664.25,21668.45,329,160,0
2025-06-20 08:25:00+00:00,21668.35,21668.75,21660.05,21664.95,407,170,0
2025-06-20 08:30:00+00:00,21665.05,21670.45,21660.15,21662.95,420,170,0
2025-06-20 08:35:00+00:00,21663.15,21667.25,21661.75,21664.15,320,180,0
2025-06-20 08:40:00+00:00,21663.95,21672.95,21662.35,21669.95,382,160,0
2025-06-20 08:45:00+00:00,21670.05,21677.65,21670.05,21676.65,310,170,0
2025-06-20 08:50:00+00:00,21676.55,21691.15,21676.25,21685.75,444,160,0
2025-06-20 08:55:00+00:00,21686.25,21692.65,21685.05,21691.75,451,180,0
2025-06-20 09:00:00+00:00,21691.85,21698.75,21685.85,21694.75,753,180,0
2025-06-20 09:05:00+00:00,21694.45,21703.45,21693.95,21701.95,618,210,0
2025-06-20 09:10:00+00:00,21701.85,21703.45,21696.65,21702.25,444,180,0
2025-06-20 09:15:00+00:00,21702.45,21704.15,21695.75,21696.95,396,170,0
2025-06-20 09:20:00+00:00,21698.45,21709.65,21695.35,21706.65,485,180,0
2025-06-20 09:25:00+00:00,21706.35,21713.65,21701.35,21703.45,559,190,0
2025-06-20 09:30:00+00:00,21703.95,21704.45,21691.25,21692.25,644,200,0
2025-06-20 09:35:00+00:00,21692.25,21694.35,21688.15,21688.25,473,170,0
2025-06-20 09:40:00+00:00,21688.25,21696.95,21684.95,21694.25,491,170,0
2025-06-20 09:45:00+00:00,21693.95,21693.95,21674.85,21676.35,505,200,0
2025-06-20 09:50:00+00:00,21676.45,21681.75,21670.95,21680.05,579,180,0
2025-06-20 09:55:00+00:00,21680.15,21686.65,21674.85,21679.25,704,180,0
2025-06-20 10:00:00+00:00,21679.65,21684.25,21669.15,21669.35,923,190,0
2025-06-20 10:05:00+00:00,21669.15,21676.85,21665.95,21674.65,797,200,0
2025-06-20 10:10:00+00:00,21674.35,21678.95,21668.45,21673.65,654,200,0
2025-06-20 10:15:00+00:00,21673.65,21682.65,21670.05,21681.35,650,200,0
2025-06-20 10:20:00+00:00,21681.15,21692.45,21679.85,21686.25,629,190,0
2025-06-20 10:25:00+00:00,21686.15,21692.75,21682.55,21687.45,495,180,0
2025-06-20 10:30:00+00:00,21687.35,21695.05,21682.45,21682.75,551,180,0
2025-06-20 10:35:00+00:00,21682.65,21690.15,21679.45,21684.65,598,190,0
2025-06-20 10:40:00+00:00,21684.25,21688.75,21679.15,21686.55,526,190,0
2025-06-20 10:45:00+00:00,21686.65,21697.45,21680.45,21693.65,506,190,0
2025-06-20 10:50:00+00:00,21693.95,21704.55,21691.55,21695.25,556,190,0
2025-06-20 10:55:00+00:00,21695.25,21700.95,21694.25,21697.75,456,170,0
2025-06-20 11:00:00+00:00,21698.85,21712.75,21691.85,21701.65,914,180,0
2025-06-20 11:05:00+00:00,21701.65,21714.95,21701.65,21711.05,750,210,0
2025-06-20 11:10:00+00:00,21710.55,21721.95,21710.45,21714.75,667,200,0
2025-06-20 11:15:00+00:00,21713.95,21719.15,21699.45,21699.95,668,200,0
2025-06-20 11:20:00+00:00,21699.95,21701.95,21694.15,21698.55,488,180,0
2025-06-20 11:25:00+00:00,21698.35,21698.85,21683.75,21687.65,530,180,0
2025-06-20 11:30:00+00:00,21687.45,21687.95,21676.45,21679.65,688,200,0
2025-06-20 11:35:00+00:00,21680.65,21686.35,21673.45,21674.15,592,200,0
2025-06-20 11:40:00+00:00,21674.25,21675.25,21664.45,21665.35,590,190,0
2025-06-20 11:45:00+00:00,21665.45,21667.25,21656.45,21658.85,679,200,0
2025-06-20 11:50:00+00:00,21658.65,21658.65,21639.15,21648.65,791,200,0
2025-06-20 11:55:00+00:00,21648.65,21649.85,21632.35,21638.15,743,200,0
2025-06-20 12:00:00+00:00,21638.15,21647.55,21636.65,21641.95,758,200,0
2025-06-20 12:05:00+00:00,21641.85,21659.95,21641.05,21659.25,661,200,0
2025-06-20 12:10:00+00:00,21659.45,21666.55,21654.45,21666.25,587,190,0
2025-06-20 12:15:00+00:00,21666.05,21675.45,21665.15,21669.75,509,180,0
2025-06-20 12:20:00+00:00,21670.25,21673.85,21666.85,21667.75,410,180,0
2025-06-20 12:25:00+00:00,21667.85,21668.85,21658.55,21658.65,488,180,0
2025-06-20 12:30:00+00:00,21658.75,21664.55,21651.95,21653.25,491,190,0
2025-06-20 12:35:00+00:00,21653.45,21657.45,21650.45,21655.45,467,190,0
2025-06-20 12:40:00+00:00,21655.45,21664.95,21654.75,21664.95,398,190,0
2025-06-20 12:45:00+00:00,21665.15,21666.35,21656.25,21663.15,454,180,0
2025-06-20 12:50:00+00:00,21660.95,21678.95,21657.45,21673.05,735,190,0
2025-06-20 12:55:00+00:00,21673.15,21680.35,21671.45,21672.75,628,180,0
2025-06-20 13:00:00+00:00,21672.75,21682.25,21667.85,21671.45,550,190,0
2025-06-20 13:05:00+00:00,21671.65,21674.25,21665.25,21669.05,515,190,0
2025-06-20 13:10:00+00:00,21668.95,21676.25,21665.75,21665.95,500,190,0
2025-06-20 13:15:00+00:00,21665.85,21666.45,21656.05,21661.95,599,190,0
2025-06-20 13:20:00+00:00,21662.05,21664.55,21655.85,21660.05,402,180,0
2025-06-20 13:25:00+00:00,21659.65,21664.25,21657.55,21660.55,411,180,0
2025-06-20 13:30:00+00:00,21660.45,21671.55,21656.05,21670.35,523,180,0
2025-06-20 13:35:00+00:00,21670.75,21679.85,21667.95,21676.65,582,190,0
2025-06-20 13:40:00+00:00,21676.85,21676.95,21671.35,21673.65,388,170,0
2025-06-20 13:45:00+00:00,21673.25,21679.45,21670.55,21674.95,416,170,0
2025-06-20 13:50:00+00:00,21674.95,21678.05,21662.95,21677.95,526,190,0
2025-06-20 13:55:00+00:00,21677.75,21682.75,21671.45,21671.85,571,190,0
2025-06-20 14:00:00+00:00,21670.35,21681.45,21668.95,21680.55,773,200,0
2025-06-20 14:05:00+00:00,21680.15,21690.65,21677.95,21686.65,670,210,0
2025-06-20 14:10:00+00:00,21686.95,21688.45,21678.55,21679.05,455,190,0
2025-06-20 14:15:00+00:00,21679.45,21691.55,21676.55,21684.25,512,190,0
2025-06-20 14:20:00+00:00,21684.25,21691.95,21678.65,21680.45,588,200,0
2025-06-20 14:25:00+00:00,21680.45,21683.95,21678.75,21680.25,420,190,0
2025-06-20 14:30:00+00:00,21680.45,21689.05,21675.05,21688.75,486,190,0
2025-06-20 14:35:00+00:00,21688.75,21702.55,21688.65,21699.75,541,190,0
2025-06-20 14:40:00+00:00,21700.05,21739.45,21700.05,21739.15,508,180,0
2025-06-20 14:45:00+00:00,21746.85,21778.65,21733.55,21765.95,1454,210,0
2025-06-20 14:50:00+00:00,21765.65,21769.15,21750.35,21760.35,1109,210,0
2025-06-20 14:55:00+00:00,21760.85,21764.45,21737.35,21740.35,999,210,0
2025-06-20 15:00:00+00:00,21740.85,21759.55,21738.35,21758.65,1014,210,0
2025-06-20 15:05:00+00:00,21758.95,21763.85,21744.15,21751.45,958,210,0
2025-06-20 15:10:00+00:00,21751.55,21762.95,21749.65,21757.35,807,210,0
2025-06-20 15:15:00+00:00,21757.15,21768.35,21752.35,21766.15,748,200,0
2025-06-20 15:20:00+00:00,21765.95,21769.15,21748.35,21749.35,842,210,0
2025-06-20 15:25:00+00:00,21749.15,21762.15,21745.95,21760.05,757,210,0
2025-06-20 15:30:00+00:00,21760.15,21789.55,21756.15,21788.35,1083,210,0
2025-06-20 15:35:00+00:00,21787.45,21788.35,21766.45,21781.65,1075,210,0
2025-06-20 15:40:00+00:00,21781.45,21787.65,21770.45,21783.05,904,210,0
2025-06-20 15:45:00+00:00,21783.15,21795.85,21782.95,21792.35,712,200,0
2025-06-20 15:50:00+00:00,21791.75,21802.15,21791.25,21800.75,767,190,0
2025-06-20 15:55:00+00:00,21800.95,21812.15,21794.45,21802.35,895,190,0
2025-06-20 16:00:00+00:00,21802.35,21814.15,21801.95,21807.15,883,210,0
2025-06-20 16:05:00+00:00,21807.05,21808.45,21799.85,21805.85,758,200,0
2025-06-20 16:10:00+00:00,21805.85,21810.65,21800.05,21806.65,706,200,0
2025-06-20 16:15:00+00:00,21806.25,21824.35,21798.45,21823.65,822,190,0
2025-06-20 16:20:00+00:00,21824.05,21836.85,21820.65,21829.95,888,200,0
2025-06-20 16:25:00+00:00,21829.75,21875.45,21816.95,21847.35,1367,200,0
2025-06-20 16:30:00+00:00,21847.15,21872.65,21813.35,21864.15,1635,120,0
2025-06-20 16:35:00+00:00,21862.75,21894.85,21857.75,21894.05,1543,120,0
2025-06-20 16:40:00+00:00,21895.35,21903.25,21872.65,21890.25,1516,120,0
2025-06-20 16:45:00+00:00,21892.15,21896.15,21837.35,21838.25,1506,120,0
2025-06-20 16:50:00+00:00,21838.65,21841.15,21806.35,21818.65,1507,120,0
2025-06-20 16:55:00+00:00,21819.15,21820.85,21784.15,21792.05,1487,120,0
2025-06-20 17:00:00+00:00,21791.05,21799.15,21776.55,21792.65,1478,120,0
2025-06-20 17:05:00+00:00,21792.85,21802.75,21750.65,21767.65,1496,120,0
2025-06-20 17:10:00+00:00,21767.65,21778.65,21748.35,21771.65,1476,120,0
2025-06-20 17:15:00+00:00,21771.15,21778.45,21743.65,21770.65,1464,120,0
2025-06-20 17:20:00+00:00,21770.85,21776.45,21688.65,21690.15,1501,120,0
2025-06-20 17:25:00+00:00,21687.15,21717.45,21664.05,21711.15,1557,120,0
2025-06-20 17:30:00+00:00,21710.65,21720.35,21692.65,21702.85,1471,120,0
2025-06-20 17:35:00+00:00,21703.15,21735.95,21700.45,21724.15,1437,120,0
2025-06-20 17:40:00+00:00,21722.65,21736.35,21642.65,21655.95,1581,120,0
2025-06-20 17:45:00+00:00,21654.95,21654.95,21619.15,21629.45,1566,120,0
2025-06-20 17:50:00+00:00,21628.65,21628.65,21577.35,21582.65,1553,120,0
2025-06-20 17:55:00+00:00,21582.45,21619.15,21578.05,21595.65,1473,120,0
2025-06-20 18:00:00+00:00,21596.45,21596.45,21552.55,21560.55,1503,120,0
2025-06-20 18:05:00+00:00,21560.15,21597.15,21555.45,21589.95,1459,120,0
2025-06-20 18:10:00+00:00,21589.95,21631.35,21586.45,21629.65,1451,120,0
2025-06-20 18:15:00+00:00,21630.05,21653.65,21623.65,21647.55,1372,120,0
2025-06-20 18:20:00+00:00,21648.15,21649.55,21622.05,21635.05,1398,110,0
2025-06-20 18:25:00+00:00,21636.65,21654.35,21631.15,21638.95,1333,110,0
2025-06-20 18:30:00+00:00,21637.45,21678.65,21635.45,21675.45,1372,100,0
2025-06-20 18:35:00+00:00,21675.05,21699.35,21671.55,21695.75,1317,100,0
2025-06-20 18:40:00+00:00,21695.65,21702.75,21683.05,21699.65,1298,90,0
2025-06-20 18:45:00+00:00,21699.55,21701.25,21677.45,21691.05,1303,90,0
2025-06-20 18:50:00+00:00,21690.85,21693.35,21636.75,21638.15,1352,90,0
2025-06-20 18:55:00+00:00,21638.25,21644.85,21622.15,21629.15,1394,110,0
2025-06-20 19:00:00+00:00,21629.95,21638.55,21623.45,21633.35,1344,120,0
2025-06-20 19:05:00+00:00,21633.45,21651.65,21628.85,21650.65,1325,110,0
2025-06-20 19:10:00+00:00,21650.45,21667.65,21633.45,21638.35,1322,110,0
2025-06-20 19:15:00+00:00,21637.55,21645.35,21615.35,21644.95,1332,110,0
2025-06-20 19:20:00+00:00,21645.55,21649.95,21623.55,21647.95,1266,120,0
2025-06-20 19:25:00+00:00,21647.95,21654.65,21632.65,21643.95,1242,110,0
2025-06-20 19:30:00+00:00,21644.45,21661.35,21642.35,21655.25,1221,100,0
2025-06-20 19:35:00+00:00,21654.95,21669.65,21650.75,21665.65,1188,80,0
2025-06-20 19:40:00+00:00,21665.35,21668.25,21639.45,21659.15,1248,80,0
2025-06-20 19:45:00+00:00,21658.75,21673.85,21648.75,21651.55,1250,100,0
2025-06-20 19:50:00+00:00,21651.65,21678.65,21649.65,21674.55,1256,90,0
2025-06-20 19:55:00+00:00,21674.65,21682.85,21650.35,21664.95,1192,80,0
2025-06-20 20:00:00+00:00,21664.95,21685.05,21645.85,21646.95,1310,110,0
2025-06-20 20:05:00+00:00,21646.75,21650.15,21630.05,21645.95,1235,100,0
2025-06-20 20:10:00+00:00,21645.75,21672.15,21638.85,21667.55,1139,100,0
2025-06-20 20:15:00+00:00,21667.45,21690.65,21640.15,21642.45,1250,90,0
2025-06-20 20:20:00+00:00,21642.15,21649.55,21626.15,21630.95,1285,100,0
2025-06-20 20:25:00+00:00,21629.75,21634.15,21575.95,21576.05,1368,100,0
2025-06-20 20:30:00+00:00,21577.15,21580.45,21560.85,21575.95,1390,120,0
2025-06-20 20:35:00+00:00,21575.95,21586.55,21546.15,21553.65,1378,120,0
2025-06-20 20:40:00+00:00,21553.65,21601.85,21552.45,21579.15,1307,110,0
2025-06-20 20:45:00+00:00,21578.45,21592.85,21577.45,21585.75,1197,100,0
2025-06-20 20:50:00+00:00,21585.75,21608.75,21585.25,21605.25,1229,100,0
2025-06-20 20:55:00+00:00,21604.95,21620.55,21603.95,21620.35,1167,80,0
2025-06-20 21:00:00+00:00,21620.35,21639.55,21614.25,21637.05,1271,80,0
2025-06-20 21:05:00+00:00,21636.75,21644.25,21630.45,21640.75,1188,80,0
2025-06-20 21:10:00+00:00,21640.85,21647.55,21637.85,21639.15,1071,80,0
2025-06-20 21:15:00+00:00,21639.05,21679.85,21638.65,21678.45,1203,80,0
2025-06-20 21:20:00+00:00,21680.55,21682.05,21664.85,21674.85,1233,90,0
2025-06-20 21:25:00+00:00,21674.75,21675.75,21656.35,21661.15,1144,80,0
2025-06-20 21:30:00+00:00,21661.85,21677.45,21655.85,21668.55,1191,80,0
2025-06-20 21:35:00+00:00,21668.65,21674.85,21651.65,21658.75,1142,80,0
2025-06-20 21:40:00+00:00,21658.75,21664.25,21645.75,21650.55,1148,80,0
2025-06-20 21:45:00+00:00,21650.65,21658.15,21642.55,21647.85,1101,80,0
2025-06-20 21:50:00+00:00,21647.85,21649.65,21633.75,21636.75,1105,80,0
2025-06-20 21:55:00+00:00,21636.85,21639.15,21588.55,21596.55,1366,80,0
2025-06-20 22:00:00+00:00,21596.55,21612.65,21585.65,21596.05,1387,120,0
2025-06-20 22:05:00+00:00,21595.55,21612.25,21587.05,21596.65,1231,120,0
2025-06-20 22:10:00+00:00,21597.05,21614.15,21591.35,21601.55,1171,100,0
2025-06-20 22:15:00+00:00,21601.55,21610.05,21593.25,21605.95,1152,90,0
2025-06-20 22:20:00+00:00,21606.45,21613.65,21593.65,21604.05,1157,90,0
2025-06-20 22:25:00+00:00,21603.35,21607.35,21583.55,21593.85,1178,100,0
2025-06-20 22:30:00+00:00,21593.75,21608.35,21593.65,21604.65,1220,90,0
2025-06-20 22:35:00+00:00,21604.35,21607.35,21587.55,21587.55,1229,100,0
2025-06-20 22:40:00+00:00,21587.55,21602.55,21583.05,21598.35,1182,100,0
2025-06-20 22:45:00+00:00,21598.55,21600.45,21587.15,21587.95,1234,90,0
2025-06-20 22:50:00+00:00,21581.85,21613.05,21581.85,21600.75,1429,90,0
2025-06-20 22:55:00+00:00,21600.55,21639.05,21600.55,21622.55,1466,120,0
2025-06-20 23:00:00+00:00,21622.86,21690.46,21622.36,21654.66,1362,138,0
2025-06-20 23:05:00+00:00,21654.26,21659.76,21640.86,21643.86,943,228,0
2025-06-20 23:10:00+00:00,21644.46,21647.36,21630.76,21641.26,913,228,0
2025-06-20 23:15:00+00:00,21641.46,21644.76,21633.96,21634.56,584,218,0
2025-06-20 23:20:00+00:00,21634.66,21640.16,21628.76,21633.26,523,208,0
2025-06-20 23:25:00+00:00,21633.06,21643.26,21632.36,21640.36,477,198,0
2025-06-20 23:30:00+00:00,21640.56,21648.86,21636.26,21645.06,549,208,0
2025-06-20 23:35:00+00:00,21645.36,21650.06,21645.26,21647.66,395,188,0
2025-06-20 23:40:00+00:00,21647.66,21651.66,21645.86,21651.46,366,178,0
2025-06-20 23:45:00+00:00,21651.16,21656.46,21651.16,21654.36,293,178,0
2025-06-23 01:05:00+00:00,21482.56,21518.86,21461.16,21511.16,1364,228,0
2025-06-23 01:10:00+00:00,21510.96,21528.46,21499.66,21503.36,1191,228,0
2025-06-23 01:15:00+00:00,21503.06,21519.06,21485.86,21506.46,960,228,0
2025-06-23 01:20:00+00:00,21506.96,21509.66,21489.96,21503.16,786,228,0
2025-06-23 01:25:00+00:00,21503.36,21535.16,21501.86,21521.96,948,228,0
2025-06-23 01:30:00+00:00,21521.86,21546.96,21521.86,21533.16,885,228,0
2025-06-23 01:35:00+00:00,21533.06,21567.86,21528.56,21567.16,816,228,0
2025-06-23 01:40:00+00:00,21566.86,21567.16,21535.66,21543.96,868,228,0
2025-06-23 01:45:00+00:00,21544.56,21545.96,21526.66,21530.86,598,228,0
2025-06-23 01:50:00+00:00,21530.86,21542.46,21527.96,21534.46,612,228,0
2025-06-23 01:55:00+00:00,21533.66,21557.56,21523.56,21542.96,769,228,0
2025-06-23 02:00:00+00:00,21543.06,21547.05,21528.55,21529.05,635,210,0
2025-06-23 02:05:00+00:00,21529.05,21539.45,21521.75,21523.95,648,210,0
2025-06-23 02:10:00+00:00,21522.25,21536.55,21519.15,21529.65,597,210,0
2025-06-23 02:15:00+00:00,21529.75,21536.25,21518.75,21530.95,537,210,0
2025-06-23 02:20:00+00:00,21530.95,21534.65,21512.95,21533.45,580,200,0
2025-06-23 02:25:00+00:00,21533.75,21545.55,21530.45,21540.55,557,200,0
2025-06-23 02:30:00+00:00,21540.25,21554.65,21533.15,21546.65,569,210,0
2025-06-23 02:35:00+00:00,21546.95,21546.95,21529.15,21530.05,521,210,0
2025-06-23 02:40:00+00:00,21529.95,21534.45,21529.15,21532.45,323,180,0
2025-06-23 02:45:00+00:00,21532.15,21541.05,21526.85,21539.05,438,170,0
2025-06-23 02:50:00+00:00,21539.45,21551.45,21539.25,21546.95,504,200,0
2025-06-23 02:55:00+00:00,21546.95,21548.55,21536.55,21544.95,457,190,0
2025-06-23 03:00:00+00:00,21545.25,21545.25,21508.05,21512.25,1009,200,0
2025-06-23 03:05:00+00:00,21512.55,21540.15,21497.05,21525.25,1057,210,0
2025-06-23 03:10:00+00:00,21524.25,21524.25,21509.95,21511.45,774,210,0
2025-06-23 03:15:00+00:00,21511.15,21514.15,21500.05,21503.95,745,200,0
2025-06-23 03:20:00+00:00,21503.95,21505.15,21491.75,21494.45,697,200,0
2025-06-23 03:25:00+00:00,21494.45,21506.65,21493.95,21503.05,676,200,0
2025-06-23 03:30:00+00:00,21502.05,21506.35,21495.55,21501.05,528,200,0
2025-06-23 03:35:00+00:00,21501.35,21513.75,21494.75,21512.05,614,200,0
2025-06-23 03:40:00+00:00,21511.75,21516.45,21507.65,21514.05,524,210,0
2025-06-23 03:45:00+00:00,21513.95,21518.55,21508.85,21511.85,510,190,0
2025-06-23 03:50:00+00:00,21511.75,21521.95,21506.85,21518.95,566,190,0
2025-06-23 03:55:00+00:00,21518.85,21521.05,21512.75,21515.65,491,190,0
2025-06-23 04:00:00+00:00,21515.85,21517.35,21502.75,21506.45,672,190,0
2025-06-23 04:05:00+00:00,21506.25,21523.75,21502.75,21522.15,539,200,0
2025-06-23 04:10:00+00:00,21523.25,21534.45,21519.75,21525.25,695,210,0
2025-06-23 04:15:00+00:00,21525.25,21526.65,21500.55,21501.25,620,190,0
2025-06-23 04:20:00+00:00,21501.15,21509.25,21499.65,21502.35,486,190,0
2025-06-23 04:25:00+00:00,21502.75,21507.85,21499.45,21501.45,462,180,0
2025-06-23 04:30:00+00:00,21501.65,21508.15,21497.15,21507.25,560,180,0
2025-06-23 04:35:00+00:00,21507.35,21509.75,21503.05,21508.25,477,180,0
2025-06-23 04:40:00+00:00,21508.35,21512.95,21505.35,21508.45,397,170,0
2025-06-23 04:45:00+00:00,21508.35,21515.75,21507.35,21512.85,402,170,0
2025-06-23 04:50:00+00:00,21512.95,21517.15,21510.85,21516.25,416,170,0
2025-06-23 04:55:00+00:00,21516.35,21524.35,21511.15,21523.55,480,160,0
2025-06-23 05:00:00+00:00,21524.05,21537.45,21521.65,21528.45,600,210,0
2025-06-23 05:05:00+00:00,21529.95,21532.55,21527.25,21531.65,405,180,0
2025-06-23 05:10:00+00:00,21531.85,21540.15,21530.85,21535.65,518,170,0
2025-06-23 05:15:00+00:00,21535.55,21541.65,21535.15,21541.65,365,170,0
2025-06-23 05:20:00+00:00,21542.15,21542.25,21534.45,21534.95,350,150,0
2025-06-23 05:25:00+00:00,21534.85,21539.95,21534.85,21539.45,313,150,0
2025-06-23 05:30:00+00:00,21539.45,21546.95,21536.95,21544.05,396,150,0
2025-06-23 05:35:00+00:00,21543.75,21550.85,21542.85,21550.25,375,160,0
2025-06-23 05:40:00+00:00,21550.15,21556.15,21547.85,21547.95,450,170,0
2025-06-23 05:45:00+00:00,21547.05,21547.05,21533.25,21534.75,427,170,0
2025-06-23 05:50:00+00:00,21534.75,21542.95,21533.55,21541.45,358,170,0
2025-06-23 05:55:00+00:00,21541.25,21545.25,21539.75,21543.45,304,160,0
2025-06-23 06:00:00+00:00,21541.15,21547.15,21540.15,21546.85,309,160,0
2025-06-23 06:05:00+00:00,21546.75,21553.25,21546.15,21548.95,355,150,0
2025-06-23 06:10:00+00:00,21549.25,21552.45,21541.55,21542.85,270,170,0
2025-06-23 06:15:00+00:00,21542.65,21552.65,21542.15,21547.75,322,160,0
2025-06-23 06:20:00+00:00,21547.85,21551.65,21543.95,21544.45,273,170,0
2025-06-23 06:25:00+00:00,21544.35,21546.35,21541.45,21545.65,299,160,0
2025-06-23 06:30:00+00:00,21545.65,21551.65,21544.65,21549.15,312,150,0
2025-06-23 06:35:00+00:00,21550.15,21553.05,21544.65,21550.65,289,160,0
2025-06-23 06:40:00+00:00,21550.45,21556.85,21550.45,21554.85,310,170,0
2025-06-23 06:45:00+00:00,21554.65,21555.75,21548.85,21549.25,294,170,0
2025-06-23 06:50:00+00:00,21548.85,21551.05,21542.45,21546.95,283,150,0
2025-06-23 06:55:00+00:00,21547.35,21551.45,21544.85,21551.45,273,150,0
2025-06-23 07:00:00+00:00,21551.65,21555.15,21548.95,21549.75,308,160,0
2025-06-23 07:05:00+00:00,21550.05,21550.65,21543.75,21548.25,326,160,0
2025-06-23 07:10:00+00:00,21548.15,21548.45,21542.45,21546.05,235,150,0
2025-06-23 07:15:00+00:00,21545.95,21551.55,21545.95,21551.45,227,150,0
2025-06-23 07:20:00+00:00,21551.75,21557.35,21551.45,21553.05,336,150,0
2025-06-23 07:25:00+00:00,21553.15,21555.75,21551.25,21551.55,211,150,0
2025-06-23 07:30:00+00:00,21551.75,21554.15,21546.95,21546.95,198,150,0
2025-06-23 07:35:00+00:00,21547.05,21550.95,21544.05,21550.65,228,150,0
2025-06-23 07:40:00+00:00,21550.45,21553.15,21548.05,21549.15,212,160,0
2025-06-23 07:45:00+00:00,21549.15,21550.45,21544.15,21544.75,208,150,0
2025-06-23 07:50:00+00:00,21544.45,21549.55,21543.75,21547.55,215,150,0
2025-06-23 07:55:00+00:00,21547.45,21549.75,21547.35,21549.35,150,150,0
2025-06-23 08:00:00+00:00,21549.05,21555.65,21548.55,21555.05,301,150,0
2025-06-23 08:05:00+00:00,21555.05,21577.45,21555.05,21573.25,627,160,0
2025-06-23 08:10:00+00:00,21573.55,21596.05,21572.65,21587.65,615,210,0
2025-06-23 08:15:00+00:00,21587.65,21599.35,21586.75,21588.35,535,200,0
2025-06-23 08:20:00+00:00,21588.45,21591.25,21577.55,21579.25,511,190,0
2025-06-23 08:25:00+00:00,21579.25,21586.55,21578.25,21583.05,418,180,0
2025-06-23 08:30:00+00:00,21583.15,21584.05,21576.45,21583.05,446,170,0
2025-06-23 08:35:00+00:00,21583.55,21586.25,21579.75,21581.55,392,180,0
2025-06-23 08:40:00+00:00,21581.35,21591.15,21579.65,21589.95,358,150,0
2025-06-23 08:45:00+00:00,21589.15,21591.85,21579.55,21583.95,435,160,0
2025-06-23 08:50:00+00:00,21583.85,21589.95,21574.75,21589.95,399,190,0
2025-06-23 08:55:00+00:00,21589.65,21594.35,21586.25,21593.75,463,190,0
2025-06-23 09:00:00+00:00,21593.75,21612.05,21591.05,21598.55,698,180,0
2025-06-23 09:05:00+00:00,21598.75,21606.15,21594.55,21597.75,555,190,0
2025-06-23 09:10:00+00:00,21597.25,21599.75,21590.05,21598.25,531,180,0
2025-06-23 09:15:00+00:00,21598.05,21601.65,21592.15,21592.85,441,180,0
2025-06-23 09:20:00+00:00,21592.75,21598.05,21587.15,21588.05,444,180,0
2025-06-23 09:25:00+00:00,21588.55,21594.55,21582.55,21594.05,490,190,0
2025-06-23 09:30:00+00:00,21593.85,21602.55,21593.75,21595.05,491,190,0
2025-06-23 09:35:00+00:00,21594.05,21599.75,21588.95,21597.55,366,180,0
2025-06-23 09:40:00+00:00,21597.65,21604.35,21595.05,21596.05,367,180,0
2025-06-23 09:45:00+00:00,21596.15,21603.45,21595.55,21603.45,335,170,0
2025-06-23 09:50:00+00:00,21603.25,21619.55,21602.75,21609.95,642,170,0
2025-06-23 09:55:00+00:00,21609.75,21611.45,21599.25,21603.45,581,200,0
2025-06-23 10:00:00+00:00,21603.95,21615.95,21603.85,21613.05,961,200,0
2025-06-23 10:05:00+00:00,21612.95,21628.15,21606.95,21628.15,896,200,0
2025-06-23 10:10:00+00:00,21628.45,21656.75,21627.45,21652.15,993,210,0
2025-06-23 10:15:00+00:00,21650.95,21652.45,21613.55,21615.45,958,210,0
2025-06-23 10:20:00+00:00,21615.25,21634.55,21611.05,21629.75,939,210,0
2025-06-23 10:25:00+00:00,21629.65,21637.95,21626.45,21635.25,713,200,0
2025-06-23 10:30:00+00:00,21636.45,21649.55,21631.25,21643.45,770,200,0
2025-06-23 10:35:00+00:00,21643.45,21678.95,21642.45,21675.45,922,210,0
2025-06-23 10:40:00+00:00,21675.45,21683.75,21660.95,21672.95,826,210,0
2025-06-23 10:45:00+00:00,21672.95,21677.65,21667.45,21673.15,637,210,0
2025-06-23 10:50:00+00:00,21673.45,21688.65,21673.45,21684.65,671,200,0
2025-06-23 10:55:00+00:00,21684.45,21688.75,21679.05,21680.55,532,190,0
2025-06-23 11:00:00+00:00,21681.55,21683.35,21663.65,21672.25,1017,200,0
2025-06-23 11:05:00+00:00,21672.15,21705.25,21667.55,21703.55,812,210,0
2025-06-23 11:10:00+00:00,21703.95,21728.25,21701.75,21702.15,1028,210,0
2025-06-23 11:15:00+00:00,21702.65,21705.15,21690.15,21691.45,766,210,0
2025-06-23 11:20:00+00:00,21691.55,21704.25,21689.85,21690.55,672,190,0
2025-06-23 11:25:00+00:00,21690.75,21695.95,21681.95,21693.55,661,200,0
2025-06-23 11:30:00+00:00,21692.95,21696.05,21686.05,21691.75,601,210,0
2025-06-23 11:35:00+00:00,21692.45,21701.25,21691.15,21696.75,561,190,0
2025-06-23 11:40:00+00:00,21697.15,21701.35,21688.35,21700.05,596,190,0
2025-06-23 11:45:00+00:00,21700.75,21702.85,21689.95,21690.25,550,200,0
2025-06-23 11:50:00+00:00,21689.95,21695.45,21681.85,21686.45,582,200,0
2025-06-23 11:55:00+00:00,21686.75,21698.05,21686.45,21691.45,535,200,0
2025-06-23 12:00:00+00:00,21691.25,21695.05,21683.65,21686.25,633,190,0
2025-06-23 12:05:00+00:00,21686.05,21686.65,21665.95,21668.05,777,200,0
2025-06-23 12:10:00+00:00,21667.95,21690.45,21666.25,21687.55,663,200,0
2025-06-23 12:15:00+00:00,21687.65,21709.75,21687.55,21709.75,694,190,0
2025-06-23 12:20:00+00:00,21709.65,21718.25,21690.25,21699.05,763,210,0
2025-06-23 12:25:00+00:00,21699.25,21699.25,21683.45,21684.25,586,200,0
2025-06-23 12:30:00+00:00,21683.95,21690.75,21680.85,21687.85,565,180,0
2025-06-23 12:35:00+00:00,21686.85,21687.35,21678.85,21679.55,459,180,0
2025-06-23 12:40:00+00:00,21679.45,21684.95,21678.15,21680.35,354,170,0
2025-06-23 12:45:00+00:00,21680.65,21685.65,21675.55,21680.15,441,170,0
2025-06-23 12:50:00+00:00,21680.45,21680.85,21675.85,21677.45,315,160,0
2025-06-23 12:55:00+00:00,21677.15,21678.15,21667.65,21667.85,354,160,0
2025-06-23 13:00:00+00:00,21667.85,21674.55,21655.45,21669.55,901,170,0
2025-06-23 13:05:00+00:00,21668.55,21683.95,21665.55,21669.05,669,210,0
2025-06-23 13:10:00+00:00,21669.05,21708.55,21657.25,21678.75,855,210,0
2025-06-23 13:15:00+00:00,21678.95,21681.55,21658.75,21666.85,605,200,0
2025-06-23 13:20:00+00:00,21666.95,21671.05,21651.65,21656.15,612,200,0
2025-06-23 13:25:00+00:00,21657.25,21666.95,21655.55,21655.95,561,210,0
2025-06-23 13:30:00+00:00,21655.55,21658.75,21648.15,21658.05,569,200,0
2025-06-23 13:35:00+00:00,21658.25,21665.75,21651.45,21651.75,548,200,0
2025-06-23 13:40:00+00:00,21651.95,21655.05,21632.95,21636.05,761,210,0
2025-06-23 13:45:00+00:00,21636.05,21642.75,21630.55,21636.95,614,200,0
2025-06-23 13:50:00+00:00,21637.25,21646.75,21637.05,21644.25,505,190,0
2025-06-23 13:55:00+00:00,21644.05,21647.95,21637.75,21642.05,577,190,0
2025-06-23 14:00:00+00:00,21642.35,21648.25,21633.75,21633.95,673,190,0
2025-06-23 14:05:00+00:00,21633.45,21634.25,21610.05,21615.15,913,190,0
2025-06-23 14:10:00+00:00,21615.05,21622.25,21600.95,21611.55,822,210,0
2025-06-23 14:15:00+00:00,21611.05,21611.05,21592.55,21604.05,771,210,0
2025-06-23 14:20:00+00:00,21601.05,21601.15,21586.45,21590.45,755,210,0
2025-06-23 14:25:00+00:00,21591.15,21599.75,21575.55,21597.45,855,210,0
2025-06-23 14:30:00+00:00,21595.95,21604.95,21590.45,21596.05,764,210,0
2025-06-23 14:35:00+00:00,21596.25,21607.65,21594.65,21605.95,739,210,0
2025-06-23 14:40:00+00:00,21602.95,21603.15,21576.45,21579.45,884,210,0
2025-06-23 14:45:00+00:00,21579.55,21590.15,21560.15,21588.55,999,210,0
2025-06-23 14:50:00+00:00,21587.15,21599.55,21577.25,21598.15,849,210,0
2025-06-23 14:55:00+00:00,21598.15,21612.75,21598.05,21609.35,783,200,0
2025-06-23 15:00:00+00:00,21610.25,21625.75,21610.25,21623.55,874,200,0
2025-06-23 15:05:00+00:00,21623.45,21624.65,21601.55,21604.55,816,200,0
2025-06-23 15:10:00+00:00,21604.55,21629.15,21604.55,21627.05,787,210,0
2025-06-23 15:15:00+00:00,21628.65,21637.75,21620.65,21622.65,831,210,0
2025-06-23 15:20:00+00:00,21621.95,21628.95,21617.75,21628.25,664,200,0
2025-06-23 15:25:00+00:00,21628.45,21635.55,21621.35,21621.35,729,190,0
2025-06-23 15:30:00+00:00,21621.95,21643.95,21620.25,21642.15,841,200,0
2025-06-23 15:35:00+00:00,21642.25,21655.75,21641.15,21649.25,710,190,0
2025-06-23 15:40:00+00:00,21648.95,21656.75,21646.55,21652.75,572,190,0
2025-06-23 15:45:00+00:00,21652.55,21658.15,21648.85,21651.95,619,190,0
2025-06-23 15:50:00+00:00,21651.25,21663.85,21650.05,21662.55,641,190,0
2025-06-23 15:55:00+00:00,21662.35,21670.55,21658.05,21667.35,616,190,0
2025-06-23 16:00:00+00:00,21668.05,21671.45,21661.85,21665.25,721,190,0
2025-06-23 16:05:00+00:00,21665.05,21673.55,21651.65,21658.95,901,190,0
2025-06-23 16:10:00+00:00,21659.05,21662.65,21640.25,21657.75,1112,210,0
2025-06-23 16:15:00+00:00,21657.75,21673.45,21649.75,21665.25,856,210,0
2025-06-23 16:20:00+00:00,21664.75,21671.15,21661.65,21663.75,738,200,0
2025-06-23 16:25:00+00:00,21663.45,21664.95,21640.55,21652.45,1071,200,0
2025-06-23 16:30:00+00:00,21653.25,21654.65,21543.45,21569.65,1649,120,0
2025-06-23 16:35:00+00:00,21567.85,21652.35,21559.85,21652.15,1583,120,0
2025-06-23 16:40:00+00:00,21652.45,21669.65,21639.25,21658.75,1482,120,0
2025-06-23 16:45:00+00:00,21671.25,21698.65,21645.75,21688.35,1495,120,0
2025-06-23 16:50:00+00:00,21688.65,21710.45,21678.15,21707.65,1503,120,0
2025-06-23 16:55:00+00:00,21706.95,21713.05,21689.75,21709.55,1424,110,0
2025-06-23 17:00:00+00:00,21710.15,21744.25,21710.15,21741.15,1517,110,0
2025-06-23 17:05:00+00:00,21742.35,21776.85,21742.35,21769.85,1469,120,0
2025-06-23 17:10:00+00:00,21770.35,21772.85,21742.25,21764.45,1474,120,0
2025-06-23 17:15:00+00:00,21764.95,21792.75,21747.25,21781.65,1468,120,0
2025-06-23 17:20:00+00:00,21781.75,21794.95,21769.75,21778.85,1419,120,0
2025-06-23 17:25:00+00:00,21779.85,21785.65,21754.35,21768.15,1431,110,0
2025-06-23 17:30:00+00:00,21768.35,21777.85,21754.25,21774.25,1463,120,0
2025-06-23 17:35:00+00:00,21774.35,21777.95,21759.15,21767.65,1454,110,0
2025-06-23 17:40:00+00:00,21767.45,21788.85,21766.85,21788.55,1382,100,0
2025-06-23 17:45:00+00:00,21788.55,21801.25,21764.45,21769.15,1410,100,0
2025-06-23 17:50:00+00:00,21768.85,21778.75,21759.65,21764.95,1349,100,0
2025-06-23 17:55:00+00:00,21764.45,21771.45,21734.25,21738.15,1413,100,0
2025-06-23 18:00:00+00:00,21738.85,21777.25,21735.65,21771.55,1399,100,0
2025-06-23 18:05:00+00:00,21771.65,21785.65,21767.75,21780.25,1305,80,0
2025-06-23 18:10:00+00:00,21781.15,21786.65,21770.45,21784.25,1304,80,0
2025-06-23 18:15:00+00:00,21784.15,21788.55,21774.05,21778.55,1153,80,0
2025-06-23 18:20:00+00:00,21778.75,21781.25,21759.55,21764.85,1295,80,0
2025-06-23 18:25:00+00:00,21765.35,21768.45,21728.45,21729.85,1376,80,0
2025-06-23 18:30:00+00:00,21729.65,21748.35,21715.95,21744.25,1430,90,0
2025-06-23 18:35:00+00:00,21743.95,21750.25,21726.55,21732.55,1398,110,0
2025-06-23 18:40:00+00:00,21732.05,21737.55,21705.75,21727.95,1394,100,0
2025-06-23 18:45:00+00:00,21728.25,21735.05,21717.35,21732.65,1346,90,0
2025-06-23 18:50:00+00:00,21732.25,21748.45,21722.95,21726.75,1373,90,0
2025-06-23 18:55:00+00:00,21726.35,21745.55,21719.35,21721.15,1361,110,0
2025-06-23 19:00:00+00:00,21721.85,21727.75,21698.15,21721.15,1402,100,0
2025-06-23 19:05:00+00:00,21721.55,21722.15,21703.25,21704.75,1315,100,0
2025-06-23 19:10:00+00:00,21704.85,21726.25,21699.15,21713.25,1322,90,0
2025-06-23 19:15:00+00:00,21713.35,21720.15,21691.25,21704.05,1398,80,0
2025-06-23 19:20:00+00:00,21703.85,21707.25,21667.55,21672.05,1398,110,0
2025-06-23 19:25:00+00:00,21671.95,21673.35,21637.55,21643.45,1463,120,0
2025-06-23 19:30:00+00:00,21643.55,21643.55,21576.75,21578.35,1537,120,0
2025-06-23 19:35:00+00:00,21578.75,21599.35,21521.35,21596.75,1645,120,0
2025-06-23 19:40:00+00:00,21597.75,21679.95,21569.25,21663.05,1634,120,0
2025-06-23 19:45:00+00:00,21665.45,21695.25,21625.95,21662.95,1636,120,0
2025-06-23 19:50:00+00:00,21660.85,21669.55,21630.85,21654.35,1597,120,0
2025-06-23 19:55:00+00:00,21655.75,21665.05,21617.85,21623.25,1575,120,0
2025-06-23 20:00:00+00:00,21625.45,21687.45,21604.85,21677.45,1626,120,0
2025-06-23 20:05:00+00:00,21678.25,21707.25,21651.85,21694.05,1608,120,0
2025-06-23 20:10:00+00:00,21693.05,21730.45,21687.55,21708.95,1542,120,0
2025-06-23 20:15:00+00:00,21708.75,21744.25,21706.75,21739.45,1476,120,0
2025-06-23 20:20:00+00:00,21740.45,21764.05,21730.55,21759.45,1411,120,0
2025-06-23 20:25:00+00:00,21758.95,21815.25,21753.85,21801.25,1439,120,0
2025-06-23 20:30:00+00:00,21801.35,21839.75,21801.35,21823.25,1533,120,0
2025-06-23 20:35:00+00:00,21825.55,21857.35,21821.35,21847.75,1476,120,0
2025-06-23 20:40:00+00:00,21850.45,21853.95,21819.75,21841.25,1460,120,0
2025-06-23 20:45:00+00:00,21842.55,21863.45,21841.35,21847.25,1310,120,0
2025-06-23 20:50:00+00:00,21848.25,21850.55,21820.75,21824.25,1347,120,0
2025-06-23 20:55:00+00:00,21824.25,21843.25,21824.25,21834.55,1231,110,0
2025-06-23 21:00:00+00:00,21835.15,21858.85,21830.05,21853.55,1353,100,0
2025-06-23 21:05:00+00:00,21853.55,21867.85,21845.55,21846.55,1305,100,0
2025-06-23 21:10:00+00:00,21845.75,21861.15,21845.75,21851.15,1175,90,0
2025-06-23 21:15:00+00:00,21851.15,21861.95,21838.95,21858.95,1294,90,0
2025-06-23 21:20:00+00:00,21858.95,21860.35,21838.95,21840.85,1173,90,0
2025-06-23 21:25:00+00:00,21840.95,21845.15,21824.65,21826.65,1194,80,0
2025-06-23 21:30:00+00:00,21828.85,21845.55,21825.25,21837.55,1318,90,0
2025-06-23 21:35:00+00:00,21837.25,21842.45,21826.85,21828.95,1208,80,0
2025-06-23 21:40:00+00:00,21828.45,21835.55,21820.35,21832.15,1176,80,0
2025-06-23 21:45:00+00:00,21831.25,21834.25,21821.45,21823.55,1171,80,0
2025-06-23 21:50:00+00:00,21823.45,21825.05,21806.05,21813.55,1097,80,0
2025-06-23 21:55:00+00:00,21813.45,21819.65,21804.75,21819.15,1082,80,0
2025-06-23 22:00:00+00:00,21818.95,21853.15,21814.55,21837.55,1379,80,0
2025-06-23 22:05:00+00:00,21837.55,21839.85,21823.45,21829.05,1236,80,0
2025-06-23 22:10:00+00:00,21829.75,21839.15,21822.25,21829.05,1155,80,0
2025-06-23 22:15:00+00:00,21829.55,21836.45,21808.65,21813.95,1195,80,0
2025-06-23 22:20:00+00:00,21813.95,21831.25,21807.65,21828.75,1141,80,0
2025-06-23 22:25:00+00:00,21828.65,21843.95,21825.05,21838.55,1104,80,0
2025-06-23 22:30:00+00:00,21837.95,21841.75,21828.45,21835.95,1097,80,0
2025-06-23 22:35:00+00:00,21835.75,21841.25,21826.25,21832.95,1058,80,0
2025-06-23 22:40:00+00:00,21833.05,21833.55,21813.25,21823.05,1100,80,0
2025-06-23 22:45:00+00:00,21822.25,21833.65,21818.55,21830.05,1124,80,0
2025-06-23 22:50:00+00:00,21830.55,21869.55,21827.45,21855.85,1423,80,0
2025-06-23 22:55:00+00:00,21856.75,21875.35,21846.25,21854.35,1408,120,0
2025-06-23 23:00:00+00:00,21855.75,21861.56,21834.76,21838.56,1089,120,0
2025-06-23 23:05:00+00:00,21838.76,21851.26,21835.56,21850.66,764,218,0
2025-06-23 23:10:00+00:00,21850.76,21858.06,21846.56,21855.56,602,198,0
2025-06-23 23:15:00+00:00,21855.56,21855.86,21844.16,21845.16,364,188,0
2025-06-23 23:20:00+00:00,21845.06,21851.86,21841.36,21848.56,417,188,0
2025-06-23 23:25:00+00:00,21848.06,21856.06,21843.86,21853.76,353,188,0
2025-06-23 23:30:00+00:00,21853.86,21856.26,21849.76,21852.66,350,178,0
2025-06-23 23:35:00+00:00,21852.66,21857.46,21851.56,21856.86,297,178,0
2025-06-23 23:40:00+00:00,21856.66,21865.36,21856.16,21862.86,407,168,0
2025-06-23 23:45:00+00:00,21862.76,21865.36,21858.66,21858.66,334,178,0
2025-06-24 01:05:00+00:00,21916.66,21945.66,21905.16,21944.06,908,228,0
2025-06-24 01:10:00+00:00,21944.26,21956.86,21926.56,21956.86,780,228,0
2025-06-24 01:15:00+00:00,21956.76,21962.86,21953.66,21956.56,673,228,0
2025-06-24 01:20:00+00:00,21955.86,21991.76,21951.66,21990.06,854,228,0
2025-06-24 01:25:00+00:00,21990.56,21999.26,21979.26,21980.06,872,228,0
2025-06-24 01:30:00+00:00,21980.06,21991.86,21976.76,21983.26,676,228,0
2025-06-24 01:35:00+00:00,21983.66,21990.26,21969.06,21973.26,605,228,0
2025-06-24 01:40:00+00:00,21973.36,21978.36,21962.56,21967.16,463,228,0
2025-06-24 01:45:00+00:00,21967.16,21967.26,21958.86,21958.86,428,208,0
2025-06-24 01:50:00+00:00,21958.76,21968.36,21954.76,21965.96,462,208,0
2025-06-24 01:55:00+00:00,21965.76,21987.46,21964.36,21986.66,502,208,0
2025-06-24 02:00:00+00:00,21986.75,22012.35,21984.15,21997.15,846,200,0
2025-06-24 02:05:00+00:00,21996.95,22008.65,21985.65,22004.35,590,210,0
2025-06-24 02:10:00+00:00,22003.85,22013.75,22002.35,22009.95,480,210,0
2025-06-24 02:15:00+00:00,22010.15,22031.85,22007.55,22024.35,651,200,0
2025-06-24 02:20:00+00:00,22024.45,22038.15,22024.35,22031.25,606,210,0
2025-06-24 02:25:00+00:00,22031.45,22031.85,22020.25,22021.75,573,200,0
2025-06-24 02:30:00+00:00,22021.45,22021.45,22006.45,22007.55,463,190,0
2025-06-24 02:35:00+00:00,22007.65,22033.95,22004.65,22022.25,622,200,0
2025-06-24 02:40:00+00:00,22022.15,22027.25,22016.65,22025.35,389,190,0
2025-06-24 02:45:00+00:00,22025.35,22028.05,22019.55,22024.55,339,190,0
2025-06-24 02:50:00+00:00,22024.75,22029.75,22020.85,22022.65,267,180,0
2025-06-24 02:55:00+00:00,22022.55,22029.55,22014.45,22019.25,384,180,0
2025-06-24 03:00:00+00:00,22019.45,22024.25,22011.75,22013.75,588,200,0
2025-06-24 03:05:00+00:00,22013.65,22030.85,22013.45,22028.85,439,210,0
2025-06-24 03:10:00+00:00,22028.75,22030.65,22011.25,22014.55,441,190,0
2025-06-24 03:15:00+00:00,22014.45,22021.15,22005.05,22018.95,626,200,0
2025-06-24 03:20:00+00:00,22019.75,22020.45,22011.25,22014.05,525,190,0
2025-06-24 03:25:00+00:00,22014.05,22017.55,22011.75,22013.75,406,190,0
2025-06-24 03:30:00+00:00,22013.55,22018.15,22010.55,22013.45,462,190,0
2025-06-24 03:35:00+00:00,22013.05,22015.45,22006.75,22008.55,506,190,0
2025-06-24 03:40:00+00:00,22007.95,22009.45,21998.95,22004.95,566,190,0
2025-06-24 03:45:00+00:00,22006.25,22019.25,21978.95,22006.15,879,200,0
2025-06-24 03:50:00+00:00,22006.15,22027.15,21997.25,22018.75,917,210,0
2025-06-24 03:55:00+00:00,22018.75,22025.45,22004.35,22010.35,661,210,0
2025-06-24 04:00:00+00:00,22010.45,22013.85,21997.65,22000.95,788,210,0
2025-06-24 04:05:00+00:00,22001.15,22021.15,22000.85,22017.75,695,200,0
2025-06-24 04:10:00+00:00,22017.75,22033.95,22015.95,22025.25,700,200,0
2025-06-24 04:15:00+00:00,22024.75,22031.75,22021.45,22023.05,552,190,0
2025-06-24 04:20:00+00:00,22023.05,22028.65,22019.85,22028.15,488,180,0
2025-06-24 04:25:00+00:00,22028.15,22030.85,22023.65,22026.75,461,170,0
2025-06-24 04:30:00+00:00,22027.65,22033.55,22024.35,22027.75,530,180,0
2025-06-24 04:35:00+00:00,22027.75,22033.55,22027.75,22031.15,407,170,0
2025-06-24 04:40:00+00:00,22031.25,22034.75,22027.35,22033.15,417,180,0
2025-06-24 04:45:00+00:00,22033.15,22053.95,22030.25,22051.75,756,180,0
2025-06-24 04:50:00+00:00,22051.65,22052.95,22043.45,22046.35,516,180,0
2025-06-24 04:55:00+00:00,22046.35,22049.05,22042.65,22048.55,360,150,0
2025-06-24 05:00:00+00:00,22048.25,22052.05,22038.15,22038.45,558,150,0
2025-06-24 05:05:00+00:00,22038.35,22038.45,22005.25,22005.65,829,200,0
2025-06-24 05:10:00+00:00,22005.95,22030.65,22002.65,22028.25,839,210,0
2025-06-24 05:15:00+00:00,22027.95,22030.15,22004.65,22009.15,690,200,0
2025-06-24 05:20:00+00:00,22009.25,22018.55,22008.65,22017.95,545,190,0
2025-06-24 05:25:00+00:00,22017.75,22020.95,22015.85,22018.35,408,180,0
2025-06-24 05:30:00+00:00,22017.75,22019.15,22011.35,22016.35,372,170,0
2025-06-24 05:35:00+00:00,22017.35,22018.35,22002.35,22004.25,418,180,0
2025-06-24 05:40:00+00:00,22004.35,22010.85,21998.45,22009.15,528,180,0
2025-06-24 05:45:00+00:00,22009.15,22009.15,22002.95,22005.35,332,170,0
2025-06-24 05:50:00+00:00,22005.95,22016.65,22002.55,22014.15,357,160,0
2025-06-24 05:55:00+00:00,22014.05,22024.15,22014.05,22018.05,401,170,0
2025-06-24 06:00:00+00:00,22017.15,22021.95,22014.45,22021.95,343,160,0
2025-06-24 06:05:00+00:00,22022.15,22022.15,22012.55,22015.15,328,160,0
2025-06-24 06:10:00+00:00,22014.95,22019.65,22013.25,22019.65,302,170,0
2025-06-24 06:15:00+00:00,22019.65,22023.35,22015.15,22021.75,304,160,0
2025-06-24 06:20:00+00:00,22021.95,22030.15,22021.45,22027.95,355,150,0
2025-06-24 06:25:00+00:00,22027.85,22030.05,22026.25,22028.55,243,150,0
2025-06-24 06:30:00+00:00,22028.45,22033.25,22025.35,22032.85,362,150,0
2025-06-24 06:35:00+00:00,22032.85,22033.35,22027.45,22028.95,283,160,0
2025-06-24 06:40:00+00:00,22028.75,22029.15,22026.05,22026.05,212,150,0
2025-06-24 06:45:00+00:00,22026.05,22030.05,22025.55,22029.75,204,150,0
2025-06-24 06:50:00+00:00,22029.65,22034.95,22024.55,22032.05,355,150,0
2025-06-24 06:55:00+00:00,22032.25,22032.35,22027.25,22028.95,281,160,0
2025-06-24 07:00:00+00:00,22028.35,22030.35,22025.95,22027.45,263,150,0
2025-06-24 07:05:00+00:00,22027.85,22031.05,22021.55,22028.55,247,150,0
2025-06-24 07:10:00+00:00,22028.35,22028.55,22008.65,22010.15,508,190,0
2025-06-24 07:15:00+00:00,22009.85,22018.45,22003.25,22016.35,498,190,0
2025-06-24 07:20:00+00:00,22016.55,22019.55,22012.35,22016.55,321,170,0
2025-06-24 07:25:00+00:00,22016.55,22023.75,22016.55,22019.65,304,170,0
2025-06-24 07:30:00+00:00,22019.85,22022.55,22017.35,22020.65,319,160,0
2025-06-24 07:35:00+00:00,22020.75,22025.45,22020.45,22023.85,255,160,0
2025-06-24 07:40:00+00:00,22023.95,22031.75,22023.55,22027.95,279,160,0
2025-06-24 07:45:00+00:00,22027.75,22028.15,22022.95,22027.85,236,160,0
2025-06-24 07:50:00+00:00,22027.95,22028.75,22025.45,22028.45,198,150,0
2025-06-24 07:55:00+00:00,22028.55,22030.05,22026.05,22026.45,218,150,0
2025-06-24 08:00:00+00:00,22026.45,22034.85,22024.75,22029.45,350,150,0
2025-06-24 08:05:00+00:00,22029.45,22034.45,22028.95,22032.55,325,170,0
2025-06-24 08:10:00+00:00,22032.55,22040.05,22032.55,22038.95,342,160,0
2025-06-24 08:15:00+00:00,22039.15,22042.25,22037.75,22038.05,303,150,0
2025-06-24 08:20:00+00:00,22038.05,22041.25,22035.25,22038.15,322,150,0
2025-06-24 08:25:00+00:00,22038.25,22041.75,22037.85,22040.45,249,160,0
2025-06-24 08:30:00+00:00,22039.95,22062.95,22038.35,22061.45,576,160,0
2025-06-24 08:35:00+00:00,22061.45,22075.45,22059.65,22070.85,774,210,0
2025-06-24 08:40:00+00:00,22070.95,22084.75,22070.35,22081.85,644,190,0
2025-06-24 08:45:00+00:00,22082.05,22085.35,22072.05,22076.05,505,180,0
2025-06-24 08:50:00+00:00,22075.95,22076.35,22066.85,22072.05,447,180,0
2025-06-24 08:55:00+00:00,22071.95,22078.75,22071.75,22077.35,406,180,0
2025-06-24 09:00:00+00:00,22077.65,22098.25,22077.15,22089.45,829,180,0
2025-06-24 09:05:00+00:00,22089.75,22105.55,22084.15,22099.15,664,200,0
2025-06-24 09:10:00+00:00,22099.15,22121.55,22099.15,22114.85,687,190,0
2025-06-24 09:15:00+00:00,22114.75,22117.85,22106.85,22111.25,714,210,0
2025-06-24 09:20:00+00:00,22111.35,22116.75,22097.15,22109.35,746,200,0
2025-06-24 09:25:00+00:00,22110.55,22148.05,22109.85,22146.75,1032,210,0
2025-06-24 09:30:00+00:00,22146.85,22152.25,22134.95,22138.35,872,210,0
2025-06-24 09:35:00+00:00,22138.45,22146.55,22127.25,22128.55,665,200,0
2025-06-24 09:40:00+00:00,22128.35,22130.75,22123.05,22126.45,519,190,0
2025-06-24 09:45:00+00:00,22126.45,22134.55,22123.05,22129.15,496,190,0
2025-06-24 09:50:00+00:00,22129.35,22139.85,22124.85,22138.15,614,190,0
2025-06-24 09:55:00+00:00,22138.05,22144.55,22135.25,22139.85,687,200,0
2025-06-24 10:00:00+00:00,22139.05,22147.05,22114.45,22139.45,1183,210,0
2025-06-24 10:05:00+00:00,22139.45,22161.55,22127.05,22140.25,1161,210,0
2025-06-24 10:10:00+00:00,22140.25,22142.85,22129.75,22133.45,1051,210,0
2025-06-24 10:15:00+00:00,22133.25,22149.25,22128.55,22135.75,960,210,0
2025-06-24 10:20:00+00:00,22135.45,22139.45,22127.35,22134.35,857,210,0
2025-06-24 10:25:00+00:00,22134.25,22136.75,22105.35,22105.75,804,210,0
2025-06-24 10:30:00+00:00,22108.55,22111.05,22067.95,22082.95,1303,210,0
2025-06-24 10:35:00+00:00,22082.95,22101.85,22061.25,22095.05,1130,210,0
2025-06-24 10:40:00+00:00,22095.25,22096.95,22081.75,22095.05,777,210,0
2025-06-24 10:45:00+00:00,22094.75,22105.05,22091.25,22092.75,823,210,0
2025-06-24 10:50:00+00:00,22093.55,22098.85,22043.45,22067.45,1104,210,0
2025-06-24 10:55:00+00:00,22066.25,22091.55,22058.45,22088.95,932,210,0
2025-06-24 11:00:00+00:00,22088.85,22109.75,22070.55,22085.75,1214,210,0
2025-06-24 11:05:00+00:00,22085.95,22092.35,22072.25,22089.25,933,210,0
2025-06-24 11:10:00+00:00,22090.55,22097.05,22080.25,22084.95,930,210,0
2025-06-24 11:15:00+00:00,22084.75,22091.25,22077.55,22086.35,927,210,0
2025-06-24 11:20:00+00:00,22086.45,22109.55,22085.45,22105.35,954,210,0
2025-06-24 11:25:00+00:00,22104.95,22114.75,22097.35,22112.55,750,210,0
2025-06-24 11:30:00+00:00,22112.35,22112.75,22083.45,22089.25,796,200,0
2025-06-24 11:35:00+00:00,22088.05,22093.35,22082.85,22087.95,658,210,0
2025-06-24 11:40:00+00:00,22087.85,22089.05,22076.25,22086.55,606,200,0
2025-06-24 11:45:00+00:00,22086.65,22093.65,22081.85,22086.35,566,190,0
2025-06-24 11:50:00+00:00,22086.15,22091.95,22079.15,22082.15,557,190,0
2025-06-24 11:55:00+00:00,22081.65,22086.85,22078.65,22084.95,444,180,0
2025-06-24 12:00:00+00:00,22084.65,22097.15,22084.25,22089.25,648,180,0
2025-06-24 12:05:00+00:00,22089.55,22098.65,22086.35,22098.25,575,190,0
2025-06-24 12:10:00+00:00,22098.35,22098.85,22088.45,22091.65,491,180,0
2025-06-24 12:15:00+00:00,22092.15,22101.55,22089.95,22095.65,576,180,0
2025-06-24 12:20:00+00:00,22095.85,22105.45,22095.65,22105.05,507,190,0
2025-06-24 12:25:00+00:00,22105.05,22119.05,22102.65,22117.95,530,180,0
2025-06-24 12:30:00+00:00,22118.15,22126.55,22114.15,22125.05,653,180,0
2025-06-24 12:35:00+00:00,22124.85,22132.65,22121.65,22131.65,571,190,0
2025-06-24 12:40:00+00:00,22131.45,22131.45,22120.35,22122.15,547,190,0
2025-06-24 12:45:00+00:00,22122.85,22124.35,22107.15,22107.55,500,170,0
2025-06-24 12:50:00+00:00,22107.65,22108.15,22095.45,22098.75,474,170,0
2025-06-24 12:55:00+00:00,22098.45,22099.95,22093.65,22095.45,421,170,0
2025-06-24 13:00:00+00:00,22095.25,22103.25,22076.55,22081.05,731,170,0
2025-06-24 13:05:00+00:00,22081.25,22084.05,22072.45,22074.85,689,200,0
2025-06-24 13:10:00+00:00,22075.05,22080.35,22065.85,22069.55,524,190,0
2025-06-24 13:15:00+00:00,22070.65,22079.05,22064.15,22075.85,616,190,0
2025-06-24 13:20:00+00:00,22075.85,22084.95,22075.35,22082.85,497,170,0
2025-06-24 13:25:00+00:00,22082.95,22082.95,22072.95,22075.05,520,170,0
2025-06-24 13:30:00+00:00,22075.95,22076.35,22061.25,22068.75,720,190,0
2025-06-24 13:35:00+00:00,22068.25,22075.05,22064.05,22068.75,545,190,0
2025-06-24 13:40:00+00:00,22068.45,22079.95,22065.75,22072.35,649,210,0
2025-06-24 13:45:00+00:00,22072.25,22080.55,22072.05,22077.15,411,150,0
2025-06-24 13:50:00+00:00,22077.25,22084.75,22075.05,22078.85,538,150,0
2025-06-24 13:55:00+00:00,22078.55,22083.05,22064.05,22066.75,563,150,0
2025-06-24 14:00:00+00:00,22066.05,22077.65,22058.85,22069.15,772,160,0
2025-06-24 14:05:00+00:00,22070.35,22074.05,22051.95,22054.95,722,180,0
2025-06-24 14:10:00+00:00,22054.75,22057.25,22046.55,22050.75,736,170,0
2025-06-24 14:15:00+00:00,22049.95,22057.45,22045.95,22045.95,623,170,0
2025-06-24 14:20:00+00:00,22046.25,22051.35,22032.85,22050.75,818,180,0
2025-06-24 14:25:00+00:00,22050.75,22082.95,22049.05,22079.05,862,170,0
2025-06-24 14:30:00+00:00,22078.25,22091.55,22068.35,22070.55,973,190,0
2025-06-24 14:35:00+00:00,22070.45,22084.65,22066.45,22082.95,758,180,0
2025-06-24 14:40:00+00:00,22083.45,22083.45,22072.15,22074.25,496,170,0
2025-06-24 14:45:00+00:00,22074.15,22088.25,22074.15,22087.75,615,160,0
2025-06-24 14:50:00+00:00,22087.75,22088.85,22078.75,22083.55,589,160,0
2025-06-24 14:55:00+00:00,22083.55,22090.15,22079.45,22087.05,555,160,0
2025-06-24 15:00:00+00:00,22086.75,22094.05,22081.75,22085.75,700,170,0
2025-06-24 15:05:00+00:00,22085.55,22095.45,22083.55,22089.25,581,160,0
2025-06-24 15:10:00+00:00,22089.75,22092.25,22064.35,22065.95,740,160,0
2025-06-24 15:15:00+00:00,22065.95,22070.25,22056.25,22059.45,752,180,0
2025-06-24 15:20:00+00:00,22059.65,22073.05,22054.95,22071.25,680,160,0
2025-06-24 15:25:00+00:00,22071.45,22073.95,22059.65,22067.65,638,160,0
2025-06-24 15:30:00+00:00,22067.75,22074.85,22041.35,22067.45,1093,170,0
2025-06-24 15:35:00+00:00,22067.75,22082.05,22067.75,22075.85,892,190,0
2025-06-24 15:40:00+00:00,22075.35,22080.65,22069.25,22077.75,655,170,0
2025-06-24 15:45:00+00:00,22077.95,22084.45,22064.15,22064.25,693,170,0
2025-06-24 15:50:00+00:00,22064.25,22068.65,22054.45,22060.35,848,170,0
2025-06-24 15:55:00+00:00,22060.65,22069.25,22058.45,22067.05,667,170,0
2025-06-24 16:00:00+00:00,22067.45,22071.25,22059.45,22063.15,724,170,0
2025-06-24 16:05:00+00:00,22063.45,22070.35,22060.85,22068.55,582,170,0
2025-06-24 16:10:00+00:00,22068.55,22072.95,22062.95,22068.25,667,160,0
2025-06-24 16:15:00+00:00,22068.45,22090.65,22059.55,22077.85,978,180,0
2025-06-24 16:20:00+00:00,22077.75,22083.25,22070.35,22076.95,817,170,0
2025-06-24 16:25:00+00:00,22075.65,22080.25,22065.85,22068.05,952,180,0
2025-06-24 16:30:00+00:00,22067.65,22095.95,22041.95,22076.75,1598,80,0
2025-06-24 16:35:00+00:00,22076.55,22097.25,22070.55,22082.55,1509,110,0
2025-06-24 16:40:00+00:00,22082.45,22108.25,22082.45,22092.45,1514,90,0
2025-06-24 16:45:00+00:00,22092.45,22114.55,22092.45,22095.45,1483,90,0
2025-06-24 16:50:00+00:00,22095.45,22097.35,22067.65,22079.15,1469,90,0
2025-06-24 16:55:00+00:00,22078.75,22094.15,22061.15,22071.95,1445,100,0
2025-06-24 17:00:00+00:00,22068.35,22090.75,22065.55,22084.55,1518,110,0
2025-06-24 17:05:00+00:00,22084.35,22092.85,22049.75,22072.85,1474,90,0
2025-06-24 17:10:00+00:00,22072.55,22081.15,22063.55,22074.35,1455,90,0
2025-06-24 17:15:00+00:00,22075.15,22106.45,22073.85,22095.75,1411,80,0
2025-06-24 17:20:00+00:00,22095.75,22103.15,22088.25,22095.65,1346,80,0
2025-06-24 17:25:00+00:00,22095.65,22104.15,22075.75,22088.55,1316,80,0
2025-06-24 17:30:00+00:00,22088.65,22108.45,22087.45,22106.45,1321,80,0
2025-06-24 17:35:00+00:00,22106.45,22108.65,22090.15,22095.95,1168,80,0
2025-06-24 17:40:00+00:00,22095.95,22120.45,22094.45,22117.45,1173,80,0
2025-06-24 17:45:00+00:00,22117.45,22120.95,22105.95,22111.15,1138,80,0
2025-06-24 17:50:00+00:00,22110.95,22115.25,22099.65,22112.95,1186,80,0
2025-06-24 17:55:00+00:00,22112.75,22116.15,22082.15,22096.15,1216,80,0
2025-06-24 18:00:00+00:00,22095.95,22129.85,22095.95,22124.65,1349,80,0
2025-06-24 18:05:00+00:00,22124.45,22137.55,22116.45,22122.45,1216,80,0
2025-06-24 18:10:00+00:00,22122.95,22138.65,22121.85,22134.65,1082,80,0
2025-06-24 18:15:00+00:00,22134.65,22137.65,22128.95,22130.65,975,80,0
2025-06-24 18:20:00+00:00,22130.45,22151.65,22128.45,22145.45,1063,80,0
2025-06-24 18:25:00+00:00,22145.15,22153.95,22143.65,22153.95,986,80,0
2025-06-24 18:30:00+00:00,22154.15,22155.95,22143.95,22151.95,971,80,0
2025-06-24 18:35:00+00:00,22150.15,22163.15,22148.75,22159.95,961,80,0
2025-06-24 18:40:00+00:00,22160.15,22163.75,22150.95,22160.45,962,80,0
2025-06-24 18:45:00+00:00,22160.15,22166.45,22152.75,22165.45,975,80,0
2025-06-24 18:50:00+00:00,22165.55,22166.25,22144.35,22149.25,963,80,0
2025-06-24 18:55:00+00:00,22149.45,22155.45,22137.95,22141.45,952,80,0
2025-06-24 19:00:00+00:00,22141.75,22156.75,22136.75,22156.55,950,80,0
2025-06-24 19:05:00+00:00,22156.55,22158.95,22148.35,22149.55,937,80,0
2025-06-24 19:10:00+00:00,22149.75,22156.25,22144.45,22151.45,961,80,0
2025-06-24 19:15:00+00:00,22151.45,22160.95,22149.45,22155.25,823,80,0
2025-06-24 19:20:00+00:00,22155.45,22164.35,22149.45,22162.45,891,80,0
2025-06-24 19:25:00+00:00,22162.35,22175.45,22159.75,22170.25,887,80,0
2025-06-24 19:30:00+00:00,22169.95,22176.55,22168.25,22171.95,882,80,0
2025-06-24 19:35:00+00:00,22171.95,22184.75,22171.35,22180.25,882,80,0
2025-06-24 19:40:00+00:00,22180.45,22196.45,22179.05,22194.55,917,80,0
2025-06-24 19:45:00+00:00,22194.95,22196.45,22178.95,22179.95,932,80,0
2025-06-24 19:50:00+00:00,22180.25,22180.95,22171.45,22175.75,913,80,0
2025-06-24 19:55:00+00:00,22174.55,22180.25,22165.45,22179.25,908,80,0
2025-06-24 20:00:00+00:00,22179.85,22189.25,22177.25,22184.45,953,80,0
2025-06-24 20:05:00+00:00,22184.45,22188.45,22172.05,22175.75,945,80,0
2025-06-24 20:10:00+00:00,22175.45,22186.55,22174.85,22183.75,820,80,0
2025-06-24 20:15:00+00:00,22183.45,22192.95,22181.05,22184.75,811,80,0
2025-06-24 20:20:00+00:00,22184.75,22186.75,22159.25,22166.65,1230,80,0
2025-06-24 20:25:00+00:00,22166.25,22175.95,22163.15,22167.25,1008,80,0
2025-06-24 20:30:00+00:00,22167.25,22183.75,22166.95,22178.45,965,80,0
2025-06-24 20:35:00+00:00,22178.05,22181.85,22173.45,22178.95,734,80,0
2025-06-24 20:40:00+00:00,22178.95,22195.75,22177.95,22189.55,827,80,0
2025-06-24 20:45:00+00:00,22189.25,22201.75,22184.65,22197.25,817,80,0
2025-06-24 20:50:00+00:00,22197.05,22202.15,22192.75,22201.15,813,80,0
2025-06-24 20:55:00+00:00,22201.15,22201.25,22192.15,22193.65,749,80,0
2025-06-24 21:00:00+00:00,22194.25,22207.05,22192.95,22200.95,888,80,0
2025-06-24 21:05:00+00:00,22200.95,22202.95,22193.45,22201.75,854,80,0
2025-06-24 21:10:00+00:00,22201.95,22206.45,22189.55,22189.65,829,80,0
2025-06-24 21:15:00+00:00,22189.65,22199.25,22188.95,22191.45,769,80,0
2025-06-24 21:20:00+00:00,22191.15,22200.15,22190.45,22197.65,704,80,0
2025-06-24 21:25:00+00:00,22197.95,22200.15,22191.05,22191.65,715,80,0
2025-06-24 21:30:00+00:00,22192.65,22192.65,22184.45,22187.05,724,80,0
2025-06-24 21:35:00+00:00,22186.95,22204.65,22186.95,22198.15,791,80,0
2025-06-24 21:40:00+00:00,22197.95,22203.65,22193.15,22197.65,757,80,0
2025-06-24 21:45:00+00:00,22197.45,22201.45,22192.65,22194.65,673,80,0
2025-06-24 21:50:00+00:00,22194.25,22197.95,22190.15,22193.45,701,80,0
2025-06-24 21:55:00+00:00,22193.45,22203.45,22189.55,22202.15,773,80,0
2025-06-24 22:00:00+00:00,22202.15,22218.15,22201.95,22215.05,945,80,0
2025-06-24 22:05:00+00:00,22215.05,22223.95,22210.45,22218.45,785,80,0
2025-06-24 22:10:00+00:00,22218.45,22218.45,22205.45,22210.45,808,80,0
2025-06-24 22:15:00+00:00,22210.15,22212.95,22205.65,22206.45,762,80,0
2025-06-24 22:20:00+00:00,22206.65,22211.45,22204.55,22207.65,765,80,0
2025-06-24 22:25:00+00:00,22207.45,22209.15,22197.65,22198.15,837,80,0
2025-06-24 22:30:00+00:00,22197.95,22210.15,22194.45,22200.45,896,80,0
2025-06-24 22:35:00+00:00,22199.95,22203.95,22196.65,22197.95,798,80,0
2025-06-24 22:40:00+00:00,22197.65,22201.15,22192.95,22195.95,818,80,0
2025-06-24 22:45:00+00:00,22195.75,22204.45,22187.95,22203.75,937,80,0
2025-06-24 22:50:00+00:00,22199.95,22206.15,22190.15,22195.45,1186,80,0
2025-06-24 22:55:00+00:00,22195.15,22198.95,22182.15,22183.15,1278,80,0
2025-06-24 23:00:00+00:00,22183.35,22185.16,22172.46,22176.16,1084,90,0
2025-06-24 23:05:00+00:00,22175.46,22178.46,22171.26,22176.76,555,168,0
2025-06-24 23:10:00+00:00,22176.56,22182.46,22172.96,22180.46,504,168,0
2025-06-24 23:15:00+00:00,22179.26,22179.46,22172.86,22177.56,379,168,0
2025-06-24 23:20:00+00:00,22177.26,22185.36,22177.26,22181.46,318,168,0
2025-06-24 23:25:00+00:00,22181.36,22184.96,22179.76,22182.26,293,168,0
2025-06-24 23:30:00+00:00,22181.96,22184.36,22180.96,22183.46,254,168,0
2025-06-24 23:35:00+00:00,22183.36,22187.46,22181.76,22186.06,205,168,0
2025-06-24 23:40:00+00:00,22185.86,22187.76,22185.06,22187.06,232,168,0
2025-06-24 23:45:00+00:00,22187.76,22193.96,22185.96,22190.46,367,168,0
2025-06-25 01:05:00+00:00,22167.26,22174.56,22165.36,22173.06,471,178,0
2025-06-25 01:10:00+00:00,22172.76,22177.76,22171.76,22174.06,351,168,0
2025-06-25 01:15:00+00:00,22174.36,22175.36,22164.56,22170.26,365,168,0
2025-06-25 01:20:00+00:00,22170.56,22180.26,22167.96,22172.26,322,178,0
2025-06-25 01:25:00+00:00,22172.26,22182.06,22171.46,22182.06,267,168,0
2025-06-25 01:30:00+00:00,22182.06,22183.26,22172.56,22176.36,340,168,0
2025-06-25 01:35:00+00:00,22175.86,22177.36,22168.76,22168.86,230,168,0
2025-06-25 01:40:00+00:00,22168.86,22179.56,22168.56,22177.26,212,168,0
2025-06-25 01:45:00+00:00,22177.36,22179.86,22175.86,22179.36,118,168,0
2025-06-25 01:50:00+00:00,22179.06,22179.56,22172.56,22175.96,161,168,0
2025-06-25 01:55:00+00:00,22175.86,22176.06,22173.76,22174.36,86,168,0
2025-06-25 02:00:00+00:00,22174.46,22188.05,22174.45,22176.85,391,150,0
2025-06-25 02:05:00+00:00,22177.15,22177.65,22171.85,22176.45,213,150,0
2025-06-25 02:10:00+00:00,22176.15,22179.15,22173.85,22174.65,143,150,0
2025-06-25 02:15:00+00:00,22174.65,22176.05,22167.45,22169.45,207,150,0
2025-06-25 02:20:00+00:00,22169.55,22179.45,22169.45,22177.65,198,150,0
2025-06-25 02:25:00+00:00,22177.65,22182.15,22177.45,22179.45,174,150,0
2025-06-25 02:30:00+00:00,22178.45,22181.05,22175.95,22176.55,173,150,0
2025-06-25 02:35:00+00:00,22176.45,22182.05,22176.05,22180.45,143,150,0
2025-06-25 02:40:00+00:00,22180.35,22185.35,22178.15,22184.95,211,150,0
2025-06-25 02:45:00+00:00,22184.65,22186.45,22182.35,22183.65,219,150,0
2025-06-25 02:50:00+00:00,22183.65,22186.45,22181.65,22182.15,198,150,0
2025-06-25 02:55:00+00:00,22182.45,22208.15,22182.15,22202.85,534,150,0
2025-06-25 03:00:00+00:00,22203.25,22204.85,22191.95,22193.55,692,170,0
2025-06-25 03:05:00+00:00,22193.25,22206.05,22192.35,22202.15,496,160,0
2025-06-25 03:10:00+00:00,22202.05,22207.15,22196.05,22204.65,480,160,0
2025-06-25 03:15:00+00:00,22204.85,22211.95,22200.45,22204.05,527,160,0
2025-06-25 03:20:00+00:00,22204.35,22205.15,22198.95,22201.95,337,150,0
2025-06-25 03:25:00+00:00,22201.45,22209.55,22198.35,22207.05,423,150,0
2025-06-25 03:30:00+00:00,22207.05,22209.65,22199.05,22199.45,343,150,0
2025-06-25 03:35:00+00:00,22199.15,22199.15,22188.65,22188.95,430,150,0
2025-06-25 03:40:00+00:00,22189.15,22202.35,22189.15,22200.65,369,150,0
2025-06-25 03:45:00+00:00,22201.15,22203.45,22195.05,22196.95,323,150,0
2025-06-25 03:50:00+00:00,22196.65,22204.55,22196.15,22204.45,333,150,0
2025-06-25 03:55:00+00:00,22204.15,22206.85,22199.95,22203.15,285,150,0
2025-06-25 04:00:00+00:00,22203.15,22203.15,22196.05,22197.15,344,150,0
2025-06-25 04:05:00+00:00,22197.15,22197.45,22185.75,22189.75,399,150,0
2025-06-25 04:10:00+00:00,22189.55,22199.65,22188.85,22194.55,328,150,0
2025-06-25 04:15:00+00:00,22194.15,22194.85,22185.55,22185.65,305,150,0
2025-06-25 04:20:00+00:00,22186.15,22187.95,22183.05,22184.95,283,150,0
2025-06-25 04:25:00+00:00,22185.55,22186.15,22174.35,22174.35,398,150,0
2025-06-25 04:30:00+00:00,22174.45,22180.05,22171.65,22179.15,536,150,0
2025-06-25 04:35:00+00:00,22179.15,22183.45,22177.15,22181.15,337,150,0
2025-06-25 04:40:00+00:00,22181.45,22184.45,22177.65,22180.55,315,150,0
2025-06-25 04:45:00+00:00,22180.65,22182.55,22176.05,22177.95,349,150,0
2025-06-25 04:50:00+00:00,22178.05,22179.95,22171.65,22175.65,388,150,0
2025-06-25 04:55:00+00:00,22175.85,22178.45,22172.15,22178.45,321,150,0
2025-06-25 05:00:00+00:00,22178.45,22179.65,22175.45,22176.95,335,150,0
2025-06-25 05:05:00+00:00,22176.95,22178.95,22175.65,22178.65,276,150,0
2025-06-25 05:10:00+00:00,22178.45,22181.05,22176.95,22178.55,198,150,0
2025-06-25 05:15:00+00:00,22178.65,22180.45,22176.95,22178.85,183,150,0
2025-06-25 05:20:00+00:00,22178.45,22179.15,22172.55,22175.15,320,150,0
2025-06-25 05:25:00+00:00,22174.95,22179.45,22174.95,22177.35,196,150,0
2025-06-25 05:30:00+00:00,22177.15,22181.45,22176.15,22181.45,235,150,0
2025-06-25 05:35:00+00:00,22181.35,22181.65,22178.95,22181.05,183,150,0
2025-06-25 05:40:00+00:00,22180.95,22183.95,22180.65,22182.55,210,150,0
2025-06-25 05:45:00+00:00,22182.55,22182.85,22180.15,22181.35,147,150,0
2025-06-25 05:50:00+00:00,22181.35,22183.45,22180.15,22181.45,170,150,0
2025-06-25 05:55:00+00:00,22181.65,22185.15,22178.65,22183.45,218,150,0
2025-06-25 06:00:00+00:00,22184.35,22194.05,22184.35,22193.15,317,150,0
2025-06-25 06:05:00+00:00,22193.35,22196.95,22190.95,22195.35,283,150,0
2025-06-25 06:10:00+00:00,22195.15,22199.35,22191.55,22191.65,255,150,0
2025-06-25 06:15:00+00:00,22191.95,22193.45,22188.95,22192.45,205,150,0
2025-06-25 06:20:00+00:00,22192.55,22196.65,22191.35,22195.95,197,150,0
2025-06-25 06:25:00+00:00,22195.95,22198.95,22194.15,22198.15,184,150,0
2025-06-25 06:30:00+00:00,22198.15,22200.55,22197.45,22198.05,190,150,0
2025-06-25 06:35:00+00:00,22197.95,22198.05,22192.65,22194.55,212,150,0
2025-06-25 06:40:00+00:00,22194.55,22194.65,22188.35,22190.85,246,150,0
2025-06-25 06:45:00+00:00,22190.95,22190.95,22185.05,22185.95,211,150,0
2025-06-25 06:50:00+00:00,22186.05,22188.35,22185.45,22186.65,123,150,0
2025-06-25 06:55:00+00:00,22186.55,22186.65,22184.85,22185.15,157,150,0
2025-06-25 07:00:00+00:00,22185.15,22187.55,22184.65,22187.05,131,150,0
2025-06-25 07:05:00+00:00,22186.95,22191.95,22186.95,22190.55,186,150,0
2025-06-25 07:10:00+00:00,22190.45,22192.95,22190.45,22192.15,158,150,0
2025-06-25 07:15:00+00:00,22192.15,22193.05,22190.95,22191.85,102,150,0
2025-06-25 07:20:00+00:00,22192.55,22194.05,22191.45,22193.45,145,150,0
2025-06-25 07:25:00+00:00,22193.55,22197.15,22193.35,22196.55,152,150,0
2025-06-25 07:30:00+00:00,22196.45,22197.55,22196.05,22196.95,117,150,0
2025-06-25 07:35:00+00:00,22197.15,22197.55,22196.05,22196.45,111,150,0
2025-06-25 07:40:00+00:00,22196.45,22198.15,22196.45,22197.45,119,150,0
2025-06-25 07:45:00+00:00,22197.15,22197.95,22195.15,22197.95,82,150,0
2025-06-25 07:50:00+00:00,22197.65,22203.45,22197.65,22201.85,171,150,0
2025-06-25 07:55:00+00:00,22201.65,22204.95,22201.55,22203.65,134,150,0
2025-06-25 08:00:00+00:00,22203.55,22206.05,22197.95,22204.65,259,150,0
2025-06-25 08:05:00+00:00,22204.85,22209.05,22204.35,22208.85,245,150,0
2025-06-25 08:10:00+00:00,22208.65,22212.55,22207.55,22211.65,290,150,0
2025-06-25 08:15:00+00:00,22212.35,22212.35,22205.85,22208.35,237,150,0
2025-06-25 08:20:00+00:00,22208.55,22212.85,22207.55,22210.15,208,150,0
2025-06-25 08:25:00+00:00,22209.85,22213.55,22208.55,22211.35,209,150,0
2025-06-25 08:30:00+00:00,22211.35,22214.85,22210.05,22212.45,230,150,0
2025-06-25 08:35:00+00:00,22212.05,22214.05,22208.05,22211.15,204,150,0
2025-06-25 08:40:00+00:00,22210.95,22213.05,22208.65,22209.65,190,150,0
2025-06-25 08:45:00+00:00,22209.55,22211.65,22207.45,22209.45,218,150,0
2025-06-25 08:50:00+00:00,22209.45,22210.35,22206.85,22207.15,215,150,0
2025-06-25 08:55:00+00:00,22207.15,22209.95,22204.65,22204.85,220,150,0
2025-06-25 09:00:00+00:00,22204.85,22209.85,22202.55,22202.95,392,150,0
2025-06-25 09:05:00+00:00,22202.95,22209.35,22201.35,22209.35,361,150,0
2025-06-25 09:10:00+00:00,22209.45,22212.45,22205.65,22210.55,307,150,0
2025-06-25 09:15:00+00:00,22210.15,22210.35,22198.45,22200.45,340,150,0
2025-06-25 09:20:00+00:00,22200.55,22204.45,22199.45,22201.85,274,150,0
2025-06-25 09:25:00+00:00,22201.85,22208.95,22201.85,22205.45,317,150,0
2025-06-25 09:30:00+00:00,22205.65,22206.95,22197.85,22203.05,336,150,0
2025-06-25 09:35:00+00:00,22201.15,22207.45,22199.95,22206.15,211,150,0
2025-06-25 09:40:00+00:00,22206.35,22206.55,22203.95,22205.95,185,150,0
2025-06-25 09:45:00+00:00,22206.15,22208.05,22203.65,22204.65,201,150,0
2025-06-25 09:50:00+00:00,22204.95,22205.55,22202.15,22202.65,228,150,0
2025-06-25 09:55:00+00:00,22202.65,22205.95,22198.15,22198.45,301,150,0
2025-06-25 10:00:00+00:00,22198.45,22201.05,22194.05,22201.05,697,150,0
2025-06-25 10:05:00+00:00,22201.05,22201.05,22191.05,22199.05,613,150,0
2025-06-25 10:10:00+00:00,22199.15,22209.35,22196.65,22205.85,668,160,0
2025-06-25 10:15:00+00:00,22206.35,22207.75,22197.05,22197.35,504,160,0
2025-06-25 10:20:00+00:00,22197.85,22200.35,22196.75,22198.95,365,150,0
2025-06-25 10:25:00+00:00,22198.95,22208.05,22198.95,22206.95,475,150,0
2025-06-25 10:30:00+00:00,22207.05,22210.55,22193.95,22197.75,568,150,0
2025-06-25 10:35:00+00:00,22197.35,22205.85,22196.35,22197.65,496,150,0
2025-06-25 10:40:00+00:00,22197.55,22204.05,22191.55,22191.65,462,150,0
2025-06-25 10:45:00+00:00,22191.35,22197.55,22184.25,22192.55,552,160,0
2025-06-25 10:50:00+00:00,22192.75,22200.05,22192.25,22195.15,415,160,0
2025-06-25 10:55:00+00:00,22195.15,22204.05,22194.45,22202.15,451,150,0
2025-06-25 11:00:00+00:00,22202.85,22207.25,22197.95,22200.85,667,150,0
2025-06-25 11:05:00+00:00,22200.05,22201.85,22189.55,22189.75,582,170,0
2025-06-25 11:10:00+00:00,22190.05,22202.15,22188.05,22201.05,613,150,0
2025-06-25 11:15:00+00:00,22201.45,22210.45,22198.15,22198.75,521,150,0
2025-06-25 11:20:00+00:00,22198.65,22205.95,22198.35,22203.15,346,150,0
2025-06-25 11:25:00+00:00,22202.95,22208.15,22195.65,22197.35,474,150,0
2025-06-25 11:30:00+00:00,22197.05,22198.35,22185.65,22197.85,647,160,0
2025-06-25 11:35:00+00:00,22198.05,22198.95,22192.95,22198.65,413,150,0
2025-06-25 11:40:00+00:00,22198.45,22201.95,22195.55,22200.95,332,150,0
2025-06-25 11:45:00+00:00,22200.65,22203.05,22199.05,22200.65,291,150,0
2025-06-25 11:50:00+00:00,22201.05,22202.35,22198.65,22200.55,266,150,0
2025-06-25 11:55:00+00:00,22199.95,22213.05,22199.15,22212.65,376,150,0
2025-06-25 12:00:00+00:00,22213.05,22219.45,22206.25,22208.25,566,150,0
2025-06-25 12:05:00+00:00,22208.25,22216.85,22207.35,22213.55,415,150,0
2025-06-25 12:10:00+00:00,22213.95,22218.95,22212.05,22215.85,348,150,0
2025-06-25 12:15:00+00:00,22215.95,22217.65,22213.55,22217.05,309,150,0
2025-06-25 12:20:00+00:00,22217.05,22231.35,22216.65,22222.85,567,150,0
2025-06-25 12:25:00+00:00,22222.95,22224.55,22209.85,22211.15,504,160,0
2025-06-25 12:30:00+00:00,22210.65,22213.15,22207.15,22211.45,353,150,0
2025-06-25 12:35:00+00:00,22211.45,22214.05,22206.15,22207.35,358,150,0
2025-06-25 12:40:00+00:00,22207.45,22208.55,22205.05,22207.15,232,150,0
2025-06-25 12:45:00+00:00,22207.05,22207.45,22203.55,22204.15,253,150,0
2025-06-25 12:50:00+00:00,22204.45,22207.95,22201.65,22202.55,375,150,0
2025-06-25 12:55:00+00:00,22202.65,22207.85,22200.65,22203.55,309,150,0
2025-06-25 13:00:00+00:00,22203.45,22206.95,22203.05,22204.45,251,150,0
2025-06-25 13:05:00+00:00,22204.35,22205.15,22196.65,22196.95,286,150,0
2025-06-25 13:10:00+00:00,22197.15,22199.65,22192.65,22196.55,461,150,0
2025-06-25 13:15:00+00:00,22196.45,22202.45,22195.85,22200.65,387,150,0
2025-06-25 13:20:00+00:00,22200.85,22202.55,22198.35,22201.55,419,150,0
2025-06-25 13:25:00+00:00,22201.65,22211.65,22201.55,22210.15,345,150,0
2025-06-25 13:30:00+00:00,22209.35,22219.75,22206.25,22219.75,517,150,0
2025-06-25 13:35:00+00:00,22219.65,22226.85,22218.45,22220.85,611,150,0
2025-06-25 13:40:00+00:00,22220.65,22225.05,22217.55,22223.65,388,150,0
2025-06-25 13:45:00+00:00,22223.85,22224.65,22215.95,22218.85,395,150,0
2025-06-25 13:50:00+00:00,22218.55,22225.45,22216.45,22225.15,395,150,0
2025-06-25 13:55:00+00:00,22225.15,22234.35,22222.05,22226.45,573,150,0
2025-06-25 14:00:00+00:00,22227.05,22232.25,22222.05,22231.35,488,150,0
2025-06-25 14:05:00+00:00,22231.45,22234.85,22223.55,22234.05,503,150,0
2025-06-25 14:10:00+00:00,22233.85,22235.05,22228.45,22229.65,391,150,0
2025-06-25 14:15:00+00:00,22229.55,22233.85,22224.05,22233.45,452,150,0
2025-06-25 14:20:00+00:00,22233.45,22238.05,22231.85,22237.15,406,150,0
2025-06-25 14:25:00+00:00,22235.65,22237.65,22232.55,22232.55,388,150,0
2025-06-25 14:30:00+00:00,22232.85,22246.15,22232.55,22240.35,592,150,0
2025-06-25 14:35:00+00:00,22240.55,22241.05,22237.35,22239.35,358,150,0
2025-06-25 14:40:00+00:00,22239.15,22248.75,22237.85,22247.85,535,150,0
2025-06-25 14:45:00+00:00,22247.75,22255.95,22245.85,22255.85,435,150,0
2025-06-25 14:50:00+00:00,22256.05,22269.25,22253.45,22262.25,745,150,0
2025-06-25 14:55:00+00:00,22262.35,22270.65,22261.35,22269.05,587,150,0
2025-06-25 15:00:00+00:00,22268.35,22272.85,22260.55,22263.75,690,150,0
2025-06-25 15:05:00+00:00,22262.75,22269.05,22262.75,22266.45,484,150,0
2025-06-25 15:10:00+00:00,22265.95,22269.45,22262.95,22267.95,445,150,0
2025-06-25 15:15:00+00:00,22268.45,22272.45,22266.85,22268.65,416,150,0
2025-06-25 15:20:00+00:00,22268.55,22269.55,22259.55,22266.55,633,150,0
2025-06-25 15:25:00+00:00,22266.05,22272.85,22265.55,22271.9,452,150,0
2025-06-25 15:30:00+00:00,22271.8,22271.9,22262.55,22263.45,545,150,0
2025-06-25 15:35:00+00:00,22263.35,22273.55,22261.15,22272.75,623,150,0
2025-06-25 15:40:00+00:00,22272.65,22279.55,22270.15,22273.35,523,160,0
2025-06-25 15:45:00+00:00,22272.95,22273.35,22268.95,22269.05,423,150,0
2025-06-25 15:50:00+00:00,22269.05,22281.65,22268.55,22276.55,556,150,0
2025-06-25 15:55:00+00:00,22276.65,22287.55,22274.85,22286.45,591,150,0
2025-06-25 16:00:00+00:00,22286.15,22289.55,22283.85,22287.65,572,150,0
2025-06-25 16:05:00+00:00,22287.35,22287.85,22273.35,22276.05,645,150,0
2025-06-25 16:10:00+00:00,22275.85,22286.35,22275.35,22283.35,570,150,0
2025-06-25 16:15:00+00:00,22283.55,22284.35,22276.05,22280.05,509,150,0
2025-06-25 16:20:00+00:00,22279.85,22286.35,22278.05,22285.55,545,150,0
2025-06-25 16:25:00+00:00,22284.95,22284.95,22273.95,22277.35,821,150,0
2025-06-25 16:30:00+00:00,22277.45,22308.15,22272.25,22296.75,1572,80,0
2025-06-25 16:35:00+00:00,22298.35,22319.85,22296.65,22319.35,1491,90,0
2025-06-25 16:40:00+00:00,22318.65,22326.85,22306.35,22316.75,1439,80,0
2025-06-25 16:45:00+00:00,22317.15,22323.85,22293.45,22293.75,1433,80,0
2025-06-25 16:50:00+00:00,22292.95,22292.95,22264.95,22288.05,1490,80,0
2025-06-25 16:55:00+00:00,22287.95,22312.65,22285.85,22300.15,1426,80,0
2025-06-25 17:00:00+00:00,22301.15,22306.95,22269.85,22282.35,1444,80,0
2025-06-25 17:05:00+00:00,22282.65,22294.85,22273.65,22278.15,1443,90,0
2025-06-25 17:10:00+00:00,22278.15,22283.25,22245.15,22252.95,1447,90,0
2025-06-25 17:15:00+00:00,22253.15,22273.85,22247.65,22258.35,1444,90,0
2025-06-25 17:20:00+00:00,22258.45,22271.55,22244.15,22258.75,1453,80,0
2025-06-25 17:25:00+00:00,22259.05,22276.25,22255.45,22268.55,1410,80,0
2025-06-25 17:30:00+00:00,22269.95,22282.55,22268.95,22280.25,1409,80,0
2025-06-25 17:35:00+00:00,22280.25,22286.15,22270.65,22274.25,1366,80,0
2025-06-25 17:40:00+00:00,22272.85,22295.15,22267.65,22293.15,1304,80,0
2025-06-25 17:45:00+00:00,22293.15,22304.45,22271.35,22275.65,1347,80,0
2025-06-25 17:50:00+00:00,22276.35,22279.35,22257.35,22269.35,1368,80,0
2025-06-25 17:55:00+00:00,22269.25,22281.85,22264.65,22272.65,1229,80,0
2025-06-25 18:00:00+00:00,22272.35,22274.65,22240.15,22244.95,1311,80,0
2025-06-25 18:05:00+00:00,22245.85,22255.15,22232.85,22237.35,1407,80,0
2025-06-25 18:10:00+00:00,22236.95,22248.25,22225.35,22234.95,1282,80,0
2025-06-25 18:15:00+00:00,22235.15,22244.65,22230.65,22235.85,1197,80,0
2025-06-25 18:20:00+00:00,22235.15,22239.65,22226.15,22238.85,1206,80,0
2025-06-25 18:25:00+00:00,22239.25,22251.65,22237.65,22243.15,1137,80,0
2025-06-25 18:30:00+00:00,22243.85,22244.35,22209.65,22218.65,1255,80,0
2025-06-25 18:35:00+00:00,22218.85,22238.85,22214.75,22230.85,1255,80,0
2025-06-25 18:40:00+00:00,22229.85,22232.95,22217.35,22226.65,1148,80,0
2025-06-25 18:45:00+00:00,22226.85,22237.85,22216.15,22234.35,1162,80,0
2025-06-25 18:50:00+00:00,22234.55,22237.55,22226.35,22235.35,1100,80,0
2025-06-25 18:55:00+00:00,22235.55,22242.05,22223.15,22225.05,1132,80,0
2025-06-25 19:00:00+00:00,22224.05,22237.85,22223.35,22228.55,1144,80,0
2025-06-25 19:05:00+00:00,22228.35,22232.85,22214.85,22215.35,1047,80,0
2025-06-25 19:10:00+00:00,22215.35,22226.85,22210.55,22223.65,1021,80,0
2025-06-25 19:15:00+00:00,22223.85,22226.55,22213.55,22213.55,1040,80,0
2025-06-25 19:20:00+00:00,22214.05,22218.05,22200.55,22217.35,1088,80,0
2025-06-25 19:25:00+00:00,22217.15,22222.85,22212.95,22214.55,1021,80,0
2025-06-25 19:30:00+00:00,22214.85,22223.15,22207.95,22211.05,1093,80,0
2025-06-25 19:35:00+00:00,22210.85,22219.55,22201.85,22216.05,1035,80,0
2025-06-25 19:40:00+00:00,22216.35,22217.55,22208.15,22208.15,922,80,0
2025-06-25 19:45:00+00:00,22207.85,22211.55,22190.65,22199.05,1106,80,0
2025-06-25 19:50:00+00:00,22198.65,22222.05,22195.35,22215.55,1056,80,0
2025-06-25 19:55:00+00:00,22215.45,22224.65,22215.35,22222.55,922,80,0
2025-06-25 20:00:00+00:00,22223.15,22226.55,22209.75,22210.35,1019,80,0
2025-06-25 20:05:00+00:00,22210.15,22217.65,22202.25,22204.95,1140,80,0
2025-06-25 20:10:00+00:00,22204.75,22218.85,22201.35,22218.15,960,80,0
2025-06-25 20:15:00+00:00,22218.35,22224.95,22215.35,22223.35,938,80,0
2025-06-25 20:20:00+00:00,22224.15,22240.85,22224.15,22239.15,984,80,0
2025-06-25 20:25:00+00:00,22238.35,22239.35,22230.65,22234.85,920,80,0
2025-06-25 20:30:00+00:00,22235.15,22236.85,22201.25,22207.35,1107,80,0
2025-06-25 20:35:00+00:00,22207.35,22211.65,22194.95,22205.85,1142,80,0
2025-06-25 20:40:00+00:00,22205.75,22206.15,22167.65,22192.85,1388,80,0
2025-06-25 20:45:00+00:00,22193.35,22207.35,22189.45,22201.95,1186,80,0
2025-06-25 20:50:00+00:00,22201.85,22213.85,22188.85,22195.35,1151,80,0
2025-06-25 20:55:00+00:00,22195.15,22195.15,22182.65,22190.65,1099,80,0
2025-06-25 21:00:00+00:00,22190.85,22200.15,22181.35,22198.15,1221,80,0
2025-06-25 21:05:00+00:00,22198.15,22202.45,22187.15,22193.35,1048,80,0
2025-06-25 21:10:00+00:00,22193.35,22203.85,22191.65,22197.85,938,80,0
2025-06-25 21:15:00+00:00,22198.15,22204.85,22195.85,22201.85,966,80,0
2025-06-25 21:20:00+00:00,22201.35,22208.15,22198.85,22202.35,928,80,0
2025-06-25 21:25:00+00:00,22202.15,22212.35,22197.45,22207.35,916,80,0
2025-06-25 21:30:00+00:00,22207.35,22208.65,22191.85,22199.15,1014,80,0
2025-06-25 21:35:00+00:00,22199.35,22201.95,22194.65,22194.65,840,80,0
2025-06-25 21:40:00+00:00,22194.65,22204.15,22187.85,22192.15,914,80,0
2025-06-25 21:45:00+00:00,22192.15,22197.65,22186.85,22189.85,845,80,0
2025-06-25 21:50:00+00:00,22189.85,22196.95,22186.15,22189.15,842,80,0
2025-06-25 21:55:00+00:00,22188.85,22202.85,22187.65,22198.65,839,80,0
2025-06-25 22:00:00+00:00,22198.85,22216.65,22197.35,22209.35,927,80,0
2025-06-25 22:05:00+00:00,22209.45,22226.15,22208.35,22223.65,898,80,0
2025-06-25 22:10:00+00:00,22223.85,22238.35,22222.85,22230.85,985,80,0
2025-06-25 22:15:00+00:00,22230.35,22232.35,22217.85,22227.35,917,80,0
2025-06-25 22:20:00+00:00,22227.35,22231.15,22221.35,22221.85,875,80,0
2025-06-25 22:25:00+00:00,22222.15,22227.65,22218.35,22218.85,861,80,0
2025-06-25 22:30:00+00:00,22219.35,22224.25,22201.15,22210.15,1095,80,0
2025-06-25 22:35:00+00:00,22209.95,22210.35,22199.15,22205.35,975,80,0
2025-06-25 22:40:00+00:00,22205.15,22223.65,22205.15,22219.85,975,80,0
2025-06-25 22:45:00+00:00,22220.15,22222.85,22208.35,22212.15,977,80,0
2025-06-25 22:50:00+00:00,22212.25,22229.85,22212.25,22215.35,1226,80,0
2025-06-25 22:55:00+00:00,22216.15,22243.65,22211.35,22241.45,1291,80,0
2025-06-25 23:00:00+00:00,22241.36,22257.76,22228.66,22252.86,1184,108,0
2025-06-25 23:05:00+00:00,22252.36,22255.16,22238.46,22240.86,677,178,0
2025-06-25 23:10:00+00:00,22241.36,22247.16,22239.66,22245.46,535,168,0
2025-06-25 23:15:00+00:00,22245.96,22252.46,22245.66,22249.06,362,168,0
2025-06-25 23:20:00+00:00,22248.96,22249.16,22236.96,22238.26,372,168,0
2025-06-25 23:25:00+00:00,22238.46,22241.96,22233.96,22234.46,357,168,0
2025-06-25 23:30:00+00:00,22234.66,22240.76,22233.96,22239.66,286,168,0
2025-06-25 23:35:00+00:00,22239.76,22245.76,22239.66,22245.56,298,168,0
2025-06-25 23:40:00+00:00,22245.56,22246.46,22241.46,22242.96,327,168,0
2025-06-25 23:45:00+00:00,22242.66,22245.16,22241.26,22243.96,317,168,0
2025-06-26 01:05:00+00:00,22248.16,22250.26,22245.06,22249.06,246,168,0
2025-06-26 01:10:00+00:00,22248.96,22268.16,22248.66,22259.46,494,168,0
2025-06-26 01:15:00+00:00,22259.56,22259.56,22250.86,22253.16,311,168,0
2025-06-26 01:20:00+00:00,22254.16,22254.46,22244.76,22249.06,271,168,0
2025-06-26 01:25:00+00:00,22249.16,22249.16,22236.46,22238.66,275,168,0
2025-06-26 01:30:00+00:00,22238.96,22247.66,22238.96,22244.96,307,168,0
2025-06-26 01:35:00+00:00,22245.06,22245.26,22234.16,22235.46,243,168,0
2025-06-26 01:40:00+00:00,22235.66,22239.46,22234.06,22234.56,244,168,0
2025-06-26 01:45:00+00:00,22234.76,22240.26,22233.76,22239.46,193,168,0
2025-06-26 01:50:00+00:00,22239.66,22241.46,22237.16,22241.16,161,168,0
2025-06-26 01:55:00+00:00,22241.46,22244.76,22241.16,22244.16,180,168,0
2025-06-26 02:00:00+00:00,22244.25,22246.25,22222.75,22223.45,563,150,0
2025-06-26 02:05:00+00:00,22223.75,22241.05,22219.15,22240.65,553,170,0
2025-06-26 02:10:00+00:00,22240.65,22245.95,22239.45,22240.85,377,150,0
2025-06-26 02:15:00+00:00,22240.65,22241.05,22230.35,22237.95,336,150,0
2025-06-26 02:20:00+00:00,22238.75,22238.75,22231.25,22233.15,218,150,0
2025-06-26 02:25:00+00:00,22232.85,22236.85,22220.55,22227.25,373,150,0
2025-06-26 02:30:00+00:00,22227.15,22229.75,22220.95,22225.55,345,160,0
2025-06-26 02:35:00+00:00,22225.85,22234.25,22225.85,22234.25,276,150,0
2025-06-26 02:40:00+00:00,22234.15,22243.35,22232.95,22233.75,357,150,0
2025-06-26 02:45:00+00:00,22234.05,22241.95,22233.05,22238.65,287,150,0
2025-06-26 02:50:00+00:00,22238.65,22243.15,22236.05,22242.15,291,150,0
2025-06-26 02:55:00+00:00,22242.35,22249.65,22241.35,22245.25,333,150,0
2025-06-26 03:00:00+00:00,22245.25,22248.75,22237.45,22242.05,641,150,0
2025-06-26 03:05:00+00:00,22242.55,22247.45,22238.95,22243.55,429,150,0
2025-06-26 03:10:00+00:00,22243.45,22252.05,22242.55,22251.55,362,150,0
2025-06-26 03:15:00+00:00,22251.55,22256.05,22243.95,22249.75,507,150,0
2025-06-26 03:20:00+00:00,22249.45,22252.85,22248.05,22251.25,265,150,0
2025-06-26 03:25:00+00:00,22251.25,22258.05,22250.25,22256.55,344,150,0
2025-06-26 03:30:00+00:00,22257.25,22258.55,22252.15,22257.05,343,150,0
2025-06-26 03:35:00+00:00,22257.05,22260.25,22255.25,22257.75,342,150,0
2025-06-26 03:40:00+00:00,22257.65,22261.55,22255.05,22258.25,276,150,0
2025-06-26 03:45:00+00:00,22258.15,22260.75,22255.65,22260.35,309,150,0
2025-06-26 03:50:00+00:00,22260.25,22260.65,22255.05,22259.65,319,150,0
2025-06-26 03:55:00+00:00,22259.65,22261.05,22255.75,22256.75,285,150,0
2025-06-26 04:00:00+00:00,22256.75,22260.05,22252.05,22257.15,414,150,0
2025-06-26 04:05:00+00:00,22257.25,22258.35,22253.15,22256.25,323,150,0
2025-06-26 04:10:00+00:00,22256.55,22259.65,22250.05,22254.55,333,150,0
2025-06-26 04:15:00+00:00,22254.55,22257.55,22252.05,22255.05,282,150,0
2025-06-26 04:20:00+00:00,22254.75,22255.05,22246.15,22248.75,362,150,0
2025-06-26 04:25:00+00:00,22248.75,22249.85,22246.05,22248.55,225,150,0
2025-06-26 04:30:00+00:00,22248.25,22248.25,22242.55,22244.55,382,150,0
2025-06-26 04:35:00+00:00,22244.75,22247.75,22244.05,22246.35,272,150,0
2025-06-26 04:40:00+00:00,22246.55,22248.65,22243.75,22246.05,321,150,0
2025-06-26 04:45:00+00:00,22246.15,22248.15,22244.25,22246.55,235,150,0
2025-06-26 04:50:00+00:00,22246.75,22250.25,22244.55,22249.15,257,150,0
2025-06-26 04:55:00+00:00,22249.15,22251.65,22245.25,22248.35,246,150,0
2025-06-26 05:00:00+00:00,22248.35,22253.35,22248.05,22253.15,284,150,0
2025-06-26 05:05:00+00:00,22253.05,22259.85,22251.55,22259.25,290,150,0
2025-06-26 05:10:00+00:00,22259.25,22265.55,22258.55,22263.25,377,150,0
2025-06-26 05:15:00+00:00,22263.35,22264.75,22253.75,22257.05,377,150,0
2025-06-26 05:20:00+00:00,22257.25,22258.75,22254.55,22257.05,257,150,0
2025-06-26 05:25:00+00:00,22257.25,22259.05,22256.15,22257.75,197,150,0
2025-06-26 05:30:00+00:00,22258.25,22259.55,22254.75,22257.85,207,150,0
2025-06-26 05:35:00+00:00,22257.55,22259.75,22256.05,22257.05,197,150,0
2025-06-26 05:40:00+00:00,22256.85,22256.85,22250.25,22252.75,237,150,0
2025-06-26 05:45:00+00:00,22252.85,22256.15,22251.65,22253.75,212,150,0
2025-06-26 05:50:00+00:00,22254.05,22259.75,22252.85,22259.05,290,150,0
2025-06-26 05:55:00+00:00,22259.05,22260.35,22256.65,22258.05,212,150,0
2025-06-26 06:00:00+00:00,22258.15,22263.75,22258.15,22263.05,263,150,0
2025-06-26 06:05:00+00:00,22263.25,22266.55,22259.35,22259.75,314,150,0
2025-06-26 06:10:00+00:00,22260.55,22265.25,22259.05,22264.75,245,150,0
2025-06-26 06:15:00+00:00,22264.65,22273.75,22263.55,22268.25,281,150,0
2025-06-26 06:20:00+00:00,22268.05,22275.85,22265.55,22273.75,359,150,0
2025-06-26 06:25:00+00:00,22273.55,22277.15,22272.55,22275.65,279,150,0
2025-06-26 06:30:00+00:00,22275.55,22278.55,22275.05,22276.75,240,150,0
2025-06-26 06:35:00+00:00,22276.75,22283.75,22275.85,22281.85,325,150,0
2025-06-26 06:40:00+00:00,22282.05,22282.05,22276.15,22278.25,281,150,0
2025-06-26 06:45:00+00:00,22277.55,22278.55,22273.85,22274.75,236,150,0
2025-06-26 06:50:00+00:00,22274.55,22277.15,22272.35,22274.65,312,150,0
2025-06-26 06:55:00+00:00,22274.55,22277.15,22274.05,22275.65,214,150,0
2025-06-26 07:00:00+00:00,22275.55,22277.75,22270.65,22272.65,294,150,0
2025-06-26 07:05:00+00:00,22272.55,22276.55,22271.55,22276.55,197,150,0
2025-06-26 07:10:00+00:00,22276.35,22278.25,22275.25,22277.65,212,150,0
2025-06-26 07:15:00+00:00,22277.55,22278.65,22273.55,22273.55,182,150,0
2025-06-26 07:20:00+00:00,22273.55,22274.75,22271.25,22272.25,187,150,0
2025-06-26 07:25:00+00:00,22272.25,22278.25,22271.65,22276.65,201,150,0
2025-06-26 07:30:00+00:00,22276.55,22279.35,22276.05,22277.25,143,150,0
2025-06-26 07:35:00+00:00,22277.15,22277.55,22275.85,22276.55,135,150,0
2025-06-26 07:40:00+00:00,22276.55,22283.85,22276.35,22282.75,214,150,0
2025-06-26 07:45:00+00:00,22282.35,22284.65,22277.65,22279.35,192,150,0
2025-06-26 07:50:00+00:00,22279.55,22282.75,22278.35,22282.55,142,150,0
2025-06-26 07:55:00+00:00,22282.65,22286.75,22282.35,22285.65,233,150,0
2025-06-26 08:00:00+00:00,22285.55,22285.75,22279.35,22281.85,262,150,0
2025-06-26 08:05:00+00:00,22281.55,22281.65,22275.65,22278.75,234,150,0
2025-06-26 08:10:00+00:00,22278.75,22283.15,22277.85,22278.85,224,150,0
2025-06-26 08:15:00+00:00,22278.65,22280.65,22276.85,22277.55,196,150,0
2025-06-26 08:20:00+00:00,22277.35,22279.35,22274.85,22275.85,232,150,0
2025-06-26 08:25:00+00:00,22276.05,22279.85,22274.75,22277.35,181,150,0
2025-06-26 08:30:00+00:00,22277.55,22282.35,22276.55,22282.15,227,150,0
2025-06-26 08:35:00+00:00,22282.85,22284.15,22277.35,22277.75,364,150,0
2025-06-26 08:40:00+00:00,22277.55,22280.15,22276.05,22279.55,230,150,0
2025-06-26 08:45:00+00:00,22279.65,22284.15,22279.55,22281.75,206,150,0
2025-06-26 08:50:00+00:00,22282.25,22287.05,22281.35,22284.75,303,150,0
2025-06-26 08:55:00+00:00,22284.55,22292.55,22284.05,22292.05,354,150,0
2025-06-26 09:00:00+00:00,22291.55,22295.35,22289.05,22295.15,503,150,0
2025-06-26 09:05:00+00:00,22295.05,22303.85,22294.85,22300.35,497,150,0
2025-06-26 09:10:00+00:00,22300.65,22300.65,22294.85,22295.35,455,150,0
2025-06-26 09:15:00+00:00,22295.25,22297.75,22292.25,22295.75,360,150,0
2025-06-26 09:20:00+00:00,22295.55,22298.05,22293.55,22295.85,260,150,0
2025-06-26 09:25:00+00:00,22296.05,22304.05,22295.25,22300.45,438,150,0
2025-06-26 09:30:00+00:00,22300.75,22300.75,22294.85,22297.55,398,150,0
2025-06-26 09:35:00+00:00,22297.75,22300.85,22294.65,22296.75,320,150,0
2025-06-26 09:40:00+00:00,22296.75,22303.85,22296.75,22303.25,325,150,0
2025-06-26 09:45:00+00:00,22303.25,22316.25,22302.65,22314.85,487,150,0
2025-06-26 09:50:00+00:00,22314.75,22323.65,22313.25,22315.65,398,150,0
2025-06-26 09:55:00+00:00,22315.65,22318.75,22312.45,22313.55,385,150,0
2025-06-26 10:00:00+00:00,22313.75,22318.35,22309.35,22311.25,739,150,0
2025-06-26 10:05:00+00:00,22311.05,22315.55,22307.95,22309.75,561,150,0
2025-06-26 10:10:00+00:00,22309.95,22316.65,22309.95,22313.15,491,150,0
2025-06-26 10:15:00+00:00,22313.55,22336.25,22311.35,22319.25,699,150,0
2025-06-26 10:20:00+00:00,22319.25,22319.45,22308.35,22314.85,601,160,0
2025-06-26 10:25:00+00:00,22315.05,22315.55,22304.55,22307.35,568,150,0
2025-06-26 10:30:00+00:00,22307.35,22313.45,22305.25,22307.05,535,150,0
2025-06-26 10:35:00+00:00,22306.85,22317.35,22306.05,22312.95,511,150,0
2025-06-26 10:40:00+00:00,22312.75,22315.65,22310.25,22314.55,418,150,0
2025-06-26 10:45:00+00:00,22314.35,22317.85,22311.75,22316.75,396,150,0
2025-06-26 10:50:00+00:00,22316.85,22322.05,22313.65,22315.05,385,150,0
2025-06-26 10:55:00+00:00,22315.05,22316.25,22311.35,22312.55,393,150,0
2025-06-26 11:00:00+00:00,22312.65,22319.65,22306.65,22318.55,689,150,0
2025-06-26 11:05:00+00:00,22320.25,22330.65,22318.15,22322.05,680,170,0
2025-06-26 11:10:00+00:00,22322.15,22334.85,22322.15,22332.85,574,160,0
2025-06-26 11:15:00+00:00,22332.55,22340.45,22330.75,22338.95,549,150,0
2025-06-26 11:20:00+00:00,22338.95,22347.25,22337.35,22347.15,571,150,0
2025-06-26 11:25:00+00:00,22347.35,22357.35,22346.35,22348.95,626,150,0
2025-06-26 11:30:00+00:00,22349.25,22350.95,22342.75,22347.85,499,150,0
2025-06-26 11:35:00+00:00,22347.75,22356.85,22343.85,22344.05,564,150,0
2025-06-26 11:40:00+00:00,22345.45,22348.05,22341.85,22343.85,417,150,0
2025-06-26 11:45:00+00:00,22343.25,22347.65,22341.35,22344.75,321,150,0
2025-06-26 11:50:00+00:00,22344.85,22347.85,22340.65,22342.65,431,150,0
2025-06-26 11:55:00+00:00,22341.75,22343.55,22340.05,22342.25,306,150,0
2025-06-26 12:00:00+00:00,22342.35,22346.75,22340.75,22346.65,389,150,0
2025-06-26 12:05:00+00:00,22346.25,22346.65,22341.05,22342.75,366,150,0
2025-06-26 12:10:00+00:00,22342.85,22343.75,22334.35,22337.35,394,150,0
2025-06-26 12:15:00+00:00,22337.55,22347.85,22337.15,22338.75,439,150,0
2025-06-26 12:20:00+00:00,22338.15,22342.05,22335.65,22335.65,359,150,0
2025-06-26 12:25:00+00:00,22335.15,22339.15,22331.55,22335.55,411,150,0
2025-06-26 12:30:00+00:00,22335.55,22336.15,22324.25,22333.45,542,150,0
2025-06-26 12:35:00+00:00,22333.25,22336.15,22330.05,22330.75,406,150,0
2025-06-26 12:40:00+00:00,22330.55,22332.55,22325.55,22328.35,377,150,0
2025-06-26 12:45:00+00:00,22328.55,22333.55,22326.35,22331.55,323,150,0
2025-06-26 12:50:00+00:00,22331.75,22334.25,22330.05,22334.15,255,150,0
2025-06-26 12:55:00+00:00,22334.25,22334.85,22330.05,22331.15,320,150,0
2025-06-26 13:00:00+00:00,22331.15,22334.05,22322.05,22327.15,497,150,0
2025-06-26 13:05:00+00:00,22327.25,22339.75,22327.05,22337.35,467,150,0
2025-06-26 13:10:00+00:00,22336.85,22343.65,22336.65,22343.25,342,150,0
2025-06-26 13:15:00+00:00,22343.35,22350.65,22342.35,22350.25,392,150,0
2025-06-26 13:20:00+00:00,22350.35,22360.75,22350.15,22354.95,505,150,0
2025-06-26 13:25:00+00:00,22355.25,22359.35,22352.05,22352.65,439,150,0
2025-06-26 13:30:00+00:00,22353.05,22356.75,22352.05,22352.65,298,150,0
2025-06-26 13:35:00+00:00,22352.85,22353.75,22348.65,22351.75,315,150,0
2025-06-26 13:40:00+00:00,22352.05,22353.55,22344.05,22345.35,388,150,0
2025-06-26 13:45:00+00:00,22345.35,22349.55,22341.75,22348.15,385,150,0
2025-06-26 13:50:00+00:00,22348.15,22353.35,22341.15,22342.55,458,150,0
2025-06-26 13:55:00+00:00,22342.05,22343.15,22336.85,22337.75,478,150,0
2025-06-26 14:00:00+00:00,22339.55,22340.75,22335.05,22338.05,543,150,0
2025-06-26 14:05:00+00:00,22338.35,22349.75,22337.55,22349.75,550,150,0
2025-06-26 14:10:00+00:00,22349.65,22353.25,22344.85,22349.55,475,150,0
2025-06-26 14:15:00+00:00,22349.65,22354.15,22341.25,22351.55,521,150,0
2025-06-26 14:20:00+00:00,22350.85,22353.25,22344.35,22344.75,393,150,0
2025-06-26 14:25:00+00:00,22344.35,22346.65,22339.05,22346.65,418,150,0
2025-06-26 14:30:00+00:00,22346.35,22348.65,22342.85,22347.35,419,150,0
2025-06-26 14:35:00+00:00,22347.55,22352.35,22341.15,22343.35,446,150,0
2025-06-26 14:40:00+00:00,22343.25,22343.85,22337.25,22338.75,435,150,0
2025-06-26 14:45:00+00:00,22339.05,22346.05,22336.85,22343.85,424,150,0
2025-06-26 14:50:00+00:00,22343.85,22354.85,22343.85,22353.05,430,150,0
2025-06-26 14:55:00+00:00,22353.15,22357.65,22352.55,22357.55,458,150,0
2025-06-26 15:00:00+00:00,22358.35,22360.85,22355.15,22360.35,507,150,0
2025-06-26 15:05:00+00:00,22360.35,22365.35,22353.55,22353.75,531,150,0
2025-06-26 15:10:00+00:00,22353.65,22359.35,22352.55,22353.65,367,150,0
2025-06-26 15:15:00+00:00,22354.05,22356.15,22350.65,22355.65,443,150,0
2025-06-26 15:20:00+00:00,22355.65,22356.15,22348.15,22352.05,439,150,0
2025-06-26 15:25:00+00:00,22351.85,22358.15,22351.15,22354.34,570,150,0
2025-06-26 15:30:00+00:00,22354.34,22358.64,22301.25,22315.95,1180,210,0
2025-06-26 15:35:00+00:00,22314.75,22327.25,22314.45,22325.55,1098,200,0
2025-06-26 15:40:00+00:00,22324.65,22335.65,22320.85,22335.05,829,170,0
2025-06-26 15:45:00+00:00,22335.55,22344.45,22329.95,22331.65,813,170,0
2025-06-26 15:50:00+00:00,22331.45,22334.95,22318.65,22324.65,811,170,0
2025-06-26 15:55:00+00:00,22324.85,22336.65,22324.25,22335.25,720,160,0
2025-06-26 16:00:00+00:00,22334.25,22335.95,22310.85,22312.65,904,160,0
2025-06-26 16:05:00+00:00,22312.75,22321.25,22310.65,22317.05,894,170,0
2025-06-26 16:10:00+00:00,22316.95,22319.55,22311.05,22315.55,761,160,0
2025-06-26 16:15:00+00:00,22315.05,22330.35,22310.35,22324.75,805,160,0
2025-06-26 16:20:00+00:00,22324.75,22336.05,22324.75,22330.55,839,160,0
2025-06-26 16:25:00+00:00,22328.95,22342.25,22326.05,22332.25,1012,160,0
2025-06-26 16:30:00+00:00,22334.55,22346.75,22298.45,22316.05,1613,80,0
2025-06-26 16:35:00+00:00,22317.55,22326.15,22279.85,22297.05,1569,110,0
2025-06-26 16:40:00+00:00,22296.95,22311.85,22276.25,22304.65,1520,90,0
2025-06-26 16:45:00+00:00,22306.05,22314.15,22270.65,22278.65,1515,100,0
2025-06-26 16:50:00+00:00,22279.05,22296.55,22257.55,22290.85,1491,90,0
2025-06-26 16:55:00+00:00,22290.45,22327.45,22288.45,22325.15,1405,80,0
2025-06-26 17:00:00+00:00,22324.95,22349.15,22324.95,22344.65,1466,80,0
2025-06-26 17:05:00+00:00,22344.65,22350.85,22320.05,22327.95,1453,80,0
2025-06-26 17:10:00+00:00,22327.85,22346.95,22326.85,22333.35,1417,80,0
2025-06-26 17:15:00+00:00,22333.65,22347.25,22326.95,22335.95,1319,80,0
2025-06-26 17:20:00+00:00,22336.75,22355.65,22335.25,22352.35,1296,80,0
2025-06-26 17:25:00+00:00,22352.35,22355.25,22345.65,22350.15,1232,80,0
2025-06-26 17:30:00+00:00,22349.35,22376.95,22347.45,22361.15,1343,80,0
2025-06-26 17:35:00+00:00,22360.95,22362.65,22350.95,22357.75,1189,80,0
2025-06-26 17:40:00+00:00,22357.45,22357.95,22343.25,22343.85,1198,80,0
2025-06-26 17:45:00+00:00,22343.95,22360.25,22338.85,22358.95,1125,80,0
2025-06-26 17:50:00+00:00,22358.65,22359.25,22350.45,22357.25,1130,80,0
2025-06-26 17:55:00+00:00,22357.35,22357.65,22347.95,22351.35,1097,80,0
2025-06-26 18:00:00+00:00,22351.15,22365.15,22348.85,22363.75,1087,80,0
2025-06-26 18:05:00+00:00,22363.75,22366.15,22356.75,22364.15,1048,80,0
2025-06-26 18:10:00+00:00,22364.15,22374.85,22359.15,22366.65,1010,80,0
2025-06-26 18:15:00+00:00,22366.35,22385.65,22366.35,22380.15,1085,80,0
2025-06-26 18:20:00+00:00,22379.85,22390.55,22378.75,22383.35,1093,80,0
2025-06-26 18:25:00+00:00,22383.75,22383.75,22343.15,22344.25,1231,80,0
2025-06-26 18:30:00+00:00,22344.55,22361.05,22331.15,22359.95,1323,80,0
2025-06-26 18:35:00+00:00,22359.95,22377.35,22359.35,22376.65,1073,80,0
2025-06-26 18:40:00+00:00,22376.65,22384.15,22371.65,22373.35,933,80,0
2025-06-26 18:45:00+00:00,22373.35,22388.65,22373.15,22376.65,959,80,0
2025-06-26 18:50:00+00:00,22376.85,22394.75,22371.15,22391.65,978,80,0
2025-06-26 18:55:00+00:00,22391.35,22393.85,22381.55,22389.85,915,80,0
2025-06-26 19:00:00+00:00,22389.65,22411.55,22386.15,22408.15,1111,80,0
2025-06-26 19:05:00+00:00,22408.35,22408.85,22398.55,22399.85,883,80,0
2025-06-26 19:10:00+00:00,22399.65,22404.35,22395.85,22399.25,896,80,0
2025-06-26 19:15:00+00:00,22400.15,22403.15,22395.15,22401.15,820,80,0
2025-06-26 19:20:00+00:00,22401.15,22407.85,22397.75,22398.25,814,80,0
2025-06-26 19:25:00+00:00,22398.35,22401.15,22389.65,22392.15,835,80,0
2025-06-26 19:30:00+00:00,22391.75,22401.35,22388.65,22394.65,832,80,0
2025-06-26 19:35:00+00:00,22394.75,22396.25,22378.65,22382.55,918,80,0
2025-06-26 19:40:00+00:00,22382.35,22387.25,22378.35,22378.75,805,80,0
2025-06-26 19:45:00+00:00,22378.85,22386.15,22374.75,22381.15,858,80,0
2025-06-26 19:50:00+00:00,22381.05,22389.65,22378.15,22380.65,757,80,0
2025-06-26 19:55:00+00:00,22380.35,22385.15,22376.85,22385.15,752,80,0
2025-06-26 20:00:00+00:00,22385.15,22396.25,22375.65,22395.65,911,80,0
2025-06-26 20:05:00+00:00,22395.15,22400.35,22391.85,22397.85,807,80,0
2025-06-26 20:10:00+00:00,22397.85,22406.35,22397.85,22402.65,830,80,0
2025-06-26 20:15:00+00:00,22402.65,22410.55,22400.15,22404.35,904,80,0
2025-06-26 20:20:00+00:00,22403.25,22413.65,22402.85,22407.85,832,80,0
2025-06-26 20:25:00+00:00,22408.15,22416.65,22407.65,22412.65,779,80,0
2025-06-26 20:30:00+00:00,22412.65,22421.75,22412.65,22417.35,837,80,0
2025-06-26 20:35:00+00:00,22417.15,22422.85,22416.25,22422.15,817,80,0
2025-06-26 20:40:00+00:00,22422.35,22429.15,22418.35,22422.65,812,80,0
2025-06-26 20:45:00+00:00,22422.85,22424.65,22415.25,22415.75,751,80,0
2025-06-26 20:50:00+00:00,22415.75,22421.65,22415.25,22416.15,759,80,0
2025-06-26 20:55:00+00:00,22416.15,22424.85,22414.55,22417.85,784,80,0
2025-06-26 21:00:00+00:00,22418.65,22426.25,22412.65,22423.55,831,80,0
2025-06-26 21:05:00+00:00,22423.55,22446.25,22422.75,22439.85,1176,80,0
2025-06-26 21:10:00+00:00,22439.75,22455.65,22435.25,22451.85,963,80,0
2025-06-26 21:15:00+00:00,22451.85,22462.55,22448.65,22452.85,1045,80,0
2025-06-26 21:20:00+00:00,22453.15,22464.05,22451.65,22459.15,775,80,0
2025-06-26 21:25:00+00:00,22459.15,22460.55,22450.55,22451.15,830,80,0
2025-06-26 21:30:00+00:00,22451.35,22461.15,22451.35,22458.25,712,80,0
2025-06-26 21:35:00+00:00,22458.35,22459.15,22444.15,22445.45,857,80,0
2025-06-26 21:40:00+00:00,22445.65,22448.55,22441.95,22447.95,776,80,0
2025-06-26 21:45:00+00:00,22447.95,22453.65,22431.95,22438.65,912,80,0
2025-06-26 21:50:00+00:00,22438.35,22444.45,22434.95,22441.55,873,80,0
2025-06-26 21:55:00+00:00,22441.15,22445.45,22434.35,22444.05,755,80,0
2025-06-26 22:00:00+00:00,22444.45,22450.65,22442.05,22446.45,811,80,0
2025-06-26 22:05:00+00:00,22446.45,22446.95,22437.95,22444.35,798,80,0
2025-06-26 22:10:00+00:00,22444.15,22448.65,22436.05,22437.05,809,80,0
2025-06-26 22:15:00+00:00,22437.05,22446.15,22430.85,22446.15,923,80,0
2025-06-26 22:20:00+00:00,22446.05,22452.45,22442.45,22452.45,812,80,0
2025-06-26 22:25:00+00:00,22452.35,22456.55,22447.45,22448.65,814,80,0
2025-06-26 22:30:00+00:00,22448.45,22453.95,22443.15,22450.15,854,80,0
2025-06-26 22:35:00+00:00,22449.85,22451.45,22438.45,22438.95,811,80,0
2025-06-26 22:40:00+00:00,22438.95,22442.45,22432.15,22436.15,896,80,0
2025-06-26 22:45:00+00:00,22436.45,22451.65,22430.95,22450.15,896,80,0
2025-06-26 22:50:00+00:00,22443.85,22469.95,22442.95,22456.95,1251,80,0
2025-06-26 22:55:00+00:00,22445.65,22464.35,22437.35,22450.05,1368,80,0
2025-06-26 23:00:00+00:00,22450.56,22450.56,22417.56,22425.46,1130,108,0
2025-06-26 23:05:00+00:00,22425.36,22437.66,22423.56,22432.86,840,188,0
2025-06-26 23:10:00+00:00,22433.36,22433.76,22428.26,22429.46,535,168,0
2025-06-26 23:15:00+00:00,22429.76,22438.76,22424.76,22438.76,450,168,0
2025-06-26 23:20:00+00:00,22438.66,22449.16,22435.96,22447.16,542,168,0
2025-06-26 23:25:00+00:00,22446.96,22447.46,22441.66,22442.86,488,168,0
2025-06-26 23:30:00+00:00,22442.66,22450.66,22439.66,22450.06,423,168,0
2025-06-26 23:35:00+00:00,22449.86,22452.66,22449.06,22452.36,258,168,0
2025-06-26 23:40:00+00:00,22452.36,22453.26,22448.06,22451.16,275,168,0
2025-06-26 23:45:00+00:00,22450.86,22453.36,22448.66,22449.36,284,168,0
2025-06-27 01:05:00+00:00,22459.86,22474.86,22458.96,22472.76,453,178,0
2025-06-27 01:10:00+00:00,22472.96,22475.96,22460.06,22462.16,511,178,0
2025-06-27 01:15:00+00:00,22462.26,22469.26,22460.56,22468.06,346,178,0
2025-06-27 01:20:00+00:00,22468.76,22474.36,22466.36,22473.06,395,168,0
2025-06-27 01:25:00+00:00,22472.56,22488.16,22470.06,22479.16,491,178,0
2025-06-27 01:30:00+00:00,22478.86,22480.56,22473.76,22476.56,278,168,0
2025-06-27 01:35:00+00:00,22476.56,22481.06,22474.86,22477.26,247,168,0
2025-06-27 01:40:00+00:00,22477.06,22482.66,22472.76,22473.56,262,168,0
2025-06-27 01:45:00+00:00,22473.56,22476.76,22472.06,22474.86,193,168,0
2025-06-27 01:50:00+00:00,22475.06,22479.76,22474.56,22477.06,191,168,0
2025-06-27 01:55:00+00:00,22476.56,22478.16,22472.26,22473.86,155,168,0
2025-06-27 02:00:00+00:00,22473.66,22478.95,22467.95,22471.75,244,150,0
2025-06-27 02:05:00+00:00,22471.65,22471.65,22461.85,22465.15,330,150,0
2025-06-27 02:10:00+00:00,22463.85,22463.85,22453.55,22455.05,349,150,0
2025-06-27 02:15:00+00:00,22455.05,22457.85,22449.85,22455.35,343,150,0
2025-06-27 02:20:00+00:00,22455.15,22466.65,22455.15,22463.65,296,150,0
2025-06-27 02:25:00+00:00,22463.65,22466.35,22457.15,22464.45,235,150,0
2025-06-27 02:30:00+00:00,22464.35,22464.85,22457.85,22462.65,206,150,0
2025-06-27 02:35:00+00:00,22462.85,22463.15,22457.85,22460.15,167,150,0
2025-06-27 02:40:00+00:00,22459.85,22464.25,22455.85,22463.35,191,150,0
2025-06-27 02:45:00+00:00,22463.45,22465.95,22458.65,22459.45,354,150,0
2025-06-27 02:50:00+00:00,22459.35,22462.35,22449.65,22461.35,420,150,0
2025-06-27 02:55:00+00:00,22461.55,22462.45,22456.15,22456.25,249,150,0
2025-06-27 03:00:00+00:00,22456.95,22464.55,22455.65,22457.65,612,150,0
2025-06-27 03:05:00+00:00,22458.05,22470.15,22457.85,22465.05,564,160,0
2025-06-27 03:10:00+00:00,22465.15,22467.35,22447.75,22449.15,548,160,0
2025-06-27 03:15:00+00:00,22449.25,22467.05,22449.25,22463.05,640,170,0
2025-06-27 03:20:00+00:00,22463.25,22468.55,22459.35,22460.05,391,160,0
2025-06-27 03:25:00+00:00,22460.15,22466.45,22457.45,22463.85,359,150,0
2025-06-27 03:30:00+00:00,22463.85,22464.45,22454.35,22457.95,356,150,0
2025-06-27 03:35:00+00:00,22457.95,22463.45,22455.35,22461.35,273,150,0
2025-06-27 03:40:00+00:00,22461.25,22461.85,22454.25,22459.25,340,150,0
2025-06-27 03:45:00+00:00,22459.45,22465.05,22456.45,22460.45,290,150,0
2025-06-27 03:50:00+00:00,22460.45,22460.45,22455.35,22455.55,254,150,0
2025-06-27 03:55:00+00:00,22455.95,22456.75,22448.45,22449.45,358,150,0
2025-06-27 04:00:00+00:00,22449.25,22454.25,22446.95,22450.05,434,150,0
2025-06-27 04:05:00+00:00,22450.05,22451.75,22447.25,22449.35,297,150,0
2025-06-27 04:10:00+00:00,22449.25,22453.25,22448.25,22451.55,296,150,0
2025-06-27 04:15:00+00:00,22451.35,22455.25,22451.35,22454.85,289,150,0
2025-06-27 04:20:00+00:00,22454.95,22455.05,22449.95,22453.25,242,150,0
2025-06-27 04:25:00+00:00,22453.35,22456.45,22450.95,22455.75,208,150,0
2025-06-27 04:30:00+00:00,22455.75,22455.75,22444.45,22450.65,439,150,0
2025-06-27 04:35:00+00:00,22450.85,22452.85,22447.55,22450.95,306,150,0
2025-06-27 04:40:00+00:00,22450.85,22454.55,22449.45,22454.25,285,150,0
2025-06-27 04:45:00+00:00,22454.45,22458.55,22452.55,22457.75,315,150,0
2025-06-27 04:50:00+00:00,22457.95,22471.75,22455.05,22469.45,407,150,0
2025-06-27 04:55:00+00:00,22469.35,22469.35,22459.25,22462.45,338,150,0
2025-06-27 05:00:00+00:00,22462.55,22464.25,22458.05,22463.05,285,150,0
2025-06-27 05:05:00+00:00,22463.25,22466.45,22459.95,22465.35,275,150,0
2025-06-27 05:10:00+00:00,22465.45,22469.25,22464.95,22468.95,232,150,0
2025-06-27 05:15:00+00:00,22468.95,22477.25,22466.75,22473.95,325,150,0
2025-06-27 05:20:00+00:00,22474.55,22475.95,22470.75,22475.45,297,150,0
2025-06-27 05:25:00+00:00,22475.45,22477.95,22473.95,22475.55,220,150,0
2025-06-27 05:30:00+00:00,22475.45,22476.55,22471.45,22471.45,292,150,0
2025-06-27 05:35:00+00:00,22471.45,22471.85,22466.25,22467.25,293,150,0
2025-06-27 05:40:00+00:00,22467.05,22473.35,22465.95,22472.75,227,150,0
2025-06-27 05:45:00+00:00,22473.05,22473.85,22470.35,22471.45,225,150,0
2025-06-27 05:50:00+00:00,22471.75,22475.05,22471.75,22474.95,156,150,0
2025-06-27 05:55:00+00:00,22474.75,22478.35,22474.45,22477.25,210,150,0
2025-06-27 06:00:00+00:00,22477.25,22485.85,22476.95,22485.35,391,150,0
2025-06-27 06:05:00+00:00,22485.45,22486.95,22482.35,22486.05,263,150,0
2025-06-27 06:10:00+00:00,22485.75,22485.95,22478.85,22479.75,241,150,0
2025-06-27 06:15:00+00:00,22479.85,22483.85,22479.05,22483.85,229,150,0
2025-06-27 06:20:00+00:00,22483.95,22484.45,22480.75,22482.05,198,150,0
2025-06-27 06:25:00+00:00,22482.05,22484.95,22481.55,22482.25,159,150,0
2025-06-27 06:30:00+00:00,22482.05,22482.45,22478.45,22479.75,209,150,0
2025-06-27 06:35:00+00:00,22479.45,22483.45,22478.95,22482.45,177,150,0
2025-06-27 06:40:00+00:00,22482.45,22489.05,22482.25,22484.25,249,150,0
2025-06-27 06:45:00+00:00,22484.45,22484.45,22475.55,22477.45,214,150,0
2025-06-27 06:50:00+00:00,22477.25,22479.25,22474.35,22474.95,230,150,0
2025-06-27 06:55:00+00:00,22475.45,22476.95,22472.35,22475.35,206,150,0
2025-06-27 07:00:00+00:00,22475.95,22476.85,22471.95,22472.45,162,150,0
2025-06-27 07:05:00+00:00,22472.45,22476.25,22471.75,22475.55,177,150,0
2025-06-27 07:10:00+00:00,22475.75,22475.75,22469.35,22473.25,226,150,0
2025-06-27 07:15:00+00:00,22473.45,22476.45,22472.05,22473.45,163,150,0
2025-06-27 07:20:00+00:00,22473.75,22474.45,22471.05,22473.05,132,150,0
2025-06-27 07:25:00+00:00,22472.95,22476.85,22472.85,22473.75,141,150,0
2025-06-27 07:30:00+00:00,22473.75,22476.05,22472.45,22474.95,116,150,0
2025-06-27 07:35:00+00:00,22475.25,22480.25,22474.85,22478.75,206,150,0
2025-06-27 07:40:00+00:00,22478.45,22480.25,22476.85,22478.45,153,150,0
2025-06-27 07:45:00+00:00,22478.75,22480.25,22478.25,22479.25,127,150,0
2025-06-27 07:50:00+00:00,22479.95,22480.45,22476.25,22476.45,132,150,0
2025-06-27 07:55:00+00:00,22475.95,22476.45,22469.75,22470.75,203,150,0
2025-06-27 08:00:00+00:00,22470.45,22476.85,22470.05,22476.35,244,150,0
2025-06-27 08:05:00+00:00,22476.45,22477.55,22474.75,22477.45,180,150,0
2025-06-27 08:10:00+00:00,22477.55,22482.55,22476.05,22482.35,203,150,0
2025-06-27 08:15:00+00:00,22482.25,22483.35,22474.85,22477.25,234,150,0
2025-06-27 08:20:00+00:00,22477.45,22479.05,22474.85,22477.75,196,150,0
2025-06-27 08:25:00+00:00,22477.25,22480.05,22475.75,22479.45,181,150,0
2025-06-27 08:30:00+00:00,22479.75,22485.25,22479.45,22483.55,211,150,0
2025-06-27 08:35:00+00:00,22483.75,22492.95,22480.35,22489.75,240,150,0
2025-06-27 08:40:00+00:00,22489.55,22496.35,22488.55,22494.95,276,150,0
2025-06-27 08:45:00+00:00,22494.75,22497.35,22493.85,22496.75,247,150,0
2025-06-27 08:50:00+00:00,22496.75,22499.75,22495.95,22497.45,312,150,0
2025-06-27 08:55:00+00:00,22497.55,22497.55,22491.25,22491.25,344,150,0
2025-06-27 09:00:00+00:00,22491.45,22494.05,22489.35,22491.75,363,150,0
2025-06-27 09:05:00+00:00,22491.45,22496.45,22491.25,22496.45,246,150,0
2025-06-27 09:10:00+00:00,22496.25,22506.05,22494.45,22504.25,452,150,0
2025-06-27 09:15:00+00:00,22504.15,22507.95,22503.15,22504.95,299,150,0
2025-06-27 09:20:00+00:00,22504.95,22508.25,22503.05,22505.05,254,150,0
2025-06-27 09:25:00+00:00,22504.95,22510.85,22503.85,22507.25,267,150,0
2025-06-27 09:30:00+00:00,22507.45,22517.15,22507.45,22514.55,455,150,0
2025-06-27 09:35:00+00:00,22514.45,22521.05,22512.75,22513.35,469,150,0
2025-06-27 09:40:00+00:00,22513.45,22524.45,22512.45,22523.35,378,150,0
2025-06-27 09:45:00+00:00,22523.55,22526.85,22513.85,22522.65,540,150,0
2025-06-27 09:50:00+00:00,22522.65,22524.95,22516.25,22517.25,370,150,0
2025-06-27 09:55:00+00:00,22517.25,22522.75,22515.45,22517.75,359,150,0
2025-06-27 10:00:00+00:00,22517.35,22522.75,22510.25,22510.45,664,150,0
2025-06-27 10:05:00+00:00,22510.15,22519.15,22507.05,22517.45,580,160,0
2025-06-27 10:10:00+00:00,22517.65,22522.75,22513.35,22520.05,432,150,0
2025-06-27 10:15:00+00:00,22520.25,22532.45,22516.75,22530.65,505,150,0
2025-06-27 10:20:00+00:00,22530.95,22541.35,22528.15,22534.35,596,160,0
2025-06-27 10:25:00+00:00,22534.15,22539.05,22531.35,22533.65,485,160,0
2025-06-27 10:30:00+00:00,22533.65,22534.15,22514.55,22518.45,613,160,0
2025-06-27 10:35:00+00:00,22518.45,22525.75,22513.95,22513.95,482,150,0
2025-06-27 10:40:00+00:00,22513.75,22515.75,22508.95,22512.95,415,150,0
2025-06-27 10:45:00+00:00,22512.95,22519.85,22511.95,22517.05,398,150,0
2025-06-27 10:50:00+00:00,22516.85,22520.05,22512.85,22520.05,386,150,0
2025-06-27 10:55:00+00:00,22520.05,22521.45,22515.25,22517.55,374,150,0
2025-06-27 11:00:00+00:00,22518.35,22526.95,22514.75,22517.65,626,150,0
2025-06-27 11:05:00+00:00,22517.45,22518.15,22505.65,22508.75,540,160,0
2025-06-27 11:10:00+00:00,22510.15,22529.65,22507.55,22528.65,537,160,0
2025-06-27 11:15:00+00:00,22528.15,22528.55,22514.45,22520.05,442,160,0
2025-06-27 11:20:00+00:00,22520.15,22521.55,22511.25,22512.75,412,150,0
2025-06-27 11:25:00+00:00,22512.55,22518.95,22512.55,22515.95,306,150,0
2025-06-27 11:30:00+00:00,22515.75,22529.15,22514.45,22520.95,429,150,0
2025-06-27 11:35:00+00:00,22521.15,22523.45,22516.35,22519.05,336,150,0
2025-06-27 11:40:00+00:00,22518.95,22524.85,22518.45,22521.55,270,150,0
2025-06-27 11:45:00+00:00,22521.85,22526.55,22519.85,22522.45,318,150,0
2025-06-27 11:50:00+00:00,22521.95,22526.45,22518.35,22525.65,316,150,0
2025-06-27 11:55:00+00:00,22525.55,22532.25,22524.05,22529.55,381,150,0
2025-06-27 12:00:00+00:00,22529.85,22532.55,22526.85,22529.55,386,150,0
2025-06-27 12:05:00+00:00,22530.25,22530.85,22518.65,22518.95,409,150,0
2025-06-27 12:10:00+00:00,22518.65,22518.95,22511.95,22512.25,399,150,0
2025-06-27 12:15:00+00:00,22512.35,22518.35,22512.05,22517.45,297,150,0
2025-06-27 12:20:00+00:00,22517.55,22521.75,22516.55,22521.25,238,150,0
2025-06-27 12:25:00+00:00,22521.05,22522.55,22518.75,22519.95,243,150,0
2025-06-27 12:30:00+00:00,22519.75,22523.55,22517.75,22523.05,290,150,0
2025-06-27 12:35:00+00:00,22523.35,22523.55,22517.25,22517.95,211,150,0
2025-06-27 12:40:00+00:00,22518.25,22526.55,22517.35,22521.45,311,150,0
2025-06-27 12:45:00+00:00,22521.75,22525.35,22520.45,22522.35,249,150,0
2025-06-27 12:50:00+00:00,22522.35,22522.35,22513.95,22519.25,286,150,0
2025-06-27 12:55:00+00:00,22519.45,22526.85,22518.95,22526.85,297,150,0
2025-06-27 13:00:00+00:00,22527.05,22529.95,22515.55,22524.65,421,150,0
2025-06-27 13:05:00+00:00,22524.75,22525.95,22516.35,22517.95,317,150,0
2025-06-27 13:10:00+00:00,22517.95,22518.45,22508.25,22513.25,346,150,0
2025-06-27 13:15:00+00:00,22513.35,22518.35,22512.75,22517.35,332,150,0
2025-06-27 13:20:00+00:00,22516.95,22521.05,22514.35,22517.35,328,150,0
2025-06-27 13:25:00+00:00,22517.25,22517.25,22511.45,22514.85,292,150,0
2025-06-27 13:30:00+00:00,22514.45,22516.95,22513.45,22516.75,313,150,0
2025-06-27 13:35:00+00:00,22516.75,22517.55,22510.75,22512.75,268,150,0
2025-06-27 13:40:00+00:00,22513.05,22513.25,22510.05,22511.25,258,150,0
2025-06-27 13:45:00+00:00,22511.05,22518.35,22510.35,22515.25,230,150,0
2025-06-27 13:50:00+00:00,22515.35,22518.75,22512.95,22517.25,249,150,0
2025-06-27 13:55:00+00:00,22516.75,22518.55,22516.35,22517.05,209,150,0
2025-06-27 14:00:00+00:00,22515.85,22535.65,22514.95,22530.65,533,150,0
2025-06-27 14:05:00+00:00,22531.05,22533.55,22527.65,22532.35,327,150,0
2025-06-27 14:10:00+00:00,22532.75,22540.95,22531.55,22538.35,480,150,0
2025-06-27 14:15:00+00:00,22537.85,22540.95,22534.55,22538.25,360,150,0
2025-06-27 14:20:00+00:00,22538.05,22546.25,22537.75,22542.55,465,150,0
2025-06-27 14:25:00+00:00,22542.45,22546.95,22540.85,22541.75,294,150,0
2025-06-27 14:30:00+00:00,22541.85,22549.05,22540.05,22548.45,364,150,0
2025-06-27 14:35:00+00:00,22548.75,22556.75,22548.05,22555.45,436,150,0
2025-06-27 14:40:00+00:00,22555.85,22560.85,22550.45,22553.95,545,150,0
2025-06-27 14:45:00+00:00,22554.05,22554.05,22548.05,22552.75,398,150,0
2025-06-27 14:50:00+00:00,22552.55,22557.05,22551.55,22555.95,400,150,0
2025-06-27 14:55:00+00:00,22555.95,22561.55,22552.35,22561.25,433,150,0
2025-06-27 15:00:00+00:00,22561.35,22569.05,22556.85,22556.85,787,150,0
2025-06-27 15:05:00+00:00,22556.85,22559.95,22548.95,22552.45,570,150,0
2025-06-27 15:10:00+00:00,22552.55,22553.25,22541.05,22541.55,615,150,0
2025-06-27 15:15:00+00:00,22541.55,22541.55,22534.75,22534.85,569,150,0
2025-06-27 15:20:00+00:00,22534.55,22553.15,22531.85,22552.15,566,150,0
2025-06-27 15:25:00+00:00,22552.25,22554.85,22544.65,22550.3,677,150,0
2025-06-27 15:30:00+00:00,22550.3,22551.54,22520.95,22526.45,1240,200,0
2025-06-27 15:35:00+00:00,22526.45,22535.25,22525.25,22531.55,784,180,0
2025-06-27 15:40:00+00:00,22531.65,22532.35,22510.95,22516.45,827,170,0
2025-06-27 15:45:00+00:00,22516.65,22527.95,22511.85,22518.45,678,170,0
2025-06-27 15:50:00+00:00,22518.65,22520.75,22506.65,22513.15,676,170,0
2025-06-27 15:55:00+00:00,22512.85,22517.45,22509.65,22514.05,627,150,0
2025-06-27 16:00:00+00:00,22513.85,22515.95,22493.85,22495.15,831,150,0
2025-06-27 16:05:00+00:00,22495.15,22500.05,22487.65,22491.15,811,170,0
2025-06-27 16:10:00+00:00,22491.15,22494.95,22485.95,22489.25,658,160,0
2025-06-27 16:15:00+00:00,22489.65,22505.95,22489.65,22497.55,766,160,0
2025-06-27 16:20:00+00:00,22497.15,22503.35,22495.65,22499.25,627,160,0
2025-06-27 16:25:00+00:00,22498.55,22508.95,22486.45,22488.95,913,160,0
2025-06-27 16:30:00+00:00,22489.45,22509.65,22469.85,22499.85,1583,90,0
2025-06-27 16:35:00+00:00,22499.75,22525.05,22488.25,22520.05,1517,90,0
2025-06-27 16:40:00+00:00,22519.85,22520.25,22499.85,22515.55,1453,90,0
2025-06-27 16:45:00+00:00,22515.15,22526.95,22513.65,22517.95,1376,80,0
2025-06-27 16:50:00+00:00,22518.15,22527.45,22512.65,22526.45,1316,80,0
2025-06-27 16:55:00+00:00,22526.35,22552.45,22525.95,22546.55,1300,80,0
2025-06-27 17:00:00+00:00,22546.65,22582.65,22546.65,22576.35,1384,80,0
2025-06-27 17:05:00+00:00,22576.05,22597.65,22575.65,22579.55,1249,80,0
2025-06-27 17:10:00+00:00,22580.35,22602.85,22576.35,22584.45,1242,80,0
2025-06-27 17:15:00+00:00,22584.45,22593.05,22571.65,22576.95,1235,80,0
2025-06-27 17:20:00+00:00,22576.65,22598.45,22568.95,22570.65,1230,80,0
2025-06-27 17:25:00+00:00,22569.95,22570.65,22554.95,22565.45,1300,80,0
2025-06-27 17:30:00+00:00,22565.65,22567.95,22546.55,22558.55,1343,80,0
2025-06-27 17:35:00+00:00,22558.55,22595.55,22550.65,22580.35,1372,80,0
2025-06-27 17:40:00+00:00,22580.35,22587.65,22575.85,22582.65,1319,80,0
2025-06-27 17:45:00+00:00,22582.95,22585.15,22569.95,22574.65,1161,80,0
2025-06-27 17:50:00+00:00,22574.45,22575.55,22535.45,22556.65,1233,80,0
2025-06-27 17:55:00+00:00,22556.65,22557.35,22531.45,22541.95,1339,80,0
2025-06-27 18:00:00+00:00,22542.35,22554.45,22528.95,22551.55,1338,80,0
2025-06-27 18:05:00+00:00,22551.15,22565.45,22548.45,22558.15,1054,80,0
2025-06-27 18:10:00+00:00,22558.35,22569.15,22556.85,22560.95,1022,80,0
2025-06-27 18:15:00+00:00,22560.95,22562.15,22541.95,22556.95,1096,80,0
2025-06-27 18:20:00+00:00,22556.65,22572.05,22548.85,22571.45,1046,80,0
2025-06-27 18:25:00+00:00,22571.55,22574.55,22563.95,22574.55,1001,80,0
2025-06-27 18:30:00+00:00,22574.65,22589.65,22571.85,22589.35,1122,80,0
2025-06-27 18:35:00+00:00,22589.15,22595.15,22585.65,22593.95,1063,80,0
2025-06-27 18:40:00+00:00,22593.95,22599.45,22586.95,22596.65,1049,80,0
2025-06-27 18:45:00+00:00,22596.65,22602.35,22589.45,22600.95,938,80,0
2025-06-27 18:50:00+00:00,22600.95,22601.65,22590.15,22596.45,876,80,0
2025-06-27 18:55:00+00:00,22596.05,22599.15,22590.45,22591.65,849,80,0
2025-06-27 19:00:00+00:00,22591.45,22591.95,22578.85,22583.75,1017,80,0
2025-06-27 19:05:00+00:00,22584.05,22591.05,22582.35,22585.85,895,80,0
2025-06-27 19:10:00+00:00,22585.55,22590.95,22581.85,22584.05,851,80,0
2025-06-27 19:15:00+00:00,22584.05,22585.35,22562.85,22565.85,999,80,0
2025-06-27 19:20:00+00:00,22566.35,22574.85,22561.05,22567.35,948,80,0
2025-06-27 19:25:00+00:00,22567.25,22581.25,22565.35,22579.85,893,80,0
2025-06-27 19:30:00+00:00,22579.55,22581.85,22573.25,22574.05,849,80,0
2025-06-27 19:35:00+00:00,22574.05,22574.55,22564.35,22569.85,857,80,0
2025-06-27 19:40:00+00:00,22569.55,22573.95,22555.75,22562.25,930,80,0
2025-06-27 19:45:00+00:00,22562.35,22564.55,22552.35,22557.95,957,80,0
2025-06-27 19:50:00+00:00,22558.05,22571.85,22553.05,22570.05,1024,80,0
2025-06-27 19:55:00+00:00,22570.35,22580.95,22567.05,22577.85,949,80,0
2025-06-27 20:00:00+00:00,22577.55,22577.55,22557.85,22565.95,990,80,0
2025-06-27 20:05:00+00:00,22565.95,22572.35,22562.05,22572.05,911,80,0
2025-06-27 20:10:00+00:00,22572.05,22580.75,22571.35,22578.35,812,80,0
2025-06-27 20:15:00+00:00,22578.35,22578.35,22563.05,22568.75,891,80,0
2025-06-27 20:20:00+00:00,22568.85,22569.05,22548.85,22555.85,926,80,0
2025-06-27 20:25:00+00:00,22556.05,22560.55,22550.05,22555.05,904,80,0
2025-06-27 20:30:00+00:00,22555.05,22561.85,22548.95,22549.55,1021,80,0
2025-06-27 20:35:00+00:00,22549.35,22556.55,22542.75,22555.85,1001,80,0
2025-06-27 20:40:00+00:00,22556.05,22564.05,22510.25,22534.65,969,80,0
2025-06-27 20:45:00+00:00,22534.35,22534.35,22487.55,22500.55,1564,100,0
2025-06-27 20:50:00+00:00,22499.05,22515.05,22483.15,22503.45,1495,100,0
2025-06-27 20:55:00+00:00,22502.35,22525.15,22481.25,22519.05,1483,90,0
2025-06-27 21:00:00+00:00,22520.25,22521.95,22503.05,22511.65,1343,90,0
2025-06-27 21:05:00+00:00,22511.55,22524.95,22507.75,22512.55,1250,80,0
2025-06-27 21:10:00+00:00,22513.35,22518.35,22489.05,22494.95,1235,80,0
2025-06-27 21:15:00+00:00,22494.75,22501.05,22460.95,22474.15,1325,80,0
2025-06-27 21:20:00+00:00,22474.15,22484.15,22457.65,22477.05,1408,90,0
2025-06-27 21:25:00+00:00,22477.25,22485.45,22449.45,22449.95,1376,80,0
2025-06-27 21:30:00+00:00,22448.95,22459.65,22432.35,22452.65,1481,80,0
2025-06-27 21:35:00+00:00,22453.15,22457.65,22417.65,22417.95,1451,90,0
2025-06-27 21:40:00+00:00,22417.65,22423.95,22394.45,22423.65,1537,90,0
2025-06-27 21:45:00+00:00,22422.95,22443.75,22417.55,22418.15,1461,90,0
2025-06-27 21:50:00+00:00,22418.15,22419.15,22383.95,22394.95,1468,90,0
2025-06-27 21:55:00+00:00,22394.75,22400.55,22383.15,22393.15,1430,90,0
2025-06-27 22:00:00+00:00,22393.95,22426.05,22388.45,22421.55,1436,90,0
2025-06-27 22:05:00+00:00,22421.45,22435.35,22407.65,22425.65,1340,80,0
2025-06-27 22:10:00+00:00,22426.05,22449.15,22425.65,22447.65,1235,80,0
2025-06-27 22:15:00+00:00,22447.65,22453.35,22433.45,22443.55,1238,80,0
2025-06-27 22:20:00+00:00,22443.55,22459.65,22441.85,22459.45,1131,80,0
2025-06-27 22:25:00+00:00,22459.15,22467.65,22447.35,22452.45,1052,80,0
2025-06-27 22:30:00+00:00,22453.85,22473.15,22453.85,22471.05,1079,80,0
2025-06-27 22:35:00+00:00,22471.35,22481.05,22464.65,22479.45,1059,80,0
2025-06-27 22:40:00+00:00,22479.45,22491.45,22479.45,22486.45,1083,80,0
2025-06-27 22:45:00+00:00,22486.35,22501.45,22484.95,22488.45,1132,80,0
2025-06-27 22:50:00+00:00,22487.85,22522.55,22487.85,22518.05,1511,80,0
2025-06-27 22:55:00+00:00,22521.55,22540.95,22516.75,22533.05,1518,90,0
2025-06-27 23:00:00+00:00,22532.96,22532.96,22509.56,22519.06,1242,118,0
2025-06-27 23:05:00+00:00,22519.06,22525.56,22515.36,22523.56,963,188,0
2025-06-27 23:10:00+00:00,22523.46,22527.86,22513.66,22520.96,1125,188,0
2025-06-27 23:15:00+00:00,22521.36,22526.36,22517.26,22517.76,715,178,0
2025-06-27 23:20:00+00:00,22517.66,22520.26,22514.26,22517.06,506,168,0
2025-06-27 23:25:00+00:00,22517.36,22519.86,22511.06,22517.26,515,168,0
2025-06-27 23:30:00+00:00,22516.96,22520.46,22514.06,22516.46,624,178,0
2025-06-27 23:35:00+00:00,22516.66,22516.96,22511.56,22515.76,408,168,0
2025-06-27 23:40:00+00:00,22515.86,22517.86,22511.76,22512.06,393,168,0
2025-06-27 23:45:00+00:00,22512.06,22514.06,22506.56,22512.76,445,168,0
2025-06-30 01:05:00+00:00,22556.26,22571.86,22539.16,22560.76,721,228,0
2025-06-30 01:10:00+00:00,22560.66,22562.16,22551.16,22557.86,450,188,0
2025-06-30 01:15:00+00:00,22557.96,22565.06,22557.26,22563.06,409,168,0
2025-06-30 01:20:00+00:00,22563.36,22573.56,22562.86,22572.56,412,168,0
2025-06-30 01:25:00+00:00,22572.76,22590.66,22570.86,22590.06,514,178,0
2025-06-30 01:30:00+00:00,22590.16,22594.26,22585.06,22590.16,428,178,0
2025-06-30 01:35:00+00:00,22590.06,22597.26,22589.76,22591.56,331,168,0
2025-06-30 01:40:00+00:00,22591.86,22596.86,22587.66,22589.96,313,168,0
2025-06-30 01:45:00+00:00,22590.16,22594.86,22584.16,22594.56,325,168,0
2025-06-30 01:50:00+00:00,22595.56,22605.46,22593.86,22603.56,447,178,0
2025-06-30 01:55:00+00:00,22603.66,22622.56,22600.26,22600.66,682,188,0
2025-06-30 02:00:00+00:00,22600.75,22615.35,22598.75,22615.25,531,160,0
2025-06-30 02:05:00+00:00,22615.35,22623.05,22611.85,22616.55,519,160,0
2025-06-30 02:10:00+00:00,22616.65,22628.65,22616.55,22622.25,346,150,0
2025-06-30 02:15:00+00:00,22621.75,22627.25,22620.95,22622.25,336,150,0
2025-06-30 02:20:00+00:00,22622.35,22622.45,22612.45,22616.95,359,150,0
2025-06-30 02:25:00+00:00,22617.15,22621.15,22612.25,22614.65,310,150,0
2025-06-30 02:30:00+00:00,22614.75,22616.25,22610.05,22610.15,307,150,0
2025-06-30 02:35:00+00:00,22610.15,22611.25,22594.65,22595.05,505,150,0
2025-06-30 02:40:00+00:00,22595.35,22601.15,22593.15,22593.45,415,150,0
2025-06-30 02:45:00+00:00,22593.95,22606.65,22590.25,22603.55,512,150,0
2025-06-30 02:50:00+00:00,22603.15,22606.35,22593.55,22604.25,488,160,0
2025-06-30 02:55:00+00:00,22604.25,22605.95,22595.55,22599.15,449,150,0
2025-06-30 03:00:00+00:00,22599.25,22600.15,22589.95,22593.85,747,150,0
2025-06-30 03:05:00+00:00,22594.15,22602.75,22588.85,22602.15,623,160,0
2025-06-30 03:10:00+00:00,22601.65,22607.15,22596.65,22606.15,556,160,0
2025-06-30 03:15:00+00:00,22605.95,22607.85,22600.05,22605.35,527,160,0
2025-06-30 03:20:00+00:00,22605.35,22607.25,22599.95,22602.75,434,160,0
2025-06-30 03:25:00+00:00,22602.15,22613.55,22601.15,22610.45,389,150,0
2025-06-30 03:30:00+00:00,22610.25,22621.65,22608.45,22619.55,434,150,0
2025-06-30 03:35:00+00:00,22619.65,22623.65,22615.45,22620.85,412,150,0
2025-06-30 03:40:00+00:00,22620.95,22623.35,22618.05,22618.65,269,150,0
2025-06-30 03:45:00+00:00,22619.05,22621.15,22614.95,22617.25,329,150,0
2025-06-30 03:50:00+00:00,22617.15,22617.65,22613.25,22615.95,335,150,0
2025-06-30 03:55:00+00:00,22615.65,22618.65,22614.95,22615.45,255,150,0
2025-06-30 04:00:00+00:00,22615.25,22615.25,22603.45,22607.65,468,150,0
2025-06-30 04:05:00+00:00,22607.65,22611.55,22603.05,22608.05,346,150,0
2025-06-30 04:10:00+00:00,22607.65,22607.95,22599.25,22602.55,344,150,0
2025-06-30 04:15:00+00:00,22602.65,22603.15,22598.75,22602.45,335,150,0
2025-06-30 04:20:00+00:00,22602.25,22605.95,22599.45,22602.65,296,150,0
2025-06-30 04:25:00+00:00,22602.65,22607.15,22600.95,22606.55,263,150,0
2025-06-30 04:30:00+00:00,22606.15,22616.25,22606.15,22612.45,389,150,0
2025-06-30 04:35:00+00:00,22612.45,22617.55,22611.45,22612.45,409,150,0
2025-06-30 04:40:00+00:00,22612.15,22613.95,22609.15,22612.45,317,150,0
2025-06-30 04:45:00+00:00,22612.55,22615.05,22607.45,22608.65,359,150,0
2025-06-30 04:50:00+00:00,22608.65,22610.25,22603.15,22604.15,331,150,0
2025-06-30 04:55:00+00:00,22603.95,22605.05,22594.75,22603.85,382,150,0
2025-06-30 05:00:00+00:00,22603.95,22611.25,22600.55,22608.45,351,150,0
2025-06-30 05:05:00+00:00,22608.25,22622.25,22603.95,22620.65,444,150,0
2025-06-30 05:10:00+00:00,22620.55,22630.15,22616.95,22626.05,441,150,0
2025-06-30 05:15:00+00:00,22626.15,22628.25,22622.45,22626.15,327,150,0
2025-06-30 05:20:00+00:00,22626.15,22627.45,22622.15,22623.15,230,150,0
2025-06-30 05:25:00+00:00,22623.05,22623.65,22614.65,22616.65,291,150,0
2025-06-30 05:30:00+00:00,22616.45,22626.55,22615.15,22625.45,281,150,0
2025-06-30 05:35:00+00:00,22625.65,22637.75,22624.65,22637.15,411,150,0
2025-06-30 05:40:00+00:00,22637.05,22644.65,22635.15,22643.15,409,150,0
2025-06-30 05:45:00+00:00,22643.05,22647.65,22642.15,22645.05,349,150,0
2025-06-30 05:50:00+00:00,22645.15,22654.95,22639.35,22640.75,450,150,0
2025-06-30 05:55:00+00:00,22640.85,22643.15,22635.15,22643.15,293,150,0
2025-06-30 06:00:00+00:00,22642.95,22650.45,22641.95,22646.95,318,150,0
2025-06-30 06:05:00+00:00,22647.05,22647.15,22641.95,22645.65,232,150,0
2025-06-30 06:10:00+00:00,22645.55,22646.95,22642.45,22644.05,217,150,0
2025-06-30 06:15:00+00:00,22643.95,22652.25,22639.25,22649.65,338,150,0
2025-06-30 06:20:00+00:00,22649.95,22654.05,22649.25,22653.15,242,150,0
2025-06-30 06:25:00+00:00,22653.05,22653.45,22647.75,22648.95,209,150,0
2025-06-30 06:30:00+00:00,22649.15,22651.95,22648.75,22651.55,220,150,0
2025-06-30 06:35:00+00:00,22652.05,22656.15,22651.45,22654.25,270,150,0
2025-06-30 06:40:00+00:00,22654.25,22658.95,22654.25,22658.25,215,150,0
2025-06-30 06:45:00+00:00,22658.55,22660.05,22657.05,22657.95,238,150,0
2025-06-30 06:50:00+00:00,22658.15,22662.05,22658.15,22660.15,222,150,0
2025-06-30 06:55:00+00:00,22660.25,22660.45,22653.95,22655.05,173,150,0
2025-06-30 07:00:00+00:00,22655.05,22659.75,22654.15,22658.15,179,150,0
2025-06-30 07:05:00+00:00,22658.25,22660.65,22657.15,22659.65,179,150,0
2025-06-30 07:10:00+00:00,22660.45,22661.15,22655.55,22658.15,213,150,0
2025-06-30 07:15:00+00:00,22658.55,22658.65,22655.15,22657.25,178,150,0
2025-06-30 07:20:00+00:00,22657.45,22659.65,22656.65,22658.05,135,150,0
2025-06-30 07:25:00+00:00,22657.45,22659.45,22657.15,22659.15,110,150,0
2025-06-30 07:30:00+00:00,22659.25,22660.75,22658.45,22659.55,150,150,0
2025-06-30 07:35:00+00:00,22659.45,22666.45,22659.25,22666.05,214,150,0
2025-06-30 07:40:00+00:00,22665.95,22666.75,22663.95,22664.45,182,150,0
2025-06-30 07:45:00+00:00,22664.45,22665.25,22662.45,22662.45,160,150,0
2025-06-30 07:50:00+00:00,22662.55,22664.25,22655.25,22656.25,218,150,0
2025-06-30 07:55:00+00:00,22656.45,22657.45,22653.15,22656.05,209,150,0
2025-06-30 08:00:00+00:00,22655.75,22655.75,22650.05,22654.45,354,150,0
2025-06-30 08:05:00+00:00,22654.45,22657.55,22653.55,22656.55,285,150,0
2025-06-30 08:10:00+00:00,22656.65,22659.75,22655.55,22658.05,288,150,0
2025-06-30 08:15:00+00:00,22657.75,22659.65,22654.75,22655.65,230,150,0
2025-06-30 08:20:00+00:00,22656.15,22656.95,22650.05,22651.45,269,150,0
2025-06-30 08:25:00+00:00,22651.15,22652.45,22647.05,22649.75,286,150,0
2025-06-30 08:30:00+00:00,22649.65,22650.05,22644.05,22648.95,323,150,0
2025-06-30 08:35:00+00:00,22648.65,22662.15,22648.45,22658.95,376,150,0
2025-06-30 08:40:00+00:00,22659.15,22662.25,22657.35,22661.55,288,150,0
2025-06-30 08:45:00+00:00,22661.95,22665.25,22659.75,22663.95,281,150,0
2025-06-30 08:50:00+00:00,22663.65,22664.15,22655.95,22658.15,257,150,0
2025-06-30 08:55:00+00:00,22657.95,22659.45,22656.95,22657.55,199,150,0
2025-06-30 09:00:00+00:00,22657.55,22661.55,22656.55,22660.25,442,150,0
2025-06-30 09:05:00+00:00,22660.15,22667.65,22659.55,22665.65,482,150,0
2025-06-30 09:10:00+00:00,22665.25,22674.15,22664.15,22674.05,528,150,0
2025-06-30 09:15:00+00:00,22674.85,22680.15,22674.05,22676.75,471,150,0
2025-06-30 09:20:00+00:00,22676.75,22683.15,22675.05,22682.45,388,150,0
2025-06-30 09:25:00+00:00,22682.65,22682.75,22673.65,22675.95,432,150,0
2025-06-30 09:30:00+00:00,22676.05,22678.95,22671.15,22674.15,507,150,0
2025-06-30 09:35:00+00:00,22674.25,22674.95,22666.25,22669.45,340,150,0
2025-06-30 09:40:00+00:00,22669.75,22670.15,22660.05,22661.15,382,150,0
2025-06-30 09:45:00+00:00,22661.65,22665.25,22661.45,22663.55,258,150,0
2025-06-30 09:50:00+00:00,22663.65,22666.95,22661.25,22661.95,242,150,0
2025-06-30 09:55:00+00:00,22661.45,22664.05,22657.45,22663.75,350,150,0
2025-06-30 10:00:00+00:00,22664.05,22664.05,22644.85,22650.35,810,150,0
2025-06-30 10:05:00+00:00,22650.25,22650.65,22635.85,22641.65,656,160,0
2025-06-30 10:10:00+00:00,22641.85,22642.25,22636.05,22637.85,549,150,0
2025-06-30 10:15:00+00:00,22637.95,22642.75,22631.65,22641.65,513,150,0
2025-06-30 10:20:00+00:00,22641.85,22655.65,22638.35,22645.75,590,160,0
2025-06-30 10:25:00+00:00,22645.35,22645.35,22636.35,22642.95,585,150,0
2025-06-30 10:30:00+00:00,22643.15,22650.65,22637.15,22645.15,557,150,0
2025-06-30 10:35:00+00:00,22645.25,22650.75,22642.65,22642.65,419,150,0
2025-06-30 10:40:00+00:00,22642.95,22653.45,22642.95,22653.25,350,150,0
2025-06-30 10:45:00+00:00,22653.45,22660.55,22652.05,22656.05,403,150,0
2025-06-30 10:50:00+00:00,22655.25,22656.65,22650.45,22654.95,369,150,0
2025-06-30 10:55:00+00:00,22654.65,22656.25,22648.25,22650.75,288,150,0
2025-06-30 11:00:00+00:00,22651.75,22659.95,22638.85,22658.65,836,150,0
2025-06-30 11:05:00+00:00,22659.15,22662.75,22655.15,22659.75,625,160,0
2025-06-30 11:10:00+00:00,22659.35,22669.55,22659.25,22668.65,483,150,0
2025-06-30 11:15:00+00:00,22668.65,22675.05,22659.65,22661.05,484,150,0
2025-06-30 11:20:00+00:00,22660.95,22662.45,22647.15,22650.65,468,150,0
2025-06-30 11:25:00+00:00,22650.45,22656.55,22649.65,22651.95,403,150,0
2025-06-30 11:30:00+00:00,22651.95,22652.65,22640.45,22643.95,405,150,0
2025-06-30 11:35:00+00:00,22643.65,22649.45,22643.45,22647.15,326,150,0
2025-06-30 11:40:00+00:00,22647.45,22651.55,22642.45,22647.35,366,150,0
2025-06-30 11:45:00+00:00,22647.65,22654.75,22647.65,22653.55,332,150,0
2025-06-30 11:50:00+00:00,22654.65,22661.15,22654.55,22659.05,361,150,0
2025-06-30 11:55:00+00:00,22658.95,22658.95,22654.15,22655.75,415,150,0
2025-06-30 12:00:00+00:00,22655.65,22658.95,22650.05,22654.15,373,150,0
2025-06-30 12:05:00+00:00,22654.45,22663.75,22654.45,22662.05,332,150,0
2025-06-30 12:10:00+00:00,22662.15,22667.05,22660.45,22667.05,286,150,0
2025-06-30 12:15:00+00:00,22667.05,22673.95,22666.05,22670.15,363,150,0
2025-06-30 12:20:00+00:00,22670.25,22674.25,22668.25,22672.25,311,150,0
2025-06-30 12:25:00+00:00,22672.55,22685.55,22671.95,22684.95,393,150,0
2025-06-30 12:30:00+00:00,22685.15,22693.25,22684.55,22688.45,473,150,0
2025-06-30 12:35:00+00:00,22688.65,22696.55,22688.45,22695.15,416,150,0
2025-06-30 12:40:00+00:00,22695.25,22695.75,22683.55,22684.15,321,150,0
2025-06-30 12:45:00+00:00,22684.15,22684.15,22669.15,22670.15,397,150,0
2025-06-30 12:50:00+00:00,22670.15,22670.25,22662.45,22668.65,392,150,0
2025-06-30 12:55:00+00:00,22668.55,22669.45,22662.05,22662.55,324,150,0
2025-06-30 13:00:00+00:00,22663.15,22666.45,22661.55,22665.55,376,150,0
2025-06-30 13:05:00+00:00,22665.25,22677.65,22665.25,22673.65,425,150,0
2025-06-30 13:10:00+00:00,22673.45,22684.25,22673.45,22683.05,345,150,0
2025-06-30 13:15:00+00:00,22683.15,22686.15,22681.95,22685.65,314,150,0
2025-06-30 13:20:00+00:00,22685.75,22687.65,22683.45,22684.55,325,150,0
2025-06-30 13:25:00+00:00,22684.95,22687.25,22684.55,22685.45,239,150,0
2025-06-30 13:30:00+00:00,22685.75,22690.15,22680.75,22682.65,272,150,0
2025-06-30 13:35:00+00:00,22682.55,22687.25,22680.65,22685.65,264,150,0
2025-06-30 13:40:00+00:00,22686.15,22688.05,22682.25,22682.25,229,150,0
2025-06-30 13:45:00+00:00,22682.45,22684.25,22675.55,22678.15,308,150,0
2025-06-30 13:50:00+00:00,22678.05,22679.25,22673.05,22675.65,383,150,0
2025-06-30 13:55:00+00:00,22675.45,22677.25,22671.45,22672.65,327,150,0
2025-06-30 14:00:00+00:00,22671.55,22676.95,22663.95,22665.65,550,150,0
2025-06-30 14:05:00+00:00,22665.45,22675.15,22664.25,22674.45,350,150,0
2025-06-30 14:10:00+00:00,22674.25,22676.65,22669.85,22675.25,311,150,0
2025-06-30 14:15:00+00:00,22675.15,22681.95,22670.95,22681.05,401,150,0
2025-06-30 14:20:00+00:00,22681.15,22684.75,22676.75,22682.45,296,150,0
2025-06-30 14:25:00+00:00,22682.45,22683.95,22678.55,22681.05,286,150,0
2025-06-30 14:30:00+00:00,22681.05,22681.05,22674.45,22675.75,416,150,0
2025-06-30 14:35:00+00:00,22675.95,22675.95,22666.75,22667.15,426,150,0
2025-06-30 14:40:00+00:00,22667.25,22679.95,22666.95,22679.25,391,150,0
2025-06-30 14:45:00+00:00,22679.45,22687.25,22679.45,22685.75,389,150,0
2025-06-30 14:50:00+00:00,22685.65,22686.55,22676.25,22678.45,387,150,0
2025-06-30 14:55:00+00:00,22678.45,22679.25,22671.65,22675.65,429,150,0
2025-06-30 15:00:00+00:00,22675.95,22677.45,22668.35,22669.15,514,150,0
2025-06-30 15:05:00+00:00,22669.15,22675.45,22668.95,22673.95,358,150,0
2025-06-30 15:10:00+00:00,22674.25,22678.05,22670.55,22677.25,428,150,0
2025-06-30 15:15:00+00:00,22677.45,22678.15,22669.25,22676.05,428,150,0
2025-06-30 15:20:00+00:00,22675.95,22677.95,22664.15,22667.65,516,150,0
2025-06-30 15:25:00+00:00,22667.85,22669.25,22663.05,22668.15,464,150,0
2025-06-30 15:30:00+00:00,22668.15,22668.15,22652.75,22656.65,613,150,0
2025-06-30 15:35:00+00:00,22656.45,22658.45,22646.95,22648.25,525,150,0
2025-06-30 15:40:00+00:00,22647.75,22648.95,22644.75,22647.75,505,150,0
2025-06-30 15:45:00+00:00,22647.55,22649.25,22640.75,22641.15,504,150,0
2025-06-30 15:50:00+00:00,22641.25,22653.15,22636.35,22646.05,791,150,0
2025-06-30 15:55:00+00:00,22646.15,22651.65,22643.35,22649.15,564,160,0
2025-06-30 16:00:00+00:00,22649.65,22659.75,22647.95,22658.05,616,150,0
2025-06-30 16:05:00+00:00,22658.25,22661.55,22651.45,22656.75,577,150,0
2025-06-30 16:10:00+00:00,22656.95,22664.45,22653.25,22660.95,561,150,0
2025-06-30 16:15:00+00:00,22660.75,22669.15,22656.55,22668.95,625,150,0
2025-06-30 16:20:00+00:00,22669.15,22671.15,22663.95,22664.25,619,150,0
2025-06-30 16:25:00+00:00,22664.55,22667.15,22650.55,22653.55,780,150,0
2025-06-30 16:30:00+00:00,22653.85,22656.85,22599.35,22607.85,1594,80,0
2025-06-30 16:35:00+00:00,22607.35,22629.05,22591.35,22615.15,1514,90,0
2025-06-30 16:40:00+00:00,22614.45,22620.75,22587.05,22596.85,1411,80,0
2025-06-30 16:45:00+00:00,22597.85,22610.85,22578.55,22582.05,1531,90,0
2025-06-30 16:50:00+00:00,22582.95,22603.45,22577.95,22589.45,1516,90,0
2025-06-30 16:55:00+00:00,22589.35,22611.95,22589.05,22608.85,1402,90,0
2025-06-30 17:00:00+00:00,22608.55,22621.05,22604.25,22614.45,1446,90,0
2025-06-30 17:05:00+00:00,22614.35,22621.85,22599.75,22612.25,1409,80,0
2025-06-30 17:10:00+00:00,22612.05,22635.35,22610.05,22626.05,1367,80,0
2025-06-30 17:15:00+00:00,22626.15,22627.15,22603.25,22618.15,1348,80,0
2025-06-30 17:20:00+00:00,22618.05,22619.75,22590.85,22605.55,1372,80,0
2025-06-30 17:25:00+00:00,22605.35,22624.05,22595.35,22624.05,1305,80,0
2025-06-30 17:30:00+00:00,22623.85,22626.65,22608.75,22608.75,1284,80,0
2025-06-30 17:35:00+00:00,22608.85,22609.85,22591.35,22599.75,1308,80,0
2025-06-30 17:40:00+00:00,22600.15,22621.35,22592.15,22602.65,1294,80,0
2025-06-30 17:45:00+00:00,22602.35,22617.85,22593.55,22613.65,1155,80,0
2025-06-30 17:50:00+00:00,22613.65,22614.65,22597.75,22604.15,1107,80,0
2025-06-30 17:55:00+00:00,22604.35,22610.85,22600.05,22603.65,1106,80,0
2025-06-30 18:00:00+00:00,22603.35,22614.65,22598.05,22611.85,1211,80,0
2025-06-30 18:05:00+00:00,22611.65,22623.35,22610.85,22622.15,1116,80,0
2025-06-30 18:10:00+00:00,22622.15,22623.35,22591.05,22597.15,1197,80,0
2025-06-30 18:15:00+00:00,22597.35,22597.65,22584.35,22590.35,1134,80,0
2025-06-30 18:20:00+00:00,22590.15,22604.85,22586.15,22603.35,1109,80,0
2025-06-30 18:25:00+00:00,22603.65,22609.65,22594.65,22599.25,1108,80,0
2025-06-30 18:30:00+00:00,22599.15,22621.35,22592.05,22618.85,1129,80,0
2025-06-30 18:35:00+00:00,22618.85,22621.75,22611.55,22621.65,998,80,0
2025-06-30 18:40:00+00:00,22621.65,22631.85,22613.35,22626.85,1103,80,0
2025-06-30 18:45:00+00:00,22626.65,22638.35,22624.85,22633.15,946,80,0
2025-06-30 18:50:00+00:00,22633.35,22640.35,22630.35,22631.15,950,80,0
2025-06-30 18:55:00+00:00,22631.15,22633.75,22618.35,22625.65,1004,80,0
2025-06-30 19:00:00+00:00,22625.55,22644.15,22624.25,22644.15,975,80,0
2025-06-30 19:05:00+00:00,22643.85,22648.05,22640.15,22647.85,861,80,0
2025-06-30 19:10:00+00:00,22648.15,22649.15,22635.35,22635.65,848,80,0
2025-06-30 19:15:00+00:00,22635.75,22646.35,22614.65,22622.65,1026,80,0
2025-06-30 19:20:00+00:00,22621.75,22627.15,22615.35,22617.85,1089,80,0
2025-06-30 19:25:00+00:00,22617.55,22625.15,22614.85,22618.15,966,80,0
2025-06-30 19:30:00+00:00,22617.35,22630.85,22615.65,22630.65,933,80,0
2025-06-30 19:35:00+00:00,22630.65,22636.75,22627.65,22631.85,877,80,0
2025-06-30 19:40:00+00:00,22631.65,22648.55,22631.35,22637.25,885,80,0
2025-06-30 19:45:00+00:00,22637.85,22646.55,22636.35,22641.15,833,80,0
2025-06-30 19:50:00+00:00,22641.35,22643.45,22635.95,22639.65,790,80,0
2025-06-30 19:55:00+00:00,22639.65,22643.15,22620.45,22623.95,888,80,0
2025-06-30 20:00:00+00:00,22624.45,22631.45,22615.45,22618.45,937,80,0
2025-06-30 20:05:00+00:00,22618.45,22622.65,22608.85,22621.15,931,80,0
2025-06-30 20:10:00+00:00,22620.95,22627.05,22613.45,22614.85,832,80,0
2025-06-30 20:15:00+00:00,22614.65,22618.65,22607.95,22611.45,888,80,0
2025-06-30 20:20:00+00:00,22611.65,22615.65,22605.95,22613.65,768,80,0
2025-06-30 20:25:00+00:00,22613.65,22621.05,22606.65,22618.65,857,80,0
2025-06-30 20:30:00+00:00,22618.95,22621.45,22600.95,22604.55,928,80,0
2025-06-30 20:35:00+00:00,22604.45,22610.65,22597.05,22605.15,878,80,0
2025-06-30 20:40:00+00:00,22604.95,22609.95,22596.85,22598.95,915,80,0
2025-06-30 20:45:00+00:00,22598.65,22611.05,22598.15,22608.05,819,80,0
2025-06-30 20:50:00+00:00,22608.05,22617.05,22605.55,22610.25,802,80,0
2025-06-30 20:55:00+00:00,22610.55,22629.15,22569.65,22604.05,1355,80,0
2025-06-30 21:00:00+00:00,22603.85,22619.75,22602.05,22608.75,1184,80,0
2025-06-30 21:05:00+00:00,22608.55,22621.05,22597.75,22600.75,1111,80,0
2025-06-30 21:10:00+00:00,22600.55,22606.25,22589.95,22601.45,1137,80,0
2025-06-30 21:15:00+00:00,22601.15,22617.75,22599.45,22612.25,863,80,0
2025-06-30 21:20:00+00:00,22612.55,22623.55,22609.55,22614.45,848,80,0
2025-06-30 21:25:00+00:00,22614.55,22615.95,22601.75,22602.25,786,80,0
2025-06-30 21:30:00+00:00,22602.55,22605.75,22582.05,22586.55,1153,80,0
2025-06-30 21:35:00+00:00,22585.95,22591.55,22580.95,22585.55,987,80,0
2025-06-30 21:40:00+00:00,22585.05,22585.75,22564.55,22580.65,1199,80,0
2025-06-30 21:45:00+00:00,22580.75,22602.25,22580.45,22586.45,1324,80,0
2025-06-30 21:50:00+00:00,22585.95,22608.25,22585.25,22607.15,1065,80,0
2025-06-30 21:55:00+00:00,22607.55,22636.05,22607.55,22632.55,1108,80,0
2025-06-30 22:00:00+00:00,22632.25,22645.35,22631.05,22643.35,1090,80,0
2025-06-30 22:05:00+00:00,22642.85,22649.35,22634.05,22639.85,984,80,0
2025-06-30 22:10:00+00:00,22639.55,22653.05,22634.35,22647.55,1104,80,0
2025-06-30 22:15:00+00:00,22647.85,22648.25,22632.35,22639.45,1120,80,0
2025-06-30 22:20:00+00:00,22639.55,22664.95,22638.05,22661.25,1167,80,0
2025-06-30 22:25:00+00:00,22660.55,22675.55,22657.55,22659.65,1123,80,0
2025-06-30 22:30:00+00:00,22659.75,22666.75,22649.05,22663.45,1176,80,0
2025-06-30 22:35:00+00:00,22663.25,22667.25,22649.75,22655.75,1114,80,0
2025-06-30 22:40:00+00:00,22655.75,22678.65,22654.75,22666.35,1083,80,0
2025-06-30 22:45:00+00:00,22666.45,22684.15,22661.55,22679.05,1211,80,0
2025-06-30 22:50:00+00:00,22679.35,22716.05,22675.95,22714.45,1390,80,0
2025-06-30 22:55:00+00:00,22714.55,22714.55,22668.05,22668.55,1416,90,0
2025-06-30 23:00:00+00:00,22669.65,22680.66,22656.36,22659.66,1184,110,0
2025-06-30 23:05:00+00:00,22659.96,22667.26,22654.66,22657.36,762,188,0
2025-06-30 23:10:00+00:00,22657.36,22658.76,22636.26,22646.56,736,178,0
2025-06-30 23:15:00+00:00,22646.26,22658.26,22643.56,22653.46,578,178,0
2025-06-30 23:20:00+00:00,22653.56,22655.96,22647.46,22648.46,405,168,0
2025-06-30 23:25:00+00:00,22648.36,22656.76,22645.46,22654.66,400,168,0
2025-06-30 23:30:00+00:00,22654.46,22662.46,22653.76,22662.36,344,168,0
2025-06-30 23:35:00+00:00,22662.36,22664.16,22658.76,22663.76,288,168,0
2025-06-30 23:40:00+00:00,22663.76,22665.76,22657.66,22661.66,298,168,0
2025-06-30 23:45:00+00:00,22661.76,22664.26,22654.66,22657.76,345,168,0
2025-07-01 01:05:00+00:00,22662.56,22671.96,22658.36,22670.46,275,178,0
2025-07-01 01:10:00+00:00,22670.56,22670.56,22665.36,22667.96,132,168,0
2025-07-01 01:15:00+00:00,22668.06,22668.76,22661.76,22665.06,166,168,0
2025-07-01 01:20:00+00:00,22665.26,22668.76,22662.26,22663.06,117,168,0
2025-07-01 01:25:00+00:00,22662.86,22662.96,22655.06,22662.56,186,168,0
2025-07-01 01:30:00+00:00,22663.26,22665.06,22658.26,22658.76,118,168,0
2025-07-01 01:35:00+00:00,22658.46,22659.26,22654.56,22655.86,122,168,0
2025-07-01 01:40:00+00:00,22655.56,22656.56,22652.06,22654.26,141,168,0
2025-07-01 01:45:00+00:00,22653.86,22655.46,22652.26,22652.76,65,168,0
2025-07-01 01:50:00+00:00,22651.36,22653.06,22647.96,22647.96,107,168,0
2025-07-01 01:55:00+00:00,22647.86,22648.56,22639.26,22642.96,223,168,0
2025-07-01 02:00:00+00:00,22643.05,22653.45,22643.05,22646.45,232,150,0
2025-07-01 02:05:00+00:00,22646.95,22650.65,22644.85,22649.65,118,150,0
2025-07-01 02:10:00+00:00,22649.95,22653.45,22649.15,22649.95,99,150,0
2025-07-01 02:15:00+00:00,22650.05,22654.15,22645.55,22650.95,102,150,0
2025-07-01 02:20:00+00:00,22651.65,22653.55,22646.35,22650.65,105,150,0
2025-07-01 02:25:00+00:00,22651.45,22652.95,22640.85,22641.55,187,150,0
2025-07-01 02:30:00+00:00,22641.45,22646.85,22632.85,22643.25,370,150,0
2025-07-01 02:35:00+00:00,22643.25,22663.75,22643.05,22659.05,474,150,0
2025-07-01 02:40:00+00:00,22658.85,22667.85,22658.25,22664.55,357,150,0
2025-07-01 02:45:00+00:00,22664.65,22668.45,22661.95,22664.45,286,150,0
2025-07-01 02:50:00+00:00,22664.05,22672.65,22663.85,22670.85,334,150,0
2025-07-01 02:55:00+00:00,22670.95,22671.55,22663.85,22667.65,300,150,0
2025-07-01 03:00:00+00:00,22669.05,22679.55,22668.95,22677.65,755,150,0
2025-07-01 03:05:00+00:00,22677.45,22683.85,22669.85,22680.75,503,160,0
2025-07-01 03:10:00+00:00,22680.75,22682.15,22675.65,22677.95,376,150,0
2025-07-01 03:15:00+00:00,22678.15,22686.35,22676.95,22683.15,455,150,0
2025-07-01 03:20:00+00:00,22683.85,22685.65,22676.65,22677.15,390,150,0
2025-07-01 03:25:00+00:00,22677.05,22682.45,22675.15,22680.05,290,150,0
2025-07-01 03:30:00+00:00,22679.35,22679.65,22675.15,22678.45,284,150,0
2025-07-01 03:35:00+00:00,22678.35,22685.65,22676.15,22684.15,293,150,0
2025-07-01 03:40:00+00:00,22684.45,22686.85,22680.15,22685.35,273,150,0
2025-07-01 03:45:00+00:00,22685.65,22691.15,22683.95,22688.35,381,150,0
2025-07-01 03:50:00+00:00,22688.45,22689.95,22685.55,22685.85,281,150,0
2025-07-01 03:55:00+00:00,22686.05,22688.65,22680.95,22686.85,315,150,0
2025-07-01 04:00:00+00:00,22687.35,22693.85,22685.95,22688.05,429,150,0
2025-07-01 04:05:00+00:00,22687.95,22692.15,22686.15,22691.65,310,150,0
2025-07-01 04:10:00+00:00,22691.95,22693.95,22688.65,22690.95,243,150,0
2025-07-01 04:15:00+00:00,22691.15,22691.15,22687.95,22688.95,203,150,0
2025-07-01 04:20:00+00:00,22688.55,22690.35,22675.15,22677.25,413,150,0
2025-07-01 04:25:00+00:00,22677.05,22677.85,22671.65,22674.45,358,150,0
2025-07-01 04:30:00+00:00,22674.65,22684.85,22674.45,22684.45,317,150,0
2025-07-01 04:35:00+00:00,22684.45,22688.95,22682.45,22684.95,305,150,0
2025-07-01 04:40:00+00:00,22684.65,22688.15,22684.05,22687.55,241,150,0
2025-07-01 04:45:00+00:00,22687.45,22693.85,22684.65,22692.65,278,150,0
2025-07-01 04:50:00+00:00,22692.95,22700.35,22690.55,22698.05,336,150,0
2025-07-01 04:55:00+00:00,22697.95,22700.95,22693.45,22698.15,308,150,0
2025-07-01 05:00:00+00:00,22697.95,22697.95,22689.45,22690.55,317,150,0
2025-07-01 05:05:00+00:00,22690.65,22699.85,22690.45,22695.95,300,150,0
2025-07-01 05:10:00+00:00,22695.85,22696.45,22692.85,22695.65,235,150,0
2025-07-01 05:15:00+00:00,22695.15,22697.35,22690.35,22690.35,225,150,0
2025-07-01 05:20:00+00:00,22690.15,22694.45,22690.05,22693.35,231,150,0
2025-07-01 05:25:00+00:00,22693.15,22695.65,22690.55,22691.15,209,150,0
2025-07-01 05:30:00+00:00,22691.15,22691.15,22684.35,22684.45,286,150,0
2025-07-01 05:35:00+00:00,22684.65,22684.65,22681.85,22683.45,257,150,0
2025-07-01 05:40:00+00:00,22683.45,22683.45,22677.15,22678.85,255,150,0
2025-07-01 05:45:00+00:00,22678.65,22681.65,22676.15,22677.05,254,150,0
2025-07-01 05:50:00+00:00,22676.95,22677.05,22664.15,22668.15,343,150,0
2025-07-01 05:55:00+00:00,22668.45,22670.35,22662.55,22664.65,331,150,0
2025-07-01 06:00:00+00:00,22664.85,22670.55,22663.95,22668.45,299,150,0
2025-07-01 06:05:00+00:00,22668.55,22670.95,22664.95,22666.45,250,150,0
2025-07-01 06:10:00+00:00,22666.35,22667.15,22661.95,22663.45,247,150,0
2025-07-01 06:15:00+00:00,22663.45,22664.55,22659.35,22662.15,249,150,0
2025-07-01 06:20:00+00:00,22661.95,22663.85,22660.05,22661.65,186,150,0
2025-07-01 06:25:00+00:00,22661.65,22661.95,22654.85,22659.05,266,150,0
2025-07-01 06:30:00+00:00,22659.05,22664.25,22658.45,22660.35,279,150,0
2025-07-01 06:35:00+00:00,22660.75,22663.65,22657.25,22662.55,248,150,0
2025-07-01 06:40:00+00:00,22662.25,22663.65,22657.05,22662.75,238,150,0
2025-07-01 06:45:00+00:00,22662.15,22662.65,22656.35,22658.05,241,150,0
2025-07-01 06:50:00+00:00,22658.35,22661.75,22657.55,22659.55,224,150,0
2025-07-01 06:55:00+00:00,22659.35,22660.85,22658.35,22660.65,186,150,0
2025-07-01 07:00:00+00:00,22660.35,22664.55,22655.15,22659.85,274,150,0
2025-07-01 07:05:00+00:00,22659.75,22665.65,22657.25,22664.65,278,150,0
2025-07-01 07:10:00+00:00,22664.65,22665.05,22662.75,22663.55,125,150,0
2025-07-01 07:15:00+00:00,22663.15,22663.15,22654.35,22662.25,230,150,0
2025-07-01 07:20:00+00:00,22662.55,22662.55,22655.15,22655.85,208,150,0
2025-07-01 07:25:00+00:00,22655.75,22658.25,22653.85,22657.15,185,150,0
2025-07-01 07:30:00+00:00,22656.85,22661.05,22655.35,22657.85,186,150,0
2025-07-01 07:35:00+00:00,22657.75,22657.85,22651.75,22654.55,185,150,0
2025-07-01 07:40:00+00:00,22654.35,22654.65,22648.85,22648.85,256,150,0
2025-07-01 07:45:00+00:00,22649.15,22651.35,22642.55,22651.05,260,150,0
2025-07-01 07:50:00+00:00,22650.85,22652.55,22648.15,22648.85,185,150,0
2025-07-01 07:55:00+00:00,22648.85,22648.85,22643.65,22645.55,241,150,0
2025-07-01 08:00:00+00:00,22645.55,22649.25,22641.55,22646.85,298,150,0
2025-07-01 08:05:00+00:00,22647.15,22649.35,22639.15,22639.15,245,150,0
2025-07-01 08:10:00+00:00,22638.65,22640.55,22635.25,22637.65,361,150,0
2025-07-01 08:15:00+00:00,22637.65,22641.65,22636.65,22638.55,240,150,0
2025-07-01 08:20:00+00:00,22638.85,22641.45,22631.15,22635.35,251,150,0
2025-07-01 08:25:00+00:00,22635.35,22639.65,22632.55,22637.35,272,150,0
2025-07-01 08:30:00+00:00,22637.25,22640.85,22634.65,22636.15,281,150,0
2025-07-01 08:35:00+00:00,22635.85,22636.35,22626.35,22632.75,342,150,0
2025-07-01 08:40:00+00:00,22633.05,22636.05,22629.55,22629.85,231,150,0
2025-07-01 08:45:00+00:00,22629.75,22634.55,22625.65,22633.65,290,150,0
2025-07-01 08:50:00+00:00,22633.35,22644.55,22633.35,22641.85,324,150,0
2025-07-01 08:55:00+00:00,22641.65,22641.65,22629.75,22629.85,321,150,0
2025-07-01 09:00:00+00:00,22629.65,22634.85,22622.45,22623.55,513,150,0
2025-07-01 09:05:00+00:00,22623.75,22625.55,22615.35,22622.85,448,160,0
2025-07-01 09:10:00+00:00,22622.75,22630.05,22622.75,22627.85,311,150,0
2025-07-01 09:15:00+00:00,22627.85,22629.25,22623.35,22625.35,249,150,0
2025-07-01 09:20:00+00:00,22625.65,22627.75,22622.15,22624.15,269,150,0
2025-07-01 09:25:00+00:00,22623.75,22630.05,22623.15,22623.55,341,150,0
2025-07-01 09:30:00+00:00,22623.75,22627.85,22619.35,22624.85,382,150,0
2025-07-01 09:35:00+00:00,22624.95,22628.55,22622.15,22626.15,303,150,0
2025-07-01 09:40:00+00:00,22626.25,22631.35,22624.65,22625.75,261,150,0
2025-07-01 09:45:00+00:00,22625.85,22627.35,22617.85,22620.35,362,150,0
2025-07-01 09:50:00+00:00,22620.05,22632.35,22620.05,22629.65,364,150,0
2025-07-01 09:55:00+00:00,22629.65,22633.85,22627.55,22629.05,365,150,0
2025-07-01 10:00:00+00:00,22628.55,22651.25,22628.55,22650.75,784,150,0
2025-07-01 10:05:00+00:00,22650.75,22653.05,22639.25,22645.25,526,160,0
2025-07-01 10:10:00+00:00,22645.05,22645.25,22630.05,22630.05,569,150,0
2025-07-01 10:15:00+00:00,22629.85,22633.45,22621.15,22627.55,628,160,0
2025-07-01 10:20:00+00:00,22627.25,22631.25,22620.75,22625.05,467,160,0
2025-07-01 10:25:00+00:00,22624.95,22631.35,22623.55,22630.75,398,150,0
2025-07-01 10:30:00+00:00,22631.55,22641.75,22629.35,22638.35,570,150,0
2025-07-01 10:35:00+00:00,22638.55,22640.35,22623.85,22625.35,496,160,0
2025-07-01 10:40:00+00:00,22625.35,22626.85,22622.05,22622.85,386,150,0
2025-07-01 10:45:00+00:00,22623.05,22626.35,22619.25,22619.55,389,150,0
2025-07-01 10:50:00+00:00,22618.85,22625.65,22610.75,22624.45,514,150,0
2025-07-01 10:55:00+00:00,22624.55,22631.75,22621.05,22631.45,449,150,0
2025-07-01 11:00:00+00:00,22632.35,22634.35,22607.25,22615.35,870,150,0
2025-07-01 11:05:00+00:00,22615.35,22622.15,22608.75,22621.45,779,180,0
2025-07-01 11:10:00+00:00,22621.45,22625.25,22614.55,22616.75,715,170,0
2025-07-01 11:15:00+00:00,22617.25,22623.65,22616.15,22619.05,572,160,0
2025-07-01 11:20:00+00:00,22619.45,22633.55,22615.95,22632.55,590,160,0
2025-07-01 11:25:00+00:00,22632.35,22636.25,22629.65,22635.55,510,150,0
2025-07-01 11:30:00+00:00,22635.65,22642.05,22627.85,22631.25,548,150,0
2025-07-01 11:35:00+00:00,22630.95,22646.25,22629.35,22630.35,508,160,0
2025-07-01 11:40:00+00:00,22630.35,22632.05,22614.95,22621.85,536,160,0
2025-07-01 11:45:00+00:00,22621.55,22628.45,22619.65,22627.55,460,160,0
2025-07-01 11:50:00+00:00,22627.45,22636.25,22627.45,22630.05,406,150,0
2025-07-01 11:55:00+00:00,22630.05,22635.85,22628.05,22633.65,364,150,0
2025-07-01 12:00:00+00:00,22632.75,22637.25,22630.15,22631.95,376,150,0
2025-07-01 12:05:00+00:00,22632.05,22632.95,22620.25,22620.25,461,150,0
2025-07-01 12:10:00+00:00,22619.95,22621.35,22609.15,22610.85,366,150,0
2025-07-01 12:15:00+00:00,22610.85,22629.55,22610.35,22629.05,487,150,0
2025-07-01 12:20:00+00:00,22629.15,22629.65,22622.25,22625.65,316,150,0
2025-07-01 12:25:00+00:00,22625.55,22628.35,22617.85,22618.35,383,150,0
2025-07-01 12:30:00+00:00,22618.05,22619.25,22609.55,22616.15,475,150,0
2025-07-01 12:35:00+00:00,22616.05,22620.35,22614.15,22615.15,321,150,0
2025-07-01 12:40:00+00:00,22614.85,22617.35,22609.55,22612.25,307,150,0
2025-07-01 12:45:00+00:00,22612.35,22614.85,22602.05,22607.85,486,150,0
2025-07-01 12:50:00+00:00,22607.85,22609.05,22600.75,22608.85,467,150,0
2025-07-01 12:55:00+00:00,22608.85,22621.75,22608.35,22619.25,424,150,0
2025-07-01 13:00:00+00:00,22618.75,22627.75,22618.05,22622.85,439,150,0
2025-07-01 13:05:00+00:00,22622.65,22627.35,22618.65,22625.55,351,150,0
2025-07-01 13:10:00+00:00,22625.85,22626.05,22621.05,22623.35,330,150,0
2025-07-01 13:15:00+00:00,22623.65,22624.85,22618.25,22618.25,305,150,0
2025-07-01 13:20:00+00:00,22618.35,22622.55,22615.85,22619.15,333,150,0
2025-07-01 13:25:00+00:00,22619.15,22620.35,22614.85,22615.15,244,150,0
2025-07-01 13:30:00+00:00,22615.05,22618.65,22614.15,22615.35,250,150,0
2025-07-01 13:35:00+00:00,22615.55,22620.55,22613.35,22619.65,292,150,0
2025-07-01 13:40:00+00:00,22619.35,22621.15,22615.35,22616.85,277,150,0
2025-07-01 13:45:00+00:00,22617.05,22620.25,22615.75,22617.05,263,150,0
2025-07-01 13:50:00+00:00,22616.85,22620.75,22616.75,22617.15,247,150,0
2025-07-01 13:55:00+00:00,22617.05,22626.35,22614.85,22626.05,338,150,0
2025-07-01 14:00:00+00:00,22626.05,22636.05,22626.05,22632.95,559,150,0
2025-07-01 14:05:00+00:00,22632.85,22634.15,22625.55,22628.95,484,150,0
2025-07-01 14:10:00+00:00,22628.85,22631.95,22625.15,22627.15,338,150,0
2025-07-01 14:15:00+00:00,22627.25,22633.25,22617.85,22620.05,467,150,0
2025-07-01 14:20:00+00:00,22620.15,22626.65,22617.35,22626.15,381,150,0
2025-07-01 14:25:00+00:00,22626.15,22628.75,22622.75,22627.85,383,150,0
2025-07-01 14:30:00+00:00,22628.35,22631.25,22625.85,22631.25,423,150,0
2025-07-01 14:35:00+00:00,22631.15,22633.15,22626.65,22626.85,355,150,0
2025-07-01 14:40:00+00:00,22626.75,22627.55,22618.35,22622.55,395,150,0
2025-07-01 14:45:00+00:00,22622.05,22623.05,22616.85,22621.55,405,150,0
2025-07-01 14:50:00+00:00,22621.55,22621.65,22610.25,22610.65,488,150,0
2025-07-01 14:55:00+00:00,22610.65,22619.05,22597.65,22613.65,739,150,0
2025-07-01 15:00:00+00:00,22613.45,22621.65,22609.55,22614.05,590,160,0
2025-07-01 15:05:00+00:00,22613.35,22617.05,22594.35,22595.55,684,160,0
2025-07-01 15:10:00+00:00,22595.75,22596.75,22585.15,22586.55,728,160,0
2025-07-01 15:15:00+00:00,22586.35,22587.35,22579.45,22581.75,597,160,0
2025-07-01 15:20:00+00:00,22581.65,22581.65,22561.25,22564.05,688,170,0
2025-07-01 15:25:00+00:00,22563.95,22563.95,22544.15,22563.15,880,190,0
2025-07-01 15:30:00+00:00,22563.15,22585.35,22562.15,22583.15,903,180,0
2025-07-01 15:35:00+00:00,22582.75,22586.45,22561.45,22562.65,753,170,0
2025-07-01 15:40:00+00:00,22562.45,22573.95,22559.65,22572.15,759,180,0
2025-07-01 15:45:00+00:00,22571.95,22587.35,22570.35,22579.25,710,160,0
2025-07-01 15:50:00+00:00,22579.85,22588.45,22577.05,22587.75,580,160,0
2025-07-01 15:55:00+00:00,22587.85,22589.15,22580.55,22582.35,570,150,0
2025-07-01 16:00:00+00:00,22582.35,22591.45,22579.55,22590.25,713,150,0
2025-07-01 16:05:00+00:00,22590.55,22604.75,22586.85,22604.65,673,150,0
2025-07-01 16:10:00+00:00,22604.65,22605.75,22596.15,22601.55,625,160,0
2025-07-01 16:15:00+00:00,22601.35,22603.25,22583.15,22585.75,738,150,0
2025-07-01 16:20:00+00:00,22585.75,22589.55,22579.15,22586.15,745,170,0
2025-07-01 16:25:00+00:00,22586.25,22592.75,22579.65,22591.05,1034,170,0
2025-07-01 16:30:00+00:00,22590.75,22609.15,22582.35,22592.05,1579,80,0
2025-07-01 16:35:00+00:00,22592.25,22606.55,22584.85,22599.65,1497,90,0
2025-07-01 16:40:00+00:00,22598.55,22606.35,22568.55,22580.45,1448,90,0
2025-07-01 16:45:00+00:00,22581.15,22610.95,22577.85,22607.95,1457,90,0
2025-07-01 16:50:00+00:00,22607.55,22622.35,22603.85,22612.35,1462,80,0
2025-07-01 16:55:00+00:00,22612.45,22615.35,22594.65,22600.6,1345,80,0
2025-07-01 17:00:00+00:00,22590.9,22612.44,22582.25,22591.85,1476,100,0
2025-07-01 17:05:00+00:00,22591.55,22607.35,22586.15,22587.35,1360,80,0
2025-07-01 17:10:00+00:00,22587.15,22618.85,22576.85,22618.15,1376,80,0
2025-07-01 17:15:00+00:00,22617.65,22632.85,22608.85,22612.15,1328,80,0
2025-07-01 17:20:00+00:00,22612.65,22613.15,22564.75,22576.95,1406,80,0
2025-07-01 17:25:00+00:00,22580.45,22584.55,22537.55,22555.15,1478,90,0
2025-07-01 17:30:00+00:00,22554.35,22571.55,22522.55,22526.55,1453,90,0
2025-07-01 17:35:00+00:00,22525.25,22543.85,22509.95,22512.15,1474,90,0
2025-07-01 17:40:00+00:00,22511.45,22512.05,22490.55,22500.55,1454,90,0
2025-07-01 17:45:00+00:00,22501.25,22507.55,22471.35,22494.05,1488,90,0
2025-07-01 17:50:00+00:00,22493.45,22506.05,22486.65,22494.85,1442,90,0
2025-07-01 17:55:00+00:00,22494.35,22499.15,22463.05,22476.05,1448,90,0
2025-07-01 18:00:00+00:00,22476.15,22502.55,22458.85,22502.55,1414,90,0
2025-07-01 18:05:00+00:00,22502.85,22505.55,22413.35,22426.95,1510,90,0
2025-07-01 18:10:00+00:00,22427.45,22433.25,22384.05,22392.95,1562,110,0
2025-07-01 18:15:00+00:00,22392.45,22430.65,22384.95,22430.65,1510,100,0
2025-07-01 18:20:00+00:00,22430.75,22458.65,22423.05,22456.35,1411,90,0
2025-07-01 18:25:00+00:00,22456.85,22483.05,22455.05,22473.05,1410,90,0
2025-07-01 18:30:00+00:00,22472.35,22482.85,22464.55,22477.55,1398,90,0
2025-07-01 18:35:00+00:00,22477.65,22482.45,22434.85,22441.45,1441,80,0
2025-07-01 18:40:00+00:00,22441.55,22442.85,22406.05,22426.35,1500,90,0
2025-07-01 18:45:00+00:00,22426.45,22445.85,22422.55,22431.05,1443,90,0
2025-07-01 18:50:00+00:00,22430.35,22460.65,22423.65,22455.55,1348,80,0
2025-07-01 18:55:00+00:00,22455.95,22456.95,22439.15,22447.85,1318,80,0
2025-07-01 19:00:00+00:00,22447.75,22457.65,22429.15,22429.65,1397,80,0
2025-07-01 19:05:00+00:00,22429.95,22445.15,22421.85,22443.05,1408,80,0
2025-07-01 19:10:00+00:00,22442.45,22495.35,22437.45,22492.15,1339,80,0
2025-07-01 19:15:00+00:00,22492.15,22494.35,22464.85,22475.15,1381,80,0
2025-07-01 19:20:00+00:00,22474.95,22478.15,22461.35,22474.45,1325,80,0
2025-07-01 19:25:00+00:00,22474.65,22478.65,22465.65,22466.65,1245,80,0
2025-07-01 19:30:00+00:00,22464.95,22487.35,22455.75,22486.35,1240,80,0
2025-07-01 19:35:00+00:00,22486.35,22496.35,22473.35,22490.35,1146,80,0
2025-07-01 19:40:00+00:00,22489.95,22497.45,22477.85,22494.65,1132,80,0
2025-07-01 19:45:00+00:00,22494.65,22511.25,22484.85,22500.25,1270,80,0
2025-07-01 19:50:00+00:00,22500.65,22524.75,22495.85,22522.85,1217,80,0
2025-07-01 19:55:00+00:00,22522.65,22527.15,22486.85,22489.35,1340,80,0
2025-07-01 20:00:00+00:00,22489.35,22508.85,22489.35,22504.35,1321,80,0
2025-07-01 20:05:00+00:00,22504.35,22529.35,22502.85,22520.65,1222,80,0
2025-07-01 20:10:00+00:00,22521.15,22532.35,22514.85,22519.85,1155,80,0
2025-07-01 20:15:00+00:00,22519.85,22527.35,22512.15,22516.35,1173,80,0
2025-07-01 20:20:00+00:00,22514.35,22531.85,22508.85,22522.85,1208,80,0
2025-07-01 20:25:00+00:00,22522.15,22527.35,22506.25,22513.85,1135,80,0
2025-07-01 20:30:00+00:00,22513.65,22519.15,22499.15,22507.15,1150,80,0
2025-07-01 20:35:00+00:00,22507.25,22512.15,22499.35,22510.15,1164,80,0
2025-07-01 20:40:00+00:00,22509.75,22518.15,22505.35,22517.95,1041,80,0
2025-07-01 20:45:00+00:00,22517.85,22522.85,22508.85,22518.65,1011,80,0
2025-07-01 20:50:00+00:00,22518.15,22550.65,22516.15,22533.85,1157,80,0
2025-07-01 20:55:00+00:00,22533.95,22534.15,22523.15,22530.85,1021,80,0
2025-07-01 21:00:00+00:00,22531.25,22539.35,22530.85,22532.35,1137,80,0
2025-07-01 21:05:00+00:00,22533.65,22541.95,22528.35,22534.15,1002,80,0
2025-07-01 21:10:00+00:00,22532.85,22535.35,22528.15,22529.85,909,80,0
2025-07-01 21:15:00+00:00,22529.85,22537.65,22518.35,22524.15,1021,80,0
2025-07-01 21:20:00+00:00,22523.95,22526.35,22512.65,22516.65,960,80,0
2025-07-01 21:25:00+00:00,22517.15,22523.35,22510.95,22512.85,881,80,0
2025-07-01 21:30:00+00:00,22512.65,22534.65,22509.35,22529.65,973,80,0
2025-07-01 21:35:00+00:00,22529.85,22531.35,22511.35,22516.95,928,80,0
2025-07-01 21:40:00+00:00,22517.15,22525.45,22511.85,22519.15,887,80,0
2025-07-01 21:45:00+00:00,22519.25,22524.85,22510.85,22515.35,846,80,0
2025-07-01 21:50:00+00:00,22515.35,22518.95,22509.45,22514.35,792,80,0
2025-07-01 21:55:00+00:00,22514.35,22516.65,22489.75,22491.15,981,80,0
2025-07-01 22:00:00+00:00,22490.35,22490.35,22436.25,22475.55,1538,80,0
2025-07-01 22:05:00+00:00,22475.65,22478.75,22454.15,22466.85,1382,90,0
2025-07-01 22:10:00+00:00,22465.35,22480.35,22456.85,22474.55,1337,90,0
2025-07-01 22:15:00+00:00,22474.55,22494.75,22474.05,22492.35,1182,80,0
2025-07-01 22:20:00+00:00,22492.65,22506.55,22486.75,22505.95,1088,80,0
2025-07-01 22:25:00+00:00,22505.95,22513.45,22500.25,22513.45,1030,80,0
2025-07-01 22:30:00+00:00,22512.95,22515.25,22487.35,22489.25,1195,80,0
2025-07-01 22:35:00+00:00,22488.75,22493.45,22476.45,22482.75,1261,80,0
2025-07-01 22:40:00+00:00,22482.75,22498.75,22479.45,22497.35,1183,80,0
2025-07-01 22:45:00+00:00,22497.35,22525.75,22497.25,22520.05,1214,80,0
2025-07-01 22:50:00+00:00,22520.35,22532.05,22497.65,22503.25,1416,80,0
2025-07-01 22:55:00+00:00,22490.45,22503.05,22473.85,22479.85,1387,100,0
2025-07-01 23:00:00+00:00,22479.96,22484.76,22464.76,22468.56,1064,128,0
2025-07-01 23:05:00+00:00,22468.76,22470.56,22463.16,22466.56,763,188,0
2025-07-01 23:10:00+00:00,22466.16,22466.16,22458.26,22462.46,582,178,0
2025-07-01 23:15:00+00:00,22463.36,22467.76,22460.96,22466.26,378,168,0
2025-07-01 23:20:00+00:00,22466.36,22471.36,22464.76,22467.36,454,168,0
2025-07-01 23:25:00+00:00,22467.56,22471.56,22467.26,22471.26,307,168,0
2025-07-01 23:30:00+00:00,22471.26,22474.56,22468.26,22472.06,304,168,0
2025-07-01 23:35:00+00:00,22472.06,22476.06,22471.36,22475.76,269,168,0
2025-07-01 23:40:00+00:00,22475.86,22481.06,22475.36,22476.06,280,168,0
2025-07-01 23:45:00+00:00,22475.56,22480.26,22475.56,22477.76,223,168,0
2025-07-02 01:05:00+00:00,22489.86,22492.66,22484.86,22487.36,204,168,0
2025-07-02 01:10:00+00:00,22487.86,22490.66,22480.26,22487.66,214,168,0
2025-07-02 01:15:00+00:00,22488.36,22495.96,22487.96,22495.86,168,168,0
2025-07-02 01:20:00+00:00,22496.16,22497.86,22488.16,22488.66,205,168,0
2025-07-02 01:25:00+00:00,22488.46,22493.46,22484.86,22485.16,201,168,0
2025-07-02 01:30:00+00:00,22484.36,22496.66,22483.96,22494.96,319,168,0
2025-07-02 01:35:00+00:00,22494.66,22503.06,22493.36,22496.86,298,168,0
2025-07-02 01:40:00+00:00,22496.66,22510.76,22496.16,22509.16,337,168,0
2025-07-02 01:45:00+00:00,22509.46,22509.46,22505.16,22509.16,206,168,0
2025-07-02 01:50:00+00:00,22509.16,22510.26,22506.46,22508.16,199,168,0
2025-07-02 01:55:00+00:00,22508.26,22509.96,22504.66,22509.76,155,168,0
2025-07-02 02:00:00+00:00,22509.85,22513.35,22507.05,22512.35,226,150,0
2025-07-02 02:05:00+00:00,22512.35,22516.75,22511.35,22512.35,233,150,0
2025-07-02 02:10:00+00:00,22512.55,22513.35,22502.05,22503.95,279,150,0
2025-07-02 02:15:00+00:00,22503.55,22506.45,22498.85,22498.85,280,150,0
2025-07-02 02:20:00+00:00,22498.75,22502.85,22497.35,22498.05,236,150,0
2025-07-02 02:25:00+00:00,22498.05,22502.95,22493.35,22501.05,247,150,0
2025-07-02 02:30:00+00:00,22501.35,22503.85,22498.45,22501.25,189,150,0
2025-07-02 02:35:00+00:00,22501.05,22505.45,22499.75,22501.85,213,150,0
2025-07-02 02:40:00+00:00,22503.05,22504.25,22499.55,22502.95,231,150,0
2025-07-02 02:45:00+00:00,22503.05,22503.35,22496.95,22498.05,366,150,0
2025-07-02 02:50:00+00:00,22498.05,22499.95,22490.55,22494.75,328,150,0
2025-07-02 02:55:00+00:00,22494.55,22500.55,22494.45,22497.05,292,150,0
2025-07-02 03:00:00+00:00,22496.95,22506.75,22495.05,22502.55,672,150,0
2025-07-02 03:05:00+00:00,22502.55,22504.95,22494.75,22500.15,482,160,0
2025-07-02 03:10:00+00:00,22500.05,22502.95,22495.45,22501.75,407,150,0
2025-07-02 03:15:00+00:00,22501.85,22510.05,22500.85,22504.85,434,150,0
2025-07-02 03:20:00+00:00,22504.85,22507.25,22501.75,22501.75,334,150,0
2025-07-02 03:25:00+00:00,22500.85,22503.75,22497.35,22501.35,278,150,0
2025-07-02 03:30:00+00:00,22501.55,22506.45,22500.05,22502.75,291,150,0
2025-07-02 03:35:00+00:00,22502.85,22505.35,22501.05,22504.85,290,150,0
2025-07-02 03:40:00+00:00,22504.55,22505.35,22501.45,22502.45,242,150,0
2025-07-02 03:45:00+00:00,22502.05,22502.85,22498.75,22500.35,288,150,0
2025-07-02 03:50:00+00:00,22499.55,22500.95,22497.25,22500.95,186,150,0
2025-07-02 03:55:00+00:00,22500.85,22503.75,22500.05,22501.25,227,150,0
2025-07-02 04:00:00+00:00,22501.35,22504.75,22497.75,22499.85,294,150,0
2025-07-02 04:05:00+00:00,22500.05,22505.25,22499.55,22504.85,287,150,0
2025-07-02 04:10:00+00:00,22504.85,22506.45,22497.05,22501.05,289,150,0
2025-07-02 04:15:00+00:00,22501.15,22502.95,22497.05,22499.55,279,150,0
2025-07-02 04:20:00+00:00,22499.05,22503.95,22498.75,22501.75,249,150,0
2025-07-02 04:25:00+00:00,22501.35,22501.85,22492.95,22498.55,338,150,0
2025-07-02 04:30:00+00:00,22498.45,22498.55,22491.85,22493.55,392,150,0
2025-07-02 04:35:00+00:00,22494.35,22497.55,22494.25,22496.85,294,150,0
2025-07-02 04:40:00+00:00,22496.85,22504.75,22496.85,22504.45,316,150,0
2025-07-02 04:45:00+00:00,22504.35,22504.45,22496.35,22497.55,310,150,0
2025-07-02 04:50:00+00:00,22497.55,22497.75,22488.25,22493.05,383,150,0
2025-07-02 04:55:00+00:00,22493.05,22493.95,22477.05,22478.55,420,150,0
2025-07-02 05:00:00+00:00,22478.25,22480.85,22472.95,22474.35,343,150,0
2025-07-02 05:05:00+00:00,22474.35,22477.95,22470.55,22472.25,422,150,0
2025-07-02 05:10:00+00:00,22472.05,22472.85,22463.55,22471.05,433,150,0
2025-07-02 05:15:00+00:00,22471.05,22486.15,22470.45,22486.15,482,150,0
2025-07-02 05:20:00+00:00,22486.15,22486.55,22478.85,22485.05,335,150,0
2025-07-02 05:25:00+00:00,22485.25,22496.45,22484.05,22495.75,342,150,0
2025-07-02 05:30:00+00:00,22495.75,22502.35,22493.35,22501.55,386,150,0
2025-07-02 05:35:00+00:00,22501.85,22508.25,22501.55,22507.35,314,150,0
2025-07-02 05:40:00+00:00,22507.45,22518.75,22503.55,22510.75,445,150,0
2025-07-02 05:45:00+00:00,22511.05,22517.65,22511.05,22516.85,268,150,0
2025-07-02 05:50:00+00:00,22516.55,22520.55,22513.55,22517.75,331,150,0
2025-07-02 05:55:00+00:00,22517.75,22527.55,22516.85,22527.55,375,150,0
2025-07-02 06:00:00+00:00,22529.75,22532.35,22523.05,22526.05,425,150,0
2025-07-02 06:05:00+00:00,22525.75,22533.05,22524.45,22530.55,334,150,0
2025-07-02 06:10:00+00:00,22530.65,22532.35,22528.55,22531.85,263,150,0
2025-07-02 06:15:00+00:00,22532.05,22533.95,22530.45,22531.05,224,150,0
2025-07-02 06:20:00+00:00,22530.85,22531.85,22525.95,22526.55,258,150,0
2025-07-02 06:25:00+00:00,22526.45,22526.85,22523.05,22524.85,262,150,0
2025-07-02 06:30:00+00:00,22525.05,22527.05,22521.85,22524.55,277,150,0
2025-07-02 06:35:00+00:00,22524.45,22530.75,22524.45,22528.05,250,150,0
2025-07-02 06:40:00+00:00,22527.95,22529.55,22523.55,22524.75,189,150,0
2025-07-02 06:45:00+00:00,22524.85,22526.85,22520.35,22523.55,238,150,0
2025-07-02 06:50:00+00:00,22523.45,22528.35,22523.45,22526.05,199,150,0
2025-07-02 06:55:00+00:00,22526.35,22528.35,22524.75,22527.95,178,150,0
2025-07-02 07:00:00+00:00,22527.75,22529.95,22525.35,22528.05,182,150,0
2025-07-02 07:05:00+00:00,22528.35,22535.45,22528.05,22530.45,242,150,0
2025-07-02 07:10:00+00:00,22530.75,22537.05,22530.35,22535.05,212,150,0
2025-07-02 07:15:00+00:00,22535.05,22540.85,22532.75,22540.85,218,150,0
2025-07-02 07:20:00+00:00,22540.85,22552.45,22539.55,22552.45,402,150,0
2025-07-02 07:25:00+00:00,22552.35,22562.95,22551.65,22558.25,472,160,0
2025-07-02 07:30:00+00:00,22558.75,22561.55,22554.95,22560.85,285,150,0
2025-07-02 07:35:00+00:00,22562.05,22566.95,22560.85,22564.55,346,150,0
2025-07-02 07:40:00+00:00,22564.85,22564.85,22558.25,22558.25,241,150,0
2025-07-02 07:45:00+00:00,22558.35,22562.55,22558.05,22561.05,246,150,0
2025-07-02 07:50:00+00:00,22561.35,22565.25,22560.45,22563.35,188,150,0
2025-07-02 07:55:00+00:00,22563.35,22568.85,22558.75,22560.45,299,150,0
2025-07-02 08:00:00+00:00,22560.55,22560.55,22551.95,22553.05,331,150,0
2025-07-02 08:05:00+00:00,22553.35,22557.85,22551.35,22556.35,232,150,0
2025-07-02 08:10:00+00:00,22556.05,22557.55,22552.55,22555.85,243,150,0
2025-07-02 08:15:00+00:00,22555.85,22559.05,22546.85,22547.35,299,150,0
2025-07-02 08:20:00+00:00,22547.45,22553.55,22544.75,22546.05,393,150,0
2025-07-02 08:25:00+00:00,22546.25,22549.95,22536.95,22538.35,322,150,0
2025-07-02 08:30:00+00:00,22538.35,22547.15,22534.45,22546.55,401,150,0
2025-07-02 08:35:00+00:00,22546.75,22552.05,22542.65,22547.25,411,160,0
2025-07-02 08:40:00+00:00,22547.15,22550.85,22545.85,22548.05,227,150,0
2025-07-02 08:45:00+00:00,22548.05,22554.35,22543.35,22553.95,304,150,0
2025-07-02 08:50:00+00:00,22554.25,22555.35,22547.55,22550.55,348,150,0
2025-07-02 08:55:00+00:00,22551.25,22557.25,22548.25,22557.05,303,150,0
2025-07-02 09:00:00+00:00,22557.25,22566.55,22552.55,22562.75,503,150,0
2025-07-02 09:05:00+00:00,22562.55,22565.25,22554.05,22556.65,450,150,0
2025-07-02 09:10:00+00:00,22556.55,22557.95,22551.05,22551.05,419,150,0
2025-07-02 09:15:00+00:00,22551.95,22555.35,22548.05,22552.05,353,150,0
2025-07-02 09:20:00+00:00,22552.05,22557.85,22551.85,22554.95,348,150,0
2025-07-02 09:25:00+00:00,22554.75,22554.85,22546.05,22547.25,455,150,0
2025-07-02 09:30:00+00:00,22547.65,22554.05,22546.05,22553.15,499,150,0
2025-07-02 09:35:00+00:00,22553.75,22559.25,22551.25,22553.65,393,160,0
2025-07-02 09:40:00+00:00,22553.55,22559.05,22552.05,22557.25,304,150,0
2025-07-02 09:45:00+00:00,22556.85,22560.55,22552.45,22554.85,323,150,0
2025-07-02 09:50:00+00:00,22554.85,22558.55,22552.45,22558.55,310,150,0
2025-07-02 09:55:00+00:00,22558.25,22561.45,22554.55,22560.35,350,150,0
2025-07-02 10:00:00+00:00,22560.45,22563.95,22554.65,22561.65,807,150,0
2025-07-02 10:05:00+00:00,22561.85,22564.55,22546.95,22561.45,726,160,0
2025-07-02 10:10:00+00:00,22561.35,22563.65,22547.45,22549.75,632,160,0
2025-07-02 10:15:00+00:00,22550.45,22550.75,22537.65,22539.05,660,160,0
2025-07-02 10:20:00+00:00,22538.65,22541.15,22533.45,22537.05,538,160,0
2025-07-02 10:25:00+00:00,22536.75,22539.25,22520.95,22521.75,607,160,0
2025-07-02 10:30:00+00:00,22521.55,22535.05,22520.55,22529.05,636,160,0
2025-07-02 10:35:00+00:00,22529.05,22533.75,22525.55,22531.95,555,160,0
2025-07-02 10:40:00+00:00,22532.05,22533.45,22513.55,22513.95,556,150,0
2025-07-02 10:45:00+00:00,22513.65,22519.95,22510.95,22511.25,633,160,0
2025-07-02 10:50:00+00:00,22510.95,22515.75,22505.95,22512.45,527,150,0
2025-07-02 10:55:00+00:00,22512.95,22516.05,22509.45,22511.75,443,150,0
2025-07-02 11:00:00+00:00,22513.05,22524.95,22504.95,22514.95,822,160,0
2025-07-02 11:05:00+00:00,22515.15,22524.95,22511.55,22520.95,698,160,0
2025-07-02 11:10:00+00:00,22520.85,22524.15,22517.75,22520.25,550,160,0
2025-07-02 11:15:00+00:00,22519.75,22522.45,22513.55,22517.75,509,160,0
2025-07-02 11:20:00+00:00,22517.95,22525.45,22511.35,22512.25,582,160,0
2025-07-02 11:25:00+00:00,22511.95,22516.75,22501.35,22508.45,613,170,0
2025-07-02 11:30:00+00:00,22508.65,22508.75,22490.65,22497.95,673,170,0
2025-07-02 11:35:00+00:00,22497.95,22503.25,22493.65,22500.25,554,160,0
2025-07-02 11:40:00+00:00,22499.75,22505.05,22495.95,22495.95,534,160,0
2025-07-02 11:45:00+00:00,22496.55,22506.25,22495.75,22505.05,464,160,0
2025-07-02 11:50:00+00:00,22505.15,22506.55,22499.55,22502.85,376,150,0
2025-07-02 11:55:00+00:00,22502.35,22504.35,22493.25,22497.75,451,150,0
2025-07-02 12:00:00+00:00,22497.65,22501.65,22486.75,22487.05,468,150,0
2025-07-02 12:05:00+00:00,22487.05,22495.25,22484.75,22486.15,432,150,0
2025-07-02 12:10:00+00:00,22485.75,22497.55,22485.45,22488.85,493,150,0
2025-07-02 12:15:00+00:00,22489.45,22492.75,22482.55,22482.75,481,150,0
2025-07-02 12:20:00+00:00,22482.65,22495.65,22482.25,22494.35,500,150,0
2025-07-02 12:25:00+00:00,22494.35,22500.75,22493.05,22498.05,406,150,0
2025-07-02 12:30:00+00:00,22498.25,22503.05,22496.35,22501.85,400,150,0
2025-07-02 12:35:00+00:00,22501.95,22502.05,22485.65,22486.55,471,150,0
2025-07-02 12:40:00+00:00,22486.75,22500.75,22485.75,22500.35,388,150,0
2025-07-02 12:45:00+00:00,22500.45,22503.75,22499.75,22501.75,297,150,0
2025-07-02 12:50:00+00:00,22501.85,22503.75,22499.25,22499.45,313,150,0
2025-07-02 12:55:00+00:00,22499.55,22503.25,22497.35,22501.35,331,150,0
2025-07-02 13:00:00+00:00,22501.55,22502.05,22495.25,22500.05,358,150,0
2025-07-02 13:05:00+00:00,22500.35,22505.95,22498.55,22499.35,322,150,0
2025-07-02 13:10:00+00:00,22498.55,22500.05,22492.95,22499.65,365,150,0
2025-07-02 13:15:00+00:00,22499.65,22499.85,22495.75,22495.85,293,150,0
2025-07-02 13:20:00+00:00,22496.05,22496.35,22488.85,22492.35,406,150,0
2025-07-02 13:25:00+00:00,22492.05,22494.85,22480.95,22481.95,410,150,0
2025-07-02 13:30:00+00:00,22480.85,22492.25,22477.05,22482.45,519,150,0
2025-07-02 13:35:00+00:00,22482.45,22484.45,22474.25,22475.75,461,160,0
2025-07-02 13:40:00+00:00,22475.25,22484.55,22468.75,22471.95,534,150,0
2025-07-02 13:45:00+00:00,22472.25,22473.75,22463.55,22469.75,504,160,0
2025-07-02 13:50:00+00:00,22470.05,22477.45,22466.15,22466.95,551,160,0
2025-07-02 13:55:00+00:00,22466.65,22475.75,22461.15,22475.75,586,160,0
2025-07-02 14:00:00+00:00,22475.65,22479.55,22468.05,22476.75,582,160,0
2025-07-02 14:05:00+00:00,22476.75,22484.05,22475.65,22483.55,530,150,0
2025-07-02 14:10:00+00:00,22483.85,22483.95,22474.45,22475.35,434,150,0
2025-07-02 14:15:00+00:00,22475.35,22484.75,22475.05,22482.55,376,150,0
2025-07-02 14:20:00+00:00,22482.75,22486.45,22482.55,22485.75,376,150,0
2025-07-02 14:25:00+00:00,22485.85,22486.95,22480.95,22484.55,354,150,0
2025-07-02 14:30:00+00:00,22484.45,22489.35,22468.85,22469.85,560,150,0
2025-07-02 14:35:00+00:00,22470.65,22477.75,22470.25,22475.35,489,170,0
2025-07-02 14:40:00+00:00,22475.45,22481.25,22473.25,22475.55,414,150,0
2025-07-02 14:45:00+00:00,22475.85,22477.45,22449.45,22450.65,674,150,0
2025-07-02 14:50:00+00:00,22450.45,22450.45,22426.35,22429.35,852,170,0
2025-07-02 14:55:00+00:00,22429.45,22451.85,22426.85,22450.45,757,170,0
2025-07-02 15:00:00+00:00,22449.25,22451.35,22434.35,22448.35,917,170,0
2025-07-02 15:05:00+00:00,22449.55,22462.25,22448.75,22458.25,729,160,0
2025-07-02 15:10:00+00:00,22458.55,22472.25,22455.25,22470.2,583,160,0
2025-07-02 15:15:00+00:00,22470.04,22471.34,22429.55,22440.95,1289,210,0
2025-07-02 15:20:00+00:00,22441.15,22454.15,22410.75,22422.05,1154,210,0
2025-07-02 15:25:00+00:00,22418.95,22435.15,22410.25,22427.25,1136,210,0
2025-07-02 15:30:00+00:00,22427.45,22431.95,22400.15,22405.55,1093,210,0
2025-07-02 15:35:00+00:00,22405.95,22420.75,22405.25,22406.65,991,210,0
2025-07-02 15:40:00+00:00,22406.25,22406.65,22373.15,22385.45,1101,210,0
2025-07-02 15:45:00+00:00,22385.25,22408.15,22380.75,22396.35,961,190,0
2025-07-02 15:50:00+00:00,22396.05,22400.35,22382.55,22396.55,894,190,0
2025-07-02 15:55:00+00:00,22396.65,22404.75,22389.35,22404.65,872,170,0
2025-07-02 16:00:00+00:00,22404.25,22442.45,22392.05,22442.45,1262,170,0
2025-07-02 16:05:00+00:00,22441.95,22446.15,22428.25,22430.75,1097,210,0
2025-07-02 16:10:00+00:00,22431.25,22437.45,22425.75,22434.65,893,190,0
2025-07-02 16:15:00+00:00,22434.65,22440.75,22421.85,22425.55,951,190,0
2025-07-02 16:20:00+00:00,22425.35,22436.35,22422.85,22431.75,840,170,0
2025-07-02 16:25:00+00:00,22431.85,22444.75,22425.65,22441.75,1052,170,0
2025-07-02 16:30:00+00:00,22445.25,22478.45,22439.75,22456.75,1611,80,0
2025-07-02 16:35:00+00:00,22458.35,22494.75,22450.15,22491.05,1534,110,0
2025-07-02 16:40:00+00:00,22491.65,22491.65,22467.45,22482.05,1532,100,0
2025-07-02 16:45:00+00:00,22482.25,22515.75,22482.25,22499.25,1474,90,0
2025-07-02 16:50:00+00:00,22498.95,22516.55,22494.25,22513.85,1416,80,0
2025-07-02 16:55:00+00:00,22514.05,22515.05,22492.85,22494.75,1452,80,0
2025-07-02 17:00:00+00:00,22495.25,22525.35,22491.55,22521.05,1383,80,0
2025-07-02 17:05:00+00:00,22521.55,22533.35,22518.35,22529.85,1306,80,0
2025-07-02 17:10:00+00:00,22529.35,22548.85,22529.35,22544.35,1161,80,0
2025-07-02 17:15:00+00:00,22543.85,22553.35,22543.55,22548.35,1218,80,0
2025-07-02 17:20:00+00:00,22548.35,22557.15,22543.55,22556.55,1190,80,0
2025-07-02 17:25:00+00:00,22555.55,22586.25,22552.05,22579.25,1324,80,0
2025-07-02 17:30:00+00:00,22579.15,22590.15,22579.15,22589.55,1161,80,0
2025-07-02 17:35:00+00:00,22589.85,22599.95,22583.55,22589.35,1144,80,0
2025-07-02 17:40:00+00:00,22589.05,22601.05,22561.25,22567.15,1176,80,0
2025-07-02 17:45:00+00:00,22564.85,22608.75,22564.85,22604.25,1416,90,0
2025-07-02 17:50:00+00:00,22604.35,22619.85,22599.25,22605.85,1241,80,0
2025-07-02 17:55:00+00:00,22603.55,22603.55,22589.85,22599.45,1339,80,0
2025-07-02 18:00:00+00:00,22599.85,22621.05,22599.85,22618.05,1269,80,0
2025-07-02 18:05:00+00:00,22618.55,22634.05,22617.85,22621.55,1248,80,0
2025-07-02 18:10:00+00:00,22621.45,22622.95,22604.85,22609.65,1303,80,0
2025-07-02 18:15:00+00:00,22609.85,22619.05,22604.85,22609.35,1223,80,0
2025-07-02 18:20:00+00:00,22609.35,22619.35,22603.05,22604.55,1192,80,0
2025-07-02 18:25:00+00:00,22604.45,22612.45,22587.55,22592.35,1198,80,0
2025-07-02 18:30:00+00:00,22592.35,22609.35,22589.55,22606.35,1212,80,0
2025-07-02 18:35:00+00:00,22606.05,22615.35,22594.55,22598.35,1138,80,0
2025-07-02 18:40:00+00:00,22598.35,22604.05,22593.55,22597.55,1006,80,0
2025-07-02 18:45:00+00:00,22597.45,22616.15,22592.45,22609.85,1016,80,0
2025-07-02 18:50:00+00:00,22610.55,22614.35,22601.55,22601.85,1042,80,0
2025-07-02 18:55:00+00:00,22601.55,22614.65,22600.05,22610.85,1006,80,0
2025-07-02 19:00:00+00:00,22610.55,22618.35,22599.35,22606.15,1120,80,0
2025-07-02 19:05:00+00:00,22606.15,22626.15,22603.85,22619.65,1094,80,0
2025-07-02 19:10:00+00:00,22619.65,22619.65,22608.85,22610.35,989,80,0
2025-07-02 19:15:00+00:00,22609.45,22629.95,22607.15,22624.45,1026,80,0
2025-07-02 19:20:00+00:00,22623.85,22632.15,22620.95,22630.65,915,80,0
2025-07-02 19:25:00+00:00,22630.65,22632.65,22612.35,22621.35,1112,80,0
2025-07-02 19:30:00+00:00,22621.65,22624.15,22611.35,22622.65,1060,80,0
2025-07-02 19:35:00+00:00,22622.15,22633.35,22621.95,22632.75,934,80,0
2025-07-02 19:40:00+00:00,22632.85,22634.45,22624.75,22625.85,891,80,0
2025-07-02 19:45:00+00:00,22626.15,22629.15,22617.15,22627.95,880,80,0
2025-07-02 19:50:00+00:00,22628.15,22630.65,22618.15,22622.65,864,80,0
2025-07-02 19:55:00+00:00,22622.65,22631.85,22621.15,22630.35,819,80,0
2025-07-02 20:00:00+00:00,22630.65,22636.15,22625.85,22629.25,910,80,0
2025-07-02 20:05:00+00:00,22629.65,22631.95,22617.95,22618.95,862,80,0
2025-07-02 20:10:00+00:00,22618.35,22632.15,22616.85,22618.65,915,80,0
2025-07-02 20:15:00+00:00,22618.15,22618.65,22609.45,22609.85,859,80,0
2025-07-02 20:20:00+00:00,22609.95,22620.85,22599.45,22620.25,986,80,0
2025-07-02 20:25:00+00:00,22620.45,22622.85,22606.35,22608.85,870,80,0
2025-07-02 20:30:00+00:00,22609.15,22619.65,22605.65,22613.65,894,80,0
2025-07-02 20:35:00+00:00,22613.65,22613.65,22598.65,22607.35,824,80,0
2025-07-02 20:40:00+00:00,22607.15,22609.35,22599.45,22603.35,789,80,0
2025-07-02 20:45:00+00:00,22603.25,22614.65,22599.85,22614.15,813,80,0
2025-07-02 20:50:00+00:00,22614.15,22625.75,22614.15,22621.35,840,80,0
2025-07-02 20:55:00+00:00,22621.85,22622.35,22614.75,22615.25,828,80,0
2025-07-02 21:00:00+00:00,22616.15,22617.95,22603.15,22613.65,924,80,0
2025-07-02 21:05:00+00:00,22613.65,22623.15,22610.15,22622.85,815,80,0
2025-07-02 21:10:00+00:00,22622.75,22625.65,22617.65,22620.15,799,80,0
2025-07-02 21:15:00+00:00,22620.15,22625.85,22608.15,22624.15,777,80,0
2025-07-02 21:20:00+00:00,22624.15,22624.85,22615.15,22618.85,728,80,0
2025-07-02 21:25:00+00:00,22618.65,22625.35,22615.65,22618.65,769,80,0
2025-07-02 21:30:00+00:00,22618.65,22627.85,22615.65,22622.65,788,80,0
2025-07-02 21:35:00+00:00,22622.65,22626.65,22616.65,22617.45,735,80,0
2025-07-02 21:40:00+00:00,22617.85,22625.85,22615.45,22620.35,772,80,0
2025-07-02 21:45:00+00:00,22619.75,22627.35,22611.75,22618.35,864,80,0
2025-07-02 21:50:00+00:00,22618.35,22621.35,22609.65,22615.35,811,80,0
2025-07-02 21:55:00+00:00,22615.15,22621.45,22612.95,22618.45,717,80,0
2025-07-02 22:00:00+00:00,22618.45,22641.15,22616.15,22631.75,941,80,0
2025-07-02 22:05:00+00:00,22631.15,22632.85,22623.15,22627.15,830,80,0
2025-07-02 22:10:00+00:00,22626.85,22628.15,22614.35,22617.95,888,80,0
2025-07-02 22:15:00+00:00,22618.15,22619.65,22609.85,22610.65,814,80,0
2025-07-02 22:20:00+00:00,22610.35,22621.85,22608.75,22618.65,821,80,0
2025-07-02 22:25:00+00:00,22618.15,22624.35,22612.25,22614.15,789,80,0
2025-07-02 22:30:00+00:00,22614.15,22621.95,22610.65,22620.85,824,80,0
2025-07-02 22:35:00+00:00,22620.95,22621.15,22612.65,22614.15,810,80,0
2025-07-02 22:40:00+00:00,22614.15,22616.15,22603.15,22614.15,906,80,0
2025-07-02 22:45:00+00:00,22614.35,22614.35,22604.45,22609.85,817,80,0
2025-07-02 22:50:00+00:00,22620.85,22636.35,22609.65,22635.85,1152,80,0
2025-07-02 22:55:00+00:00,22636.35,22643.25,22626.85,22634.15,1237,80,0
2025-07-02 23:00:00+00:00,22634.56,22634.86,22623.26,22623.56,942,98,0
2025-07-02 23:05:00+00:00,22623.36,22627.26,22621.46,22624.66,506,168,0
2025-07-02 23:10:00+00:00,22624.66,22629.16,22620.76,22624.96,421,168,0
2025-07-02 23:15:00+00:00,22624.16,22624.36,22617.16,22619.16,321,168,0
2025-07-02 23:20:00+00:00,22619.26,22623.96,22618.66,22623.16,213,168,0
2025-07-02 23:25:00+00:00,22623.06,22625.46,22621.66,22624.96,168,168,0
2025-07-02 23:30:00+00:00,22624.96,22628.66,22624.26,22627.46,220,168,0
2025-07-02 23:35:00+00:00,22627.16,22633.76,22626.66,22629.66,269,168,0
2025-07-02 23:40:00+00:00,22629.56,22640.06,22629.46,22638.46,318,168,0
2025-07-02 23:45:00+00:00,22637.96,22641.96,22637.16,22641.96,265,168,0
2025-07-03 01:05:00+00:00,22641.16,22642.76,22631.56,22633.56,430,178,0
2025-07-03 01:10:00+00:00,22633.86,22634.36,22623.76,22625.86,344,168,0
2025-07-03 01:15:00+00:00,22625.66,22629.96,22621.66,22622.46,265,168,0
2025-07-03 01:20:00+00:00,22622.36,22627.36,22621.66,22624.36,230,168,0
2025-07-03 01:25:00+00:00,22624.26,22627.16,22623.66,22624.26,147,168,0
2025-07-03 01:30:00+00:00,22624.36,22628.36,22622.66,22627.46,172,168,0
2025-07-03 01:35:00+00:00,22627.36,22630.86,22627.16,22630.66,174,168,0
2025-07-03 01:40:00+00:00,22630.76,22636.26,22629.36,22634.96,222,168,0
2025-07-03 01:45:00+00:00,22635.16,22637.66,22633.66,22634.36,153,168,0
2025-07-03 01:50:00+00:00,22634.36,22637.86,22633.86,22635.46,127,168,0
2025-07-03 01:55:00+00:00,22635.36,22637.16,22632.36,22635.66,108,168,0
2025-07-03 02:00:00+00:00,22636.16,22638.25,22632.55,22634.55,188,150,0
2025-07-03 02:05:00+00:00,22634.45,22637.45,22632.45,22636.35,139,150,0
2025-07-03 02:10:00+00:00,22636.25,22639.75,22635.45,22637.05,156,150,0
2025-07-03 02:15:00+00:00,22637.25,22638.75,22636.35,22637.05,98,150,0
2025-07-03 02:20:00+00:00,22637.45,22639.25,22635.95,22636.45,92,150,0
2025-07-03 02:25:00+00:00,22636.75,22639.45,22636.45,22637.55,94,150,0
2025-07-03 02:30:00+00:00,22637.45,22639.25,22636.85,22637.35,87,150,0
2025-07-03 02:35:00+00:00,22636.95,22638.05,22635.05,22637.95,123,150,0
2025-07-03 02:40:00+00:00,22638.55,22639.75,22634.55,22638.45,157,150,0
2025-07-03 02:45:00+00:00,22637.75,22639.25,22636.55,22636.95,174,150,0
2025-07-03 02:50:00+00:00,22637.25,22638.95,22635.35,22638.75,136,150,0
2025-07-03 02:55:00+00:00,22638.85,22640.05,22635.95,22638.45,192,150,0
2025-07-03 03:00:00+00:00,22637.75,22639.25,22629.25,22635.25,459,150,0
2025-07-03 03:05:00+00:00,22635.25,22637.05,22631.75,22633.85,328,150,0
2025-07-03 03:10:00+00:00,22633.95,22644.25,22633.85,22634.55,406,150,0
2025-07-03 03:15:00+00:00,22634.75,22646.95,22633.85,22640.95,434,150,0
2025-07-03 03:20:00+00:00,22641.05,22641.75,22635.85,22639.35,285,150,0
2025-07-03 03:25:00+00:00,22639.45,22639.55,22632.85,22634.05,216,150,0
2025-07-03 03:30:00+00:00,22634.25,22636.45,22632.95,22636.35,240,150,0
2025-07-03 03:35:00+00:00,22637.05,22639.55,22634.95,22636.85,225,150,0
2025-07-03 03:40:00+00:00,22636.75,22643.55,22635.75,22642.95,262,150,0
2025-07-03 03:45:00+00:00,22642.95,22643.35,22637.25,22638.95,265,150,0
2025-07-03 03:50:00+00:00,22638.75,22643.85,22637.85,22643.25,288,150,0
2025-07-03 03:55:00+00:00,22643.25,22644.45,22639.75,22641.25,215,150,0
2025-07-03 04:00:00+00:00,22640.75,22641.35,22636.05,22637.75,356,150,0
2025-07-03 04:05:00+00:00,22637.55,22638.55,22634.45,22638.25,261,150,0
2025-07-03 04:10:00+00:00,22638.95,22639.25,22633.05,22636.45,276,150,0
2025-07-03 04:15:00+00:00,22636.25,22641.85,22635.55,22640.95,215,150,0
2025-07-03 04:20:00+00:00,22640.75,22649.75,22638.45,22649.75,308,150,0
2025-07-03 04:25:00+00:00,22649.45,22657.55,22647.05,22650.75,406,150,0
2025-07-03 04:30:00+00:00,22650.55,22651.95,22645.95,22648.25,339,150,0
2025-07-03 04:35:00+00:00,22648.45,22650.75,22644.35,22645.35,276,150,0
2025-07-03 04:40:00+00:00,22645.45,22648.05,22642.45,22643.05,251,150,0
2025-07-03 04:45:00+00:00,22643.35,22648.45,22642.95,22646.75,273,150,0
2025-07-03 04:50:00+00:00,22646.45,22648.25,22641.75,22641.85,194,150,0
2025-07-03 04:55:00+00:00,22642.05,22642.95,22637.85,22640.25,187,150,0
2025-07-03 05:00:00+00:00,22640.25,22640.95,22631.75,22634.25,325,150,0
2025-07-03 05:05:00+00:00,22634.25,22635.35,22629.35,22631.75,286,150,0
2025-07-03 05:10:00+00:00,22631.45,22632.95,22627.85,22629.25,273,150,0
2025-07-03 05:15:00+00:00,22629.25,22635.25,22628.75,22634.55,271,150,0
2025-07-03 05:20:00+00:00,22634.75,22635.75,22632.05,22635.35,243,150,0
2025-07-03 05:25:00+00:00,22635.25,22635.25,22625.45,22626.85,224,150,0
2025-07-03 05:30:00+00:00,22626.35,22627.45,22617.45,22625.05,438,150,0
2025-07-03 05:35:00+00:00,22625.25,22628.55,22621.25,22626.85,293,150,0
2025-07-03 05:40:00+00:00,22626.95,22632.85,22624.95,22632.25,238,150,0
2025-07-03 05:45:00+00:00,22632.25,22641.25,22630.35,22638.55,274,150,0
2025-07-03 05:50:00+00:00,22638.55,22640.25,22635.75,22637.95,199,150,0
2025-07-03 05:55:00+00:00,22637.75,22639.25,22636.75,22637.75,168,150,0
2025-07-03 06:00:00+00:00,22636.95,22640.85,22635.95,22639.75,174,150,0
2025-07-03 06:05:00+00:00,22639.45,22643.75,22637.95,22643.45,158,150,0
2025-07-03 06:10:00+00:00,22643.45,22647.05,22640.25,22646.45,214,150,0
2025-07-03 06:15:00+00:00,22646.55,22661.15,22645.85,22658.15,321,150,0
2025-07-03 06:20:00+00:00,22657.75,22662.15,22650.95,22660.15,396,160,0
2025-07-03 06:25:00+00:00,22660.25,22665.85,22659.45,22661.35,389,150,0
2025-07-03 06:30:00+00:00,22661.75,22666.85,22659.75,22665.95,323,150,0
2025-07-03 06:35:00+00:00,22665.95,22666.85,22661.85,22662.75,222,150,0
2025-07-03 06:40:00+00:00,22662.55,22671.85,22661.25,22671.45,339,150,0
2025-07-03 06:45:00+00:00,22671.35,22671.35,22663.25,22663.25,243,150,0
2025-07-03 06:50:00+00:00,22663.25,22663.45,22655.55,22655.75,301,150,0
2025-07-03 06:55:00+00:00,22656.25,22656.75,22651.95,22651.95,247,150,0
2025-07-03 07:00:00+00:00,22651.85,22654.35,22649.55,22653.95,210,150,0
2025-07-03 07:05:00+00:00,22653.85,22660.75,22653.45,22658.55,242,150,0
2025-07-03 07:10:00+00:00,22658.55,22662.35,22656.75,22661.95,213,150,0
2025-07-03 07:15:00+00:00,22661.95,22661.95,22658.55,22658.75,138,150,0
2025-07-03 07:20:00+00:00,22658.55,22661.95,22656.55,22661.75,171,150,0
2025-07-03 07:25:00+00:00,22661.95,22664.25,22660.35,22663.45,157,150,0
2025-07-03 07:30:00+00:00,22663.55,22663.95,22656.35,22656.75,174,150,0
2025-07-03 07:35:00+00:00,22656.95,22658.45,22653.35,22656.95,193,150,0
2025-07-03 07:40:00+00:00,22656.75,22658.55,22655.25,22656.45,136,150,0
2025-07-03 07:45:00+00:00,22656.25,22657.75,22654.95,22655.25,133,150,0
2025-07-03 07:50:00+00:00,22655.25,22657.85,22652.05,22652.25,136,150,0
2025-07-03 07:55:00+00:00,22652.45,22657.85,22652.45,22657.35,148,150,0
2025-07-03 08:00:00+00:00,22657.35,22659.25,22654.95,22657.55,226,150,0
2025-07-03 08:05:00+00:00,22657.85,22659.35,22656.05,22656.45,181,150,0
2025-07-03 08:10:00+00:00,22656.45,22658.05,22654.95,22657.85,180,150,0
2025-07-03 08:15:00+00:00,22657.95,22661.35,22655.45,22655.75,214,150,0
2025-07-03 08:20:00+00:00,22655.55,22656.55,22650.75,22654.95,181,150,0
2025-07-03 08:25:00+00:00,22654.85,22655.55,22652.95,22654.75,159,150,0
2025-07-03 08:30:00+00:00,22654.95,22655.85,22652.25,22653.95,196,150,0
2025-07-03 08:35:00+00:00,22654.25,22656.45,22649.45,22650.75,233,150,0
2025-07-03 08:40:00+00:00,22650.45,22652.25,22644.25,22646.75,254,150,0
2025-07-03 08:45:00+00:00,22646.75,22648.45,22641.25,22642.75,205,150,0
2025-07-03 08:50:00+00:00,22642.85,22648.25,22642.75,22644.25,217,150,0
2025-07-03 08:55:00+00:00,22644.55,22664.25,22641.45,22663.45,325,150,0
2025-07-03 09:00:00+00:00,22663.55,22664.55,22652.05,22654.65,421,150,0
2025-07-03 09:05:00+00:00,22654.95,22663.75,22654.95,22660.35,241,150,0
2025-07-03 09:10:00+00:00,22660.45,22665.35,22656.75,22658.35,279,150,0
2025-07-03 09:15:00+00:00,22658.35,22662.35,22656.35,22660.75,244,150,0
2025-07-03 09:20:00+00:00,22660.55,22670.85,22660.55,22662.25,348,150,0
2025-07-03 09:25:00+00:00,22662.55,22666.75,22661.05,22663.55,290,150,0
2025-07-03 09:30:00+00:00,22664.05,22667.55,22662.85,22664.55,372,150,0
2025-07-03 09:35:00+00:00,22665.05,22666.75,22661.95,22661.95,200,150,0
2025-07-03 09:40:00+00:00,22663.25,22679.45,22663.25,22677.15,317,150,0
2025-07-03 09:45:00+00:00,22677.25,22679.55,22670.85,22672.75,276,150,0
2025-07-03 09:50:00+00:00,22672.95,22673.75,22669.75,22671.25,209,150,0
2025-07-03 09:55:00+00:00,22671.25,22672.45,22669.85,22670.75,238,150,0
2025-07-03 10:00:00+00:00,22670.45,22675.25,22664.95,22675.25,649,150,0
2025-07-03 10:05:00+00:00,22675.65,22681.85,22674.05,22681.85,467,150,0
2025-07-03 10:10:00+00:00,22681.75,22682.05,22670.95,22673.45,435,150,0
2025-07-03 10:15:00+00:00,22673.25,22674.35,22662.25,22669.55,436,150,0
2025-07-03 10:20:00+00:00,22669.75,22672.95,22663.25,22672.75,417,150,0
2025-07-03 10:25:00+00:00,22672.85,22680.95,22671.85,22674.45,452,150,0
2025-07-03 10:30:00+00:00,22674.25,22677.55,22672.35,22674.95,378,150,0
2025-07-03 10:35:00+00:00,22674.45,22688.25,22673.45,22686.95,356,150,0
2025-07-03 10:40:00+00:00,22686.85,22690.95,22685.95,22687.55,260,150,0
2025-07-03 10:45:00+00:00,22687.95,22690.05,22680.35,22683.75,352,150,0
2025-07-03 10:50:00+00:00,22683.85,22685.65,22681.45,22683.25,208,150,0
2025-07-03 10:55:00+00:00,22683.35,22685.45,22672.95,22673.75,329,150,0
2025-07-03 11:00:00+00:00,22673.65,22685.25,22673.65,22682.05,490,150,0
2025-07-03 11:05:00+00:00,22681.85,22683.45,22677.65,22681.15,366,150,0
2025-07-03 11:10:00+00:00,22681.15,22682.95,22677.25,22681.75,384,150,0
2025-07-03 11:15:00+00:00,22681.85,22681.95,22672.25,22676.65,420,150,0
2025-07-03 11:20:00+00:00,22676.95,22677.35,22670.85,22673.85,339,150,0
2025-07-03 11:25:00+00:00,22673.85,22677.35,22670.95,22676.35,317,150,0
2025-07-03 11:30:00+00:00,22676.65,22681.75,22669.05,22671.85,343,150,0
2025-07-03 11:35:00+00:00,22671.65,22682.15,22667.85,22677.25,365,150,0
2025-07-03 11:40:00+00:00,22677.15,22677.65,22663.35,22665.05,262,150,0
2025-07-03 11:45:00+00:00,22664.95,22666.85,22659.85,22662.85,352,150,0
2025-07-03 11:50:00+00:00,22663.35,22664.25,22656.85,22659.65,302,150,0
2025-07-03 11:55:00+00:00,22659.45,22659.45,22646.65,22646.65,436,150,0
2025-07-03 12:00:00+00:00,22646.15,22656.55,22642.35,22652.35,445,150,0
2025-07-03 12:05:00+00:00,22652.65,22652.65,22645.85,22646.45,397,150,0
2025-07-03 12:10:00+00:00,22646.35,22649.55,22642.05,22645.65,374,150,0
2025-07-03 12:15:00+00:00,22645.35,22656.85,22644.35,22653.55,390,150,0
2025-07-03 12:20:00+00:00,22653.65,22665.05,22650.85,22657.55,426,150,0
2025-07-03 12:25:00+00:00,22657.55,22664.35,22657.55,22663.85,314,150,0
2025-07-03 12:30:00+00:00,22663.35,22663.85,22651.85,22652.35,405,150,0
2025-07-03 12:35:00+00:00,22652.35,22656.85,22647.55,22647.85,442,150,0
2025-07-03 12:40:00+00:00,22647.35,22655.85,22645.45,22648.05,517,150,0
2025-07-03 12:45:00+00:00,22648.15,22661.15,22647.15,22658.85,416,160,0
2025-07-03 12:50:00+00:00,22658.15,22658.15,22653.25,22655.15,269,150,0
2025-07-03 12:55:00+00:00,22655.35,22656.35,22640.85,22642.75,440,150,0
2025-07-03 13:00:00+00:00,22642.85,22648.35,22635.45,22635.95,421,150,0
2025-07-03 13:05:00+00:00,22637.15,22637.65,22628.35,22630.35,416,150,0
2025-07-03 13:10:00+00:00,22630.55,22636.65,22627.25,22633.85,408,150,0
2025-07-03 13:15:00+00:00,22634.15,22637.35,22629.45,22630.85,329,150,0
2025-07-03 13:20:00+00:00,22630.65,22630.75,22624.35,22627.95,365,150,0
2025-07-03 13:25:00+00:00,22628.15,22638.75,22627.95,22632.15,437,150,0
2025-07-03 13:30:00+00:00,22632.35,22639.15,22631.85,22638.85,370,150,0
2025-07-03 13:35:00+00:00,22639.15,22643.45,22637.85,22638.35,295,150,0
2025-07-03 13:40:00+00:00,22638.35,22643.25,22638.35,22641.25,265,150,0
2025-07-03 13:45:00+00:00,22641.35,22646.85,22641.35,22643.35,308,150,0
2025-07-03 13:50:00+00:00,22643.15,22648.45,22641.15,22647.85,297,150,0
2025-07-03 13:55:00+00:00,22647.95,22648.75,22642.75,22646.75,317,150,0
2025-07-03 14:00:00+00:00,22646.75,22652.25,22641.35,22651.15,361,150,0
2025-07-03 14:05:00+00:00,22651.35,22655.25,22648.45,22653.95,312,150,0
2025-07-03 14:10:00+00:00,22654.15,22658.25,22648.65,22652.35,418,150,0
2025-07-03 14:15:00+00:00,22651.85,22658.85,22647.85,22656.85,422,150,0
2025-07-03 14:20:00+00:00,22657.15,22659.45,22653.25,22654.25,343,150,0
2025-07-03 14:25:00+00:00,22654.35,22658.95,22653.65,22656.85,268,150,0
2025-07-03 14:30:00+00:00,22656.85,22658.35,22646.65,22649.25,425,150,0
2025-07-03 14:35:00+00:00,22649.15,22652.15,22644.45,22646.15,406,150,0
2025-07-03 14:40:00+00:00,22646.25,22660.05,22644.15,22655.15,558,150,0
2025-07-03 14:45:00+00:00,22654.65,22656.05,22647.75,22648.75,374,150,0
2025-07-03 14:50:00+00:00,22648.95,22653.95,22645.65,22653.85,415,150,0
2025-07-03 14:55:00+00:00,22653.85,22656.15,22644.85,22656.05,467,150,0
2025-07-03 15:00:00+00:00,22653.45,22665.15,22652.05,22663.35,530,160,0
2025-07-03 15:05:00+00:00,22663.15,22671.75,22663.15,22671.65,496,150,0
2025-07-03 15:10:00+00:00,22671.75,22672.25,22653.15,22656.05,516,150,0
2025-07-03 15:15:00+00:00,22655.95,22658.05,22650.95,22652.15,522,150,0
2025-07-03 15:20:00+00:00,22651.85,22653.35,22644.65,22651.55,606,150,0
2025-07-03 15:25:00+00:00,22651.45,22655.83,22645.55,22654.43,718,160,0
2025-07-03 15:30:00+00:00,22654.16,22719.35,22653.96,22718.55,1515,210,0
2025-07-03 15:35:00+00:00,22719.55,22726.55,22692.15,22702.55,1248,210,0
2025-07-03 15:40:00+00:00,22702.05,22705.85,22685.95,22693.85,1043,200,0
2025-07-03 15:45:00+00:00,22694.15,22695.15,22670.75,22674.15,1036,190,0
2025-07-03 15:50:00+00:00,22674.15,22689.75,22672.75,22687.05,881,170,0
2025-07-03 15:55:00+00:00,22686.55,22694.35,22682.05,22685.65,934,170,0
2025-07-03 16:00:00+00:00,22685.65,22709.85,22684.05,22709.85,915,170,0
2025-07-03 16:05:00+00:00,22709.35,22723.15,22708.05,22714.85,813,160,0
2025-07-03 16:10:00+00:00,22714.95,22718.95,22702.35,22706.95,779,160,0
2025-07-03 16:15:00+00:00,22706.95,22710.35,22699.95,22705.05,774,160,0
2025-07-03 16:20:00+00:00,22704.75,22724.45,22704.75,22722.55,776,160,0
2025-07-03 16:25:00+00:00,22720.45,22735.35,22719.65,22728.35,841,160,0
2025-07-03 16:30:00+00:00,22728.25,22782.25,22728.25,22760.95,1590,80,0
2025-07-03 16:35:00+00:00,22760.95,22779.65,22745.75,22749.25,1537,90,0
2025-07-03 16:40:00+00:00,22749.25,22757.95,22728.95,22755.15,1447,90,0
2025-07-03 16:45:00+00:00,22755.75,22771.25,22744.75,22764.05,1457,90,0
2025-07-03 16:50:00+00:00,22764.55,22793.25,22758.55,22790.05,1415,90,0
2025-07-03 16:55:00+00:00,22790.15,22800.85,22785.75,22793.3,1260,80,0
2025-07-03 17:00:00+00:00,22793.5,22839.05,22792.14,22838.55,1443,80,0
2025-07-03 17:05:00+00:00,22838.55,22851.45,22836.55,22850.55,1208,80,0
2025-07-03 17:10:00+00:00,22850.75,22862.85,22848.85,22851.35,1169,80,0
2025-07-03 17:15:00+00:00,22852.85,22861.45,22838.85,22861.45,1205,80,0
2025-07-03 17:20:00+00:00,22862.05,22863.55,22852.85,22860.25,1209,80,0
2025-07-03 17:25:00+00:00,22860.35,22863.55,22851.05,22859.55,1197,80,0
2025-07-03 17:30:00+00:00,22859.55,22864.55,22843.05,22848.75,1191,80,0
2025-07-03 17:35:00+00:00,22848.85,22859.35,22843.85,22851.55,1208,80,0
2025-07-03 17:40:00+00:00,22852.75,22860.55,22842.85,22845.05,1180,80,0
2025-07-03 17:45:00+00:00,22845.35,22851.75,22837.55,22839.05,1059,80,0
2025-07-03 17:50:00+00:00,22839.05,22847.85,22836.05,22847.35,1061,80,0
2025-07-03 17:55:00+00:00,22847.05,22854.55,22843.95,22846.85,1021,80,0
2025-07-03 18:00:00+00:00,22846.85,22862.05,22846.25,22851.05,1124,80,0
2025-07-03 18:05:00+00:00,22851.05,22868.35,22848.85,22859.05,1027,80,0
2025-07-03 18:10:00+00:00,22859.05,22869.25,22856.55,22869.05,903,80,0
2025-07-03 18:15:00+00:00,22869.25,22869.75,22856.85,22860.85,973,80,0
2025-07-03 18:20:00+00:00,22860.55,22869.05,22860.05,22864.55,927,80,0
2025-07-03 18:25:00+00:00,22864.75,22874.45,22857.55,22867.55,1012,80,0
2025-07-03 18:30:00+00:00,22867.75,22879.05,22864.35,22870.35,972,80,0
2025-07-03 18:35:00+00:00,22869.55,22888.85,22867.35,22885.95,933,80,0
2025-07-03 18:40:00+00:00,22885.85,22900.95,22885.85,22897.35,924,80,0
2025-07-03 18:45:00+00:00,22897.35,22897.35,22889.75,22896.35,870,80,0
2025-07-03 18:50:00+00:00,22895.75,22896.85,22885.35,22888.55,785,80,0
2025-07-03 18:55:00+00:00,22888.45,22889.85,22878.85,22883.85,863,80,0
2025-07-03 19:00:00+00:00,22883.85,22890.85,22883.35,22888.35,833,80,0
2025-07-03 19:05:00+00:00,22888.35,22894.45,22884.05,22891.05,707,80,0
2025-07-03 19:10:00+00:00,22890.85,22894.35,22888.05,22890.25,754,80,0
2025-07-03 19:15:00+00:00,22890.35,22890.35,22878.35,22884.85,875,80,0
2025-07-03 19:20:00+00:00,22884.05,22885.55,22875.85,22878.35,875,80,0
2025-07-03 19:25:00+00:00,22878.05,22886.35,22872.85,22875.05,888,80,0
2025-07-03 19:30:00+00:00,22875.05,22875.55,22866.25,22874.35,921,80,0
2025-07-03 19:35:00+00:00,22874.05,22874.55,22869.45,22872.35,769,80,0
2025-07-03 19:40:00+00:00,22872.05,22881.85,22871.55,22874.55,876,80,0
2025-07-03 19:45:00+00:00,22874.85,22875.05,22856.55,22857.05,1009,80,0
2025-07-03 19:50:00+00:00,22863.05,22866.85,22828.85,22852.55,1299,80,0
2025-07-03 19:55:00+00:00,22855.35,22872.05,22849.35,22857.55,1314,80,0
2025-07-03 20:00:00+00:00,22857.75,22869.45,22844.25,22849.75,1127,80,0
2025-07-03 20:05:00+00:00,22850.05,22851.95,22842.55,22844.55,859,80,0
2025-07-03 20:10:00+00:00,22844.95,22853.05,22833.55,22851.95,906,80,0
2025-07-04 01:05:00+00:00,22835.46,22859.06,22834.26,22854.76,583,228,0
2025-07-04 01:10:00+00:00,22854.56,22857.76,22842.46,22842.96,337,188,0
2025-07-04 01:15:00+00:00,22843.16,22858.76,22837.26,22854.76,337,178,0
2025-07-04 01:20:00+00:00,22854.56,22859.56,22844.76,22850.46,313,168,0
2025-07-04 01:25:00+00:00,22851.46,22854.96,22848.46,22853.26,198,168,0
2025-07-04 01:30:00+00:00,22853.26,22860.76,22851.26,22858.36,249,168,0
2025-07-04 01:35:00+00:00,22857.56,22864.36,22850.86,22853.06,257,168,0
2025-07-04 01:40:00+00:00,22852.86,22857.96,22849.56,22851.56,173,168,0
2025-07-04 01:45:00+00:00,22853.26,22855.86,22849.56,22852.06,121,168,0
2025-07-04 01:50:00+00:00,22851.86,22855.36,22851.86,22853.76,141,168,0
2025-07-04 01:55:00+00:00,22853.66,22855.86,22849.76,22849.76,190,168,0
2025-07-04 02:00:00+00:00,22849.56,22856.25,22846.15,22855.35,180,150,0
2025-07-04 02:05:00+00:00,22855.65,22856.85,22841.95,22846.55,176,150,0
2025-07-04 02:10:00+00:00,22846.55,22848.85,22837.15,22839.35,200,150,0
2025-07-04 02:15:00+00:00,22839.45,22845.35,22838.95,22839.85,182,150,0
2025-07-04 02:20:00+00:00,22839.85,22842.25,22838.75,22842.25,111,150,0
2025-07-04 02:25:00+00:00,22842.35,22844.95,22841.75,22843.35,117,150,0
2025-07-04 02:30:00+00:00,22843.25,22847.75,22831.85,22834.25,160,150,0
2025-07-04 02:35:00+00:00,22834.45,22838.35,22834.25,22836.25,218,150,0
2025-07-04 02:40:00+00:00,22836.15,22837.25,22833.25,22835.95,197,150,0
2025-07-04 02:45:00+00:00,22836.15,22839.85,22835.35,22838.75,186,150,0
2025-07-04 02:50:00+00:00,22838.75,22839.15,22834.35,22838.75,200,150,0
2025-07-04 02:55:00+00:00,22838.85,22838.85,22834.35,22837.95,201,150,0
2025-07-04 03:00:00+00:00,22837.95,22837.95,22829.85,22832.65,557,150,0
2025-07-04 03:05:00+00:00,22832.85,22834.15,22828.45,22830.65,381,150,0
2025-07-04 03:10:00+00:00,22830.25,22835.55,22819.75,22835.35,429,150,0
2025-07-04 03:15:00+00:00,22835.35,22838.05,22827.15,22836.05,370,150,0
2025-07-04 03:20:00+00:00,22836.35,22836.85,22825.15,22828.35,340,150,0
2025-07-04 03:25:00+00:00,22828.25,22831.95,22825.45,22827.15,285,150,0
2025-07-04 03:30:00+00:00,22827.45,22830.95,22826.35,22827.25,244,150,0
2025-07-04 03:35:00+00:00,22827.35,22829.35,22822.95,22823.15,243,150,0
2025-07-04 03:40:00+00:00,22823.35,22828.45,22822.45,22826.75,284,150,0
2025-07-04 03:45:00+00:00,22826.25,22828.35,22824.15,22828.35,258,150,0
2025-07-04 03:50:00+00:00,22828.25,22830.35,22825.15,22828.45,212,150,0
2025-07-04 03:55:00+00:00,22828.35,22831.95,22826.15,22828.35,219,150,0
2025-07-04 04:00:00+00:00,22828.85,22833.15,22827.25,22832.25,282,150,0
2025-07-04 04:05:00+00:00,22832.35,22838.45,22828.35,22836.85,305,150,0
2025-07-04 04:10:00+00:00,22836.75,22840.15,22835.15,22838.85,233,150,0
2025-07-04 04:15:00+00:00,22838.35,22845.15,22836.45,22843.85,334,150,0
2025-07-04 04:20:00+00:00,22843.75,22852.15,22840.95,22849.15,343,150,0
2025-07-04 04:25:00+00:00,22849.15,22851.35,22839.75,22840.95,293,150,0
2025-07-04 04:30:00+00:00,22840.75,22843.65,22838.65,22840.65,347,150,0
2025-07-04 04:35:00+00:00,22840.65,22842.85,22839.35,22840.65,275,150,0
2025-07-04 04:40:00+00:00,22840.85,22844.35,22836.15,22838.35,258,150,0
2025-07-04 04:45:00+00:00,22838.85,22839.65,22834.95,22835.15,199,150,0
2025-07-04 04:50:00+00:00,22835.35,22836.35,22830.65,22833.65,289,150,0
2025-07-04 04:55:00+00:00,22833.65,22834.35,22828.65,22830.15,278,150,0
2025-07-04 05:00:00+00:00,22829.85,22832.85,22827.25,22828.15,266,150,0
2025-07-04 05:05:00+00:00,22828.65,22828.65,22821.65,22823.15,250,150,0
2025-07-04 05:10:00+00:00,22823.25,22823.65,22805.05,22816.05,500,150,0
2025-07-04 05:15:00+00:00,22816.25,22816.25,22794.85,22798.45,564,160,0
2025-07-04 05:20:00+00:00,22798.45,22813.35,22798.45,22813.35,336,150,0
2025-07-04 05:25:00+00:00,22813.35,22815.85,22810.85,22814.25,247,150,0
2025-07-04 05:30:00+00:00,22814.35,22814.35,22806.65,22807.35,261,150,0
2025-07-04 05:35:00+00:00,22807.45,22813.45,22807.15,22809.85,188,150,0
2025-07-04 05:40:00+00:00,22810.65,22812.35,22807.85,22809.65,227,150,0
2025-07-04 05:45:00+00:00,22809.35,22810.85,22807.85,22809.35,202,150,0
2025-07-04 05:50:00+00:00,22809.85,22816.85,22809.85,22813.85,304,150,0
2025-07-04 05:55:00+00:00,22813.75,22818.45,22813.35,22817.35,236,150,0
2025-07-04 06:00:00+00:00,22817.25,22817.35,22810.95,22811.75,204,150,0
2025-07-04 06:05:00+00:00,22811.35,22812.45,22805.85,22810.15,248,150,0
2025-07-04 06:10:00+00:00,22810.35,22817.75,22810.15,22816.85,186,150,0
2025-07-04 06:15:00+00:00,22816.95,22821.65,22816.85,22821.25,201,150,0
2025-07-04 06:20:00+00:00,22821.65,22821.75,22814.85,22817.65,191,150,0
2025-07-04 06:25:00+00:00,22816.85,22820.45,22816.35,22820.15,186,150,0
2025-07-04 06:30:00+00:00,22819.85,22820.35,22814.35,22815.25,220,150,0
2025-07-04 06:35:00+00:00,22815.35,22819.35,22810.65,22813.75,219,150,0
2025-07-04 06:40:00+00:00,22813.65,22813.95,22809.15,22812.85,230,150,0
2025-07-04 06:45:00+00:00,22813.15,22815.85,22809.65,22811.15,172,150,0
2025-07-04 06:50:00+00:00,22811.25,22814.35,22810.15,22814.35,152,150,0
2025-07-04 06:55:00+00:00,22813.95,22814.85,22811.65,22812.25,163,150,0
2025-07-04 07:00:00+00:00,22812.35,22814.65,22807.35,22808.35,205,150,0
2025-07-04 07:05:00+00:00,22810.15,22811.35,22808.15,22811.15,159,150,0
2025-07-04 07:10:00+00:00,22810.85,22815.15,22809.65,22814.35,203,150,0
2025-07-04 07:15:00+00:00,22814.35,22818.25,22813.15,22814.65,205,150,0
2025-07-04 07:20:00+00:00,22814.75,22815.65,22808.15,22808.35,254,150,0
2025-07-04 07:25:00+00:00,22808.25,22809.15,22798.55,22802.55,345,150,0
2025-07-04 07:30:00+00:00,22802.85,22807.45,22799.65,22802.35,289,150,0
2025-07-04 07:35:00+00:00,22802.65,22804.65,22796.85,22801.25,208,150,0
2025-07-04 07:40:00+00:00,22801.45,22806.75,22800.15,22806.35,216,150,0
2025-07-04 07:45:00+00:00,22806.65,22810.15,22802.85,22808.25,253,150,0
2025-07-04 07:50:00+00:00,22808.35,22811.25,22806.35,22807.35,232,150,0
2025-07-04 07:55:00+00:00,22807.45,22810.75,22806.75,22808.25,149,150,0
2025-07-04 08:00:00+00:00,22808.35,22812.75,22807.35,22809.15,244,150,0
2025-07-04 08:05:00+00:00,22809.15,22810.15,22804.15,22805.65,248,150,0
2025-07-04 08:10:00+00:00,22805.85,22807.25,22803.35,22805.25,213,150,0
2025-07-04 08:15:00+00:00,22805.35,22810.15,22801.15,22803.15,241,150,0
2025-07-04 08:20:00+00:00,22802.95,22807.35,22801.85,22801.85,251,150,0
2025-07-04 08:25:00+00:00,22802.45,22805.25,22801.95,22803.25,248,150,0
2025-07-04 08:30:00+00:00,22803.15,22804.65,22790.05,22792.55,291,150,0
2025-07-04 08:35:00+00:00,22792.35,22798.95,22791.85,22796.35,279,150,0
2025-07-04 08:40:00+00:00,22796.25,22807.45,22795.75,22804.85,258,150,0
2025-07-04 08:45:00+00:00,22804.75,22811.65,22803.35,22806.15,230,150,0
2025-07-04 08:50:00+00:00,22806.15,22808.35,22805.25,22807.65,187,150,0
2025-07-04 08:55:00+00:00,22807.85,22811.65,22807.15,22808.15,198,150,0
2025-07-04 09:00:00+00:00,22807.95,22809.45,22797.85,22801.65,482,150,0
2025-07-04 09:05:00+00:00,22801.35,22801.35,22789.05,22793.15,548,160,0
2025-07-04 09:10:00+00:00,22793.05,22802.45,22788.35,22792.15,450,150,0
2025-07-04 09:15:00+00:00,22792.25,22802.35,22790.35,22799.35,347,160,0
2025-07-04 09:20:00+00:00,22799.15,22801.45,22797.35,22800.15,273,150,0
2025-07-04 09:25:00+00:00,22799.85,22800.95,22790.95,22795.35,371,150,0
2025-07-04 09:30:00+00:00,22795.05,22799.85,22793.35,22799.65,306,150,0
2025-07-04 09:35:00+00:00,22799.45,22802.15,22796.25,22796.85,230,150,0
2025-07-04 09:40:00+00:00,22796.85,22797.85,22789.25,22794.25,291,150,0
2025-07-04 09:45:00+00:00,22794.35,22797.35,22789.45,22796.85,279,150,0
2025-07-04 09:50:00+00:00,22797.15,22797.25,22792.95,22794.85,230,150,0
2025-07-04 09:55:00+00:00,22795.15,22795.35,22785.65,22788.05,325,150,0
2025-07-04 10:00:00+00:00,22788.35,22801.85,22787.35,22795.75,713,160,0
2025-07-04 10:05:00+00:00,22795.55,22796.25,22776.45,22788.15,730,160,0
2025-07-04 10:10:00+00:00,22788.45,22788.45,22773.55,22775.35,629,160,0
2025-07-04 10:15:00+00:00,22775.05,22781.95,22756.45,22756.95,750,160,0
2025-07-04 10:20:00+00:00,22757.05,22773.05,22750.45,22768.75,800,170,0
2025-07-04 10:25:00+00:00,22768.95,22776.05,22766.45,22766.45,610,160,0
2025-07-04 10:30:00+00:00,22766.35,22776.85,22761.55,22775.35,672,160,0
2025-07-04 10:35:00+00:00,22775.05,22779.15,22767.55,22773.65,483,160,0
2025-07-04 10:40:00+00:00,22774.15,22774.85,22764.85,22766.85,396,150,0
2025-07-04 10:45:00+00:00,22766.95,22768.35,22753.95,22758.95,506,150,0
2025-07-04 10:50:00+00:00,22758.35,22763.05,22754.95,22759.55,474,160,0
2025-07-04 10:55:00+00:00,22759.65,22760.55,22742.45,22746.15,560,160,0
2025-07-04 11:00:00+00:00,22745.75,22751.85,22743.45,22747.15,596,160,0
2025-07-04 11:05:00+00:00,22747.05,22751.45,22745.45,22746.65,437,150,0
2025-07-04 11:10:00+00:00,22746.85,22747.25,22734.95,22736.15,637,150,0
2025-07-04 11:15:00+00:00,22735.95,22740.65,22724.95,22740.15,735,180,0
2025-07-04 11:20:00+00:00,22740.65,22754.85,22737.75,22752.55,682,160,0
2025-07-04 11:25:00+00:00,22752.85,22771.55,22752.45,22768.35,492,150,0
2025-07-04 11:30:00+00:00,22768.05,22769.35,22746.85,22753.75,700,150,0
2025-07-04 11:35:00+00:00,22753.55,22765.75,22749.85,22758.55,618,170,0
2025-07-04 11:40:00+00:00,22759.25,22761.25,22754.95,22758.15,444,150,0
2025-07-04 11:45:00+00:00,22757.95,22758.25,22747.05,22752.05,572,150,0
2025-07-04 11:50:00+00:00,22751.75,22752.35,22727.05,22731.75,565,160,0
2025-07-04 11:55:00+00:00,22731.85,22734.05,22722.25,22727.05,592,160,0
2025-07-04 12:00:00+00:00,22726.75,22735.45,22712.75,22734.55,637,160,0
2025-07-04 12:05:00+00:00,22734.85,22746.15,22732.25,22739.65,671,180,0
2025-07-04 12:10:00+00:00,22739.75,22741.45,22722.45,22727.05,697,170,0
2025-07-04 12:15:00+00:00,22727.45,22732.95,22709.65,22727.15,745,190,0
2025-07-04 12:20:00+00:00,22727.15,22739.15,22724.05,22731.85,519,180,0
2025-07-04 12:25:00+00:00,22731.95,22737.35,22726.75,22727.15,451,150,0
2025-07-04 12:30:00+00:00,22726.15,22737.05,22719.15,22725.25,592,150,0
2025-07-04 12:35:00+00:00,22725.15,22733.45,22717.95,22731.85,700,180,0
2025-07-04 12:40:00+00:00,22731.95,22741.75,22728.85,22741.75,588,170,0
2025-07-04 12:45:00+00:00,22741.75,22744.75,22733.25,22742.35,479,160,0
2025-07-04 12:50:00+00:00,22742.05,22751.15,22735.45,22748.05,493,160,0
2025-07-04 12:55:00+00:00,22747.25,22747.55,22738.55,22745.55,446,160,0
2025-07-04 13:00:00+00:00,22745.35,22750.05,22739.95,22742.85,406,150,0
2025-07-04 13:05:00+00:00,22742.95,22742.95,22735.55,22741.65,438,150,0
2025-07-04 13:10:00+00:00,22742.05,22748.25,22741.85,22742.95,354,150,0
2025-07-04 13:15:00+00:00,22742.65,22743.65,22736.05,22736.55,322,150,0
2025-07-04 13:20:00+00:00,22736.85,22748.05,22733.45,22733.55,406,160,0
2025-07-04 13:25:00+00:00,22733.35,22736.55,22728.35,22731.85,368,150,0
2025-07-04 13:30:00+00:00,22731.85,22739.55,22719.85,22733.55,491,150,0
2025-07-04 13:35:00+00:00,22733.65,22747.05,22732.95,22742.35,504,150,0
2025-07-04 13:40:00+00:00,22742.15,22742.35,22724.35,22724.35,503,150,0
2025-07-04 13:45:00+00:00,22724.35,22728.45,22714.45,22714.95,644,150,0
2025-07-04 13:50:00+00:00,22714.95,22721.45,22696.45,22700.15,852,180,0
2025-07-04 13:55:00+00:00,22700.35,22706.95,22681.35,22704.35,891,200,0
2025-07-04 14:00:00+00:00,22704.85,22721.25,22700.85,22715.55,783,180,0
2025-07-04 14:05:00+00:00,22715.85,22715.85,22698.25,22706.05,812,170,0
2025-07-04 14:10:00+00:00,22706.15,22721.05,22706.05,22720.75,666,170,0
2025-07-04 14:15:00+00:00,22720.85,22735.35,22720.35,22721.45,709,170,0
2025-07-04 14:20:00+00:00,22721.45,22729.05,22721.35,22724.45,502,150,0
2025-07-04 14:25:00+00:00,22725.35,22734.45,22721.15,22727.15,517,150,0
2025-07-04 14:30:00+00:00,22727.05,22728.85,22722.05,22726.15,500,150,0
2025-07-04 14:35:00+00:00,22725.95,22727.35,22708.85,22712.35,627,160,0
2025-07-04 14:40:00+00:00,22711.65,22721.95,22710.95,22721.95,639,160,0
2025-07-04 14:45:00+00:00,22721.95,22723.95,22716.05,22722.65,509,160,0
2025-07-04 14:50:00+00:00,22722.55,22727.05,22721.65,22724.85,401,150,0
2025-07-04 14:55:00+00:00,22724.95,22728.15,22718.85,22720.95,414,150,0
2025-07-04 15:00:00+00:00,22721.45,22731.55,22720.75,22731.15,409,150,0
2025-07-04 15:05:00+00:00,22730.95,22730.95,22719.85,22726.25,645,150,0
2025-07-04 15:10:00+00:00,22726.25,22728.15,22722.15,22726.95,484,150,0
2025-07-04 15:15:00+00:00,22727.15,22728.25,22718.95,22720.95,482,150,0
2025-07-04 15:20:00+00:00,22720.75,22724.35,22712.15,22713.85,611,150,0
2025-07-04 15:25:00+00:00,22714.05,22728.05,22710.15,22726.95,514,160,0
2025-07-04 15:30:00+00:00,22726.65,22729.95,22717.55,22724.35,587,160,0
2025-07-04 15:35:00+00:00,22724.35,22729.85,22723.65,22726.35,488,150,0
2025-07-04 15:40:00+00:00,22726.25,22734.35,22723.85,22726.45,517,150,0
2025-07-04 15:45:00+00:00,22726.15,22728.95,22718.95,22721.45,495,160,0
2025-07-04 15:50:00+00:00,22721.85,22724.15,22719.85,22722.95,321,150,0
2025-07-04 15:55:00+00:00,22722.75,22728.15,22717.35,22721.75,516,150,0
2025-07-04 16:00:00+00:00,22721.95,22727.15,22712.55,22718.35,648,150,0
2025-07-04 16:05:00+00:00,22718.05,22719.35,22711.55,22716.75,468,150,0
2025-07-04 16:10:00+00:00,22716.95,22718.75,22709.75,22710.15,502,150,0
2025-07-04 16:15:00+00:00,22710.25,22714.25,22709.35,22711.55,434,150,0
2025-07-04 16:20:00+00:00,22711.65,22718.35,22706.85,22715.35,629,150,0
2025-07-04 16:25:00+00:00,22715.05,22718.85,22708.65,22718.05,445,160,0
2025-07-04 16:30:00+00:00,22718.05,22723.75,22707.25,22714.95,1007,80,0
2025-07-04 16:35:00+00:00,22714.85,22715.55,22687.95,22697.75,1060,80,0
2025-07-04 16:40:00+00:00,22697.55,22728.75,22696.55,22723.85,1062,80,0
2025-07-04 16:45:00+00:00,22724.05,22733.25,22717.35,22720.05,737,80,0
2025-07-04 16:50:00+00:00,22719.85,22730.85,22717.25,22730.25,773,80,0
2025-07-04 16:55:00+00:00,22730.25,22732.95,22704.95,22723.75,900,80,0
2025-07-04 17:00:00+00:00,22723.95,22726.85,22716.55,22716.95,876,80,0
2025-07-04 17:05:00+00:00,22716.45,22720.35,22706.95,22710.05,760,80,0
2025-07-04 17:10:00+00:00,22710.45,22716.55,22706.05,22714.35,568,80,0
2025-07-04 17:15:00+00:00,22714.25,22721.85,22711.05,22719.75,539,80,0
2025-07-04 17:20:00+00:00,22719.75,22719.75,22712.95,22716.55,376,80,0
2025-07-04 17:25:00+00:00,22716.75,22730.45,22715.45,22729.95,570,80,0
2025-07-04 17:30:00+00:00,22729.75,22741.45,22727.95,22738.45,715,80,0
2025-07-04 17:35:00+00:00,22738.25,22742.05,22736.55,22739.85,480,80,0
2025-07-04 17:40:00+00:00,22739.45,22741.35,22735.55,22739.45,409,80,0
2025-07-04 17:45:00+00:00,22740.55,22741.55,22733.35,22736.35,462,80,0
2025-07-04 17:50:00+00:00,22736.25,22737.45,22731.75,22732.35,393,80,0
2025-07-04 17:55:00+00:00,22732.35,22734.45,22729.45,22733.75,299,80,0
2025-07-04 18:00:00+00:00,22734.05,22740.05,22730.55,22734.35,547,80,0
2025-07-04 18:05:00+00:00,22734.05,22736.75,22728.95,22732.35,383,80,0
2025-07-04 18:10:00+00:00,22732.75,22733.05,22725.45,22726.35,492,80,0
2025-07-04 18:15:00+00:00,22726.75,22727.25,22708.45,22713.35,675,80,0
2025-07-04 18:20:00+00:00,22713.25,22719.95,22712.25,22717.95,522,80,0
2025-07-04 18:25:00+00:00,22717.45,22725.05,22714.95,22722.95,508,80,0
2025-07-04 18:30:00+00:00,22723.05,22732.25,22722.75,22730.95,568,80,0
2025-07-04 18:35:00+00:00,22730.55,22733.75,22728.25,22731.25,369,80,0
2025-07-04 18:40:00+00:00,22730.95,22732.25,22728.05,22728.25,322,80,0
2025-07-04 18:45:00+00:00,22727.95,22729.75,22724.05,22726.45,358,80,0
2025-07-04 18:50:00+00:00,22725.85,22732.75,22725.85,22730.95,311,80,0
2025-07-04 18:55:00+00:00,22731.55,22734.95,22727.95,22731.75,330,80,0
2025-07-04 19:00:00+00:00,22730.45,22732.05,22724.45,22729.95,427,80,0
2025-07-04 19:05:00+00:00,22729.75,22732.35,22724.05,22726.75,332,80,0
2025-07-04 19:10:00+00:00,22726.95,22728.75,22725.75,22727.95,270,80,0
2025-07-04 19:15:00+00:00,22727.85,22729.45,22716.25,22721.05,420,80,0
2025-07-04 19:20:00+00:00,22721.35,22729.75,22720.55,22727.95,459,80,0
2025-07-04 19:25:00+00:00,22727.85,22729.55,22725.95,22727.25,349,80,0
2025-07-04 19:30:00+00:00,22727.75,22727.85,22718.25,22723.75,426,80,0
2025-07-04 19:35:00+00:00,22723.25,22723.85,22706.25,22710.75,537,80,0
2025-07-04 19:40:00+00:00,22710.55,22710.95,22695.05,22699.25,623,80,0
2025-07-04 19:45:00+00:00,22699.45,22709.85,22697.95,22702.95,569,80,0
2025-07-04 19:50:00+00:00,22702.85,22706.75,22693.75,22697.25,609,80,0
2025-07-04 19:55:00+00:00,22696.75,22710.05,22694.75,22707.75,488,80,0
2025-07-07 01:05:00+00:00,22789.86,22821.86,22788.86,22798.86,898,228,0
2025-07-07 01:10:00+00:00,22799.16,22804.86,22788.46,22792.66,600,218,0
2025-07-07 01:15:00+00:00,22795.96,22807.76,22793.56,22804.76,508,198,0
2025-07-07 01:20:00+00:00,22804.86,22805.16,22791.36,22792.86,418,178,0
2025-07-07 01:25:00+00:00,22792.86,22792.86,22781.26,22785.16,466,188,0
2025-07-07 01:30:00+00:00,22785.36,22793.16,22778.66,22788.76,516,178,0
2025-07-07 01:35:00+00:00,22788.86,22796.36,22786.96,22793.96,362,178,0
2025-07-07 01:40:00+00:00,22793.86,22794.76,22788.76,22792.96,275,168,0
2025-07-07 01:45:00+00:00,22793.16,22798.76,22790.56,22791.96,288,168,0
2025-07-07 01:50:00+00:00,22792.16,22793.16,22782.66,22787.46,292,168,0
2025-07-07 01:55:00+00:00,22788.06,22794.16,22774.06,22776.16,367,168,0
2025-07-07 02:00:00+00:00,22775.95,22777.75,22765.35,22769.45,578,170,0
2025-07-07 02:05:00+00:00,22769.45,22776.45,22760.75,22773.95,419,160,0
2025-07-07 02:10:00+00:00,22774.25,22792.35,22774.25,22789.95,449,160,0
2025-07-07 02:15:00+00:00,22790.05,22796.05,22785.75,22793.35,308,150,0
2025-07-07 02:20:00+00:00,22793.15,22805.85,22790.75,22804.05,366,150,0
2025-07-07 02:25:00+00:00,22803.35,22804.65,22787.95,22792.75,289,150,0
2025-07-07 02:30:00+00:00,22791.35,22793.55,22780.85,22791.55,458,160,0
2025-07-07 02:35:00+00:00,22791.35,22801.45,22784.35,22799.75,357,150,0
2025-07-07 02:40:00+00:00,22799.75,22800.25,22789.25,22791.45,349,160,0
2025-07-07 02:45:00+00:00,22792.55,22793.75,22787.05,22787.65,331,160,0
2025-07-07 02:50:00+00:00,22787.45,22789.95,22781.15,22784.35,305,150,0
2025-07-07 02:55:00+00:00,22784.85,22785.05,22776.35,22784.45,390,150,0
2025-07-07 03:00:00+00:00,22784.05,22796.45,22777.75,22795.15,715,160,0
2025-07-07 03:05:00+00:00,22795.25,22799.55,22787.15,22788.55,557,160,0
2025-07-07 03:10:00+00:00,22788.75,22790.25,22785.35,22786.05,466,150,0
2025-07-07 03:15:00+00:00,22785.85,22789.85,22785.15,22785.85,384,150,0
2025-07-07 03:20:00+00:00,22785.75,22789.75,22780.85,22781.35,367,150,0
2025-07-07 03:25:00+00:00,22781.25,22782.85,22775.75,22780.15,291,150,0
2025-07-07 03:30:00+00:00,22779.85,22787.85,22779.85,22786.55,330,150,0
2025-07-07 03:35:00+00:00,22787.35,22787.55,22774.25,22781.95,385,150,0
2025-07-07 03:40:00+00:00,22782.05,22783.05,22766.25,22766.85,414,160,0
2025-07-07 03:45:00+00:00,22766.85,22775.25,22764.75,22774.85,440,150,0
2025-07-07 03:50:00+00:00,22774.65,22775.05,22765.65,22771.15,390,150,0
2025-07-07 03:55:00+00:00,22771.05,22773.15,22767.35,22770.85,326,150,0
2025-07-07 04:00:00+00:00,22770.65,22771.25,22744.95,22745.25,742,150,0
2025-07-07 04:05:00+00:00,22745.35,22745.35,22722.45,22728.95,869,180,0
2025-07-07 04:10:00+00:00,22728.85,22733.35,22714.75,22721.15,802,180,0
2025-07-07 04:15:00+00:00,22720.25,22749.15,22719.95,22745.25,787,170,0
2025-07-07 04:20:00+00:00,22745.55,22751.75,22741.95,22741.95,605,160,0
2025-07-07 04:25:00+00:00,22742.75,22756.55,22742.55,22755.45,479,160,0
2025-07-07 04:30:00+00:00,22755.05,22760.85,22741.45,22742.05,582,150,0
2025-07-07 04:35:00+00:00,22741.95,22749.45,22735.35,22737.25,588,170,0
2025-07-07 04:40:00+00:00,22737.15,22744.05,22735.15,22739.25,462,150,0
2025-07-07 04:45:00+00:00,22739.25,22745.75,22735.65,22739.05,446,150,0
2025-07-07 04:50:00+00:00,22739.15,22752.25,22739.05,22747.45,532,150,0
2025-07-07 04:55:00+00:00,22747.35,22753.35,22742.75,22743.05,451,150,0
2025-07-07 05:00:00+00:00,22743.25,22745.35,22740.25,22744.05,449,150,0
2025-07-07 05:05:00+00:00,22743.15,22747.55,22741.35,22745.25,316,150,0
2025-07-07 05:10:00+00:00,22745.15,22763.25,22745.15,22759.05,463,150,0
2025-07-07 05:15:00+00:00,22759.25,22769.25,22756.85,22768.45,484,160,0
2025-07-07 05:20:00+00:00,22769.25,22769.55,22752.95,22758.95,449,160,0
2025-07-07 05:25:00+00:00,22758.75,22764.85,22758.75,22762.95,378,150,0
2025-07-07 05:30:00+00:00,22763.75,22764.75,22741.55,22746.55,602,150,0
2025-07-07 05:35:00+00:00,22746.75,22753.75,22743.75,22750.55,414,150,0
2025-07-07 05:40:00+00:00,22751.25,22755.85,22748.05,22755.45,366,150,0
2025-07-07 05:45:00+00:00,22755.55,22757.55,22749.75,22752.65,317,150,0
2025-07-07 05:50:00+00:00,22752.55,22766.35,22752.15,22761.05,376,150,0
2025-07-07 05:55:00+00:00,22761.25,22762.75,22756.15,22758.25,291,150,0
2025-07-07 06:00:00+00:00,22758.15,22759.85,22741.85,22743.55,380,150,0
2025-07-07 06:05:00+00:00,22744.15,22754.25,22744.05,22748.75,429,160,0
2025-07-07 06:10:00+00:00,22748.85,22755.65,22748.35,22753.55,273,150,0
2025-07-07 06:15:00+00:00,22753.35,22755.55,22748.15,22751.85,238,150,0
2025-07-07 06:20:00+00:00,22751.65,22753.25,22749.15,22750.65,195,150,0
2025-07-07 06:25:00+00:00,22750.55,22756.25,22750.55,22754.85,211,150,0
2025-07-07 06:30:00+00:00,22755.15,22757.05,22752.25,22754.15,228,150,0
2025-07-07 06:35:00+00:00,22754.15,22757.35,22753.55,22755.75,189,150,0
2025-07-07 06:40:00+00:00,22756.65,22764.15,22756.15,22763.55,275,150,0
2025-07-07 06:45:00+00:00,22763.65,22770.75,22762.55,22768.15,279,150,0
2025-07-07 06:50:00+00:00,22768.25,22776.85,22768.15,22772.65,325,150,0
2025-07-07 06:55:00+00:00,22773.15,22775.35,22771.25,22775.05,182,150,0
2025-07-07 07:00:00+00:00,22774.65,22788.55,22772.65,22788.55,372,150,0
2025-07-07 07:05:00+00:00,22788.35,22791.05,22775.45,22781.85,450,150,0
2025-07-07 07:10:00+00:00,22781.75,22782.85,22772.05,22772.65,233,150,0
2025-07-07 07:15:00+00:00,22772.75,22775.85,22771.05,22774.15,172,150,0
2025-07-07 07:20:00+00:00,22774.25,22774.25,22766.25,22767.05,281,150,0
2025-07-07 07:25:00+00:00,22766.85,22767.85,22765.75,22767.15,125,150,0
2025-07-07 07:30:00+00:00,22766.85,22767.85,22761.35,22761.65,221,150,0
2025-07-07 07:35:00+00:00,22761.35,22761.75,22748.65,22752.45,378,150,0
2025-07-07 07:40:00+00:00,22752.25,22756.85,22747.75,22748.75,271,150,0
2025-07-07 07:45:00+00:00,22748.85,22751.15,22746.35,22746.65,289,150,0
2025-07-07 07:50:00+00:00,22746.85,22752.15,22746.65,22748.85,169,150,0
2025-07-07 07:55:00+00:00,22748.65,22749.05,22745.15,22747.35,155,150,0
2025-07-07 08:00:00+00:00,22747.65,22751.45,22745.35,22746.95,320,150,0
2025-07-07 08:05:00+00:00,22747.05,22747.85,22736.35,22739.15,337,150,0
2025-07-07 08:10:00+00:00,22739.05,22742.35,22737.45,22740.05,190,150,0
2025-07-07 08:15:00+00:00,22739.35,22742.65,22738.25,22738.35,188,150,0
2025-07-07 08:20:00+00:00,22738.65,22741.95,22733.25,22741.75,327,150,0
2025-07-07 08:25:00+00:00,22741.45,22742.85,22734.35,22736.85,238,150,0
2025-07-07 08:30:00+00:00,22736.65,22742.65,22735.05,22741.55,249,150,0
2025-07-07 08:35:00+00:00,22741.65,22745.05,22736.15,22738.65,329,150,0
2025-07-07 08:40:00+00:00,22738.35,22747.55,22738.35,22744.15,249,150,0
2025-07-07 08:45:00+00:00,22743.65,22749.65,22741.05,22748.25,229,150,0
2025-07-07 08:50:00+00:00,22748.15,22749.15,22743.05,22747.65,238,150,0
2025-07-07 08:55:00+00:00,22747.35,22749.75,22743.85,22749.75,194,150,0
2025-07-07 09:00:00+00:00,22749.75,22752.15,22734.15,22739.45,507,150,0
2025-07-07 09:05:00+00:00,22739.55,22743.25,22734.35,22738.95,429,160,0
2025-07-07 09:10:00+00:00,22738.85,22738.85,22728.75,22730.55,434,160,0
2025-07-07 09:15:00+00:00,22730.85,22732.95,22719.75,22722.75,408,150,0
2025-07-07 09:20:00+00:00,22723.25,22732.65,22718.75,22731.55,392,150,0
2025-07-07 09:25:00+00:00,22731.65,22733.55,22722.75,22733.05,408,150,0
2025-07-07 09:30:00+00:00,22734.05,22743.35,22728.25,22738.25,585,160,0
2025-07-07 09:35:00+00:00,22738.25,22741.15,22732.05,22740.85,369,150,0
2025-07-07 09:40:00+00:00,22741.05,22741.05,22729.65,22729.65,348,150,0
2025-07-07 09:45:00+00:00,22729.35,22737.35,22728.35,22734.95,381,150,0
2025-07-07 09:50:00+00:00,22734.85,22743.55,22732.55,22741.65,322,150,0
2025-07-07 09:55:00+00:00,22741.65,22743.25,22736.15,22738.15,378,150,0
2025-07-07 10:00:00+00:00,22738.15,22748.15,22735.55,22744.05,734,150,0
2025-07-07 10:05:00+00:00,22743.75,22744.25,22729.45,22729.45,714,170,0
2025-07-07 10:10:00+00:00,22729.65,22745.25,22729.45,22742.75,709,170,0
2025-07-07 10:15:00+00:00,22742.45,22744.45,22732.55,22737.45,593,170,0
2025-07-07 10:20:00+00:00,22737.65,22748.15,22735.75,22745.35,553,160,0
2025-07-07 10:25:00+00:00,22745.35,22745.95,22731.65,22732.05,498,160,0
2025-07-07 10:30:00+00:00,22731.25,22741.05,22726.95,22738.75,541,160,0
2025-07-07 10:35:00+00:00,22738.85,22744.85,22737.35,22742.35,471,160,0
2025-07-07 10:40:00+00:00,22742.35,22744.35,22739.15,22741.85,378,150,0
2025-07-07 10:45:00+00:00,22742.05,22743.55,22733.85,22734.25,387,150,0
2025-07-07 10:50:00+00:00,22734.35,22742.75,22734.15,22740.95,422,150,0
2025-07-07 10:55:00+00:00,22740.85,22749.85,22740.85,22749.85,407,150,0
2025-07-07 11:00:00+00:00,22745.85,22746.65,22732.65,22741.85,817,150,0
2025-07-07 11:05:00+00:00,22740.65,22742.75,22722.65,22722.75,737,170,0
2025-07-07 11:10:00+00:00,22722.55,22726.05,22709.35,22721.65,839,190,0
2025-07-07 11:15:00+00:00,22721.55,22729.95,22716.75,22722.85,689,180,0
2025-07-07 11:20:00+00:00,22721.45,22730.95,22715.85,22730.75,644,170,0
2025-07-07 11:25:00+00:00,22730.75,22735.55,22721.55,22721.65,585,160,0
2025-07-07 11:30:00+00:00,22721.55,22728.65,22717.55,22724.75,572,160,0
2025-07-07 11:35:00+00:00,22724.55,22729.35,22721.05,22723.95,504,160,0
2025-07-07 11:40:00+00:00,22724.05,22729.05,22718.75,22724.55,449,160,0
2025-07-07 11:45:00+00:00,22724.65,22729.25,22716.55,22720.25,483,160,0
2025-07-07 11:50:00+00:00,22721.35,22724.55,22714.15,22724.35,438,150,0
2025-07-07 11:55:00+00:00,22724.05,22724.85,22713.55,22713.75,365,150,0
2025-07-07 12:00:00+00:00,22713.65,22716.05,22709.35,22715.05,537,150,0
2025-07-07 12:05:00+00:00,22715.25,22724.05,22715.05,22719.75,474,160,0
2025-07-07 12:10:00+00:00,22719.55,22725.15,22717.05,22720.75,451,150,0
2025-07-07 12:15:00+00:00,22720.85,22724.85,22719.85,22724.35,264,150,0
2025-07-07 12:20:00+00:00,22724.65,22725.65,22718.05,22719.65,380,150,0
2025-07-07 12:25:00+00:00,22719.65,22724.35,22719.35,22720.85,271,150,0
2025-07-07 12:30:00+00:00,22722.05,22725.75,22719.75,22723.05,288,150,0
2025-07-07 12:35:00+00:00,22723.65,22739.65,22723.15,22739.65,391,150,0
2025-07-07 12:40:00+00:00,22739.75,22746.75,22737.05,22742.05,381,150,0
2025-07-07 12:45:00+00:00,22742.15,22743.75,22736.05,22737.55,331,150,0
2025-07-07 12:50:00+00:00,22737.85,22754.05,22737.85,22753.55,489,150,0
2025-07-07 12:55:00+00:00,22753.35,22766.45,22749.25,22764.95,582,150,0
2025-07-07 13:00:00+00:00,22764.65,22769.55,22760.05,22768.25,546,150,0
2025-07-07 13:05:00+00:00,22768.35,22778.35,22765.85,22777.45,489,160,0
2025-07-07 13:10:00+00:00,22777.75,22785.75,22774.05,22784.05,542,160,0
2025-07-07 13:15:00+00:00,22783.95,22785.25,22768.35,22776.85,501,160,0
2025-07-07 13:20:00+00:00,22776.95,22781.95,22770.85,22779.75,412,150,0
2025-07-07 13:25:00+00:00,22779.55,22784.25,22777.85,22780.35,324,150,0
2025-07-07 13:30:00+00:00,22780.55,22785.05,22774.35,22783.85,368,150,0
2025-07-07 13:35:00+00:00,22783.85,22789.75,22776.25,22776.65,402,150,0
2025-07-07 13:40:00+00:00,22776.75,22777.65,22771.65,22775.35,359,150,0
2025-07-07 13:45:00+00:00,22775.75,22776.25,22768.15,22769.35,385,150,0
2025-07-07 13:50:00+00:00,22769.35,22770.65,22763.25,22767.65,424,150,0
2025-07-07 13:55:00+00:00,22767.75,22767.85,22760.85,22762.75,324,150,0
2025-07-07 14:00:00+00:00,22763.75,22770.35,22760.85,22764.25,512,150,0
2025-07-07 14:05:00+00:00,22763.95,22769.55,22758.35,22763.25,368,160,0
2025-07-07 14:10:00+00:00,22763.35,22763.55,22757.05,22758.35,344,150,0
2025-07-07 14:15:00+00:00,22758.75,22763.25,22755.25,22758.85,349,150,0
2025-07-07 14:20:00+00:00,22758.75,22766.15,22757.05,22765.15,393,150,0
2025-07-07 14:25:00+00:00,22765.25,22776.75,22764.25,22776.65,486,150,0
2025-07-07 14:30:00+00:00,22776.55,22777.75,22764.25,22766.85,448,150,0
2025-07-07 14:35:00+00:00,22766.75,22773.65,22762.65,22763.55,377,150,0
2025-07-07 14:40:00+00:00,22763.55,22779.55,22762.25,22772.55,418,160,0
2025-07-07 14:45:00+00:00,22772.35,22781.25,22771.55,22779.35,409,150,0
2025-07-07 14:50:00+00:00,22778.85,22781.35,22775.25,22778.65,374,150,0
2025-07-07 14:55:00+00:00,22778.85,22784.85,22777.55,22781.85,383,150,0
2025-07-07 15:00:00+00:00,22779.85,22781.85,22769.95,22772.05,543,150,0
2025-07-07 15:05:00+00:00,22771.85,22792.95,22771.85,22789.55,615,160,0
2025-07-07 15:10:00+00:00,22789.75,22794.75,22783.65,22794.45,526,160,0
2025-07-07 15:15:00+00:00,22794.25,22801.65,22792.85,22801.55,517,150,0
2025-07-07 15:20:00+00:00,22801.55,22801.65,22789.95,22792.95,497,150,0
2025-07-07 15:25:00+00:00,22793.45,22794.55,22778.85,22785.05,584,150,0
2025-07-07 15:30:00+00:00,22785.05,22787.75,22780.25,22787.35,517,150,0
2025-07-07 15:35:00+00:00,22787.15,22791.65,22774.95,22777.85,573,150,0
2025-07-07 15:40:00+00:00,22778.05,22779.95,22766.35,22766.65,596,150,0
2025-07-07 15:45:00+00:00,22766.55,22772.25,22764.35,22765.75,521,150,0
2025-07-07 15:50:00+00:00,22766.75,22770.55,22752.75,22753.25,688,150,0
2025-07-07 15:55:00+00:00,22752.95,22754.85,22745.35,22751.55,838,170,0
2025-07-07 16:00:00+00:00,22751.95,22755.15,22737.65,22746.35,815,170,0
2025-07-07 16:05:00+00:00,22746.25,22751.35,22739.15,22742.45,682,160,0
2025-07-07 16:10:00+00:00,22742.95,22749.95,22741.35,22742.75,627,160,0
2025-07-07 16:15:00+00:00,22742.35,22746.45,22736.95,22740.95,735,160,0
2025-07-07 16:20:00+00:00,22740.95,22741.75,22730.75,22733.75,845,160,0
2025-07-07 16:25:00+00:00,22729.65,22749.05,22729.05,22743.25,1060,170,0
2025-07-07 16:30:00+00:00,22745.05,22776.35,22701.45,22727.25,1587,80,0
2025-07-07 16:35:00+00:00,22728.55,22751.25,22722.55,22724.25,1515,100,0
2025-07-07 16:40:00+00:00,22720.75,22760.35,22715.35,22748.55,1428,90,0
2025-07-07 16:45:00+00:00,22747.35,22755.35,22722.55,22752.95,1475,90,0
2025-07-07 16:50:00+00:00,22752.95,22776.05,22750.95,22762.35,1405,80,0
2025-07-07 16:55:00+00:00,22762.35,22763.75,22743.35,22745.95,1380,80,0
2025-07-07 17:00:00+00:00,22745.85,22756.15,22703.15,22732.55,1475,80,0
2025-07-07 17:05:00+00:00,22732.55,22745.05,22729.85,22731.15,1425,90,0
2025-07-07 17:10:00+00:00,22731.05,22739.45,22717.85,22718.45,1388,80,0
2025-07-07 17:15:00+00:00,22718.35,22738.75,22707.15,22738.35,1316,80,0
2025-07-07 17:20:00+00:00,22737.85,22750.15,22732.15,22746.85,1287,80,0
2025-07-07 17:25:00+00:00,22747.15,22763.75,22733.95,22738.65,1282,80,0
2025-07-07 17:30:00+00:00,22738.35,22740.15,22720.85,22721.15,1352,80,0
2025-07-07 17:35:00+00:00,22719.85,22734.15,22718.25,22722.85,1232,80,0
2025-07-07 17:40:00+00:00,22723.15,22733.85,22718.65,22721.15,1211,80,0
2025-07-07 17:45:00+00:00,22721.05,22735.05,22712.75,22731.65,1186,80,0
2025-07-07 17:50:00+00:00,22731.75,22735.25,22696.05,22710.75,1283,80,0
2025-07-07 17:55:00+00:00,22710.55,22710.95,22685.45,22697.05,1392,80,0
2025-07-07 18:00:00+00:00,22697.25,22718.25,22691.95,22702.95,1326,80,0
2025-07-07 18:05:00+00:00,22702.55,22710.05,22697.25,22708.35,1304,80,0
2025-07-07 18:10:00+00:00,22708.55,22714.55,22697.65,22706.75,1254,80,0
2025-07-07 18:15:00+00:00,22706.55,22719.75,22701.55,22707.55,1189,80,0
2025-07-07 18:20:00+00:00,22708.05,22715.25,22700.25,22709.55,1168,80,0
2025-07-07 18:25:00+00:00,22709.25,22724.55,22705.55,22722.75,1069,80,0
2025-07-07 18:30:00+00:00,22723.05,22733.05,22716.25,22721.05,1059,80,0
2025-07-07 18:35:00+00:00,22721.05,22725.85,22714.25,22724.75,1105,80,0
2025-07-07 18:40:00+00:00,22724.85,22729.75,22715.25,22717.25,991,80,0
2025-07-07 18:45:00+00:00,22716.75,22721.15,22701.75,22714.75,1100,80,0
2025-07-07 18:50:00+00:00,22714.25,22719.75,22708.25,22713.55,1032,80,0
2025-07-07 18:55:00+00:00,22713.55,22739.05,22712.75,22730.75,1062,80,0
2025-07-07 19:00:00+00:00,22731.05,22753.25,22730.75,22749.55,1061,80,0
2025-07-07 19:05:00+00:00,22749.65,22758.65,22748.45,22757.15,948,80,0
2025-07-07 19:10:00+00:00,22756.65,22757.55,22743.45,22749.95,930,80,0
2025-07-07 19:15:00+00:00,22749.65,22761.55,22702.25,22718.65,1000,80,0
2025-07-07 19:20:00+00:00,22716.05,22725.15,22634.75,22676.95,1628,100,0
2025-07-07 19:25:00+00:00,22677.25,22701.45,22650.35,22694.05,1545,120,0
2025-07-07 19:30:00+00:00,22692.85,22716.25,22691.75,22711.35,1460,110,0
2025-07-07 19:35:00+00:00,22712.75,22724.95,22693.05,22701.45,1402,90,0
2025-07-07 19:40:00+00:00,22702.45,22714.05,22681.65,22691.85,1411,90,0
2025-07-07 19:45:00+00:00,22692.35,22696.65,22666.65,22674.45,1390,90,0
2025-07-07 19:50:00+00:00,22672.95,22682.95,22656.25,22658.75,1378,90,0
2025-07-07 19:55:00+00:00,22658.65,22682.75,22651.25,22671.15,1391,90,0
2025-07-07 20:00:00+00:00,22671.35,22684.35,22659.95,22664.15,1350,90,0
2025-07-07 20:05:00+00:00,22664.45,22683.45,22661.45,22680.45,1250,80,0
2025-07-07 20:10:00+00:00,22680.45,22698.15,22679.15,22695.15,1130,80,0
2025-07-07 20:15:00+00:00,22694.95,22700.25,22683.25,22700.25,1126,80,0
2025-07-07 20:20:00+00:00,22700.45,22711.95,22686.15,22686.65,1139,80,0
2025-07-07 20:25:00+00:00,22687.25,22690.45,22667.45,22673.65,1221,80,0
2025-07-07 20:30:00+00:00,22673.25,22727.55,22670.65,22683.85,1445,80,0
2025-07-07 20:35:00+00:00,22683.55,22685.55,22658.35,22667.95,1294,90,0
2025-07-07 20:40:00+00:00,22667.75,22678.95,22647.75,22661.75,1194,80,0
2025-07-07 20:45:00+00:00,22661.45,22676.85,22655.75,22671.25,1147,80,0
2025-07-07 20:50:00+00:00,22671.25,22674.25,22656.15,22663.85,1105,80,0
2025-07-07 20:55:00+00:00,22663.95,22678.85,22658.75,22673.65,1068,80,0
2025-07-07 21:00:00+00:00,22673.85,22684.15,22671.15,22674.85,1178,80,0
2025-07-07 21:05:00+00:00,22675.15,22682.15,22667.35,22681.65,1179,80,0
2025-07-07 21:10:00+00:00,22681.25,22683.15,22668.35,22671.35,1128,80,0
2025-07-07 21:15:00+00:00,22670.65,22672.35,22618.65,22626.25,1395,80,0
2025-07-07 21:20:00+00:00,22624.75,22631.75,22593.95,22620.05,1437,100,0
2025-07-07 21:25:00+00:00,22619.75,22630.55,22586.85,22589.35,1357,90,0
2025-07-07 21:30:00+00:00,22588.85,22609.95,22584.35,22609.35,1312,90,0
2025-07-07 21:35:00+00:00,22609.35,22628.65,22606.35,22625.35,1208,80,0
2025-07-07 21:40:00+00:00,22625.15,22654.25,22623.65,22649.45,1158,80,0
2025-07-07 21:45:00+00:00,22649.45,22659.15,22646.35,22655.65,1016,80,0
2025-07-07 21:50:00+00:00,22655.85,22667.65,22652.35,22664.85,946,80,0
2025-07-07 21:55:00+00:00,22664.85,22683.65,22664.35,22680.35,938,80,0
2025-07-07 22:00:00+00:00,22680.35,22692.85,22668.85,22669.65,1074,80,0
2025-07-07 22:05:00+00:00,22669.15,22670.65,22647.65,22654.75,1240,80,0
2025-07-07 22:10:00+00:00,22654.35,22668.85,22650.85,22658.55,1127,80,0
2025-07-07 22:15:00+00:00,22658.35,22664.35,22653.05,22656.85,1032,80,0
2025-07-07 22:20:00+00:00,22656.85,22663.85,22648.85,22651.35,1013,80,0
2025-07-07 22:25:00+00:00,22651.55,22661.65,22648.35,22648.85,991,80,0
2025-07-07 22:30:00+00:00,22649.35,22664.85,22648.35,22659.35,958,80,0
2025-07-07 22:35:00+00:00,22659.55,22663.55,22649.05,22653.55,972,80,0
2025-07-07 22:40:00+00:00,22653.65,22659.85,22643.55,22655.35,986,80,0
2025-07-07 22:45:00+00:00,22655.15,22660.85,22643.05,22648.65,1099,80,0
2025-07-07 22:50:00+00:00,22648.55,22676.55,22648.55,22669.95,1383,80,0
2025-07-07 22:55:00+00:00,22669.35,22691.65,22669.35,22686.55,1367,90,0
2025-07-07 23:00:00+00:00,22685.46,22687.56,22658.06,22659.96,1064,108,0
2025-07-07 23:05:00+00:00,22659.56,22664.56,22653.26,22657.66,651,178,0
2025-07-07 23:10:00+00:00,22657.86,22661.06,22652.36,22659.96,539,168,0
2025-07-07 23:15:00+00:00,22660.16,22666.36,22657.56,22664.86,385,168,0
2025-07-07 23:20:00+00:00,22665.16,22666.86,22661.46,22663.66,269,168,0
2025-07-07 23:25:00+00:00,22663.86,22663.86,22659.36,22659.46,213,168,0
2025-07-07 23:30:00+00:00,22659.66,22661.16,22653.46,22654.36,284,168,0
2025-07-07 23:35:00+00:00,22654.36,22657.36,22642.86,22643.66,384,168,0
2025-07-07 23:40:00+00:00,22643.76,22644.66,22624.46,22625.46,638,168,0
2025-07-07 23:45:00+00:00,22625.36,22630.76,22623.26,22624.36,636,188,0
2025-07-08 01:05:00+00:00,22635.06,22648.16,22635.06,22644.36,247,178,0
2025-07-08 01:10:00+00:00,22644.56,22644.56,22636.26,22638.86,208,168,0
2025-07-08 01:15:00+00:00,22639.06,22639.46,22625.06,22626.66,358,168,0
2025-07-08 01:20:00+00:00,22626.66,22627.76,22613.36,22619.26,527,168,0
2025-07-08 01:25:00+00:00,22619.16,22629.96,22616.66,22623.66,363,178,0
2025-07-08 01:30:00+00:00,22623.86,22640.46,22622.76,22639.86,427,178,0
2025-07-08 01:35:00+00:00,22640.36,22647.66,22636.56,22647.06,411,178,0
2025-07-08 01:40:00+00:00,22647.06,22657.16,22644.86,22650.06,401,178,0
2025-07-08 01:45:00+00:00,22650.26,22653.26,22640.36,22650.06,439,168,0
2025-07-08 01:50:00+00:00,22650.06,22652.66,22645.06,22651.56,237,168,0
2025-07-08 01:55:00+00:00,22651.36,22653.06,22646.16,22650.16,224,168,0
2025-07-08 02:00:00+00:00,22650.25,22654.45,22646.75,22654.25,278,150,0
2025-07-08 02:05:00+00:00,22654.25,22667.35,22653.15,22664.85,462,160,0
2025-07-08 02:10:00+00:00,22665.85,22667.95,22661.65,22663.65,293,150,0
2025-07-08 02:15:00+00:00,22663.75,22668.25,22659.45,22665.15,238,150,0
2025-07-08 02:20:00+00:00,22664.95,22675.55,22663.95,22664.95,333,150,0
2025-07-08 02:25:00+00:00,22664.95,22669.45,22663.85,22667.05,255,150,0
2025-07-08 02:30:00+00:00,22667.05,22678.55,22667.05,22677.75,341,150,0
2025-07-08 02:35:00+00:00,22677.65,22679.65,22665.25,22667.75,360,150,0
2025-07-08 02:40:00+00:00,22667.65,22670.15,22665.65,22668.05,237,150,0
2025-07-08 02:45:00+00:00,22668.15,22676.05,22668.05,22675.05,336,150,0
2025-07-08 02:50:00+00:00,22674.15,22680.95,22669.45,22680.25,394,150,0
2025-07-08 02:55:00+00:00,22680.35,22682.65,22674.15,22677.55,368,150,0
2025-07-08 03:00:00+00:00,22677.65,22682.35,22667.15,22668.45,741,150,0
2025-07-08 03:05:00+00:00,22668.55,22673.85,22660.65,22671.85,537,160,0
2025-07-08 03:10:00+00:00,22671.95,22682.45,22670.95,22678.65,519,160,0
2025-07-08 03:15:00+00:00,22678.35,22679.15,22672.15,22674.65,467,150,0
2025-07-08 03:20:00+00:00,22674.95,22681.65,22674.45,22680.15,351,150,0
2025-07-08 03:25:00+00:00,22679.95,22686.95,22676.05,22686.85,424,150,0
2025-07-08 03:30:00+00:00,22686.85,22686.85,22681.75,22682.95,356,150,0
2025-07-08 03:35:00+00:00,22682.95,22690.75,22681.95,22688.15,350,150,0
2025-07-08 03:40:00+00:00,22688.45,22709.25,22688.45,22702.95,541,150,0
2025-07-08 03:45:00+00:00,22703.15,22704.65,22695.25,22698.15,440,150,0
2025-07-08 03:50:00+00:00,22698.45,22715.15,22698.15,22714.85,486,150,0
2025-07-08 03:55:00+00:00,22715.95,22717.55,22708.65,22710.15,480,150,0
2025-07-08 04:00:00+00:00,22709.15,22711.55,22704.45,22710.75,477,150,0
2025-07-08 04:05:00+00:00,22710.15,22716.65,22707.15,22709.65,404,150,0
2025-07-08 04:10:00+00:00,22709.45,22712.05,22702.45,22712.05,415,150,0
2025-07-08 04:15:00+00:00,22712.45,22722.45,22711.25,22720.85,434,150,0
2025-07-08 04:20:00+00:00,22721.15,22725.25,22718.35,22721.75,432,160,0
2025-07-08 04:25:00+00:00,22721.25,22725.15,22717.65,22725.05,322,150,0
2025-07-08 04:30:00+00:00,22725.15,22726.55,22717.75,22725.65,428,150,0
2025-07-08 04:35:00+00:00,22725.95,22726.05,22716.45,22720.45,343,150,0
2025-07-08 04:40:00+00:00,22720.15,22720.65,22695.45,22695.45,561,150,0
2025-07-08 04:45:00+00:00,22695.35,22697.85,22692.25,22695.15,491,150,0
2025-07-08 04:50:00+00:00,22695.25,22699.95,22692.95,22696.65,444,150,0
2025-07-08 04:55:00+00:00,22696.45,22703.15,22693.65,22697.55,409,150,0
2025-07-08 05:00:00+00:00,22697.55,22697.55,22692.95,22695.55,310,150,0
2025-07-08 05:05:00+00:00,22694.95,22696.95,22692.25,22693.25,321,150,0
2025-07-08 05:10:00+00:00,22693.15,22698.95,22690.45,22697.95,296,150,0
2025-07-08 05:15:00+00:00,22698.15,22707.95,22696.55,22705.95,363,150,0
2025-07-08 05:20:00+00:00,22705.75,22712.45,22702.65,22710.15,422,150,0
2025-07-08 05:25:00+00:00,22710.05,22726.95,22710.05,22726.95,413,150,0
2025-07-08 05:30:00+00:00,22726.45,22728.05,22718.15,22721.15,388,150,0
2025-07-08 05:35:00+00:00,22721.85,22741.65,22721.65,22740.35,414,160,0
2025-07-08 05:40:00+00:00,22740.25,22740.75,22733.75,22736.55,270,150,0
2025-07-08 05:45:00+00:00,22736.75,22739.15,22735.25,22737.65,179,150,0
2025-07-08 05:50:00+00:00,22737.95,22741.95,22736.45,22739.55,236,150,0
2025-07-08 05:55:00+00:00,22739.45,22742.25,22734.55,22740.05,285,150,0
2025-07-08 06:00:00+00:00,22740.15,22741.55,22736.05,22738.15,283,150,0
2025-07-08 06:05:00+00:00,22738.45,22738.45,22724.15,22725.55,329,150,0
2025-07-08 06:10:00+00:00,22725.25,22728.95,22723.05,22723.65,254,150,0
2025-07-08 06:15:00+00:00,22723.95,22727.15,22720.05,22726.95,253,150,0
2025-07-08 06:20:00+00:00,22726.65,22734.15,22726.65,22731.15,258,150,0
2025-07-08 06:25:00+00:00,22730.95,22732.65,22729.65,22730.95,155,150,0
2025-07-08 06:30:00+00:00,22731.15,22732.65,22728.15,22729.45,239,150,0
2025-07-08 06:35:00+00:00,22729.65,22730.65,22725.25,22726.45,191,150,0
2025-07-08 06:40:00+00:00,22726.15,22729.65,22725.55,22726.45,140,150,0
2025-07-08 06:45:00+00:00,22725.65,22726.15,22715.75,22716.35,290,150,0
2025-07-08 06:50:00+00:00,22716.35,22720.95,22714.35,22720.65,213,150,0
2025-07-08 06:55:00+00:00,22720.65,22724.95,22718.55,22719.75,200,150,0
2025-07-08 07:00:00+00:00,22719.65,22722.45,22716.65,22719.75,207,150,0
2025-07-08 07:05:00+00:00,22719.95,22727.05,22719.15,22726.95,264,150,0
2025-07-08 07:10:00+00:00,22727.05,22727.05,22722.95,22726.45,177,150,0
2025-07-08 07:15:00+00:00,22726.45,22726.65,22721.05,22721.95,159,150,0
2025-07-08 07:20:00+00:00,22721.75,22723.95,22718.15,22722.65,190,150,0
2025-07-08 07:25:00+00:00,22722.45,22726.65,22720.65,22722.55,180,150,0
2025-07-08 07:30:00+00:00,22722.45,22726.15,22719.65,22721.95,474,150,0
2025-07-08 07:35:00+00:00,22723.15,22730.25,22720.05,22722.65,269,150,0
2025-07-08 07:40:00+00:00,22722.65,22724.15,22717.25,22718.15,275,150,0
2025-07-08 07:45:00+00:00,22718.65,22720.95,22717.15,22719.55,199,150,0
2025-07-08 07:50:00+00:00,22719.45,22720.95,22712.65,22720.75,257,150,0
2025-07-08 07:55:00+00:00,22720.75,22720.95,22712.15,22713.95,235,150,0
2025-07-08 08:00:00+00:00,22714.15,22716.65,22708.65,22716.05,251,150,0
2025-07-08 08:05:00+00:00,22715.95,22723.95,22715.95,22717.45,278,150,0
2025-07-08 08:10:00+00:00,22717.45,22723.45,22713.65,22723.25,273,150,0
2025-07-08 08:15:00+00:00,22723.25,22726.15,22720.55,22722.15,261,150,0
2025-07-08 08:20:00+00:00,22722.25,22726.75,22722.15,22723.15,223,150,0
2025-07-08 08:25:00+00:00,22723.45,22728.55,22723.45,22726.45,243,150,0
2025-07-08 08:30:00+00:00,22726.45,22728.75,22717.65,22719.15,363,150,0
2025-07-08 08:35:00+00:00,22719.15,22725.25,22714.95,22720.45,351,150,0
2025-07-08 08:40:00+00:00,22720.15,22728.55,22720.15,22725.15,247,150,0
2025-07-08 08:45:00+00:00,22725.45,22732.45,22724.15,22731.85,357,150,0
2025-07-08 08:50:00+00:00,22732.15,22735.15,22732.05,22732.95,263,150,0
2025-07-08 08:55:00+00:00,22733.05,22738.55,22731.15,22737.55,302,150,0
2025-07-08 09:00:00+00:00,22737.65,22738.65,22732.05,22733.65,370,150,0
2025-07-08 09:05:00+00:00,22733.55,22740.65,22731.65,22739.15,337,150,0
2025-07-08 09:10:00+00:00,22739.45,22746.35,22738.05,22739.85,397,150,0
2025-07-08 09:15:00+00:00,22739.75,22745.85,22738.65,22744.65,312,150,0
2025-07-08 09:20:00+00:00,22744.35,22751.55,22741.05,22741.15,334,150,0
2025-07-08 09:25:00+00:00,22740.95,22741.75,22727.25,22735.15,554,150,0
2025-07-08 09:30:00+00:00,22734.95,22746.05,22734.95,22741.65,465,160,0
2025-07-08 09:35:00+00:00,22741.85,22743.65,22734.45,22741.95,270,150,0
2025-07-08 09:40:00+00:00,22741.95,22744.75,22737.95,22744.25,257,150,0
2025-07-08 09:45:00+00:00,22743.75,22749.75,22743.25,22748.15,267,150,0
2025-07-08 09:50:00+00:00,22748.05,22750.15,22745.65,22746.75,223,150,0
2025-07-08 09:55:00+00:00,22746.65,22755.15,22746.15,22750.95,383,150,0
2025-07-08 10:00:00+00:00,22749.15,22750.25,22730.25,22731.65,725,150,0
2025-07-08 10:05:00+00:00,22731.15,22739.45,22727.15,22732.35,539,160,0
2025-07-08 10:10:00+00:00,22732.35,22737.15,22726.75,22727.65,492,160,0
2025-07-08 10:15:00+00:00,22727.45,22731.75,22723.85,22728.65,538,150,0
2025-07-08 10:20:00+00:00,22728.85,22736.65,22721.65,22735.15,544,150,0
2025-07-08 10:25:00+00:00,22734.95,22743.15,22730.35,22742.35,489,160,0
2025-07-08 10:30:00+00:00,22742.35,22743.65,22732.85,22739.65,450,150,0
2025-07-08 10:35:00+00:00,22739.85,22753.35,22738.65,22751.65,433,150,0
2025-07-08 10:40:00+00:00,22751.45,22755.85,22747.45,22751.65,401,150,0
2025-07-08 10:45:00+00:00,22751.65,22759.65,22750.45,22757.65,427,150,0
2025-07-08 10:50:00+00:00,22757.45,22768.15,22756.65,22763.95,381,150,0
2025-07-08 10:55:00+00:00,22764.95,22775.35,22764.95,22766.85,484,150,0
2025-07-08 11:00:00+00:00,22766.95,22767.35,22749.85,22752.85,639,150,0
2025-07-08 11:05:00+00:00,22753.25,22756.15,22747.95,22755.35,552,160,0
2025-07-08 11:10:00+00:00,22755.75,22758.75,22742.75,22751.05,531,160,0
2025-07-08 11:15:00+00:00,22751.05,22755.05,22745.65,22748.25,439,150,0
2025-07-08 11:20:00+00:00,22748.45,22754.65,22744.35,22754.55,372,150,0
2025-07-08 11:25:00+00:00,22754.55,22756.95,22748.25,22750.45,427,150,0
2025-07-08 11:30:00+00:00,22751.15,22757.15,22747.25,22747.45,416,150,0
2025-07-08 11:35:00+00:00,22747.25,22750.65,22741.45,22746.55,367,150,0
2025-07-08 11:40:00+00:00,22746.65,22748.25,22743.65,22744.15,348,150,0
2025-07-08 11:45:00+00:00,22744.25,22752.55,22737.15,22750.45,431,150,0
2025-07-08 11:50:00+00:00,22750.45,22752.75,22747.65,22750.95,308,150,0
2025-07-08 11:55:00+00:00,22751.15,22752.55,22749.15,22750.05,267,150,0
2025-07-08 12:00:00+00:00,22749.15,22750.65,22732.65,22737.15,466,150,0
2025-07-08 12:05:00+00:00,22738.95,22747.45,22738.95,22745.15,369,150,0
2025-07-08 12:10:00+00:00,22745.35,22757.25,22743.85,22748.95,441,160,0
2025-07-08 12:15:00+00:00,22748.85,22755.45,22746.85,22753.55,340,150,0
2025-07-08 12:20:00+00:00,22753.65,22754.45,22742.55,22744.65,379,150,0
2025-07-08 12:25:00+00:00,22744.45,22751.65,22744.15,22746.45,280,150,0
2025-07-08 12:30:00+00:00,22745.45,22748.15,22737.15,22737.45,371,150,0
2025-07-08 12:35:00+00:00,22737.15,22744.95,22736.05,22742.15,338,150,0
2025-07-08 12:40:00+00:00,22742.25,22745.45,22738.55,22742.45,257,150,0
2025-07-08 12:45:00+00:00,22743.15,22744.65,22735.25,22735.85,309,150,0
2025-07-08 12:50:00+00:00,22735.85,22737.15,22721.45,22727.65,495,150,0
2025-07-08 12:55:00+00:00,22727.75,22734.05,22726.45,22728.05,346,150,0
2025-07-08 13:00:00+00:00,22729.15,22731.45,22710.35,22713.55,499,150,0
2025-07-08 13:05:00+00:00,22713.85,22722.95,22713.45,22720.35,429,160,0
2025-07-08 13:10:00+00:00,22720.75,22723.95,22716.15,22717.95,329,150,0
2025-07-08 13:15:00+00:00,22717.15,22730.65,22717.15,22729.65,435,150,0
2025-07-08 13:20:00+00:00,22729.45,22731.35,22726.65,22728.15,307,150,0
2025-07-08 13:25:00+00:00,22727.95,22728.45,22720.95,22727.15,296,150,0
2025-07-08 13:30:00+00:00,22723.05,22734.35,22722.45,22730.35,355,150,0
2025-07-08 13:35:00+00:00,22730.65,22745.95,22730.15,22745.15,455,150,0
2025-07-08 13:40:00+00:00,22745.25,22754.75,22744.15,22754.45,420,160,0
2025-07-08 13:45:00+00:00,22754.15,22756.25,22744.95,22748.45,388,150,0
2025-07-08 13:50:00+00:00,22748.15,22752.75,22742.65,22747.95,362,150,0
2025-07-08 13:55:00+00:00,22748.05,22749.15,22742.45,22748.15,298,150,0
2025-07-08 14:00:00+00:00,22748.45,22748.45,22742.95,22742.95,345,150,0
2025-07-08 14:05:00+00:00,22742.75,22744.95,22734.55,22734.95,387,150,0
2025-07-08 14:10:00+00:00,22734.95,22748.95,22734.55,22748.15,393,150,0
2025-07-08 14:15:00+00:00,22748.45,22748.55,22740.15,22747.45,332,150,0
2025-07-08 14:20:00+00:00,22747.25,22753.95,22747.25,22752.45,346,150,0
2025-07-08 14:25:00+00:00,22752.55,22754.75,22748.55,22750.55,385,150,0
2025-07-08 14:30:00+00:00,22750.65,22751.45,22744.95,22746.15,311,150,0
2025-07-08 14:35:00+00:00,22746.15,22751.25,22745.95,22749.65,324,150,0
2025-07-08 14:40:00+00:00,22750.45,22759.25,22749.05,22759.05,386,150,0
2025-07-08 14:45:00+00:00,22758.95,22760.55,22749.65,22751.65,454,150,0
2025-07-08 14:50:00+00:00,22751.75,22753.25,22744.65,22746.55,447,150,0
2025-07-08 14:55:00+00:00,22746.45,22748.05,22740.95,22743.55,425,150,0
2025-07-08 15:00:00+00:00,22739.65,22742.15,22725.95,22732.55,600,150,0
2025-07-08 15:05:00+00:00,22732.35,22743.65,22732.35,22742.25,464,160,0
2025-07-08 15:10:00+00:00,22742.35,22753.35,22736.75,22753.35,601,150,0
2025-07-08 15:15:00+00:00,22752.85,22757.65,22749.85,22757.55,451,150,0
2025-07-08 15:20:00+00:00,22757.65,22758.75,22750.05,22750.85,512,150,0
2025-07-08 15:25:00+00:00,22751.85,22753.45,22746.65,22749.45,438,150,0
2025-07-08 15:30:00+00:00,22749.15,22749.55,22729.65,22733.35,672,150,0
2025-07-08 15:35:00+00:00,22733.25,22735.75,22722.45,22726.25,615,160,0
2025-07-08 15:40:00+00:00,22726.15,22731.25,22718.45,22725.35,613,160,0
2025-07-08 15:45:00+00:00,22725.25,22736.15,22722.25,22726.05,689,160,0
2025-07-08 15:50:00+00:00,22726.45,22735.35,22722.85,22732.35,651,160,0
2025-07-08 15:55:00+00:00,22732.25,22743.95,22731.15,22743.35,551,160,0
2025-07-08 16:00:00+00:00,22743.25,22754.75,22740.75,22753.75,570,150,0
2025-07-08 16:05:00+00:00,22753.75,22759.75,22751.75,22756.05,498,150,0
2025-07-08 16:10:00+00:00,22756.05,22757.15,22750.95,22754.15,422,150,0
2025-07-08 16:15:00+00:00,22754.25,22754.65,22742.25,22742.75,546,150,0
2025-07-08 16:20:00+00:00,22742.95,22751.65,22738.85,22750.05,597,160,0
2025-07-08 16:25:00+00:00,22742.65,22746.85,22734.85,22737.35,849,170,0
2025-07-08 16:30:00+00:00,22738.75,22747.35,22702.45,22706.35,1558,80,0
2025-07-08 16:35:00+00:00,22704.15,22720.45,22696.25,22698.45,1500,90,0
2025-07-08 16:40:00+00:00,22698.45,22724.95,22693.55,22708.95,1398,90,0
2025-07-08 16:45:00+00:00,22708.85,22721.55,22706.85,22711.85,1387,80,0
2025-07-08 16:50:00+00:00,22711.85,22727.05,22696.25,22721.35,1363,80,0
2025-07-08 16:55:00+00:00,22721.25,22727.65,22685.55,22685.95,1371,80,0
2025-07-08 17:00:00+00:00,22685.45,22702.85,22677.35,22699.95,1453,90,0
2025-07-08 17:05:00+00:00,22700.05,22701.35,22670.55,22682.85,1422,90,0
2025-07-08 17:10:00+00:00,22683.95,22692.65,22672.75,22685.35,1366,80,0
2025-07-08 17:15:00+00:00,22685.15,22699.15,22681.35,22685.05,1314,80,0
2025-07-08 17:20:00+00:00,22685.35,22694.15,22663.35,22663.35,1365,80,0
2025-07-08 17:25:00+00:00,22662.45,22679.65,22653.85,22679.15,1366,80,0
2025-07-08 17:30:00+00:00,22678.85,22726.75,22676.65,22726.35,1261,80,0
2025-07-08 17:35:00+00:00,22726.65,22743.85,22721.65,22740.85,1197,80,0
2025-07-08 17:40:00+00:00,22740.65,22746.65,22720.35,22732.05,1190,80,0
2025-07-08 17:45:00+00:00,22731.85,22733.35,22691.65,22704.65,1442,80,0
2025-07-08 17:50:00+00:00,22703.95,22715.55,22651.65,22665.95,1513,90,0
2025-07-08 17:55:00+00:00,22665.95,22697.85,22645.65,22696.85,1439,90,0
2025-07-08 18:00:00+00:00,22697.55,22713.85,22689.55,22702.05,1362,80,0
2025-07-08 18:05:00+00:00,22701.75,22718.85,22700.75,22710.25,1309,80,0
2025-07-08 18:10:00+00:00,22710.25,22718.15,22702.35,22705.65,1254,80,0
2025-07-08 18:15:00+00:00,22704.65,22709.35,22689.25,22692.05,1249,80,0
2025-07-08 18:20:00+00:00,22692.75,22699.25,22667.55,22669.85,1311,80,0
2025-07-08 18:25:00+00:00,22669.95,22680.75,22659.55,22673.05,1372,80,0
2025-07-08 18:30:00+00:00,22673.05,22692.35,22673.05,22686.55,1315,80,0
2025-07-08 18:35:00+00:00,22685.35,22695.35,22682.35,22692.35,1168,80,0
2025-07-08 18:40:00+00:00,22692.65,22696.35,22682.85,22685.65,1173,80,0
2025-07-08 18:45:00+00:00,22685.05,22700.15,22684.15,22698.05,1083,80,0
2025-07-08 18:50:00+00:00,22698.15,22706.85,22691.85,22698.85,1041,80,0
2025-07-08 18:55:00+00:00,22698.35,22715.65,22694.35,22710.15,965,80,0
2025-07-08 19:00:00+00:00,22710.15,22716.05,22707.15,22714.85,908,80,0
2025-07-08 19:05:00+00:00,22715.15,22719.05,22703.55,22712.15,1074,80,0
2025-07-08 19:10:00+00:00,22711.35,22725.35,22708.35,22723.65,985,80,0
2025-07-08 19:15:00+00:00,22723.65,22728.05,22714.35,22724.35,861,80,0
2025-07-08 19:20:00+00:00,22724.65,22751.15,22721.75,22750.85,963,80,0
2025-07-08 19:25:00+00:00,22751.35,22766.65,22749.75,22751.35,1105,80,0
2025-07-08 19:30:00+00:00,22751.35,22754.75,22722.25,22730.95,1275,80,0
2025-07-08 19:35:00+00:00,22731.15,22731.75,22692.85,22720.55,1380,100,0
2025-07-08 19:40:00+00:00,22720.25,22733.55,22712.75,22725.85,1270,80,0
2025-07-08 19:45:00+00:00,22725.75,22731.65,22714.75,22725.85,1094,80,0
2025-07-08 19:50:00+00:00,22725.85,22731.65,22717.85,22731.05,1065,80,0
2025-07-08 19:55:00+00:00,22731.35,22736.85,22716.25,22720.75,1402,80,0
2025-07-08 20:00:00+00:00,22722.05,22730.35,22712.85,22722.05,1238,80,0
2025-07-08 20:05:00+00:00,22721.65,22723.05,22704.65,22707.55,1284,80,0
2025-07-08 20:10:00+00:00,22707.35,22722.65,22703.75,22709.65,1163,80,0
2025-07-08 20:15:00+00:00,22709.55,22712.35,22680.35,22696.65,1212,80,0
2025-07-08 20:20:00+00:00,22696.75,22713.15,22683.85,22711.15,1185,80,0
2025-07-08 20:25:00+00:00,22711.15,22719.05,22702.85,22717.15,1022,80,0
2025-07-08 20:30:00+00:00,22716.85,22728.55,22695.85,22698.55,1068,80,0
2025-07-08 20:35:00+00:00,22698.35,22708.85,22695.65,22703.05,1032,80,0
2025-07-08 20:40:00+00:00,22703.65,22708.35,22696.15,22704.85,1003,80,0
2025-07-08 20:45:00+00:00,22705.65,22716.05,22701.65,22711.05,891,80,0
2025-07-08 20:50:00+00:00,22710.85,22738.15,22703.85,22733.85,1013,80,0
2025-07-08 20:55:00+00:00,22733.65,22742.55,22728.35,22738.35,873,80,0
2025-07-08 21:00:00+00:00,22738.15,22739.25,22729.15,22736.65,929,80,0
2025-07-08 21:05:00+00:00,22737.15,22745.15,22734.75,22739.65,880,80,0
2025-07-08 21:10:00+00:00,22740.15,22745.25,22735.75,22736.35,866,80,0
2025-07-08 21:15:00+00:00,22736.35,22740.85,22732.35,22734.15,810,80,0
2025-07-08 21:20:00+00:00,22734.35,22735.85,22715.55,22726.85,1029,80,0
2025-07-08 21:25:00+00:00,22727.75,22728.25,22714.15,22716.85,957,80,0
2025-07-08 21:30:00+00:00,22717.15,22718.85,22701.35,22711.15,1115,80,0
2025-07-08 21:35:00+00:00,22711.35,22723.15,22708.35,22723.15,925,80,0
2025-07-08 21:40:00+00:00,22722.15,22724.35,22700.15,22701.05,909,80,0
2025-07-08 21:45:00+00:00,22701.25,22711.15,22695.15,22708.65,858,80,0
2025-07-08 21:50:00+00:00,22708.85,22712.85,22701.65,22706.85,856,80,0
2025-07-08 21:55:00+00:00,22706.85,22714.85,22702.15,22703.35,819,80,0
2025-07-08 22:00:00+00:00,22702.35,22705.15,22694.65,22697.85,947,80,0
2025-07-08 22:05:00+00:00,22698.05,22702.15,22683.35,22686.55,961,80,0
2025-07-08 22:10:00+00:00,22685.15,22690.65,22675.35,22684.85,1082,80,0
2025-07-08 22:15:00+00:00,22684.85,22692.15,22676.85,22690.85,915,80,0
2025-07-08 22:20:00+00:00,22690.75,22697.35,22681.75,22683.65,920,80,0
2025-07-08 22:25:00+00:00,22683.35,22694.85,22681.35,22694.15,820,80,0
2025-07-08 22:30:00+00:00,22692.65,22696.35,22687.85,22694.05,923,80,0
2025-07-08 22:35:00+00:00,22693.85,22696.75,22682.35,22684.15,869,80,0
2025-07-08 22:40:00+00:00,22683.85,22691.85,22676.05,22681.65,921,80,0
2025-07-08 22:45:00+00:00,22681.55,22701.15,22679.15,22700.55,973,80,0
2025-07-08 22:50:00+00:00,22706.85,22706.85,22683.85,22699.35,1171,80,0
2025-07-08 22:55:00+00:00,22699.35,22705.65,22692.75,22696.35,1199,80,0
2025-07-08 23:00:00+00:00,22695.66,22709.36,22688.76,22703.06,855,198,0
2025-07-08 23:05:00+00:00,22702.76,22709.46,22701.26,22705.96,473,168,0
2025-07-08 23:10:00+00:00,22705.46,22709.06,22698.26,22706.16,480,168,0
2025-07-08 23:15:00+00:00,22706.16,22707.46,22702.56,22706.16,226,168,0
2025-07-08 23:20:00+00:00,22706.06,22710.16,22705.96,22710.06,239,168,0
2025-07-08 23:25:00+00:00,22710.06,22711.66,22707.96,22709.76,217,168,0
2025-07-08 23:30:00+00:00,22709.66,22710.06,22702.56,22703.46,310,168,0
2025-07-08 23:35:00+00:00,22703.46,22706.16,22702.66,22703.96,196,168,0
2025-07-08 23:40:00+00:00,22704.06,22709.16,22703.76,22707.26,197,168,0
2025-07-08 23:45:00+00:00,22707.26,22707.66,22704.56,22705.56,186,168,0
2025-07-09 01:05:00+00:00,22723.96,22725.26,22720.36,22721.06,94,168,0
2025-07-09 01:10:00+00:00,22721.76,22722.36,22711.76,22714.46,208,168,0
2025-07-09 01:15:00+00:00,22714.96,22719.76,22714.96,22717.76,101,168,0
2025-07-09 01:20:00+00:00,22718.06,22718.06,22713.46,22713.46,84,168,0
2025-07-09 01:25:00+00:00,22713.36,22718.86,22711.36,22715.26,179,168,0
2025-07-09 01:30:00+00:00,22715.06,22717.36,22707.76,22714.76,261,168,0
2025-07-09 01:35:00+00:00,22714.66,22714.66,22707.56,22712.46,173,168,0
2025-07-09 01:40:00+00:00,22712.56,22714.56,22711.96,22712.76,68,168,0
2025-07-09 01:45:00+00:00,22712.56,22716.86,22709.46,22716.26,85,168,0
2025-07-09 01:50:00+00:00,22716.46,22719.86,22715.06,22715.26,122,168,0
2025-07-09 01:55:00+00:00,22715.26,22719.56,22715.26,22719.36,67,168,0
2025-07-09 02:00:00+00:00,22719.45,22722.85,22716.85,22717.85,169,150,0
2025-07-09 02:05:00+00:00,22717.55,22727.05,22717.05,22724.45,173,150,0
2025-07-09 02:10:00+00:00,22724.85,22725.05,22722.05,22722.15,74,150,0
2025-07-09 02:15:00+00:00,22722.45,22729.35,22722.35,22725.35,130,150,0
2025-07-09 02:20:00+00:00,22725.45,22725.95,22704.85,22712.15,318,150,0
2025-07-09 02:25:00+00:00,22712.15,22715.55,22709.85,22711.65,203,150,0
2025-07-09 02:30:00+00:00,22712.55,22712.65,22705.65,22707.55,180,150,0
2025-07-09 02:35:00+00:00,22707.45,22709.05,22704.55,22708.45,162,150,0
2025-07-09 02:40:00+00:00,22708.15,22711.55,22705.65,22710.95,170,150,0
2025-07-09 02:45:00+00:00,22710.65,22713.35,22706.85,22708.65,190,150,0
2025-07-09 02:50:00+00:00,22708.45,22711.05,22704.95,22705.65,154,150,0
2025-07-09 02:55:00+00:00,22706.15,22707.95,22701.05,22706.95,204,150,0
2025-07-09 03:00:00+00:00,22703.55,22705.25,22690.75,22692.55,460,150,0
2025-07-09 03:05:00+00:00,22692.65,22698.65,22689.65,22696.95,280,150,0
2025-07-09 03:10:00+00:00,22696.85,22696.95,22677.55,22679.75,334,150,0
2025-07-09 03:15:00+00:00,22679.65,22686.55,22679.05,22685.45,338,150,0
2025-07-09 03:20:00+00:00,22685.35,22688.55,22680.95,22681.65,214,150,0
2025-07-09 03:25:00+00:00,22681.45,22683.05,22678.45,22679.15,177,150,0
2025-07-09 03:30:00+00:00,22679.35,22681.55,22672.05,22672.05,310,150,0
2025-07-09 03:35:00+00:00,22671.95,22681.95,22670.55,22678.65,341,150,0
2025-07-09 03:40:00+00:00,22678.85,22685.35,22678.85,22684.55,228,150,0
2025-07-09 03:45:00+00:00,22684.65,22688.85,22682.05,22683.05,254,150,0
2025-07-09 03:50:00+00:00,22682.95,22687.45,22682.65,22684.95,169,150,0
2025-07-09 03:55:00+00:00,22684.45,22685.05,22672.55,22681.35,266,150,0
2025-07-09 04:00:00+00:00,22681.15,22690.65,22678.85,22690.65,365,150,0
2025-07-09 04:05:00+00:00,22690.55,22696.65,22686.65,22694.55,382,150,0
2025-07-09 04:10:00+00:00,22694.85,22696.85,22691.95,22695.45,389,150,0
2025-07-09 04:15:00+00:00,22695.65,22696.05,22685.95,22687.15,405,150,0
2025-07-09 04:20:00+00:00,22687.35,22691.85,22685.05,22688.85,352,150,0
2025-07-09 04:25:00+00:00,22688.45,22688.65,22678.55,22679.95,374,150,0
2025-07-09 04:30:00+00:00,22679.95,22680.15,22660.55,22669.55,703,150,0
2025-07-09 04:35:00+00:00,22669.45,22679.95,22669.45,22679.85,428,150,0
2025-07-09 04:40:00+00:00,22679.65,22684.35,22679.15,22682.15,368,150,0
2025-07-09 04:45:00+00:00,22681.65,22689.45,22678.95,22687.95,358,150,0
2025-07-09 04:50:00+00:00,22687.65,22691.85,22686.05,22691.55,310,150,0
2025-07-09 04:55:00+00:00,22691.65,22697.85,22691.45,22696.15,353,150,0
2025-07-09 05:00:00+00:00,22696.35,22706.55,22696.35,22706.05,441,150,0
2025-07-09 05:05:00+00:00,22706.35,22706.35,22697.55,22697.85,321,150,0
2025-07-09 05:10:00+00:00,22697.65,22704.45,22697.35,22703.15,286,150,0
2025-07-09 05:15:00+00:00,22703.15,22703.15,22694.45,22694.65,318,150,0
2025-07-09 05:20:00+00:00,22695.45,22695.85,22690.55,22692.55,311,150,0
2025-07-09 05:25:00+00:00,22692.65,22698.45,22692.35,22694.85,261,150,0
2025-07-09 05:30:00+00:00,22694.65,22696.55,22689.55,22689.95,198,150,0
2025-07-09 05:35:00+00:00,22689.95,22691.55,22686.35,22690.15,208,150,0
2025-07-09 05:40:00+00:00,22690.05,22692.85,22688.15,22690.45,200,150,0
2025-07-09 05:45:00+00:00,22690.55,22692.15,22687.95,22688.15,196,150,0
2025-07-09 05:50:00+00:00,22688.15,22691.15,22686.85,22688.85,203,150,0
2025-07-09 05:55:00+00:00,22688.65,22688.85,22686.05,22686.85,159,150,0
2025-07-09 06:00:00+00:00,22686.65,22691.55,22685.95,22687.65,223,150,0
2025-07-09 06:05:00+00:00,22687.65,22687.95,22684.45,22684.65,165,150,0
2025-07-09 06:10:00+00:00,22684.65,22686.85,22681.45,22684.65,196,150,0
2025-07-09 06:15:00+00:00,22684.55,22684.55,22679.55,22680.85,186,150,0
2025-07-09 06:20:00+00:00,22680.65,22682.05,22674.95,22682.05,281,150,0
2025-07-09 06:25:00+00:00,22682.85,22691.55,22681.45,22690.95,233,150,0
2025-07-09 06:30:00+00:00,22690.55,22690.95,22683.65,22688.85,252,150,0
2025-07-09 06:35:00+00:00,22689.15,22689.15,22679.45,22681.65,227,150,0
2025-07-09 06:40:00+00:00,22681.95,22682.65,22676.95,22679.45,215,150,0
2025-07-09 06:45:00+00:00,22679.15,22684.35,22676.95,22683.85,179,150,0
2025-07-09 06:50:00+00:00,22683.55,22687.35,22683.05,22685.85,188,150,0
2025-07-09 06:55:00+00:00,22685.65,22685.95,22679.15,22680.15,178,150,0
2025-07-09 07:00:00+00:00,22680.45,22682.85,22678.45,22679.65,215,150,0
2025-07-09 07:05:00+00:00,22679.85,22681.35,22676.55,22679.65,160,150,0
2025-07-09 07:10:00+00:00,22679.45,22683.45,22678.15,22681.45,172,150,0
2025-07-09 07:15:00+00:00,22681.55,22684.95,22679.45,22684.35,134,150,0
2025-07-09 07:20:00+00:00,22684.45,22684.45,22680.15,22682.85,119,150,0
2025-07-09 07:25:00+00:00,22682.95,22684.15,22678.05,22680.95,143,150,0
2025-07-09 07:30:00+00:00,22680.45,22685.95,22679.65,22684.45,172,150,0
2025-07-09 07:35:00+00:00,22684.85,22693.95,22684.65,22693.85,266,150,0
2025-07-09 07:40:00+00:00,22693.65,22700.55,22693.65,22697.95,248,150,0
2025-07-09 07:45:00+00:00,22698.35,22700.55,22695.95,22696.15,212,150,0
2025-07-09 07:50:00+00:00,22696.45,22700.15,22692.45,22698.95,195,150,0
2025-07-09 07:55:00+00:00,22699.15,22700.05,22695.95,22698.15,155,150,0
2025-07-09 08:00:00+00:00,22698.35,22700.45,22695.85,22699.95,200,150,0
2025-07-09 08:05:00+00:00,22700.15,22702.05,22696.45,22696.85,189,150,0
2025-07-09 08:10:00+00:00,22696.95,22698.95,22694.05,22696.15,197,150,0
2025-07-09 08:15:00+00:00,22696.65,22696.65,22684.95,22686.85,251,150,0
2025-07-09 08:20:00+00:00,22686.95,22688.35,22683.45,22683.65,189,150,0
2025-07-09 08:25:00+00:00,22683.65,22683.95,22676.55,22678.45,291,150,0
2025-07-09 08:30:00+00:00,22678.65,22687.05,22676.85,22684.55,296,150,0
2025-07-09 08:35:00+00:00,22684.65,22692.65,22684.15,22687.45,255,150,0
2025-07-09 08:40:00+00:00,22687.45,22691.65,22682.55,22683.45,255,150,0
2025-07-09 08:45:00+00:00,22683.15,22683.65,22677.25,22681.65,221,150,0
2025-07-09 08:50:00+00:00,22681.65,22683.95,22675.65,22680.45,208,150,0
2025-07-09 08:55:00+00:00,22680.15,22681.85,22677.65,22680.15,186,150,0
2025-07-09 09:00:00+00:00,22680.35,22680.35,22669.45,22671.95,418,150,0
2025-07-09 09:05:00+00:00,22671.95,22671.95,22649.85,22658.55,601,150,0
2025-07-09 09:10:00+00:00,22657.25,22663.85,22654.35,22662.85,410,150,0
2025-07-09 09:15:00+00:00,22662.15,22667.65,22658.35,22666.65,337,150,0
2025-07-09 09:20:00+00:00,22666.85,22671.15,22662.15,22668.75,383,150,0
2025-07-09 09:25:00+00:00,22668.65,22673.55,22665.65,22671.65,324,150,0
2025-07-09 09:30:00+00:00,22672.05,22678.45,22671.15,22674.65,340,150,0
2025-07-09 09:35:00+00:00,22673.85,22676.45,22664.35,22671.55,328,150,0
2025-07-09 09:40:00+00:00,22671.65,22673.65,22667.15,22673.65,297,150,0
2025-07-09 09:45:00+00:00,22673.45,22684.15,22672.65,22684.15,280,150,0
2025-07-09 09:50:00+00:00,22683.45,22700.55,22682.95,22699.35,432,150,0
2025-07-09 09:55:00+00:00,22699.85,22704.55,22696.35,22701.95,436,150,0
2025-07-09 10:00:00+00:00,22702.15,22707.55,22696.75,22696.85,716,150,0
2025-07-09 10:05:00+00:00,22697.05,22698.55,22688.55,22692.35,676,160,0
2025-07-09 10:10:00+00:00,22692.15,22693.65,22681.85,22683.05,564,150,0
2025-07-09 10:15:00+00:00,22683.15,22689.05,22680.85,22686.15,446,150,0
2025-07-09 10:20:00+00:00,22686.15,22697.85,22684.15,22695.85,543,150,0
2025-07-09 10:25:00+00:00,22696.35,22696.35,22687.45,22689.65,411,150,0
2025-07-09 10:30:00+00:00,22690.15,22691.85,22685.15,22690.65,375,150,0
2025-07-09 10:35:00+00:00,22690.85,22692.95,22687.35,22689.35,401,150,0
2025-07-09 10:40:00+00:00,22689.15,22695.55,22689.15,22693.95,402,150,0
2025-07-09 10:45:00+00:00,22694.15,22709.25,22693.65,22705.65,495,150,0
2025-07-09 10:50:00+00:00,22705.75,22708.85,22703.65,22704.95,492,150,0
2025-07-09 10:55:00+00:00,22704.95,22707.05,22697.95,22698.85,410,150,0
2025-07-09 11:00:00+00:00,22698.55,22706.85,22690.15,22704.85,624,150,0
2025-07-09 11:05:00+00:00,22704.85,22706.55,22695.65,22698.65,585,160,0
2025-07-09 11:10:00+00:00,22698.75,22698.85,22691.35,22694.35,485,150,0
2025-07-09 11:15:00+00:00,22694.35,22701.35,22693.75,22695.85,503,150,0
2025-07-09 11:20:00+00:00,22695.65,22695.65,22684.35,22687.65,503,160,0
2025-07-09 11:25:00+00:00,22687.65,22698.45,22686.35,22697.75,408,150,0
2025-07-09 11:30:00+00:00,22697.65,22704.65,22695.15,22703.55,341,150,0
2025-07-09 11:35:00+00:00,22703.95,22706.45,22698.45,22701.65,327,150,0
2025-07-09 11:40:00+00:00,22701.35,22702.95,22696.45,22698.55,266,150,0
2025-07-09 11:45:00+00:00,22698.65,22699.15,22690.55,22692.15,307,150,0
2025-07-09 11:50:00+00:00,22692.65,22698.85,22691.85,22694.95,320,150,0
2025-07-09 11:55:00+00:00,22695.15,22697.85,22691.95,22696.35,273,150,0
2025-07-09 12:00:00+00:00,22696.65,22700.85,22696.55,22699.95,343,150,0
2025-07-09 12:05:00+00:00,22700.05,22700.05,22696.95,22698.65,251,150,0
2025-07-09 12:10:00+00:00,22699.95,22716.55,22698.95,22715.15,429,150,0
2025-07-09 12:15:00+00:00,22715.25,22737.25,22714.85,22725.05,719,150,0
2025-07-09 12:20:00+00:00,22725.05,22737.05,22725.05,22734.75,496,150,0
2025-07-09 12:25:00+00:00,22734.85,22740.55,22728.95,22738.45,453,150,0
2025-07-09 12:30:00+00:00,22738.15,22740.35,22733.05,22735.85,530,150,0
2025-07-09 12:35:00+00:00,22736.05,22739.05,22731.15,22738.95,402,150,0
2025-07-09 12:40:00+00:00,22739.05,22748.35,22739.05,22744.35,475,150,0
2025-07-09 12:45:00+00:00,22744.55,22745.55,22734.85,22737.65,391,150,0
2025-07-09 12:50:00+00:00,22737.85,22740.25,22732.65,22733.05,364,150,0
2025-07-09 12:55:00+00:00,22732.85,22733.55,22728.65,22730.15,359,150,0
2025-07-09 13:00:00+00:00,22730.35,22730.85,22722.05,22722.45,406,150,0
2025-07-09 13:05:00+00:00,22722.55,22724.85,22717.35,22724.35,387,150,0
2025-07-09 13:10:00+00:00,22724.15,22731.65,22716.95,22731.35,396,150,0
2025-07-09 13:15:00+00:00,22730.95,22734.85,22723.65,22724.65,460,150,0
2025-07-09 13:20:00+00:00,22724.65,22730.65,22724.65,22726.95,283,150,0
2025-07-09 13:25:00+00:00,22726.95,22727.65,22722.95,22726.05,264,150,0
2025-07-09 13:30:00+00:00,22725.95,22737.15,22723.95,22735.35,439,150,0
2025-07-09 13:35:00+00:00,22735.15,22740.25,22733.85,22736.15,401,150,0
2025-07-09 13:40:00+00:00,22737.05,22739.05,22725.05,22727.65,431,150,0
2025-07-09 13:45:00+00:00,22726.85,22729.35,22724.85,22726.65,315,150,0
2025-07-09 13:50:00+00:00,22726.95,22733.15,22722.35,22728.15,349,150,0
2025-07-09 13:55:00+00:00,22728.15,22734.85,22723.25,22728.85,433,150,0
2025-07-09 14:00:00+00:00,22729.15,22734.85,22726.35,22732.35,399,160,0
2025-07-09 14:05:00+00:00,22732.25,22735.45,22725.45,22731.45,342,150,0
2025-07-09 14:10:00+00:00,22731.45,22742.15,22730.45,22741.95,311,150,0
2025-07-09 14:15:00+00:00,22742.15,22742.45,22733.45,22739.45,317,150,0
2025-07-09 14:20:00+00:00,22739.15,22747.05,22734.95,22744.55,337,150,0
2025-07-09 14:25:00+00:00,22744.65,22744.65,22738.95,22741.95,311,150,0
2025-07-09 14:30:00+00:00,22741.95,22756.85,22741.85,22749.75,437,150,0
2025-07-09 14:35:00+00:00,22749.55,22751.95,22744.85,22745.95,341,150,0
2025-07-09 14:40:00+00:00,22745.65,22745.65,22736.55,22741.85,464,150,0
2025-07-09 14:45:00+00:00,22742.05,22755.05,22739.15,22754.95,453,150,0
2025-07-09 14:50:00+00:00,22755.15,22755.95,22745.95,22748.35,400,150,0
2025-07-09 14:55:00+00:00,22748.55,22748.65,22739.55,22744.65,390,150,0
2025-07-09 15:00:00+00:00,22744.35,22744.45,22737.35,22739.45,452,150,0
2025-07-09 15:05:00+00:00,22738.45,22746.95,22737.85,22744.45,392,150,0
2025-07-09 15:10:00+00:00,22744.65,22753.15,22742.95,22748.65,429,150,0
2025-07-09 15:15:00+00:00,22748.45,22751.15,22745.85,22748.15,388,150,0
2025-07-09 15:20:00+00:00,22748.05,22753.55,22743.05,22749.45,461,150,0
2025-07-09 15:25:00+00:00,22749.55,22749.55,22738.85,22747.95,572,150,0
2025-07-09 15:30:00+00:00,22747.85,22748.85,22740.95,22743.45,512,150,0
2025-07-09 15:35:00+00:00,22743.45,22745.85,22741.05,22741.55,340,150,0
2025-07-09 15:40:00+00:00,22741.55,22750.85,22739.65,22749.45,459,150,0
2025-07-09 15:45:00+00:00,22749.65,22761.35,22749.05,22759.95,549,150,0
2025-07-09 15:50:00+00:00,22760.05,22760.05,22746.15,22746.35,818,150,0
2025-07-09 15:55:00+00:00,22746.65,22748.05,22734.65,22741.55,636,160,0
2025-07-09 16:00:00+00:00,22741.45,22752.25,22737.05,22752.05,634,150,0
2025-07-09 16:05:00+00:00,22752.05,22759.35,22747.55,22759.05,576,150,0
2025-07-09 16:10:00+00:00,22759.05,22767.35,22758.65,22766.05,655,150,0
2025-07-09 16:15:00+00:00,22765.55,22767.05,22760.85,22764.85,448,150,0
2025-07-09 16:20:00+00:00,22765.05,22770.05,22763.85,22768.55,498,150,0
2025-07-09 16:25:00+00:00,22768.55,22783.75,22765.35,22783.75,750,150,0
2025-07-09 16:30:00+00:00,22783.95,22834.95,22783.95,22829.45,1521,80,0
2025-07-09 16:35:00+00:00,22830.55,22856.75,22830.55,22854.85,1398,90,0
2025-07-09 16:40:00+00:00,22854.65,22870.95,22845.65,22860.75,1317,80,0
2025-07-09 16:45:00+00:00,22860.75,22893.65,22860.75,22891.65,1317,80,0
2025-07-09 16:50:00+00:00,22891.65,22903.25,22883.15,22894.65,1263,80,0
2025-07-09 16:55:00+00:00,22894.45,22900.15,22881.15,22892.95,1268,80,0
2025-07-09 17:00:00+00:00,22892.45,22916.85,22892.45,22895.85,1328,80,0
2025-07-09 17:05:00+00:00,22895.65,22909.55,22884.45,22897.45,1320,80,0
2025-07-09 17:10:00+00:00,22897.15,22909.45,22889.15,22897.65,1286,80,0
2025-07-09 17:15:00+00:00,22897.55,22901.95,22882.95,22883.65,1193,80,0
2025-07-09 17:20:00+00:00,22883.65,22891.95,22875.65,22878.05,1156,80,0
2025-07-09 17:25:00+00:00,22877.75,22885.65,22843.25,22854.95,1280,80,0
2025-07-09 17:30:00+00:00,22854.95,22854.95,22795.35,22805.55,1529,90,0
2025-07-09 17:35:00+00:00,22805.25,22812.35,22769.75,22811.55,1478,110,0
2025-07-09 17:40:00+00:00,22811.35,22813.05,22781.15,22784.85,1448,90,0
2025-07-09 17:45:00+00:00,22784.45,22805.35,22761.35,22771.65,1430,90,0
2025-07-09 17:50:00+00:00,22771.75,22771.95,22748.55,22756.85,1461,90,0
2025-07-09 17:55:00+00:00,22758.35,22762.65,22734.65,22753.85,1440,90,0
2025-07-09 18:00:00+00:00,22751.15,22769.85,22741.25,22760.65,1427,90,0
2025-07-09 18:05:00+00:00,22759.85,22763.85,22735.85,22751.15,1328,80,0
2025-07-09 18:10:00+00:00,22749.75,22759.45,22741.45,22746.95,1321,80,0
2025-07-09 18:15:00+00:00,22747.75,22756.35,22726.45,22756.35,1321,80,0
2025-07-09 18:20:00+00:00,22756.35,22778.15,22756.35,22777.65,1192,80,0
2025-07-09 18:25:00+00:00,22777.05,22794.55,22777.05,22786.15,1040,80,0
2025-07-09 18:30:00+00:00,22786.45,22791.15,22774.65,22781.55,1072,80,0
2025-07-09 18:35:00+00:00,22781.95,22788.15,22746.15,22778.25,1180,80,0
2025-07-09 18:40:00+00:00,22778.15,22790.15,22776.15,22788.45,1174,80,0
2025-07-09 18:45:00+00:00,22788.75,22794.15,22783.15,22784.65,976,80,0
2025-07-09 18:50:00+00:00,22783.95,22785.95,22750.05,22753.65,1182,80,0
2025-07-09 18:55:00+00:00,22753.15,22767.45,22749.45,22754.65,1071,80,0
2025-07-09 19:00:00+00:00,22753.65,22777.95,22752.45,22770.15,1060,80,0
2025-07-09 19:05:00+00:00,22770.15,22774.15,22755.65,22763.65,1059,80,0
2025-07-09 19:10:00+00:00,22763.15,22769.25,22745.75,22760.45,1163,80,0
2025-07-09 19:15:00+00:00,22759.55,22782.25,22758.75,22778.65,1050,80,0
2025-07-09 19:20:00+00:00,22778.65,22780.95,22763.05,22771.25,1093,80,0
2025-07-09 19:25:00+00:00,22771.25,22783.95,22766.15,22778.65,984,80,0
2025-07-09 19:30:00+00:00,22779.45,22792.45,22778.95,22786.95,901,80,0
2025-07-09 19:35:00+00:00,22786.65,22795.15,22781.65,22781.65,873,80,0
2025-07-09 19:40:00+00:00,22781.45,22797.95,22779.15,22794.95,907,80,0
2025-07-09 19:45:00+00:00,22794.45,22807.05,22793.05,22804.45,863,80,0
2025-07-09 19:50:00+00:00,22804.65,22814.95,22801.65,22810.95,823,80,0
2025-07-09 19:55:00+00:00,22810.95,22811.95,22788.95,22788.95,804,80,0
2025-07-09 20:00:00+00:00,22788.95,22793.15,22772.05,22782.05,1162,80,0
2025-07-09 20:05:00+00:00,22782.45,22801.45,22780.15,22796.25,940,80,0
2025-07-09 20:10:00+00:00,22796.05,22801.25,22780.05,22780.65,983,80,0
2025-07-09 20:15:00+00:00,22780.65,22800.45,22775.65,22795.55,914,80,0
2025-07-09 20:20:00+00:00,22794.65,22794.95,22780.75,22790.45,948,80,0
2025-07-09 20:25:00+00:00,22790.65,22799.95,22779.15,22787.55,945,80,0
2025-07-09 20:30:00+00:00,22787.55,22795.75,22782.05,22793.95,1049,80,0
2025-07-09 20:35:00+00:00,22794.15,22806.65,22794.15,22802.45,848,80,0
2025-07-09 20:40:00+00:00,22803.15,22805.45,22786.45,22787.95,756,80,0
2025-07-09 20:45:00+00:00,22787.95,22792.65,22773.45,22787.65,1124,80,0
2025-07-09 20:50:00+00:00,22787.65,22803.95,22771.95,22779.05,1192,80,0
2025-07-09 20:55:00+00:00,22778.55,22793.75,22767.55,22789.95,1244,80,0
2025-07-09 21:00:00+00:00,22788.95,22801.65,22788.15,22800.95,1097,80,0
2025-07-09 21:05:00+00:00,22801.15,22824.95,22800.65,22815.75,1083,80,0
2025-07-09 21:10:00+00:00,22815.65,22832.25,22812.65,22822.15,1032,80,0
2025-07-09 21:15:00+00:00,22822.95,22824.65,22807.65,22816.95,974,80,0
2025-07-09 21:20:00+00:00,22816.65,22828.95,22808.15,22825.05,928,80,0
2025-07-09 21:25:00+00:00,22824.65,22829.55,22816.55,22819.45,851,80,0
2025-07-09 21:30:00+00:00,22819.45,22823.65,22815.05,22818.65,779,80,0
2025-07-09 21:35:00+00:00,22818.45,22831.15,22817.05,22825.65,758,80,0
2025-07-09 21:40:00+00:00,22826.15,22827.95,22816.15,22820.65,760,80,0
2025-07-09 21:45:00+00:00,22820.45,22822.45,22815.15,22821.65,728,80,0
2025-07-09 21:50:00+00:00,22821.65,22835.05,22818.95,22832.95,885,80,0
2025-07-09 21:55:00+00:00,22832.95,22845.95,22831.95,22838.65,968,80,0
2025-07-09 22:00:00+00:00,22838.25,22847.15,22836.05,22845.65,872,80,0
2025-07-09 22:05:00+00:00,22845.95,22846.15,22835.55,22837.05,796,80,0
2025-07-09 22:10:00+00:00,22836.95,22840.65,22830.15,22837.15,750,80,0
2025-07-09 22:15:00+00:00,22837.05,22848.45,22835.15,22848.15,804,80,0
2025-07-09 22:20:00+00:00,22848.25,22856.55,22845.25,22847.25,944,80,0
2025-07-09 22:25:00+00:00,22847.15,22852.95,22842.15,22842.95,776,80,0
2025-07-09 22:30:00+00:00,22842.15,22845.15,22837.65,22844.95,834,80,0
2025-07-09 22:35:00+00:00,22845.15,22851.05,22838.95,22849.55,781,80,0
2025-07-09 22:40:00+00:00,22849.75,22851.65,22841.45,22848.55,822,80,0
2025-07-09 22:45:00+00:00,22848.65,22852.05,22844.45,22851.15,745,80,0
2025-07-09 22:50:00+00:00,22856.45,22856.45,22835.45,22848.75,1048,80,0
2025-07-09 22:55:00+00:00,22848.75,22863.45,22847.65,22858.45,1210,80,0
2025-07-09 23:00:00+00:00,22857.56,22865.66,22846.56,22846.86,751,98,0
2025-07-09 23:05:00+00:00,22847.06,22860.46,22845.96,22854.76,443,168,0
2025-07-09 23:10:00+00:00,22854.86,22865.46,22852.96,22863.96,484,168,0
2025-07-09 23:15:00+00:00,22863.76,22864.96,22844.96,22846.96,484,168,0
2025-07-09 23:20:00+00:00,22846.66,22848.16,22837.26,22838.96,415,168,0
2025-07-09 23:25:00+00:00,22838.86,22845.86,22837.56,22843.96,311,168,0
2025-07-09 23:30:00+00:00,22843.76,22848.76,22840.86,22847.76,295,168,0
2025-07-09 23:35:00+00:00,22847.46,22849.26,22845.36,22848.26,166,168,0
2025-07-09 23:40:00+00:00,22848.36,22850.46,22844.96,22845.26,203,168,0
2025-07-09 23:45:00+00:00,22845.26,22848.46,22842.76,22848.46,248,168,0
2025-07-10 01:05:00+00:00,22853.36,22862.56,22851.36,22859.56,207,168,0
2025-07-10 01:10:00+00:00,22859.76,22867.56,22857.46,22864.66,208,168,0
2025-07-10 01:15:00+00:00,22864.56,22870.76,22864.26,22869.76,163,168,0
2025-07-10 01:20:00+00:00,22869.66,22871.96,22867.26,22871.26,175,168,0
2025-07-10 01:25:00+00:00,22871.46,22872.76,22862.56,22862.76,240,168,0
2025-07-10 01:30:00+00:00,22862.66,22867.66,22862.16,22866.96,224,168,0
2025-07-10 01:35:00+00:00,22866.66,22871.16,22864.96,22866.16,245,168,0
2025-07-10 01:40:00+00:00,22866.06,22867.46,22864.16,22865.56,127,168,0
2025-07-10 01:45:00+00:00,22865.66,22866.76,22861.46,22863.26,154,168,0
2025-07-10 01:50:00+00:00,22863.16,22866.26,22863.16,22865.96,122,168,0
2025-07-10 01:55:00+00:00,22866.06,22867.56,22865.06,22865.76,87,168,0
2025-07-10 02:00:00+00:00,22865.85,22867.15,22864.75,22865.65,93,150,0
2025-07-10 02:05:00+00:00,22865.55,22865.65,22860.55,22861.25,134,150,0
2025-07-10 02:10:00+00:00,22861.75,22861.85,22854.65,22854.65,187,150,0
2025-07-10 02:15:00+00:00,22854.85,22856.65,22851.15,22856.05,241,150,0
2025-07-10 02:20:00+00:00,22855.75,22859.75,22855.65,22858.05,178,150,0
2025-07-10 02:25:00+00:00,22858.05,22858.05,22854.15,22854.55,166,150,0
2025-07-10 02:30:00+00:00,22854.35,22855.55,22844.75,22848.75,286,150,0
2025-07-10 02:35:00+00:00,22848.85,22849.55,22840.75,22846.25,320,150,0
2025-07-10 02:40:00+00:00,22846.35,22848.35,22841.25,22845.05,261,150,0
2025-07-10 02:45:00+00:00,22845.25,22847.25,22839.35,22842.35,261,150,0
2025-07-10 02:50:00+00:00,22842.65,22843.65,22839.55,22842.35,264,150,0
2025-07-10 02:55:00+00:00,22842.25,22845.75,22841.65,22843.05,233,150,0
2025-07-10 03:00:00+00:00,22843.25,22843.25,22829.05,22832.95,624,150,0
2025-07-10 03:05:00+00:00,22832.85,22834.05,22825.75,22832.05,540,150,0
2025-07-10 03:10:00+00:00,22831.85,22832.05,22824.15,22826.85,392,150,0
2025-07-10 03:15:00+00:00,22827.05,22829.85,22823.75,22829.05,339,150,0
2025-07-10 03:20:00+00:00,22829.05,22831.05,22822.55,22825.25,369,150,0
2025-07-10 03:25:00+00:00,22825.05,22828.05,22819.35,22821.25,329,150,0
2025-07-10 03:30:00+00:00,22821.25,22830.35,22819.55,22826.05,472,150,0
2025-07-10 03:35:00+00:00,22825.65,22827.65,22816.85,22821.25,385,150,0
2025-07-10 03:40:00+00:00,22821.45,22821.95,22813.25,22816.35,398,150,0
2025-07-10 03:45:00+00:00,22816.35,22824.85,22816.25,22820.75,309,150,0
2025-07-10 03:50:00+00:00,22820.05,22824.65,22815.75,22816.55,343,150,0
2025-07-10 03:55:00+00:00,22816.25,22817.75,22812.55,22813.55,343,150,0
2025-07-10 04:00:00+00:00,22814.15,22818.15,22812.25,22815.65,441,150,0
2025-07-10 04:05:00+00:00,22815.75,22819.25,22812.75,22814.15,325,150,0
2025-07-10 04:10:00+00:00,22814.25,22818.85,22809.85,22812.05,412,150,0
2025-07-10 04:15:00+00:00,22811.95,22815.15,22806.25,22808.75,453,150,0
2025-07-10 04:20:00+00:00,22808.95,22813.45,22805.95,22809.75,333,150,0
2025-07-10 04:25:00+00:00,22810.05,22814.25,22809.15,22811.05,308,150,0
2025-07-10 04:30:00+00:00,22810.85,22816.75,22807.55,22816.75,376,150,0
2025-07-10 04:35:00+00:00,22816.65,22820.55,22813.05,22814.35,410,150,0
2025-07-10 04:40:00+00:00,22814.35,22815.75,22812.85,22813.65,261,150,0
2025-07-10 04:45:00+00:00,22813.85,22813.85,22808.25,22811.15,366,150,0
2025-07-10 04:50:00+00:00,22811.15,22818.15,22805.05,22806.65,368,150,0
2025-07-10 04:55:00+00:00,22806.35,22807.25,22796.55,22798.75,508,150,0
2025-07-10 05:00:00+00:00,22798.55,22813.15,22798.55,22812.05,434,150,0
2025-07-10 05:05:00+00:00,22811.75,22816.15,22810.15,22814.35,294,150,0
2025-07-10 05:10:00+00:00,22814.25,22821.65,22812.85,22821.65,259,150,0
2025-07-10 05:15:00+00:00,22821.55,22822.05,22812.65,22816.35,281,150,0
2025-07-10 05:20:00+00:00,22816.25,22827.75,22816.25,22824.55,329,150,0
2025-07-10 05:25:00+00:00,22824.85,22826.35,22822.65,22823.25,256,150,0
2025-07-10 05:30:00+00:00,22823.25,22827.55,22823.25,22825.05,291,150,0
2025-07-10 05:35:00+00:00,22825.05,22827.85,22824.25,22826.65,209,150,0
2025-07-10 05:40:00+00:00,22826.85,22829.55,22825.05,22826.05,261,150,0
2025-07-10 05:45:00+00:00,22826.15,22827.15,22823.85,22827.15,164,150,0
2025-07-10 05:50:00+00:00,22827.05,22827.55,22824.35,22825.35,169,150,0
2025-07-10 05:55:00+00:00,22825.35,22827.05,22824.05,22827.05,144,150,0
2025-07-10 06:00:00+00:00,22824.85,22826.05,22820.35,22820.35,271,150,0
2025-07-10 06:05:00+00:00,22820.55,22820.85,22807.55,22808.15,388,150,0
2025-07-10 06:10:00+00:00,22807.75,22809.65,22803.85,22806.75,368,150,0
2025-07-10 06:15:00+00:00,22807.55,22812.75,22807.55,22810.15,249,150,0
2025-07-10 06:20:00+00:00,22810.05,22813.25,22809.15,22809.15,240,150,0
2025-07-10 06:25:00+00:00,22809.25,22811.25,22807.35,22808.65,239,150,0
2025-07-10 06:30:00+00:00,22808.75,22811.35,22801.85,22802.65,269,150,0
2025-07-10 06:35:00+00:00,22802.85,22807.15,22801.75,22804.25,277,150,0
2025-07-10 06:40:00+00:00,22804.55,22805.35,22802.05,22802.85,183,150,0
2025-07-10 06:45:00+00:00,22803.05,22807.55,22802.15,22806.05,190,150,0
2025-07-10 06:50:00+00:00,22805.85,22806.65,22802.25,22805.05,187,150,0
2025-07-10 06:55:00+00:00,22804.35,22807.05,22804.25,22805.35,172,150,0
2025-07-10 07:00:00+00:00,22805.25,22805.55,22803.15,22804.05,193,150,0
2025-07-10 07:05:00+00:00,22804.15,22804.75,22797.65,22801.25,321,150,0
2025-07-10 07:10:00+00:00,22801.35,22802.75,22798.55,22799.85,227,150,0
2025-07-10 07:15:00+00:00,22800.05,22802.25,22798.35,22799.55,190,150,0
2025-07-10 07:20:00+00:00,22799.65,22801.05,22796.65,22796.75,202,150,0
2025-07-10 07:25:00+00:00,22796.65,22801.75,22795.75,22799.75,256,150,0
2025-07-10 07:30:00+00:00,22799.85,22805.55,22798.65,22804.75,256,150,0
2025-07-10 07:35:00+00:00,22804.85,22805.75,22799.85,22802.25,216,150,0
2025-07-10 07:40:00+00:00,22802.25,22803.85,22797.55,22803.55,211,150,0
2025-07-10 07:45:00+00:00,22803.55,22803.55,22798.35,22798.35,118,150,0
2025-07-10 07:50:00+00:00,22798.55,22802.25,22798.15,22802.15,152,150,0
2025-07-10 07:55:00+00:00,22802.35,22803.65,22799.15,22803.35,141,150,0
2025-07-10 08:00:00+00:00,22803.55,22809.65,22802.75,22806.85,253,150,0
2025-07-10 08:05:00+00:00,22806.35,22806.35,22804.25,22806.05,225,150,0
2025-07-10 08:10:00+00:00,22806.55,22810.05,22804.25,22808.25,243,150,0
2025-07-10 08:15:00+00:00,22808.25,22809.75,22802.85,22804.05,220,150,0
2025-07-10 08:20:00+00:00,22804.05,22807.85,22804.05,22806.05,181,150,0
2025-07-10 08:25:00+00:00,22806.15,22806.15,22801.15,22803.15,250,150,0
2025-07-10 08:30:00+00:00,22803.55,22804.75,22786.95,22793.25,486,150,0
2025-07-10 08:35:00+00:00,22793.45,22795.35,22791.05,22792.65,234,150,0
2025-07-10 08:40:00+00:00,22792.75,22795.05,22791.55,22794.25,237,150,0
2025-07-10 08:45:00+00:00,22794.35,22796.85,22790.75,22795.05,208,150,0
2025-07-10 08:50:00+00:00,22795.05,22799.25,22792.05,22796.35,222,150,0
2025-07-10 08:55:00+00:00,22796.15,22800.65,22795.15,22800.65,235,150,0
2025-07-10 09:00:00+00:00,22800.05,22803.75,22796.65,22797.35,392,150,0
2025-07-10 09:05:00+00:00,22797.55,22797.75,22791.85,22793.25,334,150,0
2025-07-10 09:10:00+00:00,22793.25,22795.75,22792.65,22794.75,280,150,0
2025-07-10 09:15:00+00:00,22794.75,22796.35,22790.65,22791.35,285,150,0
2025-07-10 09:20:00+00:00,22791.25,22792.85,22789.15,22792.05,332,150,0
2025-07-10 09:25:00+00:00,22791.85,22797.55,22791.75,22793.25,383,150,0
2025-07-10 09:30:00+00:00,22794.55,22802.65,22793.55,22798.15,433,150,0
2025-07-10 09:35:00+00:00,22797.75,22801.55,22796.05,22801.05,220,150,0
2025-07-10 09:40:00+00:00,22801.25,22803.15,22797.05,22797.35,234,150,0
2025-07-10 09:45:00+00:00,22797.75,22798.65,22793.65,22794.75,257,150,0
2025-07-10 09:50:00+00:00,22795.05,22800.65,22794.65,22797.85,255,150,0
2025-07-10 09:55:00+00:00,22797.85,22804.75,22797.25,22800.75,324,150,0
2025-07-10 10:00:00+00:00,22800.55,22804.35,22794.25,22800.45,699,150,0
2025-07-10 10:05:00+00:00,22800.05,22804.45,22791.75,22797.25,657,160,0
2025-07-10 10:10:00+00:00,22797.25,22803.25,22795.25,22797.95,518,160,0
2025-07-10 10:15:00+00:00,22797.75,22806.95,22791.85,22806.75,596,160,0
2025-07-10 10:20:00+00:00,22806.85,22818.25,22805.25,22816.05,595,160,0
2025-07-10 10:25:00+00:00,22816.25,22819.05,22812.15,22814.75,433,150,0
2025-07-10 10:30:00+00:00,22814.75,22815.85,22812.35,22814.35,440,150,0
2025-07-10 10:35:00+00:00,22814.25,22818.85,22811.85,22818.05,447,150,0
2025-07-10 10:40:00+00:00,22818.05,22825.55,22818.05,22822.65,468,150,0
2025-07-10 10:45:00+00:00,22822.35,22829.65,22821.55,22828.75,404,150,0
2025-07-10 10:50:00+00:00,22828.65,22829.35,22818.65,22824.75,426,150,0
2025-07-10 10:55:00+00:00,22825.15,22830.05,22822.65,22828.15,414,150,0
2025-07-10 11:00:00+00:00,22828.05,22834.65,22824.65,22834.05,588,150,0
2025-07-10 11:05:00+00:00,22833.85,22835.85,22825.65,22828.85,466,150,0
2025-07-10 11:10:00+00:00,22828.75,22831.65,22826.65,22828.65,373,150,0
2025-07-10 11:15:00+00:00,22828.35,22837.15,22827.85,22832.85,351,150,0
2025-07-10 11:20:00+00:00,22833.05,22848.55,22833.05,22847.25,409,150,0
2025-07-10 11:25:00+00:00,22846.95,22848.45,22841.05,22845.05,429,150,0
2025-07-10 11:30:00+00:00,22845.25,22847.15,22841.15,22845.55,356,150,0
2025-07-10 11:35:00+00:00,22845.65,22850.55,22845.15,22848.55,340,150,0
2025-07-10 11:40:00+00:00,22848.55,22853.15,22847.65,22850.65,322,150,0
2025-07-10 11:45:00+00:00,22850.75,22850.75,22843.55,22843.75,329,150,0
2025-07-10 11:50:00+00:00,22843.65,22852.15,22843.65,22851.65,263,150,0
2025-07-10 11:55:00+00:00,22851.55,22854.75,22850.35,22854.05,270,150,0
2025-07-10 12:00:00+00:00,22854.15,22858.35,22851.35,22851.65,334,150,0
2025-07-10 12:05:00+00:00,22852.25,22857.35,22849.05,22849.25,323,150,0
2025-07-10 12:10:00+00:00,22849.35,22853.85,22849.05,22850.35,255,150,0
2025-07-10 12:15:00+00:00,22850.35,22851.85,22841.55,22842.35,362,150,0
2025-07-10 12:20:00+00:00,22842.55,22842.65,22826.65,22827.85,407,150,0
2025-07-10 12:25:00+00:00,22827.75,22832.75,22825.15,22830.15,382,150,0
2025-07-10 12:30:00+00:00,22830.55,22830.55,22820.55,22828.55,473,150,0
2025-07-10 12:35:00+00:00,22828.45,22830.65,22821.15,22823.35,361,150,0
2025-07-10 12:40:00+00:00,22823.05,22825.75,22822.25,22823.35,255,150,0
2025-07-10 12:45:00+00:00,22823.55,22829.35,22823.25,22826.65,358,150,0
2025-07-10 12:50:00+00:00,22826.85,22834.15,22825.75,22832.35,325,150,0
2025-07-10 12:55:00+00:00,22832.25,22842.75,22829.75,22833.25,382,150,0
2025-07-10 13:00:00+00:00,22833.25,22839.15,22829.85,22839.15,387,150,0
2025-07-10 13:05:00+00:00,22838.25,22847.15,22838.25,22844.75,390,150,0
2025-07-10 13:10:00+00:00,22844.55,22845.65,22841.35,22842.55,230,150,0
2025-07-10 13:15:00+00:00,22842.25,22843.65,22837.85,22839.35,321,150,0
2025-07-10 13:20:00+00:00,22839.25,22843.25,22837.05,22841.25,233,150,0
2025-07-10 13:25:00+00:00,22841.55,22842.75,22838.15,22840.85,246,150,0
2025-07-10 13:30:00+00:00,22840.75,22849.75,22840.75,22848.05,409,150,0
2025-07-10 13:35:00+00:00,22847.85,22852.85,22847.25,22848.65,323,150,0
2025-07-10 13:40:00+00:00,22848.75,22851.85,22847.85,22851.85,302,150,0
2025-07-10 13:45:00+00:00,22852.05,22854.15,22848.55,22849.05,299,150,0
2025-07-10 13:50:00+00:00,22848.75,22860.75,22847.75,22854.85,399,150,0
2025-07-10 13:55:00+00:00,22854.85,22856.05,22850.65,22852.35,297,150,0
2025-07-10 14:00:00+00:00,22850.75,22859.35,22847.15,22858.75,444,150,0
2025-07-10 14:05:00+00:00,22858.85,22865.85,22855.05,22856.35,512,150,0
2025-07-10 14:10:00+00:00,22856.25,22864.25,22854.55,22861.85,394,150,0
2025-07-10 14:15:00+00:00,22862.65,22864.05,22858.15,22859.65,365,150,0
2025-07-10 14:20:00+00:00,22859.75,22864.35,22858.65,22863.05,351,150,0
2025-07-10 14:25:00+00:00,22863.55,22868.25,22861.85,22864.15,457,150,0
2025-07-10 14:30:00+00:00,22864.85,22871.15,22861.75,22869.25,410,150,0
2025-07-10 14:35:00+00:00,22869.35,22873.35,22865.35,22872.85,463,150,0
2025-07-10 14:40:00+00:00,22872.65,22880.85,22872.65,22880.85,383,150,0
2025-07-10 14:45:00+00:00,22880.55,22883.35,22874.15,22881.75,494,150,0
2025-07-10 14:50:00+00:00,22881.55,22885.15,22878.65,22879.75,453,150,0
2025-07-10 14:55:00+00:00,22879.65,22882.85,22876.85,22879.55,480,150,0
2025-07-10 15:00:00+00:00,22878.15,22880.55,22864.95,22869.85,707,150,0
2025-07-10 15:05:00+00:00,22869.25,22872.85,22865.75,22867.55,454,150,0
2025-07-10 15:10:00+00:00,22867.65,22874.25,22866.25,22873.05,463,150,0
2025-07-10 15:15:00+00:00,22873.55,22873.85,22864.85,22869.55,503,150,0
2025-07-10 15:20:00+00:00,22869.65,22871.15,22858.85,22859.15,517,150,0
2025-07-10 15:25:00+00:00,22858.85,22864.75,22854.55,22862.55,629,150,0
2025-07-10 15:30:00+00:00,22864.25,22874.95,22855.35,22861.05,862,150,0
2025-07-10 15:35:00+00:00,22862.65,22864.25,22845.65,22851.75,748,170,0
2025-07-10 15:40:00+00:00,22851.95,22858.05,22848.75,22851.15,633,150,0
2025-07-10 15:45:00+00:00,22851.15,22855.15,22843.55,22849.45,596,150,0
2025-07-10 15:50:00+00:00,22849.35,22855.05,22844.95,22852.35,610,160,0
2025-07-10 15:55:00+00:00,22852.35,22859.05,22844.55,22857.25,618,160,0
2025-07-10 16:00:00+00:00,22857.25,22868.55,22855.85,22859.55,773,150,0
2025-07-10 16:05:00+00:00,22859.35,22869.55,22857.25,22866.95,717,160,0
2025-07-10 16:10:00+00:00,22866.85,22866.85,22849.25,22854.75,735,160,0
2025-07-10 16:15:00+00:00,22854.95,22868.45,22854.95,22868.35,665,160,0
2025-07-10 16:20:00+00:00,22868.45,22878.15,22867.85,22876.05,654,150,0
2025-07-10 16:25:00+00:00,22876.05,22886.35,22871.85,22882.15,849,150,0
2025-07-10 16:30:00+00:00,22880.25,22898.25,22830.75,22838.45,1557,80,0
2025-07-10 16:35:00+00:00,22839.95,22850.35,22834.35,22844.55,1508,90,0
2025-07-10 16:40:00+00:00,22844.15,22847.65,22832.95,22838.45,1388,80,0
2025-07-10 16:45:00+00:00,22838.35,22841.95,22797.95,22802.15,1395,80,0
2025-07-10 16:50:00+00:00,22802.15,22818.95,22776.95,22786.65,1458,90,0
2025-07-10 16:55:00+00:00,22784.95,22793.05,22748.45,22768.85,1427,90,0
2025-07-10 17:00:00+00:00,22769.85,22769.85,22726.15,22729.85,1470,90,0
2025-07-10 17:05:00+00:00,22729.75,22739.55,22710.55,22738.95,1499,100,0
2025-07-10 17:10:00+00:00,22738.05,22758.15,22737.55,22750.15,1444,90,0
2025-07-10 17:15:00+00:00,22750.35,22775.95,22748.45,22773.25,1352,80,0
2025-07-10 17:20:00+00:00,22772.65,22775.95,22739.65,22743.85,1415,80,0
2025-07-10 17:25:00+00:00,22744.65,22747.05,22718.95,22746.25,1471,90,0
2025-07-10 17:30:00+00:00,22746.65,22759.35,22744.15,22750.45,1343,90,0
2025-07-10 17:35:00+00:00,22750.65,22775.25,22746.65,22771.65,1251,80,0
2025-07-10 17:40:00+00:00,22771.45,22787.75,22766.25,22779.95,1231,80,0
2025-07-10 17:45:00+00:00,22780.25,22789.35,22764.95,22781.45,1268,80,0
2025-07-10 17:50:00+00:00,22780.75,22795.25,22779.65,22785.45,1116,80,0
2025-07-10 17:55:00+00:00,22785.85,22787.95,22763.75,22771.75,1207,80,0
2025-07-10 18:00:00+00:00,22771.15,22785.45,22767.75,22777.75,1220,80,0
2025-07-10 18:05:00+00:00,22777.35,22783.75,22772.25,22774.85,1152,80,0
2025-07-10 18:10:00+00:00,22774.35,22775.75,22749.15,22761.85,1225,80,0
2025-07-10 18:15:00+00:00,22762.45,22781.75,22761.95,22771.75,1117,80,0
2025-07-10 18:20:00+00:00,22772.25,22788.75,22760.25,22788.45,1055,80,0
2025-07-10 18:25:00+00:00,22788.45,22809.95,22786.25,22806.25,1033,80,0
2025-07-10 18:30:00+00:00,22806.15,22816.85,22798.95,22799.45,1066,80,0
2025-07-10 18:35:00+00:00,22799.45,22817.25,22798.85,22816.45,1059,80,0
2025-07-10 18:40:00+00:00,22816.45,22823.95,22810.85,22823.35,921,80,0
2025-07-10 18:45:00+00:00,22823.95,22826.95,22814.95,22825.45,892,80,0
2025-07-10 18:50:00+00:00,22825.75,22834.05,22822.75,22827.35,927,80,0
2025-07-10 18:55:00+00:00,22827.65,22837.75,22825.85,22837.15,874,80,0
2025-07-10 19:00:00+00:00,22836.75,22837.25,22816.85,22823.15,915,80,0
2025-07-10 19:05:00+00:00,22823.65,22824.35,22802.65,22803.35,857,80,0
2025-07-10 19:10:00+00:00,22803.35,22806.35,22776.05,22785.15,1091,80,0
2025-07-10 19:15:00+00:00,22785.15,22797.65,22777.65,22794.85,1107,80,0
2025-07-10 19:20:00+00:00,22794.85,22812.85,22791.25,22812.85,925,80,0
2025-07-10 19:25:00+00:00,22812.65,22822.85,22811.35,22820.65,889,80,0
2025-07-10 19:30:00+00:00,22820.65,22825.15,22806.65,22811.35,870,80,0
2025-07-10 19:35:00+00:00,22811.65,22811.75,22795.65,22811.25,963,80,0
2025-07-10 19:40:00+00:00,22810.65,22824.35,22810.05,22821.35,793,80,0
2025-07-10 19:45:00+00:00,22821.65,22821.85,22802.15,22802.85,816,80,0
2025-07-10 19:50:00+00:00,22802.85,22816.55,22802.15,22813.05,806,80,0
2025-07-10 19:55:00+00:00,22812.65,22815.45,22803.95,22804.95,793,80,0
2025-07-10 20:00:00+00:00,22805.15,22819.85,22803.95,22814.95,952,80,0
2025-07-10 20:05:00+00:00,22814.65,22819.95,22806.95,22813.45,915,80,0
2025-07-10 20:10:00+00:00,22813.35,22822.95,22808.15,22809.65,809,80,0
2025-07-10 20:15:00+00:00,22809.95,22817.05,22801.45,22817.05,819,80,0
2025-07-10 20:20:00+00:00,22817.15,22824.45,22811.45,22821.65,804,80,0
2025-07-10 20:25:00+00:00,22821.65,22829.05,22818.45,22824.65,840,80,0
2025-07-10 20:30:00+00:00,22824.45,22840.65,22824.45,22838.45,824,80,0
2025-07-10 20:35:00+00:00,22838.65,22839.95,22827.65,22837.95,766,80,0
2025-07-10 20:40:00+00:00,22837.95,22844.65,22835.65,22839.05,715,80,0
2025-07-10 20:45:00+00:00,22839.65,22841.65,22830.45,22839.15,712,80,0
2025-07-10 20:50:00+00:00,22839.15,22850.55,22839.05,22848.95,778,80,0
2025-07-10 20:55:00+00:00,22849.05,22853.85,22846.55,22849.55,730,80,0
2025-07-10 21:00:00+00:00,22849.65,22852.95,22841.65,22849.05,770,80,0
2025-07-10 21:05:00+00:00,22849.45,22858.15,22848.65,22852.15,729,80,0
2025-07-10 21:10:00+00:00,22852.45,22855.65,22847.95,22849.45,684,80,0
2025-07-10 21:15:00+00:00,22849.45,22860.45,22846.95,22855.95,713,80,0
2025-07-10 21:20:00+00:00,22855.95,22862.65,22849.55,22851.95,823,80,0
2025-07-10 21:25:00+00:00,22851.95,22853.95,22845.15,22846.35,732,80,0
2025-07-10 21:30:00+00:00,22846.65,22853.15,22844.95,22847.95,841,80,0
2025-07-10 21:35:00+00:00,22847.95,22852.45,22843.15,22845.45,726,80,0
2025-07-10 21:40:00+00:00,22845.55,22851.45,22838.85,22839.35,656,80,0
2025-07-10 21:45:00+00:00,22838.85,22849.65,22836.65,22847.65,650,80,0
2025-07-10 21:50:00+00:00,22847.65,22848.35,22839.15,22846.35,713,80,0
2025-07-10 21:55:00+00:00,22846.65,22854.85,22844.15,22849.65,722,80,0
2025-07-10 22:00:00+00:00,22848.85,22856.35,22845.85,22849.85,785,80,0
2025-07-10 22:05:00+00:00,22849.75,22853.35,22844.35,22852.65,661,80,0
2025-07-10 22:10:00+00:00,22852.65,22855.35,22845.35,22846.65,713,80,0
2025-07-10 22:15:00+00:00,22846.65,22851.35,22843.35,22846.35,698,80,0
2025-07-10 22:20:00+00:00,22846.15,22850.05,22843.65,22845.35,633,80,0
2025-07-10 22:25:00+00:00,22844.85,22849.55,22838.15,22841.35,736,80,0
2025-07-10 22:30:00+00:00,22841.35,22847.25,22834.85,22846.65,790,80,0
2025-07-10 22:35:00+00:00,22846.35,22850.35,22845.15,22848.85,632,80,0
2025-07-10 22:40:00+00:00,22848.85,22854.65,22845.15,22845.85,708,80,0
2025-07-10 22:45:00+00:00,22844.85,22846.85,22833.35,22836.85,903,80,0
2025-07-10 22:50:00+00:00,22827.25,22836.85,22803.35,22820.25,1305,80,0
2025-07-10 22:55:00+00:00,22820.55,22832.55,22820.25,22828.55,1128,80,0
2025-07-10 23:00:00+00:00,22827.55,22828.36,22819.06,22820.76,793,80,0
2025-07-10 23:05:00+00:00,22820.76,22828.06,22818.36,22821.96,395,168,0
2025-07-10 23:10:00+00:00,22821.96,22822.16,22809.66,22815.16,569,168,0
2025-07-10 23:15:00+00:00,22815.26,22823.16,22815.06,22817.06,401,168,0
2025-07-10 23:20:00+00:00,22816.96,22819.96,22816.46,22819.46,216,168,0
2025-07-10 23:25:00+00:00,22818.96,22820.66,22815.46,22820.46,213,168,0
2025-07-10 23:30:00+00:00,22820.36,22828.46,22819.46,22828.46,241,168,0
2025-07-10 23:35:00+00:00,22828.36,22834.66,22828.16,22834.66,206,168,0
2025-07-10 23:40:00+00:00,22834.66,22836.36,22830.16,22831.46,243,168,0
2025-07-10 23:45:00+00:00,22830.96,22832.16,22824.86,22828.86,266,168,0
2025-07-11 01:05:00+00:00,22837.56,22840.36,22834.56,22838.96,359,168,0
2025-07-11 01:10:00+00:00,22839.86,22846.96,22838.66,22843.46,318,168,0
2025-07-11 01:15:00+00:00,22843.36,22849.56,22843.06,22848.36,236,168,0
2025-07-11 01:20:00+00:00,22848.36,22849.96,22843.16,22845.46,282,168,0
2025-07-11 01:25:00+00:00,22845.46,22847.16,22843.96,22844.46,145,168,0
2025-07-11 01:30:00+00:00,22844.16,22844.46,22838.56,22841.16,204,168,0
2025-07-11 01:35:00+00:00,22841.06,22842.66,22837.16,22839.46,185,168,0
2025-07-11 01:40:00+00:00,22838.46,22847.46,22837.96,22845.76,156,168,0
2025-07-11 01:45:00+00:00,22845.96,22851.46,22844.76,22850.26,138,168,0
2025-07-11 01:50:00+00:00,22849.86,22856.46,22849.26,22855.26,161,168,0
2025-07-11 01:55:00+00:00,22855.26,22856.26,22851.46,22854.96,166,168,0
2025-07-11 02:00:00+00:00,22855.05,22862.75,22854.95,22860.45,234,150,0
2025-07-11 02:05:00+00:00,22860.05,22860.55,22856.85,22860.05,122,150,0
2025-07-11 02:10:00+00:00,22860.05,22861.55,22852.85,22856.85,184,150,0
2025-07-11 02:15:00+00:00,22856.55,22857.05,22851.35,22851.95,123,150,0
2025-07-11 02:20:00+00:00,22852.35,22853.55,22849.35,22851.35,151,150,0
2025-07-11 02:25:00+00:00,22851.45,22851.75,22849.25,22850.95,103,150,0
2025-07-11 02:30:00+00:00,22851.35,22859.55,22851.35,22853.25,203,150,0
2025-07-11 02:35:00+00:00,22853.05,22853.25,22847.55,22851.55,147,150,0
2025-07-11 02:40:00+00:00,22851.35,22852.95,22849.85,22850.35,97,150,0
2025-07-11 02:45:00+00:00,22850.35,22858.95,22849.55,22858.05,246,150,0
2025-07-11 02:50:00+00:00,22859.05,22865.55,22858.55,22864.45,252,150,0
2025-07-11 02:55:00+00:00,22864.55,22865.75,22860.95,22861.85,203,150,0
2025-07-11 03:00:00+00:00,22862.25,22862.85,22840.25,22845.75,840,150,0
2025-07-11 03:05:00+00:00,22845.75,22845.75,22820.15,22833.15,932,210,0
2025-07-11 03:10:00+00:00,22833.25,22834.45,22817.95,22819.65,755,180,0
2025-07-11 03:15:00+00:00,22819.85,22823.15,22774.05,22777.15,1105,180,0
2025-07-11 03:20:00+00:00,22777.65,22778.05,22721.65,22721.65,1254,210,0
2025-07-11 03:25:00+00:00,22721.45,22726.45,22648.55,22689.05,1395,210,0
2025-07-11 03:30:00+00:00,22689.25,22714.55,22652.95,22699.75,1379,210,0
2025-07-11 03:35:00+00:00,22700.05,22719.65,22696.45,22698.25,1069,210,0
2025-07-11 03:40:00+00:00,22698.45,22705.05,22678.15,22678.95,1062,210,0
2025-07-11 03:45:00+00:00,22679.15,22709.15,22668.45,22703.65,1070,210,0
2025-07-11 03:50:00+00:00,22704.15,22709.75,22682.25,22683.95,914,210,0
2025-07-11 03:55:00+00:00,22683.95,22736.55,22676.25,22699.15,1268,210,0
2025-07-11 04:00:00+00:00,22700.25,22710.05,22682.95,22687.05,990,210,0
2025-07-11 04:05:00+00:00,22687.55,22712.75,22684.55,22711.15,917,210,0
2025-07-11 04:10:00+00:00,22711.15,22720.75,22706.45,22720.35,738,170,0
2025-07-11 04:15:00+00:00,22720.75,22729.95,22719.75,22723.95,717,170,0
2025-07-11 04:20:00+00:00,22723.95,22751.95,22723.95,22748.85,726,170,0
2025-07-11 04:25:00+00:00,22749.45,22752.45,22743.85,22749.65,556,170,0
2025-07-11 04:30:00+00:00,22751.15,22754.65,22744.95,22750.25,649,170,0
2025-07-11 04:35:00+00:00,22750.15,22752.55,22746.85,22751.75,477,160,0
2025-07-11 04:40:00+00:00,22751.95,22757.05,22745.95,22751.55,525,160,0
2025-07-11 04:45:00+00:00,22751.55,22752.25,22740.15,22743.05,527,160,0
2025-07-11 04:50:00+00:00,22743.05,22747.05,22739.55,22740.25,442,150,0
2025-07-11 04:55:00+00:00,22740.25,22746.65,22735.95,22744.05,488,150,0
2025-07-11 05:00:00+00:00,22742.95,22749.25,22742.55,22743.05,594,160,0
2025-07-11 05:05:00+00:00,22742.95,22748.05,22738.25,22739.55,428,160,0
2025-07-11 05:10:00+00:00,22739.25,22744.85,22737.55,22739.05,330,150,0
2025-07-11 05:15:00+00:00,22740.35,22745.85,22736.95,22738.55,398,150,0
2025-07-11 05:20:00+00:00,22738.75,22741.85,22735.75,22739.35,320,150,0
2025-07-11 05:25:00+00:00,22739.25,22746.55,22737.55,22745.85,315,150,0
2025-07-11 05:30:00+00:00,22745.55,22758.25,22741.05,22758.05,516,150,0
2025-07-11 05:35:00+00:00,22758.05,22764.05,22755.55,22763.65,458,160,0
2025-07-11 05:40:00+00:00,22763.05,22763.75,22751.85,22752.25,349,150,0
2025-07-11 05:45:00+00:00,22751.75,22756.05,22750.55,22756.05,277,150,0
2025-07-11 05:50:00+00:00,22756.25,22764.85,22756.25,22761.05,342,150,0
2025-07-11 05:55:00+00:00,22760.35,22763.85,22758.85,22763.05,228,150,0
2025-07-11 06:00:00+00:00,22763.35,22771.35,22761.55,22770.25,379,150,0
2025-07-11 06:05:00+00:00,22770.15,22776.85,22768.55,22774.85,382,150,0
2025-07-11 06:10:00+00:00,22774.85,22778.95,22771.45,22772.75,346,150,0
2025-07-11 06:15:00+00:00,22772.85,22773.55,22767.05,22772.45,345,150,0
2025-07-11 06:20:00+00:00,22772.45,22779.95,22772.45,22779.05,255,150,0
2025-07-11 06:25:00+00:00,22779.25,22786.75,22779.25,22786.25,332,150,0
2025-07-11 06:30:00+00:00,22786.45,22787.45,22780.55,22782.55,369,150,0
2025-07-11 06:35:00+00:00,22782.75,22784.85,22781.35,22782.85,237,150,0
2025-07-11 06:40:00+00:00,22782.85,22786.85,22782.35,22784.85,198,150,0
2025-07-11 06:45:00+00:00,22785.05,22786.75,22782.45,22785.45,248,150,0
2025-07-11 06:50:00+00:00,22785.55,22786.25,22783.85,22784.35,222,150,0
2025-07-11 06:55:00+00:00,22784.55,22787.05,22783.25,22785.05,171,150,0
2025-07-11 07:00:00+00:00,22785.35,22787.25,22781.05,22781.35,241,150,0
2025-07-11 07:05:00+00:00,22781.75,22782.75,22778.45,22781.85,258,150,0
2025-07-11 07:10:00+00:00,22781.95,22789.05,22781.45,22787.45,278,150,0
2025-07-11 07:15:00+00:00,22787.35,22791.05,22785.85,22790.55,211,150,0
2025-07-11 07:20:00+00:00,22790.85,22791.45,22785.95,22788.35,255,150,0
2025-07-11 07:25:00+00:00,22788.45,22791.05,22786.85,22788.35,257,150,0
2025-07-11 07:30:00+00:00,22788.35,22788.55,22781.45,22784.05,285,150,0
2025-07-11 07:35:00+00:00,22784.05,22788.35,22782.45,22787.05,183,150,0
2025-07-11 07:40:00+00:00,22787.35,22787.85,22782.85,22783.55,191,150,0
2025-07-11 07:45:00+00:00,22783.85,22786.85,22781.75,22784.45,232,150,0
2025-07-11 07:50:00+00:00,22784.95,22784.95,22781.05,22782.55,203,150,0
2025-07-11 07:55:00+00:00,22782.55,22784.45,22779.85,22783.45,185,150,0
2025-07-11 08:00:00+00:00,22783.45,22788.75,22782.85,22786.45,330,150,0
2025-07-11 08:05:00+00:00,22785.95,22787.75,22783.35,22784.85,274,150,0
2025-07-11 08:10:00+00:00,22785.05,22785.05,22779.85,22780.55,251,150,0
2025-07-11 08:15:00+00:00,22780.45,22784.35,22779.45,22781.85,274,150,0
2025-07-11 08:20:00+00:00,22781.85,22787.75,22781.75,22785.55,223,150,0
2025-07-11 08:25:00+00:00,22785.35,22792.25,22784.55,22787.05,257,150,0
2025-07-11 08:30:00+00:00,22786.75,22788.95,22783.55,22785.05,230,150,0
2025-07-11 08:35:00+00:00,22785.05,22789.05,22783.55,22788.25,237,150,0
2025-07-11 08:40:00+00:00,22787.95,22789.45,22785.35,22785.55,219,150,0
2025-07-11 08:45:00+00:00,22785.35,22787.25,22781.45,22781.85,235,150,0
2025-07-11 08:50:00+00:00,22781.45,22782.45,22771.55,22775.15,413,150,0
2025-07-11 08:55:00+00:00,22775.25,22775.25,22754.55,22758.95,601,150,0
2025-07-11 09:00:00+00:00,22759.15,22770.45,22758.75,22768.15,600,160,0
2025-07-11 09:05:00+00:00,22768.25,22779.45,22768.25,22773.15,498,160,0
2025-07-11 09:10:00+00:00,22773.05,22774.75,22767.75,22770.65,401,150,0
2025-07-11 09:15:00+00:00,22770.55,22776.55,22770.55,22773.85,333,150,0
2025-07-11 09:20:00+00:00,22773.85,22784.05,22770.55,22782.25,414,150,0
2025-07-11 09:25:00+00:00,22782.45,22786.75,22778.95,22785.05,426,150,0
2025-07-11 09:30:00+00:00,22786.25,22786.75,22770.45,22771.15,537,160,0
2025-07-11 09:35:00+00:00,22770.95,22773.05,22764.05,22769.05,431,150,0
2025-07-11 09:40:00+00:00,22769.35,22775.65,22761.35,22772.75,496,150,0
2025-07-11 09:45:00+00:00,22772.75,22777.25,22768.05,22773.55,314,150,0
2025-07-11 09:50:00+00:00,22773.45,22777.75,22772.85,22774.95,281,150,0
2025-07-11 09:55:00+00:00,22774.95,22775.85,22771.45,22774.75,369,150,0
2025-07-11 10:00:00+00:00,22774.55,22785.25,22765.25,22768.25,919,150,0
2025-07-11 10:05:00+00:00,22770.15,22772.05,22751.85,22757.15,805,180,0
2025-07-11 10:10:00+00:00,22757.15,22760.85,22735.35,22737.85,832,180,0
2025-07-11 10:15:00+00:00,22738.45,22751.45,22733.95,22734.65,777,190,0
2025-07-11 10:20:00+00:00,22734.75,22740.55,22724.35,22724.35,889,180,0
2025-07-11 10:25:00+00:00,22724.35,22749.35,22719.35,22749.35,790,180,0
2025-07-11 10:30:00+00:00,22750.15,22754.25,22740.45,22751.15,786,170,0
2025-07-11 10:35:00+00:00,22752.45,22755.85,22747.85,22748.75,540,160,0
2025-07-11 10:40:00+00:00,22748.95,22751.15,22734.25,22744.65,766,160,0
2025-07-11 10:45:00+00:00,22744.65,22745.85,22727.25,22733.65,698,170,0
2025-07-11 10:50:00+00:00,22733.75,22737.15,22715.75,22716.95,768,170,0
2025-07-11 10:55:00+00:00,22716.85,22732.25,22714.85,22718.65,731,180,0
2025-07-11 11:00:00+00:00,22718.85,22732.85,22711.05,22711.65,969,180,0
2025-07-11 11:05:00+00:00,22710.95,22716.45,22700.95,22705.15,937,200,0
2025-07-11 11:10:00+00:00,22705.05,22710.75,22697.25,22703.25,806,190,0
2025-07-11 11:15:00+00:00,22702.85,22703.85,22691.85,22691.85,819,190,0
2025-07-11 11:20:00+00:00,22692.35,22712.35,22688.15,22711.45,804,200,0
2025-07-11 11:25:00+00:00,22711.05,22714.85,22705.45,22708.75,639,170,0
2025-07-11 11:30:00+00:00,22706.35,22708.45,22694.85,22699.65,654,170,0
2025-07-11 11:35:00+00:00,22699.75,22709.95,22699.65,22703.25,533,160,0
2025-07-11 11:40:00+00:00,22703.45,22708.75,22700.55,22702.35,429,150,0
2025-07-11 11:45:00+00:00,22702.55,22723.85,22699.35,22717.75,631,150,0
2025-07-11 11:50:00+00:00,22717.85,22725.85,22717.85,22722.25,585,160,0
2025-07-11 11:55:00+00:00,22722.15,22723.65,22718.75,22720.95,432,150,0
2025-07-11 12:00:00+00:00,22720.55,22729.75,22716.55,22723.45,495,150,0
2025-07-11 12:05:00+00:00,22723.65,22725.65,22717.95,22719.45,481,160,0
2025-07-11 12:10:00+00:00,22719.55,22725.25,22715.55,22725.15,452,150,0
2025-07-11 12:15:00+00:00,22725.25,22730.75,22722.25,22722.65,450,150,0
2025-07-11 12:20:00+00:00,22722.05,22723.65,22713.25,22717.55,543,160,0
2025-07-11 12:25:00+00:00,22717.45,22717.55,22701.75,22702.75,467,150,0
2025-07-11 12:30:00+00:00,22702.75,22718.35,22696.35,22717.35,552,160,0
2025-07-11 12:35:00+00:00,22717.55,22720.65,22710.95,22717.15,561,170,0
2025-07-11 12:40:00+00:00,22717.05,22724.45,22706.35,22709.25,551,170,0
2025-07-11 12:45:00+00:00,22708.95,22714.65,22704.55,22711.65,512,170,0
2025-07-11 12:50:00+00:00,22711.85,22713.15,22699.65,22699.95,667,160,0
2025-07-11 12:55:00+00:00,22699.95,22703.45,22676.15,22681.35,799,160,0
2025-07-11 13:00:00+00:00,22681.35,22688.95,22670.15,22688.25,906,180,0
2025-07-11 13:05:00+00:00,22687.15,22703.45,22684.55,22700.55,756,180,0
2025-07-11 13:10:00+00:00,22698.15,22709.25,22697.65,22707.15,562,160,0
2025-07-11 13:15:00+00:00,22706.95,22707.15,22692.95,22695.25,601,160,0
2025-07-11 13:20:00+00:00,22695.15,22701.35,22692.85,22698.05,634,170,0
2025-07-11 13:25:00+00:00,22698.15,22701.95,22691.35,22695.25,597,170,0
2025-07-11 13:30:00+00:00,22695.25,22700.65,22693.15,22694.55,442,160,0
2025-07-11 13:35:00+00:00,22694.25,22694.25,22680.85,22683.35,587,160,0
2025-07-11 13:40:00+00:00,22683.45,22692.25,22682.45,22692.15,561,160,0
2025-07-11 13:45:00+00:00,22691.65,22699.75,22690.95,22697.05,540,160,0
2025-07-11 13:50:00+00:00,22695.55,22698.85,22689.65,22690.45,547,160,0
2025-07-11 13:55:00+00:00,22690.45,22694.65,22676.45,22688.75,785,170,0
2025-07-11 14:00:00+00:00,22693.05,22701.05,22686.15,22698.25,824,190,0
2025-07-11 14:05:00+00:00,22698.25,22707.45,22691.65,22706.35,621,170,0
2025-07-11 14:10:00+00:00,22706.25,22711.45,22701.45,22710.25,505,160,0
2025-07-11 14:15:00+00:00,22710.05,22714.55,22706.45,22709.15,471,160,0
2025-07-11 14:20:00+00:00,22709.25,22715.75,22708.05,22711.05,444,150,0
2025-07-11 14:25:00+00:00,22710.85,22723.45,22710.75,22722.05,481,150,0
2025-07-11 14:30:00+00:00,22722.35,22728.15,22719.55,22726.75,543,150,0
2025-07-11 14:35:00+00:00,22726.95,22730.75,22721.05,22723.55,492,150,0
2025-07-11 14:40:00+00:00,22723.55,22725.05,22715.55,22718.25,543,150,0
2025-07-11 14:45:00+00:00,22718.55,22722.05,22713.55,22720.55,446,150,0
2025-07-11 14:50:00+00:00,22720.15,22740.15,22718.95,22736.05,610,160,0
2025-07-11 14:55:00+00:00,22736.25,22740.95,22725.05,22725.65,551,160,0
2025-07-11 15:00:00+00:00,22725.55,22733.25,22718.65,22731.85,609,160,0
2025-07-11 15:05:00+00:00,22731.75,22737.15,22726.25,22727.75,501,160,0
2025-07-11 15:10:00+00:00,22728.55,22736.45,22728.55,22736.45,465,160,0
2025-07-11 15:15:00+00:00,22736.45,22736.55,22724.95,22728.05,518,160,0
2025-07-11 15:20:00+00:00,22727.95,22727.95,22703.15,22703.45,705,160,0
2025-07-11 15:25:00+00:00,22702.65,22709.55,22698.35,22707.35,703,170,0
2025-07-11 15:30:00+00:00,22706.75,22725.15,22700.25,22721.25,844,170,0
2025-07-11 15:35:00+00:00,22721.65,22723.55,22700.75,22708.75,839,190,0
2025-07-11 15:40:00+00:00,22708.85,22714.75,22703.85,22710.15,676,170,0
2025-07-11 15:45:00+00:00,22709.75,22727.75,22709.15,22725.75,697,170,0
2025-07-11 15:50:00+00:00,22726.15,22730.55,22720.85,22724.65,599,160,0
2025-07-11 15:55:00+00:00,22724.45,22727.95,22719.05,22721.15,607,160,0
2025-07-11 16:00:00+00:00,22721.15,22732.85,22712.05,22726.85,865,160,0
2025-07-11 16:05:00+00:00,22726.65,22726.65,22716.35,22720.35,635,160,0
2025-07-11 16:10:00+00:00,22720.45,22729.05,22708.45,22722.05,790,160,0
2025-07-11 16:15:00+00:00,22722.05,22723.55,22706.65,22708.45,696,180,0
2025-07-11 16:20:00+00:00,22708.45,22719.35,22706.55,22715.25,780,170,0
2025-07-11 16:25:00+00:00,22715.35,22736.25,22713.55,22734.05,972,170,0
2025-07-11 16:30:00+00:00,22733.55,22775.55,22729.85,22748.75,1589,80,0
2025-07-11 16:35:00+00:00,22748.65,22750.25,22693.65,22710.75,1510,90,0
2025-07-11 16:40:00+00:00,22711.55,22714.85,22689.25,22695.05,1509,100,0
2025-07-11 16:45:00+00:00,22693.25,22757.15,22681.55,22753.65,1459,100,0
2025-07-11 16:50:00+00:00,22751.65,22767.25,22746.75,22750.85,1440,90,0
2025-07-11 16:55:00+00:00,22751.75,22784.55,22746.05,22781.15,1415,90,0
2025-07-11 17:00:00+00:00,22780.25,22784.95,22769.25,22773.85,1369,80,0
2025-07-11 17:05:00+00:00,22774.05,22788.25,22762.85,22768.95,1393,80,0
2025-07-11 17:10:00+00:00,22768.75,22797.25,22760.95,22796.05,1358,80,0
2025-07-11 17:15:00+00:00,22796.25,22805.05,22787.25,22799.45,1275,80,0
2025-07-11 17:20:00+00:00,22799.25,22814.55,22793.95,22811.55,1242,80,0
2025-07-11 17:25:00+00:00,22811.75,22821.65,22804.25,22808.65,1192,80,0
2025-07-11 17:30:00+00:00,22808.25,22819.25,22799.35,22816.25,1166,80,0
2025-07-11 17:35:00+00:00,22816.15,22823.25,22807.65,22808.65,1112,80,0
2025-07-11 17:40:00+00:00,22808.55,22808.55,22791.75,22803.85,1224,80,0
2025-07-11 17:45:00+00:00,22804.05,22805.55,22789.25,22798.85,1190,80,0
2025-07-11 17:50:00+00:00,22798.15,22803.85,22767.55,22775.75,1259,80,0
2025-07-11 17:55:00+00:00,22775.55,22788.65,22771.25,22787.05,1192,80,0
2025-07-11 18:00:00+00:00,22787.05,22792.05,22778.75,22781.25,1262,80,0
2025-07-11 18:05:00+00:00,22781.25,22782.75,22766.05,22771.25,1223,80,0
2025-07-11 18:10:00+00:00,22771.75,22777.75,22734.65,22734.65,1228,80,0
2025-07-11 18:15:00+00:00,22732.75,22754.25,22726.25,22753.25,1312,80,0
2025-07-11 18:20:00+00:00,22753.25,22783.55,22753.25,22761.35,1180,80,0
2025-07-11 18:25:00+00:00,22761.15,22768.25,22748.25,22767.25,1218,80,0
2025-07-11 18:30:00+00:00,22767.35,22781.25,22765.85,22777.35,1155,80,0
2025-07-11 18:35:00+00:00,22777.05,22798.25,22776.05,22797.25,1061,80,0
2025-07-11 18:40:00+00:00,22797.05,22826.05,22797.05,22817.05,1148,80,0
2025-07-11 18:45:00+00:00,22817.05,22821.55,22803.25,22803.75,1112,80,0
2025-07-11 18:50:00+00:00,22803.85,22804.25,22782.05,22795.05,1143,80,0
2025-07-11 18:55:00+00:00,22794.75,22796.05,22781.55,22793.55,1056,80,0
2025-07-11 19:00:00+00:00,22793.75,22811.75,22786.55,22789.25,1271,80,0
2025-07-11 19:05:00+00:00,22789.45,22795.25,22776.25,22784.75,1270,80,0
2025-07-11 19:10:00+00:00,22784.55,22793.55,22778.05,22792.05,1137,80,0
2025-07-11 19:15:00+00:00,22792.25,22810.25,22785.25,22786.25,1061,80,0
2025-07-11 19:20:00+00:00,22786.55,22811.75,22786.05,22808.05,996,80,0
2025-07-11 19:25:00+00:00,22807.75,22813.05,22803.25,22810.25,877,80,0
2025-07-11 19:30:00+00:00,22810.25,22819.35,22798.15,22809.25,1008,80,0
2025-07-11 19:35:00+00:00,22809.25,22812.65,22797.35,22807.75,905,80,0
2025-07-11 19:40:00+00:00,22807.65,22811.75,22789.25,22789.75,947,80,0
2025-07-11 19:45:00+00:00,22789.75,22802.25,22787.25,22796.05,942,80,0
2025-07-11 19:50:00+00:00,22796.25,22812.05,22795.55,22811.75,915,80,0
2025-07-11 19:55:00+00:00,22812.05,22825.55,22811.55,22820.55,871,80,0
2025-07-11 20:00:00+00:00,22820.75,22827.75,22810.55,22825.55,867,80,0
2025-07-11 20:05:00+00:00,22825.55,22838.55,22822.55,22830.55,846,80,0
2025-07-11 20:10:00+00:00,22830.35,22832.15,22822.05,22825.55,797,80,0
2025-07-11 20:15:00+00:00,22825.25,22832.25,22823.35,22831.55,754,80,0
2025-07-11 20:20:00+00:00,22831.75,22833.75,22816.25,22816.55,769,80,0
2025-07-11 20:25:00+00:00,22816.55,22833.35,22813.65,22825.05,804,80,0
2025-07-11 20:30:00+00:00,22825.05,22829.05,22810.65,22815.25,851,80,0
2025-07-11 20:35:00+00:00,22815.55,22816.35,22783.65,22789.15,974,80,0
2025-07-11 20:40:00+00:00,22789.55,22802.05,22781.05,22792.35,1049,80,0
2025-07-11 20:45:00+00:00,22792.75,22807.55,22789.75,22806.75,894,80,0
2025-07-11 20:50:00+00:00,22806.55,22815.05,22801.35,22811.25,866,80,0
2025-07-11 20:55:00+00:00,22811.35,22820.75,22810.85,22815.55,736,80,0
2025-07-11 21:00:00+00:00,22814.05,22824.55,22813.25,22815.05,812,80,0
2025-07-11 21:05:00+00:00,22815.05,22830.55,22811.25,22818.25,783,80,0
2025-07-11 21:10:00+00:00,22818.25,22828.05,22810.55,22822.05,878,80,0
2025-07-11 21:15:00+00:00,22821.55,22825.05,22813.55,22814.75,766,80,0
2025-07-11 21:20:00+00:00,22814.85,22823.05,22812.55,22820.05,750,80,0
2025-07-11 21:25:00+00:00,22820.05,22824.75,22809.65,22817.05,861,80,0
2025-07-11 21:30:00+00:00,22817.15,22829.05,22813.25,22826.05,794,80,0
2025-07-11 21:35:00+00:00,22826.05,22835.25,22821.75,22824.25,783,80,0
2025-07-11 21:40:00+00:00,22824.55,22832.55,22822.15,22828.35,756,80,0
2025-07-11 21:45:00+00:00,22828.35,22830.55,22816.25,22819.25,723,80,0
2025-07-11 21:50:00+00:00,22819.35,22821.75,22801.25,22803.75,798,80,0
2025-07-11 21:55:00+00:00,22803.55,22807.65,22786.85,22794.05,892,80,0
2025-07-11 22:00:00+00:00,22793.05,22795.25,22767.65,22775.55,1133,80,0
2025-07-11 22:05:00+00:00,22772.25,22788.95,22742.05,22787.35,1396,80,0
2025-07-11 22:10:00+00:00,22787.45,22794.15,22775.05,22792.05,1084,80,0
2025-07-11 22:15:00+00:00,22791.75,22803.55,22790.05,22800.05,947,80,0
2025-07-11 22:20:00+00:00,22800.05,22807.25,22800.05,22806.55,818,80,0
2025-07-11 22:25:00+00:00,22806.25,22813.85,22797.15,22797.55,887,80,0
2025-07-11 22:30:00+00:00,22795.85,22798.85,22783.55,22796.55,950,80,0
2025-07-11 22:35:00+00:00,22794.55,22800.15,22788.85,22794.55,900,80,0
2025-07-11 22:40:00+00:00,22794.55,22799.35,22782.05,22786.85,1018,80,0
2025-07-11 22:45:00+00:00,22787.05,22798.05,22784.25,22796.65,1004,80,0
2025-07-11 22:50:00+00:00,22796.65,22796.65,22777.75,22786.75,1194,80,0
2025-07-11 22:55:00+00:00,22786.75,22797.25,22773.25,22773.25,1184,80,0
2025-07-11 23:00:00+00:00,22772.55,22774.06,22759.06,22772.16,894,80,0
2025-07-11 23:05:00+00:00,22771.86,22772.86,22760.86,22762.06,552,168,0
2025-07-11 23:10:00+00:00,22762.06,22765.46,22755.76,22757.36,582,168,0
2025-07-11 23:15:00+00:00,22757.36,22758.56,22750.56,22750.96,399,168,0
2025-07-11 23:20:00+00:00,22750.36,22754.16,22746.86,22752.06,329,168,0
2025-07-11 23:25:00+00:00,22752.06,22755.36,22749.46,22752.96,355,168,0
2025-07-11 23:30:00+00:00,22752.66,22762.06,22751.86,22759.36,376,168,0
2025-07-11 23:35:00+00:00,22759.36,22759.36,22752.36,22752.36,289,168,0
2025-07-11 23:40:00+00:00,22752.46,22755.06,22751.66,22753.56,327,168,0
2025-07-11 23:45:00+00:00,22753.36,22757.86,22751.86,22756.56,285,168,0
2025-07-14 01:05:00+00:00,22664.56,22671.36,22659.46,22667.56,499,228,0
2025-07-14 01:10:00+00:00,22667.46,22669.46,22639.66,22653.96,603,228,0
2025-07-14 01:15:00+00:00,22654.16,22663.16,22638.56,22646.46,697,208,0
2025-07-14 01:20:00+00:00,22646.66,22670.36,22642.16,22668.56,614,188,0
2025-07-14 01:25:00+00:00,22668.36,22670.56,22662.06,22665.56,441,178,0
2025-07-14 01:30:00+00:00,22665.86,22685.36,22665.86,22684.06,579,178,0
2025-07-14 01:35:00+00:00,22684.66,22695.06,22682.46,22686.16,654,178,0
2025-07-14 01:40:00+00:00,22686.26,22705.06,22685.06,22704.16,520,188,0
2025-07-14 01:45:00+00:00,22704.16,22706.46,22696.66,22702.86,444,178,0
2025-07-14 01:50:00+00:00,22703.06,22706.16,22698.66,22704.36,315,168,0
2025-07-14 01:55:00+00:00,22704.16,22708.46,22698.96,22703.16,302,168,0
2025-07-14 02:00:00+00:00,22703.25,22706.95,22680.75,22685.75,643,160,0
2025-07-14 02:05:00+00:00,22685.75,22697.25,22661.15,22666.25,581,210,0
2025-07-14 02:10:00+00:00,22666.45,22681.25,22663.55,22675.85,470,180,0
2025-07-14 02:15:00+00:00,22674.55,22680.75,22674.05,22678.75,359,160,0
2025-07-14 02:20:00+00:00,22678.95,22680.85,22665.25,22675.35,468,160,0
2025-07-14 02:25:00+00:00,22675.15,22676.65,22658.95,22670.85,512,180,0
2025-07-14 02:30:00+00:00,22670.95,22674.85,22665.55,22671.55,451,160,0
2025-07-14 02:35:00+00:00,22671.55,22682.25,22671.55,22675.75,396,160,0
2025-07-14 02:40:00+00:00,22675.55,22680.35,22669.85,22672.95,330,150,0
2025-07-14 02:45:00+00:00,22672.85,22680.45,22671.55,22676.75,416,150,0
2025-07-14 02:50:00+00:00,22676.95,22688.75,22676.55,22685.75,459,150,0
2025-07-14 02:55:00+00:00,22686.05,22688.65,22684.55,22687.35,381,150,0
2025-07-14 03:00:00+00:00,22687.75,22691.65,22677.15,22685.15,905,150,0
2025-07-14 03:05:00+00:00,22685.65,22695.65,22683.15,22695.25,583,160,0
2025-07-14 03:10:00+00:00,22695.45,22697.25,22690.45,22696.05,500,150,0
2025-07-14 03:15:00+00:00,22696.55,22698.85,22683.45,22688.45,738,150,0
2025-07-14 03:20:00+00:00,22688.65,22692.05,22685.95,22690.75,422,170,0
2025-07-14 03:25:00+00:00,22690.45,22694.75,22688.45,22690.55,422,150,0
2025-07-14 03:30:00+00:00,22690.25,22692.55,22683.35,22685.85,438,150,0
2025-07-14 03:35:00+00:00,22684.55,22690.55,22682.75,22689.55,370,150,0
2025-07-14 03:40:00+00:00,22689.75,22694.55,22688.35,22690.45,370,150,0
2025-07-14 03:45:00+00:00,22689.45,22691.95,22685.95,22689.05,350,150,0
2025-07-14 03:50:00+00:00,22687.75,22688.25,22676.05,22676.95,496,150,0
2025-07-14 03:55:00+00:00,22676.75,22680.55,22670.45,22672.35,505,150,0
2025-07-14 04:00:00+00:00,22672.25,22681.55,22672.25,22679.65,504,150,0
2025-07-14 04:05:00+00:00,22679.95,22681.65,22669.25,22671.05,412,150,0
2025-07-14 04:10:00+00:00,22671.25,22671.25,22666.45,22668.85,425,150,0
2025-07-14 04:15:00+00:00,22668.85,22679.75,22667.85,22679.75,476,150,0
2025-07-14 04:20:00+00:00,22679.45,22679.55,22662.65,22664.95,488,150,0
2025-07-14 04:25:00+00:00,22664.55,22669.95,22662.95,22668.45,320,150,0
2025-07-14 04:30:00+00:00,22668.55,22678.55,22668.45,22678.55,433,150,0
2025-07-14 04:35:00+00:00,22677.25,22677.25,22669.85,22673.05,364,160,0
2025-07-14 04:40:00+00:00,22673.05,22680.55,22672.65,22677.55,284,150,0
2025-07-14 04:45:00+00:00,22677.55,22684.75,22675.25,22683.75,366,150,0
2025-07-14 04:50:00+00:00,22683.55,22686.05,22680.05,22683.55,299,150,0
2025-07-14 04:55:00+00:00,22683.95,22683.95,22674.55,22678.35,318,150,0
2025-07-14 05:00:00+00:00,22678.05,22683.25,22677.55,22681.85,297,150,0
2025-07-14 05:05:00+00:00,22682.05,22685.25,22680.75,22681.55,257,150,0
2025-07-14 05:10:00+00:00,22681.75,22688.35,22679.05,22687.05,312,150,0
2025-07-14 05:15:00+00:00,22687.05,22688.95,22682.55,22686.75,263,150,0
2025-07-14 05:20:00+00:00,22686.85,22692.45,22683.05,22691.55,344,150,0
2025-07-14 05:25:00+00:00,22691.85,22693.45,22687.45,22689.35,299,150,0
2025-07-14 05:30:00+00:00,22689.55,22689.95,22682.45,22683.75,234,150,0
2025-07-14 05:35:00+00:00,22683.95,22684.55,22680.75,22681.85,188,150,0
2025-07-14 05:40:00+00:00,22681.95,22685.25,22678.35,22684.85,266,150,0
2025-07-14 05:45:00+00:00,22684.55,22690.55,22682.85,22683.55,257,150,0
2025-07-14 05:50:00+00:00,22683.75,22684.85,22679.55,22682.85,240,150,0
2025-07-14 05:55:00+00:00,22683.05,22683.25,22677.25,22678.75,267,150,0
2025-07-14 06:00:00+00:00,22678.55,22678.85,22671.85,22672.55,266,150,0
2025-07-14 06:05:00+00:00,22672.75,22685.85,22672.25,22683.05,285,150,0
2025-07-14 06:10:00+00:00,22683.25,22688.05,22682.25,22686.85,231,150,0
2025-07-14 06:15:00+00:00,22686.55,22686.55,22679.45,22683.05,210,150,0
2025-07-14 06:20:00+00:00,22682.85,22684.55,22681.75,22683.05,155,150,0
2025-07-14 06:25:00+00:00,22683.25,22687.35,22681.55,22686.95,179,150,0
2025-07-14 06:30:00+00:00,22686.85,22687.35,22681.35,22681.45,171,150,0
2025-07-14 06:35:00+00:00,22681.45,22688.25,22681.05,22687.05,223,150,0
2025-07-14 06:40:00+00:00,22687.25,22693.55,22683.45,22693.35,260,150,0
2025-07-14 06:45:00+00:00,22693.85,22696.75,22691.75,22695.35,241,150,0
2025-07-14 06:50:00+00:00,22695.45,22696.25,22690.05,22693.85,285,150,0
2025-07-14 06:55:00+00:00,22694.05,22697.35,22693.35,22695.05,203,150,0
2025-07-14 07:00:00+00:00,22695.25,22696.05,22689.25,22689.55,232,150,0
2025-07-14 07:05:00+00:00,22689.75,22693.95,22687.75,22693.85,206,150,0
2025-07-14 07:10:00+00:00,22693.75,22696.95,22693.75,22696.05,195,150,0
2025-07-14 07:15:00+00:00,22696.25,22699.95,22695.45,22699.95,200,150,0
2025-07-14 07:20:00+00:00,22699.95,22700.45,22695.45,22695.55,199,150,0
2025-07-14 07:25:00+00:00,22695.95,22696.05,22689.75,22690.75,267,150,0
2025-07-14 07:30:00+00:00,22691.35,22694.75,22690.55,22693.35,219,150,0
2025-07-14 07:35:00+00:00,22693.55,22694.05,22690.85,22691.75,150,150,0
2025-07-14 07:40:00+00:00,22691.85,22694.35,22690.75,22691.95,166,150,0
2025-07-14 07:45:00+00:00,22691.85,22691.85,22685.45,22685.75,199,150,0
2025-07-14 07:50:00+00:00,22686.05,22688.35,22683.85,22685.95,180,150,0
2025-07-14 07:55:00+00:00,22685.85,22685.85,22682.85,22683.55,200,150,0
2025-07-14 08:00:00+00:00,22683.55,22689.35,22682.45,22689.35,249,150,0
2025-07-14 08:05:00+00:00,22689.45,22690.85,22685.45,22688.55,220,150,0
2025-07-14 08:10:00+00:00,22688.85,22689.35,22685.05,22687.05,193,150,0
2025-07-14 08:15:00+00:00,22687.05,22689.25,22679.75,22680.55,210,150,0
2025-07-14 08:20:00+00:00,22680.75,22684.75,22680.45,22684.55,229,150,0
2025-07-14 08:25:00+00:00,22684.75,22686.45,22683.25,22684.85,200,150,0
2025-07-14 08:30:00+00:00,22684.95,22688.85,22683.55,22688.35,213,150,0
2025-07-14 08:35:00+00:00,22688.55,22688.75,22680.75,22681.05,236,150,0
2025-07-14 08:40:00+00:00,22681.25,22681.75,22673.55,22673.75,328,150,0
2025-07-14 08:45:00+00:00,22673.05,22673.45,22654.95,22655.45,478,150,0
2025-07-14 08:50:00+00:00,22655.25,22657.25,22648.45,22653.55,470,150,0
2025-07-14 08:55:00+00:00,22653.45,22660.35,22651.05,22652.05,382,150,0
2025-07-14 09:00:00+00:00,22652.05,22658.55,22637.25,22638.95,709,150,0
2025-07-14 09:05:00+00:00,22638.45,22649.55,22636.75,22641.75,596,170,0
2025-07-14 09:10:00+00:00,22641.85,22648.05,22640.25,22647.75,426,150,0
2025-07-14 09:15:00+00:00,22648.05,22653.75,22641.25,22651.55,408,150,0
2025-07-14 09:20:00+00:00,22651.75,22654.25,22648.15,22653.05,440,150,0
2025-07-14 09:25:00+00:00,22653.75,22658.75,22653.05,22657.95,383,150,0
2025-07-14 09:30:00+00:00,22657.95,22658.85,22652.75,22655.85,399,150,0
2025-07-14 09:35:00+00:00,22655.85,22667.85,22654.05,22665.55,384,150,0
2025-07-14 09:40:00+00:00,22665.75,22666.35,22658.85,22661.95,341,150,0
2025-07-14 09:45:00+00:00,22662.05,22664.55,22657.95,22662.35,338,150,0
2025-07-14 09:50:00+00:00,22662.35,22665.45,22656.95,22658.85,347,150,0
2025-07-14 09:55:00+00:00,22658.55,22663.85,22656.55,22662.95,377,150,0
2025-07-14 10:00:00+00:00,22663.25,22668.25,22657.25,22657.55,808,160,0
2025-07-14 10:05:00+00:00,22657.95,22661.45,22640.85,22649.85,812,180,0
2025-07-14 10:10:00+00:00,22650.05,22662.05,22643.85,22645.15,805,170,0
2025-07-14 10:15:00+00:00,22645.35,22648.45,22632.65,22632.95,716,180,0
2025-07-14 10:20:00+00:00,22633.15,22638.65,22626.65,22629.85,688,180,0
2025-07-14 10:25:00+00:00,22629.95,22639.15,22626.55,22633.95,710,180,0
2025-07-14 10:30:00+00:00,22633.95,22663.25,22633.95,22657.95,675,170,0
2025-07-14 10:35:00+00:00,22658.25,22663.95,22657.85,22662.95,469,150,0
2025-07-14 10:40:00+00:00,22662.95,22677.75,22660.95,22677.35,530,150,0
2025-07-14 10:45:00+00:00,22677.45,22687.25,22675.45,22687.15,511,150,0
2025-07-14 10:50:00+00:00,22687.15,22701.95,22685.95,22698.25,613,160,0
2025-07-14 10:55:00+00:00,22698.25,22704.65,22696.35,22703.25,489,150,0
2025-07-14 11:00:00+00:00,22703.05,22705.25,22692.95,22695.95,802,150,0
2025-07-14 11:05:00+00:00,22695.95,22696.95,22688.65,22693.65,572,160,0
2025-07-14 11:10:00+00:00,22693.45,22702.05,22691.95,22701.75,543,150,0
2025-07-14 11:15:00+00:00,22701.75,22702.65,22695.05,22695.25,483,150,0
2025-07-14 11:20:00+00:00,22695.25,22700.55,22690.65,22690.65,479,150,0
2025-07-14 11:25:00+00:00,22689.95,22693.75,22687.25,22689.45,464,150,0
2025-07-14 11:30:00+00:00,22689.55,22693.75,22688.35,22690.85,332,150,0
2025-07-14 11:35:00+00:00,22690.75,22693.05,22688.95,22692.95,283,150,0
2025-07-14 11:40:00+00:00,22693.25,22696.55,22687.95,22693.25,404,150,0
2025-07-14 11:45:00+00:00,22693.55,22703.95,22693.55,22703.95,399,150,0
2025-07-14 11:50:00+00:00,22704.25,22718.05,22700.55,22714.85,524,150,0
2025-07-14 11:55:00+00:00,22716.05,22719.05,22705.75,22708.35,481,150,0
2025-07-14 12:00:00+00:00,22708.45,22709.05,22700.85,22704.05,410,150,0
2025-07-14 12:05:00+00:00,22703.85,22709.85,22703.85,22706.05,384,150,0
2025-07-14 12:10:00+00:00,22705.95,22709.85,22705.85,22709.25,354,150,0
2025-07-14 12:15:00+00:00,22709.35,22710.45,22700.95,22703.95,341,150,0
2025-07-14 12:20:00+00:00,22704.25,22717.55,22703.55,22716.75,400,150,0
2025-07-14 12:25:00+00:00,22716.95,22717.25,22707.25,22714.85,393,150,0
2025-07-14 12:30:00+00:00,22714.85,22714.85,22709.45,22712.35,291,150,0
2025-07-14 12:35:00+00:00,22712.35,22715.55,22711.75,22715.45,279,150,0
2025-07-14 12:40:00+00:00,22715.45,22721.95,22713.45,22720.25,360,150,0
2025-07-14 12:45:00+00:00,22720.35,22724.55,22719.95,22720.25,273,150,0
2025-07-14 12:50:00+00:00,22720.05,22722.55,22716.55,22717.85,276,150,0
2025-07-14 12:55:00+00:00,22717.75,22721.35,22715.55,22720.45,238,150,0
2025-07-14 13:00:00+00:00,22720.55,22721.45,22711.55,22712.25,279,150,0
2025-07-14 13:05:00+00:00,22712.85,22714.05,22702.95,22703.35,292,150,0
2025-07-14 13:10:00+00:00,22703.05,22711.05,22701.75,22710.85,246,150,0
2025-07-14 13:15:00+00:00,22710.95,22714.35,22708.35,22709.35,272,150,0
2025-07-14 13:20:00+00:00,22710.55,22710.55,22703.45,22708.35,240,150,0
2025-07-14 13:25:00+00:00,22708.45,22709.25,22701.95,22704.95,270,150,0
2025-07-14 13:30:00+00:00,22704.75,22705.85,22696.45,22697.05,343,150,0
2025-07-14 13:35:00+00:00,22696.75,22700.95,22691.75,22698.25,428,150,0
2025-07-14 13:40:00+00:00,22698.25,22707.05,22697.55,22705.75,452,150,0
2025-07-14 13:45:00+00:00,22705.95,22707.45,22698.35,22701.05,368,150,0
2025-07-14 13:50:00+00:00,22701.35,22707.05,22700.95,22704.05,379,150,0
2025-07-14 13:55:00+00:00,22704.35,22707.05,22696.75,22698.55,367,150,0
2025-07-14 14:00:00+00:00,22700.35,22709.05,22694.45,22707.15,560,150,0
2025-07-14 14:05:00+00:00,22707.45,22711.65,22692.35,22706.75,578,160,0
2025-07-14 14:10:00+00:00,22706.75,22713.25,22706.55,22711.95,425,150,0
2025-07-14 14:15:00+00:00,22711.95,22712.05,22688.85,22695.25,625,150,0
2025-07-14 14:20:00+00:00,22694.95,22695.85,22685.95,22689.05,448,160,0
2025-07-14 14:25:00+00:00,22689.25,22696.45,22687.35,22692.25,354,150,0
2025-07-14 14:30:00+00:00,22693.25,22696.95,22690.85,22694.05,424,150,0
2025-07-14 14:35:00+00:00,22693.95,22701.05,22688.35,22700.55,397,150,0
2025-07-14 14:40:00+00:00,22700.55,22717.75,22699.75,22716.85,545,150,0
2025-07-14 14:45:00+00:00,22716.85,22720.55,22704.85,22711.95,607,150,0
2025-07-14 14:50:00+00:00,22712.05,22718.35,22710.95,22713.05,373,150,0
2025-07-14 14:55:00+00:00,22713.05,22716.25,22708.45,22708.65,463,150,0
2025-07-14 15:00:00+00:00,22705.45,22711.95,22702.15,22707.25,512,160,0
2025-07-14 15:05:00+00:00,22706.95,22709.25,22700.85,22707.05,398,150,0
2025-07-14 15:10:00+00:00,22707.25,22714.85,22705.25,22714.85,411,150,0
2025-07-14 15:15:00+00:00,22714.05,22717.95,22711.35,22717.45,428,150,0
2025-07-14 15:20:00+00:00,22717.75,22726.05,22716.25,22724.25,381,150,0
2025-07-14 15:25:00+00:00,22724.25,22730.25,22724.25,22729.25,423,150,0
2025-07-14 15:30:00+00:00,22729.05,22730.05,22708.95,22715.05,583,150,0
2025-07-14 15:35:00+00:00,22714.95,22728.05,22713.55,22724.75,506,150,0
2025-07-14 15:40:00+00:00,22724.55,22727.55,22718.75,22723.65,516,160,0
2025-07-14 15:45:00+00:00,22723.55,22727.65,22719.25,22724.65,436,160,0
2025-07-14 15:50:00+00:00,22724.75,22727.45,22722.45,22725.85,382,150,0
2025-07-14 15:55:00+00:00,22725.85,22725.85,22713.75,22720.05,580,150,0
2025-07-14 16:00:00+00:00,22719.45,22722.95,22710.65,22711.65,770,160,0
2025-07-14 16:05:00+00:00,22711.35,22720.65,22710.65,22716.95,601,160,0
2025-07-14 16:10:00+00:00,22716.55,22725.85,22714.75,22725.45,550,150,0
2025-07-14 16:15:00+00:00,22725.55,22727.45,22717.75,22717.75,496,150,0
2025-07-14 16:20:00+00:00,22717.75,22742.25,22717.75,22741.75,681,150,0
2025-07-14 16:25:00+00:00,22741.95,22765.35,22740.15,22765.35,966,160,0
2025-07-14 16:30:00+00:00,22762.85,22799.45,22743.75,22756.85,1607,80,0
2025-07-14 16:35:00+00:00,22756.85,22781.45,22738.35,22754.05,1586,110,0
2025-07-14 16:40:00+00:00,22754.55,22758.95,22675.05,22677.55,1590,110,0
2025-07-14 16:45:00+00:00,22675.05,22744.95,22664.35,22740.95,1582,110,0
2025-07-14 16:50:00+00:00,22741.15,22756.25,22729.95,22753.05,1534,100,0
2025-07-14 16:55:00+00:00,22753.25,22756.85,22723.95,22733.05,1507,100,0
2025-07-14 17:00:00+00:00,22732.95,22756.25,22727.25,22755.75,1558,100,0
2025-07-14 17:05:00+00:00,22755.35,22760.55,22743.05,22756.75,1461,90,0
2025-07-14 17:10:00+00:00,22756.15,22768.65,22733.55,22766.75,1382,90,0
2025-07-14 17:15:00+00:00,22766.85,22788.05,22765.05,22785.35,1322,80,0
2025-07-14 17:20:00+00:00,22785.85,22808.45,22780.15,22800.65,1319,80,0
2025-07-14 17:25:00+00:00,22801.35,22801.55,22753.05,22763.35,1391,80,0
2025-07-14 17:30:00+00:00,22762.05,22767.65,22746.55,22752.55,1429,90,0
2025-07-14 17:35:00+00:00,22752.45,22769.05,22748.05,22764.95,1358,90,0
2025-07-14 17:40:00+00:00,22764.85,22782.65,22758.65,22781.15,1298,80,0
2025-07-14 17:45:00+00:00,22781.25,22793.35,22775.25,22780.65,1264,80,0
2025-07-14 17:50:00+00:00,22780.35,22804.85,22777.65,22799.65,1149,80,0
2025-07-14 17:55:00+00:00,22799.35,22815.75,22798.15,22815.15,1209,80,0
2025-07-14 18:00:00+00:00,22812.65,22845.75,22808.75,22831.75,1341,80,0
2025-07-14 18:05:00+00:00,22831.85,22842.95,22824.15,22829.15,1317,80,0
2025-07-14 18:10:00+00:00,22829.25,22835.25,22817.85,22830.65,1310,80,0
2025-07-14 18:15:00+00:00,22831.15,22843.45,22828.25,22831.45,1272,80,0
2025-07-14 18:20:00+00:00,22831.65,22833.35,22820.65,22823.85,1135,80,0
2025-07-14 18:25:00+00:00,22823.15,22835.85,22818.15,22834.85,1081,80,0
2025-07-14 18:30:00+00:00,22835.15,22838.65,22819.15,22821.35,1074,80,0
2025-07-14 18:35:00+00:00,22821.15,22837.65,22816.45,22831.35,1107,80,0
2025-07-14 18:40:00+00:00,22831.45,22838.35,22827.65,22828.15,1015,80,0
2025-07-14 18:45:00+00:00,22828.25,22831.15,22817.35,22828.35,1014,80,0
2025-07-14 18:50:00+00:00,22828.65,22833.65,22824.15,22829.35,945,80,0
2025-07-14 18:55:00+00:00,22829.35,22833.25,22819.35,22832.25,1027,80,0
2025-07-14 19:00:00+00:00,22832.15,22832.85,22823.15,22825.65,977,80,0
2025-07-14 19:05:00+00:00,22825.35,22849.75,22825.35,22848.35,936,80,0
2025-07-14 19:10:00+00:00,22848.35,22852.45,22842.15,22848.65,955,80,0
2025-07-14 19:15:00+00:00,22848.35,22850.15,22834.75,22842.65,924,80,0
2025-07-14 19:20:00+00:00,22842.65,22849.65,22838.15,22839.65,870,80,0
2025-07-14 19:25:00+00:00,22838.65,22842.45,22832.95,22838.85,826,80,0
2025-07-14 19:30:00+00:00,22838.35,22840.35,22830.75,22832.35,859,80,0
2025-07-14 19:35:00+00:00,22832.35,22835.95,22828.35,22834.15,776,80,0
2025-07-14 19:40:00+00:00,22833.25,22851.15,22832.35,22840.85,886,80,0
2025-07-14 19:45:00+00:00,22840.85,22852.25,22835.65,22851.65,846,80,0
2025-07-14 19:50:00+00:00,22851.35,22857.75,22849.65,22857.75,776,80,0
2025-07-14 19:55:00+00:00,22857.35,22861.25,22852.75,22854.45,890,80,0
2025-07-14 20:00:00+00:00,22854.75,22865.95,22854.25,22864.85,837,80,0
2025-07-14 20:05:00+00:00,22864.95,22870.25,22860.55,22869.25,715,80,0
2025-07-14 20:10:00+00:00,22869.35,22873.55,22866.75,22873.45,778,80,0
2025-07-14 20:15:00+00:00,22873.75,22882.45,22870.35,22881.45,797,80,0
2025-07-14 20:20:00+00:00,22881.25,22883.45,22872.95,22875.25,736,80,0
2025-07-14 20:25:00+00:00,22875.25,22877.25,22869.55,22870.95,701,80,0
2025-07-14 20:30:00+00:00,22871.45,22882.75,22870.35,22878.75,759,80,0
2025-07-14 20:35:00+00:00,22878.85,22886.75,22874.75,22878.75,695,80,0
2025-07-14 20:40:00+00:00,22878.45,22878.95,22867.25,22869.25,772,80,0
2025-07-14 20:45:00+00:00,22869.25,22872.05,22856.85,22870.75,871,80,0
2025-07-14 20:50:00+00:00,22870.85,22877.95,22868.75,22875.75,748,80,0
2025-07-14 20:55:00+00:00,22875.25,22876.75,22864.85,22864.95,705,80,0
2025-07-14 21:00:00+00:00,22865.25,22869.25,22856.45,22868.25,770,80,0
2025-07-14 21:05:00+00:00,22868.35,22872.25,22862.95,22868.25,672,80,0
2025-07-14 21:10:00+00:00,22867.75,22869.85,22862.95,22867.75,633,80,0
2025-07-14 21:15:00+00:00,22867.05,22868.95,22859.25,22859.95,648,80,0
2025-07-14 21:20:00+00:00,22859.95,22867.05,22857.95,22865.25,646,80,0
2025-07-14 21:25:00+00:00,22865.55,22871.95,22862.75,22869.75,675,80,0
2025-07-14 21:30:00+00:00,22869.55,22871.25,22863.25,22865.85,804,80,0
2025-07-14 21:35:00+00:00,22865.25,22870.95,22862.95,22866.25,727,80,0
2025-07-14 21:40:00+00:00,22866.35,22872.45,22864.45,22871.25,672,80,0
2025-07-14 21:45:00+00:00,22871.35,22874.75,22868.75,22870.75,593,80,0
2025-07-14 21:50:00+00:00,22870.85,22878.85,22867.95,22877.95,588,80,0
2025-07-14 21:55:00+00:00,22877.95,22880.25,22870.25,22871.75,673,80,0
2025-07-14 22:00:00+00:00,22872.45,22879.75,22871.95,22877.35,696,80,0
2025-07-14 22:05:00+00:00,22877.25,22877.75,22864.25,22864.75,756,80,0
2025-07-14 22:10:00+00:00,22864.75,22866.95,22858.75,22866.55,746,80,0
2025-07-14 22:15:00+00:00,22866.45,22868.95,22858.45,22864.95,789,80,0
2025-07-14 22:20:00+00:00,22865.25,22867.75,22857.55,22860.75,837,80,0
2025-07-14 22:25:00+00:00,22860.75,22872.45,22859.75,22862.75,737,80,0
2025-07-14 22:30:00+00:00,22862.75,22862.75,22848.95,22854.55,920,80,0
2025-07-14 22:35:00+00:00,22854.25,22856.05,22848.75,22850.45,828,80,0
2025-07-14 22:40:00+00:00,22850.35,22853.85,22844.55,22847.75,829,80,0
2025-07-14 22:45:00+00:00,22847.35,22852.45,22836.95,22850.75,960,80,0
2025-07-14 22:50:00+00:00,22850.45,22856.95,22841.45,22855.95,992,80,0
2025-07-14 22:55:00+00:00,22853.25,22863.25,22844.55,22854.35,1118,80,0
2025-07-14 23:00:00+00:00,22854.66,22858.76,22842.06,22847.36,763,98,0
2025-07-14 23:05:00+00:00,22847.36,22847.86,22843.86,22847.56,465,168,0
2025-07-14 23:10:00+00:00,22847.76,22851.06,22845.06,22848.56,376,168,0
2025-07-14 23:15:00+00:00,22848.56,22851.06,22843.56,22850.16,263,168,0
2025-07-14 23:20:00+00:00,22850.06,22851.26,22848.06,22849.06,196,168,0
2025-07-14 23:25:00+00:00,22848.76,22849.26,22843.56,22844.26,186,168,0
2025-07-14 23:30:00+00:00,22844.26,22846.76,22842.86,22845.66,150,168,0
2025-07-14 23:35:00+00:00,22845.56,22848.66,22844.56,22847.76,163,168,0
2025-07-14 23:40:00+00:00,22847.76,22851.76,22847.26,22850.56,142,168,0
2025-07-14 23:45:00+00:00,22850.06,22853.76,22848.26,22852.26,154,168,0
2025-07-15 01:05:00+00:00,22844.56,22848.96,22842.36,22842.46,199,168,0
2025-07-15 01:10:00+00:00,22843.36,22848.56,22840.66,22845.86,199,168,0
2025-07-15 01:15:00+00:00,22845.66,22846.06,22836.86,22838.36,335,168,0
2025-07-15 01:20:00+00:00,22838.36,22838.46,22832.86,22834.56,334,168,0
2025-07-15 01:25:00+00:00,22834.36,22834.46,22828.46,22830.36,280,168,0
2025-07-15 01:30:00+00:00,22830.36,22832.66,22824.96,22826.36,291,168,0
2025-07-15 01:35:00+00:00,22826.36,22828.96,22824.06,22828.06,273,168,0
2025-07-15 01:40:00+00:00,22827.86,22830.66,22825.06,22828.06,198,168,0
2025-07-15 01:45:00+00:00,22827.96,22831.06,22826.46,22829.36,183,168,0
2025-07-15 01:50:00+00:00,22829.46,22834.86,22829.46,22832.36,190,168,0
2025-07-15 01:55:00+00:00,22832.46,22832.46,22822.96,22824.86,249,168,0
2025-07-15 02:00:00+00:00,22824.95,22827.15,22820.65,22824.55,265,150,0
2025-07-15 02:05:00+00:00,22824.55,22826.15,22821.45,22823.25,151,150,0
2025-07-15 02:10:00+00:00,22823.15,22824.65,22821.15,22823.95,147,150,0
2025-07-15 02:15:00+00:00,22824.15,22828.15,22823.15,22827.05,161,150,0
2025-07-15 02:20:00+00:00,22827.15,22830.05,22826.15,22829.75,140,150,0
2025-07-15 02:25:00+00:00,22829.65,22829.95,22826.15,22827.05,111,150,0
2025-07-15 02:30:00+00:00,22826.95,22829.65,22825.55,22827.55,151,150,0
2025-07-15 02:35:00+00:00,22827.45,22831.65,22826.55,22827.95,125,150,0
2025-07-15 02:40:00+00:00,22828.15,22830.05,22825.65,22826.65,122,150,0
2025-07-15 02:45:00+00:00,22826.65,22829.65,22824.95,22826.95,202,150,0
2025-07-15 02:50:00+00:00,22828.15,22835.05,22828.05,22833.15,245,150,0
2025-07-15 02:55:00+00:00,22833.05,22837.45,22832.55,22834.05,214,150,0
2025-07-15 03:00:00+00:00,22834.65,22842.25,22820.45,22838.85,725,150,0
2025-07-15 03:05:00+00:00,22838.75,22839.45,22833.25,22837.45,373,160,0
2025-07-15 03:10:00+00:00,22837.35,22842.55,22835.25,22840.95,296,150,0
2025-07-15 03:15:00+00:00,22840.95,22841.25,22835.95,22837.95,385,150,0
2025-07-15 03:20:00+00:00,22837.65,22838.55,22834.15,22836.15,283,150,0
2025-07-15 03:25:00+00:00,22835.95,22837.45,22833.25,22833.45,177,150,0
2025-07-15 03:30:00+00:00,22833.65,22834.45,22827.95,22828.05,281,150,0
2025-07-15 03:35:00+00:00,22828.45,22833.65,22826.65,22830.75,280,150,0
2025-07-15 03:40:00+00:00,22830.65,22830.75,22824.75,22826.95,253,150,0
2025-07-15 03:45:00+00:00,22826.75,22829.15,22824.95,22828.15,293,150,0
2025-07-15 03:50:00+00:00,22828.05,22829.75,22825.05,22827.75,215,150,0
2025-07-15 03:55:00+00:00,22827.65,22828.95,22825.95,22828.55,189,150,0
2025-07-15 04:00:00+00:00,22827.95,22828.45,22820.65,22821.75,365,150,0
2025-07-15 04:05:00+00:00,22821.75,22826.45,22821.05,22825.25,280,150,0
2025-07-15 04:10:00+00:00,22825.25,22826.15,22822.05,22823.15,205,150,0
2025-07-15 04:15:00+00:00,22823.45,22826.45,22823.05,22824.05,191,150,0
2025-07-15 04:20:00+00:00,22824.65,22829.55,22823.95,22827.45,228,150,0
2025-07-15 04:25:00+00:00,22827.25,22827.45,22824.65,22826.45,176,150,0
2025-07-15 04:30:00+00:00,22826.15,22828.55,22824.75,22825.25,222,150,0
2025-07-15 04:35:00+00:00,22825.25,22840.35,22824.25,22835.45,227,150,0
2025-07-15 04:40:00+00:00,22835.35,22899.35,22835.15,22899.35,835,160,0
2025-07-15 04:45:00+00:00,22900.35,22938.25,22891.65,22935.85,1197,210,0
2025-07-15 04:50:00+00:00,22935.85,22996.15,22933.25,22994.85,1352,210,0
2025-07-15 04:55:00+00:00,22994.85,22995.45,22959.15,22965.45,1087,210,0
2025-07-15 05:00:00+00:00,22965.75,22986.15,22946.65,22947.85,1195,210,0
2025-07-15 05:05:00+00:00,22947.25,22957.25,22934.85,22940.35,948,210,0
2025-07-15 05:10:00+00:00,22938.95,22951.85,22935.25,22943.25,752,190,0
2025-07-15 05:15:00+00:00,22943.05,22943.95,22902.25,22908.45,1019,180,0
2025-07-15 05:20:00+00:00,22907.25,22907.25,22898.75,22906.25,712,190,0
2025-07-15 05:25:00+00:00,22906.25,22906.35,22888.55,22895.35,715,180,0
2025-07-15 05:30:00+00:00,22895.35,22897.25,22872.95,22881.35,836,210,0
2025-07-15 05:35:00+00:00,22881.15,22886.65,22873.15,22880.55,620,180,0
2025-07-15 05:40:00+00:00,22880.55,22891.15,22874.85,22886.95,519,160,0
2025-07-15 05:45:00+00:00,22886.95,22886.95,22865.75,22868.75,640,160,0
2025-07-15 05:50:00+00:00,22868.65,22875.35,22863.25,22874.35,546,170,0
2025-07-15 05:55:00+00:00,22874.55,22880.25,22863.55,22878.65,461,160,0
2025-07-15 06:00:00+00:00,22878.35,22881.25,22869.65,22875.15,527,160,0
2025-07-15 06:05:00+00:00,22874.95,22879.35,22870.95,22874.25,403,160,0
2025-07-15 06:10:00+00:00,22873.95,22876.85,22871.35,22874.65,308,160,0
2025-07-15 06:15:00+00:00,22874.85,22887.45,22873.75,22886.75,399,150,0
2025-07-15 06:20:00+00:00,22886.65,22897.35,22885.15,22896.65,428,150,0
2025-07-15 06:25:00+00:00,22896.25,22909.35,22895.75,22906.45,505,160,0
2025-07-15 06:30:00+00:00,22906.35,22915.65,22905.95,22909.15,451,160,0
2025-07-15 06:35:00+00:00,22908.45,22919.05,22908.25,22918.05,321,150,0
2025-07-15 06:40:00+00:00,22918.15,22923.55,22914.75,22920.75,345,150,0
2025-07-15 06:45:00+00:00,22920.05,22923.55,22914.25,22921.05,354,150,0
2025-07-15 06:50:00+00:00,22920.95,22922.55,22914.15,22915.45,302,150,0
2025-07-15 06:55:00+00:00,22915.25,22917.95,22912.45,22916.95,289,150,0
2025-07-15 07:00:00+00:00,22916.95,22919.95,22914.05,22917.65,266,150,0
2025-07-15 07:05:00+00:00,22917.75,22917.75,22913.15,22915.05,176,150,0
2025-07-15 07:10:00+00:00,22915.15,22918.65,22913.75,22917.55,200,150,0
2025-07-15 07:15:00+00:00,22917.15,22920.65,22914.95,22918.25,220,150,0
2025-07-15 07:20:00+00:00,22918.15,22925.15,22918.15,22923.45,207,150,0
2025-07-15 07:25:00+00:00,22923.55,22925.15,22919.05,22924.05,229,150,0
2025-07-15 07:30:00+00:00,22923.45,22929.15,22923.15,22929.15,233,150,0
2025-07-15 07:35:00+00:00,22929.15,22943.65,22927.65,22940.05,486,150,0
2025-07-15 07:40:00+00:00,22939.95,22941.65,22931.75,22932.75,289,150,0
2025-07-15 07:45:00+00:00,22932.45,22940.55,22927.95,22938.65,325,150,0
2025-07-15 07:50:00+00:00,22938.65,22940.15,22930.15,22931.95,272,150,0
2025-07-15 07:55:00+00:00,22932.05,22940.95,22930.45,22938.65,257,150,0
2025-07-15 08:00:00+00:00,22938.45,22949.95,22936.65,22949.95,431,160,0
2025-07-15 08:05:00+00:00,22949.95,22959.75,22947.85,22959.45,414,150,0
2025-07-15 08:10:00+00:00,22959.65,22967.35,22956.65,22961.15,548,150,0
2025-07-15 08:15:00+00:00,22961.15,22965.85,22959.85,22964.35,383,160,0
2025-07-15 08:20:00+00:00,22964.75,22979.45,22962.95,22973.85,531,150,0
2025-07-15 08:25:00+00:00,22974.75,22987.25,22973.85,22987.25,438,150,0
2025-07-15 08:30:00+00:00,22987.25,22992.15,22976.05,22981.35,485,150,0
2025-07-15 08:35:00+00:00,22981.65,22982.65,22970.15,22971.95,356,150,0
2025-07-15 08:40:00+00:00,22974.05,22975.95,22967.15,22968.65,372,150,0
2025-07-15 08:45:00+00:00,22968.75,22976.05,22965.95,22970.65,317,150,0
2025-07-15 08:50:00+00:00,22970.85,22977.85,22970.45,22972.25,388,150,0
2025-07-15 08:55:00+00:00,22972.35,22976.35,22969.25,22969.65,331,150,0
2025-07-15 09:00:00+00:00,22969.75,22977.75,22969.05,22973.35,529,150,0
2025-07-15 09:05:00+00:00,22973.45,22976.55,22968.75,22971.45,399,150,0
2025-07-15 09:10:00+00:00,22970.95,22971.65,22962.25,22965.95,375,150,0
2025-07-15 09:15:00+00:00,22965.65,22968.05,22960.55,22967.15,399,150,0
2025-07-15 09:20:00+00:00,22966.95,22969.25,22965.55,22967.55,260,150,0
2025-07-15 09:25:00+00:00,22967.65,22970.55,22963.75,22967.75,299,150,0
2025-07-15 09:30:00+00:00,22967.65,22970.25,22960.95,22961.45,392,150,0
2025-07-15 09:35:00+00:00,22961.65,22966.95,22957.55,22957.55,337,150,0
2025-07-15 09:40:00+00:00,22957.45,22962.55,22956.65,22961.05,289,150,0
2025-07-15 09:45:00+00:00,22960.55,22960.75,22955.05,22960.75,324,150,0
2025-07-15 09:50:00+00:00,22960.65,22969.75,22960.65,22967.25,361,150,0
2025-07-15 09:55:00+00:00,22967.35,22970.75,22966.05,22966.15,311,150,0
2025-07-15 10:00:00+00:00,22967.75,22970.85,22960.35,22969.25,730,150,0
2025-07-15 10:05:00+00:00,22969.25,22971.05,22962.65,22968.95,614,170,0
2025-07-15 10:10:00+00:00,22968.55,22970.65,22961.95,22964.85,575,160,0
2025-07-15 10:15:00+00:00,22965.15,22968.15,22961.35,22965.85,437,160,0
2025-07-15 10:20:00+00:00,22966.15,22967.65,22955.35,22958.65,506,160,0
2025-07-15 10:25:00+00:00,22958.25,22965.65,22955.65,22960.25,481,150,0
2025-07-15 10:30:00+00:00,22960.15,22967.95,22958.65,22966.05,562,150,0
2025-07-15 10:35:00+00:00,22965.85,22976.65,22964.25,22974.85,516,160,0
2025-07-15 10:40:00+00:00,22975.05,22992.35,22974.95,22990.95,529,160,0
2025-07-15 10:45:00+00:00,22990.45,22991.65,22979.65,22980.85,581,160,0
2025-07-15 10:50:00+00:00,22980.95,22990.45,22979.95,22983.35,497,160,0
2025-07-15 10:55:00+00:00,22983.35,22989.35,22982.15,22983.45,472,150,0
2025-07-15 11:00:00+00:00,22983.25,22984.15,22966.45,22970.35,830,160,0
2025-07-15 11:05:00+00:00,22972.85,22981.45,22969.55,22976.55,718,170,0
2025-07-15 11:10:00+00:00,22977.05,22983.45,22967.85,22980.45,629,170,0
2025-07-15 11:15:00+00:00,22981.15,22981.35,22969.65,22974.45,581,160,0
2025-07-15 11:20:00+00:00,22974.75,22990.15,22974.75,22989.65,546,160,0
2025-07-15 11:25:00+00:00,22989.85,23001.05,22987.95,22991.45,576,160,0
2025-07-15 11:30:00+00:00,22991.85,22998.35,22973.35,22988.85,654,160,0
2025-07-15 11:35:00+00:00,22988.75,22990.65,22982.85,22986.65,403,160,0
2025-07-15 11:40:00+00:00,22986.65,22987.35,22981.45,22985.65,352,150,0
2025-07-15 11:45:00+00:00,22985.75,22990.05,22985.25,22989.95,323,150,0
2025-07-15 11:50:00+00:00,22990.45,22990.65,22980.75,22981.15,407,150,0
2025-07-15 11:55:00+00:00,22981.25,22984.15,22977.75,22978.65,337,150,0
2025-07-15 12:00:00+00:00,22978.55,22982.15,22972.65,22979.85,433,150,0
2025-07-15 12:05:00+00:00,22979.55,22984.65,22978.35,22982.75,378,150,0
2025-07-15 12:10:00+00:00,22982.65,22987.95,22982.45,22985.45,367,150,0
2025-07-15 12:15:00+00:00,22985.65,22994.45,22985.65,22991.95,465,150,0
2025-07-15 12:20:00+00:00,22991.95,22994.55,22991.65,22993.95,360,150,0
2025-07-15 12:25:00+00:00,22993.65,22995.15,22990.95,22992.45,383,150,0
2025-07-15 12:30:00+00:00,22992.55,22996.45,22991.05,22992.45,376,150,0
2025-07-15 12:35:00+00:00,22992.45,23002.45,22990.25,22999.65,420,150,0
2025-07-15 12:40:00+00:00,22999.95,23000.75,22989.05,22989.65,423,150,0
2025-07-15 12:45:00+00:00,22989.55,22994.15,22987.05,22993.05,337,150,0
2025-07-15 12:50:00+00:00,22993.15,22993.55,22989.55,22990.65,342,150,0
2025-07-15 12:55:00+00:00,22990.55,22997.25,22988.75,22997.05,276,150,0
2025-07-15 13:00:00+00:00,22994.75,22997.55,22990.65,22990.75,310,150,0
2025-07-15 13:05:00+00:00,22990.75,22996.25,22987.75,22995.15,267,150,0
2025-07-15 13:10:00+00:00,22994.75,22995.75,22991.95,22992.55,307,150,0
2025-07-15 13:15:00+00:00,22992.45,23000.25,22991.65,22997.95,401,150,0
2025-07-15 13:20:00+00:00,22998.15,23000.55,22995.95,22999.55,292,150,0
2025-07-15 13:25:00+00:00,22998.95,23004.55,22997.05,23003.55,364,150,0
2025-07-15 13:30:00+00:00,23003.65,23010.75,23000.25,23000.45,554,150,0
2025-07-15 13:35:00+00:00,23000.25,23006.65,22999.25,23004.15,515,160,0
2025-07-15 13:40:00+00:00,23004.25,23004.25,22995.05,22999.05,432,150,0
2025-07-15 13:45:00+00:00,22998.95,22999.45,22986.65,22988.15,549,150,0
2025-07-15 13:50:00+00:00,22988.25,22993.25,22985.65,22992.75,367,150,0
2025-07-15 13:55:00+00:00,22992.95,22994.25,22988.25,22993.75,322,150,0
2025-07-15 14:00:00+00:00,22993.45,22993.45,22986.45,22989.85,560,150,0
2025-07-15 14:05:00+00:00,22989.95,23014.05,22984.15,23003.95,529,150,0
2025-07-15 14:10:00+00:00,23003.65,23008.85,22999.25,23007.05,493,170,0
2025-07-15 14:15:00+00:00,23007.05,23009.75,23002.75,23006.15,478,150,0
2025-07-15 14:20:00+00:00,23005.85,23010.25,22997.45,22998.75,503,150,0
2025-07-15 14:25:00+00:00,22998.75,22999.25,22993.25,22996.45,438,150,0
2025-07-15 14:30:00+00:00,22996.55,23000.05,22992.95,22998.75,462,150,0
2025-07-15 14:35:00+00:00,22999.15,23001.25,22995.45,23000.95,366,150,0
2025-07-15 14:40:00+00:00,23001.25,23001.25,22991.95,22991.95,358,150,0
2025-07-15 14:45:00+00:00,22991.95,22992.75,22977.05,22983.55,607,150,0
2025-07-15 14:50:00+00:00,22983.75,22985.75,22978.05,22983.45,472,150,0
2025-07-15 14:55:00+00:00,22983.65,22991.75,22982.75,22989.55,460,150,0
2025-07-15 15:00:00+00:00,22990.65,22995.05,22983.95,22985.75,616,150,0
2025-07-15 15:05:00+00:00,22985.65,22985.75,22967.55,22973.05,756,160,0
2025-07-15 15:10:00+00:00,22972.15,22980.25,22967.95,22975.45,559,150,0
2025-07-15 15:15:00+00:00,22975.15,22975.35,22968.65,22971.15,611,150,0
2025-07-15 15:20:00+00:00,22970.95,22970.95,22958.35,22963.15,740,160,0
2025-07-15 15:25:00+00:00,22963.25,22976.46,22961.55,22976.06,850,160,0
2025-07-15 15:30:00+00:00,22976.06,23026.85,22974.86,23010.35,1386,210,0
2025-07-15 15:35:00+00:00,23010.15,23012.45,22991.65,22995.35,1154,210,0
2025-07-15 15:40:00+00:00,22996.35,23002.85,22980.95,22986.95,1028,200,0
2025-07-15 15:45:00+00:00,22986.65,23005.25,22985.65,23005.15,825,180,0
2025-07-15 15:50:00+00:00,23004.65,23018.35,23003.05,23016.45,876,170,0
2025-07-15 15:55:00+00:00,23016.65,23030.35,23016.65,23018.35,962,170,0
2025-07-15 16:00:00+00:00,23019.85,23021.85,23010.45,23019.35,976,180,0
2025-07-15 16:05:00+00:00,23019.95,23027.75,23016.85,23025.45,809,160,0
2025-07-15 16:10:00+00:00,23025.25,23026.75,23019.85,23022.75,662,160,0
2025-07-15 16:15:00+00:00,23023.25,23026.95,23015.45,23025.95,673,160,0
2025-07-15 16:20:00+00:00,23026.15,23041.85,23025.95,23040.25,829,160,0
2025-07-15 16:25:00+00:00,23032.45,23039.95,23020.85,23023.25,945,160,0
2025-07-15 16:30:00+00:00,23022.65,23045.35,22984.45,22984.95,1602,80,0
2025-07-15 16:35:00+00:00,22984.45,23007.95,22976.25,22976.95,1574,110,0
2025-07-15 16:40:00+00:00,22976.95,22992.45,22946.45,22986.95,1557,110,0
2025-07-15 16:45:00+00:00,22986.75,23007.05,22966.65,22971.55,1533,100,0
2025-07-15 16:50:00+00:00,22971.55,22991.45,22965.25,22976.95,1512,100,0
2025-07-15 16:55:00+00:00,22975.55,22983.35,22955.75,22961.35,1522,90,0
2025-07-15 17:00:00+00:00,22962.35,22969.95,22944.25,22957.75,1558,90,0
2025-07-15 17:05:00+00:00,22958.05,22990.05,22956.05,22985.55,1478,90,0
2025-07-15 17:10:00+00:00,22985.05,23015.95,22983.85,23014.45,1350,80,0
2025-07-15 17:15:00+00:00,23013.95,23022.95,22996.45,23010.15,1334,80,0
2025-07-15 17:20:00+00:00,23008.95,23017.65,22995.15,23008.05,1352,80,0
2025-07-15 17:25:00+00:00,23007.65,23011.65,22985.75,23003.25,1405,80,0
2025-07-15 17:30:00+00:00,23003.35,23010.15,22971.85,22991.35,1432,90,0
2025-07-15 17:35:00+00:00,22991.55,23001.55,22978.55,22984.15,1456,90,0
2025-07-15 17:40:00+00:00,22984.15,22986.35,22956.65,22966.35,1440,90,0
2025-07-15 17:45:00+00:00,22966.25,22989.05,22963.85,22981.05,1353,90,0
2025-07-15 17:50:00+00:00,22981.25,22988.55,22930.35,22948.05,1442,90,0
2025-07-15 17:55:00+00:00,22948.05,22948.05,22921.05,22924.85,1457,90,0
2025-07-15 18:00:00+00:00,22927.15,22949.05,22925.25,22939.65,1437,90,0
2025-07-15 18:05:00+00:00,22940.65,22964.15,22938.15,22954.55,1297,80,0
2025-07-15 18:10:00+00:00,22955.15,22972.45,22950.95,22951.45,1253,80,0
2025-07-15 18:15:00+00:00,22951.95,22966.85,22947.75,22963.35,1328,80,0
2025-07-15 18:20:00+00:00,22963.15,22986.95,22956.95,22979.85,1319,80,0
2025-07-15 18:25:00+00:00,22979.65,22997.15,22976.15,22993.55,1183,80,0
2025-07-15 18:30:00+00:00,22993.65,22995.45,22966.15,22974.85,1217,80,0
2025-07-15 18:35:00+00:00,22974.45,22987.65,22969.15,22984.15,1170,80,0
2025-07-15 18:40:00+00:00,22984.45,22997.15,22978.95,22988.95,1131,80,0
2025-07-15 18:45:00+00:00,22988.95,23005.15,22986.35,23000.65,1048,80,0
2025-07-15 18:50:00+00:00,23000.85,23003.55,22979.45,22982.15,1088,80,0
2025-07-15 18:55:00+00:00,22981.65,22987.15,22971.45,22982.15,1138,80,0
2025-07-15 19:00:00+00:00,22982.45,22988.35,22972.95,22983.15,1127,80,0
2025-07-15 19:05:00+00:00,22983.45,22992.85,22962.45,22965.95,1146,80,0
2025-07-15 19:10:00+00:00,22966.15,22978.05,22959.45,22970.15,1238,80,0
2025-07-15 19:15:00+00:00,22970.15,22979.15,22966.45,22971.05,1102,80,0
2025-07-15 19:20:00+00:00,22971.65,22982.45,22963.65,22974.95,1020,80,0
2025-07-15 19:25:00+00:00,22974.65,22976.45,22961.65,22970.15,1017,80,0
2025-07-15 19:30:00+00:00,22970.15,22985.05,22964.95,22965.65,1021,80,0
2025-07-15 19:35:00+00:00,22965.15,22969.95,22951.35,22961.45,1071,80,0
2025-07-15 19:40:00+00:00,22960.95,22967.05,22950.85,22961.15,1007,80,0
2025-07-15 19:45:00+00:00,22961.05,22976.85,22960.95,22964.95,994,80,0
2025-07-15 19:50:00+00:00,22964.45,22971.35,22948.65,22949.45,1029,80,0
2025-07-15 19:55:00+00:00,22948.95,22955.55,22908.35,22923.35,1353,80,0
2025-07-15 20:00:00+00:00,22923.05,22955.85,22921.25,22948.45,1275,80,0
2025-07-15 20:05:00+00:00,22947.95,22952.45,22931.05,22931.45,1149,80,0
2025-07-15 20:10:00+00:00,22931.45,22940.95,22924.45,22929.65,1198,80,0
2025-07-15 20:15:00+00:00,22929.45,22938.45,22912.65,22935.65,1265,80,0
2025-07-15 20:20:00+00:00,22936.95,22947.65,22930.65,22942.65,1075,80,0
2025-07-15 20:25:00+00:00,22942.65,22945.45,22932.35,22944.15,1027,80,0
2025-07-15 20:30:00+00:00,22944.15,22955.45,22942.55,22955.15,1003,80,0
2025-07-15 20:35:00+00:00,22955.35,22971.95,22953.65,22967.45,1003,80,0
2025-07-15 20:40:00+00:00,22966.45,22970.35,22956.65,22965.35,981,80,0
2025-07-15 20:45:00+00:00,22965.45,22969.45,22960.65,22962.15,838,80,0
2025-07-15 20:50:00+00:00,22962.15,22982.15,22957.95,22981.65,967,80,0
2025-07-15 20:55:00+00:00,22981.65,22995.65,22977.45,22994.65,879,80,0
2025-07-15 21:00:00+00:00,22995.15,23001.65,22986.65,22997.65,994,80,0
2025-07-15 21:05:00+00:00,22996.85,23003.45,22991.55,22999.45,873,80,0
2025-07-15 21:10:00+00:00,22999.55,23001.65,22996.15,22998.45,813,80,0
2025-07-15 21:15:00+00:00,22997.95,23004.65,22989.45,22990.15,900,80,0
2025-07-15 21:20:00+00:00,22990.05,23004.65,22989.95,23001.45,783,80,0
2025-07-15 21:25:00+00:00,23002.15,23002.95,22990.45,22992.45,796,80,0
2025-07-15 21:30:00+00:00,22992.45,22999.45,22991.95,22991.95,810,80,0
2025-07-15 21:35:00+00:00,22991.95,22991.95,22970.45,22978.65,1018,80,0
2025-07-15 21:40:00+00:00,22979.45,22985.05,22971.15,22973.95,964,80,0
2025-07-15 21:45:00+00:00,22973.65,22980.95,22971.35,22971.35,896,80,0
2025-07-15 21:50:00+00:00,22971.15,22975.15,22948.95,22955.15,1025,80,0
2025-07-15 21:55:00+00:00,22955.35,22956.65,22917.85,22918.05,1312,80,0
2025-07-15 22:00:00+00:00,22917.35,22945.15,22907.15,22938.35,1234,90,0
2025-07-15 22:05:00+00:00,22938.25,22938.35,22920.35,22928.05,1151,80,0
2025-07-15 22:10:00+00:00,22927.85,22934.05,22923.75,22925.85,1053,80,0
2025-07-15 22:15:00+00:00,22925.65,22930.35,22915.65,22925.05,1014,80,0
2025-07-15 22:20:00+00:00,22924.75,22928.15,22903.75,22915.25,1046,80,0
2025-07-15 22:25:00+00:00,22915.15,22921.85,22905.65,22912.15,935,80,0
2025-07-15 22:30:00+00:00,22912.35,22921.25,22910.65,22911.15,1001,80,0
2025-07-15 22:35:00+00:00,22910.65,22920.65,22905.65,22917.15,944,80,0
2025-07-15 22:40:00+00:00,22916.65,22936.15,22916.15,22933.35,980,80,0
2025-07-15 22:45:00+00:00,22932.85,22936.15,22924.85,22929.65,937,80,0
2025-07-15 22:50:00+00:00,22929.35,22934.85,22911.85,22914.15,1156,80,0
2025-07-15 22:55:00+00:00,22913.85,22929.35,22875.15,22879.95,1391,80,0
2025-07-15 23:00:00+00:00,22876.55,22882.86,22850.46,22854.76,1212,90,0
2025-07-15 23:05:00+00:00,22854.76,22862.96,22850.26,22856.86,1016,208,0
2025-07-15 23:10:00+00:00,22857.36,22860.86,22843.66,22848.66,895,188,0
2025-07-15 23:15:00+00:00,22848.36,22850.16,22836.36,22843.36,868,188,0
2025-07-15 23:20:00+00:00,22843.06,22847.06,22836.26,22842.96,679,188,0
2025-07-15 23:25:00+00:00,22843.46,22849.46,22843.06,22844.26,527,168,0
2025-07-15 23:30:00+00:00,22844.26,22848.06,22835.86,22846.06,597,168,0
2025-07-15 23:35:00+00:00,22846.26,22846.96,22837.56,22846.16,522,168,0
2025-07-15 23:40:00+00:00,22846.06,22847.36,22839.66,22839.86,430,168,0
2025-07-15 23:45:00+00:00,22839.66,22843.96,22836.86,22840.16,507,168,0
2025-07-16 01:05:00+00:00,22856.86,22858.46,22844.66,22846.56,230,168,0
2025-07-16 01:10:00+00:00,22846.76,22848.06,22830.96,22832.26,366,168,0
2025-07-16 01:15:00+00:00,22832.76,22835.46,22828.86,22829.46,252,178,0
2025-07-16 01:20:00+00:00,22830.56,22838.66,22830.06,22835.66,223,168,0
2025-07-16 01:25:00+00:00,22835.76,22845.36,22834.56,22839.56,265,168,0
2025-07-16 01:30:00+00:00,22839.56,22839.86,22801.56,22806.96,601,168,0
2025-07-16 01:35:00+00:00,22806.96,22819.26,22806.96,22812.96,500,188,0
2025-07-16 01:40:00+00:00,22813.16,22822.26,22813.16,22821.46,341,168,0
2025-07-16 01:45:00+00:00,22821.56,22831.76,22812.36,22830.56,393,168,0
2025-07-16 01:50:00+00:00,22830.46,22833.86,22820.26,22832.76,428,178,0
2025-07-16 01:55:00+00:00,22832.86,22839.26,22832.76,22836.76,277,168,0
2025-07-16 02:00:00+00:00,22836.85,22838.45,22825.95,22831.95,355,150,0
2025-07-16 02:05:00+00:00,22832.15,22838.15,22829.65,22835.15,285,150,0
2025-07-16 02:10:00+00:00,22834.95,22841.85,22831.25,22834.25,344,150,0
2025-07-16 02:15:00+00:00,22834.65,22836.25,22824.75,22828.15,292,150,0
2025-07-16 02:20:00+00:00,22827.95,22828.35,22810.85,22819.55,602,150,0
2025-07-16 02:25:00+00:00,22819.45,22823.05,22815.55,22816.85,279,150,0
2025-07-16 02:30:00+00:00,22818.75,22829.95,22815.75,22828.95,318,150,0
2025-07-16 02:35:00+00:00,22828.45,22834.75,22828.45,22832.15,264,150,0
2025-07-16 02:40:00+00:00,22832.75,22837.15,22829.15,22836.95,208,150,0
2025-07-16 02:45:00+00:00,22837.35,22847.15,22837.35,22845.95,451,150,0
2025-07-16 02:50:00+00:00,22846.15,22846.65,22833.75,22837.15,437,150,0
2025-07-16 02:55:00+00:00,22837.55,22842.65,22833.85,22841.65,360,160,0
2025-07-16 03:00:00+00:00,22841.35,22846.55,22826.05,22827.65,668,160,0
2025-07-16 03:05:00+00:00,22827.75,22827.75,22812.05,22821.75,639,170,0
2025-07-16 03:10:00+00:00,22821.85,22827.45,22810.75,22815.55,579,170,0
2025-07-16 03:15:00+00:00,22815.45,22819.65,22812.05,22815.85,538,160,0
2025-07-16 03:20:00+00:00,22815.85,22820.05,22811.75,22812.85,397,170,0
2025-07-16 03:25:00+00:00,22812.75,22815.65,22805.05,22810.15,409,160,0
2025-07-16 03:30:00+00:00,22810.25,22828.15,22810.05,22826.35,417,160,0
2025-07-16 03:35:00+00:00,22826.15,22835.35,22825.85,22834.35,418,150,0
2025-07-16 03:40:00+00:00,22834.45,22836.25,22824.25,22831.35,417,150,0
2025-07-16 03:45:00+00:00,22830.85,22833.65,22825.75,22827.85,389,150,0
2025-07-16 03:50:00+00:00,22828.15,22829.35,22819.65,22825.85,369,150,0
2025-07-16 03:55:00+00:00,22825.95,22830.85,22823.75,22827.05,311,150,0
2025-07-16 04:00:00+00:00,22826.65,22831.75,22824.45,22830.25,323,150,0
2025-07-16 04:05:00+00:00,22830.45,22841.75,22829.95,22839.35,392,150,0
2025-07-16 04:10:00+00:00,22839.45,22849.95,22838.85,22849.35,407,150,0
2025-07-16 04:15:00+00:00,22849.15,22855.25,22847.45,22855.15,427,150,0
2025-07-16 04:20:00+00:00,22855.25,22858.25,22836.65,22836.85,523,150,0
2025-07-16 04:25:00+00:00,22834.75,22844.95,22834.55,22841.65,426,160,0
2025-07-16 04:30:00+00:00,22841.55,22846.05,22839.55,22841.55,407,150,0
2025-07-16 04:35:00+00:00,22841.35,22848.65,22840.35,22847.85,405,150,0
2025-07-16 04:40:00+00:00,22847.85,22856.45,22844.85,22856.45,382,150,0
2025-07-16 04:45:00+00:00,22856.65,22857.25,22853.85,22854.35,321,150,0
2025-07-16 04:50:00+00:00,22854.25,22858.45,22852.75,22855.25,349,150,0
2025-07-16 04:55:00+00:00,22854.45,22858.85,22854.15,22858.25,287,150,0
2025-07-16 05:00:00+00:00,22857.85,22861.15,22854.65,22855.85,305,150,0
2025-07-16 05:05:00+00:00,22855.65,22857.15,22854.35,22854.85,258,150,0
2025-07-16 05:10:00+00:00,22855.15,22855.25,22845.95,22849.85,363,150,0
2025-07-16 05:15:00+00:00,22849.85,22856.75,22848.35,22854.65,283,150,0
2025-07-16 05:20:00+00:00,22854.45,22858.75,22853.85,22855.85,269,150,0
2025-07-16 05:25:00+00:00,22856.15,22856.15,22850.75,22853.85,222,150,0
2025-07-16 05:30:00+00:00,22853.85,22854.95,22849.85,22850.15,181,150,0
2025-07-16 05:35:00+00:00,22850.65,22851.45,22845.85,22848.35,219,150,0
2025-07-16 05:40:00+00:00,22848.35,22848.65,22837.15,22838.85,375,150,0
2025-07-16 05:45:00+00:00,22839.15,22841.95,22834.25,22841.75,308,150,0
2025-07-16 05:50:00+00:00,22841.65,22843.75,22838.45,22840.35,200,150,0
2025-07-16 05:55:00+00:00,22840.15,22840.65,22834.85,22839.65,219,150,0
2025-07-16 06:00:00+00:00,22839.65,22845.35,22839.15,22843.35,223,150,0
2025-07-16 06:05:00+00:00,22843.45,22847.65,22841.15,22846.65,184,150,0
2025-07-16 06:10:00+00:00,22846.65,22851.95,22846.15,22849.65,233,150,0
2025-07-16 06:15:00+00:00,22849.35,22854.25,22849.35,22853.15,192,150,0
2025-07-16 06:20:00+00:00,22852.95,22853.65,22849.85,22850.65,175,150,0
2025-07-16 06:25:00+00:00,22850.95,22851.65,22847.75,22849.85,156,150,0
2025-07-16 06:30:00+00:00,22849.85,22853.25,22848.45,22850.95,211,150,0
2025-07-16 06:35:00+00:00,22851.15,22853.15,22848.95,22849.15,178,150,0
2025-07-16 06:40:00+00:00,22849.25,22851.85,22848.75,22849.65,184,150,0
2025-07-16 06:45:00+00:00,22849.45,22850.15,22845.75,22848.35,217,150,0
2025-07-16 06:50:00+00:00,22849.25,22854.75,22848.85,22850.35,172,150,0
2025-07-16 06:55:00+00:00,22850.35,22850.45,22842.85,22843.35,289,150,0
2025-07-16 07:00:00+00:00,22843.35,22855.15,22843.35,22855.15,193,150,0
2025-07-16 07:05:00+00:00,22855.75,22858.85,22852.35,22858.45,264,150,0
2025-07-16 07:10:00+00:00,22859.25,22859.25,22854.65,22858.15,209,150,0
2025-07-16 07:15:00+00:00,22858.25,22859.15,22851.85,22853.85,174,150,0
2025-07-16 07:20:00+00:00,22854.15,22854.35,22849.65,22850.95,130,150,0
2025-07-16 07:25:00+00:00,22851.15,22852.65,22849.35,22851.85,113,150,0
2025-07-16 07:30:00+00:00,22851.65,22855.65,22851.15,22854.35,178,150,0
2025-07-16 07:35:00+00:00,22854.25,22855.75,22849.65,22851.95,168,150,0
2025-07-16 07:40:00+00:00,22851.85,22855.45,22849.25,22849.65,166,150,0
2025-07-16 07:45:00+00:00,22849.85,22850.65,22847.25,22847.85,169,150,0
2025-07-16 07:50:00+00:00,22848.35,22848.65,22843.35,22845.85,237,150,0
2025-07-16 07:55:00+00:00,22845.65,22849.45,22845.35,22848.35,177,150,0
2025-07-16 08:00:00+00:00,22848.25,22872.15,22836.05,22844.85,957,150,0
2025-07-16 08:05:00+00:00,22845.05,22847.55,22834.75,22841.25,501,170,0
2025-07-16 08:10:00+00:00,22842.55,22849.05,22840.65,22845.85,382,160,0
2025-07-16 08:15:00+00:00,22846.35,22848.65,22838.95,22842.65,345,150,0
2025-07-16 08:20:00+00:00,22842.35,22847.25,22833.85,22835.15,361,150,0
2025-07-16 08:25:00+00:00,22834.85,22839.35,22830.15,22837.05,478,150,0
2025-07-16 08:30:00+00:00,22836.95,22848.15,22836.95,22844.65,440,160,0
2025-07-16 08:35:00+00:00,22844.85,22847.25,22840.05,22843.15,283,150,0
2025-07-16 08:40:00+00:00,22842.85,22846.15,22841.15,22844.15,240,150,0
2025-07-16 08:45:00+00:00,22843.95,22844.65,22834.35,22839.15,349,150,0
2025-07-16 08:50:00+00:00,22839.95,22844.35,22823.95,22823.95,407,150,0
2025-07-16 08:55:00+00:00,22823.85,22834.55,22821.35,22834.15,377,160,0
2025-07-16 09:00:00+00:00,22833.15,22836.45,22827.65,22828.55,524,160,0
2025-07-16 09:05:00+00:00,22828.95,22828.95,22822.35,22825.65,490,150,0
2025-07-16 09:10:00+00:00,22825.95,22830.65,22825.15,22829.85,310,150,0
2025-07-16 09:15:00+00:00,22829.65,22833.05,22824.85,22830.55,363,150,0
2025-07-16 09:20:00+00:00,22830.35,22832.65,22826.05,22828.15,400,150,0
2025-07-16 09:25:00+00:00,22828.35,22829.95,22819.95,22824.85,403,160,0
2025-07-16 09:30:00+00:00,22825.35,22825.35,22808.05,22811.95,550,150,0
2025-07-16 09:35:00+00:00,22812.05,22814.85,22794.25,22802.05,499,160,0
2025-07-16 09:40:00+00:00,22802.65,22810.25,22797.45,22805.75,474,170,0
2025-07-16 09:45:00+00:00,22806.55,22810.65,22805.85,22808.15,289,150,0
2025-07-16 09:50:00+00:00,22807.85,22809.65,22799.65,22800.85,366,150,0
2025-07-16 09:55:00+00:00,22800.35,22806.35,22797.65,22799.05,333,150,0
2025-07-16 10:00:00+00:00,22799.05,22808.65,22793.05,22795.45,956,160,0
2025-07-16 10:05:00+00:00,22794.85,22799.55,22768.45,22772.35,1030,210,0
2025-07-16 10:10:00+00:00,22772.05,22790.75,22756.35,22785.85,914,200,0
2025-07-16 10:15:00+00:00,22785.95,22803.25,22785.85,22800.55,678,160,0
2025-07-16 10:20:00+00:00,22799.65,22814.05,22799.35,22808.65,660,160,0
2025-07-16 10:25:00+00:00,22808.65,22812.85,22806.45,22807.55,579,160,0
2025-07-16 10:30:00+00:00,22807.45,22814.95,22804.55,22812.55,580,150,0
2025-07-16 10:35:00+00:00,22812.85,22817.55,22811.05,22813.95,544,160,0
2025-07-16 10:40:00+00:00,22813.85,22815.65,22810.85,22812.25,433,150,0
2025-07-16 10:45:00+00:00,22812.35,22812.35,22805.75,22806.05,473,150,0
2025-07-16 10:50:00+00:00,22806.15,22811.15,22802.65,22805.55,529,150,0
2025-07-16 10:55:00+00:00,22805.35,22811.45,22804.15,22809.65,433,150,0
2025-07-16 11:00:00+00:00,22809.25,22816.65,22797.25,22804.55,790,150,0
2025-07-16 11:05:00+00:00,22804.15,22814.45,22799.95,22810.75,598,170,0
2025-07-16 11:10:00+00:00,22810.25,22818.55,22806.75,22810.75,561,170,0
2025-07-16 11:15:00+00:00,22811.05,22814.55,22806.55,22814.45,463,160,0
2025-07-16 11:20:00+00:00,22814.55,22824.05,22813.55,22815.55,530,150,0
2025-07-16 11:25:00+00:00,22815.65,22818.45,22811.55,22817.95,384,150,0
2025-07-16 11:30:00+00:00,22817.85,22827.25,22816.85,22822.35,448,150,0
2025-07-16 11:35:00+00:00,22822.45,22830.35,22822.35,22827.15,421,150,0
2025-07-16 11:40:00+00:00,22826.85,22841.95,22825.35,22840.85,481,150,0
2025-07-16 11:45:00+00:00,22840.75,22841.85,22830.95,22830.95,362,150,0
2025-07-16 11:50:00+00:00,22830.95,22832.35,22821.85,22826.45,433,150,0
2025-07-16 11:55:00+00:00,22826.35,22830.95,22826.35,22829.95,372,150,0
2025-07-16 12:00:00+00:00,22830.15,22831.45,22820.45,22820.75,424,150,0
2025-07-16 12:05:00+00:00,22820.85,22822.95,22810.15,22822.95,472,150,0
2025-07-16 12:10:00+00:00,22823.95,22827.85,22820.15,22821.25,385,150,0
2025-07-16 12:15:00+00:00,22821.35,22830.35,22814.65,22816.55,449,150,0
2025-07-16 12:20:00+00:00,22816.65,22819.35,22809.05,22810.35,419,160,0
2025-07-16 12:25:00+00:00,22810.35,22817.25,22809.85,22811.85,367,150,0
2025-07-16 12:30:00+00:00,22812.05,22813.55,22806.85,22813.55,471,160,0
2025-07-16 12:35:00+00:00,22813.65,22820.45,22813.05,22819.15,364,150,0
2025-07-16 12:40:00+00:00,22819.35,22819.35,22807.85,22813.15,384,150,0
2025-07-16 12:45:00+00:00,22813.35,22823.85,22812.35,22821.65,373,150,0
2025-07-16 12:50:00+00:00,22821.95,22828.65,22819.85,22824.85,347,150,0
2025-07-16 12:55:00+00:00,22825.15,22828.65,22824.15,22828.35,363,150,0
2025-07-16 13:00:00+00:00,22828.65,22828.75,22820.35,22821.35,356,150,0
2025-07-16 13:05:00+00:00,22822.35,22828.55,22820.35,22826.15,295,150,0
2025-07-16 13:10:00+00:00,22826.15,22829.25,22823.85,22828.25,329,150,0
2025-07-16 13:15:00+00:00,22828.35,22828.65,22824.25,22826.95,261,150,0
2025-07-16 13:20:00+00:00,22827.15,22830.95,22821.85,22827.05,434,150,0
2025-07-16 13:25:00+00:00,22827.05,22829.15,22823.85,22825.65,245,150,0
2025-07-16 13:30:00+00:00,22824.95,22838.85,22824.65,22828.45,464,150,0
2025-07-16 13:35:00+00:00,22828.55,22837.05,22826.35,22835.05,386,160,0
2025-07-16 13:40:00+00:00,22835.15,22836.25,22826.15,22834.15,381,150,0
2025-07-16 13:45:00+00:00,22834.15,22845.75,22832.35,22845.75,396,150,0
2025-07-16 13:50:00+00:00,22845.95,22846.35,22839.15,22844.35,395,150,0
2025-07-16 13:55:00+00:00,22844.65,22847.35,22840.85,22841.15,366,150,0
2025-07-16 14:00:00+00:00,22841.35,22849.15,22839.85,22848.35,443,150,0
2025-07-16 14:05:00+00:00,22848.25,22851.25,22841.15,22841.95,455,150,0
2025-07-16 14:10:00+00:00,22842.45,22842.65,22834.85,22837.35,436,150,0
2025-07-16 14:15:00+00:00,22837.05,22841.75,22835.45,22841.15,310,150,0
2025-07-16 14:20:00+00:00,22841.65,22846.45,22837.45,22844.35,377,150,0
2025-07-16 14:25:00+00:00,22844.15,22847.05,22832.55,22838.05,587,160,0
2025-07-16 14:30:00+00:00,22837.85,22838.35,22825.55,22830.35,540,160,0
2025-07-16 14:35:00+00:00,22830.05,22831.65,22824.95,22825.85,353,150,0
2025-07-16 14:40:00+00:00,22825.85,22829.85,22823.05,22829.65,368,150,0
2025-07-16 14:45:00+00:00,22829.75,22840.75,22828.25,22840.65,389,150,0
2025-07-16 14:50:00+00:00,22840.45,22844.25,22839.45,22843.75,401,150,0
2025-07-16 14:55:00+00:00,22843.85,22847.95,22843.15,22847.75,383,150,0
2025-07-16 15:00:00+00:00,22848.75,22849.25,22837.35,22839.35,548,150,0
2025-07-16 15:05:00+00:00,22839.55,22847.85,22839.55,22847.35,501,150,0
2025-07-16 15:10:00+00:00,22847.65,22859.75,22846.95,22854.65,534,150,0
2025-07-16 15:15:00+00:00,22853.85,22860.45,22853.25,22855.45,516,150,0
2025-07-16 15:20:00+00:00,22855.35,22859.95,22849.85,22850.15,503,150,0
2025-07-16 15:25:00+00:00,22849.95,22856.81,22848.45,22852.91,497,150,0
2025-07-16 15:30:00+00:00,22851.91,22899.2,22851.7,22889.05,1323,210,0
2025-07-16 15:35:00+00:00,22889.05,22911.35,22888.85,22897.95,1089,210,0
2025-07-16 15:40:00+00:00,22897.55,22901.95,22884.55,22894.55,942,210,0
2025-07-16 15:45:00+00:00,22894.35,22906.25,22893.05,22902.15,769,170,0
2025-07-16 15:50:00+00:00,22901.25,22909.75,22898.55,22900.35,753,160,0
2025-07-16 15:55:00+00:00,22900.35,22901.05,22894.55,22900.95,714,160,0
2025-07-16 16:00:00+00:00,22900.65,22901.15,22886.75,22891.95,865,160,0
2025-07-16 16:05:00+00:00,22891.95,22900.45,22889.35,22895.55,733,160,0
2025-07-16 16:10:00+00:00,22895.35,22902.15,22893.65,22896.35,638,160,0
2025-07-16 16:15:00+00:00,22896.35,22898.95,22891.05,22897.15,589,150,0
2025-07-16 16:20:00+00:00,22896.75,22902.95,22894.25,22900.55,667,150,0
2025-07-16 16:25:00+00:00,22900.85,22905.55,22894.15,22901.05,804,160,0
2025-07-16 16:30:00+00:00,22900.75,22917.05,22848.15,22855.55,1622,80,0
2025-07-16 16:35:00+00:00,22854.25,22877.85,22841.85,22870.35,1593,110,0
2025-07-16 16:40:00+00:00,22870.85,22870.95,22834.45,22840.75,1528,100,0
2025-07-16 16:45:00+00:00,22840.15,22859.55,22824.75,22825.25,1544,90,0
2025-07-16 16:50:00+00:00,22825.45,22826.55,22791.45,22792.95,1494,90,0
2025-07-16 16:55:00+00:00,22793.45,22812.75,22785.55,22795.95,1493,90,0
2025-07-16 17:00:00+00:00,22797.15,22812.95,22788.25,22799.25,1514,90,0
2025-07-16 17:05:00+00:00,22797.95,22809.75,22777.15,22802.95,1479,90,0
2025-07-16 17:10:00+00:00,22802.75,22831.75,22800.05,22803.45,1468,90,0
2025-07-16 17:15:00+00:00,22803.25,22822.65,22789.05,22821.55,1425,90,0
2025-07-16 17:20:00+00:00,22821.15,22838.35,22808.85,22829.75,1347,80,0
2025-07-16 17:25:00+00:00,22830.25,22838.15,22811.95,22833.05,1425,90,0
2025-07-16 17:30:00+00:00,22833.25,22858.75,22830.15,22842.05,1383,90,0
2025-07-16 17:35:00+00:00,22842.15,22842.15,22822.05,22832.75,1429,90,0
2025-07-16 17:40:00+00:00,22832.85,22844.25,22817.25,22830.25,1377,90,0
2025-07-16 17:45:00+00:00,22830.25,22853.55,22828.25,22848.85,1319,80,0
2025-07-16 17:50:00+00:00,22848.85,22860.85,22796.35,22804.65,1381,80,0
2025-07-16 17:55:00+00:00,22802.65,22840.15,22789.25,22818.35,1579,120,0
2025-07-16 18:00:00+00:00,22820.75,22853.35,22814.85,22844.55,1487,110,0
2025-07-16 18:05:00+00:00,22844.65,22854.55,22832.25,22846.25,1437,90,0
2025-07-16 18:10:00+00:00,22846.05,22870.45,22841.55,22869.45,1357,80,0
2025-07-16 18:15:00+00:00,22869.55,22872.45,22764.35,22766.35,1600,80,0
2025-07-16 18:20:00+00:00,22768.25,22779.75,22726.25,22743.25,1623,120,0
2025-07-16 18:25:00+00:00,22743.55,22818.55,22741.25,22808.75,1521,120,0
2025-07-16 18:30:00+00:00,22808.35,22811.65,22720.05,22723.75,1610,120,0
2025-07-16 18:35:00+00:00,22724.55,22724.75,22664.65,22698.05,1596,120,0
2025-07-16 18:40:00+00:00,22696.55,22766.75,22685.25,22762.35,1563,120,0
2025-07-16 18:45:00+00:00,22762.75,22776.85,22749.65,22774.05,1463,110,0
2025-07-16 18:50:00+00:00,22774.15,22788.55,22742.05,22776.35,1509,110,0
2025-07-16 18:55:00+00:00,22774.95,22851.35,22771.65,22818.85,1628,110,0
2025-07-16 19:00:00+00:00,22818.15,22829.05,22798.85,22808.35,1536,120,0
2025-07-16 19:05:00+00:00,22808.15,22835.95,22800.85,22817.05,1450,110,0
2025-07-16 19:10:00+00:00,22816.85,22824.05,22791.35,22810.15,1432,100,0
2025-07-16 19:15:00+00:00,22809.35,22828.95,22804.75,22812.55,1315,90,0
2025-07-16 19:20:00+00:00,22812.65,22813.55,22788.55,22806.95,1338,80,0
2025-07-16 19:25:00+00:00,22806.95,22813.25,22781.65,22811.05,1292,90,0
2025-07-16 19:30:00+00:00,22811.05,22821.05,22806.75,22816.95,1254,80,0
2025-07-16 19:35:00+00:00,22816.95,22831.05,22809.75,22828.25,1203,80,0
2025-07-16 19:40:00+00:00,22828.05,22834.25,22822.35,22822.75,1118,80,0
2025-07-16 19:45:00+00:00,22822.35,22834.15,22789.55,22830.45,1372,80,0
2025-07-16 19:50:00+00:00,22830.55,22862.05,22830.55,22856.95,1201,80,0
2025-07-16 19:55:00+00:00,22856.85,22874.55,22856.35,22873.75,1059,80,0
2025-07-16 20:00:00+00:00,22873.85,22880.85,22862.35,22877.05,1122,80,0
2025-07-16 20:05:00+00:00,22876.95,22892.85,22874.85,22884.35,1075,80,0
2025-07-16 20:10:00+00:00,22884.35,22894.35,22876.65,22882.65,984,80,0
2025-07-16 20:15:00+00:00,22882.65,22886.45,22874.55,22882.45,989,80,0
2025-07-16 20:20:00+00:00,22882.65,22889.45,22873.65,22881.15,986,80,0
2025-07-16 20:25:00+00:00,22881.15,22883.05,22865.95,22866.65,938,80,0
2025-07-16 20:30:00+00:00,22868.15,22871.45,22860.15,22864.85,1124,80,0
2025-07-16 20:35:00+00:00,22865.45,22873.65,22860.65,22866.65,1076,80,0
2025-07-16 20:40:00+00:00,22866.85,22868.35,22853.45,22860.45,1093,80,0
2025-07-16 20:45:00+00:00,22860.95,22868.15,22851.45,22856.45,1069,80,0
2025-07-16 20:50:00+00:00,22856.15,22859.15,22846.95,22854.45,996,80,0
2025-07-16 20:55:00+00:00,22854.45,22865.65,22853.95,22854.65,904,80,0
2025-07-16 21:00:00+00:00,22855.85,22862.65,22846.45,22860.95,1102,80,0
2025-07-16 21:05:00+00:00,22860.65,22865.45,22849.65,22855.95,1073,80,0
2025-07-16 21:10:00+00:00,22855.95,22859.45,22846.45,22857.95,1090,80,0
2025-07-16 21:15:00+00:00,22858.45,22869.45,22852.65,22852.95,897,80,0
2025-07-16 21:20:00+00:00,22852.95,22868.95,22843.45,22865.95,973,80,0
2025-07-16 21:25:00+00:00,22865.95,22876.25,22862.95,22872.95,876,80,0
2025-07-16 21:30:00+00:00,22872.75,22882.75,22872.25,22877.75,852,80,0
2025-07-16 21:35:00+00:00,22877.35,22887.75,22875.75,22885.25,767,80,0
2025-07-16 21:40:00+00:00,22885.75,22892.95,22882.45,22889.25,805,80,0
2025-07-16 21:45:00+00:00,22889.15,22889.75,22875.45,22880.45,825,80,0
2025-07-16 21:50:00+00:00,22879.25,22885.75,22877.45,22885.25,705,80,0
2025-07-16 21:55:00+00:00,22884.95,22901.25,22882.45,22901.25,880,80,0
2025-07-16 22:00:00+00:00,22900.95,22908.35,22895.95,22896.45,938,80,0
2025-07-16 22:05:00+00:00,22896.35,22906.35,22892.45,22903.65,777,80,0
2025-07-16 22:10:00+00:00,22903.35,22905.45,22892.45,22894.95,791,80,0
2025-07-16 22:15:00+00:00,22894.45,22895.95,22886.45,22893.95,857,80,0
2025-07-16 22:20:00+00:00,22893.75,22897.95,22889.95,22893.85,804,80,0
2025-07-16 22:25:00+00:00,22893.85,22902.35,22892.45,22899.95,684,80,0
2025-07-16 22:30:00+00:00,22899.45,22902.75,22893.75,22897.75,899,80,0
2025-07-16 22:35:00+00:00,22897.75,22915.95,22893.95,22913.95,867,80,0
2025-07-16 22:40:00+00:00,22913.95,22927.85,22913.75,22920.95,950,80,0
2025-07-16 22:45:00+00:00,22920.95,22924.85,22912.25,22922.75,844,80,0
2025-07-16 22:50:00+00:00,22922.65,22922.65,22907.25,22914.25,1109,80,0
2025-07-16 22:55:00+00:00,22913.75,22918.75,22901.35,22904.95,1157,80,0
2025-07-16 23:00:00+00:00,22903.15,22903.15,22889.76,22893.46,873,80,0
2025-07-16 23:05:00+00:00,22892.76,22892.76,22885.66,22889.06,565,168,0
2025-07-16 23:10:00+00:00,22888.76,22903.26,22883.76,22901.76,507,168,0
2025-07-16 23:15:00+00:00,22901.86,22902.76,22888.76,22888.76,307,168,0
2025-07-16 23:20:00+00:00,22888.56,22891.06,22883.26,22886.96,276,168,0
2025-07-16 23:25:00+00:00,22887.16,22889.06,22885.06,22886.06,237,168,0
2025-07-16 23:30:00+00:00,22885.76,22886.96,22884.26,22886.56,177,168,0
2025-07-16 23:35:00+00:00,22886.06,22893.56,22885.76,22892.56,178,168,0
2025-07-16 23:40:00+00:00,22892.56,22893.26,22890.26,22892.06,175,168,0
2025-07-16 23:45:00+00:00,22891.56,22893.06,22890.26,22891.66,171,168,0
2025-07-17 01:05:00+00:00,22885.16,22888.66,22881.86,22883.16,303,168,0
2025-07-17 01:10:00+00:00,22883.26,22885.76,22872.36,22878.56,407,168,0
2025-07-17 01:15:00+00:00,22879.06,22884.36,22875.86,22881.96,310,168,0
2025-07-17 01:20:00+00:00,22881.46,22885.56,22880.76,22882.76,269,168,0
2025-07-17 01:25:00+00:00,22882.86,22883.36,22873.66,22873.76,216,168,0
2025-07-17 01:30:00+00:00,22873.76,22878.26,22870.96,22873.16,348,168,0
2025-07-17 01:35:00+00:00,22872.96,22876.46,22868.46,22870.36,298,168,0
2025-07-17 01:40:00+00:00,22870.36,22870.96,22867.36,22869.46,255,168,0
2025-07-17 01:45:00+00:00,22869.36,22873.36,22864.26,22867.36,213,168,0
2025-07-17 01:50:00+00:00,22867.16,22869.26,22864.36,22865.26,240,168,0
2025-07-17 01:55:00+00:00,22864.26,22869.06,22862.16,22865.16,234,168,0
2025-07-17 02:00:00+00:00,22865.25,22873.25,22865.25,22871.05,276,150,0
2025-07-17 02:05:00+00:00,22871.25,22874.75,22867.75,22867.95,166,150,0
2025-07-17 02:10:00+00:00,22867.75,22872.95,22867.55,22870.35,181,150,0
2025-07-17 02:15:00+00:00,22870.55,22870.75,22866.95,22867.35,155,150,0
2025-07-17 02:20:00+00:00,22867.05,22868.45,22863.25,22867.95,211,150,0
2025-07-17 02:25:00+00:00,22867.45,22869.25,22865.85,22868.75,199,150,0
2025-07-17 02:30:00+00:00,22868.75,22868.95,22861.25,22864.55,231,150,0
2025-07-17 02:35:00+00:00,22864.95,22867.75,22863.75,22865.25,158,150,0
2025-07-17 02:40:00+00:00,22865.05,22876.25,22865.05,22873.85,200,150,0
2025-07-17 02:45:00+00:00,22873.85,22876.35,22872.45,22873.85,262,150,0
2025-07-17 02:50:00+00:00,22873.55,22874.25,22868.85,22870.45,283,150,0
2025-07-17 02:55:00+00:00,22870.35,22871.95,22867.85,22871.25,206,150,0
2025-07-17 03:00:00+00:00,22870.75,22874.25,22869.45,22870.65,562,150,0
2025-07-17 03:05:00+00:00,22870.75,22872.75,22857.35,22859.75,534,150,0
2025-07-17 03:10:00+00:00,22859.65,22862.95,22856.45,22858.75,481,160,0
2025-07-17 03:15:00+00:00,22859.05,22862.75,22855.25,22857.95,421,150,0
2025-07-17 03:20:00+00:00,22857.95,22864.75,22857.75,22861.45,374,150,0
2025-07-17 03:25:00+00:00,22861.75,22883.35,22861.75,22882.75,525,150,0
2025-07-17 03:30:00+00:00,22882.75,22884.65,22875.25,22876.25,466,150,0
2025-07-17 03:35:00+00:00,22875.45,22875.95,22872.15,22875.75,336,150,0
2025-07-17 03:40:00+00:00,22875.45,22878.45,22871.95,22873.55,273,150,0
2025-07-17 03:45:00+00:00,22874.25,22878.75,22872.45,22878.25,307,150,0
2025-07-17 03:50:00+00:00,22877.45,22883.95,22877.25,22882.45,288,150,0
2025-07-17 03:55:00+00:00,22882.35,22883.35,22876.25,22882.25,333,150,0
2025-07-17 04:00:00+00:00,22881.85,22887.75,22880.85,22883.95,351,150,0
2025-07-17 04:05:00+00:00,22883.85,22886.05,22879.95,22880.45,305,150,0
2025-07-17 04:10:00+00:00,22880.55,22888.25,22880.55,22887.35,286,150,0
2025-07-17 04:15:00+00:00,22887.45,22889.25,22882.95,22883.25,303,150,0
2025-07-17 04:20:00+00:00,22883.35,22885.85,22882.95,22883.95,219,150,0
2025-07-17 04:25:00+00:00,22883.75,22885.25,22880.35,22881.05,196,150,0
2025-07-17 04:30:00+00:00,22881.25,22881.95,22865.85,22865.85,543,150,0
2025-07-17 04:35:00+00:00,22865.95,22866.05,22856.75,22861.95,557,150,0
2025-07-17 04:40:00+00:00,22861.75,22870.05,22861.15,22869.45,384,150,0
2025-07-17 04:45:00+00:00,22869.95,22870.35,22861.95,22863.25,398,150,0
2025-07-17 04:50:00+00:00,22863.35,22865.05,22859.05,22863.85,315,150,0
2025-07-17 04:55:00+00:00,22863.95,22867.25,22862.85,22864.45,297,150,0
2025-07-17 05:00:00+00:00,22864.25,22864.45,22860.55,22862.55,305,150,0
2025-07-17 05:05:00+00:00,22862.45,22863.35,22858.05,22861.05,294,150,0
2025-07-17 05:10:00+00:00,22861.25,22861.95,22855.95,22861.05,276,150,0
2025-07-17 05:15:00+00:00,22860.85,22862.85,22859.45,22859.95,230,150,0
2025-07-17 05:20:00+00:00,22859.95,22863.35,22855.05,22863.25,292,150,0
2025-07-17 05:25:00+00:00,22862.95,22864.35,22860.95,22862.25,226,150,0
2025-07-17 05:30:00+00:00,22862.25,22862.45,22857.05,22858.25,216,150,0
2025-07-17 05:35:00+00:00,22857.45,22858.95,22853.95,22854.95,226,150,0
2025-07-17 05:40:00+00:00,22854.95,22857.25,22852.55,22855.35,223,150,0
2025-07-17 05:45:00+00:00,22855.55,22855.95,22851.95,22853.05,194,150,0
2025-07-17 05:50:00+00:00,22852.95,22859.35,22852.85,22857.25,234,150,0
2025-07-17 05:55:00+00:00,22857.35,22857.45,22853.35,22854.95,104,150,0
2025-07-17 06:00:00+00:00,22854.85,22857.85,22850.95,22851.85,264,150,0
2025-07-17 06:05:00+00:00,22851.75,22854.35,22848.95,22849.85,213,150,0
2025-07-17 06:10:00+00:00,22849.45,22854.35,22847.85,22853.85,203,150,0
2025-07-17 06:15:00+00:00,22853.35,22859.55,22852.85,22859.45,270,150,0
2025-07-17 06:20:00+00:00,22859.95,22861.35,22857.95,22860.35,191,150,0
2025-07-17 06:25:00+00:00,22860.25,22865.25,22858.85,22864.35,215,150,0
2025-07-17 06:30:00+00:00,22864.25,22865.85,22860.35,22860.85,232,150,0
2025-07-17 06:35:00+00:00,22860.45,22864.75,22857.95,22863.95,201,150,0
2025-07-17 06:40:00+00:00,22863.85,22868.25,22863.85,22867.85,201,150,0
2025-07-17 06:45:00+00:00,22867.75,22870.75,22866.35,22869.35,221,150,0
2025-07-17 06:50:00+00:00,22869.25,22869.45,22864.75,22866.75,187,150,0
2025-07-17 06:55:00+00:00,22866.45,22870.35,22865.95,22869.25,164,150,0
2025-07-17 07:00:00+00:00,22869.35,22870.05,22868.35,22869.05,165,150,0
2025-07-17 07:05:00+00:00,22868.95,22872.05,22868.35,22869.95,175,150,0
2025-07-17 07:10:00+00:00,22869.85,22872.25,22866.35,22869.75,161,150,0
2025-07-17 07:15:00+00:00,22869.75,22870.95,22867.25,22867.95,139,150,0
2025-07-17 07:20:00+00:00,22868.25,22869.05,22865.75,22865.95,145,150,0
2025-07-17 07:25:00+00:00,22866.05,22866.45,22863.25,22864.05,162,150,0
2025-07-17 07:30:00+00:00,22863.95,22864.55,22860.35,22861.45,152,150,0
2025-07-17 07:35:00+00:00,22861.55,22861.55,22857.55,22859.45,177,150,0
2025-07-17 07:40:00+00:00,22859.75,22863.95,22857.95,22863.55,159,150,0
2025-07-17 07:45:00+00:00,22864.05,22864.85,22859.35,22861.45,154,150,0
2025-07-17 07:50:00+00:00,22861.45,22871.95,22861.25,22870.75,222,150,0
2025-07-17 07:55:00+00:00,22870.85,22872.55,22869.45,22871.55,159,150,0
2025-07-17 08:00:00+00:00,22871.45,22878.35,22869.75,22878.35,257,150,0
2025-07-17 08:05:00+00:00,22879.05,22880.25,22876.25,22877.45,226,150,0
2025-07-17 08:10:00+00:00,22877.75,22878.95,22873.75,22875.45,218,150,0
2025-07-17 08:15:00+00:00,22875.75,22880.35,22873.85,22878.75,206,150,0
2025-07-17 08:20:00+00:00,22878.75,22884.35,22878.75,22881.35,199,150,0
2025-07-17 08:25:00+00:00,22880.95,22886.35,22880.85,22885.35,250,150,0
2025-07-17 08:30:00+00:00,22884.85,22900.55,22884.45,22895.45,671,150,0
2025-07-17 08:35:00+00:00,22895.65,22902.75,22893.45,22899.55,399,150,0
2025-07-17 08:40:00+00:00,22899.45,22907.45,22899.05,22907.35,413,150,0
2025-07-17 08:45:00+00:00,22907.25,22922.95,22905.95,22916.65,443,150,0
2025-07-17 08:50:00+00:00,22916.65,22930.25,22916.15,22919.15,503,160,0
2025-07-17 08:55:00+00:00,22918.95,22922.25,22915.25,22917.95,341,150,0
2025-07-17 09:00:00+00:00,22918.05,22930.35,22917.35,22928.45,488,150,0
2025-07-17 09:05:00+00:00,22928.35,22957.15,22928.25,22952.05,751,150,0
2025-07-17 09:10:00+00:00,22952.15,22954.75,22943.55,22945.15,522,170,0
2025-07-17 09:15:00+00:00,22945.45,22956.05,22944.35,22950.55,539,160,0
2025-07-17 09:20:00+00:00,22950.35,22959.75,22947.85,22958.45,472,160,0
2025-07-17 09:25:00+00:00,22958.85,22972.55,22957.65,22972.35,579,150,0
2025-07-17 09:30:00+00:00,22972.05,22973.75,22963.05,22967.95,554,150,0
2025-07-17 09:35:00+00:00,22968.45,22976.25,22965.75,22975.25,388,150,0
2025-07-17 09:40:00+00:00,22975.45,22981.65,22970.85,22975.55,407,150,0
2025-07-17 09:45:00+00:00,22975.95,22981.95,22972.65,22976.75,342,150,0
2025-07-17 09:50:00+00:00,22976.85,22978.45,22973.05,22975.25,339,150,0
2025-07-17 09:55:00+00:00,22975.35,22975.45,22963.95,22968.55,463,150,0
2025-07-17 10:00:00+00:00,22968.45,22971.85,22949.85,22950.05,921,150,0
2025-07-17 10:05:00+00:00,22949.85,22954.95,22945.65,22951.35,761,180,0
2025-07-17 10:10:00+00:00,22951.35,22954.95,22948.55,22951.05,634,160,0
2025-07-17 10:15:00+00:00,22951.45,22958.25,22933.25,22934.65,760,160,0
2025-07-17 10:20:00+00:00,22933.85,22940.25,22930.75,22935.15,654,160,0
2025-07-17 10:25:00+00:00,22935.65,22944.95,22934.55,22942.95,598,160,0
2025-07-17 10:30:00+00:00,22943.05,22959.35,22940.55,22950.35,743,160,0
2025-07-17 10:35:00+00:00,22950.05,22959.35,22945.15,22957.85,683,170,0
2025-07-17 10:40:00+00:00,22957.65,22965.75,22957.05,22962.75,535,160,0
2025-07-17 10:45:00+00:00,22962.75,22965.25,22951.65,22954.75,587,160,0
2025-07-17 10:50:00+00:00,22954.95,22957.25,22951.75,22953.15,466,160,0
2025-07-17 10:55:00+00:00,22953.25,22955.05,22943.35,22943.75,448,150,0
2025-07-17 11:00:00+00:00,22942.75,22948.85,22936.95,22938.25,810,150,0
2025-07-17 11:05:00+00:00,22938.05,22947.25,22936.05,22941.85,637,170,0
2025-07-17 11:10:00+00:00,22941.75,22946.25,22933.35,22934.85,571,160,0
2025-07-17 11:15:00+00:00,22934.75,22940.15,22924.05,22925.45,570,160,0
2025-07-17 11:20:00+00:00,22925.45,22930.45,22920.55,22921.15,551,160,0
2025-07-17 11:25:00+00:00,22920.95,22930.15,22919.25,22929.15,558,160,0
2025-07-17 11:30:00+00:00,22929.45,22935.25,22927.05,22932.35,555,150,0
2025-07-17 11:35:00+00:00,22933.35,22937.95,22925.05,22937.45,507,150,0
2025-07-17 11:40:00+00:00,22937.55,22939.35,22932.45,22934.75,437,150,0
2025-07-17 11:45:00+00:00,22934.75,22935.45,22923.45,22930.65,492,150,0
2025-07-17 11:50:00+00:00,22930.45,22939.15,22926.45,22939.15,407,160,0
2025-07-17 11:55:00+00:00,22939.25,22942.55,22933.25,22934.25,418,150,0
2025-07-17 12:00:00+00:00,22934.65,22946.15,22933.45,22945.05,395,160,0
2025-07-17 12:05:00+00:00,22945.15,22947.45,22937.05,22945.75,385,150,0
2025-07-17 12:10:00+00:00,22945.55,22951.75,22944.45,22948.85,324,150,0
2025-07-17 12:15:00+00:00,22948.75,22956.05,22948.45,22952.95,388,150,0
2025-07-17 12:20:00+00:00,22952.85,22954.25,22945.05,22948.25,362,150,0
2025-07-17 12:25:00+00:00,22948.35,22949.95,22944.55,22946.75,338,150,0
2025-07-17 12:30:00+00:00,22946.85,22954.95,22946.55,22954.05,329,150,0
2025-07-17 12:35:00+00:00,22953.35,22955.05,22949.05,22950.45,302,150,0
2025-07-17 12:40:00+00:00,22950.75,22953.75,22944.85,22948.05,301,150,0
2025-07-17 12:45:00+00:00,22948.25,22948.95,22941.95,22942.75,360,150,0
2025-07-17 12:50:00+00:00,22942.55,22944.35,22940.75,22941.45,281,150,0
2025-07-17 12:55:00+00:00,22941.55,22941.75,22937.55,22939.95,271,150,0
2025-07-17 13:00:00+00:00,22939.55,22945.85,22938.75,22941.05,353,150,0
2025-07-17 13:05:00+00:00,22940.25,22942.95,22936.55,22941.35,335,150,0
2025-07-17 13:10:00+00:00,22941.45,22942.55,22936.85,22939.25,248,150,0
2025-07-17 13:15:00+00:00,22939.35,22941.05,22935.95,22937.95,320,150,0
2025-07-17 13:20:00+00:00,22937.75,22941.45,22935.35,22936.25,300,150,0
2025-07-17 13:25:00+00:00,22935.75,22943.35,22934.35,22942.45,327,150,0
2025-07-17 13:30:00+00:00,22942.85,22944.35,22937.05,22940.45,319,150,0
2025-07-17 13:35:00+00:00,22940.25,22943.05,22937.75,22942.75,283,150,0
2025-07-17 13:40:00+00:00,22942.75,22943.75,22934.05,22934.95,354,150,0
2025-07-17 13:45:00+00:00,22935.25,22940.85,22923.35,22925.35,410,150,0
2025-07-17 13:50:00+00:00,22925.25,22927.35,22923.05,22926.55,348,150,0
2025-07-17 13:55:00+00:00,22926.75,22926.75,22918.35,22920.15,459,150,0
2025-07-17 14:00:00+00:00,22920.55,22921.15,22903.35,22909.45,769,160,0
2025-07-17 14:05:00+00:00,22908.85,22920.25,22908.75,22920.05,460,160,0
2025-07-17 14:10:00+00:00,22919.75,22925.05,22915.15,22921.45,434,150,0
2025-07-17 14:15:00+00:00,22921.55,22923.05,22913.45,22918.45,464,150,0
2025-07-17 14:20:00+00:00,22917.65,22920.65,22916.45,22919.25,393,150,0
2025-07-17 14:25:00+00:00,22919.75,22925.55,22919.45,22922.35,415,150,0
2025-07-17 14:30:00+00:00,22922.05,22923.25,22907.05,22913.75,487,150,0
2025-07-17 14:35:00+00:00,22913.75,22919.05,22912.65,22916.35,330,150,0
2025-07-17 14:40:00+00:00,22914.45,22917.45,22911.55,22913.95,340,150,0
2025-07-17 14:45:00+00:00,22914.55,22915.65,22905.25,22912.25,486,150,0
2025-07-17 14:50:00+00:00,22912.55,22914.25,22907.45,22912.75,385,150,0
2025-07-17 14:55:00+00:00,22912.35,22919.85,22910.05,22917.45,450,150,0
2025-07-17 15:00:00+00:00,22917.05,22928.35,22915.95,22925.95,542,150,0
2025-07-17 15:05:00+00:00,22924.55,22931.95,22924.55,22928.25,441,150,0
2025-07-17 15:10:00+00:00,22928.35,22932.25,22915.35,22917.05,517,150,0
2025-07-17 15:15:00+00:00,22915.95,22920.15,22912.75,22916.65,553,150,0
2025-07-17 15:20:00+00:00,22916.55,22923.95,22906.55,22923.45,663,160,0
2025-07-17 15:25:00+00:00,22923.65,22926.58,22920.45,22925.21,572,160,0
2025-07-17 15:30:00+00:00,22925.41,22943.95,22918.25,22927.75,1169,210,0
2025-07-17 15:35:00+00:00,22927.75,22945.45,22926.05,22944.15,877,180,0
2025-07-17 15:40:00+00:00,22944.45,22956.35,22943.15,22954.15,792,160,0
2025-07-17 15:45:00+00:00,22954.25,22962.75,22949.65,22961.75,716,160,0
2025-07-17 15:50:00+00:00,22961.95,22976.75,22957.05,22973.95,714,160,0
2025-07-17 15:55:00+00:00,22974.15,22977.75,22967.95,22976.55,725,160,0
2025-07-17 16:00:00+00:00,22976.25,22988.55,22972.25,22981.45,786,160,0
2025-07-17 16:05:00+00:00,22981.95,22987.05,22977.75,22978.05,626,160,0
2025-07-17 16:10:00+00:00,22978.15,22979.05,22965.75,22966.05,734,150,0
2025-07-17 16:15:00+00:00,22965.95,22966.65,22948.25,22949.25,733,160,0
2025-07-17 16:20:00+00:00,22949.55,22949.55,22937.45,22942.85,834,160,0
2025-07-17 16:25:00+00:00,22943.45,22947.25,22927.75,22931.05,1028,170,0
2025-07-17 16:30:00+00:00,22930.55,22948.35,22896.85,22915.85,1609,80,0
2025-07-17 16:35:00+00:00,22915.85,22924.15,22900.45,22910.25,1543,100,0
2025-07-17 16:40:00+00:00,22907.85,22958.55,22904.55,22953.15,1431,90,0
2025-07-17 16:45:00+00:00,22953.25,22968.55,22949.05,22967.05,1382,90,0
2025-07-17 16:50:00+00:00,22967.65,22987.65,22962.65,22984.15,1258,80,0
2025-07-17 16:55:00+00:00,22984.15,22989.15,22970.65,22980.55,1237,80,0
2025-07-17 17:00:00+00:00,22981.05,23005.95,22980.15,23003.15,1298,80,0
2025-07-17 17:05:00+00:00,23003.45,23004.95,22989.15,22998.15,1246,80,0
2025-07-17 17:10:00+00:00,22997.95,23000.95,22971.85,22983.45,1237,80,0
2025-07-17 17:15:00+00:00,22983.65,22987.95,22964.95,22965.65,1295,80,0
2025-07-17 17:20:00+00:00,22965.65,22974.15,22946.35,22959.35,1380,80,0
2025-07-17 17:25:00+00:00,22959.15,22986.65,22954.15,22985.15,1252,80,0
2025-07-17 17:30:00+00:00,22984.95,23007.65,22977.95,23002.45,1182,80,0
2025-07-17 17:35:00+00:00,23001.95,23010.05,22990.85,22999.05,1158,80,0
2025-07-17 17:40:00+00:00,22998.95,23010.15,22996.15,23003.65,1085,80,0
2025-07-17 17:45:00+00:00,23003.95,23025.85,22999.55,23023.65,1095,80,0
2025-07-17 17:50:00+00:00,23023.95,23027.65,23014.65,23016.65,1082,80,0
2025-07-17 17:55:00+00:00,23016.95,23029.55,23012.45,23025.45,1075,80,0
2025-07-17 18:00:00+00:00,23025.55,23047.55,23024.55,23047.05,1120,80,0
2025-07-17 18:05:00+00:00,23047.15,23074.65,23044.65,23064.65,1215,80,0
2025-07-17 18:10:00+00:00,23065.05,23068.05,23055.45,23066.65,1042,80,0
2025-07-17 18:15:00+00:00,23067.15,23068.65,23048.05,23054.65,1020,80,0
2025-07-17 18:20:00+00:00,23054.95,23059.35,23047.45,23058.65,1055,80,0
2025-07-17 18:25:00+00:00,23058.95,23062.55,23053.85,23059.65,979,80,0
2025-07-17 18:30:00+00:00,23059.65,23061.15,23047.85,23050.65,960,80,0
2025-07-17 18:35:00+00:00,23050.65,23062.35,23048.95,23062.05,989,80,0
2025-07-17 18:40:00+00:00,23061.35,23075.05,23061.05,23069.55,985,80,0
2025-07-17 18:45:00+00:00,23069.05,23076.85,23068.75,23070.05,901,80,0
2025-07-17 18:50:00+00:00,23070.05,23077.55,23066.25,23071.55,920,80,0
2025-07-17 18:55:00+00:00,23071.85,23084.75,23069.35,23079.75,833,80,0
2025-07-17 19:00:00+00:00,23079.55,23086.85,23076.45,23085.55,936,80,0
2025-07-17 19:05:00+00:00,23085.85,23093.05,23080.45,23091.85,837,80,0
2025-07-17 19:10:00+00:00,23091.75,23095.35,23084.45,23086.95,854,80,0
2025-07-17 19:15:00+00:00,23087.35,23088.75,23074.85,23076.55,859,80,0
2025-07-17 19:20:00+00:00,23076.75,23098.85,23076.05,23095.85,907,80,0
2025-07-17 19:25:00+00:00,23095.75,23104.85,23085.65,23088.65,976,80,0
2025-07-17 19:30:00+00:00,23088.65,23089.85,23080.85,23088.85,916,80,0
2025-07-17 19:35:00+00:00,23088.65,23091.65,23077.85,23079.85,832,80,0
2025-07-17 19:40:00+00:00,23080.15,23086.35,23076.35,23082.35,814,80,0
2025-07-17 19:45:00+00:00,23082.55,23091.65,23079.15,23090.85,796,80,0
2025-07-17 19:50:00+00:00,23090.85,23094.65,23082.25,23083.35,826,80,0
2025-07-17 19:55:00+00:00,23083.65,23087.85,23080.05,23086.35,803,80,0
2025-07-17 20:00:00+00:00,23086.55,23088.65,23081.65,23084.85,758,80,0
2025-07-17 20:05:00+00:00,23083.35,23083.65,23076.85,23082.65,735,80,0
2025-07-17 20:10:00+00:00,23082.85,23089.65,23080.15,23088.35,698,80,0
2025-07-17 20:15:00+00:00,23088.05,23093.05,23085.35,23092.85,759,80,0
2025-07-17 20:20:00+00:00,23092.85,23092.85,23082.25,23086.65,723,80,0
2025-07-17 20:25:00+00:00,23086.65,23088.35,23070.35,23088.15,870,80,0
2025-07-17 20:30:00+00:00,23088.25,23091.15,23082.75,23087.65,865,80,0
2025-07-17 20:35:00+00:00,23087.65,23092.15,23084.85,23088.55,700,80,0
2025-07-17 20:40:00+00:00,23088.35,23094.75,23088.15,23090.15,683,80,0
2025-07-17 20:45:00+00:00,23090.05,23094.35,23084.75,23091.65,676,80,0
2025-07-17 20:50:00+00:00,23091.65,23093.65,23085.25,23091.05,660,80,0
2025-07-17 20:55:00+00:00,23091.15,23105.35,23091.15,23105.15,753,80,0
2025-07-17 21:00:00+00:00,23105.65,23106.35,23090.55,23092.05,846,80,0
2025-07-17 21:05:00+00:00,23092.15,23092.65,23079.65,23081.15,827,80,0
2025-07-17 21:10:00+00:00,23080.85,23083.15,23070.65,23071.65,832,80,0
2025-07-17 21:15:00+00:00,23071.55,23085.05,23066.35,23082.75,869,80,0
2025-07-17 21:20:00+00:00,23082.65,23088.25,23076.65,23087.35,844,80,0
2025-07-17 21:25:00+00:00,23087.15,23089.15,23078.75,23085.65,774,80,0
2025-07-17 21:30:00+00:00,23086.15,23089.65,23077.85,23083.35,715,80,0
2025-07-17 21:35:00+00:00,23082.35,23087.85,23077.35,23087.15,678,80,0
2025-07-17 21:40:00+00:00,23087.35,23088.85,23082.75,23086.15,669,80,0
2025-07-17 21:45:00+00:00,23086.35,23087.05,23080.25,23085.45,706,80,0
2025-07-17 21:50:00+00:00,23086.75,23091.25,23079.45,23079.95,762,80,0
2025-07-17 21:55:00+00:00,23079.95,23086.45,23078.45,23079.45,690,80,0
2025-07-17 22:00:00+00:00,23080.45,23098.75,23077.75,23095.25,891,80,0
2025-07-17 22:05:00+00:00,23095.95,23096.25,23086.95,23087.75,717,80,0
2025-07-17 22:10:00+00:00,23087.95,23089.95,23083.45,23084.75,676,80,0
2025-07-17 22:15:00+00:00,23084.75,23089.65,23084.25,23088.75,779,80,0
2025-07-17 22:20:00+00:00,23088.85,23090.25,23084.65,23087.95,665,80,0
2025-07-17 22:25:00+00:00,23087.75,23089.35,23085.25,23088.45,655,80,0
2025-07-17 22:30:00+00:00,23088.45,23099.75,23084.45,23095.65,860,80,0
2025-07-17 22:35:00+00:00,23095.45,23097.85,23089.95,23096.35,700,80,0
2025-07-17 22:40:00+00:00,23096.45,23097.95,23082.15,23083.75,897,80,0
2025-07-17 22:45:00+00:00,23083.75,23094.95,23080.25,23092.95,957,80,0
2025-07-17 22:50:00+00:00,23084.95,23103.95,23079.45,23088.15,1119,80,0
2025-07-17 22:55:00+00:00,23085.85,23092.35,23072.05,23084.05,1301,80,0
2025-07-17 23:00:00+00:00,23083.36,23092.96,23064.26,23064.76,1190,108,0
2025-07-17 23:05:00+00:00,23065.76,23076.86,23060.66,23075.66,800,198,0
2025-07-17 23:10:00+00:00,23075.86,23090.96,23074.36,23081.96,658,168,0
2025-07-17 23:15:00+00:00,23079.96,23089.46,23079.56,23084.56,355,168,0
2025-07-17 23:20:00+00:00,23084.26,23087.06,23081.56,23086.46,269,168,0
2025-07-17 23:25:00+00:00,23086.56,23095.56,23085.76,23091.56,329,168,0
2025-07-17 23:30:00+00:00,23091.76,23096.96,23090.26,23096.26,237,168,0
2025-07-17 23:35:00+00:00,23095.96,23100.66,23092.56,23097.76,224,168,0
2025-07-17 23:40:00+00:00,23097.66,23099.26,23091.46,23092.76,259,168,0
2025-07-17 23:45:00+00:00,23092.76,23095.46,23089.56,23091.66,306,168,0
2025-07-18 01:05:00+00:00,23079.26,23082.86,23077.96,23082.36,283,168,0
2025-07-18 01:10:00+00:00,23082.36,23089.16,23081.16,23087.36,308,168,0
2025-07-18 01:15:00+00:00,23087.66,23087.76,23081.26,23086.66,233,168,0
2025-07-18 01:20:00+00:00,23086.36,23089.86,23084.56,23087.16,194,168,0
2025-07-18 01:25:00+00:00,23086.86,23091.96,23086.16,23090.86,138,168,0
2025-07-18 01:30:00+00:00,23090.86,23091.86,23083.96,23087.66,258,168,0
2025-07-18 01:35:00+00:00,23087.76,23089.36,23082.66,23085.96,211,168,0
2025-07-18 01:40:00+00:00,23086.26,23086.36,23082.26,23084.76,150,168,0
2025-07-18 01:45:00+00:00,23084.96,23086.96,23084.26,23085.26,96,168,0
2025-07-18 01:50:00+00:00,23085.16,23088.86,23084.16,23088.76,101,168,0
2025-07-18 01:55:00+00:00,23088.76,23088.96,23085.46,23088.96,99,168,0
2025-07-18 02:00:00+00:00,23088.96,23096.55,23088.96,23089.95,288,150,0
2025-07-18 02:05:00+00:00,23089.85,23101.05,23089.55,23098.45,327,150,0
2025-07-18 02:10:00+00:00,23098.05,23107.35,23098.05,23106.85,328,150,0
2025-07-18 02:15:00+00:00,23106.85,23115.65,23102.75,23103.05,406,150,0
2025-07-18 02:20:00+00:00,23102.95,23103.05,23095.75,23101.95,257,150,0
2025-07-18 02:25:00+00:00,23101.85,23103.05,23098.55,23101.05,192,150,0
2025-07-18 02:30:00+00:00,23101.25,23102.55,23096.95,23099.75,150,150,0
2025-07-18 02:35:00+00:00,23099.55,23101.85,23098.85,23098.95,139,150,0
2025-07-18 02:40:00+00:00,23098.85,23103.95,23098.75,23103.85,185,150,0
2025-07-18 02:45:00+00:00,23103.55,23109.05,23103.05,23108.75,264,150,0
2025-07-18 02:50:00+00:00,23108.55,23120.35,23107.35,23112.05,366,150,0
2025-07-18 02:55:00+00:00,23111.65,23117.85,23109.25,23113.05,350,150,0
2025-07-18 03:00:00+00:00,23112.75,23116.35,23107.95,23114.35,514,150,0
2025-07-18 03:05:00+00:00,23114.45,23116.95,23106.85,23109.95,415,150,0
2025-07-18 03:10:00+00:00,23108.95,23113.85,23108.35,23113.05,365,150,0
2025-07-18 03:15:00+00:00,23112.95,23114.95,23109.85,23113.55,319,150,0
2025-07-18 03:20:00+00:00,23113.45,23114.25,23108.45,23108.55,257,150,0
2025-07-18 03:25:00+00:00,23108.75,23109.75,23105.55,23106.05,253,150,0
2025-07-18 03:30:00+00:00,23106.35,23106.35,23101.25,23102.85,276,150,0
2025-07-18 03:35:00+00:00,23102.75,23105.85,23101.55,23104.85,242,150,0
2025-07-18 03:40:00+00:00,23104.95,23106.85,23100.85,23100.95,265,150,0
2025-07-18 03:45:00+00:00,23100.85,23101.25,23097.35,23099.25,290,150,0
2025-07-18 03:50:00+00:00,23099.45,23103.75,23099.45,23102.55,259,150,0
2025-07-18 03:55:00+00:00,23102.35,23102.45,23096.55,23099.55,278,150,0
2025-07-18 04:00:00+00:00,23099.55,23102.45,23097.25,23101.05,347,150,0
2025-07-18 04:05:00+00:00,23101.35,23103.85,23099.45,23101.55,255,150,0
2025-07-18 04:10:00+00:00,23101.55,23103.05,23099.55,23101.55,251,150,0
2025-07-18 04:15:00+00:00,23101.75,23101.85,23097.45,23098.85,222,150,0
2025-07-18 04:20:00+00:00,23098.75,23098.85,23092.25,23092.35,276,150,0
2025-07-18 04:25:00+00:00,23092.45,23095.55,23091.85,23094.75,223,150,0
2025-07-18 04:30:00+00:00,23094.95,23098.25,23094.45,23097.35,264,150,0
2025-07-18 04:35:00+00:00,23097.35,23100.45,23094.75,23099.95,285,150,0
2025-07-18 04:40:00+00:00,23099.75,23104.55,23099.55,23099.75,238,150,0
2025-07-18 04:45:00+00:00,23099.85,23100.95,23097.95,23099.35,233,150,0
2025-07-18 04:50:00+00:00,23099.25,23100.75,23096.05,23099.45,243,150,0
2025-07-18 04:55:00+00:00,23099.25,23100.55,23097.45,23098.95,204,150,0
2025-07-18 05:00:00+00:00,23098.95,23099.35,23092.85,23094.85,243,150,0
2025-07-18 05:05:00+00:00,23094.75,23096.35,23093.45,23095.95,150,150,0
2025-07-18 05:10:00+00:00,23095.95,23098.55,23095.45,23098.25,184,150,0
2025-07-18 05:15:00+00:00,23098.05,23100.55,23096.05,23096.85,147,150,0
2025-07-18 05:20:00+00:00,23096.55,23101.05,23096.45,23100.85,163,150,0
2025-07-18 05:25:00+00:00,23100.75,23103.35,23099.75,23101.95,203,150,0
2025-07-18 05:30:00+00:00,23101.85,23106.05,23100.95,23105.55,234,150,0
2025-07-18 05:35:00+00:00,23105.85,23106.45,23103.45,23106.05,182,150,0
2025-07-18 05:40:00+00:00,23105.95,23110.95,23105.85,23110.45,251,150,0
2025-07-18 05:45:00+00:00,23110.55,23114.45,23109.55,23113.55,190,150,0
2025-07-18 05:50:00+00:00,23113.75,23119.05,23113.55,23116.45,268,150,0
2025-07-18 05:55:00+00:00,23116.35,23116.75,23110.95,23112.05,213,150,0
2025-07-18 06:00:00+00:00,23112.05,23113.95,23109.75,23112.75,236,150,0
2025-07-18 06:05:00+00:00,23112.55,23114.05,23109.85,23110.55,170,150,0
2025-07-18 06:10:00+00:00,23110.85,23112.25,23108.95,23110.95,183,150,0
2025-07-18 06:15:00+00:00,23110.45,23110.95,23107.55,23109.45,133,150,0
2025-07-18 06:20:00+00:00,23108.85,23112.05,23107.85,23111.55,171,150,0
2025-07-18 06:25:00+00:00,23111.35,23114.55,23108.25,23114.55,194,150,0
2025-07-18 06:30:00+00:00,23114.35,23117.55,23108.05,23112.95,259,150,0
2025-07-18 06:35:00+00:00,23112.75,23112.75,23106.45,23107.75,221,150,0
2025-07-18 06:40:00+00:00,23107.75,23111.45,23106.45,23111.25,184,150,0
2025-07-18 06:45:00+00:00,23111.05,23111.85,23109.95,23110.55,152,150,0
2025-07-18 06:50:00+00:00,23110.45,23111.05,23107.25,23107.75,124,150,0
2025-07-18 06:55:00+00:00,23107.85,23109.45,23106.75,23107.85,121,150,0
2025-07-18 07:00:00+00:00,23107.85,23109.05,23105.25,23107.05,165,150,0
2025-07-18 07:05:00+00:00,23106.85,23107.95,23104.55,23105.05,154,150,0
2025-07-18 07:10:00+00:00,23105.25,23106.45,23104.25,23104.35,123,150,0
2025-07-18 07:15:00+00:00,23104.75,23106.35,23103.95,23104.85,129,150,0
2025-07-18 07:20:00+00:00,23104.85,23106.45,23103.95,23106.05,110,150,0
2025-07-18 07:25:00+00:00,23105.95,23111.85,23105.75,23110.25,172,150,0
2025-07-18 07:30:00+00:00,23110.55,23112.95,23109.25,23111.95,151,150,0
2025-07-18 07:35:00+00:00,23111.85,23112.95,23110.35,23112.75,148,150,0
2025-07-18 07:40:00+00:00,23112.95,23112.95,23108.55,23108.75,122,150,0
2025-07-18 07:45:00+00:00,23108.85,23109.25,23105.95,23108.95,166,150,0
2025-07-18 07:50:00+00:00,23109.25,23110.25,23107.95,23108.95,126,150,0
2025-07-18 07:55:00+00:00,23109.05,23110.95,23108.25,23110.85,125,150,0
2025-07-18 08:00:00+00:00,23110.75,23116.95,23109.95,23116.45,226,150,0
2025-07-18 08:05:00+00:00,23116.75,23117.95,23113.25,23113.35,221,150,0
2025-07-18 08:10:00+00:00,23113.25,23126.25,23110.95,23123.55,257,150,0
2025-07-18 08:15:00+00:00,23123.45,23126.35,23123.25,23125.75,308,150,0
2025-07-18 08:20:00+00:00,23125.55,23126.75,23123.75,23126.55,179,150,0
2025-07-18 08:25:00+00:00,23126.85,23128.35,23121.25,23128.25,198,150,0
2025-07-18 08:30:00+00:00,23128.35,23138.45,23127.55,23137.95,334,150,0
2025-07-18 08:35:00+00:00,23137.95,23141.25,23135.45,23138.75,202,150,0
2025-07-18 08:40:00+00:00,23138.95,23139.35,23134.25,23134.75,192,150,0
2025-07-18 08:45:00+00:00,23134.45,23138.25,23133.45,23136.05,196,150,0
2025-07-18 08:50:00+00:00,23136.25,23136.55,23132.45,23134.55,176,150,0
2025-07-18 08:55:00+00:00,23134.45,23137.55,23133.05,23135.85,210,150,0
2025-07-18 09:00:00+00:00,23135.75,23137.85,23130.45,23133.85,315,150,0
2025-07-18 09:05:00+00:00,23133.95,23135.85,23131.55,23133.95,223,150,0
2025-07-18 09:10:00+00:00,23133.95,23135.95,23131.95,23133.05,196,150,0
2025-07-18 09:15:00+00:00,23133.05,23133.55,23131.45,23133.25,182,150,0
2025-07-18 09:20:00+00:00,23132.75,23141.55,23131.25,23138.25,260,150,0
2025-07-18 09:25:00+00:00,23138.05,23138.55,23127.85,23128.35,286,150,0
2025-07-18 09:30:00+00:00,23128.35,23131.95,23123.75,23125.45,317,150,0
2025-07-18 09:35:00+00:00,23125.75,23126.55,23119.75,23122.85,313,150,0
2025-07-18 09:40:00+00:00,23122.95,23123.05,23120.25,23121.35,204,150,0
2025-07-18 09:45:00+00:00,23121.05,23121.95,23117.05,23120.85,217,150,0
2025-07-18 09:50:00+00:00,23120.75,23124.85,23118.85,23122.45,264,150,0
2025-07-18 09:55:00+00:00,23121.95,23123.45,23115.05,23115.95,285,150,0
2025-07-18 10:00:00+00:00,23115.95,23123.45,23114.95,23121.75,651,150,0
2025-07-18 10:05:00+00:00,23122.05,23124.85,23119.45,23120.45,447,150,0
2025-07-18 10:10:00+00:00,23120.75,23123.85,23104.05,23105.55,602,150,0
2025-07-18 10:15:00+00:00,23105.45,23112.05,23104.45,23110.75,478,150,0
2025-07-18 10:20:00+00:00,23110.85,23111.45,23105.35,23107.55,354,150,0
2025-07-18 10:25:00+00:00,23107.55,23110.05,23104.45,23108.25,350,150,0
2025-07-18 10:30:00+00:00,23108.55,23108.95,23099.45,23099.45,367,150,0
2025-07-18 10:35:00+00:00,23099.05,23106.15,23093.55,23105.75,647,150,0
2025-07-18 10:40:00+00:00,23105.55,23111.95,23104.15,23111.75,368,150,0
2025-07-18 10:45:00+00:00,23111.85,23113.55,23106.95,23109.45,425,150,0
2025-07-18 10:50:00+00:00,23109.75,23114.45,23105.85,23113.45,347,150,0
2025-07-18 10:55:00+00:00,23113.75,23114.25,23100.75,23100.75,399,150,0
2025-07-18 11:00:00+00:00,23099.25,23112.75,23099.25,23106.55,642,150,0
2025-07-18 11:05:00+00:00,23106.55,23107.45,23098.75,23100.35,428,150,0
2025-07-18 11:10:00+00:00,23100.35,23110.25,23097.95,23109.85,440,150,0
2025-07-18 11:15:00+00:00,23109.75,23111.85,23107.35,23111.75,347,150,0
2025-07-18 11:20:00+00:00,23111.85,23118.45,23111.25,23114.55,383,150,0
2025-07-18 11:25:00+00:00,23114.45,23116.45,23111.75,23112.85,332,150,0
2025-07-18 11:30:00+00:00,23112.85,23112.95,23108.75,23109.05,354,150,0
2025-07-18 11:35:00+00:00,23109.05,23111.35,23106.75,23109.45,364,150,0
2025-07-18 11:40:00+00:00,23109.35,23110.85,23105.55,23109.35,354,150,0
2025-07-18 11:45:00+00:00,23109.55,23114.35,23108.75,23112.55,308,150,0
2025-07-18 11:50:00+00:00,23112.55,23117.35,23110.35,23116.05,296,150,0
2025-07-18 11:55:00+00:00,23115.95,23116.05,23110.75,23113.45,326,150,0
2025-07-18 12:00:00+00:00,23113.35,23119.05,23111.25,23118.85,349,150,0
2025-07-18 12:05:00+00:00,23118.85,23119.05,23112.95,23114.75,233,150,0
2025-07-18 12:10:00+00:00,23114.45,23119.25,23114.45,23119.05,299,150,0
2025-07-18 12:15:00+00:00,23118.85,23121.05,23114.25,23114.45,255,150,0
2025-07-18 12:20:00+00:00,23114.45,23117.35,23114.25,23116.25,204,150,0
2025-07-18 12:25:00+00:00,23116.05,23116.55,23111.05,23115.85,270,150,0
2025-07-18 12:30:00+00:00,23115.95,23117.75,23114.75,23117.45,265,150,0
2025-07-18 12:35:00+00:00,23117.45,23119.25,23115.25,23116.75,247,150,0
2025-07-18 12:40:00+00:00,23116.85,23117.25,23108.75,23112.25,295,150,0
2025-07-18 12:45:00+00:00,23112.25,23112.75,23108.55,23110.05,215,150,0
2025-07-18 12:50:00+00:00,23110.05,23115.25,23108.25,23111.55,288,150,0
2025-07-18 12:55:00+00:00,23111.55,23111.85,23107.55,23109.75,262,150,0
2025-07-18 13:00:00+00:00,23109.85,23112.95,23108.55,23108.75,245,150,0
2025-07-18 13:05:00+00:00,23108.25,23111.05,23104.85,23108.55,272,150,0
2025-07-18 13:10:00+00:00,23108.75,23109.45,23104.05,23107.35,251,150,0
2025-07-18 13:15:00+00:00,23107.35,23107.45,23098.35,23098.85,309,150,0
2025-07-18 13:20:00+00:00,23098.75,23099.25,23084.25,23089.05,573,150,0
2025-07-18 13:25:00+00:00,23089.25,23093.05,23085.75,23091.35,415,150,0
2025-07-18 13:30:00+00:00,23091.35,23094.95,23085.25,23090.45,486,150,0
2025-07-18 13:35:00+00:00,23090.35,23095.45,23089.05,23095.35,402,150,0
2025-07-18 13:40:00+00:00,23095.45,23097.25,23092.75,23094.75,302,150,0
2025-07-18 13:45:00+00:00,23094.75,23094.75,23091.75,23092.75,287,150,0
2025-07-18 13:50:00+00:00,23092.75,23098.95,23092.25,23095.35,386,150,0
2025-07-18 13:55:00+00:00,23095.55,23099.75,23093.75,23098.25,297,150,0
2025-07-18 14:00:00+00:00,23098.25,23104.25,23093.95,23093.95,608,150,0
2025-07-18 14:05:00+00:00,23094.05,23098.05,23092.95,23097.95,445,150,0
2025-07-18 14:10:00+00:00,23098.05,23098.75,23092.05,23092.75,370,150,0
2025-07-18 14:15:00+00:00,23092.35,23093.55,23082.95,23084.75,480,150,0
2025-07-18 14:20:00+00:00,23084.55,23093.35,23084.55,23091.45,407,150,0
2025-07-18 14:25:00+00:00,23091.55,23092.75,23088.85,23092.55,292,150,0
2025-07-18 14:30:00+00:00,23091.85,23096.45,23091.25,23096.45,340,150,0
2025-07-18 14:35:00+00:00,23096.45,23098.75,23094.25,23095.85,303,150,0
2025-07-18 14:40:00+00:00,23095.95,23097.45,23092.55,23094.75,283,150,0
2025-07-18 14:45:00+00:00,23094.55,23100.45,23093.25,23097.35,388,150,0
2025-07-18 14:50:00+00:00,23097.45,23104.05,23096.35,23103.45,469,150,0
2025-07-18 14:55:00+00:00,23103.25,23103.25,23094.25,23095.95,286,150,0
2025-07-18 15:00:00+00:00,23096.45,23101.85,23091.95,23093.15,504,150,0
2025-07-18 15:05:00+00:00,23093.25,23093.45,23085.95,23090.55,510,150,0
2025-07-18 15:10:00+00:00,23090.55,23095.55,23088.95,23091.05,420,150,0
2025-07-18 15:15:00+00:00,23091.05,23099.45,23090.25,23096.55,564,150,0
2025-07-18 15:20:00+00:00,23096.65,23098.85,23092.55,23096.95,429,150,0
2025-07-18 15:25:00+00:00,23098.05,23098.75,23093.45,23094.45,448,150,0
2025-07-18 15:30:00+00:00,23094.35,23096.95,23087.55,23091.75,600,150,0
2025-07-18 15:35:00+00:00,23092.05,23099.95,23089.45,23098.55,481,160,0
2025-07-18 15:40:00+00:00,23098.25,23099.65,23090.65,23096.55,539,150,0
2025-07-18 15:45:00+00:00,23096.75,23103.55,23093.55,23098.95,506,150,0
2025-07-18 15:50:00+00:00,23099.05,23100.25,23093.75,23093.95,379,150,0
2025-07-18 15:55:00+00:00,23094.05,23102.75,23092.75,23099.95,443,150,0
2025-07-18 16:00:00+00:00,23099.95,23110.45,23098.05,23108.45,588,150,0
2025-07-18 16:05:00+00:00,23108.65,23113.35,23106.75,23112.25,530,150,0
2025-07-18 16:10:00+00:00,23112.05,23113.95,23108.85,23109.45,428,150,0
2025-07-18 16:15:00+00:00,23109.75,23110.05,23089.15,23096.65,667,150,0
2025-07-18 16:20:00+00:00,23096.25,23101.65,23094.25,23098.45,608,160,0
2025-07-18 16:25:00+00:00,23108.05,23150.95,23102.85,23131.15,1261,160,0
2025-07-18 16:30:00+00:00,23132.15,23140.95,23099.95,23123.25,1606,110,0
2025-07-18 16:35:00+00:00,23123.15,23126.95,23089.55,23106.25,1491,90,0
2025-07-18 16:40:00+00:00,23108.55,23111.25,23097.85,23099.85,1368,80,0
2025-07-18 16:45:00+00:00,23100.05,23127.65,23099.35,23118.05,1277,80,0
2025-07-18 16:50:00+00:00,23118.05,23126.35,23087.35,23096.55,1376,80,0
2025-07-18 16:55:00+00:00,23096.45,23098.05,23084.05,23090.55,1230,80,0
2025-07-18 17:00:00+00:00,23090.15,23116.85,23072.35,23079.15,1430,80,0
2025-07-18 17:05:00+00:00,23079.15,23087.65,23067.85,23076.55,1414,80,0
2025-07-18 17:10:00+00:00,23076.65,23084.35,23057.05,23062.55,1352,80,0
2025-07-18 17:15:00+00:00,23062.05,23067.35,23039.55,23061.35,1341,80,0
2025-07-18 17:20:00+00:00,23061.05,23070.55,23038.85,23042.25,1449,80,0
2025-07-18 17:25:00+00:00,23040.75,23045.15,23018.75,23025.85,1421,80,0
2025-07-18 17:30:00+00:00,23027.15,23043.85,23022.55,23036.55,1365,80,0
2025-07-18 17:35:00+00:00,23036.35,23048.85,23026.65,23038.05,1320,80,0
2025-07-18 17:40:00+00:00,23037.45,23055.55,23032.85,23055.05,1290,80,0
2025-07-18 17:45:00+00:00,23056.05,23062.35,23039.05,23041.65,1153,80,0
2025-07-18 17:50:00+00:00,23041.95,23054.45,23039.55,23042.05,1145,80,0
2025-07-18 17:55:00+00:00,23043.05,23057.05,23035.35,23035.95,1141,80,0
2025-07-18 18:00:00+00:00,23036.35,23041.05,23019.85,23022.55,1328,80,0
2025-07-18 18:05:00+00:00,23022.35,23044.85,23018.85,23040.35,1197,80,0
2025-07-18 18:10:00+00:00,23040.05,23049.65,23034.35,23036.55,1177,80,0
2025-07-18 18:15:00+00:00,23036.35,23053.05,23035.85,23036.95,1105,80,0
2025-07-18 18:20:00+00:00,23037.35,23046.85,23032.55,23036.35,1117,80,0
2025-07-18 18:25:00+00:00,23036.35,23049.05,23032.85,23047.85,955,80,0
2025-07-18 18:30:00+00:00,23048.85,23064.85,23048.85,23060.85,1013,80,0
2025-07-18 18:35:00+00:00,23060.55,23068.05,23056.35,23057.55,959,80,0
2025-07-18 18:40:00+00:00,23057.35,23069.15,23050.55,23064.55,1019,80,0
2025-07-18 18:45:00+00:00,23064.95,23078.15,23061.55,23077.85,916,80,0
2025-07-18 18:50:00+00:00,23077.65,23083.15,23075.35,23081.35,877,80,0
2025-07-18 18:55:00+00:00,23081.15,23081.55,23070.45,23078.95,889,80,0
2025-07-18 19:00:00+00:00,23078.85,23080.85,23065.15,23069.35,898,80,0
2025-07-18 19:05:00+00:00,23069.05,23073.85,23054.85,23061.85,1003,80,0
2025-07-18 19:10:00+00:00,23061.35,23063.35,23052.95,23053.35,882,80,0
2025-07-18 19:15:00+00:00,23053.35,23055.95,23044.95,23054.85,909,80,0
2025-07-18 19:20:00+00:00,23055.05,23056.95,23040.85,23051.55,1058,80,0
2025-07-18 19:25:00+00:00,23051.55,23055.85,23009.45,23034.35,1318,80,0
2025-07-18 19:30:00+00:00,23034.25,23035.55,23011.05,23019.95,1174,80,0
2025-07-18 19:35:00+00:00,23020.05,23027.85,23007.55,23026.45,1120,80,0
2025-07-18 19:40:00+00:00,23026.35,23043.05,23025.35,23039.05,1032,80,0
2025-07-18 19:45:00+00:00,23039.05,23047.45,23021.95,23030.85,992,80,0
2025-07-18 19:50:00+00:00,23031.05,23044.05,23026.55,23033.05,1040,80,0
2025-07-18 19:55:00+00:00,23033.35,23034.95,23012.95,23018.85,1152,80,0
2025-07-18 20:00:00+00:00,23018.95,23027.05,23004.55,23016.85,1110,80,0
2025-07-18 20:05:00+00:00,23016.65,23031.05,23013.05,23022.05,1013,80,0
2025-07-18 20:10:00+00:00,23021.65,23036.55,23005.85,23035.95,1016,80,0
2025-07-18 20:15:00+00:00,23036.85,23038.55,23027.65,23030.35,917,80,0
2025-07-18 20:20:00+00:00,23030.85,23046.95,23027.35,23038.85,955,80,0
2025-07-18 20:25:00+00:00,23037.95,23050.35,23031.95,23042.35,872,80,0
2025-07-18 20:30:00+00:00,23042.35,23053.85,23042.05,23048.65,862,80,0
2025-07-18 20:35:00+00:00,23048.55,23052.45,23036.35,23052.35,784,80,0
2025-07-18 20:40:00+00:00,23052.15,23053.85,23036.45,23037.85,806,80,0
2025-07-18 20:45:00+00:00,23037.85,23041.55,23027.05,23036.55,956,80,0
2025-07-18 20:50:00+00:00,23036.35,23037.35,23022.95,23025.05,900,80,0
2025-07-18 20:55:00+00:00,23024.55,23033.45,23020.15,23030.35,843,80,0
2025-07-18 21:00:00+00:00,23031.35,23047.55,23029.05,23046.55,824,80,0
2025-07-18 21:05:00+00:00,23046.55,23048.45,23033.85,23037.85,772,80,0
2025-07-18 21:10:00+00:00,23037.95,23038.35,23027.85,23032.35,832,80,0
2025-07-18 21:15:00+00:00,23032.05,23039.55,23026.45,23039.35,816,80,0
2025-07-18 21:20:00+00:00,23039.35,23047.15,23038.85,23045.05,711,80,0
2025-07-18 21:25:00+00:00,23045.05,23049.55,23041.85,23049.05,713,80,0
2025-07-18 21:30:00+00:00,23049.35,23058.55,23041.85,23047.35,842,80,0
2025-07-18 21:35:00+00:00,23047.45,23052.15,23044.55,23045.55,701,80,0
2025-07-18 21:40:00+00:00,23045.85,23056.85,23045.35,23052.35,631,80,0
2025-07-18 21:45:00+00:00,23052.05,23054.45,23044.35,23049.85,626,80,0
2025-07-18 21:50:00+00:00,23050.05,23050.35,23035.05,23037.35,668,80,0
2025-07-18 21:55:00+00:00,23037.55,23037.55,23029.35,23035.35,769,80,0
2025-07-18 22:00:00+00:00,23034.85,23040.55,23030.55,23031.35,850,80,0
2025-07-18 22:05:00+00:00,23031.05,23042.05,23030.85,23040.95,695,80,0
2025-07-18 22:10:00+00:00,23040.55,23044.45,23037.65,23042.05,743,80,0
2025-07-18 22:15:00+00:00,23042.05,23056.65,23041.55,23056.45,749,80,0
2025-07-18 22:20:00+00:00,23056.45,23062.05,23053.55,23053.55,763,80,0
2025-07-18 22:25:00+00:00,23053.35,23053.35,23040.95,23044.35,871,80,0
2025-07-18 22:30:00+00:00,23044.35,23046.85,23033.55,23037.05,834,80,0
2025-07-18 22:35:00+00:00,23037.15,23039.85,23032.35,23034.35,772,80,0
2025-07-18 22:40:00+00:00,23034.35,23042.55,23031.55,23040.85,859,80,0
2025-07-18 22:45:00+00:00,23041.35,23046.95,23037.85,23045.05,834,80,0
2025-07-18 22:50:00+00:00,23052.65,23059.05,23047.05,23056.05,947,80,0
2025-07-18 22:55:00+00:00,23051.45,23059.15,23045.05,23057.85,1164,80,0
2025-07-18 23:00:00+00:00,23057.96,23058.76,23052.06,23054.46,764,98,0
2025-07-18 23:05:00+00:00,23054.36,23056.96,23052.46,23054.36,494,168,0
2025-07-18 23:10:00+00:00,23054.36,23055.46,23048.86,23054.66,380,168,0
2025-07-18 23:15:00+00:00,23055.16,23060.46,23052.66,23053.66,352,168,0
2025-07-18 23:20:00+00:00,23053.16,23054.76,23051.36,23051.96,193,168,0
2025-07-18 23:25:00+00:00,23051.86,23053.76,23049.26,23053.66,187,168,0
2025-07-18 23:30:00+00:00,23053.46,23056.16,23050.36,23056.16,140,168,0
2025-07-18 23:35:00+00:00,23056.36,23058.16,23055.86,23056.16,146,168,0
2025-07-18 23:40:00+00:00,23056.26,23056.26,23052.66,23053.16,143,168,0
2025-07-18 23:45:00+00:00,23052.86,23053.66,23051.36,23051.66,168,168,0
2025-07-21 01:05:00+00:00,23052.96,23054.76,23046.56,23050.26,367,168,0
2025-07-21 01:10:00+00:00,23050.26,23056.76,23050.26,23054.56,308,168,0
2025-07-21 01:15:00+00:00,23055.06,23056.06,23043.56,23049.66,263,168,0
2025-07-21 01:20:00+00:00,23048.86,23057.86,23048.86,23057.56,356,168,0
2025-07-21 01:25:00+00:00,23057.66,23074.36,23057.06,23072.56,483,168,0
2025-07-21 01:30:00+00:00,23072.46,23075.66,23070.76,23071.36,334,168,0
2025-07-21 01:35:00+00:00,23071.66,23083.86,23069.56,23082.06,335,168,0
2025-07-21 01:40:00+00:00,23082.16,23082.86,23076.16,23079.36,240,168,0
2025-07-21 01:45:00+00:00,23079.26,23079.36,23075.86,23076.66,177,168,0
2025-07-21 01:50:00+00:00,23076.76,23082.66,23076.66,23081.66,194,168,0
2025-07-21 01:55:00+00:00,23081.36,23083.86,23081.26,23083.16,147,168,0
2025-07-21 02:00:00+00:00,23083.25,23086.75,23080.35,23082.95,239,150,0
2025-07-21 02:05:00+00:00,23082.75,23086.85,23082.45,23085.45,151,150,0
2025-07-21 02:10:00+00:00,23085.35,23091.25,23085.25,23088.75,258,150,0
2025-07-21 02:15:00+00:00,23088.75,23089.75,23083.25,23084.85,185,150,0
2025-07-21 02:20:00+00:00,23085.25,23087.15,23080.95,23082.95,187,150,0
2025-07-21 02:25:00+00:00,23082.95,23083.15,23076.15,23078.75,262,150,0
2025-07-21 02:30:00+00:00,23078.95,23081.95,23076.35,23081.95,193,150,0
2025-07-21 02:35:00+00:00,23081.75,23087.65,23080.85,23081.95,247,150,0
2025-07-21 02:40:00+00:00,23082.25,23085.45,23081.95,23084.15,126,150,0
2025-07-21 02:45:00+00:00,23083.75,23087.85,23083.45,23087.25,212,150,0
2025-07-21 02:50:00+00:00,23086.95,23096.95,23085.25,23094.25,260,150,0
2025-07-21 02:55:00+00:00,23094.15,23101.25,23092.75,23098.95,306,150,0
2025-07-21 03:00:00+00:00,23099.45,23101.45,23095.35,23099.95,405,150,0
2025-07-21 03:05:00+00:00,23100.25,23101.85,23096.85,23099.35,301,150,0
2025-07-21 03:10:00+00:00,23099.25,23100.65,23097.85,23098.15,221,150,0
2025-07-21 03:15:00+00:00,23098.25,23100.65,23096.45,23096.95,242,150,0
2025-07-21 03:20:00+00:00,23097.25,23099.45,23097.15,23097.95,174,150,0
2025-07-21 03:25:00+00:00,23097.85,23098.35,23093.75,23096.75,191,150,0
2025-07-21 03:30:00+00:00,23096.85,23097.45,23092.25,23095.85,250,150,0
2025-07-21 03:35:00+00:00,23095.75,23096.15,23093.45,23093.95,189,150,0
2025-07-21 03:40:00+00:00,23094.15,23094.15,23090.95,23092.35,185,150,0
2025-07-21 03:45:00+00:00,23092.45,23095.35,23091.15,23094.35,183,150,0
2025-07-21 03:50:00+00:00,23094.45,23095.15,23092.35,23093.65,165,150,0
2025-07-21 03:55:00+00:00,23093.35,23094.25,23089.75,23091.15,205,150,0
2025-07-21 04:00:00+00:00,23091.15,23099.25,23089.85,23097.85,338,150,0
2025-07-21 04:05:00+00:00,23098.15,23113.65,23096.95,23109.95,379,150,0
2025-07-21 04:10:00+00:00,23110.25,23110.65,23104.85,23109.25,360,150,0
2025-07-21 04:15:00+00:00,23109.25,23115.85,23109.25,23115.15,361,150,0
2025-07-21 04:20:00+00:00,23114.95,23115.85,23111.15,23113.95,236,150,0
2025-07-21 04:25:00+00:00,23113.95,23115.35,23105.25,23106.45,254,150,0
2025-07-21 04:30:00+00:00,23106.25,23107.65,23101.65,23107.35,467,150,0
2025-07-21 04:35:00+00:00,23107.65,23108.85,23104.15,23105.75,289,150,0
2025-07-21 04:40:00+00:00,23105.45,23109.35,23104.95,23106.25,262,150,0
2025-07-21 04:45:00+00:00,23106.35,23106.45,23103.35,23104.25,242,150,0
2025-07-21 04:50:00+00:00,23104.15,23105.75,23102.45,23103.65,233,150,0
2025-07-21 04:55:00+00:00,23103.75,23103.85,23101.85,23103.25,191,150,0
2025-07-21 05:00:00+00:00,23103.25,23104.15,23100.35,23103.95,234,150,0
2025-07-21 05:05:00+00:00,23104.15,23104.95,23101.75,23103.35,246,150,0
2025-07-21 05:10:00+00:00,23102.85,23105.35,23102.65,23104.25,206,150,0
2025-07-21 05:15:00+00:00,23104.35,23108.25,23103.35,23107.45,213,150,0
2025-07-21 05:20:00+00:00,23107.25,23107.75,23105.45,23106.35,147,150,0
2025-07-21 05:25:00+00:00,23105.95,23108.35,23105.85,23108.15,134,150,0
2025-07-21 05:30:00+00:00,23107.65,23109.45,23101.45,23101.75,230,150,0
2025-07-21 05:35:00+00:00,23101.85,23102.65,23096.95,23098.15,222,150,0
2025-07-21 05:40:00+00:00,23098.35,23102.25,23097.15,23101.35,185,150,0
2025-07-21 05:45:00+00:00,23101.65,23101.65,23094.35,23094.35,207,150,0
2025-07-21 05:50:00+00:00,23094.35,23097.15,23094.35,23096.85,163,150,0
2025-07-21 05:55:00+00:00,23096.85,23097.15,23095.65,23096.25,126,150,0
2025-07-21 06:00:00+00:00,23096.25,23098.65,23095.15,23098.65,146,150,0
2025-07-21 06:05:00+00:00,23098.35,23100.65,23094.35,23095.45,172,150,0
2025-07-21 06:10:00+00:00,23095.15,23095.85,23092.35,23094.95,205,150,0
2025-07-21 06:15:00+00:00,23094.75,23095.45,23090.35,23092.25,187,150,0
2025-07-21 06:20:00+00:00,23092.75,23094.65,23092.15,23093.65,174,150,0
2025-07-21 06:25:00+00:00,23093.65,23094.65,23092.95,23093.85,97,150,0
2025-07-21 06:30:00+00:00,23093.95,23093.95,23087.45,23090.85,215,150,0
2025-07-21 06:35:00+00:00,23090.95,23091.25,23088.25,23088.85,129,150,0
2025-07-21 06:40:00+00:00,23088.95,23088.95,23085.95,23086.45,143,150,0
2025-07-21 06:45:00+00:00,23086.65,23086.95,23083.75,23084.15,159,150,0
2025-07-21 06:50:00+00:00,23084.35,23084.85,23081.15,23084.65,154,150,0
2025-07-21 06:55:00+00:00,23084.45,23085.65,23083.35,23085.45,150,150,0
2025-07-21 07:00:00+00:00,23085.45,23088.45,23085.15,23088.35,179,150,0
2025-07-21 07:05:00+00:00,23088.45,23094.35,23087.15,23091.65,162,150,0
2025-07-21 07:10:00+00:00,23091.45,23097.35,23091.35,23096.25,181,150,0
2025-07-21 07:15:00+00:00,23095.95,23099.35,23095.65,23097.85,152,150,0
2025-07-21 07:20:00+00:00,23097.85,23098.65,23096.75,23098.25,140,150,0
2025-07-21 07:25:00+00:00,23098.15,23103.95,23098.15,23103.45,131,150,0
2025-07-21 07:30:00+00:00,23103.35,23105.65,23102.35,23105.35,99,150,0
2025-07-21 07:35:00+00:00,23105.35,23106.65,23105.15,23106.65,86,150,0
2025-07-21 07:40:00+00:00,23106.45,23107.95,23105.75,23105.95,141,150,0
2025-07-21 07:45:00+00:00,23105.85,23107.35,23105.25,23107.25,83,150,0
2025-07-21 07:50:00+00:00,23106.95,23107.95,23106.35,23107.15,108,150,0
2025-07-21 07:55:00+00:00,23107.25,23109.15,23106.95,23108.75,124,150,0
2025-07-21 08:00:00+00:00,23108.75,23114.15,23108.35,23113.85,179,150,0
2025-07-21 08:05:00+00:00,23113.85,23113.85,23109.85,23110.35,179,150,0
2025-07-21 08:10:00+00:00,23110.35,23110.65,23103.65,23104.85,211,150,0
2025-07-21 08:15:00+00:00,23105.35,23106.45,23103.35,23103.45,152,150,0
2025-07-21 08:20:00+00:00,23103.65,23105.65,23101.65,23104.65,166,150,0
2025-07-21 08:25:00+00:00,23104.95,23109.45,23104.85,23108.75,174,150,0
2025-07-21 08:30:00+00:00,23108.85,23113.45,23108.65,23110.45,243,150,0
2025-07-21 08:35:00+00:00,23110.25,23114.65,23108.25,23114.35,162,150,0
2025-07-21 08:40:00+00:00,23114.15,23114.15,23107.95,23108.85,199,150,0
2025-07-21 08:45:00+00:00,23108.65,23110.25,23107.65,23109.45,153,150,0
2025-07-21 08:50:00+00:00,23109.95,23111.35,23105.65,23106.95,178,150,0
2025-07-21 08:55:00+00:00,23106.45,23108.45,23105.35,23106.95,129,150,0
2025-07-21 09:00:00+00:00,23106.95,23112.65,23104.85,23112.45,243,150,0
2025-07-21 09:05:00+00:00,23112.35,23118.35,23112.35,23117.65,279,150,0
2025-07-21 09:10:00+00:00,23117.35,23122.85,23117.35,23122.35,334,150,0
2025-07-21 09:15:00+00:00,23122.65,23125.65,23119.85,23124.35,277,150,0
2025-07-21 09:20:00+00:00,23124.85,23131.15,23122.65,23128.25,280,150,0
2025-07-21 09:25:00+00:00,23128.15,23132.95,23128.15,23130.45,272,150,0
2025-07-21 09:30:00+00:00,23131.35,23133.65,23126.95,23128.75,283,150,0
2025-07-21 09:35:00+00:00,23128.75,23129.15,23126.15,23126.75,194,150,0
2025-07-21 09:40:00+00:00,23126.45,23131.25,23125.35,23125.35,233,150,0
2025-07-21 09:45:00+00:00,23125.25,23125.45,23120.45,23123.15,276,150,0
2025-07-21 09:50:00+00:00,23123.35,23125.15,23116.35,23116.95,274,150,0
2025-07-21 09:55:00+00:00,23117.35,23117.65,23111.85,23115.75,296,150,0
2025-07-21 10:00:00+00:00,23115.95,23124.75,23115.85,23121.05,647,150,0
2025-07-21 10:05:00+00:00,23121.35,23128.35,23120.85,23126.25,412,150,0
2025-07-21 10:10:00+00:00,23125.35,23132.65,23125.35,23132.65,412,150,0
2025-07-21 10:15:00+00:00,23132.85,23134.85,23128.65,23130.25,356,150,0
2025-07-21 10:20:00+00:00,23129.95,23130.95,23125.65,23127.15,296,150,0
2025-07-21 10:25:00+00:00,23126.85,23129.15,23123.65,23128.85,303,150,0
2025-07-21 10:30:00+00:00,23128.65,23129.35,23124.65,23125.45,337,150,0
2025-07-21 10:35:00+00:00,23125.65,23133.75,23125.65,23133.65,307,150,0
2025-07-21 10:40:00+00:00,23132.85,23132.85,23126.35,23129.35,315,150,0
2025-07-21 10:45:00+00:00,23129.65,23132.85,23129.35,23131.35,283,150,0
2025-07-21 10:50:00+00:00,23131.35,23133.85,23130.35,23133.25,238,150,0
2025-07-21 10:55:00+00:00,23133.25,23137.15,23133.15,23135.15,297,150,0
2025-07-21 11:00:00+00:00,23134.85,23143.15,23130.65,23135.55,626,150,0
2025-07-21 11:05:00+00:00,23135.45,23146.95,23134.35,23143.65,517,150,0
2025-07-21 11:10:00+00:00,23143.75,23147.25,23134.15,23135.75,402,150,0
2025-07-21 11:15:00+00:00,23135.45,23136.15,23123.05,23129.35,427,150,0
2025-07-21 11:20:00+00:00,23130.65,23133.45,23127.35,23133.35,357,150,0
2025-07-21 11:25:00+00:00,23133.95,23134.65,23129.95,23132.95,356,150,0
2025-07-21 11:30:00+00:00,23133.15,23133.35,23126.15,23127.95,318,150,0
2025-07-21 11:35:00+00:00,23128.15,23129.15,23125.15,23126.95,332,150,0
2025-07-21 11:40:00+00:00,23127.15,23129.65,23121.15,23123.15,333,150,0
2025-07-21 11:45:00+00:00,23123.25,23127.65,23121.45,23122.45,300,150,0
2025-07-21 11:50:00+00:00,23122.65,23126.85,23121.65,23125.15,236,150,0
2025-07-21 11:55:00+00:00,23124.75,23130.45,23124.65,23128.45,266,150,0
2025-07-21 12:00:00+00:00,23128.45,23134.15,23128.35,23133.45,268,150,0
2025-07-21 12:05:00+00:00,23133.65,23137.65,23132.15,23135.65,239,150,0
2025-07-21 12:10:00+00:00,23135.65,23137.15,23132.85,23132.95,206,150,0
2025-07-21 12:15:00+00:00,23133.15,23134.85,23130.65,23134.85,239,150,0
2025-07-21 12:20:00+00:00,23134.85,23136.35,23132.25,23134.75,230,150,0
2025-07-21 12:25:00+00:00,23135.15,23136.15,23133.85,23134.25,179,150,0
2025-07-21 12:30:00+00:00,23134.35,23135.25,23125.35,23129.85,237,150,0
2025-07-21 12:35:00+00:00,23129.45,23129.75,23126.25,23126.35,244,150,0
2025-07-21 12:40:00+00:00,23126.65,23127.45,23124.65,23126.15,225,150,0
2025-07-21 12:45:00+00:00,23126.35,23129.35,23124.95,23128.85,204,150,0
2025-07-21 12:50:00+00:00,23129.15,23131.85,23127.65,23130.85,111,150,0
2025-07-21 12:55:00+00:00,23130.65,23130.85,23127.25,23128.35,222,150,0
2025-07-21 13:00:00+00:00,23128.75,23131.85,23127.65,23128.25,198,150,0
2025-07-21 13:05:00+00:00,23128.15,23128.85,23125.15,23126.65,192,150,0
2025-07-21 13:10:00+00:00,23127.25,23143.85,23127.25,23137.05,347,150,0
2025-07-21 13:15:00+00:00,23137.25,23140.45,23135.95,23137.35,260,150,0
2025-07-21 13:20:00+00:00,23137.35,23140.35,23137.15,23138.95,186,150,0
2025-07-21 13:25:00+00:00,23139.15,23139.15,23135.25,23136.35,170,150,0
2025-07-21 13:30:00+00:00,23136.65,23137.65,23129.15,23129.35,218,150,0
2025-07-21 13:35:00+00:00,23129.25,23129.85,23126.15,23129.15,186,150,0
2025-07-21 13:40:00+00:00,23128.85,23130.75,23127.65,23129.85,171,150,0
2025-07-21 13:45:00+00:00,23129.85,23131.95,23129.35,23131.15,179,150,0
2025-07-21 13:50:00+00:00,23129.85,23129.85,23119.95,23123.95,298,150,0
2025-07-21 13:55:00+00:00,23123.75,23133.15,23123.65,23129.65,242,150,0
2025-07-21 14:00:00+00:00,23128.75,23131.15,23126.85,23127.45,282,150,0
2025-07-21 14:05:00+00:00,23127.35,23127.85,23121.75,23122.45,284,150,0
2025-07-21 14:10:00+00:00,23122.45,23122.85,23116.85,23116.95,324,150,0
2025-07-21 14:15:00+00:00,23116.95,23120.15,23115.65,23118.15,232,150,0
2025-07-21 14:20:00+00:00,23117.85,23122.65,23116.95,23121.65,224,150,0
2025-07-21 14:25:00+00:00,23121.65,23124.65,23119.15,23123.95,268,150,0
2025-07-21 14:30:00+00:00,23123.65,23129.85,23121.45,23124.35,285,150,0
2025-07-21 14:35:00+00:00,23125.15,23125.25,23116.75,23119.25,293,150,0
2025-07-21 14:40:00+00:00,23119.15,23121.15,23117.75,23117.85,261,150,0
2025-07-21 14:45:00+00:00,23118.25,23122.65,23116.75,23117.15,327,150,0
2025-07-21 14:50:00+00:00,23117.15,23118.45,23114.45,23114.85,289,150,0
2025-07-21 14:55:00+00:00,23114.85,23116.65,23114.15,23116.15,196,150,0
2025-07-21 15:00:00+00:00,23116.25,23122.65,23114.15,23119.25,350,150,0
2025-07-21 15:05:00+00:00,23119.25,23120.35,23110.15,23112.65,343,150,0
2025-07-21 15:10:00+00:00,23112.35,23115.45,23109.85,23112.65,294,150,0
2025-07-21 15:15:00+00:00,23112.85,23112.85,23109.85,23111.35,250,150,0
2025-07-21 15:20:00+00:00,23110.95,23116.35,23110.75,23114.65,295,150,0
2025-07-21 15:25:00+00:00,23114.75,23115.85,23113.15,23115.35,260,150,0
2025-07-21 15:30:00+00:00,23115.25,23118.75,23114.25,23116.35,340,150,0
2025-07-21 15:35:00+00:00,23116.25,23120.65,23111.15,23113.15,398,150,0
2025-07-21 15:40:00+00:00,23113.65,23114.35,23102.85,23105.65,370,150,0
2025-07-21 15:45:00+00:00,23105.65,23106.95,23102.65,23103.65,320,150,0
2025-07-21 15:50:00+00:00,23104.15,23106.45,23089.95,23090.65,414,150,0
2025-07-21 15:55:00+00:00,23090.15,23091.75,23074.85,23076.55,630,150,0
2025-07-21 16:00:00+00:00,23076.85,23081.35,23066.05,23069.95,754,160,0
2025-07-21 16:05:00+00:00,23069.95,23072.85,23065.85,23068.85,506,150,0
2025-07-21 16:10:00+00:00,23068.75,23072.85,23062.85,23066.55,508,150,0
2025-07-21 16:15:00+00:00,23067.55,23079.85,23067.05,23077.05,587,160,0
2025-07-21 16:20:00+00:00,23076.85,23085.45,23075.65,23081.85,552,150,0
2025-07-21 16:25:00+00:00,23083.15,23096.55,23082.85,23096.15,812,150,0
2025-07-21 16:30:00+00:00,23094.85,23139.45,23094.85,23139.05,1484,80,0
2025-07-21 16:35:00+00:00,23139.45,23169.35,23137.15,23167.55,1369,80,0
2025-07-21 16:40:00+00:00,23167.45,23187.75,23163.95,23177.45,1275,80,0
2025-07-21 16:45:00+00:00,23177.75,23225.25,23177.25,23217.75,1340,80,0
2025-07-21 16:50:00+00:00,23217.75,23221.95,23204.95,23213.25,1302,80,0
2025-07-21 16:55:00+00:00,23214.75,23234.95,23209.95,23214.75,1231,80,0
2025-07-21 17:00:00+00:00,23216.25,23240.85,23216.25,23232.75,1292,80,0
2025-07-21 17:05:00+00:00,23232.45,23240.55,23228.55,23230.75,1092,80,0
2025-07-21 17:10:00+00:00,23230.85,23238.95,23219.35,23238.25,1160,80,0
2025-07-21 17:15:00+00:00,23238.45,23242.05,23226.55,23232.45,1117,80,0
2025-07-21 17:20:00+00:00,23232.95,23255.15,23230.95,23243.65,1215,80,0
2025-07-21 17:25:00+00:00,23243.45,23255.45,23238.75,23255.45,1080,80,0
2025-07-21 17:30:00+00:00,23255.75,23263.45,23251.05,23257.95,1109,80,0
2025-07-21 17:35:00+00:00,23257.95,23263.25,23251.05,23253.25,1095,80,0
2025-07-21 17:40:00+00:00,23252.95,23253.55,23241.85,23249.25,1015,80,0
2025-07-21 17:45:00+00:00,23248.95,23248.95,23230.45,23233.25,1022,80,0
2025-07-21 17:50:00+00:00,23232.75,23236.95,23226.25,23230.95,1067,80,0
2025-07-21 17:55:00+00:00,23231.05,23241.75,23229.25,23236.75,999,80,0
2025-07-21 18:00:00+00:00,23236.75,23237.05,23227.95,23231.95,957,80,0
2025-07-21 18:05:00+00:00,23231.95,23233.75,23218.25,23225.45,980,80,0
2025-07-21 18:10:00+00:00,23225.55,23237.35,23222.35,23236.45,885,80,0
2025-07-21 18:15:00+00:00,23236.45,23236.45,23222.45,23224.45,901,80,0
2025-07-21 18:20:00+00:00,23224.45,23234.25,23222.85,23230.45,820,80,0
2025-07-21 18:25:00+00:00,23230.75,23238.95,23229.25,23235.45,911,80,0
2025-07-21 18:30:00+00:00,23235.55,23240.95,23231.75,23238.45,832,80,0
2025-07-21 18:35:00+00:00,23238.25,23243.45,23235.95,23237.95,833,80,0
2025-07-21 18:40:00+00:00,23238.25,23243.75,23235.55,23237.75,836,80,0
2025-07-21 18:45:00+00:00,23237.45,23242.45,23232.75,23237.75,817,80,0
2025-07-21 18:50:00+00:00,23237.45,23241.75,23232.45,23232.45,769,80,0
2025-07-21 18:55:00+00:00,23232.75,23237.75,23220.75,23224.75,846,80,0
2025-07-21 19:00:00+00:00,23224.45,23229.05,23211.05,23225.25,933,80,0
2025-07-21 19:05:00+00:00,23225.25,23225.25,23205.35,23216.75,911,80,0
2025-07-21 19:10:00+00:00,23216.95,23218.45,23208.25,23216.95,896,80,0
2025-07-21 19:15:00+00:00,23216.95,23219.55,23204.35,23215.05,924,80,0
2025-07-21 19:20:00+00:00,23215.35,23215.75,23198.25,23199.75,934,80,0
2025-07-21 19:25:00+00:00,23199.75,23216.95,23198.95,23216.75,901,80,0
2025-07-21 19:30:00+00:00,23216.45,23227.45,23215.35,23227.05,845,80,0
2025-07-21 19:35:00+00:00,23226.75,23231.25,23217.95,23221.75,856,80,0
2025-07-21 19:40:00+00:00,23221.25,23230.05,23215.95,23229.45,736,80,0
2025-07-21 19:45:00+00:00,23229.05,23234.45,23226.75,23233.25,756,80,0
2025-07-21 19:50:00+00:00,23233.75,23246.35,23233.75,23245.95,773,80,0
2025-07-21 19:55:00+00:00,23245.95,23249.35,23240.35,23244.55,725,80,0
2025-07-21 20:00:00+00:00,23244.75,23254.35,23244.05,23251.45,792,80,0
2025-07-21 20:05:00+00:00,23252.25,23255.05,23245.75,23245.75,665,80,0
2025-07-21 20:10:00+00:00,23245.45,23253.85,23243.45,23252.25,690,80,0
2025-07-21 20:15:00+00:00,23252.25,23261.25,23247.25,23260.05,677,80,0
2025-07-21 20:20:00+00:00,23260.25,23263.05,23255.25,23257.15,626,80,0
2025-07-21 20:25:00+00:00,23257.05,23260.35,23255.25,23258.75,608,80,0
2025-07-21 20:30:00+00:00,23259.05,23264.15,23257.05,23261.85,570,80,0
2025-07-21 20:35:00+00:00,23261.35,23261.75,23253.75,23255.55,617,80,0
2025-07-21 20:40:00+00:00,23255.35,23259.65,23252.25,23253.55,648,80,0
2025-07-21 20:45:00+00:00,23253.35,23261.35,23253.05,23259.75,615,80,0
2025-07-21 20:50:00+00:00,23259.65,23260.25,23254.05,23259.75,599,80,0
2025-07-21 20:55:00+00:00,23259.75,23262.25,23252.25,23252.65,586,80,0
2025-07-21 21:00:00+00:00,23252.05,23254.75,23247.65,23251.75,702,80,0
2025-07-21 21:05:00+00:00,23251.75,23255.55,23251.05,23254.05,569,80,0
2025-07-21 21:10:00+00:00,23253.85,23255.05,23242.05,23247.05,740,80,0
2025-07-21 21:15:00+00:00,23246.75,23255.25,23246.55,23250.75,720,80,0
2025-07-21 21:20:00+00:00,23250.55,23258.05,23247.35,23256.05,600,80,0
2025-07-21 21:25:00+00:00,23256.05,23256.55,23250.05,23252.75,590,80,0
2025-07-21 21:30:00+00:00,23252.75,23253.55,23245.05,23246.55,638,80,0
2025-07-21 21:35:00+00:00,23246.25,23249.75,23244.15,23247.85,577,80,0
2025-07-21 21:40:00+00:00,23248.05,23250.65,23241.05,23243.75,688,80,0
2025-07-21 21:45:00+00:00,23243.55,23245.75,23229.15,23235.85,895,80,0
2025-07-21 21:50:00+00:00,23236.05,23241.75,23231.25,23235.75,879,80,0
2025-07-21 21:55:00+00:00,23235.75,23235.75,23227.55,23231.25,838,80,0
2025-07-21 22:00:00+00:00,23231.55,23233.55,23221.05,23226.05,965,80,0
2025-07-21 22:05:00+00:00,23225.85,23228.15,23212.05,23213.75,932,80,0
2025-07-21 22:10:00+00:00,23213.65,23217.95,23201.35,23214.45,1198,80,0
2025-07-21 22:15:00+00:00,23214.55,23219.25,23206.05,23214.75,992,80,0
2025-07-21 22:20:00+00:00,23214.75,23220.85,23213.75,23219.55,830,80,0
2025-07-21 22:25:00+00:00,23219.65,23220.85,23204.25,23209.75,915,80,0
2025-07-21 22:30:00+00:00,23209.65,23219.35,23206.75,23207.75,893,80,0
2025-07-21 22:35:00+00:00,23207.25,23217.05,23206.05,23213.75,888,80,0
2025-07-21 22:40:00+00:00,23213.25,23216.55,23194.55,23197.75,983,80,0
2025-07-21 22:45:00+00:00,23197.75,23198.75,23181.75,23192.75,1122,80,0
2025-07-21 22:50:00+00:00,23192.75,23203.25,23182.55,23186.75,1174,80,0
2025-07-21 22:55:00+00:00,23186.85,23189.75,23170.05,23187.05,1186,80,0
2025-07-21 23:00:00+00:00,23185.15,23193.16,23180.26,23186.06,895,80,0
2025-07-21 23:05:00+00:00,23186.36,23192.96,23184.16,23190.46,464,168,0
2025-07-21 23:10:00+00:00,23190.46,23190.96,23182.96,23190.46,437,168,0
2025-07-21 23:15:00+00:00,23191.26,23194.26,23188.26,23192.46,357,168,0
2025-07-21 23:20:00+00:00,23192.36,23193.46,23188.76,23188.86,234,168,0
2025-07-21 23:25:00+00:00,23188.96,23189.26,23179.26,23180.26,295,168,0
2025-07-21 23:30:00+00:00,23180.46,23186.76,23179.46,23185.86,261,168,0
2025-07-21 23:35:00+00:00,23185.86,23187.46,23184.46,23185.76,209,168,0
2025-07-21 23:40:00+00:00,23185.56,23186.26,23183.86,23184.26,189,168,0
2025-07-21 23:45:00+00:00,23184.36,23187.76,23183.76,23184.26,195,168,0
2025-07-22 01:05:00+00:00,23192.26,23192.56,23184.66,23186.96,210,168,0
2025-07-22 01:10:00+00:00,23186.76,23190.16,23183.26,23183.96,114,168,0
2025-07-22 01:15:00+00:00,23184.06,23185.46,23180.56,23184.26,128,168,0
2025-07-22 01:20:00+00:00,23184.26,23190.56,23183.56,23190.16,76,168,0
2025-07-22 01:25:00+00:00,23190.26,23191.96,23189.26,23191.66,128,168,0
2025-07-22 01:30:00+00:00,23191.06,23192.16,23188.76,23189.76,116,168,0
2025-07-22 01:35:00+00:00,23189.56,23190.56,23185.66,23188.76,120,168,0
2025-07-22 01:40:00+00:00,23189.06,23190.76,23184.76,23187.06,123,168,0
2025-07-22 01:45:00+00:00,23186.96,23189.76,23185.66,23189.66,78,168,0
2025-07-22 01:50:00+00:00,23189.46,23189.66,23185.56,23187.16,89,168,0
2025-07-22 01:55:00+00:00,23187.16,23187.56,23185.56,23186.26,97,168,0
2025-07-22 02:00:00+00:00,23186.35,23191.15,23183.75,23184.05,147,150,0
2025-07-22 02:05:00+00:00,23184.65,23189.65,23183.85,23188.85,110,150,0
2025-07-22 02:10:00+00:00,23188.85,23188.85,23187.25,23187.35,69,150,0
2025-07-22 02:15:00+00:00,23187.05,23190.15,23186.65,23189.25,75,150,0
2025-07-22 02:20:00+00:00,23189.35,23190.35,23186.65,23188.05,96,150,0
2025-07-22 02:25:00+00:00,23188.05,23192.05,23186.75,23191.55,122,150,0
2025-07-22 02:30:00+00:00,23191.35,23192.05,23189.75,23191.15,130,150,0
2025-07-22 02:35:00+00:00,23191.35,23193.15,23190.85,23193.05,152,150,0
2025-07-22 02:40:00+00:00,23192.85,23193.15,23189.65,23190.35,138,150,0
2025-07-22 02:45:00+00:00,23190.65,23192.05,23178.85,23182.65,303,150,0
2025-07-22 02:50:00+00:00,23182.15,23188.25,23179.85,23186.25,288,150,0
2025-07-22 02:55:00+00:00,23186.35,23191.25,23186.25,23189.55,221,150,0
2025-07-22 03:00:00+00:00,23188.35,23194.55,23188.25,23193.55,442,150,0
2025-07-22 03:05:00+00:00,23193.85,23195.65,23190.55,23193.35,351,150,0
2025-07-22 03:10:00+00:00,23192.75,23198.85,23192.25,23198.35,369,150,0
2025-07-22 03:15:00+00:00,23198.25,23198.55,23194.25,23197.15,350,150,0
2025-07-22 03:20:00+00:00,23197.55,23203.05,23197.55,23201.65,337,150,0
2025-07-22 03:25:00+00:00,23201.75,23203.85,23200.35,23202.15,333,150,0
2025-07-22 03:30:00+00:00,23202.05,23202.05,23196.25,23199.05,305,150,0
2025-07-22 03:35:00+00:00,23198.75,23199.15,23190.25,23193.05,326,150,0
2025-07-22 03:40:00+00:00,23193.15,23194.15,23191.15,23192.05,276,150,0
2025-07-22 03:45:00+00:00,23191.35,23193.65,23189.15,23189.55,269,150,0
2025-07-22 03:50:00+00:00,23189.55,23191.05,23186.55,23187.75,262,150,0
2025-07-22 03:55:00+00:00,23187.85,23189.05,23180.75,23183.05,348,150,0
2025-07-22 04:00:00+00:00,23182.15,23186.15,23177.85,23180.75,475,150,0
2025-07-22 04:05:00+00:00,23180.85,23186.55,23180.85,23185.35,382,150,0
2025-07-22 04:10:00+00:00,23185.65,23194.05,23185.35,23193.05,384,150,0
2025-07-22 04:15:00+00:00,23193.15,23193.25,23185.25,23187.65,380,150,0
2025-07-22 04:20:00+00:00,23187.85,23193.65,23187.75,23189.05,251,150,0
2025-07-22 04:25:00+00:00,23188.85,23195.05,23186.25,23194.85,254,150,0
2025-07-22 04:30:00+00:00,23194.65,23200.75,23193.05,23198.65,337,150,0
2025-07-22 04:35:00+00:00,23198.55,23201.75,23198.55,23201.05,256,150,0
2025-07-22 04:40:00+00:00,23201.25,23203.15,23198.85,23200.25,282,150,0
2025-07-22 04:45:00+00:00,23200.35,23209.85,23199.85,23205.75,339,150,0
2025-07-22 04:50:00+00:00,23205.65,23207.25,23204.75,23205.55,300,150,0
2025-07-22 04:55:00+00:00,23205.35,23208.25,23205.15,23207.75,221,150,0
2025-07-22 05:00:00+00:00,23207.75,23208.65,23205.35,23205.85,243,150,0
2025-07-22 05:05:00+00:00,23204.55,23206.15,23196.25,23199.55,315,150,0
2025-07-22 05:10:00+00:00,23199.65,23200.75,23195.85,23197.25,232,150,0
2025-07-22 05:15:00+00:00,23197.05,23199.25,23196.25,23197.75,223,150,0
2025-07-22 05:20:00+00:00,23198.05,23199.85,23197.85,23199.85,196,150,0
2025-07-22 05:25:00+00:00,23199.85,23200.15,23193.15,23194.25,234,150,0
2025-07-22 05:30:00+00:00,23194.15,23197.55,23194.05,23197.55,163,150,0
2025-07-22 05:35:00+00:00,23197.35,23197.55,23195.05,23195.35,158,150,0
2025-07-22 05:40:00+00:00,23195.35,23196.15,23189.05,23189.35,263,150,0
2025-07-22 05:45:00+00:00,23189.65,23190.05,23187.05,23188.05,238,150,0
2025-07-22 05:50:00+00:00,23187.85,23190.25,23187.25,23189.05,185,150,0
2025-07-22 05:55:00+00:00,23189.15,23191.05,23187.25,23189.75,171,150,0
2025-07-22 06:00:00+00:00,23189.85,23191.15,23186.75,23189.75,212,150,0
2025-07-22 06:05:00+00:00,23189.65,23190.75,23187.65,23187.65,182,150,0
2025-07-22 06:10:00+00:00,23187.65,23189.15,23183.25,23183.25,179,150,0
2025-07-22 06:15:00+00:00,23183.05,23183.75,23180.55,23181.75,254,150,0
2025-07-22 06:20:00+00:00,23181.65,23182.65,23179.05,23179.25,192,150,0
2025-07-22 06:25:00+00:00,23179.55,23180.55,23177.15,23177.55,250,150,0
2025-07-22 06:30:00+00:00,23177.25,23180.55,23176.15,23176.75,372,150,0
2025-07-22 06:35:00+00:00,23176.05,23176.05,23165.25,23173.25,452,150,0
2025-07-22 06:40:00+00:00,23173.35,23173.35,23169.55,23172.75,250,150,0
2025-07-22 06:45:00+00:00,23172.15,23173.15,23164.05,23168.55,352,150,0
2025-07-22 06:50:00+00:00,23168.25,23173.75,23167.15,23173.65,259,150,0
2025-07-22 06:55:00+00:00,23173.85,23174.65,23170.65,23172.15,224,150,0
2025-07-22 07:00:00+00:00,23172.05,23173.05,23166.65,23167.05,280,150,0
2025-07-22 07:05:00+00:00,23167.05,23168.35,23166.05,23167.55,211,150,0
2025-07-22 07:10:00+00:00,23167.35,23167.55,23158.25,23159.85,380,150,0
2025-07-22 07:15:00+00:00,23159.75,23160.35,23141.55,23146.55,599,150,0
2025-07-22 07:20:00+00:00,23146.45,23148.95,23141.05,23142.85,345,150,0
2025-07-22 07:25:00+00:00,23143.05,23149.75,23140.25,23146.35,377,150,0
2025-07-22 07:30:00+00:00,23146.55,23153.25,23146.55,23149.55,249,150,0
2025-07-22 07:35:00+00:00,23149.55,23151.65,23148.65,23150.55,219,150,0
2025-07-22 07:40:00+00:00,23150.65,23150.75,23145.15,23147.35,282,150,0
2025-07-22 07:45:00+00:00,23147.55,23152.05,23145.15,23148.55,276,150,0
2025-07-22 07:50:00+00:00,23148.35,23148.55,23145.05,23146.25,223,150,0
2025-07-22 07:55:00+00:00,23146.35,23149.35,23144.05,23149.05,214,150,0
2025-07-22 08:00:00+00:00,23149.15,23149.15,23145.05,23146.75,291,150,0
2025-07-22 08:05:00+00:00,23146.75,23150.05,23143.15,23149.85,242,150,0
2025-07-22 08:10:00+00:00,23149.75,23151.65,23145.85,23147.15,258,150,0
2025-07-22 08:15:00+00:00,23147.05,23147.15,23141.75,23143.85,241,150,0
2025-07-22 08:20:00+00:00,23144.15,23147.75,23142.65,23146.75,221,150,0
2025-07-22 08:25:00+00:00,23146.85,23148.85,23143.85,23148.15,231,150,0
2025-07-22 08:30:00+00:00,23148.25,23148.35,23145.05,23146.65,273,150,0
2025-07-22 08:35:00+00:00,23146.75,23152.55,23146.55,23152.05,280,150,0
2025-07-22 08:40:00+00:00,23152.55,23155.55,23148.55,23148.55,330,150,0
2025-07-22 08:45:00+00:00,23149.05,23155.25,23147.15,23154.35,278,150,0
2025-07-22 08:50:00+00:00,23154.65,23158.75,23154.65,23156.05,312,150,0
2025-07-22 08:55:00+00:00,23156.25,23157.05,23154.55,23157.05,191,150,0
2025-07-22 09:00:00+00:00,23157.25,23158.55,23149.25,23149.35,366,150,0
2025-07-22 09:05:00+00:00,23149.65,23157.75,23148.55,23155.55,311,150,0
2025-07-22 09:10:00+00:00,23155.65,23158.75,23155.05,23158.35,228,150,0
2025-07-22 09:15:00+00:00,23158.15,23158.75,23154.25,23156.05,271,150,0
2025-07-22 09:20:00+00:00,23156.15,23160.05,23155.35,23158.65,273,150,0
2025-07-22 09:25:00+00:00,23158.15,23162.05,23156.15,23156.15,289,150,0
2025-07-22 09:30:00+00:00,23156.85,23158.75,23153.05,23157.35,309,150,0
2025-07-22 09:35:00+00:00,23157.65,23160.05,23155.85,23156.35,211,150,0
2025-07-22 09:40:00+00:00,23157.15,23161.25,23157.05,23161.15,274,150,0
2025-07-22 09:45:00+00:00,23161.05,23161.65,23156.25,23158.05,209,150,0
2025-07-22 09:50:00+00:00,23158.05,23162.05,23157.85,23158.85,229,150,0
2025-07-22 09:55:00+00:00,23158.65,23160.85,23156.15,23157.05,282,150,0
2025-07-22 10:00:00+00:00,23156.55,23167.95,23153.05,23167.75,736,150,0
2025-07-22 10:05:00+00:00,23167.95,23183.05,23165.75,23169.65,680,160,0
2025-07-22 10:10:00+00:00,23169.75,23189.05,23167.35,23176.65,589,180,0
2025-07-22 10:15:00+00:00,23176.65,23183.75,23174.85,23182.15,475,150,0
2025-07-22 10:20:00+00:00,23182.15,23183.55,23178.85,23182.15,296,150,0
2025-07-22 10:25:00+00:00,23182.05,23190.35,23181.55,23187.25,289,150,0
2025-07-22 10:30:00+00:00,23187.15,23189.25,23183.25,23184.25,376,150,0
2025-07-22 10:35:00+00:00,23184.55,23188.35,23183.05,23187.35,419,150,0
2025-07-22 10:40:00+00:00,23187.55,23189.75,23176.75,23178.95,452,150,0
2025-07-22 10:45:00+00:00,23179.55,23179.85,23170.25,23170.75,415,150,0
2025-07-22 10:50:00+00:00,23170.75,23172.05,23159.05,23160.25,400,150,0
2025-07-22 10:55:00+00:00,23160.25,23160.55,23127.35,23147.05,844,150,0
2025-07-22 11:00:00+00:00,23147.45,23151.75,23119.85,23148.35,937,210,0
2025-07-22 11:05:00+00:00,23148.45,23159.15,23146.95,23152.35,630,160,0
2025-07-22 11:10:00+00:00,23152.05,23156.85,23150.35,23154.85,460,150,0
2025-07-22 11:15:00+00:00,23154.75,23157.75,23151.75,23152.05,451,150,0
2025-07-22 11:20:00+00:00,23152.25,23153.25,23127.35,23127.45,542,150,0
2025-07-22 11:25:00+00:00,23127.85,23136.05,23125.85,23130.55,547,160,0
2025-07-22 11:30:00+00:00,23130.65,23136.95,23127.45,23132.95,523,170,0
2025-07-22 11:35:00+00:00,23132.65,23134.95,23127.05,23129.35,424,160,0
2025-07-22 11:40:00+00:00,23129.25,23129.55,23122.65,23124.05,438,150,0
2025-07-22 11:45:00+00:00,23123.85,23129.25,23116.35,23127.85,519,150,0
2025-07-22 11:50:00+00:00,23127.95,23132.75,23123.45,23125.25,388,150,0
2025-07-22 11:55:00+00:00,23125.25,23125.75,23114.85,23119.55,526,150,0
2025-07-22 12:00:00+00:00,23119.45,23127.75,23112.45,23126.15,624,160,0
2025-07-22 12:05:00+00:00,23126.15,23126.15,23120.75,23121.65,430,150,0
2025-07-22 12:10:00+00:00,23121.65,23124.25,23119.65,23120.75,400,150,0
2025-07-22 12:15:00+00:00,23120.85,23129.25,23119.25,23125.75,401,150,0
2025-07-22 12:20:00+00:00,23125.65,23127.05,23120.25,23123.75,419,150,0
2025-07-22 12:25:00+00:00,23123.65,23126.05,23118.85,23120.25,409,150,0
2025-07-22 12:30:00+00:00,23120.05,23124.35,23116.75,23122.65,392,150,0
2025-07-22 12:35:00+00:00,23122.55,23125.05,23118.05,23118.85,314,150,0
2025-07-22 12:40:00+00:00,23119.05,23120.75,23112.25,23116.05,397,150,0
2025-07-22 12:45:00+00:00,23116.05,23124.55,23115.75,23124.35,352,150,0
2025-07-22 12:50:00+00:00,23124.25,23126.85,23120.05,23124.75,343,150,0
2025-07-22 12:55:00+00:00,23125.35,23126.55,23123.75,23124.75,311,150,0
2025-07-22 13:00:00+00:00,23124.85,23139.45,23124.15,23138.05,466,150,0
2025-07-22 13:05:00+00:00,23137.95,23140.85,23136.15,23138.75,320,150,0
2025-07-22 13:10:00+00:00,23138.65,23144.35,23133.35,23134.25,304,150,0
2025-07-22 13:15:00+00:00,23134.15,23140.15,23134.15,23136.85,357,150,0
2025-07-22 13:20:00+00:00,23137.15,23137.15,23127.75,23130.05,391,150,0
2025-07-22 13:25:00+00:00,23130.35,23133.75,23128.75,23133.35,315,150,0
2025-07-22 13:30:00+00:00,23133.25,23138.05,23129.05,23130.65,338,150,0
2025-07-22 13:35:00+00:00,23131.55,23132.05,23120.25,23129.65,397,150,0
2025-07-22 13:40:00+00:00,23129.75,23130.95,23126.45,23128.65,290,150,0
2025-07-22 13:45:00+00:00,23128.55,23134.35,23128.55,23134.05,343,150,0
2025-07-22 13:50:00+00:00,23133.55,23136.35,23127.05,23128.55,319,150,0
2025-07-22 13:55:00+00:00,23128.85,23142.75,23127.55,23142.35,397,150,0
2025-07-22 14:00:00+00:00,23142.55,23153.45,23137.35,23153.25,650,150,0
2025-07-22 14:05:00+00:00,23153.05,23167.25,23151.45,23157.95,624,150,0
2025-07-22 14:10:00+00:00,23157.45,23157.45,23149.05,23151.25,394,150,0
2025-07-22 14:15:00+00:00,23151.05,23153.85,23143.25,23143.55,413,150,0
2025-07-22 14:20:00+00:00,23143.35,23146.85,23142.35,23145.65,396,150,0
2025-07-22 14:25:00+00:00,23145.35,23150.55,23145.15,23150.55,308,150,0
2025-07-22 14:30:00+00:00,23150.05,23153.75,23147.75,23153.25,315,150,0
2025-07-22 14:35:00+00:00,23153.35,23153.35,23143.05,23146.25,464,150,0
2025-07-22 14:40:00+00:00,23146.15,23167.95,23143.25,23160.85,699,150,0
2025-07-22 14:45:00+00:00,23160.45,23168.35,23159.35,23168.05,550,160,0
2025-07-22 14:50:00+00:00,23168.25,23172.25,23165.55,23166.65,550,150,0
2025-07-22 14:55:00+00:00,23167.05,23174.75,23164.75,23173.75,539,150,0
2025-07-22 15:00:00+00:00,23173.65,23180.05,23170.15,23179.25,550,150,0
2025-07-22 15:05:00+00:00,23178.75,23179.35,23170.25,23171.05,476,150,0
2025-07-22 15:10:00+00:00,23170.75,23174.55,23168.55,23171.25,421,150,0
2025-07-22 15:15:00+00:00,23171.55,23172.75,23164.05,23164.85,458,150,0
2025-07-22 15:20:00+00:00,23164.75,23172.25,23164.65,23167.65,513,150,0
2025-07-22 15:25:00+00:00,23168.05,23183.65,23167.05,23182.55,469,150,0
2025-07-22 15:30:00+00:00,23182.65,23182.75,23170.95,23178.25,552,150,0
2025-07-22 15:35:00+00:00,23177.85,23179.85,23172.05,23177.55,484,150,0
2025-07-22 15:40:00+00:00,23177.85,23177.85,23170.25,23170.55,388,150,0
2025-07-22 15:45:00+00:00,23170.25,23174.55,23168.25,23174.55,432,150,0
2025-07-22 15:50:00+00:00,23174.75,23181.25,23172.75,23179.25,477,150,0
2025-07-22 15:55:00+00:00,23178.95,23180.05,23175.25,23177.55,376,150,0
2025-07-22 16:00:00+00:00,23177.75,23183.55,23176.85,23178.05,514,150,0
2025-07-22 16:05:00+00:00,23178.15,23187.75,23174.65,23177.45,552,150,0
2025-07-22 16:10:00+00:00,23177.45,23185.55,23176.75,23184.05,462,150,0
2025-07-22 16:15:00+00:00,23183.55,23185.25,23179.15,23181.05,439,150,0
2025-07-22 16:20:00+00:00,23181.05,23182.25,23174.05,23181.55,522,150,0
2025-07-22 16:25:00+00:00,23180.55,23187.35,23172.45,23186.05,831,150,0
2025-07-22 16:30:00+00:00,23185.85,23189.85,23122.25,23132.45,1543,80,0
2025-07-22 16:35:00+00:00,23132.55,23157.55,23129.85,23148.35,1495,90,0
2025-07-22 16:40:00+00:00,23148.35,23148.35,23102.15,23121.55,1460,90,0
2025-07-22 16:45:00+00:00,23120.05,23120.05,23054.55,23056.25,1524,90,0
2025-07-22 16:50:00+00:00,23055.75,23063.95,22956.05,22974.15,1613,100,0
2025-07-22 16:55:00+00:00,22972.15,23015.45,22964.95,22985.25,1603,120,0
2025-07-22 17:00:00+00:00,22978.65,22984.05,22953.95,22976.25,1594,120,0
2025-07-22 17:05:00+00:00,22976.75,23024.45,22976.05,23019.25,1505,110,0
2025-07-22 17:10:00+00:00,23019.45,23030.85,23011.05,23024.55,1474,90,0
2025-07-22 17:15:00+00:00,23024.85,23042.05,23012.55,23016.05,1420,80,0
2025-07-22 17:20:00+00:00,23015.85,23027.05,23006.05,23007.05,1403,90,0
2025-07-22 17:25:00+00:00,23006.85,23015.35,23001.05,23012.55,1368,90,0
2025-07-22 17:30:00+00:00,23012.45,23046.15,23009.95,23045.65,1336,80,0
2025-07-22 17:35:00+00:00,23045.65,23067.65,23044.65,23055.15,1292,80,0
2025-07-22 17:40:00+00:00,23055.35,23069.35,23047.65,23058.65,1269,80,0
2025-07-22 17:45:00+00:00,23057.35,23070.85,23041.65,23047.15,1247,80,0
2025-07-22 17:50:00+00:00,23046.95,23052.15,23039.65,23045.65,1294,80,0
2025-07-22 17:55:00+00:00,23044.65,23072.65,23041.85,23067.35,1230,80,0
2025-07-22 18:00:00+00:00,23067.35,23072.85,23049.85,23058.65,1217,80,0
2025-07-22 18:05:00+00:00,23058.85,23070.65,23056.95,23059.15,1119,80,0
2025-07-22 18:10:00+00:00,23059.35,23068.35,23048.75,23050.65,1150,80,0
2025-07-22 18:15:00+00:00,23050.35,23060.85,23038.15,23060.25,1200,80,0
2025-07-22 18:20:00+00:00,23060.35,23066.35,23046.65,23050.35,1078,80,0
2025-07-22 18:25:00+00:00,23050.15,23059.15,23048.35,23050.85,1095,80,0
2025-07-22 18:30:00+00:00,23051.35,23076.65,23047.25,23075.65,1171,80,0
2025-07-22 18:35:00+00:00,23075.65,23075.85,23056.85,23064.15,1165,80,0
2025-07-22 18:40:00+00:00,23063.35,23067.85,23053.15,23057.85,1128,80,0
2025-07-22 18:45:00+00:00,23057.65,23077.75,23052.25,23065.35,1100,80,0
2025-07-22 18:50:00+00:00,23064.35,23071.85,23054.75,23058.25,1046,80,0
2025-07-22 18:55:00+00:00,23058.15,23062.95,23044.75,23049.65,1073,80,0
2025-07-22 19:00:00+00:00,23050.35,23055.85,23032.85,23055.15,1200,80,0
2025-07-22 19:05:00+00:00,23054.85,23060.85,23045.35,23056.65,1028,80,0
2025-07-22 19:10:00+00:00,23056.45,23057.95,23040.55,23046.95,1018,80,0
2025-07-22 19:15:00+00:00,23046.95,23068.65,23046.55,23061.95,988,80,0
2025-07-22 19:20:00+00:00,23061.45,23064.75,23046.75,23047.15,1066,80,0
2025-07-22 19:25:00+00:00,23047.45,23047.95,23008.45,23017.15,1182,80,0
2025-07-22 19:30:00+00:00,23017.15,23034.45,23011.65,23028.15,1111,80,0
2025-07-22 19:35:00+00:00,23027.65,23030.65,23020.55,23024.45,1014,80,0
2025-07-22 19:40:00+00:00,23024.45,23028.25,23004.15,23020.15,1116,80,0
2025-07-22 19:45:00+00:00,23019.65,23025.15,23008.55,23024.45,1002,80,0
2025-07-22 19:50:00+00:00,23024.45,23044.15,23019.45,23040.95,956,80,0
2025-07-22 19:55:00+00:00,23041.15,23045.15,23030.95,23042.95,950,80,0
2025-07-22 20:00:00+00:00,23042.95,23050.65,23041.15,23049.15,971,80,0
2025-07-22 20:05:00+00:00,23049.45,23052.95,23039.95,23042.15,946,80,0
2025-07-22 20:10:00+00:00,23042.05,23049.65,23041.45,23046.15,858,80,0
2025-07-22 20:15:00+00:00,23046.55,23058.75,23046.55,23058.45,941,80,0
2025-07-22 20:20:00+00:00,23058.15,23068.65,23056.15,23063.95,921,80,0
2025-07-22 20:25:00+00:00,23063.65,23094.45,23063.05,23087.75,1011,80,0
2025-07-22 20:30:00+00:00,23087.45,23092.15,23080.95,23083.15,1033,80,0
2025-07-22 20:35:00+00:00,23083.15,23085.95,23079.15,23081.05,816,80,0
2025-07-22 20:40:00+00:00,23081.15,23081.45,23058.65,23064.65,912,80,0
2025-07-22 20:45:00+00:00,23065.15,23066.65,23057.95,23060.65,825,80,0
2025-07-22 20:50:00+00:00,23060.55,23063.15,23051.65,23057.95,869,80,0
2025-07-22 20:55:00+00:00,23058.05,23064.65,23057.15,23062.15,782,80,0
2025-07-22 21:00:00+00:00,23061.95,23074.45,23059.15,23063.45,960,80,0
2025-07-22 21:05:00+00:00,23062.95,23071.65,23060.15,23071.55,799,80,0
2025-07-22 21:10:00+00:00,23071.45,23072.95,23061.15,23062.95,835,80,0
2025-07-22 21:15:00+00:00,23062.95,23064.25,23016.95,23049.15,1074,80,0
2025-07-22 21:20:00+00:00,23047.45,23065.55,23045.35,23055.65,1136,80,0
2025-07-22 21:25:00+00:00,23055.15,23068.55,23054.05,23060.65,895,80,0
2025-07-22 21:30:00+00:00,23060.45,23077.95,23059.15,23077.15,946,80,0
2025-07-22 21:35:00+00:00,23077.15,23091.55,23077.15,23091.25,965,80,0
2025-07-22 21:40:00+00:00,23091.15,23094.25,23082.65,23086.15,909,80,0
2025-07-22 21:45:00+00:00,23086.15,23087.45,23080.95,23084.65,771,80,0
2025-07-22 21:50:00+00:00,23084.15,23097.45,23083.75,23093.95,952,80,0
2025-07-22 21:55:00+00:00,23093.95,23098.25,23090.15,23096.65,878,80,0
2025-07-22 22:00:00+00:00,23095.45,23101.95,23083.65,23086.55,927,80,0
2025-07-22 22:05:00+00:00,23086.95,23089.05,23081.65,23086.65,827,80,0
2025-07-22 22:10:00+00:00,23086.65,23090.75,23077.65,23077.95,915,80,0
2025-07-22 22:15:00+00:00,23078.05,23085.15,23075.25,23084.25,830,80,0
2025-07-22 22:20:00+00:00,23084.45,23089.95,23078.25,23083.95,832,80,0
2025-07-22 22:25:00+00:00,23083.95,23089.55,23080.15,23084.05,821,80,0
2025-07-22 22:30:00+00:00,23083.95,23093.35,23077.85,23087.85,917,80,0
2025-07-22 22:35:00+00:00,23087.65,23101.05,23087.55,23094.45,856,80,0
2025-07-22 22:40:00+00:00,23094.45,23095.55,23083.35,23084.35,935,80,0
2025-07-22 22:45:00+00:00,23084.35,23088.55,23079.85,23084.35,893,80,0
2025-07-22 22:50:00+00:00,23086.35,23089.55,23076.85,23077.55,1042,80,0
2025-07-22 22:55:00+00:00,23077.55,23092.65,23065.55,23065.55,1223,80,0
2025-07-22 23:00:00+00:00,23067.15,23067.96,23038.36,23062.36,1155,80,0
2025-07-22 23:05:00+00:00,23062.66,23062.66,23042.46,23049.06,821,188,0
2025-07-22 23:10:00+00:00,23048.76,23049.66,23040.36,23043.26,579,168,0
2025-07-22 23:15:00+00:00,23043.36,23045.16,23034.16,23037.86,458,168,0
2025-07-22 23:20:00+00:00,23037.96,23040.16,23033.16,23039.26,381,168,0
2025-07-22 23:25:00+00:00,23039.16,23042.16,23036.16,23038.16,325,168,0
2025-07-22 23:30:00+00:00,23037.86,23041.86,23036.86,23039.66,266,168,0
2025-07-22 23:35:00+00:00,23039.86,23044.76,23038.66,23041.36,261,168,0
2025-07-22 23:40:00+00:00,23041.66,23043.86,23039.46,23042.16,227,168,0
2025-07-22 23:45:00+00:00,23041.86,23043.36,23039.46,23040.36,305,168,0
2025-07-23 01:05:00+00:00,23049.46,23049.96,23036.46,23039.96,315,168,0
2025-07-23 01:10:00+00:00,23039.96,23039.96,23032.96,23034.66,312,168,0
2025-07-23 01:15:00+00:00,23035.36,23038.46,23028.86,23029.96,267,168,0
2025-07-23 01:20:00+00:00,23029.86,23035.16,23026.66,23030.86,240,168,0
2025-07-23 01:25:00+00:00,23030.46,23031.86,23025.16,23026.96,188,168,0
2025-07-23 01:30:00+00:00,23027.16,23029.56,23020.96,23029.36,269,168,0
2025-07-23 01:35:00+00:00,23028.96,23032.46,23027.46,23028.56,193,168,0
2025-07-23 01:40:00+00:00,23029.56,23029.56,23024.96,23026.66,134,168,0
2025-07-23 01:45:00+00:00,23026.86,23026.86,23021.36,23021.66,253,168,0
2025-07-23 01:50:00+00:00,23021.66,23028.56,23018.46,23028.46,207,168,0
2025-07-23 01:55:00+00:00,23028.56,23030.16,23025.96,23029.36,144,168,0
2025-07-23 02:00:00+00:00,23029.45,23036.55,23028.75,23035.75,216,150,0
2025-07-23 02:05:00+00:00,23035.45,23042.05,23034.55,23038.65,210,150,0
2025-07-23 02:10:00+00:00,23039.55,23086.65,23038.65,23070.95,555,150,0
2025-07-23 02:15:00+00:00,23072.75,23088.45,23072.45,23084.45,893,210,0
2025-07-23 02:20:00+00:00,23084.85,23103.35,23078.75,23092.05,886,180,0
2025-07-23 02:25:00+00:00,23092.25,23098.75,23082.35,23084.15,699,180,0
2025-07-23 02:30:00+00:00,23084.15,23084.25,23073.55,23078.85,717,170,0
2025-07-23 02:35:00+00:00,23079.15,23086.75,23075.65,23083.45,485,160,0
2025-07-23 02:40:00+00:00,23083.65,23093.95,23082.95,23086.25,526,160,0
2025-07-23 02:45:00+00:00,23085.95,23093.75,23082.95,23092.25,675,160,0
2025-07-23 02:50:00+00:00,23092.15,23109.45,23092.15,23107.15,569,160,0
2025-07-23 02:55:00+00:00,23107.45,23114.55,23102.85,23109.65,565,160,0
2025-07-23 03:00:00+00:00,23109.65,23114.25,23086.25,23090.55,869,160,0
2025-07-23 03:05:00+00:00,23090.85,23091.95,23078.55,23089.95,750,170,0
2025-07-23 03:10:00+00:00,23090.15,23090.45,23072.55,23073.85,709,170,0
2025-07-23 03:15:00+00:00,23074.85,23075.95,23066.45,23068.15,791,160,0
2025-07-23 03:20:00+00:00,23067.05,23072.85,23066.55,23069.25,534,160,0
2025-07-23 03:25:00+00:00,23069.35,23072.95,23053.55,23056.15,631,160,0
2025-07-23 03:30:00+00:00,23056.35,23064.35,23055.65,23057.15,537,160,0
2025-07-23 03:35:00+00:00,23058.35,23063.25,23054.95,23055.25,417,150,0
2025-07-23 03:40:00+00:00,23055.15,23063.95,23052.25,23056.45,458,150,0
2025-07-23 03:45:00+00:00,23057.75,23063.15,23056.95,23061.25,469,160,0
2025-07-23 03:50:00+00:00,23061.25,23063.15,23055.85,23058.55,410,150,0
2025-07-23 03:55:00+00:00,23058.75,23061.25,23047.05,23052.05,489,150,0
2025-07-23 04:00:00+00:00,23050.75,23056.15,23046.75,23049.15,635,150,0
2025-07-23 04:05:00+00:00,23049.75,23059.75,23046.45,23057.75,513,150,0
2025-07-23 04:10:00+00:00,23057.05,23068.75,23057.05,23068.05,504,150,0
2025-07-23 04:15:00+00:00,23068.05,23080.65,23067.95,23076.45,543,150,0
2025-07-23 04:20:00+00:00,23076.95,23088.65,23076.95,23087.45,441,150,0
2025-07-23 04:25:00+00:00,23088.05,23090.65,23083.45,23083.55,454,150,0
2025-07-23 04:30:00+00:00,23083.15,23087.85,23077.15,23083.75,566,150,0
2025-07-23 04:35:00+00:00,23083.25,23091.15,23080.15,23082.65,490,160,0
2025-07-23 04:40:00+00:00,23082.65,23088.95,23082.25,23088.95,454,150,0
2025-07-23 04:45:00+00:00,23089.05,23091.45,23084.55,23085.45,453,150,0
2025-07-23 04:50:00+00:00,23085.65,23101.15,23080.15,23100.25,567,150,0
2025-07-23 04:55:00+00:00,23100.15,23100.35,23097.65,23099.25,378,150,0
2025-07-23 05:00:00+00:00,23099.45,23099.45,23093.05,23095.15,357,150,0
2025-07-23 05:05:00+00:00,23095.25,23095.25,23090.25,23092.65,324,150,0
2025-07-23 05:10:00+00:00,23092.75,23092.75,23079.15,23079.15,377,150,0
2025-07-23 05:15:00+00:00,23079.05,23080.25,23073.95,23077.45,512,150,0
2025-07-23 05:20:00+00:00,23077.55,23086.05,23076.25,23081.55,492,150,0
2025-07-23 05:25:00+00:00,23081.95,23084.55,23078.65,23081.25,468,150,0
2025-07-23 05:30:00+00:00,23081.15,23089.45,23080.65,23083.55,372,150,0
2025-07-23 05:35:00+00:00,23083.55,23087.55,23081.45,23082.25,280,150,0
2025-07-23 05:40:00+00:00,23082.15,23085.25,23079.95,23085.05,235,150,0
2025-07-23 05:45:00+00:00,23085.15,23087.95,23082.25,23086.75,247,150,0
2025-07-23 05:50:00+00:00,23086.65,23089.65,23085.25,23089.05,193,150,0
2025-07-23 05:55:00+00:00,23089.05,23094.65,23089.05,23093.45,302,150,0
2025-07-23 06:00:00+00:00,23093.25,23096.95,23088.95,23092.15,311,150,0
2025-07-23 06:05:00+00:00,23092.25,23094.25,23090.55,23093.75,154,150,0
2025-07-23 06:10:00+00:00,23093.75,23096.25,23093.05,23095.45,211,150,0
2025-07-23 06:15:00+00:00,23095.55,23096.95,23094.25,23096.75,180,150,0
2025-07-23 06:20:00+00:00,23096.95,23101.15,23096.45,23100.25,226,150,0
2025-07-23 06:25:00+00:00,23100.25,23102.55,23100.15,23100.25,306,150,0
2025-07-23 06:30:00+00:00,23100.05,23100.75,23093.05,23093.25,334,150,0
2025-07-23 06:35:00+00:00,23092.95,23093.05,23082.25,23090.75,439,150,0
2025-07-23 06:40:00+00:00,23090.55,23090.95,23083.65,23083.95,336,150,0
2025-07-23 06:45:00+00:00,23083.65,23090.75,23079.15,23088.65,349,150,0
2025-07-23 06:50:00+00:00,23088.75,23092.65,23088.75,23090.75,231,150,0
2025-07-23 06:55:00+00:00,23090.95,23091.45,23084.25,23086.25,238,150,0
2025-07-23 07:00:00+00:00,23086.05,23088.75,23084.75,23086.95,233,150,0
2025-07-23 07:05:00+00:00,23086.55,23086.55,23081.05,23081.25,194,150,0
2025-07-23 07:10:00+00:00,23081.25,23085.15,23080.25,23083.95,197,150,0
2025-07-23 07:15:00+00:00,23084.05,23088.75,23080.75,23086.05,244,150,0
2025-07-23 07:20:00+00:00,23086.05,23087.45,23083.75,23086.05,157,150,0
2025-07-23 07:25:00+00:00,23086.25,23088.55,23085.25,23088.25,158,150,0
2025-07-23 07:30:00+00:00,23088.55,23091.45,23087.05,23091.25,202,150,0
2025-07-23 07:35:00+00:00,23091.45,23093.55,23087.25,23093.25,268,150,0
2025-07-23 07:40:00+00:00,23093.45,23098.55,23093.25,23095.65,297,150,0
2025-07-23 07:45:00+00:00,23095.75,23095.95,23089.65,23095.75,222,150,0
2025-07-23 07:50:00+00:00,23096.25,23096.25,23090.55,23092.95,228,150,0
2025-07-23 07:55:00+00:00,23092.75,23098.45,23092.55,23096.65,201,150,0
2025-07-23 08:00:00+00:00,23096.15,23099.25,23093.75,23094.75,316,150,0
2025-07-23 08:05:00+00:00,23094.95,23098.65,23092.45,23098.25,271,150,0
2025-07-23 08:10:00+00:00,23098.45,23098.65,23093.65,23096.15,271,150,0
2025-07-23 08:15:00+00:00,23096.15,23101.75,23095.55,23097.25,228,150,0
2025-07-23 08:20:00+00:00,23096.45,23101.25,23095.25,23098.65,228,150,0
2025-07-23 08:25:00+00:00,23098.55,23101.75,23095.65,23101.75,273,150,0
2025-07-23 08:30:00+00:00,23101.65,23107.15,23098.95,23101.75,391,150,0
2025-07-23 08:35:00+00:00,23101.55,23106.95,23099.05,23099.05,301,150,0
2025-07-23 08:40:00+00:00,23099.15,23100.25,23093.55,23095.75,311,150,0
2025-07-23 08:45:00+00:00,23095.95,23105.05,23095.05,23103.75,329,150,0
2025-07-23 08:50:00+00:00,23104.05,23105.25,23096.95,23098.55,230,150,0
2025-07-23 08:55:00+00:00,23098.75,23101.55,23096.55,23098.25,252,150,0
2025-07-23 09:00:00+00:00,23098.55,23100.25,23094.25,23095.75,443,150,0
2025-07-23 09:05:00+00:00,23096.45,23098.95,23095.25,23097.15,315,150,0
2025-07-23 09:10:00+00:00,23097.05,23099.55,23093.95,23095.25,295,150,0
2025-07-23 09:15:00+00:00,23095.15,23098.05,23093.75,23095.55,295,150,0
2025-07-23 09:20:00+00:00,23095.55,23097.15,23091.15,23094.05,379,150,0
2025-07-23 09:25:00+00:00,23094.15,23102.55,23093.55,23101.55,361,150,0
2025-07-23 09:30:00+00:00,23101.65,23102.25,23096.45,23100.75,456,150,0
2025-07-23 09:35:00+00:00,23100.75,23105.95,23099.25,23105.25,307,150,0
2025-07-23 09:40:00+00:00,23105.15,23115.15,23104.75,23113.25,396,150,0
2025-07-23 09:45:00+00:00,23113.55,23115.95,23109.15,23109.25,340,150,0
2025-07-23 09:50:00+00:00,23109.55,23114.45,23108.65,23114.05,263,150,0
2025-07-23 09:55:00+00:00,23113.75,23118.55,23111.75,23115.45,380,150,0
2025-07-23 10:00:00+00:00,23115.65,23117.45,23108.45,23112.35,947,150,0
2025-07-23 10:05:00+00:00,23111.95,23121.35,23110.75,23114.75,807,160,0
2025-07-23 10:10:00+00:00,23113.85,23119.45,23110.25,23116.75,637,160,0
2025-07-23 10:15:00+00:00,23116.25,23123.65,23116.25,23119.25,588,150,0
2025-07-23 10:20:00+00:00,23119.35,23124.65,23107.45,23109.25,644,150,0
2025-07-23 10:25:00+00:00,23109.25,23110.65,23100.15,23105.65,612,150,0
2025-07-23 10:30:00+00:00,23105.75,23108.35,23092.35,23096.15,700,160,0
2025-07-23 10:35:00+00:00,23096.25,23104.15,23093.95,23098.85,579,160,0
2025-07-23 10:40:00+00:00,23098.85,23104.45,23095.95,23103.95,535,160,0
2025-07-23 10:45:00+00:00,23103.95,23106.05,23099.45,23099.55,512,150,0
2025-07-23 10:50:00+00:00,23099.05,23106.05,23098.55,23103.15,492,150,0
2025-07-23 10:55:00+00:00,23103.25,23110.45,23102.65,23108.15,441,150,0
2025-07-23 11:00:00+00:00,23108.05,23112.45,23104.65,23111.95,705,150,0
2025-07-23 11:05:00+00:00,23111.95,23115.65,23107.15,23109.25,606,150,0
2025-07-23 11:10:00+00:00,23109.35,23119.95,23108.85,23117.25,515,150,0
2025-07-23 11:15:00+00:00,23117.05,23117.75,23114.75,23117.45,389,150,0
2025-07-23 11:20:00+00:00,23116.15,23125.65,23110.55,23121.45,515,150,0
2025-07-23 11:25:00+00:00,23121.85,23126.25,23120.85,23122.15,481,150,0
2025-07-23 11:30:00+00:00,23122.25,23122.75,23113.95,23115.05,445,150,0
2025-07-23 11:35:00+00:00,23114.95,23115.15,23111.75,23112.65,378,150,0
2025-07-23 11:40:00+00:00,23112.75,23118.45,23110.65,23117.55,412,150,0
2025-07-23 11:45:00+00:00,23117.65,23128.95,23116.55,23124.15,417,150,0
2025-07-23 11:50:00+00:00,23123.95,23125.25,23120.15,23121.25,320,150,0
2025-07-23 11:55:00+00:00,23121.45,23129.25,23120.75,23127.05,403,150,0
2025-07-23 12:00:00+00:00,23126.25,23130.65,23124.45,23125.05,402,150,0
2025-07-23 12:05:00+00:00,23125.15,23128.45,23124.05,23124.45,325,150,0
2025-07-23 12:10:00+00:00,23124.55,23126.75,23119.95,23120.15,340,150,0
2025-07-23 12:15:00+00:00,23120.05,23122.75,23117.95,23118.45,374,150,0
2025-07-23 12:20:00+00:00,23118.15,23119.55,23113.95,23114.55,395,150,0
2025-07-23 12:25:00+00:00,23114.55,23114.75,23108.15,23108.15,407,150,0
2025-07-23 12:30:00+00:00,23108.15,23111.45,23106.45,23109.65,394,150,0
2025-07-23 12:35:00+00:00,23109.55,23112.95,23107.05,23112.55,345,150,0
2025-07-23 12:40:00+00:00,23112.65,23113.65,23108.95,23111.95,336,150,0
2025-07-23 12:45:00+00:00,23112.05,23115.25,23110.25,23114.65,305,150,0
2025-07-23 12:50:00+00:00,23115.05,23118.25,23113.45,23117.75,355,150,0
2025-07-23 12:55:00+00:00,23118.15,23122.75,23116.95,23119.25,317,150,0
2025-07-23 13:00:00+00:00,23119.25,23122.45,23115.15,23117.45,342,150,0
2025-07-23 13:05:00+00:00,23117.45,23117.65,23112.25,23113.05,315,150,0
2025-07-23 13:10:00+00:00,23112.95,23117.05,23112.95,23113.75,283,150,0
2025-07-23 13:15:00+00:00,23113.55,23116.75,23112.05,23114.05,285,150,0
2025-07-23 13:20:00+00:00,23114.05,23126.25,23113.15,23116.95,413,150,0
2025-07-23 13:25:00+00:00,23116.95,23120.55,23116.55,23119.95,325,150,0
2025-07-23 13:30:00+00:00,23120.25,23128.65,23119.25,23122.75,417,150,0
2025-07-23 13:35:00+00:00,23122.95,23125.65,23120.75,23122.15,377,150,0
2025-07-23 13:40:00+00:00,23122.55,23123.95,23118.65,23121.55,310,150,0
2025-07-23 13:45:00+00:00,23121.45,23122.25,23115.75,23115.75,260,150,0
2025-07-23 13:50:00+00:00,23115.75,23119.15,23110.75,23111.95,459,150,0
2025-07-23 13:55:00+00:00,23111.95,23116.25,23107.95,23108.25,352,150,0
2025-07-23 14:00:00+00:00,23107.95,23110.75,23105.45,23107.45,460,150,0
2025-07-23 14:05:00+00:00,23107.45,23111.65,23080.85,23086.35,687,150,0
2025-07-23 14:10:00+00:00,23085.85,23108.65,23082.75,23099.05,817,180,0
2025-07-23 14:15:00+00:00,23099.25,23101.55,23091.75,23095.95,490,170,0
2025-07-23 14:20:00+00:00,23095.95,23101.75,23090.95,23101.25,466,160,0
2025-07-23 14:25:00+00:00,23101.15,23102.75,23096.95,23097.65,441,150,0
2025-07-23 14:30:00+00:00,23097.75,23102.05,23095.45,23099.85,410,150,0
2025-07-23 14:35:00+00:00,23099.75,23108.45,23095.15,23107.95,424,150,0
2025-07-23 14:40:00+00:00,23107.95,23110.15,23097.25,23101.65,420,150,0
2025-07-23 14:45:00+00:00,23102.95,23103.95,23098.65,23102.45,299,150,0
2025-07-23 14:50:00+00:00,23102.15,23106.45,23101.65,23104.65,313,150,0
2025-07-23 14:55:00+00:00,23104.95,23106.15,23100.95,23104.75,368,150,0
2025-07-23 15:00:00+00:00,23105.25,23115.05,23103.25,23114.65,534,150,0
2025-07-23 15:05:00+00:00,23114.55,23116.15,23102.65,23103.55,396,150,0
2025-07-23 15:10:00+00:00,23103.45,23108.65,23096.45,23107.15,553,150,0
2025-07-23 15:15:00+00:00,23106.65,23108.95,23102.55,23104.15,449,150,0
2025-07-23 15:20:00+00:00,23103.75,23104.45,23090.15,23091.85,607,150,0
2025-07-23 15:25:00+00:00,23091.75,23099.15,23088.45,23098.45,518,150,0
2025-07-23 15:30:00+00:00,23098.65,23098.65,23083.05,23085.95,618,150,0
2025-07-23 15:35:00+00:00,23086.45,23096.15,23085.15,23090.15,553,150,0
2025-07-23 15:40:00+00:00,23090.05,23093.15,23081.95,23093.05,520,150,0
2025-07-23 15:45:00+00:00,23092.95,23096.45,23087.75,23090.95,623,150,0
2025-07-23 15:50:00+00:00,23091.15,23092.35,23078.35,23081.35,662,160,0
2025-07-23 15:55:00+00:00,23081.15,23088.25,23080.55,23084.45,571,150,0
2025-07-23 16:00:00+00:00,23084.45,23091.45,23081.15,23090.35,620,150,0
2025-07-23 16:05:00+00:00,23090.35,23091.15,23083.25,23090.15,542,160,0
2025-07-23 16:10:00+00:00,23089.95,23092.75,23083.35,23087.35,536,160,0
2025-07-23 16:15:00+00:00,23087.45,23093.25,23082.35,23091.85,622,150,0
2025-07-23 16:20:00+00:00,23091.85,23117.85,23091.85,23112.85,798,160,0
2025-07-23 16:25:00+00:00,23113.15,23117.05,23102.85,23109.55,960,180,0
2025-07-23 16:30:00+00:00,23109.05,23109.85,23031.05,23068.35,1617,80,0
2025-07-23 16:35:00+00:00,23066.35,23084.95,23062.95,23072.65,1531,100,0
2025-07-23 16:40:00+00:00,23073.15,23079.95,23044.55,23045.95,1442,90,0
2025-07-23 16:45:00+00:00,23045.15,23057.55,23011.25,23043.45,1488,90,0
2025-07-23 16:50:00+00:00,23042.85,23057.35,23026.45,23045.45,1456,90,0
2025-07-23 16:55:00+00:00,23046.25,23048.95,23009.35,23013.95,1428,90,0
2025-07-23 17:00:00+00:00,23013.65,23029.35,23003.15,23007.85,1465,90,0
2025-07-23 17:05:00+00:00,23007.75,23032.75,23003.75,23017.55,1407,90,0
2025-07-23 17:10:00+00:00,23017.25,23019.75,22995.25,22998.75,1417,90,0
2025-07-23 17:15:00+00:00,22998.35,23035.45,22997.25,23015.75,1347,80,0
2025-07-23 17:20:00+00:00,23015.55,23032.75,23012.05,23029.75,1329,80,0
2025-07-23 17:25:00+00:00,23029.55,23040.85,23022.75,23040.65,1211,80,0
2025-07-23 17:30:00+00:00,23040.75,23042.55,22999.05,23000.05,1290,80,0
2025-07-23 17:35:00+00:00,22999.35,23019.05,22998.65,23012.35,1236,80,0
2025-07-23 17:40:00+00:00,23012.25,23029.85,23005.25,23021.75,1178,80,0
2025-07-23 17:45:00+00:00,23020.55,23032.85,23016.25,23031.55,1128,80,0
2025-07-23 17:50:00+00:00,23031.55,23042.05,23025.05,23041.25,1082,80,0
2025-07-23 17:55:00+00:00,23041.75,23051.65,23037.55,23047.65,1078,80,0
2025-07-23 18:00:00+00:00,23047.65,23064.75,23030.35,23040.05,1179,80,0
2025-07-23 18:05:00+00:00,23040.05,23050.65,23027.25,23044.55,1156,80,0
2025-07-23 18:10:00+00:00,23044.35,23051.55,23036.25,23037.85,1106,80,0
2025-07-23 18:15:00+00:00,23038.05,23045.25,23034.55,23044.75,1068,80,0
2025-07-23 18:20:00+00:00,23045.05,23059.55,23041.55,23050.55,1058,80,0
2025-07-23 18:25:00+00:00,23050.75,23058.05,23044.05,23056.15,977,80,0
2025-07-23 18:30:00+00:00,23055.55,23061.35,23049.05,23055.55,1028,80,0
2025-07-23 18:35:00+00:00,23054.15,23061.05,23045.15,23054.75,1057,80,0
2025-07-23 18:40:00+00:00,23054.75,23061.25,23051.05,23060.05,968,80,0
2025-07-23 18:45:00+00:00,23060.75,23063.85,23050.65,23063.05,949,80,0
2025-07-23 18:50:00+00:00,23062.75,23136.65,23060.35,23109.55,1041,80,0
2025-07-23 18:55:00+00:00,23109.85,23140.15,23092.55,23105.45,1558,120,0
2025-07-23 19:00:00+00:00,23105.35,23108.65,23086.85,23106.95,1434,100,0
2025-07-23 19:05:00+00:00,23106.95,23110.55,23091.85,23102.55,1306,80,0
2025-07-23 19:10:00+00:00,23102.25,23104.65,23071.95,23078.25,1304,80,0
2025-07-23 19:15:00+00:00,23078.25,23087.05,23057.85,23074.35,1317,80,0
2025-07-23 19:20:00+00:00,23073.75,23078.35,23042.05,23060.45,1328,80,0
2025-07-23 19:25:00+00:00,23061.25,23069.55,23049.85,23057.35,1064,80,0
2025-07-23 19:30:00+00:00,23057.55,23068.35,23051.35,23057.55,1057,80,0
2025-07-23 19:35:00+00:00,23057.75,23067.25,23055.55,23064.75,1026,80,0
2025-07-23 19:40:00+00:00,23064.75,23076.05,23060.05,23075.05,1004,80,0
2025-07-23 19:45:00+00:00,23075.15,23078.75,23066.75,23076.55,990,80,0
2025-07-23 19:50:00+00:00,23077.35,23079.35,23070.25,23074.25,891,80,0
2025-07-23 19:55:00+00:00,23074.25,23082.85,23073.55,23076.25,850,80,0
2025-07-23 20:00:00+00:00,23076.55,23085.75,23071.65,23084.05,898,80,0
2025-07-23 20:05:00+00:00,23083.75,23086.55,23076.75,23076.75,863,80,0
2025-07-23 20:10:00+00:00,23076.55,23080.65,23067.05,23070.25,973,80,0
2025-07-23 20:15:00+00:00,23070.05,23075.85,23062.55,23070.05,964,80,0
2025-07-23 20:20:00+00:00,23069.25,23083.25,23068.15,23080.55,846,80,0
2025-07-23 20:25:00+00:00,23080.55,23087.75,23079.25,23081.75,817,80,0
2025-07-23 20:30:00+00:00,23081.55,23093.55,23080.05,23093.55,894,80,0
2025-07-23 20:35:00+00:00,23093.25,23095.15,23087.65,23093.55,831,80,0
2025-07-23 20:40:00+00:00,23093.55,23111.05,23090.85,23109.55,886,80,0
2025-07-23 20:45:00+00:00,23109.85,23116.15,23104.25,23111.35,795,80,0
2025-07-23 20:50:00+00:00,23112.05,23117.55,23074.05,23103.85,1357,80,0
2025-07-23 20:55:00+00:00,23103.35,23116.75,23103.35,23111.05,990,80,0
2025-07-23 21:00:00+00:00,23111.25,23122.55,23111.25,23118.75,951,80,0
2025-07-23 21:05:00+00:00,23119.05,23125.55,23113.55,23122.85,867,80,0
2025-07-23 21:10:00+00:00,23123.05,23140.05,23122.05,23139.75,908,80,0
2025-07-23 21:15:00+00:00,23140.55,23145.25,23134.05,23137.05,883,80,0
2025-07-23 21:20:00+00:00,23137.25,23159.25,23137.05,23158.05,938,80,0
2025-07-23 21:25:00+00:00,23157.75,23171.55,23141.55,23143.65,997,80,0
2025-07-23 21:30:00+00:00,23143.55,23144.25,23133.25,23141.55,945,80,0
2025-07-23 21:35:00+00:00,23141.35,23148.05,23139.25,23144.15,873,80,0
2025-07-23 21:40:00+00:00,23144.25,23149.75,23139.25,23145.75,882,80,0
2025-07-23 21:45:00+00:00,23145.75,23153.05,23141.25,23152.55,794,80,0
2025-07-23 21:50:00+00:00,23152.85,23153.75,23140.05,23144.25,841,80,0
2025-07-23 21:55:00+00:00,23144.35,23149.65,23140.05,23149.25,748,80,0
2025-07-23 22:00:00+00:00,23149.55,23150.25,23141.05,23141.25,805,80,0
2025-07-23 22:05:00+00:00,23141.85,23147.25,23134.65,23145.25,791,80,0
2025-07-23 22:10:00+00:00,23145.05,23150.25,23137.25,23137.75,827,80,0
2025-07-23 22:15:00+00:00,23137.25,23140.55,23134.05,23138.05,825,80,0
2025-07-23 22:20:00+00:00,23137.65,23144.85,23136.65,23140.55,717,80,0
2025-07-23 22:25:00+00:00,23140.55,23143.05,23132.55,23140.75,752,80,0
2025-07-23 22:30:00+00:00,23140.25,23140.25,23125.25,23130.25,858,80,0
2025-07-23 22:35:00+00:00,23130.55,23130.55,23120.85,23123.05,921,80,0
2025-07-23 22:40:00+00:00,23122.65,23126.15,23116.55,23119.05,924,80,0
2025-07-23 22:45:00+00:00,23119.25,23132.55,23116.65,23128.25,907,80,0
2025-07-23 22:50:00+00:00,23128.25,23148.75,23126.55,23139.35,1136,80,0
2025-07-23 22:55:00+00:00,23139.35,23171.05,23136.55,23171.05,1137,80,0
2025-07-23 23:00:00+00:00,23171.26,23225.06,23150.76,23183.06,1394,98,0
2025-07-23 23:05:00+00:00,23182.66,23199.66,23177.36,23196.56,918,228,0
2025-07-23 23:10:00+00:00,23195.26,23251.76,23184.06,23248.66,1295,228,0
2025-07-23 23:15:00+00:00,23246.76,23248.26,23226.76,23229.26,1006,228,0
2025-07-23 23:20:00+00:00,23229.16,23229.96,23213.26,23219.06,908,198,0
2025-07-23 23:25:00+00:00,23218.96,23220.46,23209.56,23213.56,573,178,0
2025-07-23 23:30:00+00:00,23213.66,23231.56,23212.86,23230.66,739,168,0
2025-07-23 23:35:00+00:00,23230.56,23240.96,23228.56,23235.76,847,178,0
2025-07-23 23:40:00+00:00,23235.76,23263.26,23234.76,23253.56,891,178,0
2025-07-23 23:45:00+00:00,23253.46,23258.26,23246.76,23257.96,850,188,0
2025-07-24 01:05:00+00:00,23241.86,23247.56,23235.76,23247.06,306,168,0
2025-07-24 01:10:00+00:00,23246.86,23251.56,23244.06,23247.36,391,178,0
2025-07-24 01:15:00+00:00,23247.46,23248.16,23238.96,23242.36,381,178,0
2025-07-24 01:20:00+00:00,23242.06,23243.36,23237.76,23242.36,274,168,0
2025-07-24 01:25:00+00:00,23242.46,23250.46,23242.46,23245.16,408,168,0
2025-07-24 01:30:00+00:00,23245.16,23248.96,23239.16,23245.46,374,168,0
2025-07-24 01:35:00+00:00,23244.96,23246.16,23235.66,23237.36,358,168,0
2025-07-24 01:40:00+00:00,23237.46,23243.16,23234.36,23239.76,315,168,0
2025-07-24 01:45:00+00:00,23239.66,23240.16,23233.16,23235.96,314,168,0
2025-07-24 01:50:00+00:00,23236.16,23238.96,23234.86,23235.86,196,168,0
2025-07-24 01:55:00+00:00,23235.86,23239.86,23235.36,23237.66,178,168,0
2025-07-24 02:00:00+00:00,23237.75,23240.45,23235.75,23238.95,183,150,0
2025-07-24 02:05:00+00:00,23239.25,23251.45,23239.05,23250.75,233,150,0
2025-07-24 02:10:00+00:00,23250.45,23252.05,23246.45,23246.85,219,150,0
2025-07-24 02:15:00+00:00,23246.75,23247.75,23240.35,23242.45,216,150,0
2025-07-24 02:20:00+00:00,23242.25,23244.75,23240.25,23240.75,187,150,0
2025-07-24 02:25:00+00:00,23240.45,23242.95,23238.05,23239.95,168,150,0
2025-07-24 02:30:00+00:00,23239.75,23244.45,23238.75,23243.95,193,150,0
2025-07-24 02:35:00+00:00,23243.75,23249.55,23243.45,23248.75,158,150,0
2025-07-24 02:40:00+00:00,23248.75,23252.25,23245.75,23247.75,292,150,0
2025-07-24 02:45:00+00:00,23247.45,23249.95,23243.95,23249.75,280,150,0
2025-07-24 02:50:00+00:00,23249.95,23254.45,23249.75,23253.25,263,150,0
2025-07-24 02:55:00+00:00,23253.05,23253.25,23247.75,23250.45,230,150,0
2025-07-24 03:00:00+00:00,23249.95,23249.95,23234.25,23234.95,606,150,0
2025-07-24 03:05:00+00:00,23235.15,23243.25,23232.05,23235.75,533,150,0
2025-07-24 03:10:00+00:00,23235.55,23247.25,23235.55,23246.95,378,150,0
2025-07-24 03:15:00+00:00,23247.05,23251.45,23244.55,23247.95,362,150,0
2025-07-24 03:20:00+00:00,23247.75,23248.55,23243.45,23247.75,311,150,0
2025-07-24 03:25:00+00:00,23247.85,23251.25,23246.95,23250.45,254,150,0
2025-07-24 03:30:00+00:00,23250.25,23250.95,23245.95,23248.45,329,150,0
2025-07-24 03:35:00+00:00,23248.75,23251.85,23247.35,23250.95,234,150,0
2025-07-24 03:40:00+00:00,23251.25,23255.75,23249.35,23254.25,266,150,0
2025-07-24 03:45:00+00:00,23254.05,23255.05,23251.05,23252.45,297,150,0
2025-07-24 03:50:00+00:00,23252.25,23253.35,23245.75,23247.85,303,150,0
2025-07-24 03:55:00+00:00,23247.75,23249.75,23242.55,23244.25,287,150,0
2025-07-24 04:00:00+00:00,23243.55,23250.55,23239.85,23250.55,470,150,0
2025-07-24 04:05:00+00:00,23250.45,23253.35,23247.35,23249.05,380,150,0
2025-07-24 04:10:00+00:00,23249.05,23253.55,23249.05,23252.45,240,150,0
2025-07-24 04:15:00+00:00,23251.95,23264.35,23251.45,23261.25,383,150,0
2025-07-24 04:20:00+00:00,23261.25,23270.85,23261.25,23268.75,452,150,0
2025-07-24 04:25:00+00:00,23268.85,23271.55,23258.05,23259.05,359,150,0
2025-07-24 04:30:00+00:00,23258.95,23260.55,23256.45,23257.25,455,150,0
2025-07-24 04:35:00+00:00,23257.35,23259.95,23255.25,23257.25,337,150,0
2025-07-24 04:40:00+00:00,23256.95,23257.35,23254.75,23256.75,304,150,0
2025-07-24 04:45:00+00:00,23256.55,23258.55,23254.75,23255.05,337,150,0
2025-07-24 04:50:00+00:00,23254.95,23257.95,23253.95,23256.75,282,150,0
2025-07-24 04:55:00+00:00,23256.85,23259.25,23255.35,23258.35,212,150,0
2025-07-24 05:00:00+00:00,23258.35,23263.25,23257.85,23262.25,310,150,0
2025-07-24 05:05:00+00:00,23262.05,23262.25,23258.55,23258.55,201,150,0
2025-07-24 05:10:00+00:00,23259.05,23262.25,23255.95,23260.85,271,150,0
2025-07-24 05:15:00+00:00,23260.75,23264.55,23258.95,23259.95,292,150,0
2025-07-24 05:20:00+00:00,23260.05,23260.25,23251.05,23256.25,349,150,0
2025-07-24 05:25:00+00:00,23256.55,23261.35,23254.55,23258.35,263,150,0
2025-07-24 05:30:00+00:00,23258.55,23260.35,23256.85,23258.55,216,150,0
2025-07-24 05:35:00+00:00,23258.75,23259.05,23255.85,23255.95,168,150,0
2025-07-24 05:40:00+00:00,23255.75,23258.75,23252.85,23257.05,246,150,0
2025-07-24 05:45:00+00:00,23257.35,23257.35,23253.55,23255.05,208,150,0
2025-07-24 05:50:00+00:00,23255.75,23256.85,23254.75,23254.95,142,150,0
2025-07-24 05:55:00+00:00,23254.75,23257.35,23253.95,23254.85,149,150,0
2025-07-24 06:00:00+00:00,23254.75,23254.95,23250.85,23252.85,231,150,0
2025-07-24 06:05:00+00:00,23252.95,23255.45,23250.25,23250.95,199,150,0
2025-07-24 06:10:00+00:00,23251.25,23251.55,23247.05,23247.25,222,150,0
2025-07-24 06:15:00+00:00,23247.45,23253.95,23246.75,23252.45,215,150,0
2025-07-24 06:20:00+00:00,23252.45,23254.05,23249.05,23249.75,167,150,0
2025-07-24 06:25:00+00:00,23249.95,23250.75,23246.75,23247.25,119,150,0
2025-07-24 06:30:00+00:00,23247.05,23247.35,23244.55,23247.05,265,150,0
2025-07-24 06:35:00+00:00,23246.85,23249.25,23246.25,23247.55,171,150,0
2025-07-24 06:40:00+00:00,23247.75,23248.85,23245.05,23245.35,188,150,0
2025-07-24 06:45:00+00:00,23245.85,23246.45,23229.45,23229.45,415,150,0
2025-07-24 06:50:00+00:00,23229.45,23236.95,23226.95,23234.05,385,150,0
2025-07-24 06:55:00+00:00,23233.55,23233.95,23225.75,23229.05,307,150,0
2025-07-24 07:00:00+00:00,23228.85,23232.35,23225.55,23232.25,289,150,0
2025-07-24 07:05:00+00:00,23232.25,23233.55,23230.25,23231.55,193,150,0
2025-07-24 07:10:00+00:00,23231.85,23233.05,23230.85,23231.85,170,150,0
2025-07-24 07:15:00+00:00,23232.45,23233.45,23227.35,23228.35,218,150,0
2025-07-24 07:20:00+00:00,23228.45,23228.55,23223.75,23225.05,209,150,0
2025-07-24 07:25:00+00:00,23225.25,23230.25,23224.55,23225.35,224,150,0
2025-07-24 07:30:00+00:00,23225.05,23228.75,23222.85,23225.95,227,150,0
2025-07-24 07:35:00+00:00,23225.95,23227.75,23224.25,23225.95,184,150,0
2025-07-24 07:40:00+00:00,23225.75,23226.55,23223.25,23225.35,172,150,0
2025-07-24 07:45:00+00:00,23225.45,23231.05,23225.35,23229.35,176,150,0
2025-07-24 07:50:00+00:00,23229.25,23229.35,23226.35,23228.25,182,150,0
2025-07-24 07:55:00+00:00,23228.05,23232.25,23227.45,23229.85,184,150,0
2025-07-24 08:00:00+00:00,23229.75,23233.85,23229.55,23233.55,281,150,0
2025-07-24 08:05:00+00:00,23233.55,23234.55,23229.05,23230.95,212,150,0
2025-07-24 08:10:00+00:00,23230.75,23232.25,23228.25,23229.25,259,150,0
2025-07-24 08:15:00+00:00,23229.35,23231.85,23228.55,23230.45,245,150,0
2025-07-24 08:20:00+00:00,23230.55,23232.45,23229.05,23230.25,196,150,0
2025-07-24 08:25:00+00:00,23229.95,23230.45,23228.35,23230.35,185,150,0
2025-07-24 08:30:00+00:00,23230.05,23230.35,23225.55,23227.55,264,150,0
2025-07-24 08:35:00+00:00,23227.45,23228.95,23226.85,23228.05,224,150,0
2025-07-24 08:40:00+00:00,23228.35,23230.35,23225.35,23225.75,255,150,0
2025-07-24 08:45:00+00:00,23225.55,23229.95,23225.25,23228.55,223,150,0
2025-07-24 08:50:00+00:00,23228.55,23228.95,23226.55,23228.55,212,150,0
2025-07-24 08:55:00+00:00,23228.75,23229.45,23223.25,23223.25,210,150,0
2025-07-24 09:00:00+00:00,23222.95,23239.95,23222.95,23236.55,460,150,0
2025-07-24 09:05:00+00:00,23236.45,23236.95,23232.55,23234.85,377,150,0
2025-07-24 09:10:00+00:00,23234.25,23241.35,23231.55,23238.25,307,150,0
2025-07-24 09:15:00+00:00,23237.95,23238.05,23231.35,23232.45,241,150,0
2025-07-24 09:20:00+00:00,23232.25,23234.05,23227.45,23228.55,272,150,0
2025-07-24 09:25:00+00:00,23228.75,23232.05,23226.75,23228.55,344,150,0
2025-07-24 09:30:00+00:00,23228.35,23228.35,23220.05,23220.35,417,150,0
2025-07-24 09:35:00+00:00,23220.25,23221.75,23211.35,23214.45,379,150,0
2025-07-24 09:40:00+00:00,23214.35,23214.55,23207.25,23208.05,351,150,0
2025-07-24 09:45:00+00:00,23208.25,23212.55,23205.45,23210.55,300,150,0
2025-07-24 09:50:00+00:00,23210.95,23213.35,23204.05,23204.25,354,150,0
2025-07-24 09:55:00+00:00,23204.05,23210.85,23204.05,23209.45,387,150,0
2025-07-24 10:00:00+00:00,23209.25,23211.45,23202.55,23204.45,819,150,0
2025-07-24 10:05:00+00:00,23204.95,23210.45,23204.15,23205.95,653,160,0
2025-07-24 10:10:00+00:00,23206.05,23212.95,23205.25,23212.45,620,150,0
2025-07-24 10:15:00+00:00,23211.95,23213.35,23208.05,23208.35,525,150,0
2025-07-24 10:20:00+00:00,23208.45,23211.05,23205.35,23209.45,514,150,0
2025-07-24 10:25:00+00:00,23209.55,23213.35,23208.45,23210.25,357,150,0
2025-07-24 10:30:00+00:00,23210.35,23216.05,23207.85,23209.25,497,150,0
2025-07-24 10:35:00+00:00,23209.45,23214.05,23208.85,23210.35,405,150,0
2025-07-24 10:40:00+00:00,23210.45,23213.05,23208.35,23210.95,376,150,0
2025-07-24 10:45:00+00:00,23210.95,23211.75,23203.55,23205.95,415,150,0
2025-07-24 10:50:00+00:00,23206.05,23212.55,23204.35,23210.05,402,150,0
2025-07-24 10:55:00+00:00,23210.35,23220.05,23208.35,23219.45,408,150,0
2025-07-24 11:00:00+00:00,23218.95,23219.35,23197.65,23201.95,808,150,0
2025-07-24 11:05:00+00:00,23201.75,23213.95,23198.65,23212.35,577,170,0
2025-07-24 11:10:00+00:00,23212.65,23222.95,23212.65,23221.25,573,150,0
2025-07-24 11:15:00+00:00,23221.35,23230.85,23221.35,23227.25,449,150,0
2025-07-24 11:20:00+00:00,23227.35,23230.85,23221.55,23226.05,473,150,0
2025-07-24 11:25:00+00:00,23226.25,23234.35,23226.25,23233.25,404,150,0
2025-07-24 11:30:00+00:00,23233.85,23238.55,23231.35,23234.25,445,150,0
2025-07-24 11:35:00+00:00,23234.75,23238.05,23231.35,23235.95,451,150,0
2025-07-24 11:40:00+00:00,23236.05,23236.85,23230.55,23233.55,400,150,0
2025-07-24 11:45:00+00:00,23233.75,23237.55,23231.85,23236.25,303,150,0
2025-07-24 11:50:00+00:00,23236.55,23240.55,23236.45,23238.25,310,150,0
2025-07-24 11:55:00+00:00,23238.05,23240.85,23237.55,23240.75,277,150,0
2025-07-24 12:00:00+00:00,23240.35,23240.45,23234.35,23239.45,267,150,0
2025-07-24 12:05:00+00:00,23239.35,23242.95,23238.45,23239.55,290,150,0
2025-07-24 12:10:00+00:00,23239.75,23241.05,23237.45,23238.55,236,150,0
2025-07-24 12:15:00+00:00,23238.45,23240.85,23235.95,23238.25,326,150,0
2025-07-24 12:20:00+00:00,23237.95,23238.55,23231.85,23235.25,347,150,0
2025-07-24 12:25:00+00:00,23234.95,23239.75,23232.55,23238.05,395,150,0
2025-07-24 12:30:00+00:00,23237.55,23245.55,23237.55,23244.05,387,150,0
2025-07-24 12:35:00+00:00,23243.95,23244.55,23239.05,23243.25,312,150,0
2025-07-24 12:40:00+00:00,23242.95,23243.35,23236.35,23238.25,293,150,0
2025-07-24 12:45:00+00:00,23238.35,23241.75,23236.95,23241.75,252,150,0
2025-07-24 12:50:00+00:00,23241.55,23244.45,23241.45,23244.45,312,150,0
2025-07-24 12:55:00+00:00,23244.45,23246.55,23239.55,23239.95,271,150,0
2025-07-24 13:00:00+00:00,23240.05,23243.45,23234.25,23240.15,640,150,0
2025-07-24 13:05:00+00:00,23240.85,23242.45,23235.95,23236.75,395,150,0
2025-07-24 13:10:00+00:00,23236.85,23237.25,23232.85,23233.75,323,150,0
2025-07-24 13:15:00+00:00,23233.45,23237.25,23231.45,23231.95,362,150,0
2025-07-24 13:20:00+00:00,23231.85,23232.35,23220.05,23220.35,449,150,0
2025-07-24 13:25:00+00:00,23220.25,23223.35,23219.55,23219.95,392,150,0
2025-07-24 13:30:00+00:00,23219.95,23226.35,23213.55,23215.95,529,150,0
2025-07-24 13:35:00+00:00,23216.05,23224.95,23215.85,23221.95,413,150,0
2025-07-24 13:40:00+00:00,23222.35,23226.85,23221.25,23225.45,393,150,0
2025-07-24 13:45:00+00:00,23225.25,23226.45,23218.95,23222.35,304,150,0
2025-07-24 13:50:00+00:00,23222.55,23223.85,23218.55,23220.95,306,150,0
2025-07-24 13:55:00+00:00,23221.25,23223.75,23218.25,23223.25,359,150,0
2025-07-24 14:00:00+00:00,23223.35,23226.55,23217.55,23224.95,504,150,0
2025-07-24 14:05:00+00:00,23224.75,23229.75,23222.95,23227.35,425,150,0
2025-07-24 14:10:00+00:00,23227.35,23233.35,23227.35,23231.25,371,150,0
2025-07-24 14:15:00+00:00,23231.35,23236.55,23230.55,23234.85,386,150,0
2025-07-24 14:20:00+00:00,23234.75,23237.55,23233.95,23236.95,369,150,0
2025-07-24 14:25:00+00:00,23237.05,23244.35,23236.05,23240.05,407,150,0
2025-07-24 14:30:00+00:00,23240.25,23244.25,23235.05,23243.35,417,150,0
2025-07-24 14:35:00+00:00,23243.25,23244.85,23239.95,23242.05,320,150,0
2025-07-24 14:40:00+00:00,23241.85,23252.45,23241.35,23243.95,415,150,0
2025-07-24 14:45:00+00:00,23243.95,23244.95,23240.35,23240.35,337,150,0
2025-07-24 14:50:00+00:00,23240.05,23240.85,23235.85,23236.95,392,150,0
2025-07-24 14:55:00+00:00,23236.85,23240.05,23235.35,23236.25,376,150,0
2025-07-24 15:00:00+00:00,23236.05,23238.95,23230.35,23234.75,545,150,0
2025-07-24 15:05:00+00:00,23233.85,23242.25,23233.85,23240.85,368,150,0
2025-07-24 15:10:00+00:00,23240.75,23241.85,23235.95,23240.45,372,150,0
2025-07-24 15:15:00+00:00,23239.95,23240.75,23231.05,23232.35,475,150,0
2025-07-24 15:20:00+00:00,23232.55,23232.85,23215.25,23216.05,717,150,0
2025-07-24 15:25:00+00:00,23215.55,23227.75,23214.05,23227.45,626,150,0
2025-07-24 15:30:00+00:00,23227.25,23230.05,23210.85,23213.15,852,150,0
2025-07-24 15:35:00+00:00,23213.35,23214.85,23205.05,23205.75,718,160,0
2025-07-24 15:40:00+00:00,23205.25,23211.05,23191.35,23192.65,719,150,0
2025-07-24 15:45:00+00:00,23192.25,23199.35,23177.35,23198.15,1004,170,0
2025-07-24 15:50:00+00:00,23198.15,23204.05,23190.85,23194.85,887,180,0
2025-07-24 15:55:00+00:00,23194.65,23210.55,23192.85,23209.75,713,160,0
2025-07-24 16:00:00+00:00,23209.95,23210.55,23199.45,23201.45,772,160,0
2025-07-24 16:05:00+00:00,23201.65,23209.55,23200.45,23205.25,789,160,0
2025-07-24 16:10:00+00:00,23205.15,23209.55,23195.95,23205.45,792,160,0
2025-07-24 16:15:00+00:00,23205.75,23208.65,23198.05,23204.05,778,160,0
2025-07-24 16:20:00+00:00,23203.95,23217.75,23202.95,23216.75,789,160,0
2025-07-24 16:25:00+00:00,23218.25,23228.65,23217.85,23223.05,1026,160,0
2025-07-24 16:30:00+00:00,23222.85,23249.25,23194.45,23218.45,1604,80,0
2025-07-24 16:35:00+00:00,23217.35,23223.75,23187.25,23196.95,1553,110,0
2025-07-24 16:40:00+00:00,23198.45,23214.35,23184.55,23208.55,1443,90,0
2025-07-24 16:45:00+00:00,23212.65,23250.85,23205.75,23240.95,1406,80,0
2025-07-24 16:50:00+00:00,23241.15,23241.95,23197.55,23198.65,1416,80,0
2025-07-24 16:55:00+00:00,23198.65,23221.15,23198.65,23212.55,1334,80,0
2025-07-24 17:00:00+00:00,23213.05,23214.45,23186.45,23193.85,1430,80,0
2025-07-24 17:05:00+00:00,23193.65,23214.05,23177.35,23179.65,1402,80,0
2025-07-24 17:10:00+00:00,23179.65,23188.65,23148.75,23162.65,1439,80,0
2025-07-24 17:15:00+00:00,23162.55,23189.35,23151.85,23185.15,1451,90,0
2025-07-24 17:20:00+00:00,23185.15,23190.25,23174.15,23179.95,1341,80,0
2025-07-24 17:25:00+00:00,23179.65,23189.65,23172.65,23182.15,1295,80,0
2025-07-24 17:30:00+00:00,23182.65,23192.45,23179.45,23184.95,1236,80,0
2025-07-24 17:35:00+00:00,23184.95,23211.15,23182.45,23203.35,1181,80,0
2025-07-24 17:40:00+00:00,23203.15,23209.45,23198.35,23202.55,1110,80,0
2025-07-24 17:45:00+00:00,23202.45,23214.55,23201.65,23210.65,1085,80,0
2025-07-24 17:50:00+00:00,23210.45,23219.35,23209.15,23216.95,1119,80,0
2025-07-24 17:55:00+00:00,23217.15,23231.05,23210.95,23222.65,1077,80,0
2025-07-24 18:00:00+00:00,23222.65,23237.15,23220.85,23234.95,1155,80,0
2025-07-24 18:05:00+00:00,23234.65,23237.95,23229.45,23230.95,1055,80,0
2025-07-24 18:10:00+00:00,23230.95,23240.65,23224.15,23237.65,1065,80,0
2025-07-24 18:15:00+00:00,23236.55,23243.45,23224.85,23227.95,1069,80,0
2025-07-24 18:20:00+00:00,23227.45,23241.45,23226.35,23240.45,962,80,0
2025-07-24 18:25:00+00:00,23240.45,23244.95,23227.45,23230.65,1056,80,0
2025-07-24 18:30:00+00:00,23231.55,23234.05,23221.15,23228.15,1073,80,0
2025-07-24 18:35:00+00:00,23228.45,23229.35,23219.15,23226.05,1029,80,0
2025-07-24 18:40:00+00:00,23226.45,23232.65,23222.45,23228.95,1006,80,0
2025-07-24 18:45:00+00:00,23228.95,23238.35,23224.95,23235.95,1052,80,0
2025-07-24 18:50:00+00:00,23235.65,23250.45,23233.95,23243.45,1009,80,0
2025-07-24 18:55:00+00:00,23243.05,23244.65,23237.35,23238.15,904,80,0
2025-07-24 19:00:00+00:00,23238.45,23239.05,23216.45,23217.15,1095,80,0
2025-07-24 19:05:00+00:00,23217.15,23221.95,23205.95,23214.15,1098,80,0
2025-07-24 19:10:00+00:00,23213.95,23216.65,23204.45,23206.95,974,80,0
2025-07-24 19:15:00+00:00,23206.65,23216.65,23201.65,23215.45,1020,80,0
2025-07-24 19:20:00+00:00,23215.15,23221.95,23210.45,23212.95,959,80,0
2025-07-24 19:25:00+00:00,23213.65,23213.95,23190.65,23201.55,1120,80,0
2025-07-24 19:30:00+00:00,23201.45,23206.95,23195.05,23202.45,1099,80,0
2025-07-24 19:35:00+00:00,23202.35,23212.95,23195.15,23212.15,898,80,0
2025-07-24 19:40:00+00:00,23211.15,23218.15,23209.65,23212.15,907,80,0
2025-07-24 19:45:00+00:00,23212.55,23213.65,23203.55,23211.95,917,80,0
2025-07-24 19:50:00+00:00,23211.65,23217.45,23203.45,23215.95,932,80,0
2025-07-24 19:55:00+00:00,23215.85,23224.85,23213.35,23220.55,910,80,0
2025-07-24 20:00:00+00:00,23220.65,23228.15,23216.95,23227.15,851,80,0
2025-07-24 20:05:00+00:00,23227.15,23241.05,23226.85,23241.05,901,80,0
2025-07-24 20:10:00+00:00,23241.05,23262.85,23240.85,23260.85,934,80,0
2025-07-24 20:15:00+00:00,23260.85,23270.55,23249.05,23256.05,980,80,0
2025-07-24 20:20:00+00:00,23256.25,23258.85,23251.85,23255.85,868,80,0
2025-07-24 20:25:00+00:00,23256.25,23256.55,23237.55,23238.55,889,80,0
2025-07-24 20:30:00+00:00,23237.75,23248.75,23237.65,23244.65,820,80,0
2025-07-24 20:35:00+00:00,23244.25,23249.55,23241.45,23245.55,800,80,0
2025-07-24 20:40:00+00:00,23245.25,23250.25,23232.75,23238.15,819,80,0
2025-07-24 20:45:00+00:00,23238.05,23245.45,23238.05,23243.55,760,80,0
2025-07-24 20:50:00+00:00,23243.25,23249.75,23241.75,23246.45,836,80,0
2025-07-24 20:55:00+00:00,23246.25,23246.65,23229.55,23233.05,859,80,0
2025-07-24 21:00:00+00:00,23233.05,23247.55,23232.05,23247.05,876,80,0
2025-07-24 21:05:00+00:00,23247.05,23256.55,23244.05,23256.25,818,80,0
2025-07-24 21:10:00+00:00,23255.55,23269.25,23254.55,23261.75,936,80,0
2025-07-24 21:15:00+00:00,23261.95,23266.95,23258.05,23265.15,820,80,0
2025-07-24 21:20:00+00:00,23265.75,23266.75,23254.45,23260.15,925,80,0
2025-07-24 21:25:00+00:00,23260.25,23264.55,23258.75,23263.75,775,80,0
2025-07-24 21:30:00+00:00,23263.75,23269.45,23259.55,23262.75,850,80,0
2025-07-24 21:35:00+00:00,23262.75,23263.15,23254.95,23256.45,761,80,0
2025-07-24 21:40:00+00:00,23256.55,23258.75,23247.15,23251.25,820,80,0
2025-07-24 21:45:00+00:00,23251.45,23251.75,23226.05,23244.45,1066,80,0
2025-07-24 21:50:00+00:00,23244.75,23245.75,23237.55,23241.25,877,80,0
2025-07-24 21:55:00+00:00,23241.25,23253.15,23240.25,23248.55,842,80,0
2025-07-24 22:00:00+00:00,23248.25,23257.25,23245.55,23253.65,872,80,0
2025-07-24 22:05:00+00:00,23253.75,23254.55,23245.05,23251.05,810,80,0
2025-07-24 22:10:00+00:00,23251.25,23258.55,23250.05,23252.55,706,80,0
2025-07-24 22:15:00+00:00,23252.55,23260.95,23251.55,23257.55,814,80,0
2025-07-24 22:20:00+00:00,23257.75,23268.25,23256.75,23267.75,760,80,0
2025-07-24 22:25:00+00:00,23268.05,23270.25,23254.15,23263.15,874,80,0
2025-07-24 22:30:00+00:00,23263.45,23267.95,23258.85,23263.35,824,80,0
2025-07-24 22:35:00+00:00,23263.35,23264.65,23255.05,23256.95,852,80,0
2025-07-24 22:40:00+00:00,23256.95,23259.05,23248.35,23253.15,980,80,0
2025-07-24 22:45:00+00:00,23252.85,23253.55,23233.95,23248.85,978,80,0
2025-07-24 22:50:00+00:00,23239.35,23252.85,23238.15,23241.15,1128,80,0
2025-07-24 22:55:00+00:00,23240.15,23244.05,23220.45,23223.55,1218,80,0
2025-07-24 23:00:00+00:00,23223.86,23223.96,23213.66,23221.46,1052,98,0
2025-07-24 23:05:00+00:00,23221.06,23234.16,23220.66,23228.46,699,178,0
2025-07-24 23:10:00+00:00,23229.06,23240.26,23226.16,23240.16,566,168,0
2025-07-24 23:15:00+00:00,23239.76,23239.76,23234.16,23237.26,314,168,0
2025-07-24 23:20:00+00:00,23237.16,23237.46,23232.46,23233.46,242,168,0
2025-07-24 23:25:00+00:00,23233.66,23240.86,23232.76,23239.46,264,168,0
2025-07-24 23:30:00+00:00,23239.46,23242.26,23237.96,23240.86,305,168,0
2025-07-24 23:35:00+00:00,23240.46,23246.16,23240.16,23243.76,304,168,0
2025-07-24 23:40:00+00:00,23243.46,23248.46,23242.96,23243.76,347,168,0
2025-07-24 23:45:00+00:00,23243.46,23247.76,23241.16,23244.76,298,168,0
2025-07-25 01:05:00+00:00,23248.86,23254.96,23247.86,23252.46,283,168,0
2025-07-25 01:10:00+00:00,23252.46,23257.86,23252.46,23257.86,203,168,0
2025-07-25 01:15:00+00:00,23257.56,23262.16,23257.06,23261.46,211,168,0
2025-07-25 01:20:00+00:00,23261.56,23262.46,23254.56,23259.46,199,168,0
2025-07-25 01:25:00+00:00,23259.66,23268.76,23259.46,23262.36,219,168,0
2025-07-25 01:30:00+00:00,23262.36,23262.36,23255.36,23256.56,191,168,0
2025-07-25 01:35:00+00:00,23256.46,23261.66,23256.36,23261.16,103,168,0
2025-07-25 01:40:00+00:00,23261.46,23261.66,23258.56,23260.46,88,168,0
2025-07-25 01:45:00+00:00,23260.46,23260.66,23257.96,23258.36,112,168,0
2025-07-25 01:50:00+00:00,23257.96,23258.46,23255.36,23255.36,114,168,0
2025-07-25 01:55:00+00:00,23255.46,23257.56,23254.36,23254.46,94,168,0
2025-07-25 02:00:00+00:00,23254.55,23255.15,23251.45,23254.75,198,150,0
2025-07-25 02:05:00+00:00,23254.95,23258.75,23254.75,23258.05,109,150,0
2025-07-25 02:10:00+00:00,23258.25,23259.05,23248.45,23252.45,211,150,0
2025-07-25 02:15:00+00:00,23252.25,23252.45,23246.05,23249.25,184,150,0
2025-07-25 02:20:00+00:00,23249.15,23250.65,23246.45,23246.75,106,150,0
2025-07-25 02:25:00+00:00,23247.05,23250.55,23244.75,23246.75,164,150,0
2025-07-25 02:30:00+00:00,23247.95,23252.05,23243.75,23246.55,168,150,0
2025-07-25 02:35:00+00:00,23246.45,23254.45,23246.25,23253.45,157,150,0
2025-07-25 02:40:00+00:00,23252.75,23258.15,23252.55,23256.05,183,150,0
2025-07-25 02:45:00+00:00,23255.75,23262.45,23254.75,23259.55,276,150,0
2025-07-25 02:50:00+00:00,23259.75,23262.25,23257.55,23261.25,210,150,0
2025-07-25 02:55:00+00:00,23261.05,23263.05,23259.45,23259.55,196,150,0
2025-07-25 03:00:00+00:00,23259.65,23266.05,23254.95,23256.25,559,150,0
2025-07-25 03:05:00+00:00,23256.35,23266.45,23255.45,23261.95,418,160,0
2025-07-25 03:10:00+00:00,23261.95,23274.15,23261.45,23273.15,388,150,0
2025-07-25 03:15:00+00:00,23273.15,23275.05,23268.75,23273.45,344,150,0
2025-07-25 03:20:00+00:00,23273.65,23276.45,23270.65,23271.95,238,150,0
2025-07-25 03:25:00+00:00,23272.15,23272.55,23265.45,23270.05,256,150,0
2025-07-25 03:30:00+00:00,23270.15,23270.65,23265.45,23268.05,215,150,0
2025-07-25 03:35:00+00:00,23268.25,23268.25,23262.75,23264.15,231,150,0
2025-07-25 03:40:00+00:00,23264.25,23264.45,23259.05,23262.15,209,150,0
2025-07-25 03:45:00+00:00,23262.25,23267.15,23261.95,23266.45,232,150,0
2025-07-25 03:50:00+00:00,23266.55,23269.15,23261.75,23262.45,246,150,0
2025-07-25 03:55:00+00:00,23262.45,23267.95,23262.15,23267.95,210,150,0
2025-07-25 04:00:00+00:00,23268.15,23271.15,23267.55,23270.45,341,150,0
2025-07-25 04:05:00+00:00,23270.45,23272.65,23268.95,23272.15,234,150,0
2025-07-25 04:10:00+00:00,23272.05,23272.55,23265.25,23265.25,284,150,0
2025-07-25 04:15:00+00:00,23265.45,23271.95,23262.95,23270.75,270,150,0
2025-07-25 04:20:00+00:00,23270.75,23274.55,23267.75,23269.25,242,150,0
2025-07-25 04:25:00+00:00,23269.45,23271.15,23268.05,23269.45,194,150,0
2025-07-25 04:30:00+00:00,23269.55,23274.15,23267.65,23272.75,258,150,0
2025-07-25 04:35:00+00:00,23272.95,23276.65,23272.95,23275.15,244,150,0
2025-07-25 04:40:00+00:00,23275.05,23287.65,23272.55,23280.35,370,150,0
2025-07-25 04:45:00+00:00,23280.55,23285.45,23280.45,23282.75,325,150,0
2025-07-25 04:50:00+00:00,23282.55,23285.75,23280.55,23281.05,271,150,0
2025-07-25 04:55:00+00:00,23280.95,23282.65,23278.95,23280.25,198,150,0
2025-07-25 05:00:00+00:00,23280.45,23281.25,23278.25,23279.55,217,150,0
2025-07-25 05:05:00+00:00,23279.65,23280.55,23278.25,23280.45,140,150,0
2025-07-25 05:10:00+00:00,23280.25,23284.45,23280.15,23282.25,236,150,0
2025-07-25 05:15:00+00:00,23282.45,23283.25,23280.95,23281.55,154,150,0
2025-07-25 05:20:00+00:00,23281.65,23284.25,23280.45,23283.95,160,150,0
2025-07-25 05:25:00+00:00,23284.05,23289.55,23283.75,23287.05,221,150,0
2025-07-25 05:30:00+00:00,23286.95,23289.45,23281.45,23282.75,203,150,0
2025-07-25 05:35:00+00:00,23282.55,23284.95,23281.75,23282.65,127,150,0
2025-07-25 05:40:00+00:00,23283.05,23283.65,23281.15,23281.45,149,150,0
2025-07-25 05:45:00+00:00,23281.25,23283.15,23280.75,23281.55,129,150,0
2025-07-25 05:50:00+00:00,23281.65,23282.95,23280.45,23280.65,128,150,0
2025-07-25 05:55:00+00:00,23280.55,23281.45,23273.55,23275.15,194,150,0
2025-07-25 06:00:00+00:00,23275.95,23282.25,23274.25,23281.65,155,150,0
2025-07-25 06:05:00+00:00,23281.55,23284.95,23281.25,23283.75,153,150,0
2025-07-25 06:10:00+00:00,23283.65,23286.45,23283.55,23284.65,168,150,0
2025-07-25 06:15:00+00:00,23284.95,23294.25,23284.75,23287.25,270,150,0
2025-07-25 06:20:00+00:00,23287.25,23288.75,23285.05,23286.65,154,150,0
2025-07-25 06:25:00+00:00,23286.15,23289.15,23285.75,23287.75,140,150,0
2025-07-25 06:30:00+00:00,23287.75,23287.75,23283.05,23283.65,205,150,0
2025-07-25 06:35:00+00:00,23283.55,23283.95,23280.25,23283.75,206,150,0
2025-07-25 06:40:00+00:00,23283.65,23287.25,23282.95,23286.05,127,150,0
2025-07-25 06:45:00+00:00,23286.25,23287.95,23284.15,23287.45,144,150,0
2025-07-25 06:50:00+00:00,23287.55,23289.75,23286.05,23286.55,162,150,0
2025-07-25 06:55:00+00:00,23286.55,23286.65,23281.55,23281.75,146,150,0
2025-07-25 07:00:00+00:00,23281.65,23282.95,23279.65,23281.55,219,150,0
2025-07-25 07:05:00+00:00,23281.45,23283.05,23279.45,23282.75,140,150,0
2025-07-25 07:10:00+00:00,23282.95,23283.15,23281.15,23281.65,102,150,0
2025-07-25 07:15:00+00:00,23281.75,23284.95,23281.15,23284.95,102,150,0
2025-07-25 07:20:00+00:00,23284.75,23285.15,23280.15,23281.05,145,150,0
2025-07-25 07:25:00+00:00,23280.95,23281.15,23275.55,23275.75,152,150,0
2025-07-25 07:30:00+00:00,23275.55,23276.15,23270.25,23270.65,201,150,0
2025-07-25 07:35:00+00:00,23270.55,23270.55,23260.95,23263.15,315,150,0
2025-07-25 07:40:00+00:00,23262.65,23262.65,23252.65,23256.05,310,150,0
2025-07-25 07:45:00+00:00,23256.05,23258.95,23251.95,23252.25,258,150,0
2025-07-25 07:50:00+00:00,23252.45,23254.05,23250.15,23250.45,180,150,0
2025-07-25 07:55:00+00:00,23250.45,23250.95,23246.25,23250.95,249,150,0
2025-07-25 08:00:00+00:00,23251.15,23258.55,23248.95,23258.15,334,150,0
2025-07-25 08:05:00+00:00,23257.95,23259.25,23255.65,23258.75,257,150,0
2025-07-25 08:10:00+00:00,23258.95,23262.55,23258.65,23261.05,228,150,0
2025-07-25 08:15:00+00:00,23261.05,23261.25,23258.95,23260.45,225,150,0
2025-07-25 08:20:00+00:00,23260.65,23261.75,23258.95,23260.05,176,150,0
2025-07-25 08:25:00+00:00,23260.15,23262.65,23259.75,23261.75,167,150,0
2025-07-25 08:30:00+00:00,23261.75,23261.75,23256.25,23257.95,233,150,0
2025-07-25 08:35:00+00:00,23257.55,23260.15,23257.15,23258.75,185,150,0
2025-07-25 08:40:00+00:00,23258.75,23260.25,23256.65,23259.25,166,150,0
2025-07-25 08:45:00+00:00,23259.25,23261.65,23258.65,23261.65,150,150,0
2025-07-25 08:50:00+00:00,23261.55,23261.65,23257.75,23259.75,192,150,0
2025-07-25 08:55:00+00:00,23259.75,23261.25,23257.95,23261.15,225,150,0
2025-07-25 09:00:00+00:00,23261.05,23266.05,23259.45,23263.65,316,150,0
2025-07-25 09:05:00+00:00,23263.75,23264.95,23260.65,23264.75,235,150,0
2025-07-25 09:10:00+00:00,23264.75,23265.25,23261.65,23264.65,185,150,0
2025-07-25 09:15:00+00:00,23264.55,23265.05,23262.75,23263.25,156,150,0
2025-07-25 09:20:00+00:00,23263.45,23263.65,23257.65,23259.25,281,150,0
2025-07-25 09:25:00+00:00,23259.55,23262.25,23257.75,23261.75,244,150,0
2025-07-25 09:30:00+00:00,23262.05,23265.45,23259.95,23262.15,273,150,0
2025-07-25 09:35:00+00:00,23261.95,23262.95,23254.75,23256.45,240,150,0
2025-07-25 09:40:00+00:00,23256.05,23256.75,23251.05,23253.95,269,150,0
2025-07-25 09:45:00+00:00,23253.65,23254.75,23249.65,23249.65,240,150,0
2025-07-25 09:50:00+00:00,23249.75,23250.25,23245.15,23247.05,329,150,0
2025-07-25 09:55:00+00:00,23247.15,23247.15,23242.45,23244.25,324,150,0
2025-07-25 10:00:00+00:00,23244.95,23245.15,23231.95,23236.75,761,150,0
2025-07-25 10:05:00+00:00,23236.85,23247.65,23236.45,23239.95,694,150,0
2025-07-25 10:10:00+00:00,23239.85,23242.25,23230.15,23232.15,589,150,0
2025-07-25 10:15:00+00:00,23231.85,23236.45,23226.15,23229.45,644,160,0
2025-07-25 10:20:00+00:00,23229.25,23235.45,23220.95,23222.45,523,160,0
2025-07-25 10:25:00+00:00,23222.35,23230.25,23220.75,23220.95,510,150,0
2025-07-25 10:30:00+00:00,23220.75,23226.75,23216.85,23220.75,553,150,0
2025-07-25 10:35:00+00:00,23220.65,23230.55,23220.65,23224.15,533,160,0
2025-07-25 10:40:00+00:00,23223.65,23226.15,23213.15,23217.45,489,150,0
2025-07-25 10:45:00+00:00,23217.45,23220.55,23210.45,23214.95,564,150,0
2025-07-25 10:50:00+00:00,23215.25,23215.65,23208.65,23211.15,506,150,0
2025-07-25 10:55:00+00:00,23211.65,23220.45,23211.55,23219.55,427,150,0
2025-07-25 11:00:00+00:00,23219.75,23227.55,23216.65,23219.45,693,150,0
2025-07-25 11:05:00+00:00,23219.45,23227.75,23217.95,23227.75,545,150,0
2025-07-25 11:10:00+00:00,23227.75,23228.45,23220.65,23221.35,544,150,0
2025-07-25 11:15:00+00:00,23221.15,23222.15,23213.95,23217.55,441,150,0
2025-07-25 11:20:00+00:00,23217.55,23217.55,23202.85,23210.55,630,150,0
2025-07-25 11:25:00+00:00,23210.35,23223.65,23210.15,23223.65,498,150,0
2025-07-25 11:30:00+00:00,23223.65,23231.95,23223.45,23229.45,453,150,0
2025-07-25 11:35:00+00:00,23229.65,23232.95,23228.55,23230.75,395,150,0
2025-07-25 11:40:00+00:00,23230.75,23232.65,23226.75,23227.75,386,150,0
2025-07-25 11:45:00+00:00,23227.55,23233.95,23226.95,23233.45,358,150,0
2025-07-25 11:50:00+00:00,23233.45,23234.15,23229.95,23230.15,270,150,0
2025-07-25 11:55:00+00:00,23230.25,23230.25,23226.75,23228.55,348,150,0
2025-07-25 12:00:00+00:00,23228.65,23228.65,23220.55,23221.15,309,150,0
2025-07-25 12:05:00+00:00,23221.05,23226.15,23219.45,23221.15,304,150,0
2025-07-25 12:10:00+00:00,23220.95,23222.65,23216.45,23217.45,344,150,0
2025-07-25 12:15:00+00:00,23217.55,23221.45,23213.05,23213.75,326,150,0
2025-07-25 12:20:00+00:00,23213.95,23217.65,23209.95,23216.55,369,150,0
2025-07-25 12:25:00+00:00,23216.65,23223.05,23216.45,23222.65,282,150,0
2025-07-25 12:30:00+00:00,23222.25,23230.15,23221.75,23227.45,327,150,0
2025-07-25 12:35:00+00:00,23227.55,23230.25,23226.95,23228.55,232,150,0
2025-07-25 12:40:00+00:00,23228.55,23229.25,23226.15,23226.15,253,150,0
2025-07-25 12:45:00+00:00,23226.05,23228.45,23220.75,23220.95,269,150,0
2025-07-25 12:50:00+00:00,23221.45,23222.95,23220.25,23220.75,289,150,0
2025-07-25 12:55:00+00:00,23220.65,23227.95,23220.05,23227.25,285,150,0
2025-07-25 13:00:00+00:00,23227.25,23228.05,23224.65,23226.15,294,150,0
2025-07-25 13:05:00+00:00,23226.65,23230.05,23225.45,23227.65,251,150,0
2025-07-25 13:10:00+00:00,23227.55,23230.05,23224.75,23228.45,231,150,0
2025-07-25 13:15:00+00:00,23228.55,23230.05,23226.55,23228.65,236,150,0
2025-07-25 13:20:00+00:00,23229.05,23229.65,23224.15,23226.65,267,150,0
2025-07-25 13:25:00+00:00,23226.65,23232.55,23224.65,23227.15,375,150,0
2025-07-25 13:30:00+00:00,23227.35,23237.15,23227.15,23236.65,301,150,0
2025-07-25 13:35:00+00:00,23236.95,23238.65,23234.15,23237.15,251,150,0
2025-07-25 13:40:00+00:00,23237.15,23239.65,23234.65,23237.95,236,150,0
2025-07-25 13:45:00+00:00,23237.95,23242.15,23236.25,23241.45,241,150,0
2025-07-25 13:50:00+00:00,23241.65,23244.45,23240.75,23243.15,232,150,0
2025-07-25 13:55:00+00:00,23243.25,23243.55,23237.15,23241.25,278,150,0
2025-07-25 14:00:00+00:00,23241.45,23242.15,23233.15,23234.25,372,150,0
2025-07-25 14:05:00+00:00,23234.65,23235.95,23228.65,23234.55,326,150,0
2025-07-25 14:10:00+00:00,23234.65,23236.65,23233.15,23234.55,253,150,0
2025-07-25 14:15:00+00:00,23233.75,23234.75,23224.15,23229.55,368,150,0
2025-07-25 14:20:00+00:00,23230.15,23231.45,23226.05,23228.05,304,150,0
2025-07-25 14:25:00+00:00,23226.95,23230.45,23223.05,23229.05,289,150,0
2025-07-25 14:30:00+00:00,23228.75,23228.75,23220.05,23223.95,373,150,0
2025-07-25 14:35:00+00:00,23223.75,23230.95,23223.75,23228.25,354,150,0
2025-07-25 14:40:00+00:00,23228.65,23232.95,23227.45,23230.05,313,150,0
2025-07-25 14:45:00+00:00,23229.95,23229.95,23223.15,23223.15,312,150,0
2025-07-25 14:50:00+00:00,23223.05,23223.65,23214.15,23218.65,436,150,0
2025-07-25 14:55:00+00:00,23218.75,23224.45,23218.55,23218.55,349,150,0
2025-07-25 15:00:00+00:00,23218.25,23224.45,23216.45,23218.15,456,150,0
2025-07-25 15:05:00+00:00,23218.15,23218.45,23213.45,23216.05,419,150,0
2025-07-25 15:10:00+00:00,23215.75,23217.65,23212.95,23216.45,390,150,0
2025-07-25 15:15:00+00:00,23215.95,23224.55,23214.95,23223.15,375,150,0
2025-07-25 15:20:00+00:00,23223.05,23232.15,23221.95,23232.15,426,150,0
2025-07-25 15:25:00+00:00,23231.95,23235.05,23229.15,23230.25,309,150,0
2025-07-25 15:30:00+00:00,23230.05,23240.05,23229.65,23238.55,636,150,0
2025-07-25 15:35:00+00:00,23237.75,23239.05,23230.95,23232.25,447,150,0
2025-07-25 15:40:00+00:00,23231.25,23233.25,23222.45,23223.75,459,150,0
2025-07-25 15:45:00+00:00,23223.75,23226.55,23220.85,23222.05,388,150,0
2025-07-25 15:50:00+00:00,23221.85,23226.05,23220.75,23225.75,306,150,0
2025-07-25 15:55:00+00:00,23225.65,23227.65,23222.25,23225.05,294,150,0
2025-07-25 16:00:00+00:00,23225.05,23228.05,23215.45,23221.45,446,150,0
2025-07-25 16:05:00+00:00,23221.45,23223.35,23201.25,23217.05,1139,160,0
2025-07-25 16:10:00+00:00,23216.95,23224.45,23209.35,23212.55,889,190,0
2025-07-25 16:15:00+00:00,23211.75,23223.35,23207.85,23221.85,771,180,0
2025-07-25 16:20:00+00:00,23221.45,23228.05,23219.25,23223.05,668,150,0
2025-07-25 16:25:00+00:00,23223.25,23226.25,23211.75,23214.35,857,160,0
2025-07-25 16:30:00+00:00,23215.25,23226.95,23199.15,23219.45,1531,80,0
2025-07-25 16:35:00+00:00,23218.95,23232.15,23185.55,23206.05,1484,90,0
2025-07-25 16:40:00+00:00,23206.05,23219.15,23197.85,23215.65,1368,80,0
2025-07-25 16:45:00+00:00,23215.65,23238.45,23215.65,23238.25,1362,80,0
2025-07-25 16:50:00+00:00,23238.25,23254.25,23228.15,23247.85,1333,80,0
2025-07-25 16:55:00+00:00,23247.75,23262.15,23237.35,23243.65,1329,80,0
2025-07-25 17:00:00+00:00,23244.85,23264.35,23242.35,23242.35,1303,80,0
2025-07-25 17:05:00+00:00,23242.35,23257.85,23239.85,23256.05,1282,80,0
2025-07-25 17:10:00+00:00,23255.85,23270.35,23253.55,23259.15,1207,80,0
2025-07-25 17:15:00+00:00,23259.35,23262.65,23244.85,23256.85,1169,80,0
2025-07-25 17:20:00+00:00,23256.85,23260.95,23245.45,23253.35,1154,80,0
2025-07-25 17:25:00+00:00,23252.45,23261.15,23247.85,23259.55,1095,80,0
2025-07-25 17:30:00+00:00,23259.65,23272.65,23248.15,23254.95,1174,80,0
2025-07-25 17:35:00+00:00,23255.45,23271.95,23255.45,23256.55,1107,80,0
2025-07-25 17:40:00+00:00,23256.75,23266.25,23255.05,23263.55,1015,80,0
2025-07-25 17:45:00+00:00,23263.55,23270.65,23259.15,23268.55,950,80,0
2025-07-25 17:50:00+00:00,23268.05,23269.15,23255.55,23255.55,956,80,0
2025-07-25 17:55:00+00:00,23255.55,23260.25,23246.85,23260.05,985,80,0
2025-07-25 18:00:00+00:00,23259.85,23261.65,23247.55,23254.75,1016,80,0
2025-07-25 18:05:00+00:00,23255.25,23261.05,23251.25,23253.15,894,80,0
2025-07-25 18:10:00+00:00,23253.15,23263.25,23252.55,23259.05,936,80,0
2025-07-25 18:15:00+00:00,23259.55,23270.55,23258.25,23268.75,920,80,0
2025-07-25 18:20:00+00:00,23269.55,23275.85,23258.55,23269.35,990,80,0
2025-07-25 18:25:00+00:00,23269.55,23277.55,23263.25,23274.55,905,80,0
2025-07-25 18:30:00+00:00,23274.35,23280.25,23271.05,23272.05,950,80,0
2025-07-25 18:35:00+00:00,23271.75,23272.55,23257.35,23262.85,946,80,0
2025-07-25 18:40:00+00:00,23263.05,23269.85,23258.25,23259.35,880,80,0
2025-07-25 18:45:00+00:00,23259.25,23272.05,23257.55,23270.75,800,80,0
2025-07-25 18:50:00+00:00,23270.65,23278.55,23270.35,23275.75,873,80,0
2025-07-25 18:55:00+00:00,23275.85,23278.85,23274.25,23275.75,768,80,0
2025-07-25 19:00:00+00:00,23275.55,23281.55,23271.25,23275.75,889,80,0
2025-07-25 19:05:00+00:00,23275.55,23287.75,23271.85,23286.85,848,80,0
2025-07-25 19:10:00+00:00,23286.75,23303.15,23285.55,23297.75,996,80,0
2025-07-25 19:15:00+00:00,23297.75,23303.75,23294.55,23296.75,870,80,0
2025-07-25 19:20:00+00:00,23296.75,23311.55,23291.15,23311.15,887,80,0
2025-07-25 19:25:00+00:00,23311.05,23326.15,23309.05,23318.55,1002,80,0
2025-07-25 19:30:00+00:00,23318.05,23330.75,23314.75,23315.35,975,80,0
2025-07-25 19:35:00+00:00,23315.15,23319.75,23312.85,23315.25,700,80,0
2025-07-25 19:40:00+00:00,23315.25,23316.05,23306.75,23310.75,785,80,0
2025-07-25 19:45:00+00:00,23310.75,23312.25,23303.15,23304.55,707,80,0
2025-07-25 19:50:00+00:00,23304.55,23314.85,23302.25,23313.85,761,80,0
2025-07-25 19:55:00+00:00,23313.55,23315.05,23305.25,23305.25,704,80,0
2025-07-25 20:00:00+00:00,23305.25,23305.85,23297.25,23300.55,818,80,0
2025-07-25 20:05:00+00:00,23300.85,23305.85,23297.05,23300.55,737,80,0
2025-07-25 20:10:00+00:00,23300.75,23303.55,23297.35,23301.75,728,80,0
2025-07-25 20:15:00+00:00,23301.75,23302.25,23291.65,23292.05,772,80,0
2025-07-25 20:20:00+00:00,23292.05,23301.55,23287.05,23301.25,809,80,0
2025-07-25 20:25:00+00:00,23301.15,23306.65,23298.75,23300.25,771,80,0
2025-07-25 20:30:00+00:00,23300.05,23309.25,23299.75,23306.65,853,80,0
2025-07-25 20:35:00+00:00,23306.65,23309.75,23302.15,23302.25,758,80,0
2025-07-25 20:40:00+00:00,23302.55,23303.55,23295.75,23300.25,724,80,0
2025-07-25 20:45:00+00:00,23300.15,23303.15,23295.85,23300.55,688,80,0
2025-07-25 20:50:00+00:00,23301.05,23302.35,23290.15,23291.25,703,80,0
2025-07-25 20:55:00+00:00,23291.55,23300.55,23291.25,23293.05,694,80,0
2025-07-25 21:00:00+00:00,23293.05,23297.15,23286.05,23290.55,842,80,0
2025-07-25 21:05:00+00:00,23290.55,23295.05,23283.85,23290.05,723,80,0
2025-07-25 21:10:00+00:00,23290.15,23300.25,23289.55,23299.25,766,80,0
2025-07-25 21:15:00+00:00,23299.25,23305.05,23298.55,23304.85,692,80,0
2025-07-25 21:20:00+00:00,23305.05,23313.35,23304.25,23310.05,761,80,0
2025-07-25 21:25:00+00:00,23309.85,23311.85,23303.25,23306.05,749,80,0
2025-07-25 21:30:00+00:00,23306.25,23311.05,23303.25,23305.75,763,80,0
2025-07-25 21:35:00+00:00,23306.15,23310.05,23300.05,23303.35,684,80,0
2025-07-25 21:40:00+00:00,23303.35,23312.25,23303.15,23310.75,671,80,0
2025-07-25 21:45:00+00:00,23310.75,23312.85,23308.05,23308.75,664,80,0
2025-07-25 21:50:00+00:00,23308.55,23308.55,23300.25,23302.25,717,80,0
2025-07-25 21:55:00+00:00,23301.75,23305.75,23296.65,23296.85,754,80,0
2025-07-25 22:00:00+00:00,23296.15,23301.65,23295.35,23297.05,760,80,0
2025-07-25 22:05:00+00:00,23296.75,23298.75,23292.75,23297.35,701,80,0
2025-07-25 22:10:00+00:00,23297.55,23306.05,23296.35,23300.75,664,80,0
2025-07-25 22:15:00+00:00,23300.65,23308.25,23300.25,23307.75,632,80,0
2025-07-25 22:20:00+00:00,23307.85,23309.15,23299.25,23300.55,708,80,0
2025-07-25 22:25:00+00:00,23299.85,23301.85,23292.85,23293.15,771,80,0
2025-07-25 22:30:00+00:00,23293.25,23299.75,23291.35,23295.65,785,80,0
2025-07-25 22:35:00+00:00,23295.65,23304.65,23295.05,23300.75,757,80,0
2025-07-25 22:40:00+00:00,23300.65,23302.35,23288.75,23289.55,762,80,0
2025-07-25 22:45:00+00:00,23289.65,23297.25,23289.05,23292.55,827,80,0
2025-07-25 22:50:00+00:00,23286.85,23291.05,23275.15,23276.55,1027,80,0
2025-07-25 22:55:00+00:00,23275.15,23280.75,23262.05,23275.25,1230,80,0
2025-07-25 23:00:00+00:00,23275.96,23279.36,23260.56,23274.86,884,98,0
2025-07-25 23:05:00+00:00,23273.86,23278.46,23273.36,23275.96,457,168,0
2025-07-25 23:10:00+00:00,23275.66,23288.66,23274.56,23287.56,459,168,0
2025-07-25 23:15:00+00:00,23287.56,23292.36,23285.66,23290.36,393,168,0
2025-07-25 23:20:00+00:00,23289.56,23290.06,23285.86,23288.46,297,168,0
2025-07-25 23:25:00+00:00,23288.56,23290.56,23283.06,23289.66,284,168,0
2025-07-25 23:30:00+00:00,23288.86,23299.66,23288.36,23298.46,345,168,0
2025-07-25 23:35:00+00:00,23298.46,23299.06,23294.66,23298.66,250,168,0
2025-07-25 23:40:00+00:00,23298.86,23300.06,23294.16,23295.86,246,168,0
2025-07-25 23:45:00+00:00,23295.86,23297.86,23294.56,23294.96,236,168,0
2025-07-28 01:05:00+00:00,23389.96,23398.76,23376.16,23380.66,859,228,0
2025-07-28 01:10:00+00:00,23380.46,23390.66,23372.86,23375.06,772,188,0
2025-07-28 01:15:00+00:00,23375.36,23387.56,23375.36,23384.36,514,188,0
2025-07-28 01:20:00+00:00,23384.46,23384.46,23373.66,23375.76,463,168,0
2025-07-28 01:25:00+00:00,23375.76,23381.06,23363.96,23366.96,546,168,0
2025-07-28 01:30:00+00:00,23367.16,23371.46,23361.46,23367.46,489,168,0
2025-07-28 01:35:00+00:00,23367.86,23375.36,23367.56,23373.76,329,168,0
2025-07-28 01:40:00+00:00,23373.56,23380.36,23373.56,23375.36,242,168,0
2025-07-28 01:45:00+00:00,23375.26,23376.56,23367.36,23369.56,292,168,0
2025-07-28 01:50:00+00:00,23369.36,23369.56,23364.26,23366.06,238,168,0
2025-07-28 01:55:00+00:00,23366.86,23373.06,23366.76,23371.86,245,168,0
2025-07-28 02:00:00+00:00,23371.95,23375.55,23369.85,23372.65,279,150,0
2025-07-28 02:05:00+00:00,23372.95,23379.95,23370.35,23370.65,272,150,0
2025-07-28 02:10:00+00:00,23371.15,23381.95,23370.85,23380.45,274,150,0
2025-07-28 02:15:00+00:00,23379.65,23387.45,23376.85,23387.45,336,150,0
2025-07-28 02:20:00+00:00,23387.45,23396.85,23386.35,23396.15,363,150,0
2025-07-28 02:25:00+00:00,23396.05,23405.05,23393.15,23396.15,419,150,0
2025-07-28 02:30:00+00:00,23397.15,23398.85,23389.65,23389.85,314,150,0
2025-07-28 02:35:00+00:00,23389.95,23403.35,23389.85,23401.45,313,150,0
2025-07-28 02:40:00+00:00,23401.55,23412.05,23399.85,23400.75,402,150,0
2025-07-28 02:45:00+00:00,23400.65,23403.15,23397.35,23402.45,337,150,0
2025-07-28 02:50:00+00:00,23401.65,23402.65,23397.35,23401.95,283,150,0
2025-07-28 02:55:00+00:00,23401.85,23401.85,23390.35,23390.35,272,150,0
2025-07-28 03:00:00+00:00,23390.45,23390.95,23383.95,23386.55,579,150,0
2025-07-28 03:05:00+00:00,23386.65,23388.15,23381.85,23383.65,516,150,0
2025-07-28 03:10:00+00:00,23382.85,23392.65,23382.15,23391.95,446,150,0
2025-07-28 03:15:00+00:00,23391.95,23401.25,23391.55,23397.65,557,150,0
2025-07-28 03:20:00+00:00,23397.85,23402.35,23397.65,23398.05,375,150,0
2025-07-28 03:25:00+00:00,23398.15,23398.15,23391.45,23394.85,419,150,0
2025-07-28 03:30:00+00:00,23394.85,23396.45,23390.45,23392.35,350,150,0
2025-07-28 03:35:00+00:00,23392.45,23397.15,23391.95,23395.65,300,150,0
2025-07-28 03:40:00+00:00,23394.05,23399.35,23394.05,23398.95,268,150,0
2025-07-28 03:45:00+00:00,23399.05,23399.95,23394.95,23399.85,345,150,0
2025-07-28 03:50:00+00:00,23400.05,23401.55,23397.95,23401.15,306,150,0
2025-07-28 03:55:00+00:00,23401.35,23401.55,23399.05,23399.85,254,150,0
2025-07-28 04:00:00+00:00,23400.05,23400.85,23392.95,23393.15,406,150,0
2025-07-28 04:05:00+00:00,23392.95,23393.45,23388.05,23390.15,365,150,0
2025-07-28 04:10:00+00:00,23390.15,23391.05,23387.55,23389.95,310,150,0
2025-07-28 04:15:00+00:00,23389.35,23394.45,23388.15,23392.95,359,150,0
2025-07-28 04:20:00+00:00,23392.85,23393.05,23389.95,23391.45,209,150,0
2025-07-28 04:25:00+00:00,23391.15,23395.35,23388.95,23395.15,209,150,0
2025-07-28 04:30:00+00:00,23395.35,23398.45,23392.15,23395.15,294,150,0
2025-07-28 04:35:00+00:00,23394.95,23395.55,23391.95,23395.45,254,150,0
2025-07-28 04:40:00+00:00,23395.95,23398.35,23394.15,23395.45,228,150,0
2025-07-28 04:45:00+00:00,23395.55,23396.85,23392.95,23393.65,207,150,0
2025-07-28 04:50:00+00:00,23393.85,23395.05,23390.35,23392.65,234,150,0
2025-07-28 04:55:00+00:00,23392.65,23399.65,23392.05,23398.65,268,150,0
2025-07-28 05:00:00+00:00,23398.55,23400.05,23393.85,23395.35,283,150,0
2025-07-28 05:05:00+00:00,23395.15,23397.35,23394.85,23397.35,175,150,0
2025-07-28 05:10:00+00:00,23397.15,23398.15,23395.65,23397.05,179,150,0
2025-07-28 05:15:00+00:00,23396.95,23400.35,23396.05,23400.15,160,150,0
2025-07-28 05:20:00+00:00,23400.35,23402.85,23397.15,23402.85,190,150,0
2025-07-28 05:25:00+00:00,23402.65,23409.35,23402.05,23409.05,208,150,0
2025-07-28 05:30:00+00:00,23409.05,23418.05,23408.65,23416.65,261,150,0
2025-07-28 05:35:00+00:00,23416.85,23422.85,23415.35,23415.65,307,150,0
2025-07-28 05:40:00+00:00,23415.55,23415.55,23412.05,23412.15,176,150,0
2025-07-28 05:45:00+00:00,23412.35,23412.65,23407.35,23408.95,193,150,0
2025-07-28 05:50:00+00:00,23409.05,23409.15,23406.15,23407.35,176,150,0
2025-07-28 05:55:00+00:00,23407.45,23409.65,23407.45,23408.35,150,150,0
2025-07-28 06:00:00+00:00,23408.15,23408.95,23404.35,23405.05,174,150,0
2025-07-28 06:05:00+00:00,23405.15,23406.45,23404.35,23405.05,168,150,0
2025-07-28 06:10:00+00:00,23404.95,23407.55,23404.55,23407.05,115,150,0
2025-07-28 06:15:00+00:00,23406.55,23409.05,23405.35,23405.55,123,150,0
2025-07-28 06:20:00+00:00,23405.45,23406.05,23401.95,23402.95,134,150,0
2025-07-28 06:25:00+00:00,23402.85,23405.35,23401.35,23401.95,161,150,0
2025-07-28 06:30:00+00:00,23402.05,23402.05,23398.35,23400.35,261,150,0
2025-07-28 06:35:00+00:00,23400.35,23405.05,23400.15,23404.45,182,150,0
2025-07-28 06:40:00+00:00,23404.55,23406.35,23403.35,23405.35,161,150,0
2025-07-28 06:45:00+00:00,23405.05,23407.85,23405.05,23407.55,133,150,0
2025-07-28 06:50:00+00:00,23407.55,23407.55,23405.55,23406.55,118,150,0
2025-07-28 06:55:00+00:00,23406.65,23407.05,23404.85,23405.55,123,150,0
2025-07-28 07:00:00+00:00,23405.55,23409.95,23403.65,23403.65,212,150,0
2025-07-28 07:05:00+00:00,23403.45,23405.55,23401.85,23402.85,126,150,0
2025-07-28 07:10:00+00:00,23402.95,23405.15,23402.55,23403.05,117,150,0
2025-07-28 07:15:00+00:00,23403.15,23405.55,23402.55,23405.45,100,150,0
2025-07-28 07:20:00+00:00,23405.55,23406.65,23403.95,23406.55,88,150,0
2025-07-28 07:25:00+00:00,23406.85,23409.85,23406.85,23409.35,85,150,0
2025-07-28 07:30:00+00:00,23409.05,23411.35,23407.35,23407.35,155,150,0
2025-07-28 07:35:00+00:00,23407.05,23409.35,23406.85,23408.35,84,150,0
2025-07-28 07:40:00+00:00,23408.35,23409.35,23406.55,23408.55,107,150,0
2025-07-28 07:45:00+00:00,23408.65,23411.35,23407.45,23410.85,128,150,0
2025-07-28 07:50:00+00:00,23410.85,23420.95,23410.85,23418.15,220,150,0
2025-07-28 07:55:00+00:00,23418.05,23419.55,23414.55,23416.15,157,150,0
2025-07-28 08:00:00+00:00,23416.15,23421.05,23415.35,23419.95,212,150,0
2025-07-28 08:05:00+00:00,23419.85,23420.15,23416.85,23417.35,149,150,0
2025-07-28 08:10:00+00:00,23417.45,23418.15,23416.05,23417.65,139,150,0
2025-07-28 08:15:00+00:00,23417.55,23420.15,23417.15,23418.85,145,150,0
2025-07-28 08:20:00+00:00,23418.35,23420.15,23418.15,23419.85,163,150,0
2025-07-28 08:25:00+00:00,23419.65,23425.45,23419.65,23423.35,243,150,0
2025-07-28 08:30:00+00:00,23423.45,23426.35,23421.65,23423.45,242,150,0
2025-07-28 08:35:00+00:00,23423.45,23424.05,23419.65,23423.15,184,150,0
2025-07-28 08:40:00+00:00,23423.45,23428.55,23422.15,23428.35,221,150,0
2025-07-28 08:45:00+00:00,23428.15,23430.55,23426.35,23428.85,252,150,0
2025-07-28 08:50:00+00:00,23428.85,23434.45,23426.85,23431.55,322,150,0
2025-07-28 08:55:00+00:00,23431.65,23433.05,23429.85,23431.05,211,150,0
2025-07-28 09:00:00+00:00,23430.95,23435.05,23428.85,23433.85,328,150,0
2025-07-28 09:05:00+00:00,23433.65,23439.85,23433.35,23437.35,414,150,0
2025-07-28 09:10:00+00:00,23437.15,23441.35,23436.85,23440.35,229,150,0
2025-07-28 09:15:00+00:00,23440.15,23440.85,23437.35,23437.65,205,150,0
2025-07-28 09:20:00+00:00,23437.85,23437.95,23431.95,23432.35,236,150,0
2025-07-28 09:25:00+00:00,23432.15,23433.85,23426.85,23427.15,241,150,0
2025-07-28 09:30:00+00:00,23427.35,23427.65,23421.35,23423.35,368,150,0
2025-07-28 09:35:00+00:00,23422.85,23426.55,23420.85,23425.05,280,150,0
2025-07-28 09:40:00+00:00,23424.45,23427.55,23422.95,23426.05,195,150,0
2025-07-28 09:45:00+00:00,23426.15,23429.65,23424.15,23428.35,200,150,0
2025-07-28 09:50:00+00:00,23428.45,23429.15,23424.55,23424.55,274,150,0
2025-07-28 09:55:00+00:00,23424.65,23424.95,23416.85,23417.05,344,150,0
2025-07-28 10:00:00+00:00,23417.15,23421.35,23405.65,23411.55,652,150,0
2025-07-28 10:05:00+00:00,23411.55,23412.55,23405.15,23408.65,547,150,0
2025-07-28 10:10:00+00:00,23408.65,23409.85,23400.35,23400.35,517,150,0
2025-07-28 10:15:00+00:00,23400.35,23406.05,23399.95,23402.65,408,150,0
2025-07-28 10:20:00+00:00,23402.85,23407.95,23401.55,23405.65,423,150,0
2025-07-28 10:25:00+00:00,23405.55,23405.55,23400.85,23402.15,441,150,0
2025-07-28 10:30:00+00:00,23402.35,23402.35,23390.85,23393.15,553,150,0
2025-07-28 10:35:00+00:00,23393.15,23396.35,23390.45,23396.35,421,150,0
2025-07-28 10:40:00+00:00,23396.55,23399.85,23390.05,23390.35,401,150,0
2025-07-28 10:45:00+00:00,23390.45,23396.65,23390.35,23396.55,349,150,0
2025-07-28 10:50:00+00:00,23396.65,23404.35,23396.45,23403.85,352,150,0
2025-07-28 10:55:00+00:00,23403.85,23408.05,23402.15,23404.15,381,150,0
2025-07-28 11:00:00+00:00,23404.65,23405.95,23394.75,23395.05,652,150,0
2025-07-28 11:05:00+00:00,23394.75,23399.55,23392.35,23394.85,503,150,0
2025-07-28 11:10:00+00:00,23395.05,23400.05,23390.35,23392.95,461,150,0
2025-07-28 11:15:00+00:00,23393.05,23395.85,23391.35,23393.45,401,150,0
2025-07-28 11:20:00+00:00,23393.35,23402.85,23393.35,23400.05,362,150,0
2025-07-28 11:25:00+00:00,23399.85,23400.15,23390.45,23394.85,365,150,0
2025-07-28 11:30:00+00:00,23394.85,23395.85,23392.05,23394.55,288,150,0
2025-07-28 11:35:00+00:00,23394.45,23399.85,23393.55,23398.95,311,150,0
2025-07-28 11:40:00+00:00,23398.85,23400.35,23396.15,23396.55,255,150,0
2025-07-28 11:45:00+00:00,23396.35,23398.15,23392.95,23395.85,298,150,0
2025-07-28 11:50:00+00:00,23395.95,23399.85,23392.95,23394.55,279,150,0
2025-07-28 11:55:00+00:00,23394.65,23395.85,23390.55,23393.15,252,150,0
2025-07-28 12:00:00+00:00,23393.35,23398.85,23391.95,23396.85,314,150,0
2025-07-28 12:05:00+00:00,23396.65,23397.85,23395.15,23397.65,296,150,0
2025-07-28 12:10:00+00:00,23397.85,23398.85,23393.95,23394.35,321,150,0
2025-07-28 12:15:00+00:00,23394.45,23398.05,23394.05,23397.65,233,150,0
2025-07-28 12:20:00+00:00,23397.95,23398.85,23380.45,23382.75,362,150,0
2025-07-28 12:25:00+00:00,23382.85,23389.35,23382.25,23386.85,409,150,0
2025-07-28 12:30:00+00:00,23386.95,23393.05,23385.85,23389.55,286,150,0
2025-07-28 12:35:00+00:00,23389.35,23390.95,23384.15,23385.05,267,150,0
2025-07-28 12:40:00+00:00,23384.95,23385.45,23382.65,23383.55,272,150,0
2025-07-28 12:45:00+00:00,23383.65,23388.95,23383.35,23384.55,273,150,0
2025-07-28 12:50:00+00:00,23384.15,23388.15,23383.05,23383.35,250,150,0
2025-07-28 12:55:00+00:00,23383.15,23384.85,23379.85,23382.55,312,150,0
2025-07-28 13:00:00+00:00,23382.65,23382.95,23379.55,23379.85,279,150,0
2025-07-28 13:05:00+00:00,23379.45,23380.05,23374.35,23374.55,279,150,0
2025-07-28 13:10:00+00:00,23374.55,23378.85,23372.85,23376.95,275,150,0
2025-07-28 13:15:00+00:00,23377.05,23383.45,23376.55,23379.55,305,150,0
2025-07-28 13:20:00+00:00,23378.85,23380.95,23378.35,23378.85,226,150,0
2025-07-28 13:25:00+00:00,23378.85,23378.85,23370.45,23374.05,307,150,0
2025-07-28 13:30:00+00:00,23373.95,23375.55,23369.95,23372.35,325,150,0
2025-07-28 13:35:00+00:00,23372.15,23374.35,23369.05,23369.35,211,150,0
2025-07-28 13:40:00+00:00,23368.35,23370.65,23357.35,23358.15,423,150,0
2025-07-28 13:45:00+00:00,23358.55,23359.65,23348.15,23354.55,477,150,0
2025-07-28 13:50:00+00:00,23354.65,23356.55,23341.65,23347.25,540,160,0
2025-07-28 13:55:00+00:00,23347.25,23352.05,23342.35,23350.65,400,150,0
2025-07-28 14:00:00+00:00,23350.55,23361.55,23346.55,23355.05,612,150,0
2025-07-28 14:05:00+00:00,23355.25,23358.45,23353.05,23357.05,315,150,0
2025-07-28 14:10:00+00:00,23356.35,23361.55,23354.55,23361.35,312,150,0
2025-07-28 14:15:00+00:00,23361.45,23361.85,23351.35,23353.55,338,150,0
2025-07-28 14:20:00+00:00,23353.85,23360.05,23353.85,23359.35,357,150,0
2025-07-28 14:25:00+00:00,23359.35,23361.95,23353.85,23353.85,367,150,0
2025-07-28 14:30:00+00:00,23353.55,23359.65,23352.55,23359.55,389,150,0
2025-07-28 14:35:00+00:00,23359.45,23361.05,23356.95,23361.05,274,150,0
2025-07-28 14:40:00+00:00,23361.35,23363.85,23357.15,23358.95,335,150,0
2025-07-28 14:45:00+00:00,23359.15,23359.55,23353.55,23358.85,357,150,0
2025-07-28 14:50:00+00:00,23358.95,23363.05,23357.45,23359.35,367,150,0
2025-07-28 14:55:00+00:00,23359.45,23361.05,23357.55,23358.65,306,150,0
2025-07-28 15:00:00+00:00,23358.55,23359.65,23352.05,23356.25,720,150,0
2025-07-28 15:05:00+00:00,23356.35,23359.05,23353.45,23357.05,441,150,0
2025-07-28 15:10:00+00:00,23357.05,23358.85,23344.35,23345.55,485,150,0
2025-07-28 15:15:00+00:00,23344.75,23353.35,23343.75,23353.05,478,150,0
2025-07-28 15:20:00+00:00,23353.15,23361.55,23350.85,23360.85,412,150,0
2025-07-28 15:25:00+00:00,23360.55,23366.85,23358.85,23364.85,404,150,0
2025-07-28 15:30:00+00:00,23364.65,23365.05,23352.45,23357.55,617,150,0
2025-07-28 15:35:00+00:00,23357.75,23363.75,23357.05,23361.55,498,150,0
2025-07-28 15:40:00+00:00,23361.65,23371.35,23361.65,23369.95,421,150,0
2025-07-28 15:45:00+00:00,23369.85,23372.35,23368.05,23372.05,327,150,0
2025-07-28 15:50:00+00:00,23372.05,23377.35,23371.65,23372.35,351,150,0
2025-07-28 15:55:00+00:00,23371.85,23372.55,23368.35,23370.85,328,150,0
2025-07-28 16:00:00+00:00,23371.05,23372.05,23353.35,23354.25,590,150,0
2025-07-28 16:05:00+00:00,23354.05,23354.55,23339.55,23341.25,833,160,0
2025-07-28 16:10:00+00:00,23341.35,23343.45,23326.75,23332.35,1060,170,0
2025-07-28 16:15:00+00:00,23331.85,23342.55,23331.85,23333.55,771,160,0
2025-07-28 16:20:00+00:00,23333.35,23337.85,23327.75,23337.05,714,160,0
2025-07-28 16:25:00+00:00,23337.15,23337.55,23323.55,23328.65,866,160,0
2025-07-28 16:30:00+00:00,23328.15,23356.15,23322.15,23350.75,1618,80,0
2025-07-28 16:35:00+00:00,23351.75,23361.55,23337.35,23344.25,1491,90,0
2025-07-28 16:40:00+00:00,23343.75,23354.15,23328.65,23351.95,1411,80,0
2025-07-28 16:45:00+00:00,23350.95,23375.45,23345.85,23357.65,1413,80,0
2025-07-28 16:50:00+00:00,23357.15,23376.85,23351.65,23363.85,1362,90,0
2025-07-28 16:55:00+00:00,23363.35,23377.55,23357.65,23377.55,1263,80,0
2025-07-28 17:00:00+00:00,23376.95,23381.65,23361.95,23368.05,1285,80,0
2025-07-28 17:05:00+00:00,23367.25,23383.75,23364.95,23379.45,1204,80,0
2025-07-28 17:10:00+00:00,23379.45,23383.15,23359.95,23372.75,1199,80,0
2025-07-28 17:15:00+00:00,23372.95,23378.75,23362.45,23364.95,1132,80,0
2025-07-28 17:20:00+00:00,23365.15,23371.95,23333.25,23356.25,1261,80,0
2025-07-28 17:25:00+00:00,23355.85,23369.15,23351.45,23359.95,1149,80,0
2025-07-28 17:30:00+00:00,23359.95,23364.45,23353.15,23358.75,1123,80,0
2025-07-28 17:35:00+00:00,23359.15,23364.95,23352.65,23364.45,1140,80,0
2025-07-28 17:40:00+00:00,23364.65,23375.45,23359.05,23360.45,1022,80,0
2025-07-28 17:45:00+00:00,23359.95,23362.65,23353.65,23357.95,1041,80,0
2025-07-28 17:50:00+00:00,23357.95,23357.95,23339.95,23345.45,1056,80,0
2025-07-28 17:55:00+00:00,23345.65,23355.15,23343.65,23350.15,1021,80,0
2025-07-28 18:00:00+00:00,23350.15,23353.65,23340.65,23345.95,1048,80,0
2025-07-28 18:05:00+00:00,23345.65,23356.75,23344.75,23352.95,961,80,0
2025-07-28 18:10:00+00:00,23353.55,23353.55,23342.05,23351.85,929,80,0
2025-07-28 18:15:00+00:00,23351.95,23356.65,23315.35,23320.85,1066,80,0
2025-07-28 18:20:00+00:00,23319.55,23331.55,23298.35,23330.35,1322,90,0
2025-07-28 18:25:00+00:00,23330.35,23342.85,23325.35,23341.35,1034,80,0
2025-07-28 18:30:00+00:00,23341.65,23351.15,23338.85,23342.15,944,80,0
2025-07-28 18:35:00+00:00,23342.65,23350.45,23342.15,23344.15,907,80,0
2025-07-28 18:40:00+00:00,23343.65,23349.95,23340.35,23348.75,751,80,0
2025-07-28 18:45:00+00:00,23349.15,23355.35,23345.85,23354.15,812,80,0
2025-07-28 18:50:00+00:00,23354.35,23360.45,23351.65,23357.75,931,80,0
2025-07-28 18:55:00+00:00,23357.45,23360.95,23353.45,23354.85,892,80,0
2025-07-28 19:00:00+00:00,23354.85,23355.25,23344.35,23348.95,921,80,0
2025-07-28 19:05:00+00:00,23349.35,23350.95,23335.65,23337.15,865,80,0
2025-07-28 19:10:00+00:00,23336.85,23348.15,23335.65,23347.85,837,80,0
2025-07-28 19:15:00+00:00,23347.85,23361.15,23346.25,23359.35,826,80,0
2025-07-28 19:20:00+00:00,23359.25,23368.65,23353.65,23357.15,804,80,0
2025-07-28 19:25:00+00:00,23357.15,23360.25,23350.35,23355.15,771,80,0
2025-07-28 19:30:00+00:00,23355.15,23355.65,23343.65,23348.65,817,80,0
2025-07-28 19:35:00+00:00,23348.65,23351.15,23342.85,23346.95,712,80,0
2025-07-28 19:40:00+00:00,23347.15,23354.25,23345.85,23349.15,648,80,0
2025-07-28 19:45:00+00:00,23348.85,23348.85,23338.65,23342.15,817,80,0
2025-07-28 19:50:00+00:00,23342.15,23347.45,23335.95,23342.75,739,80,0
2025-07-28 19:55:00+00:00,23342.95,23349.65,23342.45,23346.65,742,80,0
2025-07-28 20:00:00+00:00,23346.85,23349.35,23330.85,23339.15,1019,80,0
2025-07-28 20:05:00+00:00,23338.85,23344.25,23333.15,23337.75,933,80,0
2025-07-28 20:10:00+00:00,23338.35,23346.35,23336.25,23345.85,802,80,0
2025-07-28 20:15:00+00:00,23345.65,23346.35,23316.85,23325.15,1023,80,0
2025-07-28 20:20:00+00:00,23325.35,23337.85,23322.85,23327.75,943,80,0
2025-07-28 20:25:00+00:00,23327.65,23333.95,23319.85,23325.85,924,80,0
2025-07-28 20:30:00+00:00,23326.15,23344.85,23325.35,23342.85,851,80,0
2025-07-28 20:35:00+00:00,23342.65,23345.35,23337.65,23340.35,746,80,0
2025-07-28 20:40:00+00:00,23340.85,23347.35,23339.85,23344.15,738,80,0
2025-07-28 20:45:00+00:00,23344.15,23347.15,23335.35,23335.35,701,80,0
2025-07-28 20:50:00+00:00,23335.65,23339.45,23329.35,23330.25,784,80,0
2025-07-28 20:55:00+00:00,23330.15,23334.35,23320.85,23322.65,777,80,0
2025-07-28 21:00:00+00:00,23322.35,23329.25,23313.85,23319.15,971,80,0
2025-07-28 21:05:00+00:00,23318.85,23322.35,23302.35,23314.95,1047,80,0
2025-07-28 21:10:00+00:00,23315.15,23326.15,23308.65,23325.15,809,80,0
2025-07-28 21:15:00+00:00,23325.35,23331.65,23325.15,23326.35,764,80,0
2025-07-28 21:20:00+00:00,23326.35,23326.35,23313.15,23314.85,781,80,0
2025-07-28 21:25:00+00:00,23314.85,23323.75,23312.85,23323.35,817,80,0
2025-07-28 21:30:00+00:00,23324.35,23326.25,23308.75,23312.75,798,80,0
2025-07-28 21:35:00+00:00,23311.75,23316.75,23305.05,23314.35,713,80,0
2025-07-28 21:40:00+00:00,23314.25,23319.55,23311.15,23315.25,703,80,0
2025-07-28 21:45:00+00:00,23315.35,23321.55,23310.55,23319.55,776,80,0
2025-07-28 21:50:00+00:00,23319.55,23327.75,23318.05,23325.75,736,80,0
2025-07-28 21:55:00+00:00,23325.15,23328.75,23320.25,23320.65,695,80,0
2025-07-28 22:00:00+00:00,23320.45,23323.65,23315.05,23318.45,834,80,0
2025-07-28 22:05:00+00:00,23318.45,23319.95,23310.65,23312.65,758,80,0
2025-07-28 22:10:00+00:00,23313.15,23320.45,23310.15,23317.55,711,80,0
2025-07-28 22:15:00+00:00,23317.65,23319.95,23308.15,23314.95,760,80,0
2025-07-28 22:20:00+00:00,23314.95,23323.45,23314.05,23317.65,757,80,0
2025-07-28 22:25:00+00:00,23317.75,23320.45,23315.95,23320.05,726,80,0
2025-07-28 22:30:00+00:00,23320.55,23321.75,23313.55,23316.65,928,80,0
2025-07-28 22:35:00+00:00,23316.75,23322.15,23315.05,23317.45,813,80,0
2025-07-28 22:40:00+00:00,23317.45,23325.65,23315.65,23325.55,726,80,0
2025-07-28 22:45:00+00:00,23325.55,23327.65,23319.75,23326.15,773,80,0
2025-07-28 22:50:00+00:00,23327.65,23340.55,23323.65,23336.15,954,80,0
2025-07-28 22:55:00+00:00,23338.55,23353.65,23338.45,23350.65,1120,80,0
2025-07-28 23:00:00+00:00,23350.56,23360.36,23346.76,23359.66,862,98,0
2025-07-28 23:05:00+00:00,23359.66,23361.16,23352.96,23353.86,534,168,0
2025-07-28 23:10:00+00:00,23353.26,23357.86,23348.86,23355.86,460,168,0
2025-07-28 23:15:00+00:00,23356.96,23361.56,23356.26,23360.76,318,168,0
2025-07-28 23:20:00+00:00,23360.46,23365.86,23360.46,23365.26,220,168,0
2025-07-28 23:25:00+00:00,23364.96,23365.46,23361.46,23362.96,171,168,0
2025-07-28 23:30:00+00:00,23362.96,23367.76,23361.46,23364.26,199,168,0
2025-07-28 23:35:00+00:00,23364.46,23364.96,23360.96,23362.76,213,168,0
2025-07-28 23:40:00+00:00,23362.46,23367.86,23362.26,23365.96,197,168,0
2025-07-28 23:45:00+00:00,23365.96,23368.26,23365.26,23365.76,188,168,0
2025-07-29 01:05:00+00:00,23367.46,23377.56,23367.26,23373.26,154,168,0
2025-07-29 01:10:00+00:00,23373.46,23380.06,23373.46,23379.66,191,168,0
2025-07-29 01:15:00+00:00,23379.96,23387.96,23379.46,23385.46,326,168,0
2025-07-29 01:20:00+00:00,23385.26,23385.66,23382.66,23385.26,163,168,0
2025-07-29 01:25:00+00:00,23384.96,23385.06,23380.26,23383.16,157,168,0
2025-07-29 01:30:00+00:00,23383.26,23385.76,23379.96,23382.16,245,168,0
2025-07-29 01:35:00+00:00,23382.16,23384.66,23381.16,23381.16,131,168,0
2025-07-29 01:40:00+00:00,23380.56,23383.76,23380.16,23381.26,151,168,0
2025-07-29 01:45:00+00:00,23381.06,23386.66,23380.16,23386.56,175,168,0
2025-07-29 01:50:00+00:00,23386.66,23389.16,23384.16,23387.56,140,168,0
2025-07-29 01:55:00+00:00,23387.46,23389.46,23385.76,23386.26,165,168,0
2025-07-29 02:00:00+00:00,23386.35,23390.55,23380.65,23386.25,208,150,0
2025-07-29 02:05:00+00:00,23386.15,23386.15,23380.75,23382.05,115,150,0
2025-07-29 02:10:00+00:00,23381.85,23382.85,23378.25,23380.35,166,150,0
2025-07-29 02:15:00+00:00,23380.75,23381.85,23377.65,23379.65,142,150,0
2025-07-29 02:20:00+00:00,23379.55,23384.35,23379.05,23384.25,131,150,0
2025-07-29 02:25:00+00:00,23383.85,23384.85,23383.15,23384.05,100,150,0
2025-07-29 02:30:00+00:00,23384.75,23385.55,23383.05,23383.85,110,150,0
2025-07-29 02:35:00+00:00,23384.15,23386.15,23384.15,23385.55,108,150,0
2025-07-29 02:40:00+00:00,23385.75,23388.15,23384.35,23386.85,132,150,0
2025-07-29 02:45:00+00:00,23386.75,23388.55,23384.25,23388.35,143,150,0
2025-07-29 02:50:00+00:00,23388.35,23390.15,23387.05,23388.55,153,150,0
2025-07-29 02:55:00+00:00,23388.35,23388.55,23385.85,23388.35,144,150,0
2025-07-29 03:00:00+00:00,23388.65,23388.65,23377.65,23384.75,521,150,0
2025-07-29 03:05:00+00:00,23384.65,23389.05,23383.55,23386.35,328,150,0
2025-07-29 03:10:00+00:00,23386.55,23386.55,23376.85,23380.15,376,150,0
2025-07-29 03:15:00+00:00,23380.05,23387.25,23379.55,23382.65,377,150,0
2025-07-29 03:20:00+00:00,23382.55,23388.85,23382.55,23386.65,275,150,0
2025-07-29 03:25:00+00:00,23386.75,23394.15,23386.35,23391.25,308,150,0
2025-07-29 03:30:00+00:00,23391.25,23395.55,23390.75,23394.15,283,150,0
2025-07-29 03:35:00+00:00,23394.25,23396.65,23392.55,23392.85,271,150,0
2025-07-29 03:40:00+00:00,23393.05,23395.05,23390.05,23393.55,270,150,0
2025-07-29 03:45:00+00:00,23393.35,23394.55,23389.55,23391.25,195,150,0
2025-07-29 03:50:00+00:00,23390.75,23392.55,23390.25,23390.55,167,150,0
2025-07-29 03:55:00+00:00,23390.65,23393.25,23390.05,23393.05,206,150,0
2025-07-29 04:00:00+00:00,23393.05,23393.75,23390.15,23393.35,242,150,0
2025-07-29 04:05:00+00:00,23393.35,23399.15,23392.05,23397.85,268,150,0
2025-07-29 04:10:00+00:00,23398.15,23401.25,23392.35,23400.25,302,150,0
2025-07-29 04:15:00+00:00,23400.25,23403.25,23399.85,23402.55,308,150,0
2025-07-29 04:20:00+00:00,23402.35,23404.75,23400.55,23401.55,188,150,0
2025-07-29 04:25:00+00:00,23401.05,23402.15,23398.75,23400.15,177,150,0
2025-07-29 04:30:00+00:00,23400.15,23401.75,23398.05,23399.55,265,150,0
2025-07-29 04:35:00+00:00,23399.65,23400.65,23395.75,23396.05,243,150,0
2025-07-29 04:40:00+00:00,23396.05,23398.15,23393.75,23397.15,262,150,0
2025-07-29 04:45:00+00:00,23397.25,23397.85,23396.15,23396.35,191,150,0
2025-07-29 04:50:00+00:00,23396.05,23396.05,23393.05,23393.75,196,150,0
2025-07-29 04:55:00+00:00,23393.85,23394.05,23387.15,23389.25,358,150,0
2025-07-29 05:00:00+00:00,23388.75,23389.25,23383.35,23387.75,479,150,0
2025-07-29 05:05:00+00:00,23388.15,23397.25,23386.75,23395.35,350,150,0
2025-07-29 05:10:00+00:00,23395.45,23400.65,23394.85,23397.75,296,150,0
2025-07-29 05:15:00+00:00,23397.85,23398.35,23390.45,23392.75,267,150,0
2025-07-29 05:20:00+00:00,23392.65,23395.15,23392.15,23393.45,198,150,0
2025-07-29 05:25:00+00:00,23393.25,23393.75,23389.15,23391.45,222,150,0
2025-07-29 05:30:00+00:00,23391.65,23394.35,23390.25,23392.85,204,150,0
2025-07-29 05:35:00+00:00,23392.75,23394.25,23386.85,23387.15,255,150,0
2025-07-29 05:40:00+00:00,23387.45,23393.35,23386.85,23392.25,219,150,0
2025-07-29 05:45:00+00:00,23392.35,23395.35,23391.75,23395.25,174,150,0
2025-07-29 05:50:00+00:00,23395.35,23396.45,23393.45,23396.25,150,150,0
2025-07-29 05:55:00+00:00,23396.15,23399.65,23395.25,23399.45,142,150,0
2025-07-29 06:00:00+00:00,23399.15,23405.25,23399.15,23404.75,242,150,0
2025-07-29 06:05:00+00:00,23404.75,23407.95,23401.85,23402.15,229,150,0
2025-07-29 06:10:00+00:00,23401.95,23402.45,23400.25,23401.65,135,150,0
2025-07-29 06:15:00+00:00,23401.85,23405.45,23401.65,23403.85,139,150,0
2025-07-29 06:20:00+00:00,23403.25,23403.65,23397.95,23398.45,159,150,0
2025-07-29 06:25:00+00:00,23398.75,23400.85,23398.75,23400.75,112,150,0
2025-07-29 06:30:00+00:00,23400.65,23400.75,23397.25,23397.85,171,150,0
2025-07-29 06:35:00+00:00,23397.75,23399.95,23397.45,23399.95,170,150,0
2025-07-29 06:40:00+00:00,23399.85,23400.15,23398.45,23399.25,132,150,0
2025-07-29 06:45:00+00:00,23399.35,23402.75,23398.95,23400.95,174,150,0
2025-07-29 06:50:00+00:00,23400.95,23404.15,23399.65,23401.65,150,150,0
2025-07-29 06:55:00+00:00,23401.75,23405.65,23401.75,23404.85,155,150,0
2025-07-29 07:00:00+00:00,23405.65,23407.65,23405.25,23406.65,186,150,0
2025-07-29 07:05:00+00:00,23406.35,23409.95,23406.35,23408.15,137,150,0
2025-07-29 07:10:00+00:00,23408.45,23412.75,23407.85,23411.45,166,150,0
2025-07-29 07:15:00+00:00,23411.65,23412.35,23405.65,23405.65,186,150,0
2025-07-29 07:20:00+00:00,23405.45,23406.75,23403.65,23404.85,146,150,0
2025-07-29 07:25:00+00:00,23404.85,23406.75,23404.45,23406.45,130,150,0
2025-07-29 07:30:00+00:00,23406.35,23410.15,23406.35,23409.15,144,150,0
2025-07-29 07:35:00+00:00,23408.85,23409.15,23406.15,23406.45,100,150,0
2025-07-29 07:40:00+00:00,23406.75,23407.45,23400.85,23401.75,174,150,0
2025-07-29 07:45:00+00:00,23401.85,23404.65,23401.65,23404.15,132,150,0
2025-07-29 07:50:00+00:00,23404.25,23407.45,23403.35,23406.65,112,150,0
2025-07-29 07:55:00+00:00,23406.35,23406.35,23403.45,23404.25,137,150,0
2025-07-29 08:00:00+00:00,23404.35,23407.65,23402.45,23407.45,156,150,0
2025-07-29 08:05:00+00:00,23407.65,23408.15,23406.35,23407.25,122,150,0
2025-07-29 08:10:00+00:00,23407.35,23410.65,23406.85,23408.95,107,150,0
2025-07-29 08:15:00+00:00,23409.15,23409.25,23406.25,23406.75,132,150,0
2025-07-29 08:20:00+00:00,23406.95,23410.15,23406.45,23408.25,114,150,0
2025-07-29 08:25:00+00:00,23407.95,23408.45,23405.15,23407.45,125,150,0
2025-07-29 08:30:00+00:00,23407.65,23409.75,23405.25,23408.75,199,150,0
2025-07-29 08:35:00+00:00,23408.95,23409.25,23407.75,23408.75,137,150,0
2025-07-29 08:40:00+00:00,23408.85,23411.15,23407.95,23411.15,149,150,0
2025-07-29 08:45:00+00:00,23411.85,23413.65,23410.95,23412.65,148,150,0
2025-07-29 08:50:00+00:00,23413.15,23414.45,23411.95,23412.25,139,150,0
2025-07-29 08:55:00+00:00,23412.25,23413.75,23408.65,23408.85,160,150,0
2025-07-29 09:00:00+00:00,23409.35,23415.15,23408.85,23412.75,332,150,0
2025-07-29 09:05:00+00:00,23412.95,23415.65,23410.35,23410.65,253,150,0
2025-07-29 09:10:00+00:00,23410.75,23411.85,23409.65,23411.85,183,150,0
2025-07-29 09:15:00+00:00,23411.65,23412.35,23409.75,23412.25,188,150,0
2025-07-29 09:20:00+00:00,23412.25,23414.35,23411.95,23413.35,147,150,0
2025-07-29 09:25:00+00:00,23413.45,23413.75,23405.75,23406.15,168,150,0
2025-07-29 09:30:00+00:00,23406.35,23407.75,23403.15,23406.25,354,150,0
2025-07-29 09:35:00+00:00,23406.15,23415.15,23406.15,23412.75,303,150,0
2025-07-29 09:40:00+00:00,23412.85,23415.65,23411.95,23413.35,215,150,0
2025-07-29 09:45:00+00:00,23412.95,23413.25,23408.25,23411.15,194,150,0
2025-07-29 09:50:00+00:00,23411.35,23415.15,23410.45,23412.45,250,150,0
2025-07-29 09:55:00+00:00,23412.25,23412.65,23404.65,23406.15,292,150,0
2025-07-29 10:00:00+00:00,23406.65,23412.25,23406.15,23410.95,549,150,0
2025-07-29 10:05:00+00:00,23410.75,23415.65,23408.45,23410.85,383,150,0
2025-07-29 10:10:00+00:00,23411.15,23415.75,23409.65,23413.85,346,150,0
2025-07-29 10:15:00+00:00,23414.15,23421.85,23413.85,23416.45,397,150,0
2025-07-29 10:20:00+00:00,23416.45,23418.75,23413.65,23415.15,296,150,0
2025-07-29 10:25:00+00:00,23415.15,23423.15,23413.85,23422.35,321,150,0
2025-07-29 10:30:00+00:00,23421.85,23425.95,23420.35,23424.85,358,150,0
2025-07-29 10:35:00+00:00,23424.95,23430.65,23424.45,23430.15,261,150,0
2025-07-29 10:40:00+00:00,23430.15,23436.85,23429.95,23436.15,293,150,0
2025-07-29 10:45:00+00:00,23436.35,23459.85,23436.25,23452.75,654,150,0
2025-07-29 10:50:00+00:00,23452.65,23457.85,23449.35,23452.15,398,150,0
2025-07-29 10:55:00+00:00,23451.75,23452.65,23449.15,23449.45,317,150,0
2025-07-29 11:00:00+00:00,23449.35,23449.95,23437.15,23445.95,555,150,0
2025-07-29 11:05:00+00:00,23446.05,23453.35,23444.35,23449.25,420,150,0
2025-07-29 11:10:00+00:00,23449.25,23451.15,23447.25,23450.65,319,150,0
2025-07-29 11:15:00+00:00,23451.15,23453.65,23445.85,23451.85,316,150,0
2025-07-29 11:20:00+00:00,23451.75,23454.25,23447.65,23450.25,377,150,0
2025-07-29 11:25:00+00:00,23450.15,23452.95,23448.65,23448.75,249,150,0
2025-07-29 11:30:00+00:00,23448.75,23451.85,23445.65,23449.35,269,150,0
2025-07-29 11:35:00+00:00,23449.85,23450.75,23446.35,23446.65,198,150,0
2025-07-29 11:40:00+00:00,23446.95,23448.85,23444.85,23447.15,220,150,0
2025-07-29 11:45:00+00:00,23446.95,23447.65,23440.85,23441.35,268,150,0
2025-07-29 11:50:00+00:00,23441.35,23447.85,23440.65,23445.65,294,150,0
2025-07-29 11:55:00+00:00,23445.45,23445.85,23441.85,23443.85,203,150,0
2025-07-29 12:00:00+00:00,23443.95,23447.25,23443.85,23446.15,172,150,0
2025-07-29 12:05:00+00:00,23446.45,23450.85,23445.85,23446.85,171,150,0
2025-07-29 12:10:00+00:00,23447.15,23452.35,23446.75,23449.85,210,150,0
2025-07-29 12:15:00+00:00,23449.65,23452.25,23444.65,23445.75,235,150,0
2025-07-29 12:20:00+00:00,23445.85,23446.15,23441.15,23442.85,274,150,0
2025-07-29 12:25:00+00:00,23442.75,23446.15,23442.65,23444.15,187,150,0
2025-07-29 12:30:00+00:00,23444.15,23449.95,23443.95,23448.35,185,150,0
2025-07-29 12:35:00+00:00,23448.25,23450.85,23447.35,23448.35,236,150,0
2025-07-29 12:40:00+00:00,23448.15,23449.95,23446.35,23447.45,243,150,0
2025-07-29 12:45:00+00:00,23447.45,23451.95,23446.85,23451.75,249,150,0
2025-07-29 12:50:00+00:00,23451.85,23456.95,23451.65,23454.65,241,150,0
2025-07-29 12:55:00+00:00,23450.75,23466.95,23450.75,23459.45,681,150,0
2025-07-29 13:00:00+00:00,23459.45,23468.95,23459.45,23463.15,537,150,0
2025-07-29 13:05:00+00:00,23463.25,23464.85,23458.65,23461.25,365,150,0
2025-07-29 13:10:00+00:00,23460.85,23462.15,23456.25,23458.65,285,150,0
2025-07-29 13:15:00+00:00,23459.35,23461.15,23454.85,23455.85,302,150,0
2025-07-29 13:20:00+00:00,23455.35,23458.65,23454.85,23458.15,241,150,0
2025-07-29 13:25:00+00:00,23457.95,23458.85,23455.15,23457.45,257,150,0
2025-07-29 13:30:00+00:00,23457.35,23461.15,23455.75,23459.85,257,150,0
2025-07-29 13:35:00+00:00,23460.15,23464.75,23453.85,23462.85,299,150,0
2025-07-29 13:40:00+00:00,23463.15,23464.95,23459.35,23460.35,215,150,0
2025-07-29 13:45:00+00:00,23460.45,23466.15,23460.15,23464.35,198,150,0
2025-07-29 13:50:00+00:00,23464.45,23465.45,23461.65,23462.35,245,150,0
2025-07-29 13:55:00+00:00,23462.35,23463.85,23459.65,23460.65,174,150,0
2025-07-29 14:00:00+00:00,23460.85,23467.35,23459.15,23460.25,427,150,0
2025-07-29 14:05:00+00:00,23460.45,23460.85,23455.75,23456.15,328,150,0
2025-07-29 14:10:00+00:00,23456.15,23459.95,23455.65,23459.25,277,150,0
2025-07-29 14:15:00+00:00,23459.35,23461.15,23453.25,23454.45,257,150,0
2025-07-29 14:20:00+00:00,23454.35,23457.85,23451.15,23456.25,397,150,0
2025-07-29 14:25:00+00:00,23456.25,23458.65,23456.15,23456.85,222,150,0
2025-07-29 14:30:00+00:00,23456.65,23459.25,23451.85,23452.65,394,150,0
2025-07-29 14:35:00+00:00,23452.45,23452.75,23440.35,23441.25,413,150,0
2025-07-29 14:40:00+00:00,23441.15,23449.65,23440.15,23448.15,460,150,0
2025-07-29 14:45:00+00:00,23448.35,23456.15,23447.85,23451.65,396,150,0
2025-07-29 14:50:00+00:00,23451.15,23456.35,23449.15,23455.85,308,150,0
2025-07-29 14:55:00+00:00,23455.85,23462.25,23454.35,23461.65,327,150,0
2025-07-29 15:00:00+00:00,23461.85,23467.95,23460.85,23467.85,390,150,0
2025-07-29 15:05:00+00:00,23467.85,23474.35,23466.35,23467.85,455,150,0
2025-07-29 15:10:00+00:00,23467.85,23468.65,23461.25,23462.65,383,150,0
2025-07-29 15:15:00+00:00,23462.65,23463.65,23456.75,23459.65,412,150,0
2025-07-29 15:20:00+00:00,23459.35,23462.75,23455.35,23459.35,439,150,0
2025-07-29 15:25:00+00:00,23459.25,23459.35,23452.85,23456.35,361,150,0
2025-07-29 15:30:00+00:00,23456.65,23459.25,23454.35,23455.35,410,150,0
2025-07-29 15:35:00+00:00,23455.15,23459.35,23451.95,23456.15,437,150,0
2025-07-29 15:40:00+00:00,23456.45,23458.65,23447.35,23450.15,357,150,0
2025-07-29 15:45:00+00:00,23450.15,23450.85,23446.15,23447.65,336,150,0
2025-07-29 15:50:00+00:00,23447.85,23449.15,23439.35,23440.65,453,150,0
2025-07-29 15:55:00+00:00,23440.65,23442.35,23433.85,23440.65,499,150,0
2025-07-29 16:00:00+00:00,23440.35,23449.85,23436.65,23445.15,573,150,0
2025-07-29 16:05:00+00:00,23444.85,23449.75,23443.25,23444.85,407,150,0
2025-07-29 16:10:00+00:00,23444.95,23446.65,23440.15,23445.65,396,150,0
2025-07-29 16:15:00+00:00,23444.85,23448.65,23442.65,23447.95,427,150,0
2025-07-29 16:20:00+00:00,23447.95,23459.85,23446.35,23457.25,620,150,0
2025-07-29 16:25:00+00:00,23453.65,23462.55,23448.85,23456.85,855,150,0
2025-07-29 16:30:00+00:00,23455.85,23497.05,23455.85,23493.05,1531,80,0
2025-07-29 16:35:00+00:00,23492.85,23513.65,23487.85,23507.45,1410,80,0
2025-07-29 16:40:00+00:00,23508.75,23510.95,23476.95,23483.25,1350,80,0
2025-07-29 16:45:00+00:00,23483.75,23487.25,23439.95,23451.65,1433,80,0
2025-07-29 16:50:00+00:00,23451.15,23453.65,23417.85,23449.15,1458,90,0
2025-07-29 16:55:00+00:00,23449.15,23454.65,23429.25,23450.65,1289,80,0
2025-07-29 17:00:00+00:00,23448.05,23453.75,23418.45,23428.05,1425,80,0
2025-07-29 17:05:00+00:00,23427.95,23437.25,23413.95,23434.45,1333,80,0
2025-07-29 17:10:00+00:00,23433.75,23447.55,23427.25,23433.95,1279,80,0
2025-07-29 17:15:00+00:00,23433.45,23440.45,23418.95,23428.75,1226,80,0
2025-07-29 17:20:00+00:00,23429.75,23433.45,23415.75,23425.75,1272,80,0
2025-07-29 17:25:00+00:00,23425.25,23427.45,23401.45,23421.25,1276,80,0
2025-07-29 17:30:00+00:00,23420.35,23429.95,23414.15,23419.95,1254,80,0
2025-07-29 17:35:00+00:00,23422.25,23430.85,23416.95,23425.25,1134,80,0
2025-07-29 17:40:00+00:00,23424.95,23437.75,23412.95,23415.95,1171,80,0
2025-07-29 17:45:00+00:00,23416.25,23429.55,23411.75,23414.45,1135,80,0
2025-07-29 17:50:00+00:00,23413.45,23417.35,23376.45,23388.75,1277,80,0
2025-07-29 17:55:00+00:00,23388.75,23397.75,23378.45,23389.75,1242,80,0
2025-07-29 18:00:00+00:00,23389.25,23403.95,23377.95,23382.45,1204,80,0
2025-07-29 18:05:00+00:00,23380.95,23383.75,23369.05,23375.05,1229,80,0
2025-07-29 18:10:00+00:00,23375.25,23393.25,23371.45,23372.45,1203,80,0
2025-07-29 18:15:00+00:00,23372.45,23374.35,23354.55,23358.25,1256,80,0
2025-07-29 18:20:00+00:00,23358.25,23369.75,23348.55,23350.25,1267,80,0
2025-07-29 18:25:00+00:00,23351.25,23353.55,23320.25,23325.75,1269,80,0
2025-07-29 18:30:00+00:00,23324.95,23353.95,23315.95,23347.95,1340,80,0
2025-07-29 18:35:00+00:00,23348.05,23348.05,23330.25,23330.45,1265,80,0
2025-07-29 18:40:00+00:00,23330.45,23335.55,23300.15,23320.45,1382,80,0
2025-07-29 18:45:00+00:00,23320.45,23364.75,23320.45,23359.45,1379,80,0
2025-07-29 18:50:00+00:00,23359.45,23374.55,23354.75,23374.25,1248,80,0
2025-07-29 18:55:00+00:00,23373.95,23381.45,23362.75,23365.75,1113,80,0
2025-07-29 19:00:00+00:00,23365.75,23374.45,23356.25,23364.75,1201,80,0
2025-07-29 19:05:00+00:00,23364.95,23367.75,23347.25,23350.95,1109,80,0
2025-07-29 19:10:00+00:00,23351.25,23358.95,23342.25,23346.85,1127,80,0
2025-07-29 19:15:00+00:00,23346.85,23355.55,23334.05,23348.85,1204,80,0
2025-07-29 19:20:00+00:00,23348.55,23351.35,23333.35,23334.35,1057,80,0
2025-07-29 19:25:00+00:00,23334.35,23342.35,23326.25,23337.35,1213,80,0
2025-07-29 19:30:00+00:00,23337.55,23346.75,23328.45,23328.85,1043,80,0
2025-07-29 19:35:00+00:00,23328.65,23335.85,23309.05,23314.55,1071,80,0
2025-07-29 19:40:00+00:00,23313.85,23340.35,23312.85,23339.55,1050,80,0
2025-07-29 19:45:00+00:00,23339.55,23345.55,23328.35,23338.65,1002,80,0
2025-07-29 19:50:00+00:00,23338.95,23348.05,23338.95,23345.45,836,80,0
2025-07-29 19:55:00+00:00,23345.45,23368.05,23344.65,23367.35,1006,80,0
2025-07-29 20:00:00+00:00,23366.55,23374.85,23360.35,23370.55,1034,80,0
2025-07-29 20:05:00+00:00,23370.55,23375.05,23363.85,23367.05,949,80,0
2025-07-29 20:10:00+00:00,23367.35,23375.85,23367.05,23372.55,812,80,0
2025-07-29 20:15:00+00:00,23372.55,23379.55,23371.35,23373.55,829,80,0
2025-07-29 20:20:00+00:00,23373.55,23373.95,23364.55,23370.55,897,80,0
2025-07-29 20:25:00+00:00,23370.15,23381.65,23364.35,23366.55,1000,80,0
2025-07-29 20:30:00+00:00,23366.75,23374.05,23361.85,23362.55,868,80,0
2025-07-29 20:35:00+00:00,23363.35,23364.85,23337.35,23349.85,1088,80,0
2025-07-29 20:40:00+00:00,23349.15,23351.65,23325.85,23335.85,1106,80,0
2025-07-29 20:45:00+00:00,23335.85,23344.05,23326.65,23328.35,1054,80,0
2025-07-29 20:50:00+00:00,23328.05,23341.55,23322.55,23339.45,988,80,0
2025-07-29 20:55:00+00:00,23339.05,23356.55,23337.85,23352.35,931,80,0
2025-07-29 21:00:00+00:00,23352.05,23362.15,23346.35,23361.45,899,80,0
2025-07-29 21:05:00+00:00,23361.35,23362.45,23347.15,23347.85,846,80,0
2025-07-29 21:10:00+00:00,23347.85,23353.35,23343.05,23351.15,808,80,0
2025-07-29 21:15:00+00:00,23350.55,23357.85,23347.45,23353.35,796,80,0
2025-07-29 21:20:00+00:00,23353.05,23353.85,23331.45,23336.85,844,80,0
2025-07-29 21:25:00+00:00,23336.65,23339.85,23329.15,23337.55,846,80,0
2025-07-29 21:30:00+00:00,23337.95,23353.55,23337.05,23351.05,831,80,0
2025-07-29 21:35:00+00:00,23351.45,23359.95,23346.95,23358.55,777,80,0
2025-07-29 21:40:00+00:00,23358.55,23365.85,23349.45,23352.05,821,80,0
2025-07-29 21:45:00+00:00,23352.55,23356.85,23342.85,23346.85,777,80,0
2025-07-29 21:50:00+00:00,23346.85,23352.35,23339.35,23345.05,828,80,0
2025-07-29 21:55:00+00:00,23344.85,23346.05,23334.35,23338.85,836,80,0
2025-07-29 22:00:00+00:00,23337.85,23342.95,23335.85,23341.35,898,80,0
2025-07-29 22:05:00+00:00,23341.15,23346.45,23337.85,23340.85,782,80,0
2025-07-29 22:10:00+00:00,23341.15,23343.85,23330.85,23343.15,799,80,0
2025-07-29 22:15:00+00:00,23343.45,23344.45,23332.85,23335.65,867,80,0
2025-07-29 22:20:00+00:00,23335.65,23340.15,23326.75,23331.65,850,80,0
2025-07-29 22:25:00+00:00,23331.35,23331.35,23318.15,23319.15,923,80,0
2025-07-29 22:30:00+00:00,23319.15,23324.65,23313.35,23314.35,900,80,0
2025-07-29 22:35:00+00:00,23314.15,23315.35,23282.85,23286.85,1229,80,0
2025-07-29 22:40:00+00:00,23286.85,23310.65,23286.35,23309.65,1100,80,0
2025-07-29 22:45:00+00:00,23309.85,23317.65,23307.85,23315.65,1036,80,0
2025-07-29 22:50:00+00:00,23313.75,23323.15,23307.65,23317.35,1114,80,0
2025-07-29 22:55:00+00:00,23317.65,23319.05,23295.55,23315.15,1320,80,0
2025-07-29 23:00:00+00:00,23316.46,23322.16,23310.66,23314.66,885,108,0
2025-07-29 23:05:00+00:00,23314.46,23316.16,23307.76,23311.96,543,178,0
2025-07-29 23:10:00+00:00,23311.66,23316.96,23310.26,23316.16,431,168,0
2025-07-29 23:15:00+00:00,23316.16,23317.26,23312.46,23316.16,352,168,0
2025-07-29 23:20:00+00:00,23316.06,23316.96,23307.46,23311.66,254,168,0
2025-07-29 23:25:00+00:00,23311.66,23316.16,23311.16,23314.56,204,168,0
2025-07-29 23:30:00+00:00,23314.66,23317.56,23312.46,23317.46,184,168,0
2025-07-29 23:35:00+00:00,23317.56,23319.06,23314.06,23314.96,225,168,0
2025-07-29 23:40:00+00:00,23314.76,23315.16,23308.16,23308.56,234,168,0
2025-07-29 23:45:00+00:00,23308.26,23312.16,23306.66,23312.16,260,168,0
2025-07-30 01:05:00+00:00,23331.06,23332.56,23322.66,23324.86,374,168,0
2025-07-30 01:10:00+00:00,23324.76,23327.36,23323.06,23324.66,197,168,0
2025-07-30 01:15:00+00:00,23324.66,23329.46,23323.36,23325.36,238,168,0
2025-07-30 01:20:00+00:00,23325.36,23326.46,23322.16,23325.86,142,168,0
2025-07-30 01:25:00+00:00,23325.86,23326.56,23321.36,23324.06,149,168,0
2025-07-30 01:30:00+00:00,23324.16,23328.36,23323.46,23325.36,183,168,0
2025-07-30 01:35:00+00:00,23325.56,23326.06,23321.86,23324.96,150,168,0
2025-07-30 01:40:00+00:00,23324.86,23328.86,23324.56,23326.96,119,168,0
2025-07-30 01:45:00+00:00,23327.16,23331.06,23326.36,23330.86,132,168,0
2025-07-30 01:50:00+00:00,23331.36,23334.46,23331.36,23334.16,169,168,0
2025-07-30 01:55:00+00:00,23334.16,23337.46,23332.86,23333.66,190,168,0
2025-07-30 02:00:00+00:00,23333.75,23335.95,23331.05,23332.15,172,150,0
2025-07-30 02:05:00+00:00,23332.15,23339.05,23331.95,23338.65,194,150,0
2025-07-30 02:10:00+00:00,23338.75,23338.95,23331.75,23334.15,147,150,0
2025-07-30 02:15:00+00:00,23334.45,23336.55,23333.95,23335.95,112,150,0
2025-07-30 02:20:00+00:00,23336.65,23337.15,23335.05,23336.65,125,150,0
2025-07-30 02:25:00+00:00,23336.55,23339.15,23335.95,23337.65,107,150,0
2025-07-30 02:30:00+00:00,23337.45,23340.05,23337.45,23338.75,140,150,0
2025-07-30 02:35:00+00:00,23339.05,23344.05,23338.65,23341.25,222,150,0
2025-07-30 02:40:00+00:00,23341.45,23341.65,23338.25,23338.65,102,150,0
2025-07-30 02:45:00+00:00,23338.95,23339.15,23330.95,23333.15,252,150,0
2025-07-30 02:50:00+00:00,23333.15,23333.65,23328.45,23329.15,265,150,0
2025-07-30 02:55:00+00:00,23329.45,23338.65,23328.95,23337.65,215,150,0
2025-07-30 03:00:00+00:00,23337.55,23341.75,23335.25,23336.65,422,150,0
2025-07-30 03:05:00+00:00,23336.75,23340.15,23334.65,23338.45,280,150,0
2025-07-30 03:10:00+00:00,23338.65,23351.85,23337.75,23348.25,484,150,0
2025-07-30 03:15:00+00:00,23348.15,23348.75,23340.55,23344.25,338,150,0
2025-07-30 03:20:00+00:00,23344.15,23346.55,23340.95,23341.15,284,150,0
2025-07-30 03:25:00+00:00,23340.95,23345.75,23340.55,23343.55,252,150,0
2025-07-30 03:30:00+00:00,23343.45,23347.25,23343.25,23346.75,243,150,0
2025-07-30 03:35:00+00:00,23346.55,23352.25,23345.15,23348.25,292,150,0
2025-07-30 03:40:00+00:00,23348.55,23349.25,23344.15,23344.55,257,150,0
2025-07-30 03:45:00+00:00,23345.55,23349.45,23344.65,23348.15,216,150,0
2025-07-30 03:50:00+00:00,23348.45,23353.05,23348.45,23350.95,284,150,0
2025-07-30 03:55:00+00:00,23350.45,23352.25,23348.75,23349.05,232,150,0
2025-07-30 04:00:00+00:00,23348.95,23352.75,23347.25,23348.45,372,150,0
2025-07-30 04:05:00+00:00,23348.25,23349.15,23344.75,23346.05,275,150,0
2025-07-30 04:10:00+00:00,23346.05,23347.65,23342.75,23344.75,286,150,0
2025-07-30 04:15:00+00:00,23345.25,23345.25,23339.25,23339.45,319,150,0
2025-07-30 04:20:00+00:00,23339.25,23339.75,23335.75,23338.05,342,150,0
2025-07-30 04:25:00+00:00,23337.45,23339.15,23336.05,23336.75,272,150,0
2025-07-30 04:30:00+00:00,23337.25,23343.95,23329.75,23343.25,579,150,0
2025-07-30 04:35:00+00:00,23343.25,23354.95,23342.95,23346.35,519,150,0
2025-07-30 04:40:00+00:00,23345.75,23352.95,23344.65,23346.75,368,150,0
2025-07-30 04:45:00+00:00,23346.95,23348.75,23345.05,23347.15,362,150,0
2025-07-30 04:50:00+00:00,23346.95,23349.45,23346.05,23348.15,252,150,0
2025-07-30 04:55:00+00:00,23348.05,23349.55,23346.55,23349.05,249,150,0
2025-07-30 05:00:00+00:00,23348.95,23352.15,23348.25,23351.55,253,150,0
2025-07-30 05:05:00+00:00,23351.25,23356.75,23351.25,23356.75,250,150,0
2025-07-30 05:10:00+00:00,23357.05,23357.25,23352.95,23356.25,271,150,0
2025-07-30 05:15:00+00:00,23355.95,23357.65,23353.25,23354.25,224,150,0
2025-07-30 05:20:00+00:00,23354.45,23354.75,23352.25,23353.25,183,150,0
2025-07-30 05:25:00+00:00,23353.45,23353.95,23349.05,23349.45,231,150,0
2025-07-30 05:30:00+00:00,23349.45,23350.05,23343.55,23344.05,257,150,0
2025-07-30 05:35:00+00:00,23344.15,23348.45,23343.75,23348.25,202,150,0
2025-07-30 05:40:00+00:00,23348.25,23351.25,23348.25,23349.65,212,150,0
2025-07-30 05:45:00+00:00,23349.55,23359.25,23349.25,23359.15,232,150,0
2025-07-30 05:50:00+00:00,23359.05,23359.55,23356.55,23358.05,227,150,0
2025-07-30 05:55:00+00:00,23358.05,23358.15,23355.45,23356.45,166,150,0
2025-07-30 06:00:00+00:00,23356.55,23363.75,23356.55,23361.55,199,150,0
2025-07-30 06:05:00+00:00,23361.95,23364.15,23361.05,23362.65,143,150,0
2025-07-30 06:10:00+00:00,23362.55,23362.75,23360.55,23360.75,150,150,0
2025-07-30 06:15:00+00:00,23360.65,23361.05,23356.15,23359.15,177,150,0
2025-07-30 06:20:00+00:00,23359.05,23362.95,23358.75,23359.45,173,150,0
2025-07-30 06:25:00+00:00,23359.55,23360.75,23357.25,23358.55,153,150,0
2025-07-30 06:30:00+00:00,23358.55,23362.45,23357.25,23361.65,159,150,0
2025-07-30 06:35:00+00:00,23361.75,23367.05,23361.05,23365.25,180,150,0
2025-07-30 06:40:00+00:00,23365.45,23368.95,23364.25,23364.55,201,150,0
2025-07-30 06:45:00+00:00,23364.15,23364.15,23359.95,23361.25,176,150,0
2025-07-30 06:50:00+00:00,23361.45,23363.25,23359.15,23362.75,152,150,0
2025-07-30 06:55:00+00:00,23362.65,23362.75,23360.15,23361.75,130,150,0
2025-07-30 07:00:00+00:00,23361.75,23364.05,23361.55,23363.25,127,150,0
2025-07-30 07:05:00+00:00,23363.15,23365.65,23362.25,23365.55,106,150,0
2025-07-30 07:10:00+00:00,23364.95,23366.75,23363.45,23366.65,124,150,0
2025-07-30 07:15:00+00:00,23366.75,23370.55,23363.75,23363.95,212,150,0
2025-07-30 07:20:00+00:00,23363.95,23367.25,23363.75,23366.25,116,150,0
2025-07-30 07:25:00+00:00,23366.25,23368.45,23366.25,23367.25,89,150,0
2025-07-30 07:30:00+00:00,23367.25,23368.05,23363.25,23363.25,117,150,0
2025-07-30 07:35:00+00:00,23363.45,23366.55,23363.45,23364.75,131,150,0
2025-07-30 07:40:00+00:00,23365.05,23365.05,23362.95,23363.55,96,150,0
2025-07-30 07:45:00+00:00,23363.05,23366.55,23362.05,23365.95,168,150,0
2025-07-30 07:50:00+00:00,23365.55,23366.55,23365.05,23366.25,101,150,0
2025-07-30 07:55:00+00:00,23366.45,23368.25,23365.55,23366.65,115,150,0
2025-07-30 08:00:00+00:00,23366.55,23366.55,23362.25,23364.25,258,150,0
2025-07-30 08:05:00+00:00,23364.15,23364.55,23358.75,23359.25,228,150,0
2025-07-30 08:10:00+00:00,23359.55,23360.25,23351.45,23356.55,369,150,0
2025-07-30 08:15:00+00:00,23356.55,23361.75,23356.25,23360.05,212,150,0
2025-07-30 08:20:00+00:00,23360.55,23365.65,23359.95,23365.05,252,150,0
2025-07-30 08:25:00+00:00,23365.15,23366.55,23364.15,23365.25,204,150,0
2025-07-30 08:30:00+00:00,23365.75,23370.15,23365.75,23369.45,235,150,0
2025-07-30 08:35:00+00:00,23369.55,23371.55,23368.75,23368.95,220,150,0
2025-07-30 08:40:00+00:00,23368.15,23369.25,23365.05,23366.45,210,150,0
2025-07-30 08:45:00+00:00,23366.25,23371.95,23365.95,23371.45,170,150,0
2025-07-30 08:50:00+00:00,23372.05,23372.65,23369.25,23371.55,225,150,0
2025-07-30 08:55:00+00:00,23371.25,23371.75,23366.25,23366.25,211,150,0
2025-07-30 09:00:00+00:00,23365.75,23370.25,23364.15,23365.05,444,150,0
2025-07-30 09:05:00+00:00,23364.75,23369.25,23364.75,23365.75,294,150,0
2025-07-30 09:10:00+00:00,23366.15,23368.45,23364.65,23365.05,274,150,0
2025-07-30 09:15:00+00:00,23365.15,23366.75,23361.95,23362.05,227,150,0
2025-07-30 09:20:00+00:00,23362.15,23367.65,23362.05,23367.25,210,150,0
2025-07-30 09:25:00+00:00,23367.45,23373.45,23367.45,23372.25,331,150,0
2025-07-30 09:30:00+00:00,23372.05,23372.75,23366.65,23367.45,289,150,0
2025-07-30 09:35:00+00:00,23367.55,23368.65,23365.55,23367.65,178,150,0
2025-07-30 09:40:00+00:00,23367.75,23370.95,23366.75,23370.15,195,150,0
2025-07-30 09:45:00+00:00,23370.15,23370.15,23365.05,23365.65,171,150,0
2025-07-30 09:50:00+00:00,23365.25,23365.45,23359.75,23361.75,274,150,0
2025-07-30 09:55:00+00:00,23361.55,23363.95,23359.95,23362.55,258,150,0
2025-07-30 10:00:00+00:00,23362.65,23365.55,23356.55,23357.95,734,150,0
2025-07-30 10:05:00+00:00,23358.35,23361.25,23341.15,23342.65,656,150,0
2025-07-30 10:10:00+00:00,23342.35,23350.35,23339.65,23341.95,697,160,0
2025-07-30 10:15:00+00:00,23341.95,23347.95,23340.65,23340.75,563,150,0
2025-07-30 10:20:00+00:00,23340.95,23348.75,23337.25,23345.95,589,150,0
2025-07-30 10:25:00+00:00,23345.95,23356.55,23344.95,23355.55,475,150,0
2025-07-30 10:30:00+00:00,23355.75,23363.15,23354.95,23360.65,464,150,0
2025-07-30 10:35:00+00:00,23360.55,23366.05,23356.25,23360.45,500,150,0
2025-07-30 10:40:00+00:00,23360.45,23370.65,23359.15,23366.55,477,150,0
2025-07-30 10:45:00+00:00,23367.25,23368.55,23363.05,23365.45,410,150,0
2025-07-30 10:50:00+00:00,23365.05,23365.55,23360.25,23361.55,301,150,0
2025-07-30 10:55:00+00:00,23360.75,23365.45,23360.55,23362.55,294,150,0
2025-07-30 11:00:00+00:00,23362.25,23375.05,23361.55,23371.65,501,150,0
2025-07-30 11:05:00+00:00,23371.95,23372.05,23362.25,23362.45,432,150,0
2025-07-30 11:10:00+00:00,23362.45,23362.45,23354.75,23361.45,464,150,0
2025-07-30 11:15:00+00:00,23361.55,23361.75,23355.25,23355.55,418,150,0
2025-07-30 11:20:00+00:00,23355.25,23355.45,23342.75,23346.85,601,150,0
2025-07-30 11:25:00+00:00,23346.45,23350.35,23341.65,23342.95,440,160,0
2025-07-30 11:30:00+00:00,23343.35,23349.75,23326.65,23340.65,645,150,0
2025-07-30 11:35:00+00:00,23340.55,23346.95,23337.95,23342.45,448,150,0
2025-07-30 11:40:00+00:00,23342.45,23351.05,23341.05,23349.95,360,150,0
2025-07-30 11:45:00+00:00,23349.25,23352.15,23345.45,23347.15,343,150,0
2025-07-30 11:50:00+00:00,23346.95,23347.45,23340.55,23346.95,366,150,0
2025-07-30 11:55:00+00:00,23347.05,23347.95,23340.25,23345.95,309,150,0
2025-07-30 12:00:00+00:00,23345.95,23351.75,23344.25,23349.65,381,150,0
2025-07-30 12:05:00+00:00,23349.75,23353.05,23348.35,23352.55,333,150,0
2025-07-30 12:10:00+00:00,23352.25,23352.55,23348.25,23351.55,346,150,0
2025-07-30 12:15:00+00:00,23351.45,23360.75,23351.25,23357.75,318,150,0
2025-07-30 12:20:00+00:00,23357.75,23358.55,23350.75,23351.45,302,150,0
2025-07-30 12:25:00+00:00,23351.55,23354.75,23348.55,23349.05,256,150,0
2025-07-30 12:30:00+00:00,23348.75,23351.55,23340.25,23342.25,348,150,0
2025-07-30 12:35:00+00:00,23341.75,23343.45,23338.25,23340.75,350,150,0
2025-07-30 12:40:00+00:00,23340.95,23345.95,23340.45,23341.25,330,150,0
2025-07-30 12:45:00+00:00,23340.95,23345.95,23337.95,23345.25,321,150,0
2025-07-30 12:50:00+00:00,23344.95,23344.95,23338.55,23340.25,267,150,0
2025-07-30 12:55:00+00:00,23340.45,23355.65,23339.65,23355.35,513,150,0
2025-07-30 13:00:00+00:00,23355.65,23359.75,23353.55,23355.45,464,150,0
2025-07-30 13:05:00+00:00,23355.55,23356.25,23352.25,23352.25,307,150,0
2025-07-30 13:10:00+00:00,23352.25,23363.05,23351.95,23362.15,337,150,0
2025-07-30 13:15:00+00:00,23362.25,23364.65,23359.45,23364.05,352,150,0
2025-07-30 13:20:00+00:00,23364.25,23368.55,23361.75,23362.15,310,150,0
2025-07-30 13:25:00+00:00,23362.45,23365.05,23356.05,23362.05,351,150,0
2025-07-30 13:30:00+00:00,23361.75,23361.75,23357.55,23360.25,303,150,0
2025-07-30 13:35:00+00:00,23360.25,23367.45,23358.75,23366.75,278,150,0
2025-07-30 13:40:00+00:00,23366.75,23367.75,23364.65,23366.25,192,150,0
2025-07-30 13:45:00+00:00,23366.25,23370.55,23364.65,23370.25,196,150,0
2025-07-30 13:50:00+00:00,23370.15,23370.15,23362.75,23365.25,235,150,0
2025-07-30 13:55:00+00:00,23365.05,23371.05,23364.05,23370.65,253,150,0
2025-07-30 14:00:00+00:00,23369.95,23371.25,23367.65,23370.75,306,150,0
2025-07-30 14:05:00+00:00,23370.75,23370.75,23363.95,23366.55,285,150,0
2025-07-30 14:10:00+00:00,23367.05,23373.05,23362.75,23362.75,281,150,0
2025-07-30 14:15:00+00:00,23363.75,23367.75,23362.75,23365.95,309,150,0
2025-07-30 14:20:00+00:00,23366.05,23367.55,23361.05,23365.75,255,150,0
2025-07-30 14:25:00+00:00,23365.95,23377.65,23364.65,23375.25,288,150,0
2025-07-30 14:30:00+00:00,23375.45,23379.05,23374.25,23378.25,345,150,0
2025-07-30 14:35:00+00:00,23378.55,23381.75,23376.15,23378.55,280,150,0
2025-07-30 14:40:00+00:00,23378.75,23379.55,23367.15,23371.65,402,150,0
2025-07-30 14:45:00+00:00,23371.85,23383.75,23371.55,23383.15,513,160,0
2025-07-30 14:50:00+00:00,23382.95,23384.55,23372.25,23374.25,411,150,0
2025-07-30 14:55:00+00:00,23374.05,23375.75,23370.15,23371.05,357,150,0
2025-07-30 15:00:00+00:00,23370.55,23370.75,23360.65,23363.65,552,150,0
2025-07-30 15:05:00+00:00,23363.65,23365.55,23340.75,23341.75,572,150,0
2025-07-30 15:10:00+00:00,23341.75,23352.65,23335.25,23351.41,991,180,0
2025-07-30 15:15:00+00:00,23351.51,23357.1,23342.55,23350.55,822,180,0
2025-07-30 15:20:00+00:00,23350.25,23350.25,23339.05,23346.15,689,160,0
2025-07-30 15:25:00+00:00,23346.45,23354.35,23344.88,23346.91,551,150,0
2025-07-30 15:30:00+00:00,23346.7,23364.81,23338.31,23349.35,1122,210,0
2025-07-30 15:35:00+00:00,23349.95,23362.35,23337.35,23361.05,893,180,0
2025-07-30 15:40:00+00:00,23361.45,23365.75,23357.55,23362.45,760,160,0
2025-07-30 15:45:00+00:00,23362.75,23367.95,23356.35,23364.45,651,160,0
2025-07-30 15:50:00+00:00,23363.95,23366.35,23358.75,23361.75,621,150,0
2025-07-30 15:55:00+00:00,23361.65,23365.95,23352.45,23353.15,626,150,0
2025-07-30 16:00:00+00:00,23353.25,23355.65,23338.75,23338.75,758,160,0
2025-07-30 16:05:00+00:00,23338.95,23345.95,23333.85,23345.15,732,160,0
2025-07-30 16:10:00+00:00,23344.95,23347.45,23339.05,23347.05,641,150,0
2025-07-30 16:15:00+00:00,23347.05,23353.45,23343.45,23350.25,588,150,0
2025-07-30 16:20:00+00:00,23350.15,23352.25,23345.25,23347.55,498,150,0
2025-07-30 16:25:00+00:00,23345.75,23353.95,23340.45,23350.45,771,150,0
2025-07-30 16:30:00+00:00,23349.55,23353.65,23314.25,23349.45,1599,80,0
2025-07-30 16:35:00+00:00,23350.05,23372.45,23345.55,23355.85,1539,90,0
2025-07-30 16:40:00+00:00,23355.55,23372.55,23346.35,23371.35,1411,80,0
2025-07-30 16:45:00+00:00,23370.15,23389.15,23350.95,23353.15,1430,80,0
2025-07-30 16:50:00+00:00,23353.25,23356.25,23336.25,23344.35,1413,80,0
2025-07-30 16:55:00+00:00,23344.85,23353.85,23334.35,23347.25,1333,80,0
2025-07-30 17:00:00+00:00,23346.85,23348.35,23331.15,23340.15,1344,80,0
2025-07-30 17:05:00+00:00,23339.85,23362.15,23337.05,23344.85,1254,80,0
2025-07-30 17:10:00+00:00,23345.15,23350.35,23330.65,23342.75,1201,80,0
2025-07-30 17:15:00+00:00,23342.85,23363.05,23341.35,23357.85,1125,80,0
2025-07-30 17:20:00+00:00,23358.15,23385.15,23349.35,23378.85,1202,80,0
2025-07-30 17:25:00+00:00,23378.55,23380.05,23364.85,23366.85,1130,80,0
2025-07-30 17:30:00+00:00,23367.15,23391.15,23367.15,23378.35,1165,80,0
2025-07-30 17:35:00+00:00,23378.65,23388.05,23372.15,23376.85,1072,80,0
2025-07-30 17:40:00+00:00,23377.15,23389.15,23375.85,23381.65,1096,80,0
2025-07-30 17:45:00+00:00,23381.85,23389.05,23379.35,23379.65,999,80,0
2025-07-30 17:50:00+00:00,23379.85,23399.65,23378.35,23395.65,1039,80,0
2025-07-30 17:55:00+00:00,23395.65,23404.35,23375.65,23378.55,1044,80,0
2025-07-30 18:00:00+00:00,23378.65,23388.85,23367.85,23369.85,1128,80,0
2025-07-30 18:05:00+00:00,23370.15,23376.35,23365.05,23369.15,1061,80,0
2025-07-30 18:10:00+00:00,23368.85,23371.65,23340.65,23345.85,1249,80,0
2025-07-30 18:15:00+00:00,23345.85,23358.35,23338.85,23351.65,1167,80,0
2025-07-30 18:20:00+00:00,23351.65,23367.15,23346.05,23365.35,1097,80,0
2025-07-30 18:25:00+00:00,23365.35,23368.35,23348.15,23350.65,1057,80,0
2025-07-30 18:30:00+00:00,23350.35,23356.55,23339.65,23342.75,1078,80,0
2025-07-30 18:35:00+00:00,23342.65,23356.15,23342.25,23351.85,987,80,0
2025-07-30 18:40:00+00:00,23351.85,23368.65,23351.35,23366.85,955,80,0
2025-07-30 18:45:00+00:00,23365.35,23367.15,23359.65,23366.25,891,80,0
2025-07-30 18:50:00+00:00,23366.35,23375.85,23363.35,23375.85,834,80,0
2025-07-30 18:55:00+00:00,23375.75,23393.55,23374.65,23393.25,944,80,0
2025-07-30 19:00:00+00:00,23393.25,23393.35,23380.35,23386.65,872,80,0
2025-07-30 19:05:00+00:00,23386.85,23388.25,23381.85,23386.35,794,80,0
2025-07-30 19:10:00+00:00,23386.65,23395.15,23382.15,23392.65,771,80,0
2025-07-30 19:15:00+00:00,23392.75,23407.65,23391.85,23400.15,858,80,0
2025-07-30 19:20:00+00:00,23400.25,23410.15,23400.25,23404.85,788,80,0
2025-07-30 19:25:00+00:00,23404.15,23404.85,23395.85,23398.65,910,80,0
2025-07-30 19:30:00+00:00,23398.35,23405.25,23394.15,23397.35,796,80,0
2025-07-30 19:35:00+00:00,23397.35,23398.35,23388.05,23390.25,850,80,0
2025-07-30 19:40:00+00:00,23390.35,23394.65,23382.55,23388.65,844,80,0
2025-07-30 19:45:00+00:00,23389.25,23394.85,23387.35,23391.65,774,80,0
2025-07-30 19:50:00+00:00,23391.75,23400.15,23391.75,23394.85,802,80,0
2025-07-30 19:55:00+00:00,23394.85,23399.05,23387.55,23397.55,794,80,0
2025-07-30 20:00:00+00:00,23397.75,23404.25,23395.05,23401.25,734,80,0
2025-07-30 20:05:00+00:00,23401.35,23403.55,23390.75,23392.35,779,80,0
2025-07-30 20:10:00+00:00,23392.65,23400.05,23389.85,23395.35,733,80,0
2025-07-30 20:15:00+00:00,23395.05,23399.65,23393.35,23397.35,705,80,0
2025-07-30 20:20:00+00:00,23397.05,23399.15,23388.15,23389.15,660,80,0
2025-07-30 20:25:00+00:00,23389.05,23393.55,23387.55,23389.35,695,80,0
2025-07-30 20:30:00+00:00,23389.55,23399.85,23386.65,23398.85,740,80,0
2025-07-30 20:35:00+00:00,23398.15,23406.25,23394.15,23406.15,706,80,0
2025-07-30 20:40:00+00:00,23406.65,23414.35,23406.15,23411.65,821,80,0
2025-07-30 20:45:00+00:00,23411.65,23411.65,23396.85,23397.85,828,80,0
2025-07-30 20:50:00+00:00,23398.15,23403.85,23389.65,23401.15,849,80,0
2025-07-30 20:55:00+00:00,23400.85,23410.85,23399.35,23406.31,845,80,0
2025-07-30 21:00:00+00:00,23406.1,23421.38,23376.05,23393.75,1322,80,0
2025-07-30 21:05:00+00:00,23393.75,23411.35,23392.05,23407.15,1362,80,0
2025-07-30 21:10:00+00:00,23406.35,23419.55,23401.15,23404.05,1154,80,0
2025-07-30 21:15:00+00:00,23404.15,23409.85,23396.85,23400.15,1005,80,0
2025-07-30 21:20:00+00:00,23399.35,23411.65,23396.85,23407.15,922,80,0
2025-07-30 21:25:00+00:00,23407.05,23421.25,23404.65,23418.35,905,80,0
2025-07-30 21:30:00+00:00,23418.65,23440.35,23414.05,23434.55,1198,80,0
2025-07-30 21:35:00+00:00,23434.55,23451.85,23394.35,23405.95,1595,90,0
2025-07-30 21:40:00+00:00,23404.35,23420.35,23377.85,23413.65,1529,110,0
2025-07-30 21:45:00+00:00,23413.35,23426.35,23376.15,23383.45,1490,100,0
2025-07-30 21:50:00+00:00,23384.65,23384.65,23342.65,23347.15,1542,110,0
2025-07-30 21:55:00+00:00,23348.35,23360.65,23263.95,23275.05,1628,120,0
2025-07-30 22:00:00+00:00,23274.55,23286.85,23221.15,23248.05,1654,120,0
2025-07-30 22:05:00+00:00,23245.05,23282.45,23222.05,23276.05,1639,120,0
2025-07-30 22:10:00+00:00,23274.55,23330.55,23257.55,23303.85,1571,120,0
2025-07-30 22:15:00+00:00,23302.05,23316.55,23275.55,23284.85,1543,120,0
2025-07-30 22:20:00+00:00,23284.85,23304.95,23247.15,23250.65,1534,110,0
2025-07-30 22:25:00+00:00,23250.65,23267.35,23240.45,23257.95,1467,110,0
2025-07-30 22:30:00+00:00,23257.85,23288.25,23256.15,23275.85,1461,110,0
2025-07-30 22:35:00+00:00,23275.65,23286.25,23254.05,23255.75,1450,100,0
2025-07-30 22:40:00+00:00,23255.55,23283.75,23246.15,23256.65,1466,90,0
2025-07-30 22:45:00+00:00,23256.65,23298.05,23256.65,23286.25,1427,90,0
2025-07-30 22:50:00+00:00,23286.25,23329.25,23286.25,23316.65,1471,90,0
2025-07-30 22:55:00+00:00,23313.15,23353.45,23296.85,23345.95,1472,110,0
2025-07-30 23:00:00+00:00,23344.86,23475.26,23334.66,23433.76,1347,228,0
2025-07-30 23:05:00+00:00,23434.26,23520.36,23430.06,23511.66,1499,228,0
2025-07-30 23:10:00+00:00,23513.76,23550.06,23506.56,23530.26,1455,228,0
2025-07-30 23:15:00+00:00,23530.16,23541.36,23501.86,23511.86,1344,228,0
2025-07-30 23:20:00+00:00,23512.76,23550.06,23512.76,23548.66,1181,228,0
2025-07-30 23:25:00+00:00,23549.16,23550.06,23519.16,23524.06,1110,218,0
2025-07-30 23:30:00+00:00,23523.86,23532.36,23517.96,23527.76,996,208,0
2025-07-30 23:35:00+00:00,23527.86,23527.86,23517.06,23521.06,871,188,0
2025-07-30 23:40:00+00:00,23521.26,23529.16,23517.86,23524.16,716,178,0
2025-07-30 23:45:00+00:00,23523.16,23534.86,23521.86,23533.76,696,178,0
2025-07-31 01:05:00+00:00,23574.26,23578.16,23556.96,23560.26,809,218,0
2025-07-31 01:10:00+00:00,23560.26,23564.06,23553.76,23559.76,625,208,0
2025-07-31 01:15:00+00:00,23559.06,23573.06,23554.36,23567.86,575,198,0
2025-07-31 01:20:00+00:00,23568.06,23568.66,23561.36,23564.86,562,168,0
2025-07-31 01:25:00+00:00,23564.96,23566.36,23562.46,23565.96,318,168,0
2025-07-31 01:30:00+00:00,23565.96,23582.26,23565.96,23578.66,561,168,0
2025-07-31 01:35:00+00:00,23579.16,23587.26,23579.16,23585.26,552,168,0
2025-07-31 01:40:00+00:00,23585.36,23595.46,23583.36,23595.36,503,168,0
2025-07-31 01:45:00+00:00,23595.26,23595.26,23586.56,23590.96,448,168,0
2025-07-31 01:50:00+00:00,23590.76,23592.96,23585.36,23588.36,381,168,0
2025-07-31 01:55:00+00:00,23588.56,23594.06,23587.56,23592.56,234,168,0
2025-07-31 02:00:00+00:00,23592.65,23595.85,23586.95,23591.35,369,150,0
2025-07-31 02:05:00+00:00,23591.05,23594.55,23590.05,23594.55,270,150,0
2025-07-31 02:10:00+00:00,23594.05,23603.75,23592.05,23603.65,469,150,0
2025-07-31 02:15:00+00:00,23603.55,23603.85,23595.35,23599.65,379,150,0
2025-07-31 02:20:00+00:00,23599.75,23600.55,23591.05,23592.35,302,150,0
2025-07-31 02:25:00+00:00,23592.55,23597.35,23591.45,23596.85,274,150,0
2025-07-31 02:30:00+00:00,23595.85,23596.85,23592.65,23592.65,210,150,0
2025-07-31 02:35:00+00:00,23592.65,23594.85,23591.65,23594.55,166,150,0
2025-07-31 02:40:00+00:00,23595.45,23599.45,23592.45,23599.45,244,150,0
2025-07-31 02:45:00+00:00,23599.15,23600.55,23596.55,23598.45,252,150,0
2025-07-31 02:50:00+00:00,23598.85,23600.05,23593.65,23595.35,250,150,0
2025-07-31 02:55:00+00:00,23595.45,23595.45,23588.95,23589.45,309,150,0
2025-07-31 03:00:00+00:00,23589.35,23589.95,23581.55,23587.65,544,150,0
2025-07-31 03:05:00+00:00,23587.55,23588.35,23576.65,23580.05,449,150,0
2025-07-31 03:10:00+00:00,23579.75,23585.55,23577.55,23582.85,463,150,0
2025-07-31 03:15:00+00:00,23582.95,23603.55,23582.85,23601.75,589,150,0
2025-07-31 03:20:00+00:00,23602.05,23611.55,23600.25,23606.05,502,160,0
2025-07-31 03:25:00+00:00,23606.25,23606.25,23598.85,23600.95,403,150,0
2025-07-31 03:30:00+00:00,23600.85,23603.05,23597.55,23598.35,360,150,0
2025-07-31 03:35:00+00:00,23598.15,23607.95,23597.35,23607.35,365,150,0
2025-07-31 03:40:00+00:00,23607.55,23618.45,23607.35,23616.85,454,150,0
2025-07-31 03:45:00+00:00,23616.65,23622.15,23611.65,23614.05,457,150,0
2025-07-31 03:50:00+00:00,23614.35,23618.85,23610.35,23617.55,400,150,0
2025-07-31 03:55:00+00:00,23617.35,23618.35,23610.15,23618.35,351,150,0
2025-07-31 04:00:00+00:00,23618.35,23619.65,23610.65,23619.05,457,150,0
2025-07-31 04:05:00+00:00,23618.95,23625.55,23616.85,23623.05,405,150,0
2025-07-31 04:10:00+00:00,23623.05,23626.95,23621.55,23624.05,413,150,0
2025-07-31 04:15:00+00:00,23624.15,23625.05,23619.55,23624.05,371,150,0
2025-07-31 04:20:00+00:00,23623.95,23628.95,23623.45,23628.95,319,150,0
2025-07-31 04:25:00+00:00,23628.65,23631.15,23624.45,23630.15,338,150,0
2025-07-31 04:30:00+00:00,23630.45,23633.95,23624.45,23626.45,479,150,0
2025-07-31 04:35:00+00:00,23626.55,23634.45,23625.05,23633.95,382,150,0
2025-07-31 04:40:00+00:00,23634.65,23638.45,23631.35,23637.85,344,150,0
2025-07-31 04:45:00+00:00,23637.65,23643.85,23635.65,23638.55,422,150,0
2025-07-31 04:50:00+00:00,23638.45,23639.35,23634.65,23638.05,301,150,0
2025-07-31 04:55:00+00:00,23637.95,23638.05,23632.15,23633.65,311,150,0
2025-07-31 05:00:00+00:00,23633.65,23637.55,23632.15,23633.95,325,150,0
2025-07-31 05:05:00+00:00,23633.95,23639.05,23633.45,23638.35,250,150,0
2025-07-31 05:10:00+00:00,23638.15,23642.05,23637.95,23641.05,272,150,0
2025-07-31 05:15:00+00:00,23641.05,23643.65,23638.65,23642.95,237,150,0
2025-07-31 05:20:00+00:00,23642.85,23643.65,23638.95,23641.15,233,150,0
2025-07-31 05:25:00+00:00,23641.35,23641.95,23639.35,23641.95,148,150,0
2025-07-31 05:30:00+00:00,23641.45,23642.95,23640.85,23641.85,190,150,0
2025-07-31 05:35:00+00:00,23641.95,23648.95,23640.85,23648.85,281,150,0
2025-07-31 05:40:00+00:00,23648.85,23649.05,23643.45,23646.95,247,150,0
2025-07-31 05:45:00+00:00,23646.85,23648.95,23644.95,23648.95,201,150,0
2025-07-31 05:50:00+00:00,23648.65,23651.65,23647.15,23650.95,241,150,0
2025-07-31 05:55:00+00:00,23651.35,23657.05,23650.45,23650.55,321,150,0
2025-07-31 06:00:00+00:00,23651.05,23652.85,23643.85,23646.05,342,150,0
2025-07-31 06:05:00+00:00,23645.95,23647.95,23642.95,23647.55,265,150,0
2025-07-31 06:10:00+00:00,23647.45,23649.95,23646.55,23648.85,207,150,0
2025-07-31 06:15:00+00:00,23649.05,23652.95,23647.95,23650.45,216,150,0
2025-07-31 06:20:00+00:00,23650.35,23650.55,23648.15,23649.85,179,150,0
2025-07-31 06:25:00+00:00,23649.55,23650.15,23645.45,23648.45,201,150,0
2025-07-31 06:30:00+00:00,23648.55,23650.55,23647.15,23649.85,207,150,0
2025-07-31 06:35:00+00:00,23649.65,23652.85,23649.05,23651.45,184,150,0
2025-07-31 06:40:00+00:00,23651.55,23654.65,23651.05,23653.65,181,150,0
2025-07-31 06:45:00+00:00,23653.85,23659.55,23652.55,23658.95,173,150,0
2025-07-31 06:50:00+00:00,23658.85,23664.65,23658.85,23661.05,263,150,0
2025-07-31 06:55:00+00:00,23661.35,23663.95,23660.85,23662.05,191,150,0
2025-07-31 07:00:00+00:00,23662.05,23663.65,23658.45,23659.35,170,150,0
2025-07-31 07:05:00+00:00,23659.45,23663.95,23658.65,23662.95,216,150,0
2025-07-31 07:10:00+00:00,23663.15,23663.95,23659.45,23659.45,211,150,0
2025-07-31 07:15:00+00:00,23659.55,23659.95,23655.55,23659.95,271,150,0
2025-07-31 07:20:00+00:00,23660.35,23664.45,23658.65,23664.05,255,150,0
2025-07-31 07:25:00+00:00,23664.45,23664.55,23652.35,23652.35,210,150,0
2025-07-31 07:30:00+00:00,23652.05,23661.55,23647.75,23661.45,416,150,0
2025-07-31 07:35:00+00:00,23661.05,23666.85,23660.85,23666.85,266,150,0
2025-07-31 07:40:00+00:00,23666.65,23672.95,23665.05,23670.85,367,150,0
2025-07-31 07:45:00+00:00,23670.85,23671.55,23665.45,23666.35,248,150,0
2025-07-31 07:50:00+00:00,23666.35,23669.45,23666.05,23667.65,164,150,0
2025-07-31 07:55:00+00:00,23667.85,23669.65,23666.65,23669.45,160,150,0
2025-07-31 08:00:00+00:00,23669.55,23673.35,23667.45,23672.85,264,150,0
2025-07-31 08:05:00+00:00,23672.65,23672.85,23661.65,23665.35,457,150,0
2025-07-31 08:10:00+00:00,23665.35,23670.45,23662.85,23665.15,364,150,0
2025-07-31 08:15:00+00:00,23665.05,23668.55,23660.45,23661.05,283,150,0
2025-07-31 08:20:00+00:00,23662.05,23662.55,23659.95,23660.35,296,150,0
2025-07-31 08:25:00+00:00,23660.55,23660.55,23654.15,23655.05,268,150,0
2025-07-31 08:30:00+00:00,23655.35,23655.35,23648.95,23650.05,322,150,0
2025-07-31 08:35:00+00:00,23650.05,23659.85,23649.95,23654.85,364,150,0
2025-07-31 08:40:00+00:00,23654.95,23658.95,23653.15,23658.35,250,150,0
2025-07-31 08:45:00+00:00,23658.15,23659.35,23653.35,23656.55,253,150,0
2025-07-31 08:50:00+00:00,23656.45,23662.65,23656.45,23662.55,241,150,0
2025-07-31 08:55:00+00:00,23662.45,23666.55,23661.55,23664.35,262,150,0
2025-07-31 09:00:00+00:00,23664.15,23670.15,23658.15,23660.35,509,150,0
2025-07-31 09:05:00+00:00,23660.45,23664.45,23657.15,23659.05,384,150,0
2025-07-31 09:10:00+00:00,23660.05,23660.85,23650.35,23651.55,380,150,0
2025-07-31 09:15:00+00:00,23651.35,23654.55,23648.85,23651.35,375,150,0
2025-07-31 09:20:00+00:00,23651.45,23653.95,23649.05,23652.85,315,150,0
2025-07-31 09:25:00+00:00,23652.65,23658.05,23651.55,23652.85,325,150,0
2025-07-31 09:30:00+00:00,23652.95,23652.95,23641.75,23643.85,529,150,0
2025-07-31 09:35:00+00:00,23643.75,23651.85,23643.75,23647.85,351,150,0
2025-07-31 09:40:00+00:00,23647.65,23655.85,23646.85,23654.55,343,150,0
2025-07-31 09:45:00+00:00,23655.35,23658.85,23653.45,23654.15,346,150,0
2025-07-31 09:50:00+00:00,23654.35,23661.15,23653.55,23661.15,245,150,0
2025-07-31 09:55:00+00:00,23661.05,23663.65,23659.65,23661.55,310,150,0
2025-07-31 10:00:00+00:00,23662.55,23662.55,23648.65,23653.25,802,150,0
2025-07-31 10:05:00+00:00,23653.05,23658.35,23647.85,23657.75,737,160,0
2025-07-31 10:10:00+00:00,23657.85,23659.95,23655.05,23655.95,457,150,0
2025-07-31 10:15:00+00:00,23655.85,23658.45,23649.95,23650.05,477,150,0
2025-07-31 10:20:00+00:00,23649.95,23663.95,23649.95,23663.35,536,150,0
2025-07-31 10:25:00+00:00,23663.05,23679.75,23661.45,23675.35,627,150,0
2025-07-31 10:30:00+00:00,23676.25,23678.45,23667.95,23675.25,577,160,0
2025-07-31 10:35:00+00:00,23675.15,23684.35,23675.05,23683.05,562,150,0
2025-07-31 10:40:00+00:00,23683.05,23699.85,23682.35,23698.65,665,150,0
2025-07-31 10:45:00+00:00,23698.65,23708.85,23695.75,23699.05,648,160,0
2025-07-31 10:50:00+00:00,23699.25,23705.25,23692.05,23692.25,526,170,0
2025-07-31 10:55:00+00:00,23693.55,23694.85,23688.65,23689.55,414,150,0
2025-07-31 11:00:00+00:00,23689.45,23690.65,23668.35,23678.55,713,150,0
2025-07-31 11:05:00+00:00,23677.75,23677.75,23668.15,23669.15,651,160,0
2025-07-31 11:10:00+00:00,23668.75,23671.55,23663.75,23666.05,539,150,0
2025-07-31 11:15:00+00:00,23666.15,23670.35,23664.55,23669.85,492,150,0
2025-07-31 11:20:00+00:00,23669.95,23672.65,23665.15,23667.55,471,150,0
2025-07-31 11:25:00+00:00,23667.45,23678.05,23667.45,23672.05,497,150,0
2025-07-31 11:30:00+00:00,23671.55,23678.35,23668.65,23678.35,452,150,0
2025-07-31 11:35:00+00:00,23678.05,23679.65,23674.35,23678.05,412,150,0
2025-07-31 11:40:00+00:00,23678.05,23678.55,23664.45,23665.95,459,150,0
2025-07-31 11:45:00+00:00,23665.85,23681.05,23665.65,23680.95,479,150,0
2025-07-31 11:50:00+00:00,23681.05,23686.15,23661.25,23661.25,622,150,0
2025-07-31 11:55:00+00:00,23661.45,23665.65,23658.15,23663.65,473,150,0
2025-07-31 12:00:00+00:00,23664.85,23667.85,23659.95,23662.25,444,150,0
2025-07-31 12:05:00+00:00,23662.45,23665.45,23657.05,23657.75,401,170,0
2025-07-31 12:10:00+00:00,23658.55,23660.55,23654.75,23656.35,371,160,0
2025-07-31 12:15:00+00:00,23656.55,23667.15,23655.75,23665.95,387,160,0
2025-07-31 12:20:00+00:00,23665.85,23670.55,23664.85,23668.15,354,150,0
2025-07-31 12:25:00+00:00,23667.95,23668.55,23662.05,23662.25,394,150,0
2025-07-31 12:30:00+00:00,23662.55,23662.85,23651.05,23652.05,507,160,0
2025-07-31 12:35:00+00:00,23652.05,23655.15,23647.25,23649.85,482,170,0
2025-07-31 12:40:00+00:00,23649.55,23655.95,23647.25,23652.75,468,160,0
2025-07-31 12:45:00+00:00,23652.15,23656.35,23651.85,23654.55,392,160,0
2025-07-31 12:50:00+00:00,23654.55,23655.05,23646.85,23649.35,408,160,0
2025-07-31 12:55:00+00:00,23649.55,23653.55,23646.25,23647.75,343,150,0
2025-07-31 13:00:00+00:00,23647.65,23653.85,23645.55,23650.75,506,160,0
2025-07-31 13:05:00+00:00,23651.05,23653.05,23647.05,23649.75,374,160,0
2025-07-31 13:10:00+00:00,23649.75,23651.85,23646.25,23651.85,328,150,0
2025-07-31 13:15:00+00:00,23652.05,23658.65,23651.55,23656.05,378,160,0
2025-07-31 13:20:00+00:00,23655.85,23657.35,23651.55,23656.75,379,160,0
2025-07-31 13:25:00+00:00,23657.35,23660.55,23656.65,23656.85,352,160,0
2025-07-31 13:30:00+00:00,23657.15,23662.65,23656.75,23661.55,314,150,0
2025-07-31 13:35:00+00:00,23661.35,23665.25,23657.15,23659.55,423,150,0
2025-07-31 13:40:00+00:00,23659.35,23661.85,23656.45,23659.05,379,160,0
2025-07-31 13:45:00+00:00,23659.05,23667.05,23657.85,23666.55,367,160,0
2025-07-31 13:50:00+00:00,23666.55,23667.35,23650.55,23652.75,478,160,0
2025-07-31 13:55:00+00:00,23652.85,23654.55,23637.45,23640.45,591,160,0
2025-07-31 14:00:00+00:00,23640.95,23664.45,23640.65,23663.15,760,180,0
2025-07-31 14:05:00+00:00,23662.65,23662.95,23650.15,23651.45,562,180,0
2025-07-31 14:10:00+00:00,23651.45,23653.75,23632.45,23650.85,716,180,0
2025-07-31 14:15:00+00:00,23651.05,23652.95,23645.75,23650.25,505,170,0
2025-07-31 14:20:00+00:00,23649.75,23649.75,23632.15,23634.25,666,170,0
2025-07-31 14:25:00+00:00,23634.15,23639.75,23631.25,23636.55,595,170,0
2025-07-31 14:30:00+00:00,23636.25,23640.45,23635.25,23639.25,486,170,0
2025-07-31 14:35:00+00:00,23639.35,23643.25,23634.25,23640.85,616,170,0
2025-07-31 14:40:00+00:00,23640.75,23641.85,23623.15,23628.15,675,180,0
2025-07-31 14:45:00+00:00,23628.25,23636.75,23623.65,23634.95,590,180,0
2025-07-31 14:50:00+00:00,23633.15,23633.15,23620.35,23620.95,555,170,0
2025-07-31 14:55:00+00:00,23621.05,23628.45,23616.85,23627.35,589,170,0
2025-07-31 15:00:00+00:00,23629.45,23633.05,23620.25,23624.15,642,170,0
2025-07-31 15:05:00+00:00,23624.05,23641.05,23622.45,23639.95,639,180,0
2025-07-31 15:10:00+00:00,23640.05,23657.25,23640.05,23652.05,595,180,0
2025-07-31 15:15:00+00:00,23650.95,23655.75,23646.25,23652.45,643,180,0
2025-07-31 15:20:00+00:00,23652.45,23662.45,23644.85,23661.15,695,180,0
2025-07-31 15:25:00+00:00,23661.15,23662.45,23652.15,23659.11,500,180,0
2025-07-31 15:30:00+00:00,23657.61,23671.15,23636.75,23648.75,1238,210,0
2025-07-31 15:35:00+00:00,23649.15,23668.55,23648.25,23663.65,940,200,0
2025-07-31 15:40:00+00:00,23663.65,23672.45,23655.45,23658.65,925,190,0
2025-07-31 15:45:00+00:00,23658.65,23665.35,23651.75,23659.65,853,180,0
2025-07-31 15:50:00+00:00,23659.75,23668.45,23658.85,23663.95,777,190,0
2025-07-31 15:55:00+00:00,23664.45,23671.75,23661.45,23665.75,630,180,0
2025-07-31 16:00:00+00:00,23665.75,23667.75,23658.85,23664.25,721,180,0
2025-07-31 16:05:00+00:00,23663.75,23668.05,23658.55,23659.95,713,180,0
2025-07-31 16:10:00+00:00,23660.25,23662.35,23656.75,23657.55,615,170,0
2025-07-31 16:15:00+00:00,23657.05,23659.55,23643.85,23645.35,879,180,0
2025-07-31 16:20:00+00:00,23643.95,23647.05,23637.75,23637.75,877,180,0
2025-07-31 16:25:00+00:00,23635.35,23638.45,23607.05,23612.15,1203,190,0
2025-07-31 16:30:00+00:00,23610.55,23614.25,23518.55,23543.95,1682,80,0
2025-07-31 16:35:00+00:00,23543.75,23543.75,23505.05,23523.85,1627,120,0
2025-07-31 16:40:00+00:00,23523.95,23529.75,23485.35,23500.55,1546,120,0
2025-07-31 16:45:00+00:00,23500.55,23525.25,23474.05,23508.95,1596,120,0
2025-07-31 16:50:00+00:00,23509.55,23556.75,23505.35,23546.25,1495,120,0
2025-07-31 16:55:00+00:00,23545.85,23569.05,23535.35,23535.85,1523,120,0
2025-07-31 17:00:00+00:00,23537.55,23556.35,23531.55,23536.05,1491,120,0
2025-07-31 17:05:00+00:00,23533.75,23563.55,23528.05,23551.35,1466,120,0
2025-07-31 17:10:00+00:00,23550.05,23552.25,23510.35,23535.55,1527,120,0
2025-07-31 17:15:00+00:00,23535.25,23546.35,23524.75,23539.05,1480,120,0
2025-07-31 17:20:00+00:00,23540.35,23540.45,23500.35,23517.95,1508,120,0
2025-07-31 17:25:00+00:00,23518.35,23518.55,23486.35,23503.45,1472,120,0
2025-07-31 17:30:00+00:00,23503.75,23520.85,23480.05,23485.75,1419,120,0
2025-07-31 17:35:00+00:00,23486.05,23498.05,23470.25,23491.35,1482,120,0
2025-07-31 17:40:00+00:00,23491.05,23493.85,23464.55,23484.35,1417,120,0
2025-07-31 17:45:00+00:00,23484.85,23486.25,23449.85,23467.55,1387,120,0
2025-07-31 17:50:00+00:00,23468.35,23474.55,23423.35,23432.55,1467,120,0
2025-07-31 17:55:00+00:00,23430.75,23440.35,23399.55,23405.85,1429,120,0
2025-07-31 18:00:00+00:00,23404.95,23447.25,23404.95,23437.95,1505,120,0
2025-07-31 18:05:00+00:00,23437.75,23448.35,23406.35,23411.85,1444,120,0
2025-07-31 18:10:00+00:00,23411.85,23415.05,23369.55,23369.55,1476,120,0
2025-07-31 18:15:00+00:00,23369.05,23378.05,23348.35,23367.35,1452,120,0
2025-07-31 18:20:00+00:00,23366.85,23393.25,23357.55,23361.45,1411,120,0
2025-07-31 18:25:00+00:00,23360.05,23404.05,23356.75,23399.05,1359,120,0
2025-07-31 18:30:00+00:00,23399.25,23424.85,23394.55,23413.05,1383,110,0
2025-07-31 18:35:00+00:00,23412.55,23441.25,23410.05,23441.05,1317,80,0
2025-07-31 18:40:00+00:00,23441.15,23446.45,23430.75,23445.05,1195,80,0
2025-07-31 18:45:00+00:00,23444.75,23448.75,23426.05,23428.35,1183,80,0
2025-07-31 18:50:00+00:00,23429.65,23440.65,23422.25,23431.35,1220,100,0
2025-07-31 18:55:00+00:00,23431.55,23448.55,23426.75,23448.55,1181,80,0
2025-07-31 19:00:00+00:00,23446.95,23457.75,23442.55,23442.55,1136,80,0
2025-07-31 19:05:00+00:00,23442.15,23459.55,23437.45,23458.75,1119,80,0
2025-07-31 19:10:00+00:00,23457.55,23464.75,23452.05,23462.75,1061,80,0
2025-07-31 19:15:00+00:00,23462.05,23468.25,23457.55,23463.05,937,80,0
2025-07-31 19:20:00+00:00,23462.75,23472.25,23458.25,23469.75,949,80,0
2025-07-31 19:25:00+00:00,23468.75,23479.25,23461.55,23470.55,945,80,0
2025-07-31 19:30:00+00:00,23470.55,23481.55,23465.15,23468.45,990,80,0
2025-07-31 19:35:00+00:00,23468.05,23472.05,23450.55,23457.55,1044,80,0
2025-07-31 19:40:00+00:00,23458.05,23468.15,23454.65,23461.55,964,80,0
2025-07-31 19:45:00+00:00,23460.75,23463.55,23427.55,23443.05,1134,80,0
2025-07-31 19:50:00+00:00,23443.25,23446.25,23422.25,23441.45,1036,80,0
2025-07-31 19:55:00+00:00,23441.75,23444.65,23430.45,23434.25,1022,80,0
2025-07-31 20:00:00+00:00,23434.25,23436.25,23407.05,23407.55,1198,80,0
2025-07-31 20:05:00+00:00,23408.35,23425.35,23406.85,23412.65,1141,80,0
2025-07-31 20:10:00+00:00,23411.95,23422.15,23403.95,23406.15,1077,80,0
2025-07-31 20:15:00+00:00,23406.15,23408.95,23381.65,23389.45,1161,80,0
2025-07-31 20:20:00+00:00,23389.15,23392.65,23360.85,23362.35,1222,80,0
2025-07-31 20:25:00+00:00,23362.55,23362.85,23302.35,23319.25,1491,100,0
2025-07-31 20:30:00+00:00,23319.95,23325.35,23286.45,23313.45,1511,120,0
2025-07-31 20:35:00+00:00,23312.65,23345.45,23312.35,23336.75,1403,120,0
2025-07-31 20:40:00+00:00,23336.45,23348.45,23329.25,23345.45,1267,100,0
2025-07-31 20:45:00+00:00,23345.45,23360.95,23316.95,23321.75,1252,120,0
2025-07-31 20:50:00+00:00,23319.25,23319.45,23257.65,23264.95,1536,120,0
2025-07-31 20:55:00+00:00,23262.35,23269.35,23231.95,23255.65,1494,120,0
2025-07-31 21:00:00+00:00,23252.75,23283.45,23247.45,23252.95,1499,120,0
2025-07-31 21:05:00+00:00,23253.25,23268.25,23223.95,23235.85,1504,120,0
2025-07-31 21:10:00+00:00,23235.85,23254.75,23218.75,23218.95,1458,120,0
2025-07-31 21:15:00+00:00,23218.65,23220.95,23171.75,23219.45,1594,120,0
2025-07-31 21:20:00+00:00,23219.95,23260.25,23215.25,23253.45,1476,120,0
2025-07-31 21:25:00+00:00,23253.75,23284.95,23249.15,23283.45,1412,120,0
2025-07-31 21:30:00+00:00,23280.95,23312.25,23280.45,23302.45,1445,120,0
2025-07-31 21:35:00+00:00,23301.25,23318.75,23294.85,23304.35,1364,120,0
2025-07-31 21:40:00+00:00,23304.45,23321.25,23300.95,23317.95,1381,120,0
2025-07-31 21:45:00+00:00,23317.25,23330.95,23307.65,23308.75,1305,120,0
2025-07-31 21:50:00+00:00,23310.25,23317.95,23296.75,23301.25,1332,120,0
2025-07-31 21:55:00+00:00,23301.95,23308.45,23277.45,23279.25,1346,120,0
2025-07-31 22:00:00+00:00,23283.25,23307.85,23282.25,23297.65,1378,120,0
2025-07-31 22:05:00+00:00,23297.95,23308.25,23286.75,23288.75,1359,120,0
2025-07-31 22:10:00+00:00,23288.45,23304.25,23262.45,23268.25,1326,120,0
2025-07-31 22:15:00+00:00,23268.45,23282.85,23248.15,23272.95,1382,120,0
2025-07-31 22:20:00+00:00,23272.95,23285.45,23248.45,23256.75,1408,120,0
2025-07-31 22:25:00+00:00,23256.85,23262.75,23235.35,23243.35,1416,120,0
2025-07-31 22:30:00+00:00,23243.25,23263.45,23243.25,23256.25,1438,120,0
2025-07-31 22:35:00+00:00,23255.75,23261.25,23235.75,23238.15,1407,120,0
2025-07-31 22:40:00+00:00,23242.45,23276.25,23240.85,23275.75,1434,120,0
2025-07-31 22:45:00+00:00,23275.75,23280.35,23228.25,23232.85,1471,120,0
2025-07-31 22:50:00+00:00,23228.35,23250.85,23181.45,23190.65,1588,120,0
2025-07-31 22:55:00+00:00,23191.45,23238.65,23178.45,23219.85,1565,120,0
2025-07-31 23:00:00+00:00,23218.26,23292.16,23193.66,23226.86,1404,138,0
2025-07-31 23:05:00+00:00,23226.56,23229.36,23195.86,23201.86,1020,228,0
2025-07-31 23:10:00+00:00,23201.96,23217.06,23189.66,23194.06,662,228,0
2025-07-31 23:15:00+00:00,23194.46,23202.56,23156.86,23173.36,737,228,0
2025-07-31 23:20:00+00:00,23172.96,23189.16,23172.66,23176.86,401,228,0
2025-07-31 23:25:00+00:00,23177.06,23189.16,23172.66,23185.36,318,208,0
2025-07-31 23:30:00+00:00,23230.26,23247.76,23188.86,23204.86,1450,218,0
2025-07-31 23:35:00+00:00,23204.66,23214.06,23197.96,23207.86,990,228,0
2025-07-31 23:40:00+00:00,23207.56,23212.56,23197.36,23197.36,901,218,0
2025-07-31 23:45:00+00:00,23199.16,23221.86,23199.16,23217.66,994,218,0
2025-08-01 01:05:00+00:00,23199.16,23214.56,23197.86,23200.36,527,218,0
2025-08-01 01:10:00+00:00,23200.56,23200.56,23184.56,23189.16,495,208,0
2025-08-01 01:15:00+00:00,23189.06,23193.16,23181.26,23181.26,509,198,0
2025-08-01 01:20:00+00:00,23181.46,23185.06,23170.96,23176.26,674,218,0
2025-08-01 01:25:00+00:00,23175.86,23181.46,23168.46,23177.36,488,208,0
2025-08-01 01:30:00+00:00,23177.86,23185.56,23174.86,23180.86,447,208,0
2025-08-01 01:35:00+00:00,23180.56,23180.76,23139.46,23143.56,923,198,0
2025-08-01 01:40:00+00:00,23143.46,23149.06,23111.96,23142.16,1034,228,0
2025-08-01 01:45:00+00:00,23141.76,23156.76,23141.26,23155.26,587,208,0
2025-08-01 01:50:00+00:00,23155.36,23163.26,23144.26,23145.16,535,198,0
2025-08-01 01:55:00+00:00,23145.66,23165.76,23138.06,23155.26,667,208,0
2025-08-01 02:00:00+00:00,23154.85,23166.35,23135.15,23163.65,810,210,0
2025-08-01 02:05:00+00:00,23163.65,23172.05,23141.05,23146.35,697,200,0
2025-08-01 02:10:00+00:00,23146.65,23179.25,23142.15,23174.55,741,210,0
2025-08-01 02:15:00+00:00,23174.75,23177.65,23152.85,23166.55,723,200,0
2025-08-01 02:20:00+00:00,23166.95,23174.65,23155.55,23157.15,439,200,0
2025-08-01 02:25:00+00:00,23157.15,23161.85,23144.05,23151.05,490,190,0
2025-08-01 02:30:00+00:00,23151.55,23167.35,23143.65,23164.85,584,200,0
2025-08-01 02:35:00+00:00,23164.65,23169.05,23156.85,23161.95,437,190,0
2025-08-01 02:40:00+00:00,23162.15,23163.95,23145.35,23150.95,538,190,0
2025-08-01 02:45:00+00:00,23151.15,23168.35,23150.65,23164.85,584,200,0
2025-08-01 02:50:00+00:00,23164.75,23168.95,23161.15,23165.55,426,180,0
2025-08-01 02:55:00+00:00,23165.45,23171.05,23162.25,23167.95,464,180,0
2025-08-01 03:00:00+00:00,23167.55,23172.85,23153.05,23156.65,986,180,0
2025-08-01 03:05:00+00:00,23156.35,23163.85,23154.05,23159.65,743,200,0
2025-08-01 03:10:00+00:00,23159.45,23159.45,23146.45,23149.85,704,200,0
2025-08-01 03:15:00+00:00,23149.55,23157.65,23145.55,23151.45,751,190,0
2025-08-01 03:20:00+00:00,23151.05,23151.35,23135.15,23140.75,698,190,0
2025-08-01 03:25:00+00:00,23140.75,23141.55,23101.25,23118.15,1113,200,0
2025-08-01 03:30:00+00:00,23116.35,23132.65,23113.85,23130.55,906,210,0
2025-08-01 03:35:00+00:00,23130.05,23137.35,23125.15,23136.45,630,190,0
2025-08-01 03:40:00+00:00,23136.65,23159.35,23134.95,23150.85,763,190,0
2025-08-01 03:45:00+00:00,23150.85,23150.95,23133.55,23135.35,796,190,0
2025-08-01 03:50:00+00:00,23135.35,23140.85,23128.25,23136.15,763,190,0
2025-08-01 03:55:00+00:00,23135.95,23152.85,23135.95,23149.85,749,190,0
2025-08-01 04:00:00+00:00,23149.55,23157.35,23142.05,23150.35,786,190,0
2025-08-01 04:05:00+00:00,23150.55,23158.45,23147.55,23158.35,716,190,0
2025-08-01 04:10:00+00:00,23159.45,23172.05,23157.15,23168.05,754,190,0
2025-08-01 04:15:00+00:00,23168.05,23178.45,23166.75,23175.15,646,190,0
2025-08-01 04:20:00+00:00,23175.15,23185.35,23173.35,23179.15,691,190,0
2025-08-01 04:25:00+00:00,23178.35,23188.55,23178.35,23183.75,577,180,0
2025-08-01 04:30:00+00:00,23184.05,23192.15,23183.75,23191.35,613,180,0
2025-08-01 04:35:00+00:00,23191.15,23197.05,23188.15,23192.55,540,180,0
2025-08-01 04:40:00+00:00,23192.45,23198.15,23189.95,23193.65,466,180,0
2025-08-01 04:45:00+00:00,23194.15,23194.45,23181.95,23184.65,542,180,0
2025-08-01 04:50:00+00:00,23184.35,23193.65,23181.15,23191.65,500,180,0
2025-08-01 04:55:00+00:00,23191.85,23195.45,23187.95,23192.15,382,170,0
2025-08-01 05:00:00+00:00,23192.15,23198.15,23185.25,23190.65,472,180,0
2025-08-01 05:05:00+00:00,23190.85,23196.95,23188.65,23191.85,363,170,0
2025-08-01 05:10:00+00:00,23191.95,23200.05,23190.85,23198.45,370,170,0
2025-08-01 05:15:00+00:00,23198.25,23199.95,23190.85,23193.05,351,160,0
2025-08-01 05:20:00+00:00,23193.25,23195.05,23189.75,23194.65,265,160,0
2025-08-01 05:25:00+00:00,23194.75,23205.75,23193.75,23196.65,397,160,0
2025-08-01 05:30:00+00:00,23196.65,23196.65,23186.05,23187.95,399,180,0
2025-08-01 05:35:00+00:00,23188.15,23200.75,23187.95,23198.25,358,170,0
2025-08-01 05:40:00+00:00,23198.25,23203.25,23197.85,23202.25,271,160,0
2025-08-01 05:45:00+00:00,23202.25,23208.95,23200.65,23206.95,321,160,0
2025-08-01 05:50:00+00:00,23206.75,23207.05,23203.05,23204.55,264,160,0
2025-08-01 05:55:00+00:00,23204.55,23205.25,23200.15,23202.25,233,160,0
2025-08-01 06:00:00+00:00,23202.25,23206.75,23196.55,23196.95,274,160,0
2025-08-01 06:05:00+00:00,23196.95,23209.25,23196.55,23207.15,281,160,0
2025-08-01 06:10:00+00:00,23207.25,23209.05,23200.95,23203.25,295,160,0
2025-08-01 06:15:00+00:00,23203.55,23206.15,23202.25,23205.95,187,150,0
2025-08-01 06:20:00+00:00,23205.95,23209.05,23203.05,23204.65,198,150,0
2025-08-01 06:25:00+00:00,23202.95,23206.75,23200.85,23206.35,247,150,0
2025-08-01 06:30:00+00:00,23206.35,23212.15,23202.05,23204.25,303,160,0
2025-08-01 06:35:00+00:00,23204.05,23204.15,23191.85,23194.25,346,160,0
2025-08-01 06:40:00+00:00,23194.25,23194.75,23186.05,23190.35,280,160,0
2025-08-01 06:45:00+00:00,23190.25,23194.25,23182.45,23183.75,345,160,0
2025-08-01 06:50:00+00:00,23183.95,23185.35,23180.05,23183.55,289,160,0
2025-08-01 06:55:00+00:00,23183.25,23184.85,23172.35,23174.25,362,150,0
2025-08-01 07:00:00+00:00,23174.45,23184.55,23166.15,23174.65,528,170,0
2025-08-01 07:05:00+00:00,23174.15,23186.55,23174.15,23180.25,362,170,0
2025-08-01 07:10:00+00:00,23179.75,23191.05,23179.35,23187.95,336,170,0
2025-08-01 07:15:00+00:00,23187.85,23191.25,23182.15,23189.45,270,160,0
2025-08-01 07:20:00+00:00,23189.45,23190.95,23182.85,23185.75,259,170,0
2025-08-01 07:25:00+00:00,23185.45,23188.05,23183.25,23185.15,251,150,0
2025-08-01 07:30:00+00:00,23185.25,23186.55,23180.35,23182.25,246,160,0
2025-08-01 07:35:00+00:00,23182.45,23185.85,23179.15,23185.55,250,150,0
2025-08-01 07:40:00+00:00,23187.05,23190.25,23185.25,23188.35,246,160,0
2025-08-01 07:45:00+00:00,23188.45,23189.55,23176.85,23177.75,283,160,0
2025-08-01 07:50:00+00:00,23178.25,23188.45,23176.15,23187.45,330,170,0
2025-08-01 07:55:00+00:00,23187.45,23189.25,23181.25,23188.35,248,160,0
2025-08-01 08:00:00+00:00,23188.65,23193.25,23185.95,23186.45,318,160,0
2025-08-01 08:05:00+00:00,23186.25,23194.55,23185.45,23191.25,306,160,0
2025-08-01 08:10:00+00:00,23191.55,23193.25,23182.25,23184.25,371,170,0
2025-08-01 08:15:00+00:00,23184.35,23186.35,23181.75,23185.35,306,160,0
2025-08-01 08:20:00+00:00,23185.35,23187.55,23179.85,23182.25,369,160,0
2025-08-01 08:25:00+00:00,23182.25,23182.85,23174.45,23176.95,307,170,0
2025-08-01 08:30:00+00:00,23176.45,23184.65,23176.25,23183.45,381,170,0
2025-08-01 08:35:00+00:00,23183.75,23184.25,23171.95,23174.15,361,170,0
2025-08-01 08:40:00+00:00,23173.95,23182.55,23167.25,23169.15,440,170,0
2025-08-01 08:45:00+00:00,23169.25,23172.75,23162.95,23167.15,488,170,0
2025-08-01 08:50:00+00:00,23167.25,23172.45,23160.15,23169.95,501,180,0
2025-08-01 08:55:00+00:00,23169.85,23172.35,23160.95,23162.65,445,180,0
2025-08-01 09:00:00+00:00,23162.65,23165.95,23156.65,23164.35,576,180,0
2025-08-01 09:05:00+00:00,23164.35,23165.25,23155.85,23163.35,563,180,0
2025-08-01 09:10:00+00:00,23163.25,23163.35,23144.85,23146.65,582,190,0
2025-08-01 09:15:00+00:00,23146.35,23152.65,23143.45,23148.85,492,180,0
2025-08-01 09:20:00+00:00,23148.95,23154.15,23144.05,23151.45,423,180,0
2025-08-01 09:25:00+00:00,23150.75,23152.15,23130.35,23131.25,619,170,0
2025-08-01 09:30:00+00:00,23131.15,23142.25,23125.65,23136.15,798,190,0
2025-08-01 09:35:00+00:00,23136.85,23137.45,23127.05,23132.35,581,190,0
2025-08-01 09:40:00+00:00,23132.75,23138.35,23132.15,23135.55,436,180,0
2025-08-01 09:45:00+00:00,23135.55,23146.45,23128.75,23143.25,515,180,0
2025-08-01 09:50:00+00:00,23143.15,23149.45,23134.55,23136.15,497,180,0
2025-08-01 09:55:00+00:00,23136.05,23139.35,23125.25,23138.15,699,180,0
2025-08-01 10:00:00+00:00,23137.75,23148.05,23115.85,23118.55,1175,190,0
2025-08-01 10:05:00+00:00,23118.25,23130.05,23102.75,23104.75,1141,210,0
2025-08-01 10:10:00+00:00,23104.65,23113.25,23095.75,23098.65,1138,210,0
2025-08-01 10:15:00+00:00,23098.85,23100.55,23073.75,23075.75,1159,210,0
2025-08-01 10:20:00+00:00,23075.75,23078.25,23060.25,23074.55,1271,210,0
2025-08-01 10:25:00+00:00,23074.55,23086.75,23054.75,23055.05,1129,210,0
2025-08-01 10:30:00+00:00,23055.05,23073.15,23040.55,23040.75,1202,210,0
2025-08-01 10:35:00+00:00,23041.15,23049.65,23023.05,23030.75,1224,210,0
2025-08-01 10:40:00+00:00,23031.55,23038.75,23011.75,23031.65,1221,210,0
2025-08-01 10:45:00+00:00,23031.25,23040.25,23010.35,23013.35,1095,210,0
2025-08-01 10:50:00+00:00,23013.35,23024.75,22998.15,23018.65,1119,210,0
2025-08-01 10:55:00+00:00,23018.15,23046.05,23013.75,23039.15,1014,210,0
2025-08-01 11:00:00+00:00,23040.15,23041.55,23018.75,23020.25,1256,210,0
2025-08-01 11:05:00+00:00,23019.65,23030.85,23012.35,23016.75,1158,210,0
2025-08-01 11:10:00+00:00,23016.75,23024.25,22998.25,23014.55,1127,210,0
2025-08-01 11:15:00+00:00,23014.55,23033.25,23014.25,23022.25,1013,210,0
2025-08-01 11:20:00+00:00,23022.65,23024.55,22997.75,23001.25,950,210,0
2025-08-01 11:25:00+00:00,23001.25,23005.25,22940.55,22952.65,1133,210,0
2025-08-01 11:30:00+00:00,22952.75,22972.65,22948.25,22961.15,1238,210,0
2025-08-01 11:35:00+00:00,22961.05,22968.25,22934.65,22934.65,1209,210,0
2025-08-01 11:40:00+00:00,22934.65,22964.05,22932.25,22959.25,1205,210,0
2025-08-01 11:45:00+00:00,22958.85,22981.65,22957.35,22980.25,1054,210,0
2025-08-01 11:50:00+00:00,22979.55,22992.05,22972.25,22986.55,1006,210,0
2025-08-01 11:55:00+00:00,22986.05,22997.25,22982.15,22983.85,1000,200,0
2025-08-01 12:00:00+00:00,22981.85,23004.75,22977.15,23003.75,907,200,0
2025-08-01 12:05:00+00:00,23003.75,23010.05,22987.35,22993.25,924,200,0
2025-08-01 12:10:00+00:00,22993.35,22998.05,22980.25,22981.15,829,210,0
2025-08-01 12:15:00+00:00,22981.35,22995.65,22973.05,22980.55,953,210,0
2025-08-01 12:20:00+00:00,22980.55,22982.55,22965.85,22975.65,951,210,0
2025-08-01 12:25:00+00:00,22976.15,22978.25,22962.55,22963.05,763,200,0
2025-08-01 12:30:00+00:00,22963.85,22982.55,22956.45,22974.65,920,200,0
2025-08-01 12:35:00+00:00,22974.65,22991.15,22971.15,22989.75,858,210,0
2025-08-01 12:40:00+00:00,22989.75,22996.25,22982.05,22991.75,826,210,0
2025-08-01 12:45:00+00:00,22991.65,23002.75,22989.85,22999.65,674,190,0
2025-08-01 12:50:00+00:00,22999.35,23002.05,22989.95,22992.85,757,190,0
2025-08-01 12:55:00+00:00,22993.05,23002.35,22991.85,22996.95,671,190,0
2025-08-01 13:00:00+00:00,22996.85,22997.15,22972.05,22976.55,826,190,0
2025-08-01 13:05:00+00:00,22976.55,22981.65,22955.15,22970.05,853,200,0
2025-08-01 13:10:00+00:00,22970.05,22978.05,22967.65,22971.35,777,200,0
2025-08-01 13:15:00+00:00,22971.95,22980.65,22963.55,22974.55,769,200,0
2025-08-01 13:20:00+00:00,22974.65,22979.05,22957.95,22969.35,707,190,0
2025-08-01 13:25:00+00:00,22969.45,22979.25,22953.05,22972.55,707,200,0
2025-08-01 13:30:00+00:00,22969.75,22974.85,22964.75,22970.45,700,200,0
2025-08-01 13:35:00+00:00,22970.35,22971.25,22952.85,22959.35,708,200,0
2025-08-01 13:40:00+00:00,22958.75,22960.55,22933.25,22934.25,963,200,0
2025-08-01 13:45:00+00:00,22934.15,22949.65,22920.75,22929.15,947,210,0
2025-08-01 13:50:00+00:00,22929.35,22932.05,22904.15,22905.55,1145,210,0
2025-08-01 13:55:00+00:00,22905.05,22926.55,22901.15,22925.05,1046,210,0
2025-08-01 14:00:00+00:00,22925.55,22938.55,22921.05,22934.35,1087,210,0
2025-08-01 14:05:00+00:00,22934.25,22947.55,22931.25,22945.35,928,210,0
2025-08-01 14:10:00+00:00,22945.25,22970.55,22944.05,22969.85,832,200,0
2025-08-01 14:15:00+00:00,22969.35,22981.55,22964.55,22973.05,891,200,0
2025-08-01 14:20:00+00:00,22972.25,22981.15,22961.15,22971.35,782,200,0
2025-08-01 14:25:00+00:00,22971.45,22979.65,22971.35,22972.85,663,190,0
2025-08-01 14:30:00+00:00,22973.35,22982.65,22968.85,22971.35,801,190,0
2025-08-01 14:35:00+00:00,22971.35,22992.05,22970.05,22986.25,714,200,0
2025-08-01 14:40:00+00:00,22985.25,22992.55,22981.15,22990.85,648,200,0
2025-08-01 14:45:00+00:00,22990.55,22997.95,22982.15,22982.25,716,190,0
2025-08-01 14:50:00+00:00,22982.15,22993.55,22979.95,22985.85,696,190,0
2025-08-01 14:55:00+00:00,22986.35,22998.95,22983.85,22994.95,639,190,0
2025-08-01 15:00:00+00:00,22993.85,23001.35,22982.35,22998.55,798,190,0
2025-08-01 15:05:00+00:00,22998.75,23002.25,22992.95,22997.05,686,200,0
2025-08-01 15:10:00+00:00,22996.95,23007.45,22992.65,22998.35,761,190,0
2025-08-01 15:15:00+00:00,22998.55,23000.45,22979.05,22984.35,880,190,0
2025-08-01 15:20:00+00:00,22984.85,22993.15,22978.45,22991.75,808,200,0
2025-08-01 15:25:00+00:00,22991.75,22995.15,22982.15,22992.31,787,200,0
2025-08-01 15:30:00+00:00,22992.1,22992.1,22930.25,22931.25,1512,210,0
2025-08-01 15:35:00+00:00,22930.55,22997.55,22930.55,22988.05,1545,210,0
2025-08-01 15:40:00+00:00,22988.05,23034.65,22985.25,23020.05,1430,210,0
2025-08-01 15:45:00+00:00,23018.25,23018.25,22977.75,22978.55,1321,210,0
2025-08-01 15:50:00+00:00,22976.55,22986.35,22960.85,22974.25,1278,210,0
2025-08-01 15:55:00+00:00,22972.75,22977.55,22933.05,22938.05,1332,210,0
2025-08-01 16:00:00+00:00,22937.35,22971.55,22937.15,22947.85,1283,210,0
2025-08-01 16:05:00+00:00,22948.05,22960.85,22939.85,22947.25,1214,210,0
2025-08-01 16:10:00+00:00,22947.55,22958.35,22927.55,22928.75,1214,210,0
2025-08-01 16:15:00+00:00,22930.05,22940.35,22922.55,22938.35,1233,210,0
2025-08-01 16:20:00+00:00,22936.65,22938.65,22922.65,22931.55,1153,210,0
2025-08-01 16:25:00+00:00,22927.55,22957.85,22916.55,22956.05,1393,210,0
2025-08-01 16:30:00+00:00,22957.75,22964.75,22871.25,22885.45,1697,120,0
2025-08-01 16:35:00+00:00,22883.35,22902.45,22848.25,22861.35,1692,120,0
2025-08-01 16:40:00+00:00,22862.25,22862.25,22789.05,22789.05,1640,120,0
2025-08-01 16:45:00+00:00,22788.35,22799.25,22735.35,22735.95,1625,120,0
2025-08-01 16:50:00+00:00,22734.95,22778.75,22729.95,22751.05,1618,120,0
2025-08-01 16:55:00+00:00,22746.45,22774.25,22741.18,22752.21,1562,120,0
2025-08-01 17:00:00+00:00,22752.0,22752.0,22669.75,22729.45,1630,120,0
2025-08-01 17:05:00+00:00,22730.85,22769.85,22704.95,22762.25,1637,120,0
2025-08-01 17:10:00+00:00,22758.45,22798.45,22758.45,22778.45,1570,120,0
2025-08-01 17:15:00+00:00,22778.45,22830.25,22777.25,22803.45,1606,120,0
2025-08-01 17:20:00+00:00,22803.95,22839.35,22793.25,22834.95,1619,120,0
2025-08-01 17:25:00+00:00,22836.35,22854.45,22815.05,22853.85,1602,120,0
2025-08-01 17:30:00+00:00,22854.95,22892.25,22841.85,22878.05,1600,120,0
2025-08-01 17:35:00+00:00,22878.55,22890.05,22846.55,22851.35,1590,120,0
2025-08-01 17:40:00+00:00,22850.05,22868.25,22825.35,22828.85,1603,120,0
2025-08-01 17:45:00+00:00,22829.35,22881.85,22814.45,22825.45,1649,120,0
2025-08-01 17:50:00+00:00,22825.75,22836.35,22795.25,22808.35,1600,120,0
2025-08-01 17:55:00+00:00,22809.45,22834.85,22789.45,22799.95,1494,120,0
2025-08-01 18:00:00+00:00,22800.05,22808.45,22771.95,22794.45,1541,120,0
2025-08-01 18:05:00+00:00,22794.75,22817.85,22792.85,22800.95,1560,120,0
2025-08-01 18:10:00+00:00,22800.05,22828.85,22788.35,22794.05,1520,120,0
2025-08-01 18:15:00+00:00,22792.45,22828.35,22788.35,22797.45,1520,120,0
2025-08-01 18:20:00+00:00,22797.45,22816.25,22778.35,22781.05,811,120,0
2025-08-01 18:25:00+00:00,22780.35,22795.85,22770.55,22773.85,1476,120,0
2025-08-01 18:30:00+00:00,22772.95,22790.25,22766.75,22774.05,1484,120,0
2025-08-01 18:35:00+00:00,22774.35,22826.55,22771.85,22823.25,1514,120,0
2025-08-01 18:40:00+00:00,22823.35,22864.55,22821.35,22863.55,1456,120,0
2025-08-01 18:45:00+00:00,22863.85,22885.85,22853.95,22866.75,1471,120,0
2025-08-01 18:50:00+00:00,22867.55,22871.55,22849.85,22864.85,1422,120,0
2025-08-01 18:55:00+00:00,22864.05,22877.85,22851.55,22876.55,1370,120,0
2025-08-01 19:00:00+00:00,22873.05,22900.75,22870.05,22896.35,1459,120,0
2025-08-01 19:05:00+00:00,22895.95,22907.95,22883.05,22888.85,1410,120,0
2025-08-01 19:10:00+00:00,22888.85,22894.05,22872.45,22892.95,1429,120,0
2025-08-01 19:15:00+00:00,22892.95,22900.05,22873.85,22895.95,1420,120,0
2025-08-01 19:20:00+00:00,22896.05,22901.85,22878.05,22893.85,1383,120,0
2025-08-01 19:25:00+00:00,22893.95,22914.05,22877.05,22878.55,1430,120,0
2025-08-01 19:30:00+00:00,22878.55,22888.35,22863.95,22887.85,1464,120,0
2025-08-01 19:35:00+00:00,22887.85,22889.35,22854.25,22858.55,1404,120,0
2025-08-01 19:40:00+00:00,22859.85,22860.05,22826.85,22833.85,1414,120,0
2025-08-01 19:45:00+00:00,22832.85,22853.45,22818.35,22822.35,1396,120,0
2025-08-01 19:50:00+00:00,22822.45,22825.05,22787.55,22792.85,1385,120,0
2025-08-01 19:55:00+00:00,22792.25,22800.05,22742.95,22749.85,1514,120,0
2025-08-01 20:00:00+00:00,22749.45,22768.55,22730.55,22738.35,1567,120,0
2025-08-01 20:05:00+00:00,22736.45,22763.45,22723.95,22754.45,1480,120,0
2025-08-01 20:10:00+00:00,22754.75,22759.55,22731.75,22733.05,1445,120,0
2025-08-01 20:15:00+00:00,22732.95,22742.95,22721.35,22726.05,1380,120,0
2025-08-01 20:20:00+00:00,22726.05,22746.35,22721.05,22727.75,1463,120,0
2025-08-01 20:25:00+00:00,22727.85,22732.45,22707.45,22720.55,1468,120,0
2025-08-01 20:30:00+00:00,22720.45,22751.35,22716.85,22731.95,1433,120,0
2025-08-01 20:35:00+00:00,22731.95,22732.25,22701.85,22708.85,1373,120,0
2025-08-01 20:40:00+00:00,22710.85,22739.55,22705.95,22722.85,1409,120,0
2025-08-01 20:45:00+00:00,22721.35,22732.45,22705.05,22727.35,1395,120,0
2025-08-01 20:50:00+00:00,22728.35,22744.35,22717.55,22723.95,1326,120,0
2025-08-01 20:55:00+00:00,22724.05,22724.55,22697.45,22715.35,1397,120,0
2025-08-01 21:00:00+00:00,22715.35,22724.85,22694.85,22698.05,1422,120,0
2025-08-01 21:05:00+00:00,22698.05,22710.95,22660.35,22679.55,1414,120,0
2025-08-01 21:10:00+00:00,22679.35,22693.05,22663.95,22675.25,1498,120,0
2025-08-01 21:15:00+00:00,22675.25,22708.05,22674.45,22696.25,1440,120,0
2025-08-01 21:20:00+00:00,22695.75,22730.05,22681.45,22730.05,1387,120,0
2025-08-01 21:25:00+00:00,22730.35,22767.55,22723.85,22761.35,1399,120,0
2025-08-01 21:30:00+00:00,22761.55,22788.05,22751.25,22771.45,1387,120,0
2025-08-01 21:35:00+00:00,22773.25,22789.75,22766.05,22788.55,1401,120,0
2025-08-01 21:40:00+00:00,22788.45,22811.35,22782.05,22810.25,1315,120,0
2025-08-01 21:45:00+00:00,22810.25,22812.45,22773.25,22780.55,1419,120,0
2025-08-01 21:50:00+00:00,22781.55,22781.75,22723.55,22726.25,1496,120,0
2025-08-01 21:55:00+00:00,22726.45,22757.35,22718.35,22740.55,1511,120,0
2025-08-01 22:00:00+00:00,22740.35,22755.35,22724.85,22728.75,1415,120,0
2025-08-01 22:05:00+00:00,22728.75,22759.85,22727.95,22742.35,1440,120,0
2025-08-01 22:10:00+00:00,22742.35,22752.85,22732.55,22745.45,1404,120,0
2025-08-01 22:15:00+00:00,22745.25,22778.15,22739.95,22775.75,1380,120,0
2025-08-01 22:20:00+00:00,22775.75,22776.45,22739.25,22765.65,1419,120,0
2025-08-01 22:25:00+00:00,22765.65,22767.65,22744.75,22755.45,1382,120,0
2025-08-01 22:30:00+00:00,22755.45,22766.85,22717.75,22762.15,1487,120,0
2025-08-01 22:35:00+00:00,22761.35,22765.75,22746.25,22748.15,1412,120,0
2025-08-01 22:40:00+00:00,22748.15,22769.75,22745.95,22763.95,1340,120,0
2025-08-01 22:45:00+00:00,22763.85,22817.35,22755.65,22800.25,1428,120,0
2025-08-01 22:50:00+00:00,22800.95,22822.45,22746.85,22777.65,1552,120,0
2025-08-01 22:55:00+00:00,22778.15,22791.35,22753.95,22759.45,1515,120,0
2025-08-01 23:00:00+00:00,22758.95,22771.96,22752.66,22760.56,1243,120,0
2025-08-01 23:05:00+00:00,22760.86,22764.66,22749.96,22751.26,964,218,0
2025-08-01 23:10:00+00:00,22751.36,22771.46,22749.76,22770.46,835,208,0
2025-08-01 23:15:00+00:00,22770.46,22771.76,22755.66,22762.46,740,208,0
2025-08-01 23:20:00+00:00,22762.46,22768.26,22760.26,22762.76,523,188,0
2025-08-01 23:25:00+00:00,22762.76,22768.76,22756.66,22764.46,519,188,0
2025-08-01 23:30:00+00:00,22764.46,22765.86,22753.56,22755.86,509,188,0
2025-08-01 23:35:00+00:00,22756.26,22759.16,22753.96,22754.76,429,178,0
2025-08-01 23:40:00+00:00,22754.86,22757.66,22753.16,22756.46,378,178,0
2025-08-01 23:45:00+00:00,22756.56,22756.86,22745.36,22753.96,508,178,0
2025-08-04 01:05:00+00:00,22752.96,22759.06,22705.46,22722.16,968,228,0
2025-08-04 01:10:00+00:00,22722.86,22731.86,22709.06,22715.16,845,228,0
2025-08-04 01:15:00+00:00,22715.86,22742.86,22710.86,22738.36,765,228,0
2025-08-04 01:20:00+00:00,22738.16,22742.46,22726.56,22736.16,628,208,0
2025-08-04 01:25:00+00:00,22736.26,22745.46,22732.86,22745.46,537,208,0
2025-08-04 01:30:00+00:00,22745.66,22758.46,22741.36,22757.46,714,208,0
2025-08-04 01:35:00+00:00,22757.26,22777.66,22753.96,22776.96,694,218,0
2025-08-04 01:40:00+00:00,22776.76,22782.96,22768.16,22768.66,557,208,0
2025-08-04 01:45:00+00:00,22768.06,22787.96,22767.16,22780.46,524,208,0
2025-08-04 01:50:00+00:00,22780.66,22796.66,22779.96,22795.46,593,198,0
2025-08-04 01:55:00+00:00,22795.46,22798.96,22787.36,22792.56,490,198,0
2025-08-04 02:00:00+00:00,22792.66,22792.85,22777.45,22779.15,594,190,0
2025-08-04 02:05:00+00:00,22779.05,22783.25,22767.85,22783.25,533,180,0
2025-08-04 02:10:00+00:00,22783.05,22783.35,22766.25,22777.25,477,200,0
2025-08-04 02:15:00+00:00,22777.55,22802.65,22777.55,22801.95,606,200,0
2025-08-04 02:20:00+00:00,22801.95,22812.85,22797.95,22808.35,613,190,0
2025-08-04 02:25:00+00:00,22807.95,22814.85,22800.85,22804.75,505,190,0
2025-08-04 02:30:00+00:00,22804.55,22805.55,22775.95,22778.25,812,190,0
2025-08-04 02:35:00+00:00,22778.55,22783.35,22772.75,22776.85,627,200,0
2025-08-04 02:40:00+00:00,22776.35,22786.25,22768.05,22785.15,647,200,0
2025-08-04 02:45:00+00:00,22785.25,22799.75,22775.25,22798.05,775,210,0
2025-08-04 02:50:00+00:00,22797.75,22806.95,22796.65,22805.45,638,200,0
2025-08-04 02:55:00+00:00,22805.75,22810.45,22794.55,22810.35,634,190,0
2025-08-04 03:00:00+00:00,22811.25,22812.75,22800.95,22803.45,933,200,0
2025-08-04 03:05:00+00:00,22803.55,22811.95,22800.55,22810.35,740,200,0
2025-08-04 03:10:00+00:00,22810.05,22822.25,22809.55,22813.75,806,200,0
2025-08-04 03:15:00+00:00,22813.95,22825.75,22813.75,22822.55,716,190,0
2025-08-04 03:20:00+00:00,22822.75,22827.35,22815.65,22817.25,758,190,0
2025-08-04 03:25:00+00:00,22817.25,22823.25,22812.85,22820.85,671,190,0
2025-08-04 03:30:00+00:00,22820.75,22822.15,22804.25,22805.85,744,190,0
2025-08-04 03:35:00+00:00,22805.95,22819.35,22804.45,22808.55,696,190,0
2025-08-04 03:40:00+00:00,22808.45,22822.25,22807.25,22816.05,640,190,0
2025-08-04 03:45:00+00:00,22816.05,22834.15,22814.05,22833.75,756,210,0
2025-08-04 03:50:00+00:00,22834.05,22846.75,22828.05,22836.75,832,210,0
2025-08-04 03:55:00+00:00,22836.75,22840.05,22828.95,22839.55,678,180,0
2025-08-04 04:00:00+00:00,22839.65,22848.75,22837.55,22839.35,703,190,0
2025-08-04 04:05:00+00:00,22839.65,22841.35,22818.95,22820.95,814,190,0
2025-08-04 04:10:00+00:00,22821.45,22834.45,22815.95,22819.45,721,200,0
2025-08-04 04:15:00+00:00,22819.15,22840.55,22819.15,22838.95,778,200,0
2025-08-04 04:20:00+00:00,22838.75,22847.25,22831.05,22834.05,650,190,0
2025-08-04 04:25:00+00:00,22834.05,22844.85,22832.65,22834.35,605,190,0
2025-08-04 04:30:00+00:00,22834.65,22849.25,22834.65,22845.35,654,180,0
2025-08-04 04:35:00+00:00,22845.95,22856.35,22837.95,22851.25,737,180,0
2025-08-04 04:40:00+00:00,22851.25,22852.55,22837.85,22842.25,704,190,0
2025-08-04 04:45:00+00:00,22842.25,22848.25,22838.95,22840.55,515,180,0
2025-08-04 04:50:00+00:00,22840.35,22843.45,22833.05,22837.85,477,180,0
2025-08-04 04:55:00+00:00,22837.55,22843.95,22836.05,22842.05,494,180,0
2025-08-04 05:00:00+00:00,22842.05,22845.55,22835.25,22841.55,524,180,0
2025-08-04 05:05:00+00:00,22841.25,22847.55,22838.35,22839.35,474,180,0
2025-08-04 05:10:00+00:00,22839.45,22848.85,22833.85,22846.95,465,180,0
2025-08-04 05:15:00+00:00,22847.05,22851.45,22842.85,22846.75,439,180,0
2025-08-04 05:20:00+00:00,22846.75,22854.65,22845.55,22853.55,467,180,0
2025-08-04 05:25:00+00:00,22853.35,22854.55,22846.55,22846.65,340,170,0
2025-08-04 05:30:00+00:00,22846.45,22849.45,22843.65,22848.35,317,160,0
2025-08-04 05:35:00+00:00,22848.65,22852.45,22846.35,22850.45,322,160,0
2025-08-04 05:40:00+00:00,22850.15,22855.55,22849.95,22854.55,227,150,0
2025-08-04 05:45:00+00:00,22854.55,22859.85,22847.65,22859.35,367,150,0
2025-08-04 05:50:00+00:00,22859.05,22863.35,22857.55,22862.45,325,160,0
2025-08-04 05:55:00+00:00,22861.95,22865.85,22861.85,22862.75,264,150,0
2025-08-04 06:00:00+00:00,22862.95,22865.65,22858.95,22859.35,316,150,0
2025-08-04 06:05:00+00:00,22859.35,22864.85,22855.25,22862.85,285,170,0
2025-08-04 06:10:00+00:00,22863.15,22864.05,22861.45,22861.75,206,150,0
2025-08-04 06:15:00+00:00,22861.45,22861.95,22853.75,22861.65,271,150,0
2025-08-04 06:20:00+00:00,22861.35,22861.35,22853.75,22855.65,320,160,0
2025-08-04 06:25:00+00:00,22855.65,22859.15,22850.85,22858.15,301,150,0
2025-08-04 06:30:00+00:00,22858.45,22861.45,22856.65,22859.45,266,160,0
2025-08-04 06:35:00+00:00,22859.15,22859.25,22855.75,22856.35,229,150,0
2025-08-04 06:40:00+00:00,22856.35,22868.25,22854.25,22867.65,347,150,0
2025-08-04 06:45:00+00:00,22867.65,22871.95,22863.45,22870.55,353,160,0
2025-08-04 06:50:00+00:00,22870.75,22871.65,22864.95,22871.65,318,160,0
2025-08-04 06:55:00+00:00,22871.15,22872.05,22868.65,22871.25,242,150,0
2025-08-04 07:00:00+00:00,22870.75,22871.55,22864.35,22866.95,253,150,0
2025-08-04 07:05:00+00:00,22866.95,22867.25,22863.15,22866.55,254,150,0
2025-08-04 07:10:00+00:00,22866.15,22867.65,22857.95,22858.25,279,150,0
2025-08-04 07:15:00+00:00,22858.25,22859.95,22841.95,22846.85,427,160,0
2025-08-04 07:20:00+00:00,22846.85,22850.75,22836.45,22839.55,476,180,0
2025-08-04 07:25:00+00:00,22839.35,22851.45,22838.85,22851.15,391,170,0
2025-08-04 07:30:00+00:00,22851.15,22860.55,22845.85,22858.85,466,170,0
2025-08-04 07:35:00+00:00,22859.05,22865.05,22855.35,22862.15,371,170,0
2025-08-04 07:40:00+00:00,22862.15,22862.85,22856.15,22857.65,255,160,0
2025-08-04 07:45:00+00:00,22857.15,22858.95,22850.15,22853.45,234,150,0
2025-08-04 07:50:00+00:00,22854.65,22858.15,22852.45,22855.55,225,160,0
2025-08-04 07:55:00+00:00,22855.65,22855.65,22849.45,22853.45,236,150,0
2025-08-04 08:00:00+00:00,22853.55,22856.65,22851.65,22855.35,366,160,0
2025-08-04 08:05:00+00:00,22855.35,22857.15,22848.85,22850.15,374,160,0
2025-08-04 08:10:00+00:00,22849.95,22853.35,22846.75,22850.15,315,170,0
2025-08-04 08:15:00+00:00,22850.15,22860.35,22844.85,22858.05,395,160,0
2025-08-04 08:20:00+00:00,22858.05,22863.15,22854.35,22861.75,340,160,0
2025-08-04 08:25:00+00:00,22861.95,22864.75,22858.75,22863.95,331,150,0
2025-08-04 08:30:00+00:00,22864.05,22878.35,22861.15,22874.55,547,160,0
2025-08-04 08:35:00+00:00,22874.65,22878.45,22870.35,22870.55,409,170,0
2025-08-04 08:40:00+00:00,22870.35,22879.35,22868.85,22875.75,460,180,0
2025-08-04 08:45:00+00:00,22875.15,22876.15,22871.15,22875.15,317,160,0
2025-08-04 08:50:00+00:00,22875.15,22879.25,22874.95,22877.25,251,150,0
2025-08-04 08:55:00+00:00,22877.45,22877.65,22864.15,22867.15,330,150,0
2025-08-04 09:00:00+00:00,22866.85,22876.65,22864.85,22876.25,565,170,0
2025-08-04 09:05:00+00:00,22876.05,22881.25,22869.45,22873.55,628,190,0
2025-08-04 09:10:00+00:00,22873.45,22884.05,22866.85,22880.75,545,190,0
2025-08-04 09:15:00+00:00,22881.05,22882.35,22874.25,22878.05,445,180,0
2025-08-04 09:20:00+00:00,22878.15,22879.55,22856.35,22856.75,558,180,0
2025-08-04 09:25:00+00:00,22857.35,22868.35,22849.05,22868.15,722,190,0
2025-08-04 09:30:00+00:00,22868.05,22868.05,22845.35,22847.55,773,190,0
2025-08-04 09:35:00+00:00,22847.55,22853.75,22831.75,22839.85,755,190,0
2025-08-04 09:40:00+00:00,22839.95,22859.85,22834.35,22859.05,728,200,0
2025-08-04 09:45:00+00:00,22858.85,22867.75,22851.05,22865.75,477,190,0
2025-08-04 09:50:00+00:00,22865.65,22877.45,22862.65,22872.75,520,180,0
2025-08-04 09:55:00+00:00,22872.35,22879.75,22865.75,22874.55,570,190,0
2025-08-04 10:00:00+00:00,22871.65,22879.65,22861.95,22878.95,1093,190,0
2025-08-04 10:05:00+00:00,22879.15,22892.75,22872.45,22891.15,955,210,0
2025-08-04 10:10:00+00:00,22891.45,22901.45,22884.45,22891.45,850,200,0
2025-08-04 10:15:00+00:00,22891.45,22891.45,22884.05,22889.95,738,190,0
2025-08-04 10:20:00+00:00,22889.95,22900.25,22880.85,22890.25,773,200,0
2025-08-04 10:25:00+00:00,22890.25,22902.35,22888.95,22899.05,742,200,0
2025-08-04 10:30:00+00:00,22898.85,22921.65,22897.05,22920.05,805,190,0
2025-08-04 10:35:00+00:00,22920.05,22928.15,22916.05,22917.65,714,190,0
2025-08-04 10:40:00+00:00,22917.35,22926.05,22914.15,22915.55,641,190,0
2025-08-04 10:45:00+00:00,22915.35,22923.95,22907.85,22910.65,730,190,0
2025-08-04 10:50:00+00:00,22910.65,22912.45,22894.95,22904.75,739,200,0
2025-08-04 10:55:00+00:00,22905.75,22908.75,22889.45,22894.55,653,190,0
2025-08-04 11:00:00+00:00,22895.75,22911.75,22890.05,22908.25,857,190,0
2025-08-04 11:05:00+00:00,22908.75,22921.55,22902.05,22920.45,792,200,0
2025-08-04 11:10:00+00:00,22920.45,22926.85,22907.45,22926.25,768,200,0
2025-08-04 11:15:00+00:00,22925.95,22935.65,22925.45,22929.25,723,190,0
2025-08-04 11:20:00+00:00,22929.35,22930.35,22917.85,22930.15,634,180,0
2025-08-04 11:25:00+00:00,22929.75,22929.75,22917.75,22919.35,561,190,0
2025-08-04 11:30:00+00:00,22919.25,22924.85,22914.25,22921.75,610,190,0
2025-08-04 11:35:00+00:00,22922.55,22930.05,22918.75,22929.55,573,190,0
2025-08-04 11:40:00+00:00,22930.25,22932.15,22924.85,22931.95,477,180,0
2025-08-04 11:45:00+00:00,22931.65,22934.55,22927.05,22933.95,481,180,0
2025-08-04 11:50:00+00:00,22934.05,22944.05,22930.95,22941.85,551,180,0
2025-08-04 11:55:00+00:00,22941.65,22946.65,22937.75,22944.05,529,180,0
2025-08-04 12:00:00+00:00,22944.05,22950.95,22942.55,22950.25,616,190,0
2025-08-04 12:05:00+00:00,22950.75,22951.75,22940.35,22940.85,500,170,0
2025-08-04 12:10:00+00:00,22940.85,22956.35,22940.85,22954.45,495,170,0
2025-08-04 12:15:00+00:00,22954.55,22955.65,22946.65,22955.15,506,180,0
2025-08-04 12:20:00+00:00,22955.05,22956.15,22949.45,22951.15,404,160,0
2025-08-04 12:25:00+00:00,22951.35,22952.95,22937.85,22940.65,494,170,0
2025-08-04 12:30:00+00:00,22940.65,22950.15,22940.55,22949.65,423,170,0
2025-08-04 12:35:00+00:00,22949.85,22957.55,22947.95,22957.35,416,160,0
2025-08-04 12:40:00+00:00,22957.85,22960.85,22952.25,22952.35,445,160,0
2025-08-04 12:45:00+00:00,22952.25,22954.15,22939.55,22945.65,649,160,0
2025-08-04 12:50:00+00:00,22945.75,22947.75,22939.55,22944.05,523,180,0
2025-08-04 12:55:00+00:00,22944.05,22947.15,22937.65,22939.15,431,160,0
2025-08-04 13:00:00+00:00,22939.35,22945.35,22936.15,22941.85,465,170,0
2025-08-04 13:05:00+00:00,22941.85,22949.05,22941.55,22944.05,399,170,0
2025-08-04 13:10:00+00:00,22944.05,22952.25,22944.05,22947.25,450,180,0
2025-08-04 13:15:00+00:00,22947.55,22952.15,22942.05,22943.05,475,180,0
2025-08-04 13:20:00+00:00,22943.05,22951.85,22942.35,22950.15,343,170,0
2025-08-04 13:25:00+00:00,22950.55,22954.15,22948.95,22952.75,409,170,0
2025-08-04 13:30:00+00:00,22952.35,22956.65,22947.95,22955.35,434,170,0
2025-08-04 13:35:00+00:00,22954.35,22956.95,22942.85,22946.45,561,180,0
2025-08-04 13:40:00+00:00,22946.85,22961.55,22945.75,22953.25,517,190,0
2025-08-04 13:45:00+00:00,22953.35,22953.35,22946.05,22948.55,485,180,0
2025-08-04 13:50:00+00:00,22953.85,22955.55,22943.05,22944.55,471,180,0
2025-08-04 13:55:00+00:00,22944.55,22947.55,22940.35,22946.05,439,170,0
2025-08-04 14:00:00+00:00,22944.85,22944.85,22922.05,22926.95,733,180,0
2025-08-04 14:05:00+00:00,22926.75,22932.55,22916.75,22930.75,660,190,0
2025-08-04 14:10:00+00:00,22931.25,22934.55,22919.85,22926.85,620,180,0
2025-08-04 14:15:00+00:00,22927.05,22933.05,22922.85,22925.85,527,180,0
2025-08-04 14:20:00+00:00,22925.55,22933.35,22915.95,22923.55,522,170,0
2025-08-04 14:25:00+00:00,22923.55,22943.85,22923.35,22941.95,633,200,0
2025-08-04 14:30:00+00:00,22941.55,22959.35,22941.55,22949.05,693,180,0
2025-08-04 14:35:00+00:00,22948.55,22954.05,22942.25,22946.05,487,190,0
2025-08-04 14:40:00+00:00,22945.75,22949.45,22944.35,22945.15,350,170,0
2025-08-04 14:45:00+00:00,22944.85,22949.95,22938.35,22939.05,503,170,0
2025-08-04 14:50:00+00:00,22939.05,22948.25,22936.65,22937.15,516,170,0
2025-08-04 14:55:00+00:00,22937.25,22939.35,22923.55,22927.35,619,170,0
2025-08-04 15:00:00+00:00,22930.55,22937.95,22929.45,22932.75,717,180,0
2025-08-04 15:05:00+00:00,22932.85,22933.95,22920.35,22927.05,651,190,0
2025-08-04 15:10:00+00:00,22927.05,22935.05,22926.15,22932.35,546,180,0
2025-08-04 15:15:00+00:00,22932.35,22943.55,22927.65,22939.25,594,180,0
2025-08-04 15:20:00+00:00,22939.55,22951.65,22939.25,22950.05,654,180,0
2025-08-04 15:25:00+00:00,22949.85,22957.95,22948.75,22955.85,593,170,0
2025-08-04 15:30:00+00:00,22955.95,22964.85,22954.65,22958.55,702,180,0
2025-08-04 15:35:00+00:00,22958.35,22963.65,22952.05,22958.95,610,180,0
2025-08-04 15:40:00+00:00,22958.65,22961.45,22948.95,22952.15,567,180,0
2025-08-04 15:45:00+00:00,22952.05,22955.35,22944.35,22949.35,612,180,0
2025-08-04 15:50:00+00:00,22949.55,22953.85,22947.65,22951.35,595,180,0
2025-08-04 15:55:00+00:00,22951.65,22961.15,22951.45,22959.55,592,180,0
2025-08-04 16:00:00+00:00,22959.45,22966.05,22954.15,22964.65,655,180,0
2025-08-04 16:05:00+00:00,22964.95,22966.45,22959.15,22963.15,539,180,0
2025-08-04 16:10:00+00:00,22962.95,22968.95,22954.55,22959.85,687,170,0
2025-08-04 16:15:00+00:00,22959.65,22969.15,22959.05,22968.75,555,170,0
2025-08-04 16:20:00+00:00,22968.75,22969.65,22962.45,22968.55,611,170,0
2025-08-04 16:25:00+00:00,22966.15,22980.35,22961.25,22977.95,874,180,0
2025-08-04 16:30:00+00:00,22977.85,23014.25,22973.35,23013.95,1639,80,0
2025-08-04 16:35:00+00:00,23013.95,23056.45,23011.65,23042.95,1556,120,0
2025-08-04 16:40:00+00:00,23043.95,23080.45,23034.25,23073.25,1513,120,0
2025-08-04 16:45:00+00:00,23074.75,23110.25,23074.75,23100.65,1520,120,0
2025-08-04 16:50:00+00:00,23100.45,23110.75,23082.75,23109.95,1433,120,0
2025-08-04 16:55:00+00:00,23110.25,23141.45,23096.35,23130.15,1388,120,0
2025-08-04 17:00:00+00:00,23130.35,23142.15,23123.65,23132.45,1452,120,0
2025-08-04 17:05:00+00:00,23132.65,23139.45,23112.95,23113.45,1426,120,0
2025-08-04 17:10:00+00:00,23114.35,23136.75,23098.75,23136.35,1383,110,0
2025-08-04 17:15:00+00:00,23135.95,23145.45,23129.15,23131.95,1369,120,0
2025-08-04 17:20:00+00:00,23131.65,23142.05,23118.55,23123.25,1322,80,0
2025-08-04 17:25:00+00:00,23122.55,23138.25,23113.75,23132.75,1315,80,0
2025-08-04 17:30:00+00:00,23133.65,23134.55,23106.55,23130.55,1355,80,0
2025-08-04 17:35:00+00:00,23130.85,23137.65,23123.75,23128.05,1246,80,0
2025-08-04 17:40:00+00:00,23126.95,23128.95,23098.45,23103.75,1276,80,0
2025-08-04 17:45:00+00:00,23102.75,23134.25,23090.65,23131.15,1321,80,0
2025-08-04 17:50:00+00:00,23131.25,23132.75,23083.55,23085.25,1501,80,0
2025-08-04 17:55:00+00:00,23085.25,23098.45,23077.75,23098.45,1443,120,0
2025-08-04 18:00:00+00:00,23098.45,23106.35,23071.35,23099.55,1371,120,0
2025-08-04 18:05:00+00:00,23098.85,23101.35,23076.95,23095.25,1402,120,0
2025-08-04 18:10:00+00:00,23095.35,23101.35,23083.35,23096.05,1342,80,0
2025-08-04 18:15:00+00:00,23096.05,23100.25,23073.55,23080.85,1356,80,0
2025-08-04 18:20:00+00:00,23080.35,23094.25,23075.35,23093.15,1313,80,0
2025-08-04 18:25:00+00:00,23092.75,23106.25,23092.75,23094.55,1138,80,0
2025-08-04 18:30:00+00:00,23094.45,23106.85,23086.25,23101.65,1294,80,0
2025-08-04 18:35:00+00:00,23101.35,23111.25,23095.35,23104.75,1209,80,0
2025-08-04 18:40:00+00:00,23105.05,23107.75,23082.05,23093.05,1310,80,0
2025-08-04 18:45:00+00:00,23093.25,23104.55,23086.55,23103.55,1114,80,0
2025-08-04 18:50:00+00:00,23103.25,23124.45,23098.05,23124.25,1049,80,0
2025-08-04 18:55:00+00:00,23124.45,23146.55,23122.25,23137.25,1020,80,0
2025-08-04 19:00:00+00:00,23137.55,23150.05,23131.55,23139.35,1193,80,0
2025-08-04 19:05:00+00:00,23139.35,23146.95,23135.65,23143.25,978,80,0
2025-08-04 19:10:00+00:00,23143.65,23149.25,23136.05,23140.35,913,80,0
2025-08-04 19:15:00+00:00,23140.85,23152.15,23139.15,23150.15,904,80,0
2025-08-04 19:20:00+00:00,23150.15,23155.85,23143.65,23150.15,887,80,0
2025-08-04 19:25:00+00:00,23150.15,23158.65,23146.15,23146.25,842,80,0
2025-08-04 19:30:00+00:00,23146.25,23153.85,23143.85,23151.85,864,80,0
2025-08-04 19:35:00+00:00,23151.85,23156.85,23144.15,23144.75,727,80,0
2025-08-04 19:40:00+00:00,23144.85,23145.85,23135.65,23142.35,880,80,0
2025-08-04 19:45:00+00:00,23142.15,23154.15,23141.85,23148.65,830,80,0
2025-08-04 19:50:00+00:00,23148.75,23161.65,23146.35,23158.35,779,80,0
2025-08-04 19:55:00+00:00,23158.35,23158.85,23146.85,23152.65,877,80,0
2025-08-04 20:00:00+00:00,23152.55,23158.35,23148.25,23154.25,813,80,0
2025-08-04 20:05:00+00:00,23154.35,23158.85,23149.15,23158.35,693,80,0
2025-08-04 20:10:00+00:00,23158.15,23165.75,23155.85,23165.15,717,80,0
2025-08-04 20:15:00+00:00,23165.35,23166.75,23158.25,23165.85,804,80,0
2025-08-04 20:20:00+00:00,23166.15,23166.55,23156.25,23166.35,792,80,0
2025-08-04 20:25:00+00:00,23166.35,23166.35,23158.65,23162.65,701,80,0
2025-08-04 20:30:00+00:00,23163.15,23167.55,23158.85,23161.35,715,80,0
2025-08-04 20:35:00+00:00,23161.15,23162.15,23153.65,23158.05,747,80,0
2025-08-04 20:40:00+00:00,23157.75,23158.25,23142.15,23144.85,828,80,0
2025-08-04 20:45:00+00:00,23144.75,23150.35,23123.85,23146.15,1036,80,0
2025-08-04 20:50:00+00:00,23146.35,23155.05,23139.65,23147.65,881,80,0
2025-08-04 20:55:00+00:00,23147.65,23152.55,23143.65,23150.65,817,80,0
2025-08-04 21:00:00+00:00,23150.35,23160.55,23147.65,23159.65,927,80,0
2025-08-04 21:05:00+00:00,23159.15,23165.85,23152.35,23152.55,839,80,0
2025-08-04 21:10:00+00:00,23152.15,23161.25,23140.85,23145.85,868,80,0
2025-08-04 21:15:00+00:00,23145.65,23150.35,23141.55,23145.35,816,80,0
2025-08-04 21:20:00+00:00,23145.85,23155.05,23145.85,23150.55,857,80,0
2025-08-04 21:25:00+00:00,23150.55,23154.35,23144.65,23147.85,805,80,0
2025-08-04 21:30:00+00:00,23147.85,23155.85,23143.65,23152.85,797,80,0
2025-08-04 21:35:00+00:00,23152.65,23158.85,23147.65,23151.85,749,80,0
2025-08-04 21:40:00+00:00,23151.35,23153.15,23138.15,23142.65,911,80,0
2025-08-04 21:45:00+00:00,23142.75,23147.65,23140.25,23146.65,768,80,0
2025-08-04 21:50:00+00:00,23146.65,23147.75,23139.25,23140.65,773,80,0
2025-08-04 21:55:00+00:00,23140.75,23145.85,23138.85,23143.65,747,80,0
2025-08-04 22:00:00+00:00,23143.35,23151.25,23139.35,23140.65,899,80,0
2025-08-04 22:05:00+00:00,23140.65,23150.85,23137.05,23147.15,824,80,0
2025-08-04 22:10:00+00:00,23147.05,23158.65,23143.65,23155.15,746,80,0
2025-08-04 22:15:00+00:00,23155.15,23178.75,23153.85,23165.65,969,80,0
2025-08-04 22:20:00+00:00,23165.75,23170.15,23162.15,23167.35,804,80,0
2025-08-04 22:25:00+00:00,23167.15,23167.15,23147.85,23148.65,855,80,0
2025-08-04 22:30:00+00:00,23148.65,23151.15,23136.75,23142.65,864,80,0
2025-08-04 22:35:00+00:00,23142.65,23147.35,23135.65,23147.15,832,80,0
2025-08-04 22:40:00+00:00,23147.25,23160.35,23147.15,23151.15,903,80,0
2025-08-04 22:45:00+00:00,23150.05,23158.15,23148.35,23154.75,851,80,0
2025-08-04 22:50:00+00:00,23149.15,23178.85,23149.15,23172.15,1174,80,0
2025-08-04 22:55:00+00:00,23175.35,23188.85,23168.75,23178.45,1273,80,0
2025-08-04 23:00:00+00:00,23179.26,23190.26,23166.86,23174.06,1079,138,0
2025-08-04 23:05:00+00:00,23183.26,23219.26,23179.26,23217.76,1225,228,0
2025-08-04 23:10:00+00:00,23217.76,23217.76,23209.06,23216.16,793,208,0
2025-08-04 23:15:00+00:00,23216.66,23220.86,23211.06,23211.06,567,188,0
2025-08-04 23:20:00+00:00,23211.06,23217.16,23207.96,23216.46,489,188,0
2025-08-04 23:25:00+00:00,23216.56,23219.56,23213.56,23218.16,425,178,0
2025-08-04 23:30:00+00:00,23217.86,23227.06,23214.36,23224.46,513,178,0
2025-08-04 23:35:00+00:00,23224.36,23233.86,23223.26,23233.16,588,178,0
2025-08-04 23:40:00+00:00,23233.16,23233.26,23227.06,23229.36,414,178,0
2025-08-04 23:45:00+00:00,23229.06,23231.16,23226.16,23228.86,406,178,0
2025-08-05 01:05:00+00:00,23223.16,23226.66,23218.86,23220.86,224,188,0
2025-08-05 01:10:00+00:00,23221.56,23226.66,23219.16,23220.66,217,168,0
2025-08-05 01:15:00+00:00,23220.86,23224.56,23217.86,23223.56,203,168,0
2025-08-05 01:20:00+00:00,23223.66,23224.66,23215.26,23219.46,283,178,0
2025-08-05 01:25:00+00:00,23219.36,23219.36,23209.16,23210.66,371,178,0
2025-08-05 01:30:00+00:00,23210.76,23213.06,23203.06,23204.86,416,188,0
2025-08-05 01:35:00+00:00,23205.56,23211.36,23204.16,23206.56,338,188,0
2025-08-05 01:40:00+00:00,23206.66,23210.66,23201.16,23208.46,360,178,0
2025-08-05 01:45:00+00:00,23208.36,23211.76,23206.46,23209.66,264,178,0
2025-08-05 01:50:00+00:00,23209.56,23213.36,23205.16,23212.36,263,178,0
2025-08-05 01:55:00+00:00,23212.56,23214.36,23210.36,23211.16,175,168,0
2025-08-05 02:00:00+00:00,23211.46,23214.85,23211.25,23211.85,200,150,0
2025-08-05 02:05:00+00:00,23212.05,23220.05,23209.85,23219.05,269,150,0
2025-08-05 02:10:00+00:00,23218.75,23224.05,23216.55,23223.55,235,160,0
2025-08-05 02:15:00+00:00,23223.75,23233.45,23221.25,23222.25,364,160,0
2025-08-05 02:20:00+00:00,23222.35,23222.85,23208.75,23212.15,354,170,0
2025-08-05 02:25:00+00:00,23211.95,23213.15,23208.85,23210.55,301,160,0
2025-08-05 02:30:00+00:00,23210.55,23210.65,23199.75,23207.95,403,160,0
2025-08-05 02:35:00+00:00,23207.95,23208.65,23199.95,23202.65,271,160,0
2025-08-05 02:40:00+00:00,23203.75,23215.35,23203.25,23214.95,356,170,0
2025-08-05 02:45:00+00:00,23215.15,23218.25,23206.35,23212.15,445,170,0
2025-08-05 02:50:00+00:00,23212.05,23216.65,23208.15,23210.65,343,180,0
2025-08-05 02:55:00+00:00,23210.45,23219.05,23208.85,23218.75,311,160,0
2025-08-05 03:00:00+00:00,23217.75,23217.75,23207.65,23214.15,706,170,0
2025-08-05 03:05:00+00:00,23214.15,23218.65,23212.45,23214.15,513,180,0
2025-08-05 03:10:00+00:00,23214.45,23214.85,23208.25,23209.25,491,170,0
2025-08-05 03:15:00+00:00,23209.15,23209.25,23201.95,23203.95,473,170,0
2025-08-05 03:20:00+00:00,23204.25,23209.65,23199.45,23206.75,358,160,0
2025-08-05 03:25:00+00:00,23206.65,23210.25,23204.85,23207.15,334,160,0
2025-08-05 03:30:00+00:00,23207.55,23213.65,23206.55,23212.85,336,160,0
2025-08-05 03:35:00+00:00,23212.85,23220.95,23212.85,23219.75,294,160,0
2025-08-05 03:40:00+00:00,23219.75,23230.65,23217.05,23226.15,417,160,0
2025-08-05 03:45:00+00:00,23226.45,23258.35,23226.35,23248.15,817,180,0
2025-08-05 03:50:00+00:00,23248.45,23249.15,23216.55,23227.55,824,200,0
2025-08-05 03:55:00+00:00,23227.45,23234.85,23222.55,23231.15,559,180,0
2025-08-05 04:00:00+00:00,23231.15,23240.15,23229.35,23237.65,593,180,0
2025-08-05 04:05:00+00:00,23237.65,23255.75,23235.15,23252.75,569,170,0
2025-08-05 04:10:00+00:00,23252.65,23253.35,23233.85,23241.75,650,190,0
2025-08-05 04:15:00+00:00,23242.15,23242.15,23223.25,23235.35,763,190,0
2025-08-05 04:20:00+00:00,23235.25,23235.75,23226.75,23228.05,562,180,0
2025-08-05 04:25:00+00:00,23227.95,23231.95,23221.35,23230.65,537,170,0
2025-08-05 04:30:00+00:00,23230.65,23232.65,23224.45,23229.15,566,180,0
2025-08-05 04:35:00+00:00,23229.15,23230.55,23220.75,23229.15,496,170,0
2025-08-05 04:40:00+00:00,23229.15,23238.25,23227.95,23237.65,387,160,0
2025-08-05 04:45:00+00:00,23238.05,23238.05,23228.85,23234.85,403,160,0
2025-08-05 04:50:00+00:00,23234.95,23238.35,23227.65,23228.25,414,170,0
2025-08-05 04:55:00+00:00,23227.95,23228.35,23219.55,23224.95,401,160,0
2025-08-05 05:00:00+00:00,23225.05,23227.15,23220.65,23226.25,330,160,0
2025-08-05 05:05:00+00:00,23226.25,23229.15,23225.05,23227.55,263,160,0
2025-08-05 05:10:00+00:00,23227.55,23229.55,23221.05,23221.05,231,150,0
2025-08-05 05:15:00+00:00,23221.55,23223.35,23217.55,23218.75,312,150,0
2025-08-05 05:20:00+00:00,23218.75,23224.25,23217.05,23221.65,298,150,0
2025-08-05 05:25:00+00:00,23221.75,23222.75,23219.95,23220.75,273,160,0
2025-08-05 05:30:00+00:00,23221.05,23229.25,23219.95,23229.25,286,150,0
2025-08-05 05:35:00+00:00,23229.25,23231.95,23227.35,23227.55,261,150,0
2025-08-05 05:40:00+00:00,23227.35,23227.55,23220.55,23222.75,213,150,0
2025-08-05 05:45:00+00:00,23222.75,23228.85,23222.05,23226.85,209,150,0
2025-08-05 05:50:00+00:00,23226.75,23227.25,23221.95,23222.05,195,150,0
2025-08-05 05:55:00+00:00,23222.05,23225.05,23217.95,23225.05,199,150,0
2025-08-05 06:00:00+00:00,23224.85,23227.75,23220.55,23221.55,235,150,0
2025-08-05 06:05:00+00:00,23221.55,23223.45,23216.45,23222.75,242,150,0
2025-08-05 06:10:00+00:00,23222.75,23224.15,23219.65,23220.55,185,150,0
2025-08-05 06:15:00+00:00,23220.55,23225.55,23220.05,23223.25,204,150,0
2025-08-05 06:20:00+00:00,23223.05,23224.15,23213.75,23214.75,222,160,0
2025-08-05 06:25:00+00:00,23214.95,23221.75,23209.65,23219.25,323,160,0
2025-08-05 06:30:00+00:00,23219.45,23232.15,23219.45,23231.45,374,160,0
2025-08-05 06:35:00+00:00,23231.55,23239.95,23231.25,23234.75,397,160,0
2025-08-05 06:40:00+00:00,23234.85,23238.25,23232.85,23236.45,211,160,0
2025-08-05 06:45:00+00:00,23236.55,23241.55,23233.85,23233.85,273,150,0
2025-08-05 06:50:00+00:00,23233.05,23236.45,23232.85,23233.45,204,150,0
2025-08-05 06:55:00+00:00,23233.75,23235.55,23226.75,23227.05,268,150,0
2025-08-05 07:00:00+00:00,23227.25,23229.25,23225.75,23228.05,225,160,0
2025-08-05 07:05:00+00:00,23228.05,23229.55,23223.25,23224.55,213,150,0
2025-08-05 07:10:00+00:00,23224.25,23226.45,23222.15,23224.85,190,150,0
2025-08-05 07:15:00+00:00,23224.55,23225.35,23222.75,23223.25,143,150,0
2025-08-05 07:20:00+00:00,23223.05,23226.95,23221.05,23225.85,205,150,0
2025-08-05 07:25:00+00:00,23225.95,23229.55,23224.05,23228.05,179,150,0
2025-08-05 07:30:00+00:00,23228.25,23233.35,23227.75,23232.05,211,150,0
2025-08-05 07:35:00+00:00,23231.85,23233.95,23230.35,23231.55,176,150,0
2025-08-05 07:40:00+00:00,23231.75,23233.35,23230.35,23232.35,162,150,0
2025-08-05 07:45:00+00:00,23232.25,23236.35,23231.55,23235.85,185,150,0
2025-08-05 07:50:00+00:00,23235.75,23238.05,23234.45,23237.75,155,150,0
2025-08-05 07:55:00+00:00,23237.55,23243.85,23237.55,23243.75,204,150,0
2025-08-05 08:00:00+00:00,23243.85,23247.55,23243.15,23244.75,332,150,0
2025-08-05 08:05:00+00:00,23244.75,23247.75,23242.55,23243.05,268,150,0
2025-08-05 08:10:00+00:00,23243.25,23245.25,23241.85,23243.85,232,150,0
2025-08-05 08:15:00+00:00,23243.55,23243.85,23236.25,23237.15,293,150,0
2025-08-05 08:20:00+00:00,23237.15,23246.05,23236.15,23244.75,243,150,0
2025-08-05 08:25:00+00:00,23244.75,23250.05,23242.45,23249.35,240,150,0
2025-08-05 08:30:00+00:00,23249.05,23250.75,23246.55,23248.05,250,150,0
2025-08-05 08:35:00+00:00,23247.75,23249.95,23247.25,23248.35,203,150,0
2025-08-05 08:40:00+00:00,23248.25,23250.45,23246.55,23248.35,240,150,0
2025-08-05 08:45:00+00:00,23249.25,23250.95,23247.25,23248.55,152,150,0
2025-08-05 08:50:00+00:00,23248.45,23251.95,23247.35,23249.85,217,150,0
2025-08-05 08:55:00+00:00,23249.75,23250.45,23245.45,23247.45,198,150,0
2025-08-05 09:00:00+00:00,23247.45,23249.95,23240.55,23249.65,408,150,0
2025-08-05 09:05:00+00:00,23249.45,23252.15,23245.75,23250.55,364,160,0
2025-08-05 09:10:00+00:00,23251.25,23254.55,23250.15,23253.85,279,150,0
2025-08-05 09:15:00+00:00,23254.35,23260.95,23253.75,23257.35,345,150,0
2025-08-05 09:20:00+00:00,23257.45,23260.45,23251.65,23252.25,327,150,0
2025-08-05 09:25:00+00:00,23252.05,23256.65,23247.75,23252.25,334,160,0
2025-08-05 09:30:00+00:00,23252.55,23260.45,23249.75,23258.85,367,160,0
2025-08-05 09:35:00+00:00,23258.65,23267.45,23256.85,23264.25,344,160,0
2025-08-05 09:40:00+00:00,23264.45,23274.15,23263.75,23269.95,418,160,0
2025-08-05 09:45:00+00:00,23270.45,23277.45,23268.35,23275.65,274,170,0
2025-08-05 09:50:00+00:00,23275.35,23275.65,23269.65,23270.15,239,160,0
2025-08-05 09:55:00+00:00,23270.45,23272.95,23267.75,23270.15,247,150,0
2025-08-05 10:00:00+00:00,23269.25,23269.65,23259.75,23268.95,636,160,0
2025-08-05 10:05:00+00:00,23269.35,23281.35,23268.25,23273.65,544,180,0
2025-08-05 10:10:00+00:00,23273.75,23273.75,23257.85,23260.15,469,180,0
2025-08-05 10:15:00+00:00,23261.95,23264.95,23255.25,23256.95,524,180,0
2025-08-05 10:20:00+00:00,23256.95,23256.95,23244.85,23245.85,502,180,0
2025-08-05 10:25:00+00:00,23244.85,23247.35,23239.05,23240.65,528,180,0
2025-08-05 10:30:00+00:00,23241.15,23246.35,23232.95,23232.95,608,180,0
2025-08-05 10:35:00+00:00,23232.95,23234.35,23216.85,23223.55,663,180,0
2025-08-05 10:40:00+00:00,23223.65,23235.95,23222.85,23233.35,577,180,0
2025-08-05 10:45:00+00:00,23233.65,23239.65,23215.55,23220.35,668,180,0
2025-08-05 10:50:00+00:00,23219.05,23225.75,23210.55,23215.25,670,190,0
2025-08-05 10:55:00+00:00,23216.35,23220.85,23208.85,23214.55,570,190,0
2025-08-05 11:00:00+00:00,23214.65,23223.55,23207.75,23210.05,861,190,0
2025-08-05 11:05:00+00:00,23210.05,23220.15,23200.45,23205.55,830,200,0
2025-08-05 11:10:00+00:00,23204.55,23210.65,23197.85,23199.75,716,190,0
2025-08-05 11:15:00+00:00,23199.85,23211.35,23198.55,23203.35,674,190,0
2025-08-05 11:20:00+00:00,23203.85,23217.85,23203.35,23217.35,613,180,0
2025-08-05 11:25:00+00:00,23217.45,23227.05,23217.35,23221.65,591,180,0
2025-08-05 11:30:00+00:00,23221.25,23222.25,23213.35,23215.95,455,180,0
2025-08-05 11:35:00+00:00,23215.65,23216.15,23209.45,23212.45,451,170,0
2025-08-05 11:40:00+00:00,23212.55,23217.95,23210.45,23211.85,442,170,0
2025-08-05 11:45:00+00:00,23212.15,23217.45,23211.85,23215.25,402,160,0
2025-08-05 11:50:00+00:00,23215.15,23217.75,23211.95,23215.75,350,160,0
2025-08-05 11:55:00+00:00,23215.65,23218.25,23213.65,23215.75,355,160,0
2025-08-05 12:00:00+00:00,23215.75,23218.05,23210.75,23214.85,446,160,0
2025-08-05 12:05:00+00:00,23215.35,23223.55,23213.55,23217.95,330,170,0
2025-08-05 12:10:00+00:00,23216.65,23218.95,23213.35,23217.45,356,170,0
2025-08-05 12:15:00+00:00,23217.45,23219.85,23215.45,23219.65,293,160,0
2025-08-05 12:20:00+00:00,23219.65,23221.75,23212.75,23216.65,340,160,0
2025-08-05 12:25:00+00:00,23217.15,23221.35,23217.15,23217.35,154,150,0
2025-08-05 12:30:00+00:00,23217.45,23227.45,23215.95,23225.95,226,150,0
2025-08-05 12:35:00+00:00,23226.05,23234.45,23226.05,23230.75,294,160,0
2025-08-05 12:40:00+00:00,23230.75,23231.15,23224.15,23225.75,205,160,0
2025-08-05 12:45:00+00:00,23224.95,23225.95,23221.45,23224.95,207,160,0
2025-08-05 12:50:00+00:00,23224.75,23227.05,23223.15,23223.55,199,150,0
2025-08-05 12:55:00+00:00,23223.55,23233.55,23223.15,23232.55,233,150,0
2025-08-05 13:00:00+00:00,23232.55,23235.75,23229.55,23235.55,265,160,0
2025-08-05 13:05:00+00:00,23235.45,23254.75,23235.45,23248.05,503,160,0
2025-08-05 13:10:00+00:00,23247.05,23250.95,23246.15,23248.25,340,170,0
2025-08-05 13:15:00+00:00,23248.45,23254.15,23245.75,23249.65,353,160,0
2025-08-05 13:20:00+00:00,23249.95,23253.45,23247.05,23250.25,323,160,0
2025-08-05 13:25:00+00:00,23250.25,23266.45,23250.15,23260.05,614,160,0
2025-08-05 13:30:00+00:00,23259.85,23264.35,23250.25,23256.85,618,190,0
2025-08-05 13:35:00+00:00,23257.05,23257.65,23249.65,23254.05,456,170,0
2025-08-05 13:40:00+00:00,23254.15,23265.65,23252.05,23264.75,414,170,0
2025-08-05 13:45:00+00:00,23264.95,23267.35,23261.55,23265.25,376,160,0
2025-08-05 13:50:00+00:00,23265.15,23276.15,23264.15,23276.15,409,160,0
2025-08-05 13:55:00+00:00,23276.15,23276.85,23267.75,23269.75,439,160,0
2025-08-05 14:00:00+00:00,23269.45,23271.55,23262.35,23269.65,508,170,0
2025-08-05 14:05:00+00:00,23269.55,23277.55,23262.95,23275.25,428,170,0
2025-08-05 14:10:00+00:00,23275.35,23277.95,23270.35,23272.15,390,170,0
2025-08-05 14:15:00+00:00,23272.45,23273.65,23269.45,23272.45,333,170,0
2025-08-05 14:20:00+00:00,23272.65,23273.75,23267.15,23271.15,436,170,0
2025-08-05 14:25:00+00:00,23271.25,23271.85,23257.65,23258.05,447,160,0
2025-08-05 14:30:00+00:00,23257.45,23262.55,23246.65,23262.35,706,180,0
2025-08-05 14:35:00+00:00,23262.55,23267.25,23254.95,23257.45,534,180,0
2025-08-05 14:40:00+00:00,23257.35,23269.15,23255.95,23267.75,448,170,0
2025-08-05 14:45:00+00:00,23267.95,23280.25,23264.85,23269.55,593,170,0
2025-08-05 14:50:00+00:00,23269.85,23271.65,23263.85,23271.05,430,180,0
2025-08-05 14:55:00+00:00,23270.95,23273.65,23265.45,23267.65,427,170,0
2025-08-05 15:00:00+00:00,23268.65,23271.05,23262.05,23269.65,493,180,0
2025-08-05 15:05:00+00:00,23269.55,23270.35,23260.55,23266.35,448,180,0
2025-08-05 15:10:00+00:00,23266.35,23288.15,23262.65,23284.95,547,180,0
2025-08-05 15:15:00+00:00,23284.95,23286.05,23229.25,23254.55,861,190,0
2025-08-05 15:20:00+00:00,23254.65,23263.05,23234.95,23252.45,1076,210,0
2025-08-05 15:25:00+00:00,23252.55,23256.95,23241.45,23254.55,633,200,0
2025-08-05 15:30:00+00:00,23254.35,23254.85,23236.55,23244.35,671,200,0
2025-08-05 15:35:00+00:00,23243.75,23251.25,23243.05,23247.15,485,190,0
2025-08-05 15:40:00+00:00,23246.85,23258.15,23245.85,23256.65,493,170,0
2025-08-05 15:45:00+00:00,23256.45,23265.05,23245.95,23250.25,817,170,0
2025-08-05 15:50:00+00:00,23249.95,23257.05,23243.35,23244.75,702,190,0
2025-08-05 15:55:00+00:00,23244.75,23247.85,23240.55,23245.35,630,180,0
2025-08-05 16:00:00+00:00,23245.35,23255.85,23240.05,23240.65,849,180,0
2025-08-05 16:05:00+00:00,23240.65,23244.25,23233.25,23233.75,721,190,0
2025-08-05 16:10:00+00:00,23233.55,23240.85,23228.35,23233.55,708,180,0
2025-08-05 16:15:00+00:00,23233.65,23250.55,23231.55,23249.15,684,180,0
2025-08-05 16:20:00+00:00,23248.95,23249.15,23228.15,23228.35,687,180,0
2025-08-05 16:25:00+00:00,23231.55,23236.35,23223.85,23232.05,968,180,0
2025-08-05 16:30:00+00:00,23235.05,23241.55,23189.15,23193.75,1632,80,0
2025-08-05 16:35:00+00:00,23193.85,23246.85,23192.45,23235.25,1577,120,0
2025-08-05 16:40:00+00:00,23236.15,23247.25,23227.65,23239.85,1469,120,0
2025-08-05 16:45:00+00:00,23240.35,23281.45,23239.35,23265.95,1507,120,0
2025-08-05 16:50:00+00:00,23266.25,23276.95,23247.35,23273.95,1472,120,0
2025-08-05 16:55:00+00:00,23273.85,23275.15,23248.85,23264.7,1359,120,0
2025-08-05 17:00:00+00:00,23261.4,23261.4,23210.35,23212.45,1589,120,0
2025-08-05 17:05:00+00:00,23212.65,23234.35,23201.15,23221.15,1579,120,0
2025-08-05 17:10:00+00:00,23222.85,23236.35,23191.65,23198.45,1536,120,0
2025-08-05 17:15:00+00:00,23198.85,23208.75,23177.65,23194.35,1537,120,0
2025-08-05 17:20:00+00:00,23192.75,23192.75,23162.75,23164.75,1471,120,0
2025-08-05 17:25:00+00:00,23164.45,23179.65,23147.15,23174.45,1495,120,0
2025-08-05 17:30:00+00:00,23174.75,23175.65,23134.35,23135.65,1465,120,0
2025-08-05 17:35:00+00:00,23135.35,23139.15,23109.85,23118.25,1508,120,0
2025-08-05 17:40:00+00:00,23118.35,23132.35,23062.35,23071.85,1528,120,0
2025-08-05 17:45:00+00:00,23071.35,23072.95,23024.85,23025.15,1575,120,0
2025-08-05 17:50:00+00:00,23025.15,23064.65,23024.85,23042.15,1559,120,0
2025-08-05 17:55:00+00:00,23041.75,23071.35,23038.35,23066.35,1486,120,0
2025-08-05 18:00:00+00:00,23066.15,23091.25,23036.65,23081.25,1472,120,0
2025-08-05 18:05:00+00:00,23082.15,23099.35,23080.75,23085.15,1438,120,0
2025-08-05 18:10:00+00:00,23084.85,23103.85,23045.85,23100.85,1519,120,0
2025-08-05 18:15:00+00:00,23101.05,23105.05,23062.15,23075.95,1502,120,0
2025-08-05 18:20:00+00:00,23075.65,23086.05,23042.65,23051.55,1511,120,0
2025-08-05 18:25:00+00:00,23051.95,23063.55,23043.05,23056.65,1467,120,0
2025-08-05 18:30:00+00:00,23056.05,23070.15,23044.85,23048.65,1484,120,0
2025-08-05 18:35:00+00:00,23048.85,23048.85,23006.95,23021.15,1507,120,0
2025-08-05 18:40:00+00:00,23021.05,23035.95,22999.55,23030.65,1501,120,0
2025-08-05 18:45:00+00:00,23031.35,23053.85,23021.85,23022.55,1433,120,0
2025-08-05 18:50:00+00:00,23022.05,23037.85,23005.55,23034.05,1445,120,0
2025-08-05 18:55:00+00:00,23033.85,23050.05,23025.55,23041.35,1387,120,0
2025-08-05 19:00:00+00:00,23039.65,23062.55,23039.65,23061.55,1379,120,0
2025-08-05 19:05:00+00:00,23060.85,23086.55,23058.55,23059.05,1358,110,0
2025-08-05 19:10:00+00:00,23059.95,23080.65,23059.45,23074.25,1308,80,0
2025-08-05 19:15:00+00:00,23074.75,23085.05,23073.55,23081.55,1160,80,0
2025-08-05 19:20:00+00:00,23081.55,23096.55,23074.25,23076.75,1130,80,0
2025-08-05 19:25:00+00:00,23076.75,23086.05,23074.25,23083.75,1170,80,0
2025-08-05 19:30:00+00:00,23083.05,23109.35,23081.75,23094.45,1325,80,0
2025-08-05 19:35:00+00:00,23094.45,23095.85,23076.05,23078.75,1229,80,0
2025-08-05 19:40:00+00:00,23079.85,23080.55,23046.05,23054.65,1327,80,0
2025-08-05 19:45:00+00:00,23054.35,23054.35,23022.55,23041.55,1339,120,0
2025-08-05 19:50:00+00:00,23041.35,23080.85,23040.55,23074.65,1251,100,0
2025-08-05 19:55:00+00:00,23074.05,23079.65,23056.65,23066.05,1212,80,0
2025-08-05 20:00:00+00:00,23065.05,23073.25,23052.35,23063.65,1218,80,0
2025-08-05 20:05:00+00:00,23062.85,23074.35,23056.45,23067.85,1274,120,0
2025-08-05 20:10:00+00:00,23067.55,23077.15,23065.15,23071.55,1081,80,0
2025-08-05 20:15:00+00:00,23070.75,23079.05,23055.75,23075.75,1065,80,0
2025-08-05 20:20:00+00:00,23075.85,23081.05,23067.75,23080.55,1037,80,0
2025-08-05 20:25:00+00:00,23080.05,23100.65,23078.75,23095.55,922,80,0
2025-08-05 20:30:00+00:00,23095.85,23099.75,23086.75,23090.05,1036,80,0
2025-08-05 20:35:00+00:00,23089.85,23108.35,23086.75,23104.25,1032,80,0
2025-08-05 20:40:00+00:00,23103.75,23108.65,23099.35,23102.25,953,80,0
2025-08-05 20:45:00+00:00,23102.05,23122.55,23101.15,23118.05,888,80,0
2025-08-05 20:50:00+00:00,23117.75,23126.75,23114.75,23126.75,899,80,0
2025-08-05 20:55:00+00:00,23126.55,23137.05,23123.75,23126.75,843,80,0
2025-08-05 21:00:00+00:00,23125.55,23133.75,23115.05,23125.55,1058,80,0
2025-08-05 21:05:00+00:00,23125.55,23133.35,23117.75,23121.55,985,80,0
2025-08-05 21:10:00+00:00,23121.35,23122.05,23105.85,23106.35,1083,80,0
2025-08-05 21:15:00+00:00,23105.85,23108.55,23077.15,23079.35,1376,80,0
2025-08-05 21:20:00+00:00,23079.35,23085.85,23072.15,23074.35,1211,120,0
2025-08-05 21:25:00+00:00,23074.15,23079.65,23061.85,23064.65,1126,80,0
2025-08-05 21:30:00+00:00,23064.65,23080.15,23041.15,23059.35,1324,80,0
2025-08-05 21:35:00+00:00,23058.85,23062.45,23044.05,23051.55,1130,80,0
2025-08-05 21:40:00+00:00,23051.55,23054.05,23036.35,23047.75,1156,80,0
2025-08-05 21:45:00+00:00,23049.75,23057.95,23017.85,23039.85,1393,120,0
2025-08-05 21:50:00+00:00,23039.35,23043.15,23002.15,23020.35,1297,120,0
2025-08-05 21:55:00+00:00,23019.95,23036.35,23005.85,23033.15,1240,80,0
2025-08-05 22:00:00+00:00,23034.05,23042.85,23027.35,23037.45,1323,80,0
2025-08-05 22:05:00+00:00,23038.75,23039.95,23024.15,23030.35,1222,80,0
2025-08-05 22:10:00+00:00,23030.55,23044.85,23023.55,23039.35,1157,80,0
2025-08-05 22:15:00+00:00,23039.55,23046.35,23028.55,23044.55,1186,80,0
2025-08-05 22:20:00+00:00,23044.85,23055.05,23042.65,23051.05,1004,80,0
2025-08-05 22:25:00+00:00,23051.05,23059.65,23031.05,23056.95,1063,80,0
2025-08-05 22:30:00+00:00,23057.85,23062.85,23049.05,23051.45,1027,80,0
2025-08-05 22:35:00+00:00,23051.55,23054.05,23033.45,23042.55,1103,80,0
2025-08-05 22:40:00+00:00,23042.35,23045.55,23027.85,23029.85,1058,80,0
2025-08-05 22:45:00+00:00,23029.35,23038.85,23016.15,23025.35,1063,80,0
2025-08-05 22:50:00+00:00,23028.35,23048.35,23028.35,23033.65,1327,80,0
2025-08-05 22:55:00+00:00,23027.75,23032.75,23007.85,23018.95,1280,80,0
2025-08-05 23:00:00+00:00,23020.95,23035.36,23013.66,23031.86,1052,120,0
2025-08-05 23:05:00+00:00,23031.36,23033.46,23012.86,23031.66,973,218,0
2025-08-05 23:10:00+00:00,23031.66,23035.06,23026.46,23029.96,670,198,0
2025-08-05 23:15:00+00:00,23029.06,23052.16,23019.06,23041.46,1058,198,0
2025-08-05 23:20:00+00:00,23041.96,23043.16,22993.36,22993.86,872,218,0
2025-08-05 23:25:00+00:00,22993.36,22996.66,22981.06,22996.66,961,218,0
2025-08-05 23:30:00+00:00,22997.56,22997.56,22972.36,22980.86,855,218,0
2025-08-05 23:35:00+00:00,22980.96,22986.76,22975.16,22978.76,655,198,0
2025-08-05 23:40:00+00:00,22978.66,22986.96,22977.56,22985.76,497,198,0
2025-08-05 23:45:00+00:00,22986.26,22992.76,22983.46,22988.26,556,198,0
2025-08-06 01:05:00+00:00,22967.86,22970.76,22944.36,22945.86,754,228,0
2025-08-06 01:10:00+00:00,22946.06,22960.86,22941.56,22942.96,653,218,0
2025-08-06 01:15:00+00:00,22942.86,22955.36,22935.36,22944.26,631,218,0
2025-08-06 01:20:00+00:00,22944.56,22962.36,22934.16,22962.16,664,218,0
2025-08-06 01:25:00+00:00,22961.86,22966.16,22947.86,22958.66,525,208,0
2025-08-06 01:30:00+00:00,22958.76,22966.06,22953.86,22961.96,542,208,0
2025-08-06 01:35:00+00:00,22962.46,22966.86,22959.66,22960.16,314,208,0
2025-08-06 01:40:00+00:00,22960.16,22964.76,22956.16,22962.16,345,198,0
2025-08-06 01:45:00+00:00,22961.96,22967.56,22959.46,22963.26,329,178,0
2025-08-06 01:50:00+00:00,22963.86,22967.76,22961.56,22965.56,294,178,0
2025-08-06 01:55:00+00:00,22965.56,22975.86,22965.56,22973.86,315,188,0
2025-08-06 02:00:00+00:00,22973.86,22976.35,22967.05,22975.55,381,160,0
2025-08-06 02:05:00+00:00,22975.85,22976.85,22970.95,22974.35,238,170,0
2025-08-06 02:10:00+00:00,22974.45,22977.45,22971.45,22977.45,242,160,0
2025-08-06 02:15:00+00:00,22977.45,22986.15,22976.85,22981.15,356,160,0
2025-08-06 02:20:00+00:00,22981.45,22982.65,22971.55,22971.65,312,170,0
2025-08-06 02:25:00+00:00,22971.65,22974.65,22964.85,22969.15,336,170,0
2025-08-06 02:30:00+00:00,22969.65,22970.65,22956.65,22960.05,510,170,0
2025-08-06 02:35:00+00:00,22960.05,22972.75,22957.85,22970.05,417,180,0
2025-08-06 02:40:00+00:00,22969.85,22977.15,22969.35,22977.15,448,180,0
2025-08-06 02:45:00+00:00,22977.15,22980.55,22961.75,22963.25,585,170,0
2025-08-06 02:50:00+00:00,22963.45,22965.75,22955.45,22956.25,563,190,0
2025-08-06 02:55:00+00:00,22956.05,22957.55,22941.15,22941.15,597,190,0
2025-08-06 03:00:00+00:00,22941.25,22974.35,22937.75,22966.85,921,200,0
2025-08-06 03:05:00+00:00,22966.85,22967.95,22958.45,22965.15,633,200,0
2025-08-06 03:10:00+00:00,22964.95,22974.25,22956.65,22966.65,654,190,0
2025-08-06 03:15:00+00:00,22965.95,22972.65,22956.65,22960.75,566,200,0
2025-08-06 03:20:00+00:00,22959.65,22975.05,22958.95,22974.75,568,190,0
2025-08-06 03:25:00+00:00,22974.85,22976.85,22966.35,22973.35,420,180,0
2025-08-06 03:30:00+00:00,22973.25,22982.75,22962.75,22972.75,634,190,0
2025-08-06 03:35:00+00:00,22971.85,22981.55,22963.15,22975.65,458,190,0
2025-08-06 03:40:00+00:00,22974.95,22975.65,22961.95,22970.85,463,180,0
2025-08-06 03:45:00+00:00,22972.25,22973.75,22964.35,22966.85,469,180,0
2025-08-06 03:50:00+00:00,22966.85,22971.55,22964.05,22964.55,369,170,0
2025-08-06 03:55:00+00:00,22964.75,22965.85,22955.25,22960.85,499,180,0
2025-08-06 04:00:00+00:00,22960.75,22966.25,22953.85,22960.95,588,180,0
2025-08-06 04:05:00+00:00,22960.95,22966.75,22957.05,22962.55,537,180,0
2025-08-06 04:10:00+00:00,22962.65,22971.95,22953.85,22970.05,508,180,0
2025-08-06 04:15:00+00:00,22969.75,22971.75,22960.25,22967.05,437,180,0
2025-08-06 04:20:00+00:00,22967.15,22969.75,22963.35,22963.35,401,170,0
2025-08-06 04:25:00+00:00,22963.45,22970.45,22961.15,22964.85,351,170,0
2025-08-06 04:30:00+00:00,22964.85,22981.15,22962.65,22979.25,590,170,0
2025-08-06 04:35:00+00:00,22979.35,22999.35,22976.85,22997.75,569,180,0
2025-08-06 04:40:00+00:00,22997.55,23017.15,22996.85,23005.25,719,190,0
2025-08-06 04:45:00+00:00,23005.45,23009.75,22994.15,22995.65,555,180,0
2025-08-06 04:50:00+00:00,22994.65,23017.55,22994.25,23012.95,577,180,0
2025-08-06 04:55:00+00:00,23013.05,23029.05,23012.75,23025.65,564,170,0
2025-08-06 05:00:00+00:00,23025.15,23028.05,23017.25,23020.75,573,170,0
2025-08-06 05:05:00+00:00,23020.15,23020.25,23012.95,23015.05,397,170,0
2025-08-06 05:10:00+00:00,23014.65,23022.15,23011.75,23020.75,420,170,0
2025-08-06 05:15:00+00:00,23020.55,23031.35,23018.15,23030.05,450,180,0
2025-08-06 05:20:00+00:00,23030.15,23040.65,23028.35,23036.55,475,170,0
2025-08-06 05:25:00+00:00,23036.35,23040.65,23032.25,23040.35,376,170,0
2025-08-06 05:30:00+00:00,23040.45,23054.75,23040.45,23047.75,598,170,0
2025-08-06 05:35:00+00:00,23047.35,23052.45,23042.65,23047.15,420,180,0
2025-08-06 05:40:00+00:00,23047.05,23056.65,23040.75,23054.35,454,170,0
2025-08-06 05:45:00+00:00,23054.35,23054.35,23038.85,23042.95,392,170,0
2025-08-06 05:50:00+00:00,23042.85,23042.85,23035.85,23039.45,288,160,0
2025-08-06 05:55:00+00:00,23039.65,23044.05,23039.15,23044.05,234,150,0
2025-08-06 06:00:00+00:00,23044.25,23046.95,23038.65,23043.15,299,150,0
2025-08-06 06:05:00+00:00,23043.35,23048.45,23041.45,23047.35,295,170,0
2025-08-06 06:10:00+00:00,23046.95,23049.45,23035.15,23035.85,312,160,0
2025-08-06 06:15:00+00:00,23035.65,23044.65,23033.25,23044.15,268,170,0
2025-08-06 06:20:00+00:00,23043.95,23053.95,23042.15,23042.55,418,170,0
2025-08-06 06:25:00+00:00,23042.45,23047.15,23038.95,23045.65,291,170,0
2025-08-06 06:30:00+00:00,23045.65,23057.95,23042.65,23057.05,392,170,0
2025-08-06 06:35:00+00:00,23057.25,23058.15,23049.15,23051.25,333,160,0
2025-08-06 06:40:00+00:00,23050.95,23051.35,23046.45,23048.95,204,160,0
2025-08-06 06:45:00+00:00,23049.15,23056.25,23047.85,23050.25,276,160,0
2025-08-06 06:50:00+00:00,23051.25,23058.45,23049.95,23054.05,238,150,0
2025-08-06 06:55:00+00:00,23054.95,23056.75,23054.25,23054.75,162,150,0
2025-08-06 07:00:00+00:00,23054.75,23060.85,23054.75,23058.45,314,150,0
2025-08-06 07:05:00+00:00,23058.15,23061.95,23056.95,23061.25,211,160,0
2025-08-06 07:10:00+00:00,23060.95,23061.45,23056.85,23056.95,223,150,0
2025-08-06 07:15:00+00:00,23057.15,23059.25,23050.85,23052.95,219,150,0
2025-08-06 07:20:00+00:00,23053.95,23060.35,23053.65,23053.65,233,160,0
2025-08-06 07:25:00+00:00,23053.95,23056.45,23049.25,23055.25,232,150,0
2025-08-06 07:30:00+00:00,23055.25,23059.45,23051.15,23052.95,203,160,0
2025-08-06 07:35:00+00:00,23052.75,23056.25,23048.25,23051.15,227,160,0
2025-08-06 07:40:00+00:00,23050.45,23052.45,23047.35,23048.25,213,160,0
2025-08-06 07:45:00+00:00,23048.35,23051.35,23045.95,23049.45,208,160,0
2025-08-06 07:50:00+00:00,23049.45,23053.95,23048.15,23049.75,220,150,0
2025-08-06 07:55:00+00:00,23049.45,23051.85,23048.45,23050.45,169,150,0
2025-08-06 08:00:00+00:00,23050.45,23055.45,23044.35,23046.35,363,160,0
2025-08-06 08:05:00+00:00,23046.35,23049.45,23043.55,23044.35,244,170,0
2025-08-06 08:10:00+00:00,23044.15,23049.45,23043.95,23046.65,210,160,0
2025-08-06 08:15:00+00:00,23046.85,23049.25,23044.65,23047.75,201,160,0
2025-08-06 08:20:00+00:00,23047.65,23052.35,23047.25,23050.95,260,160,0
2025-08-06 08:25:00+00:00,23050.85,23060.45,23050.85,23059.65,309,160,0
2025-08-06 08:30:00+00:00,23059.75,23074.95,23058.75,23072.55,489,160,0
2025-08-06 08:35:00+00:00,23072.55,23080.55,23066.15,23080.55,460,180,0
2025-08-06 08:40:00+00:00,23080.55,23082.55,23074.65,23081.65,395,170,0
2025-08-06 08:45:00+00:00,23081.35,23090.15,23077.75,23078.75,432,180,0
2025-08-06 08:50:00+00:00,23079.05,23083.55,23075.35,23080.45,340,170,0
2025-08-06 08:55:00+00:00,23080.95,23081.15,23072.65,23073.45,346,170,0
2025-08-06 09:00:00+00:00,23073.55,23081.85,23069.35,23078.75,441,170,0
2025-08-06 09:05:00+00:00,23078.35,23083.35,23075.05,23075.25,339,170,0
2025-08-06 09:10:00+00:00,23075.15,23077.35,23070.35,23076.65,306,170,0
2025-08-06 09:15:00+00:00,23076.45,23089.75,23074.95,23086.85,442,160,0
2025-08-06 09:20:00+00:00,23086.85,23088.25,23077.55,23080.25,328,170,0
2025-08-06 09:25:00+00:00,23081.15,23089.05,23077.65,23086.15,389,180,0
2025-08-06 09:30:00+00:00,23086.15,23092.25,23080.85,23088.85,464,180,0
2025-08-06 09:35:00+00:00,23089.35,23095.35,23087.35,23089.45,364,170,0
2025-08-06 09:40:00+00:00,23088.95,23092.15,23084.05,23086.35,279,170,0
2025-08-06 09:45:00+00:00,23086.15,23092.15,23080.65,23083.35,292,170,0
2025-08-06 09:50:00+00:00,23083.55,23086.05,23081.35,23084.45,274,170,0
2025-08-06 09:55:00+00:00,23083.95,23085.75,23076.15,23080.15,366,160,0
2025-08-06 10:00:00+00:00,23081.45,23092.55,23079.35,23090.75,864,170,0
2025-08-06 10:05:00+00:00,23091.15,23094.25,23081.35,23085.65,675,190,0
2025-08-06 10:10:00+00:00,23085.45,23109.05,23083.95,23107.25,773,190,0
2025-08-06 10:15:00+00:00,23107.25,23108.15,23094.65,23097.85,603,180,0
2025-08-06 10:20:00+00:00,23097.85,23098.05,23084.05,23085.55,561,180,0
2025-08-06 10:25:00+00:00,23085.75,23096.25,23084.45,23095.35,433,180,0
2025-08-06 10:30:00+00:00,23095.25,23102.05,23092.35,23099.35,539,180,0
2025-08-06 10:35:00+00:00,23099.75,23102.15,23093.25,23099.65,451,170,0
2025-08-06 10:40:00+00:00,23099.45,23105.05,23099.45,23103.65,417,170,0
2025-08-06 10:45:00+00:00,23103.65,23104.15,23098.95,23100.55,364,170,0
2025-08-06 10:50:00+00:00,23100.65,23107.55,23094.35,23106.05,468,170,0
2025-08-06 10:55:00+00:00,23106.35,23112.35,23105.55,23108.95,416,170,0
2025-08-06 11:00:00+00:00,23107.95,23108.55,23092.55,23102.45,693,170,0
2025-08-06 11:05:00+00:00,23103.15,23115.45,23102.65,23103.55,617,190,0
2025-08-06 11:10:00+00:00,23103.75,23107.15,23093.15,23095.65,468,180,0
2025-08-06 11:15:00+00:00,23096.05,23098.35,23079.75,23082.35,631,170,0
2025-08-06 11:20:00+00:00,23082.55,23085.55,23076.95,23080.75,529,190,0
2025-08-06 11:25:00+00:00,23080.85,23086.35,23077.25,23077.85,429,180,0
2025-08-06 11:30:00+00:00,23078.15,23079.85,23072.05,23076.85,462,180,0
2025-08-06 11:35:00+00:00,23076.65,23078.15,23069.05,23069.15,479,170,0
2025-08-06 11:40:00+00:00,23069.15,23069.35,23044.75,23049.45,814,180,0
2025-08-06 11:45:00+00:00,23049.75,23061.75,23049.25,23054.85,620,190,0
2025-08-06 11:50:00+00:00,23055.35,23063.75,23047.55,23047.75,592,190,0
2025-08-06 11:55:00+00:00,23047.55,23057.25,23046.05,23054.95,539,200,0
2025-08-06 12:00:00+00:00,23055.15,23063.85,23053.45,23059.85,513,180,0
2025-08-06 12:05:00+00:00,23059.85,23064.25,23052.25,23063.55,490,180,0
2025-08-06 12:10:00+00:00,23063.65,23068.35,23057.85,23066.25,487,180,0
2025-08-06 12:15:00+00:00,23065.65,23067.95,23059.15,23059.15,429,180,0
2025-08-06 12:20:00+00:00,23059.05,23065.65,23047.85,23053.85,639,180,0
2025-08-06 12:25:00+00:00,23053.75,23056.95,23036.35,23039.55,592,190,0
2025-08-06 12:30:00+00:00,23039.55,23042.35,23034.75,23036.85,590,190,0
2025-08-06 12:35:00+00:00,23037.35,23040.65,23025.25,23032.45,485,180,0
2025-08-06 12:40:00+00:00,23032.55,23038.05,23024.95,23032.45,503,190,0
2025-08-06 12:45:00+00:00,23032.55,23033.45,23025.85,23030.85,504,190,0
2025-08-06 12:50:00+00:00,23030.75,23035.15,23029.95,23034.85,393,180,0
2025-08-06 12:55:00+00:00,23035.15,23037.75,23021.05,23036.05,498,170,0
2025-08-06 13:00:00+00:00,23035.75,23037.55,23011.25,23013.75,771,200,0
2025-08-06 13:05:00+00:00,23013.45,23021.55,23011.05,23019.05,637,190,0
2025-08-06 13:10:00+00:00,23019.05,23045.05,23018.75,23040.35,639,190,0
2025-08-06 13:15:00+00:00,23040.05,23043.15,23017.15,23020.55,614,180,0
2025-08-06 13:20:00+00:00,23020.65,23034.25,23010.15,23026.65,843,200,0
2025-08-06 13:25:00+00:00,23026.45,23039.05,23019.25,23036.75,707,200,0
2025-08-06 13:30:00+00:00,23037.15,23039.85,23026.35,23035.05,554,180,0
2025-08-06 13:35:00+00:00,23034.35,23038.45,23019.05,23028.45,617,190,0
2025-08-06 13:40:00+00:00,23027.55,23031.15,23013.25,23013.25,786,200,0
2025-08-06 13:45:00+00:00,23013.45,23018.65,22997.65,22998.15,783,200,0
2025-08-06 13:50:00+00:00,22998.05,23022.75,22996.05,23020.45,740,200,0
2025-08-06 13:55:00+00:00,23020.55,23035.65,23020.25,23032.25,644,180,0
2025-08-06 14:00:00+00:00,23032.55,23060.25,23026.35,23055.45,908,190,0
2025-08-06 14:05:00+00:00,23054.85,23058.65,23040.65,23058.55,745,200,0
2025-08-06 14:10:00+00:00,23058.55,23062.75,23042.15,23052.55,596,190,0
2025-08-06 14:15:00+00:00,23051.85,23058.75,23048.65,23054.45,575,190,0
2025-08-06 14:20:00+00:00,23054.45,23066.55,23052.35,23060.25,474,180,0
2025-08-06 14:25:00+00:00,23059.35,23066.15,23053.55,23066.15,573,180,0
2025-08-06 14:30:00+00:00,23066.05,23084.95,23065.55,23070.55,714,190,0
2025-08-06 14:35:00+00:00,23070.25,23078.75,23065.45,23075.05,628,190,0
2025-08-06 14:40:00+00:00,23076.05,23079.25,23065.35,23076.85,539,190,0
2025-08-06 14:45:00+00:00,23076.75,23080.35,23070.35,23078.85,430,180,0
2025-08-06 14:50:00+00:00,23078.85,23078.85,23067.15,23069.15,430,180,0
2025-08-06 14:55:00+00:00,23067.65,23071.55,23061.85,23064.55,489,180,0
2025-08-06 15:00:00+00:00,23063.25,23071.15,23048.55,23049.25,671,190,0
2025-08-06 15:05:00+00:00,23049.75,23050.05,23037.55,23043.55,690,200,0
2025-08-06 15:10:00+00:00,23043.95,23044.05,23029.55,23033.25,666,190,0
2025-08-06 15:15:00+00:00,23033.75,23062.05,23030.65,23062.05,799,190,0
2025-08-06 15:20:00+00:00,23062.05,23074.75,23058.55,23062.25,739,200,0
2025-08-06 15:25:00+00:00,23062.05,23062.45,23038.25,23039.05,816,200,0
2025-08-06 15:30:00+00:00,23038.15,23060.65,23035.55,23057.95,806,190,0
2025-08-06 15:35:00+00:00,23058.25,23065.75,23049.75,23051.65,683,190,0
2025-08-06 15:40:00+00:00,23051.55,23060.75,23050.55,23056.45,559,190,0
2025-08-06 15:45:00+00:00,23056.55,23068.25,23054.95,23065.95,644,190,0
2025-08-06 15:50:00+00:00,23066.25,23069.45,23054.95,23064.15,684,180,0
2025-08-06 15:55:00+00:00,23064.05,23072.05,23063.35,23068.05,671,180,0
2025-08-06 16:00:00+00:00,23067.25,23071.35,23062.15,23067.35,709,180,0
2025-08-06 16:05:00+00:00,23067.25,23073.05,23062.05,23067.65,593,180,0
2025-08-06 16:10:00+00:00,23067.65,23077.75,23065.75,23077.75,592,170,0
2025-08-06 16:15:00+00:00,23078.65,23083.25,23075.15,23075.55,632,170,0
2025-08-06 16:20:00+00:00,23075.55,23078.75,23058.05,23059.55,758,170,0
2025-08-06 16:25:00+00:00,23059.35,23067.45,23054.45,23058.15,946,180,0
2025-08-06 16:30:00+00:00,23058.35,23111.95,23044.85,23108.95,1630,80,0
2025-08-06 16:35:00+00:00,23109.15,23117.15,23042.85,23051.05,1609,120,0
2025-08-06 16:40:00+00:00,23049.55,23092.05,23039.15,23092.05,1587,120,0
2025-08-06 16:45:00+00:00,23093.85,23128.95,23074.85,23107.95,1587,120,0
2025-08-06 16:50:00+00:00,23105.85,23129.85,23063.45,23119.45,1589,120,0
2025-08-06 16:55:00+00:00,23119.05,23133.35,23087.95,23090.65,1589,120,0
2025-08-06 17:00:00+00:00,23092.15,23158.95,23087.05,23158.95,1577,120,0
2025-08-06 17:05:00+00:00,23157.85,23174.55,23150.05,23167.85,1501,120,0
2025-08-06 17:10:00+00:00,23167.35,23167.95,23109.05,23109.45,1527,120,0
2025-08-06 17:15:00+00:00,23112.05,23126.95,23095.05,23111.45,1561,120,0
2025-08-06 17:20:00+00:00,23111.35,23121.35,23054.65,23070.65,1554,120,0
2025-08-06 17:25:00+00:00,23071.35,23095.65,23058.05,23089.05,1513,120,0
2025-08-06 17:30:00+00:00,23089.45,23100.85,23069.65,23094.15,1516,120,0
2025-08-06 17:35:00+00:00,23094.05,23140.35,23087.65,23135.35,1482,120,0
2025-08-06 17:40:00+00:00,23133.95,23152.35,23125.95,23144.05,1511,120,0
2025-08-06 17:45:00+00:00,23144.85,23158.85,23128.35,23132.85,1484,120,0
2025-08-06 17:50:00+00:00,23134.05,23151.05,23116.55,23150.65,1469,120,0
2025-08-06 17:55:00+00:00,23150.85,23176.55,23150.35,23172.05,1432,120,0
2025-08-06 18:00:00+00:00,23172.35,23181.85,23155.05,23159.05,1430,120,0
2025-08-06 18:05:00+00:00,23158.55,23180.05,23148.35,23178.85,1404,120,0
2025-08-06 18:10:00+00:00,23178.55,23187.45,23162.15,23184.55,1462,120,0
2025-08-06 18:15:00+00:00,23184.45,23205.65,23181.45,23200.55,1272,80,0
2025-08-06 18:20:00+00:00,23201.05,23213.65,23192.65,23204.55,1282,80,0
2025-08-06 18:25:00+00:00,23204.55,23220.75,23202.35,23214.05,1191,80,0
2025-08-06 18:30:00+00:00,23213.75,23232.75,23211.25,23226.55,1164,80,0
2025-08-06 18:35:00+00:00,23230.25,23233.65,23202.05,23208.45,1381,80,0
2025-08-06 18:40:00+00:00,23208.85,23228.05,23188.95,23225.55,1482,120,0
2025-08-06 18:45:00+00:00,23226.15,23239.05,23223.35,23236.55,1207,80,0
2025-08-06 18:50:00+00:00,23236.55,23265.25,23235.55,23262.05,1142,80,0
2025-08-06 18:55:00+00:00,23262.05,23264.05,23251.05,23258.55,1044,80,0
2025-08-06 19:00:00+00:00,23258.05,23270.25,23247.25,23269.55,1180,80,0
2025-08-06 19:05:00+00:00,23269.75,23274.75,23263.75,23269.05,1042,80,0
2025-08-06 19:10:00+00:00,23269.75,23270.55,23251.75,23259.65,1037,80,0
2025-08-06 19:15:00+00:00,23259.85,23273.05,23257.85,23271.55,1039,80,0
2025-08-06 19:20:00+00:00,23271.75,23275.55,23253.55,23261.85,1051,80,0
2025-08-06 19:25:00+00:00,23261.85,23262.75,23249.55,23258.75,1054,80,0
2025-08-06 19:30:00+00:00,23258.75,23259.75,23243.05,23252.75,1116,80,0
2025-08-06 19:35:00+00:00,23252.75,23278.35,23252.75,23258.05,1108,80,0
2025-08-06 19:40:00+00:00,23258.05,23265.25,23238.65,23239.85,1171,80,0
2025-08-06 19:45:00+00:00,23239.85,23262.85,23235.05,23261.55,1343,120,0
2025-08-06 19:50:00+00:00,23261.55,23273.25,23255.65,23264.55,1150,80,0
2025-08-06 19:55:00+00:00,23265.05,23271.25,23258.05,23260.05,928,80,0
2025-08-06 20:00:00+00:00,23260.05,23274.15,23251.55,23264.85,1190,80,0
2025-08-06 20:05:00+00:00,23264.85,23266.05,23250.05,23261.25,1158,80,0
2025-08-06 20:10:00+00:00,23261.05,23265.75,23250.55,23253.75,1039,80,0
2025-08-06 20:15:00+00:00,23254.15,23261.65,23247.75,23260.75,963,80,0
2025-08-06 20:20:00+00:00,23260.75,23266.15,23255.65,23259.25,977,80,0
2025-08-06 20:25:00+00:00,23259.25,23267.15,23253.55,23266.75,918,80,0
2025-08-06 20:30:00+00:00,23266.05,23271.55,23256.25,23270.25,939,80,0
2025-08-06 20:35:00+00:00,23270.35,23276.05,23268.75,23275.65,807,80,0
2025-08-06 20:40:00+00:00,23275.75,23285.25,23269.75,23280.05,854,80,0
2025-08-06 20:45:00+00:00,23280.35,23280.55,23261.25,23263.55,921,80,0
2025-08-06 20:50:00+00:00,23263.65,23266.25,23253.55,23254.75,926,80,0
2025-08-06 20:55:00+00:00,23254.35,23265.25,23252.75,23262.25,864,80,0
2025-08-06 21:00:00+00:00,23261.75,23284.25,23259.65,23283.55,837,80,0
2025-08-06 21:05:00+00:00,23283.55,23302.25,23279.25,23292.55,867,80,0
2025-08-06 21:10:00+00:00,23292.55,23303.75,23284.65,23299.05,843,80,0
2025-08-06 21:15:00+00:00,23299.05,23305.25,23293.25,23297.05,745,80,0
2025-08-06 21:20:00+00:00,23297.05,23308.35,23295.25,23306.25,706,80,0
2025-08-06 21:25:00+00:00,23306.25,23311.65,23302.05,23309.25,780,80,0
2025-08-06 21:30:00+00:00,23309.15,23318.05,23304.25,23316.75,880,80,0
2025-08-06 21:35:00+00:00,23316.75,23324.25,23311.85,23312.75,805,80,0
2025-08-06 21:40:00+00:00,23313.05,23316.85,23303.65,23313.75,863,80,0
2025-08-06 21:45:00+00:00,23314.25,23318.25,23308.55,23316.25,784,80,0
2025-08-06 21:50:00+00:00,23316.05,23322.85,23307.75,23314.55,756,80,0
2025-08-06 21:55:00+00:00,23314.85,23316.65,23298.45,23304.05,849,80,0
2025-08-06 22:00:00+00:00,23303.45,23320.05,23301.55,23316.85,854,80,0
2025-08-06 22:05:00+00:00,23317.05,23317.05,23304.05,23308.05,808,80,0
2025-08-06 22:10:00+00:00,23307.05,23310.15,23300.65,23305.35,835,80,0
2025-08-06 22:15:00+00:00,23305.85,23321.15,23304.55,23319.35,824,80,0
2025-08-06 22:20:00+00:00,23319.45,23327.85,23318.35,23327.55,821,80,0
2025-08-06 22:25:00+00:00,23326.35,23328.05,23313.95,23319.05,813,80,0
2025-08-06 22:30:00+00:00,23318.55,23332.45,23312.55,23325.85,875,80,0
2025-08-06 22:35:00+00:00,23324.95,23329.65,23319.05,23328.05,773,80,0
2025-08-06 22:40:00+00:00,23328.35,23330.05,23308.35,23310.55,855,80,0
2025-08-06 22:45:00+00:00,23310.55,23314.75,23305.05,23313.25,1016,80,0
2025-08-06 22:50:00+00:00,23305.55,23309.85,23295.45,23307.15,1207,80,0
2025-08-06 22:55:00+00:00,23306.95,23315.85,23294.65,23311.15,1278,80,0
2025-08-06 23:00:00+00:00,23311.15,23311.95,23293.16,23296.36,993,120,0
2025-08-06 23:05:00+00:00,23298.66,23304.56,23290.06,23299.66,788,218,0
2025-08-06 23:10:00+00:00,23300.36,23306.66,23292.46,23292.66,598,198,0
2025-08-06 23:15:00+00:00,23291.66,23298.16,23285.16,23297.46,492,198,0
2025-08-06 23:20:00+00:00,23297.46,23300.76,23295.96,23298.76,370,178,0
2025-08-06 23:25:00+00:00,23298.76,23304.56,23296.26,23299.06,335,178,0
2025-08-06 23:30:00+00:00,23299.06,23301.26,23296.06,23301.16,288,178,0
2025-08-06 23:35:00+00:00,23301.06,23301.06,23287.06,23293.16,517,178,0
2025-08-06 23:40:00+00:00,23293.16,23298.46,23291.46,23296.36,323,168,0
2025-08-06 23:45:00+00:00,23296.46,23300.76,23291.56,23298.96,402,168,0
2025-08-07 01:05:00+00:00,23278.66,23301.56,23275.36,23298.16,442,218,0
2025-08-07 01:10:00+00:00,23298.16,23310.46,23297.56,23303.46,470,208,0
2025-08-07 01:15:00+00:00,23303.66,23325.36,23302.66,23323.26,486,198,0
2025-08-07 01:20:00+00:00,23323.16,23328.16,23320.26,23326.26,408,198,0
2025-08-07 01:25:00+00:00,23326.16,23359.16,23326.06,23356.66,689,198,0
2025-08-07 01:30:00+00:00,23354.56,23369.56,23350.36,23359.06,612,218,0
2025-08-07 01:35:00+00:00,23358.96,23361.16,23348.56,23353.56,455,198,0
2025-08-07 01:40:00+00:00,23353.46,23358.86,23350.36,23351.46,354,198,0
2025-08-07 01:45:00+00:00,23351.16,23354.66,23346.76,23346.76,299,188,0
2025-08-07 01:50:00+00:00,23346.56,23355.26,23341.26,23348.16,375,178,0
2025-08-07 01:55:00+00:00,23348.06,23351.06,23342.76,23350.26,304,178,0
2025-08-07 02:00:00+00:00,23350.76,23360.35,23349.15,23354.65,369,170,0
2025-08-07 02:05:00+00:00,23354.65,23366.25,23351.15,23364.25,351,170,0
2025-08-07 02:10:00+00:00,23363.75,23364.05,23354.35,23356.05,331,170,0
2025-08-07 02:15:00+00:00,23358.25,23358.25,23348.25,23351.25,290,180,0
2025-08-07 02:20:00+00:00,23351.05,23354.95,23349.25,23354.45,200,150,0
2025-08-07 02:25:00+00:00,23354.65,23355.45,23345.95,23351.15,247,150,0
2025-08-07 02:30:00+00:00,23351.35,23353.15,23347.95,23351.85,209,160,0
2025-08-07 02:35:00+00:00,23351.65,23357.65,23349.35,23350.85,273,170,0
2025-08-07 02:40:00+00:00,23350.85,23352.45,23345.05,23347.15,323,170,0
2025-08-07 02:45:00+00:00,23347.15,23348.65,23339.35,23340.65,456,170,0
2025-08-07 02:50:00+00:00,23340.65,23345.75,23339.65,23339.95,315,160,0
2025-08-07 02:55:00+00:00,23339.85,23344.15,23334.55,23341.25,444,160,0
2025-08-07 03:00:00+00:00,23341.65,23350.55,23333.95,23350.25,601,180,0
2025-08-07 03:05:00+00:00,23350.25,23354.55,23346.35,23353.65,478,180,0
2025-08-07 03:10:00+00:00,23353.35,23356.35,23351.15,23356.35,286,170,0
2025-08-07 03:15:00+00:00,23356.15,23363.15,23352.35,23360.75,459,160,0
2025-08-07 03:20:00+00:00,23360.85,23367.95,23359.05,23367.45,393,170,0
2025-08-07 03:25:00+00:00,23367.45,23380.15,23367.45,23375.05,637,170,0
2025-08-07 03:30:00+00:00,23375.85,23383.05,23375.25,23377.35,465,180,0
2025-08-07 03:35:00+00:00,23377.35,23385.65,23377.25,23384.25,325,160,0
2025-08-07 03:40:00+00:00,23384.15,23389.05,23377.15,23380.65,408,160,0
2025-08-07 03:45:00+00:00,23380.75,23385.15,23378.65,23382.45,407,170,0
2025-08-07 03:50:00+00:00,23382.35,23391.35,23378.65,23378.85,397,170,0
2025-08-07 03:55:00+00:00,23379.05,23381.15,23374.95,23378.15,406,160,0
2025-08-07 04:00:00+00:00,23378.15,23381.05,23375.45,23378.15,443,160,0
2025-08-07 04:05:00+00:00,23378.35,23386.35,23376.65,23386.05,433,170,0
2025-08-07 04:10:00+00:00,23386.05,23386.45,23380.35,23380.65,379,170,0
2025-08-07 04:15:00+00:00,23380.55,23381.15,23373.75,23375.85,360,170,0
2025-08-07 04:20:00+00:00,23375.55,23377.75,23371.55,23375.25,358,150,0
2025-08-07 04:25:00+00:00,23375.35,23380.85,23375.15,23378.25,325,150,0
2025-08-07 04:30:00+00:00,23377.35,23380.75,23375.65,23376.45,366,160,0
2025-08-07 04:35:00+00:00,23376.75,23390.85,23369.65,23390.05,483,160,0
2025-08-07 04:40:00+00:00,23390.45,23400.65,23389.15,23396.65,482,170,0
2025-08-07 04:45:00+00:00,23396.55,23397.35,23388.55,23395.65,397,170,0
2025-08-07 04:50:00+00:00,23395.45,23398.25,23391.95,23391.95,355,160,0
2025-08-07 04:55:00+00:00,23391.95,23392.25,23385.95,23385.95,343,160,0
2025-08-07 05:00:00+00:00,23385.95,23387.65,23382.15,23384.25,316,160,0
2025-08-07 05:05:00+00:00,23384.15,23394.55,23383.15,23392.85,337,150,0
2025-08-07 05:10:00+00:00,23392.85,23394.95,23385.35,23388.95,274,160,0
2025-08-07 05:15:00+00:00,23388.75,23388.95,23382.15,23386.55,296,150,0
2025-08-07 05:20:00+00:00,23386.95,23391.45,23381.85,23385.35,299,150,0
2025-08-07 05:25:00+00:00,23385.25,23386.55,23379.45,23380.95,272,160,0
2025-08-07 05:30:00+00:00,23380.85,23386.05,23380.55,23386.05,221,150,0
2025-08-07 05:35:00+00:00,23386.15,23388.25,23381.75,23385.65,278,150,0
2025-08-07 05:40:00+00:00,23386.65,23388.25,23376.75,23378.45,274,150,0
2025-08-07 05:45:00+00:00,23378.45,23382.75,23375.85,23382.75,272,160,0
2025-08-07 05:50:00+00:00,23383.15,23383.15,23376.75,23378.65,241,150,0
2025-08-07 05:55:00+00:00,23378.95,23380.05,23377.15,23378.25,172,150,0
2025-08-07 06:00:00+00:00,23378.25,23388.65,23377.95,23385.95,293,150,0
2025-08-07 06:05:00+00:00,23385.35,23386.35,23373.35,23373.45,274,160,0
2025-08-07 06:10:00+00:00,23373.75,23377.15,23373.45,23374.55,202,150,0
2025-08-07 06:15:00+00:00,23374.75,23379.25,23373.95,23376.75,219,150,0
2025-08-07 06:20:00+00:00,23377.05,23379.75,23374.15,23378.65,169,150,0
2025-08-07 06:25:00+00:00,23378.65,23380.75,23377.65,23377.95,163,150,0
2025-08-07 06:30:00+00:00,23378.65,23380.25,23375.45,23379.95,221,150,0
2025-08-07 06:35:00+00:00,23379.75,23384.55,23378.25,23383.05,230,150,0
2025-08-07 06:40:00+00:00,23382.95,23384.55,23380.55,23382.75,220,150,0
2025-08-07 06:45:00+00:00,23382.75,23387.95,23382.55,23385.25,276,150,0
2025-08-07 06:50:00+00:00,23385.45,23386.25,23377.75,23378.95,220,150,0
2025-08-07 06:55:00+00:00,23379.15,23381.75,23378.75,23379.25,205,150,0
2025-08-07 07:00:00+00:00,23379.45,23385.65,23377.25,23384.75,231,150,0
2025-08-07 07:05:00+00:00,23384.95,23387.45,23380.75,23384.15,213,150,0
2025-08-07 07:10:00+00:00,23383.75,23389.05,23383.75,23386.45,175,150,0
2025-08-07 07:15:00+00:00,23386.55,23387.25,23383.65,23384.95,137,150,0
2025-08-07 07:20:00+00:00,23384.75,23386.75,23382.15,23382.65,138,150,0
2025-08-07 07:25:00+00:00,23382.75,23382.75,23370.25,23370.25,256,150,0
2025-08-07 07:30:00+00:00,23370.45,23375.95,23370.35,23373.25,204,150,0
2025-08-07 07:35:00+00:00,23373.25,23373.75,23365.15,23367.95,292,150,0
2025-08-07 07:40:00+00:00,23368.45,23370.45,23358.35,23361.25,308,160,0
2025-08-07 07:45:00+00:00,23361.45,23361.45,23347.35,23354.75,432,150,0
2025-08-07 07:50:00+00:00,23354.65,23354.65,23348.65,23352.15,295,160,0
2025-08-07 07:55:00+00:00,23352.45,23356.25,23347.55,23354.45,276,150,0
2025-08-07 08:00:00+00:00,23354.85,23355.95,23345.65,23350.15,464,160,0
2025-08-07 08:05:00+00:00,23350.15,23353.05,23346.15,23352.95,270,160,0
2025-08-07 08:10:00+00:00,23353.05,23357.25,23344.65,23347.35,424,170,0
2025-08-07 08:15:00+00:00,23347.35,23352.65,23347.35,23351.45,281,160,0
2025-08-07 08:20:00+00:00,23351.65,23359.45,23351.65,23355.85,331,160,0
2025-08-07 08:25:00+00:00,23355.85,23365.55,23355.55,23364.95,347,160,0
2025-08-07 08:30:00+00:00,23364.95,23368.95,23360.85,23366.35,336,160,0
2025-08-07 08:35:00+00:00,23366.45,23371.95,23361.05,23362.15,353,170,0
2025-08-07 08:40:00+00:00,23361.95,23367.75,23358.95,23367.65,297,160,0
2025-08-07 08:45:00+00:00,23367.35,23369.75,23362.45,23368.25,271,160,0
2025-08-07 08:50:00+00:00,23367.95,23370.65,23365.45,23369.85,266,160,0
2025-08-07 08:55:00+00:00,23369.65,23373.35,23366.45,23372.65,280,160,0
2025-08-07 09:00:00+00:00,23372.15,23382.55,23370.25,23381.55,490,160,0
2025-08-07 09:05:00+00:00,23381.35,23382.45,23371.15,23375.85,512,180,0
2025-08-07 09:10:00+00:00,23375.65,23380.35,23367.85,23369.85,464,180,0
2025-08-07 09:15:00+00:00,23369.15,23372.55,23362.35,23367.55,506,180,0
2025-08-07 09:20:00+00:00,23367.55,23379.95,23366.75,23379.65,394,170,0
2025-08-07 09:25:00+00:00,23379.65,23382.45,23374.95,23381.35,369,170,0
2025-08-07 09:30:00+00:00,23381.15,23386.55,23380.95,23381.95,360,170,0
2025-08-07 09:35:00+00:00,23381.65,23383.15,23368.15,23369.15,401,170,0
2025-08-07 09:40:00+00:00,23369.15,23376.85,23368.55,23373.05,338,170,0
2025-08-07 09:45:00+00:00,23373.15,23378.95,23372.95,23374.85,258,160,0
2025-08-07 09:50:00+00:00,23374.95,23376.75,23371.05,23371.75,223,150,0
2025-08-07 09:55:00+00:00,23371.75,23372.95,23356.85,23362.15,415,150,0
2025-08-07 10:00:00+00:00,23362.15,23368.35,23360.55,23366.15,963,180,0
2025-08-07 10:05:00+00:00,23366.35,23378.45,23366.25,23378.25,662,190,0
2025-08-07 10:10:00+00:00,23378.25,23390.55,23376.35,23389.75,665,180,0
2025-08-07 10:15:00+00:00,23389.85,23402.55,23382.05,23384.35,703,180,0
2025-08-07 10:20:00+00:00,23384.35,23390.25,23380.45,23390.05,580,180,0
2025-08-07 10:25:00+00:00,23390.05,23390.75,23369.55,23372.65,556,180,0
2025-08-07 10:30:00+00:00,23371.15,23378.85,23369.65,23373.15,564,180,0
2025-08-07 10:35:00+00:00,23373.35,23384.45,23373.15,23383.65,460,170,0
2025-08-07 10:40:00+00:00,23383.95,23390.85,23382.45,23387.15,537,170,0
2025-08-07 10:45:00+00:00,23387.35,23395.35,23384.85,23386.45,414,170,0
2025-08-07 10:50:00+00:00,23386.55,23396.45,23386.35,23395.65,495,170,0
2025-08-07 10:55:00+00:00,23395.65,23403.15,23395.65,23398.95,454,160,0
2025-08-07 11:00:00+00:00,23398.55,23423.45,23397.45,23421.95,1024,170,0
2025-08-07 11:05:00+00:00,23423.45,23430.35,23418.85,23427.05,795,190,0
2025-08-07 11:10:00+00:00,23428.25,23431.55,23420.25,23431.55,647,180,0
2025-08-07 11:15:00+00:00,23431.55,23434.55,23421.95,23433.25,584,180,0
2025-08-07 11:20:00+00:00,23433.05,23440.35,23427.55,23435.45,596,180,0
2025-08-07 11:25:00+00:00,23435.35,23464.45,23435.05,23457.85,788,180,0
2025-08-07 11:30:00+00:00,23457.85,23462.35,23445.55,23447.75,667,190,0
2025-08-07 11:35:00+00:00,23447.55,23448.25,23430.35,23434.35,605,180,0
2025-08-07 11:40:00+00:00,23434.35,23438.15,23430.35,23438.15,470,180,0
2025-08-07 11:45:00+00:00,23438.15,23445.15,23436.25,23442.25,570,180,0
2025-08-07 11:50:00+00:00,23442.15,23456.25,23440.35,23454.35,532,180,0
2025-08-07 11:55:00+00:00,23454.25,23456.85,23443.95,23445.05,572,170,0
2025-08-07 12:00:00+00:00,23446.05,23446.55,23427.55,23440.15,723,190,0
2025-08-07 12:05:00+00:00,23440.05,23448.45,23434.35,23447.55,568,190,0
2025-08-07 12:10:00+00:00,23447.55,23456.65,23443.55,23455.15,556,180,0
2025-08-07 12:15:00+00:00,23454.85,23455.35,23443.35,23448.35,472,180,0
2025-08-07 12:20:00+00:00,23448.65,23460.75,23445.65,23458.85,573,180,0
2025-08-07 12:25:00+00:00,23459.15,23468.75,23451.95,23468.55,616,180,0
2025-08-07 12:30:00+00:00,23468.35,23476.95,23463.55,23469.35,687,190,0
2025-08-07 12:35:00+00:00,23469.35,23469.35,23458.85,23460.85,630,180,0
2025-08-07 12:40:00+00:00,23461.15,23483.05,23459.15,23481.55,555,180,0
2025-08-07 12:45:00+00:00,23481.65,23485.75,23474.05,23474.35,631,180,0
2025-08-07 12:50:00+00:00,23474.55,23491.05,23474.35,23483.95,591,180,0
2025-08-07 12:55:00+00:00,23484.05,23496.45,23483.95,23491.55,594,180,0
2025-08-07 13:00:00+00:00,23491.65,23500.75,23488.65,23500.35,594,180,0
2025-08-07 13:05:00+00:00,23500.25,23502.55,23496.65,23498.65,550,180,0
2025-08-07 13:10:00+00:00,23498.75,23504.75,23493.15,23504.55,624,180,0
2025-08-07 13:15:00+00:00,23504.35,23515.75,23504.35,23513.75,730,180,0
2025-08-07 13:20:00+00:00,23513.75,23514.95,23490.75,23492.45,677,180,0
2025-08-07 13:25:00+00:00,23492.35,23500.65,23487.75,23499.45,770,190,0
2025-08-07 13:30:00+00:00,23499.25,23500.55,23486.55,23495.55,751,200,0
2025-08-07 13:35:00+00:00,23495.45,23504.85,23493.85,23504.55,597,190,0
2025-08-07 13:40:00+00:00,23504.75,23505.35,23492.35,23500.15,544,180,0
2025-08-07 13:45:00+00:00,23500.15,23510.65,23499.35,23506.05,544,180,0
2025-08-07 13:50:00+00:00,23506.05,23513.15,23505.55,23511.95,508,160,0
2025-08-07 13:55:00+00:00,23511.65,23513.35,23502.95,23506.65,348,170,0
2025-08-07 14:00:00+00:00,23509.95,23527.65,23501.45,23503.85,986,170,0
2025-08-07 14:05:00+00:00,23504.35,23509.55,23499.55,23502.25,719,200,0
2025-08-07 14:10:00+00:00,23502.55,23503.55,23495.85,23497.05,569,180,0
2025-08-07 14:15:00+00:00,23496.85,23514.45,23496.55,23512.75,649,180,0
2025-08-07 14:20:00+00:00,23512.85,23515.75,23497.35,23499.35,650,180,0
2025-08-07 14:25:00+00:00,23499.85,23504.35,23497.55,23503.75,589,180,0
2025-08-07 14:30:00+00:00,23501.85,23502.65,23485.25,23486.05,618,180,0
2025-08-07 14:35:00+00:00,23486.05,23488.85,23475.05,23476.85,764,190,0
2025-08-07 14:40:00+00:00,23477.45,23494.75,23473.05,23483.55,757,190,0
2025-08-07 14:45:00+00:00,23483.45,23486.95,23478.05,23480.35,609,190,0
2025-08-07 14:50:00+00:00,23480.35,23486.35,23469.95,23477.95,640,190,0
2025-08-07 14:55:00+00:00,23478.05,23479.45,23470.35,23471.35,546,180,0
2025-08-07 15:00:00+00:00,23471.15,23479.45,23469.25,23470.55,695,180,0
2025-08-07 15:05:00+00:00,23468.85,23484.35,23465.55,23480.95,750,190,0
2025-08-07 15:10:00+00:00,23481.35,23483.05,23472.45,23480.75,659,190,0
2025-08-07 15:15:00+00:00,23480.75,23492.85,23479.25,23488.05,676,180,0
2025-08-07 15:20:00+00:00,23487.85,23494.75,23481.65,23486.55,697,180,0
2025-08-07 15:25:00+00:00,23485.95,23489.95,23479.55,23486.5,668,200,0
2025-08-07 15:30:00+00:00,23487.2,23502.25,23475.54,23486.45,1063,210,0
2025-08-07 15:35:00+00:00,23486.35,23497.45,23483.75,23488.75,892,200,0
2025-08-07 15:40:00+00:00,23488.85,23494.95,23484.85,23487.65,701,200,0
2025-08-07 15:45:00+00:00,23488.55,23500.85,23488.55,23493.25,672,190,0
2025-08-07 15:50:00+00:00,23493.55,23503.45,23486.05,23499.75,731,190,0
2025-08-07 15:55:00+00:00,23499.75,23501.45,23483.25,23486.85,767,190,0
2025-08-07 16:00:00+00:00,23487.75,23505.35,23486.05,23504.85,747,180,0
2025-08-07 16:05:00+00:00,23504.55,23507.85,23497.35,23506.35,741,180,0
2025-08-07 16:10:00+00:00,23506.15,23507.75,23493.55,23494.85,709,180,0
2025-08-07 16:15:00+00:00,23494.65,23506.05,23488.75,23503.25,714,170,0
2025-08-07 16:20:00+00:00,23503.35,23506.05,23498.65,23502.05,673,170,0
2025-08-07 16:25:00+00:00,23499.55,23499.55,23480.05,23490.15,926,180,0
2025-08-07 16:30:00+00:00,23490.95,23520.85,23473.65,23505.55,1643,80,0
2025-08-07 16:35:00+00:00,23505.65,23523.05,23484.55,23522.85,1583,120,0
2025-08-07 16:40:00+00:00,23523.05,23537.65,23486.45,23495.45,1584,120,0
2025-08-07 16:45:00+00:00,23495.45,23500.45,23460.05,23490.85,1619,120,0
2025-08-07 16:50:00+00:00,23490.95,23521.85,23490.95,23507.85,1578,120,0
2025-08-07 16:55:00+00:00,23507.35,23548.85,23497.05,23543.95,1506,120,0
2025-08-07 17:00:00+00:00,23546.15,23560.85,23518.95,23529.65,1578,120,0
2025-08-07 17:05:00+00:00,23530.05,23545.35,23495.15,23497.45,1577,120,0
2025-08-07 17:10:00+00:00,23497.15,23503.95,23471.35,23498.65,1586,120,0
2025-08-07 17:15:00+00:00,23497.95,23513.95,23481.05,23492.05,1586,120,0
2025-08-07 17:20:00+00:00,23491.95,23504.05,23450.95,23453.55,1552,120,0
2025-08-07 17:25:00+00:00,23454.05,23466.85,23434.35,23464.85,1580,120,0
2025-08-07 17:30:00+00:00,23464.95,23467.55,23431.55,23456.45,1533,120,0
2025-08-07 17:35:00+00:00,23456.35,23471.05,23436.35,23466.85,1516,120,0
2025-08-07 17:40:00+00:00,23465.95,23471.45,23445.35,23469.05,1506,120,0
2025-08-07 17:45:00+00:00,23468.55,23482.55,23429.55,23468.65,1547,120,0
2025-08-07 17:50:00+00:00,23466.45,23468.85,23428.35,23442.35,1517,120,0
2025-08-07 17:55:00+00:00,23442.05,23442.45,23410.15,23428.05,1535,120,0
2025-08-07 18:00:00+00:00,23426.85,23447.35,23403.45,23419.35,1488,120,0
2025-08-07 18:05:00+00:00,23417.45,23430.85,23409.85,23420.65,1510,120,0
2025-08-07 18:10:00+00:00,23420.95,23439.05,23403.05,23415.45,1488,120,0
2025-08-07 18:15:00+00:00,23414.95,23443.65,23394.35,23429.85,1450,120,0
2025-08-07 18:20:00+00:00,23429.05,23448.05,23428.55,23441.95,1439,120,0
2025-08-07 18:25:00+00:00,23441.95,23444.95,23388.65,23399.45,1526,120,0
2025-08-07 18:30:00+00:00,23399.35,23421.05,23390.45,23403.85,1454,120,0
2025-08-07 18:35:00+00:00,23403.85,23421.55,23396.65,23407.45,1463,120,0
2025-08-07 18:40:00+00:00,23407.25,23413.75,23393.45,23403.95,1443,120,0
2025-08-07 18:45:00+00:00,23402.85,23411.95,23372.25,23372.95,1452,120,0
2025-08-07 18:50:00+00:00,23373.75,23412.55,23373.75,23409.75,1454,120,0
2025-08-07 18:55:00+00:00,23409.75,23417.55,23393.45,23393.75,1397,80,0
2025-08-07 19:00:00+00:00,23393.35,23402.25,23357.55,23386.75,1466,90,0
2025-08-07 19:05:00+00:00,23386.55,23387.95,23367.45,23371.85,1450,120,0
2025-08-07 19:10:00+00:00,23371.85,23401.85,23355.25,23394.45,1466,120,0
2025-08-07 19:15:00+00:00,23394.45,23408.25,23378.65,23383.95,1389,80,0
2025-08-07 19:20:00+00:00,23383.45,23405.15,23381.65,23402.15,1374,80,0
2025-08-07 19:25:00+00:00,23402.45,23406.95,23383.65,23388.55,1304,80,0
2025-08-07 19:30:00+00:00,23388.55,23402.55,23380.35,23387.55,1322,80,0
2025-08-07 19:35:00+00:00,23388.25,23397.75,23359.85,23363.25,1377,80,0
2025-08-07 19:40:00+00:00,23363.45,23363.45,23303.55,23306.45,1561,120,0
2025-08-07 19:45:00+00:00,23305.95,23324.25,23285.35,23323.05,1520,120,0
2025-08-07 19:50:00+00:00,23322.05,23376.05,23321.45,23371.95,1428,120,0
2025-08-07 19:55:00+00:00,23371.55,23381.05,23352.75,23355.55,1381,120,0
2025-08-07 20:00:00+00:00,23356.05,23381.45,23323.45,23341.05,1441,120,0
2025-08-07 20:05:00+00:00,23339.05,23359.45,23332.75,23347.85,1456,120,0
2025-08-07 20:10:00+00:00,23348.05,23352.85,23323.95,23334.35,1404,120,0
2025-08-07 20:15:00+00:00,23335.35,23341.35,23309.95,23320.45,1460,120,0
2025-08-07 20:20:00+00:00,23320.05,23351.95,23318.25,23349.05,1413,120,0
2025-08-07 20:25:00+00:00,23349.05,23352.35,23302.75,23303.05,1432,120,0
2025-08-07 20:30:00+00:00,23302.35,23310.55,23284.35,23294.75,1461,120,0
2025-08-07 20:35:00+00:00,23293.35,23305.95,23277.35,23302.85,1463,120,0
2025-08-07 20:40:00+00:00,23303.45,23317.55,23295.75,23311.05,1408,120,0
2025-08-07 20:45:00+00:00,23310.25,23320.25,23301.55,23311.45,1383,120,0
2025-08-07 20:50:00+00:00,23310.35,23322.75,23298.85,23319.95,1352,120,0
2025-08-07 20:55:00+00:00,23319.85,23327.85,23302.75,23313.75,1288,120,0
2025-08-07 21:00:00+00:00,23314.45,23325.25,23288.45,23308.95,1410,120,0
2025-08-07 21:05:00+00:00,23308.55,23312.35,23274.35,23279.35,1412,120,0
2025-08-07 21:10:00+00:00,23280.35,23281.85,23241.25,23254.45,1433,120,0
2025-08-07 21:15:00+00:00,23253.95,23254.35,23225.75,23231.05,1417,120,0
2025-08-07 21:20:00+00:00,23231.35,23246.35,23226.55,23230.35,1440,120,0
2025-08-07 21:25:00+00:00,23230.25,23269.95,23226.55,23264.55,1386,120,0
2025-08-07 21:30:00+00:00,23261.85,23265.05,23243.45,23261.55,1363,120,0
2025-08-07 21:35:00+00:00,23261.45,23279.05,23252.55,23268.05,1249,80,0
2025-08-07 21:40:00+00:00,23268.05,23270.45,23244.75,23246.15,1304,80,0
2025-08-07 21:45:00+00:00,23246.05,23273.65,23244.75,23272.05,1226,80,0
2025-08-07 21:50:00+00:00,23272.45,23294.65,23261.25,23294.45,1233,80,0
2025-08-07 21:55:00+00:00,23293.95,23316.15,23293.95,23301.65,1241,80,0
2025-08-07 22:00:00+00:00,23301.25,23311.75,23288.25,23301.85,1287,110,0
2025-08-07 22:05:00+00:00,23301.45,23304.45,23284.75,23303.55,1264,80,0
2025-08-07 22:10:00+00:00,23303.85,23305.15,23290.15,23290.15,1205,80,0
2025-08-07 22:15:00+00:00,23289.95,23301.45,23281.95,23293.25,1223,80,0
2025-08-07 22:20:00+00:00,23292.05,23299.95,23282.95,23292.55,1226,80,0
2025-08-07 22:25:00+00:00,23291.65,23294.75,23274.95,23289.75,1254,80,0
2025-08-07 22:30:00+00:00,23289.75,23317.35,23288.55,23310.25,1336,110,0
2025-08-07 22:35:00+00:00,23308.55,23337.95,23307.05,23308.45,1264,80,0
2025-08-07 22:40:00+00:00,23308.45,23336.95,23308.45,23335.15,1152,80,0
2025-08-07 22:45:00+00:00,23334.95,23350.55,23331.55,23341.75,1223,80,0
2025-08-07 22:50:00+00:00,23341.05,23356.45,23337.85,23346.35,1361,80,0
2025-08-07 22:55:00+00:00,23346.55,23397.85,23346.55,23395.85,1287,120,0
2025-08-07 23:00:00+00:00,23395.76,23419.66,23395.26,23398.66,1209,138,0
2025-08-07 23:05:00+00:00,23398.16,23414.26,23393.16,23411.26,805,208,0
2025-08-07 23:10:00+00:00,23412.26,23427.86,23406.06,23424.66,869,208,0
2025-08-07 23:15:00+00:00,23424.26,23424.66,23406.96,23410.36,705,208,0
2025-08-07 23:20:00+00:00,23410.26,23413.06,23404.66,23409.06,559,198,0
2025-08-07 23:25:00+00:00,23409.66,23411.36,23403.96,23407.86,521,198,0
2025-08-07 23:30:00+00:00,23407.66,23409.56,23396.16,23396.36,389,178,0
2025-08-07 23:35:00+00:00,23396.46,23406.66,23395.46,23402.36,384,178,0
2025-08-07 23:40:00+00:00,23402.66,23402.86,23397.46,23397.46,294,178,0
2025-08-07 23:45:00+00:00,23397.66,23404.66,23395.76,23401.96,329,168,0
2025-08-08 01:05:00+00:00,23422.96,23439.86,23418.56,23438.86,360,198,0
2025-08-08 01:10:00+00:00,23439.16,23447.26,23437.56,23446.26,330,188,0
2025-08-08 01:15:00+00:00,23446.26,23450.96,23443.86,23447.46,366,188,0
2025-08-08 01:20:00+00:00,23447.16,23463.36,23442.96,23459.66,343,188,0
2025-08-08 01:25:00+00:00,23459.56,23460.66,23452.06,23456.66,351,198,0
2025-08-08 01:30:00+00:00,23456.76,23460.16,23452.86,23455.46,276,188,0
2025-08-08 01:35:00+00:00,23455.16,23457.36,23444.46,23447.76,351,178,0
2025-08-08 01:40:00+00:00,23448.16,23448.16,23439.56,23444.06,393,188,0
2025-08-08 01:45:00+00:00,23443.66,23454.26,23439.96,23449.86,447,188,0
2025-08-08 01:50:00+00:00,23450.16,23454.76,23446.56,23449.26,324,198,0
2025-08-08 01:55:00+00:00,23451.26,23455.56,23450.26,23451.56,263,188,0
2025-08-08 02:00:00+00:00,23451.46,23454.25,23443.45,23445.75,354,170,0
2025-08-08 02:05:00+00:00,23446.15,23451.65,23441.85,23446.65,266,180,0
2025-08-08 02:10:00+00:00,23446.45,23451.05,23444.95,23448.15,196,160,0
2025-08-08 02:15:00+00:00,23448.05,23453.75,23447.95,23450.25,184,160,0
2025-08-08 02:20:00+00:00,23450.25,23453.25,23444.25,23449.95,236,160,0
2025-08-08 02:25:00+00:00,23450.55,23450.55,23441.15,23445.75,241,160,0
2025-08-08 02:30:00+00:00,23446.05,23447.95,23440.95,23443.55,261,170,0
2025-08-08 02:35:00+00:00,23443.75,23444.45,23437.55,23438.75,242,150,0
2025-08-08 02:40:00+00:00,23438.85,23441.35,23434.45,23440.85,291,150,0
2025-08-08 02:45:00+00:00,23440.85,23444.75,23438.25,23443.05,311,160,0
2025-08-08 02:50:00+00:00,23443.45,23444.85,23437.75,23441.45,256,160,0
2025-08-08 02:55:00+00:00,23441.95,23442.95,23436.05,23437.25,245,160,0
2025-08-08 03:00:00+00:00,23437.75,23438.45,23429.25,23432.05,544,160,0
2025-08-08 03:05:00+00:00,23432.35,23443.45,23426.35,23441.85,499,170,0
2025-08-08 03:10:00+00:00,23442.15,23452.95,23441.85,23452.85,617,170,0
2025-08-08 03:15:00+00:00,23452.65,23460.15,23449.35,23458.35,547,180,0
2025-08-08 03:20:00+00:00,23458.65,23463.65,23452.45,23462.95,460,170,0
2025-08-08 03:25:00+00:00,23463.25,23464.95,23460.25,23462.95,378,160,0
2025-08-08 03:30:00+00:00,23463.35,23473.95,23461.75,23469.35,601,160,0
2025-08-08 03:35:00+00:00,23469.65,23480.15,23468.65,23474.35,538,170,0
2025-08-08 03:40:00+00:00,23473.95,23479.15,23473.15,23474.95,376,160,0
2025-08-08 03:45:00+00:00,23475.05,23475.95,23466.25,23468.65,520,160,0
2025-08-08 03:50:00+00:00,23468.85,23469.15,23457.15,23459.95,473,170,0
2025-08-08 03:55:00+00:00,23460.05,23470.45,23458.95,23469.45,383,160,0
2025-08-08 04:00:00+00:00,23469.75,23475.45,23466.65,23468.15,471,160,0
2025-08-08 04:05:00+00:00,23468.05,23472.05,23464.55,23465.95,310,160,0
2025-08-08 04:10:00+00:00,23465.65,23466.55,23459.95,23461.65,334,170,0
2025-08-08 04:15:00+00:00,23461.95,23462.45,23452.15,23456.45,466,170,0
2025-08-08 04:20:00+00:00,23456.65,23462.65,23454.65,23461.75,342,160,0
2025-08-08 04:25:00+00:00,23461.25,23463.45,23453.65,23462.45,338,160,0
2025-08-08 04:30:00+00:00,23462.55,23467.65,23460.45,23465.15,409,170,0
2025-08-08 04:35:00+00:00,23465.15,23465.55,23456.65,23460.95,396,170,0
2025-08-08 04:40:00+00:00,23460.95,23464.65,23457.65,23460.25,416,160,0
2025-08-08 04:45:00+00:00,23460.45,23463.75,23458.45,23463.75,267,160,0
2025-08-08 04:50:00+00:00,23463.25,23465.95,23459.95,23461.55,327,160,0
2025-08-08 04:55:00+00:00,23461.75,23461.75,23455.95,23459.95,328,160,0
2025-08-08 05:00:00+00:00,23459.95,23465.95,23459.75,23464.95,316,160,0
2025-08-08 05:05:00+00:00,23464.85,23469.75,23463.95,23466.55,291,150,0
2025-08-08 05:10:00+00:00,23466.65,23471.65,23466.55,23470.65,207,150,0
2025-08-08 05:15:00+00:00,23470.55,23475.05,23470.55,23474.05,273,150,0
2025-08-08 05:20:00+00:00,23474.15,23474.55,23469.25,23471.25,242,150,0
2025-08-08 05:25:00+00:00,23471.55,23476.45,23471.25,23473.05,261,150,0
2025-08-08 05:30:00+00:00,23472.45,23474.85,23470.65,23474.75,212,150,0
2025-08-08 05:35:00+00:00,23474.85,23475.85,23472.15,23473.75,168,150,0
2025-08-08 05:40:00+00:00,23473.85,23476.85,23472.85,23476.25,184,150,0
2025-08-08 05:45:00+00:00,23475.65,23476.35,23470.15,23471.55,220,150,0
2025-08-08 05:50:00+00:00,23471.35,23474.15,23470.35,23472.15,115,150,0
2025-08-08 05:55:00+00:00,23472.15,23473.75,23471.15,23472.55,101,150,0
2025-08-08 06:00:00+00:00,23472.65,23474.55,23468.75,23469.15,179,150,0
2025-08-08 06:05:00+00:00,23468.85,23473.85,23468.35,23470.05,179,150,0
2025-08-08 06:10:00+00:00,23470.15,23475.15,23469.65,23471.55,144,150,0
2025-08-08 06:15:00+00:00,23471.65,23473.85,23469.55,23472.15,146,150,0
2025-08-08 06:20:00+00:00,23472.05,23472.05,23466.75,23469.05,162,150,0
2025-08-08 06:25:00+00:00,23469.05,23469.15,23463.35,23464.55,224,150,0
2025-08-08 06:30:00+00:00,23464.35,23465.05,23453.45,23456.45,336,150,0
2025-08-08 06:35:00+00:00,23456.25,23460.55,23455.75,23457.05,281,150,0
2025-08-08 06:40:00+00:00,23456.95,23457.95,23452.55,23454.25,256,150,0
2025-08-08 06:45:00+00:00,23454.25,23458.65,23450.65,23457.55,237,150,0
2025-08-08 06:50:00+00:00,23457.85,23458.25,23451.25,23454.65,223,150,0
2025-08-08 06:55:00+00:00,23455.05,23455.55,23448.85,23450.75,201,150,0
2025-08-08 07:00:00+00:00,23450.75,23454.25,23434.85,23438.25,396,150,0
2025-08-08 07:05:00+00:00,23438.25,23445.95,23435.25,23443.55,270,170,0
2025-08-08 07:10:00+00:00,23443.95,23448.75,23442.95,23446.55,243,150,0
2025-08-08 07:15:00+00:00,23446.75,23446.75,23441.15,23441.15,210,150,0
2025-08-08 07:20:00+00:00,23441.25,23442.25,23437.65,23441.85,214,150,0
2025-08-08 07:25:00+00:00,23441.75,23444.75,23440.85,23444.75,226,150,0
2025-08-08 07:30:00+00:00,23444.05,23451.55,23443.55,23448.95,207,150,0
2025-08-08 07:35:00+00:00,23449.05,23449.05,23443.05,23444.25,203,150,0
2025-08-08 07:40:00+00:00,23444.25,23445.05,23436.05,23439.75,212,150,0
2025-08-08 07:45:00+00:00,23440.05,23444.75,23438.75,23444.05,176,150,0
2025-08-08 07:50:00+00:00,23444.25,23445.85,23438.75,23439.35,247,150,0
2025-08-08 07:55:00+00:00,23439.25,23441.95,23434.45,23440.55,263,160,0
2025-08-08 08:00:00+00:00,23440.95,23447.65,23439.45,23443.15,322,160,0
2025-08-08 08:05:00+00:00,23443.45,23450.55,23442.65,23449.45,265,160,0
2025-08-08 08:10:00+00:00,23449.55,23451.45,23446.55,23448.95,238,160,0
2025-08-08 08:15:00+00:00,23449.05,23450.55,23438.35,23438.65,298,160,0
2025-08-08 08:20:00+00:00,23438.35,23446.25,23437.65,23439.65,325,160,0
2025-08-08 08:25:00+00:00,23439.65,23439.95,23425.15,23430.45,450,160,0
2025-08-08 08:30:00+00:00,23430.75,23438.35,23427.35,23430.65,418,180,0
2025-08-08 08:35:00+00:00,23430.75,23442.15,23428.25,23437.35,329,180,0
2025-08-08 08:40:00+00:00,23437.15,23438.85,23426.05,23427.65,303,170,0
2025-08-08 08:45:00+00:00,23427.95,23433.05,23427.65,23429.45,270,170,0
2025-08-08 08:50:00+00:00,23429.45,23432.75,23423.15,23424.35,368,170,0
2025-08-08 08:55:00+00:00,23424.65,23425.85,23400.55,23406.35,596,180,0
2025-08-08 09:00:00+00:00,23407.15,23420.85,23405.65,23417.05,562,190,0
2025-08-08 09:05:00+00:00,23416.85,23422.05,23411.65,23415.85,466,180,0
2025-08-08 09:10:00+00:00,23417.55,23425.35,23413.85,23425.05,435,180,0
2025-08-08 09:15:00+00:00,23425.35,23431.85,23420.35,23428.85,404,180,0
2025-08-08 09:20:00+00:00,23429.35,23437.45,23426.45,23437.45,396,170,0
2025-08-08 09:25:00+00:00,23437.55,23446.45,23435.95,23445.65,416,170,0
2025-08-08 09:30:00+00:00,23445.65,23451.85,23441.65,23445.15,426,160,0
2025-08-08 09:35:00+00:00,23445.45,23446.55,23438.55,23439.25,225,150,0
2025-08-08 09:40:00+00:00,23439.85,23444.05,23435.75,23438.05,206,160,0
2025-08-08 09:45:00+00:00,23438.25,23440.95,23432.95,23438.55,195,150,0
2025-08-08 09:50:00+00:00,23438.65,23439.35,23433.75,23438.05,213,160,0
2025-08-08 09:55:00+00:00,23438.15,23440.25,23430.55,23432.95,259,170,0
2025-08-08 10:00:00+00:00,23433.65,23438.15,23425.95,23429.75,631,170,0
2025-08-08 10:05:00+00:00,23429.75,23432.95,23422.55,23429.35,472,180,0
2025-08-08 10:10:00+00:00,23428.85,23434.85,23425.95,23428.15,401,190,0
2025-08-08 10:15:00+00:00,23428.85,23444.65,23428.35,23442.05,415,180,0
2025-08-08 10:20:00+00:00,23441.65,23446.75,23440.25,23442.95,319,170,0
2025-08-08 10:25:00+00:00,23443.05,23445.05,23432.85,23436.95,340,170,0
2025-08-08 10:30:00+00:00,23437.15,23447.65,23435.65,23442.95,316,170,0
2025-08-08 10:35:00+00:00,23443.65,23447.75,23440.05,23444.25,297,160,0
2025-08-08 10:40:00+00:00,23444.05,23444.05,23437.25,23437.75,267,160,0
2025-08-08 10:45:00+00:00,23437.25,23438.45,23427.45,23432.65,314,170,0
2025-08-08 10:50:00+00:00,23432.45,23436.05,23427.55,23432.35,514,170,0
2025-08-08 10:55:00+00:00,23432.35,23433.65,23424.35,23425.75,440,170,0
2025-08-08 11:00:00+00:00,23425.45,23450.55,23425.45,23444.25,739,180,0
2025-08-08 11:05:00+00:00,23443.25,23447.85,23439.55,23445.85,487,180,0
2025-08-08 11:10:00+00:00,23445.85,23452.05,23443.85,23451.95,415,160,0
2025-08-08 11:15:00+00:00,23452.05,23452.05,23440.15,23443.45,442,160,0
2025-08-08 11:20:00+00:00,23443.65,23454.05,23443.45,23453.45,345,170,0
2025-08-08 11:25:00+00:00,23452.75,23455.65,23449.25,23452.65,427,170,0
2025-08-08 11:30:00+00:00,23452.55,23454.05,23445.35,23447.15,405,170,0
2025-08-08 11:35:00+00:00,23446.85,23456.15,23446.15,23447.65,390,170,0
2025-08-08 11:40:00+00:00,23447.55,23453.45,23444.75,23447.15,373,160,0
2025-08-08 11:45:00+00:00,23447.15,23454.15,23443.15,23451.45,353,160,0
2025-08-08 11:50:00+00:00,23451.05,23453.45,23448.15,23450.05,351,170,0
2025-08-08 11:55:00+00:00,23450.95,23453.45,23448.95,23451.25,282,160,0
2025-08-08 12:00:00+00:00,23450.95,23455.45,23449.25,23452.65,356,160,0
2025-08-08 12:05:00+00:00,23452.45,23461.05,23450.65,23459.75,406,170,0
2025-08-08 12:10:00+00:00,23459.95,23466.35,23458.55,23466.15,350,150,0
2025-08-08 12:15:00+00:00,23465.85,23470.55,23463.75,23470.05,359,150,0
2025-08-08 12:20:00+00:00,23469.85,23475.25,23469.85,23472.35,371,150,0
2025-08-08 12:25:00+00:00,23472.25,23472.55,23460.75,23465.65,414,150,0
2025-08-08 12:30:00+00:00,23466.25,23469.55,23463.15,23466.55,334,160,0
2025-08-08 12:35:00+00:00,23466.35,23467.35,23461.25,23461.25,243,150,0
2025-08-08 12:40:00+00:00,23461.05,23463.85,23457.55,23460.25,329,150,0
2025-08-08 12:45:00+00:00,23460.05,23464.85,23458.55,23463.55,359,150,0
2025-08-08 12:50:00+00:00,23463.25,23467.65,23457.75,23458.85,391,160,0
2025-08-08 12:55:00+00:00,23458.95,23462.55,23458.25,23459.45,289,150,0
2025-08-08 13:00:00+00:00,23459.95,23471.65,23459.55,23470.25,421,160,0
2025-08-08 13:05:00+00:00,23470.05,23472.95,23465.75,23467.25,332,150,0
2025-08-08 13:10:00+00:00,23467.05,23467.25,23462.05,23464.65,254,150,0
2025-08-08 13:15:00+00:00,23464.65,23465.15,23462.05,23462.35,222,150,0
2025-08-08 13:20:00+00:00,23462.15,23462.65,23458.65,23460.15,240,150,0
2025-08-08 13:25:00+00:00,23460.25,23461.85,23458.35,23460.75,210,150,0
2025-08-08 13:30:00+00:00,23460.65,23464.15,23459.65,23461.75,214,150,0
2025-08-08 13:35:00+00:00,23461.55,23468.15,23461.45,23467.35,197,150,0
2025-08-08 13:40:00+00:00,23467.35,23470.85,23465.65,23469.65,226,150,0
2025-08-08 13:45:00+00:00,23469.65,23471.85,23468.15,23468.35,174,150,0
2025-08-08 13:50:00+00:00,23468.35,23469.15,23464.15,23465.85,210,150,0
2025-08-08 13:55:00+00:00,23465.85,23468.65,23463.15,23464.75,258,150,0
2025-08-08 14:00:00+00:00,23464.65,23470.45,23459.25,23461.25,467,150,0
2025-08-08 14:05:00+00:00,23461.55,23464.95,23459.95,23461.45,356,160,0
2025-08-08 14:10:00+00:00,23461.55,23471.85,23461.55,23470.85,349,160,0
2025-08-08 14:15:00+00:00,23470.85,23477.35,23470.45,23473.75,376,160,0
2025-08-08 14:20:00+00:00,23473.65,23477.55,23466.95,23467.55,342,150,0
2025-08-08 14:25:00+00:00,23467.75,23471.25,23466.85,23469.35,296,150,0
2025-08-08 14:30:00+00:00,23469.55,23476.45,23465.35,23476.25,378,150,0
2025-08-08 14:35:00+00:00,23476.15,23478.55,23475.55,23477.55,305,150,0
2025-08-08 14:40:00+00:00,23477.65,23479.15,23474.15,23475.55,234,150,0
2025-08-08 14:45:00+00:00,23475.25,23477.55,23474.85,23475.85,172,150,0
2025-08-08 14:50:00+00:00,23475.65,23476.25,23471.85,23475.35,304,150,0
2025-08-08 14:55:00+00:00,23474.85,23475.85,23471.65,23471.85,171,150,0
2025-08-08 15:00:00+00:00,23472.05,23473.35,23464.55,23465.05,313,150,0
2025-08-08 15:05:00+00:00,23464.95,23464.95,23451.55,23453.05,536,160,0
2025-08-08 15:10:00+00:00,23453.25,23454.45,23440.95,23442.65,597,170,0
2025-08-08 15:15:00+00:00,23442.95,23445.85,23428.65,23428.65,723,180,0
2025-08-08 15:20:00+00:00,23428.65,23431.25,23415.95,23427.85,854,190,0
2025-08-08 15:25:00+00:00,23427.75,23436.25,23420.55,23428.75,727,190,0
2025-08-08 15:30:00+00:00,23429.65,23432.05,23422.75,23426.75,744,200,0
2025-08-08 15:35:00+00:00,23426.05,23428.55,23420.85,23424.65,621,180,0
2025-08-08 15:40:00+00:00,23424.85,23436.85,23415.75,23432.35,673,180,0
2025-08-08 15:45:00+00:00,23433.35,23440.25,23430.55,23440.25,563,170,0
2025-08-08 15:50:00+00:00,23440.25,23444.85,23426.65,23429.45,734,170,0
2025-08-08 15:55:00+00:00,23429.55,23434.55,23426.45,23430.45,658,180,0
2025-08-08 16:00:00+00:00,23430.65,23444.25,23430.45,23433.95,603,180,0
2025-08-08 16:05:00+00:00,23433.75,23433.75,23423.45,23431.15,743,180,0
2025-08-08 16:10:00+00:00,23430.85,23434.95,23419.15,23426.35,653,180,0
2025-08-08 16:15:00+00:00,23426.35,23431.45,23424.15,23428.55,524,170,0
2025-08-08 16:20:00+00:00,23428.75,23436.25,23427.55,23431.55,510,170,0
2025-08-08 16:25:00+00:00,23431.45,23441.95,23430.35,23438.15,797,170,0
2025-08-08 16:30:00+00:00,23438.65,23472.75,23428.05,23444.95,1591,80,0
2025-08-08 16:35:00+00:00,23444.45,23477.05,23442.15,23476.05,1552,120,0
2025-08-08 16:40:00+00:00,23476.25,23511.25,23467.05,23501.05,1495,120,0
2025-08-08 16:45:00+00:00,23502.05,23541.75,23502.05,23525.55,1395,120,0
2025-08-08 16:50:00+00:00,23525.75,23534.05,23511.55,23520.65,1475,120,0
2025-08-08 16:55:00+00:00,23521.15,23546.15,23520.05,23541.05,1377,120,0
2025-08-08 17:00:00+00:00,23541.75,23549.05,23530.05,23547.25,1411,120,0
2025-08-08 17:05:00+00:00,23547.15,23565.15,23538.25,23565.15,1401,120,0
2025-08-08 17:10:00+00:00,23564.45,23575.55,23532.75,23536.55,1433,120,0
2025-08-08 17:15:00+00:00,23537.25,23558.25,23523.75,23553.75,1424,120,0
2025-08-08 17:20:00+00:00,23554.95,23566.25,23544.55,23561.75,1385,120,0
2025-08-08 17:25:00+00:00,23561.75,23580.85,23551.75,23573.25,1287,80,0
2025-08-08 17:30:00+00:00,23572.85,23600.25,23571.15,23591.95,1215,80,0
2025-08-08 17:35:00+00:00,23591.45,23596.75,23585.25,23589.25,1156,80,0
2025-08-08 17:40:00+00:00,23589.45,23596.95,23568.75,23584.15,1184,80,0
2025-08-08 17:45:00+00:00,23584.45,23587.45,23572.95,23582.75,1218,80,0
2025-08-08 17:50:00+00:00,23582.75,23583.45,23558.95,23562.75,1239,80,0
2025-08-08 17:55:00+00:00,23563.15,23563.75,23542.95,23549.85,1243,80,0
2025-08-08 18:00:00+00:00,23550.05,23559.55,23541.95,23559.25,1328,90,0
2025-08-08 18:05:00+00:00,23559.55,23578.95,23554.65,23570.75,1145,80,0
2025-08-08 18:10:00+00:00,23570.95,23576.95,23553.95,23576.95,1254,80,0
2025-08-08 18:15:00+00:00,23576.75,23579.25,23566.75,23568.85,1177,80,0
2025-08-08 18:20:00+00:00,23568.75,23574.25,23558.95,23568.25,1175,80,0
2025-08-08 18:25:00+00:00,23568.45,23572.35,23558.75,23563.95,1152,80,0
2025-08-08 18:30:00+00:00,23562.85,23565.45,23542.55,23548.75,1287,80,0
2025-08-08 18:35:00+00:00,23548.75,23550.05,23516.25,23526.25,1434,120,0
2025-08-08 18:40:00+00:00,23525.65,23529.75,23510.25,23517.75,1346,120,0
2025-08-08 18:45:00+00:00,23518.05,23548.75,23511.25,23544.55,1311,100,0
2025-08-08 18:50:00+00:00,23544.85,23566.25,23544.85,23564.85,1174,80,0
2025-08-08 18:55:00+00:00,23564.65,23579.15,23562.65,23577.95,1140,80,0
2025-08-08 19:00:00+00:00,23577.85,23594.45,23574.45,23586.45,1075,80,0
2025-08-08 19:05:00+00:00,23586.15,23592.25,23580.45,23586.75,955,80,0
2025-08-08 19:10:00+00:00,23587.45,23588.25,23572.65,23582.95,992,80,0
2025-08-08 19:15:00+00:00,23582.95,23601.35,23579.75,23594.95,1059,80,0
2025-08-08 19:20:00+00:00,23595.25,23597.95,23586.65,23593.45,965,80,0
2025-08-08 19:25:00+00:00,23593.25,23597.25,23580.95,23589.15,961,80,0
2025-08-08 19:30:00+00:00,23589.35,23593.25,23580.85,23586.45,1024,80,0
2025-08-08 19:35:00+00:00,23586.75,23592.25,23581.85,23590.25,997,80,0
2025-08-08 19:40:00+00:00,23590.45,23597.15,23583.45,23590.15,897,80,0
2025-08-08 19:45:00+00:00,23589.95,23595.95,23583.45,23585.25,934,80,0
2025-08-08 19:50:00+00:00,23584.95,23592.65,23573.15,23576.95,1003,80,0
2025-08-08 19:55:00+00:00,23577.25,23582.95,23573.45,23574.45,948,80,0
2025-08-08 20:00:00+00:00,23574.45,23578.25,23557.25,23575.25,1076,80,0
2025-08-08 20:05:00+00:00,23574.45,23578.95,23563.35,23577.35,1014,80,0
2025-08-08 20:10:00+00:00,23577.45,23578.45,23566.45,23570.85,937,80,0
2025-08-08 20:15:00+00:00,23570.65,23571.25,23553.25,23561.75,1071,80,0
2025-08-08 20:20:00+00:00,23562.15,23582.45,23560.45,23574.75,1030,80,0
2025-08-08 20:25:00+00:00,23574.45,23574.75,23554.95,23558.95,911,80,0
2025-08-08 20:30:00+00:00,23559.45,23577.45,23558.25,23573.25,885,80,0
2025-08-08 20:35:00+00:00,23573.35,23581.15,23572.65,23580.95,920,80,0
2025-08-08 20:40:00+00:00,23580.45,23598.45,23579.45,23593.75,921,80,0
2025-08-08 20:45:00+00:00,23593.75,23597.25,23584.45,23590.75,965,80,0
2025-08-08 20:50:00+00:00,23590.75,23595.75,23586.25,23591.95,798,80,0
2025-08-08 20:55:00+00:00,23591.95,23600.25,23589.45,23596.95,770,80,0
2025-08-08 21:00:00+00:00,23597.25,23619.45,23597.25,23613.25,1027,80,0
2025-08-08 21:05:00+00:00,23613.45,23620.95,23612.15,23613.45,861,80,0
2025-08-08 21:10:00+00:00,23613.25,23613.75,23599.45,23600.75,879,80,0
2025-08-08 21:15:00+00:00,23600.75,23608.95,23597.85,23606.45,778,80,0
2025-08-08 21:20:00+00:00,23606.35,23611.75,23601.95,23602.75,728,80,0
2025-08-08 21:25:00+00:00,23602.75,23605.25,23587.45,23604.45,873,80,0
2025-08-08 21:30:00+00:00,23604.35,23611.95,23603.75,23611.95,787,80,0
2025-08-08 21:35:00+00:00,23611.95,23614.95,23598.95,23601.15,787,80,0
2025-08-08 21:40:00+00:00,23600.95,23608.25,23599.95,23606.85,698,80,0
2025-08-08 21:45:00+00:00,23606.95,23612.25,23600.35,23609.75,723,80,0
2025-08-08 21:50:00+00:00,23609.75,23615.35,23604.35,23614.75,794,80,0
2025-08-08 21:55:00+00:00,23614.75,23615.25,23607.35,23608.45,791,80,0
2025-08-08 22:00:00+00:00,23608.45,23612.15,23601.65,23604.95,826,80,0
2025-08-08 22:05:00+00:00,23605.25,23608.45,23601.25,23605.25,756,80,0
2025-08-08 22:10:00+00:00,23605.35,23608.15,23602.15,23605.25,747,80,0
2025-08-08 22:15:00+00:00,23605.25,23614.95,23601.25,23614.85,763,80,0
2025-08-08 22:20:00+00:00,23614.95,23618.35,23606.15,23607.45,894,80,0
2025-08-08 22:25:00+00:00,23607.25,23611.25,23601.25,23603.05,696,80,0
2025-08-08 22:30:00+00:00,23603.05,23603.05,23590.15,23597.55,901,80,0
2025-08-08 22:35:00+00:00,23596.25,23597.55,23588.25,23590.55,875,80,0
2025-08-08 22:40:00+00:00,23590.45,23596.45,23578.25,23582.25,997,80,0
2025-08-08 22:45:00+00:00,23582.05,23586.05,23574.25,23578.25,1110,80,0
2025-08-08 22:50:00+00:00,23576.05,23608.05,23575.25,23608.05,1220,80,0
2025-08-08 22:55:00+00:00,23607.85,23615.05,23593.85,23610.05,1203,80,0
2025-08-08 23:00:00+00:00,23610.25,23631.76,23608.66,23627.96,1002,80,0
2025-08-08 23:05:00+00:00,23628.26,23636.86,23625.66,23633.66,716,198,0
2025-08-08 23:10:00+00:00,23633.66,23660.16,23632.16,23660.16,679,188,0
2025-08-08 23:15:00+00:00,23657.66,23657.86,23645.56,23650.16,601,208,0
2025-08-08 23:20:00+00:00,23650.56,23653.96,23646.26,23647.96,450,188,0
2025-08-08 23:25:00+00:00,23647.76,23649.96,23645.46,23648.76,310,168,0
2025-08-08 23:30:00+00:00,23648.56,23654.56,23647.56,23651.06,345,168,0
2025-08-08 23:35:00+00:00,23650.86,23652.76,23648.06,23652.36,285,168,0
2025-08-08 23:40:00+00:00,23652.06,23653.86,23646.36,23646.86,284,168,0
2025-08-08 23:45:00+00:00,23646.86,23648.86,23642.56,23646.06,289,168,0
2025-08-11 01:05:00+00:00,23625.86,23627.06,23618.26,23623.66,603,218,0
2025-08-11 01:10:00+00:00,23623.86,23630.86,23618.76,23628.86,345,188,0
2025-08-11 01:15:00+00:00,23628.86,23639.16,23621.56,23636.76,469,188,0
2025-08-11 01:20:00+00:00,23636.56,23641.16,23622.96,23627.36,458,198,0
2025-08-11 01:25:00+00:00,23627.46,23631.56,23621.76,23629.76,343,188,0
2025-08-11 01:30:00+00:00,23629.86,23632.56,23628.06,23629.96,226,178,0
2025-08-11 01:35:00+00:00,23630.36,23632.56,23624.66,23625.76,226,178,0
2025-08-11 01:40:00+00:00,23625.76,23626.86,23623.66,23623.96,166,168,0
2025-08-11 01:45:00+00:00,23624.06,23627.46,23623.96,23625.16,130,168,0
2025-08-11 01:50:00+00:00,23625.46,23628.16,23624.46,23624.96,121,168,0
2025-08-11 01:55:00+00:00,23624.66,23627.16,23621.86,23625.16,171,168,0
2025-08-11 02:00:00+00:00,23625.26,23635.15,23621.05,23623.95,391,160,0
2025-08-11 02:05:00+00:00,23623.35,23627.35,23617.45,23621.45,363,170,0
2025-08-11 02:10:00+00:00,23621.55,23624.15,23616.85,23618.15,231,170,0
2025-08-11 02:15:00+00:00,23618.35,23618.45,23614.75,23615.75,235,150,0
2025-08-11 02:20:00+00:00,23615.55,23615.75,23608.35,23608.75,308,150,0
2025-08-11 02:25:00+00:00,23608.75,23608.75,23600.05,23600.55,312,150,0
2025-08-11 02:30:00+00:00,23601.45,23608.95,23599.85,23606.25,297,150,0
2025-08-11 02:35:00+00:00,23606.05,23606.15,23596.15,23599.55,333,150,0
2025-08-11 02:40:00+00:00,23599.95,23603.45,23594.95,23596.45,275,160,0
2025-08-11 02:45:00+00:00,23596.25,23601.55,23595.05,23598.85,264,160,0
2025-08-11 02:50:00+00:00,23598.65,23602.75,23597.75,23602.55,236,150,0
2025-08-11 02:55:00+00:00,23602.55,23604.45,23598.05,23600.75,217,150,0
2025-08-11 03:00:00+00:00,23601.45,23618.65,23600.15,23611.65,616,160,0
2025-08-11 03:05:00+00:00,23611.65,23623.85,23606.85,23622.35,590,180,0
2025-08-11 03:10:00+00:00,23622.35,23628.35,23615.55,23625.85,524,180,0
2025-08-11 03:15:00+00:00,23625.85,23629.85,23622.35,23624.35,481,180,0
2025-08-11 03:20:00+00:00,23624.65,23630.35,23624.15,23624.15,300,160,0
2025-08-11 03:25:00+00:00,23624.15,23628.45,23624.15,23626.25,213,150,0
2025-08-11 03:30:00+00:00,23626.25,23629.75,23625.25,23626.95,280,150,0
2025-08-11 03:35:00+00:00,23627.75,23629.55,23624.25,23626.75,256,150,0
2025-08-11 03:40:00+00:00,23626.65,23630.65,23624.85,23628.35,224,150,0
2025-08-11 03:45:00+00:00,23628.75,23628.95,23622.05,23622.05,346,160,0
2025-08-11 03:50:00+00:00,23620.85,23627.65,23619.45,23625.15,285,170,0
2025-08-11 03:55:00+00:00,23625.15,23626.55,23623.25,23626.15,222,150,0
2025-08-11 04:00:00+00:00,23625.95,23632.45,23622.65,23629.45,440,150,0
2025-08-11 04:05:00+00:00,23629.15,23632.05,23620.25,23625.75,349,160,0
2025-08-11 04:10:00+00:00,23625.25,23631.35,23624.25,23629.65,288,160,0
2025-08-11 04:15:00+00:00,23629.15,23630.25,23625.15,23630.15,307,160,0
2025-08-11 04:20:00+00:00,23630.15,23635.35,23629.45,23632.95,344,150,0
2025-08-11 04:25:00+00:00,23633.25,23636.15,23633.25,23635.95,243,150,0
2025-08-11 04:30:00+00:00,23635.65,23639.85,23635.65,23638.45,397,150,0
2025-08-11 04:35:00+00:00,23638.35,23655.15,23635.95,23654.55,494,150,0
2025-08-11 04:40:00+00:00,23654.75,23655.65,23644.85,23646.55,484,180,0
2025-08-11 04:45:00+00:00,23646.35,23647.65,23641.65,23644.45,299,160,0
2025-08-11 04:50:00+00:00,23643.95,23651.45,23643.65,23651.45,274,150,0
2025-08-11 04:55:00+00:00,23651.55,23652.15,23648.05,23651.25,297,150,0
2025-08-11 05:00:00+00:00,23651.05,23655.25,23650.55,23655.25,256,150,0
2025-08-11 05:05:00+00:00,23655.65,23658.85,23652.95,23656.65,365,150,0
2025-08-11 05:10:00+00:00,23656.55,23659.65,23656.15,23658.15,264,150,0
2025-08-11 05:15:00+00:00,23658.45,23662.65,23655.65,23659.45,332,150,0
2025-08-11 05:20:00+00:00,23659.65,23663.85,23655.65,23663.45,392,160,0
2025-08-11 05:25:00+00:00,23663.35,23663.45,23649.95,23651.45,365,150,0
2025-08-11 05:30:00+00:00,23651.25,23653.95,23650.35,23652.65,318,150,0
2025-08-11 05:35:00+00:00,23652.45,23654.55,23650.75,23653.15,215,150,0
2025-08-11 05:40:00+00:00,23652.95,23654.15,23651.15,23651.95,188,150,0
2025-08-11 05:45:00+00:00,23651.95,23651.95,23645.45,23645.95,270,150,0
2025-08-11 05:50:00+00:00,23645.75,23649.75,23643.65,23648.45,232,150,0
2025-08-11 05:55:00+00:00,23648.45,23650.15,23647.55,23650.05,182,150,0
2025-08-11 06:00:00+00:00,23650.05,23654.05,23650.05,23651.95,249,150,0
2025-08-11 06:05:00+00:00,23651.65,23653.55,23648.65,23653.45,193,150,0
2025-08-11 06:10:00+00:00,23653.55,23662.65,23652.75,23660.55,291,150,0
2025-08-11 06:15:00+00:00,23660.65,23666.15,23658.15,23664.35,272,150,0
2025-08-11 06:20:00+00:00,23665.25,23665.65,23654.55,23656.05,336,160,0
2025-08-11 06:25:00+00:00,23655.85,23655.85,23651.15,23654.25,320,150,0
2025-08-11 06:30:00+00:00,23654.25,23655.55,23645.95,23648.65,287,150,0
2025-08-11 06:35:00+00:00,23648.75,23652.55,23647.25,23649.75,208,150,0
2025-08-11 06:40:00+00:00,23649.75,23653.25,23647.75,23650.25,184,150,0
2025-08-11 06:45:00+00:00,23650.55,23650.55,23644.15,23648.75,195,150,0
2025-08-11 06:50:00+00:00,23648.95,23651.05,23648.05,23648.25,157,150,0
2025-08-11 06:55:00+00:00,23648.45,23649.75,23647.55,23648.45,170,150,0
2025-08-11 07:00:00+00:00,23648.45,23648.45,23639.55,23645.85,283,150,0
2025-08-11 07:05:00+00:00,23645.65,23647.25,23642.65,23645.55,209,150,0
2025-08-11 07:10:00+00:00,23645.65,23651.65,23645.45,23651.15,188,150,0
2025-08-11 07:15:00+00:00,23651.05,23651.15,23645.35,23645.45,205,150,0
2025-08-11 07:20:00+00:00,23645.75,23648.75,23644.55,23645.45,146,150,0
2025-08-11 07:25:00+00:00,23645.45,23645.65,23634.25,23634.35,277,150,0
2025-08-11 07:30:00+00:00,23634.35,23636.75,23631.95,23636.05,239,150,0
2025-08-11 07:35:00+00:00,23636.15,23636.75,23632.15,23634.55,183,150,0
2025-08-11 07:40:00+00:00,23634.55,23635.15,23631.25,23632.15,135,150,0
2025-08-11 07:45:00+00:00,23632.45,23633.65,23631.55,23631.95,101,150,0
2025-08-11 07:50:00+00:00,23632.45,23635.15,23627.75,23633.25,261,150,0
2025-08-11 07:55:00+00:00,23633.25,23637.65,23633.25,23635.75,194,150,0
2025-08-11 08:00:00+00:00,23635.75,23637.95,23630.75,23637.45,301,150,0
2025-08-11 08:05:00+00:00,23637.75,23642.15,23635.15,23636.95,284,150,0
2025-08-11 08:10:00+00:00,23636.75,23636.75,23632.15,23633.05,250,150,0
2025-08-11 08:15:00+00:00,23633.15,23635.65,23632.15,23632.75,186,150,0
2025-08-11 08:20:00+00:00,23633.05,23636.75,23632.05,23636.25,194,150,0
2025-08-11 08:25:00+00:00,23636.15,23637.05,23631.05,23633.25,236,150,0
2025-08-11 08:30:00+00:00,23633.25,23636.95,23629.15,23636.25,261,150,0
2025-08-11 08:35:00+00:00,23636.45,23639.15,23631.75,23638.65,204,150,0
2025-08-11 08:40:00+00:00,23638.45,23639.25,23627.85,23630.95,285,150,0
2025-08-11 08:45:00+00:00,23630.85,23631.75,23626.75,23630.15,240,160,0
2025-08-11 08:50:00+00:00,23629.75,23633.15,23625.45,23627.15,214,150,0
2025-08-11 08:55:00+00:00,23626.45,23632.45,23625.55,23632.45,254,150,0
2025-08-11 09:00:00+00:00,23632.15,23643.85,23632.15,23638.65,439,160,0
2025-08-11 09:05:00+00:00,23638.85,23640.65,23630.05,23633.65,390,170,0
2025-08-11 09:10:00+00:00,23634.15,23634.65,23628.45,23628.65,284,160,0
2025-08-11 09:15:00+00:00,23628.65,23628.95,23622.45,23626.95,329,160,0
2025-08-11 09:20:00+00:00,23627.95,23633.15,23627.85,23631.75,243,160,0
2025-08-11 09:25:00+00:00,23631.95,23635.15,23626.95,23627.75,299,150,0
2025-08-11 09:30:00+00:00,23627.85,23631.65,23626.15,23630.75,261,160,0
2025-08-11 09:35:00+00:00,23630.65,23637.55,23629.25,23636.95,247,150,0
2025-08-11 09:40:00+00:00,23636.75,23641.65,23636.45,23639.65,319,160,0
2025-08-11 09:45:00+00:00,23639.85,23645.75,23639.85,23641.55,264,150,0
2025-08-11 09:50:00+00:00,23641.15,23649.75,23640.75,23648.95,315,150,0
2025-08-11 09:55:00+00:00,23648.75,23653.75,23648.65,23653.75,319,160,0
2025-08-11 10:00:00+00:00,23653.45,23654.65,23646.05,23653.35,676,160,0
2025-08-11 10:05:00+00:00,23653.25,23657.85,23652.85,23655.35,503,170,0
2025-08-11 10:10:00+00:00,23655.45,23656.15,23642.65,23642.95,509,160,0
2025-08-11 10:15:00+00:00,23642.85,23643.15,23637.85,23637.85,431,160,0
2025-08-11 10:20:00+00:00,23637.35,23643.35,23637.35,23639.55,381,160,0
2025-08-11 10:25:00+00:00,23639.65,23642.65,23633.85,23634.95,379,160,0
2025-08-11 10:30:00+00:00,23635.15,23635.95,23618.95,23622.65,523,160,0
2025-08-11 10:35:00+00:00,23622.15,23627.05,23615.15,23616.55,471,170,0
2025-08-11 10:40:00+00:00,23616.15,23620.35,23613.85,23616.55,381,170,0
2025-08-11 10:45:00+00:00,23616.15,23616.15,23596.95,23600.55,589,170,0
2025-08-11 10:50:00+00:00,23600.45,23608.15,23590.35,23591.65,522,170,0
2025-08-11 10:55:00+00:00,23592.05,23599.95,23587.05,23599.65,599,180,0
2025-08-11 11:00:00+00:00,23599.05,23602.45,23577.65,23582.55,978,200,0
2025-08-11 11:05:00+00:00,23583.05,23588.25,23561.35,23581.35,953,200,0
2025-08-11 11:10:00+00:00,23581.25,23585.45,23561.95,23572.05,807,200,0
2025-08-11 11:15:00+00:00,23572.25,23581.95,23563.35,23581.25,780,200,0
2025-08-11 11:20:00+00:00,23581.25,23583.45,23571.35,23578.95,705,190,0
2025-08-11 11:25:00+00:00,23579.35,23588.35,23573.75,23583.65,568,180,0
2025-08-11 11:30:00+00:00,23582.85,23593.05,23579.65,23591.55,537,180,0
2025-08-11 11:35:00+00:00,23591.75,23597.75,23587.95,23595.85,600,180,0
2025-08-11 11:40:00+00:00,23595.95,23598.35,23589.35,23595.85,487,170,0
2025-08-11 11:45:00+00:00,23595.65,23595.85,23585.95,23590.65,476,170,0
2025-08-11 11:50:00+00:00,23590.85,23591.45,23584.65,23591.45,482,170,0
2025-08-11 11:55:00+00:00,23591.75,23597.95,23588.25,23593.85,412,180,0
2025-08-11 12:00:00+00:00,23593.65,23598.25,23591.55,23598.15,397,180,0
2025-08-11 12:05:00+00:00,23598.55,23605.95,23597.15,23598.75,465,170,0
2025-08-11 12:10:00+00:00,23598.65,23608.65,23598.15,23606.95,381,170,0
2025-08-11 12:15:00+00:00,23606.85,23608.45,23603.85,23606.15,359,160,0
2025-08-11 12:20:00+00:00,23606.25,23611.95,23605.45,23610.45,379,160,0
2025-08-11 12:25:00+00:00,23610.45,23615.25,23609.55,23615.25,321,150,0
2025-08-11 12:30:00+00:00,23615.45,23621.45,23615.25,23616.55,409,150,0
2025-08-11 12:35:00+00:00,23616.35,23618.85,23613.95,23616.35,381,160,0
2025-08-11 12:40:00+00:00,23616.25,23619.25,23615.15,23618.95,242,150,0
2025-08-11 12:45:00+00:00,23618.95,23624.95,23617.95,23619.05,327,150,0
2025-08-11 12:50:00+00:00,23618.85,23620.35,23614.75,23617.15,285,160,0
2025-08-11 12:55:00+00:00,23617.35,23618.45,23614.35,23616.55,280,150,0
2025-08-11 13:00:00+00:00,23616.25,23619.15,23611.95,23619.15,374,150,0
2025-08-11 13:05:00+00:00,23619.35,23619.35,23612.35,23615.45,313,160,0
2025-08-11 13:10:00+00:00,23615.35,23619.85,23612.15,23619.85,292,160,0
2025-08-11 13:15:00+00:00,23619.75,23623.15,23618.65,23622.35,293,160,0
2025-08-11 13:20:00+00:00,23622.65,23635.55,23622.15,23635.55,399,150,0
2025-08-11 13:25:00+00:00,23635.55,23637.85,23626.35,23631.35,379,170,0
2025-08-11 13:30:00+00:00,23631.45,23633.15,23622.65,23622.65,307,150,0
2025-08-11 13:35:00+00:00,23622.75,23625.45,23621.35,23622.15,280,150,0
2025-08-11 13:40:00+00:00,23622.45,23622.75,23616.65,23617.35,325,150,0
2025-08-11 13:45:00+00:00,23617.45,23619.15,23604.05,23604.05,378,160,0
2025-08-11 13:50:00+00:00,23604.05,23610.35,23603.05,23610.35,428,170,0
2025-08-11 13:55:00+00:00,23610.95,23621.85,23609.95,23619.15,415,170,0
2025-08-11 14:00:00+00:00,23616.45,23629.75,23616.45,23627.05,578,170,0
2025-08-11 14:05:00+00:00,23627.25,23630.35,23621.25,23624.15,440,180,0
2025-08-11 14:10:00+00:00,23624.15,23627.35,23620.65,23621.05,356,170,0
2025-08-11 14:15:00+00:00,23621.45,23627.15,23621.15,23622.35,356,160,0
2025-08-11 14:20:00+00:00,23622.25,23624.15,23613.35,23618.65,383,150,0
2025-08-11 14:25:00+00:00,23618.65,23622.15,23614.15,23615.05,376,170,0
2025-08-11 14:30:00+00:00,23614.85,23617.55,23613.05,23615.95,339,160,0
2025-08-11 14:35:00+00:00,23615.95,23622.45,23615.25,23618.65,377,150,0
2025-08-11 14:40:00+00:00,23618.85,23622.45,23617.65,23620.45,327,150,0
2025-08-11 14:45:00+00:00,23620.65,23629.25,23620.45,23625.85,437,150,0
2025-08-11 14:50:00+00:00,23626.05,23630.25,23626.05,23630.25,349,150,0
2025-08-11 14:55:00+00:00,23630.05,23633.15,23628.15,23628.75,337,150,0
2025-08-11 15:00:00+00:00,23628.35,23647.05,23628.35,23646.05,659,160,0
2025-08-11 15:05:00+00:00,23645.75,23648.05,23639.65,23642.35,523,170,0
2025-08-11 15:10:00+00:00,23642.35,23645.95,23631.45,23635.85,538,160,0
2025-08-11 15:15:00+00:00,23636.55,23646.85,23633.95,23646.65,444,160,0
2025-08-11 15:20:00+00:00,23646.15,23649.35,23627.05,23635.35,635,160,0
2025-08-11 15:25:00+00:00,23635.35,23635.35,23622.05,23627.25,679,180,0
2025-08-11 15:30:00+00:00,23627.25,23628.55,23610.65,23620.35,714,180,0
2025-08-11 15:35:00+00:00,23620.55,23621.95,23605.75,23614.75,743,190,0
2025-08-11 15:40:00+00:00,23614.55,23619.25,23613.45,23614.55,608,170,0
2025-08-11 15:45:00+00:00,23614.65,23617.95,23610.95,23613.35,462,160,0
2025-08-11 15:50:00+00:00,23613.45,23620.35,23601.35,23610.45,586,160,0
2025-08-11 15:55:00+00:00,23610.55,23615.55,23607.35,23615.55,548,170,0
2025-08-11 16:00:00+00:00,23615.35,23618.25,23607.55,23608.95,707,170,0
2025-08-11 16:05:00+00:00,23608.75,23612.05,23601.95,23607.55,665,180,0
2025-08-11 16:10:00+00:00,23607.75,23616.95,23600.05,23616.95,709,180,0
2025-08-11 16:15:00+00:00,23615.95,23619.75,23615.25,23616.15,564,170,0
2025-08-11 16:20:00+00:00,23616.05,23617.65,23607.05,23611.35,568,160,0
2025-08-11 16:25:00+00:00,23611.35,23616.95,23594.15,23608.95,1019,180,0
2025-08-11 16:30:00+00:00,23609.35,23623.75,23574.85,23579.95,1637,80,0
2025-08-11 16:35:00+00:00,23580.05,23611.35,23578.35,23606.55,1540,120,0
2025-08-11 16:40:00+00:00,23606.05,23631.85,23599.05,23623.05,1453,120,0
2025-08-11 16:45:00+00:00,23622.95,23630.05,23610.05,23627.55,1437,120,0
2025-08-11 16:50:00+00:00,23628.05,23629.35,23601.55,23614.05,1449,120,0
2025-08-11 16:55:00+00:00,23613.05,23638.05,23610.65,23637.55,1358,120,0
2025-08-11 17:00:00+00:00,23637.55,23641.15,23616.85,23620.35,1331,90,0
2025-08-11 17:05:00+00:00,23619.55,23635.55,23616.35,23630.65,1299,100,0
2025-08-11 17:10:00+00:00,23629.75,23652.85,23629.25,23639.75,1232,80,0
2025-08-11 17:15:00+00:00,23640.05,23660.55,23634.55,23660.55,1230,80,0
2025-08-11 17:20:00+00:00,23660.05,23660.75,23646.15,23646.75,1191,80,0
2025-08-11 17:25:00+00:00,23646.75,23658.25,23643.05,23645.75,1179,80,0
2025-08-11 17:30:00+00:00,23645.75,23654.75,23640.05,23641.35,1207,80,0
2025-08-11 17:35:00+00:00,23641.25,23653.55,23637.25,23643.55,1151,80,0
2025-08-11 17:40:00+00:00,23643.55,23653.55,23637.35,23650.05,1124,80,0
2025-08-11 17:45:00+00:00,23650.05,23653.45,23615.35,23625.05,1220,80,0
2025-08-11 17:50:00+00:00,23625.05,23644.15,23622.05,23635.55,1199,80,0
2025-08-11 17:55:00+00:00,23636.05,23636.05,23621.35,23622.85,1128,80,0
2025-08-11 18:00:00+00:00,23622.55,23632.85,23619.35,23620.55,1244,80,0
2025-08-11 18:05:00+00:00,23620.85,23625.45,23610.55,23619.55,1144,80,0
2025-08-11 18:10:00+00:00,23619.35,23642.85,23613.95,23642.55,1109,80,0
2025-08-11 18:15:00+00:00,23642.05,23646.85,23635.45,23642.55,1054,80,0
2025-08-11 18:20:00+00:00,23642.55,23642.85,23626.65,23632.95,1080,80,0
2025-08-11 18:25:00+00:00,23633.05,23636.45,23626.85,23630.35,932,80,0
2025-08-11 18:30:00+00:00,23629.95,23639.15,23621.85,23637.85,1062,80,0
2025-08-11 18:35:00+00:00,23637.85,23638.05,23617.85,23617.85,1079,80,0
2025-08-11 18:40:00+00:00,23617.55,23630.35,23611.85,23624.65,1096,80,0
2025-08-11 18:45:00+00:00,23624.85,23636.85,23619.35,23635.35,1198,80,0
2025-08-11 18:50:00+00:00,23635.35,23653.65,23634.75,23652.55,1080,80,0
2025-08-11 18:55:00+00:00,23652.55,23659.55,23650.35,23659.55,1062,80,0
2025-08-11 19:00:00+00:00,23659.35,23664.45,23652.65,23660.95,910,80,0
2025-08-11 19:05:00+00:00,23660.65,23694.45,23659.05,23694.45,1133,80,0
2025-08-11 19:10:00+00:00,23693.95,23699.85,23680.05,23682.85,1108,80,0
2025-08-11 19:15:00+00:00,23682.85,23689.55,23670.35,23674.55,1008,80,0
2025-08-11 19:20:00+00:00,23674.35,23682.55,23671.55,23680.15,917,80,0
2025-08-11 19:25:00+00:00,23680.05,23681.35,23670.85,23681.05,867,80,0
2025-08-11 19:30:00+00:00,23681.05,23684.85,23673.35,23675.05,864,80,0
2025-08-11 19:35:00+00:00,23675.05,23675.35,23659.95,23662.85,857,80,0
2025-08-11 19:40:00+00:00,23662.85,23663.35,23635.85,23637.45,1078,80,0
2025-08-11 19:45:00+00:00,23636.85,23648.85,23635.85,23638.55,1033,80,0
2025-08-11 19:50:00+00:00,23639.45,23652.85,23638.45,23639.85,956,80,0
2025-08-11 19:55:00+00:00,23640.05,23642.35,23631.35,23632.05,966,80,0
2025-08-11 20:00:00+00:00,23632.35,23643.95,23629.65,23641.05,942,80,0
2025-08-11 20:05:00+00:00,23640.95,23648.35,23638.55,23644.85,875,80,0
2025-08-11 20:10:00+00:00,23644.55,23644.55,23630.35,23630.55,843,80,0
2025-08-11 20:15:00+00:00,23630.95,23634.35,23622.55,23630.15,971,80,0
2025-08-11 20:20:00+00:00,23630.55,23636.85,23623.95,23629.55,803,80,0
2025-08-11 20:25:00+00:00,23629.05,23629.55,23619.45,23624.05,851,80,0
2025-08-11 20:30:00+00:00,23623.45,23632.35,23620.65,23621.05,923,80,0
2025-08-11 20:35:00+00:00,23621.35,23628.45,23599.55,23606.55,1056,80,0
2025-08-11 20:40:00+00:00,23606.95,23607.85,23591.55,23605.35,1116,80,0
2025-08-11 20:45:00+00:00,23605.65,23608.55,23586.55,23604.85,1008,80,0
2025-08-11 20:50:00+00:00,23604.55,23607.35,23593.05,23594.05,930,80,0
2025-08-11 20:55:00+00:00,23594.05,23601.05,23584.15,23593.45,948,80,0
2025-08-11 21:00:00+00:00,23594.65,23596.65,23575.05,23578.35,1009,80,0
2025-08-11 21:05:00+00:00,23578.55,23586.35,23572.05,23582.45,1016,80,0
2025-08-11 21:10:00+00:00,23582.55,23591.85,23572.05,23587.65,900,80,0
2025-08-11 21:15:00+00:00,23587.85,23593.85,23579.95,23581.85,889,80,0
2025-08-11 21:20:00+00:00,23581.05,23582.55,23572.55,23573.05,949,80,0
2025-08-11 21:25:00+00:00,23573.05,23596.05,23572.65,23577.95,1136,80,0
2025-08-11 21:30:00+00:00,23577.95,23593.65,23577.75,23582.95,995,80,0
2025-08-11 21:35:00+00:00,23582.95,23594.35,23578.35,23593.55,850,80,0
2025-08-11 21:40:00+00:00,23593.55,23594.05,23552.85,23552.85,893,80,0
2025-08-11 21:45:00+00:00,23554.65,23581.65,23547.15,23579.55,1111,80,0
2025-08-11 21:50:00+00:00,23579.25,23585.85,23566.65,23576.15,887,80,0
2025-08-11 21:55:00+00:00,23576.35,23587.55,23572.95,23581.55,787,80,0
2025-08-11 22:00:00+00:00,23581.85,23585.35,23573.15,23576.85,820,80,0
2025-08-11 22:05:00+00:00,23576.35,23578.35,23568.85,23573.55,871,80,0
2025-08-11 22:10:00+00:00,23573.05,23578.85,23564.05,23566.35,818,80,0
2025-08-11 22:15:00+00:00,23566.15,23566.85,23550.85,23560.95,958,80,0
2025-08-11 22:20:00+00:00,23560.55,23570.55,23559.55,23564.85,868,80,0
2025-08-11 22:25:00+00:00,23564.55,23565.05,23554.05,23559.05,887,80,0
2025-08-11 22:30:00+00:00,23558.55,23564.95,23545.45,23550.55,1020,80,0
2025-08-11 22:35:00+00:00,23550.35,23555.35,23541.05,23546.35,962,80,0
2025-08-11 22:40:00+00:00,23546.15,23550.85,23539.35,23545.85,947,80,0
2025-08-11 22:45:00+00:00,23545.95,23546.85,23530.55,23537.45,1069,80,0
2025-08-11 22:50:00+00:00,23538.95,23544.85,23494.35,23500.35,1369,80,0
2025-08-11 22:55:00+00:00,23499.85,23539.75,23484.15,23534.85,1334,100,0
2025-08-11 23:00:00+00:00,23534.65,23543.86,23521.56,23532.36,1029,120,0
2025-08-11 23:05:00+00:00,23532.06,23538.26,23531.86,23534.66,544,188,0
2025-08-11 23:10:00+00:00,23535.06,23536.56,23522.76,23524.46,613,188,0
2025-08-11 23:15:00+00:00,23524.76,23525.46,23512.26,23516.76,478,188,0
2025-08-11 23:20:00+00:00,23517.06,23521.26,23512.76,23518.86,345,178,0
2025-08-11 23:25:00+00:00,23518.86,23520.66,23516.16,23519.36,315,178,0
2025-08-11 23:30:00+00:00,23519.36,23522.36,23518.06,23519.66,273,168,0
2025-08-11 23:35:00+00:00,23519.66,23521.76,23519.16,23520.66,197,168,0
2025-08-11 23:40:00+00:00,23520.86,23524.86,23519.76,23524.66,190,168,0
2025-08-11 23:45:00+00:00,23524.66,23526.76,23522.86,23523.36,230,168,0
2025-08-12 01:05:00+00:00,23535.16,23535.36,23524.76,23529.16,374,208,0
2025-08-12 01:10:00+00:00,23530.36,23541.66,23530.36,23535.36,322,198,0
2025-08-12 01:15:00+00:00,23535.46,23535.86,23517.66,23518.96,379,188,0
2025-08-12 01:20:00+00:00,23519.26,23522.86,23514.46,23517.46,399,188,0
2025-08-12 01:25:00+00:00,23517.46,23519.36,23514.16,23515.76,240,178,0
2025-08-12 01:30:00+00:00,23515.76,23525.76,23515.36,23524.96,347,178,0
2025-08-12 01:35:00+00:00,23524.76,23527.26,23519.76,23519.86,333,178,0
2025-08-12 01:40:00+00:00,23519.96,23525.96,23514.46,23524.56,345,178,0
2025-08-12 01:45:00+00:00,23523.76,23525.76,23517.06,23525.76,315,188,0
2025-08-12 01:50:00+00:00,23525.76,23538.46,23525.56,23537.66,337,178,0
2025-08-12 01:55:00+00:00,23537.96,23540.76,23536.36,23540.56,201,168,0
2025-08-12 02:00:00+00:00,23539.86,23543.75,23538.95,23543.75,284,150,0
2025-08-12 02:05:00+00:00,23543.65,23543.85,23537.95,23541.45,214,150,0
2025-08-12 02:10:00+00:00,23542.15,23546.05,23541.15,23541.65,199,150,0
2025-08-12 02:15:00+00:00,23541.65,23546.05,23541.15,23543.05,188,160,0
2025-08-12 02:20:00+00:00,23543.45,23543.85,23536.95,23537.65,130,150,0
2025-08-12 02:25:00+00:00,23537.35,23537.85,23525.05,23533.75,359,150,0
2025-08-12 02:30:00+00:00,23533.85,23543.75,23532.65,23536.55,335,170,0
2025-08-12 02:35:00+00:00,23537.25,23537.45,23532.35,23535.95,192,150,0
2025-08-12 02:40:00+00:00,23535.95,23538.65,23533.25,23537.65,163,150,0
2025-08-12 02:45:00+00:00,23537.65,23545.35,23537.35,23538.05,353,150,0
2025-08-12 02:50:00+00:00,23538.05,23538.35,23531.55,23534.15,266,160,0
2025-08-12 02:55:00+00:00,23533.85,23537.35,23530.15,23535.95,311,160,0
2025-08-12 03:00:00+00:00,23535.95,23544.35,23530.35,23536.45,757,160,0
2025-08-12 03:05:00+00:00,23536.35,23541.85,23532.35,23532.35,484,170,0
2025-08-12 03:10:00+00:00,23532.35,23540.65,23528.25,23538.85,549,180,0
2025-08-12 03:15:00+00:00,23538.75,23560.55,23534.75,23555.25,686,170,0
2025-08-12 03:20:00+00:00,23554.85,23560.65,23549.45,23557.05,624,180,0
2025-08-12 03:25:00+00:00,23557.25,23558.55,23550.35,23556.15,572,170,0
2025-08-12 03:30:00+00:00,23556.15,23566.05,23556.15,23559.35,490,170,0
2025-08-12 03:35:00+00:00,23559.55,23565.25,23553.85,23555.25,367,170,0
2025-08-12 03:40:00+00:00,23555.25,23555.55,23548.75,23552.35,603,170,0
2025-08-12 03:45:00+00:00,23552.15,23554.55,23547.25,23553.15,563,170,0
2025-08-12 03:50:00+00:00,23553.35,23557.15,23543.05,23543.05,466,170,0
2025-08-12 03:55:00+00:00,23543.05,23543.95,23537.15,23538.55,531,170,0
2025-08-12 04:00:00+00:00,23538.65,23543.95,23534.75,23538.75,659,170,0
2025-08-12 04:05:00+00:00,23538.25,23544.45,23537.45,23539.85,563,180,0
2025-08-12 04:10:00+00:00,23539.75,23547.05,23534.85,23537.65,473,170,0
2025-08-12 04:15:00+00:00,23537.55,23544.55,23533.15,23543.55,486,170,0
2025-08-12 04:20:00+00:00,23543.85,23545.05,23539.55,23540.65,307,160,0
2025-08-12 04:25:00+00:00,23540.85,23545.85,23540.05,23540.45,336,160,0
2025-08-12 04:30:00+00:00,23540.35,23542.95,23531.75,23542.75,583,160,0
2025-08-12 04:35:00+00:00,23542.95,23552.55,23541.85,23552.35,711,170,0
2025-08-12 04:40:00+00:00,23551.85,23558.65,23550.05,23554.05,468,150,0
2025-08-12 04:45:00+00:00,23554.05,23554.95,23551.05,23553.45,335,160,0
2025-08-12 04:50:00+00:00,23553.45,23554.45,23549.25,23551.15,331,150,0
2025-08-12 04:55:00+00:00,23550.95,23558.15,23550.65,23558.15,274,150,0
2025-08-12 05:00:00+00:00,23557.85,23559.35,23551.65,23554.85,291,150,0
2025-08-12 05:05:00+00:00,23555.05,23558.05,23551.85,23557.55,244,160,0
2025-08-12 05:10:00+00:00,23558.55,23563.45,23558.05,23560.15,240,150,0
2025-08-12 05:15:00+00:00,23559.85,23565.15,23559.35,23564.35,252,150,0
2025-08-12 05:20:00+00:00,23564.35,23566.65,23562.15,23563.65,211,150,0
2025-08-12 05:25:00+00:00,23563.45,23563.75,23553.85,23553.85,269,150,0
2025-08-12 05:30:00+00:00,23553.85,23558.25,23553.75,23558.25,242,150,0
2025-08-12 05:35:00+00:00,23558.65,23561.65,23555.85,23556.15,278,150,0
2025-08-12 05:40:00+00:00,23556.25,23558.65,23553.25,23557.15,324,150,0
2025-08-12 05:45:00+00:00,23556.95,23557.25,23550.85,23551.85,224,150,0
2025-08-12 05:50:00+00:00,23551.85,23553.65,23549.85,23551.85,284,150,0
2025-08-12 05:55:00+00:00,23551.95,23553.15,23548.25,23550.85,182,150,0
2025-08-12 06:00:00+00:00,23550.95,23557.45,23550.15,23557.15,255,150,0
2025-08-12 06:05:00+00:00,23557.65,23563.35,23557.25,23557.75,204,150,0
2025-08-12 06:10:00+00:00,23557.65,23558.05,23551.75,23553.95,228,150,0
2025-08-12 06:15:00+00:00,23553.65,23557.15,23551.65,23554.85,223,150,0
2025-08-12 06:20:00+00:00,23554.95,23558.65,23554.85,23558.45,157,150,0
2025-08-12 06:25:00+00:00,23558.65,23562.95,23557.95,23560.75,208,150,0
2025-08-12 06:30:00+00:00,23560.85,23562.45,23558.15,23560.15,207,150,0
2025-08-12 06:35:00+00:00,23560.15,23562.45,23558.65,23560.85,179,150,0
2025-08-12 06:40:00+00:00,23560.95,23560.95,23556.15,23556.85,176,150,0
2025-08-12 06:45:00+00:00,23556.85,23558.15,23553.35,23555.35,193,150,0
2025-08-12 06:50:00+00:00,23555.25,23557.45,23553.15,23556.85,215,150,0
2025-08-12 06:55:00+00:00,23556.75,23558.15,23555.85,23556.75,130,150,0
2025-08-12 07:00:00+00:00,23556.65,23556.65,23552.15,23552.35,174,150,0
2025-08-12 07:05:00+00:00,23552.25,23554.15,23549.75,23552.85,170,150,0
2025-08-12 07:10:00+00:00,23553.05,23554.65,23552.65,23552.85,178,150,0
2025-08-12 07:15:00+00:00,23553.25,23555.85,23552.35,23552.45,172,150,0
2025-08-12 07:20:00+00:00,23552.65,23555.15,23552.15,23555.15,141,150,0
2025-08-12 07:25:00+00:00,23554.95,23556.65,23551.85,23554.95,149,150,0
2025-08-12 07:30:00+00:00,23555.15,23557.85,23549.95,23555.55,351,150,0
2025-08-12 07:35:00+00:00,23555.65,23568.25,23555.55,23566.35,261,150,0
2025-08-12 07:40:00+00:00,23566.05,23570.85,23564.35,23568.35,222,150,0
2025-08-12 07:45:00+00:00,23568.25,23570.45,23565.25,23569.35,224,150,0
2025-08-12 07:50:00+00:00,23569.65,23575.65,23567.65,23572.65,208,150,0
2025-08-12 07:55:00+00:00,23572.85,23574.85,23569.65,23571.15,263,150,0
2025-08-12 08:00:00+00:00,23571.15,23572.65,23501.45,23518.55,1245,160,0
2025-08-12 08:05:00+00:00,23518.55,23541.35,23514.65,23539.35,1134,210,0
2025-08-12 08:10:00+00:00,23539.35,23551.85,23535.45,23547.15,683,190,0
2025-08-12 08:15:00+00:00,23547.75,23548.15,23538.25,23540.45,563,190,0
2025-08-12 08:20:00+00:00,23540.35,23546.55,23535.95,23537.25,492,180,0
2025-08-12 08:25:00+00:00,23537.05,23540.55,23530.65,23532.15,378,170,0
2025-08-12 08:30:00+00:00,23532.35,23532.55,23510.55,23519.65,724,170,0
2025-08-12 08:35:00+00:00,23519.85,23524.95,23499.65,23502.55,629,190,0
2025-08-12 08:40:00+00:00,23502.45,23510.45,23495.55,23508.05,694,190,0
2025-08-12 08:45:00+00:00,23507.65,23516.25,23505.05,23507.25,501,180,0
2025-08-12 08:50:00+00:00,23507.95,23528.25,23507.95,23525.15,591,180,0
2025-08-12 08:55:00+00:00,23525.05,23532.15,23523.75,23528.95,519,170,0
2025-08-12 09:00:00+00:00,23529.35,23540.95,23527.25,23539.45,584,170,0
2025-08-12 09:05:00+00:00,23539.45,23546.65,23532.95,23533.75,611,170,0
2025-08-12 09:10:00+00:00,23534.05,23536.05,23530.15,23534.55,613,180,0
2025-08-12 09:15:00+00:00,23534.35,23534.35,23527.45,23530.85,505,180,0
2025-08-12 09:20:00+00:00,23530.75,23544.35,23527.75,23542.05,568,170,0
2025-08-12 09:25:00+00:00,23542.05,23567.75,23541.55,23566.45,715,180,0
2025-08-12 09:30:00+00:00,23566.15,23567.65,23549.25,23550.05,633,190,0
2025-08-12 09:35:00+00:00,23550.55,23554.55,23545.15,23551.55,473,170,0
2025-08-12 09:40:00+00:00,23551.45,23556.05,23545.75,23555.35,502,170,0
2025-08-12 09:45:00+00:00,23555.25,23560.35,23551.35,23557.05,346,180,0
2025-08-12 09:50:00+00:00,23557.35,23560.45,23553.35,23553.55,363,170,0
2025-08-12 09:55:00+00:00,23552.15,23554.55,23547.35,23548.05,396,160,0
2025-08-12 10:00:00+00:00,23547.95,23554.55,23544.15,23548.55,994,160,0
2025-08-12 10:05:00+00:00,23548.65,23574.75,23547.75,23569.15,811,190,0
2025-08-12 10:10:00+00:00,23568.85,23573.85,23563.95,23566.75,698,180,0
2025-08-12 10:15:00+00:00,23566.45,23566.75,23557.55,23557.55,678,180,0
2025-08-12 10:20:00+00:00,23557.75,23562.85,23546.75,23560.25,734,180,0
2025-08-12 10:25:00+00:00,23560.25,23573.05,23555.05,23563.15,717,190,0
2025-08-12 10:30:00+00:00,23563.25,23565.75,23538.45,23541.25,748,190,0
2025-08-12 10:35:00+00:00,23540.75,23546.15,23537.95,23541.75,651,180,0
2025-08-12 10:40:00+00:00,23541.55,23551.95,23539.45,23549.95,642,180,0
2025-08-12 10:45:00+00:00,23550.05,23558.75,23549.95,23558.75,592,170,0
2025-08-12 10:50:00+00:00,23560.25,23568.65,23559.55,23568.25,405,170,0
2025-08-12 10:55:00+00:00,23568.55,23570.05,23563.85,23565.55,353,160,0
2025-08-12 11:00:00+00:00,23564.85,23571.45,23559.75,23567.35,716,160,0
2025-08-12 11:05:00+00:00,23566.95,23569.45,23558.45,23559.55,571,190,0
2025-08-12 11:10:00+00:00,23559.15,23561.05,23550.85,23551.05,576,180,0
2025-08-12 11:15:00+00:00,23550.75,23560.35,23549.75,23556.25,467,170,0
2025-08-12 11:20:00+00:00,23556.55,23560.25,23551.15,23555.95,418,170,0
2025-08-12 11:25:00+00:00,23555.25,23555.25,23547.65,23550.25,448,170,0
2025-08-12 11:30:00+00:00,23549.85,23555.75,23547.45,23549.25,463,170,0
2025-08-12 11:35:00+00:00,23549.35,23551.45,23542.55,23546.55,512,160,0
2025-08-12 11:40:00+00:00,23546.35,23548.05,23538.85,23543.05,424,160,0
2025-08-12 11:45:00+00:00,23542.95,23545.45,23535.85,23539.25,424,170,0
2025-08-12 11:50:00+00:00,23538.65,23541.35,23536.75,23537.05,347,170,0
2025-08-12 11:55:00+00:00,23537.05,23541.75,23534.55,23540.95,328,150,0
2025-08-12 12:00:00+00:00,23540.35,23544.15,23538.45,23542.85,268,150,0
2025-08-12 12:05:00+00:00,23542.95,23544.85,23541.85,23544.35,181,150,0
2025-08-12 12:10:00+00:00,23544.25,23545.15,23537.95,23541.65,213,150,0
2025-08-12 12:15:00+00:00,23542.65,23545.05,23540.05,23544.55,253,150,0
2025-08-12 12:20:00+00:00,23544.65,23548.35,23535.75,23536.95,390,160,0
2025-08-12 12:25:00+00:00,23536.85,23545.15,23536.05,23544.85,305,150,0
2025-08-12 12:30:00+00:00,23544.75,23545.75,23538.05,23539.85,315,150,0
2025-08-12 12:35:00+00:00,23540.05,23547.55,23539.85,23546.05,357,160,0
2025-08-12 12:40:00+00:00,23545.25,23545.25,23537.75,23539.75,351,160,0
2025-08-12 12:45:00+00:00,23539.65,23548.35,23539.05,23546.05,392,160,0
2025-08-12 12:50:00+00:00,23545.05,23551.35,23543.05,23543.55,347,160,0
2025-08-12 12:55:00+00:00,23543.55,23543.65,23534.55,23535.35,419,170,0
2025-08-12 13:00:00+00:00,23534.75,23536.95,23528.25,23531.35,448,180,0
2025-08-12 13:05:00+00:00,23531.25,23533.35,23525.25,23527.95,425,160,0
2025-08-12 13:10:00+00:00,23527.85,23544.05,23526.95,23543.95,530,170,0
2025-08-12 13:15:00+00:00,23543.75,23544.45,23537.15,23540.65,487,170,0
2025-08-12 13:20:00+00:00,23540.75,23543.55,23539.75,23543.05,347,150,0
2025-08-12 13:25:00+00:00,23542.95,23544.95,23532.05,23533.75,365,160,0
2025-08-12 13:30:00+00:00,23533.65,23541.35,23533.65,23536.35,383,170,0
2025-08-12 13:35:00+00:00,23536.35,23536.85,23529.55,23531.55,381,170,0
2025-08-12 13:40:00+00:00,23531.25,23540.05,23531.25,23535.75,287,160,0
2025-08-12 13:45:00+00:00,23536.55,23537.45,23530.85,23535.15,375,170,0
2025-08-12 13:50:00+00:00,23535.05,23539.05,23533.05,23533.25,293,160,0
2025-08-12 13:55:00+00:00,23533.35,23537.05,23531.05,23534.55,368,160,0
2025-08-12 14:00:00+00:00,23534.55,23536.05,23527.05,23530.05,557,170,0
2025-08-12 14:05:00+00:00,23529.65,23530.75,23519.65,23519.75,404,170,0
2025-08-12 14:10:00+00:00,23519.75,23520.05,23507.85,23510.55,516,170,0
2025-08-12 14:15:00+00:00,23510.55,23527.05,23508.65,23526.95,481,170,0
2025-08-12 14:20:00+00:00,23526.95,23530.35,23522.45,23524.45,447,160,0
2025-08-12 14:25:00+00:00,23524.25,23524.95,23517.55,23523.75,391,170,0
2025-08-12 14:30:00+00:00,23522.85,23534.55,23520.75,23530.55,456,170,0
2025-08-12 14:35:00+00:00,23530.45,23536.25,23529.25,23530.25,425,170,0
2025-08-12 14:40:00+00:00,23529.25,23531.55,23522.55,23522.55,353,170,0
2025-08-12 14:45:00+00:00,23522.35,23525.95,23514.95,23515.65,498,170,0
2025-08-12 14:50:00+00:00,23515.65,23530.95,23510.65,23529.45,593,190,0
2025-08-12 14:55:00+00:00,23529.65,23541.05,23529.45,23540.05,548,170,0
2025-08-12 15:00:00+00:00,23539.75,23549.25,23539.05,23546.95,594,170,0
2025-08-12 15:05:00+00:00,23547.45,23548.95,23538.05,23542.45,655,180,0
2025-08-12 15:10:00+00:00,23542.15,23557.35,23539.95,23553.95,593,180,0
2025-08-12 15:15:00+00:00,23553.25,23554.05,23547.35,23550.45,512,170,0
2025-08-12 15:20:00+00:00,23550.45,23560.55,23538.95,23560.15,818,180,0
2025-08-12 15:25:00+00:00,23560.05,23577.55,23556.05,23564.32,863,210,0
2025-08-12 15:30:00+00:00,23564.82,23660.45,23564.72,23657.95,2276,210,0
2025-08-12 15:35:00+00:00,23657.55,23704.85,23656.35,23692.35,2020,210,0
2025-08-12 15:40:00+00:00,23692.05,23721.15,23679.55,23684.85,1801,210,0
2025-08-12 15:45:00+00:00,23685.05,23702.55,23677.55,23697.05,1645,210,0
2025-08-12 15:50:00+00:00,23697.55,23698.35,23684.05,23694.35,1310,210,0
2025-08-12 15:55:00+00:00,23694.55,23699.45,23667.15,23673.05,1599,210,0
2025-08-12 16:00:00+00:00,23673.15,23682.35,23641.05,23644.55,1842,210,0
2025-08-12 16:05:00+00:00,23645.05,23648.05,23626.05,23635.85,1665,210,0
2025-08-12 16:10:00+00:00,23635.55,23645.95,23630.05,23638.35,1402,210,0
2025-08-12 16:15:00+00:00,23638.15,23641.95,23627.15,23638.05,1249,210,0
2025-08-12 16:20:00+00:00,23637.55,23638.05,23622.45,23625.05,1313,200,0
2025-08-12 16:25:00+00:00,23626.65,23639.65,23626.35,23631.85,1510,210,0
2025-08-12 16:30:00+00:00,23632.45,23680.75,23609.85,23679.75,2631,80,0
2025-08-12 16:35:00+00:00,23680.05,23696.25,23655.55,23693.25,2488,120,0
2025-08-12 16:40:00+00:00,23694.75,23706.05,23624.35,23637.55,2416,120,0
2025-08-12 16:45:00+00:00,23637.55,23662.55,23582.65,23599.15,2618,120,0
2025-08-12 16:50:00+00:00,23598.35,23613.05,23567.55,23612.35,2534,120,0
2025-08-12 16:55:00+00:00,23612.25,23624.25,23549.85,23553.65,2507,120,0
2025-08-12 17:00:00+00:00,23555.15,23566.05,23522.05,23563.05,2549,120,0
2025-08-12 17:05:00+00:00,23563.05,23616.65,23558.25,23592.05,2470,120,0
2025-08-12 17:10:00+00:00,23592.55,23623.15,23570.25,23620.85,2349,120,0
2025-08-12 17:15:00+00:00,23621.25,23645.15,23614.25,23634.65,2351,120,0
2025-08-12 17:20:00+00:00,23633.75,23660.85,23627.05,23643.35,2266,120,0
2025-08-12 17:25:00+00:00,23644.35,23661.15,23638.85,23652.65,2232,120,0
2025-08-12 17:30:00+00:00,23652.75,23663.85,23642.55,23646.15,2227,120,0
2025-08-12 17:35:00+00:00,23646.25,23666.75,23643.85,23662.65,2019,120,0
2025-08-12 17:40:00+00:00,23662.85,23665.35,23643.85,23655.15,1954,120,0
2025-08-12 17:45:00+00:00,23655.65,23661.35,23632.65,23659.05,2056,120,0
2025-08-12 17:50:00+00:00,23658.85,23681.15,23653.35,23663.95,1882,80,0
2025-08-12 17:55:00+00:00,23663.95,23676.85,23644.15,23676.15,1835,100,0
2025-08-12 18:00:00+00:00,23675.85,23694.55,23673.05,23690.85,1725,80,0
2025-08-12 18:05:00+00:00,23690.35,23712.55,23690.35,23709.85,1578,80,0
2025-08-12 18:10:00+00:00,23710.05,23734.75,23710.05,23724.75,1591,80,0
2025-08-12 18:15:00+00:00,23725.05,23760.45,23725.05,23748.25,1440,80,0
2025-08-12 18:20:00+00:00,23747.85,23757.85,23743.05,23750.85,1415,80,0
2025-08-12 18:25:00+00:00,23750.55,23756.55,23726.05,23733.25,1677,80,0
2025-08-12 18:30:00+00:00,23733.25,23749.15,23721.25,23746.75,1971,90,0
2025-08-12 18:35:00+00:00,23746.85,23755.55,23739.35,23755.55,1569,80,0
2025-08-12 18:40:00+00:00,23754.95,23759.25,23748.85,23754.05,1504,80,0
2025-08-12 18:45:00+00:00,23754.35,23759.25,23744.55,23746.05,1316,80,0
2025-08-12 18:50:00+00:00,23746.55,23755.35,23742.85,23754.55,1317,80,0
2025-08-12 18:55:00+00:00,23754.55,23770.55,23753.55,23767.55,1299,80,0
2025-08-12 19:00:00+00:00,23767.55,23767.85,23746.85,23753.35,1212,80,0
2025-08-12 19:05:00+00:00,23753.05,23758.85,23747.85,23749.85,1064,80,0
2025-08-12 19:10:00+00:00,23750.45,23758.85,23746.55,23757.05,1000,80,0
2025-08-12 19:15:00+00:00,23756.85,23769.05,23755.35,23764.25,983,80,0
2025-08-12 19:20:00+00:00,23764.05,23777.05,23763.05,23776.35,1029,80,0
2025-08-12 19:25:00+00:00,23776.35,23782.75,23773.85,23778.85,960,80,0
2025-08-12 19:30:00+00:00,23779.35,23783.85,23774.45,23782.35,954,80,0
2025-08-12 19:35:00+00:00,23782.25,23787.55,23779.05,23780.05,901,80,0
2025-08-12 19:40:00+00:00,23779.35,23783.55,23777.55,23779.35,844,80,0
2025-08-12 19:45:00+00:00,23779.25,23798.55,23777.55,23794.05,1035,80,0
2025-08-12 19:50:00+00:00,23794.35,23803.55,23791.85,23800.85,951,80,0
2025-08-12 19:55:00+00:00,23800.85,23809.35,23798.05,23798.85,1128,80,0
2025-08-12 20:00:00+00:00,23799.25,23804.25,23791.85,23798.95,1046,80,0
2025-08-12 20:05:00+00:00,23798.85,23804.05,23792.55,23792.85,870,80,0
2025-08-12 20:10:00+00:00,23792.75,23802.35,23790.05,23797.85,847,80,0
2025-08-12 20:15:00+00:00,23797.25,23803.45,23796.85,23798.35,656,80,0
2025-08-12 20:20:00+00:00,23798.05,23804.85,23793.25,23796.85,781,80,0
2025-08-12 20:25:00+00:00,23796.85,23800.55,23785.35,23787.05,886,80,0
2025-08-12 20:30:00+00:00,23786.55,23806.85,23784.55,23805.05,921,80,0
2025-08-12 20:35:00+00:00,23804.85,23806.55,23796.45,23800.85,928,80,0
2025-08-12 20:40:00+00:00,23800.85,23806.95,23795.85,23800.55,762,80,0
2025-08-12 20:45:00+00:00,23800.85,23813.05,23800.35,23811.35,789,80,0
2025-08-12 20:50:00+00:00,23811.25,23813.25,23808.25,23811.85,796,80,0
2025-08-12 20:55:00+00:00,23811.05,23812.85,23807.55,23811.05,647,80,0
2025-08-12 21:00:00+00:00,23811.05,23818.35,23808.25,23810.55,870,80,0
2025-08-12 21:05:00+00:00,23810.35,23814.25,23806.55,23812.55,758,80,0
2025-08-12 21:10:00+00:00,23812.35,23816.35,23804.95,23814.85,702,80,0
2025-08-12 21:15:00+00:00,23814.85,23824.45,23810.85,23821.55,770,80,0
2025-08-12 21:20:00+00:00,23821.55,23829.05,23811.85,23817.55,935,80,0
2025-08-12 21:25:00+00:00,23817.35,23819.05,23811.95,23816.45,810,80,0
2025-08-12 21:30:00+00:00,23816.75,23819.05,23806.55,23811.85,850,80,0
2025-08-12 21:35:00+00:00,23811.85,23818.05,23807.45,23807.85,821,80,0
2025-08-12 21:40:00+00:00,23807.55,23811.05,23803.75,23809.05,680,80,0
2025-08-12 21:45:00+00:00,23808.85,23813.55,23802.55,23808.05,778,80,0
2025-08-12 21:50:00+00:00,23807.85,23811.35,23804.85,23808.85,679,80,0
2025-08-12 21:55:00+00:00,23808.35,23813.25,23802.55,23804.05,683,80,0
2025-08-12 22:00:00+00:00,23803.85,23809.45,23802.35,23804.25,780,80,0
2025-08-12 22:05:00+00:00,23804.05,23813.45,23803.85,23808.55,744,80,0
2025-08-12 22:10:00+00:00,23807.55,23808.35,23799.05,23803.05,734,80,0
2025-08-12 22:15:00+00:00,23803.35,23814.35,23802.55,23812.85,871,80,0
2025-08-12 22:20:00+00:00,23812.85,23817.55,23809.35,23816.95,774,80,0
2025-08-12 22:25:00+00:00,23816.85,23822.05,23812.95,23820.55,828,80,0
2025-08-12 22:30:00+00:00,23820.35,23827.35,23819.25,23826.45,884,80,0
2025-08-12 22:35:00+00:00,23826.05,23839.95,23822.55,23833.75,1040,80,0
2025-08-12 22:40:00+00:00,23833.25,23833.55,23813.95,23817.55,1056,80,0
2025-08-12 22:45:00+00:00,23817.05,23825.25,23814.85,23825.05,995,80,0
2025-08-12 22:50:00+00:00,23818.25,23845.55,23808.25,23836.85,1516,80,0
2025-08-12 22:55:00+00:00,23836.85,23842.55,23830.75,23831.35,1609,80,0
2025-08-12 23:00:00+00:00,23831.05,23836.06,23822.36,23822.36,947,80,0
2025-08-12 23:05:00+00:00,23822.16,23831.76,23820.46,23830.66,565,198,0
2025-08-12 23:10:00+00:00,23830.46,23831.36,23825.76,23827.86,386,178,0
2025-08-12 23:15:00+00:00,23828.26,23831.56,23827.56,23830.16,229,168,0
2025-08-12 23:20:00+00:00,23829.66,23833.86,23828.56,23832.16,232,168,0
2025-08-12 23:25:00+00:00,23831.86,23834.36,23831.66,23834.16,192,168,0
2025-08-12 23:30:00+00:00,23834.16,23835.66,23832.56,23835.66,209,168,0
2025-08-12 23:35:00+00:00,23835.66,23836.26,23831.26,23831.86,172,168,0
2025-08-12 23:40:00+00:00,23832.06,23832.06,23830.66,23831.36,155,168,0
2025-08-12 23:45:00+00:00,23831.26,23836.06,23830.76,23834.16,212,168,0
2025-08-13 01:05:00+00:00,23834.96,23836.96,23827.46,23828.26,297,178,0
2025-08-13 01:10:00+00:00,23828.86,23835.26,23828.86,23832.46,318,178,0
2025-08-13 01:15:00+00:00,23832.66,23834.16,23824.76,23827.36,301,168,0
2025-08-13 01:20:00+00:00,23827.46,23831.16,23825.46,23830.46,238,168,0
2025-08-13 01:25:00+00:00,23830.66,23831.76,23826.76,23829.76,174,168,0
2025-08-13 01:30:00+00:00,23829.96,23830.06,23825.76,23826.46,160,168,0
2025-08-13 01:35:00+00:00,23826.46,23828.16,23826.16,23826.76,115,168,0
2025-08-13 01:40:00+00:00,23827.06,23830.06,23826.56,23829.46,130,168,0
2025-08-13 01:45:00+00:00,23829.16,23830.06,23825.76,23826.26,143,168,0
2025-08-13 01:50:00+00:00,23826.56,23829.16,23826.56,23828.06,91,168,0
2025-08-13 01:55:00+00:00,23828.26,23830.06,23827.66,23829.46,71,168,0
2025-08-13 02:00:00+00:00,23828.76,23835.15,23827.35,23832.05,233,150,0
2025-08-13 02:05:00+00:00,23832.05,23840.65,23832.05,23839.55,194,150,0
2025-08-13 02:10:00+00:00,23839.15,23841.25,23838.85,23840.05,169,150,0
2025-08-13 02:15:00+00:00,23840.15,23841.35,23832.75,23833.85,155,150,0
2025-08-13 02:20:00+00:00,23833.75,23839.55,23833.75,23837.25,119,150,0
2025-08-13 02:25:00+00:00,23837.35,23842.25,23837.35,23840.65,103,150,0
2025-08-13 02:30:00+00:00,23840.65,23840.85,23833.85,23836.15,127,150,0
2025-08-13 02:35:00+00:00,23836.35,23838.35,23835.75,23838.15,100,150,0
2025-08-13 02:40:00+00:00,23838.15,23846.25,23836.75,23844.55,173,150,0
2025-08-13 02:45:00+00:00,23843.95,23861.35,23841.25,23854.25,405,160,0
2025-08-13 02:50:00+00:00,23854.85,23862.85,23836.85,23856.85,536,190,0
2025-08-13 02:55:00+00:00,23856.55,23860.75,23851.35,23859.65,590,180,0
2025-08-13 03:00:00+00:00,23858.75,23861.35,23849.35,23849.35,754,180,0
2025-08-13 03:05:00+00:00,23849.45,23865.25,23841.25,23858.55,786,170,0
2025-08-13 03:10:00+00:00,23858.35,23859.35,23850.25,23851.55,500,170,0
2025-08-13 03:15:00+00:00,23851.65,23857.55,23846.75,23848.65,556,170,0
2025-08-13 03:20:00+00:00,23848.45,23850.65,23846.05,23847.95,366,160,0
2025-08-13 03:25:00+00:00,23847.85,23848.35,23844.35,23845.85,288,160,0
2025-08-13 03:30:00+00:00,23846.05,23847.35,23839.45,23840.35,299,150,0
2025-08-13 03:35:00+00:00,23840.35,23842.85,23836.95,23841.75,307,160,0
2025-08-13 03:40:00+00:00,23841.85,23841.85,23836.55,23837.25,303,150,0
2025-08-13 03:45:00+00:00,23837.05,23859.45,23836.35,23847.35,502,160,0
2025-08-13 03:50:00+00:00,23847.35,23854.55,23844.55,23845.45,422,160,0
2025-08-13 03:55:00+00:00,23845.65,23846.45,23840.45,23840.55,347,160,0
2025-08-13 04:00:00+00:00,23840.75,23845.05,23838.55,23844.75,329,160,0
2025-08-13 04:05:00+00:00,23844.75,23847.25,23842.35,23845.05,315,160,0
2025-08-13 04:10:00+00:00,23845.05,23846.05,23838.35,23838.55,233,150,0
2025-08-13 04:15:00+00:00,23838.35,23841.55,23836.15,23837.55,281,150,0
2025-08-13 04:20:00+00:00,23837.35,23839.35,23835.75,23836.75,304,150,0
2025-08-13 04:25:00+00:00,23836.65,23836.65,23832.35,23835.05,181,150,0
2025-08-13 04:30:00+00:00,23834.85,23836.65,23829.45,23833.45,291,150,0
2025-08-13 04:35:00+00:00,23833.25,23835.05,23829.25,23830.75,235,150,0
2025-08-13 04:40:00+00:00,23830.75,23832.05,23828.05,23830.15,242,150,0
2025-08-13 04:45:00+00:00,23830.05,23831.35,23824.75,23826.35,248,150,0
2025-08-13 04:50:00+00:00,23826.55,23833.05,23826.35,23832.15,268,150,0
2025-08-13 04:55:00+00:00,23831.85,23832.65,23827.15,23827.65,193,150,0
2025-08-13 05:00:00+00:00,23827.65,23828.65,23822.65,23825.75,275,150,0
2025-08-13 05:05:00+00:00,23826.05,23826.05,23821.25,23824.75,218,150,0
2025-08-13 05:10:00+00:00,23825.05,23828.05,23824.65,23828.05,230,150,0
2025-08-13 05:15:00+00:00,23828.85,23835.15,23828.85,23834.15,288,150,0
2025-08-13 05:20:00+00:00,23833.85,23844.15,23833.25,23843.65,293,150,0
2025-08-13 05:25:00+00:00,23843.55,23845.65,23838.65,23845.35,222,150,0
2025-08-13 05:30:00+00:00,23845.35,23848.05,23840.05,23846.85,225,150,0
2025-08-13 05:35:00+00:00,23846.85,23850.55,23846.25,23848.55,198,150,0
2025-08-13 05:40:00+00:00,23848.65,23850.55,23843.15,23843.25,224,150,0
2025-08-13 05:45:00+00:00,23843.35,23845.35,23841.55,23844.55,212,150,0
2025-08-13 05:50:00+00:00,23844.35,23846.85,23843.65,23845.85,168,150,0
2025-08-13 05:55:00+00:00,23845.65,23846.75,23843.65,23845.15,170,150,0
2025-08-13 06:00:00+00:00,23845.15,23848.15,23844.15,23847.65,184,150,0
2025-08-13 06:05:00+00:00,23847.55,23847.75,23842.65,23846.15,172,150,0
2025-08-13 06:10:00+00:00,23846.05,23848.25,23845.35,23847.15,176,150,0
2025-08-13 06:15:00+00:00,23847.35,23852.35,23847.15,23850.15,183,150,0
2025-08-13 06:20:00+00:00,23850.15,23857.15,23848.15,23851.45,210,150,0
2025-08-13 06:25:00+00:00,23852.05,23852.25,23841.85,23842.05,277,150,0
2025-08-13 06:30:00+00:00,23842.05,23846.55,23840.35,23842.25,366,150,0
2025-08-13 06:35:00+00:00,23842.35,23844.25,23840.35,23842.65,286,150,0
2025-08-13 06:40:00+00:00,23842.35,23845.15,23841.85,23844.65,205,150,0
2025-08-13 06:45:00+00:00,23844.75,23845.35,23842.65,23844.05,177,150,0
2025-08-13 06:50:00+00:00,23844.15,23846.15,23841.85,23843.15,193,150,0
2025-08-13 06:55:00+00:00,23843.05,23843.35,23841.05,23841.25,135,150,0
2025-08-13 07:00:00+00:00,23841.65,23844.05,23841.05,23842.65,164,150,0
2025-08-13 07:05:00+00:00,23842.85,23849.55,23842.65,23847.35,210,150,0
2025-08-13 07:10:00+00:00,23847.25,23849.75,23846.85,23849.35,193,150,0
2025-08-13 07:15:00+00:00,23849.55,23854.35,23849.55,23853.35,188,150,0
2025-08-13 07:20:00+00:00,23853.15,23854.05,23849.75,23852.55,191,150,0
2025-08-13 07:25:00+00:00,23852.65,23856.85,23852.65,23854.35,137,150,0
2025-08-13 07:30:00+00:00,23854.35,23860.65,23854.05,23860.25,185,150,0
2025-08-13 07:35:00+00:00,23859.85,23861.35,23855.65,23857.15,206,150,0
2025-08-13 07:40:00+00:00,23857.25,23860.15,23856.55,23857.65,151,150,0
2025-08-13 07:45:00+00:00,23857.35,23860.55,23856.75,23860.55,133,150,0
2025-08-13 07:50:00+00:00,23860.55,23861.85,23856.35,23856.85,192,150,0
2025-08-13 07:55:00+00:00,23856.85,23856.85,23854.05,23855.25,185,150,0
2025-08-13 08:00:00+00:00,23854.85,23859.05,23853.75,23858.35,250,150,0
2025-08-13 08:05:00+00:00,23858.55,23858.85,23855.65,23857.85,143,150,0
2025-08-13 08:10:00+00:00,23857.65,23858.85,23849.35,23850.15,235,150,0
2025-08-13 08:15:00+00:00,23850.25,23852.15,23848.55,23851.05,223,150,0
2025-08-13 08:20:00+00:00,23850.85,23852.05,23848.65,23850.85,166,150,0
2025-08-13 08:25:00+00:00,23850.75,23855.25,23850.55,23853.75,156,150,0
2025-08-13 08:30:00+00:00,23853.55,23854.55,23851.25,23853.75,182,150,0
2025-08-13 08:35:00+00:00,23853.35,23856.15,23852.75,23854.15,165,150,0
2025-08-13 08:40:00+00:00,23854.25,23854.65,23852.25,23853.15,165,150,0
2025-08-13 08:45:00+00:00,23852.85,23853.55,23851.15,23852.25,128,150,0
2025-08-13 08:50:00+00:00,23852.65,23854.85,23846.75,23847.35,186,150,0
2025-08-13 08:55:00+00:00,23847.15,23847.85,23842.65,23844.55,229,150,0
2025-08-13 09:00:00+00:00,23844.75,23851.45,23844.75,23846.95,336,150,0
2025-08-13 09:05:00+00:00,23846.85,23849.15,23842.65,23844.55,290,150,0
2025-08-13 09:10:00+00:00,23844.75,23846.35,23842.35,23843.35,258,150,0
2025-08-13 09:15:00+00:00,23843.35,23847.95,23834.05,23846.05,420,150,0
2025-08-13 09:20:00+00:00,23846.15,23847.45,23841.05,23844.55,319,160,0
2025-08-13 09:25:00+00:00,23844.75,23846.55,23843.45,23845.85,272,150,0
2025-08-13 09:30:00+00:00,23846.05,23860.15,23845.75,23858.95,446,150,0
2025-08-13 09:35:00+00:00,23858.75,23863.25,23858.75,23862.15,268,150,0
2025-08-13 09:40:00+00:00,23862.35,23871.75,23862.05,23867.45,349,150,0
2025-08-13 09:45:00+00:00,23867.05,23867.45,23860.55,23861.05,206,150,0
2025-08-13 09:50:00+00:00,23861.15,23861.85,23855.65,23857.75,259,150,0
2025-08-13 09:55:00+00:00,23857.55,23858.65,23855.25,23858.35,216,150,0
2025-08-13 10:00:00+00:00,23858.05,23876.25,23856.85,23875.95,663,150,0
2025-08-13 10:05:00+00:00,23875.85,23875.95,23862.35,23865.45,501,180,0
2025-08-13 10:10:00+00:00,23865.45,23880.85,23864.45,23875.85,536,170,0
2025-08-13 10:15:00+00:00,23876.15,23884.05,23874.45,23882.15,563,170,0
2025-08-13 10:20:00+00:00,23882.65,23885.25,23880.25,23883.85,383,160,0
2025-08-13 10:25:00+00:00,23883.85,23887.05,23881.75,23885.75,373,160,0
2025-08-13 10:30:00+00:00,23886.25,23886.25,23873.45,23878.45,531,160,0
2025-08-13 10:35:00+00:00,23878.35,23882.95,23875.55,23879.95,431,160,0
2025-08-13 10:40:00+00:00,23879.95,23883.45,23875.25,23882.05,338,160,0
2025-08-13 10:45:00+00:00,23882.45,23885.45,23881.15,23884.65,337,150,0
2025-08-13 10:50:00+00:00,23884.55,23886.05,23879.55,23879.95,261,150,0
2025-08-13 10:55:00+00:00,23880.45,23889.85,23879.75,23888.55,464,150,0
2025-08-13 11:00:00+00:00,23888.35,23895.85,23876.35,23895.55,797,160,0
2025-08-13 11:05:00+00:00,23896.65,23897.75,23889.85,23896.75,494,180,0
2025-08-13 11:10:00+00:00,23897.25,23899.75,23895.05,23895.35,345,150,0
2025-08-13 11:15:00+00:00,23896.25,23899.75,23892.35,23897.95,388,160,0
2025-08-13 11:20:00+00:00,23898.45,23908.15,23897.75,23902.35,489,160,0
2025-08-13 11:25:00+00:00,23902.05,23903.25,23897.15,23902.75,340,160,0
2025-08-13 11:30:00+00:00,23902.65,23910.95,23900.25,23910.05,363,160,0
2025-08-13 11:35:00+00:00,23910.05,23915.55,23901.75,23901.95,553,160,0
2025-08-13 11:40:00+00:00,23901.75,23903.25,23892.95,23898.45,408,160,0
2025-08-13 11:45:00+00:00,23899.05,23899.05,23891.75,23892.25,331,160,0
2025-08-13 11:50:00+00:00,23892.25,23900.55,23890.65,23894.85,369,160,0
2025-08-13 11:55:00+00:00,23894.75,23895.05,23888.95,23893.55,333,160,0
2025-08-13 12:00:00+00:00,23893.35,23894.45,23889.45,23893.55,336,150,0
2025-08-13 12:05:00+00:00,23893.55,23893.55,23885.55,23888.15,328,160,0
2025-08-13 12:10:00+00:00,23888.05,23895.05,23886.15,23894.95,298,160,0
2025-08-13 12:15:00+00:00,23895.05,23895.55,23885.85,23889.25,344,160,0
2025-08-13 12:20:00+00:00,23889.45,23892.75,23887.95,23888.55,290,160,0
2025-08-13 12:25:00+00:00,23888.85,23889.55,23884.05,23887.05,272,150,0
2025-08-13 12:30:00+00:00,23887.15,23892.75,23884.55,23890.85,233,150,0
2025-08-13 12:35:00+00:00,23891.65,23893.05,23889.15,23891.85,228,150,0
2025-08-13 12:40:00+00:00,23892.15,23896.55,23887.35,23889.25,231,150,0
2025-08-13 12:45:00+00:00,23889.05,23895.35,23889.05,23891.35,263,150,0
2025-08-13 12:50:00+00:00,23890.55,23895.75,23889.45,23895.35,307,160,0
2025-08-13 12:55:00+00:00,23895.25,23908.75,23895.25,23905.35,459,160,0
2025-08-13 13:00:00+00:00,23905.25,23908.05,23899.65,23899.65,408,170,0
2025-08-13 13:05:00+00:00,23899.35,23910.95,23899.35,23906.55,316,160,0
2025-08-13 13:10:00+00:00,23906.85,23907.35,23901.05,23906.45,246,160,0
2025-08-13 13:15:00+00:00,23906.45,23912.25,23906.45,23908.85,278,150,0
2025-08-13 13:20:00+00:00,23908.75,23910.25,23905.75,23906.55,191,150,0
2025-08-13 13:25:00+00:00,23906.25,23906.25,23896.95,23900.25,282,150,0
2025-08-13 13:30:00+00:00,23899.95,23903.35,23898.55,23900.35,236,150,0
2025-08-13 13:35:00+00:00,23900.35,23905.85,23897.75,23898.35,282,150,0
2025-08-13 13:40:00+00:00,23898.05,23898.35,23890.65,23891.55,313,150,0
2025-08-13 13:45:00+00:00,23890.85,23892.45,23886.85,23890.35,339,150,0
2025-08-13 13:50:00+00:00,23890.45,23894.95,23888.55,23891.85,309,160,0
2025-08-13 13:55:00+00:00,23892.25,23893.05,23887.55,23892.35,336,160,0
2025-08-13 14:00:00+00:00,23891.55,23895.05,23889.45,23892.45,342,160,0
2025-08-13 14:05:00+00:00,23892.55,23895.25,23891.35,23893.75,193,150,0
2025-08-13 14:10:00+00:00,23893.35,23898.65,23890.75,23891.35,310,150,0
2025-08-13 14:15:00+00:00,23892.05,23893.65,23889.55,23890.15,246,150,0
2025-08-13 14:20:00+00:00,23890.55,23893.75,23886.55,23891.95,278,150,0
2025-08-13 14:25:00+00:00,23891.75,23899.25,23890.75,23892.95,350,160,0
2025-08-13 14:30:00+00:00,23892.75,23893.45,23883.55,23892.55,458,160,0
2025-08-13 14:35:00+00:00,23892.45,23896.05,23889.05,23892.55,376,160,0
2025-08-13 14:40:00+00:00,23892.85,23897.85,23889.85,23891.55,328,160,0
2025-08-13 14:45:00+00:00,23891.75,23900.55,23885.85,23893.55,393,160,0
2025-08-13 14:50:00+00:00,23893.85,23896.85,23885.75,23890.75,426,170,0
2025-08-13 14:55:00+00:00,23891.05,23894.05,23890.05,23892.45,351,160,0
2025-08-13 15:00:00+00:00,23893.55,23900.45,23893.05,23899.45,417,160,0
2025-08-13 15:05:00+00:00,23899.65,23902.75,23895.45,23898.55,398,160,0
2025-08-13 15:10:00+00:00,23898.95,23900.25,23888.25,23891.75,465,160,0
2025-08-13 15:15:00+00:00,23891.95,23899.65,23891.95,23899.45,374,160,0
2025-08-13 15:20:00+00:00,23900.25,23901.05,23894.95,23896.95,399,160,0
2025-08-13 15:25:00+00:00,23896.95,23907.65,23896.45,23904.55,470,160,0
2025-08-13 15:30:00+00:00,23904.65,23914.95,23902.45,23913.95,540,170,0
2025-08-13 15:35:00+00:00,23912.95,23920.25,23910.95,23915.85,629,170,0
2025-08-13 15:40:00+00:00,23915.25,23924.25,23913.85,23922.95,482,160,0
2025-08-13 15:45:00+00:00,23922.15,23926.45,23919.75,23925.75,437,160,0
2025-08-13 15:50:00+00:00,23925.55,23932.25,23924.45,23929.25,393,160,0
2025-08-13 15:55:00+00:00,23929.25,23929.95,23917.45,23918.65,440,160,0
2025-08-13 16:00:00+00:00,23918.65,23926.95,23917.45,23926.95,522,160,0
2025-08-13 16:05:00+00:00,23926.65,23928.45,23920.35,23927.75,531,160,0
2025-08-13 16:10:00+00:00,23927.65,23933.65,23925.75,23932.65,406,170,0
2025-08-13 16:15:00+00:00,23933.15,23933.15,23925.25,23931.05,507,160,0
2025-08-13 16:20:00+00:00,23931.05,23934.75,23929.25,23934.25,482,160,0
2025-08-13 16:25:00+00:00,23933.05,23944.85,23933.05,23943.35,868,160,0
2025-08-13 16:30:00+00:00,23943.95,23966.45,23928.65,23957.45,2421,80,0
2025-08-13 16:35:00+00:00,23957.65,23967.65,23942.95,23950.45,2304,120,0
2025-08-13 16:40:00+00:00,23950.75,23956.75,23932.95,23944.65,2152,120,0
2025-08-13 16:45:00+00:00,23944.65,23946.65,23926.95,23939.75,2106,120,0
2025-08-13 16:50:00+00:00,23940.55,23960.15,23939.45,23952.65,1946,120,0
2025-08-13 16:55:00+00:00,23953.15,23953.15,23905.15,23916.25,2236,120,0
2025-08-13 17:00:00+00:00,23917.45,23917.45,23889.95,23891.15,2315,120,0
2025-08-13 17:05:00+00:00,23891.55,23913.45,23886.55,23904.65,2184,120,0
2025-08-13 17:10:00+00:00,23904.75,23905.95,23876.25,23894.15,2233,120,0
2025-08-13 17:15:00+00:00,23894.15,23902.65,23884.25,23893.45,2062,120,0
2025-08-13 17:20:00+00:00,23893.45,23903.95,23869.75,23871.95,1981,120,0
2025-08-13 17:25:00+00:00,23871.95,23877.05,23846.75,23856.45,2135,120,0
2025-08-13 17:30:00+00:00,23856.55,23866.65,23845.95,23853.65,2027,120,0
2025-08-13 17:35:00+00:00,23853.65,23868.25,23842.45,23858.95,1976,120,0
2025-08-13 17:40:00+00:00,23859.15,23872.45,23845.95,23866.75,1750,80,0
2025-08-13 17:45:00+00:00,23866.75,23868.35,23832.15,23858.45,1903,90,0
2025-08-13 17:50:00+00:00,23857.95,23860.45,23844.95,23856.15,1773,120,0
2025-08-13 17:55:00+00:00,23856.45,23869.55,23855.35,23858.85,1568,80,0
2025-08-13 18:00:00+00:00,23858.35,23860.35,23830.55,23835.45,1783,80,0
2025-08-13 18:05:00+00:00,23835.45,23844.15,23815.95,23815.95,1886,120,0
2025-08-13 18:10:00+00:00,23817.05,23828.95,23805.95,23811.15,1893,120,0
2025-08-13 18:15:00+00:00,23810.95,23825.45,23791.95,23823.95,1844,120,0
2025-08-13 18:20:00+00:00,23823.45,23848.75,23819.65,23840.85,1711,80,0
2025-08-13 18:25:00+00:00,23841.05,23848.35,23818.35,23824.45,1492,80,0
2025-08-13 18:30:00+00:00,23824.65,23846.05,23817.35,23837.35,1564,80,0
2025-08-13 18:35:00+00:00,23837.35,23841.15,23821.55,23830.65,1644,80,0
2025-08-13 18:40:00+00:00,23830.75,23857.65,23829.35,23853.85,1390,80,0
2025-08-13 18:45:00+00:00,23853.65,23854.65,23840.65,23849.35,1273,80,0
2025-08-13 18:50:00+00:00,23849.15,23850.65,23817.65,23824.85,1467,80,0
2025-08-13 18:55:00+00:00,23825.15,23832.75,23818.85,23824.85,1358,80,0
2025-08-13 19:00:00+00:00,23825.35,23839.45,23818.35,23836.15,1461,80,0
2025-08-13 19:05:00+00:00,23835.85,23835.95,23824.85,23833.65,1276,80,0
2025-08-13 19:10:00+00:00,23833.15,23835.85,23825.25,23830.35,1132,80,0
2025-08-13 19:15:00+00:00,23830.15,23839.15,23820.95,23821.35,1181,80,0
2025-08-13 19:20:00+00:00,23820.85,23825.85,23807.45,23822.65,1333,80,0
2025-08-13 19:25:00+00:00,23822.35,23831.85,23819.65,23820.65,1220,80,0
2025-08-13 19:30:00+00:00,23820.65,23824.65,23798.45,23818.95,1358,80,0
2025-08-13 19:35:00+00:00,23818.45,23825.85,23816.65,23817.65,1199,80,0
2025-08-13 19:40:00+00:00,23817.85,23820.35,23805.15,23813.65,1165,80,0
2025-08-13 19:45:00+00:00,23813.65,23815.85,23799.25,23802.85,1356,80,0
2025-08-13 19:50:00+00:00,23802.35,23811.65,23785.95,23806.15,1422,80,0
2025-08-13 19:55:00+00:00,23805.85,23806.65,23789.35,23799.15,1184,80,0
2025-08-13 20:00:00+00:00,23798.85,23827.45,23795.35,23818.95,1434,80,0
2025-08-13 20:05:00+00:00,23819.45,23819.45,23801.45,23803.85,1138,80,0
2025-08-13 20:10:00+00:00,23803.65,23810.65,23796.85,23805.45,1075,80,0
2025-08-13 20:15:00+00:00,23805.15,23822.65,23801.25,23822.35,1070,80,0
2025-08-13 20:20:00+00:00,23822.15,23839.25,23821.85,23838.95,1155,80,0
2025-08-13 20:25:00+00:00,23839.35,23845.35,23834.75,23843.35,1048,80,0
2025-08-13 20:30:00+00:00,23842.85,23846.95,23802.95,23803.35,1294,80,0
2025-08-13 20:35:00+00:00,23803.65,23814.15,23802.85,23811.65,1138,80,0
2025-08-13 20:40:00+00:00,23811.65,23815.75,23800.85,23803.85,1039,80,0
2025-08-13 20:45:00+00:00,23804.15,23814.85,23801.85,23811.65,963,80,0
2025-08-13 20:50:00+00:00,23811.65,23824.15,23808.15,23823.85,1013,80,0
2025-08-13 20:55:00+00:00,23823.85,23842.95,23820.65,23838.35,1044,80,0
2025-08-13 21:00:00+00:00,23838.35,23841.25,23828.85,23839.65,1061,80,0
2025-08-13 21:05:00+00:00,23839.15,23839.85,23829.85,23834.35,897,80,0
2025-08-13 21:10:00+00:00,23833.85,23853.35,23830.25,23850.15,1171,80,0
2025-08-13 21:15:00+00:00,23850.15,23850.15,23835.35,23835.65,1147,80,0
2025-08-13 21:20:00+00:00,23835.85,23838.35,23826.15,23832.85,963,80,0
2025-08-13 21:25:00+00:00,23833.15,23836.35,23824.65,23825.15,886,80,0
2025-08-13 21:30:00+00:00,23825.65,23835.85,23823.85,23831.35,893,80,0
2025-08-13 21:35:00+00:00,23831.15,23832.35,23787.05,23815.15,1805,80,0
2025-08-13 21:40:00+00:00,23815.25,23830.35,23803.05,23826.85,1696,80,0
2025-08-13 21:45:00+00:00,23826.35,23831.35,23822.65,23827.25,1092,80,0
2025-08-13 21:50:00+00:00,23827.15,23833.15,23822.85,23831.65,891,80,0
2025-08-13 21:55:00+00:00,23831.35,23846.85,23829.75,23833.35,984,80,0
2025-08-13 22:00:00+00:00,23833.85,23837.65,23821.85,23832.15,1106,80,0
2025-08-13 22:05:00+00:00,23831.65,23836.45,23822.65,23824.65,1044,80,0
2025-08-13 22:10:00+00:00,23824.85,23838.35,23824.15,23838.35,863,80,0
2025-08-13 22:15:00+00:00,23838.15,23841.35,23834.15,23837.65,916,80,0
2025-08-13 22:20:00+00:00,23837.85,23853.45,23837.15,23840.65,1060,80,0
2025-08-13 22:25:00+00:00,23840.85,23841.25,23833.65,23835.65,944,80,0
