datetime,open,high,low,close,volume,spread,real_volume
2025-05-19 11:15:00+03:00,21081.65,21090.15,21051.45,21054.35,2745,210,0
2025-05-19 11:30:00+03:00,21054.15,21057.95,21033.85,21045.65,2700,210,0
2025-05-19 11:45:00+03:00,21045.85,21066.25,21039.95,21055.95,2179,200,0
2025-05-19 12:00:00+03:00,21055.25,21062.25,21039.05,21061.25,2197,200,0
2025-05-19 12:15:00+03:00,21061.25,21090.05,21058.15,21089.45,1968,190,0
2025-05-19 12:30:00+03:00,21089.25,21100.15,21082.45,21097.65,1895,190,0
2025-05-19 12:45:00+03:00,21097.95,21097.95,21073.15,21085.55,1588,180,0
2025-05-19 13:00:00+03:00,21085.55,21088.05,21052.25,21065.05,1790,190,0
2025-05-19 13:15:00+03:00,21064.85,21090.65,21062.15,21083.95,1909,200,0
2025-05-19 13:30:00+03:00,21083.15,21116.85,21069.15,21113.55,1861,180,0
2025-05-19 13:45:00+03:00,21113.55,21125.35,21100.65,21106.95,1928,190,0
2025-05-19 14:00:00+03:00,21107.25,21132.45,21105.25,21106.95,2289,200,0
2025-05-19 14:15:00+03:00,21106.95,21123.85,21101.35,21102.45,1940,200,0
2025-05-19 14:30:00+03:00,21102.25,21102.45,21083.25,21097.35,1901,190,0
2025-05-19 14:45:00+03:00,21097.45,21132.95,21096.25,21124.95,2132,200,0
2025-05-19 15:00:00+03:00,21124.95,21140.55,21105.85,21119.45,2422,200,0
2025-05-19 15:15:00+03:00,21119.15,21119.15,21090.15,21095.05,2261,200,0
2025-05-19 15:30:00+03:00,21095.05,21122.15,21085.35,21119.85,2514,200,0
2025-05-19 15:45:00+03:00,21119.95,21135.15,21110.45,21133.15,2333,200,0
2025-05-19 16:00:00+03:00,21133.45,21137.65,21081.05,21092.05,2791,200,0
2025-05-19 16:15:00+03:00,21090.55,21123.95,21076.15,21123.95,3542,210,0
2025-05-19 16:30:00+03:00,21128.85,21254.05,21128.85,21253.25,4721,120,0
2025-05-19 16:45:00+03:00,21252.55,21295.65,21238.55,21277.35,4589,120,0
2025-05-19 17:00:00+03:00,21277.65,21367.25,21268.85,21341.55,4494,120,0
2025-05-19 17:15:00+03:00,21341.35,21383.15,21298.05,21326.05,4393,110,0
2025-05-19 17:30:00+03:00,21326.25,21355.85,21304.65,21344.05,4339,110,0
2025-05-19 17:45:00+03:00,21344.65,21355.75,21298.75,21315.05,4326,100,0
2025-05-19 18:00:00+03:00,21314.85,21348.55,21301.65,21340.95,4229,100,0
2025-05-19 18:15:00+03:00,21340.45,21356.35,21318.95,21325.85,4014,80,0
2025-05-19 18:30:00+03:00,21325.95,21397.35,21320.65,21368.85,4058,80,0
2025-05-19 18:45:00+03:00,21368.95,21378.15,21333.35,21355.05,3848,80,0
2025-05-19 19:00:00+03:00,21355.65,21374.05,21349.75,21365.65,3598,80,0
2025-05-19 19:15:00+03:00,21365.75,21398.25,21353.95,21392.45,3524,80,0
2025-05-19 19:30:00+03:00,21392.65,21397.25,21365.75,21374.05,3370,80,0
2025-05-19 19:45:00+03:00,21373.65,21423.65,21367.95,21419.45,3457,80,0
2025-05-19 20:00:00+03:00,21419.45,21464.75,21414.05,21457.65,3662,80,0
2025-05-19 20:15:00+03:00,21458.25,21463.25,21436.75,21441.45,3565,80,0
2025-05-19 20:30:00+03:00,21441.75,21462.05,21429.75,21440.45,3640,80,0
2025-05-19 20:45:00+03:00,21441.55,21442.95,21415.35,21419.85,3579,80,0
2025-05-19 21:00:00+03:00,21420.25,21426.05,21394.45,21399.15,3436,80,0
2025-05-19 21:15:00+03:00,21399.15,21402.05,21371.05,21380.95,3731,80,0
2025-05-19 21:30:00+03:00,21380.95,21417.15,21376.35,21399.25,3352,80,0
2025-05-19 21:45:00+03:00,21398.85,21422.25,21388.85,21417.25,3241,80,0
2025-05-19 22:00:00+03:00,21417.15,21427.65,21390.65,21394.75,3421,80,0
2025-05-19 22:15:00+03:00,21394.65,21397.45,21366.05,21380.55,3394,80,0
2025-05-19 22:30:00+03:00,21380.55,21403.65,21378.65,21384.85,3555,80,0
2025-05-19 22:45:00+03:00,21384.75,21455.75,21382.25,21444.65,4049,80,0
2025-05-19 23:00:00+03:00,21445.36,21448.86,21400.66,21409.96,2705,138,0
2025-05-19 23:15:00+03:00,21410.96,21419.06,21403.26,21418.56,1149,178,0
2025-05-19 23:30:00+03:00,21419.06,21429.86,21414.76,21427.46,1117,178,0
2025-05-19 23:45:00+03:00,21427.06,21434.76,21424.26,21434.56,399,188,0
2025-05-20 01:00:00+03:00,21426.25,21436.75,21424.95,21430.15,561,170,0
2025-05-20 01:15:00+03:00,21429.85,21436.75,21424.95,21426.15,632,160,0
2025-05-20 01:30:00+03:00,21426.15,21428.75,21416.35,21423.15,723,150,0
2025-05-20 01:45:00+03:00,21422.95,21426.15,21420.55,21423.05,447,150,0
2025-05-20 02:00:00+03:00,21422.45,21448.25,21421.25,21441.45,919,150,0
2025-05-20 02:15:00+03:00,21441.25,21454.85,21436.45,21452.85,960,160,0
2025-05-20 02:30:00+03:00,21452.65,21481.95,21450.65,21472.35,1510,170,0
2025-05-20 02:45:00+03:00,21472.25,21475.25,21445.85,21462.05,1206,150,0
2025-05-20 03:00:00+03:00,21461.85,21484.95,21459.05,21466.05,1749,180,0
2025-05-20 03:15:00+03:00,21466.25,21475.65,21460.85,21466.55,1397,170,0
2025-05-20 03:30:00+03:00,21466.65,21477.55,21455.55,21463.25,1504,180,0
2025-05-20 03:45:00+03:00,21463.75,21463.95,21436.75,21437.25,1487,180,0
2025-05-20 04:00:00+03:00,21436.85,21436.85,21397.55,21402.35,2239,190,0
2025-05-20 04:15:00+03:00,21401.95,21402.55,21380.85,21388.75,2009,190,0
2025-05-20 04:30:00+03:00,21388.75,21388.75,21360.95,21369.95,2210,190,0
2025-05-20 04:45:00+03:00,21369.75,21384.35,21360.95,21381.05,1779,170,0
2025-05-20 05:00:00+03:00,21381.15,21389.55,21371.35,21379.55,1688,180,0
2025-05-20 05:15:00+03:00,21379.45,21384.25,21366.05,21367.85,1446,180,0
2025-05-20 05:30:00+03:00,21369.75,21383.45,21357.85,21381.45,1406,170,0
2025-05-20 05:45:00+03:00,21382.75,21382.95,21372.85,21377.25,1056,160,0
2025-05-20 06:00:00+03:00,21376.75,21376.75,21362.95,21365.55,1032,170,0
2025-05-20 06:15:00+03:00,21365.65,21373.15,21361.85,21370.15,865,160,0
2025-05-20 06:30:00+03:00,21370.45,21377.55,21351.35,21369.55,1399,160,0
2025-05-20 06:45:00+03:00,21369.45,21370.15,21355.85,21357.15,976,160,0
2025-05-20 07:00:00+03:00,21357.15,21362.95,21346.15,21350.75,981,160,0
2025-05-20 07:15:00+03:00,21350.85,21357.55,21344.55,21354.95,747,150,0
2025-05-20 07:30:00+03:00,21355.05,21359.45,21349.25,21358.45,1156,150,0
2025-05-20 07:45:00+03:00,21358.45,21374.85,21352.75,21370.35,998,160,0
2025-05-20 08:00:00+03:00,21370.25,21391.75,21368.85,21390.55,1345,170,0
2025-05-20 08:15:00+03:00,21390.85,21404.15,21390.85,21398.85,1183,170,0
2025-05-20 08:30:00+03:00,21398.95,21409.35,21380.05,21381.05,1559,170,0
2025-05-20 08:45:00+03:00,21381.05,21381.05,21338.75,21341.15,1670,170,0
2025-05-20 09:00:00+03:00,21341.15,21346.25,21316.75,21336.45,2241,190,0
2025-05-20 09:15:00+03:00,21337.15,21341.55,21316.85,21325.25,1790,190,0
2025-05-20 09:30:00+03:00,21325.55,21349.25,21324.05,21344.85,1655,190,0
2025-05-20 09:45:00+03:00,21344.75,21354.35,21337.55,21345.35,1462,190,0
2025-05-20 10:00:00+03:00,21346.05,21358.15,21331.25,21352.95,2702,200,0
2025-05-20 10:15:00+03:00,21353.45,21389.35,21348.65,21386.75,2227,190,0
2025-05-20 10:30:00+03:00,21386.55,21401.95,21349.95,21353.55,2141,190,0
2025-05-20 10:45:00+03:00,21353.35,21370.65,21339.15,21367.75,1793,190,0
2025-05-20 11:00:00+03:00,21367.15,21383.65,21338.15,21343.65,2504,190,0
2025-05-20 11:15:00+03:00,21343.65,21371.95,21334.75,21362.05,1960,200,0
2025-05-20 11:30:00+03:00,21361.95,21374.05,21352.85,21370.85,1584,190,0
2025-05-20 11:45:00+03:00,21371.25,21382.35,21354.95,21356.75,1538,180,0
2025-05-20 12:00:00+03:00,21357.25,21375.75,21350.15,21350.75,1628,190,0
2025-05-20 12:15:00+03:00,21350.65,21357.25,21338.25,21340.05,1487,180,0
2025-05-20 12:30:00+03:00,21339.25,21360.75,21339.25,21352.25,1401,180,0
2025-05-20 12:45:00+03:00,21351.45,21353.75,21340.05,21349.05,1260,180,0
2025-05-20 13:00:00+03:00,21349.05,21366.25,21343.05,21360.65,1631,180,0
2025-05-20 13:15:00+03:00,21360.65,21377.35,21359.15,21364.25,1304,160,0
2025-05-20 13:30:00+03:00,21364.45,21372.25,21354.05,21365.95,1364,160,0
2025-05-20 13:45:00+03:00,21366.45,21386.45,21364.55,21384.95,1467,170,0
2025-05-20 14:00:00+03:00,21385.75,21400.55,21379.75,21394.25,1908,190,0
2025-05-20 14:15:00+03:00,21394.75,21406.55,21392.55,21401.05,1453,180,0
2025-05-20 14:30:00+03:00,21400.85,21405.35,21386.65,21393.95,1692,180,0
2025-05-20 14:45:00+03:00,21393.85,21401.55,21386.25,21386.35,1410,170,0
2025-05-20 15:00:00+03:00,21385.55,21396.65,21379.05,21385.85,1784,180,0
2025-05-20 15:15:00+03:00,21385.75,21394.05,21369.55,21371.95,1971,180,0
2025-05-20 15:30:00+03:00,21372.35,21373.95,21341.75,21355.45,2429,190,0
2025-05-20 15:45:00+03:00,21354.75,21364.95,21346.25,21358.35,2196,190,0
2025-05-20 16:00:00+03:00,21358.75,21374.95,21356.35,21370.75,2390,190,0
2025-05-20 16:15:00+03:00,21370.55,21380.75,21327.95,21334.05,3044,190,0
2025-05-20 16:30:00+03:00,21337.05,21362.35,21314.85,21336.95,4659,110,0
2025-05-20 16:45:00+03:00,21337.15,21353.65,21279.15,21318.65,4603,120,0
2025-05-20 17:00:00+03:00,21318.15,21337.95,21286.45,21309.35,4504,120,0
2025-05-20 17:15:00+03:00,21308.65,21350.25,21302.55,21318.75,4392,120,0
2025-05-20 17:30:00+03:00,21317.65,21372.95,21306.05,21372.55,4207,100,0
2025-05-20 17:45:00+03:00,21372.25,21377.65,21330.65,21334.35,3991,80,0
2025-05-20 18:00:00+03:00,21332.65,21352.35,21314.35,21341.75,4107,90,0
2025-05-20 18:15:00+03:00,21341.25,21357.15,21330.85,21349.35,3738,80,0
2025-05-20 18:30:00+03:00,21351.55,21354.65,21320.35,21323.75,3840,80,0
2025-05-20 18:45:00+03:00,21323.85,21372.15,21317.15,21362.55,3773,80,0
2025-05-20 19:00:00+03:00,21362.65,21368.55,21330.45,21347.05,3839,80,0
2025-05-20 19:15:00+03:00,21346.25,21366.65,21332.45,21357.95,3605,80,0
2025-05-20 19:30:00+03:00,21357.95,21392.65,21355.85,21391.65,3381,80,0
2025-05-20 19:45:00+03:00,21391.15,21398.65,21383.55,21385.65,3250,80,0
2025-05-20 20:00:00+03:00,21385.95,21399.85,21381.65,21394.25,3285,80,0
2025-05-20 20:15:00+03:00,21394.15,21394.25,21369.85,21379.65,3362,80,0
2025-05-20 20:30:00+03:00,21379.15,21381.65,21345.05,21359.85,4014,80,0
2025-05-20 20:45:00+03:00,21358.35,21361.85,21333.75,21356.65,3635,80,0
2025-05-20 21:00:00+03:00,21356.15,21366.75,21346.85,21360.05,3433,80,0
2025-05-20 21:15:00+03:00,21360.05,21364.35,21266.35,21276.35,4234,80,0
2025-05-20 21:30:00+03:00,21275.55,21311.25,21268.85,21284.05,4389,100,0
2025-05-20 21:45:00+03:00,21283.65,21292.65,21269.85,21274.55,4139,100,0
2025-05-20 22:00:00+03:00,21272.95,21283.45,21224.35,21279.65,4333,110,0
2025-05-20 22:15:00+03:00,21279.65,21313.15,21269.45,21303.25,3798,80,0
2025-05-20 22:30:00+03:00,21303.35,21342.25,21303.35,21318.55,3921,80,0
2025-05-20 22:45:00+03:00,21319.55,21377.15,21309.55,21372.95,4246,90,0
2025-05-20 23:00:00+03:00,21373.55,21376.16,21322.26,21324.36,2945,120,0
2025-05-20 23:15:00+03:00,21325.56,21363.16,21325.16,21357.76,1476,188,0
2025-05-20 23:30:00+03:00,21357.66,21358.16,21342.36,21343.06,1055,168,0
2025-05-20 23:45:00+03:00,21343.06,21345.86,21338.96,21342.36,364,168,0
2025-05-21 01:00:00+03:00,21336.05,21336.05,21272.55,21282.15,1816,210,0
2025-05-21 01:15:00+03:00,21282.55,21311.75,21269.75,21304.45,2077,200,0
2025-05-21 01:30:00+03:00,21303.45,21331.05,21302.15,21322.55,1475,200,0
2025-05-21 01:45:00+03:00,21322.55,21328.95,21310.25,21326.95,1058,180,0
2025-05-21 02:00:00+03:00,21326.85,21351.35,21323.55,21344.75,1201,180,0
2025-05-21 02:15:00+03:00,21344.75,21348.85,21338.85,21342.75,782,170,0
2025-05-21 02:30:00+03:00,21342.75,21344.05,21332.35,21334.35,761,150,0
2025-05-21 02:45:00+03:00,21334.55,21357.65,21332.85,21357.65,1008,150,0
2025-05-21 03:00:00+03:00,21357.65,21360.75,21330.85,21338.85,1848,180,0
2025-05-21 03:15:00+03:00,21338.65,21368.75,21331.05,21367.05,1794,180,0
2025-05-21 03:30:00+03:00,21366.75,21369.55,21351.05,21358.95,1506,180,0
2025-05-21 03:45:00+03:00,21358.95,21368.25,21345.85,21349.85,1558,180,0
2025-05-21 04:00:00+03:00,21349.55,21360.95,21332.05,21355.85,1823,180,0
2025-05-21 04:15:00+03:00,21355.75,21355.95,21325.05,21326.55,1686,180,0
2025-05-21 04:30:00+03:00,21326.65,21337.75,21314.85,21336.75,1757,170,0
2025-05-21 04:45:00+03:00,21336.75,21339.25,21323.75,21327.85,1271,160,0
2025-05-21 05:00:00+03:00,21329.05,21331.55,21317.75,21323.35,1454,180,0
2025-05-21 05:15:00+03:00,21323.55,21325.55,21300.45,21302.65,1527,180,0
2025-05-21 05:30:00+03:00,21302.65,21325.05,21300.55,21308.35,1488,170,0
2025-05-21 05:45:00+03:00,21308.15,21312.95,21301.95,21304.65,1023,160,0
2025-05-21 06:00:00+03:00,21304.55,21323.95,21303.95,21322.05,1089,160,0
2025-05-21 06:15:00+03:00,21322.05,21322.55,21299.45,21301.25,1007,150,0
2025-05-21 06:30:00+03:00,21300.85,21309.65,21296.15,21307.55,1113,160,0
2025-05-21 06:45:00+03:00,21307.35,21316.65,21302.95,21303.85,972,150,0
2025-05-21 07:00:00+03:00,21303.85,21304.25,21293.45,21296.95,924,160,0
2025-05-21 07:15:00+03:00,21296.85,21300.05,21281.95,21283.65,1072,170,0
2025-05-21 07:30:00+03:00,21284.35,21293.15,21277.85,21280.45,925,170,0
2025-05-21 07:45:00+03:00,21280.25,21286.15,21276.25,21284.55,811,160,0
2025-05-21 08:00:00+03:00,21284.25,21306.85,21284.25,21304.75,1167,160,0
2025-05-21 08:15:00+03:00,21304.85,21310.45,21299.65,21303.95,1078,160,0
2025-05-21 08:30:00+03:00,21303.95,21304.35,21277.35,21278.55,1312,170,0
2025-05-21 08:45:00+03:00,21279.05,21279.95,21253.65,21257.45,1554,180,0
2025-05-21 09:00:00+03:00,21257.35,21266.25,21236.65,21240.15,2158,200,0
2025-05-21 09:15:00+03:00,21240.55,21259.95,21230.15,21246.65,2093,210,0
2025-05-21 09:30:00+03:00,21247.05,21257.75,21215.65,21231.75,2314,200,0
2025-05-21 09:45:00+03:00,21231.65,21240.75,21212.65,21220.65,2098,200,0
2025-05-21 10:00:00+03:00,21220.05,21254.45,21219.95,21247.35,2649,190,0
2025-05-21 10:15:00+03:00,21247.75,21254.05,21238.35,21247.85,1891,190,0
2025-05-21 10:30:00+03:00,21246.35,21257.45,21230.05,21257.25,1794,190,0
2025-05-21 10:45:00+03:00,21257.45,21275.05,21255.95,21269.95,1472,180,0
2025-05-21 11:00:00+03:00,21269.65,21274.05,21255.65,21258.05,2076,180,0
2025-05-21 11:15:00+03:00,21257.85,21260.55,21242.55,21252.15,1670,190,0
2025-05-21 11:30:00+03:00,21251.75,21254.65,21216.15,21233.55,1972,180,0
2025-05-21 11:45:00+03:00,21234.75,21249.35,21228.75,21249.05,1335,170,0
2025-05-21 12:00:00+03:00,21249.65,21261.85,21236.05,21240.05,1652,180,0
2025-05-21 12:15:00+03:00,21240.05,21247.95,21228.55,21230.15,1217,180,0
2025-05-21 12:30:00+03:00,21229.95,21234.95,21193.55,21198.05,2276,180,0
2025-05-21 12:45:00+03:00,21198.05,21211.45,21190.15,21196.25,1867,200,0
2025-05-21 13:00:00+03:00,21196.25,21201.95,21172.45,21189.95,2318,200,0
2025-05-21 13:15:00+03:00,21189.75,21197.75,21156.15,21175.85,2426,200,0
2025-05-21 13:30:00+03:00,21176.25,21206.05,21174.95,21206.05,2075,200,0
2025-05-21 13:45:00+03:00,21205.85,21228.55,21201.45,21226.85,1844,190,0
2025-05-21 14:00:00+03:00,21226.75,21244.25,21222.45,21237.55,1963,190,0
2025-05-21 14:15:00+03:00,21238.05,21271.35,21235.85,21263.25,2037,190,0
2025-05-21 14:30:00+03:00,21264.55,21278.95,21250.75,21273.55,2039,190,0
2025-05-21 14:45:00+03:00,21273.75,21281.35,21254.65,21265.95,2233,200,0
2025-05-21 15:00:00+03:00,21266.85,21268.45,21224.05,21230.25,2569,200,0
2025-05-21 15:15:00+03:00,21230.25,21268.25,21229.55,21251.75,2342,200,0
2025-05-21 15:30:00+03:00,21251.55,21251.75,21210.25,21221.95,2669,210,0
2025-05-21 15:45:00+03:00,21222.05,21241.45,21216.55,21239.05,2324,190,0
2025-05-21 16:00:00+03:00,21238.55,21243.95,21204.25,21208.25,2629,200,0
2025-05-21 16:15:00+03:00,21208.45,21214.55,21188.75,21204.45,3110,210,0
2025-05-21 16:30:00+03:00,21205.55,21298.95,21204.25,21290.25,4661,90,0
2025-05-21 16:45:00+03:00,21290.25,21331.25,21282.85,21300.75,4480,120,0
2025-05-21 17:00:00+03:00,21303.75,21362.95,21289.75,21313.45,4505,120,0
2025-05-21 17:15:00+03:00,21314.45,21340.85,21304.95,21310.95,4297,120,0
2025-05-21 17:30:00+03:00,21310.95,21344.15,21300.15,21313.25,4373,120,0
2025-05-21 17:45:00+03:00,21313.95,21385.95,21303.15,21384.35,4425,120,0
2025-05-21 18:00:00+03:00,21383.65,21449.15,21374.95,21444.45,4449,110,0
2025-05-21 18:15:00+03:00,21445.15,21462.45,21426.95,21447.05,4223,90,0
2025-05-21 18:30:00+03:00,21446.35,21451.25,21420.75,21449.45,4233,90,0
2025-05-21 18:45:00+03:00,21448.85,21461.05,21432.85,21442.35,3960,80,0
2025-05-21 19:00:00+03:00,21441.15,21476.25,21440.95,21461.95,4007,80,0
2025-05-21 19:15:00+03:00,21461.85,21464.95,21436.35,21457.15,3800,80,0
2025-05-21 19:30:00+03:00,21457.45,21471.85,21452.65,21465.75,3479,80,0
2025-05-21 19:45:00+03:00,21465.65,21484.35,21439.25,21441.35,3609,80,0
2025-05-21 20:00:00+03:00,21443.05,21449.25,21370.75,21380.45,4380,110,0
2025-05-21 20:15:00+03:00,21380.95,21384.15,21121.25,21129.25,4931,120,0
2025-05-21 20:30:00+03:00,21130.05,21254.15,21086.75,21196.45,4932,120,0
2025-05-21 20:45:00+03:00,21196.15,21234.95,21166.25,21197.05,4790,120,0
2025-05-21 21:00:00+03:00,21197.55,21207.95,21139.25,21161.55,4682,120,0
2025-05-21 21:15:00+03:00,21161.25,21183.75,21113.25,21166.75,4543,120,0
2025-05-21 21:30:00+03:00,21167.05,21208.95,21159.45,21193.25,4316,120,0
2025-05-21 21:45:00+03:00,21193.05,21199.75,21094.25,21104.25,4383,120,0
2025-05-21 22:00:00+03:00,21108.75,21131.45,21019.75,21070.25,4564,120,0
2025-05-21 22:15:00+03:00,21069.75,21077.05,20999.75,21023.55,4573,120,0
2025-05-21 22:30:00+03:00,21025.75,21131.25,21024.75,21125.65,4542,120,0
2025-05-21 22:45:00+03:00,21125.65,21146.95,21075.45,21075.45,4600,120,0
2025-05-21 23:00:00+03:00,21075.55,21081.86,21037.86,21043.66,3565,120,0
2025-05-21 23:15:00+03:00,21041.66,21068.66,21041.46,21060.16,2336,208,0
2025-05-21 23:30:00+03:00,21060.06,21073.46,21059.46,21066.26,1709,198,0
2025-05-21 23:45:00+03:00,21066.86,21076.36,21066.86,21075.26,526,198,0
2025-05-22 01:00:00+03:00,21082.45,21085.95,21041.85,21052.95,1629,210,0
2025-05-22 01:15:00+03:00,21053.65,21077.85,21048.55,21073.35,1431,200,0
2025-05-22 01:30:00+03:00,21073.25,21083.45,21065.95,21068.35,1471,180,0
2025-05-22 01:45:00+03:00,21067.55,21077.45,21061.55,21072.35,1170,190,0
2025-05-22 02:00:00+03:00,21072.65,21084.05,21062.55,21081.35,1250,190,0
2025-05-22 02:15:00+03:00,21081.45,21103.45,21080.55,21090.55,1410,190,0
2025-05-22 02:30:00+03:00,21088.85,21089.85,21072.15,21080.15,1305,170,0
2025-05-22 02:45:00+03:00,21080.35,21083.25,21070.55,21075.25,1393,170,0
2025-05-22 03:00:00+03:00,21075.25,21110.05,21065.15,21082.65,2298,180,0
2025-05-22 03:15:00+03:00,21082.45,21122.55,21080.05,21101.85,2131,200,0
2025-05-22 03:30:00+03:00,21101.85,21104.45,21087.25,21092.15,1641,180,0
2025-05-22 03:45:00+03:00,21093.15,21128.45,21093.15,21125.75,1667,170,0
2025-05-22 04:00:00+03:00,21125.65,21136.25,21116.35,21125.75,1747,180,0
2025-05-22 04:15:00+03:00,21124.75,21126.75,21106.15,21109.95,1635,180,0
2025-05-22 04:30:00+03:00,21109.65,21114.75,21100.25,21106.65,1565,180,0
2025-05-22 04:45:00+03:00,21106.95,21114.45,21080.15,21083.45,1657,180,0
2025-05-22 05:00:00+03:00,21083.35,21110.65,21081.25,21089.35,1737,180,0
2025-05-22 05:15:00+03:00,21090.05,21090.05,21075.85,21079.05,1282,170,0
2025-05-22 05:30:00+03:00,21079.55,21092.95,21074.35,21086.45,1223,150,0
2025-05-22 05:45:00+03:00,21086.45,21090.15,21078.65,21085.05,1097,170,0
2025-05-22 06:00:00+03:00,21085.25,21103.95,21085.05,21101.95,1059,150,0
2025-05-22 06:15:00+03:00,21102.25,21105.65,21093.15,21095.95,842,150,0
2025-05-22 06:30:00+03:00,21095.85,21101.65,21088.05,21099.65,1061,160,0
2025-05-22 06:45:00+03:00,21099.55,21108.25,21092.35,21094.85,912,150,0
2025-05-22 07:00:00+03:00,21094.65,21098.35,21090.45,21094.65,659,150,0
2025-05-22 07:15:00+03:00,21094.35,21097.25,21090.25,21092.95,501,150,0
2025-05-22 07:30:00+03:00,21092.65,21100.75,21092.35,21096.55,631,150,0
2025-05-22 07:45:00+03:00,21096.15,21096.65,21089.35,21093.45,562,150,0
2025-05-22 08:00:00+03:00,21092.65,21098.95,21084.25,21092.05,979,160,0
2025-05-22 08:15:00+03:00,21091.95,21126.25,21088.75,21123.75,1068,150,0
2025-05-22 08:30:00+03:00,21122.55,21130.25,21114.25,21119.45,1371,180,0
2025-05-22 08:45:00+03:00,21119.05,21130.75,21116.75,21125.85,1078,170,0
2025-05-22 09:00:00+03:00,21125.95,21125.95,21098.45,21108.05,1741,180,0
2025-05-22 09:15:00+03:00,21108.25,21120.25,21093.35,21098.55,1535,180,0
2025-05-22 09:30:00+03:00,21098.45,21119.35,21096.85,21117.55,1379,170,0
2025-05-22 09:45:00+03:00,21117.35,21132.35,21114.45,21119.95,1478,170,0
2025-05-22 10:00:00+03:00,21118.75,21155.05,21117.75,21123.95,2579,180,0
2025-05-22 10:15:00+03:00,21123.85,21129.65,21103.35,21109.55,2239,200,0
2025-05-22 10:30:00+03:00,21104.05,21138.15,21100.15,21100.65,2676,210,0
2025-05-22 10:45:00+03:00,21100.55,21126.65,21100.35,21125.25,2159,200,0
2025-05-22 11:00:00+03:00,21125.75,21144.55,21114.15,21120.15,2726,200,0
2025-05-22 11:15:00+03:00,21120.65,21148.85,21120.05,21139.65,2110,200,0
2025-05-22 11:30:00+03:00,21139.65,21143.75,21117.85,21137.65,2100,200,0
2025-05-22 11:45:00+03:00,21136.95,21144.85,21125.15,21125.75,1682,190,0
2025-05-22 12:00:00+03:00,21126.25,21128.15,21110.95,21124.35,1799,190,0
2025-05-22 12:15:00+03:00,21124.35,21133.65,21107.75,21132.75,1803,190,0
2025-05-22 12:30:00+03:00,21132.75,21143.55,21121.75,21123.05,1427,170,0
2025-05-22 12:45:00+03:00,21123.15,21135.15,21113.95,21132.85,1487,190,0
2025-05-22 13:00:00+03:00,21132.75,21132.75,21098.95,21126.65,2030,190,0
2025-05-22 13:15:00+03:00,21126.65,21138.45,21121.05,21135.75,1584,180,0
2025-05-22 13:30:00+03:00,21135.85,21136.85,21121.35,21126.25,1640,190,0
2025-05-22 13:45:00+03:00,21126.65,21133.95,21112.45,21117.85,1757,180,0
2025-05-22 14:00:00+03:00,21116.45,21171.35,21113.65,21122.45,2932,210,0
2025-05-22 14:15:00+03:00,21122.45,21145.65,21107.65,21109.15,2618,210,0
2025-05-22 14:30:00+03:00,21109.55,21123.65,21090.15,21097.35,2888,210,0
2025-05-22 14:45:00+03:00,21097.15,21098.85,21007.15,21007.45,3383,210,0
2025-05-22 15:00:00+03:00,21012.15,21043.65,20994.05,20996.55,3745,210,0
2025-05-22 15:15:00+03:00,20996.45,20999.55,20968.65,20975.78,3640,210,0
2025-05-22 15:30:00+03:00,20976.18,21063.45,20969.71,21054.55,3810,210,0
2025-05-22 15:45:00+03:00,21054.45,21123.65,21049.05,21119.15,3338,210,0
2025-05-22 16:00:00+03:00,21119.15,21153.95,21119.15,21125.95,3634,210,0
2025-05-22 16:15:00+03:00,21126.15,21127.55,21091.65,21096.55,3475,210,0
2025-05-22 16:30:00+03:00,21097.35,21146.85,21042.15,21092.98,4741,90,0
2025-05-22 16:45:00+03:00,21116.78,21219.85,21076.85,21213.15,4866,120,0
2025-05-22 17:00:00+03:00,21215.55,21257.05,21191.05,21199.55,4620,120,0
2025-05-22 17:15:00+03:00,21200.25,21212.55,21138.75,21162.65,4606,120,0
2025-05-22 17:30:00+03:00,21161.35,21192.85,21135.35,21147.85,4637,120,0
2025-05-22 17:45:00+03:00,21147.15,21179.75,21094.85,21159.75,4608,120,0
2025-05-22 18:00:00+03:00,21158.55,21190.65,21152.75,21156.85,4421,120,0
2025-05-22 18:15:00+03:00,21156.85,21195.85,21131.65,21136.25,4446,120,0
2025-05-22 18:30:00+03:00,21135.35,21192.55,21127.65,21186.75,4459,120,0
2025-05-22 18:45:00+03:00,21186.85,21208.65,21170.75,21199.35,4186,120,0
2025-05-22 19:00:00+03:00,21200.15,21233.05,21176.05,21229.75,4196,120,0
2025-05-22 19:15:00+03:00,21229.75,21252.55,21191.55,21197.35,4288,120,0
2025-05-22 19:30:00+03:00,21197.35,21202.85,21173.75,21179.55,4142,120,0
2025-05-22 19:45:00+03:00,21178.85,21183.05,21139.85,21147.65,4202,110,0
2025-05-22 20:00:00+03:00,21148.35,21160.05,21126.85,21129.65,3947,100,0
2025-05-22 20:15:00+03:00,21130.15,21199.55,21128.55,21194.45,4239,110,0
2025-05-22 20:30:00+03:00,21194.55,21217.05,21175.05,21216.65,4023,90,0
2025-05-22 20:45:00+03:00,21217.15,21238.25,21194.55,21220.95,4109,80,0
2025-05-22 21:00:00+03:00,21220.95,21235.45,21204.85,21222.95,4041,100,0
2025-05-22 21:15:00+03:00,21222.55,21242.25,21212.65,21220.15,4013,80,0
2025-05-22 21:30:00+03:00,21219.65,21234.65,21197.85,21209.15,3875,80,0
2025-05-22 21:45:00+03:00,21209.55,21245.75,21204.35,21233.35,3761,90,0
2025-05-22 22:00:00+03:00,21233.85,21265.35,21230.25,21252.55,3769,80,0
2025-05-22 22:15:00+03:00,21252.55,21259.25,21226.55,21254.05,3761,80,0
2025-05-22 22:30:00+03:00,21253.55,21256.55,21188.25,21188.75,4153,80,0
2025-05-22 22:45:00+03:00,21188.75,21215.65,21095.75,21111.85,4515,120,0
2025-05-22 23:00:00+03:00,21113.75,21128.96,21104.86,21111.46,3236,120,0
2025-05-22 23:15:00+03:00,21113.16,21117.56,21105.76,21108.66,1483,188,0
2025-05-22 23:30:00+03:00,21109.06,21126.76,21104.46,21123.26,1451,188,0
2025-05-22 23:45:00+03:00,21124.26,21132.96,21122.26,21132.26,456,198,0
2025-05-23 01:00:00+03:00,21138.35,21143.75,21129.45,21133.75,749,180,0
2025-05-23 01:15:00+03:00,21133.95,21140.95,21122.85,21124.35,765,160,0
2025-05-23 01:30:00+03:00,21124.85,21125.55,21115.65,21118.65,793,160,0
2025-05-23 01:45:00+03:00,21119.15,21119.35,21071.25,21078.75,1600,160,0
2025-05-23 02:00:00+03:00,21078.45,21094.85,21066.25,21093.55,1384,170,0
2025-05-23 02:15:00+03:00,21094.05,21106.85,21093.15,21102.55,1215,170,0
2025-05-23 02:30:00+03:00,21102.75,21107.85,21085.35,21090.75,1033,170,0
2025-05-23 02:45:00+03:00,21090.65,21113.65,21088.85,21110.75,1129,160,0
2025-05-23 03:00:00+03:00,21112.65,21132.75,21109.15,21127.15,2019,180,0
2025-05-23 03:15:00+03:00,21127.55,21127.95,21112.75,21123.75,1415,180,0
2025-05-23 03:30:00+03:00,21123.55,21131.75,21109.35,21113.75,1469,170,0
2025-05-23 03:45:00+03:00,21113.55,21134.15,21111.05,21132.95,1427,180,0
2025-05-23 04:00:00+03:00,21132.95,21132.95,21092.25,21096.05,1773,180,0
2025-05-23 04:15:00+03:00,21095.95,21119.15,21093.85,21112.95,1417,170,0
2025-05-23 04:30:00+03:00,21113.35,21119.65,21097.15,21103.05,1885,190,0
2025-05-23 04:45:00+03:00,21103.05,21106.65,21092.55,21102.15,1541,190,0
2025-05-23 05:00:00+03:00,21102.35,21130.45,21098.45,21127.95,1347,160,0
2025-05-23 05:15:00+03:00,21127.95,21139.95,21124.65,21138.95,1143,160,0
2025-05-23 05:30:00+03:00,21139.05,21139.85,21117.55,21122.45,1222,170,0
2025-05-23 05:45:00+03:00,21122.55,21129.25,21117.95,21123.85,798,160,0
2025-05-23 06:00:00+03:00,21123.85,21135.25,21114.75,21126.75,1281,190,0
2025-05-23 06:15:00+03:00,21126.75,21148.45,21119.65,21139.55,1249,180,0
2025-05-23 06:30:00+03:00,21140.25,21142.95,21118.35,21119.75,1092,160,0
2025-05-23 06:45:00+03:00,21119.75,21137.55,21119.25,21130.75,828,150,0
2025-05-23 07:00:00+03:00,21130.75,21130.85,21114.05,21114.75,799,160,0
2025-05-23 07:15:00+03:00,21115.55,21117.95,21106.35,21108.65,787,150,0
2025-05-23 07:30:00+03:00,21108.85,21109.75,21096.75,21097.95,766,150,0
2025-05-23 07:45:00+03:00,21097.95,21098.25,21083.25,21093.25,959,160,0
2025-05-23 08:00:00+03:00,21093.35,21112.95,21093.35,21112.45,1120,170,0
2025-05-23 08:15:00+03:00,21112.65,21121.15,21110.25,21119.35,855,150,0
2025-05-23 08:30:00+03:00,21119.35,21119.65,21093.35,21107.05,1183,170,0
2025-05-23 08:45:00+03:00,21107.15,21107.75,21076.85,21092.35,1419,180,0
2025-05-23 09:00:00+03:00,21092.15,21094.25,21049.05,21054.35,2190,200,0
2025-05-23 09:15:00+03:00,21054.45,21064.55,21033.65,21061.65,2168,200,0
2025-05-23 09:30:00+03:00,21061.55,21075.85,21056.65,21072.75,1620,190,0
2025-05-23 09:45:00+03:00,21072.75,21080.35,21061.35,21073.15,1557,190,0
2025-05-23 10:00:00+03:00,21073.75,21125.35,21070.65,21109.05,2623,200,0
2025-05-23 10:15:00+03:00,21107.75,21153.05,21103.25,21152.75,2136,190,0
2025-05-23 10:30:00+03:00,21151.35,21158.75,21138.95,21157.75,2060,190,0
2025-05-23 10:45:00+03:00,21157.65,21157.75,21142.85,21147.45,1647,170,0
2025-05-23 11:00:00+03:00,21146.65,21171.05,21143.85,21154.85,2391,180,0
2025-05-23 11:15:00+03:00,21154.55,21161.35,21130.45,21157.65,2072,200,0
2025-05-23 11:30:00+03:00,21157.55,21159.65,21131.95,21137.15,1652,180,0
2025-05-23 11:45:00+03:00,21136.95,21138.15,21120.15,21127.55,1641,190,0
2025-05-23 12:00:00+03:00,21126.95,21129.25,21107.25,21112.55,2019,200,0
2025-05-23 12:15:00+03:00,21112.35,21131.65,21059.35,21059.75,2449,200,0
2025-05-23 12:30:00+03:00,21059.55,21103.85,21059.25,21099.65,2016,190,0
2025-05-23 12:45:00+03:00,21099.55,21129.25,21084.35,21121.25,2076,190,0
2025-05-23 13:00:00+03:00,21121.85,21129.55,21103.05,21106.55,1908,190,0
2025-05-23 13:15:00+03:00,21106.75,21117.05,21096.65,21110.85,1721,190,0
2025-05-23 13:30:00+03:00,21111.15,21113.65,21083.85,21104.35,1820,200,0
2025-05-23 13:45:00+03:00,21104.85,21117.55,21098.35,21116.75,1762,190,0
2025-05-23 14:00:00+03:00,21117.75,21122.25,21095.35,21107.05,1978,210,0
2025-05-23 14:15:00+03:00,21107.75,21120.75,20992.35,21029.15,3519,210,0
2025-05-23 14:30:00+03:00,21029.35,21054.25,20833.55,20881.65,3627,210,0
2025-05-23 14:45:00+03:00,20882.85,20888.75,20745.05,20772.25,4925,210,0
2025-05-23 15:00:00+03:00,20774.25,20779.05,20687.35,20721.15,4719,210,0
2025-05-23 15:15:00+03:00,20721.55,20761.15,20668.15,20757.55,4561,210,0
2025-05-23 15:30:00+03:00,20757.65,20777.85,20729.05,20757.55,4243,210,0
2025-05-23 15:45:00+03:00,20757.25,20768.15,20718.55,20741.35,4092,210,0
2025-05-23 16:00:00+03:00,20741.05,20749.25,20703.65,20722.25,4075,210,0
2025-05-23 16:15:00+03:00,20722.35,20790.05,20699.15,20789.65,4011,210,0
2025-05-23 16:30:00+03:00,20792.85,20892.85,20763.45,20847.25,4974,120,0
2025-05-23 16:45:00+03:00,20849.45,20850.05,20785.75,20826.95,4807,120,0
2025-05-23 17:00:00+03:00,20830.55,20935.05,20821.85,20912.35,4777,120,0
2025-05-23 17:15:00+03:00,20911.95,20930.75,20854.35,20885.25,4683,120,0
2025-05-23 17:30:00+03:00,20885.25,20929.25,20876.85,20907.35,4576,120,0
2025-05-23 17:45:00+03:00,20907.35,20930.05,20850.25,20853.05,4529,120,0
2025-05-23 18:00:00+03:00,20853.25,20893.05,20837.45,20859.45,4461,120,0
2025-05-23 18:15:00+03:00,20859.45,20906.75,20828.45,20902.25,4218,120,0
2025-05-23 18:30:00+03:00,20898.75,20949.95,20898.25,20926.45,4225,120,0
2025-05-23 18:45:00+03:00,20926.75,20932.25,20876.45,20877.95,4224,120,0
2025-05-23 19:00:00+03:00,20877.95,20915.25,20861.55,20886.55,4271,120,0
2025-05-23 19:15:00+03:00,20885.85,20927.85,20875.45,20908.75,3859,110,0
2025-05-23 19:30:00+03:00,20908.35,20929.05,20877.95,20920.85,3962,110,0
2025-05-23 19:45:00+03:00,20920.45,20947.85,20918.05,20925.45,3955,90,0
2025-05-23 20:00:00+03:00,20925.35,20977.45,20914.35,20968.25,3964,90,0
2025-05-23 20:15:00+03:00,20965.45,21015.05,20965.45,21011.65,4021,110,0
2025-05-23 20:30:00+03:00,21012.05,21012.05,20960.55,20973.95,4092,110,0
2025-05-23 20:45:00+03:00,20974.25,21014.55,20966.25,20994.55,3861,100,0
2025-05-23 21:00:00+03:00,20994.65,21023.85,20988.35,21012.55,3923,100,0
2025-05-23 21:15:00+03:00,21012.75,21024.95,20948.25,20979.45,4400,100,0
2025-05-23 21:30:00+03:00,20979.05,21009.75,20976.25,20987.55,3873,110,0
2025-05-23 21:45:00+03:00,20987.95,20997.75,20962.35,20981.25,3792,90,0
2025-05-23 22:00:00+03:00,20980.75,21011.45,20952.15,21000.25,4010,110,0
2025-05-23 22:15:00+03:00,21000.25,21000.25,20929.95,20956.25,4143,120,0
2025-05-23 22:30:00+03:00,20955.75,20995.35,20948.45,20983.55,4106,110,0
2025-05-23 22:45:00+03:00,20983.45,20986.95,20901.25,20920.55,4404,110,0
2025-05-23 23:00:00+03:00,20921.16,20921.16,20876.26,20890.26,3404,138,0
2025-05-23 23:15:00+03:00,20890.46,20903.06,20884.96,20896.96,1763,208,0
2025-05-23 23:30:00+03:00,20896.76,20896.76,20872.56,20879.36,1591,188,0
2025-05-23 23:45:00+03:00,20879.16,20888.26,20877.06,20885.56,515,198,0
2025-05-26 01:00:00+03:00,20937.35,21066.85,20936.35,21046.75,1825,210,0
2025-05-26 01:15:00+03:00,21046.65,21172.25,21038.45,21140.85,3078,210,0
2025-05-26 01:30:00+03:00,21140.95,21143.75,21085.15,21099.65,2404,210,0
2025-05-26 01:45:00+03:00,21099.35,21137.25,21099.35,21109.95,2039,210,0
2025-05-26 02:00:00+03:00,21109.75,21146.95,21109.75,21130.75,1670,200,0
2025-05-26 02:15:00+03:00,21131.45,21131.45,21110.75,21118.35,1158,180,0
2025-05-26 02:30:00+03:00,21117.25,21151.05,21105.55,21144.95,1595,190,0
2025-05-26 02:45:00+03:00,21146.05,21155.75,21120.35,21132.35,1730,200,0
2025-05-26 03:00:00+03:00,21132.35,21152.75,21116.05,21120.85,2266,200,0
2025-05-26 03:15:00+03:00,21121.05,21155.45,21114.15,21118.35,2398,200,0
2025-05-26 03:30:00+03:00,21118.55,21143.55,21112.25,21138.55,1590,190,0
2025-05-26 03:45:00+03:00,21139.05,21149.75,21126.65,21130.15,1793,190,0
2025-05-26 04:00:00+03:00,21129.65,21145.95,21111.75,21144.65,1819,190,0
2025-05-26 04:15:00+03:00,21144.55,21149.55,21119.35,21120.65,1796,180,0
2025-05-26 04:30:00+03:00,21120.85,21146.15,21113.65,21142.25,2018,180,0
2025-05-26 04:45:00+03:00,21142.35,21152.85,21139.95,21148.75,1621,180,0
2025-05-26 05:00:00+03:00,21149.35,21154.85,21142.25,21149.95,1461,180,0
2025-05-26 05:15:00+03:00,21149.85,21176.45,21143.95,21162.45,1923,180,0
2025-05-26 05:30:00+03:00,21161.95,21167.25,21139.95,21143.15,1558,180,0
2025-05-26 05:45:00+03:00,21143.15,21144.75,21133.35,21137.05,1206,170,0
2025-05-26 06:00:00+03:00,21137.45,21162.45,21137.15,21159.95,1262,170,0
2025-05-26 06:15:00+03:00,21160.35,21162.75,21156.45,21159.05,967,160,0
2025-05-26 06:30:00+03:00,21158.75,21165.65,21149.05,21164.25,1227,170,0
2025-05-26 06:45:00+03:00,21164.15,21166.15,21153.55,21156.25,858,150,0
2025-05-26 07:00:00+03:00,21156.15,21157.25,21149.55,21150.75,759,150,0
2025-05-26 07:15:00+03:00,21150.45,21156.85,21146.65,21151.55,808,150,0
2025-05-26 07:30:00+03:00,21151.75,21164.25,21147.55,21163.55,811,150,0
2025-05-26 07:45:00+03:00,21162.85,21170.55,21160.55,21163.75,915,150,0
2025-05-26 08:00:00+03:00,21163.55,21165.35,21147.35,21148.05,1088,150,0
2025-05-26 08:15:00+03:00,21148.05,21160.25,21139.65,21143.15,1032,150,0
2025-05-26 08:30:00+03:00,21143.55,21158.65,21138.05,21155.65,1106,170,0
2025-05-26 08:45:00+03:00,21155.15,21161.15,21143.85,21145.45,1093,170,0
2025-05-26 09:00:00+03:00,21145.45,21173.85,21132.95,21147.45,2029,170,0
2025-05-26 09:15:00+03:00,21147.55,21186.75,21144.55,21185.75,1518,180,0
2025-05-26 09:30:00+03:00,21185.85,21191.35,21159.85,21163.85,1575,200,0
2025-05-26 09:45:00+03:00,21164.25,21205.55,21163.75,21194.55,1437,200,0
2025-05-26 10:00:00+03:00,21196.85,21209.95,21179.05,21179.25,1946,200,0
2025-05-26 10:15:00+03:00,21179.25,21207.35,21174.75,21194.95,1620,200,0
2025-05-26 10:30:00+03:00,21195.25,21207.85,21186.95,21197.65,1582,200,0
2025-05-26 10:45:00+03:00,21198.65,21221.05,21190.35,21216.25,1315,190,0
2025-05-26 11:00:00+03:00,21216.35,21226.85,21213.25,21219.15,1583,170,0
2025-05-26 11:15:00+03:00,21218.95,21229.45,21207.75,21217.25,1214,170,0
2025-05-26 11:30:00+03:00,21217.45,21219.65,21206.15,21216.55,1019,170,0
2025-05-26 11:45:00+03:00,21216.25,21222.95,21181.85,21189.65,1291,170,0
2025-05-26 12:00:00+03:00,21189.55,21206.15,21188.05,21204.25,901,170,0
2025-05-26 12:15:00+03:00,21204.95,21206.45,21192.45,21199.45,946,170,0
2025-05-26 12:30:00+03:00,21199.95,21201.65,21186.75,21196.95,852,170,0
2025-05-26 12:45:00+03:00,21196.65,21198.45,21190.65,21193.65,688,150,0
2025-05-26 13:00:00+03:00,21193.85,21211.15,21189.65,21204.95,907,160,0
2025-05-26 13:15:00+03:00,21204.85,21220.75,21204.85,21212.65,695,150,0
2025-05-26 13:30:00+03:00,21212.25,21217.75,21206.55,21213.45,727,160,0
2025-05-26 13:45:00+03:00,21213.25,21219.65,21203.15,21206.45,740,150,0
2025-05-26 14:00:00+03:00,21206.25,21220.95,21202.65,21220.45,852,170,0
2025-05-26 14:15:00+03:00,21220.65,21223.15,21199.55,21209.95,911,170,0
2025-05-26 14:30:00+03:00,21210.25,21223.35,21205.95,21222.25,851,160,0
2025-05-26 14:45:00+03:00,21222.25,21223.75,21216.55,21218.55,826,150,0
2025-05-26 15:00:00+03:00,21218.45,21225.45,21218.05,21219.75,805,150,0
2025-05-26 15:15:00+03:00,21220.05,21231.95,21217.25,21218.25,1061,160,0
2025-05-26 15:30:00+03:00,21218.45,21231.45,21211.25,21213.45,1182,170,0
2025-05-26 15:45:00+03:00,21213.75,21217.85,21203.65,21205.35,1116,150,0
2025-05-26 16:00:00+03:00,21205.45,21224.35,21205.45,21222.15,1277,170,0
2025-05-26 16:15:00+03:00,21222.05,21223.35,21193.55,21204.45,1311,170,0
2025-05-26 16:30:00+03:00,21203.85,21250.85,21202.75,21245.75,2636,80,0
2025-05-26 16:45:00+03:00,21245.85,21247.85,21214.65,21222.15,2222,80,0
2025-05-26 17:00:00+03:00,21222.45,21225.35,21206.75,21217.95,2181,80,0
2025-05-26 17:15:00+03:00,21218.15,21219.75,21202.75,21210.35,1867,80,0
2025-05-26 17:30:00+03:00,21210.65,21211.85,21175.25,21186.15,2396,80,0
2025-05-26 17:45:00+03:00,21185.45,21186.85,21167.95,21173.75,1952,80,0
2025-05-26 18:00:00+03:00,21173.85,21178.45,21158.85,21169.85,2328,80,0
2025-05-26 18:15:00+03:00,21169.95,21197.25,21169.25,21196.15,1945,80,0
2025-05-26 18:30:00+03:00,21196.35,21213.85,21196.35,21209.85,2031,80,0
2025-05-26 18:45:00+03:00,21209.75,21219.15,21209.25,21216.45,1356,80,0
2025-05-26 19:00:00+03:00,21217.25,21229.75,21212.45,21225.25,1587,80,0
2025-05-26 19:15:00+03:00,21225.65,21227.65,21213.25,21217.15,1289,80,0
2025-05-26 19:30:00+03:00,21216.95,21221.15,21211.35,21220.85,1192,80,0
2025-05-26 19:45:00+03:00,21221.45,21237.15,21219.25,21227.35,1603,80,0
2025-05-27 01:00:00+03:00,21211.65,21227.15,21204.05,21213.55,993,200,0
2025-05-27 01:15:00+03:00,21214.55,21223.25,21200.15,21201.75,1128,170,0
2025-05-27 01:30:00+03:00,21201.45,21201.75,21176.95,21184.25,1303,170,0
2025-05-27 01:45:00+03:00,21184.35,21190.95,21169.15,21173.25,970,160,0
2025-05-27 02:00:00+03:00,21173.65,21187.45,21170.55,21182.45,1245,180,0
2025-05-27 02:15:00+03:00,21182.15,21191.35,21167.15,21177.65,1014,160,0
2025-05-27 02:30:00+03:00,21177.85,21183.65,21168.25,21170.05,948,170,0
2025-05-27 02:45:00+03:00,21170.55,21181.55,21164.15,21180.75,1003,170,0
2025-05-27 03:00:00+03:00,21180.95,21182.45,21164.15,21170.05,1925,170,0
2025-05-27 03:15:00+03:00,21170.05,21179.15,21147.55,21156.55,1682,180,0
2025-05-27 03:30:00+03:00,21156.45,21171.15,21151.75,21161.65,1296,180,0
2025-05-27 03:45:00+03:00,21161.25,21187.25,21161.15,21185.85,1354,170,0
2025-05-27 04:00:00+03:00,21185.05,21185.25,21133.65,21139.15,2145,170,0
2025-05-27 04:15:00+03:00,21139.45,21141.65,21130.35,21139.95,1567,180,0
2025-05-27 04:30:00+03:00,21139.85,21145.95,21124.85,21129.95,1741,180,0
2025-05-27 04:45:00+03:00,21130.15,21130.25,21118.95,21121.75,1429,180,0
2025-05-27 05:00:00+03:00,21120.55,21125.65,21110.75,21111.95,1583,180,0
2025-05-27 05:15:00+03:00,21112.25,21122.55,21107.15,21121.25,1279,160,0
2025-05-27 05:30:00+03:00,21121.15,21128.05,21116.35,21119.05,1029,160,0
2025-05-27 05:45:00+03:00,21119.65,21128.25,21115.15,21125.85,963,170,0
2025-05-27 06:00:00+03:00,21125.85,21133.25,21116.95,21117.55,866,150,0
2025-05-27 06:15:00+03:00,21117.25,21127.95,21108.15,21116.85,976,170,0
2025-05-27 06:30:00+03:00,21116.95,21118.95,21099.55,21100.45,897,170,0
2025-05-27 06:45:00+03:00,21100.25,21114.25,21086.95,21097.35,1341,180,0
2025-05-27 07:00:00+03:00,21097.25,21117.05,21090.15,21110.85,1008,160,0
2025-05-27 07:15:00+03:00,21110.35,21117.55,21107.05,21115.85,707,150,0
2025-05-27 07:30:00+03:00,21115.55,21119.55,21107.35,21118.65,825,160,0
2025-05-27 07:45:00+03:00,21117.85,21121.55,21116.15,21121.05,600,150,0
2025-05-27 08:00:00+03:00,21121.05,21121.55,21104.65,21115.65,1144,150,0
2025-05-27 08:15:00+03:00,21115.85,21138.95,21111.45,21138.95,1253,180,0
2025-05-27 08:30:00+03:00,21138.85,21161.45,21132.15,21158.95,1552,180,0
2025-05-27 08:45:00+03:00,21158.35,21162.45,21148.95,21152.85,1238,170,0
2025-05-27 09:00:00+03:00,21153.15,21165.05,21149.85,21163.75,1389,180,0
2025-05-27 09:15:00+03:00,21163.75,21184.25,21163.25,21184.25,1269,160,0
2025-05-27 09:30:00+03:00,21184.05,21193.15,21178.45,21191.95,1182,170,0
2025-05-27 09:45:00+03:00,21195.45,21199.55,21185.95,21187.75,1102,170,0
2025-05-27 10:00:00+03:00,21187.75,21214.25,21180.35,21213.75,2511,180,0
2025-05-27 10:15:00+03:00,21214.05,21246.25,21209.75,21230.85,2153,190,0
2025-05-27 10:30:00+03:00,21230.75,21272.15,21229.05,21260.35,2361,210,0
2025-05-27 10:45:00+03:00,21260.65,21304.15,21257.85,21277.65,2756,210,0
2025-05-27 11:00:00+03:00,21276.35,21291.55,21258.35,21276.85,3082,210,0
2025-05-27 11:15:00+03:00,21276.65,21288.25,21265.65,21270.25,1995,200,0
2025-05-27 11:30:00+03:00,21269.65,21278.05,21257.35,21273.95,1948,200,0
2025-05-27 11:45:00+03:00,21274.35,21276.05,21243.35,21258.55,1709,190,0
2025-05-27 12:00:00+03:00,21258.65,21295.05,21254.95,21294.25,2076,190,0
2025-05-27 12:15:00+03:00,21294.35,21294.35,21257.45,21262.45,1768,180,0
2025-05-27 12:30:00+03:00,21262.45,21296.85,21255.35,21287.65,1900,190,0
2025-05-27 12:45:00+03:00,21288.05,21297.05,21271.95,21277.75,1549,190,0
2025-05-27 13:00:00+03:00,21277.75,21282.05,21267.15,21277.35,1386,190,0
2025-05-27 13:15:00+03:00,21277.65,21291.35,21277.25,21289.45,1271,180,0
2025-05-27 13:30:00+03:00,21289.45,21296.35,21260.15,21273.35,2108,190,0
2025-05-27 13:45:00+03:00,21273.65,21274.15,21245.85,21247.65,1692,190,0
2025-05-27 14:00:00+03:00,21247.35,21247.35,21217.35,21241.75,2550,210,0
2025-05-27 14:15:00+03:00,21242.15,21244.55,21221.55,21240.15,1964,200,0
2025-05-27 14:30:00+03:00,21239.95,21255.15,21237.35,21246.15,1780,190,0
2025-05-27 14:45:00+03:00,21246.15,21254.95,21236.65,21241.75,1533,180,0
2025-05-27 15:00:00+03:00,21241.85,21246.65,21227.25,21228.15,1971,190,0
2025-05-27 15:15:00+03:00,21228.05,21249.55,21210.75,21231.35,2375,210,0
2025-05-27 15:30:00+03:00,21231.15,21245.65,21204.15,21208.55,2561,210,0
2025-05-27 15:45:00+03:00,21208.55,21229.35,21199.65,21221.05,2635,210,0
2025-05-27 16:00:00+03:00,21221.25,21244.75,21219.05,21241.65,2358,190,0
2025-05-27 16:15:00+03:00,21241.65,21259.85,21200.15,21203.15,2998,190,0
2025-05-27 16:30:00+03:00,21203.65,21229.05,21138.75,21187.05,4697,120,0
2025-05-27 16:45:00+03:00,21187.35,21242.05,21182.95,21238.25,4318,110,0
2025-05-27 17:00:00+03:00,21241.55,21312.65,21238.75,21295.25,4192,100,0
2025-05-27 17:15:00+03:00,21296.15,21326.15,21292.55,21311.55,4027,90,0
2025-05-27 17:30:00+03:00,21312.05,21328.25,21301.35,21313.85,3997,90,0
2025-05-27 17:45:00+03:00,21314.15,21331.15,21292.65,21298.45,3699,80,0
2025-05-27 18:00:00+03:00,21299.45,21321.95,21295.95,21320.95,3511,80,0
2025-05-27 18:15:00+03:00,21320.95,21342.95,21310.25,21333.65,3264,80,0
2025-05-27 18:30:00+03:00,21333.45,21336.85,21311.95,21327.95,3276,80,0
2025-05-27 18:45:00+03:00,21328.05,21348.65,21323.75,21342.15,3048,80,0
2025-05-27 19:00:00+03:00,21343.15,21360.65,21338.75,21357.15,3083,80,0
2025-05-27 19:15:00+03:00,21357.15,21366.95,21353.05,21354.45,2734,80,0
2025-05-27 19:30:00+03:00,21354.45,21401.85,21353.15,21387.95,3169,80,0
2025-05-27 19:45:00+03:00,21388.15,21391.95,21373.15,21373.45,3115,80,0
2025-05-27 20:00:00+03:00,21373.25,21394.15,21373.15,21390.05,2733,80,0
2025-05-27 20:15:00+03:00,21390.15,21409.95,21387.95,21397.65,2738,80,0
2025-05-27 20:30:00+03:00,21397.75,21405.15,21388.15,21402.45,2563,80,0
2025-05-27 20:45:00+03:00,21402.45,21421.95,21397.75,21418.65,2567,80,0
2025-05-27 21:00:00+03:00,21418.65,21430.05,21410.15,21420.45,2778,80,0
2025-05-27 21:15:00+03:00,21420.45,21423.15,21394.45,21403.15,2712,80,0
2025-05-27 21:30:00+03:00,21403.15,21409.75,21386.15,21391.95,2555,80,0
2025-05-27 21:45:00+03:00,21391.65,21401.65,21383.25,21384.65,2519,80,0
2025-05-27 22:00:00+03:00,21383.15,21390.25,21372.15,21376.45,2904,80,0
2025-05-27 22:15:00+03:00,21376.65,21390.45,21371.15,21378.65,2656,80,0
2025-05-27 22:30:00+03:00,21378.65,21387.45,21356.45,21380.65,3167,80,0
2025-05-27 22:45:00+03:00,21380.15,21410.05,21363.95,21407.25,3839,80,0
2025-05-27 23:00:00+03:00,21407.25,21415.76,21385.46,21412.96,3021,120,0
2025-05-27 23:15:00+03:00,21413.66,21417.86,21405.66,21406.56,1387,178,0
2025-05-27 23:30:00+03:00,21406.56,21413.96,21402.46,21413.76,1066,168,0
2025-05-27 23:45:00+03:00,21413.46,21416.86,21410.16,21415.86,420,168,0
2025-05-28 01:00:00+03:00,21408.95,21411.05,21397.95,21400.45,701,170,0
2025-05-28 01:15:00+03:00,21400.75,21411.95,21398.75,21405.45,900,160,0
2025-05-28 01:30:00+03:00,21405.45,21407.95,21397.75,21406.25,764,160,0
2025-05-28 01:45:00+03:00,21405.95,21416.05,21404.95,21414.45,784,150,0
2025-05-28 02:00:00+03:00,21413.45,21422.05,21411.45,21419.55,749,150,0
2025-05-28 02:15:00+03:00,21419.65,21428.55,21412.35,21412.75,945,150,0
2025-05-28 02:30:00+03:00,21412.75,21425.35,21412.75,21422.55,765,150,0
2025-05-28 02:45:00+03:00,21422.45,21426.25,21412.35,21414.45,1052,160,0
2025-05-28 03:00:00+03:00,21414.15,21414.35,21401.25,21405.15,1696,170,0
2025-05-28 03:15:00+03:00,21405.25,21414.15,21401.25,21405.35,1121,170,0
2025-05-28 03:30:00+03:00,21404.95,21411.85,21404.15,21409.65,876,160,0
2025-05-28 03:45:00+03:00,21409.45,21416.35,21403.85,21413.25,994,160,0
2025-05-28 04:00:00+03:00,21413.55,21427.25,21412.15,21417.45,1357,160,0
2025-05-28 04:15:00+03:00,21417.45,21423.65,21412.55,21420.65,1159,160,0
2025-05-28 04:30:00+03:00,21420.55,21421.35,21405.35,21411.15,1363,160,0
2025-05-28 04:45:00+03:00,21411.25,21414.65,21404.55,21406.45,981,150,0
2025-05-28 05:00:00+03:00,21406.55,21413.95,21404.75,21412.15,1137,150,0
2025-05-28 05:15:00+03:00,21412.55,21415.65,21407.55,21411.75,936,150,0
2025-05-28 05:30:00+03:00,21412.05,21418.35,21409.15,21414.25,838,150,0
2025-05-28 05:45:00+03:00,21414.35,21416.75,21407.35,21408.85,714,150,0
2025-05-28 06:00:00+03:00,21408.85,21420.85,21407.75,21420.75,870,150,0
2025-05-28 06:15:00+03:00,21420.45,21420.85,21414.25,21417.25,581,150,0
2025-05-28 06:30:00+03:00,21416.95,21417.75,21391.65,21393.45,1250,150,0
2025-05-28 06:45:00+03:00,21393.15,21395.15,21382.55,21387.95,1003,150,0
2025-05-28 07:00:00+03:00,21387.75,21390.95,21383.85,21390.35,743,150,0
2025-05-28 07:15:00+03:00,21390.55,21391.05,21385.75,21388.25,632,150,0
2025-05-28 07:30:00+03:00,21388.25,21390.95,21380.95,21387.05,686,150,0
2025-05-28 07:45:00+03:00,21387.15,21387.15,21380.05,21382.35,659,150,0
2025-05-28 08:00:00+03:00,21382.55,21390.65,21379.35,21389.75,909,150,0
2025-05-28 08:15:00+03:00,21389.95,21406.35,21383.25,21383.25,1215,160,0
2025-05-28 08:30:00+03:00,21383.15,21400.15,21382.45,21395.45,882,160,0
2025-05-28 08:45:00+03:00,21395.05,21404.75,21392.45,21396.15,810,150,0
2025-05-28 09:00:00+03:00,21396.05,21400.85,21380.35,21395.75,1304,160,0
2025-05-28 09:15:00+03:00,21396.25,21405.95,21389.55,21399.65,1164,160,0
2025-05-28 09:30:00+03:00,21398.85,21399.35,21388.25,21389.15,1073,170,0
2025-05-28 09:45:00+03:00,21389.15,21392.95,21377.35,21379.95,914,160,0
2025-05-28 10:00:00+03:00,21380.15,21396.25,21378.75,21393.85,2171,180,0
2025-05-28 10:15:00+03:00,21393.85,21401.65,21377.85,21379.15,1591,180,0
2025-05-28 10:30:00+03:00,21378.85,21398.85,21374.55,21396.35,1667,180,0
2025-05-28 10:45:00+03:00,21396.65,21397.25,21372.35,21376.95,1649,180,0
2025-05-28 11:00:00+03:00,21377.65,21386.55,21363.35,21369.35,2049,190,0
2025-05-28 11:15:00+03:00,21369.35,21382.85,21368.35,21374.15,1434,170,0
2025-05-28 11:30:00+03:00,21374.35,21384.45,21367.35,21382.65,1349,170,0
2025-05-28 11:45:00+03:00,21381.15,21382.55,21360.55,21363.25,1375,170,0
2025-05-28 12:00:00+03:00,21363.25,21374.95,21359.95,21366.65,1509,170,0
2025-05-28 12:15:00+03:00,21366.35,21374.55,21352.35,21360.05,1587,180,0
2025-05-28 12:30:00+03:00,21359.65,21366.45,21351.05,21353.05,1535,170,0
2025-05-28 12:45:00+03:00,21352.95,21373.85,21352.95,21373.45,1378,170,0
2025-05-28 13:00:00+03:00,21373.35,21395.05,21368.15,21394.05,1667,170,0
2025-05-28 13:15:00+03:00,21394.15,21401.65,21391.25,21401.55,1290,160,0
2025-05-28 13:30:00+03:00,21401.65,21446.25,21400.25,21439.25,2105,160,0
2025-05-28 13:45:00+03:00,21439.35,21461.95,21439.35,21461.05,1927,190,0
2025-05-28 14:00:00+03:00,21460.85,21467.05,21435.95,21445.65,2186,190,0
2025-05-28 14:15:00+03:00,21445.55,21450.45,21430.35,21437.55,1782,190,0
2025-05-28 14:30:00+03:00,21437.85,21455.05,21433.75,21433.85,1847,180,0
2025-05-28 14:45:00+03:00,21433.85,21451.55,21431.05,21447.75,1574,190,0
2025-05-28 15:00:00+03:00,21447.65,21461.45,21444.15,21459.75,1900,190,0
2025-05-28 15:15:00+03:00,21459.85,21473.25,21451.85,21456.95,2080,180,0
2025-05-28 15:30:00+03:00,21456.95,21481.15,21448.55,21481.05,2067,190,0
2025-05-28 15:45:00+03:00,21480.75,21481.35,21445.55,21450.85,2361,190,0
2025-05-28 16:00:00+03:00,21450.45,21462.75,21445.35,21457.25,2588,190,0
2025-05-28 16:15:00+03:00,21457.45,21459.55,21432.95,21447.75,2845,190,0
2025-05-28 16:30:00+03:00,21448.15,21508.35,21435.35,21485.85,4618,80,0
2025-05-28 16:45:00+03:00,21485.75,21488.65,21397.75,21412.65,4570,120,0
2025-05-28 17:00:00+03:00,21412.85,21432.55,21401.85,21417.35,4380,120,0
2025-05-28 17:15:00+03:00,21416.65,21425.25,21384.15,21400.75,4343,120,0
2025-05-28 17:30:00+03:00,21401.55,21409.35,21379.25,21392.85,4325,100,0
2025-05-28 17:45:00+03:00,21392.85,21403.65,21372.55,21377.95,4146,80,0
2025-05-28 18:00:00+03:00,21377.95,21414.65,21374.55,21383.65,3882,80,0
2025-05-28 18:15:00+03:00,21384.15,21422.85,21384.15,21403.75,3625,80,0
2025-05-28 18:30:00+03:00,21403.75,21413.95,21387.25,21396.85,3481,80,0
2025-05-28 18:45:00+03:00,21396.95,21409.35,21380.25,21382.45,3227,80,0
2025-05-28 19:00:00+03:00,21382.75,21419.45,21381.95,21412.75,3266,80,0
2025-05-28 19:15:00+03:00,21411.95,21420.95,21403.95,21414.75,2888,80,0
2025-05-28 19:30:00+03:00,21414.45,21425.75,21408.25,21412.95,2713,80,0
2025-05-28 19:45:00+03:00,21413.45,21419.45,21397.85,21409.95,2789,80,0
2025-05-28 20:00:00+03:00,21409.95,21431.85,21404.25,21419.95,2866,80,0
2025-05-28 20:15:00+03:00,21419.45,21434.95,21411.45,21423.45,2630,80,0
2025-05-28 20:30:00+03:00,21423.45,21424.95,21402.05,21410.35,2932,80,0
2025-05-28 20:45:00+03:00,21410.05,21424.85,21407.05,21416.45,2492,80,0
2025-05-28 21:00:00+03:00,21416.15,21448.05,21415.55,21441.35,2904,80,0
2025-05-28 21:15:00+03:00,21441.05,21441.85,21416.05,21427.05,2803,80,0
2025-05-28 21:30:00+03:00,21427.05,21439.55,21425.05,21431.65,2610,80,0
2025-05-28 21:45:00+03:00,21432.45,21434.95,21347.65,21414.35,3729,80,0
2025-05-28 22:00:00+03:00,21414.35,21459.45,21405.35,21430.25,4081,90,0
2025-05-28 22:15:00+03:00,21430.45,21437.35,21396.05,21403.95,4153,110,0
2025-05-28 22:30:00+03:00,21403.95,21408.05,21353.35,21366.25,4141,110,0
2025-05-28 22:45:00+03:00,21365.75,21382.35,21295.25,21316.85,4348,120,0
2025-05-28 23:00:00+03:00,21316.85,21339.56,21277.06,21327.36,3562,120,0
2025-05-28 23:15:00+03:00,21326.46,21412.96,21289.56,21394.96,3316,228,0
2025-05-28 23:30:00+03:00,21394.86,21446.16,21386.96,21445.66,3532,228,0
2025-05-28 23:45:00+03:00,21445.86,21448.46,21433.46,21447.06,1030,228,0
2025-05-29 01:00:00+03:00,21452.65,21471.65,21443.15,21465.55,1063,200,0
2025-05-29 01:15:00+03:00,21465.15,21471.05,21452.45,21461.85,1298,180,0
2025-05-29 01:30:00+03:00,21461.75,21493.85,21455.45,21487.05,1609,190,0
2025-05-29 01:45:00+03:00,21487.75,21544.55,21487.05,21535.35,2557,180,0
2025-05-29 02:00:00+03:00,21535.65,21690.85,21535.55,21682.65,4113,210,0
2025-05-29 02:15:00+03:00,21683.65,21723.75,21654.35,21660.65,4137,210,0
2025-05-29 02:30:00+03:00,21660.35,21720.85,21654.35,21700.75,3732,210,0
2025-05-29 02:45:00+03:00,21701.05,21719.65,21675.35,21712.25,3429,210,0
2025-05-29 03:00:00+03:00,21713.35,21716.85,21657.15,21672.55,3563,210,0
2025-05-29 03:15:00+03:00,21672.55,21708.15,21661.55,21692.15,3135,210,0
2025-05-29 03:30:00+03:00,21691.85,21721.35,21687.85,21715.75,2322,210,0
2025-05-29 03:45:00+03:00,21715.65,21780.05,21711.15,21768.85,3157,210,0
2025-05-29 04:00:00+03:00,21768.65,21769.25,21719.35,21722.35,3063,210,0
2025-05-29 04:15:00+03:00,21722.65,21725.25,21701.05,21723.15,2776,210,0
2025-05-29 04:30:00+03:00,21723.65,21730.15,21708.85,21728.85,2489,200,0
2025-05-29 04:45:00+03:00,21728.55,21744.65,21714.05,21742.15,2439,190,0
2025-05-29 05:00:00+03:00,21741.85,21742.75,21729.85,21737.35,2045,190,0
2025-05-29 05:15:00+03:00,21737.35,21762.05,21732.15,21746.05,2148,190,0
2025-05-29 05:30:00+03:00,21746.05,21768.75,21740.15,21767.85,2024,200,0
2025-05-29 05:45:00+03:00,21768.25,21771.05,21737.95,21738.35,2210,200,0
2025-05-29 06:00:00+03:00,21738.55,21758.65,21732.15,21758.25,1911,180,0
2025-05-29 06:15:00+03:00,21758.25,21761.35,21736.95,21744.95,1871,180,0
2025-05-29 06:30:00+03:00,21744.85,21751.85,21727.75,21733.45,1653,180,0
2025-05-29 06:45:00+03:00,21734.05,21738.35,21728.55,21730.75,1138,160,0
2025-05-29 07:00:00+03:00,21730.95,21748.25,21729.75,21746.75,1116,160,0
2025-05-29 07:15:00+03:00,21746.95,21748.35,21726.75,21734.65,1128,170,0
2025-05-29 07:30:00+03:00,21734.85,21747.45,21723.65,21744.45,1293,180,0
2025-05-29 07:45:00+03:00,21744.35,21754.05,21739.55,21744.05,1127,160,0
2025-05-29 08:00:00+03:00,21744.05,21747.55,21739.35,21744.35,1211,160,0
2025-05-29 08:15:00+03:00,21744.85,21762.65,21744.85,21753.25,1293,160,0
2025-05-29 08:30:00+03:00,21753.05,21766.35,21749.95,21757.25,1414,170,0
2025-05-29 08:45:00+03:00,21757.25,21772.15,21749.45,21753.35,1294,170,0
2025-05-29 09:00:00+03:00,21752.75,21754.15,21726.65,21728.95,1697,180,0
2025-05-29 09:15:00+03:00,21728.95,21736.15,21716.85,21732.85,1722,180,0
2025-05-29 09:30:00+03:00,21732.85,21738.35,21717.65,21719.85,1590,180,0
2025-05-29 09:45:00+03:00,21719.65,21733.85,21714.85,21719.35,1672,190,0
2025-05-29 10:00:00+03:00,21719.05,21724.65,21694.25,21716.05,2738,200,0
2025-05-29 10:15:00+03:00,21715.65,21741.35,21704.15,21738.85,2226,200,0
2025-05-29 10:30:00+03:00,21739.35,21765.95,21728.15,21763.15,1993,180,0
2025-05-29 10:45:00+03:00,21763.15,21795.35,21755.05,21795.35,1815,190,0
2025-05-29 11:00:00+03:00,21795.35,21806.05,21768.05,21770.25,2905,210,0
2025-05-29 11:15:00+03:00,21770.55,21774.75,21734.85,21738.15,2134,200,0
2025-05-29 11:30:00+03:00,21738.05,21740.55,21723.05,21732.55,2147,190,0
2025-05-29 11:45:00+03:00,21732.65,21741.35,21725.65,21730.05,1664,190,0
2025-05-29 12:00:00+03:00,21731.05,21758.25,21723.35,21751.15,1632,180,0
2025-05-29 12:15:00+03:00,21751.25,21752.95,21730.15,21739.95,1929,180,0
2025-05-29 12:30:00+03:00,21739.85,21763.45,21733.55,21750.05,1984,190,0
2025-05-29 12:45:00+03:00,21750.35,21765.85,21731.55,21732.85,1962,190,0
2025-05-29 13:00:00+03:00,21732.75,21735.35,21695.25,21698.85,2654,210,0
2025-05-29 13:15:00+03:00,21698.75,21702.05,21676.25,21680.75,2603,210,0
2025-05-29 13:30:00+03:00,21680.05,21699.55,21679.05,21682.35,2122,200,0
2025-05-29 13:45:00+03:00,21682.55,21687.15,21658.15,21682.75,2420,200,0
2025-05-29 14:00:00+03:00,21683.15,21686.85,21665.65,21676.35,2383,200,0
2025-05-29 14:15:00+03:00,21677.65,21681.35,21626.05,21631.75,2274,180,0
2025-05-29 14:30:00+03:00,21632.25,21651.35,21621.25,21647.65,2820,210,0
2025-05-29 14:45:00+03:00,21647.35,21649.85,21596.25,21602.85,2899,210,0
2025-05-29 15:00:00+03:00,21602.25,21636.35,21568.25,21596.15,3686,210,0
2025-05-29 15:15:00+03:00,21596.25,21613.55,21574.85,21605.01,3041,210,0
2025-05-29 15:30:00+03:00,21604.8,21634.15,21576.05,21587.15,3614,210,0
2025-05-29 15:45:00+03:00,21587.65,21614.55,21587.25,21592.05,2878,210,0
2025-05-29 16:00:00+03:00,21592.25,21618.65,21587.55,21617.25,3037,210,0
2025-05-29 16:15:00+03:00,21617.25,21640.25,21609.85,21621.05,3378,200,0
2025-05-29 16:30:00+03:00,21619.85,21626.85,21471.05,21474.25,4764,110,0
2025-05-29 16:45:00+03:00,21472.95,21504.95,21434.25,21466.35,4588,120,0
2025-05-29 17:00:00+03:00,21466.05,21481.05,21344.45,21385.95,4620,120,0
2025-05-29 17:15:00+03:00,21384.45,21413.85,21328.95,21407.55,4544,120,0
2025-05-29 17:30:00+03:00,21408.25,21426.75,21382.35,21408.05,4492,120,0
2025-05-29 17:45:00+03:00,21408.55,21469.85,21402.15,21464.35,4319,110,0
2025-05-29 18:00:00+03:00,21464.35,21467.35,21408.15,21410.15,4321,100,0
2025-05-29 18:15:00+03:00,21410.15,21458.55,21406.25,21449.45,4238,110,0
2025-05-29 18:30:00+03:00,21447.75,21452.95,21373.75,21391.45,4330,110,0
2025-05-29 18:45:00+03:00,21391.15,21407.05,21274.45,21296.95,4386,100,0
2025-05-29 19:00:00+03:00,21297.15,21356.65,21250.05,21354.55,4547,120,0
2025-05-29 19:15:00+03:00,21354.75,21385.95,21354.55,21374.25,4167,120,0
2025-05-29 19:30:00+03:00,21374.45,21403.95,21372.65,21397.55,4068,110,0
2025-05-29 19:45:00+03:00,21397.75,21419.45,21374.75,21405.25,4093,90,0
2025-05-29 20:00:00+03:00,21404.25,21430.75,21387.95,21396.75,4044,100,0
2025-05-29 20:15:00+03:00,21397.25,21400.15,21357.25,21363.95,4170,100,0
2025-05-29 20:30:00+03:00,21364.15,21385.05,21349.05,21355.95,4026,110,0
2025-05-29 20:45:00+03:00,21356.05,21366.25,21316.55,21320.45,4173,120,0
2025-05-29 21:00:00+03:00,21320.75,21353.25,21318.25,21343.05,4130,120,0
2025-05-29 21:15:00+03:00,21344.95,21348.85,21265.75,21278.65,4266,110,0
2025-05-29 21:30:00+03:00,21278.65,21337.25,21278.65,21328.85,4058,90,0
2025-05-29 21:45:00+03:00,21328.55,21346.95,21296.45,21310.65,3838,80,0
2025-05-29 22:00:00+03:00,21310.75,21336.45,21290.15,21295.25,4083,110,0
2025-05-29 22:15:00+03:00,21295.25,21356.35,21290.05,21318.85,4059,100,0
2025-05-29 22:30:00+03:00,21318.45,21346.05,21318.45,21334.75,3919,100,0
2025-05-29 22:45:00+03:00,21334.95,21394.55,21321.45,21359.45,4301,100,0
2025-05-29 23:00:00+03:00,21359.15,21375.16,21317.16,21327.96,3136,120,0
2025-05-29 23:15:00+03:00,21330.66,21356.76,21330.66,21355.16,1541,208,0
2025-05-29 23:30:00+03:00,21355.16,21364.76,21342.86,21344.76,1235,188,0
2025-05-29 23:45:00+03:00,21345.06,21346.06,21334.76,21334.86,513,198,0
2025-05-30 01:00:00+03:00,21317.75,21342.65,21300.65,21330.55,1167,200,0
2025-05-30 01:15:00+03:00,21330.35,21331.85,21295.55,21297.05,1500,190,0
2025-05-30 01:30:00+03:00,21297.15,21316.25,21289.45,21290.45,1440,190,0
2025-05-30 01:45:00+03:00,21290.05,21302.65,21283.45,21301.15,1311,180,0
2025-05-30 02:00:00+03:00,21301.15,21311.75,21293.05,21306.95,1177,170,0
2025-05-30 02:15:00+03:00,21306.95,21317.05,21298.65,21308.85,1010,170,0
2025-05-30 02:30:00+03:00,21309.35,21315.05,21273.95,21279.25,1157,190,0
2025-05-30 02:45:00+03:00,21279.45,21279.75,21263.25,21264.65,1844,210,0
2025-05-30 03:00:00+03:00,21264.75,21291.65,21263.45,21286.45,2219,200,0
2025-05-30 03:15:00+03:00,21286.35,21300.45,21278.05,21292.15,1920,190,0
2025-05-30 03:30:00+03:00,21291.75,21302.45,21278.25,21302.45,1538,190,0
2025-05-30 03:45:00+03:00,21302.25,21304.45,21278.45,21289.55,1812,200,0
2025-05-30 04:00:00+03:00,21289.55,21296.55,21216.75,21265.95,2552,190,0
2025-05-30 04:15:00+03:00,21265.45,21275.35,21228.65,21273.95,2404,200,0
2025-05-30 04:30:00+03:00,21274.45,21289.05,21262.25,21287.05,1932,190,0
2025-05-30 04:45:00+03:00,21286.95,21292.55,21277.15,21290.85,1462,180,0
2025-05-30 05:00:00+03:00,21291.15,21300.75,21281.95,21290.35,1659,180,0
2025-05-30 05:15:00+03:00,21290.25,21298.15,21284.45,21287.05,1152,170,0
2025-05-30 05:30:00+03:00,21286.85,21307.25,21286.85,21305.35,1171,180,0
2025-05-30 05:45:00+03:00,21305.05,21310.55,21295.65,21307.85,893,160,0
2025-05-30 06:00:00+03:00,21307.75,21312.75,21298.95,21306.85,1039,170,0
2025-05-30 06:15:00+03:00,21306.95,21307.65,21282.55,21286.55,1312,170,0
2025-05-30 06:30:00+03:00,21286.55,21296.05,21284.05,21290.75,1114,170,0
2025-05-30 06:45:00+03:00,21290.65,21296.75,21285.25,21294.35,825,160,0
2025-05-30 07:00:00+03:00,21294.05,21301.85,21286.95,21301.35,903,170,0
2025-05-30 07:15:00+03:00,21301.15,21305.95,21295.35,21297.15,792,150,0
2025-05-30 07:30:00+03:00,21297.05,21299.25,21281.85,21282.95,753,150,0
2025-05-30 07:45:00+03:00,21283.35,21300.65,21281.15,21299.25,743,150,0
2025-05-30 08:00:00+03:00,21299.25,21316.85,21297.65,21314.65,1141,170,0
2025-05-30 08:15:00+03:00,21314.75,21331.35,21308.65,21325.25,1206,170,0
2025-05-30 08:30:00+03:00,21325.35,21361.95,21323.45,21361.95,1495,180,0
2025-05-30 08:45:00+03:00,21361.55,21361.55,21333.85,21336.85,1474,190,0
2025-05-30 09:00:00+03:00,21336.45,21347.55,21322.05,21336.55,1932,190,0
2025-05-30 09:15:00+03:00,21336.65,21343.85,21302.95,21306.85,2016,200,0
2025-05-30 09:30:00+03:00,21306.75,21313.45,21287.45,21288.35,2114,210,0
2025-05-30 09:45:00+03:00,21288.35,21302.45,21283.55,21286.65,1741,200,0
2025-05-30 10:00:00+03:00,21287.05,21305.05,21269.35,21279.25,2945,200,0
2025-05-30 10:15:00+03:00,21279.35,21315.95,21279.35,21310.15,2333,200,0
2025-05-30 10:30:00+03:00,21310.25,21321.95,21305.35,21318.25,2040,190,0
2025-05-30 10:45:00+03:00,21318.35,21331.85,21292.85,21312.85,2210,210,0
2025-05-30 11:00:00+03:00,21310.75,21342.85,21310.45,21339.95,2547,210,0
2025-05-30 11:15:00+03:00,21340.55,21345.45,21317.25,21320.35,2040,200,0
2025-05-30 11:30:00+03:00,21321.25,21328.75,21303.55,21314.85,1841,200,0
2025-05-30 11:45:00+03:00,21314.25,21333.45,21308.65,21310.25,1726,200,0
2025-05-30 12:00:00+03:00,21310.25,21330.75,21306.65,21318.25,1726,200,0
2025-05-30 12:15:00+03:00,21318.45,21342.25,21313.55,21333.05,1596,180,0
2025-05-30 12:30:00+03:00,21333.35,21344.75,21324.35,21328.55,1579,180,0
2025-05-30 12:45:00+03:00,21328.65,21336.35,21311.45,21313.55,1592,180,0
2025-05-30 13:00:00+03:00,21313.65,21333.45,21301.25,21303.25,1867,180,0
2025-05-30 13:15:00+03:00,21303.05,21328.35,21300.85,21328.15,1479,180,0
2025-05-30 13:30:00+03:00,21327.95,21339.55,21327.25,21330.85,1330,180,0
2025-05-30 13:45:00+03:00,21330.65,21338.65,21319.55,21334.45,1399,180,0
2025-05-30 14:00:00+03:00,21334.65,21370.95,21326.55,21359.35,1860,190,0
2025-05-30 14:15:00+03:00,21359.85,21364.15,21344.65,21345.65,1458,180,0
2025-05-30 14:30:00+03:00,21345.35,21352.05,21338.25,21340.75,1658,180,0
2025-05-30 14:45:00+03:00,21340.35,21354.05,21334.15,21337.55,1783,190,0
2025-05-30 15:00:00+03:00,21337.85,21370.05,21176.95,21232.25,3311,200,0
2025-05-30 15:15:00+03:00,21231.05,21281.85,21223.95,21243.2,4169,210,0
2025-05-30 15:30:00+03:00,21243.04,21320.45,21240.34,21307.25,3946,210,0
2025-05-30 15:45:00+03:00,21307.35,21317.75,21283.75,21284.85,3258,210,0
2025-05-30 16:00:00+03:00,21285.05,21303.55,21268.95,21276.05,3285,210,0
2025-05-30 16:15:00+03:00,21275.85,21333.35,21275.85,21331.95,3465,210,0
2025-05-30 16:30:00+03:00,21336.55,21339.65,21246.05,21251.95,4665,120,0
2025-05-30 16:45:00+03:00,21250.65,21277.55,21185.55,21208.95,4525,120,0
2025-05-30 17:00:00+03:00,21209.55,21333.75,21209.55,21319.65,4374,120,0
2025-05-30 17:15:00+03:00,21319.95,21342.15,21306.45,21334.65,4247,120,0
2025-05-30 17:30:00+03:00,21333.15,21349.45,21309.75,21320.55,4263,110,0
2025-05-30 17:45:00+03:00,21320.65,21338.15,21296.45,21305.25,4349,120,0
2025-05-30 18:00:00+03:00,21305.15,21324.75,21285.65,21297.15,4194,120,0
2025-05-30 18:15:00+03:00,21297.45,21327.75,21269.15,21319.85,4285,100,0
2025-05-30 18:30:00+03:00,21316.35,21331.15,21241.35,21254.25,4433,110,0
2025-05-30 18:45:00+03:00,21252.35,21299.75,21244.95,21275.65,4217,110,0
2025-05-30 19:00:00+03:00,21275.85,21289.05,21249.15,21276.65,4149,110,0
2025-05-30 19:15:00+03:00,21276.45,21280.75,21113.15,21127.45,4379,110,0
2025-05-30 19:30:00+03:00,21126.35,21130.75,21032.15,21084.75,4696,120,0
2025-05-30 19:45:00+03:00,21085.85,21093.65,21026.55,21067.65,4527,120,0
2025-05-30 20:00:00+03:00,21067.45,21145.35,21047.65,21119.45,4419,120,0
2025-05-30 20:15:00+03:00,21119.45,21136.85,21097.45,21130.95,4257,120,0
2025-05-30 20:30:00+03:00,21131.25,21162.55,21122.55,21134.55,4133,100,0
2025-05-30 20:45:00+03:00,21134.65,21169.55,21119.45,21132.25,4121,100,0
2025-05-30 21:00:00+03:00,21131.85,21199.05,21131.05,21192.05,4134,110,0
2025-05-30 21:15:00+03:00,21192.55,21253.75,21184.05,21236.25,4258,100,0
2025-05-30 21:30:00+03:00,21236.55,21250.45,21217.35,21225.15,4034,90,0
2025-05-30 21:45:00+03:00,21225.35,21263.05,21222.25,21256.65,4006,90,0
2025-05-30 22:00:00+03:00,21257.15,21313.05,21252.35,21297.35,4243,100,0
2025-05-30 22:15:00+03:00,21297.55,21353.35,21296.45,21342.95,4209,110,0
2025-05-30 22:30:00+03:00,21343.45,21363.05,21304.95,21322.75,4327,120,0
2025-05-30 22:45:00+03:00,21323.05,21389.05,21301.95,21327.05,4531,120,0
2025-05-30 23:00:00+03:00,21322.55,21361.16,21286.06,21328.16,4122,120,0
2025-05-30 23:15:00+03:00,21328.16,21338.76,21309.66,21317.46,2285,218,0
2025-05-30 23:30:00+03:00,21316.26,21322.86,21312.86,21316.96,1445,188,0
2025-05-30 23:45:00+03:00,21316.46,21316.66,21306.56,21308.26,519,188,0
2025-06-02 01:00:00+03:00,21279.75,21305.85,21258.85,21299.05,1364,210,0
2025-06-02 01:15:00+03:00,21299.65,21304.05,21260.25,21272.95,1562,180,0
2025-06-02 01:30:00+03:00,21273.35,21286.45,21271.65,21276.35,1131,170,0
2025-06-02 01:45:00+03:00,21276.55,21284.65,21262.75,21271.65,1139,180,0
2025-06-02 02:00:00+03:00,21272.25,21272.25,21254.15,21261.25,1157,180,0
2025-06-02 02:15:00+03:00,21261.15,21268.75,21250.15,21251.65,1274,180,0
2025-06-02 02:30:00+03:00,21250.35,21272.45,21235.05,21269.35,1523,190,0
2025-06-02 02:45:00+03:00,21269.45,21271.05,21252.65,21261.65,830,170,0
2025-06-02 03:00:00+03:00,21262.25,21277.05,21253.65,21275.65,1469,190,0
2025-06-02 03:15:00+03:00,21275.55,21283.45,21254.55,21255.85,1507,200,0
2025-06-02 03:30:00+03:00,21255.95,21260.25,21242.85,21254.75,1795,200,0
2025-06-02 03:45:00+03:00,21255.05,21264.95,21243.65,21252.25,1597,190,0
2025-06-02 04:00:00+03:00,21253.25,21266.15,21246.05,21263.05,1676,180,0
2025-06-02 04:15:00+03:00,21263.15,21271.25,21254.35,21254.85,1535,180,0
2025-06-02 04:30:00+03:00,21254.95,21257.35,21225.75,21230.55,1979,190,0
2025-06-02 04:45:00+03:00,21231.25,21243.15,21228.15,21236.45,1666,180,0
2025-06-02 05:00:00+03:00,21236.45,21242.25,21218.35,21219.35,1852,190,0
2025-06-02 05:15:00+03:00,21219.15,21233.45,21214.45,21225.75,1492,180,0
2025-06-02 05:30:00+03:00,21224.95,21236.45,21224.35,21234.35,1084,170,0
2025-06-02 05:45:00+03:00,21234.45,21239.95,21219.95,21221.65,1190,160,0
2025-06-02 06:00:00+03:00,21221.55,21222.95,21194.75,21202.75,1847,180,0
2025-06-02 06:15:00+03:00,21201.55,21215.85,21195.05,21201.05,1489,180,0
2025-06-02 06:30:00+03:00,21201.15,21206.75,21196.75,21198.45,1164,160,0
2025-06-02 06:45:00+03:00,21198.25,21201.25,21185.95,21188.95,1328,160,0
2025-06-02 07:00:00+03:00,21188.65,21200.25,21185.15,21199.75,1069,160,0
2025-06-02 07:15:00+03:00,21200.85,21212.05,21198.05,21207.35,855,150,0
2025-06-02 07:30:00+03:00,21207.15,21210.15,21196.85,21202.15,859,150,0
2025-06-02 07:45:00+03:00,21201.85,21203.75,21176.55,21193.55,1162,150,0
2025-06-02 08:00:00+03:00,21193.45,21208.25,21191.25,21202.95,1229,170,0
2025-06-02 08:15:00+03:00,21202.75,21203.55,21186.75,21188.15,1189,170,0
2025-06-02 08:30:00+03:00,21188.15,21193.95,21170.75,21190.15,1513,180,0
2025-06-02 08:45:00+03:00,21190.25,21194.45,21179.75,21188.35,1173,170,0
2025-06-02 09:00:00+03:00,21188.05,21188.75,21159.05,21160.65,1733,180,0
2025-06-02 09:15:00+03:00,21160.55,21190.15,21155.85,21185.35,1878,200,0
2025-06-02 09:30:00+03:00,21185.15,21203.15,21177.55,21202.45,1791,200,0
2025-06-02 09:45:00+03:00,21202.45,21205.55,21183.05,21185.75,1564,180,0
2025-06-02 10:00:00+03:00,21184.65,21224.35,21179.05,21221.75,2998,210,0
2025-06-02 10:15:00+03:00,21221.85,21222.75,21120.65,21128.65,2888,200,0
2025-06-02 10:30:00+03:00,21129.75,21194.55,21123.35,21177.65,3100,210,0
2025-06-02 10:45:00+03:00,21175.65,21190.35,21168.25,21169.05,2759,210,0
2025-06-02 11:00:00+03:00,21167.35,21209.85,21164.65,21206.05,3248,210,0
2025-06-02 11:15:00+03:00,21205.65,21217.35,21182.05,21213.35,2540,210,0
2025-06-02 11:30:00+03:00,21213.55,21220.55,21189.75,21195.25,2147,210,0
2025-06-02 11:45:00+03:00,21196.35,21206.65,21184.05,21192.55,2063,200,0
2025-06-02 12:00:00+03:00,21192.85,21199.65,21166.25,21175.35,2306,210,0
2025-06-02 12:15:00+03:00,21175.65,21190.35,21167.85,21185.15,2063,210,0
2025-06-02 12:30:00+03:00,21185.15,21190.35,21166.05,21166.05,1865,210,0
2025-06-02 12:45:00+03:00,21167.15,21183.75,21159.05,21182.85,2203,210,0
2025-06-02 13:00:00+03:00,21182.85,21206.75,21175.25,21197.75,2082,210,0
2025-06-02 13:15:00+03:00,21198.05,21198.75,21172.25,21184.15,1971,200,0
2025-06-02 13:30:00+03:00,21184.15,21203.05,21177.45,21192.35,1707,200,0
2025-06-02 13:45:00+03:00,21192.65,21210.55,21189.55,21208.05,1597,200,0
2025-06-02 14:00:00+03:00,21207.15,21242.75,21196.05,21236.35,2105,190,0
2025-06-02 14:15:00+03:00,21235.85,21238.35,21222.35,21228.05,1748,190,0
2025-06-02 14:30:00+03:00,21227.65,21248.35,21222.85,21225.45,2031,190,0
2025-06-02 14:45:00+03:00,21225.35,21233.85,21212.65,21213.15,1729,190,0
2025-06-02 15:00:00+03:00,21213.45,21235.85,21210.65,21234.45,1909,200,0
2025-06-02 15:15:00+03:00,21233.85,21236.85,21197.75,21209.55,2153,190,0
2025-06-02 15:30:00+03:00,21210.05,21247.35,21202.05,21246.85,2351,200,0
2025-06-02 15:45:00+03:00,21246.75,21251.55,21221.65,21242.65,2377,200,0
2025-06-02 16:00:00+03:00,21242.25,21254.55,21215.55,21226.75,2655,210,0
2025-06-02 16:15:00+03:00,21226.65,21248.75,21218.55,21244.55,2873,200,0
2025-06-02 16:30:00+03:00,21245.75,21415.75,21244.85,21380.35,4795,100,0
2025-06-02 16:45:00+03:00,21380.75,21389.35,21257.05,21271.1,4784,120,0
2025-06-02 17:00:00+03:00,21242.44,21287.45,21193.05,21268.85,4894,120,0
2025-06-02 17:15:00+03:00,21268.95,21341.95,21261.25,21337.05,4600,120,0
2025-06-02 17:30:00+03:00,21336.75,21376.25,21307.25,21324.75,4517,120,0
2025-06-02 17:45:00+03:00,21325.05,21362.35,21315.75,21355.25,4352,120,0
2025-06-02 18:00:00+03:00,21354.25,21373.55,21313.45,21355.75,4357,120,0
2025-06-02 18:15:00+03:00,21355.45,21358.95,21318.25,21328.05,4254,110,0
2025-06-02 18:30:00+03:00,21328.15,21359.15,21314.05,21355.55,4207,90,0
2025-06-02 18:45:00+03:00,21355.35,21402.15,21350.75,21392.45,4122,90,0
2025-06-02 19:00:00+03:00,21392.15,21396.55,21367.35,21390.45,4040,90,0
2025-06-02 19:15:00+03:00,21389.75,21399.25,21367.05,21379.85,3961,80,0
2025-06-02 19:30:00+03:00,21379.65,21395.95,21359.65,21364.55,3797,80,0
2025-06-02 19:45:00+03:00,21364.45,21412.45,21363.15,21404.15,3786,80,0
2025-06-02 20:00:00+03:00,21404.25,21432.05,21402.15,21409.05,3730,80,0
2025-06-02 20:15:00+03:00,21408.75,21421.55,21398.85,21406.15,3856,80,0
2025-06-02 20:30:00+03:00,21405.95,21419.15,21395.85,21400.15,3842,80,0
2025-06-02 20:45:00+03:00,21400.45,21409.55,21383.65,21403.55,3630,80,0
2025-06-02 21:00:00+03:00,21403.65,21424.95,21385.25,21419.65,3783,80,0
2025-06-02 21:15:00+03:00,21420.25,21469.05,21419.75,21466.25,3954,80,0
2025-06-02 21:30:00+03:00,21466.55,21472.65,21448.75,21462.65,3417,80,0
2025-06-02 21:45:00+03:00,21462.55,21482.95,21453.15,21475.25,3233,80,0
2025-06-02 22:00:00+03:00,21475.45,21487.55,21470.25,21474.95,3283,80,0
2025-06-02 22:15:00+03:00,21474.75,21501.25,21464.05,21489.75,3343,80,0
2025-06-02 22:30:00+03:00,21490.25,21490.25,21462.55,21469.25,3419,80,0
2025-06-02 22:45:00+03:00,21468.45,21497.45,21453.95,21491.55,3978,80,0
2025-06-02 23:00:00+03:00,21491.55,21516.36,21485.06,21516.26,2995,120,0
2025-06-02 23:15:00+03:00,21517.36,21533.36,21515.56,21522.76,1620,188,0
2025-06-02 23:30:00+03:00,21522.46,21522.76,21507.26,21515.76,1153,168,0
2025-06-02 23:45:00+03:00,21516.06,21516.76,21510.96,21514.86,401,178,0
2025-06-03 01:00:00+03:00,21495.75,21502.85,21492.65,21493.85,398,160,0
2025-06-03 01:15:00+03:00,21493.15,21502.75,21475.55,21480.05,683,160,0
2025-06-03 01:30:00+03:00,21479.65,21487.35,21477.55,21483.25,630,160,0
2025-06-03 01:45:00+03:00,21483.35,21486.15,21478.85,21479.35,575,150,0
2025-06-03 02:00:00+03:00,21479.45,21495.05,21473.55,21484.45,1195,150,0
2025-06-03 02:15:00+03:00,21484.75,21503.65,21427.25,21502.45,1591,190,0
2025-06-03 02:30:00+03:00,21503.15,21504.55,21463.05,21478.15,1588,190,0
2025-06-03 02:45:00+03:00,21478.15,21482.55,21450.45,21454.65,1520,180,0
2025-06-03 03:00:00+03:00,21456.35,21462.15,21445.15,21451.85,1839,180,0
2025-06-03 03:15:00+03:00,21451.25,21456.65,21434.25,21438.85,1052,170,0
2025-06-03 03:30:00+03:00,21439.05,21452.15,21436.25,21448.95,1229,180,0
2025-06-03 03:45:00+03:00,21449.35,21449.95,21436.65,21443.65,1016,160,0
2025-06-03 04:00:00+03:00,21443.95,21450.65,21437.15,21450.05,1262,170,0
2025-06-03 04:15:00+03:00,21449.75,21460.05,21444.15,21455.85,1228,170,0
2025-06-03 04:30:00+03:00,21455.45,21457.25,21439.85,21456.95,1534,170,0
2025-06-03 04:45:00+03:00,21456.95,21456.95,21443.85,21446.85,1249,170,0
2025-06-03 05:00:00+03:00,21446.85,21450.65,21428.85,21430.85,1113,160,0
2025-06-03 05:15:00+03:00,21430.85,21431.65,21412.55,21416.15,1382,170,0
2025-06-03 05:30:00+03:00,21415.75,21434.75,21403.15,21427.55,1641,180,0
2025-06-03 05:45:00+03:00,21427.65,21429.65,21419.85,21427.95,756,150,0
2025-06-03 06:00:00+03:00,21427.65,21427.65,21417.65,21418.85,773,150,0
2025-06-03 06:15:00+03:00,21418.85,21422.95,21398.25,21400.85,920,150,0
2025-06-03 06:30:00+03:00,21400.75,21424.85,21397.35,21423.65,1230,180,0
2025-06-03 06:45:00+03:00,21423.45,21427.65,21411.15,21421.55,830,150,0
2025-06-03 07:00:00+03:00,21421.55,21423.25,21415.25,21418.45,689,150,0
2025-06-03 07:15:00+03:00,21418.35,21420.05,21406.55,21408.75,614,150,0
2025-06-03 07:30:00+03:00,21408.55,21412.45,21404.95,21410.45,595,150,0
2025-06-03 07:45:00+03:00,21410.35,21417.55,21405.55,21413.25,710,150,0
2025-06-03 08:00:00+03:00,21413.45,21429.45,21411.85,21423.05,995,160,0
2025-06-03 08:15:00+03:00,21423.05,21426.75,21416.45,21417.95,829,150,0
2025-06-03 08:30:00+03:00,21418.25,21431.75,21413.55,21414.65,913,160,0
2025-06-03 08:45:00+03:00,21414.55,21425.65,21413.25,21424.75,842,160,0
2025-06-03 09:00:00+03:00,21424.45,21428.05,21399.55,21407.65,1457,170,0
2025-06-03 09:15:00+03:00,21407.75,21423.75,21400.75,21408.95,1238,160,0
2025-06-03 09:30:00+03:00,21409.45,21426.65,21406.45,21423.75,1020,160,0
2025-06-03 09:45:00+03:00,21423.85,21436.65,21423.85,21429.35,1134,170,0
2025-06-03 10:00:00+03:00,21429.45,21440.55,21419.85,21429.65,2044,170,0
2025-06-03 10:15:00+03:00,21429.65,21432.85,21364.25,21373.15,3037,190,0
2025-06-03 10:30:00+03:00,21374.05,21413.15,21373.65,21385.95,2884,210,0
2025-06-03 10:45:00+03:00,21386.75,21401.25,21384.75,21399.05,2084,200,0
2025-06-03 11:00:00+03:00,21398.95,21404.25,21367.45,21378.15,2536,200,0
2025-06-03 11:15:00+03:00,21378.25,21384.45,21359.15,21375.15,2457,210,0
2025-06-03 11:30:00+03:00,21375.05,21404.25,21373.75,21402.95,2091,190,0
2025-06-03 11:45:00+03:00,21403.25,21408.25,21392.35,21403.95,1484,170,0
2025-06-03 12:00:00+03:00,21403.65,21415.15,21395.95,21412.25,1636,170,0
2025-06-03 12:15:00+03:00,21412.25,21415.25,21391.05,21404.15,1527,180,0
2025-06-03 12:30:00+03:00,21404.15,21425.05,21398.15,21421.25,1463,190,0
2025-06-03 12:45:00+03:00,21421.75,21423.85,21402.95,21410.55,1628,190,0
2025-06-03 13:00:00+03:00,21410.75,21423.45,21398.05,21403.95,1757,200,0
2025-06-03 13:15:00+03:00,21403.85,21417.45,21400.75,21416.95,1445,180,0
2025-06-03 13:30:00+03:00,21416.95,21436.35,21416.05,21434.65,1689,180,0
2025-06-03 13:45:00+03:00,21434.45,21454.25,21419.85,21454.25,1683,180,0
2025-06-03 14:00:00+03:00,21454.05,21469.15,21444.05,21464.85,2103,200,0
2025-06-03 14:15:00+03:00,21464.85,21473.55,21458.75,21473.35,1540,180,0
2025-06-03 14:30:00+03:00,21473.35,21494.45,21463.85,21485.55,1936,190,0
2025-06-03 14:45:00+03:00,21485.75,21491.45,21470.25,21486.85,1746,190,0
2025-06-03 15:00:00+03:00,21488.25,21499.45,21471.95,21484.85,2000,190,0
2025-06-03 15:15:00+03:00,21484.85,21502.55,21472.15,21499.75,2315,190,0
2025-06-03 15:30:00+03:00,21499.65,21501.15,21466.75,21469.05,2321,200,0
2025-06-03 15:45:00+03:00,21468.85,21495.95,21463.05,21494.25,2535,200,0
2025-06-03 16:00:00+03:00,21493.85,21505.95,21483.25,21494.65,2352,180,0
2025-06-03 16:15:00+03:00,21494.85,21514.05,21493.25,21503.75,2538,180,0
2025-06-03 16:30:00+03:00,21505.65,21554.85,21470.85,21523.75,4761,90,0
2025-06-03 16:45:00+03:00,21522.25,21565.45,21518.35,21551.6,4612,120,0
2025-06-03 17:00:00+03:00,21558.74,21597.95,21517.75,21565.95,4570,120,0
2025-06-03 17:15:00+03:00,21565.75,21588.35,21557.85,21581.35,4422,120,0
2025-06-03 17:30:00+03:00,21579.65,21580.85,21544.65,21572.35,4318,90,0
2025-06-03 17:45:00+03:00,21572.55,21622.85,21570.25,21621.05,3920,80,0
2025-06-03 18:00:00+03:00,21621.05,21636.55,21612.85,21623.15,3851,80,0
2025-06-03 18:15:00+03:00,21622.95,21646.15,21616.05,21632.15,3568,80,0
2025-06-03 18:30:00+03:00,21631.35,21642.65,21620.35,21637.75,3523,80,0
2025-06-03 18:45:00+03:00,21637.85,21646.65,21614.25,21643.45,3573,80,0
2025-06-03 19:00:00+03:00,21643.35,21652.15,21635.15,21649.15,3362,80,0
2025-06-03 19:15:00+03:00,21649.45,21672.35,21648.65,21668.15,3299,80,0
2025-06-03 19:30:00+03:00,21667.65,21704.35,21665.65,21694.75,3350,80,0
2025-06-03 19:45:00+03:00,21694.35,21706.35,21689.15,21696.85,3035,80,0
2025-06-03 20:00:00+03:00,21697.65,21702.95,21690.65,21700.15,3045,80,0
2025-06-03 20:15:00+03:00,21699.85,21718.35,21699.35,21703.65,2939,80,0
2025-06-03 20:30:00+03:00,21703.65,21707.65,21686.65,21693.85,3310,80,0
2025-06-03 20:45:00+03:00,21694.35,21700.35,21675.15,21676.85,3580,80,0
2025-06-03 21:00:00+03:00,21676.65,21680.15,21595.55,21611.95,4345,80,0
2025-06-03 21:15:00+03:00,21611.45,21660.85,21599.85,21659.45,3965,80,0
2025-06-03 21:30:00+03:00,21659.35,21669.05,21648.55,21668.05,3494,80,0
2025-06-03 21:45:00+03:00,21668.05,21673.85,21651.05,21671.15,3398,80,0
2025-06-03 22:00:00+03:00,21671.05,21679.05,21651.95,21660.15,3547,80,0
2025-06-03 22:15:00+03:00,21659.25,21676.35,21657.55,21673.55,3413,80,0
2025-06-03 22:30:00+03:00,21673.55,21675.35,21642.95,21648.55,3623,80,0
2025-06-03 22:45:00+03:00,21648.05,21685.45,21625.75,21664.65,4187,80,0
2025-06-03 23:00:00+03:00,21664.76,21664.76,21626.06,21640.16,2662,138,0
2025-06-03 23:15:00+03:00,21640.66,21641.46,21626.66,21631.36,1062,168,0
2025-06-03 23:30:00+03:00,21630.86,21665.76,21628.16,21661.56,1171,168,0
2025-06-03 23:45:00+03:00,21661.76,21662.06,21652.26,21652.26,399,188,0
2025-06-04 01:00:00+03:00,21654.85,21668.15,21652.05,21662.45,466,180,0
2025-06-04 01:15:00+03:00,21662.45,21676.55,21657.05,21673.65,573,150,0
2025-06-04 01:30:00+03:00,21674.05,21681.85,21669.35,21673.95,1037,150,0
2025-06-04 01:45:00+03:00,21674.45,21678.35,21668.45,21670.05,741,150,0
2025-06-04 02:00:00+03:00,21669.95,21679.65,21653.45,21673.15,1219,170,0
2025-06-04 02:15:00+03:00,21672.95,21679.55,21666.15,21674.15,682,150,0
2025-06-04 02:30:00+03:00,21674.15,21678.95,21659.45,21664.95,1010,160,0
2025-06-04 02:45:00+03:00,21664.75,21673.65,21654.65,21666.15,1269,170,0
2025-06-04 03:00:00+03:00,21666.25,21687.15,21652.35,21658.55,2262,180,0
2025-06-04 03:15:00+03:00,21658.75,21666.65,21656.65,21663.65,1474,180,0
2025-06-04 03:30:00+03:00,21663.45,21674.25,21658.65,21670.85,1367,180,0
2025-06-04 03:45:00+03:00,21670.95,21677.25,21658.65,21660.45,1246,170,0
2025-06-04 04:00:00+03:00,21660.45,21671.35,21658.45,21669.05,1398,170,0
2025-06-04 04:15:00+03:00,21669.35,21671.45,21660.85,21667.35,1227,170,0
2025-06-04 04:30:00+03:00,21668.15,21668.65,21654.25,21658.75,1701,180,0
2025-06-04 04:45:00+03:00,21658.95,21664.95,21632.85,21642.15,1719,180,0
2025-06-04 05:00:00+03:00,21642.95,21644.15,21628.85,21634.05,1485,170,0
2025-06-04 05:15:00+03:00,21633.05,21638.35,21628.25,21637.35,1038,160,0
2025-06-04 05:30:00+03:00,21637.75,21645.35,21632.45,21643.55,959,160,0
2025-06-04 05:45:00+03:00,21643.75,21646.55,21633.95,21634.45,798,150,0
2025-06-04 06:00:00+03:00,21634.15,21642.15,21632.95,21640.15,732,150,0
2025-06-04 06:15:00+03:00,21639.85,21644.35,21633.75,21636.35,737,150,0
2025-06-04 06:30:00+03:00,21636.65,21639.85,21631.35,21636.95,810,150,0
2025-06-04 06:45:00+03:00,21637.35,21641.45,21636.15,21640.65,525,150,0
2025-06-04 07:00:00+03:00,21640.55,21655.15,21634.25,21655.15,841,150,0
2025-06-04 07:15:00+03:00,21655.25,21657.05,21649.85,21651.65,625,150,0
2025-06-04 07:30:00+03:00,21651.95,21652.45,21640.55,21643.45,592,150,0
2025-06-04 07:45:00+03:00,21644.05,21647.45,21638.45,21638.85,479,150,0
2025-06-04 08:00:00+03:00,21638.85,21647.75,21634.85,21646.35,817,150,0
2025-06-04 08:15:00+03:00,21646.55,21651.75,21637.85,21651.15,716,150,0
2025-06-04 08:30:00+03:00,21651.15,21656.15,21646.85,21648.05,994,150,0
2025-06-04 08:45:00+03:00,21647.95,21656.65,21645.45,21655.65,769,150,0
2025-06-04 09:00:00+03:00,21655.65,21674.95,21655.65,21671.55,1447,150,0
2025-06-04 09:15:00+03:00,21671.65,21672.55,21647.35,21650.45,1564,170,0
2025-06-04 09:30:00+03:00,21651.35,21657.55,21641.25,21649.35,1128,180,0
2025-06-04 09:45:00+03:00,21649.25,21662.85,21645.05,21651.75,1290,160,0
2025-06-04 10:00:00+03:00,21652.55,21659.85,21635.35,21642.65,2378,180,0
2025-06-04 10:15:00+03:00,21640.65,21657.75,21637.45,21657.65,1937,190,0
2025-06-04 10:30:00+03:00,21657.75,21666.15,21653.25,21656.95,1438,170,0
2025-06-04 10:45:00+03:00,21657.25,21682.95,21654.35,21681.85,1415,170,0
2025-06-04 11:00:00+03:00,21681.85,21707.15,21678.15,21706.45,2308,200,0
2025-06-04 11:15:00+03:00,21706.45,21709.15,21687.75,21690.05,1864,180,0
2025-06-04 11:30:00+03:00,21689.75,21701.35,21686.45,21693.45,1671,180,0
2025-06-04 11:45:00+03:00,21694.25,21697.25,21676.05,21678.25,1598,170,0
2025-06-04 12:00:00+03:00,21678.75,21694.05,21678.05,21686.65,1665,170,0
2025-06-04 12:15:00+03:00,21686.35,21695.95,21681.85,21692.05,1412,160,0
2025-06-04 12:30:00+03:00,21692.05,21705.45,21685.75,21704.65,1352,170,0
2025-06-04 12:45:00+03:00,21704.85,21706.45,21694.25,21697.45,1406,160,0
2025-06-04 13:00:00+03:00,21697.55,21719.65,21693.45,21710.95,1719,170,0
2025-06-04 13:15:00+03:00,21710.55,21714.25,21681.05,21689.45,1831,180,0
2025-06-04 13:30:00+03:00,21689.65,21693.35,21680.95,21691.85,1381,160,0
2025-06-04 13:45:00+03:00,21691.85,21712.15,21690.55,21710.95,1492,160,0
2025-06-04 14:00:00+03:00,21709.95,21712.65,21697.45,21703.25,1749,180,0
2025-06-04 14:15:00+03:00,21702.95,21705.15,21689.05,21692.55,1325,170,0
2025-06-04 14:30:00+03:00,21692.65,21705.05,21688.45,21704.75,1313,170,0
2025-06-04 14:45:00+03:00,21704.55,21716.75,21704.35,21708.35,1474,150,0
2025-06-04 15:00:00+03:00,21709.15,21727.65,21708.35,21719.0,1811,160,0
2025-06-04 15:15:00+03:00,21718.84,21719.04,21616.55,21640.85,4015,210,0
2025-06-04 15:30:00+03:00,21640.35,21668.05,21638.35,21645.15,3288,210,0
2025-06-04 15:45:00+03:00,21645.35,21672.65,21645.25,21669.85,2619,210,0
2025-06-04 16:00:00+03:00,21669.85,21676.25,21660.35,21672.55,2554,190,0
2025-06-04 16:15:00+03:00,21672.55,21693.05,21665.15,21686.35,3045,190,0
2025-06-04 16:30:00+03:00,21689.75,21754.25,21678.65,21719.95,4674,90,0
2025-06-04 16:45:00+03:00,21720.45,21747.35,21696.05,21713.3,4530,120,0
2025-06-04 17:00:00+03:00,21712.6,21712.6,21602.55,21673.05,4733,120,0
2025-06-04 17:15:00+03:00,21672.85,21707.25,21658.05,21705.05,4580,110,0
2025-06-04 17:30:00+03:00,21704.25,21719.35,21673.85,21688.75,4399,90,0
2025-06-04 17:45:00+03:00,21688.05,21726.55,21669.75,21724.15,4291,80,0
2025-06-04 18:00:00+03:00,21724.65,21747.65,21718.95,21735.25,3855,80,0
2025-06-04 18:15:00+03:00,21736.15,21742.85,21716.85,21717.75,4075,80,0
2025-06-04 18:30:00+03:00,21717.95,21737.15,21695.15,21703.65,4012,80,0
2025-06-04 18:45:00+03:00,21701.65,21729.25,21700.05,21714.95,4117,90,0
2025-06-04 19:00:00+03:00,21715.25,21717.05,21667.15,21670.65,4088,90,0
2025-06-04 19:15:00+03:00,21671.95,21701.65,21669.35,21680.75,3803,80,0
2025-06-04 19:30:00+03:00,21680.55,21696.25,21673.75,21695.25,3796,80,0
2025-06-04 19:45:00+03:00,21695.25,21717.75,21693.35,21715.05,3170,80,0
2025-06-04 20:00:00+03:00,21715.05,21737.25,21713.75,21733.75,3083,80,0
2025-06-04 20:15:00+03:00,21733.55,21742.65,21727.15,21735.25,2765,80,0
2025-06-04 20:30:00+03:00,21735.25,21744.05,21716.05,21733.75,3267,80,0
2025-06-04 20:45:00+03:00,21733.75,21751.55,21731.05,21747.05,2720,80,0
2025-06-04 21:00:00+03:00,21746.75,21760.05,21739.55,21747.85,3157,80,0
2025-06-04 21:15:00+03:00,21748.05,21759.05,21739.05,21757.25,2924,80,0
2025-06-04 21:30:00+03:00,21757.05,21762.85,21746.25,21760.05,3024,80,0
2025-06-04 21:45:00+03:00,21760.15,21760.55,21732.85,21743.75,3169,80,0
2025-06-04 22:00:00+03:00,21744.05,21758.75,21736.55,21753.55,3240,80,0
2025-06-04 22:15:00+03:00,21752.75,21754.75,21740.15,21745.55,3060,80,0
2025-06-04 22:30:00+03:00,21745.55,21753.45,21725.05,21741.85,3400,80,0
2025-06-04 22:45:00+03:00,21741.95,21750.55,21709.45,21718.25,3892,80,0
2025-06-04 23:00:00+03:00,21718.46,21724.56,21703.36,21719.16,2611,128,0
2025-06-04 23:15:00+03:00,21719.26,21725.36,21712.86,21721.66,1176,178,0
2025-06-04 23:30:00+03:00,21721.96,21721.96,21712.46,21717.86,899,168,0
2025-06-04 23:45:00+03:00,21717.86,21724.36,21716.86,21717.96,361,168,0
2025-06-05 01:00:00+03:00,21706.35,21720.45,21703.05,21717.85,857,180,0
2025-06-05 01:15:00+03:00,21717.85,21722.05,21713.15,21720.35,798,150,0
2025-06-05 01:30:00+03:00,21720.35,21732.35,21712.25,21715.05,959,160,0
2025-06-05 01:45:00+03:00,21714.85,21716.75,21710.55,21711.85,593,150,0
2025-06-05 02:00:00+03:00,21711.85,21719.05,21703.75,21708.35,808,150,0
2025-06-05 02:15:00+03:00,21708.35,21712.25,21700.55,21705.95,737,150,0
2025-06-05 02:30:00+03:00,21706.25,21708.15,21699.85,21708.05,625,150,0
2025-06-05 02:45:00+03:00,21708.45,21712.85,21698.85,21703.05,908,150,0
2025-06-05 03:00:00+03:00,21703.75,21716.15,21699.15,21713.65,1542,160,0
2025-06-05 03:15:00+03:00,21713.45,21723.85,21712.55,21723.75,1054,160,0
2025-06-05 03:30:00+03:00,21722.95,21728.05,21717.95,21719.65,938,160,0
2025-06-05 03:45:00+03:00,21718.95,21722.35,21704.85,21706.75,1139,160,0
2025-06-05 04:00:00+03:00,21706.45,21712.75,21704.75,21706.85,1105,160,0
2025-06-05 04:15:00+03:00,21706.55,21710.45,21693.15,21700.85,1119,160,0
2025-06-05 04:30:00+03:00,21700.65,21708.45,21695.65,21703.15,1309,170,0
2025-06-05 04:45:00+03:00,21703.15,21718.75,21703.15,21717.65,1076,160,0
2025-06-05 05:00:00+03:00,21717.95,21719.95,21707.85,21709.75,1029,150,0
2025-06-05 05:15:00+03:00,21709.75,21711.75,21701.55,21701.85,898,150,0
2025-06-05 05:30:00+03:00,21702.15,21710.15,21698.25,21706.15,991,150,0
2025-06-05 05:45:00+03:00,21705.65,21709.65,21704.65,21706.25,613,150,0
2025-06-05 06:00:00+03:00,21706.35,21714.95,21703.55,21711.75,830,150,0
2025-06-05 06:15:00+03:00,21711.65,21716.55,21708.75,21714.25,689,150,0
2025-06-05 06:30:00+03:00,21714.75,21716.05,21709.65,21714.55,934,150,0
2025-06-05 06:45:00+03:00,21714.55,21715.65,21710.05,21712.15,811,150,0
2025-06-05 07:00:00+03:00,21712.05,21714.55,21707.35,21713.65,559,150,0
2025-06-05 07:15:00+03:00,21713.75,21720.65,21709.65,21712.85,755,150,0
2025-06-05 07:30:00+03:00,21713.05,21713.85,21706.55,21712.65,520,150,0
2025-06-05 07:45:00+03:00,21712.55,21712.65,21708.35,21709.85,422,150,0
2025-06-05 08:00:00+03:00,21709.85,21710.55,21686.75,21695.05,1161,150,0
2025-06-05 08:15:00+03:00,21695.15,21697.35,21691.65,21695.25,729,150,0
2025-06-05 08:30:00+03:00,21695.75,21696.05,21686.15,21695.75,845,150,0
2025-06-05 08:45:00+03:00,21695.75,21697.35,21688.75,21695.95,677,150,0
2025-06-05 09:00:00+03:00,21696.05,21696.85,21687.15,21688.85,1107,160,0
2025-06-05 09:15:00+03:00,21688.85,21702.15,21686.15,21698.65,892,150,0
2025-06-05 09:30:00+03:00,21698.95,21705.45,21691.65,21696.15,1026,150,0
2025-06-05 09:45:00+03:00,21696.05,21703.05,21692.45,21700.75,787,150,0
2025-06-05 10:00:00+03:00,21700.75,21725.05,21700.35,21724.55,1818,160,0
2025-06-05 10:15:00+03:00,21724.45,21776.45,21718.45,21773.05,2291,190,0
2025-06-05 10:30:00+03:00,21772.85,21798.05,21761.55,21791.25,2104,200,0
2025-06-05 10:45:00+03:00,21791.75,21792.45,21766.95,21773.85,2016,200,0
2025-06-05 11:00:00+03:00,21774.45,21788.55,21773.75,21779.05,2008,190,0
2025-06-05 11:15:00+03:00,21778.75,21802.85,21772.55,21794.35,1633,180,0
2025-06-05 11:30:00+03:00,21794.35,21802.05,21779.55,21781.15,1596,180,0
2025-06-05 11:45:00+03:00,21781.35,21781.65,21739.35,21750.85,2009,180,0
2025-06-05 12:00:00+03:00,21750.55,21752.35,21732.55,21732.75,1733,190,0
2025-06-05 12:15:00+03:00,21732.75,21744.85,21725.45,21735.15,1850,190,0
2025-06-05 12:30:00+03:00,21735.35,21750.35,21733.55,21748.45,1284,170,0
2025-06-05 12:45:00+03:00,21748.45,21749.05,21728.85,21737.45,1280,160,0
2025-06-05 13:00:00+03:00,21737.25,21762.15,21737.15,21755.65,1501,170,0
2025-06-05 13:15:00+03:00,21755.75,21762.45,21753.15,21753.45,1066,160,0
2025-06-05 13:30:00+03:00,21753.15,21765.45,21715.95,21716.55,1795,170,0
2025-06-05 13:45:00+03:00,21716.55,21740.75,21715.35,21738.15,1669,180,0
2025-06-05 14:00:00+03:00,21738.15,21740.95,21709.35,21709.95,2015,180,0
2025-06-05 14:15:00+03:00,21709.75,21721.25,21706.95,21711.15,1846,190,0
2025-06-05 14:30:00+03:00,21711.85,21731.05,21707.85,21717.55,1811,180,0
2025-06-05 14:45:00+03:00,21717.35,21739.25,21716.75,21729.35,1680,160,0
2025-06-05 15:00:00+03:00,21729.15,21741.95,21721.65,21740.45,1759,170,0
2025-06-05 15:15:00+03:00,21740.25,21742.05,21724.05,21725.5,1989,170,0
2025-06-05 15:30:00+03:00,21725.34,21738.35,21674.12,21725.85,3320,210,0
2025-06-05 15:45:00+03:00,21726.45,21855.95,21715.35,21762.05,4050,210,0
2025-06-05 16:00:00+03:00,21759.95,21781.45,21758.05,21772.35,3616,210,0
2025-06-05 16:15:00+03:00,21772.25,21780.95,21751.95,21773.05,3445,210,0
2025-06-05 16:30:00+03:00,21777.55,21801.05,21697.65,21740.15,4932,100,0
2025-06-05 16:45:00+03:00,21740.95,21742.65,21655.05,21685.45,4692,120,0
2025-06-05 17:00:00+03:00,21685.15,21724.25,21665.15,21686.05,4559,120,0
2025-06-05 17:15:00+03:00,21685.95,21765.25,21674.95,21763.15,4453,120,0
2025-06-05 17:30:00+03:00,21762.75,21827.25,21667.75,21792.65,4777,120,0
2025-06-05 17:45:00+03:00,21793.55,21839.25,21766.75,21819.45,4570,110,0
2025-06-05 18:00:00+03:00,21820.25,21835.25,21806.55,21832.45,4309,90,0
2025-06-05 18:15:00+03:00,21832.45,21885.65,21831.95,21881.55,4114,80,0
2025-06-05 18:30:00+03:00,21881.45,21889.95,21866.25,21879.95,3801,80,0
2025-06-05 18:45:00+03:00,21879.65,21889.45,21858.95,21881.95,3965,80,0
2025-06-05 19:00:00+03:00,21882.05,21884.35,21825.75,21828.85,4051,80,0
2025-06-05 19:15:00+03:00,21827.75,21831.75,21775.25,21822.25,4357,110,0
2025-06-05 19:30:00+03:00,21822.25,21829.25,21762.55,21762.95,4143,80,0
2025-06-05 19:45:00+03:00,21763.35,21763.55,21633.45,21648.65,4730,110,0
2025-06-05 20:00:00+03:00,21645.25,21719.85,21622.05,21718.95,4462,100,0
2025-06-05 20:15:00+03:00,21718.85,21746.95,21718.85,21734.65,4061,80,0
2025-06-05 20:30:00+03:00,21734.55,21751.25,21733.35,21742.25,3768,80,0
2025-06-05 20:45:00+03:00,21742.15,21743.15,21682.75,21690.95,4058,90,0
2025-06-05 21:00:00+03:00,21691.85,21701.25,21639.95,21645.95,4487,110,0
2025-06-05 21:15:00+03:00,21645.95,21674.35,21572.05,21668.65,4321,100,0
2025-06-05 21:30:00+03:00,21669.05,21700.05,21649.65,21670.45,4242,100,0
2025-06-05 21:45:00+03:00,21669.05,21685.75,21642.95,21648.45,4239,110,0
2025-06-05 22:00:00+03:00,21648.55,21658.55,21573.15,21578.55,4509,120,0
2025-06-05 22:15:00+03:00,21578.15,21594.65,21465.55,21536.95,4984,120,0
2025-06-05 22:30:00+03:00,21537.05,21636.15,21534.65,21590.15,4786,120,0
2025-06-05 22:45:00+03:00,21591.05,21626.25,21526.45,21551.05,4772,120,0
2025-06-05 23:00:00+03:00,21547.96,21579.76,21543.26,21546.26,3129,138,0
2025-06-05 23:15:00+03:00,21545.66,21554.46,21482.76,21539.66,2793,228,0
2025-06-05 23:30:00+03:00,21539.66,21541.16,21486.26,21497.46,2730,228,0
2025-06-05 23:45:00+03:00,21497.76,21514.76,21495.16,21514.76,875,228,0
2025-06-06 01:00:00+03:00,21458.85,21475.35,21451.15,21474.35,704,190,0
2025-06-06 01:15:00+03:00,21474.35,21498.35,21473.85,21497.05,1444,170,0
2025-06-06 01:30:00+03:00,21497.05,21505.05,21487.35,21496.15,1189,170,0
2025-06-06 01:45:00+03:00,21496.05,21526.45,21494.05,21524.35,1224,160,0
2025-06-06 02:00:00+03:00,21524.45,21536.95,21519.75,21529.05,1334,180,0
2025-06-06 02:15:00+03:00,21529.15,21530.85,21505.75,21516.75,1525,190,0
2025-06-06 02:30:00+03:00,21516.25,21531.05,21506.35,21522.25,1396,180,0
2025-06-06 02:45:00+03:00,21521.95,21537.05,21511.15,21511.55,1687,190,0
2025-06-06 03:00:00+03:00,21511.05,21553.25,21511.05,21544.55,2073,210,0
2025-06-06 03:15:00+03:00,21544.45,21547.55,21522.95,21535.25,1648,200,0
2025-06-06 03:30:00+03:00,21535.45,21542.85,21525.45,21530.55,1517,190,0
2025-06-06 03:45:00+03:00,21530.25,21538.05,21510.25,21537.25,1549,180,0
2025-06-06 04:00:00+03:00,21537.45,21547.45,21529.15,21545.25,1553,180,0
2025-06-06 04:15:00+03:00,21544.85,21549.65,21532.75,21538.95,1356,170,0
2025-06-06 04:30:00+03:00,21538.45,21564.45,21533.45,21564.35,1627,180,0
2025-06-06 04:45:00+03:00,21564.15,21566.45,21545.15,21550.25,1231,170,0
2025-06-06 05:00:00+03:00,21550.25,21552.35,21541.65,21546.55,1120,170,0
2025-06-06 05:15:00+03:00,21546.25,21553.65,21538.95,21551.85,1087,170,0
2025-06-06 05:30:00+03:00,21551.45,21555.35,21539.15,21547.65,956,180,0
2025-06-06 05:45:00+03:00,21547.75,21557.55,21544.45,21554.75,819,160,0
2025-06-06 06:00:00+03:00,21554.75,21557.75,21545.55,21551.05,834,160,0
2025-06-06 06:15:00+03:00,21551.05,21570.25,21551.05,21560.75,855,160,0
2025-06-06 06:30:00+03:00,21561.05,21579.25,21553.75,21579.25,1090,170,0
2025-06-06 06:45:00+03:00,21579.35,21583.85,21572.85,21575.75,912,160,0
2025-06-06 07:00:00+03:00,21575.75,21581.15,21567.75,21574.45,838,160,0
2025-06-06 07:15:00+03:00,21575.45,21579.35,21570.35,21578.95,551,150,0
2025-06-06 07:30:00+03:00,21578.75,21592.35,21568.95,21591.95,849,150,0
2025-06-06 07:45:00+03:00,21591.95,21616.95,21591.45,21615.75,905,150,0
2025-06-06 08:00:00+03:00,21615.15,21632.65,21614.25,21627.65,1195,170,0
2025-06-06 08:15:00+03:00,21627.45,21631.85,21615.25,21621.45,1128,170,0
2025-06-06 08:30:00+03:00,21621.45,21630.15,21616.45,21630.05,864,160,0
2025-06-06 08:45:00+03:00,21629.25,21635.35,21617.35,21623.15,1022,170,0
2025-06-06 09:00:00+03:00,21622.95,21624.65,21607.85,21615.65,1419,180,0
2025-06-06 09:15:00+03:00,21615.65,21626.45,21595.75,21625.55,1496,190,0
2025-06-06 09:30:00+03:00,21625.45,21651.75,21623.05,21632.65,1717,190,0
2025-06-06 09:45:00+03:00,21632.55,21636.35,21624.35,21633.75,1203,170,0
2025-06-06 10:00:00+03:00,21633.55,21644.15,21614.05,21621.85,2444,170,0
2025-06-06 10:15:00+03:00,21621.05,21637.25,21616.55,21619.55,1804,200,0
2025-06-06 10:30:00+03:00,21620.55,21636.65,21618.05,21633.25,1772,190,0
2025-06-06 10:45:00+03:00,21633.15,21645.75,21624.65,21626.45,1618,190,0
2025-06-06 11:00:00+03:00,21626.55,21637.85,21613.95,21615.85,2302,190,0
2025-06-06 11:15:00+03:00,21615.65,21633.95,21604.35,21617.15,2104,200,0
2025-06-06 11:30:00+03:00,21616.85,21627.35,21610.35,21624.45,1665,190,0
2025-06-06 11:45:00+03:00,21624.65,21629.85,21617.65,21627.45,1384,180,0
2025-06-06 12:00:00+03:00,21627.55,21633.55,21617.25,21632.85,1605,190,0
2025-06-06 12:15:00+03:00,21632.85,21649.85,21630.65,21645.15,1380,170,0
2025-06-06 12:30:00+03:00,21644.55,21654.45,21633.65,21637.05,1423,180,0
2025-06-06 12:45:00+03:00,21637.15,21655.75,21637.15,21651.45,1252,170,0
2025-06-06 13:00:00+03:00,21651.45,21654.25,21638.65,21648.55,1367,170,0
2025-06-06 13:15:00+03:00,21648.45,21660.35,21643.85,21654.65,1177,180,0
2025-06-06 13:30:00+03:00,21654.75,21657.45,21634.75,21639.95,1320,170,0
2025-06-06 13:45:00+03:00,21640.25,21640.95,21621.55,21622.95,1435,170,0
2025-06-06 14:00:00+03:00,21622.05,21633.95,21608.95,21626.95,2021,190,0
2025-06-06 14:15:00+03:00,21625.85,21647.15,21610.25,21636.75,1812,180,0
2025-06-06 14:30:00+03:00,21637.75,21647.55,21625.95,21638.45,2161,190,0
2025-06-06 14:45:00+03:00,21638.75,21650.05,21634.65,21637.15,1568,190,0
2025-06-06 15:00:00+03:00,21638.35,21651.05,21632.25,21648.55,1961,190,0
2025-06-06 15:15:00+03:00,21647.55,21651.75,21628.35,21643.83,2355,200,0
2025-06-06 15:30:00+03:00,21643.56,21748.45,21643.56,21737.75,4271,210,0
2025-06-06 15:45:00+03:00,21737.85,21747.55,21714.75,21727.35,3485,210,0
2025-06-06 16:00:00+03:00,21727.35,21747.05,21712.95,21742.05,3325,210,0
2025-06-06 16:15:00+03:00,21742.35,21776.55,21736.75,21763.35,3483,210,0
2025-06-06 16:30:00+03:00,21763.55,21818.15,21734.95,21806.55,4831,110,0
2025-06-06 16:45:00+03:00,21806.25,21829.45,21770.05,21806.25,4643,120,0
2025-06-06 17:00:00+03:00,21808.65,21815.65,21775.65,21802.95,4591,120,0
2025-06-06 17:15:00+03:00,21803.65,21810.15,21735.65,21751.45,4603,120,0
2025-06-06 17:30:00+03:00,21750.75,21802.85,21731.05,21795.05,4315,90,0
2025-06-06 17:45:00+03:00,21794.65,21807.35,21779.05,21786.35,4041,80,0
2025-06-06 18:00:00+03:00,21785.55,21832.75,21783.55,21807.75,4235,90,0
2025-06-06 18:15:00+03:00,21807.75,21809.25,21703.65,21756.65,4538,90,0
2025-06-06 18:30:00+03:00,21756.75,21774.85,21739.75,21769.95,4338,100,0
2025-06-06 18:45:00+03:00,21770.05,21798.35,21762.35,21776.75,3981,80,0
2025-06-06 19:00:00+03:00,21777.35,21803.65,21772.35,21795.55,3798,80,0
2025-06-06 19:15:00+03:00,21794.45,21795.45,21750.75,21760.25,4109,80,0
2025-06-06 19:30:00+03:00,21759.55,21769.05,21718.95,21730.95,4071,80,0
2025-06-06 19:45:00+03:00,21730.55,21746.95,21692.35,21725.45,4206,80,0
2025-06-06 20:00:00+03:00,21725.65,21736.05,21707.45,21733.55,4060,90,0
2025-06-06 20:15:00+03:00,21733.25,21773.35,21727.05,21758.65,3830,80,0
2025-06-06 20:30:00+03:00,21758.45,21783.15,21758.45,21782.15,3372,80,0
2025-06-06 20:45:00+03:00,21782.65,21795.15,21779.95,21790.15,2777,80,0
2025-06-06 21:00:00+03:00,21790.45,21822.45,21790.05,21818.45,3398,80,0
2025-06-06 21:15:00+03:00,21818.75,21832.75,21807.15,21812.65,3341,80,0
2025-06-06 21:30:00+03:00,21812.65,21839.05,21803.25,21809.35,3852,80,0
2025-06-06 21:45:00+03:00,21809.35,21819.15,21795.45,21803.15,3463,80,0
2025-06-06 22:00:00+03:00,21802.65,21815.65,21791.15,21796.45,3575,80,0
2025-06-06 22:15:00+03:00,21796.45,21797.45,21767.55,21776.95,3837,80,0
2025-06-06 22:30:00+03:00,21775.95,21783.65,21760.65,21777.95,3841,80,0
2025-06-06 22:45:00+03:00,21776.95,21796.05,21753.55,21755.45,4136,80,0
2025-06-06 23:00:00+03:00,21757.55,21768.86,21748.06,21766.26,2710,120,0
2025-06-06 23:15:00+03:00,21766.06,21787.26,21764.96,21777.16,1501,188,0
2025-06-06 23:30:00+03:00,21776.86,21782.26,21776.26,21778.46,1040,168,0
2025-06-06 23:45:00+03:00,21778.16,21781.66,21773.46,21773.86,428,168,0
2025-06-09 01:00:00+03:00,21772.15,21781.95,21732.65,21732.75,1265,200,0
2025-06-09 01:15:00+03:00,21732.15,21738.45,21712.45,21728.95,1803,180,0
2025-06-09 01:30:00+03:00,21728.85,21731.35,21703.05,21711.55,1621,180,0
2025-06-09 01:45:00+03:00,21711.15,21715.85,21699.75,21711.15,1346,180,0
2025-06-09 02:00:00+03:00,21711.35,21722.25,21697.95,21714.65,1571,180,0
2025-06-09 02:15:00+03:00,21714.75,21726.05,21713.05,21723.05,1023,170,0
2025-06-09 02:30:00+03:00,21723.95,21731.45,21720.55,21728.35,888,160,0
2025-06-09 02:45:00+03:00,21727.95,21741.35,21723.65,21731.55,1180,180,0
2025-06-09 03:00:00+03:00,21732.25,21752.75,21725.85,21748.95,1785,180,0
2025-06-09 03:15:00+03:00,21748.95,21751.65,21723.65,21728.55,1379,170,0
2025-06-09 03:30:00+03:00,21728.45,21735.85,21714.25,21718.75,1426,190,0
2025-06-09 03:45:00+03:00,21719.15,21724.95,21715.15,21718.05,1158,170,0
2025-06-09 04:00:00+03:00,21717.65,21721.45,21708.95,21720.45,1190,160,0
2025-06-09 04:15:00+03:00,21720.05,21720.05,21707.95,21712.05,960,160,0
2025-06-09 04:30:00+03:00,21711.95,21713.45,21701.35,21707.05,1174,160,0
2025-06-09 04:45:00+03:00,21706.95,21716.15,21706.75,21711.75,994,160,0
2025-06-09 05:00:00+03:00,21711.75,21725.15,21705.15,21708.75,1181,160,0
2025-06-09 05:15:00+03:00,21708.55,21709.95,21691.85,21694.75,1149,150,0
2025-06-09 05:30:00+03:00,21694.95,21705.75,21686.35,21703.85,1066,160,0
2025-06-09 05:45:00+03:00,21703.95,21713.55,21698.65,21711.05,761,150,0
2025-06-09 06:00:00+03:00,21710.95,21710.95,21696.85,21700.45,932,150,0
2025-06-09 06:15:00+03:00,21700.45,21704.55,21696.25,21697.35,644,150,0
2025-06-09 06:30:00+03:00,21698.05,21707.15,21697.35,21705.25,698,150,0
2025-06-09 06:45:00+03:00,21705.45,21716.55,21704.45,21713.75,629,150,0
2025-06-09 07:00:00+03:00,21713.95,21720.75,21706.55,21720.75,705,150,0
2025-06-09 07:15:00+03:00,21720.65,21722.35,21704.85,21707.45,748,150,0
2025-06-09 07:30:00+03:00,21707.65,21714.05,21701.15,21704.85,564,150,0
2025-06-09 07:45:00+03:00,21704.75,21720.25,21702.85,21716.25,614,150,0
2025-06-09 08:00:00+03:00,21716.15,21717.25,21698.95,21710.45,959,160,0
2025-06-09 08:15:00+03:00,21710.35,21717.95,21705.15,21713.75,724,160,0
2025-06-09 08:30:00+03:00,21713.45,21716.35,21704.25,21708.65,741,150,0
2025-06-09 08:45:00+03:00,21709.05,21718.15,21702.85,21716.05,666,160,0
2025-06-09 09:00:00+03:00,21715.95,21718.85,21701.85,21708.95,1021,160,0
2025-06-09 09:15:00+03:00,21708.95,21713.45,21703.15,21711.45,773,150,0
2025-06-09 09:30:00+03:00,21711.45,21716.05,21702.75,21715.95,857,150,0
2025-06-09 09:45:00+03:00,21715.95,21737.35,21713.45,21736.05,1354,160,0
2025-06-09 10:00:00+03:00,21735.85,21743.05,21724.75,21732.55,2050,190,0
2025-06-09 10:15:00+03:00,21732.55,21736.45,21719.55,21730.45,1921,200,0
2025-06-09 10:30:00+03:00,21730.15,21751.25,21730.15,21750.85,1642,180,0
2025-06-09 10:45:00+03:00,21750.55,21764.35,21746.05,21764.35,1519,180,0
2025-06-09 11:00:00+03:00,21764.15,21769.35,21753.75,21754.05,1929,180,0
2025-06-09 11:15:00+03:00,21754.05,21763.85,21736.75,21741.65,1805,190,0
2025-06-09 11:30:00+03:00,21741.35,21742.15,21728.05,21730.25,1504,180,0
2025-06-09 11:45:00+03:00,21730.55,21768.85,21729.85,21761.35,1397,170,0
2025-06-09 12:00:00+03:00,21761.45,21763.85,21743.95,21756.95,1253,160,0
2025-06-09 12:15:00+03:00,21757.05,21760.05,21743.65,21759.05,1205,160,0
2025-06-09 12:30:00+03:00,21758.95,21762.25,21753.95,21756.55,977,160,0
2025-06-09 12:45:00+03:00,21756.55,21761.45,21747.75,21749.45,955,160,0
2025-06-09 13:00:00+03:00,21749.45,21760.05,21743.25,21757.55,1089,170,0
2025-06-09 13:15:00+03:00,21757.85,21759.95,21745.75,21747.45,1071,160,0
2025-06-09 13:30:00+03:00,21747.35,21756.55,21744.45,21745.95,944,150,0
2025-06-09 13:45:00+03:00,21746.15,21750.15,21733.25,21744.35,1244,170,0
2025-06-09 14:00:00+03:00,21746.05,21763.85,21744.35,21753.55,1571,170,0
2025-06-09 14:15:00+03:00,21753.75,21775.55,21753.55,21761.35,1592,190,0
2025-06-09 14:30:00+03:00,21761.15,21793.15,21759.15,21779.55,1967,180,0
2025-06-09 14:45:00+03:00,21779.65,21789.65,21772.65,21780.35,1544,180,0
2025-06-09 15:00:00+03:00,21780.25,21787.05,21765.35,21766.65,1752,180,0
2025-06-09 15:15:00+03:00,21766.55,21784.25,21760.15,21775.25,1623,170,0
2025-06-09 15:30:00+03:00,21775.15,21783.65,21769.75,21782.05,1672,180,0
2025-06-09 15:45:00+03:00,21782.35,21783.85,21764.35,21766.65,1796,180,0
2025-06-09 16:00:00+03:00,21767.15,21783.65,21765.35,21776.15,1924,170,0
2025-06-09 16:15:00+03:00,21775.65,21783.15,21764.75,21768.55,2581,180,0
2025-06-09 16:30:00+03:00,21766.75,21784.45,21722.65,21765.35,4748,90,0
2025-06-09 16:45:00+03:00,21766.25,21789.35,21746.95,21756.85,4507,110,0
2025-06-09 17:00:00+03:00,21758.45,21822.15,21758.45,21821.55,4416,90,0
2025-06-09 17:15:00+03:00,21821.15,21838.25,21811.75,21824.45,3891,80,0
2025-06-09 17:30:00+03:00,21824.75,21858.75,21820.25,21830.15,4116,80,0
2025-06-09 17:45:00+03:00,21829.15,21833.65,21802.55,21814.25,4089,80,0
2025-06-09 18:00:00+03:00,21814.25,21840.75,21811.95,21823.55,3688,80,0
2025-06-09 18:15:00+03:00,21823.95,21824.35,21785.55,21796.15,3808,80,0
2025-06-09 18:30:00+03:00,21795.95,21814.95,21793.45,21803.05,3663,80,0
2025-06-09 18:45:00+03:00,21804.55,21818.95,21792.45,21810.95,3610,80,0
2025-06-09 19:00:00+03:00,21810.95,21820.25,21787.75,21803.95,3580,80,0
2025-06-09 19:15:00+03:00,21804.25,21812.85,21790.75,21802.25,3259,80,0
2025-06-09 19:30:00+03:00,21801.95,21830.45,21801.95,21828.75,2931,80,0
2025-06-09 19:45:00+03:00,21828.85,21855.95,21823.45,21841.85,3089,80,0
2025-06-09 20:00:00+03:00,21841.85,21853.05,21825.55,21833.45,3202,80,0
2025-06-09 20:15:00+03:00,21833.45,21848.45,21806.75,21830.15,3718,80,0
2025-06-09 20:30:00+03:00,21830.25,21845.85,21816.95,21845.25,3257,80,0
2025-06-09 20:45:00+03:00,21845.35,21849.55,21832.75,21838.55,2930,80,0
2025-06-09 21:00:00+03:00,21838.85,21844.25,21828.15,21837.35,2965,80,0
2025-06-09 21:15:00+03:00,21837.25,21845.25,21829.75,21836.75,2569,80,0
2025-06-09 21:30:00+03:00,21834.75,21840.75,21813.05,21823.75,3003,80,0
2025-06-09 21:45:00+03:00,21823.65,21849.75,21822.05,21840.65,2690,80,0
2025-06-09 22:00:00+03:00,21840.75,21846.55,21828.75,21831.25,2744,80,0
2025-06-09 22:15:00+03:00,21831.25,21832.15,21817.25,21828.15,2896,80,0
2025-06-09 22:30:00+03:00,21827.05,21836.45,21808.15,21809.65,3434,80,0
2025-06-09 22:45:00+03:00,21809.45,21827.75,21786.95,21790.85,3850,80,0
2025-06-09 23:00:00+03:00,21791.35,21796.46,21769.06,21776.16,2431,120,0
2025-06-09 23:15:00+03:00,21776.66,21780.86,21769.26,21778.96,1221,168,0
2025-06-09 23:30:00+03:00,21778.96,21788.76,21777.96,21787.96,861,168,0
2025-06-09 23:45:00+03:00,21787.86,21789.76,21784.46,21786.96,238,168,0
2025-06-10 01:00:00+03:00,21811.25,21813.75,21802.75,21811.05,611,150,0
2025-06-10 01:15:00+03:00,21810.75,21818.25,21808.55,21808.65,546,150,0
2025-06-10 01:30:00+03:00,21809.45,21810.75,21801.35,21804.45,779,150,0
2025-06-10 01:45:00+03:00,21804.75,21804.75,21799.45,21800.95,552,150,0
2025-06-10 02:00:00+03:00,21801.85,21807.75,21801.25,21804.35,602,150,0
2025-06-10 02:15:00+03:00,21804.35,21811.35,21803.25,21809.85,446,150,0
2025-06-10 02:30:00+03:00,21809.75,21812.95,21807.85,21809.35,440,150,0
2025-06-10 02:45:00+03:00,21809.95,21813.05,21806.75,21808.35,564,150,0
2025-06-10 03:00:00+03:00,21808.45,21809.05,21790.55,21793.05,1311,150,0
2025-06-10 03:15:00+03:00,21793.65,21820.15,21791.55,21816.45,978,150,0
2025-06-10 03:30:00+03:00,21816.45,21834.45,21812.65,21833.75,924,150,0
2025-06-10 03:45:00+03:00,21834.35,21847.05,21833.45,21839.15,1183,160,0
2025-06-10 04:00:00+03:00,21839.15,21853.95,21838.45,21853.85,1028,160,0
2025-06-10 04:15:00+03:00,21853.95,21920.25,21853.75,21917.05,1971,170,0
2025-06-10 04:30:00+03:00,21916.75,21943.55,21916.75,21933.05,2256,210,0
2025-06-10 04:45:00+03:00,21933.15,21948.25,21930.85,21941.75,1608,180,0
2025-06-10 05:00:00+03:00,21941.55,21943.25,21927.15,21935.55,1459,170,0
2025-06-10 05:15:00+03:00,21935.45,21940.95,21922.25,21922.65,1039,170,0
2025-06-10 05:30:00+03:00,21922.65,21929.35,21919.75,21928.35,885,150,0
2025-06-10 05:45:00+03:00,21928.45,21936.55,21921.65,21923.45,1089,150,0
2025-06-10 06:00:00+03:00,21923.35,21928.15,21908.25,21913.95,1000,160,0
2025-06-10 06:15:00+03:00,21914.35,21915.75,21909.25,21910.85,581,150,0
2025-06-10 06:30:00+03:00,21910.95,21920.35,21910.05,21919.55,616,150,0
2025-06-10 06:45:00+03:00,21919.45,21920.55,21911.55,21914.35,476,150,0
2025-06-10 07:00:00+03:00,21914.95,21916.95,21902.75,21904.85,660,150,0
2025-06-10 07:15:00+03:00,21904.95,21907.95,21888.35,21888.55,752,150,0
2025-06-10 07:30:00+03:00,21888.75,21897.25,21887.85,21895.25,741,150,0
2025-06-10 07:45:00+03:00,21895.05,21899.45,21892.15,21892.95,565,150,0
2025-06-10 08:00:00+03:00,21892.85,21906.05,21892.25,21895.25,874,150,0
2025-06-10 08:15:00+03:00,21895.45,21895.45,21743.45,21760.65,3129,160,0
2025-06-10 08:30:00+03:00,21762.45,21817.05,21732.15,21813.75,3645,210,0
2025-06-10 08:45:00+03:00,21814.05,21816.75,21780.55,21803.75,2316,210,0
2025-06-10 09:00:00+03:00,21804.95,21809.95,21786.45,21795.25,2295,210,0
2025-06-10 09:15:00+03:00,21795.15,21814.45,21793.25,21808.35,2047,200,0
2025-06-10 09:30:00+03:00,21808.95,21812.55,21798.55,21803.15,1411,190,0
2025-06-10 09:45:00+03:00,21803.25,21805.05,21776.75,21783.45,1944,190,0
2025-06-10 10:00:00+03:00,21782.95,21792.25,21765.05,21774.55,3371,210,0
2025-06-10 10:15:00+03:00,21774.45,21801.55,21769.75,21774.65,2853,210,0
2025-06-10 10:30:00+03:00,21774.25,21789.55,21726.45,21726.45,3126,210,0
2025-06-10 10:45:00+03:00,21723.65,21771.75,21708.15,21769.25,2862,210,0
2025-06-10 11:00:00+03:00,21769.45,21788.75,21736.25,21739.75,2838,210,0
2025-06-10 11:15:00+03:00,21739.25,21772.55,21736.25,21769.55,2610,210,0
2025-06-10 11:30:00+03:00,21769.45,21791.05,21765.55,21786.55,2150,190,0
2025-06-10 11:45:00+03:00,21786.85,21796.95,21776.15,21788.45,2071,200,0
2025-06-10 12:00:00+03:00,21787.75,21811.05,21781.25,21808.15,1835,180,0
2025-06-10 12:15:00+03:00,21808.35,21814.55,21802.85,21812.65,1365,180,0
2025-06-10 12:30:00+03:00,21812.65,21816.65,21802.65,21809.35,1458,170,0
2025-06-10 12:45:00+03:00,21808.95,21810.65,21798.85,21804.35,1230,180,0
2025-06-10 13:00:00+03:00,21804.35,21827.75,21803.75,21824.15,1651,190,0
2025-06-10 13:15:00+03:00,21823.85,21832.65,21810.15,21816.55,1391,170,0
2025-06-10 13:30:00+03:00,21816.35,21822.95,21810.95,21813.15,1473,190,0
2025-06-10 13:45:00+03:00,21813.15,21816.85,21805.05,21816.25,1435,180,0
2025-06-10 14:00:00+03:00,21817.35,21820.55,21780.05,21783.25,2199,190,0
2025-06-10 14:15:00+03:00,21784.25,21801.45,21783.05,21800.05,1768,190,0
2025-06-10 14:30:00+03:00,21799.85,21825.35,21797.25,21810.25,2020,180,0
2025-06-10 14:45:00+03:00,21810.25,21833.35,21808.55,21833.35,1603,170,0
2025-06-10 15:00:00+03:00,21832.95,21838.55,21824.85,21835.95,1776,180,0
2025-06-10 15:15:00+03:00,21836.35,21839.85,21830.85,21835.85,1748,180,0
2025-06-10 15:30:00+03:00,21836.15,21840.65,21824.55,21835.05,1788,170,0
2025-06-10 15:45:00+03:00,21834.95,21842.15,21822.85,21829.85,1917,180,0
2025-06-10 16:00:00+03:00,21831.05,21839.05,21821.45,21828.15,2297,180,0
2025-06-10 16:15:00+03:00,21828.35,21834.45,21805.15,21811.05,2580,170,0
2025-06-10 16:30:00+03:00,21815.65,21861.45,21794.85,21827.65,4649,120,0
2025-06-10 16:45:00+03:00,21828.35,21868.35,21816.45,21833.45,4595,120,0
2025-06-10 17:00:00+03:00,21832.45,21856.75,21824.45,21847.45,4425,100,0
2025-06-10 17:15:00+03:00,21844.75,21856.25,21836.35,21848.85,4122,80,0
2025-06-10 17:30:00+03:00,21849.05,21861.15,21836.35,21857.65,4029,80,0
2025-06-10 17:45:00+03:00,21857.05,21864.75,21826.25,21830.35,3952,80,0
2025-06-10 18:00:00+03:00,21829.05,21852.55,21820.95,21845.85,4034,80,0
2025-06-10 18:15:00+03:00,21846.45,21854.05,21830.85,21833.15,3767,80,0
2025-06-10 18:30:00+03:00,21833.15,21833.15,21718.65,21818.75,4463,80,0
2025-06-10 18:45:00+03:00,21818.85,21852.35,21814.25,21850.35,3712,80,0
2025-06-10 19:00:00+03:00,21848.65,21881.25,21847.35,21870.45,3742,80,0
2025-06-10 19:15:00+03:00,21870.35,21886.25,21862.05,21881.45,3228,80,0
2025-06-10 19:30:00+03:00,21881.35,21883.45,21866.75,21868.55,2940,80,0
2025-06-10 19:45:00+03:00,21868.75,21887.85,21867.95,21883.35,2794,80,0
2025-06-10 20:00:00+03:00,21883.35,21904.45,21868.95,21898.25,3259,80,0
2025-06-10 20:15:00+03:00,21898.25,21899.95,21863.95,21864.35,3285,80,0
2025-06-10 20:30:00+03:00,21865.05,21867.25,21840.85,21854.65,3444,80,0
2025-06-10 20:45:00+03:00,21854.85,21863.65,21844.25,21846.15,3166,80,0
2025-06-10 21:00:00+03:00,21846.35,21846.35,21794.55,21826.55,4177,80,0
2025-06-10 21:15:00+03:00,21826.65,21852.45,21825.55,21848.15,3482,80,0
2025-06-10 21:30:00+03:00,21848.15,21867.45,21846.45,21865.75,3146,80,0
2025-06-10 21:45:00+03:00,21865.45,21940.65,21862.15,21923.05,3367,80,0
2025-06-10 22:00:00+03:00,21921.75,21965.75,21921.75,21953.35,3736,80,0
2025-06-10 22:15:00+03:00,21952.65,21954.25,21914.25,21940.65,3828,80,0
2025-06-10 22:30:00+03:00,21940.15,21940.85,21891.35,21909.85,3830,80,0
2025-06-10 22:45:00+03:00,21909.75,21943.45,21883.45,21937.45,4107,80,0
2025-06-10 23:00:00+03:00,21936.06,21936.36,21908.26,21910.36,2596,138,0
2025-06-10 23:15:00+03:00,21909.86,21941.16,21909.86,21920.86,1793,188,0
2025-06-10 23:30:00+03:00,21920.56,21928.56,21917.16,21926.06,1079,168,0
2025-06-10 23:45:00+03:00,21926.26,21928.26,21923.16,21923.66,359,178,0
2025-06-11 01:00:00+03:00,21925.05,21931.45,21922.75,21927.05,269,160,0
2025-06-11 01:15:00+03:00,21927.05,21936.75,21923.35,21925.45,400,150,0
2025-06-11 01:30:00+03:00,21925.35,21929.35,21918.45,21926.25,551,150,0
2025-06-11 01:45:00+03:00,21926.75,21958.05,21923.05,21947.35,1112,150,0
2025-06-11 02:00:00+03:00,21947.55,21948.45,21890.95,21934.35,2394,200,0
2025-06-11 02:15:00+03:00,21934.45,21976.05,21933.75,21947.05,1907,200,0
2025-06-11 02:30:00+03:00,21947.05,21948.45,21925.15,21928.65,1161,180,0
2025-06-11 02:45:00+03:00,21928.55,21930.45,21913.15,21928.85,1410,180,0
2025-06-11 03:00:00+03:00,21928.15,21939.85,21897.25,21921.45,2203,190,0
2025-06-11 03:15:00+03:00,21921.25,21932.85,21904.45,21904.85,1682,190,0
2025-06-11 03:30:00+03:00,21904.85,21909.25,21889.85,21901.05,1590,180,0
2025-06-11 03:45:00+03:00,21900.85,21902.55,21885.75,21889.05,1447,180,0
2025-06-11 04:00:00+03:00,21888.95,21898.15,21879.85,21886.15,1534,170,0
2025-06-11 04:15:00+03:00,21886.15,21888.35,21862.85,21877.65,1673,180,0
2025-06-11 04:30:00+03:00,21876.85,21878.05,21856.45,21875.05,1707,190,0
2025-06-11 04:45:00+03:00,21875.05,21883.75,21874.85,21882.35,1264,170,0
2025-06-11 05:00:00+03:00,21882.35,21885.15,21872.45,21878.25,1146,170,0
2025-06-11 05:15:00+03:00,21878.05,21878.95,21865.95,21873.25,835,150,0
2025-06-11 05:30:00+03:00,21872.45,21882.95,21868.45,21873.85,843,150,0
2025-06-11 05:45:00+03:00,21873.85,21876.45,21867.75,21869.25,680,150,0
2025-06-11 06:00:00+03:00,21869.35,21877.65,21861.25,21871.05,1099,150,0
2025-06-11 06:15:00+03:00,21870.65,21882.25,21862.95,21874.65,903,150,0
2025-06-11 06:30:00+03:00,21875.65,21882.05,21867.25,21879.95,740,150,0
2025-06-11 06:45:00+03:00,21879.95,21884.45,21874.35,21881.65,650,150,0
2025-06-11 07:00:00+03:00,21881.75,21883.55,21875.65,21876.25,664,150,0
2025-06-11 07:15:00+03:00,21876.15,21888.95,21868.25,21869.25,801,150,0
2025-06-11 07:30:00+03:00,21869.25,21872.95,21860.85,21862.25,710,150,0
2025-06-11 07:45:00+03:00,21862.55,21867.75,21847.25,21850.95,862,150,0
2025-06-11 08:00:00+03:00,21851.35,21869.35,21840.75,21867.65,1289,190,0
2025-06-11 08:15:00+03:00,21867.95,21874.65,21852.85,21863.45,1180,170,0
2025-06-11 08:30:00+03:00,21863.35,21867.85,21855.85,21861.25,959,160,0
2025-06-11 08:45:00+03:00,21861.45,21869.15,21852.65,21855.65,1052,170,0
2025-06-11 09:00:00+03:00,21855.55,21862.65,21850.15,21859.35,1319,190,0
2025-06-11 09:15:00+03:00,21857.95,21880.05,21855.35,21875.65,1386,180,0
2025-06-11 09:30:00+03:00,21875.85,21877.85,21858.75,21870.45,1319,180,0
2025-06-11 09:45:00+03:00,21870.45,21876.85,21862.65,21870.45,1091,180,0
2025-06-11 10:00:00+03:00,21870.45,21888.85,21867.45,21880.35,2486,190,0
2025-06-11 10:15:00+03:00,21880.45,21889.55,21872.55,21874.55,1838,200,0
2025-06-11 10:30:00+03:00,21875.25,21888.75,21867.05,21886.85,1697,170,0
2025-06-11 10:45:00+03:00,21886.65,21909.05,21886.65,21903.05,1418,170,0
2025-06-11 11:00:00+03:00,21903.05,21915.05,21894.05,21906.15,1893,190,0
2025-06-11 11:15:00+03:00,21906.05,21912.05,21901.35,21904.45,1464,180,0
2025-06-11 11:30:00+03:00,21904.15,21932.45,21901.85,21914.05,1576,170,0
2025-06-11 11:45:00+03:00,21914.05,21925.95,21912.35,21917.25,963,160,0
2025-06-11 12:00:00+03:00,21917.15,21923.35,21907.45,21908.35,1426,170,0
2025-06-11 12:15:00+03:00,21908.25,21916.95,21907.35,21914.95,1131,160,0
2025-06-11 12:30:00+03:00,21914.85,21919.05,21897.65,21902.25,1241,170,0
2025-06-11 12:45:00+03:00,21902.25,21904.65,21889.55,21891.25,1075,150,0
2025-06-11 13:00:00+03:00,21891.45,21908.95,21883.55,21907.95,1310,160,0
2025-06-11 13:15:00+03:00,21907.45,21909.75,21896.75,21906.45,982,160,0
2025-06-11 13:30:00+03:00,21906.85,21908.95,21890.25,21908.55,1053,160,0
2025-06-11 13:45:00+03:00,21908.45,21913.25,21900.15,21903.85,1345,170,0
2025-06-11 14:00:00+03:00,21903.95,21906.05,21880.55,21880.75,1337,160,0
2025-06-11 14:15:00+03:00,21880.45,21886.05,21856.45,21885.25,2430,200,0
2025-06-11 14:30:00+03:00,21886.05,21901.25,21884.25,21894.85,1833,180,0
2025-06-11 14:45:00+03:00,21895.15,21914.35,21892.85,21905.05,1435,160,0
2025-06-11 15:00:00+03:00,21905.05,21966.25,21863.75,21922.45,3392,190,0
2025-06-11 15:15:00+03:00,21922.85,21931.61,21902.35,21928.11,2999,210,0
2025-06-11 15:30:00+03:00,21927.9,22067.85,21927.9,22022.55,4421,210,0
2025-06-11 15:45:00+03:00,22023.55,22033.25,21987.25,22003.85,3728,210,0
2025-06-11 16:00:00+03:00,22003.75,22014.95,21980.95,21998.05,3280,210,0
2025-06-11 16:15:00+03:00,21997.45,22006.75,21988.05,21991.55,2764,200,0
2025-06-11 16:30:00+03:00,21992.45,21999.05,21935.45,21947.45,4755,90,0
2025-06-11 16:45:00+03:00,21946.95,21972.65,21890.95,21955.65,4604,120,0
2025-06-11 17:00:00+03:00,21955.65,21992.65,21950.85,21990.25,4421,110,0
2025-06-11 17:15:00+03:00,21988.25,22019.85,21978.75,22014.95,3884,80,0
2025-06-11 17:30:00+03:00,22014.85,22027.15,22002.55,22022.95,3634,80,0
2025-06-11 17:45:00+03:00,22023.15,22038.65,22012.95,22033.45,3322,80,0
2025-06-11 18:00:00+03:00,22032.65,22042.65,21962.75,21999.65,3748,80,0
2025-06-11 18:15:00+03:00,22000.85,22023.45,21990.25,21995.05,3710,80,0
2025-06-11 18:30:00+03:00,21994.45,22003.75,21970.05,21974.75,3931,80,0
2025-06-11 18:45:00+03:00,21974.85,21998.15,21954.05,21970.55,3849,80,0
2025-06-11 19:00:00+03:00,21971.45,21983.05,21909.15,21931.65,4249,100,0
2025-06-11 19:15:00+03:00,21929.95,21956.15,21884.85,21954.25,4178,90,0
2025-06-11 19:30:00+03:00,21954.15,21965.65,21934.25,21941.55,3780,80,0
2025-06-11 19:45:00+03:00,21941.25,21965.15,21934.75,21954.55,3574,80,0
2025-06-11 20:00:00+03:00,21954.15,21994.65,21945.85,21978.05,3541,80,0
2025-06-11 20:15:00+03:00,21977.65,21989.45,21968.85,21984.55,3385,80,0
2025-06-11 20:30:00+03:00,21984.45,21987.95,21934.35,21956.85,3605,80,0
2025-06-11 20:45:00+03:00,21957.05,21959.35,21887.25,21893.75,4185,100,0
2025-06-11 21:00:00+03:00,21893.35,21906.75,21807.75,21812.45,4624,120,0
2025-06-11 21:15:00+03:00,21809.85,21854.65,21767.45,21827.65,4603,120,0
2025-06-11 21:30:00+03:00,21827.65,21885.95,21790.95,21883.65,4457,120,0
2025-06-11 21:45:00+03:00,21883.75,21889.95,21826.25,21837.85,4145,90,0
2025-06-11 22:00:00+03:00,21838.35,21844.75,21803.85,21840.75,4320,120,0
2025-06-11 22:15:00+03:00,21840.65,21850.95,21809.45,21827.25,4291,110,0
2025-06-11 22:30:00+03:00,21827.25,21848.45,21801.95,21839.85,4236,120,0
2025-06-11 22:45:00+03:00,21839.95,21867.95,21824.75,21863.65,4359,120,0
2025-06-11 23:00:00+03:00,21864.75,21870.16,21848.06,21868.26,2544,120,0
2025-06-11 23:15:00+03:00,21868.86,21886.66,21867.26,21878.66,1687,198,0
2025-06-11 23:30:00+03:00,21878.76,21880.26,21856.56,21862.56,1613,198,0
2025-06-11 23:45:00+03:00,21862.46,21864.46,21854.86,21857.66,515,188,0
2025-06-12 01:00:00+03:00,21826.65,21851.25,21826.15,21850.65,776,170,0
2025-06-12 01:15:00+03:00,21850.75,21866.15,21842.75,21865.55,910,160,0
2025-06-12 01:30:00+03:00,21865.55,21871.85,21850.65,21855.35,959,160,0
2025-06-12 01:45:00+03:00,21855.45,21856.95,21804.75,21814.95,1372,160,0
2025-06-12 02:00:00+03:00,21813.65,21821.05,21796.75,21811.05,1493,190,0
2025-06-12 02:15:00+03:00,21811.25,21818.05,21800.75,21810.65,947,170,0
2025-06-12 02:30:00+03:00,21809.85,21843.35,21809.85,21835.65,1013,170,0
2025-06-12 02:45:00+03:00,21835.35,21836.35,21814.35,21815.45,1013,160,0
2025-06-12 03:00:00+03:00,21816.15,21825.55,21797.05,21810.55,1797,180,0
2025-06-12 03:15:00+03:00,21810.55,21819.65,21784.45,21790.45,1524,190,0
2025-06-12 03:30:00+03:00,21790.55,21808.45,21772.95,21796.65,1733,210,0
2025-06-12 03:45:00+03:00,21794.15,21796.55,21761.25,21779.25,1678,190,0
2025-06-12 04:00:00+03:00,21779.35,21787.45,21771.85,21778.35,1369,180,0
2025-06-12 04:15:00+03:00,21778.75,21791.25,21746.95,21751.75,1873,190,0
2025-06-12 04:30:00+03:00,21751.45,21759.55,21732.75,21748.65,1975,210,0
2025-06-12 04:45:00+03:00,21748.55,21764.55,21735.35,21764.15,1556,180,0
2025-06-12 05:00:00+03:00,21765.15,21769.45,21750.55,21764.55,1367,170,0
2025-06-12 05:15:00+03:00,21764.55,21771.95,21758.15,21766.95,1113,180,0
2025-06-12 05:30:00+03:00,21767.65,21769.55,21759.55,21760.35,784,170,0
2025-06-12 05:45:00+03:00,21760.45,21765.85,21753.05,21764.15,873,160,0
2025-06-12 06:00:00+03:00,21764.25,21779.35,21762.55,21777.55,994,170,0
2025-06-12 06:15:00+03:00,21777.65,21797.45,21777.15,21795.85,1036,160,0
2025-06-12 06:30:00+03:00,21795.75,21802.15,21794.25,21796.45,776,150,0
2025-06-12 06:45:00+03:00,21796.25,21801.25,21784.25,21786.35,677,150,0
2025-06-12 07:00:00+03:00,21786.75,21800.65,21783.85,21789.35,734,150,0
2025-06-12 07:15:00+03:00,21789.35,21799.75,21789.35,21796.75,558,150,0
2025-06-12 07:30:00+03:00,21796.65,21797.15,21781.35,21795.55,664,150,0
2025-06-12 07:45:00+03:00,21795.45,21808.65,21794.65,21808.05,708,150,0
2025-06-12 08:00:00+03:00,21807.95,21808.45,21797.75,21801.65,675,150,0
2025-06-12 08:15:00+03:00,21801.75,21817.45,21798.45,21811.55,901,170,0
2025-06-12 08:30:00+03:00,21811.55,21814.05,21783.65,21788.25,998,150,0
2025-06-12 08:45:00+03:00,21789.15,21813.45,21785.65,21804.55,1194,180,0
2025-06-12 09:00:00+03:00,21804.45,21806.05,21787.15,21804.45,1359,200,0
2025-06-12 09:15:00+03:00,21806.55,21814.65,21797.05,21800.55,1152,160,0
2025-06-12 09:30:00+03:00,21800.65,21820.65,21794.25,21814.45,1186,180,0
2025-06-12 09:45:00+03:00,21814.35,21824.05,21806.15,21817.45,1215,170,0
2025-06-12 10:00:00+03:00,21817.65,21836.45,21812.85,21824.75,2523,180,0
2025-06-12 10:15:00+03:00,21824.55,21831.05,21809.55,21813.75,2094,190,0
2025-06-12 10:30:00+03:00,21813.75,21813.75,21786.55,21787.65,2412,210,0
2025-06-12 10:45:00+03:00,21787.55,21787.55,21737.45,21752.65,3038,210,0
2025-06-12 11:00:00+03:00,21751.95,21764.75,21695.65,21736.65,3429,210,0
2025-06-12 11:15:00+03:00,21736.75,21740.45,21713.45,21729.05,2693,210,0
2025-06-12 11:30:00+03:00,21730.45,21750.45,21717.55,21743.75,2404,210,0
2025-06-12 11:45:00+03:00,21743.65,21781.45,21739.25,21776.75,2009,180,0
2025-06-12 12:00:00+03:00,21776.65,21795.05,21773.45,21787.05,1795,180,0
2025-06-12 12:15:00+03:00,21787.15,21792.05,21768.55,21787.25,1824,180,0
2025-06-12 12:30:00+03:00,21786.65,21820.45,21785.05,21797.95,2185,200,0
2025-06-12 12:45:00+03:00,21797.65,21807.15,21782.05,21788.05,2077,210,0
2025-06-12 13:00:00+03:00,21788.15,21797.95,21758.45,21775.15,2267,200,0
2025-06-12 13:15:00+03:00,21775.25,21791.15,21741.15,21759.15,2252,210,0
2025-06-12 13:30:00+03:00,21758.75,21781.75,21752.05,21779.55,2078,210,0
2025-06-12 13:45:00+03:00,21779.25,21801.95,21777.65,21782.55,2038,200,0
2025-06-12 14:00:00+03:00,21782.25,21783.95,21757.75,21764.25,2200,210,0
2025-06-12 14:15:00+03:00,21764.45,21766.75,21743.05,21747.75,1912,200,0
2025-06-12 14:30:00+03:00,21748.15,21754.65,21729.25,21748.25,2417,210,0
2025-06-12 14:45:00+03:00,21748.05,21753.75,21713.25,21717.65,2301,210,0
2025-06-12 15:00:00+03:00,21717.05,21752.95,21717.05,21747.15,2319,200,0
2025-06-12 15:15:00+03:00,21746.95,21752.05,21728.45,21740.95,2345,200,0
2025-06-12 15:30:00+03:00,21740.75,21825.75,21721.65,21817.05,3619,210,0
2025-06-12 15:45:00+03:00,21817.45,21825.25,21799.05,21812.95,2892,210,0
2025-06-12 16:00:00+03:00,21813.55,21840.95,21804.15,21815.05,2952,200,0
2025-06-12 16:15:00+03:00,21815.45,21818.75,21800.75,21802.55,2769,200,0
2025-06-12 16:30:00+03:00,21807.65,21861.65,21797.55,21857.45,4763,90,0
2025-06-12 16:45:00+03:00,21857.75,21868.65,21822.45,21835.45,4369,120,0
2025-06-12 17:00:00+03:00,21835.75,21893.95,21819.15,21892.45,4251,100,0
2025-06-12 17:15:00+03:00,21893.35,21908.15,21880.95,21898.55,4178,90,0
2025-06-12 17:30:00+03:00,21898.25,21924.75,21888.95,21920.55,3982,80,0
2025-06-12 17:45:00+03:00,21920.85,21926.85,21907.35,21912.15,3781,80,0
2025-06-12 18:00:00+03:00,21912.35,21955.15,21912.35,21925.65,3912,80,0
2025-06-12 18:15:00+03:00,21925.85,21932.55,21860.75,21895.75,4222,80,0
2025-06-12 18:30:00+03:00,21895.75,21908.55,21871.95,21900.55,3963,80,0
2025-06-12 18:45:00+03:00,21900.15,21905.35,21871.95,21900.65,3903,80,0
2025-06-12 19:00:00+03:00,21900.85,21927.05,21880.55,21917.15,4007,80,0
2025-06-12 19:15:00+03:00,21917.05,21941.75,21898.95,21933.75,3788,80,0
2025-06-12 19:30:00+03:00,21933.85,21946.15,21894.75,21936.15,3813,80,0
2025-06-12 19:45:00+03:00,21936.45,21939.85,21898.85,21902.15,3707,80,0
2025-06-12 20:00:00+03:00,21902.55,21939.85,21895.95,21929.65,3590,80,0
2025-06-12 20:15:00+03:00,21929.95,21935.35,21913.05,21918.85,3195,80,0
2025-06-12 20:30:00+03:00,21918.85,21945.85,21917.95,21931.45,3380,80,0
2025-06-12 20:45:00+03:00,21932.15,21933.65,21908.15,21914.75,3077,80,0
2025-06-12 21:00:00+03:00,21914.25,21927.65,21905.75,21914.55,2989,80,0
2025-06-12 21:15:00+03:00,21914.45,21924.05,21879.85,21898.05,3212,80,0
2025-06-12 21:30:00+03:00,21899.35,21912.35,21882.75,21888.25,3554,80,0
2025-06-12 21:45:00+03:00,21888.65,21916.95,21881.65,21915.15,3163,80,0
2025-06-12 22:00:00+03:00,21914.25,21924.05,21908.45,21914.65,3014,80,0
2025-06-12 22:15:00+03:00,21914.75,21930.65,21907.65,21913.75,2979,80,0
2025-06-12 22:30:00+03:00,21912.65,21912.75,21888.25,21889.25,3251,80,0
2025-06-12 22:45:00+03:00,21888.25,21914.85,21870.95,21914.25,3734,80,0
2025-06-12 23:00:00+03:00,21913.85,21923.16,21903.46,21906.26,2621,120,0
2025-06-12 23:15:00+03:00,21906.06,21908.06,21888.16,21890.86,1314,178,0
2025-06-12 23:30:00+03:00,21890.66,21898.56,21887.46,21891.06,995,168,0
2025-06-12 23:45:00+03:00,21890.96,21894.26,21890.46,21892.26,352,168,0
2025-06-13 01:00:00+03:00,21871.75,21874.85,21865.75,21873.85,545,150,0
2025-06-13 01:15:00+03:00,21873.95,21873.95,21851.45,21854.15,802,150,0
2025-06-13 01:30:00+03:00,21854.25,21854.25,21839.95,21847.05,1057,170,0
2025-06-13 01:45:00+03:00,21847.35,21864.85,21846.85,21860.85,758,150,0
2025-06-13 02:00:00+03:00,21861.15,21864.55,21852.65,21862.95,845,150,0
2025-06-13 02:15:00+03:00,21862.85,21868.15,21859.65,21860.15,502,150,0
2025-06-13 02:30:00+03:00,21859.95,21862.35,21837.65,21849.15,906,150,0
2025-06-13 02:45:00+03:00,21849.35,21855.85,21765.55,21765.55,1267,170,0
2025-06-13 03:00:00+03:00,21765.45,21771.05,21567.55,21684.85,3748,210,0
2025-06-13 03:15:00+03:00,21685.15,21687.85,21561.35,21579.45,3990,210,0
2025-06-13 03:30:00+03:00,21579.65,21601.95,21536.05,21573.55,3810,210,0
2025-06-13 03:45:00+03:00,21574.95,21599.35,21507.65,21547.55,3970,210,0
2025-06-13 04:00:00+03:00,21547.55,21550.35,21469.55,21494.05,3655,210,0
2025-06-13 04:15:00+03:00,21494.55,21545.85,21489.35,21516.65,3385,210,0
2025-06-13 04:30:00+03:00,21517.95,21563.95,21491.85,21554.45,3388,210,0
2025-06-13 04:45:00+03:00,21554.55,21597.45,21551.95,21592.95,3041,210,0
2025-06-13 05:00:00+03:00,21592.85,21593.65,21546.55,21558.65,2565,210,0
2025-06-13 05:15:00+03:00,21558.85,21569.05,21518.35,21524.55,2706,210,0
2025-06-13 05:30:00+03:00,21524.35,21530.15,21451.85,21474.55,3153,210,0
2025-06-13 05:45:00+03:00,21474.55,21512.65,21474.55,21510.55,2685,210,0
2025-06-13 06:00:00+03:00,21510.65,21541.85,21503.85,21537.85,2595,210,0
2025-06-13 06:15:00+03:00,21537.55,21549.15,21523.85,21528.05,2051,210,0
2025-06-13 06:30:00+03:00,21528.15,21543.05,21513.65,21518.65,1868,200,0
2025-06-13 06:45:00+03:00,21518.55,21561.85,21518.45,21552.95,1970,210,0
2025-06-13 07:00:00+03:00,21552.85,21555.65,21516.45,21521.95,1758,190,0
2025-06-13 07:15:00+03:00,21521.85,21524.65,21502.65,21509.95,1692,190,0
2025-06-13 07:30:00+03:00,21509.65,21535.45,21507.55,21520.65,1791,200,0
2025-06-13 07:45:00+03:00,21520.95,21535.25,21519.15,21522.65,1228,190,0
2025-06-13 08:00:00+03:00,21523.45,21533.95,21503.45,21531.55,1921,200,0
2025-06-13 08:15:00+03:00,21531.55,21539.15,21517.35,21535.35,1738,190,0
2025-06-13 08:30:00+03:00,21535.95,21536.65,21515.95,21523.05,1611,190,0
2025-06-13 08:45:00+03:00,21522.65,21550.15,21518.65,21549.95,1757,190,0
2025-06-13 09:00:00+03:00,21549.95,21590.95,21548.95,21565.45,2614,190,0
2025-06-13 09:15:00+03:00,21565.45,21572.55,21548.45,21554.85,2386,210,0
2025-06-13 09:30:00+03:00,21555.15,21577.45,21545.65,21560.45,2097,210,0
2025-06-13 09:45:00+03:00,21560.65,21590.15,21552.45,21585.65,2195,210,0
2025-06-13 10:00:00+03:00,21586.05,21616.85,21567.55,21615.85,3633,210,0
2025-06-13 10:15:00+03:00,21615.95,21615.95,21573.95,21593.85,3089,210,0
2025-06-13 10:30:00+03:00,21594.05,21624.85,21587.85,21624.05,2893,210,0
2025-06-13 10:45:00+03:00,21623.85,21631.65,21608.35,21617.55,2802,210,0
2025-06-13 11:00:00+03:00,21617.55,21642.65,21609.55,21634.35,2954,210,0
2025-06-13 11:15:00+03:00,21634.15,21637.55,21585.95,21606.05,2752,210,0
2025-06-13 11:30:00+03:00,21606.05,21609.15,21582.85,21586.55,2682,210,0
2025-06-13 11:45:00+03:00,21586.85,21604.95,21565.65,21583.35,2689,210,0
2025-06-13 12:00:00+03:00,21583.55,21615.35,21560.65,21589.15,2777,210,0
2025-06-13 12:15:00+03:00,21589.05,21626.95,21579.65,21607.95,3002,210,0
2025-06-13 12:30:00+03:00,21608.15,21610.45,21581.45,21595.15,2398,200,0
2025-06-13 12:45:00+03:00,21595.05,21617.05,21585.45,21604.85,2518,200,0
2025-06-13 13:00:00+03:00,21604.55,21613.35,21579.55,21601.65,2578,210,0
2025-06-13 13:15:00+03:00,21601.85,21616.35,21577.65,21604.45,2507,210,0
2025-06-13 13:30:00+03:00,21604.35,21607.35,21594.35,21601.55,1937,190,0
2025-06-13 13:45:00+03:00,21602.05,21637.05,21601.55,21635.45,2310,200,0
2025-06-13 14:00:00+03:00,21635.35,21685.15,21631.95,21646.85,3205,210,0
2025-06-13 14:15:00+03:00,21645.65,21652.35,21626.15,21629.55,2462,210,0
2025-06-13 14:30:00+03:00,21629.35,21669.45,21625.85,21668.55,2567,210,0
2025-06-13 14:45:00+03:00,21668.35,21677.75,21664.75,21667.15,2253,190,0
2025-06-13 15:00:00+03:00,21666.95,21673.55,21646.55,21647.75,2480,190,0
2025-06-13 15:15:00+03:00,21647.75,21681.65,21643.85,21668.65,2759,200,0
2025-06-13 15:30:00+03:00,21668.55,21683.85,21646.55,21647.35,2791,210,0
2025-06-13 15:45:00+03:00,21647.85,21655.15,21626.05,21641.05,2856,210,0
2025-06-13 16:00:00+03:00,21641.35,21642.35,21617.15,21634.55,2650,200,0
2025-06-13 16:15:00+03:00,21634.55,21664.15,21608.95,21663.95,3347,210,0
2025-06-13 16:30:00+03:00,21663.95,21771.05,21648.05,21752.25,4748,120,0
2025-06-13 16:45:00+03:00,21752.25,21775.65,21696.75,21710.15,4624,120,0
2025-06-13 17:00:00+03:00,21743.15,21750.65,21661.55,21680.55,4540,120,0
2025-06-13 17:15:00+03:00,21681.25,21681.85,21602.35,21611.75,4413,120,0
2025-06-13 17:30:00+03:00,21611.35,21727.05,21606.25,21690.75,4301,120,0
2025-06-13 17:45:00+03:00,21690.85,21751.25,21667.75,21727.05,4281,120,0
2025-06-13 18:00:00+03:00,21728.55,21750.65,21719.25,21745.75,4094,100,0
2025-06-13 18:15:00+03:00,21745.75,21790.25,21730.15,21780.95,4000,100,0
2025-06-13 18:30:00+03:00,21781.05,21798.55,21767.65,21792.05,3906,90,0
2025-06-13 18:45:00+03:00,21793.05,21826.35,21789.95,21817.25,3680,80,0
2025-06-13 19:00:00+03:00,21817.85,21837.35,21800.15,21828.55,3652,80,0
2025-06-13 19:15:00+03:00,21828.35,21836.85,21798.55,21803.75,3701,80,0
2025-06-13 19:30:00+03:00,21804.25,21818.05,21787.35,21794.75,3702,80,0
2025-06-13 19:45:00+03:00,21794.75,21826.85,21782.35,21811.45,3520,80,0
2025-06-13 20:00:00+03:00,21810.85,21817.35,21762.35,21773.85,4028,80,0
2025-06-13 20:15:00+03:00,21773.05,21798.15,21740.75,21755.45,3917,90,0
2025-06-13 20:30:00+03:00,21755.05,21777.75,21733.55,21753.55,3740,90,0
2025-06-13 20:45:00+03:00,21754.75,21783.15,21743.55,21771.45,3610,80,0
2025-06-13 21:00:00+03:00,21771.25,21788.15,21717.25,21717.75,4141,90,0
2025-06-13 21:15:00+03:00,21717.55,21719.75,21653.55,21659.55,4267,110,0
2025-06-13 21:30:00+03:00,21657.05,21664.65,21587.35,21610.65,4517,120,0
2025-06-13 21:45:00+03:00,21611.55,21661.75,21603.25,21652.25,4397,120,0
2025-06-13 22:00:00+03:00,21651.65,21675.55,21616.25,21665.75,4247,120,0
2025-06-13 22:15:00+03:00,21666.65,21672.85,21605.25,21617.05,4167,120,0
2025-06-13 22:30:00+03:00,21617.55,21656.75,21597.75,21612.55,4158,120,0
2025-06-13 22:45:00+03:00,21611.65,21641.75,21586.75,21634.25,4481,120,0
2025-06-13 23:00:00+03:00,21635.35,21661.26,21626.06,21661.26,3635,120,0
2025-06-13 23:15:00+03:00,21661.46,21661.46,21631.76,21636.26,2103,208,0
2025-06-13 23:30:00+03:00,21636.26,21658.66,21635.56,21643.26,1694,208,0
2025-06-13 23:45:00+03:00,21643.56,21647.06,21635.56,21635.66,507,218,0
2025-06-16 01:00:00+03:00,21585.65,21606.85,21537.85,21592.25,1980,210,0
2025-06-16 01:15:00+03:00,21592.45,21632.45,21580.65,21620.45,2350,210,0
2025-06-16 01:30:00+03:00,21620.35,21675.45,21610.75,21663.15,2134,210,0
2025-06-16 01:45:00+03:00,21660.25,21664.65,21631.85,21636.15,1839,200,0
2025-06-16 02:00:00+03:00,21636.25,21659.85,21602.25,21613.65,2016,190,0
2025-06-16 02:15:00+03:00,21613.35,21648.35,21599.75,21619.45,1466,210,0
2025-06-16 02:30:00+03:00,21619.25,21688.35,21613.15,21672.95,950,180,0
2025-06-16 02:45:00+03:00,21673.65,21684.45,21665.15,21675.25,1509,200,0
2025-06-16 03:00:00+03:00,21675.55,21691.15,21670.65,21686.85,2040,200,0
2025-06-16 03:15:00+03:00,21686.95,21689.25,21652.35,21665.35,2060,210,0
2025-06-16 03:30:00+03:00,21665.15,21685.95,21647.75,21684.45,1462,190,0
2025-06-16 03:45:00+03:00,21684.15,21685.05,21666.75,21681.05,1182,170,0
2025-06-16 04:00:00+03:00,21680.95,21686.45,21667.75,21669.25,1305,180,0
2025-06-16 04:15:00+03:00,21669.25,21674.35,21652.75,21662.25,1368,180,0
2025-06-16 04:30:00+03:00,21662.45,21682.05,21660.55,21672.45,1252,170,0
2025-06-16 04:45:00+03:00,21672.05,21678.95,21664.55,21671.25,1189,170,0
2025-06-16 05:00:00+03:00,21671.75,21682.35,21666.85,21682.35,1070,180,0
2025-06-16 05:15:00+03:00,21682.65,21704.85,21682.15,21684.75,1437,180,0
2025-06-16 05:30:00+03:00,21684.75,21695.35,21682.75,21695.35,964,150,0
2025-06-16 05:45:00+03:00,21695.35,21697.25,21686.85,21689.75,804,150,0
2025-06-16 06:00:00+03:00,21689.75,21692.65,21684.65,21689.65,632,150,0
2025-06-16 06:15:00+03:00,21689.45,21692.65,21679.15,21679.85,759,150,0
2025-06-16 06:30:00+03:00,21679.85,21681.15,21665.15,21668.85,1092,170,0
2025-06-16 06:45:00+03:00,21668.85,21677.95,21664.95,21676.65,668,150,0
2025-06-16 07:00:00+03:00,21676.65,21687.25,21673.85,21682.35,747,150,0
2025-06-16 07:15:00+03:00,21682.35,21684.85,21668.45,21673.55,727,160,0
2025-06-16 07:30:00+03:00,21674.05,21674.55,21656.25,21658.75,853,150,0
2025-06-16 07:45:00+03:00,21658.85,21667.85,21656.65,21667.25,696,150,0
2025-06-16 08:00:00+03:00,21667.35,21680.85,21666.35,21679.95,883,150,0
2025-06-16 08:15:00+03:00,21679.95,21711.25,21679.05,21709.05,1233,150,0
2025-06-16 08:30:00+03:00,21709.15,21724.95,21703.45,21712.75,1404,190,0
2025-06-16 08:45:00+03:00,21713.25,21713.75,21695.55,21701.15,1104,170,0
2025-06-16 09:00:00+03:00,21700.35,21726.35,21691.85,21720.15,1728,170,0
2025-06-16 09:15:00+03:00,21719.55,21731.45,21713.25,21724.95,1503,200,0
2025-06-16 09:30:00+03:00,21723.95,21741.65,21713.35,21725.25,1623,190,0
2025-06-16 09:45:00+03:00,21725.45,21736.35,21721.25,21729.65,1554,190,0
2025-06-16 10:00:00+03:00,21729.45,21758.95,21725.35,21757.75,2609,200,0
2025-06-16 10:15:00+03:00,21756.95,21764.55,21732.45,21746.35,2321,190,0
2025-06-16 10:30:00+03:00,21746.65,21765.95,21746.65,21754.65,2237,200,0
2025-06-16 10:45:00+03:00,21754.45,21771.85,21748.95,21768.75,1972,190,0
2025-06-16 11:00:00+03:00,21767.75,21768.55,21735.65,21750.45,2534,200,0
2025-06-16 11:15:00+03:00,21750.45,21761.65,21738.75,21761.15,1599,180,0
2025-06-16 11:30:00+03:00,21760.55,21775.55,21752.35,21769.75,1598,180,0
2025-06-16 11:45:00+03:00,21769.75,21771.75,21763.05,21766.35,1552,170,0
2025-06-16 12:00:00+03:00,21765.75,21772.25,21730.45,21731.75,1598,180,0
2025-06-16 12:15:00+03:00,21731.85,21749.55,21725.25,21737.35,1595,170,0
2025-06-16 12:30:00+03:00,21737.35,21739.15,21717.75,21728.25,1612,170,0
2025-06-16 12:45:00+03:00,21727.95,21740.85,21720.45,21732.95,1386,170,0
2025-06-16 13:00:00+03:00,21732.55,21744.05,21726.95,21740.75,1493,180,0
2025-06-16 13:15:00+03:00,21740.55,21747.95,21740.05,21743.35,1102,160,0
2025-06-16 13:30:00+03:00,21743.35,21748.85,21729.05,21734.45,1423,150,0
2025-06-16 13:45:00+03:00,21734.25,21766.75,21733.95,21766.75,1483,170,0
2025-06-16 14:00:00+03:00,21762.85,21763.95,21737.15,21741.95,1896,170,0
2025-06-16 14:15:00+03:00,21741.95,21756.55,21741.85,21753.85,1657,180,0
2025-06-16 14:30:00+03:00,21753.95,21782.75,21753.05,21777.85,1784,170,0
2025-06-16 14:45:00+03:00,21777.95,21795.45,21777.95,21795.25,1789,190,0
2025-06-16 15:00:00+03:00,21795.05,21808.95,21785.55,21803.05,1948,180,0
2025-06-16 15:15:00+03:00,21803.25,21826.15,21803.05,21814.75,2102,170,0
2025-06-16 15:30:00+03:00,21815.45,21822.75,21798.35,21807.15,2279,180,0
2025-06-16 15:45:00+03:00,21806.55,21813.05,21799.75,21800.55,1739,160,0
2025-06-16 16:00:00+03:00,21800.75,21811.85,21796.05,21806.55,2254,190,0
2025-06-16 16:15:00+03:00,21806.85,21806.95,21775.45,21778.15,2574,180,0
2025-06-16 16:30:00+03:00,21779.65,21860.95,21778.25,21846.55,4649,90,0
2025-06-16 16:45:00+03:00,21847.55,21929.65,21826.15,21913.05,4531,120,0
2025-06-16 17:00:00+03:00,21912.65,21948.25,21907.85,21944.15,4262,110,0
2025-06-16 17:15:00+03:00,21944.35,21961.65,21934.85,21958.75,4007,80,0
2025-06-16 17:30:00+03:00,21958.55,21967.05,21939.55,21958.85,3859,80,0
2025-06-16 17:45:00+03:00,21959.15,21965.25,21932.75,21944.25,3765,80,0
2025-06-16 18:00:00+03:00,21944.55,21963.05,21939.25,21961.75,3935,80,0
2025-06-16 18:15:00+03:00,21963.05,21981.85,21943.75,21949.35,3882,80,0
2025-06-16 18:30:00+03:00,21948.85,21963.85,21945.15,21952.35,3756,80,0
2025-06-16 18:45:00+03:00,21952.35,21965.55,21916.95,21931.35,3619,80,0
2025-06-16 19:00:00+03:00,21932.35,21948.65,21919.05,21944.55,3398,80,0
2025-06-16 19:15:00+03:00,21944.75,21955.05,21924.15,21927.85,3434,80,0
2025-06-16 19:30:00+03:00,21928.05,21934.15,21906.75,21911.55,3332,80,0
2025-06-16 19:45:00+03:00,21911.25,21941.25,21903.85,21924.65,3405,80,0
2025-06-16 20:00:00+03:00,21924.75,21931.15,21909.35,21915.35,3412,80,0
2025-06-16 20:15:00+03:00,21915.55,21964.25,21909.05,21955.85,3464,80,0
2025-06-16 20:30:00+03:00,21955.75,21966.55,21940.75,21941.05,3487,80,0
2025-06-16 20:45:00+03:00,21941.85,21953.05,21917.95,21924.95,3427,80,0
2025-06-16 21:00:00+03:00,21925.45,21943.45,21922.45,21934.55,3390,80,0
2025-06-16 21:15:00+03:00,21934.45,21941.35,21919.05,21932.15,3131,80,0
2025-06-16 21:30:00+03:00,21932.15,21935.85,21913.15,21919.05,3286,80,0
2025-06-16 21:45:00+03:00,21919.35,21937.55,21897.75,21927.25,3183,80,0
2025-06-16 22:00:00+03:00,21925.95,21933.45,21902.35,21913.25,3380,80,0
2025-06-16 22:15:00+03:00,21912.45,21942.25,21903.25,21926.45,3480,80,0
2025-06-16 22:30:00+03:00,21926.55,21932.55,21913.25,21924.75,3304,80,0
2025-06-16 22:45:00+03:00,21924.45,21941.35,21902.35,21934.85,3914,80,0
2025-06-16 23:00:00+03:00,21935.16,21946.26,21929.76,21932.76,2602,138,0
2025-06-16 23:15:00+03:00,21932.76,21935.46,21920.46,21929.46,1072,168,0
2025-06-16 23:30:00+03:00,21929.36,21938.96,21924.56,21932.36,949,168,0
2025-06-16 23:45:00+03:00,21931.46,21933.46,21928.46,21933.16,374,178,0
2025-06-17 01:00:00+03:00,21924.95,21926.05,21913.95,21920.05,290,160,0
2025-06-17 01:15:00+03:00,21920.65,21921.65,21910.95,21912.35,494,150,0
2025-06-17 01:30:00+03:00,21912.25,21912.25,21858.95,21866.55,2382,160,0
2025-06-17 01:45:00+03:00,21866.85,21867.95,21830.65,21848.95,2594,210,0
2025-06-17 02:00:00+03:00,21849.35,21879.05,21841.65,21859.95,1923,210,0
2025-06-17 02:15:00+03:00,21859.95,21880.65,21834.85,21844.95,2291,210,0
2025-06-17 02:30:00+03:00,21844.35,21850.15,21812.05,21828.85,2728,210,0
2025-06-17 02:45:00+03:00,21830.05,21835.85,21780.15,21780.15,3070,210,0
2025-06-17 03:00:00+03:00,21781.65,21812.55,21771.85,21807.65,2973,210,0
2025-06-17 03:15:00+03:00,21804.35,21836.45,21798.05,21825.95,2576,210,0
2025-06-17 03:30:00+03:00,21825.85,21829.95,21799.35,21809.45,2211,210,0
2025-06-17 03:45:00+03:00,21809.35,21851.55,21804.75,21849.65,2041,200,0
2025-06-17 04:00:00+03:00,21849.85,21862.65,21809.65,21827.95,2487,210,0
2025-06-17 04:15:00+03:00,21827.85,21833.95,21805.95,21831.65,2065,210,0
2025-06-17 04:30:00+03:00,21832.05,21843.85,21818.35,21830.75,1945,200,0
2025-06-17 04:45:00+03:00,21831.25,21853.65,21825.35,21841.75,1633,190,0
2025-06-17 05:00:00+03:00,21841.75,21844.25,21800.15,21805.45,2410,200,0
2025-06-17 05:15:00+03:00,21805.45,21819.15,21789.85,21798.35,1673,190,0
2025-06-17 05:30:00+03:00,21799.45,21813.15,21783.65,21809.65,1507,190,0
2025-06-17 05:45:00+03:00,21810.25,21876.65,21806.15,21872.05,2307,190,0
2025-06-17 06:00:00+03:00,21872.15,21873.95,21819.65,21851.65,2463,210,0
2025-06-17 06:15:00+03:00,21851.85,21854.95,21824.35,21833.25,1633,200,0
2025-06-17 06:30:00+03:00,21833.25,21857.05,21831.85,21849.25,1645,180,0
2025-06-17 06:45:00+03:00,21849.15,21852.65,21836.65,21841.15,1334,190,0
2025-06-17 07:00:00+03:00,21841.35,21856.95,21835.85,21842.05,1269,190,0
2025-06-17 07:15:00+03:00,21840.95,21854.05,21833.15,21835.85,1139,180,0
2025-06-17 07:30:00+03:00,21835.35,21835.35,21815.45,21829.15,1574,180,0
2025-06-17 07:45:00+03:00,21829.05,21843.15,21826.35,21832.25,1223,170,0
2025-06-17 08:00:00+03:00,21832.15,21846.05,21827.75,21845.65,1365,170,0
2025-06-17 08:15:00+03:00,21846.05,21846.45,21819.55,21843.45,1936,190,0
2025-06-17 08:30:00+03:00,21843.55,21857.85,21840.15,21850.65,1389,180,0
2025-06-17 08:45:00+03:00,21850.15,21852.15,21825.95,21845.25,1397,190,0
2025-06-17 09:00:00+03:00,21845.25,21871.35,21842.35,21865.45,1741,190,0
2025-06-17 09:15:00+03:00,21864.85,21886.35,21864.65,21874.95,1872,190,0
2025-06-17 09:30:00+03:00,21875.65,21881.85,21856.35,21863.85,2019,190,0
2025-06-17 09:45:00+03:00,21863.85,21869.45,21821.95,21829.95,2204,200,0
2025-06-17 10:00:00+03:00,21830.05,21852.15,21804.15,21812.55,3180,210,0
2025-06-17 10:15:00+03:00,21810.55,21821.15,21770.05,21791.85,3280,210,0
2025-06-17 10:30:00+03:00,21791.05,21810.85,21783.85,21800.15,2999,210,0
2025-06-17 10:45:00+03:00,21800.45,21824.95,21794.65,21803.35,2588,210,0
2025-06-17 11:00:00+03:00,21804.05,21827.45,21788.45,21817.35,2541,210,0
2025-06-17 11:15:00+03:00,21817.35,21825.45,21803.35,21819.05,1993,200,0
2025-06-17 11:30:00+03:00,21819.15,21828.95,21806.85,21810.35,1893,200,0
2025-06-17 11:45:00+03:00,21810.05,21844.65,21794.15,21826.55,2039,190,0
2025-06-17 12:00:00+03:00,21826.55,21844.35,21801.35,21809.55,2074,200,0
2025-06-17 12:15:00+03:00,21809.85,21813.35,21784.95,21803.55,1936,200,0
2025-06-17 12:30:00+03:00,21803.35,21809.35,21789.85,21807.25,1843,200,0
2025-06-17 12:45:00+03:00,21807.25,21812.75,21789.25,21796.55,1740,190,0
2025-06-17 13:00:00+03:00,21796.55,21817.55,21788.05,21805.35,1744,170,0
2025-06-17 13:15:00+03:00,21804.55,21807.05,21787.85,21792.65,1579,190,0
2025-06-17 13:30:00+03:00,21791.45,21797.65,21760.65,21765.65,1940,170,0
2025-06-17 13:45:00+03:00,21765.85,21803.65,21760.45,21802.05,2149,200,0
2025-06-17 14:00:00+03:00,21800.95,21817.05,21793.05,21811.45,1979,190,0
2025-06-17 14:15:00+03:00,21811.45,21833.25,21811.15,21821.35,1886,180,0
2025-06-17 14:30:00+03:00,21821.05,21831.65,21812.45,21814.15,2075,200,0
2025-06-17 14:45:00+03:00,21813.95,21837.85,21808.75,21835.85,1983,180,0
2025-06-17 15:00:00+03:00,21835.85,21849.65,21829.15,21847.15,2372,190,0
2025-06-17 15:15:00+03:00,21847.15,21854.95,21836.05,21851.61,2331,190,0
2025-06-17 15:30:00+03:00,21831.3,21858.05,21825.65,21844.75,2751,210,0
2025-06-17 15:45:00+03:00,21844.65,21847.35,21805.35,21815.85,2860,210,0
2025-06-17 16:00:00+03:00,21815.75,21824.85,21804.85,21809.85,2579,200,0
2025-06-17 16:15:00+03:00,21809.95,21828.75,21800.05,21826.65,2878,200,0
2025-06-17 16:30:00+03:00,21828.15,21873.35,21794.75,21798.45,4670,80,0
2025-06-17 16:45:00+03:00,21798.55,21858.45,21791.55,21857.35,4361,120,0
2025-06-17 17:00:00+03:00,21861.45,21891.95,21833.95,21884.35,4100,80,0
2025-06-17 17:15:00+03:00,21884.65,21896.15,21856.95,21865.75,3941,80,0
2025-06-17 17:30:00+03:00,21865.45,21874.15,21838.35,21847.45,3923,80,0
2025-06-17 17:45:00+03:00,21847.45,21872.05,21834.15,21838.65,3778,80,0
2025-06-17 18:00:00+03:00,21838.15,21895.75,21836.15,21893.45,3603,80,0
2025-06-17 18:15:00+03:00,21893.65,21894.95,21849.25,21853.45,3834,80,0
2025-06-17 18:30:00+03:00,21853.45,21882.95,21842.25,21881.75,3716,80,0
2025-06-17 18:45:00+03:00,21882.15,21885.25,21850.45,21861.15,3600,80,0
2025-06-17 19:00:00+03:00,21861.65,21892.95,21858.25,21889.55,3612,80,0
2025-06-17 19:15:00+03:00,21889.25,21894.25,21869.55,21872.55,3501,80,0
2025-06-17 19:30:00+03:00,21872.25,21889.15,21836.15,21845.05,3291,80,0
2025-06-17 19:45:00+03:00,21847.55,21860.55,21790.25,21800.85,4196,120,0
2025-06-17 20:00:00+03:00,21799.45,21821.45,21778.45,21814.95,3911,80,0
2025-06-17 20:15:00+03:00,21814.55,21818.75,21779.35,21779.55,3845,80,0
2025-06-17 20:30:00+03:00,21779.45,21812.75,21754.75,21769.85,4032,80,0
2025-06-17 20:45:00+03:00,21769.35,21776.95,21710.45,21726.45,4327,120,0
2025-06-17 21:00:00+03:00,21725.95,21740.05,21691.95,21721.75,4162,120,0
2025-06-17 21:15:00+03:00,21721.35,21727.85,21681.05,21699.45,3981,110,0
2025-06-17 21:30:00+03:00,21699.85,21729.25,21674.45,21697.75,4020,100,0
2025-06-17 21:45:00+03:00,21698.35,21743.15,21694.95,21741.65,3638,80,0
2025-06-17 22:00:00+03:00,21741.95,21745.95,21711.35,21732.65,3765,80,0
2025-06-17 22:15:00+03:00,21732.55,21754.25,21724.15,21751.65,3404,80,0
2025-06-17 22:30:00+03:00,21752.55,21759.45,21726.85,21741.15,3679,80,0
2025-06-17 22:45:00+03:00,21741.65,21761.15,21711.55,21720.25,4088,90,0
2025-06-17 23:00:00+03:00,21720.95,21746.76,21710.36,21717.36,3019,120,0
2025-06-17 23:15:00+03:00,21717.36,21723.56,21702.56,21714.86,2023,198,0
2025-06-17 23:30:00+03:00,21714.66,21727.86,21714.06,21727.86,1233,178,0
2025-06-17 23:45:00+03:00,21728.46,21731.66,21708.16,21710.36,524,198,0
2025-06-18 01:00:00+03:00,21675.05,21694.75,21672.35,21685.75,1164,210,0
2025-06-18 01:15:00+03:00,21685.55,21686.45,21667.05,21668.25,1235,200,0
2025-06-18 01:30:00+03:00,21668.35,21672.45,21646.55,21656.25,1596,180,0
2025-06-18 01:45:00+03:00,21656.25,21656.35,21629.85,21638.55,1429,170,0
2025-06-18 02:00:00+03:00,21638.35,21666.05,21630.45,21641.35,1732,210,0
2025-06-18 02:15:00+03:00,21641.55,21667.05,21640.35,21661.05,1257,200,0
2025-06-18 02:30:00+03:00,21660.75,21683.85,21653.85,21677.35,1168,180,0
2025-06-18 02:45:00+03:00,21676.05,21691.35,21660.45,21670.85,1738,210,0
2025-06-18 03:00:00+03:00,21670.85,21733.05,21670.35,21729.55,2601,210,0
2025-06-18 03:15:00+03:00,21729.35,21739.05,21716.55,21723.85,2050,200,0
2025-06-18 03:30:00+03:00,21724.15,21752.95,21719.05,21744.45,1609,190,0
2025-06-18 03:45:00+03:00,21744.85,21745.55,21722.65,21743.75,1463,180,0
2025-06-18 04:00:00+03:00,21743.75,21776.55,21743.05,21748.45,2122,190,0
2025-06-18 04:15:00+03:00,21748.35,21754.45,21736.85,21741.85,1380,180,0
2025-06-18 04:30:00+03:00,21742.25,21766.35,21741.75,21752.75,1568,180,0
2025-06-18 04:45:00+03:00,21753.05,21753.05,21728.95,21740.25,1336,170,0
2025-06-18 05:00:00+03:00,21740.75,21742.65,21729.95,21738.15,1161,160,0
2025-06-18 05:15:00+03:00,21737.85,21759.95,21737.45,21754.95,1187,160,0
2025-06-18 05:30:00+03:00,21755.05,21767.45,21749.55,21758.95,1090,160,0
2025-06-18 05:45:00+03:00,21758.85,21767.85,21741.15,21743.45,1048,150,0
2025-06-18 06:00:00+03:00,21742.95,21747.35,21734.75,21739.55,1075,160,0
2025-06-18 06:15:00+03:00,21740.45,21750.35,21735.45,21737.65,924,170,0
2025-06-18 06:30:00+03:00,21737.45,21744.85,21734.55,21744.05,755,160,0
2025-06-18 06:45:00+03:00,21743.85,21747.75,21733.85,21735.85,740,160,0
2025-06-18 07:00:00+03:00,21735.85,21748.05,21734.05,21745.55,722,160,0
2025-06-18 07:15:00+03:00,21745.45,21745.85,21711.85,21724.05,891,160,0
2025-06-18 07:30:00+03:00,21723.95,21738.25,21722.05,21735.95,868,150,0
2025-06-18 07:45:00+03:00,21735.95,21752.65,21733.75,21746.35,872,150,0
2025-06-18 08:00:00+03:00,21746.35,21759.95,21744.95,21753.75,1062,160,0
2025-06-18 08:15:00+03:00,21754.15,21760.55,21749.75,21752.55,801,150,0
2025-06-18 08:30:00+03:00,21752.75,21762.15,21746.25,21752.05,939,150,0
2025-06-18 08:45:00+03:00,21751.65,21757.55,21745.15,21754.65,858,160,0
2025-06-18 09:00:00+03:00,21754.35,21779.85,21748.05,21774.75,1709,180,0
2025-06-18 09:15:00+03:00,21775.05,21786.45,21762.85,21784.25,1519,180,0
2025-06-18 09:30:00+03:00,21783.35,21796.35,21768.25,21773.15,1618,180,0
2025-06-18 09:45:00+03:00,21773.15,21776.15,21760.85,21769.65,1352,170,0
2025-06-18 10:00:00+03:00,21769.95,21783.75,21765.15,21776.75,2381,190,0
2025-06-18 10:15:00+03:00,21776.95,21794.75,21773.05,21779.35,1954,200,0
2025-06-18 10:30:00+03:00,21780.15,21797.85,21779.25,21792.65,1728,190,0
2025-06-18 10:45:00+03:00,21792.95,21793.55,21764.75,21780.05,1692,190,0
2025-06-18 11:00:00+03:00,21780.25,21801.65,21774.55,21787.65,1896,180,0
2025-06-18 11:15:00+03:00,21787.55,21789.45,21771.85,21782.15,1727,180,0
2025-06-18 11:30:00+03:00,21782.45,21789.75,21779.75,21784.95,1303,170,0
2025-06-18 11:45:00+03:00,21785.15,21802.95,21783.75,21797.65,1227,170,0
2025-06-18 12:00:00+03:00,21797.85,21830.75,21797.85,21815.65,1581,180,0
2025-06-18 12:15:00+03:00,21815.75,21822.45,21811.45,21814.05,1091,160,0
2025-06-18 12:30:00+03:00,21813.95,21816.85,21796.15,21803.75,1215,170,0
2025-06-18 12:45:00+03:00,21803.55,21810.85,21797.15,21797.65,1058,150,0
2025-06-18 13:00:00+03:00,21797.55,21801.15,21776.65,21790.25,1420,150,0
2025-06-18 13:15:00+03:00,21789.75,21798.55,21757.25,21774.25,1853,170,0
2025-06-18 13:30:00+03:00,21773.95,21777.85,21753.35,21764.75,1997,190,0
2025-06-18 13:45:00+03:00,21764.65,21774.65,21718.85,21723.35,2162,200,0
2025-06-18 14:00:00+03:00,21723.95,21737.85,21718.05,21731.45,1975,200,0
2025-06-18 14:15:00+03:00,21731.55,21752.95,21724.55,21748.75,1648,190,0
2025-06-18 14:30:00+03:00,21748.75,21772.55,21743.15,21770.25,1534,190,0
2025-06-18 14:45:00+03:00,21769.45,21795.85,21768.55,21773.65,2043,190,0
2025-06-18 15:00:00+03:00,21772.15,21776.15,21760.05,21776.15,1664,180,0
2025-06-18 15:15:00+03:00,21776.15,21784.35,21763.25,21770.8,1654,180,0
2025-06-18 15:30:00+03:00,21771.1,21775.75,21745.95,21756.85,2062,200,0
2025-06-18 15:45:00+03:00,21757.85,21772.45,21749.15,21754.35,1853,190,0
2025-06-18 16:00:00+03:00,21755.65,21778.15,21751.25,21771.45,1948,190,0
2025-06-18 16:15:00+03:00,21770.45,21781.95,21760.35,21760.35,2197,190,0
2025-06-18 16:30:00+03:00,21760.35,21763.25,21694.85,21745.45,4542,100,0
2025-06-18 16:45:00+03:00,21745.35,21793.55,21740.05,21769.65,4265,90,0
2025-06-18 17:00:00+03:00,21771.85,21819.95,21748.85,21813.65,4357,90,0
2025-06-18 17:15:00+03:00,21813.35,21848.75,21809.45,21841.05,4061,80,0
2025-06-18 17:30:00+03:00,21841.15,21864.85,21834.15,21854.25,3909,80,0
2025-06-18 17:45:00+03:00,21854.25,21860.15,21828.45,21848.05,3374,80,0
2025-06-18 18:00:00+03:00,21848.15,21853.65,21823.25,21827.15,3290,80,0
2025-06-18 18:15:00+03:00,21826.45,21833.65,21810.75,21817.95,3322,80,0
2025-06-18 18:30:00+03:00,21818.45,21834.65,21807.15,21819.55,3704,80,0
2025-06-18 18:45:00+03:00,21819.25,21846.45,21802.95,21807.25,3372,80,0
2025-06-18 19:00:00+03:00,21807.15,21833.95,21790.85,21823.15,3778,80,0
2025-06-18 19:15:00+03:00,21822.75,21825.65,21792.65,21796.65,3465,80,0
2025-06-18 19:30:00+03:00,21796.75,21814.55,21792.15,21811.05,3326,80,0
2025-06-18 19:45:00+03:00,21811.05,21821.75,21795.65,21796.45,3335,80,0
2025-06-18 20:00:00+03:00,21796.45,21806.95,21783.95,21797.95,3283,80,0
2025-06-18 20:15:00+03:00,21797.95,21803.95,21744.45,21744.95,3372,80,0
2025-06-18 20:30:00+03:00,21745.65,21773.75,21708.35,21771.55,3841,80,0
2025-06-18 20:45:00+03:00,21772.05,21808.75,21771.95,21792.85,3295,80,0
2025-06-18 21:00:00+03:00,21798.05,21848.25,21738.45,21781.85,4509,100,0
2025-06-18 21:15:00+03:00,21781.75,21794.25,21744.45,21780.05,4102,120,0
2025-06-18 21:30:00+03:00,21781.05,21831.85,21763.45,21816.35,4350,120,0
2025-06-18 21:45:00+03:00,21817.25,21817.35,21658.65,21682.35,4661,120,0
2025-06-18 22:00:00+03:00,21682.65,21770.85,21652.85,21757.65,4684,120,0
2025-06-18 22:15:00+03:00,21757.65,21779.85,21686.75,21689.15,4490,120,0
2025-06-18 22:30:00+03:00,21688.65,21770.85,21677.35,21770.65,4309,120,0
2025-06-18 22:45:00+03:00,21769.85,21771.25,21702.05,21717.05,4314,120,0
2025-06-18 23:00:00+03:00,21716.15,21744.26,21714.56,21728.16,2671,120,0
2025-06-18 23:15:00+03:00,21728.06,21736.46,21714.76,21727.76,1496,198,0
2025-06-18 23:30:00+03:00,21727.86,21743.86,21718.96,21735.66,1063,188,0
2025-06-18 23:45:00+03:00,21735.16,21736.56,21724.86,21732.66,435,208,0
2025-06-19 01:00:00+03:00,21723.06,21727.46,21696.56,21698.56,585,228,0
2025-06-19 01:15:00+03:00,21697.96,21711.06,21685.36,21701.26,777,188,0
2025-06-19 01:30:00+03:00,21700.96,21704.26,21680.86,21691.96,818,208,0
2025-06-19 01:45:00+03:00,21691.66,21707.06,21689.76,21706.36,495,178,0
2025-06-19 02:00:00+03:00,21706.45,21714.45,21698.35,21701.45,537,170,0
2025-06-19 02:15:00+03:00,21700.95,21706.05,21696.55,21699.05,302,150,0
2025-06-19 02:30:00+03:00,21698.95,21704.45,21691.15,21697.15,711,170,0
2025-06-19 02:45:00+03:00,21698.05,21722.65,21695.35,21717.55,1139,170,0
2025-06-19 03:00:00+03:00,21717.35,21720.85,21654.65,21661.85,1746,170,0
2025-06-19 03:15:00+03:00,21661.85,21666.15,21617.55,21659.65,2522,210,0
2025-06-19 03:30:00+03:00,21659.85,21676.95,21658.15,21670.05,1490,180,0
2025-06-19 03:45:00+03:00,21671.15,21674.55,21654.55,21661.35,1273,180,0
2025-06-19 04:00:00+03:00,21661.65,21662.35,21560.15,21623.75,2581,200,0
2025-06-19 04:15:00+03:00,21623.75,21629.85,21608.35,21625.95,1688,200,0
2025-06-19 04:30:00+03:00,21626.35,21641.65,21603.75,21606.35,1985,190,0
2025-06-19 04:45:00+03:00,21606.55,21618.55,21600.65,21608.85,1489,180,0
2025-06-19 05:00:00+03:00,21608.65,21614.65,21591.65,21613.65,1423,190,0
2025-06-19 05:15:00+03:00,21613.75,21628.05,21610.65,21621.95,1145,150,0
2025-06-19 05:30:00+03:00,21621.95,21637.35,21616.65,21630.85,1174,150,0
2025-06-19 05:45:00+03:00,21631.05,21632.35,21612.25,21614.25,1008,160,0
2025-06-19 06:00:00+03:00,21614.45,21647.85,21613.95,21645.05,1210,170,0
2025-06-19 06:15:00+03:00,21644.55,21649.45,21640.55,21643.95,806,160,0
2025-06-19 06:30:00+03:00,21644.05,21646.45,21635.45,21642.95,760,150,0
2025-06-19 06:45:00+03:00,21642.45,21658.75,21635.75,21652.15,833,150,0
2025-06-19 07:00:00+03:00,21652.05,21661.25,21651.15,21660.55,607,150,0
2025-06-19 07:15:00+03:00,21661.35,21663.15,21646.45,21647.75,671,150,0
2025-06-19 07:30:00+03:00,21647.95,21669.75,21645.25,21665.65,732,150,0
2025-06-19 07:45:00+03:00,21665.75,21672.05,21661.75,21667.45,731,150,0
2025-06-19 08:00:00+03:00,21667.55,21667.85,21647.75,21651.15,861,160,0
2025-06-19 08:15:00+03:00,21651.25,21658.25,21644.55,21645.65,796,150,0
2025-06-19 08:30:00+03:00,21645.75,21649.25,21638.95,21644.95,869,160,0
2025-06-19 08:45:00+03:00,21644.75,21645.75,21617.15,21620.75,1238,170,0
2025-06-19 09:00:00+03:00,21620.65,21643.65,21611.35,21612.65,1905,200,0
2025-06-19 09:15:00+03:00,21612.85,21630.05,21609.85,21616.85,1552,190,0
2025-06-19 09:30:00+03:00,21617.15,21622.05,21600.65,21612.35,1928,190,0
2025-06-19 09:45:00+03:00,21612.55,21620.95,21587.35,21620.75,1640,190,0
2025-06-19 10:00:00+03:00,21620.75,21640.25,21614.25,21622.15,2637,190,0
2025-06-19 10:15:00+03:00,21622.65,21624.65,21576.65,21598.55,2519,210,0
2025-06-19 10:30:00+03:00,21598.35,21608.15,21582.65,21585.65,2430,200,0
2025-06-19 10:45:00+03:00,21586.55,21592.05,21552.25,21564.55,2505,200,0
2025-06-19 11:00:00+03:00,21564.35,21608.75,21564.35,21586.55,2429,200,0
2025-06-19 11:15:00+03:00,21585.55,21595.55,21581.05,21591.65,1771,190,0
2025-06-19 11:30:00+03:00,21591.65,21598.95,21579.15,21590.55,1708,190,0
2025-06-19 11:45:00+03:00,21590.65,21601.35,21588.75,21596.05,1415,160,0
2025-06-19 12:00:00+03:00,21596.15,21608.95,21594.85,21600.15,1421,160,0
2025-06-19 12:15:00+03:00,21600.25,21618.55,21593.35,21609.55,1434,180,0
2025-06-19 12:30:00+03:00,21609.65,21616.25,21603.55,21613.15,1185,170,0
2025-06-19 12:45:00+03:00,21612.85,21619.95,21595.35,21601.55,1173,170,0
2025-06-19 13:00:00+03:00,21601.55,21609.65,21582.15,21584.35,1342,150,0
2025-06-19 13:15:00+03:00,21584.25,21604.55,21581.15,21594.25,1509,170,0
2025-06-19 13:30:00+03:00,21594.15,21608.45,21594.15,21604.05,1128,170,0
2025-06-19 13:45:00+03:00,21604.25,21625.15,21597.05,21614.85,1439,160,0
2025-06-19 14:00:00+03:00,21614.85,21616.85,21564.85,21565.15,2031,190,0
2025-06-19 14:15:00+03:00,21564.65,21583.85,21556.05,21578.65,1769,190,0
2025-06-19 14:30:00+03:00,21578.85,21583.65,21570.85,21577.45,1447,180,0
2025-06-19 14:45:00+03:00,21578.65,21594.65,21570.25,21583.25,1633,180,0
2025-06-19 15:00:00+03:00,21583.35,21593.55,21559.55,21591.85,1819,170,0
2025-06-19 15:15:00+03:00,21592.15,21592.75,21564.65,21574.05,1706,170,0
2025-06-19 15:30:00+03:00,21574.25,21582.05,21544.35,21546.75,1855,170,0
2025-06-19 15:45:00+03:00,21546.85,21546.85,21514.25,21533.05,2686,200,0
2025-06-19 16:00:00+03:00,21531.95,21542.65,21507.05,21539.25,2389,200,0
2025-06-19 16:15:00+03:00,21539.05,21555.25,21536.15,21553.15,1820,180,0
2025-06-19 16:30:00+03:00,21553.45,21556.15,21488.45,21492.75,3593,80,0
2025-06-19 16:45:00+03:00,21492.15,21497.35,21421.45,21454.65,3811,90,0
2025-06-19 17:00:00+03:00,21454.65,21484.55,21442.55,21479.15,3074,80,0
2025-06-19 17:15:00+03:00,21479.25,21498.95,21468.65,21486.95,2658,80,0
2025-06-19 17:30:00+03:00,21487.15,21492.05,21448.25,21451.35,3032,80,0
2025-06-19 17:45:00+03:00,21451.35,21502.15,21449.95,21496.05,2636,80,0
2025-06-19 18:00:00+03:00,21496.65,21509.95,21471.85,21495.05,2700,80,0
2025-06-19 18:15:00+03:00,21495.45,21505.15,21476.75,21490.05,2651,80,0
2025-06-19 18:30:00+03:00,21488.55,21492.15,21460.75,21483.65,2937,80,0
2025-06-19 18:45:00+03:00,21483.45,21493.45,21446.75,21450.75,2920,80,0
2025-06-19 19:00:00+03:00,21450.75,21486.55,21448.35,21483.95,2086,80,0
2025-06-19 19:15:00+03:00,21484.05,21504.95,21483.15,21504.45,1473,80,0
2025-06-19 19:30:00+03:00,21504.95,21511.65,21491.75,21499.25,1939,80,0
2025-06-19 19:45:00+03:00,21499.55,21505.55,21461.35,21468.25,2638,80,0
2025-06-20 01:00:00+03:00,21602.76,21622.36,21588.86,21599.66,1612,228,0
2025-06-20 01:15:00+03:00,21599.36,21619.56,21598.96,21617.56,1454,198,0
2025-06-20 01:30:00+03:00,21618.06,21683.66,21610.96,21668.66,2626,218,0
2025-06-20 01:45:00+03:00,21668.46,21695.16,21658.16,21663.26,2214,228,0
2025-06-20 02:00:00+03:00,21663.46,21673.85,21641.85,21645.85,1735,200,0
2025-06-20 02:15:00+03:00,21645.35,21672.95,21640.35,21644.55,1684,200,0
2025-06-20 02:30:00+03:00,21645.25,21671.05,21641.55,21667.35,1147,190,0
2025-06-20 02:45:00+03:00,21667.25,21670.85,21645.85,21656.45,1258,180,0
2025-06-20 03:00:00+03:00,21656.95,21694.75,21649.85,21686.25,2178,180,0
2025-06-20 03:15:00+03:00,21686.85,21693.95,21666.45,21681.75,1698,180,0
2025-06-20 03:30:00+03:00,21681.85,21685.15,21663.35,21667.85,1523,170,0
2025-06-20 03:45:00+03:00,21668.05,21679.35,21653.15,21656.75,1753,190,0
2025-06-20 04:00:00+03:00,21657.45,21663.95,21616.75,21629.55,2196,200,0
2025-06-20 04:15:00+03:00,21628.45,21654.35,21627.55,21637.75,1800,190,0
2025-06-20 04:30:00+03:00,21638.55,21646.85,21618.35,21636.75,1833,200,0
2025-06-20 04:45:00+03:00,21636.75,21651.55,21631.95,21644.65,1476,190,0
2025-06-20 05:00:00+03:00,21644.65,21653.95,21636.95,21647.45,1313,180,0
2025-06-20 05:15:00+03:00,21647.65,21661.15,21646.15,21657.85,1056,160,0
2025-06-20 05:30:00+03:00,21658.05,21672.75,21657.45,21662.65,1057,160,0
2025-06-20 05:45:00+03:00,21662.75,21667.45,21658.15,21662.05,767,150,0
2025-06-20 06:00:00+03:00,21662.05,21664.15,21652.95,21663.85,841,160,0
2025-06-20 06:15:00+03:00,21663.95,21677.45,21653.05,21675.25,1111,160,0
2025-06-20 06:30:00+03:00,21674.75,21680.75,21671.75,21674.45,1029,160,0
2025-06-20 06:45:00+03:00,21675.25,21680.85,21667.75,21669.85,895,160,0
2025-06-20 07:00:00+03:00,21669.85,21673.95,21664.35,21666.55,775,160,0
2025-06-20 07:15:00+03:00,21666.85,21676.35,21665.35,21674.25,770,150,0
2025-06-20 07:30:00+03:00,21674.25,21679.25,21672.85,21678.55,614,150,0
2025-06-20 07:45:00+03:00,21678.15,21690.05,21677.05,21677.85,792,150,0
2025-06-20 08:00:00+03:00,21677.85,21680.55,21664.65,21665.55,1116,160,0
2025-06-20 08:15:00+03:00,21665.65,21672.05,21660.05,21664.95,1093,160,0
2025-06-20 08:30:00+03:00,21665.05,21672.95,21660.15,21669.95,1122,160,0
2025-06-20 08:45:00+03:00,21670.05,21692.65,21670.05,21691.75,1205,160,0
2025-06-20 09:00:00+03:00,21691.85,21703.45,21685.85,21702.25,1815,180,0
2025-06-20 09:15:00+03:00,21702.45,21713.65,21695.35,21703.45,1440,170,0
2025-06-20 09:30:00+03:00,21703.95,21704.45,21684.95,21694.25,1608,170,0
2025-06-20 09:45:00+03:00,21693.95,21693.95,21670.95,21679.25,1788,180,0
2025-06-20 10:00:00+03:00,21679.65,21684.25,21665.95,21673.65,2374,190,0
2025-06-20 10:15:00+03:00,21673.65,21692.75,21670.05,21687.45,1774,180,0
2025-06-20 10:30:00+03:00,21687.35,21695.05,21679.15,21686.55,1675,180,0
2025-06-20 10:45:00+03:00,21686.65,21704.55,21680.45,21697.75,1518,170,0
2025-06-20 11:00:00+03:00,21698.85,21721.95,21691.85,21714.75,2331,180,0
2025-06-20 11:15:00+03:00,21713.95,21719.15,21683.75,21687.65,1686,180,0
2025-06-20 11:30:00+03:00,21687.45,21687.95,21664.45,21665.35,1870,190,0
2025-06-20 11:45:00+03:00,21665.45,21667.25,21632.35,21638.15,2213,200,0
2025-06-20 12:00:00+03:00,21638.15,21666.55,21636.65,21666.25,2006,190,0
2025-06-20 12:15:00+03:00,21666.05,21675.45,21658.55,21658.65,1407,180,0
2025-06-20 12:30:00+03:00,21658.75,21664.95,21650.45,21664.95,1356,190,0
2025-06-20 12:45:00+03:00,21665.15,21680.35,21656.25,21672.75,1817,180,0
2025-06-20 13:00:00+03:00,21672.75,21682.25,21665.25,21665.95,1565,190,0
2025-06-20 13:15:00+03:00,21665.85,21666.45,21655.85,21660.55,1412,180,0
2025-06-20 13:30:00+03:00,21660.45,21679.85,21656.05,21673.65,1493,170,0
2025-06-20 13:45:00+03:00,21673.25,21682.75,21662.95,21671.85,1513,170,0
2025-06-20 14:00:00+03:00,21670.35,21690.65,21668.95,21679.05,1898,190,0
2025-06-20 14:15:00+03:00,21679.45,21691.95,21676.55,21680.25,1520,190,0
2025-06-20 14:30:00+03:00,21680.45,21739.45,21675.05,21739.15,1535,180,0
2025-06-20 14:45:00+03:00,21746.85,21778.65,21733.55,21740.35,3562,210,0
2025-06-20 15:00:00+03:00,21740.85,21763.85,21738.35,21757.35,2779,210,0
2025-06-20 15:15:00+03:00,21757.15,21769.15,21745.95,21760.05,2347,200,0
2025-06-20 15:30:00+03:00,21760.15,21789.55,21756.15,21783.05,3062,210,0
2025-06-20 15:45:00+03:00,21783.15,21812.15,21782.95,21802.35,2374,190,0
2025-06-20 16:00:00+03:00,21802.35,21814.15,21799.85,21806.65,2347,200,0
2025-06-20 16:15:00+03:00,21806.25,21875.45,21798.45,21847.35,3077,190,0
2025-06-20 16:30:00+03:00,21847.15,21903.25,21813.35,21890.25,4694,120,0
2025-06-20 16:45:00+03:00,21892.15,21896.15,21784.15,21792.05,4500,120,0
2025-06-20 17:00:00+03:00,21791.05,21802.75,21748.35,21771.65,4450,120,0
2025-06-20 17:15:00+03:00,21771.15,21778.45,21664.05,21711.15,4522,120,0
2025-06-20 17:30:00+03:00,21710.65,21736.35,21642.65,21655.95,4489,120,0
2025-06-20 17:45:00+03:00,21654.95,21654.95,21577.35,21595.65,4592,120,0
2025-06-20 18:00:00+03:00,21596.45,21631.35,21552.55,21629.65,4413,120,0
2025-06-20 18:15:00+03:00,21630.05,21654.35,21622.05,21638.95,4103,110,0
2025-06-20 18:30:00+03:00,21637.45,21702.75,21635.45,21699.65,3987,90,0
2025-06-20 18:45:00+03:00,21699.55,21701.25,21622.15,21629.15,4049,90,0
2025-06-20 19:00:00+03:00,21629.95,21667.65,21623.45,21638.35,3991,110,0
2025-06-20 19:15:00+03:00,21637.55,21654.65,21615.35,21643.95,3840,110,0
2025-06-20 19:30:00+03:00,21644.45,21669.65,21639.45,21659.15,3657,80,0
2025-06-20 19:45:00+03:00,21658.75,21682.85,21648.75,21664.95,3698,80,0
2025-06-20 20:00:00+03:00,21664.95,21685.05,21630.05,21667.55,3684,100,0
2025-06-20 20:15:00+03:00,21667.45,21690.65,21575.95,21576.05,3903,90,0
2025-06-20 20:30:00+03:00,21577.15,21601.85,21546.15,21579.15,4075,110,0
2025-06-20 20:45:00+03:00,21578.45,21620.55,21577.45,21620.35,3593,80,0
2025-06-20 21:00:00+03:00,21620.35,21647.55,21614.25,21639.15,3530,80,0
2025-06-20 21:15:00+03:00,21639.05,21682.05,21638.65,21661.15,3580,80,0
2025-06-20 21:30:00+03:00,21661.85,21677.45,21645.75,21650.55,3481,80,0
2025-06-20 21:45:00+03:00,21650.65,21658.15,21588.55,21596.55,3572,80,0
2025-06-20 22:00:00+03:00,21596.55,21614.15,21585.65,21601.55,3789,100,0
2025-06-20 22:15:00+03:00,21601.55,21613.65,21583.55,21593.85,3487,90,0
2025-06-20 22:30:00+03:00,21593.75,21608.35,21583.05,21598.35,3631,90,0
2025-06-20 22:45:00+03:00,21598.55,21639.05,21581.85,21622.55,4129,90,0
2025-06-20 23:00:00+03:00,21622.86,21690.46,21622.36,21641.26,3218,138,0
2025-06-20 23:15:00+03:00,21641.46,21644.76,21628.76,21640.36,1584,198,0
2025-06-20 23:30:00+03:00,21640.56,21651.66,21636.26,21651.46,1310,178,0
2025-06-20 23:45:00+03:00,21651.16,21656.46,21651.16,21654.36,293,178,0
2025-06-23 01:00:00+03:00,21482.56,21528.46,21461.16,21503.36,2555,228,0
2025-06-23 01:15:00+03:00,21503.06,21535.16,21485.86,21521.96,2694,228,0
2025-06-23 01:30:00+03:00,21521.86,21567.86,21521.86,21543.96,2569,228,0
2025-06-23 01:45:00+03:00,21544.56,21557.56,21523.56,21542.96,1979,228,0
2025-06-23 02:00:00+03:00,21543.06,21547.05,21519.15,21529.65,1880,210,0
2025-06-23 02:15:00+03:00,21529.75,21545.55,21512.95,21540.55,1674,200,0
2025-06-23 02:30:00+03:00,21540.25,21554.65,21529.15,21532.45,1413,180,0
2025-06-23 02:45:00+03:00,21532.15,21551.45,21526.85,21544.95,1399,170,0
2025-06-23 03:00:00+03:00,21545.25,21545.25,21497.05,21511.45,2840,200,0
2025-06-23 03:15:00+03:00,21511.15,21514.15,21491.75,21503.05,2118,200,0
2025-06-23 03:30:00+03:00,21502.05,21516.45,21494.75,21514.05,1666,200,0
2025-06-23 03:45:00+03:00,21513.95,21521.95,21506.85,21515.65,1567,190,0
2025-06-23 04:00:00+03:00,21515.85,21534.45,21502.75,21525.25,1906,190,0
2025-06-23 04:15:00+03:00,21525.25,21526.65,21499.45,21501.45,1568,180,0
2025-06-23 04:30:00+03:00,21501.65,21512.95,21497.15,21508.45,1434,170,0
2025-06-23 04:45:00+03:00,21508.35,21524.35,21507.35,21523.55,1298,160,0
2025-06-23 05:00:00+03:00,21524.05,21540.15,21521.65,21535.65,1523,170,0
2025-06-23 05:15:00+03:00,21535.55,21542.25,21534.45,21539.45,1028,150,0
2025-06-23 05:30:00+03:00,21539.45,21556.15,21536.95,21547.95,1221,150,0
2025-06-23 05:45:00+03:00,21547.05,21547.05,21533.25,21543.45,1089,160,0
2025-06-23 06:00:00+03:00,21541.15,21553.25,21540.15,21542.85,934,150,0
2025-06-23 06:15:00+03:00,21542.65,21552.65,21541.45,21545.65,894,160,0
2025-06-23 06:30:00+03:00,21545.65,21556.85,21544.65,21554.85,911,150,0
2025-06-23 06:45:00+03:00,21554.65,21555.75,21542.45,21551.45,850,150,0
2025-06-23 07:00:00+03:00,21551.65,21555.15,21542.45,21546.05,869,150,0
2025-06-23 07:15:00+03:00,21545.95,21557.35,21545.95,21551.55,774,150,0
2025-06-23 07:30:00+03:00,21551.75,21554.15,21544.05,21549.15,638,150,0
2025-06-23 07:45:00+03:00,21549.15,21550.45,21543.75,21549.35,573,150,0
2025-06-23 08:00:00+03:00,21549.05,21596.05,21548.55,21587.65,1543,150,0
2025-06-23 08:15:00+03:00,21587.65,21599.35,21577.55,21583.05,1464,180,0
2025-06-23 08:30:00+03:00,21583.15,21591.15,21576.45,21589.95,1196,150,0
2025-06-23 08:45:00+03:00,21589.15,21594.35,21574.75,21593.75,1297,160,0
2025-06-23 09:00:00+03:00,21593.75,21612.05,21590.05,21598.25,1784,180,0
2025-06-23 09:15:00+03:00,21598.05,21601.65,21582.55,21594.05,1375,180,0
2025-06-23 09:30:00+03:00,21593.85,21604.35,21588.95,21596.05,1224,180,0
2025-06-23 09:45:00+03:00,21596.15,21619.55,21595.55,21603.45,1558,170,0
2025-06-23 10:00:00+03:00,21603.95,21656.75,21603.85,21652.15,2850,200,0
2025-06-23 10:15:00+03:00,21650.95,21652.45,21611.05,21635.25,2610,200,0
2025-06-23 10:30:00+03:00,21636.45,21683.75,21631.25,21672.95,2518,200,0
2025-06-23 10:45:00+03:00,21672.95,21688.75,21667.45,21680.55,1840,190,0
2025-06-23 11:00:00+03:00,21681.55,21728.25,21663.65,21702.15,2857,200,0
2025-06-23 11:15:00+03:00,21702.65,21705.15,21681.95,21693.55,2099,190,0
2025-06-23 11:30:00+03:00,21692.95,21701.35,21686.05,21700.05,1758,190,0
2025-06-23 11:45:00+03:00,21700.75,21702.85,21681.85,21691.45,1667,200,0
2025-06-23 12:00:00+03:00,21691.25,21695.05,21665.95,21687.55,2073,190,0
2025-06-23 12:15:00+03:00,21687.65,21718.25,21683.45,21684.25,2043,190,0
2025-06-23 12:30:00+03:00,21683.95,21690.75,21678.15,21680.35,1378,170,0
2025-06-23 12:45:00+03:00,21680.65,21685.65,21667.65,21667.85,1110,160,0
2025-06-23 13:00:00+03:00,21667.85,21708.55,21655.45,21678.75,2425,170,0
2025-06-23 13:15:00+03:00,21678.95,21681.55,21651.65,21655.95,1778,200,0
2025-06-23 13:30:00+03:00,21655.55,21665.75,21632.95,21636.05,1878,200,0
2025-06-23 13:45:00+03:00,21636.05,21647.95,21630.55,21642.05,1696,190,0
2025-06-23 14:00:00+03:00,21642.35,21648.25,21600.95,21611.55,2408,190,0
2025-06-23 14:15:00+03:00,21611.05,21611.05,21575.55,21597.45,2381,210,0
2025-06-23 14:30:00+03:00,21595.95,21607.65,21576.45,21579.45,2387,210,0
2025-06-23 14:45:00+03:00,21579.55,21612.75,21560.15,21609.35,2631,200,0
2025-06-23 15:00:00+03:00,21610.25,21629.15,21601.55,21627.05,2477,200,0
2025-06-23 15:15:00+03:00,21628.65,21637.75,21617.75,21621.35,2224,190,0
2025-06-23 15:30:00+03:00,21621.95,21656.75,21620.25,21652.75,2123,190,0
2025-06-23 15:45:00+03:00,21652.55,21670.55,21648.85,21667.35,1876,190,0
2025-06-23 16:00:00+03:00,21668.05,21673.55,21640.25,21657.75,2734,190,0
2025-06-23 16:15:00+03:00,21657.75,21673.45,21640.55,21652.45,2665,200,0
2025-06-23 16:30:00+03:00,21653.25,21669.65,21543.45,21658.75,4714,120,0
2025-06-23 16:45:00+03:00,21671.25,21713.05,21645.75,21709.55,4422,110,0
2025-06-23 17:00:00+03:00,21710.15,21776.85,21710.15,21764.45,4460,110,0
2025-06-23 17:15:00+03:00,21764.95,21794.95,21747.25,21768.15,4318,110,0
2025-06-23 17:30:00+03:00,21768.35,21788.85,21754.25,21788.55,4299,100,0
2025-06-23 17:45:00+03:00,21788.55,21801.25,21734.25,21738.15,4172,100,0
2025-06-23 18:00:00+03:00,21738.85,21786.65,21735.65,21784.25,4008,80,0
2025-06-23 18:15:00+03:00,21784.15,21788.55,21728.45,21729.85,3824,80,0
2025-06-23 18:30:00+03:00,21729.65,21750.25,21705.75,21727.95,4222,90,0
2025-06-23 18:45:00+03:00,21728.25,21748.45,21717.35,21721.15,4080,90,0
2025-06-23 19:00:00+03:00,21721.85,21727.75,21698.15,21713.25,4039,90,0
2025-06-23 19:15:00+03:00,21713.35,21720.15,21637.55,21643.45,4259,80,0
2025-06-23 19:30:00+03:00,21643.55,21679.95,21521.35,21663.05,4816,120,0
2025-06-23 19:45:00+03:00,21665.45,21695.25,21617.85,21623.25,4808,120,0
2025-06-23 20:00:00+03:00,21625.45,21730.45,21604.85,21708.95,4776,120,0
2025-06-23 20:15:00+03:00,21708.75,21815.25,21706.75,21801.25,4326,120,0
2025-06-23 20:30:00+03:00,21801.35,21857.35,21801.35,21841.25,4469,120,0
2025-06-23 20:45:00+03:00,21842.55,21863.45,21820.75,21834.55,3888,110,0
2025-06-23 21:00:00+03:00,21835.15,21867.85,21830.05,21851.15,3833,90,0
2025-06-23 21:15:00+03:00,21851.15,21861.95,21824.65,21826.65,3661,80,0
2025-06-23 21:30:00+03:00,21828.85,21845.55,21820.35,21832.15,3702,80,0
2025-06-23 21:45:00+03:00,21831.25,21834.25,21804.75,21819.15,3350,80,0
2025-06-23 22:00:00+03:00,21818.95,21853.15,21814.55,21829.05,3770,80,0
2025-06-23 22:15:00+03:00,21829.55,21843.95,21807.65,21838.55,3440,80,0
2025-06-23 22:30:00+03:00,21837.95,21841.75,21813.25,21823.05,3255,80,0
2025-06-23 22:45:00+03:00,21822.25,21875.35,21818.55,21854.35,3955,80,0
2025-06-23 23:00:00+03:00,21855.75,21861.56,21834.76,21855.56,2455,120,0
2025-06-23 23:15:00+03:00,21855.56,21856.06,21841.36,21853.76,1134,188,0
2025-06-23 23:30:00+03:00,21853.86,21865.36,21849.76,21862.86,1054,168,0
2025-06-23 23:45:00+03:00,21862.76,21865.36,21858.66,21858.66,334,178,0
2025-06-24 01:00:00+03:00,21916.66,21956.86,21905.16,21956.86,1688,228,0
2025-06-24 01:15:00+03:00,21956.76,21999.26,21951.66,21980.06,2399,228,0
2025-06-24 01:30:00+03:00,21980.06,21991.86,21962.56,21967.16,1744,228,0
2025-06-24 01:45:00+03:00,21967.16,21987.46,21954.76,21986.66,1392,208,0
2025-06-24 02:00:00+03:00,21986.75,22013.75,21984.15,22009.95,1916,200,0
2025-06-24 02:15:00+03:00,22010.15,22038.15,22007.55,22021.75,1830,200,0
2025-06-24 02:30:00+03:00,22021.45,22033.95,22004.65,22025.35,1474,190,0
2025-06-24 02:45:00+03:00,22025.35,22029.75,22014.45,22019.25,990,180,0
2025-06-24 03:00:00+03:00,22019.45,22030.85,22011.25,22014.55,1468,190,0
2025-06-24 03:15:00+03:00,22014.45,22021.15,22005.05,22013.75,1557,190,0
2025-06-24 03:30:00+03:00,22013.55,22018.15,21998.95,22004.95,1534,190,0
2025-06-24 03:45:00+03:00,22006.25,22027.15,21978.95,22010.35,2457,200,0
2025-06-24 04:00:00+03:00,22010.45,22033.95,21997.65,22025.25,2183,200,0
2025-06-24 04:15:00+03:00,22024.75,22031.75,22019.85,22026.75,1501,170,0
2025-06-24 04:30:00+03:00,22027.65,22034.75,22024.35,22033.15,1354,170,0
2025-06-24 04:45:00+03:00,22033.15,22053.95,22030.25,22048.55,1632,150,0
2025-06-24 05:00:00+03:00,22048.25,22052.05,22002.65,22028.25,2226,150,0
2025-06-24 05:15:00+03:00,22027.95,22030.15,22004.65,22018.35,1643,180,0
2025-06-24 05:30:00+03:00,22017.75,22019.15,21998.45,22009.15,1318,170,0
2025-06-24 05:45:00+03:00,22009.15,22024.15,22002.55,22018.05,1090,160,0
2025-06-24 06:00:00+03:00,22017.15,22022.15,22012.55,22019.65,973,160,0
2025-06-24 06:15:00+03:00,22019.65,22030.15,22015.15,22028.55,902,150,0
2025-06-24 06:30:00+03:00,22028.45,22033.35,22025.35,22026.05,857,150,0
2025-06-24 06:45:00+03:00,22026.05,22034.95,22024.55,22028.95,840,150,0
2025-06-24 07:00:00+03:00,22028.35,22031.05,22008.65,22010.15,1018,150,0
2025-06-24 07:15:00+03:00,22009.85,22023.75,22003.25,22019.65,1123,170,0
2025-06-24 07:30:00+03:00,22019.85,22031.75,22017.35,22027.95,853,160,0
2025-06-24 07:45:00+03:00,22027.75,22030.05,22022.95,22026.45,652,150,0
2025-06-24 08:00:00+03:00,22026.45,22040.05,22024.75,22038.95,1017,150,0
2025-06-24 08:15:00+03:00,22039.15,22042.25,22035.25,22040.45,874,150,0
2025-06-24 08:30:00+03:00,22039.95,22084.75,22038.35,22081.85,1994,160,0
2025-06-24 08:45:00+03:00,22082.05,22085.35,22066.85,22077.35,1358,180,0
2025-06-24 09:00:00+03:00,22077.65,22121.55,22077.15,22114.85,2180,180,0
2025-06-24 09:15:00+03:00,22114.75,22148.05,22097.15,22146.75,2492,200,0
2025-06-24 09:30:00+03:00,22146.85,22152.25,22123.05,22126.45,2056,190,0
2025-06-24 09:45:00+03:00,22126.45,22144.55,22123.05,22139.85,1797,190,0
2025-06-24 10:00:00+03:00,22139.05,22161.55,22114.45,22133.45,3395,210,0
2025-06-24 10:15:00+03:00,22133.25,22149.25,22105.35,22105.75,2621,210,0
2025-06-24 10:30:00+03:00,22108.55,22111.05,22061.25,22095.05,3210,210,0
2025-06-24 10:45:00+03:00,22094.75,22105.05,22043.45,22088.95,2859,210,0
2025-06-24 11:00:00+03:00,22088.85,22109.75,22070.55,22084.95,3077,210,0
2025-06-24 11:15:00+03:00,22084.75,22114.75,22077.55,22112.55,2631,210,0
2025-06-24 11:30:00+03:00,22112.35,22112.75,22076.25,22086.55,2060,200,0
2025-06-24 11:45:00+03:00,22086.65,22093.65,22078.65,22084.95,1567,180,0
2025-06-24 12:00:00+03:00,22084.65,22098.85,22084.25,22091.65,1714,180,0
2025-06-24 12:15:00+03:00,22092.15,22119.05,22089.95,22117.95,1613,180,0
2025-06-24 12:30:00+03:00,22118.15,22132.65,22114.15,22122.15,1771,180,0
2025-06-24 12:45:00+03:00,22122.85,22124.35,22093.65,22095.45,1395,170,0
2025-06-24 13:00:00+03:00,22095.25,22103.25,22065.85,22069.55,1944,170,0
2025-06-24 13:15:00+03:00,22070.65,22084.95,22064.15,22075.05,1633,170,0
2025-06-24 13:30:00+03:00,22075.95,22079.95,22061.25,22072.35,1914,190,0
2025-06-24 13:45:00+03:00,22072.25,22084.75,22064.05,22066.75,1512,150,0
2025-06-24 14:00:00+03:00,22066.05,22077.65,22046.55,22050.75,2230,160,0
2025-06-24 14:15:00+03:00,22049.95,22082.95,22032.85,22079.05,2303,170,0
2025-06-24 14:30:00+03:00,22078.25,22091.55,22066.45,22074.25,2227,170,0
2025-06-24 14:45:00+03:00,22074.15,22090.15,22074.15,22087.05,1759,160,0
2025-06-24 15:00:00+03:00,22086.75,22095.45,22064.35,22065.95,2021,160,0
2025-06-24 15:15:00+03:00,22065.95,22073.95,22054.95,22067.65,2070,160,0
2025-06-24 15:30:00+03:00,22067.75,22082.05,22041.35,22077.75,2640,170,0
2025-06-24 15:45:00+03:00,22077.95,22084.45,22054.45,22067.05,2208,170,0
2025-06-24 16:00:00+03:00,22067.45,22072.95,22059.45,22068.25,1973,160,0
2025-06-24 16:15:00+03:00,22068.45,22090.65,22059.55,22068.05,2747,170,0
2025-06-24 16:30:00+03:00,22067.65,22108.25,22041.95,22092.45,4621,80,0
2025-06-24 16:45:00+03:00,22092.45,22114.55,22061.15,22071.95,4397,90,0
2025-06-24 17:00:00+03:00,22068.35,22092.85,22049.75,22074.35,4447,90,0
2025-06-24 17:15:00+03:00,22075.15,22106.45,22073.85,22088.55,4073,80,0
2025-06-24 17:30:00+03:00,22088.65,22120.45,22087.45,22117.45,3662,80,0
2025-06-24 17:45:00+03:00,22117.45,22120.95,22082.15,22096.15,3540,80,0
2025-06-24 18:00:00+03:00,22095.95,22138.65,22095.95,22134.65,3647,80,0
2025-06-24 18:15:00+03:00,22134.65,22153.95,22128.45,22153.95,3024,80,0
2025-06-24 18:30:00+03:00,22154.15,22163.75,22143.95,22160.45,2894,80,0
2025-06-24 18:45:00+03:00,22160.15,22166.45,22137.95,22141.45,2890,80,0
2025-06-24 19:00:00+03:00,22141.75,22158.95,22136.75,22151.45,2848,80,0
2025-06-24 19:15:00+03:00,22151.45,22175.45,22149.45,22170.25,2601,80,0
2025-06-24 19:30:00+03:00,22169.95,22196.45,22168.25,22194.55,2681,80,0
2025-06-24 19:45:00+03:00,22194.95,22196.45,22165.45,22179.25,2753,80,0
2025-06-24 20:00:00+03:00,22179.85,22189.25,22172.05,22183.75,2718,80,0
2025-06-24 20:15:00+03:00,22183.45,22192.95,22159.25,22167.25,3049,80,0
2025-06-24 20:30:00+03:00,22167.25,22195.75,22166.95,22189.55,2526,80,0
2025-06-24 20:45:00+03:00,22189.25,22202.15,22184.65,22193.65,2379,80,0
2025-06-24 21:00:00+03:00,22194.25,22207.05,22189.55,22189.65,2571,80,0
2025-06-24 21:15:00+03:00,22189.65,22200.15,22188.95,22191.65,2188,80,0
2025-06-24 21:30:00+03:00,22192.65,22204.65,22184.45,22197.65,2272,80,0
2025-06-24 21:45:00+03:00,22197.45,22203.45,22189.55,22202.15,2147,80,0
2025-06-24 22:00:00+03:00,22202.15,22223.95,22201.95,22210.45,2538,80,0
2025-06-24 22:15:00+03:00,22210.15,22212.95,22197.65,22198.15,2364,80,0
2025-06-24 22:30:00+03:00,22197.95,22210.15,22192.95,22195.95,2512,80,0
2025-06-24 22:45:00+03:00,22195.75,22206.15,22182.15,22183.15,3401,80,0
2025-06-24 23:00:00+03:00,22183.35,22185.16,22171.26,22180.46,2143,90,0
2025-06-24 23:15:00+03:00,22179.26,22185.36,22172.86,22182.26,990,168,0
2025-06-24 23:30:00+03:00,22181.96,22187.76,22180.96,22187.06,691,168,0
2025-06-24 23:45:00+03:00,22187.76,22193.96,22185.96,22190.46,367,168,0
2025-06-25 01:00:00+03:00,22167.26,22177.76,22165.36,22174.06,822,168,0
2025-06-25 01:15:00+03:00,22174.36,22182.06,22164.56,22182.06,954,168,0
2025-06-25 01:30:00+03:00,22182.06,22183.26,22168.56,22177.26,782,168,0
2025-06-25 01:45:00+03:00,22177.36,22179.86,22172.56,22174.36,365,168,0
2025-06-25 02:00:00+03:00,22174.46,22188.05,22171.85,22174.65,747,150,0
2025-06-25 02:15:00+03:00,22174.65,22182.15,22167.45,22179.45,579,150,0
2025-06-25 02:30:00+03:00,22178.45,22185.35,22175.95,22184.95,527,150,0
2025-06-25 02:45:00+03:00,22184.65,22208.15,22181.65,22202.85,951,150,0
2025-06-25 03:00:00+03:00,22203.25,22207.15,22191.95,22204.65,1668,160,0
2025-06-25 03:15:00+03:00,22204.85,22211.95,22198.35,22207.05,1287,150,0
2025-06-25 03:30:00+03:00,22207.05,22209.65,22188.65,22200.65,1142,150,0
2025-06-25 03:45:00+03:00,22201.15,22206.85,22195.05,22203.15,941,150,0
2025-06-25 04:00:00+03:00,22203.15,22203.15,22185.75,22194.55,1071,150,0
2025-06-25 04:15:00+03:00,22194.15,22194.85,22174.35,22174.35,986,150,0
2025-06-25 04:30:00+03:00,22174.45,22184.45,22171.65,22180.55,1188,150,0
2025-06-25 04:45:00+03:00,22180.65,22182.55,22171.65,22178.45,1058,150,0
2025-06-25 05:00:00+03:00,22178.45,22181.05,22175.45,22178.55,809,150,0
2025-06-25 05:15:00+03:00,22178.65,22180.45,22172.55,22177.35,699,150,0
2025-06-25 05:30:00+03:00,22177.15,22183.95,22176.15,22182.55,628,150,0
2025-06-25 05:45:00+03:00,22182.55,22185.15,22178.65,22183.45,535,150,0
2025-06-25 06:00:00+03:00,22184.35,22199.35,22184.35,22191.65,855,150,0
2025-06-25 06:15:00+03:00,22191.95,22198.95,22188.95,22198.15,586,150,0
2025-06-25 06:30:00+03:00,22198.15,22200.55,22188.35,22190.85,648,150,0
2025-06-25 06:45:00+03:00,22190.95,22190.95,22184.85,22185.15,491,150,0
2025-06-25 07:00:00+03:00,22185.15,22192.95,22184.65,22192.15,475,150,0
2025-06-25 07:15:00+03:00,22192.15,22197.15,22190.95,22196.55,399,150,0
2025-06-25 07:30:00+03:00,22196.45,22198.15,22196.05,22197.45,347,150,0
2025-06-25 07:45:00+03:00,22197.15,22204.95,22195.15,22203.65,387,150,0
2025-06-25 08:00:00+03:00,22203.55,22212.55,22197.95,22211.65,794,150,0
2025-06-25 08:15:00+03:00,22212.35,22213.55,22205.85,22211.35,654,150,0
2025-06-25 08:30:00+03:00,22211.35,22214.85,22208.05,22209.65,624,150,0
2025-06-25 08:45:00+03:00,22209.55,22211.65,22204.65,22204.85,653,150,0
2025-06-25 09:00:00+03:00,22204.85,22212.45,22201.35,22210.55,1060,150,0
2025-06-25 09:15:00+03:00,22210.15,22210.35,22198.45,22205.45,931,150,0
2025-06-25 09:30:00+03:00,22205.65,22207.45,22197.85,22205.95,732,150,0
2025-06-25 09:45:00+03:00,22206.15,22208.05,22198.15,22198.45,730,150,0
2025-06-25 10:00:00+03:00,22198.45,22209.35,22191.05,22205.85,1978,150,0
2025-06-25 10:15:00+03:00,22206.35,22208.05,22196.75,22206.95,1344,150,0
2025-06-25 10:30:00+03:00,22207.05,22210.55,22191.55,22191.65,1526,150,0
2025-06-25 10:45:00+03:00,22191.35,22204.05,22184.25,22202.15,1418,150,0
2025-06-25 11:00:00+03:00,22202.85,22207.25,22188.05,22201.05,1862,150,0
2025-06-25 11:15:00+03:00,22201.45,22210.45,22195.65,22197.35,1341,150,0
2025-06-25 11:30:00+03:00,22197.05,22201.95,22185.65,22200.95,1392,150,0
2025-06-25 11:45:00+03:00,22200.65,22213.05,22198.65,22212.65,933,150,0
2025-06-25 12:00:00+03:00,22213.05,22219.45,22206.25,22215.85,1329,150,0
2025-06-25 12:15:00+03:00,22215.95,22231.35,22209.85,22211.15,1380,150,0
2025-06-25 12:30:00+03:00,22210.65,22214.05,22205.05,22207.15,943,150,0
2025-06-25 12:45:00+03:00,22207.05,22207.95,22200.65,22203.55,937,150,0
2025-06-25 13:00:00+03:00,22203.45,22206.95,22192.65,22196.55,998,150,0
2025-06-25 13:15:00+03:00,22196.45,22211.65,22195.85,22210.15,1151,150,0
2025-06-25 13:30:00+03:00,22209.35,22226.85,22206.25,22223.65,1516,150,0
2025-06-25 13:45:00+03:00,22223.85,22234.35,22215.95,22226.45,1363,150,0
2025-06-25 14:00:00+03:00,22227.05,22235.05,22222.05,22229.65,1382,150,0
2025-06-25 14:15:00+03:00,22229.55,22238.05,22224.05,22232.55,1246,150,0
2025-06-25 14:30:00+03:00,22232.85,22248.75,22232.55,22247.85,1485,150,0
2025-06-25 14:45:00+03:00,22247.75,22270.65,22245.85,22269.05,1767,150,0
2025-06-25 15:00:00+03:00,22268.35,22272.85,22260.55,22267.95,1619,150,0
2025-06-25 15:15:00+03:00,22268.45,22272.85,22259.55,22271.9,1501,150,0
2025-06-25 15:30:00+03:00,22271.8,22279.55,22261.15,22273.35,1691,150,0
2025-06-25 15:45:00+03:00,22272.95,22287.55,22268.55,22286.45,1570,150,0
2025-06-25 16:00:00+03:00,22286.15,22289.55,22273.35,22283.35,1787,150,0
2025-06-25 16:15:00+03:00,22283.55,22286.35,22273.95,22277.35,1875,150,0
2025-06-25 16:30:00+03:00,22277.45,22326.85,22272.25,22316.75,4502,80,0
2025-06-25 16:45:00+03:00,22317.15,22323.85,22264.95,22300.15,4349,80,0
2025-06-25 17:00:00+03:00,22301.15,22306.95,22245.15,22252.95,4334,80,0
2025-06-25 17:15:00+03:00,22253.15,22276.25,22244.15,22268.55,4307,80,0
2025-06-25 17:30:00+03:00,22269.95,22295.15,22267.65,22293.15,4079,80,0
2025-06-25 17:45:00+03:00,22293.15,22304.45,22257.35,22272.65,3944,80,0
2025-06-25 18:00:00+03:00,22272.35,22274.65,22225.35,22234.95,4000,80,0
2025-06-25 18:15:00+03:00,22235.15,22251.65,22226.15,22243.15,3540,80,0
2025-06-25 18:30:00+03:00,22243.85,22244.35,22209.65,22226.65,3658,80,0
2025-06-25 18:45:00+03:00,22226.85,22242.05,22216.15,22225.05,3394,80,0
2025-06-25 19:00:00+03:00,22224.05,22237.85,22210.55,22223.65,3212,80,0
2025-06-25 19:15:00+03:00,22223.85,22226.55,22200.55,22214.55,3149,80,0
2025-06-25 19:30:00+03:00,22214.85,22223.15,22201.85,22208.15,3050,80,0
2025-06-25 19:45:00+03:00,22207.85,22224.65,22190.65,22222.55,3084,80,0
2025-06-25 20:00:00+03:00,22223.15,22226.55,22201.35,22218.15,3119,80,0
2025-06-25 20:15:00+03:00,22218.35,22240.85,22215.35,22234.85,2842,80,0
2025-06-25 20:30:00+03:00,22235.15,22236.85,22167.65,22192.85,3637,80,0
2025-06-25 20:45:00+03:00,22193.35,22213.85,22182.65,22190.65,3436,80,0
2025-06-25 21:00:00+03:00,22190.85,22203.85,22181.35,22197.85,3207,80,0
2025-06-25 21:15:00+03:00,22198.15,22212.35,22195.85,22207.35,2810,80,0
2025-06-25 21:30:00+03:00,22207.35,22208.65,22187.85,22192.15,2768,80,0
2025-06-25 21:45:00+03:00,22192.15,22202.85,22186.15,22198.65,2526,80,0
2025-06-25 22:00:00+03:00,22198.85,22238.35,22197.35,22230.85,2810,80,0
2025-06-25 22:15:00+03:00,22230.35,22232.35,22217.85,22218.85,2653,80,0
2025-06-25 22:30:00+03:00,22219.35,22224.25,22199.15,22219.85,3045,80,0
2025-06-25 22:45:00+03:00,22220.15,22243.65,22208.35,22241.45,3494,80,0
2025-06-25 23:00:00+03:00,22241.36,22257.76,22228.66,22245.46,2396,108,0
2025-06-25 23:15:00+03:00,22245.96,22252.46,22233.96,22234.46,1091,168,0
2025-06-25 23:30:00+03:00,22234.66,22246.46,22233.96,22242.96,911,168,0
2025-06-25 23:45:00+03:00,22242.66,22245.16,22241.26,22243.96,317,168,0
2025-06-26 01:00:00+03:00,22248.16,22268.16,22245.06,22259.46,740,168,0
2025-06-26 01:15:00+03:00,22259.56,22259.56,22236.46,22238.66,857,168,0
2025-06-26 01:30:00+03:00,22238.96,22247.66,22234.06,22234.56,794,168,0
2025-06-26 01:45:00+03:00,22234.76,22244.76,22233.76,22244.16,534,168,0
2025-06-26 02:00:00+03:00,22244.25,22246.25,22219.15,22240.85,1493,150,0
2025-06-26 02:15:00+03:00,22240.65,22241.05,22220.55,22227.25,927,150,0
2025-06-26 02:30:00+03:00,22227.15,22243.35,22220.95,22233.75,978,150,0
2025-06-26 02:45:00+03:00,22234.05,22249.65,22233.05,22245.25,911,150,0
2025-06-26 03:00:00+03:00,22245.25,22252.05,22237.45,22251.55,1432,150,0
2025-06-26 03:15:00+03:00,22251.55,22258.05,22243.95,22256.55,1116,150,0
2025-06-26 03:30:00+03:00,22257.25,22261.55,22252.15,22258.25,961,150,0
2025-06-26 03:45:00+03:00,22258.15,22261.05,22255.05,22256.75,913,150,0
2025-06-26 04:00:00+03:00,22256.75,22260.05,22250.05,22254.55,1070,150,0
2025-06-26 04:15:00+03:00,22254.55,22257.55,22246.05,22248.55,869,150,0
2025-06-26 04:30:00+03:00,22248.25,22248.65,22242.55,22246.05,975,150,0
2025-06-26 04:45:00+03:00,22246.15,22251.65,22244.25,22248.35,738,150,0
2025-06-26 05:00:00+03:00,22248.35,22265.55,22248.05,22263.25,951,150,0
2025-06-26 05:15:00+03:00,22263.35,22264.75,22253.75,22257.75,831,150,0
2025-06-26 05:30:00+03:00,22258.25,22259.75,22250.25,22252.75,641,150,0
2025-06-26 05:45:00+03:00,22252.85,22260.35,22251.65,22258.05,714,150,0
2025-06-26 06:00:00+03:00,22258.15,22266.55,22258.15,22264.75,822,150,0
2025-06-26 06:15:00+03:00,22264.65,22277.15,22263.55,22275.65,919,150,0
2025-06-26 06:30:00+03:00,22275.55,22283.75,22275.05,22278.25,846,150,0
2025-06-26 06:45:00+03:00,22277.55,22278.55,22272.35,22275.65,762,150,0
2025-06-26 07:00:00+03:00,22275.55,22278.25,22270.65,22277.65,703,150,0
2025-06-26 07:15:00+03:00,22277.55,22278.65,22271.25,22276.65,570,150,0
2025-06-26 07:30:00+03:00,22276.55,22283.85,22275.85,22282.75,492,150,0
2025-06-26 07:45:00+03:00,22282.35,22286.75,22277.65,22285.65,567,150,0
2025-06-26 08:00:00+03:00,22285.55,22285.75,22275.65,22278.85,720,150,0
2025-06-26 08:15:00+03:00,22278.65,22280.65,22274.75,22277.35,609,150,0
2025-06-26 08:30:00+03:00,22277.55,22284.15,22276.05,22279.55,821,150,0
2025-06-26 08:45:00+03:00,22279.65,22292.55,22279.55,22292.05,863,150,0
2025-06-26 09:00:00+03:00,22291.55,22303.85,22289.05,22295.35,1455,150,0
2025-06-26 09:15:00+03:00,22295.25,22304.05,22292.25,22300.45,1058,150,0
2025-06-26 09:30:00+03:00,22300.75,22303.85,22294.65,22303.25,1043,150,0
2025-06-26 09:45:00+03:00,22303.25,22323.65,22302.65,22313.55,1270,150,0
2025-06-26 10:00:00+03:00,22313.75,22318.35,22307.95,22313.15,1791,150,0
2025-06-26 10:15:00+03:00,22313.55,22336.25,22304.55,22307.35,1868,150,0
2025-06-26 10:30:00+03:00,22307.35,22317.35,22305.25,22314.55,1464,150,0
2025-06-26 10:45:00+03:00,22314.35,22322.05,22311.35,22312.55,1174,150,0
2025-06-26 11:00:00+03:00,22312.65,22334.85,22306.65,22332.85,1943,150,0
2025-06-26 11:15:00+03:00,22332.55,22357.35,22330.75,22348.95,1746,150,0
2025-06-26 11:30:00+03:00,22349.25,22356.85,22341.85,22343.85,1480,150,0
2025-06-26 11:45:00+03:00,22343.25,22347.85,22340.05,22342.25,1058,150,0
2025-06-26 12:00:00+03:00,22342.35,22346.75,22334.35,22337.35,1149,150,0
2025-06-26 12:15:00+03:00,22337.55,22347.85,22331.55,22335.55,1209,150,0
2025-06-26 12:30:00+03:00,22335.55,22336.15,22324.25,22328.35,1325,150,0
2025-06-26 12:45:00+03:00,22328.55,22334.85,22326.35,22331.15,898,150,0
2025-06-26 13:00:00+03:00,22331.15,22343.65,22322.05,22343.25,1306,150,0
2025-06-26 13:15:00+03:00,22343.35,22360.75,22342.35,22352.65,1336,150,0
2025-06-26 13:30:00+03:00,22353.05,22356.75,22344.05,22345.35,1001,150,0
2025-06-26 13:45:00+03:00,22345.35,22353.35,22336.85,22337.75,1321,150,0
2025-06-26 14:00:00+03:00,22339.55,22353.25,22335.05,22349.55,1568,150,0
2025-06-26 14:15:00+03:00,22349.65,22354.15,22339.05,22346.65,1332,150,0
2025-06-26 14:30:00+03:00,22346.35,22352.35,22337.25,22338.75,1300,150,0
2025-06-26 14:45:00+03:00,22339.05,22357.65,22336.85,22357.55,1312,150,0
2025-06-26 15:00:00+03:00,22358.35,22365.35,22352.55,22353.65,1405,150,0
2025-06-26 15:15:00+03:00,22354.05,22358.15,22348.15,22354.34,1452,150,0
2025-06-26 15:30:00+03:00,22354.34,22358.64,22301.25,22335.05,3107,170,0
2025-06-26 15:45:00+03:00,22335.55,22344.45,22318.65,22335.25,2344,160,0
2025-06-26 16:00:00+03:00,22334.25,22335.95,22310.65,22315.55,2559,160,0
2025-06-26 16:15:00+03:00,22315.05,22342.25,22310.35,22332.25,2656,160,0
2025-06-26 16:30:00+03:00,22334.55,22346.75,22276.25,22304.65,4702,80,0
2025-06-26 16:45:00+03:00,22306.05,22327.45,22257.55,22325.15,4411,80,0
2025-06-26 17:00:00+03:00,22324.95,22350.85,22320.05,22333.35,4336,80,0
2025-06-26 17:15:00+03:00,22333.65,22355.65,22326.95,22350.15,3847,80,0
2025-06-26 17:30:00+03:00,22349.35,22376.95,22343.25,22343.85,3730,80,0
2025-06-26 17:45:00+03:00,22343.95,22360.25,22338.85,22351.35,3352,80,0
2025-06-26 18:00:00+03:00,22351.15,22374.85,22348.85,22366.65,3145,80,0
2025-06-26 18:15:00+03:00,22366.35,22390.55,22343.15,22344.25,3409,80,0
2025-06-26 18:30:00+03:00,22344.55,22384.15,22331.15,22373.35,3329,80,0
2025-06-26 18:45:00+03:00,22373.35,22394.75,22371.15,22389.85,2852,80,0
2025-06-26 19:00:00+03:00,22389.65,22411.55,22386.15,22399.25,2890,80,0
2025-06-26 19:15:00+03:00,22400.15,22407.85,22389.65,22392.15,2469,80,0
2025-06-26 19:30:00+03:00,22391.75,22401.35,22378.35,22378.75,2555,80,0
2025-06-26 19:45:00+03:00,22378.85,22389.65,22374.75,22385.15,2367,80,0
2025-06-26 20:00:00+03:00,22385.15,22406.35,22375.65,22402.65,2548,80,0
2025-06-26 20:15:00+03:00,22402.65,22416.65,22400.15,22412.65,2515,80,0
2025-06-26 20:30:00+03:00,22412.65,22429.15,22412.65,22422.65,2466,80,0
2025-06-26 20:45:00+03:00,22422.85,22424.85,22414.55,22417.85,2294,80,0
2025-06-26 21:00:00+03:00,22418.65,22455.65,22412.65,22451.85,2970,80,0
2025-06-26 21:15:00+03:00,22451.85,22464.05,22448.65,22451.15,2650,80,0
2025-06-26 21:30:00+03:00,22451.35,22461.15,22441.95,22447.95,2345,80,0
2025-06-26 21:45:00+03:00,22447.95,22453.65,22431.95,22444.05,2540,80,0
2025-06-26 22:00:00+03:00,22444.45,22450.65,22436.05,22437.05,2418,80,0
2025-06-26 22:15:00+03:00,22437.05,22456.55,22430.85,22448.65,2549,80,0
2025-06-26 22:30:00+03:00,22448.45,22453.95,22432.15,22436.15,2561,80,0
2025-06-26 22:45:00+03:00,22436.45,22469.95,22430.95,22450.05,3515,80,0
2025-06-26 23:00:00+03:00,22450.56,22450.56,22417.56,22429.46,2505,108,0
2025-06-26 23:15:00+03:00,22429.76,22449.16,22424.76,22442.86,1480,168,0
2025-06-26 23:30:00+03:00,22442.66,22453.26,22439.66,22451.16,956,168,0
2025-06-26 23:45:00+03:00,22450.86,22453.36,22448.66,22449.36,284,168,0
2025-06-27 01:00:00+03:00,22459.86,22475.96,22458.96,22462.16,964,178,0
2025-06-27 01:15:00+03:00,22462.26,22488.16,22460.56,22479.16,1232,168,0
2025-06-27 01:30:00+03:00,22478.86,22482.66,22472.76,22473.56,787,168,0
2025-06-27 01:45:00+03:00,22473.56,22479.76,22472.06,22473.86,539,168,0
2025-06-27 02:00:00+03:00,22473.66,22478.95,22453.55,22455.05,923,150,0
2025-06-27 02:15:00+03:00,22455.05,22466.65,22449.85,22464.45,874,150,0
2025-06-27 02:30:00+03:00,22464.35,22464.85,22455.85,22463.35,564,150,0
2025-06-27 02:45:00+03:00,22463.45,22465.95,22449.65,22456.25,1023,150,0
2025-06-27 03:00:00+03:00,22456.95,22470.15,22447.75,22449.15,1724,150,0
2025-06-27 03:15:00+03:00,22449.25,22468.55,22449.25,22463.85,1390,150,0
2025-06-27 03:30:00+03:00,22463.85,22464.45,22454.25,22459.25,969,150,0
2025-06-27 03:45:00+03:00,22459.45,22465.05,22448.45,22449.45,902,150,0
2025-06-27 04:00:00+03:00,22449.25,22454.25,22446.95,22451.55,1027,150,0
2025-06-27 04:15:00+03:00,22451.35,22456.45,22449.95,22455.75,739,150,0
2025-06-27 04:30:00+03:00,22455.75,22455.75,22444.45,22454.25,1030,150,0
2025-06-27 04:45:00+03:00,22454.45,22471.75,22452.55,22462.45,1060,150,0
2025-06-27 05:00:00+03:00,22462.55,22469.25,22458.05,22468.95,792,150,0
2025-06-27 05:15:00+03:00,22468.95,22477.95,22466.75,22475.55,842,150,0
2025-06-27 05:30:00+03:00,22475.45,22476.55,22465.95,22472.75,812,150,0
2025-06-27 05:45:00+03:00,22473.05,22478.35,22470.35,22477.25,591,150,0
2025-06-27 06:00:00+03:00,22477.25,22486.95,22476.95,22479.75,895,150,0
2025-06-27 06:15:00+03:00,22479.85,22484.95,22479.05,22482.25,586,150,0
2025-06-27 06:30:00+03:00,22482.05,22489.05,22478.45,22484.25,635,150,0
2025-06-27 06:45:00+03:00,22484.45,22484.45,22472.35,22475.35,650,150,0
2025-06-27 07:00:00+03:00,22475.95,22476.85,22469.35,22473.25,565,150,0
2025-06-27 07:15:00+03:00,22473.45,22476.85,22471.05,22473.75,436,150,0
2025-06-27 07:30:00+03:00,22473.75,22480.25,22472.45,22478.45,475,150,0
2025-06-27 07:45:00+03:00,22478.75,22480.45,22469.75,22470.75,462,150,0
2025-06-27 08:00:00+03:00,22470.45,22482.55,22470.05,22482.35,627,150,0
2025-06-27 08:15:00+03:00,22482.25,22483.35,22474.85,22479.45,611,150,0
2025-06-27 08:30:00+03:00,22479.75,22496.35,22479.45,22494.95,727,150,0
2025-06-27 08:45:00+03:00,22494.75,22499.75,22491.25,22491.25,903,150,0
2025-06-27 09:00:00+03:00,22491.45,22506.05,22489.35,22504.25,1061,150,0
2025-06-27 09:15:00+03:00,22504.15,22510.85,22503.05,22507.25,820,150,0
2025-06-27 09:30:00+03:00,22507.45,22524.45,22507.45,22523.35,1302,150,0
2025-06-27 09:45:00+03:00,22523.55,22526.85,22513.85,22517.75,1269,150,0
2025-06-27 10:00:00+03:00,22517.35,22522.75,22507.05,22520.05,1676,150,0
2025-06-27 10:15:00+03:00,22520.25,22541.35,22516.75,22533.65,1586,150,0
2025-06-27 10:30:00+03:00,22533.65,22534.15,22508.95,22512.95,1510,150,0
2025-06-27 10:45:00+03:00,22512.95,22521.45,22511.95,22517.55,1158,150,0
2025-06-27 11:00:00+03:00,22518.35,22529.65,22505.65,22528.65,1703,150,0
2025-06-27 11:15:00+03:00,22528.15,22528.55,22511.25,22515.95,1160,150,0
2025-06-27 11:30:00+03:00,22515.75,22529.15,22514.45,22521.55,1035,150,0
2025-06-27 11:45:00+03:00,22521.85,22532.25,22518.35,22529.55,1015,150,0
2025-06-27 12:00:00+03:00,22529.85,22532.55,22511.95,22512.25,1194,150,0
2025-06-27 12:15:00+03:00,22512.35,22522.55,22512.05,22519.95,778,150,0
2025-06-27 12:30:00+03:00,22519.75,22526.55,22517.25,22521.45,812,150,0
2025-06-27 12:45:00+03:00,22521.75,22526.85,22513.95,22526.85,832,150,0
2025-06-27 13:00:00+03:00,22527.05,22529.95,22508.25,22513.25,1084,150,0
2025-06-27 13:15:00+03:00,22513.35,22521.05,22511.45,22514.85,952,150,0
2025-06-27 13:30:00+03:00,22514.45,22517.55,22510.05,22511.25,839,150,0
2025-06-27 13:45:00+03:00,22511.05,22518.75,22510.35,22517.05,688,150,0
2025-06-27 14:00:00+03:00,22515.85,22540.95,22514.95,22538.35,1340,150,0
2025-06-27 14:15:00+03:00,22537.85,22546.95,22534.55,22541.75,1119,150,0
2025-06-27 14:30:00+03:00,22541.85,22560.85,22540.05,22553.95,1345,150,0
2025-06-27 14:45:00+03:00,22554.05,22561.55,22548.05,22561.25,1231,150,0
2025-06-27 15:00:00+03:00,22561.35,22569.05,22541.05,22541.55,1972,150,0
2025-06-27 15:15:00+03:00,22541.55,22554.85,22531.85,22550.3,1812,150,0
2025-06-27 15:30:00+03:00,22550.3,22551.54,22510.95,22516.45,2851,170,0
2025-06-27 15:45:00+03:00,22516.65,22527.95,22506.65,22514.05,1981,150,0
2025-06-27 16:00:00+03:00,22513.85,22515.95,22485.95,22489.25,2300,150,0
2025-06-27 16:15:00+03:00,22489.65,22508.95,22486.45,22488.95,2306,160,0
2025-06-27 16:30:00+03:00,22489.45,22525.05,22469.85,22515.55,4553,90,0
2025-06-27 16:45:00+03:00,22515.15,22552.45,22512.65,22546.55,3992,80,0
2025-06-27 17:00:00+03:00,22546.65,22602.85,22546.65,22584.45,3875,80,0
2025-06-27 17:15:00+03:00,22584.45,22598.45,22554.95,22565.45,3765,80,0
2025-06-27 17:30:00+03:00,22565.65,22595.55,22546.55,22582.65,4034,80,0
2025-06-27 17:45:00+03:00,22582.95,22585.15,22531.45,22541.95,3733,80,0
2025-06-27 18:00:00+03:00,22542.35,22569.15,22528.95,22560.95,3414,80,0
2025-06-27 18:15:00+03:00,22560.95,22574.55,22541.95,22574.55,3143,80,0
2025-06-27 18:30:00+03:00,22574.65,22599.45,22571.85,22596.65,3234,80,0
2025-06-27 18:45:00+03:00,22596.65,22602.35,22589.45,22591.65,2663,80,0
2025-06-27 19:00:00+03:00,22591.45,22591.95,22578.85,22584.05,2763,80,0
2025-06-27 19:15:00+03:00,22584.05,22585.35,22561.05,22579.85,2840,80,0
2025-06-27 19:30:00+03:00,22579.55,22581.85,22555.75,22562.25,2636,80,0
2025-06-27 19:45:00+03:00,22562.35,22580.95,22552.35,22577.85,2930,80,0
2025-06-27 20:00:00+03:00,22577.55,22580.75,22557.85,22578.35,2713,80,0
2025-06-27 20:15:00+03:00,22578.35,22578.35,22548.85,22555.05,2721,80,0
2025-06-27 20:30:00+03:00,22555.05,22564.05,22510.25,22534.65,2991,80,0
2025-06-27 20:45:00+03:00,22534.35,22534.35,22481.25,22519.05,4542,90,0
2025-06-27 21:00:00+03:00,22520.25,22524.95,22489.05,22494.95,3828,80,0
2025-06-27 21:15:00+03:00,22494.75,22501.05,22449.45,22449.95,4109,80,0
2025-06-27 21:30:00+03:00,22448.95,22459.65,22394.45,22423.65,4469,80,0
2025-06-27 21:45:00+03:00,22422.95,22443.75,22383.15,22393.15,4359,90,0
2025-06-27 22:00:00+03:00,22393.95,22449.15,22388.45,22447.65,4011,80,0
2025-06-27 22:15:00+03:00,22447.65,22467.65,22433.45,22452.45,3421,80,0
2025-06-27 22:30:00+03:00,22453.85,22491.45,22453.85,22486.45,3221,80,0
2025-06-27 22:45:00+03:00,22486.35,22540.95,22484.95,22533.05,4161,80,0
2025-06-27 23:00:00+03:00,22532.96,22532.96,22509.56,22520.96,3330,118,0
2025-06-27 23:15:00+03:00,22521.36,22526.36,22511.06,22517.26,1736,168,0
2025-06-27 23:30:00+03:00,22516.96,22520.46,22511.56,22512.06,1425,168,0
2025-06-27 23:45:00+03:00,22512.06,22514.06,22506.56,22512.76,445,168,0
2025-06-30 01:00:00+03:00,22556.26,22571.86,22539.16,22557.86,1171,188,0
2025-06-30 01:15:00+03:00,22557.96,22590.66,22557.26,22590.06,1335,168,0
2025-06-30 01:30:00+03:00,22590.16,22597.26,22585.06,22589.96,1072,168,0
2025-06-30 01:45:00+03:00,22590.16,22622.56,22584.16,22600.66,1454,168,0
2025-06-30 02:00:00+03:00,22600.75,22628.65,22598.75,22622.25,1396,150,0
2025-06-30 02:15:00+03:00,22621.75,22627.25,22612.25,22614.65,1005,150,0
2025-06-30 02:30:00+03:00,22614.75,22616.25,22593.15,22593.45,1227,150,0
2025-06-30 02:45:00+03:00,22593.95,22606.65,22590.25,22599.15,1449,150,0
2025-06-30 03:00:00+03:00,22599.25,22607.15,22588.85,22606.15,1926,150,0
2025-06-30 03:15:00+03:00,22605.95,22613.55,22599.95,22610.45,1350,150,0
2025-06-30 03:30:00+03:00,22610.25,22623.65,22608.45,22618.65,1115,150,0
2025-06-30 03:45:00+03:00,22619.05,22621.15,22613.25,22615.45,919,150,0
2025-06-30 04:00:00+03:00,22615.25,22615.25,22599.25,22602.55,1158,150,0
2025-06-30 04:15:00+03:00,22602.65,22607.15,22598.75,22606.55,894,150,0
2025-06-30 04:30:00+03:00,22606.15,22617.55,22606.15,22612.45,1115,150,0
2025-06-30 04:45:00+03:00,22612.55,22615.05,22594.75,22603.85,1072,150,0
2025-06-30 05:00:00+03:00,22603.95,22630.15,22600.55,22626.05,1236,150,0
2025-06-30 05:15:00+03:00,22626.15,22628.25,22614.65,22616.65,848,150,0
2025-06-30 05:30:00+03:00,22616.45,22644.65,22615.15,22643.15,1101,150,0
2025-06-30 05:45:00+03:00,22643.05,22654.95,22635.15,22643.15,1092,150,0
2025-06-30 06:00:00+03:00,22642.95,22650.45,22641.95,22644.05,767,150,0
2025-06-30 06:15:00+03:00,22643.95,22654.05,22639.25,22648.95,789,150,0
2025-06-30 06:30:00+03:00,22649.15,22658.95,22648.75,22658.25,705,150,0
2025-06-30 06:45:00+03:00,22658.55,22662.05,22653.95,22655.05,633,150,0
2025-06-30 07:00:00+03:00,22655.05,22661.15,22654.15,22658.15,571,150,0
2025-06-30 07:15:00+03:00,22658.55,22659.65,22655.15,22659.15,423,150,0
2025-06-30 07:30:00+03:00,22659.25,22666.75,22658.45,22664.45,546,150,0
2025-06-30 07:45:00+03:00,22664.45,22665.25,22653.15,22656.05,587,150,0
2025-06-30 08:00:00+03:00,22655.75,22659.75,22650.05,22658.05,927,150,0
2025-06-30 08:15:00+03:00,22657.75,22659.65,22647.05,22649.75,785,150,0
2025-06-30 08:30:00+03:00,22649.65,22662.25,22644.05,22661.55,987,150,0
2025-06-30 08:45:00+03:00,22661.95,22665.25,22655.95,22657.55,737,150,0
2025-06-30 09:00:00+03:00,22657.55,22674.15,22656.55,22674.05,1452,150,0
2025-06-30 09:15:00+03:00,22674.85,22683.15,22673.65,22675.95,1291,150,0
2025-06-30 09:30:00+03:00,22676.05,22678.95,22660.05,22661.15,1229,150,0
2025-06-30 09:45:00+03:00,22661.65,22666.95,22657.45,22663.75,850,150,0
2025-06-30 10:00:00+03:00,22664.05,22664.05,22635.85,22637.85,2015,150,0
2025-06-30 10:15:00+03:00,22637.95,22655.65,22631.65,22642.95,1688,150,0
2025-06-30 10:30:00+03:00,22643.15,22653.45,22637.15,22653.25,1326,150,0
2025-06-30 10:45:00+03:00,22653.45,22660.55,22648.25,22650.75,1060,150,0
2025-06-30 11:00:00+03:00,22651.75,22669.55,22638.85,22668.65,1944,150,0
2025-06-30 11:15:00+03:00,22668.65,22675.05,22647.15,22651.95,1355,150,0
2025-06-30 11:30:00+03:00,22651.95,22652.65,22640.45,22647.35,1097,150,0
2025-06-30 11:45:00+03:00,22647.65,22661.15,22647.65,22655.75,1108,150,0
2025-06-30 12:00:00+03:00,22655.65,22667.05,22650.05,22667.05,991,150,0
2025-06-30 12:15:00+03:00,22667.05,22685.55,22666.05,22684.95,1067,150,0
2025-06-30 12:30:00+03:00,22685.15,22696.55,22683.55,22684.15,1210,150,0
2025-06-30 12:45:00+03:00,22684.15,22684.15,22662.05,22662.55,1113,150,0
2025-06-30 13:00:00+03:00,22663.15,22684.25,22661.55,22683.05,1146,150,0
2025-06-30 13:15:00+03:00,22683.15,22687.65,22681.95,22685.45,878,150,0
2025-06-30 13:30:00+03:00,22685.75,22690.15,22680.65,22682.25,765,150,0
2025-06-30 13:45:00+03:00,22682.45,22684.25,22671.45,22672.65,1018,150,0
2025-06-30 14:00:00+03:00,22671.55,22676.95,22663.95,22675.25,1211,150,0
2025-06-30 14:15:00+03:00,22675.15,22684.75,22670.95,22681.05,983,150,0
2025-06-30 14:30:00+03:00,22681.05,22681.05,22666.75,22679.25,1233,150,0
2025-06-30 14:45:00+03:00,22679.45,22687.25,22671.65,22675.65,1205,150,0
2025-06-30 15:00:00+03:00,22675.95,22678.05,22668.35,22677.25,1300,150,0
2025-06-30 15:15:00+03:00,22677.45,22678.15,22663.05,22668.15,1408,150,0
2025-06-30 15:30:00+03:00,22668.15,22668.15,22644.75,22647.75,1643,150,0
2025-06-30 15:45:00+03:00,22647.55,22653.15,22636.35,22649.15,1859,150,0
2025-06-30 16:00:00+03:00,22649.65,22664.45,22647.95,22660.95,1754,150,0
2025-06-30 16:15:00+03:00,22660.75,22671.15,22650.55,22653.55,2024,150,0
2025-06-30 16:30:00+03:00,22653.85,22656.85,22587.05,22596.85,4519,80,0
2025-06-30 16:45:00+03:00,22597.85,22611.95,22577.95,22608.85,4449,90,0
2025-06-30 17:00:00+03:00,22608.55,22635.35,22599.75,22626.05,4222,80,0
2025-06-30 17:15:00+03:00,22626.15,22627.15,22590.85,22624.05,4025,80,0
2025-06-30 17:30:00+03:00,22623.85,22626.65,22591.35,22602.65,3886,80,0
2025-06-30 17:45:00+03:00,22602.35,22617.85,22593.55,22603.65,3368,80,0
2025-06-30 18:00:00+03:00,22603.35,22623.35,22591.05,22597.15,3524,80,0
2025-06-30 18:15:00+03:00,22597.35,22609.65,22584.35,22599.25,3351,80,0
2025-06-30 18:30:00+03:00,22599.15,22631.85,22592.05,22626.85,3230,80,0
2025-06-30 18:45:00+03:00,22626.65,22640.35,22618.35,22625.65,2900,80,0
2025-06-30 19:00:00+03:00,22625.55,22649.15,22624.25,22635.65,2684,80,0
2025-06-30 19:15:00+03:00,22635.75,22646.35,22614.65,22618.15,3081,80,0
2025-06-30 19:30:00+03:00,22617.35,22648.55,22615.65,22637.25,2695,80,0
2025-06-30 19:45:00+03:00,22637.85,22646.55,22620.45,22623.95,2511,80,0
2025-06-30 20:00:00+03:00,22624.45,22631.45,22608.85,22614.85,2700,80,0
2025-06-30 20:15:00+03:00,22614.65,22621.05,22605.95,22618.65,2513,80,0
2025-06-30 20:30:00+03:00,22618.95,22621.45,22596.85,22598.95,2721,80,0
2025-06-30 20:45:00+03:00,22598.65,22629.15,22569.65,22604.05,2976,80,0
2025-06-30 21:00:00+03:00,22603.85,22621.05,22589.95,22601.45,3432,80,0
2025-06-30 21:15:00+03:00,22601.15,22623.55,22599.45,22602.25,2497,80,0
2025-06-30 21:30:00+03:00,22602.55,22605.75,22564.55,22580.65,3339,80,0
2025-06-30 21:45:00+03:00,22580.75,22636.05,22580.45,22632.55,3497,80,0
2025-06-30 22:00:00+03:00,22632.25,22653.05,22631.05,22647.55,3178,80,0
2025-06-30 22:15:00+03:00,22647.85,22675.55,22632.35,22659.65,3410,80,0
2025-06-30 22:30:00+03:00,22659.75,22678.65,22649.05,22666.35,3373,80,0
2025-06-30 22:45:00+03:00,22666.45,22716.05,22661.55,22668.55,4017,80,0
2025-06-30 23:00:00+03:00,22669.65,22680.66,22636.26,22646.56,2682,110,0
2025-06-30 23:15:00+03:00,22646.26,22658.26,22643.56,22654.66,1383,168,0
2025-06-30 23:30:00+03:00,22654.46,22665.76,22653.76,22661.66,930,168,0
2025-06-30 23:45:00+03:00,22661.76,22664.26,22654.66,22657.76,345,168,0
2025-07-01 01:00:00+03:00,22662.56,22671.96,22658.36,22667.96,407,168,0
2025-07-01 01:15:00+03:00,22668.06,22668.76,22655.06,22662.56,469,168,0
2025-07-01 01:30:00+03:00,22663.26,22665.06,22652.06,22654.26,381,168,0
2025-07-01 01:45:00+03:00,22653.86,22655.46,22639.26,22642.96,395,168,0
2025-07-01 02:00:00+03:00,22643.05,22653.45,22643.05,22649.95,449,150,0
2025-07-01 02:15:00+03:00,22650.05,22654.15,22640.85,22641.55,394,150,0
2025-07-01 02:30:00+03:00,22641.45,22667.85,22632.85,22664.55,1201,150,0
2025-07-01 02:45:00+03:00,22664.65,22672.65,22661.95,22667.65,920,150,0
2025-07-01 03:00:00+03:00,22669.05,22683.85,22668.95,22677.95,1634,150,0
2025-07-01 03:15:00+03:00,22678.15,22686.35,22675.15,22680.05,1135,150,0
2025-07-01 03:30:00+03:00,22679.35,22686.85,22675.15,22685.35,850,150,0
2025-07-01 03:45:00+03:00,22685.65,22691.15,22680.95,22686.85,977,150,0
2025-07-01 04:00:00+03:00,22687.35,22693.95,22685.95,22690.95,982,150,0
2025-07-01 04:15:00+03:00,22691.15,22691.15,22671.65,22674.45,974,150,0
2025-07-01 04:30:00+03:00,22674.65,22688.95,22674.45,22687.55,863,150,0
2025-07-01 04:45:00+03:00,22687.45,22700.95,22684.65,22698.15,922,150,0
2025-07-01 05:00:00+03:00,22697.95,22699.85,22689.45,22695.65,852,150,0
2025-07-01 05:15:00+03:00,22695.15,22697.35,22690.05,22691.15,665,150,0
2025-07-01 05:30:00+03:00,22691.15,22691.15,22677.15,22678.85,798,150,0
2025-07-01 05:45:00+03:00,22678.65,22681.65,22662.55,22664.65,928,150,0
2025-07-01 06:00:00+03:00,22664.85,22670.95,22661.95,22663.45,796,150,0
2025-07-01 06:15:00+03:00,22663.45,22664.55,22654.85,22659.05,701,150,0
2025-07-01 06:30:00+03:00,22659.05,22664.25,22657.05,22662.75,765,150,0
2025-07-01 06:45:00+03:00,22662.15,22662.65,22656.35,22660.65,651,150,0
2025-07-01 07:00:00+03:00,22660.35,22665.65,22655.15,22663.55,677,150,0
2025-07-01 07:15:00+03:00,22663.15,22663.15,22653.85,22657.15,623,150,0
2025-07-01 07:30:00+03:00,22656.85,22661.05,22648.85,22648.85,627,150,0
2025-07-01 07:45:00+03:00,22649.15,22652.55,22642.55,22645.55,686,150,0
2025-07-01 08:00:00+03:00,22645.55,22649.35,22635.25,22637.65,904,150,0
2025-07-01 08:15:00+03:00,22637.65,22641.65,22631.15,22637.35,763,150,0
2025-07-01 08:30:00+03:00,22637.25,22640.85,22626.35,22629.85,854,150,0
2025-07-01 08:45:00+03:00,22629.75,22644.55,22625.65,22629.85,935,150,0
2025-07-01 09:00:00+03:00,22629.65,22634.85,22615.35,22627.85,1272,150,0
2025-07-01 09:15:00+03:00,22627.85,22630.05,22622.15,22623.55,859,150,0
2025-07-01 09:30:00+03:00,22623.75,22631.35,22619.35,22625.75,946,150,0
2025-07-01 09:45:00+03:00,22625.85,22633.85,22617.85,22629.05,1091,150,0
2025-07-01 10:00:00+03:00,22628.55,22653.05,22628.55,22630.05,1879,150,0
2025-07-01 10:15:00+03:00,22629.85,22633.45,22620.75,22630.75,1493,150,0
2025-07-01 10:30:00+03:00,22631.55,22641.75,22622.05,22622.85,1452,150,0
2025-07-01 10:45:00+03:00,22623.05,22631.75,22610.75,22631.45,1352,150,0
2025-07-01 11:00:00+03:00,22632.35,22634.35,22607.25,22616.75,2364,150,0
2025-07-01 11:15:00+03:00,22617.25,22636.25,22615.95,22635.55,1672,150,0
2025-07-01 11:30:00+03:00,22635.65,22646.25,22614.95,22621.85,1592,150,0
2025-07-01 11:45:00+03:00,22621.55,22636.25,22619.65,22633.65,1230,150,0
2025-07-01 12:00:00+03:00,22632.75,22637.25,22609.15,22610.85,1203,150,0
2025-07-01 12:15:00+03:00,22610.85,22629.65,22610.35,22618.35,1186,150,0
2025-07-01 12:30:00+03:00,22618.05,22620.35,22609.55,22612.25,1103,150,0
2025-07-01 12:45:00+03:00,22612.35,22621.75,22600.75,22619.25,1377,150,0
2025-07-01 13:00:00+03:00,22618.75,22627.75,22618.05,22623.35,1120,150,0
2025-07-01 13:15:00+03:00,22623.65,22624.85,22614.85,22615.15,882,150,0
2025-07-01 13:30:00+03:00,22615.05,22621.15,22613.35,22616.85,819,150,0
2025-07-01 13:45:00+03:00,22617.05,22626.35,22614.85,22626.05,848,150,0
2025-07-01 14:00:00+03:00,22626.05,22636.05,22625.15,22627.15,1381,150,0
2025-07-01 14:15:00+03:00,22627.25,22633.25,22617.35,22627.85,1231,150,0
2025-07-01 14:30:00+03:00,22628.35,22633.15,22618.35,22622.55,1173,150,0
2025-07-01 14:45:00+03:00,22622.05,22623.05,22597.65,22613.65,1632,150,0
2025-07-01 15:00:00+03:00,22613.45,22621.65,22585.15,22586.55,2002,160,0
2025-07-01 15:15:00+03:00,22586.35,22587.35,22544.15,22563.15,2165,160,0
2025-07-01 15:30:00+03:00,22563.15,22586.45,22559.65,22572.15,2415,170,0
2025-07-01 15:45:00+03:00,22571.95,22589.15,22570.35,22582.35,1860,150,0
2025-07-01 16:00:00+03:00,22582.35,22605.75,22579.55,22601.55,2011,150,0
2025-07-01 16:15:00+03:00,22601.35,22603.25,22579.15,22591.05,2517,150,0
2025-07-01 16:30:00+03:00,22590.75,22609.15,22568.55,22580.45,4524,80,0
2025-07-01 16:45:00+03:00,22581.15,22622.35,22577.85,22600.6,4264,80,0
2025-07-01 17:00:00+03:00,22590.9,22618.85,22576.85,22618.15,4212,80,0
2025-07-01 17:15:00+03:00,22617.65,22632.85,22537.55,22555.15,4212,80,0
2025-07-01 17:30:00+03:00,22554.35,22571.55,22490.55,22500.55,4381,90,0
2025-07-01 17:45:00+03:00,22501.25,22507.55,22463.05,22476.05,4378,90,0
2025-07-01 18:00:00+03:00,22476.15,22505.55,22384.05,22392.95,4486,90,0
2025-07-01 18:15:00+03:00,22392.45,22483.05,22384.95,22473.05,4331,90,0
2025-07-01 18:30:00+03:00,22472.35,22482.85,22406.05,22426.35,4339,80,0
2025-07-01 18:45:00+03:00,22426.45,22460.65,22422.55,22447.85,4109,80,0
2025-07-01 19:00:00+03:00,22447.75,22495.35,22421.85,22492.15,4144,80,0
2025-07-01 19:15:00+03:00,22492.15,22494.35,22461.35,22466.65,3951,80,0
2025-07-01 19:30:00+03:00,22464.95,22497.45,22455.75,22494.65,3518,80,0
2025-07-01 19:45:00+03:00,22494.65,22527.15,22484.85,22489.35,3827,80,0
2025-07-01 20:00:00+03:00,22489.35,22532.35,22489.35,22519.85,3698,80,0
2025-07-01 20:15:00+03:00,22519.85,22531.85,22506.25,22513.85,3516,80,0
2025-07-01 20:30:00+03:00,22513.65,22519.15,22499.15,22517.95,3355,80,0
2025-07-01 20:45:00+03:00,22517.85,22550.65,22508.85,22530.85,3189,80,0
2025-07-01 21:00:00+03:00,22531.25,22541.95,22528.15,22529.85,3048,80,0
2025-07-01 21:15:00+03:00,22529.85,22537.65,22510.95,22512.85,2862,80,0
2025-07-01 21:30:00+03:00,22512.65,22534.65,22509.35,22519.15,2788,80,0
2025-07-01 21:45:00+03:00,22519.25,22524.85,22489.75,22491.15,2619,80,0
2025-07-01 22:00:00+03:00,22490.35,22490.35,22436.25,22474.55,4257,80,0
2025-07-01 22:15:00+03:00,22474.55,22513.45,22474.05,22513.45,3300,80,0
2025-07-01 22:30:00+03:00,22512.95,22515.25,22476.45,22497.35,3639,80,0
2025-07-01 22:45:00+03:00,22497.35,22532.05,22473.85,22479.85,4017,80,0
2025-07-01 23:00:00+03:00,22479.96,22484.76,22458.26,22462.46,2409,128,0
2025-07-01 23:15:00+03:00,22463.36,22471.56,22460.96,22471.26,1139,168,0
2025-07-01 23:30:00+03:00,22471.26,22481.06,22468.26,22476.06,853,168,0
2025-07-01 23:45:00+03:00,22475.56,22480.26,22475.56,22477.76,223,168,0
2025-07-02 01:00:00+03:00,22489.86,22492.66,22480.26,22487.66,418,168,0
2025-07-02 01:15:00+03:00,22488.36,22497.86,22484.86,22485.16,574,168,0
2025-07-02 01:30:00+03:00,22484.36,22510.76,22483.96,22509.16,954,168,0
2025-07-02 01:45:00+03:00,22509.46,22510.26,22504.66,22509.76,560,168,0
2025-07-02 02:00:00+03:00,22509.85,22516.75,22502.05,22503.95,738,150,0
2025-07-02 02:15:00+03:00,22503.55,22506.45,22493.35,22501.05,763,150,0
2025-07-02 02:30:00+03:00,22501.35,22505.45,22498.45,22502.95,633,150,0
2025-07-02 02:45:00+03:00,22503.05,22503.35,22490.55,22497.05,986,150,0
2025-07-02 03:00:00+03:00,22496.95,22506.75,22494.75,22501.75,1561,150,0
2025-07-02 03:15:00+03:00,22501.85,22510.05,22497.35,22501.35,1046,150,0
2025-07-02 03:30:00+03:00,22501.55,22506.45,22500.05,22502.45,823,150,0
2025-07-02 03:45:00+03:00,22502.05,22503.75,22497.25,22501.25,701,150,0
2025-07-02 04:00:00+03:00,22501.35,22506.45,22497.05,22501.05,870,150,0
2025-07-02 04:15:00+03:00,22501.15,22503.95,22492.95,22498.55,866,150,0
2025-07-02 04:30:00+03:00,22498.45,22504.75,22491.85,22504.45,1002,150,0
2025-07-02 04:45:00+03:00,22504.35,22504.45,22477.05,22478.55,1113,150,0
2025-07-02 05:00:00+03:00,22478.25,22480.85,22463.55,22471.05,1198,150,0
2025-07-02 05:15:00+03:00,22471.05,22496.45,22470.45,22495.75,1159,150,0
2025-07-02 05:30:00+03:00,22495.75,22518.75,22493.35,22510.75,1145,150,0
2025-07-02 05:45:00+03:00,22511.05,22527.55,22511.05,22527.55,974,150,0
2025-07-02 06:00:00+03:00,22529.75,22533.05,22523.05,22531.85,1022,150,0
2025-07-02 06:15:00+03:00,22532.05,22533.95,22523.05,22524.85,744,150,0
2025-07-02 06:30:00+03:00,22525.05,22530.75,22521.85,22524.75,716,150,0
2025-07-02 06:45:00+03:00,22524.85,22528.35,22520.35,22527.95,615,150,0
2025-07-02 07:00:00+03:00,22527.75,22537.05,22525.35,22535.05,636,150,0
2025-07-02 07:15:00+03:00,22535.05,22562.95,22532.75,22558.25,1092,150,0
2025-07-02 07:30:00+03:00,22558.75,22566.95,22554.95,22558.25,872,150,0
2025-07-02 07:45:00+03:00,22558.35,22568.85,22558.05,22560.45,733,150,0
2025-07-02 08:00:00+03:00,22560.55,22560.55,22551.35,22555.85,806,150,0
2025-07-02 08:15:00+03:00,22555.85,22559.05,22536.95,22538.35,1014,150,0
2025-07-02 08:30:00+03:00,22538.35,22552.05,22534.45,22548.05,1039,150,0
2025-07-02 08:45:00+03:00,22548.05,22557.25,22543.35,22557.05,955,150,0
2025-07-02 09:00:00+03:00,22557.25,22566.55,22551.05,22551.05,1372,150,0
2025-07-02 09:15:00+03:00,22551.95,22557.85,22546.05,22547.25,1156,150,0
2025-07-02 09:30:00+03:00,22547.65,22559.25,22546.05,22557.25,1196,150,0
2025-07-02 09:45:00+03:00,22556.85,22561.45,22552.45,22560.35,983,150,0
2025-07-02 10:00:00+03:00,22560.45,22564.55,22546.95,22549.75,2165,150,0
2025-07-02 10:15:00+03:00,22550.45,22550.75,22520.95,22521.75,1805,160,0
2025-07-02 10:30:00+03:00,22521.55,22535.05,22513.55,22513.95,1747,150,0
2025-07-02 10:45:00+03:00,22513.65,22519.95,22505.95,22511.75,1603,150,0
2025-07-02 11:00:00+03:00,22513.05,22524.95,22504.95,22520.25,2070,160,0
2025-07-02 11:15:00+03:00,22519.75,22525.45,22501.35,22508.45,1704,160,0
2025-07-02 11:30:00+03:00,22508.65,22508.75,22490.65,22495.95,1761,160,0
2025-07-02 11:45:00+03:00,22496.55,22506.55,22493.25,22497.75,1291,150,0
2025-07-02 12:00:00+03:00,22497.65,22501.65,22484.75,22488.85,1393,150,0
2025-07-02 12:15:00+03:00,22489.45,22500.75,22482.25,22498.05,1387,150,0
2025-07-02 12:30:00+03:00,22498.25,22503.05,22485.65,22500.35,1259,150,0
2025-07-02 12:45:00+03:00,22500.45,22503.75,22497.35,22501.35,941,150,0
2025-07-02 13:00:00+03:00,22501.55,22505.95,22492.95,22499.65,1045,150,0
2025-07-02 13:15:00+03:00,22499.65,22499.85,22480.95,22481.95,1109,150,0
2025-07-02 13:30:00+03:00,22480.85,22492.25,22468.75,22471.95,1514,150,0
2025-07-02 13:45:00+03:00,22472.25,22477.45,22461.15,22475.75,1641,160,0
2025-07-02 14:00:00+03:00,22475.65,22484.05,22468.05,22475.35,1546,150,0
2025-07-02 14:15:00+03:00,22475.35,22486.95,22475.05,22484.55,1106,150,0
2025-07-02 14:30:00+03:00,22484.45,22489.35,22468.85,22475.55,1463,150,0
2025-07-02 14:45:00+03:00,22475.85,22477.45,22426.35,22450.45,2283,150,0
2025-07-02 15:00:00+03:00,22449.25,22472.25,22434.35,22470.2,2229,160,0
2025-07-02 15:15:00+03:00,22470.04,22471.34,22410.25,22427.25,3579,210,0
2025-07-02 15:30:00+03:00,22427.45,22431.95,22373.15,22385.45,3185,210,0
2025-07-02 15:45:00+03:00,22385.25,22408.15,22380.75,22404.65,2727,170,0
2025-07-02 16:00:00+03:00,22404.25,22446.15,22392.05,22434.65,3252,170,0
2025-07-02 16:15:00+03:00,22434.65,22444.75,22421.85,22441.75,2843,170,0
2025-07-02 16:30:00+03:00,22445.25,22494.75,22439.75,22482.05,4677,80,0
2025-07-02 16:45:00+03:00,22482.25,22516.55,22482.25,22494.75,4342,80,0
2025-07-02 17:00:00+03:00,22495.25,22548.85,22491.55,22544.35,3850,80,0
2025-07-02 17:15:00+03:00,22543.85,22586.25,22543.55,22579.25,3732,80,0
2025-07-02 17:30:00+03:00,22579.15,22601.05,22561.25,22567.15,3481,80,0
2025-07-02 17:45:00+03:00,22564.85,22619.85,22564.85,22599.45,3996,80,0
2025-07-02 18:00:00+03:00,22599.85,22634.05,22599.85,22609.65,3820,80,0
2025-07-02 18:15:00+03:00,22609.85,22619.35,22587.55,22592.35,3613,80,0
2025-07-02 18:30:00+03:00,22592.35,22615.35,22589.55,22597.55,3356,80,0
2025-07-02 18:45:00+03:00,22597.45,22616.15,22592.45,22610.85,3064,80,0
2025-07-02 19:00:00+03:00,22610.55,22626.15,22599.35,22610.35,3203,80,0
2025-07-02 19:15:00+03:00,22609.45,22632.65,22607.15,22621.35,3053,80,0
2025-07-02 19:30:00+03:00,22621.65,22634.45,22611.35,22625.85,2885,80,0
2025-07-02 19:45:00+03:00,22626.15,22631.85,22617.15,22630.35,2563,80,0
2025-07-02 20:00:00+03:00,22630.65,22636.15,22616.85,22618.65,2687,80,0
2025-07-02 20:15:00+03:00,22618.15,22622.85,22599.45,22608.85,2715,80,0
2025-07-02 20:30:00+03:00,22609.15,22619.65,22598.65,22603.35,2507,80,0
2025-07-02 20:45:00+03:00,22603.25,22625.75,22599.85,22615.25,2481,80,0
2025-07-02 21:00:00+03:00,22616.15,22625.65,22603.15,22620.15,2538,80,0
2025-07-02 21:15:00+03:00,22620.15,22625.85,22608.15,22618.65,2274,80,0
2025-07-02 21:30:00+03:00,22618.65,22627.85,22615.45,22620.35,2295,80,0
2025-07-02 21:45:00+03:00,22619.75,22627.35,22609.65,22618.45,2392,80,0
2025-07-02 22:00:00+03:00,22618.45,22641.15,22614.35,22617.95,2659,80,0
2025-07-02 22:15:00+03:00,22618.15,22624.35,22608.75,22614.15,2424,80,0
2025-07-02 22:30:00+03:00,22614.15,22621.95,22603.15,22614.15,2540,80,0
2025-07-02 22:45:00+03:00,22614.35,22643.25,22604.45,22634.15,3206,80,0
2025-07-02 23:00:00+03:00,22634.56,22634.86,22620.76,22624.96,1869,98,0
2025-07-02 23:15:00+03:00,22624.16,22625.46,22617.16,22624.96,702,168,0
2025-07-02 23:30:00+03:00,22624.96,22640.06,22624.26,22638.46,807,168,0
2025-07-02 23:45:00+03:00,22637.96,22641.96,22637.16,22641.96,265,168,0
2025-07-03 01:00:00+03:00,22641.16,22642.76,22623.76,22625.86,774,168,0
2025-07-03 01:15:00+03:00,22625.66,22629.96,22621.66,22624.26,642,168,0
2025-07-03 01:30:00+03:00,22624.36,22636.26,22622.66,22634.96,568,168,0
2025-07-03 01:45:00+03:00,22635.16,22637.86,22632.36,22635.66,388,168,0
2025-07-03 02:00:00+03:00,22636.16,22639.75,22632.45,22637.05,483,150,0
2025-07-03 02:15:00+03:00,22637.25,22639.45,22635.95,22637.55,284,150,0
2025-07-03 02:30:00+03:00,22637.45,22639.75,22634.55,22638.45,367,150,0
2025-07-03 02:45:00+03:00,22637.75,22640.05,22635.35,22638.45,502,150,0
2025-07-03 03:00:00+03:00,22637.75,22644.25,22629.25,22634.55,1193,150,0
2025-07-03 03:15:00+03:00,22634.75,22646.95,22632.85,22634.05,935,150,0
2025-07-03 03:30:00+03:00,22634.25,22643.55,22632.95,22642.95,727,150,0
2025-07-03 03:45:00+03:00,22642.95,22644.45,22637.25,22641.25,768,150,0
2025-07-03 04:00:00+03:00,22640.75,22641.35,22633.05,22636.45,893,150,0
2025-07-03 04:15:00+03:00,22636.25,22657.55,22635.55,22650.75,929,150,0
2025-07-03 04:30:00+03:00,22650.55,22651.95,22642.45,22643.05,866,150,0
2025-07-03 04:45:00+03:00,22643.35,22648.45,22637.85,22640.25,654,150,0
2025-07-03 05:00:00+03:00,22640.25,22640.95,22627.85,22629.25,884,150,0
2025-07-03 05:15:00+03:00,22629.25,22635.75,22625.45,22626.85,738,150,0
2025-07-03 05:30:00+03:00,22626.35,22632.85,22617.45,22632.25,969,150,0
2025-07-03 05:45:00+03:00,22632.25,22641.25,22630.35,22637.75,641,150,0
2025-07-03 06:00:00+03:00,22636.95,22647.05,22635.95,22646.45,546,150,0
2025-07-03 06:15:00+03:00,22646.55,22665.85,22645.85,22661.35,1106,150,0
2025-07-03 06:30:00+03:00,22661.75,22671.85,22659.75,22671.45,884,150,0
2025-07-03 06:45:00+03:00,22671.35,22671.35,22651.95,22651.95,791,150,0
2025-07-03 07:00:00+03:00,22651.85,22662.35,22649.55,22661.95,665,150,0
2025-07-03 07:15:00+03:00,22661.95,22664.25,22656.55,22663.45,466,150,0
2025-07-03 07:30:00+03:00,22663.55,22663.95,22653.35,22656.45,503,150,0
2025-07-03 07:45:00+03:00,22656.25,22657.85,22652.05,22657.35,417,150,0
2025-07-03 08:00:00+03:00,22657.35,22659.35,22654.95,22657.85,587,150,0
2025-07-03 08:15:00+03:00,22657.95,22661.35,22650.75,22654.75,554,150,0
2025-07-03 08:30:00+03:00,22654.95,22656.45,22644.25,22646.75,683,150,0
2025-07-03 08:45:00+03:00,22646.75,22664.25,22641.25,22663.45,747,150,0
2025-07-03 09:00:00+03:00,22663.55,22665.35,22652.05,22658.35,941,150,0
2025-07-03 09:15:00+03:00,22658.35,22670.85,22656.35,22663.55,882,150,0
2025-07-03 09:30:00+03:00,22664.05,22679.45,22661.95,22677.15,889,150,0
2025-07-03 09:45:00+03:00,22677.25,22679.55,22669.75,22670.75,723,150,0
2025-07-03 10:00:00+03:00,22670.45,22682.05,22664.95,22673.45,1551,150,0
2025-07-03 10:15:00+03:00,22673.25,22680.95,22662.25,22674.45,1305,150,0
2025-07-03 10:30:00+03:00,22674.25,22690.95,22672.35,22687.55,994,150,0
2025-07-03 10:45:00+03:00,22687.95,22690.05,22672.95,22673.75,889,150,0
2025-07-03 11:00:00+03:00,22673.65,22685.25,22673.65,22681.75,1240,150,0
2025-07-03 11:15:00+03:00,22681.85,22681.95,22670.85,22676.35,1076,150,0
2025-07-03 11:30:00+03:00,22676.65,22682.15,22663.35,22665.05,970,150,0
2025-07-03 11:45:00+03:00,22664.95,22666.85,22646.65,22646.65,1090,150,0
2025-07-03 12:00:00+03:00,22646.15,22656.55,22642.05,22645.65,1216,150,0
2025-07-03 12:15:00+03:00,22645.35,22665.05,22644.35,22663.85,1130,150,0
2025-07-03 12:30:00+03:00,22663.35,22663.85,22645.45,22648.05,1364,150,0
2025-07-03 12:45:00+03:00,22648.15,22661.15,22640.85,22642.75,1125,150,0
2025-07-03 13:00:00+03:00,22642.85,22648.35,22627.25,22633.85,1245,150,0
2025-07-03 13:15:00+03:00,22634.15,22638.75,22624.35,22632.15,1131,150,0
2025-07-03 13:30:00+03:00,22632.35,22643.45,22631.85,22641.25,930,150,0
2025-07-03 13:45:00+03:00,22641.35,22648.75,22641.15,22646.75,922,150,0
2025-07-03 14:00:00+03:00,22646.75,22658.25,22641.35,22652.35,1091,150,0
2025-07-03 14:15:00+03:00,22651.85,22659.45,22647.85,22656.85,1033,150,0
2025-07-03 14:30:00+03:00,22656.85,22660.05,22644.15,22655.15,1389,150,0
2025-07-03 14:45:00+03:00,22654.65,22656.15,22644.85,22656.05,1256,150,0
2025-07-03 15:00:00+03:00,22653.45,22672.25,22652.05,22656.05,1542,150,0
2025-07-03 15:15:00+03:00,22655.95,22658.05,22644.65,22654.43,1846,150,0
2025-07-03 15:30:00+03:00,22654.16,22726.55,22653.96,22693.85,3806,200,0
2025-07-03 15:45:00+03:00,22694.15,22695.15,22670.75,22685.65,2851,170,0
2025-07-03 16:00:00+03:00,22685.65,22723.15,22684.05,22706.95,2507,160,0
2025-07-03 16:15:00+03:00,22706.95,22735.35,22699.95,22728.35,2391,160,0
2025-07-03 16:30:00+03:00,22728.25,22782.25,22728.25,22755.15,4574,80,0
2025-07-03 16:45:00+03:00,22755.75,22800.85,22744.75,22793.3,4132,80,0
2025-07-03 17:00:00+03:00,22793.5,22862.85,22792.14,22851.35,3820,80,0
2025-07-03 17:15:00+03:00,22852.85,22863.55,22838.85,22859.55,3611,80,0
2025-07-03 17:30:00+03:00,22859.55,22864.55,22842.85,22845.05,3579,80,0
2025-07-03 17:45:00+03:00,22845.35,22854.55,22836.05,22846.85,3141,80,0
2025-07-03 18:00:00+03:00,22846.85,22869.25,22846.25,22869.05,3054,80,0
2025-07-03 18:15:00+03:00,22869.25,22874.45,22856.85,22867.55,2912,80,0
2025-07-03 18:30:00+03:00,22867.75,22900.95,22864.35,22897.35,2829,80,0
2025-07-03 18:45:00+03:00,22897.35,22897.35,22878.85,22883.85,2518,80,0
2025-07-03 19:00:00+03:00,22883.85,22894.45,22883.35,22890.25,2294,80,0
2025-07-03 19:15:00+03:00,22890.35,22890.35,22872.85,22875.05,2638,80,0
2025-07-03 19:30:00+03:00,22875.05,22881.85,22866.25,22874.55,2566,80,0
2025-07-03 19:45:00+03:00,22874.85,22875.05,22828.85,22857.55,3622,80,0
2025-07-03 20:00:00+03:00,22857.75,22869.45,22833.55,22851.95,2892,80,0
2025-07-04 01:00:00+03:00,22835.46,22859.06,22834.26,22842.96,920,188,0
2025-07-04 01:15:00+03:00,22843.16,22859.56,22837.26,22853.26,848,168,0
2025-07-04 01:30:00+03:00,22853.26,22864.36,22849.56,22851.56,679,168,0
2025-07-04 01:45:00+03:00,22853.26,22855.86,22849.56,22849.76,452,168,0
2025-07-04 02:00:00+03:00,22849.56,22856.85,22837.15,22839.35,556,150,0
2025-07-04 02:15:00+03:00,22839.45,22845.35,22838.75,22843.35,410,150,0
2025-07-04 02:30:00+03:00,22843.25,22847.75,22831.85,22835.95,575,150,0
2025-07-04 02:45:00+03:00,22836.15,22839.85,22834.35,22837.95,587,150,0
2025-07-04 03:00:00+03:00,22837.95,22837.95,22819.75,22835.35,1367,150,0
2025-07-04 03:15:00+03:00,22835.35,22838.05,22825.15,22827.15,995,150,0
2025-07-04 03:30:00+03:00,22827.45,22830.95,22822.45,22826.75,771,150,0
2025-07-04 03:45:00+03:00,22826.25,22831.95,22824.15,22828.35,689,150,0
2025-07-04 04:00:00+03:00,22828.85,22840.15,22827.25,22838.85,820,150,0
2025-07-04 04:15:00+03:00,22838.35,22852.15,22836.45,22840.95,970,150,0
2025-07-04 04:30:00+03:00,22840.75,22844.35,22836.15,22838.35,880,150,0
2025-07-04 04:45:00+03:00,22838.85,22839.65,22828.65,22830.15,766,150,0
2025-07-04 05:00:00+03:00,22829.85,22832.85,22805.05,22816.05,1016,150,0
2025-07-04 05:15:00+03:00,22816.25,22816.25,22794.85,22814.25,1147,150,0
2025-07-04 05:30:00+03:00,22814.35,22814.35,22806.65,22809.65,676,150,0
2025-07-04 05:45:00+03:00,22809.35,22818.45,22807.85,22817.35,742,150,0
2025-07-04 06:00:00+03:00,22817.25,22817.75,22805.85,22816.85,638,150,0
2025-07-04 06:15:00+03:00,22816.95,22821.75,22814.85,22820.15,578,150,0
2025-07-04 06:30:00+03:00,22819.85,22820.35,22809.15,22812.85,669,150,0
2025-07-04 06:45:00+03:00,22813.15,22815.85,22809.65,22812.25,487,150,0
2025-07-04 07:00:00+03:00,22812.35,22815.15,22807.35,22814.35,567,150,0
2025-07-04 07:15:00+03:00,22814.35,22818.25,22798.55,22802.55,804,150,0
2025-07-04 07:30:00+03:00,22802.85,22807.45,22796.85,22806.35,713,150,0
2025-07-04 07:45:00+03:00,22806.65,22811.25,22802.85,22808.25,634,150,0
2025-07-04 08:00:00+03:00,22808.35,22812.75,22803.35,22805.25,705,150,0
2025-07-04 08:15:00+03:00,22805.35,22810.15,22801.15,22803.25,740,150,0
2025-07-04 08:30:00+03:00,22803.15,22807.45,22790.05,22804.85,828,150,0
2025-07-04 08:45:00+03:00,22804.75,22811.65,22803.35,22808.15,615,150,0
2025-07-04 09:00:00+03:00,22807.95,22809.45,22788.35,22792.15,1480,150,0
2025-07-04 09:15:00+03:00,22792.25,22802.35,22790.35,22795.35,991,150,0
2025-07-04 09:30:00+03:00,22795.05,22802.15,22789.25,22794.25,827,150,0
2025-07-04 09:45:00+03:00,22794.35,22797.35,22785.65,22788.05,834,150,0
2025-07-04 10:00:00+03:00,22788.35,22801.85,22773.55,22775.35,2072,160,0
2025-07-04 10:15:00+03:00,22775.05,22781.95,22750.45,22766.45,2160,160,0
2025-07-04 10:30:00+03:00,22766.35,22779.15,22761.55,22766.85,1551,150,0
2025-07-04 10:45:00+03:00,22766.95,22768.35,22742.45,22746.15,1540,150,0
2025-07-04 11:00:00+03:00,22745.75,22751.85,22734.95,22736.15,1670,150,0
2025-07-04 11:15:00+03:00,22735.95,22771.55,22724.95,22768.35,1909,150,0
2025-07-04 11:30:00+03:00,22768.05,22769.35,22746.85,22758.15,1762,150,0
2025-07-04 11:45:00+03:00,22757.95,22758.25,22722.25,22727.05,1729,150,0
2025-07-04 12:00:00+03:00,22726.75,22746.15,22712.75,22727.05,2005,160,0
2025-07-04 12:15:00+03:00,22727.45,22739.15,22709.65,22727.15,1715,150,0
2025-07-04 12:30:00+03:00,22726.15,22741.75,22717.95,22741.75,1880,150,0
2025-07-04 12:45:00+03:00,22741.75,22751.15,22733.25,22745.55,1418,160,0
2025-07-04 13:00:00+03:00,22745.35,22750.05,22735.55,22742.95,1198,150,0
2025-07-04 13:15:00+03:00,22742.65,22748.05,22728.35,22731.85,1096,150,0
2025-07-04 13:30:00+03:00,22731.85,22747.05,22719.85,22724.35,1498,150,0
2025-07-04 13:45:00+03:00,22724.35,22728.45,22681.35,22704.35,2387,150,0
2025-07-04 14:00:00+03:00,22704.85,22721.25,22698.25,22720.75,2261,170,0
2025-07-04 14:15:00+03:00,22720.85,22735.35,22720.35,22727.15,1728,150,0
2025-07-04 14:30:00+03:00,22727.05,22728.85,22708.85,22721.95,1766,150,0
2025-07-04 14:45:00+03:00,22721.95,22728.15,22716.05,22720.95,1324,150,0
2025-07-04 15:00:00+03:00,22721.45,22731.55,22719.85,22726.95,1538,150,0
2025-07-04 15:15:00+03:00,22727.15,22728.25,22710.15,22726.95,1607,150,0
2025-07-04 15:30:00+03:00,22726.65,22734.35,22717.55,22726.45,1592,150,0
2025-07-04 15:45:00+03:00,22726.15,22728.95,22717.35,22721.75,1332,150,0
2025-07-04 16:00:00+03:00,22721.95,22727.15,22709.75,22710.15,1618,150,0
2025-07-04 16:15:00+03:00,22710.25,22718.85,22706.85,22718.05,1508,150,0
2025-07-04 16:30:00+03:00,22718.05,22728.75,22687.95,22723.85,3129,80,0
2025-07-04 16:45:00+03:00,22724.05,22733.25,22704.95,22723.75,2410,80,0
2025-07-04 17:00:00+03:00,22723.95,22726.85,22706.05,22714.35,2204,80,0
2025-07-04 17:15:00+03:00,22714.25,22730.45,22711.05,22729.95,1485,80,0
2025-07-04 17:30:00+03:00,22729.75,22742.05,22727.95,22739.45,1604,80,0
2025-07-04 17:45:00+03:00,22740.55,22741.55,22729.45,22733.75,1154,80,0
2025-07-04 18:00:00+03:00,22734.05,22740.05,22725.45,22726.35,1422,80,0
2025-07-04 18:15:00+03:00,22726.75,22727.25,22708.45,22722.95,1705,80,0
2025-07-04 18:30:00+03:00,22723.05,22733.75,22722.75,22728.25,1259,80,0
2025-07-04 18:45:00+03:00,22727.95,22734.95,22724.05,22731.75,999,80,0
2025-07-04 19:00:00+03:00,22730.45,22732.35,22724.05,22727.95,1029,80,0
2025-07-04 19:15:00+03:00,22727.85,22729.75,22716.25,22727.25,1228,80,0
2025-07-04 19:30:00+03:00,22727.75,22727.85,22695.05,22699.25,1586,80,0
2025-07-04 19:45:00+03:00,22699.45,22710.05,22693.75,22707.75,1666,80,0
2025-07-07 01:00:00+03:00,22789.86,22821.86,22788.46,22792.66,1498,218,0
2025-07-07 01:15:00+03:00,22795.96,22807.76,22781.26,22785.16,1392,178,0
2025-07-07 01:30:00+03:00,22785.36,22796.36,22778.66,22792.96,1153,168,0
2025-07-07 01:45:00+03:00,22793.16,22798.76,22774.06,22776.16,947,168,0
2025-07-07 02:00:00+03:00,22775.95,22792.35,22760.75,22789.95,1446,160,0
2025-07-07 02:15:00+03:00,22790.05,22805.85,22785.75,22792.75,963,150,0
2025-07-07 02:30:00+03:00,22791.35,22801.45,22780.85,22791.45,1164,150,0
2025-07-07 02:45:00+03:00,22792.55,22793.75,22776.35,22784.45,1026,150,0
2025-07-07 03:00:00+03:00,22784.05,22799.55,22777.75,22786.05,1738,150,0
2025-07-07 03:15:00+03:00,22785.85,22789.85,22775.75,22780.15,1042,150,0
2025-07-07 03:30:00+03:00,22779.85,22787.85,22766.25,22766.85,1129,150,0
2025-07-07 03:45:00+03:00,22766.85,22775.25,22764.75,22770.85,1156,150,0
2025-07-07 04:00:00+03:00,22770.65,22771.25,22714.75,22721.15,2413,150,0
2025-07-07 04:15:00+03:00,22720.25,22756.55,22719.95,22755.45,1871,160,0
2025-07-07 04:30:00+03:00,22755.05,22760.85,22735.15,22739.25,1632,150,0
2025-07-07 04:45:00+03:00,22739.25,22753.35,22735.65,22743.05,1429,150,0
2025-07-07 05:00:00+03:00,22743.25,22763.25,22740.25,22759.05,1228,150,0
2025-07-07 05:15:00+03:00,22759.25,22769.55,22752.95,22762.95,1311,150,0
2025-07-07 05:30:00+03:00,22763.75,22764.75,22741.55,22755.45,1382,150,0
2025-07-07 05:45:00+03:00,22755.55,22766.35,22749.75,22758.25,984,150,0
2025-07-07 06:00:00+03:00,22758.15,22759.85,22741.85,22753.55,1082,150,0
2025-07-07 06:15:00+03:00,22753.35,22756.25,22748.15,22754.85,644,150,0
2025-07-07 06:30:00+03:00,22755.15,22764.15,22752.25,22763.55,692,150,0
2025-07-07 06:45:00+03:00,22763.65,22776.85,22762.55,22775.05,786,150,0
2025-07-07 07:00:00+03:00,22774.65,22791.05,22772.05,22772.65,1055,150,0
2025-07-07 07:15:00+03:00,22772.75,22775.85,22765.75,22767.15,578,150,0
2025-07-07 07:30:00+03:00,22766.85,22767.85,22747.75,22748.75,870,150,0
2025-07-07 07:45:00+03:00,22748.85,22752.15,22745.15,22747.35,613,150,0
2025-07-07 08:00:00+03:00,22747.65,22751.45,22736.35,22740.05,847,150,0
2025-07-07 08:15:00+03:00,22739.35,22742.85,22733.25,22736.85,753,150,0
2025-07-07 08:30:00+03:00,22736.65,22747.55,22735.05,22744.15,827,150,0
2025-07-07 08:45:00+03:00,22743.65,22749.75,22741.05,22749.75,661,150,0
2025-07-07 09:00:00+03:00,22749.75,22752.15,22728.75,22730.55,1370,150,0
2025-07-07 09:15:00+03:00,22730.85,22733.55,22718.75,22733.05,1208,150,0
2025-07-07 09:30:00+03:00,22734.05,22743.35,22728.25,22729.65,1302,150,0
2025-07-07 09:45:00+03:00,22729.35,22743.55,22728.35,22738.15,1081,150,0
2025-07-07 10:00:00+03:00,22738.15,22748.15,22729.45,22742.75,2157,150,0
2025-07-07 10:15:00+03:00,22742.45,22748.15,22731.65,22732.05,1644,160,0
2025-07-07 10:30:00+03:00,22731.25,22744.85,22726.95,22741.85,1390,150,0
2025-07-07 10:45:00+03:00,22742.05,22749.85,22733.85,22749.85,1216,150,0
2025-07-07 11:00:00+03:00,22745.85,22746.65,22709.35,22721.65,2393,150,0
2025-07-07 11:15:00+03:00,22721.55,22735.55,22715.85,22721.65,1918,160,0
2025-07-07 11:30:00+03:00,22721.55,22729.35,22717.55,22724.55,1525,160,0
2025-07-07 11:45:00+03:00,22724.65,22729.25,22713.55,22713.75,1286,150,0
2025-07-07 12:00:00+03:00,22713.65,22725.15,22709.35,22720.75,1462,150,0
2025-07-07 12:15:00+03:00,22720.85,22725.65,22718.05,22720.85,915,150,0
2025-07-07 12:30:00+03:00,22722.05,22746.75,22719.75,22742.05,1060,150,0
2025-07-07 12:45:00+03:00,22742.15,22766.45,22736.05,22764.95,1402,150,0
2025-07-07 13:00:00+03:00,22764.65,22785.75,22760.05,22784.05,1577,150,0
2025-07-07 13:15:00+03:00,22783.95,22785.25,22768.35,22780.35,1237,150,0
2025-07-07 13:30:00+03:00,22780.55,22789.75,22771.65,22775.35,1129,150,0
2025-07-07 13:45:00+03:00,22775.75,22776.25,22760.85,22762.75,1133,150,0
2025-07-07 14:00:00+03:00,22763.75,22770.35,22757.05,22758.35,1224,150,0
2025-07-07 14:15:00+03:00,22758.75,22776.75,22755.25,22776.65,1228,150,0
2025-07-07 14:30:00+03:00,22776.55,22779.55,22762.25,22772.55,1243,150,0
2025-07-07 14:45:00+03:00,22772.35,22784.85,22771.55,22781.85,1166,150,0
2025-07-07 15:00:00+03:00,22779.85,22794.75,22769.95,22794.45,1684,150,0
2025-07-07 15:15:00+03:00,22794.25,22801.65,22778.85,22785.05,1598,150,0
2025-07-07 15:30:00+03:00,22785.05,22791.65,22766.35,22766.65,1686,150,0
2025-07-07 15:45:00+03:00,22766.55,22772.25,22745.35,22751.55,2047,150,0
2025-07-07 16:00:00+03:00,22751.95,22755.15,22737.65,22742.75,2124,160,0
2025-07-07 16:15:00+03:00,22742.35,22749.05,22729.05,22743.25,2640,160,0
2025-07-07 16:30:00+03:00,22745.05,22776.35,22701.45,22748.55,4530,80,0
2025-07-07 16:45:00+03:00,22747.35,22776.05,22722.55,22745.95,4260,80,0
2025-07-07 17:00:00+03:00,22745.85,22756.15,22703.15,22718.45,4288,80,0
2025-07-07 17:15:00+03:00,22718.35,22763.75,22707.15,22738.65,3885,80,0
2025-07-07 17:30:00+03:00,22738.35,22740.15,22718.25,22721.15,3795,80,0
2025-07-07 17:45:00+03:00,22721.05,22735.25,22685.45,22697.05,3861,80,0
2025-07-07 18:00:00+03:00,22697.25,22718.25,22691.95,22706.75,3884,80,0
2025-07-07 18:15:00+03:00,22706.55,22724.55,22700.25,22722.75,3426,80,0
2025-07-07 18:30:00+03:00,22723.05,22733.05,22714.25,22717.25,3155,80,0
2025-07-07 18:45:00+03:00,22716.75,22739.05,22701.75,22730.75,3194,80,0
2025-07-07 19:00:00+03:00,22731.05,22758.65,22730.75,22749.95,2939,80,0
2025-07-07 19:15:00+03:00,22749.65,22761.55,22634.75,22694.05,4173,80,0
2025-07-07 19:30:00+03:00,22692.85,22724.95,22681.65,22691.85,4273,90,0
2025-07-07 19:45:00+03:00,22692.35,22696.65,22651.25,22671.15,4159,90,0
2025-07-07 20:00:00+03:00,22671.35,22698.15,22659.95,22695.15,3730,80,0
2025-07-07 20:15:00+03:00,22694.95,22711.95,22667.45,22673.65,3486,80,0
2025-07-07 20:30:00+03:00,22673.25,22727.55,22647.75,22661.75,3933,80,0
2025-07-07 20:45:00+03:00,22661.45,22678.85,22655.75,22673.65,3320,80,0
2025-07-07 21:00:00+03:00,22673.85,22684.15,22667.35,22671.35,3485,80,0
2025-07-07 21:15:00+03:00,22670.65,22672.35,22586.85,22589.35,4189,80,0
2025-07-07 21:30:00+03:00,22588.85,22654.25,22584.35,22649.45,3678,80,0
2025-07-07 21:45:00+03:00,22649.45,22683.65,22646.35,22680.35,2900,80,0
2025-07-07 22:00:00+03:00,22680.35,22692.85,22647.65,22658.55,3441,80,0
2025-07-07 22:15:00+03:00,22658.35,22664.35,22648.35,22648.85,3036,80,0
2025-07-07 22:30:00+03:00,22649.35,22664.85,22643.55,22655.35,2916,80,0
2025-07-07 22:45:00+03:00,22655.15,22691.65,22643.05,22686.55,3849,80,0
2025-07-07 23:00:00+03:00,22685.46,22687.56,22652.36,22659.96,2254,108,0
2025-07-07 23:15:00+03:00,22660.16,22666.86,22657.56,22659.46,867,168,0
2025-07-07 23:30:00+03:00,22659.66,22661.16,22624.46,22625.46,1306,168,0
2025-07-07 23:45:00+03:00,22625.36,22630.76,22623.26,22624.36,636,188,0
2025-07-08 01:00:00+03:00,22635.06,22648.16,22635.06,22638.86,455,168,0
2025-07-08 01:15:00+03:00,22639.06,22639.46,22613.36,22623.66,1248,168,0
2025-07-08 01:30:00+03:00,22623.86,22657.16,22622.76,22650.06,1239,178,0
2025-07-08 01:45:00+03:00,22650.26,22653.26,22640.36,22650.16,900,168,0
2025-07-08 02:00:00+03:00,22650.25,22667.95,22646.75,22663.65,1033,150,0
2025-07-08 02:15:00+03:00,22663.75,22675.55,22659.45,22667.05,826,150,0
2025-07-08 02:30:00+03:00,22667.05,22679.65,22665.25,22668.05,938,150,0
2025-07-08 02:45:00+03:00,22668.15,22682.65,22668.05,22677.55,1098,150,0
2025-07-08 03:00:00+03:00,22677.65,22682.45,22660.65,22678.65,1797,150,0
2025-07-08 03:15:00+03:00,22678.35,22686.95,22672.15,22686.85,1242,150,0
2025-07-08 03:30:00+03:00,22686.85,22709.25,22681.75,22702.95,1247,150,0
2025-07-08 03:45:00+03:00,22703.15,22717.55,22695.25,22710.15,1406,150,0
2025-07-08 04:00:00+03:00,22709.15,22716.65,22702.45,22712.05,1296,150,0
2025-07-08 04:15:00+03:00,22712.45,22725.25,22711.25,22725.05,1188,150,0
2025-07-08 04:30:00+03:00,22725.15,22726.55,22695.45,22695.45,1332,150,0
2025-07-08 04:45:00+03:00,22695.35,22703.15,22692.25,22697.55,1344,150,0
2025-07-08 05:00:00+03:00,22697.55,22698.95,22690.45,22697.95,927,150,0
2025-07-08 05:15:00+03:00,22698.15,22726.95,22696.55,22726.95,1198,150,0
2025-07-08 05:30:00+03:00,22726.45,22741.65,22718.15,22736.55,1072,150,0
2025-07-08 05:45:00+03:00,22736.75,22742.25,22734.55,22740.05,700,150,0
2025-07-08 06:00:00+03:00,22740.15,22741.55,22723.05,22723.65,866,150,0
2025-07-08 06:15:00+03:00,22723.95,22734.15,22720.05,22730.95,666,150,0
2025-07-08 06:30:00+03:00,22731.15,22732.65,22725.25,22726.45,570,150,0
2025-07-08 06:45:00+03:00,22725.65,22726.15,22714.35,22719.75,703,150,0
2025-07-08 07:00:00+03:00,22719.65,22727.05,22716.65,22726.45,648,150,0
2025-07-08 07:15:00+03:00,22726.45,22726.65,22718.15,22722.55,529,150,0
2025-07-08 07:30:00+03:00,22722.45,22730.25,22717.25,22718.15,1018,150,0
2025-07-08 07:45:00+03:00,22718.65,22720.95,22712.15,22713.95,691,150,0
2025-07-08 08:00:00+03:00,22714.15,22723.95,22708.65,22723.25,802,150,0
2025-07-08 08:15:00+03:00,22723.25,22728.55,22720.55,22726.45,727,150,0
2025-07-08 08:30:00+03:00,22726.45,22728.75,22714.95,22725.15,961,150,0
2025-07-08 08:45:00+03:00,22725.45,22738.55,22724.15,22737.55,922,150,0
2025-07-08 09:00:00+03:00,22737.65,22746.35,22731.65,22739.85,1104,150,0
2025-07-08 09:15:00+03:00,22739.75,22751.55,22727.25,22735.15,1200,150,0
2025-07-08 09:30:00+03:00,22734.95,22746.05,22734.45,22744.25,992,150,0
2025-07-08 09:45:00+03:00,22743.75,22755.15,22743.25,22750.95,873,150,0
2025-07-08 10:00:00+03:00,22749.15,22750.25,22726.75,22727.65,1756,150,0
2025-07-08 10:15:00+03:00,22727.45,22743.15,22721.65,22742.35,1571,150,0
2025-07-08 10:30:00+03:00,22742.35,22755.85,22732.85,22751.65,1284,150,0
2025-07-08 10:45:00+03:00,22751.65,22775.35,22750.45,22766.85,1292,150,0
2025-07-08 11:00:00+03:00,22766.95,22767.35,22742.75,22751.05,1722,150,0
2025-07-08 11:15:00+03:00,22751.05,22756.95,22744.35,22750.45,1238,150,0
2025-07-08 11:30:00+03:00,22751.15,22757.15,22741.45,22744.15,1131,150,0
2025-07-08 11:45:00+03:00,22744.25,22752.75,22737.15,22750.05,1006,150,0
2025-07-08 12:00:00+03:00,22749.15,22757.25,22732.65,22748.95,1276,150,0
2025-07-08 12:15:00+03:00,22748.85,22755.45,22742.55,22746.45,999,150,0
2025-07-08 12:30:00+03:00,22745.45,22748.15,22736.05,22742.45,966,150,0
2025-07-08 12:45:00+03:00,22743.15,22744.65,22721.45,22728.05,1150,150,0
2025-07-08 13:00:00+03:00,22729.15,22731.45,22710.35,22717.95,1257,150,0
2025-07-08 13:15:00+03:00,22717.15,22731.35,22717.15,22727.15,1038,150,0
2025-07-08 13:30:00+03:00,22723.05,22754.75,22722.45,22754.45,1230,150,0
2025-07-08 13:45:00+03:00,22754.15,22756.25,22742.45,22748.15,1048,150,0
2025-07-08 14:00:00+03:00,22748.45,22748.95,22734.55,22748.15,1125,150,0
2025-07-08 14:15:00+03:00,22748.45,22754.75,22740.15,22750.55,1063,150,0
2025-07-08 14:30:00+03:00,22750.65,22759.25,22744.95,22759.05,1021,150,0
2025-07-08 14:45:00+03:00,22758.95,22760.55,22740.95,22743.55,1326,150,0
2025-07-08 15:00:00+03:00,22739.65,22753.35,22725.95,22753.35,1665,150,0
2025-07-08 15:15:00+03:00,22752.85,22758.75,22746.65,22749.45,1401,150,0
2025-07-08 15:30:00+03:00,22749.15,22749.55,22718.45,22725.35,1900,150,0
2025-07-08 15:45:00+03:00,22725.25,22743.95,22722.25,22743.35,1891,160,0
2025-07-08 16:00:00+03:00,22743.25,22759.75,22740.75,22754.15,1490,150,0
2025-07-08 16:15:00+03:00,22754.25,22754.65,22734.85,22737.35,1992,150,0
2025-07-08 16:30:00+03:00,22738.75,22747.35,22693.55,22708.95,4456,80,0
2025-07-08 16:45:00+03:00,22708.85,22727.65,22685.55,22685.95,4121,80,0
2025-07-08 17:00:00+03:00,22685.45,22702.85,22670.55,22685.35,4241,80,0
2025-07-08 17:15:00+03:00,22685.15,22699.15,22653.85,22679.15,4045,80,0
2025-07-08 17:30:00+03:00,22678.85,22746.65,22676.65,22732.05,3648,80,0
2025-07-08 17:45:00+03:00,22731.85,22733.35,22645.65,22696.85,4394,80,0
2025-07-08 18:00:00+03:00,22697.55,22718.85,22689.55,22705.65,3925,80,0
2025-07-08 18:15:00+03:00,22704.65,22709.35,22659.55,22673.05,3932,80,0
2025-07-08 18:30:00+03:00,22673.05,22696.35,22673.05,22685.65,3656,80,0
2025-07-08 18:45:00+03:00,22685.05,22715.65,22684.15,22710.15,3089,80,0
2025-07-08 19:00:00+03:00,22710.15,22725.35,22703.55,22723.65,2967,80,0
2025-07-08 19:15:00+03:00,22723.65,22766.65,22714.35,22751.35,2929,80,0
2025-07-08 19:30:00+03:00,22751.35,22754.75,22692.85,22725.85,3925,80,0
2025-07-08 19:45:00+03:00,22725.75,22736.85,22714.75,22720.75,3561,80,0
2025-07-08 20:00:00+03:00,22722.05,22730.35,22703.75,22709.65,3685,80,0
2025-07-08 20:15:00+03:00,22709.55,22719.05,22680.35,22717.15,3419,80,0
2025-07-08 20:30:00+03:00,22716.85,22728.55,22695.65,22704.85,3103,80,0
2025-07-08 20:45:00+03:00,22705.65,22742.55,22701.65,22738.35,2777,80,0
2025-07-08 21:00:00+03:00,22738.15,22745.25,22729.15,22736.35,2675,80,0
2025-07-08 21:15:00+03:00,22736.35,22740.85,22714.15,22716.85,2796,80,0
2025-07-08 21:30:00+03:00,22717.15,22724.35,22700.15,22701.05,2949,80,0
2025-07-08 21:45:00+03:00,22701.25,22714.85,22695.15,22703.35,2533,80,0
2025-07-08 22:00:00+03:00,22702.35,22705.15,22675.35,22684.85,2990,80,0
2025-07-08 22:15:00+03:00,22684.85,22697.35,22676.85,22694.15,2655,80,0
2025-07-08 22:30:00+03:00,22692.65,22696.75,22676.05,22681.65,2713,80,0
2025-07-08 22:45:00+03:00,22681.55,22706.85,22679.15,22696.35,3343,80,0
2025-07-08 23:00:00+03:00,22695.66,22709.46,22688.76,22706.16,1808,168,0
2025-07-08 23:15:00+03:00,22706.16,22711.66,22702.56,22709.76,682,168,0
2025-07-08 23:30:00+03:00,22709.66,22710.06,22702.56,22707.26,703,168,0
2025-07-08 23:45:00+03:00,22707.26,22707.66,22704.56,22705.56,186,168,0
2025-07-09 01:00:00+03:00,22723.96,22725.26,22711.76,22714.46,302,168,0
2025-07-09 01:15:00+03:00,22714.96,22719.76,22711.36,22715.26,364,168,0
2025-07-09 01:30:00+03:00,22715.06,22717.36,22707.56,22712.76,502,168,0
2025-07-09 01:45:00+03:00,22712.56,22719.86,22709.46,22719.36,274,168,0
2025-07-09 02:00:00+03:00,22719.45,22727.05,22716.85,22722.15,416,150,0
2025-07-09 02:15:00+03:00,22722.45,22729.35,22704.85,22711.65,651,150,0
2025-07-09 02:30:00+03:00,22712.55,22712.65,22704.55,22710.95,512,150,0
2025-07-09 02:45:00+03:00,22710.65,22713.35,22701.05,22706.95,548,150,0
2025-07-09 03:00:00+03:00,22703.55,22705.25,22677.55,22679.75,1074,150,0
2025-07-09 03:15:00+03:00,22679.65,22688.55,22678.45,22679.15,729,150,0
2025-07-09 03:30:00+03:00,22679.35,22685.35,22670.55,22684.55,879,150,0
2025-07-09 03:45:00+03:00,22684.65,22688.85,22672.55,22681.35,689,150,0
2025-07-09 04:00:00+03:00,22681.15,22696.85,22678.85,22695.45,1136,150,0
2025-07-09 04:15:00+03:00,22695.65,22696.05,22678.55,22679.95,1131,150,0
2025-07-09 04:30:00+03:00,22679.95,22684.35,22660.55,22682.15,1499,150,0
2025-07-09 04:45:00+03:00,22681.65,22697.85,22678.95,22696.15,1021,150,0
2025-07-09 05:00:00+03:00,22696.35,22706.55,22696.35,22703.15,1048,150,0
2025-07-09 05:15:00+03:00,22703.15,22703.15,22690.55,22694.85,890,150,0
2025-07-09 05:30:00+03:00,22694.65,22696.55,22686.35,22690.45,606,150,0
2025-07-09 05:45:00+03:00,22690.55,22692.15,22686.05,22686.85,558,150,0
2025-07-09 06:00:00+03:00,22686.65,22691.55,22681.45,22684.65,584,150,0
2025-07-09 06:15:00+03:00,22684.55,22691.55,22674.95,22690.95,700,150,0
2025-07-09 06:30:00+03:00,22690.55,22690.95,22676.95,22679.45,694,150,0
2025-07-09 06:45:00+03:00,22679.15,22687.35,22676.95,22680.15,545,150,0
2025-07-09 07:00:00+03:00,22680.45,22683.45,22676.55,22681.45,547,150,0
2025-07-09 07:15:00+03:00,22681.55,22684.95,22678.05,22680.95,396,150,0
2025-07-09 07:30:00+03:00,22680.45,22700.55,22679.65,22697.95,686,150,0
2025-07-09 07:45:00+03:00,22698.35,22700.55,22692.45,22698.15,562,150,0
2025-07-09 08:00:00+03:00,22698.35,22702.05,22694.05,22696.15,586,150,0
2025-07-09 08:15:00+03:00,22696.65,22696.65,22676.55,22678.45,731,150,0
2025-07-09 08:30:00+03:00,22678.65,22692.65,22676.85,22683.45,806,150,0
2025-07-09 08:45:00+03:00,22683.15,22683.95,22675.65,22680.15,615,150,0
2025-07-09 09:00:00+03:00,22680.35,22680.35,22649.85,22662.85,1429,150,0
2025-07-09 09:15:00+03:00,22662.15,22673.55,22658.35,22671.65,1044,150,0
2025-07-09 09:30:00+03:00,22672.05,22678.45,22664.35,22673.65,965,150,0
2025-07-09 09:45:00+03:00,22673.45,22704.55,22672.65,22701.95,1148,150,0
2025-07-09 10:00:00+03:00,22702.15,22707.55,22681.85,22683.05,1956,150,0
2025-07-09 10:15:00+03:00,22683.15,22697.85,22680.85,22689.65,1400,150,0
2025-07-09 10:30:00+03:00,22690.15,22695.55,22685.15,22693.95,1178,150,0
2025-07-09 10:45:00+03:00,22694.15,22709.25,22693.65,22698.85,1397,150,0
2025-07-09 11:00:00+03:00,22698.55,22706.85,22690.15,22694.35,1694,150,0
2025-07-09 11:15:00+03:00,22694.35,22701.35,22684.35,22697.75,1414,150,0
2025-07-09 11:30:00+03:00,22697.65,22706.45,22695.15,22698.55,934,150,0
2025-07-09 11:45:00+03:00,22698.65,22699.15,22690.55,22696.35,900,150,0
2025-07-09 12:00:00+03:00,22696.65,22716.55,22696.55,22715.15,1023,150,0
2025-07-09 12:15:00+03:00,22715.25,22740.55,22714.85,22738.45,1668,150,0
2025-07-09 12:30:00+03:00,22738.15,22748.35,22731.15,22744.35,1407,150,0
2025-07-09 12:45:00+03:00,22744.55,22745.55,22728.65,22730.15,1114,150,0
2025-07-09 13:00:00+03:00,22730.35,22731.65,22716.95,22731.35,1189,150,0
2025-07-09 13:15:00+03:00,22730.95,22734.85,22722.95,22726.05,1007,150,0
2025-07-09 13:30:00+03:00,22725.95,22740.25,22723.95,22727.65,1271,150,0
2025-07-09 13:45:00+03:00,22726.85,22734.85,22722.35,22728.85,1097,150,0
2025-07-09 14:00:00+03:00,22729.15,22742.15,22725.45,22741.95,1052,150,0
2025-07-09 14:15:00+03:00,22742.15,22747.05,22733.45,22741.95,965,150,0
2025-07-09 14:30:00+03:00,22741.95,22756.85,22736.55,22741.85,1242,150,0
2025-07-09 14:45:00+03:00,22742.05,22755.95,22739.15,22744.65,1243,150,0
2025-07-09 15:00:00+03:00,22744.35,22753.15,22737.35,22748.65,1273,150,0
2025-07-09 15:15:00+03:00,22748.45,22753.55,22738.85,22747.95,1421,150,0
2025-07-09 15:30:00+03:00,22747.85,22750.85,22739.65,22749.45,1311,150,0
2025-07-09 15:45:00+03:00,22749.65,22761.35,22734.65,22741.55,2003,150,0
2025-07-09 16:00:00+03:00,22741.45,22767.35,22737.05,22766.05,1865,150,0
2025-07-09 16:15:00+03:00,22765.55,22783.75,22760.85,22783.75,1696,150,0
2025-07-09 16:30:00+03:00,22783.95,22870.95,22783.95,22860.75,4236,80,0
2025-07-09 16:45:00+03:00,22860.75,22903.25,22860.75,22892.95,3848,80,0
2025-07-09 17:00:00+03:00,22892.45,22916.85,22884.45,22897.65,3934,80,0
2025-07-09 17:15:00+03:00,22897.55,22901.95,22843.25,22854.95,3629,80,0
2025-07-09 17:30:00+03:00,22854.95,22854.95,22769.75,22784.85,4455,90,0
2025-07-09 17:45:00+03:00,22784.45,22805.35,22734.65,22753.85,4331,90,0
2025-07-09 18:00:00+03:00,22751.15,22769.85,22735.85,22746.95,4076,80,0
2025-07-09 18:15:00+03:00,22747.75,22794.55,22726.45,22786.15,3553,80,0
2025-07-09 18:30:00+03:00,22786.45,22791.15,22746.15,22788.45,3426,80,0
2025-07-09 18:45:00+03:00,22788.75,22794.15,22749.45,22754.65,3229,80,0
2025-07-09 19:00:00+03:00,22753.65,22777.95,22745.75,22760.45,3282,80,0
2025-07-09 19:15:00+03:00,22759.55,22783.95,22758.75,22778.65,3127,80,0
2025-07-09 19:30:00+03:00,22779.45,22797.95,22778.95,22794.95,2681,80,0
2025-07-09 19:45:00+03:00,22794.45,22814.95,22788.95,22788.95,2490,80,0
2025-07-09 20:00:00+03:00,22788.95,22801.45,22772.05,22780.65,3085,80,0
2025-07-09 20:15:00+03:00,22780.65,22800.45,22775.65,22787.55,2807,80,0
2025-07-09 20:30:00+03:00,22787.55,22806.65,22782.05,22787.95,2653,80,0
2025-07-09 20:45:00+03:00,22787.95,22803.95,22767.55,22789.95,3560,80,0
2025-07-09 21:00:00+03:00,22788.95,22832.25,22788.15,22822.15,3212,80,0
2025-07-09 21:15:00+03:00,22822.95,22829.55,22807.65,22819.45,2753,80,0
2025-07-09 21:30:00+03:00,22819.45,22831.15,22815.05,22820.65,2297,80,0
2025-07-09 21:45:00+03:00,22820.45,22845.95,22815.15,22838.65,2581,80,0
2025-07-09 22:00:00+03:00,22838.25,22847.15,22830.15,22837.15,2418,80,0
2025-07-09 22:15:00+03:00,22837.05,22856.55,22835.15,22842.95,2524,80,0
2025-07-09 22:30:00+03:00,22842.15,22851.65,22837.65,22848.55,2437,80,0
2025-07-09 22:45:00+03:00,22848.65,22863.45,22835.45,22858.45,3003,80,0
2025-07-09 23:00:00+03:00,22857.56,22865.66,22845.96,22863.96,1678,98,0
2025-07-09 23:15:00+03:00,22863.76,22864.96,22837.26,22843.96,1210,168,0
2025-07-09 23:30:00+03:00,22843.76,22850.46,22840.86,22845.26,664,168,0
2025-07-09 23:45:00+03:00,22845.26,22848.46,22842.76,22848.46,248,168,0
2025-07-10 01:00:00+03:00,22853.36,22867.56,22851.36,22864.66,415,168,0
2025-07-10 01:15:00+03:00,22864.56,22872.76,22862.56,22862.76,578,168,0
2025-07-10 01:30:00+03:00,22862.66,22871.16,22862.16,22865.56,596,168,0
2025-07-10 01:45:00+03:00,22865.66,22867.56,22861.46,22865.76,363,168,0
2025-07-10 02:00:00+03:00,22865.85,22867.15,22854.65,22854.65,414,150,0
2025-07-10 02:15:00+03:00,22854.85,22859.75,22851.15,22854.55,585,150,0
2025-07-10 02:30:00+03:00,22854.35,22855.55,22840.75,22845.05,867,150,0
2025-07-10 02:45:00+03:00,22845.25,22847.25,22839.35,22843.05,758,150,0
2025-07-10 03:00:00+03:00,22843.25,22843.25,22824.15,22826.85,1556,150,0
2025-07-10 03:15:00+03:00,22827.05,22831.05,22819.35,22821.25,1037,150,0
2025-07-10 03:30:00+03:00,22821.25,22830.35,22813.25,22816.35,1255,150,0
2025-07-10 03:45:00+03:00,22816.35,22824.85,22812.55,22813.55,995,150,0
2025-07-10 04:00:00+03:00,22814.15,22819.25,22809.85,22812.05,1178,150,0
2025-07-10 04:15:00+03:00,22811.95,22815.15,22805.95,22811.05,1094,150,0
2025-07-10 04:30:00+03:00,22810.85,22820.55,22807.55,22813.65,1047,150,0
2025-07-10 04:45:00+03:00,22813.85,22818.15,22796.55,22798.75,1242,150,0
2025-07-10 05:00:00+03:00,22798.55,22821.65,22798.55,22821.65,987,150,0
2025-07-10 05:15:00+03:00,22821.55,22827.75,22812.65,22823.25,866,150,0
2025-07-10 05:30:00+03:00,22823.25,22829.55,22823.25,22826.05,761,150,0
2025-07-10 05:45:00+03:00,22826.15,22827.55,22823.85,22827.05,477,150,0
2025-07-10 06:00:00+03:00,22824.85,22826.05,22803.85,22806.75,1027,150,0
2025-07-10 06:15:00+03:00,22807.55,22813.25,22807.35,22808.65,728,150,0
2025-07-10 06:30:00+03:00,22808.75,22811.35,22801.75,22802.85,729,150,0
2025-07-10 06:45:00+03:00,22803.05,22807.55,22802.15,22805.35,549,150,0
2025-07-10 07:00:00+03:00,22805.25,22805.55,22797.65,22799.85,741,150,0
2025-07-10 07:15:00+03:00,22800.05,22802.25,22795.75,22799.75,648,150,0
2025-07-10 07:30:00+03:00,22799.85,22805.75,22797.55,22803.55,683,150,0
2025-07-10 07:45:00+03:00,22803.55,22803.65,22798.15,22803.35,411,150,0
2025-07-10 08:00:00+03:00,22803.55,22810.05,22802.75,22808.25,721,150,0
2025-07-10 08:15:00+03:00,22808.25,22809.75,22801.15,22803.15,651,150,0
2025-07-10 08:30:00+03:00,22803.55,22804.75,22786.95,22794.25,957,150,0
2025-07-10 08:45:00+03:00,22794.35,22800.65,22790.75,22800.65,665,150,0
2025-07-10 09:00:00+03:00,22800.05,22803.75,22791.85,22794.75,1006,150,0
2025-07-10 09:15:00+03:00,22794.75,22797.55,22789.15,22793.25,1000,150,0
2025-07-10 09:30:00+03:00,22794.55,22803.15,22793.55,22797.35,887,150,0
2025-07-10 09:45:00+03:00,22797.75,22804.75,22793.65,22800.75,836,150,0
2025-07-10 10:00:00+03:00,22800.55,22804.45,22791.75,22797.95,1874,150,0
2025-07-10 10:15:00+03:00,22797.75,22819.05,22791.85,22814.75,1624,150,0
2025-07-10 10:30:00+03:00,22814.75,22825.55,22811.85,22822.65,1355,150,0
2025-07-10 10:45:00+03:00,22822.35,22830.05,22818.65,22828.15,1244,150,0
2025-07-10 11:00:00+03:00,22828.05,22835.85,22824.65,22828.65,1427,150,0
2025-07-10 11:15:00+03:00,22828.35,22848.55,22827.85,22845.05,1189,150,0
2025-07-10 11:30:00+03:00,22845.25,22853.15,22841.15,22850.65,1018,150,0
2025-07-10 11:45:00+03:00,22850.75,22854.75,22843.55,22854.05,862,150,0
2025-07-10 12:00:00+03:00,22854.15,22858.35,22849.05,22850.35,912,150,0
2025-07-10 12:15:00+03:00,22850.35,22851.85,22825.15,22830.15,1151,150,0
2025-07-10 12:30:00+03:00,22830.55,22830.65,22820.55,22823.35,1089,150,0
2025-07-10 12:45:00+03:00,22823.55,22842.75,22823.25,22833.25,1065,150,0
2025-07-10 13:00:00+03:00,22833.25,22847.15,22829.85,22842.55,1007,150,0
2025-07-10 13:15:00+03:00,22842.25,22843.65,22837.05,22840.85,800,150,0
2025-07-10 13:30:00+03:00,22840.75,22852.85,22840.75,22851.85,1034,150,0
2025-07-10 13:45:00+03:00,22852.05,22860.75,22847.75,22852.35,995,150,0
2025-07-10 14:00:00+03:00,22850.75,22865.85,22847.15,22861.85,1350,150,0
2025-07-10 14:15:00+03:00,22862.65,22868.25,22858.15,22864.15,1173,150,0
2025-07-10 14:30:00+03:00,22864.85,22880.85,22861.75,22880.85,1256,150,0
2025-07-10 14:45:00+03:00,22880.55,22885.15,22874.15,22879.55,1427,150,0
2025-07-10 15:00:00+03:00,22878.15,22880.55,22864.95,22873.05,1624,150,0
2025-07-10 15:15:00+03:00,22873.55,22873.85,22854.55,22862.55,1649,150,0
2025-07-10 15:30:00+03:00,22864.25,22874.95,22845.65,22851.15,2243,150,0
2025-07-10 15:45:00+03:00,22851.15,22859.05,22843.55,22857.25,1824,150,0
2025-07-10 16:00:00+03:00,22857.25,22869.55,22849.25,22854.75,2225,150,0
2025-07-10 16:15:00+03:00,22854.95,22886.35,22854.95,22882.15,2168,150,0
2025-07-10 16:30:00+03:00,22880.25,22898.25,22830.75,22838.45,4453,80,0
2025-07-10 16:45:00+03:00,22838.35,22841.95,22748.45,22768.85,4280,80,0
2025-07-10 17:00:00+03:00,22769.85,22769.85,22710.55,22750.15,4413,90,0
2025-07-10 17:15:00+03:00,22750.35,22775.95,22718.95,22746.25,4238,80,0
2025-07-10 17:30:00+03:00,22746.65,22787.75,22744.15,22779.95,3825,80,0
2025-07-10 17:45:00+03:00,22780.25,22795.25,22763.75,22771.75,3591,80,0
2025-07-10 18:00:00+03:00,22771.15,22785.45,22749.15,22761.85,3597,80,0
2025-07-10 18:15:00+03:00,22762.45,22809.95,22760.25,22806.25,3205,80,0
2025-07-10 18:30:00+03:00,22806.15,22823.95,22798.85,22823.35,3046,80,0
2025-07-10 18:45:00+03:00,22823.95,22837.75,22814.95,22837.15,2693,80,0
2025-07-10 19:00:00+03:00,22836.75,22837.25,22776.05,22785.15,2863,80,0
2025-07-10 19:15:00+03:00,22785.15,22822.85,22777.65,22820.65,2921,80,0
2025-07-10 19:30:00+03:00,22820.65,22825.15,22795.65,22821.35,2626,80,0
2025-07-10 19:45:00+03:00,22821.65,22821.85,22802.15,22804.95,2415,80,0
2025-07-10 20:00:00+03:00,22805.15,22822.95,22803.95,22809.65,2676,80,0
2025-07-10 20:15:00+03:00,22809.95,22829.05,22801.45,22824.65,2463,80,0
2025-07-10 20:30:00+03:00,22824.45,22844.65,22824.45,22839.05,2305,80,0
2025-07-10 20:45:00+03:00,22839.65,22853.85,22830.45,22849.55,2220,80,0
2025-07-10 21:00:00+03:00,22849.65,22858.15,22841.65,22849.45,2183,80,0
2025-07-10 21:15:00+03:00,22849.45,22862.65,22845.15,22846.35,2268,80,0
2025-07-10 21:30:00+03:00,22846.65,22853.15,22838.85,22839.35,2223,80,0
2025-07-10 21:45:00+03:00,22838.85,22854.85,22836.65,22849.65,2085,80,0
2025-07-10 22:00:00+03:00,22848.85,22856.35,22844.35,22846.65,2159,80,0
2025-07-10 22:15:00+03:00,22846.65,22851.35,22838.15,22841.35,2067,80,0
2025-07-10 22:30:00+03:00,22841.35,22854.65,22834.85,22845.85,2130,80,0
2025-07-10 22:45:00+03:00,22844.85,22846.85,22803.35,22828.55,3336,80,0
2025-07-10 23:00:00+03:00,22827.55,22828.36,22809.66,22815.16,1757,80,0
2025-07-10 23:15:00+03:00,22815.26,22823.16,22815.06,22820.46,830,168,0
2025-07-10 23:30:00+03:00,22820.36,22836.36,22819.46,22831.46,690,168,0
2025-07-10 23:45:00+03:00,22830.96,22832.16,22824.86,22828.86,266,168,0
2025-07-11 01:00:00+03:00,22837.56,22846.96,22834.56,22843.46,677,168,0
2025-07-11 01:15:00+03:00,22843.36,22849.96,22843.06,22844.46,663,168,0
2025-07-11 01:30:00+03:00,22844.16,22847.46,22837.16,22845.76,545,168,0
2025-07-11 01:45:00+03:00,22845.96,22856.46,22844.76,22854.96,465,168,0
2025-07-11 02:00:00+03:00,22855.05,22862.75,22852.85,22856.85,540,150,0
2025-07-11 02:15:00+03:00,22856.55,22857.05,22849.25,22850.95,377,150,0
2025-07-11 02:30:00+03:00,22851.35,22859.55,22847.55,22850.35,447,150,0
2025-07-11 02:45:00+03:00,22850.35,22865.75,22849.55,22861.85,701,150,0
2025-07-11 03:00:00+03:00,22862.25,22862.85,22817.95,22819.65,2527,150,0
2025-07-11 03:15:00+03:00,22819.85,22823.15,22648.55,22689.05,3754,180,0
2025-07-11 03:30:00+03:00,22689.25,22719.65,22652.95,22678.95,3510,210,0
2025-07-11 03:45:00+03:00,22679.15,22736.55,22668.45,22699.15,3252,210,0
2025-07-11 04:00:00+03:00,22700.25,22720.75,22682.95,22720.35,2645,170,0
2025-07-11 04:15:00+03:00,22720.75,22752.45,22719.75,22749.65,1999,170,0
2025-07-11 04:30:00+03:00,22751.15,22757.05,22744.95,22751.55,1651,160,0
2025-07-11 04:45:00+03:00,22751.55,22752.25,22735.95,22744.05,1457,150,0
2025-07-11 05:00:00+03:00,22742.95,22749.25,22737.55,22739.05,1352,150,0
2025-07-11 05:15:00+03:00,22740.35,22746.55,22735.75,22745.85,1033,150,0
2025-07-11 05:30:00+03:00,22745.55,22764.05,22741.05,22752.25,1323,150,0
2025-07-11 05:45:00+03:00,22751.75,22764.85,22750.55,22763.05,847,150,0
2025-07-11 06:00:00+03:00,22763.35,22778.95,22761.55,22772.75,1107,150,0
2025-07-11 06:15:00+03:00,22772.85,22786.75,22767.05,22786.25,932,150,0
2025-07-11 06:30:00+03:00,22786.45,22787.45,22780.55,22784.85,804,150,0
2025-07-11 06:45:00+03:00,22785.05,22787.05,22782.45,22785.05,641,150,0
2025-07-11 07:00:00+03:00,22785.35,22789.05,22778.45,22787.45,777,150,0
2025-07-11 07:15:00+03:00,22787.35,22791.45,22785.85,22788.35,723,150,0
2025-07-11 07:30:00+03:00,22788.35,22788.55,22781.45,22783.55,659,150,0
2025-07-11 07:45:00+03:00,22783.85,22786.85,22779.85,22783.45,620,150,0
2025-07-11 08:00:00+03:00,22783.45,22788.75,22779.85,22780.55,855,150,0
2025-07-11 08:15:00+03:00,22780.45,22792.25,22779.45,22787.05,754,150,0
2025-07-11 08:30:00+03:00,22786.75,22789.45,22783.55,22785.55,686,150,0
2025-07-11 08:45:00+03:00,22785.35,22787.25,22754.55,22758.95,1249,150,0
2025-07-11 09:00:00+03:00,22759.15,22779.45,22758.75,22770.65,1499,150,0
2025-07-11 09:15:00+03:00,22770.55,22786.75,22770.55,22785.05,1173,150,0
2025-07-11 09:30:00+03:00,22786.25,22786.75,22761.35,22772.75,1464,150,0
2025-07-11 09:45:00+03:00,22772.75,22777.75,22768.05,22774.75,964,150,0
2025-07-11 10:00:00+03:00,22774.55,22785.25,22735.35,22737.85,2556,150,0
2025-07-11 10:15:00+03:00,22738.45,22751.45,22719.35,22749.35,2456,180,0
2025-07-11 10:30:00+03:00,22750.15,22755.85,22734.25,22744.65,2092,160,0
2025-07-11 10:45:00+03:00,22744.65,22745.85,22714.85,22718.65,2197,170,0
2025-07-11 11:00:00+03:00,22718.85,22732.85,22697.25,22703.25,2712,180,0
2025-07-11 11:15:00+03:00,22702.85,22714.85,22688.15,22708.75,2262,170,0
2025-07-11 11:30:00+03:00,22706.35,22709.95,22694.85,22702.35,1616,150,0
2025-07-11 11:45:00+03:00,22702.55,22725.85,22699.35,22720.95,1648,150,0
2025-07-11 12:00:00+03:00,22720.55,22729.75,22715.55,22725.15,1428,150,0
2025-07-11 12:15:00+03:00,22725.25,22730.75,22701.75,22702.75,1460,150,0
2025-07-11 12:30:00+03:00,22702.75,22724.45,22696.35,22709.25,1664,160,0
2025-07-11 12:45:00+03:00,22708.95,22714.65,22676.15,22681.35,1978,160,0
2025-07-11 13:00:00+03:00,22681.35,22709.25,22670.15,22707.15,2224,160,0
2025-07-11 13:15:00+03:00,22706.95,22707.15,22691.35,22695.25,1832,160,0
2025-07-11 13:30:00+03:00,22695.25,22700.65,22680.85,22692.15,1590,160,0
2025-07-11 13:45:00+03:00,22691.65,22699.75,22676.45,22688.75,1872,160,0
2025-07-11 14:00:00+03:00,22693.05,22711.45,22686.15,22710.25,1950,160,0
2025-07-11 14:15:00+03:00,22710.05,22723.45,22706.45,22722.05,1396,150,0
2025-07-11 14:30:00+03:00,22722.35,22730.75,22715.55,22718.25,1578,150,0
2025-07-11 14:45:00+03:00,22718.55,22740.95,22713.55,22725.65,1607,150,0
2025-07-11 15:00:00+03:00,22725.55,22737.15,22718.65,22736.45,1575,160,0
2025-07-11 15:15:00+03:00,22736.45,22736.55,22698.35,22707.35,1926,160,0
2025-07-11 15:30:00+03:00,22706.75,22725.15,22700.25,22710.15,2359,170,0
2025-07-11 15:45:00+03:00,22709.75,22730.55,22709.15,22721.15,1903,160,0
2025-07-11 16:00:00+03:00,22721.15,22732.85,22708.45,22722.05,2290,160,0
2025-07-11 16:15:00+03:00,22722.05,22736.25,22706.55,22734.05,2448,170,0
2025-07-11 16:30:00+03:00,22733.55,22775.55,22689.25,22695.05,4608,80,0
2025-07-11 16:45:00+03:00,22693.25,22784.55,22681.55,22781.15,4314,90,0
2025-07-11 17:00:00+03:00,22780.25,22797.25,22760.95,22796.05,4120,80,0
2025-07-11 17:15:00+03:00,22796.25,22821.65,22787.25,22808.65,3709,80,0
2025-07-11 17:30:00+03:00,22808.25,22823.25,22791.75,22803.85,3502,80,0
2025-07-11 17:45:00+03:00,22804.05,22805.55,22767.55,22787.05,3641,80,0
2025-07-11 18:00:00+03:00,22787.05,22792.05,22734.65,22734.65,3713,80,0
2025-07-11 18:15:00+03:00,22732.75,22783.55,22726.25,22767.25,3710,80,0
2025-07-11 18:30:00+03:00,22767.35,22826.05,22765.85,22817.05,3364,80,0
2025-07-11 18:45:00+03:00,22817.05,22821.55,22781.55,22793.55,3311,80,0
2025-07-11 19:00:00+03:00,22793.75,22811.75,22776.25,22792.05,3678,80,0
2025-07-11 19:15:00+03:00,22792.25,22813.05,22785.25,22810.25,2934,80,0
2025-07-11 19:30:00+03:00,22810.25,22819.35,22789.25,22789.75,2860,80,0
2025-07-11 19:45:00+03:00,22789.75,22825.55,22787.25,22820.55,2728,80,0
2025-07-11 20:00:00+03:00,22820.75,22838.55,22810.55,22825.55,2510,80,0
2025-07-11 20:15:00+03:00,22825.25,22833.75,22813.65,22825.05,2327,80,0
2025-07-11 20:30:00+03:00,22825.05,22829.05,22781.05,22792.35,2874,80,0
2025-07-11 20:45:00+03:00,22792.75,22820.75,22789.75,22815.55,2496,80,0
2025-07-11 21:00:00+03:00,22814.05,22830.55,22810.55,22822.05,2473,80,0
2025-07-11 21:15:00+03:00,22821.55,22825.05,22809.65,22817.05,2377,80,0
2025-07-11 21:30:00+03:00,22817.15,22835.25,22813.25,22828.35,2333,80,0
2025-07-11 21:45:00+03:00,22828.35,22830.55,22786.85,22794.05,2413,80,0
2025-07-11 22:00:00+03:00,22793.05,22795.25,22742.05,22792.05,3613,80,0
2025-07-11 22:15:00+03:00,22791.75,22813.85,22790.05,22797.55,2652,80,0
2025-07-11 22:30:00+03:00,22795.85,22800.15,22782.05,22786.85,2868,80,0
2025-07-11 22:45:00+03:00,22787.05,22798.05,22773.25,22773.25,3382,80,0
2025-07-11 23:00:00+03:00,22772.55,22774.06,22755.76,22757.36,2028,80,0
2025-07-11 23:15:00+03:00,22757.36,22758.56,22746.86,22752.96,1083,168,0
2025-07-11 23:30:00+03:00,22752.66,22762.06,22751.66,22753.56,992,168,0
2025-07-11 23:45:00+03:00,22753.36,22757.86,22751.86,22756.56,285,168,0
2025-07-14 01:00:00+03:00,22664.56,22671.36,22639.66,22653.96,1102,228,0
2025-07-14 01:15:00+03:00,22654.16,22670.56,22638.56,22665.56,1752,178,0
2025-07-14 01:30:00+03:00,22665.86,22705.06,22665.86,22704.16,1753,178,0
2025-07-14 01:45:00+03:00,22704.16,22708.46,22696.66,22703.16,1061,168,0
2025-07-14 02:00:00+03:00,22703.25,22706.95,22661.15,22675.85,1694,160,0
2025-07-14 02:15:00+03:00,22674.55,22680.85,22658.95,22670.85,1339,160,0
2025-07-14 02:30:00+03:00,22670.95,22682.25,22665.55,22672.95,1177,150,0
2025-07-14 02:45:00+03:00,22672.85,22688.75,22671.55,22687.35,1256,150,0
2025-07-14 03:00:00+03:00,22687.75,22697.25,22677.15,22696.05,1988,150,0
2025-07-14 03:15:00+03:00,22696.55,22698.85,22683.45,22690.55,1582,150,0
2025-07-14 03:30:00+03:00,22690.25,22694.55,22682.75,22690.45,1178,150,0
2025-07-14 03:45:00+03:00,22689.45,22691.95,22670.45,22672.35,1351,150,0
2025-07-14 04:00:00+03:00,22672.25,22681.65,22666.45,22668.85,1341,150,0
2025-07-14 04:15:00+03:00,22668.85,22679.75,22662.65,22668.45,1284,150,0
2025-07-14 04:30:00+03:00,22668.55,22680.55,22668.45,22677.55,1081,150,0
2025-07-14 04:45:00+03:00,22677.55,22686.05,22674.55,22678.35,983,150,0
2025-07-14 05:00:00+03:00,22678.05,22688.35,22677.55,22687.05,866,150,0
2025-07-14 05:15:00+03:00,22687.05,22693.45,22682.55,22689.35,906,150,0
2025-07-14 05:30:00+03:00,22689.55,22689.95,22678.35,22684.85,688,150,0
2025-07-14 05:45:00+03:00,22684.55,22690.55,22677.25,22678.75,764,150,0
2025-07-14 06:00:00+03:00,22678.55,22688.05,22671.85,22686.85,782,150,0
2025-07-14 06:15:00+03:00,22686.55,22687.35,22679.45,22686.95,544,150,0
2025-07-14 06:30:00+03:00,22686.85,22693.55,22681.05,22693.35,654,150,0
2025-07-14 06:45:00+03:00,22693.85,22697.35,22690.05,22695.05,729,150,0
2025-07-14 07:00:00+03:00,22695.25,22696.95,22687.75,22696.05,633,150,0
2025-07-14 07:15:00+03:00,22696.25,22700.45,22689.75,22690.75,666,150,0
2025-07-14 07:30:00+03:00,22691.35,22694.75,22690.55,22691.95,535,150,0
2025-07-14 07:45:00+03:00,22691.85,22691.85,22682.85,22683.55,579,150,0
2025-07-14 08:00:00+03:00,22683.55,22690.85,22682.45,22687.05,662,150,0
2025-07-14 08:15:00+03:00,22687.05,22689.25,22679.75,22684.85,639,150,0
2025-07-14 08:30:00+03:00,22684.95,22688.85,22673.55,22673.75,777,150,0
2025-07-14 08:45:00+03:00,22673.05,22673.45,22648.45,22652.05,1330,150,0
2025-07-14 09:00:00+03:00,22652.05,22658.55,22636.75,22647.75,1731,150,0
2025-07-14 09:15:00+03:00,22648.05,22658.75,22641.25,22657.95,1231,150,0
2025-07-14 09:30:00+03:00,22657.95,22667.85,22652.75,22661.95,1124,150,0
2025-07-14 09:45:00+03:00,22662.05,22665.45,22656.55,22662.95,1062,150,0
2025-07-14 10:00:00+03:00,22663.25,22668.25,22640.85,22645.15,2425,160,0
2025-07-14 10:15:00+03:00,22645.35,22648.45,22626.55,22633.95,2114,180,0
2025-07-14 10:30:00+03:00,22633.95,22677.75,22633.95,22677.35,1674,150,0
2025-07-14 10:45:00+03:00,22677.45,22704.65,22675.45,22703.25,1613,150,0
2025-07-14 11:00:00+03:00,22703.05,22705.25,22688.65,22701.75,1917,150,0
2025-07-14 11:15:00+03:00,22701.75,22702.65,22687.25,22689.45,1426,150,0
2025-07-14 11:30:00+03:00,22689.55,22696.55,22687.95,22693.25,1019,150,0
2025-07-14 11:45:00+03:00,22693.55,22719.05,22693.55,22708.35,1404,150,0
2025-07-14 12:00:00+03:00,22708.45,22709.85,22700.85,22709.25,1148,150,0
2025-07-14 12:15:00+03:00,22709.35,22717.55,22700.95,22714.85,1134,150,0
2025-07-14 12:30:00+03:00,22714.85,22721.95,22709.45,22720.25,930,150,0
2025-07-14 12:45:00+03:00,22720.35,22724.55,22715.55,22720.45,787,150,0
2025-07-14 13:00:00+03:00,22720.55,22721.45,22701.75,22710.85,817,150,0
2025-07-14 13:15:00+03:00,22710.95,22714.35,22701.95,22704.95,782,150,0
2025-07-14 13:30:00+03:00,22704.75,22707.05,22691.75,22705.75,1223,150,0
2025-07-14 13:45:00+03:00,22705.95,22707.45,22696.75,22698.55,1114,150,0
2025-07-14 14:00:00+03:00,22700.35,22713.25,22692.35,22711.95,1563,150,0
2025-07-14 14:15:00+03:00,22711.95,22712.05,22685.95,22692.25,1427,150,0
2025-07-14 14:30:00+03:00,22693.25,22717.75,22688.35,22716.85,1366,150,0
2025-07-14 14:45:00+03:00,22716.85,22720.55,22704.85,22708.65,1443,150,0
2025-07-14 15:00:00+03:00,22705.45,22714.85,22700.85,22714.85,1321,150,0
2025-07-14 15:15:00+03:00,22714.05,22730.25,22711.35,22729.25,1232,150,0
2025-07-14 15:30:00+03:00,22729.05,22730.05,22708.95,22723.65,1605,150,0
2025-07-14 15:45:00+03:00,22723.55,22727.65,22713.75,22720.05,1398,150,0
2025-07-14 16:00:00+03:00,22719.45,22725.85,22710.65,22725.45,1921,150,0
2025-07-14 16:15:00+03:00,22725.55,22765.35,22717.75,22765.35,2143,150,0
2025-07-14 16:30:00+03:00,22762.85,22799.45,22675.05,22677.55,4783,80,0
2025-07-14 16:45:00+03:00,22675.05,22756.85,22664.35,22733.05,4623,100,0
2025-07-14 17:00:00+03:00,22732.95,22768.65,22727.25,22766.75,4401,90,0
2025-07-14 17:15:00+03:00,22766.85,22808.45,22753.05,22763.35,4032,80,0
2025-07-14 17:30:00+03:00,22762.05,22782.65,22746.55,22781.15,4085,80,0
2025-07-14 17:45:00+03:00,22781.25,22815.75,22775.25,22815.15,3622,80,0
2025-07-14 18:00:00+03:00,22812.65,22845.75,22808.75,22830.65,3968,80,0
2025-07-14 18:15:00+03:00,22831.15,22843.45,22818.15,22834.85,3488,80,0
2025-07-14 18:30:00+03:00,22835.15,22838.65,22816.45,22828.15,3196,80,0
2025-07-14 18:45:00+03:00,22828.25,22833.65,22817.35,22832.25,2986,80,0
2025-07-14 19:00:00+03:00,22832.15,22852.45,22823.15,22848.65,2868,80,0
2025-07-14 19:15:00+03:00,22848.35,22850.15,22832.95,22838.85,2620,80,0
2025-07-14 19:30:00+03:00,22838.35,22851.15,22828.35,22840.85,2521,80,0
2025-07-14 19:45:00+03:00,22840.85,22861.25,22835.65,22854.45,2512,80,0
2025-07-14 20:00:00+03:00,22854.75,22873.55,22854.25,22873.45,2330,80,0
2025-07-14 20:15:00+03:00,22873.75,22883.45,22869.55,22870.95,2234,80,0
2025-07-14 20:30:00+03:00,22871.45,22886.75,22867.25,22869.25,2226,80,0
2025-07-14 20:45:00+03:00,22869.25,22877.95,22856.85,22864.95,2324,80,0
2025-07-14 21:00:00+03:00,22865.25,22872.25,22856.45,22867.75,2075,80,0
2025-07-14 21:15:00+03:00,22867.05,22871.95,22857.95,22869.75,1969,80,0
2025-07-14 21:30:00+03:00,22869.55,22872.45,22862.95,22871.25,2203,80,0
2025-07-14 21:45:00+03:00,22871.35,22880.25,22867.95,22871.75,1854,80,0
2025-07-14 22:00:00+03:00,22872.45,22879.75,22858.75,22866.55,2198,80,0
2025-07-14 22:15:00+03:00,22866.45,22872.45,22857.55,22862.75,2363,80,0
2025-07-14 22:30:00+03:00,22862.75,22862.75,22844.55,22847.75,2577,80,0
2025-07-14 22:45:00+03:00,22847.35,22863.25,22836.95,22854.35,3070,80,0
2025-07-14 23:00:00+03:00,22854.66,22858.76,22842.06,22848.56,1604,98,0
2025-07-14 23:15:00+03:00,22848.56,22851.26,22843.56,22844.26,645,168,0
2025-07-14 23:30:00+03:00,22844.26,22851.76,22842.86,22850.56,455,168,0
2025-07-14 23:45:00+03:00,22850.06,22853.76,22848.26,22852.26,154,168,0
2025-07-15 01:00:00+03:00,22844.56,22848.96,22840.66,22845.86,398,168,0
2025-07-15 01:15:00+03:00,22845.66,22846.06,22828.46,22830.36,949,168,0
2025-07-15 01:30:00+03:00,22830.36,22832.66,22824.06,22828.06,762,168,0
2025-07-15 01:45:00+03:00,22827.96,22834.86,22822.96,22824.86,622,168,0
2025-07-15 02:00:00+03:00,22824.95,22827.15,22820.65,22823.95,563,150,0
2025-07-15 02:15:00+03:00,22824.15,22830.05,22823.15,22827.05,412,150,0
2025-07-15 02:30:00+03:00,22826.95,22831.65,22825.55,22826.65,398,150,0
2025-07-15 02:45:00+03:00,22826.65,22837.45,22824.95,22834.05,661,150,0
2025-07-15 03:00:00+03:00,22834.65,22842.55,22820.45,22840.95,1394,150,0
2025-07-15 03:15:00+03:00,22840.95,22841.25,22833.25,22833.45,845,150,0
2025-07-15 03:30:00+03:00,22833.65,22834.45,22824.75,22826.95,814,150,0
2025-07-15 03:45:00+03:00,22826.75,22829.75,22824.95,22828.55,697,150,0
2025-07-15 04:00:00+03:00,22827.95,22828.45,22820.65,22823.15,850,150,0
2025-07-15 04:15:00+03:00,22823.45,22829.55,22823.05,22826.45,595,150,0
2025-07-15 04:30:00+03:00,22826.15,22899.35,22824.25,22899.35,1284,150,0
2025-07-15 04:45:00+03:00,22900.35,22996.15,22891.65,22965.45,3636,210,0
2025-07-15 05:00:00+03:00,22965.75,22986.15,22934.85,22943.25,2895,190,0
2025-07-15 05:15:00+03:00,22943.05,22943.95,22888.55,22895.35,2446,180,0
2025-07-15 05:30:00+03:00,22895.35,22897.25,22872.95,22886.95,1975,160,0
2025-07-15 05:45:00+03:00,22886.95,22886.95,22863.25,22878.65,1647,160,0
2025-07-15 06:00:00+03:00,22878.35,22881.25,22869.65,22874.65,1238,160,0
2025-07-15 06:15:00+03:00,22874.85,22909.35,22873.75,22906.45,1332,150,0
2025-07-15 06:30:00+03:00,22906.35,22923.55,22905.95,22920.75,1117,150,0
2025-07-15 06:45:00+03:00,22920.05,22923.55,22912.45,22916.95,945,150,0
2025-07-15 07:00:00+03:00,22916.95,22919.95,22913.15,22917.55,642,150,0
2025-07-15 07:15:00+03:00,22917.15,22925.15,22914.95,22924.05,656,150,0
2025-07-15 07:30:00+03:00,22923.45,22943.65,22923.15,22932.75,1008,150,0
2025-07-15 07:45:00+03:00,22932.45,22940.95,22927.95,22938.65,854,150,0
2025-07-15 08:00:00+03:00,22938.45,22967.35,22936.65,22961.15,1393,150,0
2025-07-15 08:15:00+03:00,22961.15,22987.25,22959.85,22987.25,1352,150,0
2025-07-15 08:30:00+03:00,22987.25,22992.15,22967.15,22968.65,1213,150,0
2025-07-15 08:45:00+03:00,22968.75,22977.85,22965.95,22969.65,1036,150,0
2025-07-15 09:00:00+03:00,22969.75,22977.75,22962.25,22965.95,1303,150,0
2025-07-15 09:15:00+03:00,22965.65,22970.55,22960.55,22967.75,958,150,0
2025-07-15 09:30:00+03:00,22967.65,22970.25,22956.65,22961.05,1018,150,0
2025-07-15 09:45:00+03:00,22960.55,22970.75,22955.05,22966.15,996,150,0
2025-07-15 10:00:00+03:00,22967.75,22971.05,22960.35,22964.85,1919,150,0
2025-07-15 10:15:00+03:00,22965.15,22968.15,22955.35,22960.25,1424,150,0
2025-07-15 10:30:00+03:00,22960.15,22992.35,22958.65,22990.95,1607,150,0
2025-07-15 10:45:00+03:00,22990.45,22991.65,22979.65,22983.45,1550,150,0
2025-07-15 11:00:00+03:00,22983.25,22984.15,22966.45,22980.45,2177,160,0
2025-07-15 11:15:00+03:00,22981.15,23001.05,22969.65,22991.45,1703,160,0
2025-07-15 11:30:00+03:00,22991.85,22998.35,22973.35,22985.65,1409,150,0
2025-07-15 11:45:00+03:00,22985.75,22990.65,22977.75,22978.65,1067,150,0
2025-07-15 12:00:00+03:00,22978.55,22987.95,22972.65,22985.45,1178,150,0
2025-07-15 12:15:00+03:00,22985.65,22995.15,22985.65,22992.45,1208,150,0
2025-07-15 12:30:00+03:00,22992.55,23002.45,22989.05,22989.65,1219,150,0
2025-07-15 12:45:00+03:00,22989.55,22997.25,22987.05,22997.05,955,150,0
2025-07-15 13:00:00+03:00,22994.75,22997.55,22987.75,22992.55,884,150,0
2025-07-15 13:15:00+03:00,22992.45,23004.55,22991.65,23003.55,1057,150,0
2025-07-15 13:30:00+03:00,23003.65,23010.75,22995.05,22999.05,1501,150,0
2025-07-15 13:45:00+03:00,22998.95,22999.45,22985.65,22993.75,1238,150,0
2025-07-15 14:00:00+03:00,22993.45,23014.05,22984.15,23007.05,1582,150,0
2025-07-15 14:15:00+03:00,23007.05,23010.25,22993.25,22996.45,1419,150,0
2025-07-15 14:30:00+03:00,22996.55,23001.25,22991.95,22991.95,1186,150,0
2025-07-15 14:45:00+03:00,22991.95,22992.75,22977.05,22989.55,1539,150,0
2025-07-15 15:00:00+03:00,22990.65,22995.05,22967.55,22975.45,1931,150,0
2025-07-15 15:15:00+03:00,22975.15,22976.46,22958.35,22976.06,2201,150,0
2025-07-15 15:30:00+03:00,22976.06,23026.85,22974.86,22986.95,3568,200,0
2025-07-15 15:45:00+03:00,22986.65,23030.35,22985.65,23018.35,2663,170,0
2025-07-15 16:00:00+03:00,23019.85,23027.75,23010.45,23022.75,2447,160,0
2025-07-15 16:15:00+03:00,23023.25,23041.85,23015.45,23023.25,2447,160,0
2025-07-15 16:30:00+03:00,23022.65,23045.35,22946.45,22986.95,4733,80,0
2025-07-15 16:45:00+03:00,22986.75,23007.05,22955.75,22961.35,4567,90,0
2025-07-15 17:00:00+03:00,22962.35,23015.95,22944.25,23014.45,4386,80,0
2025-07-15 17:15:00+03:00,23013.95,23022.95,22985.75,23003.25,4091,80,0
2025-07-15 17:30:00+03:00,23003.35,23010.15,22956.65,22966.35,4328,90,0
2025-07-15 17:45:00+03:00,22966.25,22989.05,22921.05,22924.85,4252,90,0
2025-07-15 18:00:00+03:00,22927.15,22972.45,22925.25,22951.45,3987,80,0
2025-07-15 18:15:00+03:00,22951.95,22997.15,22947.75,22993.55,3830,80,0
2025-07-15 18:30:00+03:00,22993.65,22997.15,22966.15,22988.95,3518,80,0
2025-07-15 18:45:00+03:00,22988.95,23005.15,22971.45,22982.15,3274,80,0
2025-07-15 19:00:00+03:00,22982.45,22992.85,22959.45,22970.15,3511,80,0
2025-07-15 19:15:00+03:00,22970.15,22982.45,22961.65,22970.15,3139,80,0
2025-07-15 19:30:00+03:00,22970.15,22985.05,22950.85,22961.15,3099,80,0
2025-07-15 19:45:00+03:00,22961.05,22976.85,22908.35,22923.35,3376,80,0
2025-07-15 20:00:00+03:00,22923.05,22955.85,22921.25,22929.65,3622,80,0
2025-07-15 20:15:00+03:00,22929.45,22947.65,22912.65,22944.15,3367,80,0
2025-07-15 20:30:00+03:00,22944.15,22971.95,22942.55,22965.35,2987,80,0
2025-07-15 20:45:00+03:00,22965.45,22995.65,22957.95,22994.65,2684,80,0
2025-07-15 21:00:00+03:00,22995.15,23003.45,22986.65,22998.45,2680,80,0
2025-07-15 21:15:00+03:00,22997.95,23004.65,22989.45,22992.45,2479,80,0
2025-07-15 21:30:00+03:00,22992.45,22999.45,22970.45,22973.95,2792,80,0
2025-07-15 21:45:00+03:00,22973.65,22980.95,22917.85,22918.05,3233,80,0
2025-07-15 22:00:00+03:00,22917.35,22945.15,22907.15,22925.85,3438,80,0
2025-07-15 22:15:00+03:00,22925.65,22930.35,22903.75,22912.15,2995,80,0
2025-07-15 22:30:00+03:00,22912.35,22936.15,22905.65,22933.35,2925,80,0
2025-07-15 22:45:00+03:00,22932.85,22936.15,22875.15,22879.95,3484,80,0
2025-07-15 23:00:00+03:00,22876.55,22882.86,22843.66,22848.66,3123,90,0
2025-07-15 23:15:00+03:00,22848.36,22850.16,22836.26,22844.26,2074,168,0
2025-07-15 23:30:00+03:00,22844.26,22848.06,22835.86,22839.86,1549,168,0
2025-07-15 23:45:00+03:00,22839.66,22843.96,22836.86,22840.16,507,168,0
2025-07-16 01:00:00+03:00,22856.86,22858.46,22830.96,22832.26,596,168,0
2025-07-16 01:15:00+03:00,22832.76,22845.36,22828.86,22839.56,740,168,0
2025-07-16 01:30:00+03:00,22839.56,22839.86,22801.56,22821.46,1442,168,0
2025-07-16 01:45:00+03:00,22821.56,22839.26,22812.36,22836.76,1098,168,0
2025-07-16 02:00:00+03:00,22836.85,22841.85,22825.95,22834.25,984,150,0
2025-07-16 02:15:00+03:00,22834.65,22836.25,22810.85,22816.85,1173,150,0
2025-07-16 02:30:00+03:00,22818.75,22837.15,22815.75,22836.95,790,150,0
2025-07-16 02:45:00+03:00,22837.35,22847.15,22833.75,22841.65,1248,150,0
2025-07-16 03:00:00+03:00,22841.35,22846.55,22810.75,22815.55,1886,160,0
2025-07-16 03:15:00+03:00,22815.45,22820.05,22805.05,22810.15,1344,160,0
2025-07-16 03:30:00+03:00,22810.25,22836.25,22810.05,22831.35,1252,150,0
2025-07-16 03:45:00+03:00,22830.85,22833.65,22819.65,22827.05,1069,150,0
2025-07-16 04:00:00+03:00,22826.65,22849.95,22824.45,22849.35,1122,150,0
2025-07-16 04:15:00+03:00,22849.15,22858.25,22834.55,22841.65,1376,150,0
2025-07-16 04:30:00+03:00,22841.55,22856.45,22839.55,22856.45,1194,150,0
2025-07-16 04:45:00+03:00,22856.65,22858.85,22852.75,22858.25,957,150,0
2025-07-16 05:00:00+03:00,22857.85,22861.15,22845.95,22849.85,926,150,0
2025-07-16 05:15:00+03:00,22849.85,22858.75,22848.35,22853.85,774,150,0
2025-07-16 05:30:00+03:00,22853.85,22854.95,22837.15,22838.85,775,150,0
2025-07-16 05:45:00+03:00,22839.15,22843.75,22834.25,22839.65,727,150,0
2025-07-16 06:00:00+03:00,22839.65,22851.95,22839.15,22849.65,640,150,0
2025-07-16 06:15:00+03:00,22849.35,22854.25,22847.75,22849.85,523,150,0
2025-07-16 06:30:00+03:00,22849.85,22853.25,22848.45,22849.65,573,150,0
2025-07-16 06:45:00+03:00,22849.45,22854.75,22842.85,22843.35,678,150,0
2025-07-16 07:00:00+03:00,22843.35,22859.25,22843.35,22858.15,666,150,0
2025-07-16 07:15:00+03:00,22858.25,22859.15,22849.35,22851.85,417,150,0
2025-07-16 07:30:00+03:00,22851.65,22855.75,22849.25,22849.65,512,150,0
2025-07-16 07:45:00+03:00,22849.85,22850.65,22843.35,22848.35,583,150,0
2025-07-16 08:00:00+03:00,22848.25,22872.15,22834.75,22845.85,1840,150,0
2025-07-16 08:15:00+03:00,22846.35,22848.65,22830.15,22837.05,1184,150,0
2025-07-16 08:30:00+03:00,22836.95,22848.15,22836.95,22844.15,963,150,0
2025-07-16 08:45:00+03:00,22843.95,22844.65,22821.35,22834.15,1133,150,0
2025-07-16 09:00:00+03:00,22833.15,22836.45,22822.35,22829.85,1324,150,0
2025-07-16 09:15:00+03:00,22829.65,22833.05,22819.95,22824.85,1166,150,0
2025-07-16 09:30:00+03:00,22825.35,22825.35,22794.25,22805.75,1523,150,0
2025-07-16 09:45:00+03:00,22806.55,22810.65,22797.65,22799.05,988,150,0
2025-07-16 10:00:00+03:00,22799.05,22808.65,22756.35,22785.85,2900,160,0
2025-07-16 10:15:00+03:00,22785.95,22814.05,22785.85,22807.55,1917,160,0
2025-07-16 10:30:00+03:00,22807.45,22817.55,22804.55,22812.25,1557,150,0
2025-07-16 10:45:00+03:00,22812.35,22812.35,22802.65,22809.65,1435,150,0
2025-07-16 11:00:00+03:00,22809.25,22818.55,22797.25,22810.75,1949,150,0
2025-07-16 11:15:00+03:00,22811.05,22824.05,22806.55,22817.95,1377,150,0
2025-07-16 11:30:00+03:00,22817.85,22841.95,22816.85,22840.85,1350,150,0
2025-07-16 11:45:00+03:00,22840.75,22841.85,22821.85,22829.95,1167,150,0
2025-07-16 12:00:00+03:00,22830.15,22831.45,22810.15,22821.25,1281,150,0
2025-07-16 12:15:00+03:00,22821.35,22830.35,22809.05,22811.85,1235,150,0
2025-07-16 12:30:00+03:00,22812.05,22820.45,22806.85,22813.15,1219,150,0
2025-07-16 12:45:00+03:00,22813.35,22828.65,22812.35,22828.35,1083,150,0
2025-07-16 13:00:00+03:00,22828.65,22829.25,22820.35,22828.25,980,150,0
2025-07-16 13:15:00+03:00,22828.35,22830.95,22821.85,22825.65,940,150,0
2025-07-16 13:30:00+03:00,22824.95,22838.85,22824.65,22834.15,1231,150,0
2025-07-16 13:45:00+03:00,22834.15,22847.35,22832.35,22841.15,1157,150,0
2025-07-16 14:00:00+03:00,22841.35,22851.25,22834.85,22837.35,1334,150,0
2025-07-16 14:15:00+03:00,22837.05,22847.05,22832.55,22838.05,1274,150,0
2025-07-16 14:30:00+03:00,22837.85,22838.35,22823.05,22829.65,1261,150,0
2025-07-16 14:45:00+03:00,22829.75,22847.95,22828.25,22847.75,1173,150,0
2025-07-16 15:00:00+03:00,22848.75,22859.75,22837.35,22854.65,1583,150,0
2025-07-16 15:15:00+03:00,22853.85,22860.45,22848.45,22852.91,1516,150,0
2025-07-16 15:30:00+03:00,22851.91,22911.35,22851.7,22894.55,3354,210,0
2025-07-16 15:45:00+03:00,22894.35,22909.75,22893.05,22900.95,2236,160,0
2025-07-16 16:00:00+03:00,22900.65,22902.15,22886.75,22896.35,2236,160,0
2025-07-16 16:15:00+03:00,22896.35,22905.55,22891.05,22901.05,2060,150,0
2025-07-16 16:30:00+03:00,22900.75,22917.05,22834.45,22840.75,4743,80,0
2025-07-16 16:45:00+03:00,22840.15,22859.55,22785.55,22795.95,4531,90,0
2025-07-16 17:00:00+03:00,22797.15,22831.75,22777.15,22803.45,4461,90,0
2025-07-16 17:15:00+03:00,22803.25,22838.35,22789.05,22833.05,4197,80,0
2025-07-16 17:30:00+03:00,22833.25,22858.75,22817.25,22830.25,4189,90,0
2025-07-16 17:45:00+03:00,22830.25,22860.85,22789.25,22818.35,4279,80,0
2025-07-16 18:00:00+03:00,22820.75,22870.45,22814.85,22869.45,4281,80,0
2025-07-16 18:15:00+03:00,22869.55,22872.45,22726.25,22808.75,4744,80,0
2025-07-16 18:30:00+03:00,22808.35,22811.65,22664.65,22762.35,4769,120,0
2025-07-16 18:45:00+03:00,22762.75,22851.35,22742.05,22818.85,4600,110,0
2025-07-16 19:00:00+03:00,22818.15,22835.95,22791.35,22810.15,4418,100,0
2025-07-16 19:15:00+03:00,22809.35,22828.95,22781.65,22811.05,3945,80,0
2025-07-16 19:30:00+03:00,22811.05,22834.25,22806.75,22822.75,3575,80,0
2025-07-16 19:45:00+03:00,22822.35,22874.55,22789.55,22873.75,3632,80,0
2025-07-16 20:00:00+03:00,22873.85,22894.35,22862.35,22882.65,3181,80,0
2025-07-16 20:15:00+03:00,22882.65,22889.45,22865.95,22866.65,2913,80,0
2025-07-16 20:30:00+03:00,22868.15,22873.65,22853.45,22860.45,3293,80,0
2025-07-16 20:45:00+03:00,22860.95,22868.15,22846.95,22854.65,2969,80,0
2025-07-16 21:00:00+03:00,22855.85,22865.45,22846.45,22857.95,3265,80,0
2025-07-16 21:15:00+03:00,22858.45,22876.25,22843.45,22872.95,2746,80,0
2025-07-16 21:30:00+03:00,22872.75,22892.95,22872.25,22889.25,2424,80,0
2025-07-16 21:45:00+03:00,22889.15,22901.25,22875.45,22901.25,2410,80,0
2025-07-16 22:00:00+03:00,22900.95,22908.35,22892.45,22894.95,2506,80,0
2025-07-16 22:15:00+03:00,22894.45,22902.35,22886.45,22899.95,2345,80,0
2025-07-16 22:30:00+03:00,22899.45,22927.85,22893.75,22920.95,2716,80,0
2025-07-16 22:45:00+03:00,22920.95,22924.85,22901.35,22904.95,3110,80,0
2025-07-16 23:00:00+03:00,22903.15,22903.26,22883.76,22901.76,1945,80,0
2025-07-16 23:15:00+03:00,22901.86,22902.76,22883.26,22886.06,820,168,0
2025-07-16 23:30:00+03:00,22885.76,22893.56,22884.26,22892.06,530,168,0
2025-07-16 23:45:00+03:00,22891.56,22893.06,22890.26,22891.66,171,168,0
2025-07-17 01:00:00+03:00,22885.16,22888.66,22872.36,22878.56,710,168,0
2025-07-17 01:15:00+03:00,22879.06,22885.56,22873.66,22873.76,795,168,0
2025-07-17 01:30:00+03:00,22873.76,22878.26,22867.36,22869.46,901,168,0
2025-07-17 01:45:00+03:00,22869.36,22873.36,22862.16,22865.16,687,168,0
2025-07-17 02:00:00+03:00,22865.25,22874.75,22865.25,22870.35,623,150,0
2025-07-17 02:15:00+03:00,22870.55,22870.75,22863.25,22868.75,565,150,0
2025-07-17 02:30:00+03:00,22868.75,22876.25,22861.25,22873.85,589,150,0
2025-07-17 02:45:00+03:00,22873.85,22876.35,22867.85,22871.25,751,150,0
2025-07-17 03:00:00+03:00,22870.75,22874.25,22856.45,22858.75,1577,150,0
2025-07-17 03:15:00+03:00,22859.05,22883.35,22855.25,22882.75,1320,150,0
2025-07-17 03:30:00+03:00,22882.75,22884.65,22871.95,22873.55,1075,150,0
2025-07-17 03:45:00+03:00,22874.25,22883.95,22872.45,22882.25,928,150,0
2025-07-17 04:00:00+03:00,22881.85,22888.25,22879.95,22887.35,942,150,0
2025-07-17 04:15:00+03:00,22887.45,22889.25,22880.35,22881.05,718,150,0
2025-07-17 04:30:00+03:00,22881.25,22881.95,22856.75,22869.45,1484,150,0
2025-07-17 04:45:00+03:00,22869.95,22870.35,22859.05,22864.45,1010,150,0
2025-07-17 05:00:00+03:00,22864.25,22864.45,22855.95,22861.05,875,150,0
2025-07-17 05:15:00+03:00,22860.85,22864.35,22855.05,22862.25,748,150,0
2025-07-17 05:30:00+03:00,22862.25,22862.45,22852.55,22855.35,665,150,0
2025-07-17 05:45:00+03:00,22855.55,22859.35,22851.95,22854.95,532,150,0
2025-07-17 06:00:00+03:00,22854.85,22857.85,22847.85,22853.85,680,150,0
2025-07-17 06:15:00+03:00,22853.35,22865.25,22852.85,22864.35,676,150,0
2025-07-17 06:30:00+03:00,22864.25,22868.25,22857.95,22867.85,634,150,0
2025-07-17 06:45:00+03:00,22867.75,22870.75,22864.75,22869.25,572,150,0
2025-07-17 07:00:00+03:00,22869.35,22872.25,22866.35,22869.75,501,150,0
2025-07-17 07:15:00+03:00,22869.75,22870.95,22863.25,22864.05,446,150,0
2025-07-17 07:30:00+03:00,22863.95,22864.55,22857.55,22863.55,488,150,0
2025-07-17 07:45:00+03:00,22864.05,22872.55,22859.35,22871.55,535,150,0
2025-07-17 08:00:00+03:00,22871.45,22880.25,22869.75,22875.45,701,150,0
2025-07-17 08:15:00+03:00,22875.75,22886.35,22873.85,22885.35,655,150,0
2025-07-17 08:30:00+03:00,22884.85,22907.45,22884.45,22907.35,1483,150,0
2025-07-17 08:45:00+03:00,22907.25,22930.25,22905.95,22917.95,1287,150,0
2025-07-17 09:00:00+03:00,22918.05,22957.15,22917.35,22945.15,1761,150,0
2025-07-17 09:15:00+03:00,22945.45,22972.55,22944.35,22972.35,1590,150,0
2025-07-17 09:30:00+03:00,22972.05,22981.65,22963.05,22975.55,1349,150,0
2025-07-17 09:45:00+03:00,22975.95,22981.95,22963.95,22968.55,1144,150,0
2025-07-17 10:00:00+03:00,22968.45,22971.85,22945.65,22951.05,2316,150,0
2025-07-17 10:15:00+03:00,22951.45,22958.25,22930.75,22942.95,2012,160,0
2025-07-17 10:30:00+03:00,22943.05,22965.75,22940.55,22962.75,1961,160,0
2025-07-17 10:45:00+03:00,22962.75,22965.25,22943.35,22943.75,1501,150,0
2025-07-17 11:00:00+03:00,22942.75,22948.85,22933.35,22934.85,2018,150,0
2025-07-17 11:15:00+03:00,22934.75,22940.15,22919.25,22929.15,1679,160,0
2025-07-17 11:30:00+03:00,22929.45,22939.35,22925.05,22934.75,1499,150,0
2025-07-17 11:45:00+03:00,22934.75,22942.55,22923.45,22934.25,1317,150,0
2025-07-17 12:00:00+03:00,22934.65,22951.75,22933.45,22948.85,1104,150,0
2025-07-17 12:15:00+03:00,22948.75,22956.05,22944.55,22946.75,1088,150,0
2025-07-17 12:30:00+03:00,22946.85,22955.05,22944.85,22948.05,932,150,0
2025-07-17 12:45:00+03:00,22948.25,22948.95,22937.55,22939.95,912,150,0
2025-07-17 13:00:00+03:00,22939.55,22945.85,22936.55,22939.25,936,150,0
2025-07-17 13:15:00+03:00,22939.35,22943.35,22934.35,22942.45,947,150,0
2025-07-17 13:30:00+03:00,22942.85,22944.35,22934.05,22934.95,956,150,0
2025-07-17 13:45:00+03:00,22935.25,22940.85,22918.35,22920.15,1217,150,0
2025-07-17 14:00:00+03:00,22920.55,22925.05,22903.35,22921.45,1663,150,0
2025-07-17 14:15:00+03:00,22921.55,22925.55,22913.45,22922.35,1272,150,0
2025-07-17 14:30:00+03:00,22922.05,22923.25,22907.05,22913.95,1157,150,0
2025-07-17 14:45:00+03:00,22914.55,22919.85,22905.25,22917.45,1321,150,0
2025-07-17 15:00:00+03:00,22917.05,22932.25,22915.35,22917.05,1500,150,0
2025-07-17 15:15:00+03:00,22915.95,22926.58,22906.55,22925.21,1788,150,0
2025-07-17 15:30:00+03:00,22925.41,22956.35,22918.25,22954.15,2838,160,0
2025-07-17 15:45:00+03:00,22954.25,22977.75,22949.65,22976.55,2155,160,0
2025-07-17 16:00:00+03:00,22976.25,22988.55,22965.75,22966.05,2146,150,0
2025-07-17 16:15:00+03:00,22965.95,22966.65,22927.75,22931.05,2595,160,0
2025-07-17 16:30:00+03:00,22930.55,22958.55,22896.85,22953.15,4583,80,0
2025-07-17 16:45:00+03:00,22953.25,22989.15,22949.05,22980.55,3877,80,0
2025-07-17 17:00:00+03:00,22981.05,23005.95,22971.85,22983.45,3781,80,0
2025-07-17 17:15:00+03:00,22983.65,22987.95,22946.35,22985.15,3927,80,0
2025-07-17 17:30:00+03:00,22984.95,23010.15,22977.95,23003.65,3425,80,0
2025-07-17 17:45:00+03:00,23003.95,23029.55,22999.55,23025.45,3252,80,0
2025-07-17 18:00:00+03:00,23025.55,23074.65,23024.55,23066.65,3377,80,0
2025-07-17 18:15:00+03:00,23067.15,23068.65,23047.45,23059.65,3054,80,0
2025-07-17 18:30:00+03:00,23059.65,23075.05,23047.85,23069.55,2934,80,0
2025-07-17 18:45:00+03:00,23069.05,23084.75,23066.25,23079.75,2654,80,0
2025-07-17 19:00:00+03:00,23079.55,23095.35,23076.45,23086.95,2627,80,0
2025-07-17 19:15:00+03:00,23087.35,23104.85,23074.85,23088.65,2742,80,0
2025-07-17 19:30:00+03:00,23088.65,23091.65,23076.35,23082.35,2562,80,0
2025-07-17 19:45:00+03:00,23082.55,23094.65,23079.15,23086.35,2425,80,0
2025-07-17 20:00:00+03:00,23086.55,23089.65,23076.85,23088.35,2191,80,0
2025-07-17 20:15:00+03:00,23088.05,23093.05,23070.35,23088.15,2352,80,0
2025-07-17 20:30:00+03:00,23088.25,23094.75,23082.75,23090.15,2248,80,0
2025-07-17 20:45:00+03:00,23090.05,23105.35,23084.75,23105.15,2089,80,0
2025-07-17 21:00:00+03:00,23105.65,23106.35,23070.65,23071.65,2505,80,0
2025-07-17 21:15:00+03:00,23071.55,23089.15,23066.35,23085.65,2487,80,0
2025-07-17 21:30:00+03:00,23086.15,23089.65,23077.35,23086.15,2062,80,0
2025-07-17 21:45:00+03:00,23086.35,23091.25,23078.45,23079.45,2158,80,0
2025-07-17 22:00:00+03:00,23080.45,23098.75,23077.75,23084.75,2284,80,0
2025-07-17 22:15:00+03:00,23084.75,23090.25,23084.25,23088.45,2099,80,0
2025-07-17 22:30:00+03:00,23088.45,23099.75,23082.15,23083.75,2457,80,0
2025-07-17 22:45:00+03:00,23083.75,23103.95,23072.05,23084.05,3377,80,0
2025-07-17 23:00:00+03:00,23083.36,23092.96,23060.66,23081.96,2648,108,0
2025-07-17 23:15:00+03:00,23079.96,23095.56,23079.56,23091.56,953,168,0
2025-07-17 23:30:00+03:00,23091.76,23100.66,23090.26,23092.76,720,168,0
2025-07-17 23:45:00+03:00,23092.76,23095.46,23089.56,23091.66,306,168,0
2025-07-18 01:00:00+03:00,23079.26,23089.16,23077.96,23087.36,591,168,0
2025-07-18 01:15:00+03:00,23087.66,23091.96,23081.26,23090.86,565,168,0
2025-07-18 01:30:00+03:00,23090.86,23091.86,23082.26,23084.76,619,168,0
2025-07-18 01:45:00+03:00,23084.96,23088.96,23084.16,23088.96,296,168,0
2025-07-18 02:00:00+03:00,23088.96,23107.35,23088.96,23106.85,943,150,0
2025-07-18 02:15:00+03:00,23106.85,23115.65,23095.75,23101.05,855,150,0
2025-07-18 02:30:00+03:00,23101.25,23103.95,23096.95,23103.85,474,150,0
2025-07-18 02:45:00+03:00,23103.55,23120.35,23103.05,23113.05,980,150,0
2025-07-18 03:00:00+03:00,23112.75,23116.95,23106.85,23113.05,1294,150,0
2025-07-18 03:15:00+03:00,23112.95,23114.95,23105.55,23106.05,829,150,0
2025-07-18 03:30:00+03:00,23106.35,23106.85,23100.85,23100.95,783,150,0
2025-07-18 03:45:00+03:00,23100.85,23103.75,23096.55,23099.55,827,150,0
2025-07-18 04:00:00+03:00,23099.55,23103.85,23097.25,23101.55,853,150,0
2025-07-18 04:15:00+03:00,23101.75,23101.85,23091.85,23094.75,721,150,0
2025-07-18 04:30:00+03:00,23094.95,23104.55,23094.45,23099.75,787,150,0
2025-07-18 04:45:00+03:00,23099.85,23100.95,23096.05,23098.95,680,150,0
2025-07-18 05:00:00+03:00,23098.95,23099.35,23092.85,23098.25,577,150,0
2025-07-18 05:15:00+03:00,23098.05,23103.35,23096.05,23101.95,513,150,0
2025-07-18 05:30:00+03:00,23101.85,23110.95,23100.95,23110.45,667,150,0
2025-07-18 05:45:00+03:00,23110.55,23119.05,23109.55,23112.05,671,150,0
2025-07-18 06:00:00+03:00,23112.05,23114.05,23108.95,23110.95,589,150,0
2025-07-18 06:15:00+03:00,23110.45,23114.55,23107.55,23114.55,498,150,0
2025-07-18 06:30:00+03:00,23114.35,23117.55,23106.45,23111.25,664,150,0
2025-07-18 06:45:00+03:00,23111.05,23111.85,23106.75,23107.85,397,150,0
2025-07-18 07:00:00+03:00,23107.85,23109.05,23104.25,23104.35,442,150,0
2025-07-18 07:15:00+03:00,23104.75,23111.85,23103.95,23110.25,411,150,0
2025-07-18 07:30:00+03:00,23110.55,23112.95,23108.55,23108.75,421,150,0
2025-07-18 07:45:00+03:00,23108.85,23110.95,23105.95,23110.85,417,150,0
2025-07-18 08:00:00+03:00,23110.75,23126.25,23109.95,23123.55,704,150,0
2025-07-18 08:15:00+03:00,23123.45,23128.35,23121.25,23128.25,685,150,0
2025-07-18 08:30:00+03:00,23128.35,23141.25,23127.55,23134.75,728,150,0
2025-07-18 08:45:00+03:00,23134.45,23138.25,23132.45,23135.85,582,150,0
2025-07-18 09:00:00+03:00,23135.75,23137.85,23130.45,23133.05,734,150,0
2025-07-18 09:15:00+03:00,23133.05,23141.55,23127.85,23128.35,728,150,0
2025-07-18 09:30:00+03:00,23128.35,23131.95,23119.75,23121.35,834,150,0
2025-07-18 09:45:00+03:00,23121.05,23124.85,23115.05,23115.95,766,150,0
2025-07-18 10:00:00+03:00,23115.95,23124.85,23104.05,23105.55,1700,150,0
2025-07-18 10:15:00+03:00,23105.45,23112.05,23104.45,23108.25,1182,150,0
2025-07-18 10:30:00+03:00,23108.55,23111.95,23093.55,23111.75,1382,150,0
2025-07-18 10:45:00+03:00,23111.85,23114.45,23100.75,23100.75,1171,150,0
2025-07-18 11:00:00+03:00,23099.25,23112.75,23097.95,23109.85,1510,150,0
2025-07-18 11:15:00+03:00,23109.75,23118.45,23107.35,23112.85,1062,150,0
2025-07-18 11:30:00+03:00,23112.85,23112.95,23105.55,23109.35,1072,150,0
2025-07-18 11:45:00+03:00,23109.55,23117.35,23108.75,23113.45,930,150,0
2025-07-18 12:00:00+03:00,23113.35,23119.25,23111.25,23119.05,881,150,0
2025-07-18 12:15:00+03:00,23118.85,23121.05,23111.05,23115.85,729,150,0
2025-07-18 12:30:00+03:00,23115.95,23119.25,23108.75,23112.25,807,150,0
2025-07-18 12:45:00+03:00,23112.25,23115.25,23107.55,23109.75,765,150,0
2025-07-18 13:00:00+03:00,23109.85,23112.95,23104.05,23107.35,768,150,0
2025-07-18 13:15:00+03:00,23107.35,23107.45,23084.25,23091.35,1297,150,0
2025-07-18 13:30:00+03:00,23091.35,23097.25,23085.25,23094.75,1190,150,0
2025-07-18 13:45:00+03:00,23094.75,23099.75,23091.75,23098.25,970,150,0
2025-07-18 14:00:00+03:00,23098.25,23104.25,23092.05,23092.75,1423,150,0
2025-07-18 14:15:00+03:00,23092.35,23093.55,23082.95,23092.55,1179,150,0
2025-07-18 14:30:00+03:00,23091.85,23098.75,23091.25,23094.75,926,150,0
2025-07-18 14:45:00+03:00,23094.55,23104.05,23093.25,23095.95,1143,150,0
2025-07-18 15:00:00+03:00,23096.45,23101.85,23085.95,23091.05,1434,150,0
2025-07-18 15:15:00+03:00,23091.05,23099.45,23090.25,23094.45,1441,150,0
2025-07-18 15:30:00+03:00,23094.35,23099.95,23087.55,23096.55,1620,150,0
2025-07-18 15:45:00+03:00,23096.75,23103.55,23092.75,23099.95,1328,150,0
2025-07-18 16:00:00+03:00,23099.95,23113.95,23098.05,23109.45,1546,150,0
2025-07-18 16:15:00+03:00,23109.75,23150.95,23089.15,23131.15,2536,150,0
2025-07-18 16:30:00+03:00,23132.15,23140.95,23089.55,23099.85,4465,80,0
2025-07-18 16:45:00+03:00,23100.05,23127.65,23084.05,23090.55,3883,80,0
2025-07-18 17:00:00+03:00,23090.15,23116.85,23057.05,23062.55,4196,80,0
2025-07-18 17:15:00+03:00,23062.05,23070.55,23018.75,23025.85,4211,80,0
2025-07-18 17:30:00+03:00,23027.15,23055.55,23022.55,23055.05,3975,80,0
2025-07-18 17:45:00+03:00,23056.05,23062.35,23035.35,23035.95,3439,80,0
2025-07-18 18:00:00+03:00,23036.35,23049.65,23018.85,23036.55,3702,80,0
2025-07-18 18:15:00+03:00,23036.35,23053.05,23032.55,23047.85,3177,80,0
2025-07-18 18:30:00+03:00,23048.85,23069.15,23048.85,23064.55,2991,80,0
2025-07-18 18:45:00+03:00,23064.95,23083.15,23061.55,23078.95,2682,80,0
2025-07-18 19:00:00+03:00,23078.85,23080.85,23052.95,23053.35,2783,80,0
2025-07-18 19:15:00+03:00,23053.35,23056.95,23009.45,23034.35,3285,80,0
2025-07-18 19:30:00+03:00,23034.25,23043.05,23007.55,23039.05,3326,80,0
2025-07-18 19:45:00+03:00,23039.05,23047.45,23012.95,23018.85,3184,80,0
2025-07-18 20:00:00+03:00,23018.95,23036.55,23004.55,23035.95,3139,80,0
2025-07-18 20:15:00+03:00,23036.85,23050.35,23027.35,23042.35,2744,80,0
2025-07-18 20:30:00+03:00,23042.35,23053.85,23036.35,23037.85,2452,80,0
2025-07-18 20:45:00+03:00,23037.85,23041.55,23020.15,23030.35,2699,80,0
2025-07-18 21:00:00+03:00,23031.35,23048.45,23027.85,23032.35,2428,80,0
2025-07-18 21:15:00+03:00,23032.05,23049.55,23026.45,23049.05,2240,80,0
2025-07-18 21:30:00+03:00,23049.35,23058.55,23041.85,23052.35,2174,80,0
2025-07-18 21:45:00+03:00,23052.05,23054.45,23029.35,23035.35,2063,80,0
2025-07-18 22:00:00+03:00,23034.85,23044.45,23030.55,23042.05,2288,80,0
2025-07-18 22:15:00+03:00,23042.05,23062.05,23040.95,23044.35,2383,80,0
2025-07-18 22:30:00+03:00,23044.35,23046.85,23031.55,23040.85,2465,80,0
2025-07-18 22:45:00+03:00,23041.35,23059.15,23037.85,23057.85,2945,80,0
2025-07-18 23:00:00+03:00,23057.96,23058.76,23048.86,23054.66,1638,98,0
2025-07-18 23:15:00+03:00,23055.16,23060.46,23049.26,23053.66,732,168,0
2025-07-18 23:30:00+03:00,23053.46,23058.16,23050.36,23053.16,429,168,0
2025-07-18 23:45:00+03:00,23052.86,23053.66,23051.36,23051.66,168,168,0
2025-07-21 01:00:00+03:00,23052.96,23056.76,23046.56,23054.56,675,168,0
2025-07-21 01:15:00+03:00,23055.06,23074.36,23043.56,23072.56,1102,168,0
2025-07-21 01:30:00+03:00,23072.46,23083.86,23069.56,23079.36,909,168,0
2025-07-21 01:45:00+03:00,23079.26,23083.86,23075.86,23083.16,518,168,0
2025-07-21 02:00:00+03:00,23083.25,23091.25,23080.35,23088.75,648,150,0
2025-07-21 02:15:00+03:00,23088.75,23089.75,23076.15,23078.75,634,150,0
2025-07-21 02:30:00+03:00,23078.95,23087.65,23076.35,23084.15,566,150,0
2025-07-21 02:45:00+03:00,23083.75,23101.25,23083.45,23098.95,778,150,0
2025-07-21 03:00:00+03:00,23099.45,23101.85,23095.35,23098.15,927,150,0
2025-07-21 03:15:00+03:00,23098.25,23100.65,23093.75,23096.75,607,150,0
2025-07-21 03:30:00+03:00,23096.85,23097.45,23090.95,23092.35,624,150,0
2025-07-21 03:45:00+03:00,23092.45,23095.35,23089.75,23091.15,553,150,0
2025-07-21 04:00:00+03:00,23091.15,23113.65,23089.85,23109.25,1077,150,0
2025-07-21 04:15:00+03:00,23109.25,23115.85,23105.25,23106.45,851,150,0
2025-07-21 04:30:00+03:00,23106.25,23109.35,23101.65,23106.25,1018,150,0
2025-07-21 04:45:00+03:00,23106.35,23106.45,23101.85,23103.25,666,150,0
2025-07-21 05:00:00+03:00,23103.25,23105.35,23100.35,23104.25,686,150,0
2025-07-21 05:15:00+03:00,23104.35,23108.35,23103.35,23108.15,494,150,0
2025-07-21 05:30:00+03:00,23107.65,23109.45,23096.95,23101.35,637,150,0
2025-07-21 05:45:00+03:00,23101.65,23101.65,23094.35,23096.25,496,150,0
2025-07-21 06:00:00+03:00,23096.25,23100.65,23092.35,23094.95,523,150,0
2025-07-21 06:15:00+03:00,23094.75,23095.45,23090.35,23093.85,458,150,0
2025-07-21 06:30:00+03:00,23093.95,23093.95,23085.95,23086.45,487,150,0
2025-07-21 06:45:00+03:00,23086.65,23086.95,23081.15,23085.45,463,150,0
2025-07-21 07:00:00+03:00,23085.45,23097.35,23085.15,23096.25,522,150,0
2025-07-21 07:15:00+03:00,23095.95,23103.95,23095.65,23103.45,423,150,0
2025-07-21 07:30:00+03:00,23103.35,23107.95,23102.35,23105.95,326,150,0
2025-07-21 07:45:00+03:00,23105.85,23109.15,23105.25,23108.75,315,150,0
2025-07-21 08:00:00+03:00,23108.75,23114.15,23103.65,23104.85,569,150,0
2025-07-21 08:15:00+03:00,23105.35,23109.45,23101.65,23108.75,492,150,0
2025-07-21 08:30:00+03:00,23108.85,23114.65,23107.95,23108.85,604,150,0
2025-07-21 08:45:00+03:00,23108.65,23111.35,23105.35,23106.95,460,150,0
2025-07-21 09:00:00+03:00,23106.95,23122.85,23104.85,23122.35,856,150,0
2025-07-21 09:15:00+03:00,23122.65,23132.95,23119.85,23130.45,829,150,0
2025-07-21 09:30:00+03:00,23131.35,23133.65,23125.35,23125.35,710,150,0
2025-07-21 09:45:00+03:00,23125.25,23125.45,23111.85,23115.75,846,150,0
2025-07-21 10:00:00+03:00,23115.95,23132.65,23115.85,23132.65,1471,150,0
2025-07-21 10:15:00+03:00,23132.85,23134.85,23123.65,23128.85,955,150,0
2025-07-21 10:30:00+03:00,23128.65,23133.75,23124.65,23129.35,959,150,0
2025-07-21 10:45:00+03:00,23129.65,23137.15,23129.35,23135.15,818,150,0
2025-07-21 11:00:00+03:00,23134.85,23147.25,23130.65,23135.75,1545,150,0
2025-07-21 11:15:00+03:00,23135.45,23136.15,23123.05,23132.95,1140,150,0
2025-07-21 11:30:00+03:00,23133.15,23133.35,23121.15,23123.15,983,150,0
2025-07-21 11:45:00+03:00,23123.25,23130.45,23121.45,23128.45,802,150,0
2025-07-21 12:00:00+03:00,23128.45,23137.65,23128.35,23132.95,713,150,0
2025-07-21 12:15:00+03:00,23133.15,23136.35,23130.65,23134.25,648,150,0
2025-07-21 12:30:00+03:00,23134.35,23135.25,23124.65,23126.15,706,150,0
2025-07-21 12:45:00+03:00,23126.35,23131.85,23124.95,23128.35,537,150,0
2025-07-21 13:00:00+03:00,23128.75,23143.85,23125.15,23137.05,737,150,0
2025-07-21 13:15:00+03:00,23137.25,23140.45,23135.25,23136.35,616,150,0
2025-07-21 13:30:00+03:00,23136.65,23137.65,23126.15,23129.85,575,150,0
2025-07-21 13:45:00+03:00,23129.85,23133.15,23119.95,23129.65,719,150,0
2025-07-21 14:00:00+03:00,23128.75,23131.15,23116.85,23116.95,890,150,0
2025-07-21 14:15:00+03:00,23116.95,23124.65,23115.65,23123.95,724,150,0
2025-07-21 14:30:00+03:00,23123.65,23129.85,23116.75,23117.85,839,150,0
2025-07-21 14:45:00+03:00,23118.25,23122.65,23114.15,23116.15,812,150,0
2025-07-21 15:00:00+03:00,23116.25,23122.65,23109.85,23112.65,987,150,0
2025-07-21 15:15:00+03:00,23112.85,23116.35,23109.85,23115.35,805,150,0
2025-07-21 15:30:00+03:00,23115.25,23120.65,23102.85,23105.65,1108,150,0
2025-07-21 15:45:00+03:00,23105.65,23106.95,23074.85,23076.55,1364,150,0
2025-07-21 16:00:00+03:00,23076.85,23081.35,23062.85,23066.55,1768,150,0
2025-07-21 16:15:00+03:00,23067.55,23096.55,23067.05,23096.15,1951,150,0
2025-07-21 16:30:00+03:00,23094.85,23187.75,23094.85,23177.45,4128,80,0
2025-07-21 16:45:00+03:00,23177.75,23234.95,23177.25,23214.75,3873,80,0
2025-07-21 17:00:00+03:00,23216.25,23240.85,23216.25,23238.25,3544,80,0
2025-07-21 17:15:00+03:00,23238.45,23255.45,23226.55,23255.45,3412,80,0
2025-07-21 17:30:00+03:00,23255.75,23263.45,23241.85,23249.25,3219,80,0
2025-07-21 17:45:00+03:00,23248.95,23248.95,23226.25,23236.75,3088,80,0
2025-07-21 18:00:00+03:00,23236.75,23237.35,23218.25,23236.45,2822,80,0
2025-07-21 18:15:00+03:00,23236.45,23238.95,23222.45,23235.45,2632,80,0
2025-07-21 18:30:00+03:00,23235.55,23243.75,23231.75,23237.75,2501,80,0
2025-07-21 18:45:00+03:00,23237.45,23242.45,23220.75,23224.75,2432,80,0
2025-07-21 19:00:00+03:00,23224.45,23229.05,23205.35,23216.95,2740,80,0
2025-07-21 19:15:00+03:00,23216.95,23219.55,23198.25,23216.75,2759,80,0
2025-07-21 19:30:00+03:00,23216.45,23231.25,23215.35,23229.45,2437,80,0
2025-07-21 19:45:00+03:00,23229.05,23249.35,23226.75,23244.55,2254,80,0
2025-07-21 20:00:00+03:00,23244.75,23255.05,23243.45,23252.25,2147,80,0
2025-07-21 20:15:00+03:00,23252.25,23263.05,23247.25,23258.75,1911,80,0
2025-07-21 20:30:00+03:00,23259.05,23264.15,23252.25,23253.55,1835,80,0
2025-07-21 20:45:00+03:00,23253.35,23262.25,23252.25,23252.65,1800,80,0
2025-07-21 21:00:00+03:00,23252.05,23255.55,23242.05,23247.05,2011,80,0
2025-07-21 21:15:00+03:00,23246.75,23258.05,23246.55,23252.75,1910,80,0
2025-07-21 21:30:00+03:00,23252.75,23253.55,23241.05,23243.75,1903,80,0
2025-07-21 21:45:00+03:00,23243.55,23245.75,23227.55,23231.25,2612,80,0
2025-07-21 22:00:00+03:00,23231.55,23233.55,23201.35,23214.45,3095,80,0
2025-07-21 22:15:00+03:00,23214.55,23220.85,23204.25,23209.75,2737,80,0
2025-07-21 22:30:00+03:00,23209.65,23219.35,23194.55,23197.75,2764,80,0
2025-07-21 22:45:00+03:00,23197.75,23203.25,23170.05,23187.05,3482,80,0
2025-07-21 23:00:00+03:00,23185.15,23193.16,23180.26,23190.46,1796,80,0
2025-07-21 23:15:00+03:00,23191.26,23194.26,23179.26,23180.26,886,168,0
2025-07-21 23:30:00+03:00,23180.46,23187.46,23179.46,23184.26,659,168,0
2025-07-21 23:45:00+03:00,23184.36,23187.76,23183.76,23184.26,195,168,0
2025-07-22 01:00:00+03:00,23192.26,23192.56,23183.26,23183.96,324,168,0
2025-07-22 01:15:00+03:00,23184.06,23191.96,23180.56,23191.66,332,168,0
2025-07-22 01:30:00+03:00,23191.06,23192.16,23184.76,23187.06,359,168,0
2025-07-22 01:45:00+03:00,23186.96,23189.76,23185.56,23186.26,264,168,0
2025-07-22 02:00:00+03:00,23186.35,23191.15,23183.75,23187.35,326,150,0
2025-07-22 02:15:00+03:00,23187.05,23192.05,23186.65,23191.55,293,150,0
2025-07-22 02:30:00+03:00,23191.35,23193.15,23189.65,23190.35,420,150,0
2025-07-22 02:45:00+03:00,23190.65,23192.05,23178.85,23189.55,812,150,0
2025-07-22 03:00:00+03:00,23188.35,23198.85,23188.25,23198.35,1162,150,0
2025-07-22 03:15:00+03:00,23198.25,23203.85,23194.25,23202.15,1020,150,0
2025-07-22 03:30:00+03:00,23202.05,23202.05,23190.25,23192.05,907,150,0
2025-07-22 03:45:00+03:00,23191.35,23193.65,23180.75,23183.05,879,150,0
2025-07-22 04:00:00+03:00,23182.15,23194.05,23177.85,23193.05,1241,150,0
2025-07-22 04:15:00+03:00,23193.15,23195.05,23185.25,23194.85,885,150,0
2025-07-22 04:30:00+03:00,23194.65,23203.15,23193.05,23200.25,875,150,0
2025-07-22 04:45:00+03:00,23200.35,23209.85,23199.85,23207.75,860,150,0
2025-07-22 05:00:00+03:00,23207.75,23208.65,23195.85,23197.25,790,150,0
2025-07-22 05:15:00+03:00,23197.05,23200.15,23193.15,23194.25,653,150,0
2025-07-22 05:30:00+03:00,23194.15,23197.55,23189.05,23189.35,584,150,0
2025-07-22 05:45:00+03:00,23189.65,23191.05,23187.05,23189.75,594,150,0
2025-07-22 06:00:00+03:00,23189.85,23191.15,23183.25,23183.25,573,150,0
2025-07-22 06:15:00+03:00,23183.05,23183.75,23177.15,23177.55,696,150,0
2025-07-22 06:30:00+03:00,23177.25,23180.55,23165.25,23172.75,1074,150,0
2025-07-22 06:45:00+03:00,23172.15,23174.65,23164.05,23172.15,835,150,0
2025-07-22 07:00:00+03:00,23172.05,23173.05,23158.25,23159.85,871,150,0
2025-07-22 07:15:00+03:00,23159.75,23160.35,23140.25,23146.35,1321,150,0
2025-07-22 07:30:00+03:00,23146.55,23153.25,23145.15,23147.35,750,150,0
2025-07-22 07:45:00+03:00,23147.55,23152.05,23144.05,23149.05,713,150,0
2025-07-22 08:00:00+03:00,23149.15,23151.65,23143.15,23147.15,791,150,0
2025-07-22 08:15:00+03:00,23147.05,23148.85,23141.75,23148.15,693,150,0
2025-07-22 08:30:00+03:00,23148.25,23155.55,23145.05,23148.55,883,150,0
2025-07-22 08:45:00+03:00,23149.05,23158.75,23147.15,23157.05,781,150,0
2025-07-22 09:00:00+03:00,23157.25,23158.75,23148.55,23158.35,905,150,0
2025-07-22 09:15:00+03:00,23158.15,23162.05,23154.25,23156.15,833,150,0
2025-07-22 09:30:00+03:00,23156.85,23161.25,23153.05,23161.15,794,150,0
2025-07-22 09:45:00+03:00,23161.05,23162.05,23156.15,23157.05,720,150,0
2025-07-22 10:00:00+03:00,23156.55,23189.05,23153.05,23176.65,2005,150,0
2025-07-22 10:15:00+03:00,23176.65,23190.35,23174.85,23187.25,1060,150,0
2025-07-22 10:30:00+03:00,23187.15,23189.75,23176.75,23178.95,1247,150,0
2025-07-22 10:45:00+03:00,23179.55,23179.85,23127.35,23147.05,1659,150,0
2025-07-22 11:00:00+03:00,23147.45,23159.15,23119.85,23154.85,2027,150,0
2025-07-22 11:15:00+03:00,23154.75,23157.75,23125.85,23130.55,1540,150,0
2025-07-22 11:30:00+03:00,23130.65,23136.95,23122.65,23124.05,1385,150,0
2025-07-22 11:45:00+03:00,23123.85,23132.75,23114.85,23119.55,1433,150,0
2025-07-22 12:00:00+03:00,23119.45,23127.75,23112.45,23120.75,1454,150,0
2025-07-22 12:15:00+03:00,23120.85,23129.25,23118.85,23120.25,1229,150,0
2025-07-22 12:30:00+03:00,23120.05,23125.05,23112.25,23116.05,1103,150,0
2025-07-22 12:45:00+03:00,23116.05,23126.85,23115.75,23124.75,1006,150,0
2025-07-22 13:00:00+03:00,23124.85,23144.35,23124.15,23134.25,1090,150,0
2025-07-22 13:15:00+03:00,23134.15,23140.15,23127.75,23133.35,1063,150,0
2025-07-22 13:30:00+03:00,23133.25,23138.05,23120.25,23128.65,1025,150,0
2025-07-22 13:45:00+03:00,23128.55,23142.75,23127.05,23142.35,1059,150,0
2025-07-22 14:00:00+03:00,23142.55,23167.25,23137.35,23151.25,1668,150,0
2025-07-22 14:15:00+03:00,23151.05,23153.85,23142.35,23150.55,1117,150,0
2025-07-22 14:30:00+03:00,23150.05,23167.95,23143.05,23160.85,1478,150,0
2025-07-22 14:45:00+03:00,23160.45,23174.75,23159.35,23173.75,1639,150,0
2025-07-22 15:00:00+03:00,23173.65,23180.05,23168.55,23171.25,1447,150,0
2025-07-22 15:15:00+03:00,23171.55,23183.65,23164.05,23182.55,1440,150,0
2025-07-22 15:30:00+03:00,23182.65,23182.75,23170.25,23170.55,1424,150,0
2025-07-22 15:45:00+03:00,23170.25,23181.25,23168.25,23177.55,1285,150,0
2025-07-22 16:00:00+03:00,23177.75,23187.75,23174.65,23184.05,1528,150,0
2025-07-22 16:15:00+03:00,23183.55,23187.35,23172.45,23186.05,1792,150,0
2025-07-22 16:30:00+03:00,23185.85,23189.85,23102.15,23121.55,4498,80,0
2025-07-22 16:45:00+03:00,23120.05,23120.05,22956.05,22985.25,4740,90,0
2025-07-22 17:00:00+03:00,22978.65,23030.85,22953.95,23024.55,4573,90,0
2025-07-22 17:15:00+03:00,23024.85,23042.05,23001.05,23012.55,4191,80,0
2025-07-22 17:30:00+03:00,23012.45,23069.35,23009.95,23058.65,3897,80,0
2025-07-22 17:45:00+03:00,23057.35,23072.65,23039.65,23067.35,3771,80,0
2025-07-22 18:00:00+03:00,23067.35,23072.85,23048.75,23050.65,3486,80,0
2025-07-22 18:15:00+03:00,23050.35,23066.35,23038.15,23050.85,3373,80,0
2025-07-22 18:30:00+03:00,23051.35,23076.65,23047.25,23057.85,3464,80,0
2025-07-22 18:45:00+03:00,23057.65,23077.75,23044.75,23049.65,3219,80,0
2025-07-22 19:00:00+03:00,23050.35,23060.85,23032.85,23046.95,3246,80,0
2025-07-22 19:15:00+03:00,23046.95,23068.65,23008.45,23017.15,3236,80,0
2025-07-22 19:30:00+03:00,23017.15,23034.45,23004.15,23020.15,3241,80,0
2025-07-22 19:45:00+03:00,23019.65,23045.15,23008.55,23042.95,2908,80,0
2025-07-22 20:00:00+03:00,23042.95,23052.95,23039.95,23046.15,2775,80,0
2025-07-22 20:15:00+03:00,23046.55,23094.45,23046.55,23087.75,2873,80,0
2025-07-22 20:30:00+03:00,23087.45,23092.15,23058.65,23064.65,2761,80,0
2025-07-22 20:45:00+03:00,23065.15,23066.65,23051.65,23062.15,2476,80,0
2025-07-22 21:00:00+03:00,23061.95,23074.45,23059.15,23062.95,2594,80,0
2025-07-22 21:15:00+03:00,23062.95,23068.55,23016.95,23060.65,3105,80,0
2025-07-22 21:30:00+03:00,23060.45,23094.25,23059.15,23086.15,2820,80,0
2025-07-22 21:45:00+03:00,23086.15,23098.25,23080.95,23096.65,2601,80,0
2025-07-22 22:00:00+03:00,23095.45,23101.95,23077.65,23077.95,2669,80,0
2025-07-22 22:15:00+03:00,23078.05,23089.95,23075.25,23084.05,2483,80,0
2025-07-22 22:30:00+03:00,23083.95,23101.05,23077.85,23084.35,2708,80,0
2025-07-22 22:45:00+03:00,23084.35,23092.65,23065.55,23065.55,3158,80,0
2025-07-22 23:00:00+03:00,23067.15,23067.96,23038.36,23043.26,2555,80,0
2025-07-22 23:15:00+03:00,23043.36,23045.16,23033.16,23038.16,1164,168,0
2025-07-22 23:30:00+03:00,23037.86,23044.76,23036.86,23042.16,754,168,0
2025-07-22 23:45:00+03:00,23041.86,23043.36,23039.46,23040.36,305,168,0
2025-07-23 01:00:00+03:00,23049.46,23049.96,23032.96,23034.66,627,168,0
2025-07-23 01:15:00+03:00,23035.36,23038.46,23025.16,23026.96,695,168,0
2025-07-23 01:30:00+03:00,23027.16,23032.46,23020.96,23026.66,596,168,0
2025-07-23 01:45:00+03:00,23026.86,23030.16,23018.46,23029.36,604,168,0
2025-07-23 02:00:00+03:00,23029.45,23086.65,23028.75,23070.95,981,150,0
2025-07-23 02:15:00+03:00,23072.75,23103.35,23072.45,23084.15,2478,180,0
2025-07-23 02:30:00+03:00,23084.15,23093.95,23073.55,23086.25,1728,160,0
2025-07-23 02:45:00+03:00,23085.95,23114.55,23082.95,23109.65,1809,160,0
2025-07-23 03:00:00+03:00,23109.65,23114.25,23072.55,23073.85,2328,160,0
2025-07-23 03:15:00+03:00,23074.85,23075.95,23053.55,23056.15,1956,160,0
2025-07-23 03:30:00+03:00,23056.35,23064.35,23052.25,23056.45,1412,150,0
2025-07-23 03:45:00+03:00,23057.75,23063.15,23047.05,23052.05,1368,150,0
2025-07-23 04:00:00+03:00,23050.75,23068.75,23046.45,23068.05,1652,150,0
2025-07-23 04:15:00+03:00,23068.05,23090.65,23067.95,23083.55,1438,150,0
2025-07-23 04:30:00+03:00,23083.15,23091.15,23077.15,23088.95,1510,150,0
2025-07-23 04:45:00+03:00,23089.05,23101.15,23080.15,23099.25,1398,150,0
2025-07-23 05:00:00+03:00,23099.45,23099.45,23079.15,23079.15,1058,150,0
2025-07-23 05:15:00+03:00,23079.05,23086.05,23073.95,23081.25,1472,150,0
2025-07-23 05:30:00+03:00,23081.15,23089.45,23079.95,23085.05,887,150,0
2025-07-23 05:45:00+03:00,23085.15,23094.65,23082.25,23093.45,742,150,0
2025-07-23 06:00:00+03:00,23093.25,23096.95,23088.95,23095.45,676,150,0
2025-07-23 06:15:00+03:00,23095.55,23102.55,23094.25,23100.25,712,150,0
2025-07-23 06:30:00+03:00,23100.05,23100.75,23082.25,23083.95,1109,150,0
2025-07-23 06:45:00+03:00,23083.65,23092.65,23079.15,23086.25,818,150,0
2025-07-23 07:00:00+03:00,23086.05,23088.75,23080.25,23083.95,624,150,0
2025-07-23 07:15:00+03:00,23084.05,23088.75,23080.75,23088.25,559,150,0
2025-07-23 07:30:00+03:00,23088.55,23098.55,23087.05,23095.65,767,150,0
2025-07-23 07:45:00+03:00,23095.75,23098.45,23089.65,23096.65,651,150,0
2025-07-23 08:00:00+03:00,23096.15,23099.25,23092.45,23096.15,858,150,0
2025-07-23 08:15:00+03:00,23096.15,23101.75,23095.25,23101.75,729,150,0
2025-07-23 08:30:00+03:00,23101.65,23107.15,23093.55,23095.75,1003,150,0
2025-07-23 08:45:00+03:00,23095.95,23105.25,23095.05,23098.25,811,150,0
2025-07-23 09:00:00+03:00,23098.55,23100.25,23093.95,23095.25,1053,150,0
2025-07-23 09:15:00+03:00,23095.15,23102.55,23091.15,23101.55,1035,150,0
2025-07-23 09:30:00+03:00,23101.65,23115.15,23096.45,23113.25,1159,150,0
2025-07-23 09:45:00+03:00,23113.55,23118.55,23108.65,23115.45,983,150,0
2025-07-23 10:00:00+03:00,23115.65,23121.35,23108.45,23116.75,2391,150,0
2025-07-23 10:15:00+03:00,23116.25,23124.65,23100.15,23105.65,1844,150,0
2025-07-23 10:30:00+03:00,23105.75,23108.35,23092.35,23103.95,1814,160,0
2025-07-23 10:45:00+03:00,23103.95,23110.45,23098.55,23108.15,1445,150,0
2025-07-23 11:00:00+03:00,23108.05,23119.95,23104.65,23117.25,1826,150,0
2025-07-23 11:15:00+03:00,23117.05,23126.25,23110.55,23122.15,1385,150,0
2025-07-23 11:30:00+03:00,23122.25,23122.75,23110.65,23117.55,1235,150,0
2025-07-23 11:45:00+03:00,23117.65,23129.25,23116.55,23127.05,1140,150,0
2025-07-23 12:00:00+03:00,23126.25,23130.65,23119.95,23120.15,1067,150,0
2025-07-23 12:15:00+03:00,23120.05,23122.75,23108.15,23108.15,1176,150,0
2025-07-23 12:30:00+03:00,23108.15,23113.65,23106.45,23111.95,1075,150,0
2025-07-23 12:45:00+03:00,23112.05,23122.75,23110.25,23119.25,977,150,0
2025-07-23 13:00:00+03:00,23119.25,23122.45,23112.25,23113.75,940,150,0
2025-07-23 13:15:00+03:00,23113.55,23126.25,23112.05,23119.95,1023,150,0
2025-07-23 13:30:00+03:00,23120.25,23128.65,23118.65,23121.55,1104,150,0
2025-07-23 13:45:00+03:00,23121.45,23122.25,23107.95,23108.25,1071,150,0
2025-07-23 14:00:00+03:00,23107.95,23111.65,23080.85,23099.05,1964,150,0
2025-07-23 14:15:00+03:00,23099.25,23102.75,23090.95,23097.65,1397,150,0
2025-07-23 14:30:00+03:00,23097.75,23110.15,23095.15,23101.65,1254,150,0
2025-07-23 14:45:00+03:00,23102.95,23106.45,23098.65,23104.75,980,150,0
2025-07-23 15:00:00+03:00,23105.25,23116.15,23096.45,23107.15,1483,150,0
2025-07-23 15:15:00+03:00,23106.65,23108.95,23088.45,23098.45,1574,150,0
2025-07-23 15:30:00+03:00,23098.65,23098.65,23081.95,23093.05,1691,150,0
2025-07-23 15:45:00+03:00,23092.95,23096.45,23078.35,23084.45,1856,150,0
2025-07-23 16:00:00+03:00,23084.45,23092.75,23081.15,23087.35,1698,150,0
2025-07-23 16:15:00+03:00,23087.45,23117.85,23082.35,23109.55,2380,150,0
2025-07-23 16:30:00+03:00,23109.05,23109.85,23031.05,23045.95,4590,80,0
2025-07-23 16:45:00+03:00,23045.15,23057.55,23009.35,23013.95,4372,90,0
2025-07-23 17:00:00+03:00,23013.65,23032.75,22995.25,22998.75,4289,90,0
2025-07-23 17:15:00+03:00,22998.35,23040.85,22997.25,23040.65,3887,80,0
2025-07-23 17:30:00+03:00,23040.75,23042.55,22998.65,23021.75,3704,80,0
2025-07-23 17:45:00+03:00,23020.55,23051.65,23016.25,23047.65,3288,80,0
2025-07-23 18:00:00+03:00,23047.65,23064.75,23027.25,23037.85,3441,80,0
2025-07-23 18:15:00+03:00,23038.05,23059.55,23034.55,23056.15,3103,80,0
2025-07-23 18:30:00+03:00,23055.55,23061.35,23045.15,23060.05,3053,80,0
2025-07-23 18:45:00+03:00,23060.75,23140.15,23050.65,23105.45,3548,80,0
2025-07-23 19:00:00+03:00,23105.35,23110.55,23071.95,23078.25,4044,80,0
2025-07-23 19:15:00+03:00,23078.25,23087.05,23042.05,23057.35,3709,80,0
2025-07-23 19:30:00+03:00,23057.55,23076.05,23051.35,23075.05,3087,80,0
2025-07-23 19:45:00+03:00,23075.15,23082.85,23066.75,23076.25,2731,80,0
2025-07-23 20:00:00+03:00,23076.55,23086.55,23067.05,23070.25,2734,80,0
2025-07-23 20:15:00+03:00,23070.05,23087.75,23062.55,23081.75,2627,80,0
2025-07-23 20:30:00+03:00,23081.55,23111.05,23080.05,23109.55,2611,80,0
2025-07-23 20:45:00+03:00,23109.85,23117.55,23074.05,23111.05,3142,80,0
2025-07-23 21:00:00+03:00,23111.25,23140.05,23111.25,23139.75,2726,80,0
2025-07-23 21:15:00+03:00,23140.55,23171.55,23134.05,23143.65,2818,80,0
2025-07-23 21:30:00+03:00,23143.55,23149.75,23133.25,23145.75,2700,80,0
2025-07-23 21:45:00+03:00,23145.75,23153.75,23140.05,23149.25,2383,80,0
2025-07-23 22:00:00+03:00,23149.55,23150.25,23134.65,23137.75,2423,80,0
2025-07-23 22:15:00+03:00,23137.25,23144.85,23132.55,23140.75,2294,80,0
2025-07-23 22:30:00+03:00,23140.25,23140.25,23116.55,23119.05,2703,80,0
2025-07-23 22:45:00+03:00,23119.25,23171.05,23116.65,23171.05,3180,80,0
2025-07-23 23:00:00+03:00,23171.26,23251.76,23150.76,23248.66,3607,98,0
2025-07-23 23:15:00+03:00,23246.76,23248.26,23209.56,23213.56,2487,178,0
2025-07-23 23:30:00+03:00,23213.66,23263.26,23212.86,23253.56,2477,168,0
2025-07-23 23:45:00+03:00,23253.46,23258.26,23246.76,23257.96,850,188,0
2025-07-24 01:00:00+03:00,23241.86,23251.56,23235.76,23247.36,697,168,0
2025-07-24 01:15:00+03:00,23247.46,23250.46,23237.76,23245.16,1063,168,0
2025-07-24 01:30:00+03:00,23245.16,23248.96,23234.36,23239.76,1047,168,0
2025-07-24 01:45:00+03:00,23239.66,23240.16,23233.16,23237.66,688,168,0
2025-07-24 02:00:00+03:00,23237.75,23252.05,23235.75,23246.85,635,150,0
2025-07-24 02:15:00+03:00,23246.75,23247.75,23238.05,23239.95,571,150,0
2025-07-24 02:30:00+03:00,23239.75,23252.25,23238.75,23247.75,643,150,0
2025-07-24 02:45:00+03:00,23247.45,23254.45,23243.95,23250.45,773,150,0
2025-07-24 03:00:00+03:00,23249.95,23249.95,23232.05,23246.95,1517,150,0
2025-07-24 03:15:00+03:00,23247.05,23251.45,23243.45,23250.45,927,150,0
2025-07-24 03:30:00+03:00,23250.25,23255.75,23245.95,23254.25,829,150,0
2025-07-24 03:45:00+03:00,23254.05,23255.05,23242.55,23244.25,887,150,0
2025-07-24 04:00:00+03:00,23243.55,23253.55,23239.85,23252.45,1090,150,0
2025-07-24 04:15:00+03:00,23251.95,23271.55,23251.45,23259.05,1194,150,0
2025-07-24 04:30:00+03:00,23258.95,23260.55,23254.75,23256.75,1096,150,0
2025-07-24 04:45:00+03:00,23256.55,23259.25,23253.95,23258.35,831,150,0
2025-07-24 05:00:00+03:00,23258.35,23263.25,23255.95,23260.85,782,150,0
2025-07-24 05:15:00+03:00,23260.75,23264.55,23251.05,23258.35,904,150,0
2025-07-24 05:30:00+03:00,23258.55,23260.35,23252.85,23257.05,630,150,0
2025-07-24 05:45:00+03:00,23257.35,23257.35,23253.55,23254.85,499,150,0
2025-07-24 06:00:00+03:00,23254.75,23255.45,23247.05,23247.25,652,150,0
2025-07-24 06:15:00+03:00,23247.45,23254.05,23246.75,23247.25,501,150,0
2025-07-24 06:30:00+03:00,23247.05,23249.25,23244.55,23245.35,624,150,0
2025-07-24 06:45:00+03:00,23245.85,23246.45,23225.75,23229.05,1107,150,0
2025-07-24 07:00:00+03:00,23228.85,23233.55,23225.55,23231.85,652,150,0
2025-07-24 07:15:00+03:00,23232.45,23233.45,23223.75,23225.35,651,150,0
2025-07-24 07:30:00+03:00,23225.05,23228.75,23222.85,23225.35,583,150,0
2025-07-24 07:45:00+03:00,23225.45,23232.25,23225.35,23229.85,542,150,0
2025-07-24 08:00:00+03:00,23229.75,23234.55,23228.25,23229.25,752,150,0
2025-07-24 08:15:00+03:00,23229.35,23232.45,23228.35,23230.35,626,150,0
2025-07-24 08:30:00+03:00,23230.05,23230.35,23225.35,23225.75,743,150,0
2025-07-24 08:45:00+03:00,23225.55,23229.95,23223.25,23223.25,645,150,0
2025-07-24 09:00:00+03:00,23222.95,23241.35,23222.95,23238.25,1144,150,0
2025-07-24 09:15:00+03:00,23237.95,23238.05,23226.75,23228.55,857,150,0
2025-07-24 09:30:00+03:00,23228.35,23228.35,23207.25,23208.05,1147,150,0
2025-07-24 09:45:00+03:00,23208.25,23213.35,23204.05,23209.45,1041,150,0
2025-07-24 10:00:00+03:00,23209.25,23212.95,23202.55,23212.45,2092,150,0
2025-07-24 10:15:00+03:00,23211.95,23213.35,23205.35,23210.25,1396,150,0
2025-07-24 10:30:00+03:00,23210.35,23216.05,23207.85,23210.95,1278,150,0
2025-07-24 10:45:00+03:00,23210.95,23220.05,23203.55,23219.45,1225,150,0
2025-07-24 11:00:00+03:00,23218.95,23222.95,23197.65,23221.25,1958,150,0
2025-07-24 11:15:00+03:00,23221.35,23234.35,23221.35,23233.25,1326,150,0
2025-07-24 11:30:00+03:00,23233.85,23238.55,23230.55,23233.55,1296,150,0
2025-07-24 11:45:00+03:00,23233.75,23240.85,23231.85,23240.75,890,150,0
2025-07-24 12:00:00+03:00,23240.35,23242.95,23234.35,23238.55,793,150,0
2025-07-24 12:15:00+03:00,23238.45,23240.85,23231.85,23238.05,1068,150,0
2025-07-24 12:30:00+03:00,23237.55,23245.55,23236.35,23238.25,992,150,0
2025-07-24 12:45:00+03:00,23238.35,23246.55,23236.95,23239.95,835,150,0
2025-07-24 13:00:00+03:00,23240.05,23243.45,23232.85,23233.75,1358,150,0
2025-07-24 13:15:00+03:00,23233.45,23237.25,23219.55,23219.95,1203,150,0
2025-07-24 13:30:00+03:00,23219.95,23226.85,23213.55,23225.45,1335,150,0
2025-07-24 13:45:00+03:00,23225.25,23226.45,23218.25,23223.25,969,150,0
2025-07-24 14:00:00+03:00,23223.35,23233.35,23217.55,23231.25,1300,150,0
2025-07-24 14:15:00+03:00,23231.35,23244.35,23230.55,23240.05,1162,150,0
2025-07-24 14:30:00+03:00,23240.25,23252.45,23235.05,23243.95,1152,150,0
2025-07-24 14:45:00+03:00,23243.95,23244.95,23235.35,23236.25,1105,150,0
2025-07-24 15:00:00+03:00,23236.05,23242.25,23230.35,23240.45,1285,150,0
2025-07-24 15:15:00+03:00,23239.95,23240.75,23214.05,23227.45,1818,150,0
2025-07-24 15:30:00+03:00,23227.25,23230.05,23191.35,23192.65,2289,150,0
2025-07-24 15:45:00+03:00,23192.25,23210.55,23177.35,23209.75,2604,160,0
2025-07-24 16:00:00+03:00,23209.95,23210.55,23195.95,23205.45,2353,160,0
2025-07-24 16:15:00+03:00,23205.75,23228.65,23198.05,23223.05,2593,160,0
2025-07-24 16:30:00+03:00,23222.85,23249.25,23184.55,23208.55,4600,80,0
2025-07-24 16:45:00+03:00,23212.65,23250.85,23197.55,23212.55,4156,80,0
2025-07-24 17:00:00+03:00,23213.05,23214.45,23148.75,23162.65,4271,80,0
2025-07-24 17:15:00+03:00,23162.55,23190.25,23151.85,23182.15,4087,80,0
2025-07-24 17:30:00+03:00,23182.65,23211.15,23179.45,23202.55,3527,80,0
2025-07-24 17:45:00+03:00,23202.45,23231.05,23201.65,23222.65,3281,80,0
2025-07-24 18:00:00+03:00,23222.65,23240.65,23220.85,23237.65,3275,80,0
2025-07-24 18:15:00+03:00,23236.55,23244.95,23224.85,23230.65,3087,80,0
2025-07-24 18:30:00+03:00,23231.55,23234.05,23219.15,23228.95,3108,80,0
2025-07-24 18:45:00+03:00,23228.95,23250.45,23224.95,23238.15,2965,80,0
2025-07-24 19:00:00+03:00,23238.45,23239.05,23204.45,23206.95,3167,80,0
2025-07-24 19:15:00+03:00,23206.65,23221.95,23190.65,23201.55,3099,80,0
2025-07-24 19:30:00+03:00,23201.45,23218.15,23195.05,23212.15,2904,80,0
2025-07-24 19:45:00+03:00,23212.55,23224.85,23203.45,23220.55,2759,80,0
2025-07-24 20:00:00+03:00,23220.65,23262.85,23216.95,23260.85,2686,80,0
2025-07-24 20:15:00+03:00,23260.85,23270.55,23237.55,23238.55,2737,80,0
2025-07-24 20:30:00+03:00,23237.75,23250.25,23232.75,23238.15,2439,80,0
2025-07-24 20:45:00+03:00,23238.05,23249.75,23229.55,23233.05,2455,80,0
2025-07-24 21:00:00+03:00,23233.05,23269.25,23232.05,23261.75,2630,80,0
2025-07-24 21:15:00+03:00,23261.95,23266.95,23254.45,23263.75,2520,80,0
2025-07-24 21:30:00+03:00,23263.75,23269.45,23247.15,23251.25,2431,80,0
2025-07-24 21:45:00+03:00,23251.45,23253.15,23226.05,23248.55,2785,80,0
2025-07-24 22:00:00+03:00,23248.25,23258.55,23245.05,23252.55,2388,80,0
2025-07-24 22:15:00+03:00,23252.55,23270.25,23251.55,23263.15,2448,80,0
2025-07-24 22:30:00+03:00,23263.45,23267.95,23248.35,23253.15,2656,80,0
2025-07-24 22:45:00+03:00,23252.85,23253.55,23220.45,23223.55,3324,80,0
2025-07-24 23:00:00+03:00,23223.86,23240.26,23213.66,23240.16,2317,98,0
2025-07-24 23:15:00+03:00,23239.76,23240.86,23232.46,23239.46,820,168,0
2025-07-24 23:30:00+03:00,23239.46,23248.46,23237.96,23243.76,956,168,0
2025-07-24 23:45:00+03:00,23243.46,23247.76,23241.16,23244.76,298,168,0
2025-07-25 01:00:00+03:00,23248.86,23257.86,23247.86,23257.86,486,168,0
2025-07-25 01:15:00+03:00,23257.56,23268.76,23254.56,23262.36,629,168,0
2025-07-25 01:30:00+03:00,23262.36,23262.36,23255.36,23260.46,382,168,0
2025-07-25 01:45:00+03:00,23260.46,23260.66,23254.36,23254.46,320,168,0
2025-07-25 02:00:00+03:00,23254.55,23259.05,23248.45,23252.45,518,150,0
2025-07-25 02:15:00+03:00,23252.25,23252.45,23244.75,23246.75,454,150,0
2025-07-25 02:30:00+03:00,23247.95,23258.15,23243.75,23256.05,508,150,0
2025-07-25 02:45:00+03:00,23255.75,23263.05,23254.75,23259.55,682,150,0
2025-07-25 03:00:00+03:00,23259.65,23274.15,23254.95,23273.15,1365,150,0
2025-07-25 03:15:00+03:00,23273.15,23276.45,23265.45,23270.05,838,150,0
2025-07-25 03:30:00+03:00,23270.15,23270.65,23259.05,23262.15,655,150,0
2025-07-25 03:45:00+03:00,23262.25,23269.15,23261.75,23267.95,688,150,0
2025-07-25 04:00:00+03:00,23268.15,23272.65,23265.25,23265.25,859,150,0
2025-07-25 04:15:00+03:00,23265.45,23274.55,23262.95,23269.45,706,150,0
2025-07-25 04:30:00+03:00,23269.55,23287.65,23267.65,23280.35,872,150,0
2025-07-25 04:45:00+03:00,23280.55,23285.75,23278.95,23280.25,794,150,0
2025-07-25 05:00:00+03:00,23280.45,23284.45,23278.25,23282.25,593,150,0
2025-07-25 05:15:00+03:00,23282.45,23289.55,23280.45,23287.05,535,150,0
2025-07-25 05:30:00+03:00,23286.95,23289.45,23281.15,23281.45,479,150,0
2025-07-25 05:45:00+03:00,23281.25,23283.15,23273.55,23275.15,451,150,0
2025-07-25 06:00:00+03:00,23275.95,23286.45,23274.25,23284.65,476,150,0
2025-07-25 06:15:00+03:00,23284.95,23294.25,23284.75,23287.75,564,150,0
2025-07-25 06:30:00+03:00,23287.75,23287.75,23280.25,23286.05,538,150,0
2025-07-25 06:45:00+03:00,23286.25,23289.75,23281.55,23281.75,452,150,0
2025-07-25 07:00:00+03:00,23281.65,23283.15,23279.45,23281.65,461,150,0
2025-07-25 07:15:00+03:00,23281.75,23285.15,23275.55,23275.75,399,150,0
2025-07-25 07:30:00+03:00,23275.55,23276.15,23252.65,23256.05,826,150,0
2025-07-25 07:45:00+03:00,23256.05,23258.95,23246.25,23250.95,687,150,0
2025-07-25 08:00:00+03:00,23251.15,23262.55,23248.95,23261.05,819,150,0
2025-07-25 08:15:00+03:00,23261.05,23262.65,23258.95,23261.75,568,150,0
2025-07-25 08:30:00+03:00,23261.75,23261.75,23256.25,23259.25,584,150,0
2025-07-25 08:45:00+03:00,23259.25,23261.65,23257.75,23261.15,567,150,0
2025-07-25 09:00:00+03:00,23261.05,23266.05,23259.45,23264.65,736,150,0
2025-07-25 09:15:00+03:00,23264.55,23265.05,23257.65,23261.75,681,150,0
2025-07-25 09:30:00+03:00,23262.05,23265.45,23251.05,23253.95,782,150,0
2025-07-25 09:45:00+03:00,23253.65,23254.75,23242.45,23244.25,893,150,0
2025-07-25 10:00:00+03:00,23244.95,23247.65,23230.15,23232.15,2044,150,0
2025-07-25 10:15:00+03:00,23231.85,23236.45,23220.75,23220.95,1677,150,0
2025-07-25 10:30:00+03:00,23220.75,23230.55,23213.15,23217.45,1575,150,0
2025-07-25 10:45:00+03:00,23217.45,23220.55,23208.65,23219.55,1497,150,0
2025-07-25 11:00:00+03:00,23219.75,23228.45,23216.65,23221.35,1782,150,0
2025-07-25 11:15:00+03:00,23221.15,23223.65,23202.85,23223.65,1569,150,0
2025-07-25 11:30:00+03:00,23223.65,23232.95,23223.45,23227.75,1234,150,0
2025-07-25 11:45:00+03:00,23227.55,23234.15,23226.75,23228.55,976,150,0
2025-07-25 12:00:00+03:00,23228.65,23228.65,23216.45,23217.45,957,150,0
2025-07-25 12:15:00+03:00,23217.55,23223.05,23209.95,23222.65,977,150,0
2025-07-25 12:30:00+03:00,23222.25,23230.25,23221.75,23226.15,812,150,0
2025-07-25 12:45:00+03:00,23226.05,23228.45,23220.05,23227.25,843,150,0
2025-07-25 13:00:00+03:00,23227.25,23230.05,23224.65,23228.45,776,150,0
2025-07-25 13:15:00+03:00,23228.55,23232.55,23224.15,23227.15,878,150,0
2025-07-25 13:30:00+03:00,23227.35,23239.65,23227.15,23237.95,788,150,0
2025-07-25 13:45:00+03:00,23237.95,23244.45,23236.25,23241.25,751,150,0
2025-07-25 14:00:00+03:00,23241.45,23242.15,23228.65,23234.55,951,150,0
2025-07-25 14:15:00+03:00,23233.75,23234.75,23223.05,23229.05,961,150,0
2025-07-25 14:30:00+03:00,23228.75,23232.95,23220.05,23230.05,1040,150,0
2025-07-25 14:45:00+03:00,23229.95,23229.95,23214.15,23218.55,1097,150,0
2025-07-25 15:00:00+03:00,23218.25,23224.45,23212.95,23216.45,1265,150,0
2025-07-25 15:15:00+03:00,23215.95,23235.05,23214.95,23230.25,1110,150,0
2025-07-25 15:30:00+03:00,23230.05,23240.05,23222.45,23223.75,1542,150,0
2025-07-25 15:45:00+03:00,23223.75,23227.65,23220.75,23225.05,988,150,0
2025-07-25 16:00:00+03:00,23225.05,23228.05,23201.25,23212.55,2474,150,0
2025-07-25 16:15:00+03:00,23211.75,23228.05,23207.85,23214.35,2296,150,0
2025-07-25 16:30:00+03:00,23215.25,23232.15,23185.55,23215.65,4383,80,0
2025-07-25 16:45:00+03:00,23215.65,23262.15,23215.65,23243.65,4024,80,0
2025-07-25 17:00:00+03:00,23244.85,23270.35,23239.85,23259.15,3792,80,0
2025-07-25 17:15:00+03:00,23259.35,23262.65,23244.85,23259.55,3418,80,0
2025-07-25 17:30:00+03:00,23259.65,23272.65,23248.15,23263.55,3296,80,0
2025-07-25 17:45:00+03:00,23263.55,23270.65,23246.85,23260.05,2891,80,0
2025-07-25 18:00:00+03:00,23259.85,23263.25,23247.55,23259.05,2846,80,0
2025-07-25 18:15:00+03:00,23259.55,23277.55,23258.25,23274.55,2815,80,0
2025-07-25 18:30:00+03:00,23274.35,23280.25,23257.35,23259.35,2776,80,0
2025-07-25 18:45:00+03:00,23259.25,23278.85,23257.55,23275.75,2441,80,0
2025-07-25 19:00:00+03:00,23275.55,23303.15,23271.25,23297.75,2733,80,0
2025-07-25 19:15:00+03:00,23297.75,23326.15,23291.15,23318.55,2759,80,0
2025-07-25 19:30:00+03:00,23318.05,23330.75,23306.75,23310.75,2460,80,0
2025-07-25 19:45:00+03:00,23310.75,23315.05,23302.25,23305.25,2172,80,0
2025-07-25 20:00:00+03:00,23305.25,23305.85,23297.05,23301.75,2283,80,0
2025-07-25 20:15:00+03:00,23301.75,23306.65,23287.05,23300.25,2352,80,0
2025-07-25 20:30:00+03:00,23300.05,23309.75,23295.75,23300.25,2335,80,0
2025-07-25 20:45:00+03:00,23300.15,23303.15,23290.15,23293.05,2085,80,0
2025-07-25 21:00:00+03:00,23293.05,23300.25,23283.85,23299.25,2331,80,0
2025-07-25 21:15:00+03:00,23299.25,23313.35,23298.55,23306.05,2202,80,0
2025-07-25 21:30:00+03:00,23306.25,23312.25,23300.05,23310.75,2118,80,0
2025-07-25 21:45:00+03:00,23310.75,23312.85,23296.65,23296.85,2135,80,0
2025-07-25 22:00:00+03:00,23296.15,23306.05,23292.75,23300.75,2125,80,0
2025-07-25 22:15:00+03:00,23300.65,23309.15,23292.85,23293.15,2111,80,0
2025-07-25 22:30:00+03:00,23293.25,23304.65,23288.75,23289.55,2304,80,0
2025-07-25 22:45:00+03:00,23289.65,23297.25,23262.05,23275.25,3084,80,0
2025-07-25 23:00:00+03:00,23275.96,23288.66,23260.56,23287.56,1800,98,0
2025-07-25 23:15:00+03:00,23287.56,23292.36,23283.06,23289.66,974,168,0
2025-07-25 23:30:00+03:00,23288.86,23300.06,23288.36,23295.86,841,168,0
2025-07-25 23:45:00+03:00,23295.86,23297.86,23294.56,23294.96,236,168,0
2025-07-28 01:00:00+03:00,23389.96,23398.76,23372.86,23375.06,1631,188,0
2025-07-28 01:15:00+03:00,23375.36,23387.56,23363.96,23366.96,1523,168,0
2025-07-28 01:30:00+03:00,23367.16,23380.36,23361.46,23375.36,1060,168,0
2025-07-28 01:45:00+03:00,23375.26,23376.56,23364.26,23371.86,775,168,0
2025-07-28 02:00:00+03:00,23371.95,23381.95,23369.85,23380.45,825,150,0
2025-07-28 02:15:00+03:00,23379.65,23405.05,23376.85,23396.15,1118,150,0
2025-07-28 02:30:00+03:00,23397.15,23412.05,23389.65,23400.75,1029,150,0
2025-07-28 02:45:00+03:00,23400.65,23403.15,23390.35,23390.35,892,150,0
2025-07-28 03:00:00+03:00,23390.45,23392.65,23381.85,23391.95,1541,150,0
2025-07-28 03:15:00+03:00,23391.95,23402.35,23391.45,23394.85,1351,150,0
2025-07-28 03:30:00+03:00,23394.85,23399.35,23390.45,23398.95,918,150,0
2025-07-28 03:45:00+03:00,23399.05,23401.55,23394.95,23399.85,905,150,0
2025-07-28 04:00:00+03:00,23400.05,23400.85,23387.55,23389.95,1081,150,0
2025-07-28 04:15:00+03:00,23389.35,23395.35,23388.15,23395.15,777,150,0
2025-07-28 04:30:00+03:00,23395.35,23398.45,23391.95,23395.45,776,150,0
2025-07-28 04:45:00+03:00,23395.55,23399.65,23390.35,23398.65,709,150,0
2025-07-28 05:00:00+03:00,23398.55,23400.05,23393.85,23397.05,637,150,0
2025-07-28 05:15:00+03:00,23396.95,23409.35,23396.05,23409.05,558,150,0
2025-07-28 05:30:00+03:00,23409.05,23422.85,23408.65,23412.15,744,150,0
2025-07-28 05:45:00+03:00,23412.35,23412.65,23406.15,23408.35,519,150,0
2025-07-28 06:00:00+03:00,23408.15,23408.95,23404.35,23407.05,457,150,0
2025-07-28 06:15:00+03:00,23406.55,23409.05,23401.35,23401.95,418,150,0
2025-07-28 06:30:00+03:00,23402.05,23406.35,23398.35,23405.35,604,150,0
2025-07-28 06:45:00+03:00,23405.05,23407.85,23404.85,23405.55,374,150,0
2025-07-28 07:00:00+03:00,23405.55,23409.95,23401.85,23403.05,455,150,0
2025-07-28 07:15:00+03:00,23403.15,23409.85,23402.55,23409.35,273,150,0
2025-07-28 07:30:00+03:00,23409.05,23411.35,23406.55,23408.55,346,150,0
2025-07-28 07:45:00+03:00,23408.65,23420.95,23407.45,23416.15,505,150,0
2025-07-28 08:00:00+03:00,23416.15,23421.05,23415.35,23417.65,500,150,0
2025-07-28 08:15:00+03:00,23417.55,23425.45,23417.15,23423.35,551,150,0
2025-07-28 08:30:00+03:00,23423.45,23428.55,23419.65,23428.35,647,150,0
2025-07-28 08:45:00+03:00,23428.15,23434.45,23426.35,23431.05,785,150,0
2025-07-28 09:00:00+03:00,23430.95,23441.35,23428.85,23440.35,971,150,0
2025-07-28 09:15:00+03:00,23440.15,23440.85,23426.85,23427.15,682,150,0
2025-07-28 09:30:00+03:00,23427.35,23427.65,23420.85,23426.05,843,150,0
2025-07-28 09:45:00+03:00,23426.15,23429.65,23416.85,23417.05,818,150,0
2025-07-28 10:00:00+03:00,23417.15,23421.35,23400.35,23400.35,1716,150,0
2025-07-28 10:15:00+03:00,23400.35,23407.95,23399.95,23402.15,1272,150,0
2025-07-28 10:30:00+03:00,23402.35,23402.35,23390.05,23390.35,1375,150,0
2025-07-28 10:45:00+03:00,23390.45,23408.05,23390.35,23404.15,1082,150,0
2025-07-28 11:00:00+03:00,23404.65,23405.95,23390.35,23392.95,1616,150,0
2025-07-28 11:15:00+03:00,23393.05,23402.85,23390.45,23394.85,1128,150,0
2025-07-28 11:30:00+03:00,23394.85,23400.35,23392.05,23396.55,854,150,0
2025-07-28 11:45:00+03:00,23396.35,23399.85,23390.55,23393.15,829,150,0
2025-07-28 12:00:00+03:00,23393.35,23398.85,23391.95,23394.35,931,150,0
2025-07-28 12:15:00+03:00,23394.45,23398.85,23380.45,23386.85,1004,150,0
2025-07-28 12:30:00+03:00,23386.95,23393.05,23382.65,23383.55,825,150,0
2025-07-28 12:45:00+03:00,23383.65,23388.95,23379.85,23382.55,835,150,0
2025-07-28 13:00:00+03:00,23382.65,23382.95,23372.85,23376.95,833,150,0
2025-07-28 13:15:00+03:00,23377.05,23383.45,23370.45,23374.05,838,150,0
2025-07-28 13:30:00+03:00,23373.95,23375.55,23357.35,23358.15,959,150,0
2025-07-28 13:45:00+03:00,23358.55,23359.65,23341.65,23350.65,1417,150,0
2025-07-28 14:00:00+03:00,23350.55,23361.55,23346.55,23361.35,1239,150,0
2025-07-28 14:15:00+03:00,23361.45,23361.95,23351.35,23353.85,1062,150,0
2025-07-28 14:30:00+03:00,23353.55,23363.85,23352.55,23358.95,998,150,0
2025-07-28 14:45:00+03:00,23359.15,23363.05,23353.55,23358.65,1030,150,0
2025-07-28 15:00:00+03:00,23358.55,23359.65,23344.35,23345.55,1646,150,0
2025-07-28 15:15:00+03:00,23344.75,23366.85,23343.75,23364.85,1294,150,0
2025-07-28 15:30:00+03:00,23364.65,23371.35,23352.45,23369.95,1536,150,0
2025-07-28 15:45:00+03:00,23369.85,23377.35,23368.05,23370.85,1006,150,0
2025-07-28 16:00:00+03:00,23371.05,23372.05,23326.75,23332.35,2483,150,0
2025-07-28 16:15:00+03:00,23331.85,23342.55,23323.55,23328.65,2351,160,0
2025-07-28 16:30:00+03:00,23328.15,23361.55,23322.15,23351.95,4520,80,0
2025-07-28 16:45:00+03:00,23350.95,23377.55,23345.85,23377.55,4038,80,0
2025-07-28 17:00:00+03:00,23376.95,23383.75,23359.95,23372.75,3688,80,0
2025-07-28 17:15:00+03:00,23372.95,23378.75,23333.25,23359.95,3542,80,0
2025-07-28 17:30:00+03:00,23359.95,23375.45,23352.65,23360.45,3285,80,0
2025-07-28 17:45:00+03:00,23359.95,23362.65,23339.95,23350.15,3118,80,0
2025-07-28 18:00:00+03:00,23350.15,23356.75,23340.65,23351.85,2938,80,0
2025-07-28 18:15:00+03:00,23351.95,23356.65,23298.35,23341.35,3422,80,0
2025-07-28 18:30:00+03:00,23341.65,23351.15,23338.85,23348.75,2602,80,0
2025-07-28 18:45:00+03:00,23349.15,23360.95,23345.85,23354.85,2635,80,0
2025-07-28 19:00:00+03:00,23354.85,23355.25,23335.65,23347.85,2623,80,0
2025-07-28 19:15:00+03:00,23347.85,23368.65,23346.25,23355.15,2401,80,0
2025-07-28 19:30:00+03:00,23355.15,23355.65,23342.85,23349.15,2177,80,0
2025-07-28 19:45:00+03:00,23348.85,23349.65,23335.95,23346.65,2298,80,0
2025-07-28 20:00:00+03:00,23346.85,23349.35,23330.85,23345.85,2754,80,0
2025-07-28 20:15:00+03:00,23345.65,23346.35,23316.85,23325.85,2890,80,0
2025-07-28 20:30:00+03:00,23326.15,23347.35,23325.35,23344.15,2335,80,0
2025-07-28 20:45:00+03:00,23344.15,23347.15,23320.85,23322.65,2262,80,0
2025-07-28 21:00:00+03:00,23322.35,23329.25,23302.35,23325.15,2827,80,0
2025-07-28 21:15:00+03:00,23325.35,23331.65,23312.85,23323.35,2362,80,0
2025-07-28 21:30:00+03:00,23324.35,23326.25,23305.05,23315.25,2214,80,0
2025-07-28 21:45:00+03:00,23315.35,23328.75,23310.55,23320.65,2207,80,0
2025-07-28 22:00:00+03:00,23320.45,23323.65,23310.15,23317.55,2303,80,0
2025-07-28 22:15:00+03:00,23317.65,23323.45,23308.15,23320.05,2243,80,0
2025-07-28 22:30:00+03:00,23320.55,23325.65,23313.55,23325.55,2467,80,0
2025-07-28 22:45:00+03:00,23325.55,23353.65,23319.75,23350.65,2847,80,0
2025-07-28 23:00:00+03:00,23350.56,23361.16,23346.76,23355.86,1856,98,0
2025-07-28 23:15:00+03:00,23356.96,23365.86,23356.26,23362.96,709,168,0
2025-07-28 23:30:00+03:00,23362.96,23367.86,23360.96,23365.96,609,168,0
2025-07-28 23:45:00+03:00,23365.96,23368.26,23365.26,23365.76,188,168,0
2025-07-29 01:00:00+03:00,23367.46,23380.06,23367.26,23379.66,345,168,0
2025-07-29 01:15:00+03:00,23379.96,23387.96,23379.46,23383.16,646,168,0
2025-07-29 01:30:00+03:00,23383.26,23385.76,23379.96,23381.26,527,168,0
2025-07-29 01:45:00+03:00,23381.06,23389.46,23380.16,23386.26,480,168,0
2025-07-29 02:00:00+03:00,23386.35,23390.55,23378.25,23380.35,489,150,0
2025-07-29 02:15:00+03:00,23380.75,23384.85,23377.65,23384.05,373,150,0
2025-07-29 02:30:00+03:00,23384.75,23388.15,23383.05,23386.85,350,150,0
2025-07-29 02:45:00+03:00,23386.75,23390.15,23384.25,23388.35,440,150,0
2025-07-29 03:00:00+03:00,23388.65,23389.05,23376.85,23380.15,1225,150,0
2025-07-29 03:15:00+03:00,23380.05,23394.15,23379.55,23391.25,960,150,0
2025-07-29 03:30:00+03:00,23391.25,23396.65,23390.05,23393.55,824,150,0
2025-07-29 03:45:00+03:00,23393.35,23394.55,23389.55,23393.05,568,150,0
2025-07-29 04:00:00+03:00,23393.05,23401.25,23390.15,23400.25,812,150,0
2025-07-29 04:15:00+03:00,23400.25,23404.75,23398.75,23400.15,673,150,0
2025-07-29 04:30:00+03:00,23400.15,23401.75,23393.75,23397.15,770,150,0
2025-07-29 04:45:00+03:00,23397.25,23397.85,23387.15,23389.25,745,150,0
2025-07-29 05:00:00+03:00,23388.75,23400.65,23383.35,23397.75,1125,150,0
2025-07-29 05:15:00+03:00,23397.85,23398.35,23389.15,23391.45,687,150,0
2025-07-29 05:30:00+03:00,23391.65,23394.35,23386.85,23392.25,678,150,0
2025-07-29 05:45:00+03:00,23392.35,23399.65,23391.75,23399.45,466,150,0
2025-07-29 06:00:00+03:00,23399.15,23407.95,23399.15,23401.65,606,150,0
2025-07-29 06:15:00+03:00,23401.85,23405.45,23397.95,23400.75,410,150,0
2025-07-29 06:30:00+03:00,23400.65,23400.75,23397.25,23399.25,473,150,0
2025-07-29 06:45:00+03:00,23399.35,23405.65,23398.95,23404.85,479,150,0
2025-07-29 07:00:00+03:00,23405.65,23412.75,23405.25,23411.45,489,150,0
2025-07-29 07:15:00+03:00,23411.65,23412.35,23403.65,23406.45,462,150,0
2025-07-29 07:30:00+03:00,23406.35,23410.15,23400.85,23401.75,418,150,0
2025-07-29 07:45:00+03:00,23401.85,23407.45,23401.65,23404.25,381,150,0
2025-07-29 08:00:00+03:00,23404.35,23410.65,23402.45,23408.95,385,150,0
2025-07-29 08:15:00+03:00,23409.15,23410.15,23405.15,23407.45,371,150,0
2025-07-29 08:30:00+03:00,23407.65,23411.15,23405.25,23411.15,485,150,0
2025-07-29 08:45:00+03:00,23411.85,23414.45,23408.65,23408.85,447,150,0
2025-07-29 09:00:00+03:00,23409.35,23415.65,23408.85,23411.85,768,150,0
2025-07-29 09:15:00+03:00,23411.65,23414.35,23405.75,23406.15,503,150,0
2025-07-29 09:30:00+03:00,23406.35,23415.65,23403.15,23413.35,872,150,0
2025-07-29 09:45:00+03:00,23412.95,23415.15,23404.65,23406.15,736,150,0
2025-07-29 10:00:00+03:00,23406.65,23415.75,23406.15,23413.85,1278,150,0
2025-07-29 10:15:00+03:00,23414.15,23423.15,23413.65,23422.35,1014,150,0
2025-07-29 10:30:00+03:00,23421.85,23436.85,23420.35,23436.15,912,150,0
2025-07-29 10:45:00+03:00,23436.35,23459.85,23436.25,23449.45,1369,150,0
2025-07-29 11:00:00+03:00,23449.35,23453.35,23437.15,23450.65,1294,150,0
2025-07-29 11:15:00+03:00,23451.15,23454.25,23445.85,23448.75,942,150,0
2025-07-29 11:30:00+03:00,23448.75,23451.85,23444.85,23447.15,687,150,0
2025-07-29 11:45:00+03:00,23446.95,23447.85,23440.65,23443.85,765,150,0
2025-07-29 12:00:00+03:00,23443.95,23452.35,23443.85,23449.85,553,150,0
2025-07-29 12:15:00+03:00,23449.65,23452.25,23441.15,23444.15,696,150,0
2025-07-29 12:30:00+03:00,23444.15,23450.85,23443.95,23447.45,664,150,0
2025-07-29 12:45:00+03:00,23447.45,23466.95,23446.85,23459.45,1171,150,0
2025-07-29 13:00:00+03:00,23459.45,23468.95,23456.25,23458.65,1187,150,0
2025-07-29 13:15:00+03:00,23459.35,23461.15,23454.85,23457.45,800,150,0
2025-07-29 13:30:00+03:00,23457.35,23464.95,23453.85,23460.35,771,150,0
2025-07-29 13:45:00+03:00,23460.45,23466.15,23459.65,23460.65,617,150,0
2025-07-29 14:00:00+03:00,23460.85,23467.35,23455.65,23459.25,1032,150,0
2025-07-29 14:15:00+03:00,23459.35,23461.15,23451.15,23456.85,876,150,0
2025-07-29 14:30:00+03:00,23456.65,23459.25,23440.15,23448.15,1267,150,0
2025-07-29 14:45:00+03:00,23448.35,23462.25,23447.85,23461.65,1031,150,0
2025-07-29 15:00:00+03:00,23461.85,23474.35,23460.85,23462.65,1228,150,0
2025-07-29 15:15:00+03:00,23462.65,23463.65,23452.85,23456.35,1212,150,0
2025-07-29 15:30:00+03:00,23456.65,23459.35,23447.35,23450.15,1204,150,0
2025-07-29 15:45:00+03:00,23450.15,23450.85,23433.85,23440.65,1288,150,0
2025-07-29 16:00:00+03:00,23440.35,23449.85,23436.65,23445.65,1376,150,0
2025-07-29 16:15:00+03:00,23444.85,23462.55,23442.65,23456.85,1902,150,0
2025-07-29 16:30:00+03:00,23455.85,23513.65,23455.85,23483.25,4291,80,0
2025-07-29 16:45:00+03:00,23483.75,23487.25,23417.85,23450.65,4180,80,0
2025-07-29 17:00:00+03:00,23448.05,23453.75,23413.95,23433.95,4037,80,0
2025-07-29 17:15:00+03:00,23433.45,23440.45,23401.45,23421.25,3774,80,0
2025-07-29 17:30:00+03:00,23420.35,23437.75,23412.95,23415.95,3559,80,0
2025-07-29 17:45:00+03:00,23416.25,23429.55,23376.45,23389.75,3654,80,0
2025-07-29 18:00:00+03:00,23389.25,23403.95,23369.05,23372.45,3636,80,0
2025-07-29 18:15:00+03:00,23372.45,23374.35,23320.25,23325.75,3792,80,0
2025-07-29 18:30:00+03:00,23324.95,23353.95,23300.15,23320.45,3987,80,0
2025-07-29 18:45:00+03:00,23320.45,23381.45,23320.45,23365.75,3740,80,0
2025-07-29 19:00:00+03:00,23365.75,23374.45,23342.25,23346.85,3437,80,0
2025-07-29 19:15:00+03:00,23346.85,23355.55,23326.25,23337.35,3474,80,0
2025-07-29 19:30:00+03:00,23337.55,23346.75,23309.05,23339.55,3164,80,0
2025-07-29 19:45:00+03:00,23339.55,23368.05,23328.35,23367.35,2844,80,0
2025-07-29 20:00:00+03:00,23366.55,23375.85,23360.35,23372.55,2795,80,0
2025-07-29 20:15:00+03:00,23372.55,23381.65,23364.35,23366.55,2726,80,0
2025-07-29 20:30:00+03:00,23366.75,23374.05,23325.85,23335.85,3062,80,0
2025-07-29 20:45:00+03:00,23335.85,23356.55,23322.55,23352.35,2973,80,0
2025-07-29 21:00:00+03:00,23352.05,23362.45,23343.05,23351.15,2553,80,0
2025-07-29 21:15:00+03:00,23350.55,23357.85,23329.15,23337.55,2486,80,0
2025-07-29 21:30:00+03:00,23337.95,23365.85,23337.05,23352.05,2429,80,0
2025-07-29 21:45:00+03:00,23352.55,23356.85,23334.35,23338.85,2441,80,0
2025-07-29 22:00:00+03:00,23337.85,23346.45,23330.85,23343.15,2479,80,0
2025-07-29 22:15:00+03:00,23343.45,23344.45,23318.15,23319.15,2640,80,0
2025-07-29 22:30:00+03:00,23319.15,23324.65,23282.85,23309.65,3229,80,0
2025-07-29 22:45:00+03:00,23309.85,23323.15,23295.55,23315.15,3470,80,0
2025-07-29 23:00:00+03:00,23316.46,23322.16,23307.76,23316.16,1859,108,0
2025-07-29 23:15:00+03:00,23316.16,23317.26,23307.46,23314.56,810,168,0
2025-07-29 23:30:00+03:00,23314.66,23319.06,23308.16,23308.56,643,168,0
2025-07-29 23:45:00+03:00,23308.26,23312.16,23306.66,23312.16,260,168,0
2025-07-30 01:00:00+03:00,23331.06,23332.56,23322.66,23324.66,571,168,0
2025-07-30 01:15:00+03:00,23324.66,23329.46,23321.36,23324.06,529,168,0
2025-07-30 01:30:00+03:00,23324.16,23328.86,23321.86,23326.96,452,168,0
2025-07-30 01:45:00+03:00,23327.16,23337.46,23326.36,23333.66,491,168,0
2025-07-30 02:00:00+03:00,23333.75,23339.05,23331.05,23334.15,513,150,0
2025-07-30 02:15:00+03:00,23334.45,23339.15,23333.95,23337.65,344,150,0
2025-07-30 02:30:00+03:00,23337.45,23344.05,23337.45,23338.65,464,150,0
2025-07-30 02:45:00+03:00,23338.95,23339.15,23328.45,23337.65,732,150,0
2025-07-30 03:00:00+03:00,23337.55,23351.85,23334.65,23348.25,1186,150,0
2025-07-30 03:15:00+03:00,23348.15,23348.75,23340.55,23343.55,874,150,0
2025-07-30 03:30:00+03:00,23343.45,23352.25,23343.25,23344.55,792,150,0
2025-07-30 03:45:00+03:00,23345.55,23353.05,23344.65,23349.05,732,150,0
2025-07-30 04:00:00+03:00,23348.95,23352.75,23342.75,23344.75,933,150,0
2025-07-30 04:15:00+03:00,23345.25,23345.25,23335.75,23336.75,933,150,0
2025-07-30 04:30:00+03:00,23337.25,23354.95,23329.75,23346.75,1466,150,0
2025-07-30 04:45:00+03:00,23346.95,23349.55,23345.05,23349.05,863,150,0
2025-07-30 05:00:00+03:00,23348.95,23357.25,23348.25,23356.25,774,150,0
2025-07-30 05:15:00+03:00,23355.95,23357.65,23349.05,23349.45,638,150,0
2025-07-30 05:30:00+03:00,23349.45,23351.25,23343.55,23349.65,671,150,0
2025-07-30 05:45:00+03:00,23349.55,23359.55,23349.25,23356.45,625,150,0
2025-07-30 06:00:00+03:00,23356.55,23364.15,23356.55,23360.75,492,150,0
2025-07-30 06:15:00+03:00,23360.65,23362.95,23356.15,23358.55,503,150,0
2025-07-30 06:30:00+03:00,23358.55,23368.95,23357.25,23364.55,540,150,0
2025-07-30 06:45:00+03:00,23364.15,23364.15,23359.15,23361.75,458,150,0
2025-07-30 07:00:00+03:00,23361.75,23366.75,23361.55,23366.65,357,150,0
2025-07-30 07:15:00+03:00,23366.75,23370.55,23363.75,23367.25,417,150,0
2025-07-30 07:30:00+03:00,23367.25,23368.05,23362.95,23363.55,344,150,0
2025-07-30 07:45:00+03:00,23363.05,23368.25,23362.05,23366.65,384,150,0
2025-07-30 08:00:00+03:00,23366.55,23366.55,23351.45,23356.55,855,150,0
2025-07-30 08:15:00+03:00,23356.55,23366.55,23356.25,23365.25,668,150,0
2025-07-30 08:30:00+03:00,23365.75,23371.55,23365.05,23366.45,665,150,0
2025-07-30 08:45:00+03:00,23366.25,23372.65,23365.95,23366.25,606,150,0
2025-07-30 09:00:00+03:00,23365.75,23370.25,23364.15,23365.05,1012,150,0
2025-07-30 09:15:00+03:00,23365.15,23373.45,23361.95,23372.25,768,150,0
2025-07-30 09:30:00+03:00,23372.05,23372.75,23365.55,23370.15,662,150,0
2025-07-30 09:45:00+03:00,23370.15,23370.15,23359.75,23362.55,703,150,0
2025-07-30 10:00:00+03:00,23362.65,23365.55,23339.65,23341.95,2087,150,0
2025-07-30 10:15:00+03:00,23341.95,23356.55,23337.25,23355.55,1627,150,0
2025-07-30 10:30:00+03:00,23355.75,23370.65,23354.95,23366.55,1441,150,0
2025-07-30 10:45:00+03:00,23367.25,23368.55,23360.25,23362.55,1005,150,0
2025-07-30 11:00:00+03:00,23362.25,23375.05,23354.75,23361.45,1397,150,0
2025-07-30 11:15:00+03:00,23361.55,23361.75,23341.65,23342.95,1459,150,0
2025-07-30 11:30:00+03:00,23343.35,23351.05,23326.65,23349.95,1453,150,0
2025-07-30 11:45:00+03:00,23349.25,23352.15,23340.25,23345.95,1018,150,0
2025-07-30 12:00:00+03:00,23345.95,23353.05,23344.25,23351.55,1060,150,0
2025-07-30 12:15:00+03:00,23351.45,23360.75,23348.55,23349.05,876,150,0
2025-07-30 12:30:00+03:00,23348.75,23351.55,23338.25,23341.25,1028,150,0
2025-07-30 12:45:00+03:00,23340.95,23355.65,23337.95,23355.35,1101,150,0
2025-07-30 13:00:00+03:00,23355.65,23363.05,23351.95,23362.15,1108,150,0
2025-07-30 13:15:00+03:00,23362.25,23368.55,23356.05,23362.05,1013,150,0
2025-07-30 13:30:00+03:00,23361.75,23367.75,23357.55,23366.25,773,150,0
2025-07-30 13:45:00+03:00,23366.25,23371.05,23362.75,23370.65,684,150,0
2025-07-30 14:00:00+03:00,23369.95,23373.05,23362.75,23362.75,872,150,0
2025-07-30 14:15:00+03:00,23363.75,23377.65,23361.05,23375.25,852,150,0
2025-07-30 14:30:00+03:00,23375.45,23381.75,23367.15,23371.65,1027,150,0
2025-07-30 14:45:00+03:00,23371.85,23384.55,23370.15,23371.05,1281,150,0
2025-07-30 15:00:00+03:00,23370.55,23370.75,23335.25,23351.41,2115,150,0
2025-07-30 15:15:00+03:00,23351.51,23357.1,23339.05,23346.91,2062,150,0
2025-07-30 15:30:00+03:00,23346.7,23365.75,23337.35,23362.45,2775,160,0
2025-07-30 15:45:00+03:00,23362.75,23367.95,23352.45,23353.15,1898,150,0
2025-07-30 16:00:00+03:00,23353.25,23355.65,23333.85,23347.05,2131,150,0
2025-07-30 16:15:00+03:00,23347.05,23353.95,23340.45,23350.45,1857,150,0
2025-07-30 16:30:00+03:00,23349.55,23372.55,23314.25,23371.35,4549,80,0
2025-07-30 16:45:00+03:00,23370.15,23389.15,23334.35,23347.25,4176,80,0
2025-07-30 17:00:00+03:00,23346.85,23362.15,23330.65,23342.75,3799,80,0
2025-07-30 17:15:00+03:00,23342.85,23385.15,23341.35,23366.85,3457,80,0
2025-07-30 17:30:00+03:00,23367.15,23391.15,23367.15,23381.65,3333,80,0
2025-07-30 17:45:00+03:00,23381.85,23404.35,23375.65,23378.55,3082,80,0
2025-07-30 18:00:00+03:00,23378.65,23388.85,23340.65,23345.85,3438,80,0
2025-07-30 18:15:00+03:00,23345.85,23368.35,23338.85,23350.65,3321,80,0
2025-07-30 18:30:00+03:00,23350.35,23368.65,23339.65,23366.85,3020,80,0
2025-07-30 18:45:00+03:00,23365.35,23393.55,23359.65,23393.25,2669,80,0
2025-07-30 19:00:00+03:00,23393.25,23395.15,23380.35,23392.65,2437,80,0
2025-07-30 19:15:00+03:00,23392.75,23410.15,23391.85,23398.65,2556,80,0
2025-07-30 19:30:00+03:00,23398.35,23405.25,23382.55,23388.65,2490,80,0
2025-07-30 19:45:00+03:00,23389.25,23400.15,23387.35,23397.55,2370,80,0
2025-07-30 20:00:00+03:00,23397.75,23404.25,23389.85,23395.35,2246,80,0
2025-07-30 20:15:00+03:00,23395.05,23399.65,23387.55,23389.35,2060,80,0
2025-07-30 20:30:00+03:00,23389.55,23414.35,23386.65,23411.65,2267,80,0
2025-07-30 20:45:00+03:00,23411.65,23411.65,23389.65,23406.31,2522,80,0
2025-07-30 21:00:00+03:00,23406.1,23421.38,23376.05,23404.05,3838,80,0
2025-07-30 21:15:00+03:00,23404.15,23421.25,23396.85,23418.35,2832,80,0
2025-07-30 21:30:00+03:00,23418.65,23451.85,23377.85,23413.65,4322,80,0
2025-07-30 21:45:00+03:00,23413.35,23426.35,23263.95,23275.05,4660,100,0
2025-07-30 22:00:00+03:00,23274.55,23330.55,23221.15,23303.85,4864,120,0
2025-07-30 22:15:00+03:00,23302.05,23316.55,23240.45,23257.95,4544,110,0
2025-07-30 22:30:00+03:00,23257.85,23288.25,23246.15,23256.65,4377,90,0
2025-07-30 22:45:00+03:00,23256.65,23353.45,23256.65,23345.95,4370,90,0
2025-07-30 23:00:00+03:00,23344.86,23550.06,23334.66,23530.26,4301,228,0
2025-07-30 23:15:00+03:00,23530.16,23550.06,23501.86,23524.06,3635,218,0
2025-07-30 23:30:00+03:00,23523.86,23532.36,23517.06,23524.16,2583,178,0
2025-07-30 23:45:00+03:00,23523.16,23534.86,23521.86,23533.76,696,178,0
2025-07-31 01:00:00+03:00,23574.26,23578.16,23553.76,23559.76,1434,208,0
2025-07-31 01:15:00+03:00,23559.06,23573.06,23554.36,23565.96,1455,168,0
2025-07-31 01:30:00+03:00,23565.96,23595.46,23565.96,23595.36,1616,168,0
2025-07-31 01:45:00+03:00,23595.26,23595.26,23585.36,23592.56,1063,168,0
2025-07-31 02:00:00+03:00,23592.65,23603.75,23586.95,23603.65,1108,150,0
2025-07-31 02:15:00+03:00,23603.55,23603.85,23591.05,23596.85,955,150,0
2025-07-31 02:30:00+03:00,23595.85,23599.45,23591.65,23599.45,620,150,0
2025-07-31 02:45:00+03:00,23599.15,23600.55,23588.95,23589.45,811,150,0
2025-07-31 03:00:00+03:00,23589.35,23589.95,23576.65,23582.85,1456,150,0
2025-07-31 03:15:00+03:00,23582.95,23611.55,23582.85,23600.95,1494,150,0
2025-07-31 03:30:00+03:00,23600.85,23618.45,23597.35,23616.85,1179,150,0
2025-07-31 03:45:00+03:00,23616.65,23622.15,23610.15,23618.35,1208,150,0
2025-07-31 04:00:00+03:00,23618.35,23626.95,23610.65,23624.05,1275,150,0
2025-07-31 04:15:00+03:00,23624.15,23631.15,23619.55,23630.15,1028,150,0
2025-07-31 04:30:00+03:00,23630.45,23638.45,23624.45,23637.85,1205,150,0
2025-07-31 04:45:00+03:00,23637.65,23643.85,23632.15,23633.65,1034,150,0
2025-07-31 05:00:00+03:00,23633.65,23642.05,23632.15,23641.05,847,150,0
2025-07-31 05:15:00+03:00,23641.05,23643.65,23638.65,23641.95,618,150,0
2025-07-31 05:30:00+03:00,23641.45,23649.05,23640.85,23646.95,718,150,0
2025-07-31 05:45:00+03:00,23646.85,23657.05,23644.95,23650.55,763,150,0
2025-07-31 06:00:00+03:00,23651.05,23652.85,23642.95,23648.85,814,150,0
2025-07-31 06:15:00+03:00,23649.05,23652.95,23645.45,23648.45,596,150,0
2025-07-31 06:30:00+03:00,23648.55,23654.65,23647.15,23653.65,572,150,0
2025-07-31 06:45:00+03:00,23653.85,23664.65,23652.55,23662.05,627,150,0
2025-07-31 07:00:00+03:00,23662.05,23663.95,23658.45,23659.45,597,150,0
2025-07-31 07:15:00+03:00,23659.55,23664.55,23652.35,23652.35,736,150,0
2025-07-31 07:30:00+03:00,23652.05,23672.95,23647.75,23670.85,1049,150,0
2025-07-31 07:45:00+03:00,23670.85,23671.55,23665.45,23669.45,572,150,0
2025-07-31 08:00:00+03:00,23669.55,23673.35,23661.65,23665.15,1085,150,0
2025-07-31 08:15:00+03:00,23665.05,23668.55,23654.15,23655.05,847,150,0
2025-07-31 08:30:00+03:00,23655.35,23659.85,23648.95,23658.35,936,150,0
2025-07-31 08:45:00+03:00,23658.15,23666.55,23653.35,23664.35,756,150,0
2025-07-31 09:00:00+03:00,23664.15,23670.15,23650.35,23651.55,1273,150,0
2025-07-31 09:15:00+03:00,23651.35,23658.05,23648.85,23652.85,1015,150,0
2025-07-31 09:30:00+03:00,23652.95,23655.85,23641.75,23654.55,1223,150,0
2025-07-31 09:45:00+03:00,23655.35,23663.65,23653.45,23661.55,901,150,0
2025-07-31 10:00:00+03:00,23662.55,23662.55,23647.85,23655.95,1996,150,0
2025-07-31 10:15:00+03:00,23655.85,23679.75,23649.95,23675.35,1640,150,0
2025-07-31 10:30:00+03:00,23676.25,23699.85,23667.95,23698.65,1804,150,0
2025-07-31 10:45:00+03:00,23698.65,23708.85,23688.65,23689.55,1588,150,0
2025-07-31 11:00:00+03:00,23689.45,23690.65,23663.75,23666.05,1903,150,0
2025-07-31 11:15:00+03:00,23666.15,23678.05,23664.55,23672.05,1460,150,0
2025-07-31 11:30:00+03:00,23671.55,23679.65,23664.45,23665.95,1323,150,0
2025-07-31 11:45:00+03:00,23665.85,23686.15,23658.15,23663.65,1574,150,0
2025-07-31 12:00:00+03:00,23664.85,23667.85,23654.75,23656.35,1216,150,0
2025-07-31 12:15:00+03:00,23656.55,23670.55,23655.75,23662.25,1135,150,0
2025-07-31 12:30:00+03:00,23662.55,23662.85,23647.25,23652.75,1457,160,0
2025-07-31 12:45:00+03:00,23652.15,23656.35,23646.25,23647.75,1143,150,0
2025-07-31 13:00:00+03:00,23647.65,23653.85,23645.55,23651.85,1208,150,0
2025-07-31 13:15:00+03:00,23652.05,23660.55,23651.55,23656.85,1109,160,0
2025-07-31 13:30:00+03:00,23657.15,23665.25,23656.45,23659.05,1116,150,0
2025-07-31 13:45:00+03:00,23659.05,23667.35,23637.45,23640.45,1436,160,0
2025-07-31 14:00:00+03:00,23640.95,23664.45,23632.45,23650.85,2038,180,0
2025-07-31 14:15:00+03:00,23651.05,23652.95,23631.25,23636.55,1766,170,0
2025-07-31 14:30:00+03:00,23636.25,23643.25,23623.15,23628.15,1777,170,0
2025-07-31 14:45:00+03:00,23628.25,23636.75,23616.85,23627.35,1734,170,0
2025-07-31 15:00:00+03:00,23629.45,23657.25,23620.25,23652.05,1876,170,0
2025-07-31 15:15:00+03:00,23650.95,23662.45,23644.85,23659.11,1838,180,0
2025-07-31 15:30:00+03:00,23657.61,23672.45,23636.75,23658.65,3103,190,0
2025-07-31 15:45:00+03:00,23658.65,23671.75,23651.75,23665.75,2260,180,0
2025-07-31 16:00:00+03:00,23665.75,23668.05,23656.75,23657.55,2049,170,0
2025-07-31 16:15:00+03:00,23657.05,23659.55,23607.05,23612.15,2959,180,0
2025-07-31 16:30:00+03:00,23610.55,23614.25,23485.35,23500.55,4855,80,0
2025-07-31 16:45:00+03:00,23500.55,23569.05,23474.05,23535.85,4614,120,0
2025-07-31 17:00:00+03:00,23537.55,23563.55,23510.35,23535.55,4484,120,0
2025-07-31 17:15:00+03:00,23535.25,23546.35,23486.35,23503.45,4460,120,0
2025-07-31 17:30:00+03:00,23503.75,23520.85,23464.55,23484.35,4318,120,0
2025-07-31 17:45:00+03:00,23484.85,23486.25,23399.55,23405.85,4283,120,0
2025-07-31 18:00:00+03:00,23404.95,23448.35,23369.55,23369.55,4425,120,0
2025-07-31 18:15:00+03:00,23369.05,23404.05,23348.35,23399.05,4222,120,0
2025-07-31 18:30:00+03:00,23399.25,23446.45,23394.55,23445.05,3895,80,0
2025-07-31 18:45:00+03:00,23444.75,23448.75,23422.25,23448.55,3584,80,0
2025-07-31 19:00:00+03:00,23446.95,23464.75,23437.45,23462.75,3316,80,0
2025-07-31 19:15:00+03:00,23462.05,23479.25,23457.55,23470.55,2831,80,0
2025-07-31 19:30:00+03:00,23470.55,23481.55,23450.55,23461.55,2998,80,0
2025-07-31 19:45:00+03:00,23460.75,23463.55,23422.25,23434.25,3192,80,0
2025-07-31 20:00:00+03:00,23434.25,23436.25,23403.95,23406.15,3416,80,0
2025-07-31 20:15:00+03:00,23406.15,23408.95,23302.35,23319.25,3874,80,0
2025-07-31 20:30:00+03:00,23319.95,23348.45,23286.45,23345.45,4181,100,0
2025-07-31 20:45:00+03:00,23345.45,23360.95,23231.95,23255.65,4282,120,0
2025-07-31 21:00:00+03:00,23252.75,23283.45,23218.75,23218.95,4461,120,0
2025-07-31 21:15:00+03:00,23218.65,23284.95,23171.75,23283.45,4482,120,0
2025-07-31 21:30:00+03:00,23280.95,23321.25,23280.45,23317.95,4190,120,0
2025-07-31 21:45:00+03:00,23317.25,23330.95,23277.45,23279.25,3983,120,0
2025-07-31 22:00:00+03:00,23283.25,23308.25,23262.45,23268.25,4063,120,0
2025-07-31 22:15:00+03:00,23268.45,23285.45,23235.35,23243.35,4206,120,0
2025-07-31 22:30:00+03:00,23243.25,23276.25,23235.75,23275.75,4279,120,0
2025-07-31 22:45:00+03:00,23275.75,23280.35,23178.45,23219.85,4624,120,0
2025-07-31 23:00:00+03:00,23218.26,23292.16,23189.66,23194.06,3086,138,0
2025-07-31 23:15:00+03:00,23194.46,23202.56,23156.86,23185.36,1456,208,0
2025-07-31 23:30:00+03:00,23230.26,23247.76,23188.86,23197.36,3341,218,0
2025-07-31 23:45:00+03:00,23199.16,23221.86,23199.16,23217.66,994,218,0
2025-08-01 01:00:00+03:00,23199.16,23214.56,23184.56,23189.16,1022,208,0
2025-08-01 01:15:00+03:00,23189.06,23193.16,23168.46,23177.36,1671,198,0
2025-08-01 01:30:00+03:00,23177.86,23185.56,23111.96,23142.16,2404,198,0
2025-08-01 01:45:00+03:00,23141.76,23165.76,23138.06,23155.26,1789,198,0
2025-08-01 02:00:00+03:00,23154.85,23179.25,23135.15,23174.55,2248,200,0
2025-08-01 02:15:00+03:00,23174.75,23177.65,23144.05,23151.05,1652,190,0
2025-08-01 02:30:00+03:00,23151.55,23169.05,23143.65,23150.95,1559,190,0
2025-08-01 02:45:00+03:00,23151.15,23171.05,23150.65,23167.95,1474,180,0
2025-08-01 03:00:00+03:00,23167.55,23172.85,23146.45,23149.85,2433,180,0
2025-08-01 03:15:00+03:00,23149.55,23157.65,23101.25,23118.15,2562,190,0
2025-08-01 03:30:00+03:00,23116.35,23159.35,23113.85,23150.85,2299,190,0
2025-08-01 03:45:00+03:00,23150.85,23152.85,23128.25,23149.85,2308,190,0
2025-08-01 04:00:00+03:00,23149.55,23172.05,23142.05,23168.05,2256,190,0
2025-08-01 04:15:00+03:00,23168.05,23188.55,23166.75,23183.75,1914,180,0
2025-08-01 04:30:00+03:00,23184.05,23198.15,23183.75,23193.65,1619,180,0
2025-08-01 04:45:00+03:00,23194.15,23195.45,23181.15,23192.15,1424,170,0
2025-08-01 05:00:00+03:00,23192.15,23200.05,23185.25,23198.45,1205,170,0
2025-08-01 05:15:00+03:00,23198.25,23205.75,23189.75,23196.65,1013,160,0
2025-08-01 05:30:00+03:00,23196.65,23203.25,23186.05,23202.25,1028,160,0
2025-08-01 05:45:00+03:00,23202.25,23208.95,23200.15,23202.25,818,160,0
2025-08-01 06:00:00+03:00,23202.25,23209.25,23196.55,23203.25,850,160,0
2025-08-01 06:15:00+03:00,23203.55,23209.05,23200.85,23206.35,632,150,0
2025-08-01 06:30:00+03:00,23206.35,23212.15,23186.05,23190.35,929,160,0
2025-08-01 06:45:00+03:00,23190.25,23194.25,23172.35,23174.25,996,150,0
2025-08-01 07:00:00+03:00,23174.45,23191.05,23166.15,23187.95,1226,170,0
2025-08-01 07:15:00+03:00,23187.85,23191.25,23182.15,23185.15,780,150,0
2025-08-01 07:30:00+03:00,23185.25,23190.25,23179.15,23188.35,742,150,0
2025-08-01 07:45:00+03:00,23188.45,23189.55,23176.15,23188.35,861,160,0
2025-08-01 08:00:00+03:00,23188.65,23194.55,23182.25,23184.25,995,160,0
2025-08-01 08:15:00+03:00,23184.35,23187.55,23174.45,23176.95,982,160,0
2025-08-01 08:30:00+03:00,23176.45,23184.65,23167.25,23169.15,1182,170,0
2025-08-01 08:45:00+03:00,23169.25,23172.75,23160.15,23162.65,1434,170,0
2025-08-01 09:00:00+03:00,23162.65,23165.95,23144.85,23146.65,1721,180,0
2025-08-01 09:15:00+03:00,23146.35,23154.15,23130.35,23131.25,1534,170,0
2025-08-01 09:30:00+03:00,23131.15,23142.25,23125.65,23135.55,1815,180,0
2025-08-01 09:45:00+03:00,23135.55,23149.45,23125.25,23138.15,1711,180,0
2025-08-01 10:00:00+03:00,23137.75,23148.05,23095.75,23098.65,3454,190,0
2025-08-01 10:15:00+03:00,23098.85,23100.55,23054.75,23055.05,3559,210,0
2025-08-01 10:30:00+03:00,23055.05,23073.15,23011.75,23031.65,3647,210,0
2025-08-01 10:45:00+03:00,23031.25,23046.05,22998.15,23039.15,3228,210,0
2025-08-01 11:00:00+03:00,23040.15,23041.55,22998.25,23014.55,3541,210,0
2025-08-01 11:15:00+03:00,23014.55,23033.25,22940.55,22952.65,3096,210,0
2025-08-01 11:30:00+03:00,22952.75,22972.65,22932.25,22959.25,3652,210,0
2025-08-01 11:45:00+03:00,22958.85,22997.25,22957.35,22983.85,3060,200,0
2025-08-01 12:00:00+03:00,22981.85,23010.05,22977.15,22981.15,2660,200,0
2025-08-01 12:15:00+03:00,22981.35,22995.65,22962.55,22963.05,2667,200,0
2025-08-01 12:30:00+03:00,22963.85,22996.25,22956.45,22991.75,2604,200,0
2025-08-01 12:45:00+03:00,22991.65,23002.75,22989.85,22996.95,2102,190,0
2025-08-01 13:00:00+03:00,22996.85,22997.15,22955.15,22971.35,2456,190,0
2025-08-01 13:15:00+03:00,22971.95,22980.65,22953.05,22972.55,2183,190,0
2025-08-01 13:30:00+03:00,22969.75,22974.85,22933.25,22934.25,2371,200,0
2025-08-01 13:45:00+03:00,22934.15,22949.65,22901.15,22925.05,3138,210,0
2025-08-01 14:00:00+03:00,22925.55,22970.55,22921.05,22969.85,2847,200,0
2025-08-01 14:15:00+03:00,22969.35,22981.55,22961.15,22972.85,2336,190,0
2025-08-01 14:30:00+03:00,22973.35,22992.55,22968.85,22990.85,2163,190,0
2025-08-01 14:45:00+03:00,22990.55,22998.95,22979.95,22994.95,2051,190,0
2025-08-01 15:00:00+03:00,22993.85,23007.45,22982.35,22998.35,2245,190,0
2025-08-01 15:15:00+03:00,22998.55,23000.45,22978.45,22992.31,2475,190,0
2025-08-01 15:30:00+03:00,22992.1,23034.65,22930.25,23020.05,4487,210,0
2025-08-01 15:45:00+03:00,23018.25,23018.25,22933.05,22938.05,3931,210,0
2025-08-01 16:00:00+03:00,22937.35,22971.55,22927.55,22928.75,3711,210,0
2025-08-01 16:15:00+03:00,22930.05,22957.85,22916.55,22956.05,3779,210,0
2025-08-01 16:30:00+03:00,22957.75,22964.75,22789.05,22789.05,5029,120,0
2025-08-01 16:45:00+03:00,22788.35,22799.25,22729.95,22752.21,4805,120,0
2025-08-01 17:00:00+03:00,22752.0,22798.45,22669.75,22778.45,4837,120,0
2025-08-01 17:15:00+03:00,22778.45,22854.45,22777.25,22853.85,4827,120,0
2025-08-01 17:30:00+03:00,22854.95,22892.25,22825.35,22828.85,4793,120,0
2025-08-01 17:45:00+03:00,22829.35,22881.85,22789.45,22799.95,4743,120,0
2025-08-01 18:00:00+03:00,22800.05,22828.85,22771.95,22794.05,4621,120,0
2025-08-01 18:15:00+03:00,22792.45,22828.35,22770.55,22773.85,3807,120,0
2025-08-01 18:30:00+03:00,22772.95,22864.55,22766.75,22863.55,4454,120,0
2025-08-01 18:45:00+03:00,22863.85,22885.85,22849.85,22876.55,4263,120,0
2025-08-01 19:00:00+03:00,22873.05,22907.95,22870.05,22892.95,4298,120,0
2025-08-01 19:15:00+03:00,22892.95,22914.05,22873.85,22878.55,4233,120,0
2025-08-01 19:30:00+03:00,22878.55,22889.35,22826.85,22833.85,4282,120,0
2025-08-01 19:45:00+03:00,22832.85,22853.45,22742.95,22749.85,4295,120,0
2025-08-01 20:00:00+03:00,22749.45,22768.55,22723.95,22733.05,4492,120,0
2025-08-01 20:15:00+03:00,22732.95,22746.35,22707.45,22720.55,4311,120,0
2025-08-01 20:30:00+03:00,22720.45,22751.35,22701.85,22722.85,4215,120,0
2025-08-01 20:45:00+03:00,22721.35,22744.35,22697.45,22715.35,4118,120,0
2025-08-01 21:00:00+03:00,22715.35,22724.85,22660.35,22675.25,4334,120,0
2025-08-01 21:15:00+03:00,22675.25,22767.55,22674.45,22761.35,4226,120,0
2025-08-01 21:30:00+03:00,22761.55,22811.35,22751.25,22810.25,4103,120,0
2025-08-01 21:45:00+03:00,22810.25,22812.45,22718.35,22740.55,4426,120,0
2025-08-01 22:00:00+03:00,22740.35,22759.85,22724.85,22745.45,4259,120,0
2025-08-01 22:15:00+03:00,22745.25,22778.15,22739.25,22755.45,4181,120,0
2025-08-01 22:30:00+03:00,22755.45,22769.75,22717.75,22763.95,4239,120,0
2025-08-01 22:45:00+03:00,22763.85,22822.45,22746.85,22759.45,4495,120,0
2025-08-01 23:00:00+03:00,22758.95,22771.96,22749.76,22770.46,3042,120,0
2025-08-01 23:15:00+03:00,22770.46,22771.76,22755.66,22764.46,1782,188,0
2025-08-01 23:30:00+03:00,22764.46,22765.86,22753.16,22756.46,1316,178,0
2025-08-01 23:45:00+03:00,22756.56,22756.86,22745.36,22753.96,508,178,0
2025-08-04 01:00:00+03:00,22752.96,22759.06,22705.46,22715.16,1813,228,0
2025-08-04 01:15:00+03:00,22715.86,22745.46,22710.86,22745.46,1930,208,0
2025-08-04 01:30:00+03:00,22745.66,22782.96,22741.36,22768.66,1965,208,0
2025-08-04 01:45:00+03:00,22768.06,22798.96,22767.16,22792.56,1607,198,0
2025-08-04 02:00:00+03:00,22792.66,22792.85,22766.25,22777.25,1604,180,0
2025-08-04 02:15:00+03:00,22777.55,22814.85,22777.55,22804.75,1724,190,0
2025-08-04 02:30:00+03:00,22804.55,22805.55,22768.05,22785.15,2086,190,0
2025-08-04 02:45:00+03:00,22785.25,22810.45,22775.25,22810.35,2047,190,0
2025-08-04 03:00:00+03:00,22811.25,22822.25,22800.55,22813.75,2479,200,0
2025-08-04 03:15:00+03:00,22813.95,22827.35,22812.85,22820.85,2145,190,0
2025-08-04 03:30:00+03:00,22820.75,22822.25,22804.25,22816.05,2080,190,0
2025-08-04 03:45:00+03:00,22816.05,22846.75,22814.05,22839.55,2266,180,0
2025-08-04 04:00:00+03:00,22839.65,22848.75,22815.95,22819.45,2238,190,0
2025-08-04 04:15:00+03:00,22819.15,22847.25,22819.15,22834.35,2033,190,0
2025-08-04 04:30:00+03:00,22834.65,22856.35,22834.65,22842.25,2095,180,0
2025-08-04 04:45:00+03:00,22842.25,22848.25,22833.05,22842.05,1486,180,0
2025-08-04 05:00:00+03:00,22842.05,22848.85,22833.85,22846.95,1463,180,0
2025-08-04 05:15:00+03:00,22847.05,22854.65,22842.85,22846.65,1246,170,0
2025-08-04 05:30:00+03:00,22846.45,22855.55,22843.65,22854.55,866,150,0
2025-08-04 05:45:00+03:00,22854.55,22865.85,22847.65,22862.75,956,150,0
2025-08-04 06:00:00+03:00,22862.95,22865.65,22855.25,22861.75,807,150,0
2025-08-04 06:15:00+03:00,22861.45,22861.95,22850.85,22858.15,892,150,0
2025-08-04 06:30:00+03:00,22858.45,22868.25,22854.25,22867.65,842,150,0
2025-08-04 06:45:00+03:00,22867.65,22872.05,22863.45,22871.25,913,150,0
2025-08-04 07:00:00+03:00,22870.75,22871.55,22857.95,22858.25,786,150,0
2025-08-04 07:15:00+03:00,22858.25,22859.95,22836.45,22851.15,1294,160,0
2025-08-04 07:30:00+03:00,22851.15,22865.05,22845.85,22857.65,1092,160,0
2025-08-04 07:45:00+03:00,22857.15,22858.95,22849.45,22853.45,695,150,0
2025-08-04 08:00:00+03:00,22853.55,22857.15,22846.75,22850.15,1055,160,0
2025-08-04 08:15:00+03:00,22850.15,22864.75,22844.85,22863.95,1066,150,0
2025-08-04 08:30:00+03:00,22864.05,22879.35,22861.15,22875.75,1416,160,0
2025-08-04 08:45:00+03:00,22875.15,22879.25,22864.15,22867.15,898,150,0
2025-08-04 09:00:00+03:00,22866.85,22884.05,22864.85,22880.75,1738,170,0
2025-08-04 09:15:00+03:00,22881.05,22882.35,22849.05,22868.15,1725,180,0
2025-08-04 09:30:00+03:00,22868.05,22868.05,22831.75,22859.05,2256,190,0
2025-08-04 09:45:00+03:00,22858.85,22879.75,22851.05,22874.55,1567,180,0
2025-08-04 10:00:00+03:00,22871.65,22901.45,22861.95,22891.45,2898,190,0
2025-08-04 10:15:00+03:00,22891.45,22902.35,22880.85,22899.05,2253,190,0
2025-08-04 10:30:00+03:00,22898.85,22928.15,22897.05,22915.55,2160,190,0
2025-08-04 10:45:00+03:00,22915.35,22923.95,22889.45,22894.55,2122,190,0
2025-08-04 11:00:00+03:00,22895.75,22926.85,22890.05,22926.25,2417,190,0
2025-08-04 11:15:00+03:00,22925.95,22935.65,22917.75,22919.35,1918,180,0
2025-08-04 11:30:00+03:00,22919.25,22932.15,22914.25,22931.95,1660,180,0
2025-08-04 11:45:00+03:00,22931.65,22946.65,22927.05,22944.05,1561,180,0
2025-08-04 12:00:00+03:00,22944.05,22956.35,22940.35,22954.45,1611,170,0
2025-08-04 12:15:00+03:00,22954.55,22956.15,22937.85,22940.65,1404,160,0
2025-08-04 12:30:00+03:00,22940.65,22960.85,22940.55,22952.35,1284,160,0
2025-08-04 12:45:00+03:00,22952.25,22954.15,22937.65,22939.15,1603,160,0
2025-08-04 13:00:00+03:00,22939.35,22952.25,22936.15,22947.25,1314,170,0
2025-08-04 13:15:00+03:00,22947.55,22954.15,22942.05,22952.75,1227,170,0
2025-08-04 13:30:00+03:00,22952.35,22961.55,22942.85,22953.25,1512,170,0
2025-08-04 13:45:00+03:00,22953.35,22955.55,22940.35,22946.05,1395,170,0
2025-08-04 14:00:00+03:00,22944.85,22944.85,22916.75,22926.85,2013,180,0
2025-08-04 14:15:00+03:00,22927.05,22943.85,22915.95,22941.95,1682,170,0
2025-08-04 14:30:00+03:00,22941.55,22959.35,22941.55,22945.15,1530,170,0
2025-08-04 14:45:00+03:00,22944.85,22949.95,22923.55,22927.35,1638,170,0
2025-08-04 15:00:00+03:00,22930.55,22937.95,22920.35,22932.35,1914,180,0
2025-08-04 15:15:00+03:00,22932.35,22957.95,22927.65,22955.85,1841,170,0
2025-08-04 15:30:00+03:00,22955.95,22964.85,22948.95,22952.15,1879,180,0
2025-08-04 15:45:00+03:00,22952.05,22961.15,22944.35,22959.55,1799,180,0
2025-08-04 16:00:00+03:00,22959.45,22968.95,22954.15,22959.85,1881,170,0
2025-08-04 16:15:00+03:00,22959.65,22980.35,22959.05,22977.95,2040,170,0
2025-08-04 16:30:00+03:00,22977.85,23080.45,22973.35,23073.25,4708,80,0
2025-08-04 16:45:00+03:00,23074.75,23141.45,23074.75,23130.15,4341,120,0
2025-08-04 17:00:00+03:00,23130.35,23142.15,23098.75,23136.35,4261,110,0
2025-08-04 17:15:00+03:00,23135.95,23145.45,23113.75,23132.75,4006,80,0
2025-08-04 17:30:00+03:00,23133.65,23137.65,23098.45,23103.75,3877,80,0
2025-08-04 17:45:00+03:00,23102.75,23134.25,23077.75,23098.45,4265,80,0
2025-08-04 18:00:00+03:00,23098.45,23106.35,23071.35,23096.05,4115,80,0
2025-08-04 18:15:00+03:00,23096.05,23106.25,23073.55,23094.55,3807,80,0
2025-08-04 18:30:00+03:00,23094.45,23111.25,23082.05,23093.05,3813,80,0
2025-08-04 18:45:00+03:00,23093.25,23146.55,23086.55,23137.25,3183,80,0
2025-08-04 19:00:00+03:00,23137.55,23150.05,23131.55,23140.35,3084,80,0
2025-08-04 19:15:00+03:00,23140.85,23158.65,23139.15,23146.25,2633,80,0
2025-08-04 19:30:00+03:00,23146.25,23156.85,23135.65,23142.35,2471,80,0
2025-08-04 19:45:00+03:00,23142.15,23161.65,23141.85,23152.65,2486,80,0
2025-08-04 20:00:00+03:00,23152.55,23165.75,23148.25,23165.15,2223,80,0
2025-08-04 20:15:00+03:00,23165.35,23166.75,23156.25,23162.65,2297,80,0
2025-08-04 20:30:00+03:00,23163.15,23167.55,23142.15,23144.85,2290,80,0
2025-08-04 20:45:00+03:00,23144.75,23155.05,23123.85,23150.65,2734,80,0
2025-08-04 21:00:00+03:00,23150.35,23165.85,23140.85,23145.85,2634,80,0
2025-08-04 21:15:00+03:00,23145.65,23155.05,23141.55,23147.85,2478,80,0
2025-08-04 21:30:00+03:00,23147.85,23158.85,23138.15,23142.65,2457,80,0
2025-08-04 21:45:00+03:00,23142.75,23147.75,23138.85,23143.65,2288,80,0
2025-08-04 22:00:00+03:00,23143.35,23158.65,23137.05,23155.15,2469,80,0
2025-08-04 22:15:00+03:00,23155.15,23178.75,23147.85,23148.65,2628,80,0
2025-08-04 22:30:00+03:00,23148.65,23160.35,23135.65,23151.15,2599,80,0
2025-08-04 22:45:00+03:00,23150.05,23188.85,23148.35,23178.45,3298,80,0
2025-08-04 23:00:00+03:00,23179.26,23219.26,23166.86,23216.16,3097,138,0
2025-08-04 23:15:00+03:00,23216.66,23220.86,23207.96,23218.16,1481,178,0
2025-08-04 23:30:00+03:00,23217.86,23233.86,23214.36,23229.36,1515,178,0
2025-08-04 23:45:00+03:00,23229.06,23231.16,23226.16,23228.86,406,178,0
2025-08-05 01:00:00+03:00,23223.16,23226.66,23218.86,23220.66,441,168,0
2025-08-05 01:15:00+03:00,23220.86,23224.66,23209.16,23210.66,857,168,0
2025-08-05 01:30:00+03:00,23210.76,23213.06,23201.16,23208.46,1114,178,0
2025-08-05 01:45:00+03:00,23208.36,23214.36,23205.16,23211.16,702,168,0
2025-08-05 02:00:00+03:00,23211.46,23224.05,23209.85,23223.55,704,150,0
2025-08-05 02:15:00+03:00,23223.75,23233.45,23208.75,23210.55,1019,160,0
2025-08-05 02:30:00+03:00,23210.55,23215.35,23199.75,23214.95,1030,160,0
2025-08-05 02:45:00+03:00,23215.15,23219.05,23206.35,23218.75,1099,160,0
2025-08-05 03:00:00+03:00,23217.75,23218.65,23207.65,23209.25,1710,170,0
2025-08-05 03:15:00+03:00,23209.15,23210.25,23199.45,23207.15,1165,160,0
2025-08-05 03:30:00+03:00,23207.55,23230.65,23206.55,23226.15,1047,160,0
2025-08-05 03:45:00+03:00,23226.45,23258.35,23216.55,23231.15,2200,180,0
2025-08-05 04:00:00+03:00,23231.15,23255.75,23229.35,23241.75,1812,170,0
2025-08-05 04:15:00+03:00,23242.15,23242.15,23221.35,23230.65,1862,170,0
2025-08-05 04:30:00+03:00,23230.65,23238.25,23220.75,23237.65,1449,160,0
2025-08-05 04:45:00+03:00,23238.05,23238.35,23219.55,23224.95,1218,160,0
2025-08-05 05:00:00+03:00,23225.05,23229.55,23220.65,23221.05,824,150,0
2025-08-05 05:15:00+03:00,23221.55,23224.25,23217.05,23220.75,883,150,0
2025-08-05 05:30:00+03:00,23221.05,23231.95,23219.95,23222.75,760,150,0
2025-08-05 05:45:00+03:00,23222.75,23228.85,23217.95,23225.05,603,150,0
2025-08-05 06:00:00+03:00,23224.85,23227.75,23216.45,23220.55,662,150,0
2025-08-05 06:15:00+03:00,23220.55,23225.55,23209.65,23219.25,749,150,0
2025-08-05 06:30:00+03:00,23219.45,23239.95,23219.45,23236.45,982,160,0
2025-08-05 06:45:00+03:00,23236.55,23241.55,23226.75,23227.05,745,150,0
2025-08-05 07:00:00+03:00,23227.25,23229.55,23222.15,23224.85,628,150,0
2025-08-05 07:15:00+03:00,23224.55,23229.55,23221.05,23228.05,527,150,0
2025-08-05 07:30:00+03:00,23228.25,23233.95,23227.75,23232.35,549,150,0
2025-08-05 07:45:00+03:00,23232.25,23243.85,23231.55,23243.75,544,150,0
2025-08-05 08:00:00+03:00,23243.85,23247.75,23241.85,23243.85,832,150,0
2025-08-05 08:15:00+03:00,23243.55,23250.05,23236.15,23249.35,776,150,0
2025-08-05 08:30:00+03:00,23249.05,23250.75,23246.55,23248.35,693,150,0
2025-08-05 08:45:00+03:00,23249.25,23251.95,23245.45,23247.45,567,150,0
2025-08-05 09:00:00+03:00,23247.45,23254.55,23240.55,23253.85,1051,150,0
2025-08-05 09:15:00+03:00,23254.35,23260.95,23247.75,23252.25,1006,150,0
2025-08-05 09:30:00+03:00,23252.55,23274.15,23249.75,23269.95,1129,160,0
2025-08-05 09:45:00+03:00,23270.45,23277.45,23267.75,23270.15,760,150,0
2025-08-05 10:00:00+03:00,23269.25,23281.35,23257.85,23260.15,1649,160,0
2025-08-05 10:15:00+03:00,23261.95,23264.95,23239.05,23240.65,1554,180,0
2025-08-05 10:30:00+03:00,23241.15,23246.35,23216.85,23233.35,1848,180,0
2025-08-05 10:45:00+03:00,23233.65,23239.65,23208.85,23214.55,1908,180,0
2025-08-05 11:00:00+03:00,23214.65,23223.55,23197.85,23199.75,2407,190,0
2025-08-05 11:15:00+03:00,23199.85,23227.05,23198.55,23221.65,1878,180,0
2025-08-05 11:30:00+03:00,23221.25,23222.25,23209.45,23211.85,1348,170,0
2025-08-05 11:45:00+03:00,23212.15,23218.25,23211.85,23215.75,1107,160,0
2025-08-05 12:00:00+03:00,23215.75,23223.55,23210.75,23217.45,1132,160,0
2025-08-05 12:15:00+03:00,23217.45,23221.75,23212.75,23217.35,787,150,0
2025-08-05 12:30:00+03:00,23217.45,23234.45,23215.95,23225.75,725,150,0
2025-08-05 12:45:00+03:00,23224.95,23233.55,23221.45,23232.55,639,150,0
2025-08-05 13:00:00+03:00,23232.55,23254.75,23229.55,23248.25,1108,160,0
2025-08-05 13:15:00+03:00,23248.45,23266.45,23245.75,23260.05,1290,160,0
2025-08-05 13:30:00+03:00,23259.85,23265.65,23249.65,23264.75,1488,170,0
2025-08-05 13:45:00+03:00,23264.95,23276.85,23261.55,23269.75,1224,160,0
2025-08-05 14:00:00+03:00,23269.45,23277.95,23262.35,23272.15,1326,170,0
2025-08-05 14:15:00+03:00,23272.45,23273.75,23257.65,23258.05,1216,160,0
2025-08-05 14:30:00+03:00,23257.45,23269.15,23246.65,23267.75,1688,170,0
2025-08-05 14:45:00+03:00,23267.95,23280.25,23263.85,23267.65,1450,170,0
2025-08-05 15:00:00+03:00,23268.65,23288.15,23260.55,23284.95,1488,180,0
2025-08-05 15:15:00+03:00,23284.95,23286.05,23229.25,23254.55,2570,190,0
2025-08-05 15:30:00+03:00,23254.35,23258.15,23236.55,23256.65,1649,170,0
2025-08-05 15:45:00+03:00,23256.45,23265.05,23240.55,23245.35,2149,170,0
2025-08-05 16:00:00+03:00,23245.35,23255.85,23228.35,23233.55,2278,180,0
2025-08-05 16:15:00+03:00,23233.65,23250.55,23223.85,23232.05,2339,180,0
2025-08-05 16:30:00+03:00,23235.05,23247.25,23189.15,23239.85,4678,80,0
2025-08-05 16:45:00+03:00,23240.35,23281.45,23239.35,23264.7,4338,120,0
2025-08-05 17:00:00+03:00,23261.4,23261.4,23191.65,23198.45,4704,120,0
2025-08-05 17:15:00+03:00,23198.85,23208.75,23147.15,23174.45,4503,120,0
2025-08-05 17:30:00+03:00,23174.75,23175.65,23062.35,23071.85,4501,120,0
2025-08-05 17:45:00+03:00,23071.35,23072.95,23024.85,23066.35,4620,120,0
2025-08-05 18:00:00+03:00,23066.15,23103.85,23036.65,23100.85,4429,120,0
2025-08-05 18:15:00+03:00,23101.05,23105.05,23042.65,23056.65,4480,120,0
2025-08-05 18:30:00+03:00,23056.05,23070.15,22999.55,23030.65,4492,120,0
2025-08-05 18:45:00+03:00,23031.35,23053.85,23005.55,23041.35,4265,120,0
2025-08-05 19:00:00+03:00,23039.65,23086.55,23039.65,23074.25,4045,80,0
2025-08-05 19:15:00+03:00,23074.75,23096.55,23073.55,23083.75,3460,80,0
2025-08-05 19:30:00+03:00,23083.05,23109.35,23046.05,23054.65,3881,80,0
2025-08-05 19:45:00+03:00,23054.35,23080.85,23022.55,23066.05,3802,80,0
2025-08-05 20:00:00+03:00,23065.05,23077.15,23052.35,23071.55,3573,80,0
2025-08-05 20:15:00+03:00,23070.75,23100.65,23055.75,23095.55,3024,80,0
2025-08-05 20:30:00+03:00,23095.85,23108.65,23086.75,23102.25,3021,80,0
2025-08-05 20:45:00+03:00,23102.05,23137.05,23101.15,23126.75,2630,80,0
2025-08-05 21:00:00+03:00,23125.55,23133.75,23105.85,23106.35,3126,80,0
2025-08-05 21:15:00+03:00,23105.85,23108.55,23061.85,23064.65,3713,80,0
2025-08-05 21:30:00+03:00,23064.65,23080.15,23036.35,23047.75,3610,80,0
2025-08-05 21:45:00+03:00,23049.75,23057.95,23002.15,23033.15,3930,80,0
2025-08-05 22:00:00+03:00,23034.05,23044.85,23023.55,23039.35,3702,80,0
2025-08-05 22:15:00+03:00,23039.55,23059.65,23028.55,23056.95,3253,80,0
2025-08-05 22:30:00+03:00,23057.85,23062.85,23027.85,23029.85,3188,80,0
2025-08-05 22:45:00+03:00,23029.35,23048.35,23007.85,23018.95,3670,80,0
2025-08-05 23:00:00+03:00,23020.95,23035.36,23012.86,23029.96,2695,120,0
2025-08-05 23:15:00+03:00,23029.06,23052.16,22981.06,22996.66,2891,198,0
2025-08-05 23:30:00+03:00,22997.56,22997.56,22972.36,22985.76,2007,198,0
2025-08-05 23:45:00+03:00,22986.26,22992.76,22983.46,22988.26,556,198,0
2025-08-06 01:00:00+03:00,22967.86,22970.76,22941.56,22942.96,1407,218,0
2025-08-06 01:15:00+03:00,22942.86,22966.16,22934.16,22958.66,1820,208,0
2025-08-06 01:30:00+03:00,22958.76,22966.86,22953.86,22962.16,1201,198,0
2025-08-06 01:45:00+03:00,22961.96,22975.86,22959.46,22973.86,938,178,0
2025-08-06 02:00:00+03:00,22973.86,22977.45,22967.05,22977.45,861,160,0
2025-08-06 02:15:00+03:00,22977.45,22986.15,22964.85,22969.15,1004,160,0
2025-08-06 02:30:00+03:00,22969.65,22977.15,22956.65,22977.15,1375,170,0
2025-08-06 02:45:00+03:00,22977.15,22980.55,22941.15,22941.15,1745,170,0
2025-08-06 03:00:00+03:00,22941.25,22974.35,22937.75,22966.65,2208,190,0
2025-08-06 03:15:00+03:00,22965.95,22976.85,22956.65,22973.35,1554,180,0
2025-08-06 03:30:00+03:00,22973.25,22982.75,22961.95,22970.85,1555,180,0
2025-08-06 03:45:00+03:00,22972.25,22973.75,22955.25,22960.85,1337,170,0
2025-08-06 04:00:00+03:00,22960.75,22971.95,22953.85,22970.05,1633,180,0
2025-08-06 04:15:00+03:00,22969.75,22971.75,22960.25,22964.85,1189,170,0
2025-08-06 04:30:00+03:00,22964.85,23017.15,22962.65,23005.25,1878,170,0
2025-08-06 04:45:00+03:00,23005.45,23029.05,22994.15,23025.65,1696,170,0
2025-08-06 05:00:00+03:00,23025.15,23028.05,23011.75,23020.75,1390,170,0
2025-08-06 05:15:00+03:00,23020.55,23040.65,23018.15,23040.35,1301,170,0
2025-08-06 05:30:00+03:00,23040.45,23056.65,23040.45,23054.35,1472,170,0
2025-08-06 05:45:00+03:00,23054.35,23054.35,23035.85,23044.05,914,150,0
2025-08-06 06:00:00+03:00,23044.25,23049.45,23035.15,23035.85,906,150,0
2025-08-06 06:15:00+03:00,23035.65,23053.95,23033.25,23045.65,977,170,0
2025-08-06 06:30:00+03:00,23045.65,23058.15,23042.65,23048.95,929,160,0
2025-08-06 06:45:00+03:00,23049.15,23058.45,23047.85,23054.75,676,150,0
2025-08-06 07:00:00+03:00,23054.75,23061.95,23054.75,23056.95,748,150,0
2025-08-06 07:15:00+03:00,23057.15,23060.35,23049.25,23055.25,684,150,0
2025-08-06 07:30:00+03:00,23055.25,23059.45,23047.35,23048.25,643,160,0
2025-08-06 07:45:00+03:00,23048.35,23053.95,23045.95,23050.45,597,150,0
2025-08-06 08:00:00+03:00,23050.45,23055.45,23043.55,23046.65,817,160,0
2025-08-06 08:15:00+03:00,23046.85,23060.45,23044.65,23059.65,770,160,0
2025-08-06 08:30:00+03:00,23059.75,23082.55,23058.75,23081.65,1344,160,0
2025-08-06 08:45:00+03:00,23081.35,23090.15,23072.65,23073.45,1118,170,0
2025-08-06 09:00:00+03:00,23073.55,23083.35,23069.35,23076.65,1086,170,0
2025-08-06 09:15:00+03:00,23076.45,23089.75,23074.95,23086.15,1159,160,0
2025-08-06 09:30:00+03:00,23086.15,23095.35,23080.85,23086.35,1107,170,0
2025-08-06 09:45:00+03:00,23086.15,23092.15,23076.15,23080.15,932,160,0
2025-08-06 10:00:00+03:00,23081.45,23109.05,23079.35,23107.25,2312,170,0
2025-08-06 10:15:00+03:00,23107.25,23108.15,23084.05,23095.35,1597,180,0
2025-08-06 10:30:00+03:00,23095.25,23105.05,23092.35,23103.65,1407,170,0
2025-08-06 10:45:00+03:00,23103.65,23112.35,23094.35,23108.95,1248,170,0
2025-08-06 11:00:00+03:00,23107.95,23115.45,23092.55,23095.65,1778,170,0
2025-08-06 11:15:00+03:00,23096.05,23098.35,23076.95,23077.85,1589,170,0
2025-08-06 11:30:00+03:00,23078.15,23079.85,23044.75,23049.45,1755,170,0
2025-08-06 11:45:00+03:00,23049.75,23063.75,23046.05,23054.95,1751,190,0
2025-08-06 12:00:00+03:00,23055.15,23068.35,23052.25,23066.25,1490,180,0
2025-08-06 12:15:00+03:00,23065.65,23067.95,23036.35,23039.55,1660,180,0
2025-08-06 12:30:00+03:00,23039.55,23042.35,23024.95,23032.45,1578,180,0
2025-08-06 12:45:00+03:00,23032.55,23037.75,23021.05,23036.05,1395,170,0
2025-08-06 13:00:00+03:00,23035.75,23045.05,23011.05,23040.35,2047,190,0
2025-08-06 13:15:00+03:00,23040.05,23043.15,23010.15,23036.75,2164,180,0
2025-08-06 13:30:00+03:00,23037.15,23039.85,23013.25,23013.25,1957,180,0
2025-08-06 13:45:00+03:00,23013.45,23035.65,22996.05,23032.25,2167,180,0
2025-08-06 14:00:00+03:00,23032.55,23062.75,23026.35,23052.55,2249,190,0
2025-08-06 14:15:00+03:00,23051.85,23066.55,23048.65,23066.15,1622,180,0
2025-08-06 14:30:00+03:00,23066.05,23084.95,23065.35,23076.85,1881,190,0
2025-08-06 14:45:00+03:00,23076.75,23080.35,23061.85,23064.55,1349,180,0
2025-08-06 15:00:00+03:00,23063.25,23071.15,23029.55,23033.25,2027,190,0
2025-08-06 15:15:00+03:00,23033.75,23074.75,23030.65,23039.05,2354,190,0
2025-08-06 15:30:00+03:00,23038.15,23065.75,23035.55,23056.45,2048,190,0
2025-08-06 15:45:00+03:00,23056.55,23072.05,23054.95,23068.05,1999,180,0
2025-08-06 16:00:00+03:00,23067.25,23077.75,23062.05,23077.75,1894,170,0
2025-08-06 16:15:00+03:00,23078.65,23083.25,23054.45,23058.15,2336,170,0
2025-08-06 16:30:00+03:00,23058.35,23117.15,23039.15,23092.05,4826,80,0
2025-08-06 16:45:00+03:00,23093.85,23133.35,23063.45,23090.65,4765,120,0
2025-08-06 17:00:00+03:00,23092.15,23174.55,23087.05,23109.45,4605,120,0
2025-08-06 17:15:00+03:00,23112.05,23126.95,23054.65,23089.05,4628,120,0
2025-08-06 17:30:00+03:00,23089.45,23152.35,23069.65,23144.05,4509,120,0
2025-08-06 17:45:00+03:00,23144.85,23176.55,23116.55,23172.05,4385,120,0
2025-08-06 18:00:00+03:00,23172.35,23187.45,23148.35,23184.55,4296,120,0
2025-08-06 18:15:00+03:00,23184.45,23220.75,23181.45,23214.05,3745,80,0
2025-08-06 18:30:00+03:00,23213.75,23233.65,23188.95,23225.55,4027,80,0
2025-08-06 18:45:00+03:00,23226.15,23265.25,23223.35,23258.55,3393,80,0
2025-08-06 19:00:00+03:00,23258.05,23274.75,23247.25,23259.65,3259,80,0
2025-08-06 19:15:00+03:00,23259.85,23275.55,23249.55,23258.75,3144,80,0
2025-08-06 19:30:00+03:00,23258.75,23278.35,23238.65,23239.85,3395,80,0
2025-08-06 19:45:00+03:00,23239.85,23273.25,23235.05,23260.05,3421,80,0
2025-08-06 20:00:00+03:00,23260.05,23274.15,23250.05,23253.75,3387,80,0
2025-08-06 20:15:00+03:00,23254.15,23267.15,23247.75,23266.75,2858,80,0
2025-08-06 20:30:00+03:00,23266.05,23285.25,23256.25,23280.05,2600,80,0
2025-08-06 20:45:00+03:00,23280.35,23280.55,23252.75,23262.25,2711,80,0
2025-08-06 21:00:00+03:00,23261.75,23303.75,23259.65,23299.05,2547,80,0
2025-08-06 21:15:00+03:00,23299.05,23311.65,23293.25,23309.25,2231,80,0
2025-08-06 21:30:00+03:00,23309.15,23324.25,23303.65,23313.75,2548,80,0
2025-08-06 21:45:00+03:00,23314.25,23322.85,23298.45,23304.05,2389,80,0
2025-08-06 22:00:00+03:00,23303.45,23320.05,23300.65,23305.35,2497,80,0
2025-08-06 22:15:00+03:00,23305.85,23328.05,23304.55,23319.05,2458,80,0
2025-08-06 22:30:00+03:00,23318.55,23332.45,23308.35,23310.55,2503,80,0
2025-08-06 22:45:00+03:00,23310.55,23315.85,23294.65,23311.15,3501,80,0
2025-08-06 23:00:00+03:00,23311.15,23311.95,23290.06,23292.66,2379,120,0
2025-08-06 23:15:00+03:00,23291.66,23304.56,23285.16,23299.06,1197,178,0
2025-08-06 23:30:00+03:00,23299.06,23301.26,23287.06,23296.36,1128,168,0
2025-08-06 23:45:00+03:00,23296.46,23300.76,23291.56,23298.96,402,168,0
2025-08-07 01:00:00+03:00,23278.66,23310.46,23275.36,23303.46,912,208,0
2025-08-07 01:15:00+03:00,23303.66,23359.16,23302.66,23356.66,1583,198,0
2025-08-07 01:30:00+03:00,23354.56,23369.56,23348.56,23351.46,1421,198,0
2025-08-07 01:45:00+03:00,23351.16,23355.26,23341.26,23350.26,978,178,0
2025-08-07 02:00:00+03:00,23350.76,23366.25,23349.15,23356.05,1051,170,0
2025-08-07 02:15:00+03:00,23358.25,23358.25,23345.95,23351.15,737,150,0
2025-08-07 02:30:00+03:00,23351.35,23357.65,23345.05,23347.15,805,160,0
2025-08-07 02:45:00+03:00,23347.15,23348.65,23334.55,23341.25,1215,160,0
2025-08-07 03:00:00+03:00,23341.65,23356.35,23333.95,23356.35,1365,170,0
2025-08-07 03:15:00+03:00,23356.15,23380.15,23352.35,23375.05,1489,160,0
2025-08-07 03:30:00+03:00,23375.85,23389.05,23375.25,23380.65,1198,160,0
2025-08-07 03:45:00+03:00,23380.75,23391.35,23374.95,23378.15,1210,160,0
2025-08-07 04:00:00+03:00,23378.15,23386.45,23375.45,23380.65,1255,160,0
2025-08-07 04:15:00+03:00,23380.55,23381.15,23371.55,23378.25,1043,150,0
2025-08-07 04:30:00+03:00,23377.35,23400.65,23369.65,23396.65,1331,160,0
2025-08-07 04:45:00+03:00,23396.55,23398.25,23385.95,23385.95,1095,160,0
2025-08-07 05:00:00+03:00,23385.95,23394.95,23382.15,23388.95,927,150,0
2025-08-07 05:15:00+03:00,23388.75,23391.45,23379.45,23380.95,867,150,0
2025-08-07 05:30:00+03:00,23380.85,23388.25,23376.75,23378.45,773,150,0
2025-08-07 05:45:00+03:00,23378.45,23383.15,23375.85,23378.25,685,150,0
2025-08-07 06:00:00+03:00,23378.25,23388.65,23373.35,23374.55,769,150,0
2025-08-07 06:15:00+03:00,23374.75,23380.75,23373.95,23377.95,551,150,0
2025-08-07 06:30:00+03:00,23378.65,23384.55,23375.45,23382.75,671,150,0
2025-08-07 06:45:00+03:00,23382.75,23387.95,23377.75,23379.25,701,150,0
2025-08-07 07:00:00+03:00,23379.45,23389.05,23377.25,23386.45,619,150,0
2025-08-07 07:15:00+03:00,23386.55,23387.25,23370.25,23370.25,531,150,0
2025-08-07 07:30:00+03:00,23370.45,23375.95,23358.35,23361.25,804,150,0
2025-08-07 07:45:00+03:00,23361.45,23361.45,23347.35,23354.45,1003,150,0
2025-08-07 08:00:00+03:00,23354.85,23357.25,23344.65,23347.35,1158,160,0
2025-08-07 08:15:00+03:00,23347.35,23365.55,23347.35,23364.95,959,160,0
2025-08-07 08:30:00+03:00,23364.95,23371.95,23358.95,23367.65,986,160,0
2025-08-07 08:45:00+03:00,23367.35,23373.35,23362.45,23372.65,817,160,0
2025-08-07 09:00:00+03:00,23372.15,23382.55,23367.85,23369.85,1466,160,0
2025-08-07 09:15:00+03:00,23369.15,23382.45,23362.35,23381.35,1269,170,0
2025-08-07 09:30:00+03:00,23381.15,23386.55,23368.15,23373.05,1099,170,0
2025-08-07 09:45:00+03:00,23373.15,23378.95,23356.85,23362.15,896,150,0
2025-08-07 10:00:00+03:00,23362.15,23390.55,23360.55,23389.75,2290,180,0
2025-08-07 10:15:00+03:00,23389.85,23402.55,23369.55,23372.65,1839,180,0
2025-08-07 10:30:00+03:00,23371.15,23390.85,23369.65,23387.15,1561,170,0
2025-08-07 10:45:00+03:00,23387.35,23403.15,23384.85,23398.95,1363,160,0
2025-08-07 11:00:00+03:00,23398.55,23431.55,23397.45,23431.55,2466,170,0
2025-08-07 11:15:00+03:00,23431.55,23464.45,23421.95,23457.85,1968,180,0
2025-08-07 11:30:00+03:00,23457.85,23462.35,23430.35,23438.15,1742,180,0
2025-08-07 11:45:00+03:00,23438.15,23456.85,23436.25,23445.05,1674,170,0
2025-08-07 12:00:00+03:00,23446.05,23456.65,23427.55,23455.15,1847,180,0
2025-08-07 12:15:00+03:00,23454.85,23468.75,23443.35,23468.55,1661,180,0
2025-08-07 12:30:00+03:00,23468.35,23483.05,23458.85,23481.55,1872,180,0
2025-08-07 12:45:00+03:00,23481.65,23496.45,23474.05,23491.55,1816,180,0
2025-08-07 13:00:00+03:00,23491.65,23504.75,23488.65,23504.55,1768,180,0
2025-08-07 13:15:00+03:00,23504.35,23515.75,23487.75,23499.45,2177,180,0
2025-08-07 13:30:00+03:00,23499.25,23505.35,23486.55,23500.15,1892,180,0
2025-08-07 13:45:00+03:00,23500.15,23513.35,23499.35,23506.65,1400,160,0
2025-08-07 14:00:00+03:00,23509.95,23527.65,23495.85,23497.05,2274,170,0
2025-08-07 14:15:00+03:00,23496.85,23515.75,23496.55,23503.75,1888,180,0
2025-08-07 14:30:00+03:00,23501.85,23502.65,23473.05,23483.55,2139,180,0
2025-08-07 14:45:00+03:00,23483.45,23486.95,23469.95,23471.35,1795,180,0
2025-08-07 15:00:00+03:00,23471.15,23484.35,23465.55,23480.75,2104,180,0
2025-08-07 15:15:00+03:00,23480.75,23494.75,23479.25,23486.5,2041,180,0
2025-08-07 15:30:00+03:00,23487.2,23502.25,23475.54,23487.65,2656,200,0
2025-08-07 15:45:00+03:00,23488.55,23503.45,23483.25,23486.85,2170,190,0
2025-08-07 16:00:00+03:00,23487.75,23507.85,23486.05,23494.85,2197,180,0
2025-08-07 16:15:00+03:00,23494.65,23506.05,23480.05,23490.15,2313,170,0
2025-08-07 16:30:00+03:00,23490.95,23537.65,23473.65,23495.45,4810,80,0
2025-08-07 16:45:00+03:00,23495.45,23548.85,23460.05,23543.95,4703,120,0
2025-08-07 17:00:00+03:00,23546.15,23560.85,23471.35,23498.65,4741,120,0
2025-08-07 17:15:00+03:00,23497.95,23513.95,23434.35,23464.85,4718,120,0
2025-08-07 17:30:00+03:00,23464.95,23471.45,23431.55,23469.05,4555,120,0
2025-08-07 17:45:00+03:00,23468.55,23482.55,23410.15,23428.05,4599,120,0
2025-08-07 18:00:00+03:00,23426.85,23447.35,23403.05,23415.45,4486,120,0
2025-08-07 18:15:00+03:00,23414.95,23448.05,23388.65,23399.45,4415,120,0
2025-08-07 18:30:00+03:00,23399.35,23421.55,23390.45,23403.95,4360,120,0
2025-08-07 18:45:00+03:00,23402.85,23417.55,23372.25,23393.75,4303,80,0
2025-08-07 19:00:00+03:00,23393.35,23402.25,23355.25,23394.45,4382,90,0
2025-08-07 19:15:00+03:00,23394.45,23408.25,23378.65,23388.55,4067,80,0
2025-08-07 19:30:00+03:00,23388.55,23402.55,23303.55,23306.45,4260,80,0
2025-08-07 19:45:00+03:00,23305.95,23381.05,23285.35,23355.55,4329,120,0
2025-08-07 20:00:00+03:00,23356.05,23381.45,23323.45,23334.35,4301,120,0
2025-08-07 20:15:00+03:00,23335.35,23352.35,23302.75,23303.05,4305,120,0
2025-08-07 20:30:00+03:00,23302.35,23317.55,23277.35,23311.05,4332,120,0
2025-08-07 20:45:00+03:00,23310.25,23327.85,23298.85,23313.75,4023,120,0
2025-08-07 21:00:00+03:00,23314.45,23325.25,23241.25,23254.45,4255,120,0
2025-08-07 21:15:00+03:00,23253.95,23269.95,23225.75,23264.55,4243,120,0
2025-08-07 21:30:00+03:00,23261.85,23279.05,23243.45,23246.15,3916,80,0
2025-08-07 21:45:00+03:00,23246.05,23316.15,23244.75,23301.65,3700,80,0
2025-08-07 22:00:00+03:00,23301.25,23311.75,23284.75,23290.15,3756,80,0
2025-08-07 22:15:00+03:00,23289.95,23301.45,23274.95,23289.75,3703,80,0
2025-08-07 22:30:00+03:00,23289.75,23337.95,23288.55,23335.15,3752,80,0
2025-08-07 22:45:00+03:00,23334.95,23397.85,23331.55,23395.85,3871,80,0
2025-08-07 23:00:00+03:00,23395.76,23427.86,23393.16,23424.66,2883,138,0
2025-08-07 23:15:00+03:00,23424.26,23424.66,23403.96,23407.86,1785,198,0
2025-08-07 23:30:00+03:00,23407.66,23409.56,23395.46,23397.46,1067,178,0
2025-08-07 23:45:00+03:00,23397.66,23404.66,23395.76,23401.96,329,168,0
2025-08-08 01:00:00+03:00,23422.96,23447.26,23418.56,23446.26,690,188,0
2025-08-08 01:15:00+03:00,23446.26,23463.36,23442.96,23456.66,1060,188,0
2025-08-08 01:30:00+03:00,23456.76,23460.16,23439.56,23444.06,1020,178,0
2025-08-08 01:45:00+03:00,23443.66,23455.56,23439.96,23451.56,1034,188,0
2025-08-08 02:00:00+03:00,23451.46,23454.25,23441.85,23448.15,816,160,0
2025-08-08 02:15:00+03:00,23448.05,23453.75,23441.15,23445.75,661,160,0
2025-08-08 02:30:00+03:00,23446.05,23447.95,23434.45,23440.85,794,150,0
2025-08-08 02:45:00+03:00,23440.85,23444.85,23436.05,23437.25,812,160,0
2025-08-08 03:00:00+03:00,23437.75,23452.95,23426.35,23452.85,1660,160,0
2025-08-08 03:15:00+03:00,23452.65,23464.95,23449.35,23462.95,1385,160,0
2025-08-08 03:30:00+03:00,23463.35,23480.15,23461.75,23474.95,1515,160,0
2025-08-08 03:45:00+03:00,23475.05,23475.95,23457.15,23469.45,1376,160,0
2025-08-08 04:00:00+03:00,23469.75,23475.45,23459.95,23461.65,1115,160,0
2025-08-08 04:15:00+03:00,23461.95,23463.45,23452.15,23462.45,1146,160,0
2025-08-08 04:30:00+03:00,23462.55,23467.65,23456.65,23460.25,1221,160,0
2025-08-08 04:45:00+03:00,23460.45,23465.95,23455.95,23459.95,922,160,0
2025-08-08 05:00:00+03:00,23459.95,23471.65,23459.75,23470.65,814,150,0
2025-08-08 05:15:00+03:00,23470.55,23476.45,23469.25,23473.05,776,150,0
2025-08-08 05:30:00+03:00,23472.45,23476.85,23470.65,23476.25,564,150,0
2025-08-08 05:45:00+03:00,23475.65,23476.35,23470.15,23472.55,436,150,0
2025-08-08 06:00:00+03:00,23472.65,23475.15,23468.35,23471.55,502,150,0
2025-08-08 06:15:00+03:00,23471.65,23473.85,23463.35,23464.55,532,150,0
2025-08-08 06:30:00+03:00,23464.35,23465.05,23452.55,23454.25,873,150,0
2025-08-08 06:45:00+03:00,23454.25,23458.65,23448.85,23450.75,661,150,0
2025-08-08 07:00:00+03:00,23450.75,23454.25,23434.85,23446.55,909,150,0
2025-08-08 07:15:00+03:00,23446.75,23446.75,23437.65,23444.75,650,150,0
2025-08-08 07:30:00+03:00,23444.05,23451.55,23436.05,23439.75,622,150,0
2025-08-08 07:45:00+03:00,23440.05,23445.85,23434.45,23440.55,686,150,0
2025-08-08 08:00:00+03:00,23440.95,23451.45,23439.45,23448.95,825,160,0
2025-08-08 08:15:00+03:00,23449.05,23450.55,23425.15,23430.45,1073,160,0
2025-08-08 08:30:00+03:00,23430.75,23442.15,23426.05,23427.65,1050,170,0
2025-08-08 08:45:00+03:00,23427.95,23433.05,23400.55,23406.35,1234,170,0
2025-08-08 09:00:00+03:00,23407.15,23425.35,23405.65,23425.05,1463,180,0
2025-08-08 09:15:00+03:00,23425.35,23446.45,23420.35,23445.65,1216,170,0
2025-08-08 09:30:00+03:00,23445.65,23451.85,23435.75,23438.05,857,150,0
2025-08-08 09:45:00+03:00,23438.25,23440.95,23430.55,23432.95,667,150,0
2025-08-08 10:00:00+03:00,23433.65,23438.15,23422.55,23428.15,1504,170,0
2025-08-08 10:15:00+03:00,23428.85,23446.75,23428.35,23436.95,1074,170,0
2025-08-08 10:30:00+03:00,23437.15,23447.75,23435.65,23437.75,880,160,0
2025-08-08 10:45:00+03:00,23437.25,23438.45,23424.35,23425.75,1268,170,0
2025-08-08 11:00:00+03:00,23425.45,23452.05,23425.45,23451.95,1641,160,0
2025-08-08 11:15:00+03:00,23452.05,23455.65,23440.15,23452.65,1214,160,0
2025-08-08 11:30:00+03:00,23452.55,23456.15,23444.75,23447.15,1168,160,0
2025-08-08 11:45:00+03:00,23447.15,23454.15,23443.15,23451.25,986,160,0
2025-08-08 12:00:00+03:00,23450.95,23466.35,23449.25,23466.15,1112,150,0
2025-08-08 12:15:00+03:00,23465.85,23475.25,23460.75,23465.65,1144,150,0
2025-08-08 12:30:00+03:00,23466.25,23469.55,23457.55,23460.25,906,150,0
2025-08-08 12:45:00+03:00,23460.05,23467.65,23457.75,23459.45,1039,150,0
2025-08-08 13:00:00+03:00,23459.95,23472.95,23459.55,23464.65,1007,150,0
2025-08-08 13:15:00+03:00,23464.65,23465.15,23458.35,23460.75,672,150,0
2025-08-08 13:30:00+03:00,23460.65,23470.85,23459.65,23469.65,637,150,0
2025-08-08 13:45:00+03:00,23469.65,23471.85,23463.15,23464.75,642,150,0
2025-08-08 14:00:00+03:00,23464.65,23471.85,23459.25,23470.85,1172,150,0
2025-08-08 14:15:00+03:00,23470.85,23477.55,23466.85,23469.35,1014,150,0
2025-08-08 14:30:00+03:00,23469.55,23479.15,23465.35,23475.55,917,150,0
2025-08-08 14:45:00+03:00,23475.25,23477.55,23471.65,23471.85,647,150,0
2025-08-08 15:00:00+03:00,23472.05,23473.35,23440.95,23442.65,1446,150,0
2025-08-08 15:15:00+03:00,23442.95,23445.85,23415.95,23428.75,2304,180,0
2025-08-08 15:30:00+03:00,23429.65,23436.85,23415.75,23432.35,2038,180,0
2025-08-08 15:45:00+03:00,23433.35,23444.85,23426.45,23430.45,1955,170,0
2025-08-08 16:00:00+03:00,23430.65,23444.25,23419.15,23426.35,1999,180,0
2025-08-08 16:15:00+03:00,23426.35,23441.95,23424.15,23438.15,1831,170,0
2025-08-08 16:30:00+03:00,23438.65,23511.25,23428.05,23501.05,4638,80,0
2025-08-08 16:45:00+03:00,23502.05,23546.15,23502.05,23541.05,4247,120,0
2025-08-08 17:00:00+03:00,23541.75,23575.55,23530.05,23536.55,4245,120,0
2025-08-08 17:15:00+03:00,23537.25,23580.85,23523.75,23573.25,4096,80,0
2025-08-08 17:30:00+03:00,23572.85,23600.25,23568.75,23584.15,3555,80,0
2025-08-08 17:45:00+03:00,23584.45,23587.45,23542.95,23549.85,3700,80,0
2025-08-08 18:00:00+03:00,23550.05,23578.95,23541.95,23576.95,3727,80,0
2025-08-08 18:15:00+03:00,23576.75,23579.25,23558.75,23563.95,3504,80,0
2025-08-08 18:30:00+03:00,23562.85,23565.45,23510.25,23517.75,4067,80,0
2025-08-08 18:45:00+03:00,23518.05,23579.15,23511.25,23577.95,3625,80,0
2025-08-08 19:00:00+03:00,23577.85,23594.45,23572.65,23582.95,3022,80,0
2025-08-08 19:15:00+03:00,23582.95,23601.35,23579.75,23589.15,2985,80,0
2025-08-08 19:30:00+03:00,23589.35,23597.15,23580.85,23590.15,2918,80,0
2025-08-08 19:45:00+03:00,23589.95,23595.95,23573.15,23574.45,2885,80,0
2025-08-08 20:00:00+03:00,23574.45,23578.95,23557.25,23570.85,3027,80,0
2025-08-08 20:15:00+03:00,23570.65,23582.45,23553.25,23558.95,3012,80,0
2025-08-08 20:30:00+03:00,23559.45,23598.45,23558.25,23593.75,2726,80,0
2025-08-08 20:45:00+03:00,23593.75,23600.25,23584.45,23596.95,2533,80,0
2025-08-08 21:00:00+03:00,23597.25,23620.95,23597.25,23600.75,2767,80,0
2025-08-08 21:15:00+03:00,23600.75,23611.75,23587.45,23604.45,2379,80,0
2025-08-08 21:30:00+03:00,23604.35,23614.95,23598.95,23606.85,2272,80,0
2025-08-08 21:45:00+03:00,23606.95,23615.35,23600.35,23608.45,2308,80,0
2025-08-08 22:00:00+03:00,23608.45,23612.15,23601.25,23605.25,2329,80,0
2025-08-08 22:15:00+03:00,23605.25,23618.35,23601.25,23603.05,2353,80,0
2025-08-08 22:30:00+03:00,23603.05,23603.05,23578.25,23582.25,2773,80,0
2025-08-08 22:45:00+03:00,23582.05,23615.05,23574.25,23610.05,3533,80,0
2025-08-08 23:00:00+03:00,23610.25,23660.16,23608.66,23660.16,2397,80,0
2025-08-08 23:15:00+03:00,23657.66,23657.86,23645.46,23648.76,1361,168,0
2025-08-08 23:30:00+03:00,23648.56,23654.56,23646.36,23646.86,914,168,0
2025-08-08 23:45:00+03:00,23646.86,23648.86,23642.56,23646.06,289,168,0
2025-08-11 01:00:00+03:00,23625.86,23630.86,23618.26,23628.86,948,188,0
2025-08-11 01:15:00+03:00,23628.86,23641.16,23621.56,23629.76,1270,188,0
2025-08-11 01:30:00+03:00,23629.86,23632.56,23623.66,23623.96,618,168,0
2025-08-11 01:45:00+03:00,23624.06,23628.16,23621.86,23625.16,422,168,0
2025-08-11 02:00:00+03:00,23625.26,23635.15,23616.85,23618.15,985,160,0
2025-08-11 02:15:00+03:00,23618.35,23618.45,23600.05,23600.55,855,150,0
2025-08-11 02:30:00+03:00,23601.45,23608.95,23594.95,23596.45,905,150,0
2025-08-11 02:45:00+03:00,23596.25,23604.45,23595.05,23600.75,717,150,0
2025-08-11 03:00:00+03:00,23601.45,23628.35,23600.15,23625.85,1730,160,0
2025-08-11 03:15:00+03:00,23625.85,23630.35,23622.35,23626.25,994,150,0
2025-08-11 03:30:00+03:00,23626.25,23630.65,23624.25,23628.35,760,150,0
2025-08-11 03:45:00+03:00,23628.75,23628.95,23619.45,23626.15,853,150,0
2025-08-11 04:00:00+03:00,23625.95,23632.45,23620.25,23629.65,1077,150,0
2025-08-11 04:15:00+03:00,23629.15,23636.15,23625.15,23635.95,894,150,0
2025-08-11 04:30:00+03:00,23635.65,23655.65,23635.65,23646.55,1375,150,0
2025-08-11 04:45:00+03:00,23646.35,23652.15,23641.65,23651.25,870,150,0
2025-08-11 05:00:00+03:00,23651.05,23659.65,23650.55,23658.15,885,150,0
2025-08-11 05:15:00+03:00,23658.45,23663.85,23649.95,23651.45,1089,150,0
2025-08-11 05:30:00+03:00,23651.25,23654.55,23650.35,23651.95,721,150,0
2025-08-11 05:45:00+03:00,23651.95,23651.95,23643.65,23650.05,684,150,0
2025-08-11 06:00:00+03:00,23650.05,23662.65,23648.65,23660.55,733,150,0
2025-08-11 06:15:00+03:00,23660.65,23666.15,23651.15,23654.25,928,150,0
2025-08-11 06:30:00+03:00,23654.25,23655.55,23645.95,23650.25,679,150,0
2025-08-11 06:45:00+03:00,23650.55,23651.05,23644.15,23648.45,522,150,0
2025-08-11 07:00:00+03:00,23648.45,23651.65,23639.55,23651.15,680,150,0
2025-08-11 07:15:00+03:00,23651.05,23651.15,23634.25,23634.35,628,150,0
2025-08-11 07:30:00+03:00,23634.35,23636.75,23631.25,23632.15,557,150,0
2025-08-11 07:45:00+03:00,23632.45,23637.65,23627.75,23635.75,556,150,0
2025-08-11 08:00:00+03:00,23635.75,23642.15,23630.75,23633.05,835,150,0
2025-08-11 08:15:00+03:00,23633.15,23637.05,23631.05,23633.25,616,150,0
2025-08-11 08:30:00+03:00,23633.25,23639.25,23627.85,23630.95,750,150,0
2025-08-11 08:45:00+03:00,23630.85,23633.15,23625.45,23632.45,708,150,0
2025-08-11 09:00:00+03:00,23632.15,23643.85,23628.45,23628.65,1113,160,0
2025-08-11 09:15:00+03:00,23628.65,23635.15,23622.45,23627.75,871,150,0
2025-08-11 09:30:00+03:00,23627.85,23641.65,23626.15,23639.65,827,150,0
2025-08-11 09:45:00+03:00,23639.85,23653.75,23639.85,23653.75,898,150,0
2025-08-11 10:00:00+03:00,23653.45,23657.85,23642.65,23642.95,1688,160,0
2025-08-11 10:15:00+03:00,23642.85,23643.35,23633.85,23634.95,1191,160,0
2025-08-11 10:30:00+03:00,23635.15,23635.95,23613.85,23616.55,1375,160,0
2025-08-11 10:45:00+03:00,23616.15,23616.15,23587.05,23599.65,1710,170,0
2025-08-11 11:00:00+03:00,23599.05,23602.45,23561.35,23572.05,2738,200,0
2025-08-11 11:15:00+03:00,23572.25,23588.35,23563.35,23583.65,2053,180,0
2025-08-11 11:30:00+03:00,23582.85,23598.35,23579.65,23595.85,1624,170,0
2025-08-11 11:45:00+03:00,23595.65,23597.95,23584.65,23593.85,1370,170,0
2025-08-11 12:00:00+03:00,23593.65,23608.65,23591.55,23606.95,1243,170,0
2025-08-11 12:15:00+03:00,23606.85,23615.25,23603.85,23615.25,1059,150,0
2025-08-11 12:30:00+03:00,23615.45,23621.45,23613.95,23618.95,1032,150,0
2025-08-11 12:45:00+03:00,23618.95,23624.95,23614.35,23616.55,892,150,0
2025-08-11 13:00:00+03:00,23616.25,23619.85,23611.95,23619.85,979,150,0
2025-08-11 13:15:00+03:00,23619.75,23637.85,23618.65,23631.35,1071,150,0
2025-08-11 13:30:00+03:00,23631.45,23633.15,23616.65,23617.35,912,150,0
2025-08-11 13:45:00+03:00,23617.45,23621.85,23603.05,23619.15,1221,160,0
2025-08-11 14:00:00+03:00,23616.45,23630.35,23616.45,23621.05,1374,170,0
2025-08-11 14:15:00+03:00,23621.45,23627.15,23613.35,23615.05,1115,150,0
2025-08-11 14:30:00+03:00,23614.85,23622.45,23613.05,23620.45,1043,150,0
2025-08-11 14:45:00+03:00,23620.65,23633.15,23620.45,23628.75,1123,150,0
2025-08-11 15:00:00+03:00,23628.35,23648.05,23628.35,23635.85,1720,160,0
2025-08-11 15:15:00+03:00,23636.55,23649.35,23622.05,23627.25,1758,160,0
2025-08-11 15:30:00+03:00,23627.25,23628.55,23605.75,23614.55,2065,170,0
2025-08-11 15:45:00+03:00,23614.65,23620.35,23601.35,23615.55,1596,160,0
2025-08-11 16:00:00+03:00,23615.35,23618.25,23600.05,23616.95,2081,170,0
2025-08-11 16:15:00+03:00,23615.95,23619.75,23594.15,23608.95,2151,160,0
2025-08-11 16:30:00+03:00,23609.35,23631.85,23574.85,23623.05,4630,80,0
2025-08-11 16:45:00+03:00,23622.95,23638.05,23601.55,23637.55,4244,120,0
2025-08-11 17:00:00+03:00,23637.55,23652.85,23616.35,23639.75,3862,80,0
2025-08-11 17:15:00+03:00,23640.05,23660.75,23634.55,23645.75,3600,80,0
2025-08-11 17:30:00+03:00,23645.75,23654.75,23637.25,23650.05,3482,80,0
2025-08-11 17:45:00+03:00,23650.05,23653.45,23615.35,23622.85,3547,80,0
2025-08-11 18:00:00+03:00,23622.55,23642.85,23610.55,23642.55,3497,80,0
2025-08-11 18:15:00+03:00,23642.05,23646.85,23626.65,23630.35,3066,80,0
2025-08-11 18:30:00+03:00,23629.95,23639.15,23611.85,23624.65,3237,80,0
2025-08-11 18:45:00+03:00,23624.85,23659.55,23619.35,23659.55,3340,80,0
2025-08-11 19:00:00+03:00,23659.35,23699.85,23652.65,23682.85,3151,80,0
2025-08-11 19:15:00+03:00,23682.85,23689.55,23670.35,23681.05,2792,80,0
2025-08-11 19:30:00+03:00,23681.05,23684.85,23635.85,23637.45,2799,80,0
2025-08-11 19:45:00+03:00,23636.85,23652.85,23631.35,23632.05,2955,80,0
2025-08-11 20:00:00+03:00,23632.35,23648.35,23629.65,23630.55,2660,80,0
2025-08-11 20:15:00+03:00,23630.95,23636.85,23619.45,23624.05,2625,80,0
2025-08-11 20:30:00+03:00,23623.45,23632.35,23591.55,23605.35,3095,80,0
2025-08-11 20:45:00+03:00,23605.65,23608.55,23584.15,23593.45,2886,80,0
2025-08-11 21:00:00+03:00,23594.65,23596.65,23572.05,23587.65,2925,80,0
2025-08-11 21:15:00+03:00,23587.85,23596.05,23572.55,23577.95,2974,80,0
2025-08-11 21:30:00+03:00,23577.95,23594.35,23552.85,23552.85,2738,80,0
2025-08-11 21:45:00+03:00,23554.65,23587.55,23547.15,23581.55,2785,80,0
2025-08-11 22:00:00+03:00,23581.85,23585.35,23564.05,23566.35,2509,80,0
2025-08-11 22:15:00+03:00,23566.15,23570.55,23550.85,23559.05,2713,80,0
2025-08-11 22:30:00+03:00,23558.55,23564.95,23539.35,23545.85,2929,80,0
2025-08-11 22:45:00+03:00,23545.95,23546.85,23484.15,23534.85,3772,80,0
2025-08-11 23:00:00+03:00,23534.65,23543.86,23521.56,23524.46,2186,120,0
2025-08-11 23:15:00+03:00,23524.76,23525.46,23512.26,23519.36,1138,178,0
2025-08-11 23:30:00+03:00,23519.36,23524.86,23518.06,23524.66,660,168,0
2025-08-11 23:45:00+03:00,23524.66,23526.76,23522.86,23523.36,230,168,0
2025-08-12 01:00:00+03:00,23535.16,23541.66,23524.76,23535.36,696,198,0
2025-08-12 01:15:00+03:00,23535.46,23535.86,23514.16,23515.76,1018,178,0
2025-08-12 01:30:00+03:00,23515.76,23527.26,23514.46,23524.56,1025,178,0
2025-08-12 01:45:00+03:00,23523.76,23540.76,23517.06,23540.56,853,168,0
2025-08-12 02:00:00+03:00,23539.86,23546.05,23537.95,23541.65,697,150,0
2025-08-12 02:15:00+03:00,23541.65,23546.05,23525.05,23533.75,677,150,0
2025-08-12 02:30:00+03:00,23533.85,23543.75,23532.35,23537.65,690,150,0
2025-08-12 02:45:00+03:00,23537.65,23545.35,23530.15,23535.95,930,150,0
2025-08-12 03:00:00+03:00,23535.95,23544.35,23528.25,23538.85,1790,160,0
2025-08-12 03:15:00+03:00,23538.75,23560.65,23534.75,23556.15,1882,170,0
2025-08-12 03:30:00+03:00,23556.15,23566.05,23548.75,23552.35,1460,170,0
2025-08-12 03:45:00+03:00,23552.15,23557.15,23537.15,23538.55,1560,170,0
2025-08-12 04:00:00+03:00,23538.65,23547.05,23534.75,23537.65,1695,170,0
2025-08-12 04:15:00+03:00,23537.55,23545.85,23533.15,23540.45,1129,160,0
2025-08-12 04:30:00+03:00,23540.35,23558.65,23531.75,23554.05,1762,150,0
2025-08-12 04:45:00+03:00,23554.05,23558.15,23549.25,23558.15,940,150,0
2025-08-12 05:00:00+03:00,23557.85,23563.45,23551.65,23560.15,775,150,0
2025-08-12 05:15:00+03:00,23559.85,23566.65,23553.85,23553.85,732,150,0
2025-08-12 05:30:00+03:00,23553.85,23561.65,23553.25,23557.15,844,150,0
2025-08-12 05:45:00+03:00,23556.95,23557.25,23548.25,23550.85,690,150,0
2025-08-12 06:00:00+03:00,23550.95,23563.35,23550.15,23553.95,687,150,0
2025-08-12 06:15:00+03:00,23553.65,23562.95,23551.65,23560.75,588,150,0
2025-08-12 06:30:00+03:00,23560.85,23562.45,23556.15,23556.85,562,150,0
2025-08-12 06:45:00+03:00,23556.85,23558.15,23553.15,23556.75,538,150,0
2025-08-12 07:00:00+03:00,23556.65,23556.65,23549.75,23552.85,522,150,0
2025-08-12 07:15:00+03:00,23553.25,23556.65,23551.85,23554.95,462,150,0
2025-08-12 07:30:00+03:00,23555.15,23570.85,23549.95,23568.35,834,150,0
2025-08-12 07:45:00+03:00,23568.25,23575.65,23565.25,23571.15,695,150,0
2025-08-12 08:00:00+03:00,23571.15,23572.65,23501.45,23547.15,3062,160,0
2025-08-12 08:15:00+03:00,23547.75,23548.15,23530.65,23532.15,1433,170,0
2025-08-12 08:30:00+03:00,23532.35,23532.55,23495.55,23508.05,2047,170,0
2025-08-12 08:45:00+03:00,23507.65,23532.15,23505.05,23528.95,1611,170,0
2025-08-12 09:00:00+03:00,23529.35,23546.65,23527.25,23534.55,1808,170,0
2025-08-12 09:15:00+03:00,23534.35,23567.75,23527.45,23566.45,1788,170,0
2025-08-12 09:30:00+03:00,23566.15,23567.65,23545.15,23555.35,1608,170,0
2025-08-12 09:45:00+03:00,23555.25,23560.45,23547.35,23548.05,1105,160,0
2025-08-12 10:00:00+03:00,23547.95,23574.75,23544.15,23566.75,2503,160,0
2025-08-12 10:15:00+03:00,23566.45,23573.05,23546.75,23563.15,2129,180,0
2025-08-12 10:30:00+03:00,23563.25,23565.75,23537.95,23549.95,2041,180,0
2025-08-12 10:45:00+03:00,23550.05,23570.05,23549.95,23565.55,1350,160,0
2025-08-12 11:00:00+03:00,23564.85,23571.45,23550.85,23551.05,1863,160,0
2025-08-12 11:15:00+03:00,23550.75,23560.35,23547.65,23550.25,1333,170,0
2025-08-12 11:30:00+03:00,23549.85,23555.75,23538.85,23543.05,1399,160,0
2025-08-12 11:45:00+03:00,23542.95,23545.45,23534.55,23540.95,1099,150,0
2025-08-12 12:00:00+03:00,23540.35,23545.15,23537.95,23541.65,662,150,0
2025-08-12 12:15:00+03:00,23542.65,23548.35,23535.75,23544.85,948,150,0
2025-08-12 12:30:00+03:00,23544.75,23547.55,23537.75,23539.75,1023,150,0
2025-08-12 12:45:00+03:00,23539.65,23551.35,23534.55,23535.35,1158,160,0
2025-08-12 13:00:00+03:00,23534.75,23544.05,23525.25,23543.95,1403,160,0
2025-08-12 13:15:00+03:00,23543.75,23544.95,23532.05,23533.75,1199,150,0
2025-08-12 13:30:00+03:00,23533.65,23541.35,23529.55,23535.75,1051,160,0
2025-08-12 13:45:00+03:00,23536.55,23539.05,23530.85,23534.55,1036,160,0
2025-08-12 14:00:00+03:00,23534.55,23536.05,23507.85,23510.55,1477,170,0
2025-08-12 14:15:00+03:00,23510.55,23530.35,23508.65,23523.75,1319,160,0
2025-08-12 14:30:00+03:00,23522.85,23536.25,23520.75,23522.55,1234,170,0
2025-08-12 14:45:00+03:00,23522.35,23541.05,23510.65,23540.05,1639,170,0
2025-08-12 15:00:00+03:00,23539.75,23557.35,23538.05,23553.95,1842,170,0
2025-08-12 15:15:00+03:00,23553.25,23577.55,23538.95,23564.32,2193,170,0
2025-08-12 15:30:00+03:00,23564.82,23721.15,23564.72,23684.85,6097,210,0
2025-08-12 15:45:00+03:00,23685.05,23702.55,23667.15,23673.05,4554,210,0
2025-08-12 16:00:00+03:00,23673.15,23682.35,23626.05,23638.35,4909,210,0
2025-08-12 16:15:00+03:00,23638.15,23641.95,23622.45,23631.85,4072,200,0
2025-08-12 16:30:00+03:00,23632.45,23706.05,23609.85,23637.55,7535,80,0
2025-08-12 16:45:00+03:00,23637.55,23662.55,23549.85,23553.65,7659,120,0
2025-08-12 17:00:00+03:00,23555.15,23623.15,23522.05,23620.85,7368,120,0
2025-08-12 17:15:00+03:00,23621.25,23661.15,23614.25,23652.65,6849,120,0
2025-08-12 17:30:00+03:00,23652.75,23666.75,23642.55,23655.15,6200,120,0
2025-08-12 17:45:00+03:00,23655.65,23681.15,23632.65,23676.15,5773,80,0
2025-08-12 18:00:00+03:00,23675.85,23734.75,23673.05,23724.75,4894,80,0
2025-08-12 18:15:00+03:00,23725.05,23760.45,23725.05,23733.25,4532,80,0
2025-08-12 18:30:00+03:00,23733.25,23759.25,23721.25,23754.05,5044,80,0
2025-08-12 18:45:00+03:00,23754.35,23770.55,23742.85,23767.55,3932,80,0
2025-08-12 19:00:00+03:00,23767.55,23767.85,23746.55,23757.05,3276,80,0
2025-08-12 19:15:00+03:00,23756.85,23782.75,23755.35,23778.85,2972,80,0
2025-08-12 19:30:00+03:00,23779.35,23787.55,23774.45,23779.35,2699,80,0
2025-08-12 19:45:00+03:00,23779.25,23809.35,23777.55,23798.85,3114,80,0
2025-08-12 20:00:00+03:00,23799.25,23804.25,23790.05,23797.85,2763,80,0
2025-08-12 20:15:00+03:00,23797.25,23804.85,23785.35,23787.05,2323,80,0
2025-08-12 20:30:00+03:00,23786.55,23806.95,23784.55,23800.55,2611,80,0
2025-08-12 20:45:00+03:00,23800.85,23813.25,23800.35,23811.05,2232,80,0
2025-08-12 21:00:00+03:00,23811.05,23818.35,23804.95,23814.85,2330,80,0
2025-08-12 21:15:00+03:00,23814.85,23829.05,23810.85,23816.45,2515,80,0
2025-08-12 21:30:00+03:00,23816.75,23819.05,23803.75,23809.05,2351,80,0
2025-08-12 21:45:00+03:00,23808.85,23813.55,23802.55,23804.05,2140,80,0
2025-08-12 22:00:00+03:00,23803.85,23813.45,23799.05,23803.05,2258,80,0
2025-08-12 22:15:00+03:00,23803.35,23822.05,23802.55,23820.55,2473,80,0
2025-08-12 22:30:00+03:00,23820.35,23839.95,23813.95,23817.55,2980,80,0
2025-08-12 22:45:00+03:00,23817.05,23845.55,23808.25,23831.35,4120,80,0
2025-08-12 23:00:00+03:00,23831.05,23836.06,23820.46,23827.86,1898,80,0
2025-08-12 23:15:00+03:00,23828.26,23834.36,23827.56,23834.16,653,168,0
2025-08-12 23:30:00+03:00,23834.16,23836.26,23830.66,23831.36,536,168,0
2025-08-12 23:45:00+03:00,23831.26,23836.06,23830.76,23834.16,212,168,0
2025-08-13 01:00:00+03:00,23834.96,23836.96,23827.46,23832.46,615,178,0
2025-08-13 01:15:00+03:00,23832.66,23834.16,23824.76,23829.76,713,168,0
2025-08-13 01:30:00+03:00,23829.96,23830.06,23825.76,23829.46,405,168,0
2025-08-13 01:45:00+03:00,23829.16,23830.06,23825.76,23829.46,305,168,0
2025-08-13 02:00:00+03:00,23828.76,23841.25,23827.35,23840.05,596,150,0
2025-08-13 02:15:00+03:00,23840.15,23842.25,23832.75,23840.65,377,150,0
2025-08-13 02:30:00+03:00,23840.65,23846.25,23833.85,23844.55,400,150,0
2025-08-13 02:45:00+03:00,23843.95,23862.85,23836.85,23859.65,1531,160,0
2025-08-13 03:00:00+03:00,23858.75,23865.25,23841.25,23851.55,2040,170,0
2025-08-13 03:15:00+03:00,23851.65,23857.55,23844.35,23845.85,1210,160,0
2025-08-13 03:30:00+03:00,23846.05,23847.35,23836.55,23837.25,909,150,0
2025-08-13 03:45:00+03:00,23837.05,23859.45,23836.35,23840.55,1271,160,0
2025-08-13 04:00:00+03:00,23840.75,23847.25,23838.35,23838.55,877,150,0
2025-08-13 04:15:00+03:00,23838.35,23841.55,23832.35,23835.05,766,150,0
2025-08-13 04:30:00+03:00,23834.85,23836.65,23828.05,23830.15,768,150,0
2025-08-13 04:45:00+03:00,23830.05,23833.05,23824.75,23827.65,709,150,0
2025-08-13 05:00:00+03:00,23827.65,23828.65,23821.25,23828.05,723,150,0
2025-08-13 05:15:00+03:00,23828.85,23845.65,23828.85,23845.35,803,150,0
2025-08-13 05:30:00+03:00,23845.35,23850.55,23840.05,23843.25,647,150,0
2025-08-13 05:45:00+03:00,23843.35,23846.85,23841.55,23845.15,550,150,0
2025-08-13 06:00:00+03:00,23845.15,23848.25,23842.65,23847.15,532,150,0
2025-08-13 06:15:00+03:00,23847.35,23857.15,23841.85,23842.05,670,150,0
2025-08-13 06:30:00+03:00,23842.05,23846.55,23840.35,23844.65,857,150,0
2025-08-13 06:45:00+03:00,23844.75,23846.15,23841.05,23841.25,505,150,0
2025-08-13 07:00:00+03:00,23841.65,23849.75,23841.05,23849.35,567,150,0
2025-08-13 07:15:00+03:00,23849.55,23856.85,23849.55,23854.35,516,150,0
2025-08-13 07:30:00+03:00,23854.35,23861.35,23854.05,23857.65,542,150,0
2025-08-13 07:45:00+03:00,23857.35,23861.85,23854.05,23855.25,510,150,0
2025-08-13 08:00:00+03:00,23854.85,23859.05,23849.35,23850.15,628,150,0
2025-08-13 08:15:00+03:00,23850.25,23855.25,23848.55,23853.75,545,150,0
2025-08-13 08:30:00+03:00,23853.55,23856.15,23851.25,23853.15,512,150,0
2025-08-13 08:45:00+03:00,23852.85,23854.85,23842.65,23844.55,543,150,0
2025-08-13 09:00:00+03:00,23844.75,23851.45,23842.35,23843.35,884,150,0
2025-08-13 09:15:00+03:00,23843.35,23847.95,23834.05,23845.85,1011,150,0
2025-08-13 09:30:00+03:00,23846.05,23871.75,23845.75,23867.45,1063,150,0
2025-08-13 09:45:00+03:00,23867.05,23867.45,23855.25,23858.35,681,150,0
2025-08-13 10:00:00+03:00,23858.05,23880.85,23856.85,23875.85,1700,150,0
2025-08-13 10:15:00+03:00,23876.15,23887.05,23874.45,23885.75,1319,160,0
2025-08-13 10:30:00+03:00,23886.25,23886.25,23873.45,23882.05,1300,160,0
2025-08-13 10:45:00+03:00,23882.45,23889.85,23879.55,23888.55,1062,150,0
2025-08-13 11:00:00+03:00,23888.35,23899.75,23876.35,23895.35,1636,150,0
2025-08-13 11:15:00+03:00,23896.25,23908.15,23892.35,23902.75,1217,160,0
2025-08-13 11:30:00+03:00,23902.65,23915.55,23892.95,23898.45,1324,160,0
2025-08-13 11:45:00+03:00,23899.05,23900.55,23888.95,23893.55,1033,160,0
2025-08-13 12:00:00+03:00,23893.35,23895.05,23885.55,23894.95,962,150,0
2025-08-13 12:15:00+03:00,23895.05,23895.55,23884.05,23887.05,906,150,0
2025-08-13 12:30:00+03:00,23887.15,23896.55,23884.55,23889.25,692,150,0
2025-08-13 12:45:00+03:00,23889.05,23908.75,23889.05,23905.35,1029,150,0
2025-08-13 13:00:00+03:00,23905.25,23910.95,23899.35,23906.45,970,160,0
2025-08-13 13:15:00+03:00,23906.45,23912.25,23896.95,23900.25,751,150,0
2025-08-13 13:30:00+03:00,23899.95,23905.85,23890.65,23891.55,831,150,0
2025-08-13 13:45:00+03:00,23890.85,23894.95,23886.85,23892.35,984,150,0
2025-08-13 14:00:00+03:00,23891.55,23898.65,23889.45,23891.35,845,150,0
2025-08-13 14:15:00+03:00,23892.05,23899.25,23886.55,23892.95,874,150,0
2025-08-13 14:30:00+03:00,23892.75,23897.85,23883.55,23891.55,1162,160,0
2025-08-13 14:45:00+03:00,23891.75,23900.55,23885.75,23892.45,1170,160,0
2025-08-13 15:00:00+03:00,23893.55,23902.75,23888.25,23891.75,1280,160,0
2025-08-13 15:15:00+03:00,23891.95,23907.65,23891.95,23904.55,1243,160,0
2025-08-13 15:30:00+03:00,23904.65,23924.25,23902.45,23922.95,1651,160,0
2025-08-13 15:45:00+03:00,23922.15,23932.25,23917.45,23918.65,1270,160,0
2025-08-13 16:00:00+03:00,23918.65,23933.65,23917.45,23932.65,1459,160,0
2025-08-13 16:15:00+03:00,23933.15,23944.85,23925.25,23943.35,1857,160,0
2025-08-13 16:30:00+03:00,23943.95,23967.65,23928.65,23944.65,6877,80,0
2025-08-13 16:45:00+03:00,23944.65,23960.15,23905.15,23916.25,6288,120,0
2025-08-13 17:00:00+03:00,23917.45,23917.45,23876.25,23894.15,6732,120,0
2025-08-13 17:15:00+03:00,23894.15,23903.95,23846.75,23856.45,6178,120,0
2025-08-13 17:30:00+03:00,23856.55,23872.45,23842.45,23866.75,5753,80,0
2025-08-13 17:45:00+03:00,23866.75,23869.55,23832.15,23858.85,5244,80,0
2025-08-13 18:00:00+03:00,23858.35,23860.35,23805.95,23811.15,5562,80,0
2025-08-13 18:15:00+03:00,23810.95,23848.75,23791.95,23824.45,5047,80,0
2025-08-13 18:30:00+03:00,23824.65,23857.65,23817.35,23853.85,4598,80,0
2025-08-13 18:45:00+03:00,23853.65,23854.65,23817.65,23824.85,4098,80,0
2025-08-13 19:00:00+03:00,23825.35,23839.45,23818.35,23830.35,3869,80,0
2025-08-13 19:15:00+03:00,23830.15,23839.15,23807.45,23820.65,3734,80,0
2025-08-13 19:30:00+03:00,23820.65,23825.85,23798.45,23813.65,3722,80,0
2025-08-13 19:45:00+03:00,23813.65,23815.85,23785.95,23799.15,3962,80,0
2025-08-13 20:00:00+03:00,23798.85,23827.45,23795.35,23805.45,3647,80,0
2025-08-13 20:15:00+03:00,23805.15,23845.35,23801.25,23843.35,3273,80,0
2025-08-13 20:30:00+03:00,23842.85,23846.95,23800.85,23803.85,3471,80,0
2025-08-13 20:45:00+03:00,23804.15,23842.95,23801.85,23838.35,3020,80,0
2025-08-13 21:00:00+03:00,23838.35,23853.35,23828.85,23850.15,3129,80,0
2025-08-13 21:15:00+03:00,23850.15,23850.15,23824.65,23825.15,2996,80,0
2025-08-13 21:30:00+03:00,23825.65,23835.85,23787.05,23826.85,4394,80,0
2025-08-13 21:45:00+03:00,23826.35,23846.85,23822.65,23833.35,2967,80,0
2025-08-13 22:00:00+03:00,23833.85,23838.35,23821.85,23838.35,3013,80,0
2025-08-13 22:15:00+03:00,23838.15,23853.45,23833.65,23835.65,2920,80,0
2025-08-13 22:30:00+03:00,23835.85,23839.35,23811.45,23814.15,3298,80,0
2025-08-13 22:45:00+03:00,23815.65,23856.35,23812.15,23843.45,4114,80,0
2025-08-13 23:00:00+03:00,23842.95,23858.36,23828.66,23831.56,2421,80,0
2025-08-13 23:15:00+03:00,23831.06,23832.46,23823.26,23825.16,807,178,0
2025-08-13 23:30:00+03:00,23825.26,23828.46,23821.46,23822.16,610,168,0
2025-08-13 23:45:00+03:00,23821.96,23828.16,23821.46,23827.66,204,168,0
2025-08-14 01:00:00+03:00,23823.06,23826.06,23813.66,23819.16,666,178,0
2025-08-14 01:15:00+03:00,23819.66,23836.76,23818.46,23834.56,626,168,0
2025-08-14 01:30:00+03:00,23834.46,23841.46,23832.16,23840.96,521,168,0
2025-08-14 01:45:00+03:00,23841.16,23852.36,23839.46,23850.46,594,168,0
2025-08-14 02:00:00+03:00,23850.36,23854.95,23843.05,23843.85,551,150,0
2025-08-14 02:15:00+03:00,23843.55,23848.75,23840.25,23847.35,416,150,0
2025-08-14 02:30:00+03:00,23847.75,23865.25,23847.45,23864.95,554,150,0
2025-08-14 02:45:00+03:00,23864.75,23864.95,23850.25,23850.85,690,150,0
2025-08-14 03:00:00+03:00,23851.35,23860.05,23844.95,23859.25,1706,150,0
2025-08-14 03:15:00+03:00,23859.05,23859.25,23852.55,23856.85,927,150,0
2025-08-14 03:30:00+03:00,23856.85,23859.55,23836.25,23836.95,1226,150,0
2025-08-14 03:45:00+03:00,23836.95,23839.25,23831.95,23833.65,1065,160,0
2025-08-14 04:00:00+03:00,23833.25,23837.05,23822.95,23833.25,1393,150,0
2025-08-14 04:15:00+03:00,23833.25,23833.55,23824.85,23826.95,1302,150,0
2025-08-14 04:30:00+03:00,23826.85,23829.05,23819.45,23820.05,1221,150,0
2025-08-14 04:45:00+03:00,23820.05,23836.65,23818.35,23832.95,1038,150,0
2025-08-14 05:00:00+03:00,23832.95,23841.95,23829.45,23834.05,931,150,0
2025-08-14 05:15:00+03:00,23834.35,23836.25,23831.55,23832.75,588,150,0
2025-08-14 05:30:00+03:00,23831.85,23836.25,23825.35,23835.55,619,150,0
2025-08-14 05:45:00+03:00,23835.55,23841.05,23827.85,23841.05,588,150,0
2025-08-14 06:00:00+03:00,23841.05,23846.55,23834.05,23836.35,630,150,0
2025-08-14 06:15:00+03:00,23836.45,23836.55,23830.55,23832.35,459,150,0
2025-08-14 06:30:00+03:00,23832.85,23834.85,23828.55,23830.85,561,150,0
2025-08-14 06:45:00+03:00,23830.95,23831.55,23823.75,23827.75,541,150,0
2025-08-14 07:00:00+03:00,23827.35,23832.55,23826.75,23831.85,424,150,0
2025-08-14 07:15:00+03:00,23831.95,23833.85,23823.75,23824.85,488,150,0
2025-08-14 07:30:00+03:00,23824.85,23837.25,23822.05,23835.55,445,150,0
2025-08-14 07:45:00+03:00,23835.45,23838.65,23835.15,23836.55,447,150,0
2025-08-14 08:00:00+03:00,23836.45,23837.75,23826.65,23827.55,506,150,0
2025-08-14 08:15:00+03:00,23828.25,23831.65,23823.05,23831.15,668,150,0
2025-08-14 08:30:00+03:00,23831.25,23833.85,23816.35,23818.45,855,150,0
2025-08-14 08:45:00+03:00,23818.35,23822.25,23800.55,23812.95,1209,160,0
2025-08-14 09:00:00+03:00,23812.85,23819.75,23805.65,23807.05,1181,150,0
2025-08-14 09:15:00+03:00,23806.75,23815.55,23802.55,23809.35,1327,160,0
2025-08-14 09:30:00+03:00,23807.65,23818.65,23807.65,23813.25,930,150,0
2025-08-14 09:45:00+03:00,23813.15,23820.15,23812.15,23818.85,940,150,0
2025-08-14 10:00:00+03:00,23817.65,23827.55,23815.05,23819.65,2079,160,0
2025-08-14 10:15:00+03:00,23819.75,23831.25,23816.85,23826.25,1365,150,0
2025-08-14 10:30:00+03:00,23826.45,23831.65,23824.15,23828.75,1221,150,0
2025-08-14 10:45:00+03:00,23829.05,23836.65,23815.55,23836.35,1453,150,0
2025-08-14 11:00:00+03:00,23836.45,23840.35,23832.35,23834.75,1325,150,0
2025-08-14 11:15:00+03:00,23834.55,23841.45,23833.95,23840.25,874,150,0
2025-08-14 11:30:00+03:00,23839.55,23845.15,23827.15,23827.55,1052,150,0
2025-08-14 11:45:00+03:00,23826.65,23830.15,23823.95,23827.95,1029,150,0
2025-08-14 12:00:00+03:00,23827.75,23830.05,23820.15,23826.15,983,150,0
2025-08-14 12:15:00+03:00,23826.05,23838.25,23825.65,23837.25,1061,150,0
2025-08-14 12:30:00+03:00,23837.25,23840.65,23830.45,23834.25,986,150,0
2025-08-14 12:45:00+03:00,23834.35,23837.65,23827.05,23829.65,819,150,0
2025-08-14 13:00:00+03:00,23829.05,23832.75,23821.85,23827.15,860,150,0
2025-08-14 13:15:00+03:00,23828.05,23834.75,23825.65,23830.45,775,150,0
2025-08-14 13:30:00+03:00,23830.45,23839.55,23829.55,23831.15,839,150,0
2025-08-14 13:45:00+03:00,23831.45,23838.75,23829.05,23837.95,878,150,0
2025-08-14 14:00:00+03:00,23837.75,23838.65,23829.75,23837.25,1032,150,0
2025-08-14 14:15:00+03:00,23836.95,23851.55,23834.95,23849.95,1105,150,0
2025-08-14 14:30:00+03:00,23850.05,23852.65,23843.25,23846.45,990,150,0
2025-08-14 14:45:00+03:00,23846.25,23859.85,23844.15,23858.35,1136,150,0
2025-08-14 15:00:00+03:00,23857.65,23865.85,23848.55,23862.85,1655,160,0
2025-08-14 15:15:00+03:00,23863.05,23868.15,23847.85,23856.74,1831,160,0
2025-08-14 15:30:00+03:00,23856.84,23858.44,23696.65,23750.75,6819,210,0
2025-08-14 15:45:00+03:00,23750.45,23772.45,23731.95,23746.95,4698,210,0
2025-08-14 16:00:00+03:00,23744.95,23753.15,23719.45,23750.45,4306,210,0
2025-08-14 16:15:00+03:00,23750.45,23763.65,23727.75,23761.15,3793,200,0
2025-08-14 16:30:00+03:00,23761.25,23827.05,23744.95,23826.35,7583,120,0
2025-08-14 16:45:00+03:00,23825.85,23863.35,23801.55,23838.65,6910,120,0
2025-08-14 17:00:00+03:00,23839.35,23844.35,23808.15,23814.05,6743,120,0
2025-08-14 17:15:00+03:00,23814.85,23859.35,23812.65,23854.85,6133,120,0
2025-08-14 17:30:00+03:00,23854.85,23892.35,23854.45,23886.05,4848,80,0
2025-08-14 17:45:00+03:00,23886.05,23908.65,23844.65,23859.05,4869,80,0
2025-08-14 18:00:00+03:00,23858.45,23863.95,23830.85,23839.75,5263,80,0
2025-08-14 18:15:00+03:00,23839.35,23854.05,23767.05,23791.35,5754,80,0
2025-08-14 18:30:00+03:00,23791.35,23808.15,23775.55,23790.85,6026,120,0
2025-08-14 18:45:00+03:00,23790.65,23845.75,23784.15,23834.75,5120,80,0
2025-08-14 19:00:00+03:00,23835.55,23837.55,23768.55,23771.05,5564,80,0
2025-08-14 19:15:00+03:00,23770.55,23813.85,23768.05,23786.85,5001,80,0
2025-08-14 19:30:00+03:00,23787.55,23821.05,23786.85,23809.15,4874,80,0
2025-08-14 19:45:00+03:00,23808.85,23854.75,23802.85,23850.75,4226,80,0
2025-08-14 20:00:00+03:00,23850.75,23865.25,23845.55,23865.25,3144,80,0
2025-08-14 20:15:00+03:00,23865.25,23882.15,23857.65,23879.65,3141,80,0
2025-08-14 20:30:00+03:00,23879.75,23881.15,23841.85,23855.25,3308,80,0
2025-08-14 20:45:00+03:00,23855.25,23869.35,23840.15,23865.25,3428,80,0
2025-08-14 21:00:00+03:00,23864.25,23864.25,23810.85,23812.65,3541,80,0
2025-08-14 21:15:00+03:00,23813.05,23828.35,23799.85,23806.55,3756,80,0
2025-08-14 21:30:00+03:00,23806.25,23820.55,23797.25,23820.05,3139,80,0
2025-08-14 21:45:00+03:00,23819.25,23840.65,23814.75,23826.55,3233,80,0
2025-08-14 22:00:00+03:00,23826.25,23836.55,23819.75,23830.05,2869,80,0
2025-08-14 22:15:00+03:00,23829.55,23847.15,23821.25,23829.35,3136,80,0
2025-08-14 22:30:00+03:00,23829.75,23848.15,23821.85,23843.65,3516,80,0
2025-08-14 22:45:00+03:00,23843.65,23858.75,23819.95,23821.95,4652,80,0
2025-08-14 23:00:00+03:00,23821.75,23821.75,23769.96,23770.06,4106,120,0
2025-08-14 23:15:00+03:00,23769.96,23790.16,23769.96,23782.76,1750,188,0
2025-08-14 23:30:00+03:00,23782.76,23798.16,23779.16,23785.86,1416,178,0
2025-08-14 23:45:00+03:00,23786.26,23789.66,23784.46,23784.46,394,178,0
2025-08-15 01:00:00+03:00,23784.26,23799.46,23783.06,23794.66,839,178,0
2025-08-15 01:15:00+03:00,23794.76,23795.76,23780.96,23792.26,697,168,0
2025-08-15 01:30:00+03:00,23791.96,23796.36,23785.76,23792.96,584,168,0
2025-08-15 01:45:00+03:00,23792.46,23802.66,23790.46,23801.66,565,168,0
2025-08-15 02:00:00+03:00,23801.76,23814.35,23801.76,23807.55,813,150,0
2025-08-15 02:15:00+03:00,23807.25,23816.15,23806.95,23809.05,516,150,0
2025-08-15 02:30:00+03:00,23808.65,23813.85,23803.05,23810.65,586,150,0
2025-08-15 02:45:00+03:00,23810.55,23816.75,23794.25,23794.95,1101,150,0
2025-08-15 03:00:00+03:00,23794.75,23799.45,23779.95,23792.05,1893,170,0
2025-08-15 03:15:00+03:00,23792.05,23795.75,23781.95,23795.55,1064,150,0
2025-08-15 03:30:00+03:00,23795.55,23819.65,23794.25,23812.35,1237,150,0
2025-08-15 03:45:00+03:00,23812.65,23815.35,23795.85,23797.75,1208,150,0
2025-08-15 04:00:00+03:00,23798.05,23805.75,23796.15,23800.25,1086,150,0
2025-08-15 04:15:00+03:00,23800.35,23805.85,23796.55,23803.35,890,150,0
2025-08-15 04:30:00+03:00,23803.45,23816.35,23801.85,23814.65,1212,150,0
2025-08-15 04:45:00+03:00,23815.05,23817.55,23806.75,23809.65,880,150,0
2025-08-15 05:00:00+03:00,23809.65,23829.05,23809.05,23824.45,878,150,0
2025-08-15 05:15:00+03:00,23824.45,23832.75,23821.65,23826.65,827,150,0
2025-08-15 05:30:00+03:00,23826.65,23827.55,23816.25,23816.75,741,150,0
2025-08-15 05:45:00+03:00,23816.75,23828.15,23814.95,23824.25,596,150,0
2025-08-15 06:00:00+03:00,23824.05,23829.35,23821.25,23822.55,537,150,0
2025-08-15 06:15:00+03:00,23822.35,23830.85,23819.55,23823.85,556,150,0
2025-08-15 06:30:00+03:00,23823.75,23828.75,23816.75,23819.05,671,150,0
2025-08-15 06:45:00+03:00,23819.25,23835.65,23818.55,23835.05,684,150,0
2025-08-15 07:00:00+03:00,23835.15,23848.35,23835.05,23841.75,841,150,0
2025-08-15 07:15:00+03:00,23841.85,23847.05,23837.55,23840.55,481,150,0
2025-08-15 07:30:00+03:00,23840.75,23852.25,23839.25,23849.85,555,150,0
2025-08-15 07:45:00+03:00,23849.85,23849.85,23840.75,23843.35,485,150,0
2025-08-15 08:00:00+03:00,23842.85,23850.75,23834.05,23835.05,744,150,0
2025-08-15 08:15:00+03:00,23835.15,23837.05,23830.45,23831.75,742,150,0
2025-08-15 08:30:00+03:00,23831.15,23849.75,23830.75,23847.55,631,150,0
2025-08-15 08:45:00+03:00,23847.25,23849.55,23844.85,23847.65,476,150,0
2025-08-15 09:00:00+03:00,23845.75,23850.95,23841.95,23848.55,1096,150,0
2025-08-15 09:15:00+03:00,23848.75,23854.85,23839.85,23844.75,839,150,0
2025-08-15 09:30:00+03:00,23845.55,23857.45,23844.75,23855.05,818,150,0
2025-08-15 09:45:00+03:00,23855.25,23865.75,23854.25,23857.05,972,150,0
2025-08-15 10:00:00+03:00,23856.45,23868.65,23850.85,23854.45,1773,170,0
2025-08-15 10:15:00+03:00,23854.15,23859.75,23848.55,23852.35,1398,160,0
2025-08-15 10:30:00+03:00,23852.35,23855.45,23843.65,23847.65,1168,160,0
2025-08-15 10:45:00+03:00,23847.45,23849.75,23834.95,23846.25,1213,160,0
2025-08-15 11:00:00+03:00,23846.25,23859.65,23844.85,23850.75,1804,160,0
2025-08-15 11:15:00+03:00,23850.75,23853.25,23838.75,23840.25,1235,160,0
2025-08-15 11:30:00+03:00,23840.45,23842.15,23812.75,23821.45,1495,170,0
2025-08-15 11:45:00+03:00,23821.15,23821.15,23783.75,23789.35,2065,170,0
2025-08-15 12:00:00+03:00,23789.65,23802.95,23784.35,23800.85,1613,170,0
2025-08-15 12:15:00+03:00,23800.65,23802.15,23786.75,23798.65,1353,170,0
2025-08-15 12:30:00+03:00,23797.45,23797.45,23785.05,23791.45,1129,160,0
2025-08-15 12:45:00+03:00,23791.75,23799.95,23784.25,23785.65,1186,150,0
2025-08-15 13:00:00+03:00,23785.85,23795.05,23778.35,23793.85,1303,160,0
2025-08-15 13:15:00+03:00,23793.25,23800.65,23789.75,23800.25,917,150,0
2025-08-15 13:30:00+03:00,23800.05,23815.45,23799.75,23811.65,1164,150,0
2025-08-15 13:45:00+03:00,23811.85,23825.25,23805.05,23813.25,1055,150,0
2025-08-15 14:00:00+03:00,23812.65,23822.75,23810.55,23818.45,1065,150,0
2025-08-15 14:15:00+03:00,23818.35,23831.05,23815.25,23825.25,886,150,0
2025-08-15 14:30:00+03:00,23825.25,23828.85,23819.55,23827.35,953,150,0
2025-08-15 14:45:00+03:00,23827.35,23833.25,23821.75,23826.15,838,150,0
2025-08-15 15:00:00+03:00,23826.65,23826.65,23810.45,23813.85,1527,170,0
2025-08-15 15:15:00+03:00,23814.15,23816.85,23794.35,23804.94,1991,170,0
2025-08-15 15:30:00+03:00,23804.75,23819.75,23793.95,23806.75,3512,200,0
2025-08-15 15:45:00+03:00,23806.75,23817.55,23806.65,23811.15,1849,180,0
2025-08-15 16:00:00+03:00,23810.65,23816.15,23798.95,23802.95,2221,170,0
2025-08-15 16:15:00+03:00,23802.75,23829.75,23794.25,23817.35,3285,170,0
2025-08-15 16:30:00+03:00,23815.55,23815.55,23741.55,23759.15,7346,120,0
2025-08-15 16:45:00+03:00,23759.15,23759.65,23677.15,23709.44,6956,120,0
2025-08-15 17:00:00+03:00,23679.24,23781.05,23677.75,23778.25,6902,120,0
2025-08-15 17:15:00+03:00,23778.15,23787.05,23745.55,23762.45,6596,120,0
2025-08-15 17:30:00+03:00,23762.45,23768.75,23734.45,23738.95,6478,120,0
2025-08-15 17:45:00+03:00,23738.75,23739.75,23693.25,23710.95,5684,80,0
2025-08-15 18:00:00+03:00,23711.25,23725.65,23699.15,23721.45,5156,80,0
2025-08-15 18:15:00+03:00,23721.65,23744.45,23711.95,23713.65,4484,80,0
2025-08-15 18:30:00+03:00,23713.45,23730.45,23645.85,23652.95,5290,80,0
2025-08-15 18:45:00+03:00,23652.45,23729.75,23652.45,23699.15,5334,80,0
2025-08-15 19:00:00+03:00,23699.15,23721.05,23678.85,23720.95,4648,80,0
2025-08-15 19:15:00+03:00,23720.65,23720.65,23675.15,23678.55,4860,80,0
2025-08-15 19:30:00+03:00,23678.45,23708.35,23675.15,23701.95,4452,80,0
2025-08-15 19:45:00+03:00,23702.15,23736.95,23694.65,23729.65,4056,80,0
2025-08-15 20:00:00+03:00,23729.95,23735.45,23708.45,23714.95,3494,80,0
2025-08-15 20:15:00+03:00,23714.65,23720.15,23697.15,23717.15,3222,80,0
2025-08-15 20:30:00+03:00,23716.95,23738.95,23716.35,23721.05,2876,80,0
2025-08-15 20:45:00+03:00,23721.45,23754.45,23712.95,23751.15,2891,80,0
2025-08-15 21:00:00+03:00,23750.95,23758.65,23722.85,23731.95,4500,80,0
2025-08-15 21:15:00+03:00,23731.65,23738.65,23713.35,23735.15,3511,80,0
2025-08-15 21:30:00+03:00,23735.15,23740.95,23717.95,23719.45,2614,80,0
2025-08-15 21:45:00+03:00,23719.15,23732.45,23704.55,23722.25,2971,80,0
2025-08-15 22:00:00+03:00,23721.45,23723.45,23686.45,23718.85,4430,80,0
2025-08-15 22:15:00+03:00,23718.95,23725.15,23699.95,23718.65,3746,80,0
2025-08-15 22:30:00+03:00,23718.65,23738.05,23714.65,23732.65,3380,80,0
2025-08-15 22:45:00+03:00,23733.35,23737.35,23703.65,23716.45,4451,80,0
2025-08-15 23:00:00+03:00,23718.65,23721.76,23688.46,23719.86,2662,120,0
2025-08-15 23:15:00+03:00,23719.86,23721.86,23702.26,23706.16,1329,168,0
2025-08-15 23:30:00+03:00,23706.36,23708.96,23701.26,23704.26,863,168,0
2025-08-15 23:45:00+03:00,23704.96,23705.26,23701.26,23702.96,272,168,0
2025-08-18 01:00:00+03:00,23736.66,23756.86,23736.66,23754.06,1207,188,0
2025-08-18 01:15:00+03:00,23754.56,23760.76,23746.06,23757.36,882,168,0
2025-08-18 01:30:00+03:00,23757.86,23761.96,23755.36,23760.86,749,168,0
2025-08-18 01:45:00+03:00,23761.16,23765.46,23757.96,23760.46,587,168,0
2025-08-18 02:00:00+03:00,23760.16,23762.35,23753.15,23758.35,591,150,0
2025-08-18 02:15:00+03:00,23758.25,23760.95,23755.45,23757.75,328,150,0
2025-08-18 02:30:00+03:00,23758.45,23772.05,23757.75,23770.45,680,150,0
2025-08-18 02:45:00+03:00,23770.25,23771.05,23755.65,23763.05,906,150,0
2025-08-18 03:00:00+03:00,23762.75,23778.55,23757.85,23777.45,1371,150,0
2025-08-18 03:15:00+03:00,23777.15,23777.45,23769.45,23773.05,1082,150,0
2025-08-18 03:30:00+03:00,23772.95,23777.65,23770.95,23773.95,598,150,0
2025-08-18 03:45:00+03:00,23774.05,23774.45,23766.25,23769.75,851,150,0
2025-08-18 04:00:00+03:00,23769.45,23774.85,23767.45,23774.85,915,150,0
2025-08-18 04:15:00+03:00,23775.05,23785.15,23773.45,23783.05,808,150,0
2025-08-18 04:30:00+03:00,23783.35,23788.35,23782.45,23787.05,812,150,0
2025-08-18 04:45:00+03:00,23787.25,23793.75,23786.45,23793.75,769,150,0
2025-08-18 05:00:00+03:00,23793.55,23793.95,23787.75,23790.95,721,150,0
2025-08-18 05:15:00+03:00,23790.75,23792.05,23779.75,23786.95,755,150,0
2025-08-18 05:30:00+03:00,23787.05,23790.85,23786.05,23787.75,476,150,0
2025-08-18 05:45:00+03:00,23787.55,23789.55,23785.85,23789.25,373,150,0
2025-08-18 06:00:00+03:00,23789.25,23791.05,23788.05,23790.55,395,150,0
2025-08-18 06:15:00+03:00,23790.35,23791.75,23781.35,23781.75,495,150,0
2025-08-18 06:30:00+03:00,23782.05,23782.05,23768.85,23770.25,721,150,0
2025-08-18 06:45:00+03:00,23770.05,23776.75,23768.75,23770.05,523,150,0
2025-08-18 07:00:00+03:00,23770.05,23771.95,23758.25,23760.45,633,150,0
2025-08-18 07:15:00+03:00,23760.45,23769.05,23757.75,23768.05,632,150,0
2025-08-18 07:30:00+03:00,23768.05,23772.05,23764.95,23765.75,501,150,0
2025-08-18 07:45:00+03:00,23763.55,23767.95,23760.85,23761.45,639,150,0
2025-08-18 08:00:00+03:00,23761.45,23769.45,23759.55,23760.95,680,150,0
2025-08-18 08:15:00+03:00,23761.05,23765.35,23754.15,23755.95,677,150,0
2025-08-18 08:30:00+03:00,23755.75,23763.75,23755.65,23760.45,633,150,0
2025-08-18 08:45:00+03:00,23760.35,23768.45,23759.75,23764.75,533,150,0
2025-08-18 09:00:00+03:00,23764.05,23766.25,23740.55,23740.55,1078,150,0
2025-08-18 09:15:00+03:00,23740.45,23741.75,23712.05,23716.85,1482,160,0
2025-08-18 09:30:00+03:00,23716.45,23735.65,23684.45,23696.65,1566,170,0
2025-08-18 09:45:00+03:00,23696.65,23716.95,23690.45,23714.85,1563,170,0
2025-08-18 10:00:00+03:00,23715.25,23728.25,23694.75,23709.95,2913,170,0
2025-08-18 10:15:00+03:00,23709.75,23726.55,23705.85,23711.55,2513,190,0
2025-08-18 10:30:00+03:00,23712.25,23718.75,23692.65,23714.75,2398,180,0
2025-08-18 10:45:00+03:00,23714.75,23721.65,23704.25,23718.15,1935,170,0
2025-08-18 11:00:00+03:00,23718.15,23723.15,23679.45,23681.65,3033,170,0
2025-08-18 11:15:00+03:00,23681.45,23693.25,23655.55,23677.95,2734,200,0
2025-08-18 11:30:00+03:00,23677.55,23708.45,23671.55,23703.25,1907,160,0
2025-08-18 11:45:00+03:00,23703.55,23704.35,23688.75,23690.65,1550,180,0
2025-08-18 12:00:00+03:00,23690.85,23693.55,23678.85,23680.15,1654,170,0
2025-08-18 12:15:00+03:00,23679.75,23680.65,23651.55,23663.25,2266,170,0
2025-08-18 12:30:00+03:00,23663.25,23678.85,23661.45,23674.05,1661,170,0
2025-08-18 12:45:00+03:00,23673.35,23676.85,23666.75,23671.55,1462,160,0
2025-08-18 13:00:00+03:00,23671.45,23686.35,23669.85,23680.75,1418,160,0
2025-08-18 13:15:00+03:00,23680.75,23682.75,23668.95,23676.65,1241,160,0
2025-08-18 13:30:00+03:00,23676.65,23699.75,23676.55,23699.05,1310,160,0
2025-08-18 13:45:00+03:00,23699.15,23704.05,23696.55,23700.45,1106,150,0
2025-08-18 14:00:00+03:00,23700.25,23703.25,23688.35,23689.35,1474,160,0
2025-08-18 14:15:00+03:00,23689.55,23691.65,23672.35,23676.65,1499,160,0
2025-08-18 14:30:00+03:00,23676.35,23677.05,23659.45,23663.35,1326,170,0
2025-08-18 14:45:00+03:00,23663.45,23685.65,23663.45,23682.75,1399,160,0
2025-08-18 15:00:00+03:00,23681.85,23682.55,23658.35,23672.35,1934,170,0
2025-08-18 15:15:00+03:00,23672.05,23683.95,23670.15,23683.45,1389,160,0
2025-08-18 15:30:00+03:00,23683.15,23683.35,23666.45,23678.05,1933,160,0
2025-08-18 15:45:00+03:00,23678.65,23688.95,23677.45,23687.65,1652,160,0
2025-08-18 16:00:00+03:00,23687.15,23700.55,23669.55,23674.15,2317,160,0
2025-08-18 16:15:00+03:00,23674.05,23689.65,23672.65,23680.55,2484,170,0
2025-08-18 16:30:00+03:00,23680.65,23729.75,23680.65,23689.25,7353,80,0
2025-08-18 16:45:00+03:00,23688.95,23716.75,23647.75,23660.25,6533,120,0
2025-08-18 17:00:00+03:00,23659.95,23700.45,23658.35,23685.95,5771,90,0
2025-08-18 17:15:00+03:00,23685.25,23736.75,23673.95,23691.25,5203,80,0
2025-08-18 17:30:00+03:00,23689.25,23700.95,23664.15,23664.45,5486,80,0
2025-08-18 17:45:00+03:00,23664.45,23693.95,23631.75,23690.95,5272,80,0
2025-08-18 18:00:00+03:00,23689.95,23696.65,23670.85,23671.45,4156,80,0
2025-08-18 18:15:00+03:00,23671.15,23683.45,23651.45,23656.95,4433,80,0
2025-08-18 18:30:00+03:00,23657.45,23666.95,23641.45,23657.45,3768,80,0
2025-08-18 18:45:00+03:00,23657.95,23671.65,23652.95,23660.15,3232,80,0
2025-08-18 19:00:00+03:00,23660.35,23684.15,23657.65,23667.65,3086,80,0
2025-08-18 19:15:00+03:00,23667.15,23690.35,23663.65,23682.95,2885,80,0
2025-08-18 19:30:00+03:00,23682.55,23692.95,23648.35,23654.45,3574,80,0
2025-08-18 19:45:00+03:00,23653.85,23660.85,23635.45,23647.45,3322,80,0
2025-08-18 20:00:00+03:00,23647.65,23673.55,23645.65,23671.45,2853,80,0
2025-08-18 20:15:00+03:00,23671.65,23682.65,23665.95,23681.65,2379,80,0
2025-08-18 20:30:00+03:00,23681.45,23712.45,23663.95,23671.05,3593,80,0
2025-08-18 20:45:00+03:00,23671.15,23677.95,23664.45,23672.85,2354,80,0
2025-08-18 21:00:00+03:00,23672.95,23686.15,23662.45,23673.15,2540,80,0
2025-08-18 21:15:00+03:00,23673.15,23687.65,23664.95,23679.65,2281,80,0
2025-08-18 21:30:00+03:00,23679.95,23697.55,23678.55,23695.95,2252,80,0
2025-08-18 21:45:00+03:00,23695.95,23714.65,23690.15,23707.95,2527,80,0
2025-08-18 22:00:00+03:00,23707.45,23724.65,23700.95,23702.15,2767,80,0
2025-08-18 22:15:00+03:00,23702.35,23715.95,23697.45,23704.45,2532,80,0
2025-08-18 22:30:00+03:00,23704.45,23715.95,23698.95,23708.45,2520,80,0
2025-08-18 22:45:00+03:00,23708.15,23728.55,23705.65,23710.15,3546,80,0
2025-08-18 23:00:00+03:00,23709.15,23717.86,23700.86,23709.66,1895,80,0
2025-08-18 23:15:00+03:00,23709.66,23710.96,23696.26,23702.96,712,168,0
2025-08-18 23:30:00+03:00,23702.86,23707.46,23697.16,23700.96,688,168,0
2025-08-18 23:45:00+03:00,23700.86,23705.76,23699.86,23704.76,137,168,0
2025-08-19 01:00:00+03:00,23733.66,23751.56,23733.66,23742.46,1134,188,0
2025-08-19 01:15:00+03:00,23742.06,23743.56,23726.06,23727.56,701,168,0
2025-08-19 01:30:00+03:00,23728.06,23733.46,23722.56,23727.06,578,168,0
2025-08-19 01:45:00+03:00,23726.66,23739.16,23726.56,23734.96,502,168,0
2025-08-19 02:00:00+03:00,23734.96,23739.05,23725.05,23726.75,666,150,0
2025-08-19 02:15:00+03:00,23726.85,23732.95,23726.75,23731.45,402,150,0
2025-08-19 02:30:00+03:00,23731.25,23731.25,23717.05,23718.15,577,150,0
2025-08-19 02:45:00+03:00,23718.15,23727.85,23718.05,23719.65,648,150,0
2025-08-19 03:00:00+03:00,23720.25,23720.35,23708.35,23713.45,1655,150,0
2025-08-19 03:15:00+03:00,23713.35,23716.85,23696.55,23697.05,1378,150,0
2025-08-19 03:30:00+03:00,23697.35,23699.25,23677.25,23685.95,1822,180,0
2025-08-19 03:45:00+03:00,23685.75,23699.15,23685.05,23695.65,1229,160,0
2025-08-19 04:00:00+03:00,23695.65,23706.85,23692.95,23694.45,1684,160,0
2025-08-19 04:15:00+03:00,23694.35,23702.45,23692.65,23693.65,1277,160,0
2025-08-19 04:30:00+03:00,23693.65,23699.95,23685.95,23698.95,1521,160,0
2025-08-19 04:45:00+03:00,23698.85,23700.15,23685.85,23685.85,1146,160,0
2025-08-19 05:00:00+03:00,23683.85,23698.95,23683.85,23694.65,1076,150,0
2025-08-19 05:15:00+03:00,23694.25,23695.15,23679.95,23689.05,825,150,0
2025-08-19 05:30:00+03:00,23688.95,23697.65,23688.65,23690.45,732,150,0
2025-08-19 05:45:00+03:00,23690.45,23690.45,23677.25,23678.75,872,150,0
2025-08-19 06:00:00+03:00,23678.75,23681.65,23673.95,23677.95,778,150,0
2025-08-19 06:15:00+03:00,23677.95,23700.55,23675.95,23698.85,943,150,0
2025-08-19 06:30:00+03:00,23698.65,23698.65,23667.85,23669.85,1176,160,0
2025-08-19 06:45:00+03:00,23669.65,23673.75,23666.65,23668.75,841,150,0
2025-08-19 07:00:00+03:00,23668.65,23670.15,23660.45,23664.95,846,150,0
2025-08-19 07:15:00+03:00,23665.05,23665.65,23653.75,23655.35,759,150,0
2025-08-19 07:30:00+03:00,23655.45,23670.05,23654.75,23666.55,723,150,0
2025-08-19 07:45:00+03:00,23666.25,23676.05,23665.05,23672.45,676,150,0
2025-08-19 08:00:00+03:00,23671.65,23678.15,23653.35,23654.45,1038,150,0
2025-08-19 08:15:00+03:00,23654.65,23658.05,23645.85,23652.65,828,150,0
2025-08-19 08:30:00+03:00,23652.75,23662.95,23649.45,23656.15,938,160,0
2025-08-19 08:45:00+03:00,23655.95,23658.35,23645.65,23650.65,819,150,0
2025-08-19 09:00:00+03:00,23650.85,23665.15,23649.15,23660.95,1112,160,0
2025-08-19 09:15:00+03:00,23660.85,23669.05,23651.75,23666.45,1023,150,0
2025-08-19 09:30:00+03:00,23666.65,23671.65,23663.85,23668.45,746,150,0
2025-08-19 09:45:00+03:00,23668.45,23681.55,23666.15,23677.85,696,150,0
2025-08-19 10:00:00+03:00,23677.95,23684.95,23671.55,23672.55,1790,160,0
2025-08-19 10:15:00+03:00,23672.05,23680.65,23670.35,23672.45,1178,160,0
2025-08-19 10:30:00+03:00,23670.85,23681.15,23662.95,23680.55,1282,160,0
2025-08-19 10:45:00+03:00,23680.55,23686.85,23678.15,23685.15,1221,160,0
2025-08-19 11:00:00+03:00,23684.35,23698.85,23660.65,23668.25,1940,160,0
2025-08-19 11:15:00+03:00,23667.95,23684.55,23663.85,23684.35,1181,160,0
2025-08-19 11:30:00+03:00,23684.85,23691.15,23677.65,23688.65,1087,150,0
2025-08-19 11:45:00+03:00,23688.45,23702.65,23687.95,23701.75,981,150,0
2025-08-19 12:00:00+03:00,23701.75,23707.45,23696.45,23702.65,1119,150,0
2025-08-19 12:15:00+03:00,23703.15,23719.25,23701.75,23715.15,1069,150,0
2025-08-19 12:30:00+03:00,23715.15,23717.95,23705.25,23706.15,975,150,0
2025-08-19 12:45:00+03:00,23706.15,23709.45,23699.15,23702.05,958,150,0
2025-08-19 13:00:00+03:00,23702.05,23704.85,23687.05,23696.35,1655,160,0
2025-08-19 13:15:00+03:00,23696.35,23700.85,23688.05,23693.85,1157,160,0
2025-08-19 13:30:00+03:00,23693.65,23695.05,23675.05,23688.45,1262,160,0
2025-08-19 13:45:00+03:00,23688.15,23689.65,23665.85,23678.55,1354,170,0
2025-08-19 14:00:00+03:00,23676.85,23684.65,23670.95,23680.25,1347,170,0
2025-08-19 14:15:00+03:00,23680.15,23683.75,23676.15,23678.25,1104,160,0
2025-08-19 14:30:00+03:00,23677.25,23679.45,23670.35,23675.35,1244,160,0
2025-08-19 14:45:00+03:00,23675.55,23692.35,23675.05,23689.65,1512,150,0
2025-08-19 15:00:00+03:00,23688.95,23689.65,23667.35,23678.75,1816,160,0
2025-08-19 15:15:00+03:00,23678.65,23697.05,23675.35,23692.85,1506,170,0
2025-08-19 15:30:00+03:00,23692.85,23697.35,23681.55,23682.55,1611,170,0
2025-08-19 15:45:00+03:00,23682.65,23682.65,23654.05,23658.35,2134,170,0
2025-08-19 16:00:00+03:00,23659.15,23667.05,23650.45,23654.45,1986,170,0
2025-08-19 16:15:00+03:00,23654.65,23677.05,23654.65,23676.85,2225,170,0
2025-08-19 16:30:00+03:00,23677.55,23685.35,23575.15,23597.15,7526,80,0
2025-08-19 16:45:00+03:00,23597.95,23614.45,23555.65,23593.45,7150,120,0
2025-08-19 17:00:00+03:00,23593.45,23642.55,23587.95,23622.15,6640,120,0
2025-08-19 17:15:00+03:00,23622.05,23626.15,23538.15,23541.15,6206,120,0
2025-08-19 17:30:00+03:00,23542.05,23573.95,23477.95,23498.55,6800,120,0
2025-08-19 17:45:00+03:00,23498.35,23514.45,23455.15,23456.15,6475,120,0
2025-08-19 18:00:00+03:00,23455.95,23479.45,23430.35,23477.15,6504,120,0
2025-08-19 18:15:00+03:00,23477.15,23501.35,23466.45,23494.45,5400,90,0
2025-08-19 18:30:00+03:00,23494.65,23504.15,23475.15,23493.15,5038,80,0
2025-08-19 18:45:00+03:00,23493.05,23502.15,23467.65,23473.35,4729,80,0
2025-08-19 19:00:00+03:00,23473.65,23492.65,23431.65,23437.65,4496,80,0
2025-08-19 19:15:00+03:00,23440.35,23470.35,23439.15,23448.65,4253,80,0
2025-08-19 19:30:00+03:00,23449.15,23454.65,23399.45,23411.35,5091,80,0
2025-08-19 19:45:00+03:00,23410.95,23425.65,23387.95,23397.45,5329,120,0
2025-08-19 20:00:00+03:00,23397.45,23404.85,23365.65,23389.85,5551,100,0
2025-08-19 20:15:00+03:00,23389.75,23405.65,23360.65,23401.15,4630,80,0
2025-08-19 20:30:00+03:00,23400.65,23426.15,23398.65,23417.65,3500,80,0
2025-08-19 20:45:00+03:00,23417.75,23430.85,23403.15,23420.65,3670,80,0
2025-08-19 21:00:00+03:00,23421.85,23422.35,23377.55,23392.35,4529,80,0
2025-08-19 21:15:00+03:00,23392.35,23399.35,23382.15,23389.85,3626,80,0
2025-08-19 21:30:00+03:00,23389.85,23395.25,23363.75,23375.15,3453,80,0
2025-08-19 21:45:00+03:00,23375.35,23388.25,23362.05,23379.75,3477,80,0
2025-08-19 22:00:00+03:00,23379.75,23379.75,23343.65,23355.05,4321,80,0
2025-08-19 22:15:00+03:00,23355.55,23380.25,23345.95,23376.75,3623,80,0
2025-08-19 22:30:00+03:00,23377.05,23391.05,23376.05,23390.55,3279,80,0
2025-08-19 22:45:00+03:00,23391.05,23393.65,23355.45,23388.45,4330,80,0
2025-08-19 23:00:00+03:00,23387.85,23404.06,23385.96,23387.46,2378,100,0
2025-08-19 23:15:00+03:00,23388.16,23391.46,23382.76,23389.96,942,168,0
2025-08-19 23:30:00+03:00,23389.86,23391.06,23381.36,23386.36,666,168,0
2025-08-19 23:45:00+03:00,23386.56,23390.56,23382.56,23390.56,269,168,0
2025-08-20 01:00:00+03:00,23402.16,23404.96,23382.56,23382.86,874,208,0
2025-08-20 01:15:00+03:00,23382.96,23392.56,23373.76,23376.46,1116,188,0
2025-08-20 01:30:00+03:00,23376.66,23391.06,23374.96,23384.26,911,178,0
2025-08-20 01:45:00+03:00,23383.16,23391.86,23376.16,23377.76,913,178,0
2025-08-20 02:00:00+03:00,23378.16,23386.05,23371.45,23374.05,849,160,0
2025-08-20 02:15:00+03:00,23374.25,23375.05,23333.65,23355.55,1538,170,0
2025-08-20 02:30:00+03:00,23355.05,23356.35,23341.15,23349.25,1201,170,0
2025-08-20 02:45:00+03:00,23349.25,23353.05,23335.95,23342.05,1638,180,0
2025-08-20 03:00:00+03:00,23342.55,23343.25,23328.15,23330.25,2748,190,0
2025-08-20 03:15:00+03:00,23330.05,23340.75,23323.45,23332.85,1938,180,0
2025-08-20 03:30:00+03:00,23332.75,23336.65,23318.35,23322.05,1414,170,0
2025-08-20 03:45:00+03:00,23322.25,23342.45,23321.95,23334.25,1665,160,0
2025-08-20 04:00:00+03:00,23333.85,23344.35,23313.45,23318.25,2111,180,0
2025-08-20 04:15:00+03:00,23318.55,23323.45,23302.65,23304.85,1832,180,0
2025-08-20 04:30:00+03:00,23304.85,23309.15,23287.75,23292.65,2160,180,0
2025-08-20 04:45:00+03:00,23292.75,23308.05,23290.65,23298.55,1795,170,0
2025-08-20 05:00:00+03:00,23298.35,23305.95,23288.85,23301.15,1595,170,0
2025-08-20 05:15:00+03:00,23301.45,23308.25,23299.15,23306.25,1080,150,0
2025-08-20 05:30:00+03:00,23306.65,23311.15,23304.15,23307.75,1035,150,0
2025-08-20 05:45:00+03:00,23307.75,23314.65,23307.25,23312.25,1071,150,0
2025-08-20 06:00:00+03:00,23311.45,23315.15,23278.05,23282.95,1365,160,0
2025-08-20 06:15:00+03:00,23284.35,23286.55,23275.75,23286.45,1183,160,0
2025-08-20 06:30:00+03:00,23286.05,23292.95,23265.85,23268.25,1400,160,0
2025-08-20 06:45:00+03:00,23268.35,23269.15,23258.15,23264.95,1320,160,0
2025-08-20 07:00:00+03:00,23264.75,23274.45,23263.15,23273.25,983,150,0
2025-08-20 07:15:00+03:00,23273.45,23286.45,23270.45,23285.45,1132,150,0
2025-08-20 07:30:00+03:00,23285.25,23287.85,23264.65,23271.35,1129,160,0
2025-08-20 07:45:00+03:00,23271.25,23277.05,23267.95,23271.85,919,150,0
2025-08-20 08:00:00+03:00,23271.15,23271.85,23254.65,23264.35,1361,160,0
2025-08-20 08:15:00+03:00,23264.15,23267.95,23257.35,23265.95,968,150,0
2025-08-20 08:30:00+03:00,23265.75,23276.95,23263.65,23271.75,1124,150,0
2025-08-20 08:45:00+03:00,23271.95,23286.45,23267.55,23285.25,1120,160,0
2025-08-20 09:00:00+03:00,23284.95,23291.45,23277.45,23281.55,1362,160,0
2025-08-20 09:15:00+03:00,23281.85,23284.35,23264.35,23282.85,1805,160,0
2025-08-20 09:30:00+03:00,23283.05,23311.55,23280.65,23305.55,1636,170,0
2025-08-20 09:45:00+03:00,23305.15,23311.05,23295.95,23308.95,1147,170,0
2025-08-20 10:00:00+03:00,23308.65,23332.75,23305.45,23327.55,2423,170,0
2025-08-20 10:15:00+03:00,23326.25,23349.85,23321.45,23337.75,2148,190,0
2025-08-20 10:30:00+03:00,23337.55,23337.55,23314.95,23318.55,1669,170,0
2025-08-20 10:45:00+03:00,23318.35,23329.55,23315.95,23319.05,1390,170,0
2025-08-20 11:00:00+03:00,23319.95,23329.95,23302.25,23304.45,2184,170,0
2025-08-20 11:15:00+03:00,23304.85,23316.85,23291.95,23298.05,1923,180,0
2025-08-20 11:30:00+03:00,23298.05,23340.95,23291.75,23336.35,2062,180,0
2025-08-20 11:45:00+03:00,23336.15,23336.35,23325.15,23334.15,1320,160,0
2025-08-20 12:00:00+03:00,23334.15,23349.45,23326.35,23345.95,1617,160,0
2025-08-20 12:15:00+03:00,23345.85,23353.45,23342.05,23345.75,1304,160,0
2025-08-20 12:30:00+03:00,23345.35,23355.15,23343.15,23347.05,1091,160,0
2025-08-20 12:45:00+03:00,23347.05,23359.25,23347.05,23352.45,974,160,0
2025-08-20 13:00:00+03:00,23352.35,23358.05,23344.95,23357.35,1052,160,0
2025-08-20 13:15:00+03:00,23357.65,23361.25,23347.15,23347.45,911,150,0
2025-08-20 13:30:00+03:00,23347.55,23350.35,23323.25,23333.95,1414,150,0
2025-08-20 13:45:00+03:00,23333.95,23347.15,23331.05,23345.15,1130,160,0
2025-08-20 14:00:00+03:00,23344.45,23371.35,23340.35,23364.15,1939,170,0
2025-08-20 14:15:00+03:00,23363.65,23364.55,23331.75,23334.65,1765,170,0
2025-08-20 14:30:00+03:00,23334.65,23339.65,23309.95,23320.35,2007,170,0
2025-08-20 14:45:00+03:00,23320.35,23339.45,23305.75,23333.85,2127,180,0
2025-08-20 15:00:00+03:00,23333.35,23347.65,23331.05,23337.85,1818,170,0
2025-08-20 15:15:00+03:00,23337.75,23347.55,23327.95,23332.85,1752,170,0
2025-08-20 15:30:00+03:00,23332.05,23345.15,23316.65,23341.85,2764,180,0
2025-08-20 15:45:00+03:00,23342.05,23355.85,23338.85,23346.25,2030,180,0
2025-08-20 16:00:00+03:00,23346.05,23350.25,23326.05,23328.25,2389,180,0
2025-08-20 16:15:00+03:00,23327.95,23350.15,23323.15,23345.35,2838,180,0
2025-08-20 16:30:00+03:00,23345.65,23351.95,23242.65,23242.95,7780,120,0
2025-08-20 16:45:00+03:00,23244.05,23244.05,23066.65,23094.05,7850,120,0
2025-08-20 17:00:00+03:00,23094.15,23133.85,23011.65,23029.45,7949,120,0
2025-08-20 17:15:00+03:00,23030.15,23076.35,22983.65,23015.55,7670,120,0
2025-08-20 17:30:00+03:00,23016.35,23028.85,22977.45,22988.05,7429,120,0
2025-08-20 17:45:00+03:00,22988.05,23008.85,22954.65,22976.85,6881,120,0
2025-08-20 18:00:00+03:00,22977.15,23055.55,22966.35,23051.85,6416,120,0
2025-08-20 18:15:00+03:00,23051.05,23147.05,23051.05,23144.05,6280,120,0
2025-08-20 18:30:00+03:00,23143.85,23184.85,23134.05,23151.05,6432,120,0
2025-08-20 18:45:00+03:00,23150.85,23163.65,23072.55,23091.05,6181,120,0
2025-08-20 19:00:00+03:00,23090.95,23162.45,23089.35,23160.05,6011,120,0
2025-08-20 19:15:00+03:00,23157.55,23223.35,23156.95,23217.55,5358,120,0
2025-08-20 19:30:00+03:00,23217.85,23217.85,23166.05,23189.35,5460,120,0
2025-08-20 19:45:00+03:00,23189.35,23194.35,23138.15,23153.35,5375,120,0
2025-08-20 20:00:00+03:00,23153.35,23193.85,23145.35,23156.55,5704,120,0
2025-08-20 20:15:00+03:00,23156.55,23192.25,23150.55,23168.35,5279,110,0
2025-08-20 20:30:00+03:00,23168.45,23221.65,23167.35,23219.85,5051,80,0
2025-08-20 20:45:00+03:00,23219.55,23237.55,23176.25,23187.45,4862,80,0
2025-08-20 21:00:00+03:00,23186.85,23194.05,23122.25,23147.45,6188,100,0
2025-08-20 21:15:00+03:00,23147.45,23152.05,23113.75,23132.75,5775,120,0
2025-08-20 21:30:00+03:00,23132.55,23181.75,23131.25,23176.75,5152,90,0
2025-08-20 21:45:00+03:00,23176.95,23203.05,23162.65,23166.65,4551,80,0
2025-08-20 22:00:00+03:00,23166.95,23242.45,23166.45,23234.25,4758,80,0
2025-08-20 22:15:00+03:00,23233.95,23275.05,23229.45,23242.45,4811,80,0
2025-08-20 22:30:00+03:00,23242.55,23270.85,23236.45,23257.75,4666,80,0
2025-08-20 22:45:00+03:00,23257.65,23290.45,23242.25,23247.45,5605,80,0
2025-08-20 23:00:00+03:00,23247.25,23253.26,23234.86,23239.06,2547,120,0
2025-08-20 23:15:00+03:00,23238.86,23239.86,23229.36,23233.26,1145,168,0
2025-08-20 23:30:00+03:00,23233.16,23238.26,23232.56,23235.96,725,168,0
2025-08-20 23:45:00+03:00,23236.06,23237.36,23230.96,23233.86,289,168,0
2025-08-21 01:00:00+03:00,23251.86,23263.06,23241.96,23244.56,1005,208,0
2025-08-21 01:15:00+03:00,23245.06,23257.26,23234.66,23255.36,1214,198,0
2025-08-21 01:30:00+03:00,23254.86,23258.86,23233.96,23239.26,1225,188,0
2025-08-21 01:45:00+03:00,23239.16,23243.46,23235.96,23240.56,664,168,0
2025-08-21 02:00:00+03:00,23240.56,23250.65,23230.15,23244.65,965,160,0
2025-08-21 02:15:00+03:00,23244.85,23248.05,23234.95,23236.45,674,150,0
2025-08-21 02:30:00+03:00,23235.35,23239.85,23227.45,23234.35,943,150,0
2025-08-21 02:45:00+03:00,23234.85,23243.55,23227.15,23240.35,1125,160,0
2025-08-21 03:00:00+03:00,23240.35,23244.45,23225.35,23235.05,2188,170,0
2025-08-21 03:15:00+03:00,23235.35,23236.45,23189.95,23206.55,2120,180,0
2025-08-21 03:30:00+03:00,23206.45,23232.65,23205.05,23225.75,1693,180,0
2025-08-21 03:45:00+03:00,23225.95,23228.75,23198.65,23212.75,1987,170,0
2025-08-21 04:00:00+03:00,23212.75,23217.35,23188.15,23205.15,2389,170,0
2025-08-21 04:15:00+03:00,23205.35,23218.85,23195.35,23215.25,1819,170,0
2025-08-21 04:30:00+03:00,23215.25,23229.75,23215.25,23224.25,1683,170,0
2025-08-21 04:45:00+03:00,23224.25,23275.35,23223.75,23274.15,1870,170,0
2025-08-21 05:00:00+03:00,23272.65,23283.45,23262.15,23282.95,1785,170,0
2025-08-21 05:15:00+03:00,23282.65,23289.85,23269.85,23284.65,1257,160,0
2025-08-21 05:30:00+03:00,23284.25,23288.55,23271.65,23278.35,934,160,0
2025-08-21 05:45:00+03:00,23278.05,23280.15,23270.05,23275.35,787,160,0
2025-08-21 06:00:00+03:00,23275.35,23281.35,23270.55,23272.65,683,150,0
2025-08-21 06:15:00+03:00,23272.85,23272.85,23258.05,23269.35,910,160,0
2025-08-21 06:30:00+03:00,23269.35,23274.05,23262.65,23268.55,849,150,0
2025-08-21 06:45:00+03:00,23268.65,23276.05,23262.45,23262.55,716,150,0
2025-08-21 07:00:00+03:00,23262.55,23263.65,23253.85,23255.55,796,150,0
2025-08-21 07:15:00+03:00,23255.55,23264.85,23253.95,23256.35,686,150,0
2025-08-21 07:30:00+03:00,23256.55,23265.05,23251.35,23263.55,687,150,0
2025-08-21 07:45:00+03:00,23263.15,23267.65,23257.75,23261.45,597,150,0
2025-08-21 08:00:00+03:00,23261.95,23270.35,23240.45,23245.25,1399,170,0
2025-08-21 08:15:00+03:00,23245.25,23257.25,23238.75,23239.65,1259,170,0
2025-08-21 08:30:00+03:00,23239.75,23242.75,23232.65,23240.15,1216,160,0
2025-08-21 08:45:00+03:00,23240.05,23262.05,23237.75,23261.85,1063,170,0
2025-08-21 09:00:00+03:00,23261.85,23277.75,23253.25,23277.35,1385,170,0
2025-08-21 09:15:00+03:00,23277.25,23288.95,23264.95,23273.55,1489,170,0
2025-08-21 09:30:00+03:00,23273.15,23287.45,23271.75,23276.25,1366,170,0
2025-08-21 09:45:00+03:00,23275.95,23277.55,23267.65,23275.75,1027,160,0
2025-08-21 10:00:00+03:00,23275.55,23279.55,23249.45,23251.25,2839,170,0
2025-08-21 10:15:00+03:00,23251.15,23258.55,23242.15,23250.05,2359,180,0
2025-08-21 10:30:00+03:00,23249.45,23267.85,23246.65,23259.35,2017,180,0
2025-08-21 10:45:00+03:00,23258.35,23273.15,23252.95,23264.45,1658,180,0
2025-08-21 11:00:00+03:00,23264.25,23278.15,23251.95,23265.95,2231,180,0
2025-08-21 11:15:00+03:00,23266.35,23268.15,23238.35,23264.05,2170,190,0
2025-08-21 11:30:00+03:00,23263.45,23271.75,23258.65,23263.85,1594,170,0
2025-08-21 11:45:00+03:00,23263.65,23265.05,23217.95,23219.15,2105,170,0
2025-08-21 12:00:00+03:00,23219.15,23229.65,23210.65,23226.95,2223,190,0
2025-08-21 12:15:00+03:00,23226.65,23242.35,23222.25,23239.85,1812,170,0
2025-08-21 12:30:00+03:00,23239.55,23245.55,23234.75,23244.75,1176,160,0
2025-08-21 12:45:00+03:00,23244.75,23249.55,23223.05,23225.05,1573,160,0
2025-08-21 13:00:00+03:00,23224.95,23232.95,23207.35,23212.75,2119,180,0
2025-08-21 13:15:00+03:00,23212.75,23226.35,23193.65,23222.85,2306,180,0
2025-08-21 13:30:00+03:00,23222.65,23227.55,23212.35,23223.75,1820,180,0
2025-08-21 13:45:00+03:00,23223.25,23238.35,23218.75,23233.15,1757,170,0
2025-08-21 14:00:00+03:00,23232.65,23254.55,23217.35,23222.65,3150,200,0
2025-08-21 14:15:00+03:00,23222.65,23232.05,23217.95,23224.35,1597,180,0
2025-08-21 14:30:00+03:00,23223.75,23231.15,23202.45,23209.25,2027,180,0
2025-08-21 14:45:00+03:00,23208.95,23208.95,23185.65,23201.95,2345,180,0
2025-08-21 15:00:00+03:00,23199.95,23201.65,23156.45,23164.55,2993,180,0
2025-08-21 15:15:00+03:00,23164.55,23169.35,23142.95,23158.02,3062,200,0
2025-08-21 15:30:00+03:00,23158.02,23189.35,23148.27,23152.95,3533,200,0
2025-08-21 15:45:00+03:00,23153.05,23155.05,23136.35,23144.65,3292,200,0
2025-08-21 16:00:00+03:00,23143.65,23170.85,23129.35,23150.55,3523,200,0
2025-08-21 16:15:00+03:00,23150.45,23182.45,23144.95,23180.15,3450,190,0
2025-08-21 16:30:00+03:00,23180.35,23211.35,23121.15,23175.82,7542,80,0
2025-08-21 16:45:00+03:00,23182.12,23189.35,23097.15,23107.05,7367,120,0
2025-08-21 17:00:00+03:00,23107.25,23223.75,23077.85,23202.35,7165,120,0
2025-08-21 17:15:00+03:00,23202.75,23268.85,23193.75,23266.35,6478,120,0
2025-08-21 17:30:00+03:00,23266.15,23266.25,23170.75,23200.15,6693,120,0
2025-08-21 17:45:00+03:00,23200.15,23222.65,23176.35,23215.85,6214,120,0
2025-08-21 18:00:00+03:00,23215.75,23233.15,23130.05,23134.25,6311,120,0
2025-08-21 18:15:00+03:00,23133.15,23207.85,23125.35,23177.85,6211,120,0
2025-08-21 18:30:00+03:00,23177.55,23217.15,23176.45,23204.85,5592,100,0
2025-08-21 18:45:00+03:00,23204.95,23205.65,23113.15,23126.35,5721,80,0
2025-08-21 19:00:00+03:00,23125.95,23133.85,23098.15,23115.85,5500,110,0
2025-08-21 19:15:00+03:00,23115.95,23135.65,23095.05,23104.65,5072,80,0
2025-08-21 19:30:00+03:00,23104.65,23126.65,23096.65,23109.15,5035,80,0
2025-08-21 19:45:00+03:00,23109.05,23134.75,23073.05,23083.35,4907,80,0
2025-08-21 20:00:00+03:00,23083.15,23117.35,23075.45,23077.15,5375,120,0
2025-08-21 20:15:00+03:00,23076.85,23081.65,23042.15,23068.35,5431,120,0
2025-08-21 20:30:00+03:00,23068.35,23130.55,23062.95,23124.65,4782,80,0
2025-08-21 20:45:00+03:00,23124.35,23146.15,23113.35,23137.15,4077,80,0
2025-08-21 21:00:00+03:00,23135.75,23145.15,23110.85,23129.35,4362,80,0
2025-08-21 21:15:00+03:00,23128.85,23141.65,23119.65,23120.65,3794,80,0
2025-08-21 21:30:00+03:00,23120.65,23143.85,23101.85,23120.85,4270,80,0
2025-08-21 21:45:00+03:00,23120.65,23156.65,23104.75,23147.35,4362,80,0
2025-08-21 22:00:00+03:00,23146.85,23174.25,23142.85,23169.55,3834,80,0
2025-08-21 22:15:00+03:00,23169.85,23176.85,23156.85,23158.85,3577,80,0
2025-08-21 22:30:00+03:00,23158.85,23160.65,23130.15,23137.85,4050,80,0
2025-08-21 22:45:00+03:00,23138.35,23156.35,23125.65,23139.55,4885,80,0
2025-08-21 23:00:00+03:00,23139.55,23143.56,23121.36,23143.06,2684,120,0
2025-08-21 23:15:00+03:00,23142.76,23144.86,23131.86,23132.86,983,168,0
2025-08-21 23:30:00+03:00,23133.06,23143.36,23128.46,23139.66,835,168,0
2025-08-21 23:45:00+03:00,23139.76,23147.36,23138.26,23146.86,285,168,0
2025-08-22 01:00:00+03:00,23156.16,23168.26,23154.56,23161.96,858,188,0
2025-08-22 01:15:00+03:00,23162.06,23169.76,23152.56,23153.36,962,178,0
2025-08-22 01:30:00+03:00,23153.56,23172.06,23151.76,23171.86,931,178,0
2025-08-22 01:45:00+03:00,23171.56,23173.66,23162.86,23168.66,701,168,0
2025-08-22 02:00:00+03:00,23168.06,23168.95,23160.05,23162.45,538,150,0
2025-08-22 02:15:00+03:00,23163.45,23174.45,23162.25,23172.45,569,150,0
2025-08-22 02:30:00+03:00,23172.65,23175.55,23155.55,23162.15,930,150,0
2025-08-22 02:45:00+03:00,23162.35,23175.35,23160.95,23172.85,772,150,0
2025-08-22 03:00:00+03:00,23172.65,23174.15,23111.35,23118.35,2629,170,0
2025-08-22 03:15:00+03:00,23118.65,23137.95,23105.25,23123.45,2553,180,0
2025-08-22 03:30:00+03:00,23123.65,23146.25,23123.55,23139.15,1559,170,0
2025-08-22 03:45:00+03:00,23139.35,23142.95,23130.55,23137.25,1412,160,0
2025-08-22 04:00:00+03:00,23137.35,23145.25,23117.65,23125.45,2148,180,0
2025-08-22 04:15:00+03:00,23125.55,23141.35,23120.35,23132.15,1810,180,0
2025-08-22 04:30:00+03:00,23132.25,23134.65,23120.65,23130.75,1591,180,0
2025-08-22 04:45:00+03:00,23131.15,23133.25,23120.55,23130.15,1315,160,0
2025-08-22 05:00:00+03:00,23130.45,23151.15,23128.35,23149.85,1352,160,0
2025-08-22 05:15:00+03:00,23149.85,23153.65,23142.45,23148.05,1226,150,0
2025-08-22 05:30:00+03:00,23148.15,23154.05,23142.85,23153.15,1121,160,0
2025-08-22 05:45:00+03:00,23153.05,23156.95,23131.05,23131.05,1090,150,0
2025-08-22 06:00:00+03:00,23130.95,23134.15,23115.85,23117.85,1409,160,0
2025-08-22 06:15:00+03:00,23118.75,23127.65,23118.65,23123.95,927,150,0
2025-08-22 06:30:00+03:00,23123.95,23134.95,23123.55,23125.55,1056,150,0
2025-08-22 06:45:00+03:00,23125.55,23126.15,23117.75,23119.35,830,150,0
2025-08-22 07:00:00+03:00,23119.75,23131.85,23117.65,23130.25,887,150,0
2025-08-22 07:15:00+03:00,23130.25,23136.55,23125.65,23128.15,775,150,0
2025-08-22 07:30:00+03:00,23128.85,23134.95,23126.05,23134.75,791,150,0
2025-08-22 07:45:00+03:00,23134.05,23139.65,23132.15,23133.45,557,150,0
2025-08-22 08:00:00+03:00,23133.25,23136.45,23118.35,23121.95,981,150,0
2025-08-22 08:15:00+03:00,23122.15,23123.75,23110.65,23113.65,1010,150,0
2025-08-22 08:30:00+03:00,23113.35,23119.35,23105.15,23112.05,1039,150,0
2025-08-22 08:45:00+03:00,23111.85,23129.15,23111.65,23114.95,1117,160,0
2025-08-22 09:00:00+03:00,23114.95,23114.95,23094.65,23102.05,1568,170,0
2025-08-22 09:15:00+03:00,23102.05,23104.05,23083.65,23091.55,1242,170,0
2025-08-22 09:30:00+03:00,23091.55,23097.05,23002.25,23013.35,2709,180,0
2025-08-22 09:45:00+03:00,23013.75,23067.75,23005.25,23062.75,2826,200,0
2025-08-22 10:00:00+03:00,23062.65,23102.95,23058.75,23098.55,3263,190,0
2025-08-22 10:15:00+03:00,23098.55,23109.55,23090.45,23102.25,2032,190,0
2025-08-22 10:30:00+03:00,23102.25,23106.75,23092.35,23099.85,1687,170,0
2025-08-22 10:45:00+03:00,23100.05,23124.25,23095.25,23120.05,1875,180,0
2025-08-22 11:00:00+03:00,23119.95,23159.95,23115.05,23156.05,2609,190,0
2025-08-22 11:15:00+03:00,23156.25,23173.55,23149.95,23157.55,2037,190,0
2025-08-22 11:30:00+03:00,23157.45,23180.15,23147.65,23172.65,1908,170,0
2025-08-22 11:45:00+03:00,23173.05,23179.15,23166.75,23177.55,1585,170,0
2025-08-22 12:00:00+03:00,23177.35,23177.85,23162.15,23170.65,1779,170,0
2025-08-22 12:15:00+03:00,23170.35,23174.45,23156.85,23168.95,1429,160,0
2025-08-22 12:30:00+03:00,23168.95,23173.55,23155.05,23164.35,1519,160,0
2025-08-22 12:45:00+03:00,23164.35,23177.85,23161.45,23176.25,1378,170,0
2025-08-22 13:00:00+03:00,23176.55,23197.45,23174.75,23192.55,1495,170,0
2025-08-22 13:15:00+03:00,23193.15,23194.15,23178.45,23191.95,1443,160,0
2025-08-22 13:30:00+03:00,23191.85,23198.55,23185.45,23192.65,1286,160,0
2025-08-22 13:45:00+03:00,23192.95,23194.25,23183.75,23189.45,1235,150,0
2025-08-22 14:00:00+03:00,23190.25,23203.85,23180.05,23181.05,1862,160,0
2025-08-22 14:15:00+03:00,23181.05,23185.85,23174.55,23178.25,1533,160,0
2025-08-22 14:30:00+03:00,23177.85,23183.35,23165.55,23170.75,1731,160,0
2025-08-22 14:45:00+03:00,23170.75,23183.55,23170.75,23176.45,1549,160,0
2025-08-22 15:00:00+03:00,23176.45,23185.15,23169.55,23179.55,1854,160,0
2025-08-22 15:15:00+03:00,23179.05,23198.65,23176.05,23195.55,1841,170,0
2025-08-22 15:30:00+03:00,23195.45,23196.35,23168.05,23179.55,2159,170,0
2025-08-22 15:45:00+03:00,23178.95,23185.75,23164.05,23166.05,1981,180,0
2025-08-22 16:00:00+03:00,23166.25,23187.55,23163.05,23176.05,2373,180,0
2025-08-22 16:15:00+03:00,23175.85,23189.15,23171.55,23187.15,2535,170,0
2025-08-22 16:30:00+03:00,23186.75,23247.55,23131.65,23247.15,7195,80,0
2025-08-22 16:45:00+03:00,23246.45,23266.35,23171.15,23190.65,6294,120,0
2025-08-22 17:00:00+03:00,23213.35,23518.15,23201.55,23512.45,7998,120,0
2025-08-22 17:15:00+03:00,23512.35,23556.95,23417.05,23477.35,7946,120,0
2025-08-22 17:30:00+03:00,23477.55,23549.35,23477.55,23545.95,7408,120,0
2025-08-22 17:45:00+03:00,23545.95,23567.85,23522.65,23530.35,6782,120,0
2025-08-22 18:00:00+03:00,23530.35,23577.05,23529.25,23549.35,6518,120,0
2025-08-22 18:15:00+03:00,23549.35,23564.25,23532.85,23548.55,5983,120,0
2025-08-22 18:30:00+03:00,23548.35,23573.25,23534.05,23543.35,5295,80,0
2025-08-22 18:45:00+03:00,23543.45,23552.95,23492.65,23494.75,5440,80,0
2025-08-22 19:00:00+03:00,23495.65,23518.75,23473.35,23483.55,5036,80,0
2025-08-22 19:15:00+03:00,23483.05,23494.25,23451.55,23461.05,5367,90,0
2025-08-22 19:30:00+03:00,23461.25,23489.25,23459.25,23473.25,4969,80,0
2025-08-22 19:45:00+03:00,23473.45,23480.25,23435.05,23456.25,5121,80,0
2025-08-22 20:00:00+03:00,23455.25,23513.85,23455.25,23506.25,4669,80,0
2025-08-22 20:15:00+03:00,23506.75,23544.25,23502.05,23543.75,3949,80,0
2025-08-22 20:30:00+03:00,23543.55,23546.45,23527.95,23542.95,3646,80,0
2025-08-22 20:45:00+03:00,23543.75,23552.25,23528.95,23533.55,3211,80,0
2025-08-22 21:00:00+03:00,23533.45,23544.75,23522.75,23531.75,3415,80,0
2025-08-22 21:15:00+03:00,23531.75,23533.95,23515.05,23522.95,3271,80,0
2025-08-22 21:30:00+03:00,23522.95,23542.75,23517.55,23522.95,3175,80,0
2025-08-22 21:45:00+03:00,23523.05,23535.95,23509.95,23513.95,3001,80,0
2025-08-22 22:00:00+03:00,23514.25,23521.45,23499.95,23509.25,3297,80,0
2025-08-22 22:15:00+03:00,23509.25,23512.45,23494.45,23503.25,3067,80,0
2025-08-22 22:30:00+03:00,23503.05,23509.95,23459.35,23481.95,3814,80,0
2025-08-22 22:45:00+03:00,23481.95,23508.85,23476.05,23495.65,5155,80,0
2025-08-22 23:00:00+03:00,23494.65,23507.96,23476.46,23504.36,2829,120,0
2025-08-22 23:15:00+03:00,23504.16,23514.36,23502.16,23505.36,1128,168,0
2025-08-22 23:30:00+03:00,23505.56,23512.56,23502.26,23507.06,882,168,0
2025-08-22 23:45:00+03:00,23506.86,23508.36,23503.26,23506.36,302,168,0
2025-08-25 01:00:00+03:00,23502.36,23504.46,23478.36,23491.06,1390,228,0
2025-08-25 01:15:00+03:00,23491.06,23497.46,23479.36,23479.86,1287,188,0
2025-08-25 01:30:00+03:00,23479.76,23493.16,23475.66,23491.86,1056,178,0
2025-08-25 01:45:00+03:00,23492.16,23504.46,23489.26,23501.46,833,168,0
2025-08-25 02:00:00+03:00,23501.56,23508.85,23495.75,23503.85,875,170,0
2025-08-25 02:15:00+03:00,23503.75,23506.05,23496.35,23502.45,651,150,0
2025-08-25 02:30:00+03:00,23502.65,23518.85,23491.85,23513.85,1141,160,0
2025-08-25 02:45:00+03:00,23513.85,23517.85,23494.55,23505.05,1745,170,0
2025-08-25 03:00:00+03:00,23505.15,23527.45,23502.55,23505.25,2773,170,0
2025-08-25 03:15:00+03:00,23504.65,23512.65,23495.75,23498.85,1970,180,0
2025-08-25 03:30:00+03:00,23498.95,23499.95,23485.95,23492.05,1547,160,0
2025-08-25 03:45:00+03:00,23492.05,23494.85,23480.65,23486.55,1271,160,0
2025-08-25 04:00:00+03:00,23486.45,23488.45,23473.65,23473.65,1397,160,0
2025-08-25 04:15:00+03:00,23473.85,23482.35,23471.55,23479.45,1147,160,0
2025-08-25 04:30:00+03:00,23478.65,23481.05,23466.05,23466.85,1281,160,0
2025-08-25 04:45:00+03:00,23466.55,23471.25,23465.05,23465.65,982,150,0
2025-08-25 05:00:00+03:00,23465.35,23473.45,23462.45,23470.35,1090,150,0
2025-08-25 05:15:00+03:00,23470.25,23480.05,23467.25,23473.85,1238,150,0
2025-08-25 05:30:00+03:00,23473.65,23476.45,23466.95,23468.85,899,150,0
2025-08-25 05:45:00+03:00,23468.85,23473.65,23453.25,23454.85,916,150,0
2025-08-25 06:00:00+03:00,23454.55,23462.55,23451.55,23462.55,866,150,0
2025-08-25 06:15:00+03:00,23462.65,23466.65,23459.15,23465.85,671,150,0
2025-08-25 06:30:00+03:00,23465.85,23481.05,23461.65,23477.95,1055,150,0
2025-08-25 06:45:00+03:00,23478.05,23481.85,23475.85,23478.05,711,150,0
2025-08-25 07:00:00+03:00,23477.85,23479.95,23474.35,23478.45,513,150,0
2025-08-25 07:15:00+03:00,23478.35,23489.85,23478.35,23484.85,767,150,0
2025-08-25 07:30:00+03:00,23485.05,23489.25,23483.95,23488.65,480,150,0
2025-08-25 07:45:00+03:00,23488.65,23488.65,23484.15,23485.65,476,150,0
2025-08-25 08:00:00+03:00,23485.75,23496.05,23481.25,23493.95,872,150,0
2025-08-25 08:15:00+03:00,23493.95,23497.75,23486.45,23489.65,832,150,0
2025-08-25 08:30:00+03:00,23489.75,23491.25,23482.15,23491.25,730,150,0
2025-08-25 08:45:00+03:00,23491.25,23495.95,23489.85,23495.75,633,150,0
2025-08-25 09:00:00+03:00,23495.95,23498.75,23486.65,23489.15,984,150,0
2025-08-25 09:15:00+03:00,23488.85,23493.05,23485.65,23489.65,799,150,0
2025-08-25 09:30:00+03:00,23489.45,23489.75,23471.85,23474.35,993,150,0
2025-08-25 09:45:00+03:00,23474.65,23474.75,23449.45,23452.25,1116,160,0
2025-08-25 10:00:00+03:00,23452.75,23466.75,23439.05,23453.75,2253,180,0
2025-08-25 10:15:00+03:00,23453.85,23463.95,23452.15,23453.35,1542,160,0
2025-08-25 10:30:00+03:00,23453.15,23459.35,23446.65,23459.25,1346,160,0
2025-08-25 10:45:00+03:00,23459.55,23464.75,23451.75,23456.45,1196,160,0
2025-08-25 11:00:00+03:00,23456.15,23468.25,23452.25,23454.55,1798,160,0
2025-08-25 11:15:00+03:00,23453.65,23459.05,23440.95,23457.85,1353,160,0
2025-08-25 11:30:00+03:00,23457.95,23465.45,23444.55,23444.75,1081,150,0
2025-08-25 11:45:00+03:00,23445.25,23453.55,23438.05,23440.15,1150,150,0
2025-08-25 12:00:00+03:00,23440.05,23443.25,23421.75,23424.95,1322,160,0
2025-08-25 12:15:00+03:00,23424.55,23429.75,23417.55,23421.75,1130,150,0
2025-08-25 12:30:00+03:00,23420.35,23429.55,23416.65,23423.05,1009,150,0
2025-08-25 12:45:00+03:00,23422.85,23434.95,23418.15,23434.15,999,150,0
2025-08-25 13:00:00+03:00,23434.45,23434.85,23424.15,23424.75,928,150,0
2025-08-25 13:15:00+03:00,23424.85,23425.15,23403.05,23408.05,1205,150,0
2025-08-25 13:30:00+03:00,23407.85,23420.75,23392.45,23419.35,1729,170,0
2025-08-25 13:45:00+03:00,23418.85,23424.25,23410.05,23410.45,1115,160,0
2025-08-25 14:00:00+03:00,23410.85,23424.05,23400.15,23423.75,1630,160,0
2025-08-25 14:15:00+03:00,23423.55,23428.95,23421.85,23428.05,1127,150,0
2025-08-25 14:30:00+03:00,23427.95,23429.45,23420.75,23421.65,990,150,0
2025-08-25 14:45:00+03:00,23422.35,23431.15,23420.95,23427.85,1027,150,0
2025-08-25 15:00:00+03:00,23427.65,23427.95,23395.25,23401.75,2263,160,0
2025-08-25 15:15:00+03:00,23402.25,23411.05,23396.85,23400.45,1856,180,0
2025-08-25 15:30:00+03:00,23400.75,23414.95,23393.95,23413.25,2170,180,0
2025-08-25 15:45:00+03:00,23413.35,23415.65,23407.65,23409.65,1470,160,0
2025-08-25 16:00:00+03:00,23409.55,23421.55,23406.85,23415.35,1951,170,0
2025-08-25 16:15:00+03:00,23415.35,23428.95,23410.05,23426.45,2238,170,0
2025-08-25 16:30:00+03:00,23425.95,23448.35,23375.55,23410.25,7653,80,0
2025-08-25 16:45:00+03:00,23410.85,23449.65,23380.85,23449.65,7019,120,0
2025-08-25 17:00:00+03:00,23449.55,23487.65,23435.85,23482.85,6634,120,0
2025-08-25 17:15:00+03:00,23482.85,23490.55,23449.85,23471.65,6237,120,0
2025-08-25 17:30:00+03:00,23471.25,23497.55,23463.15,23470.65,5509,80,0
2025-08-25 17:45:00+03:00,23470.65,23504.75,23463.85,23501.45,5189,80,0
2025-08-25 18:00:00+03:00,23501.25,23520.35,23495.55,23516.65,4896,80,0
2025-08-25 18:15:00+03:00,23516.85,23533.35,23511.75,23529.55,3673,80,0
2025-08-25 18:30:00+03:00,23529.35,23537.55,23509.85,23523.85,3863,80,0
2025-08-25 18:45:00+03:00,23524.05,23546.95,23515.35,23531.85,3780,80,0
2025-08-25 19:00:00+03:00,23531.85,23544.55,23528.05,23539.55,3222,80,0
2025-08-25 19:15:00+03:00,23539.85,23541.85,23525.55,23528.85,2909,80,0
2025-08-25 19:30:00+03:00,23527.85,23540.55,23519.55,23537.75,2914,80,0
2025-08-25 19:45:00+03:00,23537.55,23543.05,23520.95,23527.05,2796,80,0
2025-08-25 20:00:00+03:00,23526.85,23528.75,23503.35,23515.05,3356,80,0
2025-08-25 20:15:00+03:00,23515.55,23523.25,23504.35,23515.05,2722,80,0
2025-08-25 20:30:00+03:00,23514.85,23521.45,23488.35,23503.35,3139,80,0
2025-08-25 20:45:00+03:00,23503.55,23518.05,23503.05,23509.05,2601,80,0
2025-08-25 21:00:00+03:00,23509.05,23513.55,23499.05,23512.55,2696,80,0
2025-08-25 21:15:00+03:00,23512.75,23514.35,23488.05,23496.35,2773,80,0
2025-08-25 21:30:00+03:00,23496.05,23502.45,23483.75,23484.25,2597,80,0
2025-08-25 21:45:00+03:00,23483.85,23496.85,23480.05,23483.35,2628,80,0
2025-08-25 22:00:00+03:00,23483.35,23504.25,23480.25,23496.85,2886,80,0
2025-08-25 22:15:00+03:00,23496.75,23498.05,23478.35,23483.35,2865,80,0
2025-08-25 22:30:00+03:00,23483.05,23488.05,23473.35,23475.95,2796,80,0
2025-08-25 22:45:00+03:00,23475.85,23480.85,23419.65,23424.15,4035,80,0
2025-08-25 23:00:00+03:00,23425.65,23447.26,23415.86,23442.36,2519,120,0
2025-08-25 23:15:00+03:00,23442.26,23446.36,23438.26,23445.86,765,168,0
2025-08-25 23:30:00+03:00,23445.76,23448.66,23435.36,23439.16,795,168,0
2025-08-25 23:45:00+03:00,23439.36,23439.36,23430.56,23430.86,265,168,0
2025-08-26 01:00:00+03:00,23444.66,23449.06,23441.96,23447.26,616,168,0
2025-08-26 01:15:00+03:00,23447.56,23453.26,23444.56,23449.56,549,168,0
2025-08-26 01:30:00+03:00,23449.66,23450.26,23444.56,23450.06,367,168,0
2025-08-26 01:45:00+03:00,23450.06,23450.56,23442.86,23444.56,349,168,0
2025-08-26 02:00:00+03:00,23444.66,23449.65,23439.95,23442.75,418,150,0
2025-08-26 02:15:00+03:00,23442.15,23446.45,23430.55,23436.85,664,150,0
2025-08-26 02:30:00+03:00,23436.75,23441.15,23428.85,23431.85,546,150,0
2025-08-26 02:45:00+03:00,23431.85,23433.35,23422.25,23429.55,931,160,0
2025-08-26 03:00:00+03:00,23429.05,23435.85,23343.95,23416.85,4104,170,0
2025-08-26 03:15:00+03:00,23416.65,23441.85,23389.95,23393.05,3286,200,0
2025-08-26 03:30:00+03:00,23393.15,23408.95,23308.95,23320.45,4732,210,0
2025-08-26 03:45:00+03:00,23321.15,23351.85,23304.65,23350.45,3916,200,0
2025-08-26 04:00:00+03:00,23350.25,23388.95,23343.45,23378.65,2764,190,0
2025-08-26 04:15:00+03:00,23379.25,23387.95,23373.95,23385.35,1755,180,0
2025-08-26 04:30:00+03:00,23385.25,23389.05,23362.15,23370.55,1919,180,0
2025-08-26 04:45:00+03:00,23370.75,23374.45,23348.85,23357.45,1954,170,0
2025-08-26 05:00:00+03:00,23357.75,23392.55,23356.55,23389.45,1703,170,0
2025-08-26 05:15:00+03:00,23388.95,23393.75,23381.95,23391.05,1220,170,0
2025-08-26 05:30:00+03:00,23390.65,23407.05,23383.75,23393.95,1380,170,0
2025-08-26 05:45:00+03:00,23393.75,23397.85,23380.35,23382.05,1002,160,0
2025-08-26 06:00:00+03:00,23382.05,23389.05,23374.35,23376.35,1177,160,0
2025-08-26 06:15:00+03:00,23376.55,23382.45,23373.65,23378.45,795,150,0
2025-08-26 06:30:00+03:00,23377.65,23390.65,23377.45,23389.05,765,150,0
2025-08-26 06:45:00+03:00,23388.95,23389.35,23382.65,23384.65,592,150,0
2025-08-26 07:00:00+03:00,23384.85,23393.35,23381.05,23391.95,761,150,0
2025-08-26 07:15:00+03:00,23392.25,23393.15,23383.65,23387.95,609,150,0
2025-08-26 07:30:00+03:00,23388.15,23390.65,23374.05,23375.45,733,150,0
2025-08-26 07:45:00+03:00,23375.35,23389.95,23375.35,23388.85,770,150,0
2025-08-26 08:00:00+03:00,23388.75,23412.75,23388.75,23407.05,1166,160,0
2025-08-26 08:15:00+03:00,23406.75,23409.45,23399.65,23406.05,915,150,0
2025-08-26 08:30:00+03:00,23406.05,23415.25,23401.05,23414.35,1106,160,0
2025-08-26 08:45:00+03:00,23414.05,23417.35,23402.85,23409.15,966,160,0
2025-08-26 09:00:00+03:00,23409.25,23416.95,23397.85,23401.75,1773,160,0
2025-08-26 09:15:00+03:00,23401.95,23407.05,23385.25,23390.45,1968,180,0
2025-08-26 09:30:00+03:00,23390.75,23397.95,23376.85,23382.05,1975,180,0
2025-08-26 09:45:00+03:00,23381.95,23397.85,23380.65,23387.15,1723,180,0
2025-08-26 10:00:00+03:00,23387.45,23387.45,23348.95,23364.55,4449,190,0
2025-08-26 10:15:00+03:00,23364.35,23375.05,23359.25,23370.15,2917,190,0
2025-08-26 10:30:00+03:00,23369.45,23397.55,23365.45,23389.05,2358,170,0
2025-08-26 10:45:00+03:00,23388.75,23389.75,23363.15,23375.25,2364,170,0
2025-08-26 11:00:00+03:00,23375.25,23401.85,23372.95,23399.05,2852,190,0
2025-08-26 11:15:00+03:00,23398.95,23406.95,23382.45,23392.55,2161,180,0
2025-08-26 11:30:00+03:00,23392.65,23400.75,23382.45,23389.85,1811,170,0
2025-08-26 11:45:00+03:00,23389.95,23400.35,23387.75,23392.55,1324,160,0
2025-08-26 12:00:00+03:00,23392.75,23404.35,23385.65,23402.65,1361,160,0
2025-08-26 12:15:00+03:00,23404.15,23412.05,23401.65,23407.35,1186,160,0
2025-08-26 12:30:00+03:00,23407.35,23414.65,23398.35,23400.75,1195,150,0
2025-08-26 12:45:00+03:00,23401.05,23410.45,23400.75,23407.85,1072,160,0
2025-08-26 13:00:00+03:00,23407.05,23427.25,23404.25,23423.45,1581,160,0
2025-08-26 13:15:00+03:00,23423.55,23430.45,23419.35,23429.95,1088,150,0
2025-08-26 13:30:00+03:00,23429.85,23438.65,23424.65,23427.05,1396,160,0
2025-08-26 13:45:00+03:00,23427.05,23431.55,23421.75,23424.35,1037,150,0
2025-08-26 14:00:00+03:00,23424.65,23428.35,23412.25,23413.55,1537,160,0
2025-08-26 14:15:00+03:00,23413.25,23413.25,23400.85,23401.65,1466,160,0
2025-08-26 14:30:00+03:00,23401.75,23402.35,23382.25,23391.45,1929,160,0
2025-08-26 14:45:00+03:00,23391.45,23405.25,23377.45,23402.55,1766,170,0
2025-08-26 15:00:00+03:00,23402.55,23404.95,23380.75,23380.85,1952,180,0
2025-08-26 15:15:00+03:00,23380.95,23404.95,23372.75,23396.75,2032,170,0
2025-08-26 15:30:00+03:00,23397.55,23410.75,23394.75,23406.85,1949,170,0
2025-08-26 15:45:00+03:00,23406.95,23412.85,23395.05,23403.65,2194,170,0
2025-08-26 16:00:00+03:00,23403.65,23408.55,23396.75,23405.85,2347,170,0
2025-08-26 16:15:00+03:00,23405.35,23408.15,23400.45,23403.35,1930,160,0
2025-08-26 16:30:00+03:00,23403.55,23451.35,23396.85,23429.85,7476,80,0
2025-08-26 16:45:00+03:00,23430.85,23439.65,23360.65,23427.55,7084,120,0
2025-08-26 17:00:00+03:00,23427.35,23460.15,23418.65,23440.85,6578,120,0
2025-08-26 17:15:00+03:00,23440.85,23481.15,23434.85,23476.35,5412,100,0
2025-08-26 17:30:00+03:00,23476.35,23482.05,23448.35,23478.75,5211,90,0
2025-08-26 17:45:00+03:00,23478.85,23483.85,23453.35,23455.85,5072,80,0
2025-08-26 18:00:00+03:00,23455.95,23466.95,23446.75,23463.05,4556,80,0
2025-08-26 18:15:00+03:00,23463.35,23470.35,23438.85,23441.85,4156,80,0
2025-08-26 18:30:00+03:00,23442.05,23453.25,23426.85,23449.35,4138,80,0
2025-08-26 18:45:00+03:00,23449.35,23456.35,23431.75,23451.55,3492,80,0
2025-08-26 19:00:00+03:00,23451.05,23477.85,23451.05,23477.55,3259,80,0
2025-08-26 19:15:00+03:00,23476.85,23489.35,23471.35,23476.25,3199,80,0
2025-08-26 19:30:00+03:00,23476.35,23483.55,23472.35,23473.85,2551,80,0
2025-08-26 19:45:00+03:00,23473.85,23477.55,23458.75,23473.05,2891,80,0
2025-08-26 20:00:00+03:00,23472.55,23477.35,23443.85,23462.25,3169,80,0
2025-08-26 20:15:00+03:00,23462.35,23474.55,23452.35,23470.55,2748,80,0
2025-08-26 20:30:00+03:00,23470.35,23473.75,23438.85,23443.45,2778,80,0
2025-08-26 20:45:00+03:00,23443.75,23446.35,23412.75,23436.05,3176,80,0
2025-08-26 21:00:00+03:00,23435.85,23464.35,23433.05,23456.75,3093,80,0
2025-08-26 21:15:00+03:00,23456.85,23472.85,23456.35,23472.55,2449,80,0
2025-08-26 21:30:00+03:00,23472.55,23486.45,23470.25,23476.85,2565,80,0
2025-08-26 21:45:00+03:00,23476.85,23488.15,23472.55,23482.25,2311,80,0
2025-08-26 22:00:00+03:00,23481.75,23485.05,23468.05,23479.65,2519,80,0
2025-08-26 22:15:00+03:00,23480.05,23511.25,23474.65,23499.75,3068,80,0
2025-08-26 22:30:00+03:00,23498.75,23509.75,23467.05,23469.25,3523,80,0
2025-08-26 22:45:00+03:00,23468.75,23531.85,23468.05,23519.05,4771,80,0
2025-08-26 23:00:00+03:00,23519.85,23542.46,23514.76,23540.76,2295,120,0
2025-08-26 23:15:00+03:00,23541.06,23541.06,23535.66,23538.86,827,168,0
2025-08-26 23:30:00+03:00,23538.36,23541.56,23533.36,23541.06,652,168,0
2025-08-26 23:45:00+03:00,23541.26,23541.36,23538.86,23539.86,258,168,0
2025-08-27 01:00:00+03:00,23548.66,23552.26,23543.96,23551.76,447,168,0
2025-08-27 01:15:00+03:00,23551.66,23554.66,23544.96,23550.06,514,168,0
2025-08-27 01:30:00+03:00,23549.96,23554.66,23547.66,23553.16,383,168,0
2025-08-27 01:45:00+03:00,23552.96,23554.16,23549.66,23550.66,325,168,0
2025-08-27 02:00:00+03:00,23550.75,23555.35,23545.75,23546.05,484,150,0
2025-08-27 02:15:00+03:00,23545.75,23551.35,23544.55,23548.55,322,150,0
2025-08-27 02:30:00+03:00,23548.25,23557.85,23547.65,23552.75,440,150,0
2025-08-27 02:45:00+03:00,23552.65,23553.55,23547.25,23548.85,526,150,0
2025-08-27 03:00:00+03:00,23549.25,23551.15,23538.15,23539.35,1229,150,0
2025-08-27 03:15:00+03:00,23539.65,23541.35,23534.25,23535.05,791,150,0
2025-08-27 03:30:00+03:00,23535.05,23538.05,23530.05,23532.55,652,150,0
2025-08-27 03:45:00+03:00,23532.25,23535.05,23529.35,23532.75,562,150,0
2025-08-27 04:00:00+03:00,23533.05,23543.55,23532.75,23542.75,837,150,0
2025-08-27 04:15:00+03:00,23542.85,23545.25,23536.75,23537.65,697,150,0
2025-08-27 04:30:00+03:00,23537.15,23557.45,23537.05,23555.45,933,150,0
2025-08-27 04:45:00+03:00,23555.45,23563.35,23550.85,23562.05,868,150,0
2025-08-27 05:00:00+03:00,23562.05,23563.05,23547.65,23552.85,582,150,0
2025-08-27 05:15:00+03:00,23553.05,23562.35,23549.35,23549.75,732,150,0
2025-08-27 05:30:00+03:00,23549.65,23551.75,23544.85,23548.05,535,150,0
2025-08-27 05:45:00+03:00,23547.85,23548.35,23543.85,23546.25,425,150,0
2025-08-27 06:00:00+03:00,23546.35,23555.85,23545.85,23555.05,455,150,0
2025-08-27 06:15:00+03:00,23555.15,23555.15,23544.25,23546.55,415,150,0
2025-08-27 06:30:00+03:00,23546.65,23549.55,23544.25,23546.35,469,150,0
2025-08-27 06:45:00+03:00,23546.15,23549.65,23545.15,23548.25,358,150,0
2025-08-27 07:00:00+03:00,23548.15,23548.35,23540.25,23548.05,397,150,0
2025-08-27 07:15:00+03:00,23548.15,23550.35,23545.85,23549.15,385,150,0
2025-08-27 07:30:00+03:00,23549.25,23556.25,23549.25,23554.55,401,150,0
2025-08-27 07:45:00+03:00,23554.35,23555.65,23549.75,23551.25,261,150,0
2025-08-27 08:00:00+03:00,23551.25,23551.75,23533.05,23535.85,770,150,0
2025-08-27 08:15:00+03:00,23535.95,23538.85,23530.05,23533.75,580,150,0
2025-08-27 08:30:00+03:00,23533.85,23539.55,23532.75,23535.25,534,150,0
2025-08-27 08:45:00+03:00,23535.25,23535.35,23527.75,23535.25,588,150,0
2025-08-27 09:00:00+03:00,23535.05,23537.25,23530.25,23536.75,814,150,0
2025-08-27 09:15:00+03:00,23536.65,23553.45,23536.25,23548.25,977,150,0
2025-08-27 09:30:00+03:00,23546.45,23553.55,23542.75,23550.05,945,150,0
2025-08-27 09:45:00+03:00,23550.05,23551.75,23535.95,23537.75,937,150,0
2025-08-27 10:00:00+03:00,23538.75,23549.55,23533.75,23539.55,1609,160,0
2025-08-27 10:15:00+03:00,23539.35,23539.55,23509.95,23516.35,1822,160,0
2025-08-27 10:30:00+03:00,23516.35,23528.25,23513.25,23521.25,1756,170,0
2025-08-27 10:45:00+03:00,23521.05,23531.25,23519.15,23529.15,1469,160,0
2025-08-27 11:00:00+03:00,23529.05,23533.45,23516.15,23516.75,1923,170,0
2025-08-27 11:15:00+03:00,23516.45,23522.85,23510.75,23516.45,1332,160,0
2025-08-27 11:30:00+03:00,23516.95,23520.25,23508.25,23517.95,1354,150,0
2025-08-27 11:45:00+03:00,23518.25,23522.75,23502.25,23521.85,1431,160,0
2025-08-27 12:00:00+03:00,23521.85,23530.85,23519.85,23530.25,1262,150,0
2025-08-27 12:15:00+03:00,23529.85,23532.85,23526.35,23531.35,939,150,0
2025-08-27 12:30:00+03:00,23531.55,23536.55,23528.35,23532.15,948,150,0
2025-08-27 12:45:00+03:00,23532.25,23536.25,23529.25,23531.85,843,150,0
2025-08-27 13:00:00+03:00,23531.85,23535.75,23527.85,23532.05,803,150,0
2025-08-27 13:15:00+03:00,23532.75,23538.55,23526.75,23538.25,834,150,0
2025-08-27 13:30:00+03:00,23538.05,23540.85,23531.75,23537.05,880,150,0
2025-08-27 13:45:00+03:00,23537.05,23540.55,23533.55,23535.55,809,150,0
2025-08-27 14:00:00+03:00,23535.75,23542.85,23532.45,23542.45,1011,150,0
2025-08-27 14:15:00+03:00,23542.35,23546.55,23540.45,23542.95,847,150,0
2025-08-27 14:30:00+03:00,23542.85,23549.25,23542.45,23544.45,800,150,0
2025-08-27 14:45:00+03:00,23544.35,23550.05,23542.35,23543.25,748,150,0
2025-08-27 15:00:00+03:00,23543.05,23553.05,23539.75,23552.15,1106,150,0
2025-08-27 15:15:00+03:00,23552.25,23556.05,23527.95,23530.95,1415,150,0
2025-08-27 15:30:00+03:00,23529.95,23533.25,23499.05,23501.85,2874,170,0
2025-08-27 15:45:00+03:00,23502.85,23519.45,23501.85,23517.25,2253,170,0
2025-08-27 16:00:00+03:00,23516.95,23520.85,23486.55,23500.55,3135,170,0
2025-08-27 16:15:00+03:00,23500.65,23502.35,23470.75,23477.15,3083,180,0
2025-08-27 16:30:00+03:00,23477.15,23500.45,23449.45,23459.75,7349,80,0
2025-08-27 16:45:00+03:00,23460.45,23476.95,23424.95,23471.25,7080,120,0
2025-08-27 17:00:00+03:00,23470.45,23502.65,23461.95,23501.95,5772,80,0
2025-08-27 17:15:00+03:00,23501.95,23542.05,23501.45,23534.15,4778,80,0
2025-08-27 17:30:00+03:00,23533.95,23551.15,23531.55,23537.95,4288,80,0
2025-08-27 17:45:00+03:00,23538.05,23545.45,23520.45,23535.95,4107,80,0
2025-08-27 18:00:00+03:00,23536.05,23544.65,23527.75,23536.05,3769,80,0
2025-08-27 18:15:00+03:00,23536.25,23546.75,23526.05,23528.25,2998,80,0
2025-08-27 18:30:00+03:00,23527.75,23544.55,23512.05,23538.35,3380,80,0
2025-08-27 18:45:00+03:00,23538.05,23568.75,23535.15,23561.75,3174,80,0
2025-08-27 19:00:00+03:00,23561.75,23562.25,23542.75,23544.05,2627,80,0
2025-08-27 19:15:00+03:00,23544.05,23544.25,23483.55,23505.05,3978,80,0
2025-08-27 19:30:00+03:00,23504.55,23517.25,23480.25,23509.55,3931,80,0
2025-08-27 19:45:00+03:00,23509.25,23549.75,23507.25,23539.25,3450,80,0
2025-08-27 20:00:00+03:00,23538.55,23544.15,23527.55,23540.75,2981,80,0
2025-08-27 20:15:00+03:00,23540.55,23543.55,23526.05,23540.25,2396,80,0
2025-08-27 20:30:00+03:00,23540.05,23557.05,23540.05,23554.95,2468,80,0
2025-08-27 20:45:00+03:00,23555.15,23562.25,23552.25,23559.65,2245,80,0
2025-08-27 21:00:00+03:00,23559.25,23591.45,23553.15,23588.25,2731,80,0
2025-08-27 21:15:00+03:00,23588.95,23595.45,23584.75,23587.75,2673,80,0
2025-08-27 21:30:00+03:00,23587.55,23589.15,23577.45,23578.15,2217,80,0
2025-08-27 21:45:00+03:00,23578.05,23583.55,23562.65,23565.05,2408,80,0
2025-08-27 22:00:00+03:00,23565.05,23565.65,23492.55,23506.25,3528,80,0
2025-08-27 22:15:00+03:00,23506.85,23541.75,23505.55,23535.75,3508,80,0
2025-08-27 22:30:00+03:00,23535.75,23566.45,23535.55,23562.75,3046,80,0
2025-08-27 22:45:00+03:00,23562.75,23584.55,23558.15,23558.35,3837,80,0
2025-08-27 23:00:00+03:00,23558.25,23566.66,23548.26,23553.06,3028,110,0
2025-08-27 23:15:00+03:00,23553.16,23607.26,23373.56,23512.46,4137,208,0
2025-08-27 23:30:00+03:00,23510.76,23519.16,23445.96,23462.46,5882,228,0
2025-08-27 23:45:00+03:00,23462.56,23469.56,23449.16,23462.66,1548,228,0
2025-08-28 01:00:00+03:00,23453.66,23466.96,23441.06,23452.66,1306,218,0
2025-08-28 01:15:00+03:00,23452.56,23455.56,23439.86,23449.36,1275,188,0
2025-08-28 01:30:00+03:00,23449.26,23476.06,23447.96,23466.26,1568,188,0
2025-08-28 01:45:00+03:00,23466.56,23472.66,23455.06,23458.36,1022,178,0
2025-08-28 02:00:00+03:00,23458.86,23465.95,23446.95,23454.75,1112,160,0
2025-08-28 02:15:00+03:00,23454.75,23457.25,23445.65,23452.95,758,150,0
2025-08-28 02:30:00+03:00,23452.75,23459.15,23445.85,23453.35,943,150,0
2025-08-28 02:45:00+03:00,23453.35,23457.65,23443.05,23449.05,1297,170,0
2025-08-28 03:00:00+03:00,23447.85,23456.15,23436.05,23453.85,2189,180,0
2025-08-28 03:15:00+03:00,23453.95,23455.35,23428.55,23433.45,1979,180,0
2025-08-28 03:30:00+03:00,23433.95,23462.15,23428.55,23459.35,1891,180,0
2025-08-28 03:45:00+03:00,23459.65,23464.05,23451.05,23461.25,1543,160,0
2025-08-28 04:00:00+03:00,23461.25,23474.15,23458.75,23470.45,1305,160,0
2025-08-28 04:15:00+03:00,23470.55,23474.15,23464.95,23466.55,1026,150,0
2025-08-28 04:30:00+03:00,23466.75,23479.95,23466.75,23478.95,1133,160,0
2025-08-28 04:45:00+03:00,23479.25,23492.65,23477.35,23488.25,988,150,0
2025-08-28 05:00:00+03:00,23488.45,23495.45,23485.45,23492.05,973,150,0
2025-08-28 05:15:00+03:00,23491.95,23502.65,23491.45,23495.95,915,150,0
2025-08-28 05:30:00+03:00,23495.75,23498.35,23488.55,23496.45,732,150,0
2025-08-28 05:45:00+03:00,23496.35,23497.25,23491.85,23494.95,534,150,0
2025-08-28 06:00:00+03:00,23494.95,23523.35,23494.55,23521.35,957,150,0
2025-08-28 06:15:00+03:00,23521.45,23524.35,23510.35,23518.85,822,150,0
2025-08-28 06:30:00+03:00,23518.85,23520.95,23512.25,23512.35,677,150,0
2025-08-28 06:45:00+03:00,23512.35,23519.75,23511.45,23515.85,566,150,0
2025-08-28 07:00:00+03:00,23515.95,23515.95,23498.45,23504.75,852,150,0
2025-08-28 07:15:00+03:00,23504.55,23514.75,23499.75,23512.25,599,150,0
2025-08-28 07:30:00+03:00,23512.25,23515.45,23507.95,23513.55,605,150,0
2025-08-28 07:45:00+03:00,23513.05,23513.85,23499.05,23502.05,549,150,0
2025-08-28 08:00:00+03:00,23502.05,23507.95,23500.05,23501.05,711,150,0
2025-08-28 08:15:00+03:00,23501.05,23506.95,23497.35,23502.25,755,150,0
2025-08-28 08:30:00+03:00,23502.65,23502.75,23486.95,23489.45,957,150,0
2025-08-28 08:45:00+03:00,23489.25,23489.95,23481.75,23483.35,920,150,0
2025-08-28 09:00:00+03:00,23483.35,23493.45,23480.85,23492.15,1135,150,0
2025-08-28 09:15:00+03:00,23491.95,23520.25,23491.25,23518.75,1148,160,0
2025-08-28 09:30:00+03:00,23517.75,23545.85,23517.75,23542.85,1702,170,0
2025-08-28 09:45:00+03:00,23542.45,23552.25,23535.85,23546.45,1263,170,0
2025-08-28 10:00:00+03:00,23546.95,23570.65,23543.25,23555.85,2500,180,0
2025-08-28 10:15:00+03:00,23555.85,23567.85,23552.85,23566.35,1722,180,0
2025-08-28 10:30:00+03:00,23565.65,23568.15,23546.15,23548.55,1609,170,0
2025-08-28 10:45:00+03:00,23548.45,23573.25,23544.35,23572.55,1574,170,0
2025-08-28 11:00:00+03:00,23572.35,23596.95,23562.75,23588.85,2363,180,0
2025-08-28 11:15:00+03:00,23588.85,23601.95,23581.35,23583.15,1914,180,0
2025-08-28 11:30:00+03:00,23583.35,23584.95,23566.05,23567.15,1641,170,0
2025-08-28 11:45:00+03:00,23567.35,23570.45,23555.85,23557.25,1288,160,0
2025-08-28 12:00:00+03:00,23556.75,23568.55,23556.75,23563.25,1236,150,0
2025-08-28 12:15:00+03:00,23563.15,23566.25,23559.65,23563.35,1002,160,0
2025-08-28 12:30:00+03:00,23563.35,23568.15,23554.25,23557.45,957,160,0
2025-08-28 12:45:00+03:00,23557.35,23561.95,23549.65,23554.75,1059,160,0
2025-08-28 13:00:00+03:00,23554.95,23559.75,23550.15,23559.75,895,150,0
2025-08-28 13:15:00+03:00,23559.45,23565.45,23551.15,23559.95,1095,160,0
2025-08-28 13:30:00+03:00,23559.75,23565.65,23538.35,23540.45,1293,160,0
2025-08-28 13:45:00+03:00,23540.45,23552.75,23539.65,23551.95,1174,160,0
2025-08-28 14:00:00+03:00,23552.35,23555.25,23530.25,23530.35,1639,170,0
2025-08-28 14:15:00+03:00,23530.15,23534.65,23523.55,23532.35,1383,170,0
2025-08-28 14:30:00+03:00,23532.25,23538.15,23527.75,23533.45,1402,170,0
2025-08-28 14:45:00+03:00,23533.55,23558.65,23532.35,23558.65,1677,160,0
2025-08-28 15:00:00+03:00,23556.25,23571.05,23552.45,23552.45,1988,160,0
2025-08-28 15:15:00+03:00,23552.55,23552.55,23534.15,23540.65,1902,170,0
2025-08-28 15:30:00+03:00,23540.45,23593.45,23540.45,23584.75,4158,180,0
2025-08-28 15:45:00+03:00,23584.75,23586.05,23570.85,23573.65,3271,190,0
2025-08-28 16:00:00+03:00,23573.75,23585.85,23572.25,23585.15,2713,170,0
2025-08-28 16:15:00+03:00,23585.25,23598.15,23572.45,23580.35,2709,170,0
2025-08-28 16:30:00+03:00,23580.25,23682.65,23570.95,23643.35,7890,80,0
2025-08-28 16:45:00+03:00,23643.15,23649.45,23513.75,23548.15,7725,120,0
2025-08-28 17:00:00+03:00,23549.65,23616.65,23534.75,23607.15,7289,120,0
2025-08-28 17:15:00+03:00,23607.15,23614.65,23565.25,23570.65,7044,120,0
2025-08-28 17:30:00+03:00,23570.25,23641.85,23569.85,23634.85,6646,120,0
2025-08-28 17:45:00+03:00,23634.95,23670.55,23624.85,23655.55,5404,80,0
2025-08-28 18:00:00+03:00,23654.45,23672.35,23637.65,23667.95,4984,80,0
2025-08-28 18:15:00+03:00,23668.05,23693.25,23606.15,23613.15,5455,80,0
2025-08-28 18:30:00+03:00,23613.85,23660.35,23611.85,23628.85,4984,80,0
2025-08-28 18:45:00+03:00,23628.25,23639.85,23616.35,23629.35,4651,80,0
2025-08-28 19:00:00+03:00,23628.85,23669.55,23623.85,23667.85,3769,80,0
2025-08-28 19:15:00+03:00,23667.85,23706.85,23657.55,23696.05,3484,80,0
2025-08-28 19:30:00+03:00,23695.85,23701.35,23671.15,23684.55,3240,80,0
2025-08-28 19:45:00+03:00,23684.45,23702.35,23669.65,23672.95,3018,80,0
2025-08-28 20:00:00+03:00,23673.05,23681.55,23663.55,23676.85,3862,80,0
2025-08-28 20:15:00+03:00,23676.55,23702.35,23672.55,23702.35,2733,80,0
2025-08-28 20:30:00+03:00,23702.55,23711.15,23696.15,23706.05,2829,80,0
2025-08-28 20:45:00+03:00,23705.55,23713.15,23701.45,23707.35,2388,80,0
2025-08-28 21:00:00+03:00,23707.55,23716.85,23703.55,23709.85,2226,80,0
2025-08-28 21:15:00+03:00,23709.85,23718.85,23702.55,23716.85,2244,80,0
2025-08-28 21:30:00+03:00,23716.85,23724.85,23711.15,23719.35,2273,80,0
2025-08-28 21:45:00+03:00,23719.85,23731.15,23717.65,23727.35,2142,80,0
2025-08-28 22:00:00+03:00,23727.65,23735.35,23716.85,23725.85,2395,80,0
2025-08-28 22:15:00+03:00,23725.65,23725.85,23711.25,23716.05,2316,80,0
2025-08-28 22:30:00+03:00,23716.25,23727.75,23709.65,23726.25,2341,80,0
2025-08-28 22:45:00+03:00,23725.75,23740.55,23703.65,23704.65,3811,80,0
2025-08-28 23:00:00+03:00,23704.35,23711.56,23688.56,23698.26,2346,120,0
2025-08-28 23:15:00+03:00,23697.26,23701.86,23696.16,23701.06,667,168,0
2025-08-28 23:30:00+03:00,23701.06,23704.06,23699.06,23702.06,495,168,0
2025-08-28 23:45:00+03:00,23701.96,23702.86,23699.36,23699.86,212,168,0
2025-08-29 01:00:00+03:00,23694.26,23698.96,23687.76,23687.76,614,188,0
2025-08-29 01:15:00+03:00,23687.66,23693.46,23683.66,23686.46,687,168,0
2025-08-29 01:30:00+03:00,23686.76,23691.06,23673.76,23674.56,724,168,0
2025-08-29 01:45:00+03:00,23674.46,23681.56,23673.46,23679.36,512,168,0
2025-08-29 02:00:00+03:00,23678.96,23686.15,23675.85,23680.05,602,150,0
2025-08-29 02:15:00+03:00,23680.35,23683.85,23677.55,23683.05,285,150,0
2025-08-29 02:30:00+03:00,23683.05,23690.85,23681.35,23689.85,416,150,0
2025-08-29 02:45:00+03:00,23689.55,23690.15,23682.55,23686.05,694,150,0
2025-08-29 03:00:00+03:00,23686.05,23687.35,23676.95,23682.15,1528,150,0
2025-08-29 03:15:00+03:00,23682.25,23692.65,23680.65,23691.05,942,150,0
2025-08-29 03:30:00+03:00,23691.25,23693.85,23686.55,23690.05,683,150,0
2025-08-29 03:45:00+03:00,23690.05,23691.95,23683.55,23684.45,663,150,0
2025-08-29 04:00:00+03:00,23684.35,23689.75,23670.25,23680.35,1027,150,0
2025-08-29 04:15:00+03:00,23680.65,23681.15,23671.05,23678.75,994,150,0
2025-08-29 04:30:00+03:00,23678.25,23678.65,23669.65,23673.95,874,150,0
2025-08-29 04:45:00+03:00,23673.85,23676.05,23668.35,23671.35,880,150,0
2025-08-29 05:00:00+03:00,23671.35,23671.95,23665.45,23667.55,654,150,0
2025-08-29 05:15:00+03:00,23667.35,23669.35,23659.35,23661.05,756,150,0
2025-08-29 05:30:00+03:00,23660.95,23662.35,23658.15,23658.65,581,150,0
2025-08-29 05:45:00+03:00,23659.05,23666.45,23656.65,23665.05,488,150,0
2025-08-29 06:00:00+03:00,23665.15,23678.55,23664.85,23676.45,803,150,0
2025-08-29 06:15:00+03:00,23676.55,23677.15,23668.55,23668.85,536,150,0
2025-08-29 06:30:00+03:00,23669.35,23679.15,23667.95,23673.15,570,150,0
2025-08-29 06:45:00+03:00,23672.85,23673.85,23662.95,23666.45,602,150,0
2025-08-29 07:00:00+03:00,23666.45,23669.35,23660.95,23662.85,477,150,0
2025-08-29 07:15:00+03:00,23662.45,23664.45,23660.05,23660.15,399,150,0
2025-08-29 07:30:00+03:00,23660.45,23662.35,23657.65,23661.65,391,150,0
2025-08-29 07:45:00+03:00,23661.55,23665.15,23656.95,23658.95,416,150,0
2025-08-29 08:00:00+03:00,23658.95,23666.65,23658.85,23665.15,475,150,0
2025-08-29 08:15:00+03:00,23665.35,23665.45,23652.95,23655.65,647,150,0
2025-08-29 08:30:00+03:00,23655.45,23657.65,23653.05,23657.05,363,150,0
2025-08-29 08:45:00+03:00,23657.05,23664.05,23653.05,23663.05,573,150,0
2025-08-29 09:00:00+03:00,23662.65,23671.15,23661.75,23665.85,876,150,0
2025-08-29 09:15:00+03:00,23665.65,23674.85,23665.55,23674.45,781,150,0
2025-08-29 09:30:00+03:00,23674.35,23674.55,23658.75,23670.85,991,150,0
2025-08-29 09:45:00+03:00,23670.75,23672.25,23656.15,23659.15,862,150,0
2025-08-29 10:00:00+03:00,23660.65,23678.55,23654.25,23669.35,1929,160,0
2025-08-29 10:15:00+03:00,23668.85,23670.95,23659.05,23665.65,1431,160,0
2025-08-29 10:30:00+03:00,23665.85,23665.85,23650.75,23654.15,1568,170,0
2025-08-29 10:45:00+03:00,23654.15,23654.15,23630.95,23631.75,1472,160,0
2025-08-29 11:00:00+03:00,23631.65,23643.85,23602.75,23604.15,2917,180,0
2025-08-29 11:15:00+03:00,23604.15,23621.15,23601.95,23615.95,2116,180,0
2025-08-29 11:30:00+03:00,23616.25,23625.65,23610.35,23615.35,1572,170,0
2025-08-29 11:45:00+03:00,23614.95,23615.25,23571.85,23579.05,2420,170,0
2025-08-29 12:00:00+03:00,23579.05,23597.25,23559.25,23596.85,2429,180,0
2025-08-29 12:15:00+03:00,23596.95,23605.25,23593.45,23601.75,1646,170,0
2025-08-29 12:30:00+03:00,23601.95,23606.95,23594.75,23596.45,1605,160,0
2025-08-29 12:45:00+03:00,23596.65,23605.05,23587.95,23592.65,1429,170,0
2025-08-29 13:00:00+03:00,23593.35,23608.85,23581.15,23598.15,1617,170,0
2025-08-29 13:15:00+03:00,23597.65,23603.35,23591.45,23596.15,1122,160,0
2025-08-29 13:30:00+03:00,23595.65,23595.65,23579.95,23582.05,1304,170,0
2025-08-29 13:45:00+03:00,23582.65,23589.25,23569.95,23583.35,1582,170,0
2025-08-29 14:00:00+03:00,23583.55,23597.45,23581.05,23596.35,1719,160,0
2025-08-29 14:15:00+03:00,23596.55,23601.55,23589.55,23593.95,1431,160,0
2025-08-29 14:30:00+03:00,23593.95,23595.65,23585.25,23585.95,1282,160,0
2025-08-29 14:45:00+03:00,23586.05,23590.75,23577.95,23587.45,1367,160,0
2025-08-29 15:00:00+03:00,23586.65,23591.15,23568.65,23579.75,1950,170,0
2025-08-29 15:15:00+03:00,23580.15,23588.95,23574.35,23577.12,1894,170,0
2025-08-29 15:30:00+03:00,23576.97,23627.35,23574.47,23601.25,4430,210,0
2025-08-29 15:45:00+03:00,23600.75,23614.45,23598.35,23613.65,2848,180,0
2025-08-29 16:00:00+03:00,23612.95,23613.45,23599.45,23604.85,2805,180,0
2025-08-29 16:15:00+03:00,23604.65,23616.75,23595.65,23600.05,2965,180,0
2025-08-29 16:30:00+03:00,23599.75,23615.15,23535.75,23547.45,7546,80,0
2025-08-29 16:45:00+03:00,23547.45,23547.45,23455.05,23466.05,7515,120,0
2025-08-29 17:00:00+03:00,23465.45,23498.75,23378.95,23405.65,7533,120,0
2025-08-29 17:15:00+03:00,23405.65,23446.05,23375.75,23445.55,7300,120,0
2025-08-29 17:30:00+03:00,23445.25,23462.55,23417.65,23418.55,6930,120,0
2025-08-29 17:45:00+03:00,23418.55,23427.75,23363.75,23382.95,6853,120,0
2025-08-29 18:00:00+03:00,23382.95,23430.25,23376.15,23415.05,6170,120,0
2025-08-29 18:15:00+03:00,23415.05,23445.85,23408.55,23432.05,5505,80,0
2025-08-29 18:30:00+03:00,23431.95,23436.45,23401.35,23406.45,5657,80,0
2025-08-29 18:45:00+03:00,23406.95,23409.35,23374.95,23381.65,5222,110,0
2025-08-29 19:00:00+03:00,23381.75,23426.85,23379.25,23420.65,4590,80,0
2025-08-29 19:15:00+03:00,23420.65,23429.45,23398.35,23404.45,3953,80,0
2025-08-29 19:30:00+03:00,23404.45,23433.95,23403.95,23433.45,3310,80,0
2025-08-29 19:45:00+03:00,23433.65,23440.95,23422.15,23428.15,3402,80,0
2025-08-29 20:00:00+03:00,23428.15,23428.15,23367.45,23369.95,5035,80,0
2025-08-29 20:15:00+03:00,23369.65,23388.95,23350.55,23378.15,4453,80,0
2025-08-29 20:30:00+03:00,23378.15,23396.05,23366.15,23391.45,4009,80,0
2025-08-29 20:45:00+03:00,23391.65,23426.65,23390.95,23409.65,3792,80,0
2025-08-29 21:00:00+03:00,23409.45,23417.15,23392.95,23410.55,3850,80,0
2025-08-29 21:15:00+03:00,23410.95,23415.45,23387.45,23391.45,3990,80,0
2025-08-29 21:30:00+03:00,23391.45,23413.95,23391.15,23393.95,3098,80,0
2025-08-29 21:45:00+03:00,23394.15,23409.45,23388.65,23409.45,2963,80,0
2025-08-29 22:00:00+03:00,23409.45,23425.15,23402.65,23417.05,3135,80,0
2025-08-29 22:15:00+03:00,23417.05,23435.05,23406.05,23413.45,3172,80,0
2025-08-29 22:30:00+03:00,23413.45,23432.65,23395.65,23428.45,3780,80,0
2025-08-29 22:45:00+03:00,23428.05,23444.95,23376.85,23421.95,5510,80,0
2025-08-29 23:00:00+03:00,23421.75,23437.16,23403.06,23414.36,3485,120,0
2025-08-29 23:15:00+03:00,23414.36,23414.56,23402.66,23405.96,1274,178,0
2025-08-29 23:30:00+03:00,23405.66,23410.26,23402.26,23403.16,812,168,0
2025-08-29 23:45:00+03:00,23403.26,23405.96,23402.16,23405.56,310,168,0
2025-09-01 01:00:00+03:00,23443.86,23466.46,23431.76,23456.56,1190,208,0
2025-09-01 01:15:00+03:00,23456.46,23466.26,23450.96,23451.96,1011,188,0
2025-09-01 01:30:00+03:00,23452.06,23477.16,23451.16,23474.66,689,168,0
2025-09-01 01:45:00+03:00,23474.96,23488.86,23474.36,23488.26,683,168,0
2025-09-01 02:00:00+03:00,23487.66,23497.75,23485.15,23488.05,813,150,0
2025-09-01 02:15:00+03:00,23488.35,23492.85,23482.35,23485.95,502,150,0
2025-09-01 02:30:00+03:00,23486.15,23488.75,23482.45,23488.35,460,150,0
2025-09-01 02:45:00+03:00,23487.15,23490.35,23482.55,23490.35,622,150,0
2025-09-01 03:00:00+03:00,23490.65,23504.25,23482.35,23501.45,1656,150,0
2025-09-01 03:15:00+03:00,23501.35,23504.35,23483.35,23488.95,1158,160,0
2025-09-01 03:30:00+03:00,23488.45,23493.35,23482.45,23491.65,866,150,0
2025-09-01 03:45:00+03:00,23491.95,23496.55,23490.25,23490.35,788,150,0
2025-09-01 04:00:00+03:00,23490.35,23492.55,23483.35,23488.05,1212,150,0
2025-09-01 04:15:00+03:00,23488.05,23490.95,23481.85,23487.15,905,150,0
2025-09-01 04:30:00+03:00,23487.25,23490.55,23481.95,23484.75,1076,150,0
2025-09-01 04:45:00+03:00,23484.65,23487.25,23460.45,23469.75,1248,150,0
2025-09-01 05:00:00+03:00,23469.75,23470.45,23438.65,23438.95,1450,160,0
2025-09-01 05:15:00+03:00,23438.95,23441.45,23426.65,23429.45,1756,180,0
2025-09-01 05:30:00+03:00,23429.25,23436.75,23418.55,23424.95,1278,170,0
2025-09-01 05:45:00+03:00,23424.95,23435.15,23419.85,23421.05,1068,160,0
2025-09-01 06:00:00+03:00,23421.15,23436.75,23405.15,23431.85,1474,160,0
2025-09-01 06:15:00+03:00,23432.25,23434.05,23386.05,23396.25,1963,170,0
2025-09-01 06:30:00+03:00,23395.25,23400.85,23384.05,23399.05,1589,170,0
2025-09-01 06:45:00+03:00,23398.75,23401.85,23392.45,23394.35,867,160,0
2025-09-01 07:00:00+03:00,23394.45,23399.55,23389.35,23391.05,895,160,0
2025-09-01 07:15:00+03:00,23391.45,23396.85,23384.55,23385.05,760,150,0
2025-09-01 07:30:00+03:00,23385.55,23386.15,23360.05,23370.55,1503,170,0
2025-09-01 07:45:00+03:00,23370.75,23394.25,23369.05,23379.65,1123,160,0
2025-09-01 08:00:00+03:00,23380.15,23385.25,23362.25,23373.85,1518,170,0
2025-09-01 08:15:00+03:00,23373.75,23388.05,23366.25,23387.45,1151,160,0
2025-09-01 08:30:00+03:00,23387.55,23400.75,23383.05,23399.85,1020,160,0
2025-09-01 08:45:00+03:00,23399.25,23399.75,23376.95,23382.05,1266,170,0
2025-09-01 09:00:00+03:00,23382.05,23382.75,23344.15,23350.45,1778,170,0
2025-09-01 09:15:00+03:00,23350.05,23351.95,23323.65,23325.45,1630,180,0
2025-09-01 09:30:00+03:00,23328.35,23410.75,23328.15,23410.35,2074,170,0
2025-09-01 09:45:00+03:00,23410.85,23425.35,23393.35,23401.05,2081,190,0
2025-09-01 10:00:00+03:00,23401.95,23420.65,23394.95,23401.25,2680,180,0
2025-09-01 10:15:00+03:00,23401.35,23426.75,23396.45,23425.15,2072,180,0
2025-09-01 10:30:00+03:00,23425.15,23428.15,23415.65,23423.95,1813,180,0
2025-09-01 10:45:00+03:00,23424.05,23429.25,23410.05,23421.95,1714,170,0
2025-09-01 11:00:00+03:00,23422.25,23433.65,23411.65,23425.25,1935,170,0
2025-09-01 11:15:00+03:00,23425.05,23441.15,23414.95,23437.05,1980,180,0
2025-09-01 11:30:00+03:00,23436.25,23454.65,23436.05,23447.25,1690,170,0
2025-09-01 11:45:00+03:00,23446.95,23449.85,23431.55,23442.75,1252,160,0
2025-09-01 12:00:00+03:00,23441.85,23441.85,23430.05,23434.85,1161,160,0
2025-09-01 12:15:00+03:00,23434.95,23448.85,23433.65,23442.85,957,150,0
2025-09-01 12:30:00+03:00,23442.85,23448.35,23437.05,23438.45,943,150,0
2025-09-01 12:45:00+03:00,23438.05,23440.55,23428.55,23437.35,1018,160,0
2025-09-01 13:00:00+03:00,23437.55,23448.55,23432.55,23447.65,987,150,0
2025-09-01 13:15:00+03:00,23447.55,23448.55,23441.35,23442.65,785,150,0
2025-09-01 13:30:00+03:00,23442.85,23452.95,23436.55,23444.65,973,150,0
2025-09-01 13:45:00+03:00,23444.45,23445.15,23435.55,23438.85,887,150,0
2025-09-01 14:00:00+03:00,23438.85,23446.35,23434.35,23435.85,932,150,0
2025-09-01 14:15:00+03:00,23435.85,23439.55,23412.75,23417.45,1083,150,0
2025-09-01 14:30:00+03:00,23417.35,23423.75,23398.55,23414.25,1314,170,0
2025-09-01 14:45:00+03:00,23414.05,23423.55,23409.05,23418.85,1028,160,0
2025-09-01 15:00:00+03:00,23417.85,23422.95,23412.75,23421.35,975,150,0
2025-09-01 15:15:00+03:00,23421.35,23427.25,23416.55,23425.35,929,150,0
2025-09-01 15:30:00+03:00,23424.85,23434.45,23423.05,23424.35,1054,150,0
2025-09-01 15:45:00+03:00,23424.55,23429.85,23417.45,23429.55,1128,150,0
2025-09-01 16:00:00+03:00,23429.25,23435.65,23427.65,23435.15,854,150,0
2025-09-01 16:15:00+03:00,23434.85,23437.65,23425.75,23428.45,1076,150,0
2025-09-01 16:30:00+03:00,23428.45,23436.35,23396.75,23434.25,2679,80,0
2025-09-01 16:45:00+03:00,23432.85,23446.95,23427.85,23441.05,1626,80,0
2025-09-01 17:00:00+03:00,23440.45,23445.25,23436.95,23439.05,1311,80,0
2025-09-01 17:15:00+03:00,23438.85,23440.35,23431.85,23436.85,1098,80,0
2025-09-01 17:30:00+03:00,23438.35,23444.05,23435.85,23441.55,872,80,0
2025-09-01 17:45:00+03:00,23441.85,23444.55,23436.75,23444.05,817,80,0
2025-09-01 18:00:00+03:00,23442.45,23448.25,23432.35,23441.95,1086,80,0
2025-09-01 18:15:00+03:00,23442.05,23456.35,23440.85,23455.35,1102,80,0
2025-09-01 18:30:00+03:00,23455.25,23459.35,23454.05,23455.05,916,80,0
2025-09-01 18:45:00+03:00,23455.05,23455.75,23446.85,23447.95,631,80,0
2025-09-01 19:00:00+03:00,23448.05,23451.55,23438.55,23442.55,856,80,0
2025-09-01 19:15:00+03:00,23442.35,23443.25,23434.85,23439.35,751,80,0
2025-09-01 19:30:00+03:00,23439.85,23458.25,23439.05,23454.95,933,80,0
2025-09-01 19:45:00+03:00,23454.85,23459.05,23450.05,23453.95,696,80,0
2025-09-02 01:00:00+03:00,23445.76,23450.46,23442.76,23446.16,556,178,0
2025-09-02 01:15:00+03:00,23446.06,23450.86,23434.16,23434.66,665,168,0
2025-09-02 01:30:00+03:00,23434.66,23440.36,23434.36,23434.46,567,168,0
2025-09-02 01:45:00+03:00,23434.26,23439.66,23415.06,23416.06,909,168,0
2025-09-02 02:00:00+03:00,23416.66,23418.85,23400.15,23411.85,1195,160,0
2025-09-02 02:15:00+03:00,23412.15,23414.35,23382.75,23393.35,1389,160,0
2025-09-02 02:30:00+03:00,23392.95,23401.75,23385.45,23391.45,970,160,0
2025-09-02 02:45:00+03:00,23391.65,23401.15,23386.85,23399.95,1159,170,0
2025-09-02 03:00:00+03:00,23399.85,23405.85,23390.55,23394.85,1823,170,0
2025-09-02 03:15:00+03:00,23394.55,23403.05,23385.65,23392.85,1343,170,0
2025-09-02 03:30:00+03:00,23392.65,23412.95,23391.95,23412.35,1220,160,0
2025-09-02 03:45:00+03:00,23412.35,23428.75,23411.45,23427.95,1266,150,0
2025-09-02 04:00:00+03:00,23427.65,23438.25,23427.05,23437.25,1099,150,0
2025-09-02 04:15:00+03:00,23437.25,23437.25,23417.15,23420.55,1041,150,0
2025-09-02 04:30:00+03:00,23420.65,23428.15,23419.15,23422.15,1310,160,0
2025-09-02 04:45:00+03:00,23422.25,23429.05,23392.85,23392.85,1308,150,0
2025-09-02 05:00:00+03:00,23393.35,23401.75,23385.25,23388.55,1565,180,0
2025-09-02 05:15:00+03:00,23388.45,23388.65,23373.05,23380.05,1448,180,0
2025-09-02 05:30:00+03:00,23380.05,23380.85,23369.95,23377.35,1061,170,0
2025-09-02 05:45:00+03:00,23377.45,23386.45,23373.85,23380.45,1135,160,0
2025-09-02 06:00:00+03:00,23380.15,23385.05,23370.85,23377.15,1120,160,0
2025-09-02 06:15:00+03:00,23376.95,23390.85,23376.65,23387.45,932,160,0
2025-09-02 06:30:00+03:00,23387.45,23392.85,23382.65,23390.95,808,150,0
2025-09-02 06:45:00+03:00,23390.75,23396.35,23390.75,23392.25,701,150,0
2025-09-02 07:00:00+03:00,23392.25,23398.05,23388.45,23396.75,629,150,0
2025-09-02 07:15:00+03:00,23396.55,23405.25,23396.55,23403.95,536,150,0
2025-09-02 07:30:00+03:00,23403.95,23404.25,23381.95,23388.95,826,150,0
2025-09-02 07:45:00+03:00,23389.25,23398.65,23388.95,23391.65,661,150,0
2025-09-02 08:00:00+03:00,23391.75,23393.45,23358.95,23369.55,1474,150,0
2025-09-02 08:15:00+03:00,23369.15,23374.65,23364.15,23374.35,1172,160,0
2025-09-02 08:30:00+03:00,23374.35,23379.35,23361.75,23367.65,1323,170,0
2025-09-02 08:45:00+03:00,23368.25,23390.45,23366.65,23367.35,1113,170,0
2025-09-02 09:00:00+03:00,23367.35,23390.65,23361.45,23383.25,1534,170,0
2025-09-02 09:15:00+03:00,23383.15,23393.35,23372.55,23377.65,1151,170,0
2025-09-02 09:30:00+03:00,23377.35,23393.65,23376.85,23390.85,1187,170,0
2025-09-02 09:45:00+03:00,23390.35,23402.25,23388.35,23401.15,1060,160,0
2025-09-02 10:00:00+03:00,23401.95,23405.45,23344.75,23345.75,3153,170,0
2025-09-02 10:15:00+03:00,23345.55,23367.35,23327.55,23366.45,3318,200,0
2025-09-02 10:30:00+03:00,23366.85,23376.45,23307.45,23307.45,3389,200,0
2025-09-02 10:45:00+03:00,23307.05,23317.75,23224.25,23232.15,4429,200,0
2025-09-02 11:00:00+03:00,23232.15,23273.95,23222.15,23242.45,4289,210,0
2025-09-02 11:15:00+03:00,23242.55,23279.45,23240.95,23262.95,2884,200,0
2025-09-02 11:30:00+03:00,23263.05,23287.65,23253.55,23283.55,2304,180,0
2025-09-02 11:45:00+03:00,23282.25,23286.55,23259.55,23264.85,1956,180,0
2025-09-02 12:00:00+03:00,23264.85,23275.25,23253.65,23265.55,1942,180,0
2025-09-02 12:15:00+03:00,23265.05,23285.55,23264.05,23280.15,1661,170,0
2025-09-02 12:30:00+03:00,23280.05,23284.55,23269.85,23270.85,1513,170,0
2025-09-02 12:45:00+03:00,23270.65,23272.45,23245.65,23246.35,1838,180,0
2025-09-02 13:00:00+03:00,23246.35,23265.45,23243.15,23254.85,1741,170,0
2025-09-02 13:15:00+03:00,23254.25,23255.75,23202.95,23208.95,2322,170,0
2025-09-02 13:30:00+03:00,23207.95,23218.35,23185.65,23211.15,2672,190,0
2025-09-02 13:45:00+03:00,23210.75,23214.45,23196.55,23207.95,2199,190,0
2025-09-02 14:00:00+03:00,23208.75,23214.35,23177.75,23199.55,2650,190,0
2025-09-02 14:15:00+03:00,23198.95,23206.75,23183.05,23188.75,2474,190,0
2025-09-02 14:30:00+03:00,23188.95,23201.05,23181.55,23190.45,2426,190,0
2025-09-02 14:45:00+03:00,23190.25,23199.55,23173.75,23179.25,2412,180,0
2025-09-02 15:00:00+03:00,23179.05,23179.05,23119.95,23132.65,3515,190,0
2025-09-02 15:15:00+03:00,23132.45,23140.25,23110.95,23119.05,3256,200,0
2025-09-02 15:30:00+03:00,23119.45,23126.35,23074.95,23088.25,3637,200,0
2025-09-02 15:45:00+03:00,23088.15,23096.55,23025.55,23050.45,4091,200,0
2025-09-02 16:00:00+03:00,23050.45,23078.45,23032.95,23076.75,4184,200,0
2025-09-02 16:15:00+03:00,23075.55,23083.55,23044.15,23054.75,3619,200,0
2025-09-02 16:30:00+03:00,23054.55,23131.35,22980.25,23105.65,5912,120,0
2025-09-02 16:45:00+03:00,23105.15,23215.25,23092.45,23186.72,5588,120,0
2025-09-02 17:00:00+03:00,23186.72,23233.73,23151.15,23163.15,5652,120,0
2025-09-02 17:15:00+03:00,23163.25,23216.75,23142.75,23216.25,5622,120,0
2025-09-02 17:30:00+03:00,23216.35,23216.35,23133.25,23135.95,5514,120,0
2025-09-02 17:45:00+03:00,23136.45,23142.45,23090.45,23116.25,5232,120,0
2025-09-02 18:00:00+03:00,23116.35,23133.75,23077.75,23083.95,4976,120,0
2025-09-02 18:15:00+03:00,23084.15,23089.45,23050.75,23064.35,4770,120,0
2025-09-02 18:30:00+03:00,23064.45,23064.45,23005.65,23009.45,4561,80,0
2025-09-02 18:45:00+03:00,23009.65,23020.65,22981.75,23002.85,4377,80,0
2025-09-02 19:00:00+03:00,23002.65,23023.05,22993.05,23016.45,4214,80,0
2025-09-02 19:15:00+03:00,23016.15,23039.45,23015.45,23021.85,3762,80,0
2025-09-02 19:30:00+03:00,23021.95,23058.65,23021.35,23045.15,3668,80,0
2025-09-02 19:45:00+03:00,23045.35,23085.45,23026.45,23081.15,3797,80,0
2025-09-02 20:00:00+03:00,23081.45,23097.95,23059.05,23070.95,3772,80,0
2025-09-02 20:15:00+03:00,23070.95,23123.15,23067.15,23115.95,3494,80,0
2025-09-02 20:30:00+03:00,23115.65,23177.55,23115.65,23173.45,3768,80,0
2025-09-02 20:45:00+03:00,23173.35,23179.95,23142.45,23143.95,3765,80,0
2025-09-02 21:00:00+03:00,23143.95,23161.95,23130.65,23134.15,3825,80,0
2025-09-02 21:15:00+03:00,23134.15,23141.65,23116.65,23117.85,3349,80,0
2025-09-02 21:30:00+03:00,23117.75,23137.35,23111.85,23122.15,3345,80,0
2025-09-02 21:45:00+03:00,23122.25,23185.95,23117.15,23142.65,4134,80,0
2025-09-02 22:00:00+03:00,23142.95,23177.85,23142.95,23175.85,3730,80,0
2025-09-02 22:15:00+03:00,23175.85,23193.15,23169.15,23187.35,3466,80,0
2025-09-02 22:30:00+03:00,23187.35,23214.65,23184.05,23201.65,3414,80,0
2025-09-02 22:45:00+03:00,23201.65,23243.65,23189.55,23229.95,4178,80,0
2025-09-02 23:00:00+03:00,23230.45,23327.06,23223.06,23304.76,3916,120,0
2025-09-02 23:15:00+03:00,23305.56,23339.06,23294.36,23326.26,4209,228,0
2025-09-02 23:30:00+03:00,23326.26,23326.76,23310.96,23319.46,2840,198,0
2025-09-02 23:45:00+03:00,23319.76,23327.06,23318.66,23325.56,675,198,0
2025-09-03 01:00:00+03:00,23322.76,23324.66,23310.16,23317.66,779,188,0
2025-09-03 01:15:00+03:00,23317.86,23331.56,23309.46,23313.86,1309,178,0
2025-09-03 01:30:00+03:00,23314.16,23322.86,23305.36,23308.36,1110,188,0
2025-09-03 01:45:00+03:00,23308.46,23314.46,23291.56,23296.96,879,168,0
2025-09-03 02:00:00+03:00,23297.16,23301.45,23293.55,23296.05,742,150,0
2025-09-03 02:15:00+03:00,23296.15,23300.35,23282.75,23293.35,677,150,0
2025-09-03 02:30:00+03:00,23293.55,23298.65,23288.15,23288.65,661,150,0
2025-09-03 02:45:00+03:00,23288.75,23291.95,23283.65,23290.25,732,150,0
2025-09-03 03:00:00+03:00,23290.05,23291.35,23279.75,23290.05,1452,170,0
2025-09-03 03:15:00+03:00,23290.25,23294.15,23283.25,23291.95,1192,170,0
2025-09-03 03:30:00+03:00,23291.95,23295.95,23282.55,23290.25,1112,170,0
2025-09-03 03:45:00+03:00,23290.05,23290.05,23273.75,23287.45,1372,160,0
2025-09-03 04:00:00+03:00,23286.45,23290.45,23280.25,23280.25,1284,160,0
2025-09-03 04:15:00+03:00,23280.15,23284.05,23271.95,23274.25,1200,160,0
2025-09-03 04:30:00+03:00,23274.65,23283.75,23268.25,23282.55,1341,160,0
2025-09-03 04:45:00+03:00,23282.35,23296.05,23282.35,23292.85,1242,150,0
2025-09-03 05:00:00+03:00,23292.55,23295.15,23282.35,23285.55,1072,150,0
2025-09-03 05:15:00+03:00,23285.55,23290.55,23281.75,23285.25,827,150,0
2025-09-03 05:30:00+03:00,23285.35,23285.75,23269.45,23279.75,1067,150,0
2025-09-03 05:45:00+03:00,23279.85,23284.55,23277.25,23277.95,752,150,0
2025-09-03 06:00:00+03:00,23277.95,23288.95,23276.55,23285.45,906,150,0
2025-09-03 06:15:00+03:00,23285.35,23288.65,23274.85,23281.25,1127,160,0
2025-09-03 06:30:00+03:00,23281.05,23286.55,23255.85,23277.15,1212,150,0
2025-09-03 06:45:00+03:00,23274.85,23284.95,23271.35,23280.35,1038,160,0
2025-09-03 07:00:00+03:00,23280.25,23284.55,23275.55,23280.85,751,150,0
2025-09-03 07:15:00+03:00,23281.25,23290.75,23278.95,23289.85,617,150,0
2025-09-03 07:30:00+03:00,23290.05,23291.95,23284.55,23286.75,649,150,0
2025-09-03 07:45:00+03:00,23286.65,23289.05,23280.85,23287.65,546,150,0
2025-09-03 08:00:00+03:00,23287.45,23288.25,23271.75,23287.95,963,150,0
2025-09-03 08:15:00+03:00,23287.95,23292.55,23267.55,23274.45,1052,160,0
2025-09-03 08:30:00+03:00,23274.45,23287.15,23274.45,23279.55,1033,160,0
2025-09-03 08:45:00+03:00,23279.45,23280.85,23264.25,23272.75,1099,170,0
2025-09-03 09:00:00+03:00,23272.95,23294.25,23265.75,23289.15,1489,180,0
2025-09-03 09:15:00+03:00,23289.05,23311.95,23283.55,23310.95,1293,160,0
2025-09-03 09:30:00+03:00,23310.95,23321.15,23306.75,23314.25,1255,160,0
2025-09-03 09:45:00+03:00,23314.05,23316.75,23292.85,23300.65,1416,160,0
2025-09-03 10:00:00+03:00,23301.55,23317.95,23296.55,23303.45,2605,180,0
2025-09-03 10:15:00+03:00,23303.45,23315.65,23276.15,23311.65,2745,180,0
2025-09-03 10:30:00+03:00,23311.35,23319.95,23301.15,23314.05,2112,180,0
2025-09-03 10:45:00+03:00,23313.65,23338.55,23313.55,23332.15,1832,180,0
2025-09-03 11:00:00+03:00,23331.95,23370.45,23326.15,23368.35,2417,180,0
2025-09-03 11:15:00+03:00,23368.35,23387.15,23366.75,23375.25,2216,180,0
2025-09-03 11:30:00+03:00,23375.15,23376.35,23354.75,23362.45,1823,170,0
2025-09-03 11:45:00+03:00,23362.45,23375.75,23358.85,23374.95,1364,160,0
2025-09-03 12:00:00+03:00,23375.65,23381.55,23356.75,23357.25,1691,170,0
2025-09-03 12:15:00+03:00,23357.05,23385.85,23354.75,23382.65,1281,150,0
2025-09-03 12:30:00+03:00,23382.65,23400.35,23373.05,23396.35,1585,160,0
2025-09-03 12:45:00+03:00,23396.35,23398.05,23388.45,23394.05,1437,160,0
2025-09-03 13:00:00+03:00,23393.75,23397.75,23383.05,23387.25,1495,170,0
2025-09-03 13:15:00+03:00,23386.15,23396.25,23379.05,23396.05,1323,160,0
2025-09-03 13:30:00+03:00,23396.15,23404.05,23384.25,23390.55,1530,160,0
2025-09-03 13:45:00+03:00,23390.55,23400.05,23388.05,23397.45,1462,160,0
2025-09-03 14:00:00+03:00,23396.15,23414.25,23394.95,23403.15,1957,180,0
2025-09-03 14:15:00+03:00,23403.65,23403.95,23379.75,23379.95,1721,170,0
2025-09-03 14:30:00+03:00,23380.65,23405.95,23364.15,23403.15,2401,180,0
2025-09-03 14:45:00+03:00,23403.05,23405.25,23366.15,23371.85,1999,180,0
2025-09-03 15:00:00+03:00,23374.55,23401.25,23374.55,23400.35,2238,180,0
2025-09-03 15:15:00+03:00,23400.45,23403.75,23386.25,23392.35,2149,180,0
2025-09-03 15:30:00+03:00,23392.25,23393.35,23356.15,23383.25,3019,190,0
2025-09-03 15:45:00+03:00,23383.35,23388.65,23376.25,23378.75,2508,180,0
2025-09-03 16:00:00+03:00,23378.65,23408.05,23371.35,23406.75,2790,180,0
2025-09-03 16:15:00+03:00,23406.75,23412.75,23377.35,23379.85,3104,170,0
2025-09-03 16:30:00+03:00,23379.35,23393.55,23328.55,23352.95,5799,80,0
2025-09-03 16:45:00+03:00,23352.45,23386.75,23326.35,23338.24,5575,120,0
2025-09-03 17:00:00+03:00,23338.14,23415.95,23329.44,23347.95,5459,120,0
2025-09-03 17:15:00+03:00,23347.95,23427.85,23347.95,23389.95,5449,120,0
2025-09-03 17:30:00+03:00,23389.75,23471.55,23388.95,23463.75,4949,120,0
2025-09-03 17:45:00+03:00,23463.75,23481.75,23453.85,23465.55,4370,80,0
2025-09-03 18:00:00+03:00,23465.55,23472.75,23446.45,23448.25,4302,80,0
2025-09-03 18:15:00+03:00,23448.55,23452.45,23377.55,23380.85,4431,80,0
2025-09-03 18:30:00+03:00,23380.85,23403.05,23363.05,23386.35,4496,100,0
2025-09-03 18:45:00+03:00,23386.35,23395.05,23361.35,23371.75,4292,80,0
2025-09-03 19:00:00+03:00,23371.75,23394.25,23358.75,23382.45,4265,80,0
2025-09-03 19:15:00+03:00,23382.25,23420.25,23376.55,23389.85,4010,80,0
2025-09-03 19:30:00+03:00,23390.35,23395.05,23353.15,23368.45,3999,80,0
2025-09-03 19:45:00+03:00,23368.55,23376.55,23348.25,23367.05,3927,80,0
2025-09-03 20:00:00+03:00,23367.75,23414.95,23366.05,23402.05,3639,80,0
2025-09-03 20:15:00+03:00,23401.75,23418.25,23371.05,23383.05,3521,80,0
2025-09-03 20:30:00+03:00,23382.75,23391.25,23331.55,23333.75,3709,80,0
2025-09-03 20:45:00+03:00,23334.55,23357.45,23303.35,23322.45,4516,80,0
2025-09-03 21:00:00+03:00,23322.95,23323.45,23290.15,23315.45,4729,120,0
2025-09-03 21:15:00+03:00,23316.15,23316.15,23287.85,23306.45,4400,90,0
2025-09-03 21:30:00+03:00,23306.45,23309.25,23276.65,23307.45,4192,80,0
2025-09-03 21:45:00+03:00,23305.75,23314.85,23287.15,23299.85,3670,80,0
2025-09-03 22:00:00+03:00,23299.85,23316.85,23288.35,23293.35,3461,80,0
2025-09-03 22:15:00+03:00,23293.65,23318.25,23290.15,23311.15,3158,80,0
2025-09-03 22:30:00+03:00,23310.35,23357.15,23310.35,23354.35,3251,80,0
2025-09-03 22:45:00+03:00,23354.65,23412.15,23348.85,23407.45,4036,80,0
2025-09-03 23:00:00+03:00,23409.05,23425.36,23408.36,23411.66,2544,120,0
2025-09-03 23:15:00+03:00,23410.76,23423.76,23404.66,23422.36,1078,168,0
2025-09-03 23:30:00+03:00,23422.16,23428.56,23415.66,23417.36,823,168,0
2025-09-03 23:45:00+03:00,23417.16,23418.36,23414.96,23414.96,213,168,0
2025-09-04 01:00:00+03:00,23401.86,23412.16,23399.16,23408.06,546,178,0
2025-09-04 01:15:00+03:00,23407.76,23411.56,23396.26,23396.76,782,178,0
2025-09-04 01:30:00+03:00,23396.76,23401.46,23394.06,23394.36,532,168,0
2025-09-04 01:45:00+03:00,23394.46,23398.96,23392.36,23392.46,424,168,0
2025-09-04 02:00:00+03:00,23392.56,23410.95,23392.55,23410.45,605,150,0
2025-09-04 02:15:00+03:00,23410.45,23414.65,23403.45,23404.15,481,150,0
2025-09-04 02:30:00+03:00,23404.45,23405.65,23392.55,23392.65,519,150,0
2025-09-04 02:45:00+03:00,23392.65,23399.45,23390.55,23395.95,630,150,0
2025-09-04 03:00:00+03:00,23395.95,23434.25,23389.15,23432.55,2074,150,0
2025-09-04 03:15:00+03:00,23432.65,23472.35,23427.65,23454.85,1980,170,0
2025-09-04 03:30:00+03:00,23453.85,23470.25,23452.45,23462.25,1384,180,0
2025-09-04 03:45:00+03:00,23462.35,23465.25,23452.75,23461.75,1292,170,0
2025-09-04 04:00:00+03:00,23460.75,23466.95,23454.75,23455.25,1559,170,0
2025-09-04 04:15:00+03:00,23454.55,23463.25,23447.55,23450.95,1309,170,0
2025-09-04 04:30:00+03:00,23451.05,23458.25,23443.55,23455.85,1503,170,0
2025-09-04 04:45:00+03:00,23456.05,23459.05,23442.85,23455.55,1079,160,0
2025-09-04 05:00:00+03:00,23455.75,23489.75,23455.45,23480.75,1570,170,0
2025-09-04 05:15:00+03:00,23480.25,23481.05,23455.95,23455.95,1104,160,0
2025-09-04 05:30:00+03:00,23454.85,23465.05,23448.65,23457.05,1081,170,0
2025-09-04 05:45:00+03:00,23457.35,23460.75,23433.55,23438.25,1138,160,0
2025-09-04 06:00:00+03:00,23438.25,23440.15,23427.25,23435.55,1126,160,0
2025-09-04 06:15:00+03:00,23435.75,23441.65,23426.05,23427.35,899,160,0
2025-09-04 06:30:00+03:00,23427.45,23429.95,23416.85,23424.35,976,160,0
2025-09-04 06:45:00+03:00,23424.15,23428.85,23421.15,23426.85,688,150,0
2025-09-04 07:00:00+03:00,23426.65,23449.65,23426.65,23445.55,995,150,0
2025-09-04 07:15:00+03:00,23445.45,23452.45,23445.05,23449.65,630,150,0
2025-09-04 07:30:00+03:00,23449.25,23451.15,23441.65,23442.15,624,150,0
2025-09-04 07:45:00+03:00,23441.95,23450.05,23441.95,23448.55,526,150,0
2025-09-04 08:00:00+03:00,23448.55,23451.05,23441.85,23448.85,835,160,0
2025-09-04 08:15:00+03:00,23448.15,23460.35,23423.05,23429.35,1309,160,0
2025-09-04 08:30:00+03:00,23430.45,23438.05,23426.15,23426.55,1080,160,0
2025-09-04 08:45:00+03:00,23427.05,23429.45,23417.95,23426.45,965,160,0
2025-09-04 09:00:00+03:00,23425.55,23438.45,23424.75,23428.55,1417,170,0
2025-09-04 09:15:00+03:00,23428.35,23431.55,23418.15,23423.85,1278,170,0
2025-09-04 09:30:00+03:00,23423.95,23439.65,23419.05,23430.85,1271,170,0
2025-09-04 09:45:00+03:00,23430.35,23437.55,23410.65,23411.25,1150,160,0
2025-09-04 10:00:00+03:00,23410.45,23445.95,23408.95,23444.25,2641,180,0
2025-09-04 10:15:00+03:00,23443.15,23455.15,23434.45,23437.05,1910,180,0
2025-09-04 10:30:00+03:00,23436.95,23463.35,23431.75,23446.45,1893,170,0
2025-09-04 10:45:00+03:00,23446.85,23446.85,23437.95,23446.35,1300,150,0
2025-09-04 11:00:00+03:00,23445.85,23458.15,23434.75,23447.65,1986,160,0
2025-09-04 11:15:00+03:00,23447.65,23464.55,23446.55,23464.35,1419,160,0
2025-09-04 11:30:00+03:00,23464.15,23467.15,23451.05,23461.05,1436,160,0
2025-09-04 11:45:00+03:00,23460.85,23461.35,23451.15,23455.05,959,160,0
2025-09-04 12:00:00+03:00,23455.15,23464.55,23454.15,23458.15,1124,160,0
2025-09-04 12:15:00+03:00,23458.35,23459.05,23450.35,23456.85,1101,150,0
2025-09-04 12:30:00+03:00,23457.05,23467.85,23456.15,23463.65,1043,150,0
2025-09-04 12:45:00+03:00,23463.85,23474.55,23457.75,23473.75,990,150,0
2025-09-04 13:00:00+03:00,23473.65,23491.95,23472.55,23488.95,1394,160,0
2025-09-04 13:15:00+03:00,23489.45,23491.95,23461.05,23462.35,1644,160,0
2025-09-04 13:30:00+03:00,23461.85,23477.85,23461.15,23471.75,1413,150,0
2025-09-04 13:45:00+03:00,23471.65,23474.25,23466.25,23467.05,1051,160,0
2025-09-04 14:00:00+03:00,23466.25,23478.45,23461.85,23476.75,1570,160,0
2025-09-04 14:15:00+03:00,23476.75,23477.25,23451.75,23456.65,1449,160,0
2025-09-04 14:30:00+03:00,23456.65,23466.45,23454.75,23465.25,1448,160,0
2025-09-04 14:45:00+03:00,23465.45,23466.15,23438.15,23454.55,1900,160,0
2025-09-04 15:00:00+03:00,23454.05,23477.65,23454.05,23471.42,1958,170,0
2025-09-04 15:15:00+03:00,23471.42,23478.47,23439.95,23451.92,2704,190,0
2025-09-04 15:30:00+03:00,23451.92,23462.12,23430.15,23435.15,3011,200,0
2025-09-04 15:45:00+03:00,23435.45,23447.15,23427.15,23442.95,2386,170,0
2025-09-04 16:00:00+03:00,23441.65,23443.55,23420.65,23424.35,2601,180,0
2025-09-04 16:15:00+03:00,23424.45,23444.05,23419.25,23439.75,2409,180,0
2025-09-04 16:30:00+03:00,23437.85,23505.95,23415.45,23445.85,5695,80,0
2025-09-04 16:45:00+03:00,23446.25,23470.05,23417.45,23440.02,5496,120,0
2025-09-04 17:00:00+03:00,23436.57,23439.37,23380.75,23395.05,5668,120,0
2025-09-04 17:15:00+03:00,23395.25,23451.95,23368.45,23439.55,5216,120,0
2025-09-04 17:30:00+03:00,23439.55,23487.95,23437.75,23457.45,4679,90,0
2025-09-04 17:45:00+03:00,23458.85,23483.65,23451.35,23479.95,4325,80,0
2025-09-04 18:00:00+03:00,23479.95,23497.95,23450.35,23463.45,4175,80,0
2025-09-04 18:15:00+03:00,23463.75,23513.95,23463.05,23503.65,3845,80,0
2025-09-04 18:30:00+03:00,23504.15,23507.05,23475.75,23489.55,3858,80,0
2025-09-04 18:45:00+03:00,23489.45,23512.15,23482.15,23496.65,3675,80,0
2025-09-04 19:00:00+03:00,23496.95,23510.15,23485.15,23504.85,3475,80,0
2025-09-04 19:15:00+03:00,23505.05,23506.35,23469.95,23477.05,3435,80,0
2025-09-04 19:30:00+03:00,23476.55,23499.55,23472.55,23489.85,3305,80,0
2025-09-04 19:45:00+03:00,23489.85,23522.05,23489.65,23495.15,3267,80,0
2025-09-04 20:00:00+03:00,23495.35,23533.85,23493.55,23509.35,3252,80,0
2025-09-04 20:15:00+03:00,23508.85,23536.85,23508.35,23532.15,2555,80,0
2025-09-04 20:30:00+03:00,23532.55,23536.55,23523.15,23530.55,2617,80,0
2025-09-04 20:45:00+03:00,23530.85,23560.55,23527.35,23540.35,2833,80,0
2025-09-04 21:00:00+03:00,23540.55,23554.65,23539.85,23553.65,2664,80,0
2025-09-04 21:15:00+03:00,23553.85,23562.05,23552.05,23554.55,2169,80,0
2025-09-04 21:30:00+03:00,23554.85,23576.65,23551.85,23563.45,2428,80,0
2025-09-04 21:45:00+03:00,23563.45,23581.45,23562.35,23577.05,2336,80,0
2025-09-04 22:00:00+03:00,23577.55,23593.65,23573.45,23592.95,2634,80,0
2025-09-04 22:15:00+03:00,23592.95,23599.75,23584.25,23585.65,2688,80,0
2025-09-04 22:30:00+03:00,23585.65,23598.45,23578.75,23595.65,2814,80,0
2025-09-04 22:45:00+03:00,23595.65,23636.55,23583.15,23621.25,3646,80,0
2025-09-04 23:00:00+03:00,23621.45,23654.36,23614.56,23649.06,2332,120,0
2025-09-04 23:15:00+03:00,23648.36,23664.06,23617.76,23647.46,2627,198,0
2025-09-04 23:30:00+03:00,23647.16,23651.36,23639.16,23644.86,1211,178,0
2025-09-04 23:45:00+03:00,23644.66,23644.66,23640.86,23643.16,294,178,0
2025-09-05 01:00:00+03:00,23663.46,23671.16,23660.76,23661.26,667,188,0
2025-09-05 01:15:00+03:00,23661.06,23670.26,23658.36,23658.36,701,168,0
2025-09-05 01:30:00+03:00,23658.26,23658.86,23650.46,23653.26,642,168,0
2025-09-05 01:45:00+03:00,23653.46,23672.26,23652.76,23668.76,457,168,0
2025-09-05 02:00:00+03:00,23668.36,23675.65,23667.55,23674.85,568,150,0
2025-09-05 02:15:00+03:00,23674.85,23677.85,23670.25,23674.25,349,150,0
2025-09-05 02:30:00+03:00,23674.85,23676.95,23667.25,23667.85,551,150,0
2025-09-05 02:45:00+03:00,23668.35,23676.25,23666.35,23667.95,747,150,0
2025-09-05 03:00:00+03:00,23667.95,23685.15,23664.05,23682.45,1536,160,0
2025-09-05 03:15:00+03:00,23682.05,23689.55,23678.15,23687.95,1112,160,0
2025-09-05 03:30:00+03:00,23688.05,23688.25,23681.95,23685.45,787,150,0
2025-09-05 03:45:00+03:00,23685.15,23693.05,23682.25,23691.05,803,150,0
2025-09-05 04:00:00+03:00,23691.05,23694.95,23688.85,23693.45,929,150,0
2025-09-05 04:15:00+03:00,23694.35,23701.25,23693.25,23695.05,883,150,0
2025-09-05 04:30:00+03:00,23694.95,23695.75,23689.45,23691.25,799,150,0
2025-09-05 04:45:00+03:00,23691.35,23697.95,23686.55,23696.55,736,150,0
2025-09-05 05:00:00+03:00,23696.55,23696.85,23688.85,23688.95,658,150,0
2025-09-05 05:15:00+03:00,23689.45,23693.55,23682.25,23682.95,657,150,0
2025-09-05 05:30:00+03:00,23683.05,23697.25,23680.55,23696.35,592,150,0
2025-09-05 05:45:00+03:00,23696.35,23703.45,23695.35,23698.35,611,150,0
2025-09-05 06:00:00+03:00,23698.25,23699.75,23691.45,23696.55,532,150,0
2025-09-05 06:15:00+03:00,23696.45,23700.05,23693.55,23696.95,385,150,0
2025-09-05 06:30:00+03:00,23697.05,23702.45,23692.05,23701.25,531,150,0
2025-09-05 06:45:00+03:00,23700.95,23704.25,23698.75,23703.25,409,150,0
2025-09-05 07:00:00+03:00,23703.35,23711.35,23701.95,23707.25,502,150,0
2025-09-05 07:15:00+03:00,23707.35,23711.75,23705.75,23706.95,450,150,0
2025-09-05 07:30:00+03:00,23706.95,23712.85,23706.45,23710.05,393,150,0
2025-09-05 07:45:00+03:00,23710.55,23710.55,23705.45,23706.35,329,150,0
2025-09-05 08:00:00+03:00,23706.75,23709.95,23702.55,23709.85,500,150,0
2025-09-05 08:15:00+03:00,23709.95,23717.75,23709.95,23714.85,525,150,0
2025-09-05 08:30:00+03:00,23715.25,23731.75,23714.75,23729.95,969,150,0
2025-09-05 08:45:00+03:00,23729.55,23730.75,23722.55,23722.85,535,150,0
2025-09-05 09:00:00+03:00,23723.35,23739.75,23720.75,23733.05,1134,150,0
2025-09-05 09:15:00+03:00,23732.75,23749.05,23732.25,23747.05,938,150,0
2025-09-05 09:30:00+03:00,23746.75,23749.65,23736.55,23736.75,874,150,0
2025-09-05 09:45:00+03:00,23736.65,23739.35,23733.95,23734.25,675,150,0
2025-09-05 10:00:00+03:00,23734.15,23736.85,23705.15,23720.25,2399,160,0
2025-09-05 10:15:00+03:00,23720.35,23722.15,23711.85,23715.35,1587,170,0
2025-09-05 10:30:00+03:00,23716.25,23724.75,23710.65,23721.45,1457,170,0
2025-09-05 10:45:00+03:00,23721.25,23724.15,23709.85,23717.95,1182,150,0
2025-09-05 11:00:00+03:00,23718.55,23733.65,23710.35,23733.35,1685,150,0
2025-09-05 11:15:00+03:00,23733.35,23739.65,23728.45,23738.45,1238,160,0
2025-09-05 11:30:00+03:00,23737.95,23745.15,23735.15,23740.55,961,160,0
2025-09-05 11:45:00+03:00,23740.95,23748.95,23731.75,23748.75,1013,150,0
2025-09-05 12:00:00+03:00,23748.75,23753.15,23739.15,23741.75,1113,150,0
2025-09-05 12:15:00+03:00,23742.35,23748.25,23739.35,23745.85,915,150,0
2025-09-05 12:30:00+03:00,23745.95,23751.05,23741.15,23746.95,873,150,0
2025-09-05 12:45:00+03:00,23746.95,23750.55,23742.75,23745.55,820,150,0
2025-09-05 13:00:00+03:00,23745.75,23748.25,23735.95,23742.75,1006,150,0
2025-09-05 13:15:00+03:00,23742.95,23749.25,23740.65,23746.05,902,150,0
2025-09-05 13:30:00+03:00,23745.95,23750.95,23744.85,23749.45,789,150,0
2025-09-05 13:45:00+03:00,23749.85,23750.45,23738.25,23738.25,833,150,0
2025-09-05 14:00:00+03:00,23738.25,23755.65,23736.05,23755.35,1153,150,0
2025-09-05 14:15:00+03:00,23755.45,23761.35,23752.45,23757.75,1122,150,0
2025-09-05 14:30:00+03:00,23757.95,23758.05,23742.35,23745.95,1155,160,0
2025-09-05 14:45:00+03:00,23746.05,23751.95,23729.85,23730.85,1545,160,0
2025-09-05 15:00:00+03:00,23730.85,23755.45,23730.85,23746.55,2453,180,0
2025-09-05 15:15:00+03:00,23746.55,23755.85,23734.05,23740.36,2720,180,0
2025-09-05 15:30:00+03:00,23740.56,23805.45,23687.56,23791.55,5332,210,0
2025-09-05 15:45:00+03:00,23791.25,23836.15,23782.95,23834.95,4287,210,0
2025-09-05 16:00:00+03:00,23835.45,23858.75,23831.95,23844.85,3744,200,0
2025-09-05 16:15:00+03:00,23844.95,23857.45,23832.75,23835.65,3982,200,0
2025-09-05 16:30:00+03:00,23835.65,23863.25,23783.75,23835.85,5896,120,0
2025-09-05 16:45:00+03:00,23835.85,23854.65,23788.85,23814.95,5880,120,0
2025-09-05 17:00:00+03:00,23814.75,23815.65,23717.35,23717.35,5873,120,0
2025-09-05 17:15:00+03:00,23718.25,23725.25,23591.45,23616.35,5863,120,0
2025-09-05 17:30:00+03:00,23616.25,23627.35,23552.15,23569.75,5825,120,0
2025-09-05 17:45:00+03:00,23570.65,23599.35,23506.75,23509.65,5661,120,0
2025-09-05 18:00:00+03:00,23507.95,23535.65,23467.15,23535.35,5744,120,0
2025-09-05 18:15:00+03:00,23535.25,23598.65,23524.15,23594.65,5440,120,0
2025-09-05 18:30:00+03:00,23594.45,23631.05,23568.65,23624.55,5026,80,0
2025-09-05 18:45:00+03:00,23624.75,23624.75,23566.25,23580.05,5378,80,0
2025-09-05 19:00:00+03:00,23580.65,23619.85,23557.55,23614.75,5362,120,0
2025-09-05 19:15:00+03:00,23615.25,23620.55,23573.75,23583.05,5078,120,0
2025-09-05 19:30:00+03:00,23584.75,23610.15,23558.65,23602.55,5124,120,0
2025-09-05 19:45:00+03:00,23602.05,23616.85,23569.75,23616.05,4997,120,0
2025-09-05 20:00:00+03:00,23616.25,23616.25,23565.75,23608.55,4971,120,0
2025-09-05 20:15:00+03:00,23608.55,23623.25,23591.55,23596.65,4851,120,0
2025-09-05 20:30:00+03:00,23596.55,23605.75,23548.65,23574.05,4791,100,0
2025-09-05 20:45:00+03:00,23574.25,23582.15,23558.75,23576.15,4745,80,0
2025-09-05 21:00:00+03:00,23576.25,23596.65,23566.25,23596.65,4589,80,0
2025-09-05 21:15:00+03:00,23596.75,23619.55,23591.25,23606.05,3856,80,0
2025-09-05 21:30:00+03:00,23606.05,23624.25,23601.55,23613.05,3806,80,0
2025-09-05 21:45:00+03:00,23613.65,23622.05,23594.75,23620.55,3669,80,0
2025-09-05 22:00:00+03:00,23620.55,23643.35,23604.75,23634.05,3674,80,0
2025-09-05 22:15:00+03:00,23633.75,23655.25,23628.65,23646.05,3559,80,0
2025-09-05 22:30:00+03:00,23646.25,23648.65,23617.75,23627.55,4025,80,0
2025-09-05 22:45:00+03:00,23627.25,23656.55,23608.45,23654.05,4712,80,0
2025-09-05 23:00:00+03:00,23654.35,23658.36,23635.76,23638.16,2211,120,0
2025-09-05 23:15:00+03:00,23638.26,23639.76,23629.96,23637.56,968,168,0
2025-09-05 23:30:00+03:00,23637.06,23644.06,23630.26,23632.76,777,168,0
2025-09-05 23:45:00+03:00,23632.96,23636.06,23631.76,23633.76,285,178,0
2025-09-08 01:00:00+03:00,23623.36,23634.76,23616.66,23634.16,838,198,0
2025-09-08 01:15:00+03:00,23634.26,23665.36,23632.96,23662.86,1385,178,0
2025-09-08 01:30:00+03:00,23662.66,23694.76,23662.66,23694.76,1434,198,0
2025-09-08 01:45:00+03:00,23694.96,23713.46,23694.76,23706.56,1412,178,0
2025-09-08 02:00:00+03:00,23706.66,23720.35,23706.66,23717.35,1046,160,0
2025-09-08 02:15:00+03:00,23717.25,23747.95,23710.35,23734.75,1237,150,0
2025-09-08 02:30:00+03:00,23734.45,23750.05,23734.45,23739.95,1356,170,0
2025-09-08 02:45:00+03:00,23739.65,23747.15,23735.05,23744.65,1622,170,0
2025-09-08 03:00:00+03:00,23743.85,23757.45,23731.75,23749.15,2516,180,0
2025-09-08 03:15:00+03:00,23749.35,23753.25,23742.05,23750.45,1372,160,0
2025-09-08 03:30:00+03:00,23751.15,23753.85,23740.65,23741.35,1060,160,0
2025-09-08 03:45:00+03:00,23741.25,23742.15,23730.15,23730.45,1102,150,0
2025-09-08 04:00:00+03:00,23730.35,23737.45,23723.55,23730.15,1486,160,0
2025-09-08 04:15:00+03:00,23729.95,23733.25,23725.35,23728.25,1048,160,0
2025-09-08 04:30:00+03:00,23728.15,23745.45,23727.15,23741.95,1349,150,0
2025-09-08 04:45:00+03:00,23742.15,23745.15,23731.55,23734.05,1066,150,0
2025-09-08 05:00:00+03:00,23734.15,23736.95,23718.65,23720.75,1138,150,0
2025-09-08 05:15:00+03:00,23720.65,23724.95,23702.05,23705.95,1317,160,0
2025-09-08 05:30:00+03:00,23706.95,23712.25,23705.95,23707.05,825,150,0
2025-09-08 05:45:00+03:00,23707.15,23710.45,23705.25,23707.15,661,150,0
2025-09-08 06:00:00+03:00,23707.05,23728.95,23707.05,23722.85,922,150,0
2025-09-08 06:15:00+03:00,23722.75,23727.95,23720.95,23723.05,660,150,0
2025-09-08 06:30:00+03:00,23724.45,23727.75,23719.45,23721.25,697,150,0
2025-09-08 06:45:00+03:00,23720.95,23723.25,23713.15,23720.75,821,150,0
2025-09-08 07:00:00+03:00,23720.25,23721.85,23708.05,23708.15,747,150,0
2025-09-08 07:15:00+03:00,23708.55,23712.05,23700.75,23711.95,626,150,0
2025-09-08 07:30:00+03:00,23711.75,23716.45,23696.85,23702.35,708,150,0
2025-09-08 07:45:00+03:00,23702.95,23706.65,23693.55,23699.95,655,150,0
2025-09-08 08:00:00+03:00,23699.75,23706.45,23697.45,23702.55,757,150,0
2025-09-08 08:15:00+03:00,23702.45,23717.25,23702.45,23708.05,845,150,0
2025-09-08 08:30:00+03:00,23708.55,23710.45,23696.35,23698.15,835,150,0
2025-09-08 08:45:00+03:00,23698.45,23703.95,23695.45,23697.25,889,160,0
2025-09-08 09:00:00+03:00,23696.75,23725.45,23696.45,23721.65,1707,160,0
2025-09-08 09:15:00+03:00,23721.15,23728.75,23714.85,23722.65,1470,160,0
2025-09-08 09:30:00+03:00,23721.85,23724.15,23713.75,23719.45,1177,160,0
2025-09-08 09:45:00+03:00,23719.65,23725.15,23714.65,23718.55,980,150,0
2025-09-08 10:00:00+03:00,23718.35,23743.65,23716.15,23734.35,2039,170,0
2025-09-08 10:15:00+03:00,23735.65,23746.35,23728.45,23729.45,1495,170,0
2025-09-08 10:30:00+03:00,23729.15,23747.55,23725.05,23745.35,1380,170,0
2025-09-08 10:45:00+03:00,23745.65,23747.15,23718.15,23719.45,1422,160,0
2025-09-08 11:00:00+03:00,23721.25,23731.05,23707.05,23729.65,2005,160,0
2025-09-08 11:15:00+03:00,23729.55,23732.05,23721.25,23724.85,1367,160,0
2025-09-08 11:30:00+03:00,23724.65,23733.95,23720.45,23732.65,998,150,0
2025-09-08 11:45:00+03:00,23732.55,23734.65,23724.45,23730.75,923,150,0
2025-09-08 12:00:00+03:00,23731.15,23732.45,23721.25,23728.85,1085,160,0
2025-09-08 12:15:00+03:00,23728.65,23736.45,23727.15,23729.75,802,150,0
2025-09-08 12:30:00+03:00,23729.95,23735.15,23726.95,23731.55,835,150,0
2025-09-08 12:45:00+03:00,23731.65,23751.35,23730.95,23747.25,1009,150,0
2025-09-08 13:00:00+03:00,23747.15,23753.05,23740.45,23752.35,1050,150,0
2025-09-08 13:15:00+03:00,23752.25,23752.45,23743.15,23746.25,947,150,0
2025-09-08 13:30:00+03:00,23746.55,23756.15,23744.25,23749.45,1038,150,0
2025-09-08 13:45:00+03:00,23749.25,23749.75,23735.55,23738.05,914,150,0
2025-09-08 14:00:00+03:00,23737.95,23747.45,23731.45,23747.25,1290,150,0
2025-09-08 14:15:00+03:00,23747.35,23747.65,23734.55,23743.45,965,150,0
2025-09-08 14:30:00+03:00,23743.25,23748.15,23737.15,23742.35,936,150,0
2025-09-08 14:45:00+03:00,23742.25,23745.25,23727.05,23728.65,1150,150,0
2025-09-08 15:00:00+03:00,23729.15,23734.05,23710.65,23712.85,1911,170,0
2025-09-08 15:15:00+03:00,23712.75,23721.35,23710.15,23719.95,1633,170,0
2025-09-08 15:30:00+03:00,23719.85,23734.45,23719.15,23725.65,1761,170,0
2025-09-08 15:45:00+03:00,23725.85,23745.05,23720.85,23744.65,1840,170,0
2025-09-08 16:00:00+03:00,23744.05,23748.55,23733.35,23747.15,1731,160,0
2025-09-08 16:15:00+03:00,23747.25,23760.35,23743.75,23749.45,2120,170,0
2025-09-08 16:30:00+03:00,23749.65,23812.55,23739.55,23797.55,4760,80,0
2025-09-08 16:45:00+03:00,23799.05,23842.55,23781.05,23812.55,4527,120,0
2025-09-08 17:00:00+03:00,23812.15,23835.05,23793.55,23808.05,4452,120,0
2025-09-08 17:15:00+03:00,23807.55,23834.55,23772.85,23829.65,4194,110,0
2025-09-08 17:30:00+03:00,23829.15,23852.75,23819.35,23847.25,3789,80,0
2025-09-08 17:45:00+03:00,23847.55,23854.15,23824.75,23826.55,3482,80,0
2025-09-08 18:00:00+03:00,23826.25,23847.25,23821.55,23840.05,3436,80,0
2025-09-08 18:15:00+03:00,23839.35,23843.75,23810.55,23842.75,3433,80,0
2025-09-08 18:30:00+03:00,23842.55,23849.85,23820.55,23823.35,3041,80,0
2025-09-08 18:45:00+03:00,23823.05,23837.35,23792.65,23835.05,3293,80,0
2025-09-08 19:00:00+03:00,23834.75,23835.55,23803.65,23805.55,3123,80,0
2025-09-08 19:15:00+03:00,23804.25,23804.55,23783.55,23793.15,3136,80,0
2025-09-08 19:30:00+03:00,23791.75,23799.25,23752.55,23775.55,3307,80,0
2025-09-08 19:45:00+03:00,23775.25,23783.75,23755.05,23773.55,3045,80,0
2025-09-08 20:00:00+03:00,23773.75,23777.25,23747.35,23750.25,3088,80,0
2025-09-08 20:15:00+03:00,23752.05,23779.55,23749.25,23768.35,2929,80,0
2025-09-08 20:30:00+03:00,23768.05,23774.95,23755.55,23766.05,2690,80,0
2025-09-08 20:45:00+03:00,23765.85,23767.45,23726.15,23746.15,3049,80,0
2025-09-08 21:00:00+03:00,23746.35,23768.15,23736.35,23763.15,2923,80,0
2025-09-08 21:15:00+03:00,23762.85,23783.15,23760.85,23775.95,2599,80,0
2025-09-08 21:30:00+03:00,23776.25,23780.15,23751.35,23764.85,2435,80,0
2025-09-08 21:45:00+03:00,23764.25,23774.35,23753.65,23757.15,2280,80,0
2025-09-08 22:00:00+03:00,23756.85,23759.95,23727.35,23733.65,2727,80,0
2025-09-08 22:15:00+03:00,23733.75,23739.35,23723.85,23734.15,2803,80,0
2025-09-08 22:30:00+03:00,23734.95,23766.45,23734.35,23763.15,2918,80,0
2025-09-08 22:45:00+03:00,23763.35,23774.85,23748.65,23766.25,3199,80,0
2025-09-08 23:00:00+03:00,23766.65,23773.16,23758.16,23767.76,1799,80,0
2025-09-08 23:15:00+03:00,23767.56,23767.56,23759.66,23764.46,647,168,0
2025-09-08 23:30:00+03:00,23764.06,23766.06,23756.96,23757.76,488,168,0
2025-09-08 23:45:00+03:00,23757.66,23761.16,23757.56,23757.76,170,168,0
2025-09-09 01:00:00+03:00,23778.76,23784.36,23776.26,23780.66,348,178,0
2025-09-09 01:15:00+03:00,23781.56,23786.46,23775.26,23781.16,445,168,0
2025-09-09 01:30:00+03:00,23781.36,23789.86,23780.96,23788.16,445,168,0
2025-09-09 01:45:00+03:00,23788.36,23794.56,23784.16,23790.96,527,168,0
2025-09-09 02:00:00+03:00,23791.05,23795.75,23787.05,23790.05,447,150,0
2025-09-09 02:15:00+03:00,23790.25,23792.95,23781.65,23784.25,435,150,0
2025-09-09 02:30:00+03:00,23784.45,23787.15,23770.85,23771.25,547,150,0
2025-09-09 02:45:00+03:00,23770.95,23778.95,23769.95,23773.55,620,150,0
2025-09-09 03:00:00+03:00,23773.45,23792.65,23769.45,23792.65,1538,150,0
2025-09-09 03:15:00+03:00,23792.25,23792.25,23776.65,23780.55,789,150,0
2025-09-09 03:30:00+03:00,23780.45,23781.15,23773.55,23778.25,703,150,0
2025-09-09 03:45:00+03:00,23777.95,23781.25,23771.25,23773.25,706,150,0
2025-09-09 04:00:00+03:00,23772.35,23777.75,23769.85,23774.05,819,150,0
2025-09-09 04:15:00+03:00,23773.95,23774.05,23756.95,23762.85,1006,150,0
2025-09-09 04:30:00+03:00,23762.85,23770.25,23760.35,23769.75,1055,150,0
2025-09-09 04:45:00+03:00,23768.95,23784.15,23768.75,23779.55,1053,150,0
2025-09-09 05:00:00+03:00,23779.65,23796.15,23779.65,23795.05,822,150,0
2025-09-09 05:15:00+03:00,23795.45,23800.45,23793.95,23798.45,846,150,0
2025-09-09 05:30:00+03:00,23798.25,23813.15,23794.45,23800.05,832,150,0
2025-09-09 05:45:00+03:00,23799.95,23801.05,23790.95,23793.55,689,150,0
2025-09-09 06:00:00+03:00,23793.25,23801.95,23792.55,23797.55,670,150,0
2025-09-09 06:15:00+03:00,23797.25,23804.15,23796.15,23802.55,590,150,0
2025-09-09 06:30:00+03:00,23802.75,23808.05,23802.25,23804.75,693,150,0
2025-09-09 06:45:00+03:00,23805.25,23808.05,23802.05,23805.05,471,150,0
2025-09-09 07:00:00+03:00,23805.25,23806.45,23799.05,23802.05,430,150,0
2025-09-09 07:15:00+03:00,23802.25,23805.65,23800.25,23800.45,334,150,0
2025-09-09 07:30:00+03:00,23800.25,23803.45,23797.15,23798.15,335,150,0
2025-09-09 07:45:00+03:00,23798.25,23805.45,23796.45,23803.65,364,150,0
2025-09-09 08:00:00+03:00,23803.55,23803.55,23798.45,23799.75,845,150,0
2025-09-09 08:15:00+03:00,23799.55,23799.75,23780.95,23784.75,988,150,0
2025-09-09 08:30:00+03:00,23784.65,23795.25,23784.65,23791.75,786,150,0
2025-09-09 08:45:00+03:00,23791.45,23807.95,23789.55,23800.45,812,150,0
2025-09-09 09:00:00+03:00,23800.35,23818.45,23796.15,23817.15,1143,160,0
2025-09-09 09:15:00+03:00,23816.95,23820.45,23808.15,23814.75,1103,160,0
2025-09-09 09:30:00+03:00,23814.45,23820.15,23807.65,23811.35,982,160,0
2025-09-09 09:45:00+03:00,23810.75,23821.35,23810.25,23815.75,902,150,0
2025-09-09 10:00:00+03:00,23815.95,23829.45,23812.45,23829.45,1516,150,0
2025-09-09 10:15:00+03:00,23829.65,23836.45,23824.95,23832.95,1335,160,0
2025-09-09 10:30:00+03:00,23832.85,23850.85,23821.15,23821.65,1562,160,0
2025-09-09 10:45:00+03:00,23821.85,23823.65,23816.55,23821.15,1362,150,0
2025-09-09 11:00:00+03:00,23821.25,23822.75,23804.85,23812.15,1588,150,0
2025-09-09 11:15:00+03:00,23812.05,23819.95,23802.05,23814.95,1814,170,0
2025-09-09 11:30:00+03:00,23815.05,23821.15,23803.85,23811.65,1467,170,0
2025-09-09 11:45:00+03:00,23811.95,23812.15,23800.05,23808.95,1213,160,0
2025-09-09 12:00:00+03:00,23808.15,23816.45,23801.85,23815.85,1225,160,0
2025-09-09 12:15:00+03:00,23816.15,23820.85,23809.95,23813.15,1008,150,0
2025-09-09 12:30:00+03:00,23813.25,23821.85,23812.45,23815.25,943,150,0
2025-09-09 12:45:00+03:00,23815.35,23818.45,23808.15,23809.95,996,150,0
2025-09-09 13:00:00+03:00,23810.15,23821.45,23807.75,23819.25,896,150,0
2025-09-09 13:15:00+03:00,23819.55,23821.85,23812.75,23812.95,768,150,0
2025-09-09 13:30:00+03:00,23813.25,23822.75,23806.85,23822.05,937,150,0
2025-09-09 13:45:00+03:00,23821.95,23822.95,23803.95,23811.45,1002,150,0
2025-09-09 14:00:00+03:00,23811.25,23811.25,23794.85,23796.85,1196,150,0
2025-09-09 14:15:00+03:00,23797.15,23797.15,23777.65,23786.95,1782,160,0
2025-09-09 14:30:00+03:00,23786.85,23802.65,23786.65,23801.95,1254,160,0
2025-09-09 14:45:00+03:00,23801.85,23818.95,23801.45,23815.35,1487,160,0
2025-09-09 15:00:00+03:00,23815.15,23822.15,23804.35,23819.35,1389,160,0
2025-09-09 15:15:00+03:00,23819.65,23822.25,23807.55,23817.65,1384,150,0
2025-09-09 15:30:00+03:00,23817.75,23817.85,23800.85,23808.35,2021,160,0
2025-09-09 15:45:00+03:00,23808.55,23811.25,23800.05,23805.05,1706,170,0
2025-09-09 16:00:00+03:00,23804.95,23806.05,23766.45,23788.55,3143,170,0
2025-09-09 16:15:00+03:00,23788.45,23803.45,23776.25,23800.45,2765,190,0
2025-09-09 16:30:00+03:00,23802.15,23822.85,23784.05,23808.55,4709,80,0
2025-09-09 16:45:00+03:00,23808.15,23813.85,23767.55,23780.05,4359,120,0
2025-09-09 17:00:00+03:00,23780.55,23816.55,23748.85,23801.95,4611,120,0
2025-09-09 17:15:00+03:00,23800.65,23807.35,23765.55,23776.55,4299,120,0
2025-09-09 17:30:00+03:00,23776.85,23778.05,23693.05,23709.95,4344,120,0
2025-09-09 17:45:00+03:00,23710.05,23766.55,23702.85,23752.05,4104,110,0
2025-09-09 18:00:00+03:00,23751.05,23768.85,23718.45,23742.75,3959,80,0
2025-09-09 18:15:00+03:00,23742.25,23756.65,23740.25,23750.25,3415,80,0
2025-09-09 18:30:00+03:00,23750.55,23752.35,23720.15,23727.05,3560,80,0
2025-09-09 18:45:00+03:00,23727.25,23778.65,23724.35,23751.05,3610,80,0
2025-09-09 19:00:00+03:00,23750.75,23787.35,23748.05,23786.05,3300,80,0
2025-09-09 19:15:00+03:00,23785.75,23799.65,23761.75,23784.15,3210,80,0
2025-09-09 19:30:00+03:00,23785.05,23788.25,23776.05,23778.05,2806,80,0
2025-09-09 19:45:00+03:00,23777.75,23795.75,23772.55,23787.25,2770,80,0
2025-09-09 20:00:00+03:00,23787.55,23821.35,23787.55,23805.55,3058,80,0
2025-09-09 20:15:00+03:00,23806.25,23820.25,23805.05,23808.25,2878,80,0
2025-09-09 20:30:00+03:00,23808.75,23813.55,23793.15,23800.25,3000,80,0
2025-09-09 20:45:00+03:00,23800.05,23813.05,23798.55,23805.85,2741,80,0
2025-09-09 21:00:00+03:00,23806.05,23815.35,23790.55,23810.25,2875,80,0
2025-09-09 21:15:00+03:00,23809.75,23813.25,23798.55,23800.55,2789,80,0
2025-09-09 21:30:00+03:00,23800.35,23805.25,23790.85,23795.25,2798,80,0
2025-09-09 21:45:00+03:00,23795.75,23815.35,23795.75,23810.55,2626,80,0
2025-09-09 22:00:00+03:00,23810.65,23814.75,23803.25,23805.25,2701,80,0
2025-09-09 22:15:00+03:00,23805.35,23827.55,23805.35,23822.75,2710,80,0
2025-09-09 22:30:00+03:00,23823.35,23827.65,23802.15,23812.55,2756,80,0
2025-09-09 22:45:00+03:00,23812.25,23853.55,23811.15,23833.75,3330,80,0
2025-09-09 23:00:00+03:00,23834.16,23846.56,23814.36,23843.66,2535,98,0
2025-09-09 23:15:00+03:00,23842.66,23867.46,23837.16,23862.86,2468,198,0
2025-09-09 23:30:00+03:00,23863.66,23881.36,23858.66,23874.66,1874,188,0
2025-09-09 23:45:00+03:00,23874.46,23878.26,23866.46,23870.86,586,188,0
2025-09-10 01:00:00+03:00,23861.66,23879.86,23859.26,23876.76,704,188,0
2025-09-10 01:15:00+03:00,23876.66,23879.36,23861.36,23866.06,627,168,0
2025-09-10 01:30:00+03:00,23865.66,23873.76,23862.56,23865.96,600,168,0
2025-09-10 01:45:00+03:00,23865.76,23871.26,23863.36,23864.96,502,168,0
2025-09-10 02:00:00+03:00,23865.16,23867.05,23853.25,23861.45,729,150,0
2025-09-10 02:15:00+03:00,23860.85,23863.25,23843.75,23846.25,710,150,0
2025-09-10 02:30:00+03:00,23846.65,23855.25,23843.65,23854.25,613,150,0
2025-09-10 02:45:00+03:00,23854.05,23860.15,23848.75,23855.05,777,150,0
2025-09-10 03:00:00+03:00,23854.65,23865.55,23850.25,23862.75,1185,150,0
2025-09-10 03:15:00+03:00,23863.05,23867.95,23859.25,23865.35,808,150,0
2025-09-10 03:30:00+03:00,23864.95,23867.85,23858.55,23864.75,637,150,0
2025-09-10 03:45:00+03:00,23864.65,23864.95,23850.85,23854.85,826,150,0
2025-09-10 04:00:00+03:00,23855.25,23860.65,23846.95,23850.45,1019,150,0
2025-09-10 04:15:00+03:00,23850.35,23867.65,23848.45,23866.55,840,150,0
2025-09-10 04:30:00+03:00,23866.15,23873.65,23862.45,23865.25,1008,150,0
2025-09-10 04:45:00+03:00,23865.55,23875.05,23865.05,23872.05,894,150,0
2025-09-10 05:00:00+03:00,23872.25,23875.45,23866.65,23871.85,783,150,0
2025-09-10 05:15:00+03:00,23871.35,23875.85,23866.85,23874.45,688,150,0
2025-09-10 05:30:00+03:00,23874.55,23885.95,23872.55,23876.45,772,150,0
2025-09-10 05:45:00+03:00,23876.75,23882.55,23875.75,23880.35,572,150,0
2025-09-10 06:00:00+03:00,23880.55,23885.45,23880.05,23884.05,457,150,0
2025-09-10 06:15:00+03:00,23884.25,23884.95,23880.55,23882.35,345,150,0
2025-09-10 06:30:00+03:00,23882.55,23887.85,23881.35,23883.85,420,150,0
2025-09-10 06:45:00+03:00,23883.95,23887.25,23882.35,23886.55,397,150,0
2025-09-10 07:00:00+03:00,23886.75,23891.35,23886.35,23888.55,454,150,0
2025-09-10 07:15:00+03:00,23888.75,23890.75,23886.45,23888.05,277,150,0
2025-09-10 07:30:00+03:00,23887.95,23893.45,23886.45,23889.55,383,150,0
2025-09-10 07:45:00+03:00,23889.35,23892.05,23886.45,23891.05,367,150,0
2025-09-10 08:00:00+03:00,23891.25,23891.95,23881.25,23886.95,928,150,0
2025-09-10 08:15:00+03:00,23887.05,23890.95,23882.05,23889.05,646,150,0
2025-09-10 08:30:00+03:00,23889.35,23897.25,23882.45,23886.05,710,150,0
2025-09-10 08:45:00+03:00,23886.25,23889.45,23883.85,23888.05,496,150,0
2025-09-10 09:00:00+03:00,23887.85,23896.85,23882.05,23895.45,872,150,0
2025-09-10 09:15:00+03:00,23895.95,23907.25,23890.45,23905.15,957,160,0
2025-09-10 09:30:00+03:00,23905.25,23917.25,23905.25,23915.55,955,150,0
2025-09-10 09:45:00+03:00,23915.25,23915.55,23901.15,23912.85,854,150,0
2025-09-10 10:00:00+03:00,23911.35,23922.55,23905.85,23920.05,1638,150,0
2025-09-10 10:15:00+03:00,23920.15,23920.75,23909.95,23913.05,1325,150,0
2025-09-10 10:30:00+03:00,23913.25,23915.75,23904.35,23908.15,1253,160,0
2025-09-10 10:45:00+03:00,23907.95,23915.25,23904.85,23907.15,1099,160,0
2025-09-10 11:00:00+03:00,23906.75,23909.75,23887.15,23897.65,1608,160,0
2025-09-10 11:15:00+03:00,23897.75,23900.95,23878.15,23879.35,1361,150,0
2025-09-10 11:30:00+03:00,23879.25,23881.15,23857.65,23860.75,1706,160,0
2025-09-10 11:45:00+03:00,23860.65,23873.05,23856.25,23864.95,1320,160,0
2025-09-10 12:00:00+03:00,23865.35,23869.75,23854.65,23863.25,1392,160,0
2025-09-10 12:15:00+03:00,23862.65,23863.55,23851.45,23857.95,1201,160,0
2025-09-10 12:30:00+03:00,23857.75,23870.65,23855.05,23870.05,1017,160,0
2025-09-10 12:45:00+03:00,23870.55,23879.05,23869.55,23878.05,1003,150,0
2025-09-10 13:00:00+03:00,23877.85,23884.75,23872.85,23882.95,824,150,0
2025-09-10 13:15:00+03:00,23883.05,23889.55,23875.75,23888.65,857,150,0
2025-09-10 13:30:00+03:00,23888.55,23895.55,23885.95,23894.75,986,150,0
2025-09-10 13:45:00+03:00,23895.05,23895.85,23889.95,23893.75,766,150,0
2025-09-10 14:00:00+03:00,23894.25,23898.45,23891.65,23896.95,811,150,0
2025-09-10 14:15:00+03:00,23897.05,23904.45,23891.95,23897.05,1204,150,0
2025-09-10 14:30:00+03:00,23897.25,23923.95,23897.05,23923.15,1259,150,0
2025-09-10 14:45:00+03:00,23923.25,23926.45,23916.95,23918.25,1159,150,0
2025-09-10 15:00:00+03:00,23917.75,23933.45,23911.35,23917.35,1596,150,0
2025-09-10 15:15:00+03:00,23917.45,23919.45,23904.35,23909.24,1812,170,0
2025-09-10 15:30:00+03:00,23908.74,24008.65,23902.55,23979.25,3887,210,0
2025-09-10 15:45:00+03:00,23979.15,23982.65,23964.45,23972.85,3164,190,0
2025-09-10 16:00:00+03:00,23973.05,23974.55,23947.45,23967.65,2862,180,0
2025-09-10 16:15:00+03:00,23967.55,23983.55,23965.05,23968.45,2598,180,0
2025-09-10 16:30:00+03:00,23967.15,23969.15,23887.75,23899.35,4865,90,0
2025-09-10 16:45:00+03:00,23901.15,23921.65,23870.65,23899.85,4750,120,0
2025-09-10 17:00:00+03:00,23899.65,23946.15,23894.35,23928.25,4412,120,0
2025-09-10 17:15:00+03:00,23927.85,23954.75,23918.15,23933.75,4229,80,0
2025-09-10 17:30:00+03:00,23933.25,23951.35,23927.15,23946.65,3856,80,0
2025-09-10 17:45:00+03:00,23946.55,23958.35,23928.55,23936.35,3771,80,0
2025-09-10 18:00:00+03:00,23936.85,23948.45,23929.35,23938.55,3598,80,0
2025-09-10 18:15:00+03:00,23938.85,23938.95,23892.45,23912.55,3726,80,0
2025-09-10 18:30:00+03:00,23912.85,23925.05,23892.85,23924.55,3353,80,0
2025-09-10 18:45:00+03:00,23924.85,23938.65,23917.95,23919.55,3121,80,0
2025-09-10 19:00:00+03:00,23919.85,23920.05,23893.35,23902.35,3357,80,0
2025-09-10 19:15:00+03:00,23902.55,23910.45,23874.35,23887.05,3217,80,0
2025-09-10 19:30:00+03:00,23886.85,23896.05,23870.95,23871.55,2911,80,0
2025-09-10 19:45:00+03:00,23871.85,23896.05,23866.85,23893.55,2819,80,0
2025-09-10 20:00:00+03:00,23893.85,23909.25,23889.85,23894.05,2906,80,0
2025-09-10 20:15:00+03:00,23894.35,23895.55,23845.85,23853.55,3032,80,0
2025-09-10 20:30:00+03:00,23853.85,23876.55,23847.35,23869.05,3093,80,0
2025-09-10 20:45:00+03:00,23868.65,23878.55,23851.35,23867.05,2972,80,0
2025-09-10 21:00:00+03:00,23865.85,23869.15,23847.35,23857.55,2779,80,0
2025-09-10 21:15:00+03:00,23857.45,23857.45,23815.35,23827.15,3259,80,0
2025-09-10 21:30:00+03:00,23827.35,23848.85,23824.05,23830.85,3169,80,0
2025-09-10 21:45:00+03:00,23831.05,23836.95,23805.55,23831.85,3104,80,0
2025-09-10 22:00:00+03:00,23832.05,23835.55,23774.85,23776.05,3360,80,0
2025-09-10 22:15:00+03:00,23776.65,23792.45,23755.15,23779.15,3649,80,0
2025-09-10 22:30:00+03:00,23779.35,23832.05,23778.35,23832.05,3494,80,0
2025-09-10 22:45:00+03:00,23832.55,23861.85,23822.85,23844.35,3717,80,0
2025-09-10 23:00:00+03:00,23844.45,23853.66,23835.36,23840.36,1908,120,0
2025-09-10 23:15:00+03:00,23840.16,23844.66,23834.76,23843.36,1023,168,0
2025-09-10 23:30:00+03:00,23842.66,23843.86,23836.26,23836.66,559,168,0
2025-09-10 23:45:00+03:00,23836.36,23836.86,23826.66,23826.76,284,168,0
2025-09-11 01:00:00+03:00,23846.96,23851.06,23841.36,23843.06,502,188,0
2025-09-11 01:15:00+03:00,23842.96,23850.46,23840.06,23845.86,566,168,0
2025-09-11 01:30:00+03:00,23845.66,23858.36,23845.66,23858.06,602,168,0
2025-09-11 01:45:00+03:00,23857.96,23880.16,23857.76,23868.96,831,168,0
2025-09-11 02:00:00+03:00,23869.05,23880.95,23864.15,23874.15,779,160,0
2025-09-11 02:15:00+03:00,23874.05,23885.35,23871.65,23872.95,686,150,0
2025-09-11 02:30:00+03:00,23873.05,23875.75,23865.55,23870.45,519,150,0
2025-09-11 02:45:00+03:00,23869.95,23873.05,23864.35,23872.75,861,150,0
2025-09-11 03:00:00+03:00,23870.25,23877.05,23854.35,23855.15,1644,150,0
2025-09-11 03:15:00+03:00,23855.45,23863.95,23843.45,23856.65,1358,160,0
2025-09-11 03:30:00+03:00,23856.35,23873.65,23853.55,23872.95,1007,160,0
2025-09-11 03:45:00+03:00,23872.85,23884.05,23870.95,23876.45,1039,160,0
2025-09-11 04:00:00+03:00,23875.95,23883.35,23871.15,23878.45,1244,160,0
2025-09-11 04:15:00+03:00,23878.65,23884.15,23874.15,23883.25,936,150,0
2025-09-11 04:30:00+03:00,23882.95,23888.35,23878.45,23883.65,1174,150,0
2025-09-11 04:45:00+03:00,23883.55,23883.55,23875.45,23879.45,899,150,0
2025-09-11 05:00:00+03:00,23878.95,23881.25,23872.05,23876.75,852,150,0
2025-09-11 05:15:00+03:00,23876.45,23883.65,23873.15,23882.25,654,150,0
2025-09-11 05:30:00+03:00,23882.55,23888.05,23878.45,23878.95,749,150,0
2025-09-11 05:45:00+03:00,23879.25,23881.65,23872.75,23879.65,667,150,0
2025-09-11 06:00:00+03:00,23879.75,23882.95,23877.05,23880.55,599,150,0
2025-09-11 06:15:00+03:00,23880.25,23886.95,23880.25,23885.65,416,150,0
2025-09-11 06:30:00+03:00,23885.95,23888.45,23880.75,23886.75,544,150,0
2025-09-11 06:45:00+03:00,23886.25,23890.65,23882.75,23885.25,541,150,0
2025-09-11 07:00:00+03:00,23885.45,23887.15,23879.65,23880.55,516,150,0
2025-09-11 07:15:00+03:00,23880.45,23880.55,23854.35,23859.65,1245,150,0
2025-09-11 07:30:00+03:00,23859.45,23860.95,23852.45,23854.25,885,150,0
2025-09-11 07:45:00+03:00,23854.15,23856.75,23850.45,23851.55,679,150,0
2025-09-11 08:00:00+03:00,23852.25,23859.25,23844.35,23845.65,971,150,0
2025-09-11 08:15:00+03:00,23846.15,23865.35,23843.15,23860.95,1235,160,0
2025-09-11 08:30:00+03:00,23861.25,23868.05,23856.45,23866.45,906,150,0
2025-09-11 08:45:00+03:00,23866.25,23866.45,23854.95,23857.25,888,150,0
2025-09-11 09:00:00+03:00,23856.85,23867.25,23850.25,23866.75,1240,160,0
2025-09-11 09:15:00+03:00,23866.45,23879.05,23863.25,23877.15,966,150,0
2025-09-11 09:30:00+03:00,23877.35,23894.65,23875.85,23886.45,1240,150,0
2025-09-11 09:45:00+03:00,23886.25,23891.25,23883.75,23889.45,816,150,0
2025-09-11 10:00:00+03:00,23889.75,23893.55,23878.25,23888.45,2035,160,0
2025-09-11 10:15:00+03:00,23888.65,23895.65,23880.95,23883.45,1531,160,0
2025-09-11 10:30:00+03:00,23883.35,23900.75,23880.85,23893.15,1541,160,0
2025-09-11 10:45:00+03:00,23892.95,23906.85,23891.15,23902.95,1234,150,0
2025-09-11 11:00:00+03:00,23902.85,23911.45,23899.15,23910.85,1343,160,0
2025-09-11 11:15:00+03:00,23910.65,23913.65,23894.85,23897.35,1242,150,0
2025-09-11 11:30:00+03:00,23897.45,23900.35,23889.15,23896.65,1175,150,0
2025-09-11 11:45:00+03:00,23896.95,23898.65,23892.65,23894.25,1008,150,0
2025-09-11 12:00:00+03:00,23894.55,23899.85,23892.25,23897.35,904,150,0
2025-09-11 12:15:00+03:00,23897.25,23901.65,23894.55,23897.25,972,150,0
2025-09-11 12:30:00+03:00,23897.15,23897.45,23885.05,23886.15,896,150,0
2025-09-11 12:45:00+03:00,23886.25,23893.45,23880.15,23892.25,1008,150,0
2025-09-11 13:00:00+03:00,23891.75,23907.15,23890.25,23907.05,1139,150,0
2025-09-11 13:15:00+03:00,23906.55,23910.95,23903.65,23909.55,1042,150,0
2025-09-11 13:30:00+03:00,23909.75,23918.65,23907.35,23912.95,823,150,0
2025-09-11 13:45:00+03:00,23913.25,23921.95,23910.35,23917.75,994,150,0
2025-09-11 14:00:00+03:00,23918.75,23921.95,23915.05,23916.15,1025,150,0
2025-09-11 14:15:00+03:00,23916.45,23917.65,23911.15,23915.05,928,150,0
2025-09-11 14:30:00+03:00,23914.55,23923.85,23911.55,23920.85,1010,150,0
2025-09-11 14:45:00+03:00,23920.95,23926.95,23915.65,23918.15,1193,160,0
2025-09-11 15:00:00+03:00,23917.25,23923.65,23911.15,23916.85,1396,160,0
2025-09-11 15:15:00+03:00,23918.85,23928.55,23903.05,23921.16,2445,170,0
2025-09-11 15:30:00+03:00,23921.36,23946.35,23830.52,23896.25,4201,210,0
2025-09-11 15:45:00+03:00,23895.95,23932.75,23886.95,23932.25,3755,210,0
2025-09-11 16:00:00+03:00,23931.25,23935.95,23912.15,23920.75,3409,200,0
2025-09-11 16:15:00+03:00,23920.05,23949.65,23912.05,23948.65,3041,190,0
2025-09-11 16:30:00+03:00,23950.15,23968.65,23884.85,23897.35,4766,80,0
2025-09-11 16:45:00+03:00,23896.05,23959.05,23883.35,23951.55,4559,120,0
2025-09-11 17:00:00+03:00,23951.05,23974.95,23927.55,23931.05,4379,120,0
2025-09-11 17:15:00+03:00,23932.55,23949.35,23919.55,23937.85,4200,120,0
2025-09-11 17:30:00+03:00,23937.35,23989.55,23934.35,23986.75,3794,80,0
2025-09-11 17:45:00+03:00,23987.05,23991.65,23947.55,23975.85,3900,80,0
2025-09-11 18:00:00+03:00,23975.45,23990.85,23973.05,23988.75,3504,80,0
2025-09-11 18:15:00+03:00,23989.05,24017.75,23986.05,24009.15,3559,80,0
2025-09-11 18:30:00+03:00,24008.95,24016.25,23990.05,23990.15,3196,80,0
2025-09-11 18:45:00+03:00,23990.55,24001.05,23974.45,23995.25,3155,80,0
2025-09-11 19:00:00+03:00,23995.45,24013.75,23992.75,24004.95,2865,80,0
2025-09-11 19:15:00+03:00,24005.15,24013.05,23994.45,23995.65,2824,80,0
2025-09-11 19:30:00+03:00,23996.65,24004.45,23977.55,23985.95,2851,80,0
2025-09-11 19:45:00+03:00,23985.65,23988.65,23966.45,23980.15,2731,80,0
2025-09-11 20:00:00+03:00,23979.65,23997.45,23968.55,23995.45,3158,80,0
2025-09-11 20:15:00+03:00,23995.55,24001.05,23983.75,23985.45,2670,80,0
2025-09-11 20:30:00+03:00,23985.15,24004.75,23984.65,24000.75,2797,80,0
2025-09-11 20:45:00+03:00,24001.15,24003.95,23975.55,24003.45,2921,80,0
2025-09-11 21:00:00+03:00,24003.65,24006.65,23994.45,23997.65,2723,80,0
2025-09-11 21:15:00+03:00,23997.95,24000.65,23985.75,23992.45,2719,80,0
2025-09-11 21:30:00+03:00,23992.65,24005.25,23988.25,24003.65,2521,80,0
2025-09-11 21:45:00+03:00,24003.75,24013.15,24001.25,24004.65,2452,80,0
2025-09-11 22:00:00+03:00,24004.75,24008.45,23993.65,23994.65,2645,80,0
2025-09-11 22:15:00+03:00,23994.45,24009.25,23992.65,24004.15,2418,80,0
2025-09-11 22:30:00+03:00,24003.15,24012.15,23995.95,23997.15,2468,80,0
2025-09-11 22:45:00+03:00,23997.25,24014.95,23979.95,23982.55,3220,80,0
2025-09-11 23:00:00+03:00,23982.95,23993.96,23974.66,23978.36,2300,80,0
2025-09-11 23:15:00+03:00,23976.86,23986.46,23976.76,23982.36,1164,168,0
2025-09-11 23:30:00+03:00,23982.26,23985.26,23976.06,23977.46,817,168,0
2025-09-11 23:45:00+03:00,23977.26,23982.76,23975.26,23981.96,251,168,0
2025-09-12 01:00:00+03:00,23991.36,23997.06,23986.56,23987.46,792,188,0
2025-09-12 01:15:00+03:00,23987.26,23989.76,23979.56,23986.76,793,168,0
2025-09-12 01:30:00+03:00,23987.56,23989.06,23974.06,23977.66,717,168,0
2025-09-12 01:45:00+03:00,23977.56,23994.36,23975.56,23993.26,482,168,0
2025-09-12 02:00:00+03:00,23993.16,23997.45,23985.45,23996.35,430,150,0
2025-09-12 02:15:00+03:00,23995.85,24004.05,23994.55,23998.85,528,150,0
2025-09-12 02:30:00+03:00,23998.75,24004.95,23997.95,24000.45,581,150,0
2025-09-12 02:45:00+03:00,24000.55,24005.55,23996.55,24000.05,782,150,0
2025-09-12 03:00:00+03:00,23999.75,24000.75,23986.45,23993.15,1394,150,0
2025-09-12 03:15:00+03:00,23992.95,24003.05,23991.25,23998.25,1024,150,0
2025-09-12 03:30:00+03:00,23998.45,23999.55,23988.95,23992.35,832,150,0
2025-09-12 03:45:00+03:00,23992.95,23995.45,23987.65,23989.95,770,150,0
2025-09-12 04:00:00+03:00,23990.45,23995.55,23986.75,23995.05,767,150,0
2025-09-12 04:15:00+03:00,23994.95,23997.25,23984.45,23988.55,879,150,0
2025-09-12 04:30:00+03:00,23988.65,23989.25,23983.25,23985.95,1052,150,0
2025-09-12 04:45:00+03:00,23986.05,23987.95,23981.65,23984.95,846,150,0
2025-09-12 05:00:00+03:00,23985.45,23986.35,23977.55,23978.45,842,150,0
2025-09-12 05:15:00+03:00,23978.25,23978.45,23972.55,23975.05,779,150,0
2025-09-12 05:30:00+03:00,23974.95,23984.75,23972.55,23983.75,736,150,0
2025-09-12 05:45:00+03:00,23983.85,23987.35,23981.25,23983.75,565,150,0
2025-09-12 06:00:00+03:00,23984.05,23986.05,23981.55,23983.55,558,150,0
2025-09-12 06:15:00+03:00,23983.35,23986.95,23980.45,23982.35,424,150,0
2025-09-12 06:30:00+03:00,23982.55,23983.95,23980.95,23983.25,495,150,0
2025-09-12 06:45:00+03:00,23983.35,23989.75,23980.85,23988.95,375,150,0
2025-09-12 07:00:00+03:00,23988.75,23998.55,23987.95,23995.95,585,150,0
2025-09-12 07:15:00+03:00,23995.75,24001.85,23992.55,23998.95,542,150,0
2025-09-12 07:30:00+03:00,23998.85,24004.45,23997.75,24003.85,447,150,0
2025-09-12 07:45:00+03:00,24003.55,24005.25,23998.95,24000.05,451,150,0
2025-09-12 08:00:00+03:00,24000.35,24007.45,23998.75,24004.95,616,150,0
2025-09-12 08:15:00+03:00,24004.75,24008.25,24003.25,24007.95,587,150,0
2025-09-12 08:30:00+03:00,24007.85,24015.25,24005.45,24013.95,804,150,0
2025-09-12 08:45:00+03:00,24013.85,24019.75,24012.75,24014.85,600,150,0
2025-09-12 09:00:00+03:00,24015.25,24015.55,24005.05,24009.25,1026,150,0
2025-09-12 09:15:00+03:00,24008.75,24012.05,23993.75,23998.15,1067,150,0
2025-09-12 09:30:00+03:00,23998.95,24004.55,23987.95,23988.55,1134,150,0
2025-09-12 09:45:00+03:00,23988.45,24004.15,23986.65,24003.65,994,150,0
2025-09-12 10:00:00+03:00,24002.55,24011.35,23998.15,24001.95,1874,160,0
2025-09-12 10:15:00+03:00,24001.75,24007.75,23996.45,24002.75,1361,160,0
2025-09-12 10:30:00+03:00,24002.35,24002.95,23987.05,23989.15,1683,160,0
2025-09-12 10:45:00+03:00,23988.95,23999.45,23988.05,23990.55,1316,150,0
2025-09-12 11:00:00+03:00,23990.75,23998.95,23965.75,23965.75,2370,150,0
2025-09-12 11:15:00+03:00,23964.85,23972.85,23949.05,23971.35,2160,170,0
2025-09-12 11:30:00+03:00,23971.25,23980.65,23967.65,23978.65,1374,160,0
2025-09-12 11:45:00+03:00,23978.95,23982.95,23974.45,23982.85,1315,150,0
2025-09-12 12:00:00+03:00,23982.25,23985.45,23978.75,23984.45,1209,150,0
2025-09-12 12:15:00+03:00,23984.35,23985.25,23977.15,23982.45,1067,150,0
2025-09-12 12:30:00+03:00,23982.55,23989.05,23976.55,23987.65,1248,150,0
2025-09-12 12:45:00+03:00,23988.15,23998.95,23986.65,23990.05,1089,150,0
2025-09-12 13:00:00+03:00,23991.05,23994.05,23985.65,23992.45,1023,150,0
2025-09-12 13:15:00+03:00,23992.55,23996.65,23990.45,23995.75,906,150,0
2025-09-12 13:30:00+03:00,23995.45,24001.65,23992.25,23999.45,905,150,0
2025-09-12 13:45:00+03:00,23999.05,24003.95,23997.45,24002.55,911,150,0
2025-09-12 14:00:00+03:00,24002.85,24003.75,23989.65,23994.05,1311,150,0
2025-09-12 14:15:00+03:00,23993.95,24005.95,23989.85,24005.45,1066,150,0
2025-09-12 14:30:00+03:00,24004.95,24009.05,24001.45,24008.75,938,150,0
2025-09-12 14:45:00+03:00,24008.25,24027.75,24007.75,24024.75,1161,150,0
2025-09-12 15:00:00+03:00,24024.95,24026.85,24005.35,24012.65,1602,160,0
2025-09-12 15:15:00+03:00,24014.15,24024.15,24008.75,24016.75,1566,150,0
2025-09-12 15:30:00+03:00,24016.05,24018.25,23994.95,24011.85,2394,180,0
2025-09-12 15:45:00+03:00,24011.95,24024.55,24011.55,24022.15,1470,160,0
2025-09-12 16:00:00+03:00,24021.45,24031.65,24019.25,24028.45,1842,160,0
2025-09-12 16:15:00+03:00,24028.15,24029.95,24017.85,24019.75,1859,150,0
2025-09-12 16:30:00+03:00,24020.55,24043.15,23982.85,24010.35,4527,80,0
2025-09-12 16:45:00+03:00,24009.35,24029.85,23997.15,24025.32,4125,90,0
2025-09-12 17:00:00+03:00,24015.32,24041.05,24009.35,24012.05,3982,80,0
2025-09-12 17:15:00+03:00,24012.55,24056.55,24007.35,24051.85,3646,80,0
2025-09-12 17:30:00+03:00,24052.45,24068.45,24045.35,24062.05,3397,80,0
2025-09-12 17:45:00+03:00,24062.35,24095.95,24060.35,24086.35,3286,80,0
2025-09-12 18:00:00+03:00,24086.45,24091.65,24063.85,24075.85,3215,80,0
2025-09-12 18:15:00+03:00,24075.55,24085.65,24059.85,24067.55,3079,80,0
2025-09-12 18:30:00+03:00,24067.85,24077.35,24057.15,24060.45,2918,80,0
2025-09-12 18:45:00+03:00,24060.55,24079.95,24053.05,24071.55,2941,80,0
2025-09-12 19:00:00+03:00,24071.35,24081.05,24052.45,24078.05,2816,80,0
2025-09-12 19:15:00+03:00,24078.55,24087.15,24072.45,24086.05,2570,80,0
2025-09-12 19:30:00+03:00,24085.85,24092.45,24076.85,24081.55,2544,80,0
2025-09-12 19:45:00+03:00,24081.65,24102.55,24077.55,24090.85,2729,80,0
2025-09-12 20:00:00+03:00,24091.55,24092.05,24078.35,24085.45,2469,80,0
2025-09-12 20:15:00+03:00,24085.55,24091.55,24079.45,24081.35,2116,80,0
2025-09-12 20:30:00+03:00,24081.55,24087.35,24072.15,24084.05,2330,80,0
2025-09-12 20:45:00+03:00,24083.85,24108.55,24083.55,24104.35,2661,80,0
2025-09-12 21:00:00+03:00,24104.45,24105.45,24093.85,24104.55,2323,80,0
2025-09-12 21:15:00+03:00,24104.45,24106.55,24097.45,24102.65,2160,80,0
2025-09-12 21:30:00+03:00,24102.85,24123.35,24100.15,24119.95,2476,80,0
2025-09-12 21:45:00+03:00,24120.05,24137.95,24100.35,24132.85,2723,80,0
2025-09-12 22:00:00+03:00,24133.05,24136.35,24115.55,24118.15,2332,80,0
2025-09-12 22:15:00+03:00,24118.05,24120.05,24099.35,24103.45,2538,80,0
2025-09-12 22:30:00+03:00,24103.35,24105.35,24066.95,24092.55,3402,80,0
2025-09-12 22:45:00+03:00,24092.35,24111.55,24087.85,24088.65,3490,80,0
2025-09-12 23:00:00+03:00,24088.45,24091.16,24076.36,24090.16,2199,110,0
2025-09-12 23:15:00+03:00,24090.26,24097.96,24090.16,24092.16,952,168,0
2025-09-12 23:30:00+03:00,24091.86,24093.36,24088.86,24092.16,743,168,0
2025-09-12 23:45:00+03:00,24092.36,24095.16,24091.86,24091.86,248,168,0
2025-09-15 01:00:00+03:00,24084.76,24101.86,24081.66,24101.16,800,188,0
2025-09-15 01:15:00+03:00,24100.66,24109.66,24097.16,24102.66,893,168,0
2025-09-15 01:30:00+03:00,24102.46,24106.46,24098.76,24104.76,462,168,0
2025-09-15 01:45:00+03:00,24104.56,24108.76,24101.86,24104.96,392,168,0
2025-09-15 02:00:00+03:00,24105.05,24108.15,24098.05,24100.55,468,150,0
2025-09-15 02:15:00+03:00,24100.85,24102.85,24091.65,24091.75,489,150,0
2025-09-15 02:30:00+03:00,24091.65,24094.65,24080.55,24089.05,806,150,0
2025-09-15 02:45:00+03:00,24088.85,24092.45,24081.95,24091.05,720,150,0
2025-09-15 03:00:00+03:00,24091.55,24095.05,24080.75,24093.75,1178,150,0
2025-09-15 03:15:00+03:00,24093.45,24094.05,24072.85,24075.95,1192,150,0
2025-09-15 03:30:00+03:00,24076.05,24084.25,24075.25,24079.15,934,150,0
2025-09-15 03:45:00+03:00,24078.95,24094.15,24078.15,24090.05,855,150,0
2025-09-15 04:00:00+03:00,24090.35,24093.15,24086.35,24088.05,1047,150,0
2025-09-15 04:15:00+03:00,24088.55,24093.45,24085.95,24093.45,822,150,0
2025-09-15 04:30:00+03:00,24094.15,24097.95,24088.85,24091.55,992,150,0
2025-09-15 04:45:00+03:00,24091.65,24098.15,24091.65,24094.55,843,150,0
2025-09-15 05:00:00+03:00,24094.85,24103.05,24088.75,24100.15,1007,150,0
2025-09-15 05:15:00+03:00,24100.35,24103.45,24095.15,24099.45,883,150,0
2025-09-15 05:30:00+03:00,24099.05,24099.05,24092.65,24098.55,522,150,0
2025-09-15 05:45:00+03:00,24098.65,24100.65,24095.35,24098.55,527,150,0
2025-09-15 06:00:00+03:00,24098.65,24104.35,24096.85,24103.65,513,150,0
2025-09-15 06:15:00+03:00,24103.55,24110.95,24100.95,24101.55,661,150,0
2025-09-15 06:30:00+03:00,24101.35,24108.15,24098.95,24106.45,513,150,0
2025-09-15 06:45:00+03:00,24106.55,24108.65,24101.85,24102.05,505,150,0
2025-09-15 07:00:00+03:00,24101.95,24108.55,24100.95,24103.55,435,150,0
2025-09-15 07:15:00+03:00,24103.65,24110.15,24101.55,24108.45,424,150,0
2025-09-15 07:30:00+03:00,24108.35,24112.95,24108.35,24111.85,375,150,0
2025-09-15 07:45:00+03:00,24111.95,24112.65,24108.05,24111.55,328,150,0
2025-09-15 08:00:00+03:00,24111.45,24112.85,24108.85,24110.35,554,150,0
2025-09-15 08:15:00+03:00,24110.15,24111.05,24103.55,24109.15,638,150,0
2025-09-15 08:30:00+03:00,24109.35,24124.35,24107.15,24119.85,672,150,0
2025-09-15 08:45:00+03:00,24119.55,24121.15,24115.35,24120.35,619,150,0
2025-09-15 09:00:00+03:00,24120.55,24125.75,24116.55,24121.25,1030,150,0
2025-09-15 09:15:00+03:00,24121.05,24123.35,24112.55,24114.95,816,150,0
2025-09-15 09:30:00+03:00,24114.85,24127.85,24112.95,24126.85,873,150,0
2025-09-15 09:45:00+03:00,24126.95,24130.35,24122.65,24127.65,851,150,0
2025-09-15 10:00:00+03:00,24127.35,24132.85,24124.05,24126.05,1597,150,0
2025-09-15 10:15:00+03:00,24125.95,24133.15,24119.15,24124.45,1247,150,0
2025-09-15 10:30:00+03:00,24124.55,24139.25,24121.05,24124.35,1448,150,0
2025-09-15 10:45:00+03:00,24124.65,24129.05,24118.55,24119.55,1168,150,0
2025-09-15 11:00:00+03:00,24120.75,24121.85,24056.35,24092.75,3116,160,0
2025-09-15 11:15:00+03:00,24092.65,24102.45,24075.55,24078.65,2321,170,0
2025-09-15 11:30:00+03:00,24078.95,24084.45,24060.45,24080.85,2109,170,0
2025-09-15 11:45:00+03:00,24081.05,24097.05,24071.45,24075.85,1678,160,0
2025-09-15 12:00:00+03:00,24075.25,24076.95,24066.95,24071.25,1464,160,0
2025-09-15 12:15:00+03:00,24070.95,24074.65,24060.65,24073.25,1472,160,0
2025-09-15 12:30:00+03:00,24073.35,24080.05,24069.95,24073.85,1342,160,0
2025-09-15 12:45:00+03:00,24074.05,24079.75,24073.05,24075.75,1115,150,0
2025-09-15 13:00:00+03:00,24076.05,24083.35,24072.65,24082.95,1168,160,0
2025-09-15 13:15:00+03:00,24082.45,24102.95,24081.45,24102.95,1671,160,0
2025-09-15 13:30:00+03:00,24102.85,24113.55,24096.15,24097.95,1849,160,0
2025-09-15 13:45:00+03:00,24098.15,24109.85,24096.45,24107.55,1379,150,0
2025-09-15 14:00:00+03:00,24108.65,24124.75,24106.25,24119.55,1647,160,0
2025-09-15 14:15:00+03:00,24119.35,24121.15,24112.15,24114.85,1456,150,0
2025-09-15 14:30:00+03:00,24114.95,24127.65,24110.25,24122.75,1441,160,0
2025-09-15 14:45:00+03:00,24122.85,24127.15,24116.25,24124.45,1256,150,0
2025-09-15 15:00:00+03:00,24123.95,24133.45,24123.25,24128.85,1396,160,0
2025-09-15 15:15:00+03:00,24129.75,24152.25,24124.15,24137.55,2390,160,0
2025-09-15 15:30:00+03:00,24137.75,24137.95,24121.15,24135.55,1977,170,0
2025-09-15 15:45:00+03:00,24135.25,24153.25,24128.55,24152.95,2008,160,0
2025-09-15 16:00:00+03:00,24153.35,24159.25,24149.25,24152.65,1919,160,0
2025-09-15 16:15:00+03:00,24152.85,24162.95,24142.85,24157.95,2159,160,0
2025-09-15 16:30:00+03:00,24158.75,24206.85,24154.15,24184.95,4477,80,0
2025-09-15 16:45:00+03:00,24184.05,24242.75,24184.05,24241.25,3947,80,0
2025-09-15 17:00:00+03:00,24242.55,24245.95,24219.05,24228.25,3880,80,0
2025-09-15 17:15:00+03:00,24228.75,24238.05,24210.25,24235.55,3687,80,0
2025-09-15 17:30:00+03:00,24235.05,24239.05,24218.55,24236.25,3550,80,0
2025-09-15 17:45:00+03:00,24236.55,24242.95,24221.15,24242.55,3279,80,0
2025-09-15 18:00:00+03:00,24242.75,24249.55,24227.25,24236.25,3310,80,0
2025-09-15 18:15:00+03:00,24236.55,24244.75,24221.45,24234.45,3068,80,0
2025-09-15 18:30:00+03:00,24234.25,24255.05,24231.05,24242.05,3035,80,0
2025-09-15 18:45:00+03:00,24241.75,24272.15,24240.15,24262.95,3090,80,0
2025-09-15 19:00:00+03:00,24263.35,24276.85,24249.45,24268.75,3172,80,0
2025-09-15 19:15:00+03:00,24268.95,24273.95,24251.25,24252.75,2810,80,0
2025-09-15 19:30:00+03:00,24253.75,24270.35,24251.75,24266.75,2715,80,0
2025-09-15 19:45:00+03:00,24266.45,24266.85,24244.25,24248.75,2883,80,0
2025-09-15 20:00:00+03:00,24248.95,24262.85,24245.75,24248.85,2747,80,0
2025-09-15 20:15:00+03:00,24248.45,24251.25,24236.35,24237.45,2922,80,0
2025-09-15 20:30:00+03:00,24236.95,24255.45,24232.25,24251.45,2822,80,0
2025-09-15 20:45:00+03:00,24251.25,24271.25,24246.45,24269.85,2428,80,0
2025-09-15 21:00:00+03:00,24269.65,24273.35,24256.65,24264.75,2749,80,0
2025-09-15 21:15:00+03:00,24264.45,24267.75,24247.25,24247.35,2645,80,0
2025-09-15 21:30:00+03:00,24247.25,24262.45,24229.75,24234.75,2845,80,0
2025-09-15 21:45:00+03:00,24234.95,24256.35,24234.75,24254.25,2778,80,0
2025-09-15 22:00:00+03:00,24254.75,24260.25,24244.95,24252.55,2621,80,0
2025-09-15 22:15:00+03:00,24252.35,24258.95,24243.35,24255.05,2575,80,0
2025-09-15 22:30:00+03:00,24254.55,24266.55,24250.55,24259.75,2756,80,0
2025-09-15 22:45:00+03:00,24258.45,24295.85,24247.25,24292.75,3404,80,0
2025-09-15 23:00:00+03:00,24292.66,24292.66,24267.06,24268.86,2133,138,0
2025-09-15 23:15:00+03:00,24268.76,24278.86,24267.56,24270.86,861,168,0
2025-09-15 23:30:00+03:00,24271.16,24282.86,24270.66,24282.16,705,168,0
2025-09-15 23:45:00+03:00,24282.36,24284.66,24279.36,24280.16,308,168,0
2025-09-16 01:00:00+03:00,24273.86,24278.86,24272.36,24275.46,591,168,0
2025-09-16 01:15:00+03:00,24275.66,24279.66,24270.86,24272.76,630,168,0
2025-09-16 01:30:00+03:00,24273.06,24276.06,24269.16,24275.56,572,168,0
2025-09-16 01:45:00+03:00,24275.66,24276.76,24269.06,24273.16,450,168,0
2025-09-16 02:00:00+03:00,24273.25,24276.75,24271.05,24273.25,344,150,0
2025-09-16 02:15:00+03:00,24273.35,24291.85,24273.35,24288.55,751,150,0
2025-09-16 02:30:00+03:00,24288.35,24289.05,24282.55,24284.85,510,150,0
2025-09-16 02:45:00+03:00,24284.75,24289.85,24280.25,24289.15,607,150,0
2025-09-16 03:00:00+03:00,24289.35,24289.55,24281.05,24282.75,1116,150,0
2025-09-16 03:15:00+03:00,24282.55,24284.75,24277.35,24278.55,920,150,0
2025-09-16 03:30:00+03:00,24278.25,24283.85,24269.65,24283.15,986,150,0
2025-09-16 03:45:00+03:00,24283.25,24288.55,24279.75,24287.25,747,150,0
2025-09-16 04:00:00+03:00,24287.35,24297.85,24284.25,24293.85,973,150,0
2025-09-16 04:15:00+03:00,24293.75,24295.85,24291.25,24291.55,702,150,0
2025-09-16 04:30:00+03:00,24291.35,24303.85,24291.35,24302.75,888,150,0
2025-09-16 04:45:00+03:00,24302.85,24304.55,24295.75,24298.65,893,150,0
2025-09-16 05:00:00+03:00,24298.75,24303.35,24296.25,24302.75,750,150,0
2025-09-16 05:15:00+03:00,24302.65,24307.85,24302.65,24307.65,668,150,0
2025-09-16 05:30:00+03:00,24307.85,24325.45,24307.55,24315.05,1014,150,0
2025-09-16 05:45:00+03:00,24315.35,24316.25,24310.35,24313.55,561,150,0
2025-09-16 06:00:00+03:00,24314.15,24321.15,24312.35,24319.05,624,150,0
2025-09-16 06:15:00+03:00,24318.85,24322.85,24316.25,24321.75,527,150,0
2025-09-16 06:30:00+03:00,24321.55,24329.35,24320.35,24324.05,704,150,0
2025-09-16 06:45:00+03:00,24324.25,24328.75,24321.35,24327.35,579,150,0
2025-09-16 07:00:00+03:00,24327.25,24327.75,24319.05,24319.55,489,150,0
2025-09-16 07:15:00+03:00,24319.65,24327.05,24319.65,24323.55,487,150,0
2025-09-16 07:30:00+03:00,24323.35,24327.25,24319.75,24324.65,335,150,0
2025-09-16 07:45:00+03:00,24324.75,24325.05,24319.85,24322.85,167,150,0
2025-09-16 08:00:00+03:00,24322.65,24335.25,24319.65,24332.35,359,150,0
2025-09-16 08:15:00+03:00,24332.05,24333.55,24324.35,24331.65,514,150,0
2025-09-16 08:30:00+03:00,24331.85,24334.25,24326.55,24332.75,428,150,0
2025-09-16 08:45:00+03:00,24332.55,24344.45,24328.75,24337.35,578,150,0
2025-09-16 09:00:00+03:00,24337.55,24345.55,24336.15,24344.05,630,150,0
2025-09-16 09:15:00+03:00,24344.15,24345.35,24334.65,24336.75,617,150,0
2025-09-16 09:30:00+03:00,24336.25,24337.85,24327.85,24336.15,628,150,0
2025-09-16 09:45:00+03:00,24336.05,24336.05,24327.85,24330.35,463,150,0
2025-09-16 10:00:00+03:00,24331.15,24346.35,24324.65,24342.25,1761,150,0
2025-09-16 10:15:00+03:00,24342.15,24356.05,24335.65,24351.85,2079,170,0
2025-09-16 10:30:00+03:00,24351.65,24358.35,24346.45,24351.35,1729,170,0
2025-09-16 10:45:00+03:00,24351.25,24351.65,24338.05,24343.75,1322,160,0
2025-09-16 11:00:00+03:00,24343.45,24376.75,24343.45,24375.65,2123,170,0
2025-09-16 11:15:00+03:00,24375.45,24379.45,24366.65,24378.05,1475,170,0
2025-09-16 11:30:00+03:00,24378.15,24379.55,24368.25,24377.25,1214,150,0
2025-09-16 11:45:00+03:00,24377.75,24387.55,24374.25,24380.15,1339,150,0
2025-09-16 12:00:00+03:00,24379.95,24385.75,24377.25,24377.65,1200,150,0
2025-09-16 12:15:00+03:00,24377.35,24378.85,24368.85,24372.75,1116,150,0
2025-09-16 12:30:00+03:00,24372.55,24372.85,24356.75,24361.95,1164,150,0
2025-09-16 12:45:00+03:00,24361.55,24367.15,24360.05,24366.25,966,150,0
2025-09-16 13:00:00+03:00,24366.05,24366.55,24357.35,24361.75,993,150,0
2025-09-16 13:15:00+03:00,24361.95,24369.85,24359.45,24367.45,1013,150,0
2025-09-16 13:30:00+03:00,24367.75,24368.45,24358.75,24360.25,1002,150,0
2025-09-16 13:45:00+03:00,24360.15,24370.35,24359.65,24364.35,1007,150,0
2025-09-16 14:00:00+03:00,24363.25,24365.05,24355.05,24359.95,1430,150,0
2025-09-16 14:15:00+03:00,24359.75,24359.85,24340.05,24350.45,1460,160,0
2025-09-16 14:30:00+03:00,24349.95,24353.95,24338.45,24341.35,1371,150,0
2025-09-16 14:45:00+03:00,24341.65,24349.25,24339.15,24344.85,1345,150,0
2025-09-16 15:00:00+03:00,24345.95,24346.75,24328.95,24338.15,1649,160,0
2025-09-16 15:15:00+03:00,24338.45,24341.65,24327.05,24330.94,1485,170,0
2025-09-16 15:30:00+03:00,24330.75,24347.85,24325.65,24340.05,2277,180,0
2025-09-16 15:45:00+03:00,24339.85,24345.45,24329.05,24336.75,1907,160,0
2025-09-16 16:00:00+03:00,24336.25,24349.65,24333.05,24336.95,2293,170,0
2025-09-16 16:15:00+03:00,24337.05,24350.05,24326.65,24328.75,2465,160,0
2025-09-16 16:30:00+03:00,24328.35,24339.95,24295.05,24309.65,4598,80,0
2025-09-16 16:45:00+03:00,24310.35,24312.25,24267.25,24280.65,4366,120,0
2025-09-16 17:00:00+03:00,24280.55,24297.95,24267.35,24281.45,4171,80,0
2025-09-16 17:15:00+03:00,24281.05,24302.85,24278.05,24281.95,3973,80,0
2025-09-16 17:30:00+03:00,24281.85,24300.05,24271.35,24275.25,3918,80,0
2025-09-16 17:45:00+03:00,24275.35,24293.55,24270.85,24281.35,3794,80,0
2025-09-16 18:00:00+03:00,24282.95,24282.95,24255.05,24274.35,3651,80,0
2025-09-16 18:15:00+03:00,24273.75,24286.55,24260.85,24262.55,3698,80,0
2025-09-16 18:30:00+03:00,24262.45,24268.95,24247.75,24256.85,3421,80,0
2025-09-16 18:45:00+03:00,24257.25,24269.85,24247.85,24253.55,3374,80,0
2025-09-16 19:00:00+03:00,24253.45,24264.55,24244.35,24262.85,3348,80,0
2025-09-16 19:15:00+03:00,24263.35,24273.45,24256.05,24272.15,2958,80,0
2025-09-16 19:30:00+03:00,24272.05,24273.15,24254.15,24266.35,3170,80,0
2025-09-16 19:45:00+03:00,24266.05,24278.15,24261.15,24269.65,3069,80,0
2025-09-16 20:00:00+03:00,24269.85,24284.65,24269.35,24283.45,2785,80,0
2025-09-16 20:15:00+03:00,24283.65,24291.65,24277.45,24279.35,2608,80,0
2025-09-16 20:30:00+03:00,24279.45,24282.95,24271.55,24275.95,2828,80,0
2025-09-16 20:45:00+03:00,24275.65,24285.45,24269.05,24280.95,2632,80,0
2025-09-16 21:00:00+03:00,24281.05,24284.85,24270.65,24273.85,2704,80,0
2025-09-16 21:15:00+03:00,24273.55,24282.95,24272.45,24278.45,2527,80,0
2025-09-16 21:30:00+03:00,24278.55,24287.95,24275.45,24284.55,2361,80,0
2025-09-16 21:45:00+03:00,24284.65,24297.05,24284.55,24295.35,2270,80,0
2025-09-16 22:00:00+03:00,24295.15,24306.45,24294.05,24299.05,2365,80,0
2025-09-16 22:15:00+03:00,24299.15,24302.35,24282.85,24286.15,2667,80,0
2025-09-16 22:30:00+03:00,24286.05,24292.15,24278.65,24285.15,3168,80,0
2025-09-16 22:45:00+03:00,24285.45,24308.45,24266.15,24273.15,3483,80,0
2025-09-16 23:00:00+03:00,24272.65,24285.96,24269.06,24281.96,1820,80,0
2025-09-16 23:15:00+03:00,24282.26,24287.96,24281.76,24286.16,681,168,0
2025-09-16 23:30:00+03:00,24285.96,24289.76,24285.66,24289.36,653,168,0
2025-09-16 23:45:00+03:00,24289.46,24290.36,24286.16,24287.46,258,168,0
2025-09-17 01:00:00+03:00,24280.96,24289.36,24280.76,24288.66,438,168,0
2025-09-17 01:15:00+03:00,24288.56,24295.46,24284.56,24294.96,490,168,0
2025-09-17 01:30:00+03:00,24295.46,24300.56,24294.56,24296.36,432,168,0
2025-09-17 01:45:00+03:00,24295.66,24299.06,24294.66,24295.06,273,168,0
2025-09-17 02:00:00+03:00,24295.15,24299.15,24294.25,24294.75,275,150,0
2025-09-17 02:15:00+03:00,24293.65,24295.75,24286.05,24287.25,299,150,0
2025-09-17 02:30:00+03:00,24286.95,24293.45,24286.65,24289.55,320,150,0
2025-09-17 02:45:00+03:00,24289.65,24295.55,24288.65,24292.25,408,150,0
2025-09-17 03:00:00+03:00,24292.55,24299.15,24280.15,24283.05,1087,150,0
2025-09-17 03:15:00+03:00,24282.95,24289.65,24282.15,24289.25,865,150,0
2025-09-17 03:30:00+03:00,24289.15,24292.75,24281.65,24284.05,603,150,0
2025-09-17 03:45:00+03:00,24283.25,24292.15,24282.55,24289.95,628,150,0
2025-09-17 04:00:00+03:00,24289.65,24296.25,24289.65,24293.75,770,150,0
2025-09-17 04:15:00+03:00,24293.65,24293.75,24284.95,24289.95,853,150,0
2025-09-17 04:30:00+03:00,24289.75,24289.75,24278.15,24282.75,979,150,0
2025-09-17 04:45:00+03:00,24282.65,24285.25,24280.15,24280.25,646,150,0
2025-09-17 05:00:00+03:00,24280.45,24282.65,24273.95,24275.45,703,150,0
2025-09-17 05:15:00+03:00,24275.65,24276.95,24262.65,24267.75,785,150,0
2025-09-17 05:30:00+03:00,24267.45,24273.75,24265.35,24271.55,724,150,0
2025-09-17 05:45:00+03:00,24271.45,24274.55,24267.25,24273.45,521,150,0
2025-09-17 06:00:00+03:00,24273.55,24274.15,24269.45,24273.65,462,150,0
2025-09-17 06:15:00+03:00,24273.15,24275.15,24270.55,24271.95,337,150,0
2025-09-17 06:30:00+03:00,24272.45,24272.45,24267.25,24270.45,418,150,0
2025-09-17 06:45:00+03:00,24270.25,24272.15,24266.55,24267.95,363,150,0
2025-09-17 07:00:00+03:00,24268.05,24271.95,24262.95,24262.95,503,150,0
2025-09-17 07:15:00+03:00,24262.75,24266.15,24257.25,24261.65,529,150,0
2025-09-17 07:30:00+03:00,24261.55,24271.15,24260.65,24268.05,404,150,0
2025-09-17 07:45:00+03:00,24268.25,24269.75,24265.15,24268.45,320,150,0
2025-09-17 08:00:00+03:00,24268.65,24275.95,24258.65,24268.55,746,150,0
2025-09-17 08:15:00+03:00,24268.45,24269.65,24252.65,24260.05,863,150,0
2025-09-17 08:30:00+03:00,24259.75,24265.75,24256.75,24264.15,698,150,0
2025-09-17 08:45:00+03:00,24264.05,24269.05,24262.95,24267.45,540,150,0
2025-09-17 09:00:00+03:00,24268.15,24274.05,24258.95,24270.65,943,150,0
2025-09-17 09:15:00+03:00,24270.55,24278.45,24266.05,24274.45,792,150,0
2025-09-17 09:30:00+03:00,24274.25,24279.65,24266.45,24278.55,774,150,0
2025-09-17 09:45:00+03:00,24279.15,24283.45,24276.65,24281.55,623,150,0
2025-09-17 10:00:00+03:00,24280.65,24288.15,24274.35,24281.95,1611,150,0
2025-09-17 10:15:00+03:00,24281.75,24298.35,24279.95,24297.35,1209,150,0
2025-09-17 10:30:00+03:00,24297.25,24302.15,24290.85,24295.25,1218,150,0
2025-09-17 10:45:00+03:00,24294.95,24302.15,24292.95,24299.45,1132,150,0
2025-09-17 11:00:00+03:00,24295.45,24299.35,24276.65,24277.15,1536,150,0
2025-09-17 11:15:00+03:00,24277.05,24280.15,24270.65,24276.85,1333,160,0
2025-09-17 11:30:00+03:00,24276.75,24278.25,24205.65,24234.95,3034,160,0
2025-09-17 11:45:00+03:00,24234.15,24268.25,24228.95,24262.55,2245,180,0
2025-09-17 12:00:00+03:00,24262.75,24275.85,24259.15,24267.35,1495,170,0
2025-09-17 12:15:00+03:00,24267.05,24274.95,24260.65,24272.25,1348,160,0
2025-09-17 12:30:00+03:00,24272.45,24277.75,24266.15,24266.15,1123,160,0
2025-09-17 12:45:00+03:00,24266.35,24273.85,24256.15,24261.45,1168,160,0
2025-09-17 13:00:00+03:00,24260.95,24269.45,24253.35,24253.35,1206,160,0
2025-09-17 13:15:00+03:00,24253.45,24261.05,24247.95,24251.15,1143,160,0
2025-09-17 13:30:00+03:00,24251.35,24257.15,24239.35,24248.15,1587,160,0
2025-09-17 13:45:00+03:00,24248.05,24255.85,24241.55,24249.35,1457,170,0
2025-09-17 14:00:00+03:00,24250.35,24265.85,24236.35,24263.65,1704,170,0
2025-09-17 14:15:00+03:00,24263.85,24265.45,24253.95,24256.45,1236,160,0
2025-09-17 14:30:00+03:00,24256.15,24257.65,24236.85,24239.35,1431,170,0
2025-09-17 14:45:00+03:00,24239.45,24257.65,24239.15,24251.55,1335,160,0
2025-09-17 15:00:00+03:00,24252.15,24258.25,24247.55,24257.65,1457,170,0
2025-09-17 15:15:00+03:00,24257.85,24267.85,24253.35,24266.05,1370,160,0
2025-09-17 15:30:00+03:00,24265.85,24274.05,24261.35,24262.15,1391,160,0
2025-09-17 15:45:00+03:00,24261.85,24274.95,24257.15,24273.95,1496,160,0
2025-09-17 16:00:00+03:00,24274.15,24277.45,24268.85,24270.95,1444,150,0
2025-09-17 16:15:00+03:00,24270.65,24280.65,24262.05,24270.25,1622,150,0
2025-09-17 16:30:00+03:00,24270.35,24290.25,24216.05,24225.65,4520,80,0
2025-09-17 16:45:00+03:00,24225.35,24270.05,24213.65,24227.05,4040,80,0
2025-09-17 17:00:00+03:00,24228.35,24229.15,24196.85,24224.05,4036,80,0
2025-09-17 17:15:00+03:00,24223.85,24230.35,24186.15,24189.55,3674,80,0
2025-09-17 17:30:00+03:00,24191.15,24208.75,24174.05,24174.75,3580,80,0
2025-09-17 17:45:00+03:00,24174.25,24185.75,24160.05,24170.25,3398,80,0
2025-09-17 18:00:00+03:00,24170.05,24182.85,24154.25,24181.55,3081,80,0
2025-09-17 18:15:00+03:00,24181.25,24192.55,24155.75,24162.25,3074,80,0
2025-09-17 18:30:00+03:00,24162.35,24173.25,24150.75,24166.55,2966,80,0
2025-09-17 18:45:00+03:00,24166.65,24173.55,24151.25,24160.75,2789,80,0
2025-09-17 19:00:00+03:00,24160.85,24163.05,24145.75,24150.55,2680,80,0
2025-09-17 19:15:00+03:00,24150.25,24171.15,24149.05,24170.25,2528,80,0
2025-09-17 19:30:00+03:00,24170.35,24170.35,24124.75,24144.75,2831,80,0
2025-09-17 19:45:00+03:00,24144.55,24148.85,24126.05,24139.25,2622,80,0
2025-09-17 20:00:00+03:00,24139.55,24152.55,24138.05,24152.05,2392,80,0
2025-09-17 20:15:00+03:00,24152.25,24160.35,24145.25,24159.25,2227,80,0
2025-09-17 20:30:00+03:00,24159.75,24198.55,24159.75,24185.05,2595,80,0
2025-09-17 20:45:00+03:00,24185.55,24208.86,24173.25,24207.36,2502,80,0
2025-09-17 21:00:00+03:00,24207.46,24272.95,24073.35,24073.35,4782,120,0
2025-09-17 21:15:00+03:00,24067.35,24193.65,24041.55,24191.45,4850,120,0
2025-09-17 21:30:00+03:00,24192.45,24202.45,24039.35,24068.05,4968,120,0
2025-09-17 21:45:00+03:00,24068.55,24146.35,23993.35,24142.65,4900,120,0
2025-09-17 22:00:00+03:00,24141.05,24268.55,24132.45,24179.15,4882,120,0
2025-09-17 22:15:00+03:00,24180.85,24299.65,24180.85,24279.55,4764,120,0
2025-09-17 22:30:00+03:00,24279.05,24296.55,24223.55,24248.45,4612,120,0
2025-09-17 22:45:00+03:00,24246.05,24258.35,24197.85,24228.15,4587,120,0
2025-09-17 23:00:00+03:00,24226.26,24272.46,24221.76,24256.66,2981,138,0
2025-09-17 23:15:00+03:00,24256.26,24258.16,24236.26,24257.26,1802,198,0
2025-09-17 23:30:00+03:00,24256.76,24266.26,24246.66,24250.76,1175,178,0
2025-09-17 23:45:00+03:00,24251.06,24252.06,24240.56,24240.56,319,178,0
2025-09-18 01:00:00+03:00,24259.56,24269.96,24258.06,24268.66,686,178,0
2025-09-18 01:15:00+03:00,24268.46,24283.96,24267.26,24282.06,728,168,0
2025-09-18 01:30:00+03:00,24281.86,24301.06,24279.46,24297.66,792,168,0
2025-09-18 01:45:00+03:00,24297.96,24324.36,24294.76,24319.66,1192,178,0
2025-09-18 02:00:00+03:00,24319.46,24328.85,24319.45,24320.75,790,150,0
2025-09-18 02:15:00+03:00,24321.15,24330.85,24320.85,24326.95,603,150,0
2025-09-18 02:30:00+03:00,24327.05,24336.85,24321.25,24324.75,794,150,0
2025-09-18 02:45:00+03:00,24325.45,24339.35,24325.35,24336.35,824,150,0
2025-09-18 03:00:00+03:00,24336.15,24336.65,24320.55,24325.95,1383,150,0
2025-09-18 03:15:00+03:00,24325.55,24328.55,24312.25,24315.15,1162,160,0
2025-09-18 03:30:00+03:00,24315.35,24321.85,24314.05,24319.25,938,150,0
2025-09-18 03:45:00+03:00,24318.75,24322.55,24313.35,24316.85,928,150,0
2025-09-18 04:00:00+03:00,24316.65,24345.75,24313.05,24339.85,1297,160,0
2025-09-18 04:15:00+03:00,24339.65,24340.75,24320.35,24329.25,1089,150,0
2025-09-18 04:30:00+03:00,24329.15,24341.75,24327.65,24340.05,1166,150,0
2025-09-18 04:45:00+03:00,24340.25,24349.15,24339.25,24345.15,914,150,0
2025-09-18 05:00:00+03:00,24345.35,24349.95,24339.25,24349.45,893,150,0
2025-09-18 05:15:00+03:00,24349.55,24358.35,24348.95,24356.65,810,150,0
2025-09-18 05:30:00+03:00,24356.55,24365.65,24354.95,24363.85,795,150,0
2025-09-18 05:45:00+03:00,24363.95,24375.05,24363.45,24373.25,633,150,0
2025-09-18 06:00:00+03:00,24372.55,24396.15,24372.25,24383.05,1190,160,0
2025-09-18 06:15:00+03:00,24383.55,24395.35,24381.45,24390.45,941,150,0
2025-09-18 06:30:00+03:00,24390.85,24394.85,24386.05,24386.55,799,150,0
2025-09-18 06:45:00+03:00,24386.45,24391.85,24378.55,24387.95,795,150,0
