datetime,open,high,low,close,volume,spread,real_volume
2025-08-13 22:10:00+00:00,23824.85,23838.35,23824.15,23838.35,863,80,0
2025-08-13 22:15:00+00:00,23838.15,23841.35,23834.15,23837.65,916,80,0
2025-08-13 22:20:00+00:00,23837.85,23853.45,23837.15,23840.65,1060,80,0
2025-08-13 22:25:00+00:00,23840.85,23841.25,23833.65,23835.65,944,80,0
2025-08-13 22:30:00+00:00,23835.85,23839.35,23824.35,23825.85,1036,80,0
2025-08-13 22:35:00+00:00,23825.35,23832.35,23815.45,23817.65,1084,80,0
2025-08-13 22:40:00+00:00,23817.25,23825.45,23811.45,23814.15,1178,80,0
2025-08-13 22:45:00+00:00,23815.65,23823.85,23812.15,23822.85,1113,80,0
2025-08-13 22:50:00+00:00,23822.75,23848.45,23822.75,23843.45,1405,80,0
2025-08-13 22:55:00+00:00,23841.55,23856.35,23841.45,23843.45,1596,80,0
2025-08-13 23:00:00+00:00,23842.95,23858.36,23842.86,23848.46,999,80,0
2025-08-13 23:05:00+00:00,23847.46,23847.46,23830.16,23830.16,884,218,0
2025-08-13 23:10:00+00:00,23829.76,23833.66,23828.66,23831.56,538,188,0
2025-08-13 23:15:00+00:00,23831.06,23832.46,23826.16,23828.36,337,178,0
2025-08-13 23:20:00+00:00,23827.96,23828.36,23823.86,23826.96,262,178,0
2025-08-13 23:25:00+00:00,23827.16,23827.16,23823.26,23825.16,208,178,0
2025-08-13 23:30:00+00:00,23825.26,23827.16,23822.66,23823.66,190,168,0
2025-08-13 23:35:00+00:00,23823.76,23828.46,23822.06,23825.96,219,168,0
2025-08-13 23:40:00+00:00,23825.96,23826.46,23821.46,23822.16,201,168,0
2025-08-13 23:45:00+00:00,23821.96,23828.16,23821.46,23827.66,204,168,0
2025-08-14 01:05:00+00:00,23823.06,23826.06,23813.86,23813.86,352,178,0
2025-08-14 01:10:00+00:00,23814.06,23824.16,23813.66,23819.16,314,178,0
2025-08-14 01:15:00+00:00,23819.66,23824.46,23818.46,23822.96,181,168,0
2025-08-14 01:20:00+00:00,23823.26,23828.56,23822.96,23827.46,203,168,0
2025-08-14 01:25:00+00:00,23827.56,23836.76,23827.46,23834.56,242,168,0
2025-08-14 01:30:00+00:00,23834.46,23834.96,23832.16,23832.76,179,168,0
2025-08-14 01:35:00+00:00,23832.86,23837.26,23832.76,23835.26,169,168,0
2025-08-14 01:40:00+00:00,23834.76,23841.46,23833.96,23840.96,173,168,0
2025-08-14 01:45:00+00:00,23841.16,23848.06,23839.46,23847.46,266,168,0
2025-08-14 01:50:00+00:00,23847.46,23852.36,23846.66,23848.16,188,168,0
2025-08-14 01:55:00+00:00,23848.16,23850.66,23847.16,23850.46,140,168,0
2025-08-14 02:00:00+00:00,23850.36,23854.95,23848.85,23852.05,257,150,0
2025-08-14 02:05:00+00:00,23851.85,23852.45,23847.35,23849.55,160,150,0
2025-08-14 02:10:00+00:00,23849.45,23851.55,23843.05,23843.85,134,150,0
2025-08-14 02:15:00+00:00,23843.55,23846.75,23840.25,23844.35,175,150,0
2025-08-14 02:20:00+00:00,23844.05,23848.75,23844.05,23846.05,151,150,0
2025-08-14 02:25:00+00:00,23846.05,23847.85,23844.85,23847.35,90,150,0
2025-08-14 02:30:00+00:00,23847.75,23852.05,23847.45,23852.05,130,150,0
2025-08-14 02:35:00+00:00,23851.55,23856.55,23850.05,23854.05,178,150,0
2025-08-14 02:40:00+00:00,23854.25,23865.25,23854.25,23864.95,246,150,0
2025-08-14 02:45:00+00:00,23864.75,23864.95,23852.95,23857.15,284,170,0
2025-08-14 02:50:00+00:00,23856.95,23858.55,23852.85,23853.75,198,150,0
2025-08-14 02:55:00+00:00,23854.05,23854.95,23850.25,23850.85,208,150,0
2025-08-14 03:00:00+00:00,23851.35,23853.85,23844.95,23850.55,625,150,0
2025-08-14 03:05:00+00:00,23850.35,23859.15,23850.05,23857.35,568,170,0
2025-08-14 03:10:00+00:00,23856.95,23860.05,23853.85,23859.25,513,160,0
2025-08-14 03:15:00+00:00,23859.05,23859.05,23853.45,23854.45,387,160,0
2025-08-14 03:20:00+00:00,23854.75,23857.45,23852.55,23853.55,296,160,0
2025-08-14 03:25:00+00:00,23853.75,23859.25,23853.45,23856.85,244,150,0
2025-08-14 03:30:00+00:00,23856.85,23859.55,23852.75,23853.75,375,150,0
2025-08-14 03:35:00+00:00,23854.25,23854.65,23843.15,23846.95,420,160,0
2025-08-14 03:40:00+00:00,23847.05,23848.75,23836.25,23836.95,431,160,0
2025-08-14 03:45:00+00:00,23836.95,23837.45,23833.65,23836.05,371,160,0
2025-08-14 03:50:00+00:00,23836.15,23839.25,23832.75,23838.25,306,160,0
2025-08-14 03:55:00+00:00,23838.45,23838.95,23831.95,23833.65,388,160,0
2025-08-14 04:00:00+00:00,23833.25,23835.95,23822.95,23823.85,457,150,0
2025-08-14 04:05:00+00:00,23823.75,23831.65,23822.95,23826.45,555,170,0
2025-08-14 04:10:00+00:00,23826.45,23837.05,23826.35,23833.25,381,160,0
2025-08-14 04:15:00+00:00,23833.25,23833.55,23824.85,23825.85,557,160,0
2025-08-14 04:20:00+00:00,23826.65,23829.75,23826.05,23826.95,418,160,0
2025-08-14 04:25:00+00:00,23827.05,23830.95,23825.05,23826.95,327,150,0
2025-08-14 04:30:00+00:00,23826.85,23829.05,23824.45,23826.65,429,150,0
2025-08-14 04:35:00+00:00,23826.75,23828.55,23822.75,23826.55,384,150,0
2025-08-14 04:40:00+00:00,23826.25,23826.75,23819.45,23820.05,408,150,0
2025-08-14 04:45:00+00:00,23820.05,23830.15,23818.35,23829.75,361,150,0
2025-08-14 04:50:00+00:00,23829.75,23835.75,23828.25,23834.55,373,160,0
2025-08-14 04:55:00+00:00,23834.25,23836.65,23832.45,23832.95,304,160,0
2025-08-14 05:00:00+00:00,23832.95,23835.65,23829.45,23834.75,340,160,0
2025-08-14 05:05:00+00:00,23834.65,23841.95,23834.05,23839.45,314,150,0
2025-08-14 05:10:00+00:00,23839.25,23839.65,23833.05,23834.05,277,150,0
2025-08-14 05:15:00+00:00,23834.35,23836.25,23832.25,23833.55,246,150,0
2025-08-14 05:20:00+00:00,23833.55,23836.05,23831.75,23832.95,209,150,0
2025-08-14 05:25:00+00:00,23832.95,23834.25,23831.55,23832.75,133,150,0
2025-08-14 05:30:00+00:00,23831.85,23833.35,23828.75,23829.95,205,150,0
2025-08-14 05:35:00+00:00,23830.05,23831.05,23825.35,23829.05,202,150,0
2025-08-14 05:40:00+00:00,23828.95,23836.25,23827.85,23835.55,212,150,0
2025-08-14 05:45:00+00:00,23835.55,23835.85,23827.85,23830.95,195,150,0
2025-08-14 05:50:00+00:00,23830.85,23833.55,23829.95,23833.05,117,150,0
2025-08-14 05:55:00+00:00,23832.55,23841.05,23832.45,23841.05,276,150,0
2025-08-14 06:00:00+00:00,23841.05,23846.05,23839.85,23846.05,246,150,0
2025-08-14 06:05:00+00:00,23846.25,23846.55,23838.25,23839.75,213,150,0
2025-08-14 06:10:00+00:00,23839.15,23840.05,23834.05,23836.35,171,150,0
2025-08-14 06:15:00+00:00,23836.45,23836.55,23832.25,23833.35,143,150,0
2025-08-14 06:20:00+00:00,23832.95,23834.05,23830.55,23832.55,162,150,0
2025-08-14 06:25:00+00:00,23832.45,23835.85,23831.85,23832.35,154,150,0
2025-08-14 06:30:00+00:00,23832.85,23832.85,23828.55,23830.75,211,150,0
2025-08-14 06:35:00+00:00,23830.85,23832.35,23829.85,23830.85,149,150,0
2025-08-14 06:40:00+00:00,23830.55,23834.85,23830.05,23830.85,201,150,0
2025-08-14 06:45:00+00:00,23830.95,23831.55,23828.05,23828.35,177,150,0
2025-08-14 06:50:00+00:00,23828.05,23830.85,23826.05,23827.85,165,150,0
2025-08-14 06:55:00+00:00,23827.95,23829.45,23823.75,23827.75,199,150,0
2025-08-14 07:00:00+00:00,23827.35,23830.05,23826.75,23828.35,172,150,0
2025-08-14 07:05:00+00:00,23828.35,23831.35,23828.35,23830.35,117,150,0
2025-08-14 07:10:00+00:00,23830.05,23832.55,23828.45,23831.85,135,150,0
2025-08-14 07:15:00+00:00,23831.95,23833.85,23831.85,23832.85,127,150,0
2025-08-14 07:20:00+00:00,23832.75,23832.85,23823.75,23824.05,185,150,0
2025-08-14 07:25:00+00:00,23824.35,23826.05,23823.85,23824.85,176,150,0
2025-08-14 07:30:00+00:00,23824.85,23829.95,23822.05,23829.85,176,150,0
2025-08-14 07:35:00+00:00,23829.55,23836.55,23829.55,23836.05,139,150,0
2025-08-14 07:40:00+00:00,23835.75,23837.25,23835.15,23835.55,130,150,0
2025-08-14 07:45:00+00:00,23835.45,23838.25,23835.15,23836.65,159,150,0
2025-08-14 07:50:00+00:00,23836.55,23838.65,23835.95,23838.55,135,150,0
2025-08-14 07:55:00+00:00,23838.55,23838.65,23836.05,23836.55,153,150,0
2025-08-14 08:00:00+00:00,23836.45,23837.75,23834.45,23835.95,146,150,0
2025-08-14 08:05:00+00:00,23836.05,23837.25,23828.55,23828.55,180,150,0
2025-08-14 08:10:00+00:00,23828.75,23829.95,23826.65,23827.55,180,150,0
2025-08-14 08:15:00+00:00,23828.25,23829.75,23827.05,23829.75,174,150,0
2025-08-14 08:20:00+00:00,23829.75,23830.05,23827.75,23828.15,224,150,0
2025-08-14 08:25:00+00:00,23828.05,23831.65,23823.05,23831.15,270,150,0
2025-08-14 08:30:00+00:00,23831.25,23833.85,23829.25,23832.95,252,150,0
2025-08-14 08:35:00+00:00,23832.75,23833.75,23825.45,23825.75,272,150,0
2025-08-14 08:40:00+00:00,23825.45,23826.75,23816.35,23818.45,331,150,0
2025-08-14 08:45:00+00:00,23818.35,23822.25,23805.65,23807.15,433,160,0
2025-08-14 08:50:00+00:00,23807.15,23810.85,23800.55,23807.35,467,180,0
2025-08-14 08:55:00+00:00,23808.25,23813.25,23807.75,23812.95,309,160,0
2025-08-14 09:00:00+00:00,23812.85,23816.45,23807.35,23815.65,413,160,0
2025-08-14 09:05:00+00:00,23815.65,23819.75,23813.95,23814.25,345,150,0
2025-08-14 09:10:00+00:00,23814.05,23814.55,23805.65,23807.05,423,150,0
2025-08-14 09:15:00+00:00,23806.75,23812.85,23802.55,23811.95,464,170,0
2025-08-14 09:20:00+00:00,23812.45,23812.45,23803.85,23805.55,449,160,0
2025-08-14 09:25:00+00:00,23805.65,23815.55,23805.65,23809.35,414,170,0
2025-08-14 09:30:00+00:00,23807.65,23815.65,23807.65,23812.95,357,160,0
2025-08-14 09:35:00+00:00,23812.75,23817.45,23810.65,23816.75,320,160,0
2025-08-14 09:40:00+00:00,23816.75,23818.65,23813.05,23813.25,253,150,0
2025-08-14 09:45:00+00:00,23813.15,23820.15,23812.25,23818.65,307,150,0
2025-08-14 09:50:00+00:00,23818.25,23819.55,23814.15,23814.15,276,150,0
2025-08-14 09:55:00+00:00,23814.25,23819.65,23812.15,23818.85,357,160,0
2025-08-14 10:00:00+00:00,23817.65,23827.15,23817.65,23820.85,851,160,0
2025-08-14 10:05:00+00:00,23820.85,23827.55,23815.85,23817.45,651,170,0
2025-08-14 10:10:00+00:00,23817.55,23823.35,23815.05,23819.65,577,170,0
2025-08-14 10:15:00+00:00,23819.75,23831.25,23816.85,23828.65,549,170,0
2025-08-14 10:20:00+00:00,23828.85,23829.95,23824.35,23828.25,461,160,0
2025-08-14 10:25:00+00:00,23828.45,23829.25,23823.95,23826.25,355,150,0
2025-08-14 10:30:00+00:00,23826.45,23831.65,23824.15,23830.15,411,160,0
2025-08-14 10:35:00+00:00,23830.05,23831.45,23826.95,23828.65,392,160,0
2025-08-14 10:40:00+00:00,23828.75,23831.25,23827.25,23828.75,418,150,0
2025-08-14 10:45:00+00:00,23829.05,23831.65,23819.55,23819.55,491,150,0
2025-08-14 10:50:00+00:00,23819.65,23830.85,23815.55,23829.65,568,170,0
2025-08-14 10:55:00+00:00,23829.65,23836.65,23828.45,23836.35,394,160,0
2025-08-14 11:00:00+00:00,23836.45,23839.85,23832.35,23838.05,544,160,0
2025-08-14 11:05:00+00:00,23838.05,23840.35,23832.75,23835.45,463,160,0
2025-08-14 11:10:00+00:00,23835.75,23838.95,23833.45,23834.75,318,150,0
2025-08-14 11:15:00+00:00,23834.55,23837.55,23833.95,23836.55,261,150,0
2025-08-14 11:20:00+00:00,23836.45,23840.15,23836.45,23839.25,299,150,0
2025-08-14 11:25:00+00:00,23839.05,23841.45,23837.55,23840.25,314,150,0
2025-08-14 11:30:00+00:00,23839.55,23845.15,23839.15,23841.55,319,150,0
2025-08-14 11:35:00+00:00,23841.65,23841.65,23831.15,23831.35,350,150,0
2025-08-14 11:40:00+00:00,23831.45,23834.15,23827.15,23827.55,383,150,0
2025-08-14 11:45:00+00:00,23826.65,23830.15,23826.25,23827.75,349,150,0
2025-08-14 11:50:00+00:00,23828.25,23829.65,23823.95,23824.65,352,150,0
2025-08-14 11:55:00+00:00,23824.55,23828.75,23824.55,23827.95,328,150,0
2025-08-14 12:00:00+00:00,23827.75,23829.85,23820.15,23822.35,361,150,0
2025-08-14 12:05:00+00:00,23822.15,23829.85,23822.15,23828.05,280,150,0
2025-08-14 12:10:00+00:00,23827.95,23830.05,23826.15,23826.15,342,150,0
2025-08-14 12:15:00+00:00,23826.05,23832.85,23825.65,23832.35,392,150,0
2025-08-14 12:20:00+00:00,23832.25,23832.85,23828.15,23828.55,334,150,0
2025-08-14 12:25:00+00:00,23828.75,23838.25,23826.95,23837.25,335,150,0
2025-08-14 12:30:00+00:00,23837.25,23840.45,23835.75,23838.45,361,150,0
2025-08-14 12:35:00+00:00,23838.45,23840.65,23835.75,23837.45,274,150,0
2025-08-14 12:40:00+00:00,23837.25,23838.55,23830.45,23834.25,351,150,0
2025-08-14 12:45:00+00:00,23834.35,23837.65,23832.75,23833.45,278,150,0
2025-08-14 12:50:00+00:00,23832.65,23834.15,23829.45,23830.45,292,150,0
2025-08-14 12:55:00+00:00,23830.25,23830.55,23827.05,23829.65,249,150,0
2025-08-14 13:00:00+00:00,23829.05,23832.75,23827.75,23829.95,327,150,0
2025-08-14 13:05:00+00:00,23830.05,23830.55,23824.55,23824.85,267,150,0
2025-08-14 13:10:00+00:00,23824.95,23830.25,23821.85,23827.15,266,150,0
2025-08-14 13:15:00+00:00,23828.05,23832.25,23827.25,23828.05,249,150,0
2025-08-14 13:20:00+00:00,23828.05,23834.25,23825.65,23832.75,269,150,0
2025-08-14 13:25:00+00:00,23832.65,23834.75,23829.75,23830.45,257,150,0
2025-08-14 13:30:00+00:00,23830.45,23837.05,23829.55,23836.95,292,150,0
2025-08-14 13:35:00+00:00,23836.65,23839.55,23835.45,23836.75,282,150,0
2025-08-14 13:40:00+00:00,23837.15,23837.75,23830.05,23831.15,265,150,0
2025-08-14 13:45:00+00:00,23831.45,23833.55,23829.95,23829.95,231,150,0
2025-08-14 13:50:00+00:00,23829.55,23837.45,23829.05,23836.45,323,150,0
2025-08-14 13:55:00+00:00,23836.45,23838.75,23829.65,23837.95,324,160,0
2025-08-14 14:00:00+00:00,23837.75,23837.75,23829.75,23834.55,369,160,0
2025-08-14 14:05:00+00:00,23834.65,23838.65,23832.85,23832.95,350,160,0
2025-08-14 14:10:00+00:00,23832.45,23837.65,23832.45,23837.25,313,150,0
2025-08-14 14:15:00+00:00,23836.95,23841.15,23834.95,23839.65,364,150,0
2025-08-14 14:20:00+00:00,23839.75,23850.45,23839.25,23848.35,411,150,0
2025-08-14 14:25:00+00:00,23848.45,23851.55,23843.85,23849.95,330,150,0
2025-08-14 14:30:00+00:00,23850.05,23852.65,23849.65,23850.95,311,150,0
2025-08-14 14:35:00+00:00,23851.55,23852.65,23845.35,23847.35,361,150,0
2025-08-14 14:40:00+00:00,23847.25,23849.45,23843.25,23846.45,318,150,0
2025-08-14 14:45:00+00:00,23846.25,23849.95,23844.15,23848.55,257,150,0
2025-08-14 14:50:00+00:00,23848.45,23854.55,23848.45,23851.95,428,150,0
2025-08-14 14:55:00+00:00,23851.95,23859.85,23850.35,23858.35,451,160,0
2025-08-14 15:00:00+00:00,23857.65,23865.85,23856.85,23858.75,561,160,0
2025-08-14 15:05:00+00:00,23858.65,23858.65,23848.55,23850.75,598,180,0
2025-08-14 15:10:00+00:00,23850.35,23863.85,23850.35,23862.85,496,170,0
2025-08-14 15:15:00+00:00,23863.05,23868.15,23860.65,23865.65,507,160,0
2025-08-14 15:20:00+00:00,23865.85,23866.75,23855.15,23858.85,619,160,0
2025-08-14 15:25:00+00:00,23859.15,23859.44,23847.85,23856.74,705,170,0
2025-08-14 15:30:00+00:00,23856.84,23858.44,23721.75,23724.35,2458,210,0
2025-08-14 15:35:00+00:00,23723.85,23729.65,23696.65,23721.75,2336,210,0
2025-08-14 15:40:00+00:00,23721.75,23752.75,23719.75,23750.75,2025,210,0
2025-08-14 15:45:00+00:00,23750.45,23758.75,23732.65,23746.95,1568,210,0
2025-08-14 15:50:00+00:00,23746.75,23772.45,23737.95,23738.25,1681,210,0
2025-08-14 15:55:00+00:00,23738.25,23747.95,23731.95,23746.95,1449,210,0
2025-08-14 16:00:00+00:00,23744.95,23746.75,23723.15,23726.95,1552,210,0
2025-08-14 16:05:00+00:00,23726.95,23740.85,23719.45,23739.45,1492,210,0
2025-08-14 16:10:00+00:00,23739.25,23753.15,23730.65,23750.45,1262,210,0
2025-08-14 16:15:00+00:00,23750.45,23752.15,23730.65,23731.25,1227,200,0
2025-08-14 16:20:00+00:00,23731.05,23737.15,23727.75,23728.55,1039,200,0
2025-08-14 16:25:00+00:00,23728.55,23763.65,23728.55,23761.15,1527,200,0
2025-08-14 16:30:00+00:00,23761.25,23806.85,23744.95,23806.65,2645,120,0
2025-08-14 16:35:00+00:00,23806.05,23823.35,23799.95,23817.95,2441,120,0
2025-08-14 16:40:00+00:00,23817.85,23827.05,23800.05,23826.35,2497,120,0
2025-08-14 16:45:00+00:00,23825.85,23840.15,23811.15,23834.85,2355,120,0
2025-08-14 16:50:00+00:00,23834.85,23863.35,23822.35,23822.55,2244,120,0
2025-08-14 16:55:00+00:00,23822.55,23842.95,23801.55,23838.65,2311,120,0
2025-08-14 17:00:00+00:00,23839.35,23844.35,23825.05,23826.65,2289,120,0
2025-08-14 17:05:00+00:00,23826.65,23840.45,23811.55,23822.95,2217,120,0
2025-08-14 17:10:00+00:00,23822.35,23834.95,23808.15,23814.05,2237,120,0
2025-08-14 17:15:00+00:00,23814.85,23856.95,23812.65,23849.85,2061,120,0
2025-08-14 17:20:00+00:00,23849.45,23857.55,23832.85,23841.85,2123,120,0
2025-08-14 17:25:00+00:00,23841.65,23859.35,23830.35,23854.85,1949,120,0
2025-08-14 17:30:00+00:00,23854.85,23883.05,23854.45,23876.35,1719,80,0
2025-08-14 17:35:00+00:00,23876.05,23887.75,23865.45,23887.55,1542,80,0
2025-08-14 17:40:00+00:00,23887.05,23892.35,23877.25,23886.05,1587,80,0
2025-08-14 17:45:00+00:00,23886.05,23908.65,23881.05,23902.55,1539,80,0
2025-08-14 17:50:00+00:00,23902.55,23902.75,23877.25,23878.05,1535,80,0
2025-08-14 17:55:00+00:00,23878.25,23883.35,23844.65,23859.05,1795,80,0
2025-08-14 18:00:00+00:00,23858.45,23863.95,23849.35,23851.55,1813,120,0
2025-08-14 18:05:00+00:00,23851.35,23858.75,23843.05,23847.05,1727,80,0
2025-08-14 18:10:00+00:00,23846.75,23849.55,23830.85,23839.75,1723,80,0
2025-08-14 18:15:00+00:00,23839.35,23854.05,23835.75,23836.75,1640,80,0
2025-08-14 18:20:00+00:00,23837.25,23838.05,23814.05,23814.35,1806,80,0
2025-08-14 18:25:00+00:00,23814.05,23814.05,23767.05,23791.35,2308,120,0
2025-08-14 18:30:00+00:00,23791.35,23808.15,23781.85,23788.85,2129,120,0
2025-08-14 18:35:00+00:00,23789.35,23797.05,23780.05,23782.85,1956,120,0
2025-08-14 18:40:00+00:00,23783.05,23794.15,23775.55,23790.85,1941,120,0
2025-08-14 18:45:00+00:00,23790.65,23829.35,23784.15,23825.55,1922,120,0
2025-08-14 18:50:00+00:00,23825.55,23837.25,23820.55,23828.85,1679,80,0
2025-08-14 18:55:00+00:00,23828.15,23845.75,23820.65,23834.75,1519,80,0
2025-08-14 19:00:00+00:00,23835.55,23837.55,23813.05,23814.55,1812,80,0
2025-08-14 19:05:00+00:00,23814.55,23820.35,23799.35,23804.65,1779,110,0
2025-08-14 19:10:00+00:00,23804.45,23806.35,23768.55,23771.05,1973,120,0
2025-08-14 19:15:00+00:00,23770.55,23800.85,23768.05,23789.15,1736,120,0
2025-08-14 19:20:00+00:00,23788.85,23813.85,23779.55,23802.55,1659,80,0
2025-08-14 19:25:00+00:00,23802.85,23808.05,23782.35,23786.85,1606,80,0
2025-08-14 19:30:00+00:00,23787.55,23814.85,23786.85,23810.65,1729,110,0
2025-08-14 19:35:00+00:00,23810.55,23821.05,23797.05,23811.25,1574,80,0
2025-08-14 19:40:00+00:00,23811.55,23816.35,23791.35,23809.15,1571,80,0
2025-08-14 19:45:00+00:00,23808.85,23825.05,23802.85,23820.85,1549,100,0
2025-08-14 19:50:00+00:00,23821.15,23846.75,23820.95,23845.55,1358,80,0
2025-08-14 19:55:00+00:00,23845.75,23854.75,23836.55,23850.75,1319,80,0
2025-08-14 20:00:00+00:00,23850.75,23856.55,23845.55,23852.25,1174,80,0
2025-08-14 20:05:00+00:00,23852.25,23857.65,23845.65,23856.35,966,80,0
2025-08-14 20:10:00+00:00,23856.55,23865.25,23854.05,23865.25,1004,80,0
2025-08-14 20:15:00+00:00,23865.25,23873.75,23861.75,23866.05,1103,80,0
2025-08-14 20:20:00+00:00,23866.05,23867.05,23857.65,23865.25,1023,80,0
2025-08-14 20:25:00+00:00,23865.15,23882.15,23865.05,23879.65,1015,80,0
2025-08-14 20:30:00+00:00,23879.75,23881.15,23867.15,23868.35,1049,80,0
2025-08-14 20:35:00+00:00,23868.35,23868.35,23859.25,23860.75,1117,80,0
2025-08-14 20:40:00+00:00,23860.65,23862.15,23841.85,23855.25,1142,80,0
2025-08-14 20:45:00+00:00,23855.25,23865.55,23844.25,23848.75,1169,80,0
2025-08-14 20:50:00+00:00,23848.55,23855.35,23840.15,23854.75,1192,80,0
2025-08-14 20:55:00+00:00,23854.25,23869.35,23848.55,23865.25,1067,80,0
2025-08-14 21:00:00+00:00,23864.25,23864.25,23841.25,23842.05,1186,80,0
2025-08-14 21:05:00+00:00,23841.55,23844.35,23829.65,23835.05,1147,80,0
2025-08-14 21:10:00+00:00,23835.15,23836.75,23810.85,23812.65,1208,80,0
2025-08-14 21:15:00+00:00,23813.05,23823.25,23800.25,23820.85,1490,80,0
2025-08-14 21:20:00+00:00,23820.75,23828.35,23813.15,23826.05,1112,80,0
2025-08-14 21:25:00+00:00,23826.05,23826.25,23799.85,23806.55,1154,80,0
2025-08-14 21:30:00+00:00,23806.25,23810.65,23797.25,23808.75,1164,80,0
2025-08-14 21:35:00+00:00,23808.25,23813.55,23800.05,23811.15,1002,80,0
2025-08-14 21:40:00+00:00,23810.75,23820.55,23809.15,23820.05,973,80,0
2025-08-14 21:45:00+00:00,23819.25,23830.05,23814.75,23829.25,1018,80,0
2025-08-14 21:50:00+00:00,23828.85,23840.65,23824.55,23825.55,1130,80,0
2025-08-14 21:55:00+00:00,23825.35,23830.25,23815.05,23826.55,1085,80,0
2025-08-14 22:00:00+00:00,23826.25,23833.05,23821.15,23827.65,1031,80,0
2025-08-14 22:05:00+00:00,23827.25,23836.55,23819.75,23834.55,994,80,0
2025-08-14 22:10:00+00:00,23834.55,23835.05,23821.05,23830.05,844,80,0
2025-08-14 22:15:00+00:00,23829.55,23844.75,23821.25,23844.15,1101,80,0
2025-08-14 22:20:00+00:00,23844.25,23847.15,23829.75,23832.05,1017,80,0
2025-08-14 22:25:00+00:00,23831.75,23834.55,23821.95,23829.35,1018,80,0
2025-08-14 22:30:00+00:00,23829.75,23831.55,23821.95,23824.45,1003,80,0
2025-08-14 22:35:00+00:00,23824.05,23844.25,23821.85,23837.25,1093,80,0
2025-08-14 22:40:00+00:00,23837.25,23848.15,23829.05,23843.65,1420,80,0
2025-08-14 22:45:00+00:00,23843.65,23856.45,23842.15,23843.45,1374,80,0
2025-08-14 22:50:00+00:00,23843.45,23858.75,23841.15,23853.65,1544,80,0
2025-08-14 22:55:00+00:00,23853.65,23853.65,23819.95,23821.95,1734,90,0
2025-08-14 23:00:00+00:00,23821.75,23821.75,23782.96,23783.46,1860,120,0
2025-08-14 23:05:00+00:00,23783.46,23793.46,23781.16,23785.46,1077,218,0
2025-08-14 23:10:00+00:00,23785.26,23787.26,23769.96,23770.06,1169,208,0
2025-08-14 23:15:00+00:00,23769.96,23790.16,23769.96,23789.66,774,208,0
2025-08-14 23:20:00+00:00,23789.56,23789.76,23780.16,23782.16,479,188,0
2025-08-14 23:25:00+00:00,23781.86,23789.86,23778.56,23782.76,497,188,0
2025-08-14 23:30:00+00:00,23782.76,23789.26,23779.16,23788.86,470,178,0
2025-08-14 23:35:00+00:00,23788.66,23798.16,23787.46,23789.86,530,178,0
2025-08-14 23:40:00+00:00,23789.86,23790.06,23782.86,23785.86,416,188,0
2025-08-14 23:45:00+00:00,23786.26,23789.66,23784.46,23784.46,394,178,0
2025-08-15 01:05:00+00:00,23784.26,23796.26,23783.06,23796.26,465,188,0
2025-08-15 01:10:00+00:00,23796.16,23799.46,23792.76,23794.66,374,178,0
2025-08-15 01:15:00+00:00,23794.76,23794.86,23780.96,23783.96,229,168,0
2025-08-15 01:20:00+00:00,23784.26,23793.86,23783.76,23790.16,234,188,0
2025-08-15 01:25:00+00:00,23790.16,23795.76,23788.36,23792.26,234,178,0
2025-08-15 01:30:00+00:00,23791.96,23794.56,23785.76,23789.96,239,168,0
2025-08-15 01:35:00+00:00,23789.96,23796.36,23788.36,23788.66,197,178,0
2025-08-15 01:40:00+00:00,23788.66,23793.06,23787.46,23792.96,148,168,0
2025-08-15 01:45:00+00:00,23792.46,23797.66,23790.46,23792.36,160,168,0
2025-08-15 01:50:00+00:00,23792.66,23797.16,23791.66,23796.66,172,168,0
2025-08-15 01:55:00+00:00,23796.76,23802.66,23794.66,23801.66,233,168,0
2025-08-15 02:00:00+00:00,23801.76,23813.25,23801.76,23808.65,360,160,0
2025-08-15 02:05:00+00:00,23808.65,23813.85,23807.15,23811.55,249,160,0
2025-08-15 02:10:00+00:00,23811.75,23814.35,23806.75,23807.55,204,150,0
2025-08-15 02:15:00+00:00,23807.25,23811.75,23807.15,23811.65,161,150,0
2025-08-15 02:20:00+00:00,23811.75,23816.15,23806.95,23810.05,199,150,0
2025-08-15 02:25:00+00:00,23810.45,23810.65,23806.95,23809.05,156,150,0
2025-08-15 02:30:00+00:00,23808.65,23809.55,23803.05,23803.05,192,150,0
2025-08-15 02:35:00+00:00,23803.55,23809.75,23803.25,23808.75,180,150,0
2025-08-15 02:40:00+00:00,23808.35,23813.85,23808.05,23810.65,214,150,0
2025-08-15 02:45:00+00:00,23810.55,23816.75,23806.15,23806.25,338,150,0
2025-08-15 02:50:00+00:00,23806.45,23807.75,23797.75,23801.15,421,170,0
2025-08-15 02:55:00+00:00,23801.35,23802.25,23794.25,23794.95,342,160,0
2025-08-15 03:00:00+00:00,23794.75,23799.45,23791.45,23795.45,718,170,0
2025-08-15 03:05:00+00:00,23795.85,23796.65,23786.25,23786.25,559,170,0
2025-08-15 03:10:00+00:00,23785.75,23792.55,23779.95,23792.05,616,170,0
2025-08-15 03:15:00+00:00,23792.05,23794.55,23787.15,23789.25,428,160,0
2025-08-15 03:20:00+00:00,23789.45,23791.95,23781.95,23790.75,356,160,0
2025-08-15 03:25:00+00:00,23790.75,23795.75,23788.25,23795.55,280,150,0
2025-08-15 03:30:00+00:00,23795.55,23800.95,23794.25,23799.05,367,150,0
2025-08-15 03:35:00+00:00,23798.45,23811.45,23797.55,23810.45,495,170,0
2025-08-15 03:40:00+00:00,23810.45,23819.65,23810.45,23812.35,375,160,0
2025-08-15 03:45:00+00:00,23812.65,23815.35,23799.95,23802.15,465,180,0
2025-08-15 03:50:00+00:00,23802.65,23803.15,23795.85,23798.75,407,170,0
2025-08-15 03:55:00+00:00,23798.45,23800.95,23796.55,23797.75,336,150,0
2025-08-15 04:00:00+00:00,23798.05,23805.25,23796.15,23802.65,458,150,0
2025-08-15 04:05:00+00:00,23802.95,23805.45,23801.95,23803.45,323,160,0
2025-08-15 04:10:00+00:00,23803.45,23805.75,23798.25,23800.25,305,150,0
2025-08-15 04:15:00+00:00,23800.35,23802.75,23797.75,23802.25,314,150,0
2025-08-15 04:20:00+00:00,23802.35,23805.85,23796.55,23805.35,337,160,0
2025-08-15 04:25:00+00:00,23804.25,23804.95,23799.25,23803.35,239,160,0
2025-08-15 04:30:00+00:00,23803.45,23807.45,23801.85,23807.25,431,160,0
2025-08-15 04:35:00+00:00,23807.35,23813.75,23807.35,23812.45,455,160,0
2025-08-15 04:40:00+00:00,23812.45,23816.35,23811.85,23814.65,326,150,0
2025-08-15 04:45:00+00:00,23815.05,23817.55,23810.05,23811.65,388,150,0
2025-08-15 04:50:00+00:00,23811.95,23812.45,23806.75,23809.75,284,160,0
2025-08-15 04:55:00+00:00,23809.85,23813.55,23809.05,23809.65,208,150,0
2025-08-15 05:00:00+00:00,23809.65,23813.55,23809.05,23813.05,235,150,0
2025-08-15 05:05:00+00:00,23813.25,23826.75,23811.25,23825.75,314,150,0
2025-08-15 05:10:00+00:00,23826.55,23829.05,23822.15,23824.45,329,160,0
2025-08-15 05:15:00+00:00,23824.45,23829.75,23821.65,23828.35,239,160,0
2025-08-15 05:20:00+00:00,23828.25,23832.75,23827.45,23832.25,251,150,0
2025-08-15 05:25:00+00:00,23832.75,23832.75,23823.45,23826.65,337,150,0
2025-08-15 05:30:00+00:00,23826.65,23827.55,23819.25,23821.55,263,150,0
2025-08-15 05:35:00+00:00,23822.25,23827.55,23821.25,23822.75,259,150,0
2025-08-15 05:40:00+00:00,23822.75,23823.55,23816.25,23816.75,219,150,0
2025-08-15 05:45:00+00:00,23816.75,23823.05,23814.95,23822.25,221,150,0
2025-08-15 05:50:00+00:00,23821.75,23825.25,23821.05,23824.35,163,150,0
2025-08-15 05:55:00+00:00,23824.55,23828.15,23822.75,23824.25,212,150,0
2025-08-15 06:00:00+00:00,23824.05,23827.75,23821.85,23826.75,185,150,0
2025-08-15 06:05:00+00:00,23826.75,23829.35,23826.05,23826.25,162,150,0
2025-08-15 06:10:00+00:00,23826.25,23826.55,23821.25,23822.55,190,150,0
2025-08-15 06:15:00+00:00,23822.35,23830.85,23819.55,23827.85,240,150,0
2025-08-15 06:20:00+00:00,23827.75,23828.75,23820.75,23821.05,172,150,0
2025-08-15 06:25:00+00:00,23820.75,23825.05,23820.35,23823.85,144,150,0
2025-08-15 06:30:00+00:00,23823.75,23828.75,23821.05,23822.35,278,150,0
2025-08-15 06:35:00+00:00,23822.45,23822.45,23817.75,23820.25,215,150,0
2025-08-15 06:40:00+00:00,23820.55,23821.15,23816.75,23819.05,178,150,0
2025-08-15 06:45:00+00:00,23819.25,23827.75,23818.55,23826.25,289,150,0
2025-08-15 06:50:00+00:00,23826.45,23831.05,23824.75,23828.25,203,150,0
2025-08-15 06:55:00+00:00,23828.25,23835.65,23828.15,23835.05,192,150,0
2025-08-15 07:00:00+00:00,23835.15,23844.55,23835.05,23842.45,302,150,0
2025-08-15 07:05:00+00:00,23842.25,23848.35,23838.85,23846.05,307,160,0
2025-08-15 07:10:00+00:00,23846.75,23847.45,23839.05,23841.75,232,150,0
2025-08-15 07:15:00+00:00,23841.85,23842.75,23837.55,23842.25,189,150,0
2025-08-15 07:20:00+00:00,23842.25,23847.05,23841.65,23843.05,146,150,0
2025-08-15 07:25:00+00:00,23842.85,23844.05,23838.75,23840.55,146,150,0
2025-08-15 07:30:00+00:00,23840.75,23845.25,23839.25,23844.95,174,150,0
2025-08-15 07:35:00+00:00,23844.85,23852.25,23843.45,23850.45,241,160,0
2025-08-15 07:40:00+00:00,23850.25,23851.85,23849.35,23849.85,140,150,0
2025-08-15 07:45:00+00:00,23849.85,23849.85,23846.25,23846.25,145,150,0
2025-08-15 07:50:00+00:00,23845.85,23846.65,23840.75,23843.35,230,150,0
2025-08-15 07:55:00+00:00,23843.25,23844.15,23842.55,23843.35,110,150,0
2025-08-15 08:00:00+00:00,23842.85,23850.75,23840.75,23847.25,244,150,0
2025-08-15 08:05:00+00:00,23847.35,23849.95,23839.05,23839.75,238,160,0
2025-08-15 08:10:00+00:00,23839.45,23841.05,23834.05,23835.05,262,150,0
2025-08-15 08:15:00+00:00,23835.15,23837.05,23832.55,23834.55,252,150,0
2025-08-15 08:20:00+00:00,23834.35,23835.85,23830.45,23832.75,293,150,0
2025-08-15 08:25:00+00:00,23833.05,23833.15,23830.65,23831.75,197,150,0
2025-08-15 08:30:00+00:00,23831.15,23837.75,23830.75,23836.55,200,150,0
2025-08-15 08:35:00+00:00,23836.65,23845.75,23836.55,23845.55,213,150,0
2025-08-15 08:40:00+00:00,23845.75,23849.75,23844.85,23847.55,218,150,0
2025-08-15 08:45:00+00:00,23847.25,23849.55,23846.85,23847.75,138,150,0
2025-08-15 08:50:00+00:00,23847.75,23848.55,23844.85,23846.75,186,150,0
2025-08-15 08:55:00+00:00,23846.75,23848.85,23846.55,23847.65,152,150,0
2025-08-15 09:00:00+00:00,23845.75,23850.95,23843.75,23848.65,430,150,0
2025-08-15 09:05:00+00:00,23848.95,23849.45,23841.95,23845.15,389,170,0
2025-08-15 09:10:00+00:00,23845.15,23848.75,23842.25,23848.55,277,160,0
2025-08-15 09:15:00+00:00,23848.75,23853.95,23848.75,23852.45,297,160,0
2025-08-15 09:20:00+00:00,23852.45,23854.85,23842.45,23845.65,271,150,0
2025-08-15 09:25:00+00:00,23845.75,23846.95,23839.85,23844.75,271,160,0
2025-08-15 09:30:00+00:00,23845.55,23854.85,23844.75,23849.45,301,160,0
2025-08-15 09:35:00+00:00,23849.35,23856.05,23848.95,23849.95,250,150,0
2025-08-15 09:40:00+00:00,23849.95,23857.45,23848.75,23855.05,267,150,0
2025-08-15 09:45:00+00:00,23855.25,23858.05,23854.25,23857.05,223,150,0
2025-08-15 09:50:00+00:00,23857.05,23865.75,23855.85,23865.75,378,150,0
2025-08-15 09:55:00+00:00,23865.75,23865.75,23854.45,23857.05,371,170,0
2025-08-15 10:00:00+00:00,23856.45,23862.45,23850.85,23862.05,773,170,0
2025-08-15 10:05:00+00:00,23862.15,23868.65,23859.65,23863.85,591,180,0
2025-08-15 10:10:00+00:00,23863.95,23864.75,23853.95,23854.45,409,170,0
2025-08-15 10:15:00+00:00,23854.15,23859.75,23848.55,23855.15,579,170,0
2025-08-15 10:20:00+00:00,23854.85,23857.95,23850.45,23855.15,453,170,0
2025-08-15 10:25:00+00:00,23855.15,23856.75,23850.85,23852.35,366,160,0
2025-08-15 10:30:00+00:00,23852.35,23854.25,23846.45,23851.15,421,160,0
2025-08-15 10:35:00+00:00,23851.65,23855.45,23851.05,23854.45,341,160,0
2025-08-15 10:40:00+00:00,23854.35,23854.35,23843.65,23847.65,406,160,0
2025-08-15 10:45:00+00:00,23847.45,23849.75,23841.05,23841.75,353,170,0
2025-08-15 10:50:00+00:00,23841.65,23843.95,23834.95,23840.95,478,160,0
2025-08-15 10:55:00+00:00,23841.15,23846.95,23839.85,23846.25,382,160,0
2025-08-15 11:00:00+00:00,23846.25,23856.35,23844.85,23856.35,717,160,0
2025-08-15 11:05:00+00:00,23856.15,23859.65,23851.65,23854.15,595,170,0
2025-08-15 11:10:00+00:00,23853.15,23858.05,23846.65,23850.75,492,170,0
2025-08-15 11:15:00+00:00,23850.75,23853.25,23848.25,23851.25,396,160,0
2025-08-15 11:20:00+00:00,23850.95,23852.35,23841.25,23843.65,440,160,0
2025-08-15 11:25:00+00:00,23843.45,23845.65,23838.75,23840.25,399,170,0
2025-08-15 11:30:00+00:00,23840.45,23842.15,23831.65,23835.95,520,170,0
2025-08-15 11:35:00+00:00,23835.85,23837.35,23821.05,23822.45,508,170,0
2025-08-15 11:40:00+00:00,23822.55,23822.95,23812.75,23821.45,467,170,0
2025-08-15 11:45:00+00:00,23821.15,23821.15,23785.05,23785.05,794,170,0
2025-08-15 11:50:00+00:00,23784.55,23796.55,23783.75,23791.55,761,190,0
2025-08-15 11:55:00+00:00,23792.15,23799.65,23787.15,23789.35,510,170,0
2025-08-15 12:00:00+00:00,23789.65,23797.15,23787.25,23789.95,575,180,0
2025-08-15 12:05:00+00:00,23789.75,23797.75,23784.35,23793.15,567,180,0
2025-08-15 12:10:00+00:00,23793.25,23802.95,23793.15,23800.85,471,170,0
2025-08-15 12:15:00+00:00,23800.65,23802.15,23790.15,23795.25,480,170,0
2025-08-15 12:20:00+00:00,23795.15,23798.95,23786.75,23789.35,462,170,0
2025-08-15 12:25:00+00:00,23790.15,23798.95,23787.65,23798.65,411,170,0
2025-08-15 12:30:00+00:00,23797.45,23797.45,23786.25,23788.35,425,170,0
2025-08-15 12:35:00+00:00,23788.35,23794.55,23785.05,23790.25,427,170,0
2025-08-15 12:40:00+00:00,23790.45,23793.05,23787.65,23791.45,277,160,0
2025-08-15 12:45:00+00:00,23791.75,23799.65,23791.75,23799.15,337,150,0
2025-08-15 12:50:00+00:00,23798.65,23799.95,23791.05,23795.15,390,160,0
2025-08-15 12:55:00+00:00,23795.15,23797.45,23784.25,23785.65,459,160,0
2025-08-15 13:00:00+00:00,23785.85,23788.95,23780.95,23783.55,569,180,0
2025-08-15 13:05:00+00:00,23784.85,23793.15,23778.35,23791.75,432,170,0
2025-08-15 13:10:00+00:00,23791.45,23795.05,23791.15,23793.85,302,160,0
2025-08-15 13:15:00+00:00,23793.25,23794.75,23789.95,23790.75,278,160,0
2025-08-15 13:20:00+00:00,23790.95,23800.55,23789.75,23796.05,409,160,0
2025-08-15 13:25:00+00:00,23795.95,23800.65,23795.45,23800.25,230,150,0
2025-08-15 13:30:00+00:00,23800.05,23815.45,23799.75,23814.35,503,150,0
2025-08-15 13:35:00+00:00,23814.85,23814.95,23805.85,23808.85,403,180,0
2025-08-15 13:40:00+00:00,23808.45,23814.05,23806.75,23811.65,258,150,0
2025-08-15 13:45:00+00:00,23811.85,23813.75,23805.05,23810.95,277,150,0
2025-08-15 13:50:00+00:00,23810.95,23812.25,23810.05,23812.25,168,150,0
2025-08-15 13:55:00+00:00,23812.05,23825.25,23811.65,23813.25,610,150,0
2025-08-15 14:00:00+00:00,23812.65,23822.75,23810.55,23820.45,498,180,0
2025-08-15 14:05:00+00:00,23820.65,23821.25,23815.95,23817.95,277,160,0
2025-08-15 14:10:00+00:00,23817.75,23820.85,23815.05,23818.45,290,150,0
2025-08-15 14:15:00+00:00,23818.35,23821.75,23815.25,23819.25,245,150,0
2025-08-15 14:20:00+00:00,23819.55,23825.85,23818.85,23825.85,272,150,0
2025-08-15 14:25:00+00:00,23825.85,23831.05,23822.45,23825.25,369,160,0
2025-08-15 14:30:00+00:00,23825.25,23827.25,23819.55,23822.35,378,160,0
2025-08-15 14:35:00+00:00,23822.25,23827.25,23819.65,23826.45,318,160,0
2025-08-15 14:40:00+00:00,23826.75,23828.85,23824.75,23827.35,257,150,0
2025-08-15 14:45:00+00:00,23827.35,23830.85,23821.85,23829.25,272,150,0
2025-08-15 14:50:00+00:00,23829.05,23833.25,23828.65,23829.75,270,150,0
2025-08-15 14:55:00+00:00,23829.65,23829.75,23821.75,23826.15,296,150,0
2025-08-15 15:00:00+00:00,23826.65,23826.65,23810.45,23815.85,547,170,0
2025-08-15 15:05:00+00:00,23816.15,23819.65,23813.45,23819.05,546,170,0
2025-08-15 15:10:00+00:00,23819.45,23823.45,23812.25,23813.85,434,170,0
2025-08-15 15:15:00+00:00,23814.15,23816.85,23811.15,23814.45,494,180,0
2025-08-15 15:20:00+00:00,23814.35,23816.75,23794.35,23800.05,753,170,0
2025-08-15 15:25:00+00:00,23799.55,23808.75,23794.75,23804.94,744,210,0
2025-08-15 15:30:00+00:00,23804.75,23819.75,23793.95,23812.25,1353,210,0
2025-08-15 15:35:00+00:00,23811.75,23819.65,23798.85,23807.05,1213,200,0
2025-08-15 15:40:00+00:00,23808.15,23817.75,23802.15,23806.75,946,200,0
2025-08-15 15:45:00+00:00,23806.75,23817.55,23806.65,23812.85,673,190,0
2025-08-15 15:50:00+00:00,23812.55,23816.95,23807.55,23813.35,581,180,0
2025-08-15 15:55:00+00:00,23813.45,23816.15,23808.45,23811.15,595,180,0
2025-08-15 16:00:00+00:00,23810.65,23813.65,23801.95,23809.55,796,180,0
2025-08-15 16:05:00+00:00,23809.65,23816.15,23800.25,23804.65,763,180,0
2025-08-15 16:10:00+00:00,23804.15,23805.35,23798.95,23802.95,662,170,0
2025-08-15 16:15:00+00:00,23802.75,23813.75,23801.75,23813.35,800,170,0
2025-08-15 16:20:00+00:00,23813.35,23820.15,23808.15,23811.15,827,180,0
2025-08-15 16:25:00+00:00,23804.15,23829.75,23794.25,23817.35,1658,190,0
2025-08-15 16:30:00+00:00,23815.55,23815.55,23756.55,23762.95,2580,120,0
2025-08-15 16:35:00+00:00,23764.15,23791.75,23757.55,23759.25,2405,120,0
2025-08-15 16:40:00+00:00,23758.75,23770.05,23741.55,23759.15,2361,120,0
2025-08-15 16:45:00+00:00,23759.15,23759.65,23683.25,23690.75,2403,120,0
2025-08-15 16:50:00+00:00,23690.15,23711.25,23677.15,23691.95,2381,120,0
2025-08-15 16:55:00+00:00,23692.75,23720.05,23691.25,23709.44,2172,120,0
2025-08-15 17:00:00+00:00,23679.24,23765.15,23677.75,23760.15,2438,120,0
2025-08-15 17:05:00+00:00,23760.45,23774.05,23747.55,23771.75,2262,120,0
2025-08-15 17:10:00+00:00,23771.65,23781.05,23755.55,23778.25,2202,120,0
2025-08-15 17:15:00+00:00,23778.15,23787.05,23763.55,23770.55,2202,120,0
2025-08-15 17:20:00+00:00,23770.95,23777.65,23753.95,23761.55,2228,120,0
2025-08-15 17:25:00+00:00,23761.05,23782.75,23745.55,23762.45,2166,120,0
2025-08-15 17:30:00+00:00,23762.45,23768.75,23742.15,23746.05,2187,120,0
2025-08-15 17:35:00+00:00,23744.55,23759.55,23735.25,23754.25,2186,120,0
2025-08-15 17:40:00+00:00,23754.25,23761.65,23734.45,23738.95,2105,120,0
2025-08-15 17:45:00+00:00,23738.75,23739.75,23709.75,23722.25,2029,120,0
2025-08-15 17:50:00+00:00,23721.95,23724.45,23708.25,23714.75,1877,120,0
2025-08-15 17:55:00+00:00,23714.75,23723.45,23693.25,23710.95,1778,80,0
2025-08-15 18:00:00+00:00,23711.25,23719.25,23701.25,23711.95,1816,120,0
2025-08-15 18:05:00+00:00,23711.75,23716.75,23699.15,23712.95,1732,80,0
2025-08-15 18:10:00+00:00,23713.15,23725.65,23706.95,23721.45,1608,80,0
2025-08-15 18:15:00+00:00,23721.65,23744.45,23719.15,23735.15,1506,80,0
2025-08-15 18:20:00+00:00,23735.45,23744.05,23713.15,23715.45,1487,80,0
2025-08-15 18:25:00+00:00,23715.45,23726.45,23711.95,23713.65,1491,80,0
2025-08-15 18:30:00+00:00,23713.45,23730.45,23709.45,23723.95,1651,80,0
2025-08-15 18:35:00+00:00,23723.65,23723.95,23685.35,23685.95,1593,80,0
2025-08-15 18:40:00+00:00,23685.45,23689.85,23645.85,23652.95,2046,80,0
2025-08-15 18:45:00+00:00,23652.45,23691.55,23652.45,23690.25,1908,110,0
2025-08-15 18:50:00+00:00,23690.05,23727.85,23686.85,23722.95,1723,80,0
2025-08-15 18:55:00+00:00,23723.25,23729.75,23694.75,23699.15,1703,80,0
2025-08-15 19:00:00+00:00,23699.15,23703.75,23678.85,23687.45,1715,90,0
2025-08-15 19:05:00+00:00,23687.75,23707.65,23685.15,23706.15,1573,80,0
2025-08-15 19:10:00+00:00,23705.65,23721.05,23703.05,23720.95,1360,80,0
2025-08-15 19:15:00+00:00,23720.65,23720.65,23689.15,23694.05,1635,80,0
2025-08-15 19:20:00+00:00,23694.15,23696.65,23683.65,23687.65,1587,80,0
2025-08-15 19:25:00+00:00,23686.55,23699.95,23675.15,23678.55,1638,80,0
2025-08-15 19:30:00+00:00,23678.45,23697.65,23675.15,23696.15,1595,80,0
2025-08-15 19:35:00+00:00,23695.45,23697.45,23681.45,23693.35,1430,80,0
2025-08-15 19:40:00+00:00,23693.45,23708.35,23687.95,23701.95,1427,80,0
2025-08-15 19:45:00+00:00,23702.15,23716.65,23694.65,23716.45,1455,80,0
2025-08-15 19:50:00+00:00,23716.65,23729.35,23714.35,23723.95,1354,80,0
2025-08-15 19:55:00+00:00,23723.15,23736.95,23718.35,23729.65,1247,80,0
2025-08-15 20:00:00+00:00,23729.95,23733.95,23723.65,23726.35,1243,80,0
2025-08-15 20:05:00+00:00,23725.65,23735.45,23718.85,23722.65,1166,80,0
2025-08-15 20:10:00+00:00,23723.15,23724.15,23708.45,23714.95,1085,80,0
2025-08-15 20:15:00+00:00,23714.65,23720.15,23699.55,23700.95,1068,80,0
2025-08-15 20:20:00+00:00,23700.95,23707.45,23697.15,23703.45,1080,80,0
2025-08-15 20:25:00+00:00,23702.95,23718.65,23699.45,23717.15,1074,80,0
2025-08-15 20:30:00+00:00,23716.95,23738.95,23716.35,23729.95,1089,80,0
2025-08-15 20:35:00+00:00,23729.95,23730.05,23717.65,23721.95,930,80,0
2025-08-15 20:40:00+00:00,23721.85,23728.45,23717.65,23721.05,857,80,0
2025-08-15 20:45:00+00:00,23721.45,23723.15,23712.95,23719.15,852,80,0
2025-08-15 20:50:00+00:00,23719.15,23723.45,23714.05,23720.05,815,80,0
2025-08-15 20:55:00+00:00,23720.35,23754.45,23719.95,23751.15,1224,80,0
2025-08-15 21:00:00+00:00,23750.95,23758.65,23722.85,23742.65,1651,80,0
2025-08-15 21:05:00+00:00,23742.65,23745.15,23731.25,23741.95,1578,80,0
2025-08-15 21:10:00+00:00,23741.85,23744.15,23729.45,23731.95,1271,80,0
2025-08-15 21:15:00+00:00,23731.65,23732.65,23719.15,23720.95,1341,80,0
2025-08-15 21:20:00+00:00,23720.95,23726.45,23713.35,23725.55,1206,80,0
2025-08-15 21:25:00+00:00,23725.65,23738.65,23720.95,23735.15,964,80,0
2025-08-15 21:30:00+00:00,23735.15,23740.95,23730.95,23734.65,974,80,0
2025-08-15 21:35:00+00:00,23734.65,23736.15,23721.85,23724.15,874,80,0
2025-08-15 21:40:00+00:00,23724.95,23729.55,23717.95,23719.45,766,80,0
2025-08-15 21:45:00+00:00,23719.15,23725.15,23708.95,23712.15,882,80,0
2025-08-15 21:50:00+00:00,23711.95,23729.95,23711.95,23728.15,985,80,0
2025-08-15 21:55:00+00:00,23727.65,23732.45,23704.55,23722.25,1104,80,0
2025-08-15 22:00:00+00:00,23721.45,23723.45,23686.45,23700.45,1641,120,0
2025-08-15 22:05:00+00:00,23699.85,23712.35,23688.75,23711.85,1585,120,0
2025-08-15 22:10:00+00:00,23711.75,23720.65,23711.75,23718.85,1204,80,0
2025-08-15 22:15:00+00:00,23718.95,23724.95,23699.95,23713.15,1337,80,0
2025-08-15 22:20:00+00:00,23713.15,23725.15,23712.35,23717.65,1207,80,0
2025-08-15 22:25:00+00:00,23717.65,23723.95,23713.35,23718.65,1202,80,0
2025-08-15 22:30:00+00:00,23718.65,23725.65,23714.65,23722.45,1164,80,0
2025-08-15 22:35:00+00:00,23722.15,23730.65,23720.15,23720.45,1069,80,0
2025-08-15 22:40:00+00:00,23720.45,23738.05,23720.45,23732.65,1147,80,0
2025-08-15 22:45:00+00:00,23733.35,23737.35,23730.05,23734.15,983,80,0
2025-08-15 22:50:00+00:00,23728.65,23736.95,23712.35,23716.75,1661,80,0
2025-08-15 22:55:00+00:00,23716.75,23720.65,23703.65,23716.45,1807,80,0
2025-08-15 23:00:00+00:00,23718.65,23721.46,23688.46,23699.96,1270,120,0
2025-08-15 23:05:00+00:00,23700.46,23707.46,23697.96,23704.06,717,198,0
2025-08-15 23:10:00+00:00,23703.86,23721.76,23700.46,23719.86,675,198,0
2025-08-15 23:15:00+00:00,23719.86,23721.86,23709.86,23712.86,581,198,0
2025-08-15 23:20:00+00:00,23712.86,23715.56,23704.56,23706.16,425,188,0
2025-08-15 23:25:00+00:00,23706.26,23707.76,23702.26,23706.16,323,168,0
2025-08-15 23:30:00+00:00,23706.36,23708.96,23703.96,23708.96,282,168,0
2025-08-15 23:35:00+00:00,23708.96,23708.96,23701.36,23702.26,319,168,0
2025-08-15 23:40:00+00:00,23701.96,23704.76,23701.26,23704.26,262,168,0
2025-08-15 23:45:00+00:00,23704.96,23705.26,23701.26,23702.96,272,168,0
2025-08-18 01:05:00+00:00,23736.66,23753.46,23736.66,23750.66,742,228,0
2025-08-18 01:10:00+00:00,23750.46,23756.86,23750.46,23754.06,465,188,0
2025-08-18 01:15:00+00:00,23754.56,23760.76,23746.06,23749.76,490,188,0
2025-08-18 01:20:00+00:00,23750.46,23755.86,23747.36,23755.36,222,188,0
2025-08-18 01:25:00+00:00,23755.76,23759.46,23754.66,23757.36,170,168,0
2025-08-18 01:30:00+00:00,23757.86,23760.36,23755.36,23760.36,249,168,0
2025-08-18 01:35:00+00:00,23760.76,23761.96,23756.36,23758.36,280,168,0
2025-08-18 01:40:00+00:00,23758.16,23761.36,23756.86,23760.86,220,168,0
2025-08-18 01:45:00+00:00,23761.16,23761.96,23757.96,23761.46,210,168,0
2025-08-18 01:50:00+00:00,23761.36,23765.46,23759.46,23761.36,211,168,0
2025-08-18 01:55:00+00:00,23761.46,23761.66,23758.66,23760.46,166,168,0
2025-08-18 02:00:00+00:00,23760.16,23762.35,23756.05,23757.25,268,150,0
2025-08-18 02:05:00+00:00,23756.65,23759.85,23753.15,23759.85,142,150,0
2025-08-18 02:10:00+00:00,23759.75,23762.25,23757.75,23758.35,181,150,0
2025-08-18 02:15:00+00:00,23758.25,23760.95,23757.75,23760.45,114,150,0
2025-08-18 02:20:00+00:00,23760.55,23760.75,23755.95,23756.45,88,150,0
2025-08-18 02:25:00+00:00,23756.75,23759.35,23755.45,23757.75,126,150,0
2025-08-18 02:30:00+00:00,23758.45,23764.75,23757.75,23761.45,164,150,0
2025-08-18 02:35:00+00:00,23761.45,23764.95,23760.55,23762.95,225,150,0
2025-08-18 02:40:00+00:00,23762.65,23772.05,23762.65,23770.45,291,150,0
2025-08-18 02:45:00+00:00,23770.25,23771.05,23756.85,23756.95,362,160,0
2025-08-18 02:50:00+00:00,23757.15,23761.05,23755.65,23759.65,306,160,0
2025-08-18 02:55:00+00:00,23759.95,23763.55,23757.55,23763.05,238,150,0
2025-08-18 03:00:00+00:00,23762.75,23768.05,23757.85,23767.05,547,150,0
2025-08-18 03:05:00+00:00,23767.05,23777.15,23765.25,23776.65,439,160,0
2025-08-18 03:10:00+00:00,23776.65,23778.55,23774.95,23777.45,385,160,0
2025-08-18 03:15:00+00:00,23777.15,23777.45,23770.15,23770.15,478,160,0
2025-08-18 03:20:00+00:00,23769.95,23773.55,23769.45,23769.65,353,150,0
2025-08-18 03:25:00+00:00,23769.65,23774.25,23769.65,23773.05,251,150,0
2025-08-18 03:30:00+00:00,23772.95,23774.45,23770.95,23771.95,201,150,0
2025-08-18 03:35:00+00:00,23772.55,23777.25,23772.35,23774.75,222,150,0
2025-08-18 03:40:00+00:00,23774.55,23777.65,23773.45,23773.95,175,150,0
2025-08-18 03:45:00+00:00,23774.05,23774.45,23769.25,23772.15,369,150,0
2025-08-18 03:50:00+00:00,23772.15,23774.05,23769.05,23772.45,233,150,0
2025-08-18 03:55:00+00:00,23772.35,23772.85,23766.25,23769.75,249,150,0
2025-08-18 04:00:00+00:00,23769.45,23772.75,23767.45,23770.95,327,150,0
2025-08-18 04:05:00+00:00,23770.95,23773.55,23769.75,23770.45,322,150,0
2025-08-18 04:10:00+00:00,23770.55,23774.85,23770.55,23774.85,266,150,0
2025-08-18 04:15:00+00:00,23775.05,23777.75,23773.45,23773.75,304,150,0
2025-08-18 04:20:00+00:00,23773.95,23777.75,23773.45,23776.85,193,150,0
2025-08-18 04:25:00+00:00,23776.45,23785.15,23775.85,23783.05,311,150,0
2025-08-18 04:30:00+00:00,23783.35,23786.35,23782.45,23785.55,340,150,0
2025-08-18 04:35:00+00:00,23785.75,23786.95,23784.45,23786.75,217,150,0
2025-08-18 04:40:00+00:00,23787.25,23788.35,23785.35,23787.05,255,150,0
2025-08-18 04:45:00+00:00,23787.25,23789.85,23786.45,23789.45,258,150,0
2025-08-18 04:50:00+00:00,23789.55,23791.55,23788.25,23791.25,265,150,0
2025-08-18 04:55:00+00:00,23791.35,23793.75,23789.05,23793.75,246,150,0
2025-08-18 05:00:00+00:00,23793.55,23793.95,23788.35,23790.55,269,150,0
2025-08-18 05:05:00+00:00,23790.75,23791.25,23787.75,23789.85,213,150,0
2025-08-18 05:10:00+00:00,23789.75,23791.25,23788.95,23790.95,239,150,0
2025-08-18 05:15:00+00:00,23790.75,23792.05,23789.35,23789.45,204,150,0
2025-08-18 05:20:00+00:00,23789.45,23790.05,23779.75,23781.65,264,150,0
2025-08-18 05:25:00+00:00,23781.75,23790.05,23781.45,23786.95,287,150,0
2025-08-18 05:30:00+00:00,23787.05,23788.55,23786.05,23788.55,158,150,0
2025-08-18 05:35:00+00:00,23788.45,23790.35,23787.45,23789.35,157,150,0
2025-08-18 05:40:00+00:00,23789.45,23790.85,23786.05,23787.75,161,150,0
2025-08-18 05:45:00+00:00,23787.55,23789.55,23786.55,23786.85,131,150,0
2025-08-18 05:50:00+00:00,23787.25,23788.55,23785.85,23787.55,128,150,0
2025-08-18 05:55:00+00:00,23787.75,23789.45,23787.45,23789.25,114,150,0
2025-08-18 06:00:00+00:00,23789.25,23790.05,23788.05,23789.25,145,150,0
2025-08-18 06:05:00+00:00,23789.35,23790.05,23788.85,23788.95,83,150,0
2025-08-18 06:10:00+00:00,23788.85,23791.05,23788.55,23790.55,167,150,0
2025-08-18 06:15:00+00:00,23790.35,23791.75,23786.05,23786.25,139,150,0
2025-08-18 06:20:00+00:00,23786.05,23786.35,23783.35,23784.95,192,150,0
2025-08-18 06:25:00+00:00,23785.05,23786.35,23781.35,23781.75,164,150,0
2025-08-18 06:30:00+00:00,23782.05,23782.05,23773.25,23773.45,272,150,0
2025-08-18 06:35:00+00:00,23773.85,23776.95,23772.25,23772.55,242,150,0
2025-08-18 06:40:00+00:00,23772.75,23772.95,23768.85,23770.25,207,150,0
2025-08-18 06:45:00+00:00,23770.05,23776.75,23768.75,23775.35,251,150,0
2025-08-18 06:50:00+00:00,23774.75,23775.25,23771.95,23772.05,123,150,0
2025-08-18 06:55:00+00:00,23772.25,23775.25,23770.05,23770.05,149,150,0
2025-08-18 07:00:00+00:00,23770.05,23771.95,23767.95,23770.45,209,150,0
2025-08-18 07:05:00+00:00,23770.35,23770.35,23766.35,23767.75,144,150,0
2025-08-18 07:10:00+00:00,23768.25,23768.25,23758.25,23760.45,280,150,0
2025-08-18 07:15:00+00:00,23760.45,23764.15,23757.75,23761.35,269,150,0
2025-08-18 07:20:00+00:00,23761.35,23766.45,23759.95,23765.25,172,150,0
2025-08-18 07:25:00+00:00,23765.05,23769.05,23764.95,23768.05,191,150,0
2025-08-18 07:30:00+00:00,23768.05,23769.55,23767.25,23769.45,183,150,0
2025-08-18 07:35:00+00:00,23769.55,23772.05,23768.95,23770.45,160,150,0
2025-08-18 07:40:00+00:00,23770.25,23770.85,23764.95,23765.75,158,150,0
2025-08-18 07:45:00+00:00,23763.55,23767.95,23761.85,23766.95,270,150,0
2025-08-18 07:50:00+00:00,23767.15,23767.75,23765.25,23766.85,183,150,0
2025-08-18 07:55:00+00:00,23766.45,23766.75,23760.85,23761.45,186,150,0
2025-08-18 08:00:00+00:00,23761.45,23764.75,23761.35,23762.95,210,150,0
2025-08-18 08:05:00+00:00,23762.95,23769.45,23762.05,23762.45,245,150,0
2025-08-18 08:10:00+00:00,23762.35,23763.85,23759.55,23760.95,225,150,0
2025-08-18 08:15:00+00:00,23761.05,23764.55,23760.05,23764.25,180,150,0
2025-08-18 08:20:00+00:00,23764.05,23765.35,23754.85,23754.85,182,150,0
2025-08-18 08:25:00+00:00,23754.75,23759.15,23754.15,23755.95,315,150,0
2025-08-18 08:30:00+00:00,23755.75,23758.45,23755.65,23757.75,227,150,0
2025-08-18 08:35:00+00:00,23757.55,23762.95,23757.55,23759.95,232,150,0
2025-08-18 08:40:00+00:00,23761.25,23763.75,23759.45,23760.45,174,150,0
2025-08-18 08:45:00+00:00,23760.35,23762.85,23759.75,23761.95,158,150,0
2025-08-18 08:50:00+00:00,23762.45,23765.05,23761.05,23764.05,172,150,0
2025-08-18 08:55:00+00:00,23764.25,23768.45,23762.25,23764.75,203,150,0
2025-08-18 09:00:00+00:00,23764.05,23766.25,23754.45,23755.65,337,150,0
2025-08-18 09:05:00+00:00,23755.35,23759.45,23750.25,23752.05,332,160,0
2025-08-18 09:10:00+00:00,23751.45,23751.45,23740.55,23740.55,409,160,0
2025-08-18 09:15:00+00:00,23740.45,23741.75,23729.15,23729.85,420,160,0
2025-08-18 09:20:00+00:00,23729.95,23731.25,23723.45,23724.95,499,160,0
2025-08-18 09:25:00+00:00,23724.75,23728.15,23712.05,23716.85,563,160,0
2025-08-18 09:30:00+00:00,23716.45,23734.15,23714.85,23732.95,514,180,0
2025-08-18 09:35:00+00:00,23732.95,23735.65,23725.35,23726.15,343,170,0
2025-08-18 09:40:00+00:00,23726.35,23728.45,23684.45,23696.65,709,170,0
2025-08-18 09:45:00+00:00,23696.65,23711.75,23690.45,23710.75,590,190,0
2025-08-18 09:50:00+00:00,23710.55,23716.85,23701.15,23702.75,493,170,0
2025-08-18 09:55:00+00:00,23702.55,23716.95,23702.05,23714.85,480,170,0
2025-08-18 10:00:00+00:00,23715.25,23728.25,23713.65,23728.25,1028,170,0
2025-08-18 10:05:00+00:00,23728.25,23728.25,23694.75,23709.95,989,190,0
2025-08-18 10:10:00+00:00,23709.65,23716.45,23702.75,23709.95,896,200,0
2025-08-18 10:15:00+00:00,23709.75,23719.25,23705.85,23712.25,779,190,0
2025-08-18 10:20:00+00:00,23712.05,23726.55,23706.75,23722.45,919,200,0
2025-08-18 10:25:00+00:00,23722.55,23725.45,23709.65,23711.55,815,190,0
2025-08-18 10:30:00+00:00,23712.25,23712.55,23692.65,23695.65,1019,190,0
2025-08-18 10:35:00+00:00,23695.95,23711.35,23693.05,23708.95,768,190,0
2025-08-18 10:40:00+00:00,23709.25,23718.75,23707.75,23714.75,611,180,0
2025-08-18 10:45:00+00:00,23714.75,23721.65,23704.25,23714.05,638,190,0
2025-08-18 10:50:00+00:00,23714.05,23719.65,23709.85,23717.55,763,180,0
2025-08-18 10:55:00+00:00,23717.35,23719.55,23712.55,23718.15,534,170,0
2025-08-18 11:00:00+00:00,23718.15,23723.15,23708.15,23709.15,1121,170,0
2025-08-18 11:05:00+00:00,23707.45,23715.95,23695.15,23695.65,940,210,0
2025-08-18 11:10:00+00:00,23695.45,23700.45,23679.45,23681.65,972,210,0
2025-08-18 11:15:00+00:00,23681.45,23687.45,23675.55,23686.45,885,200,0
2025-08-18 11:20:00+00:00,23686.25,23693.25,23671.95,23673.25,862,200,0
2025-08-18 11:25:00+00:00,23673.05,23678.95,23655.55,23677.95,987,200,0
2025-08-18 11:30:00+00:00,23677.55,23696.75,23671.55,23696.75,861,190,0
2025-08-18 11:35:00+00:00,23696.75,23699.45,23693.05,23699.15,481,170,0
2025-08-18 11:40:00+00:00,23699.25,23708.45,23698.75,23703.25,565,160,0
2025-08-18 11:45:00+00:00,23703.55,23704.05,23693.75,23700.65,512,180,0
2025-08-18 11:50:00+00:00,23700.55,23704.35,23688.75,23694.75,517,180,0
2025-08-18 11:55:00+00:00,23695.05,23698.75,23689.35,23690.65,521,180,0
2025-08-18 12:00:00+00:00,23690.85,23693.55,23678.85,23687.95,687,190,0
2025-08-18 12:05:00+00:00,23687.75,23688.55,23679.05,23682.85,482,170,0
2025-08-18 12:10:00+00:00,23682.95,23688.35,23679.05,23680.15,485,170,0
2025-08-18 12:15:00+00:00,23679.75,23680.65,23669.35,23672.85,651,170,0
2025-08-18 12:20:00+00:00,23673.05,23678.75,23658.15,23661.65,871,180,0
2025-08-18 12:25:00+00:00,23661.55,23667.75,23651.55,23663.25,744,190,0
2025-08-18 12:30:00+00:00,23663.25,23673.55,23661.45,23673.55,678,180,0
2025-08-18 12:35:00+00:00,23673.35,23678.85,23668.35,23670.15,523,170,0
2025-08-18 12:40:00+00:00,23671.05,23677.15,23670.55,23674.05,460,170,0
2025-08-18 12:45:00+00:00,23673.35,23675.65,23667.95,23668.95,461,170,0
2025-08-18 12:50:00+00:00,23669.15,23670.65,23666.75,23669.65,423,160,0
2025-08-18 12:55:00+00:00,23669.35,23676.85,23669.25,23671.55,578,170,0
2025-08-18 13:00:00+00:00,23671.45,23684.35,23669.85,23681.85,530,160,0
2025-08-18 13:05:00+00:00,23682.05,23686.35,23677.85,23681.65,453,170,0
2025-08-18 13:10:00+00:00,23681.35,23681.35,23677.35,23680.75,435,160,0
2025-08-18 13:15:00+00:00,23680.75,23682.45,23668.95,23673.65,472,160,0
2025-08-18 13:20:00+00:00,23673.85,23681.65,23673.85,23681.45,377,160,0
2025-08-18 13:25:00+00:00,23681.55,23682.75,23674.95,23676.65,392,160,0
2025-08-18 13:30:00+00:00,23676.65,23686.95,23676.55,23684.45,382,160,0
2025-08-18 13:35:00+00:00,23683.85,23688.95,23681.25,23688.45,363,160,0
2025-08-18 13:40:00+00:00,23688.65,23699.75,23687.65,23699.05,565,160,0
2025-08-18 13:45:00+00:00,23699.15,23700.85,23696.55,23698.15,374,160,0
2025-08-18 13:50:00+00:00,23698.15,23703.55,23698.15,23701.45,376,160,0
2025-08-18 13:55:00+00:00,23701.25,23704.05,23699.25,23700.45,356,150,0
2025-08-18 14:00:00+00:00,23700.25,23703.25,23690.45,23700.55,622,160,0
2025-08-18 14:05:00+00:00,23700.45,23701.65,23692.15,23694.65,437,170,0
2025-08-18 14:10:00+00:00,23694.65,23697.55,23688.35,23689.35,415,170,0
2025-08-18 14:15:00+00:00,23689.55,23691.65,23681.35,23683.25,458,160,0
2025-08-18 14:20:00+00:00,23683.35,23683.55,23675.05,23675.15,532,170,0
2025-08-18 14:25:00+00:00,23675.05,23680.85,23672.35,23676.65,509,180,0
2025-08-18 14:30:00+00:00,23676.35,23677.05,23666.65,23666.75,407,170,0
2025-08-18 14:35:00+00:00,23666.85,23671.85,23659.45,23664.95,506,170,0
2025-08-18 14:40:00+00:00,23665.15,23667.65,23659.45,23663.35,413,170,0
2025-08-18 14:45:00+00:00,23663.45,23673.75,23663.45,23673.15,460,160,0
2025-08-18 14:50:00+00:00,23673.15,23675.75,23665.65,23675.15,395,170,0
2025-08-18 14:55:00+00:00,23675.35,23685.65,23673.25,23682.75,544,170,0
2025-08-18 15:00:00+00:00,23681.85,23682.55,23662.55,23662.85,734,170,0
2025-08-18 15:05:00+00:00,23662.65,23668.05,23658.35,23667.75,647,190,0
2025-08-18 15:10:00+00:00,23668.05,23676.05,23664.45,23672.35,553,180,0
2025-08-18 15:15:00+00:00,23672.05,23675.45,23670.15,23673.35,423,170,0
2025-08-18 15:20:00+00:00,23673.35,23680.15,23672.25,23677.35,497,170,0
2025-08-18 15:25:00+00:00,23677.35,23683.95,23674.35,23683.45,469,160,0
2025-08-18 15:30:00+00:00,23683.15,23683.35,23667.05,23667.25,779,160,0
2025-08-18 15:35:00+00:00,23667.55,23679.15,23666.45,23672.85,574,180,0
2025-08-18 15:40:00+00:00,23672.85,23680.15,23668.05,23678.05,580,180,0
2025-08-18 15:45:00+00:00,23678.65,23684.85,23677.45,23682.45,556,170,0
2025-08-18 15:50:00+00:00,23682.35,23685.25,23680.45,23685.25,500,160,0
2025-08-18 15:55:00+00:00,23685.85,23688.95,23681.95,23687.65,596,170,0
2025-08-18 16:00:00+00:00,23687.15,23700.45,23684.75,23696.95,782,170,0
2025-08-18 16:05:00+00:00,23697.15,23700.55,23689.75,23690.45,640,170,0
2025-08-18 16:10:00+00:00,23690.75,23691.45,23669.55,23674.15,895,160,0
2025-08-18 16:15:00+00:00,23674.05,23685.55,23672.65,23682.85,702,180,0
2025-08-18 16:20:00+00:00,23683.05,23685.45,23679.05,23680.95,611,170,0
2025-08-18 16:25:00+00:00,23681.35,23689.65,23674.45,23680.55,1171,180,0
2025-08-18 16:30:00+00:00,23680.65,23728.65,23680.65,23728.25,2598,80,0
2025-08-18 16:35:00+00:00,23727.85,23729.75,23700.85,23718.15,2434,120,0
2025-08-18 16:40:00+00:00,23717.95,23721.95,23683.75,23689.25,2321,120,0
2025-08-18 16:45:00+00:00,23688.95,23716.75,23684.85,23704.45,2188,120,0
2025-08-18 16:50:00+00:00,23703.75,23703.95,23657.65,23669.95,2254,120,0
2025-08-18 16:55:00+00:00,23670.45,23681.25,23647.75,23660.25,2091,120,0
2025-08-18 17:00:00+00:00,23659.95,23700.25,23658.35,23694.95,2126,120,0
2025-08-18 17:05:00+00:00,23695.25,23700.45,23679.95,23681.45,1854,90,0
2025-08-18 17:10:00+00:00,23680.75,23689.75,23671.95,23685.95,1791,110,0
2025-08-18 17:15:00+00:00,23685.25,23697.15,23673.95,23683.75,1671,80,0
2025-08-18 17:20:00+00:00,23684.25,23730.95,23681.75,23729.75,1748,80,0
2025-08-18 17:25:00+00:00,23729.45,23736.75,23690.95,23691.25,1784,110,0
2025-08-18 17:30:00+00:00,23689.25,23700.95,23667.95,23691.25,1933,120,0
2025-08-18 17:35:00+00:00,23691.45,23700.15,23674.35,23675.55,1817,90,0
2025-08-18 17:40:00+00:00,23675.75,23687.25,23664.15,23664.45,1736,80,0
2025-08-18 17:45:00+00:00,23664.45,23668.05,23631.75,23660.85,1991,80,0
2025-08-18 17:50:00+00:00,23660.95,23691.75,23658.25,23686.75,1737,90,0
2025-08-18 17:55:00+00:00,23686.65,23693.95,23675.95,23690.95,1544,80,0
2025-08-18 18:00:00+00:00,23689.95,23696.65,23684.15,23688.15,1381,80,0
2025-08-18 18:05:00+00:00,23687.45,23694.95,23677.55,23692.95,1444,80,0
2025-08-18 18:10:00+00:00,23693.15,23693.55,23670.85,23671.45,1331,80,0
2025-08-18 18:15:00+00:00,23671.15,23675.85,23658.15,23667.65,1573,80,0
2025-08-18 18:20:00+00:00,23668.05,23683.45,23666.95,23674.45,1471,80,0
2025-08-18 18:25:00+00:00,23674.65,23674.65,23651.45,23656.95,1389,80,0
2025-08-18 18:30:00+00:00,23657.45,23659.55,23643.95,23650.65,1398,80,0
2025-08-18 18:35:00+00:00,23650.45,23666.95,23641.45,23662.65,1341,80,0
2025-08-18 18:40:00+00:00,23662.15,23664.95,23653.65,23657.45,1029,80,0
2025-08-18 18:45:00+00:00,23657.95,23671.65,23657.15,23668.15,1104,80,0
2025-08-18 18:50:00+00:00,23668.45,23670.15,23658.05,23663.95,1061,80,0
2025-08-18 18:55:00+00:00,23662.95,23664.05,23652.95,23660.15,1067,80,0
2025-08-18 19:00:00+00:00,23660.35,23671.65,23657.65,23666.15,1067,80,0
2025-08-18 19:05:00+00:00,23666.15,23676.65,23662.95,23671.95,1026,80,0
2025-08-18 19:10:00+00:00,23672.15,23684.15,23663.95,23667.65,993,80,0
2025-08-18 19:15:00+00:00,23667.15,23681.45,23663.65,23680.85,956,80,0
2025-08-18 19:20:00+00:00,23680.95,23690.35,23678.95,23688.55,904,80,0
2025-08-18 19:25:00+00:00,23688.45,23689.15,23680.15,23682.95,1025,80,0
2025-08-18 19:30:00+00:00,23682.55,23692.95,23675.95,23677.95,1047,80,0
2025-08-18 19:35:00+00:00,23677.95,23679.15,23648.35,23653.95,1386,80,0
2025-08-18 19:40:00+00:00,23653.65,23663.15,23649.95,23654.45,1141,80,0
2025-08-18 19:45:00+00:00,23653.85,23657.45,23635.45,23648.65,1281,80,0
2025-08-18 19:50:00+00:00,23648.45,23660.85,23641.65,23652.15,1121,80,0
2025-08-18 19:55:00+00:00,23651.65,23656.65,23644.45,23647.45,920,80,0
2025-08-18 20:00:00+00:00,23647.65,23666.95,23645.65,23664.95,1095,80,0
2025-08-18 20:05:00+00:00,23664.65,23666.45,23654.95,23660.45,876,80,0
2025-08-18 20:10:00+00:00,23660.65,23673.55,23658.15,23671.45,882,80,0
2025-08-18 20:15:00+00:00,23671.65,23678.95,23669.65,23676.95,712,80,0
2025-08-18 20:20:00+00:00,23676.65,23677.45,23665.95,23669.15,882,80,0
2025-08-18 20:25:00+00:00,23668.45,23682.65,23668.15,23681.65,785,80,0
2025-08-18 20:30:00+00:00,23681.45,23712.45,23681.45,23695.45,1328,80,0
2025-08-18 20:35:00+00:00,23695.45,23700.55,23671.45,23672.45,1210,80,0
2025-08-18 20:40:00+00:00,23672.65,23676.65,23663.95,23671.05,1055,80,0
2025-08-18 20:45:00+00:00,23671.15,23673.95,23664.45,23671.15,838,80,0
2025-08-18 20:50:00+00:00,23670.95,23676.15,23665.95,23674.65,766,80,0
2025-08-18 20:55:00+00:00,23674.65,23677.95,23667.15,23672.85,750,80,0
2025-08-18 21:00:00+00:00,23672.95,23673.95,23662.45,23670.45,926,80,0
2025-08-18 21:05:00+00:00,23670.15,23682.85,23668.95,23680.45,765,80,0
2025-08-18 21:10:00+00:00,23680.45,23686.15,23672.35,23673.15,849,80,0
2025-08-18 21:15:00+00:00,23673.15,23677.95,23664.95,23673.95,759,80,0
2025-08-18 21:20:00+00:00,23673.65,23682.15,23669.45,23681.65,732,80,0
2025-08-18 21:25:00+00:00,23682.15,23687.65,23674.15,23679.65,790,80,0
2025-08-18 21:30:00+00:00,23679.95,23692.55,23678.55,23687.95,737,80,0
2025-08-18 21:35:00+00:00,23687.95,23694.15,23683.65,23686.45,750,80,0
2025-08-18 21:40:00+00:00,23686.35,23697.55,23681.05,23695.95,765,80,0
2025-08-18 21:45:00+00:00,23695.95,23699.65,23690.15,23695.15,757,80,0
2025-08-18 21:50:00+00:00,23695.35,23708.85,23694.85,23707.95,873,80,0
2025-08-18 21:55:00+00:00,23707.95,23714.65,23704.45,23707.95,897,80,0
2025-08-18 22:00:00+00:00,23707.45,23717.15,23703.45,23713.95,930,80,0
2025-08-18 22:05:00+00:00,23713.45,23724.65,23710.45,23715.65,899,80,0
2025-08-18 22:10:00+00:00,23715.65,23717.45,23700.95,23702.15,938,80,0
2025-08-18 22:15:00+00:00,23702.35,23715.95,23697.45,23712.15,946,80,0
2025-08-18 22:20:00+00:00,23712.55,23713.45,23702.65,23704.65,798,80,0
2025-08-18 22:25:00+00:00,23704.65,23706.15,23699.95,23704.45,788,80,0
2025-08-18 22:30:00+00:00,23704.45,23704.45,23698.95,23702.45,779,80,0
2025-08-18 22:35:00+00:00,23702.45,23715.95,23701.45,23703.95,932,80,0
2025-08-18 22:40:00+00:00,23703.85,23709.45,23701.15,23708.45,809,80,0
2025-08-18 22:45:00+00:00,23708.15,23721.15,23708.05,23716.95,982,80,0
2025-08-18 22:50:00+00:00,23717.45,23726.65,23705.65,23725.65,1058,80,0
2025-08-18 22:55:00+00:00,23725.85,23728.55,23706.35,23710.15,1506,80,0
2025-08-18 23:00:00+00:00,23709.15,23711.86,23700.86,23705.26,907,80,0
2025-08-18 23:05:00+00:00,23706.26,23717.86,23705.06,23711.26,644,198,0
2025-08-18 23:10:00+00:00,23711.46,23712.66,23706.66,23709.66,344,178,0
2025-08-18 23:15:00+00:00,23709.66,23710.96,23704.66,23706.96,237,168,0
2025-08-18 23:20:00+00:00,23706.76,23706.76,23696.26,23699.66,271,168,0
2025-08-18 23:25:00+00:00,23699.96,23704.46,23699.16,23702.96,204,168,0
2025-08-18 23:30:00+00:00,23702.86,23705.26,23697.16,23705.16,240,168,0
2025-08-18 23:35:00+00:00,23704.96,23707.46,23698.66,23699.96,292,168,0
2025-08-18 23:40:00+00:00,23699.96,23701.66,23699.46,23700.96,156,168,0
2025-08-18 23:45:00+00:00,23700.86,23705.76,23699.86,23704.76,137,168,0
2025-08-19 01:05:00+00:00,23733.66,23751.56,23733.66,23742.26,771,218,0
2025-08-19 01:10:00+00:00,23742.06,23743.56,23738.06,23742.46,363,188,0
2025-08-19 01:15:00+00:00,23742.06,23743.56,23734.46,23736.06,291,178,0
2025-08-19 01:20:00+00:00,23735.66,23737.36,23728.06,23728.76,252,178,0
2025-08-19 01:25:00+00:00,23728.56,23729.76,23726.06,23727.56,158,168,0
2025-08-19 01:30:00+00:00,23728.06,23730.86,23725.96,23727.56,181,168,0
2025-08-19 01:35:00+00:00,23727.86,23733.46,23722.56,23724.56,233,168,0
2025-08-19 01:40:00+00:00,23724.76,23727.06,23722.56,23727.06,164,168,0
2025-08-19 01:45:00+00:00,23726.66,23731.36,23726.56,23728.66,123,168,0
2025-08-19 01:50:00+00:00,23728.86,23739.16,23728.66,23736.96,240,168,0
2025-08-19 01:55:00+00:00,23737.26,23737.56,23733.86,23734.96,139,168,0
2025-08-19 02:00:00+00:00,23734.96,23739.05,23725.05,23728.35,331,150,0
2025-08-19 02:05:00+00:00,23728.35,23730.95,23726.85,23730.15,158,150,0
2025-08-19 02:10:00+00:00,23730.15,23730.95,23725.25,23726.75,177,150,0
2025-08-19 02:15:00+00:00,23726.85,23732.95,23726.75,23731.45,168,150,0
2025-08-19 02:20:00+00:00,23731.35,23732.65,23728.55,23731.25,128,150,0
2025-08-19 02:25:00+00:00,23731.15,23732.15,23729.95,23731.45,106,150,0
2025-08-19 02:30:00+00:00,23731.25,23731.25,23717.05,23721.55,240,150,0
2025-08-19 02:35:00+00:00,23721.55,23722.35,23718.35,23721.15,189,150,0
2025-08-19 02:40:00+00:00,23721.15,23722.65,23718.15,23718.15,148,150,0
2025-08-19 02:45:00+00:00,23718.15,23727.85,23718.05,23726.35,247,150,0
2025-08-19 02:50:00+00:00,23725.65,23726.65,23722.95,23725.45,180,150,0
2025-08-19 02:55:00+00:00,23725.15,23727.05,23718.15,23719.65,221,150,0
2025-08-19 03:00:00+00:00,23720.25,23720.35,23708.65,23716.95,664,150,0
2025-08-19 03:05:00+00:00,23716.45,23717.15,23708.35,23711.55,561,170,0
2025-08-19 03:10:00+00:00,23711.55,23714.05,23709.35,23713.45,430,160,0
2025-08-19 03:15:00+00:00,23713.35,23716.85,23711.35,23712.45,461,160,0
2025-08-19 03:20:00+00:00,23712.35,23714.15,23708.85,23712.15,356,150,0
2025-08-19 03:25:00+00:00,23710.95,23711.65,23696.55,23697.05,561,150,0
2025-08-19 03:30:00+00:00,23697.35,23699.25,23680.75,23686.95,669,180,0
2025-08-19 03:35:00+00:00,23686.45,23694.05,23684.05,23691.75,472,180,0
2025-08-19 03:40:00+00:00,23691.75,23694.25,23677.25,23685.95,681,180,0
2025-08-19 03:45:00+00:00,23685.75,23698.25,23685.05,23692.55,573,180,0
2025-08-19 03:50:00+00:00,23692.75,23698.65,23692.75,23694.85,342,160,0
2025-08-19 03:55:00+00:00,23694.65,23699.15,23693.65,23695.65,314,160,0
2025-08-19 04:00:00+00:00,23695.65,23706.55,23694.65,23705.55,758,160,0
2025-08-19 04:05:00+00:00,23705.55,23706.85,23695.35,23701.05,480,170,0
2025-08-19 04:10:00+00:00,23701.05,23704.05,23692.95,23694.45,446,170,0
2025-08-19 04:15:00+00:00,23694.35,23701.15,23692.75,23698.35,449,170,0
2025-08-19 04:20:00+00:00,23698.15,23701.85,23692.65,23696.45,467,160,0
2025-08-19 04:25:00+00:00,23696.75,23702.45,23693.45,23693.65,361,160,0
2025-08-19 04:30:00+00:00,23693.65,23697.35,23688.55,23694.25,586,160,0
2025-08-19 04:35:00+00:00,23694.05,23694.25,23685.95,23688.35,483,160,0
2025-08-19 04:40:00+00:00,23688.35,23699.95,23687.35,23698.95,452,170,0
2025-08-19 04:45:00+00:00,23698.85,23700.15,23690.65,23693.15,385,160,0
2025-08-19 04:50:00+00:00,23693.35,23694.15,23688.15,23689.35,372,160,0
2025-08-19 04:55:00+00:00,23690.05,23692.55,23685.85,23685.85,389,160,0
2025-08-19 05:00:00+00:00,23683.85,23692.35,23683.85,23692.05,339,160,0
2025-08-19 05:05:00+00:00,23692.15,23694.65,23685.05,23692.05,404,170,0
2025-08-19 05:10:00+00:00,23692.05,23698.95,23690.35,23694.65,333,150,0
2025-08-19 05:15:00+00:00,23694.25,23695.15,23685.65,23688.35,306,150,0
2025-08-19 05:20:00+00:00,23688.25,23690.45,23686.15,23687.45,218,150,0
2025-08-19 05:25:00+00:00,23687.15,23691.35,23679.95,23689.05,301,150,0
2025-08-19 05:30:00+00:00,23688.95,23693.15,23688.65,23691.65,283,160,0
2025-08-19 05:35:00+00:00,23691.95,23697.65,23691.35,23696.15,213,150,0
2025-08-19 05:40:00+00:00,23695.95,23696.45,23689.45,23690.45,236,150,0
2025-08-19 05:45:00+00:00,23690.45,23690.45,23683.15,23687.85,338,150,0
2025-08-19 05:50:00+00:00,23687.85,23689.75,23684.65,23686.75,225,150,0
2025-08-19 05:55:00+00:00,23686.95,23686.95,23677.25,23678.75,309,150,0
2025-08-19 06:00:00+00:00,23678.75,23681.65,23676.25,23677.75,283,150,0
2025-08-19 06:05:00+00:00,23677.95,23679.35,23675.95,23678.15,235,150,0
2025-08-19 06:10:00+00:00,23678.15,23678.35,23673.95,23677.95,260,150,0
2025-08-19 06:15:00+00:00,23677.95,23680.55,23675.95,23680.55,207,150,0
2025-08-19 06:20:00+00:00,23680.75,23691.95,23680.75,23691.95,371,150,0
2025-08-19 06:25:00+00:00,23692.45,23700.55,23690.05,23698.85,365,160,0
2025-08-19 06:30:00+00:00,23698.65,23698.65,23684.15,23685.25,388,170,0
2025-08-19 06:35:00+00:00,23685.55,23685.85,23667.85,23669.55,439,160,0
2025-08-19 06:40:00+00:00,23669.35,23673.55,23668.65,23669.85,349,160,0
2025-08-19 06:45:00+00:00,23669.65,23671.05,23666.65,23668.25,337,160,0
2025-08-19 06:50:00+00:00,23667.65,23670.95,23666.65,23669.45,266,150,0
2025-08-19 06:55:00+00:00,23669.55,23673.75,23667.95,23668.75,238,150,0
2025-08-19 07:00:00+00:00,23668.65,23670.15,23662.45,23663.85,343,150,0
2025-08-19 07:05:00+00:00,23663.45,23665.05,23662.05,23663.45,242,150,0
2025-08-19 07:10:00+00:00,23663.65,23666.05,23660.45,23664.95,261,150,0
2025-08-19 07:15:00+00:00,23665.05,23665.65,23659.95,23663.95,206,150,0
2025-08-19 07:20:00+00:00,23663.65,23663.95,23658.95,23659.65,250,150,0
2025-08-19 07:25:00+00:00,23659.65,23659.65,23653.75,23655.35,303,150,0
2025-08-19 07:30:00+00:00,23655.45,23662.45,23654.75,23662.15,205,150,0
2025-08-19 07:35:00+00:00,23661.95,23661.95,23656.65,23661.85,246,150,0
2025-08-19 07:40:00+00:00,23662.05,23670.05,23661.85,23666.55,272,150,0
2025-08-19 07:45:00+00:00,23666.25,23668.95,23665.05,23668.45,222,150,0
2025-08-19 07:50:00+00:00,23668.55,23676.05,23667.25,23673.25,250,150,0
2025-08-19 07:55:00+00:00,23673.15,23674.55,23670.45,23672.45,204,150,0
2025-08-19 08:00:00+00:00,23671.65,23678.15,23669.15,23671.45,352,150,0
2025-08-19 08:05:00+00:00,23671.55,23673.85,23656.45,23657.55,348,160,0
2025-08-19 08:10:00+00:00,23658.15,23658.85,23653.35,23654.45,338,160,0
2025-08-19 08:15:00+00:00,23654.65,23657.45,23654.35,23656.15,269,150,0
2025-08-19 08:20:00+00:00,23656.55,23658.05,23645.85,23648.65,297,150,0
2025-08-19 08:25:00+00:00,23649.05,23653.25,23648.45,23652.65,262,150,0
2025-08-19 08:30:00+00:00,23652.75,23662.95,23651.95,23659.95,330,160,0
2025-08-19 08:35:00+00:00,23660.15,23660.15,23649.45,23653.15,351,160,0
2025-08-19 08:40:00+00:00,23652.45,23658.75,23652.35,23656.15,257,160,0
2025-08-19 08:45:00+00:00,23655.95,23658.35,23647.55,23655.35,303,160,0
2025-08-19 08:50:00+00:00,23655.15,23656.05,23648.45,23649.65,242,150,0
2025-08-19 08:55:00+00:00,23649.45,23651.15,23645.65,23650.65,274,150,0
2025-08-19 09:00:00+00:00,23650.85,23660.95,23649.15,23659.85,423,160,0
2025-08-19 09:05:00+00:00,23659.65,23663.15,23657.05,23662.15,390,160,0
2025-08-19 09:10:00+00:00,23662.35,23665.15,23659.85,23660.95,299,160,0
2025-08-19 09:15:00+00:00,23660.85,23664.15,23651.75,23663.05,414,160,0
2025-08-19 09:20:00+00:00,23662.55,23666.75,23660.75,23666.15,315,170,0
2025-08-19 09:25:00+00:00,23667.05,23669.05,23664.15,23666.45,294,150,0
2025-08-19 09:30:00+00:00,23666.65,23668.95,23663.85,23668.35,273,150,0
2025-08-19 09:35:00+00:00,23668.45,23671.65,23668.15,23668.25,269,160,0
2025-08-19 09:40:00+00:00,23668.15,23669.45,23665.45,23668.45,204,150,0
2025-08-19 09:45:00+00:00,23668.45,23669.65,23666.15,23668.45,188,150,0
2025-08-19 09:50:00+00:00,23668.65,23675.45,23668.55,23675.45,242,150,0
2025-08-19 09:55:00+00:00,23675.35,23681.55,23672.95,23677.85,266,150,0
2025-08-19 10:00:00+00:00,23677.95,23684.95,23675.25,23683.75,756,160,0
2025-08-19 10:05:00+00:00,23682.25,23682.45,23674.25,23675.75,565,180,0
2025-08-19 10:10:00+00:00,23676.25,23676.55,23671.55,23672.55,469,170,0
2025-08-19 10:15:00+00:00,23672.05,23680.65,23672.05,23679.35,434,160,0
2025-08-19 10:20:00+00:00,23679.25,23680.15,23670.95,23672.35,386,160,0
2025-08-19 10:25:00+00:00,23672.05,23675.35,23670.35,23672.45,358,160,0
2025-08-19 10:30:00+00:00,23670.85,23672.55,23663.65,23665.05,487,170,0
2025-08-19 10:35:00+00:00,23665.35,23672.25,23662.95,23671.25,364,160,0
2025-08-19 10:40:00+00:00,23671.25,23681.15,23670.85,23680.55,431,160,0
2025-08-19 10:45:00+00:00,23680.55,23686.85,23678.15,23683.45,480,160,0
2025-08-19 10:50:00+00:00,23683.95,23685.95,23680.95,23683.65,390,170,0
2025-08-19 10:55:00+00:00,23683.95,23685.85,23681.65,23685.15,351,160,0
2025-08-19 11:00:00+00:00,23684.35,23698.85,23684.35,23686.35,728,160,0
2025-08-19 11:05:00+00:00,23685.25,23685.25,23675.55,23678.25,596,180,0
2025-08-19 11:10:00+00:00,23678.25,23678.65,23660.65,23668.25,616,180,0
2025-08-19 11:15:00+00:00,23667.95,23671.55,23663.85,23671.05,422,170,0
2025-08-19 11:20:00+00:00,23670.95,23679.45,23667.85,23677.05,402,170,0
2025-08-19 11:25:00+00:00,23676.75,23684.55,23676.45,23684.35,357,160,0
2025-08-19 11:30:00+00:00,23684.85,23686.45,23681.95,23683.75,320,150,0
2025-08-19 11:35:00+00:00,23684.15,23684.75,23677.65,23680.35,376,150,0
2025-08-19 11:40:00+00:00,23680.65,23691.15,23679.85,23688.65,391,160,0
2025-08-19 11:45:00+00:00,23688.45,23698.25,23687.95,23697.45,357,150,0
2025-08-19 11:50:00+00:00,23697.75,23701.55,23694.95,23701.05,342,150,0
2025-08-19 11:55:00+00:00,23701.05,23702.65,23699.05,23701.75,282,150,0
2025-08-19 12:00:00+00:00,23701.75,23702.05,23696.55,23696.95,342,150,0
2025-08-19 12:05:00+00:00,23697.15,23704.75,23696.45,23704.65,349,150,0
2025-08-19 12:10:00+00:00,23704.85,23707.45,23698.55,23702.65,428,150,0
2025-08-19 12:15:00+00:00,23703.15,23708.85,23701.75,23707.95,350,150,0
2025-08-19 12:20:00+00:00,23708.15,23719.25,23707.75,23714.95,373,150,0
2025-08-19 12:25:00+00:00,23715.15,23717.25,23711.05,23715.15,346,160,0
2025-08-19 12:30:00+00:00,23715.15,23717.95,23711.65,23715.15,372,160,0
2025-08-19 12:35:00+00:00,23714.95,23715.45,23710.55,23710.55,269,150,0
2025-08-19 12:40:00+00:00,23710.65,23711.05,23705.25,23706.15,334,150,0
2025-08-19 12:45:00+00:00,23706.15,23709.45,23705.25,23705.75,246,150,0
2025-08-19 12:50:00+00:00,23705.65,23706.75,23700.85,23703.35,312,150,0
2025-08-19 12:55:00+00:00,23703.05,23706.35,23699.15,23702.05,400,170,0
2025-08-19 13:00:00+00:00,23702.05,23704.25,23687.05,23700.15,839,170,0
2025-08-19 13:05:00+00:00,23699.25,23704.85,23699.25,23700.55,453,170,0
2025-08-19 13:10:00+00:00,23700.55,23704.15,23696.05,23696.35,363,160,0
2025-08-19 13:15:00+00:00,23696.35,23700.85,23692.05,23694.05,344,160,0
2025-08-19 13:20:00+00:00,23693.85,23696.05,23688.55,23688.65,447,160,0
2025-08-19 13:25:00+00:00,23688.85,23696.45,23688.05,23693.85,366,160,0
2025-08-19 13:30:00+00:00,23693.65,23695.05,23686.35,23686.75,403,160,0
2025-08-19 13:35:00+00:00,23686.55,23693.05,23684.25,23687.25,357,170,0
2025-08-19 13:40:00+00:00,23687.25,23690.25,23675.05,23688.45,502,170,0
2025-08-19 13:45:00+00:00,23688.15,23689.65,23676.75,23683.35,427,170,0
2025-08-19 13:50:00+00:00,23683.15,23684.35,23665.85,23675.75,518,170,0
2025-08-19 13:55:00+00:00,23675.45,23680.95,23671.65,23678.55,409,170,0
2025-08-19 14:00:00+00:00,23676.85,23684.65,23673.35,23678.05,486,180,0
2025-08-19 14:05:00+00:00,23678.25,23679.05,23670.95,23675.25,400,170,0
2025-08-19 14:10:00+00:00,23675.25,23682.45,23674.05,23680.25,461,170,0
2025-08-19 14:15:00+00:00,23680.15,23682.95,23676.15,23680.85,365,160,0
2025-08-19 14:20:00+00:00,23680.85,23683.65,23678.65,23679.85,365,160,0
2025-08-19 14:25:00+00:00,23679.85,23683.75,23677.85,23678.25,374,160,0
2025-08-19 14:30:00+00:00,23677.25,23679.45,23671.65,23672.35,404,160,0
2025-08-19 14:35:00+00:00,23672.35,23679.05,23671.45,23673.05,481,160,0
2025-08-19 14:40:00+00:00,23673.05,23676.75,23670.35,23675.35,359,170,0
2025-08-19 14:45:00+00:00,23675.55,23691.05,23675.05,23690.65,596,170,0
2025-08-19 14:50:00+00:00,23690.35,23692.15,23685.95,23687.05,527,170,0
2025-08-19 14:55:00+00:00,23686.95,23692.35,23686.95,23689.65,389,150,0
2025-08-19 15:00:00+00:00,23688.95,23689.65,23679.05,23679.05,610,160,0
2025-08-19 15:05:00+00:00,23678.85,23685.75,23667.35,23671.05,705,180,0
2025-08-19 15:10:00+00:00,23670.85,23680.95,23670.35,23678.75,501,170,0
2025-08-19 15:15:00+00:00,23678.65,23681.35,23675.35,23679.85,461,170,0
2025-08-19 15:20:00+00:00,23679.65,23688.15,23676.45,23686.95,454,170,0
2025-08-19 15:25:00+00:00,23687.05,23697.05,23686.05,23692.85,591,170,0
2025-08-19 15:30:00+00:00,23692.85,23697.35,23683.75,23685.65,606,170,0
2025-08-19 15:35:00+00:00,23686.55,23691.05,23685.25,23690.05,469,170,0
2025-08-19 15:40:00+00:00,23689.85,23690.05,23681.55,23682.55,536,170,0
2025-08-19 15:45:00+00:00,23682.65,23682.65,23664.05,23665.05,676,170,0
2025-08-19 15:50:00+00:00,23664.85,23664.85,23654.05,23663.55,738,180,0
2025-08-19 15:55:00+00:00,23663.75,23669.25,23657.15,23658.35,720,170,0
2025-08-19 16:00:00+00:00,23659.15,23667.05,23654.95,23666.55,733,180,0
2025-08-19 16:05:00+00:00,23666.65,23666.65,23652.15,23656.15,700,180,0
2025-08-19 16:10:00+00:00,23656.05,23657.95,23650.45,23654.45,553,170,0
2025-08-19 16:15:00+00:00,23654.65,23661.35,23654.65,23655.05,592,170,0
2025-08-19 16:20:00+00:00,23655.15,23667.95,23654.85,23666.15,653,170,0
2025-08-19 16:25:00+00:00,23666.45,23677.05,23664.95,23676.85,980,170,0
2025-08-19 16:30:00+00:00,23677.55,23685.35,23579.45,23582.45,2626,80,0
2025-08-19 16:35:00+00:00,23582.05,23618.95,23575.15,23607.45,2473,120,0
2025-08-19 16:40:00+00:00,23606.95,23645.65,23597.15,23597.15,2427,120,0
2025-08-19 16:45:00+00:00,23597.95,23599.15,23555.95,23565.15,2528,120,0
2025-08-19 16:50:00+00:00,23565.45,23610.15,23555.65,23607.65,2370,120,0
2025-08-19 16:55:00+00:00,23607.95,23614.45,23590.15,23593.45,2252,120,0
2025-08-19 17:00:00+00:00,23593.45,23636.95,23587.95,23636.65,2382,120,0
2025-08-19 17:05:00+00:00,23636.45,23642.45,23622.95,23639.85,2181,120,0
2025-08-19 17:10:00+00:00,23639.95,23642.55,23614.85,23622.15,2077,120,0
2025-08-19 17:15:00+00:00,23622.05,23626.15,23598.45,23613.65,2042,120,0
2025-08-19 17:20:00+00:00,23614.05,23624.85,23599.65,23606.95,1977,120,0
2025-08-19 17:25:00+00:00,23606.65,23613.65,23538.15,23541.15,2187,120,0
2025-08-19 17:30:00+00:00,23542.05,23573.95,23528.55,23556.85,2315,120,0
2025-08-19 17:35:00+00:00,23556.95,23560.15,23513.15,23521.45,2221,120,0
2025-08-19 17:40:00+00:00,23521.15,23536.45,23477.95,23498.55,2264,120,0
2025-08-19 17:45:00+00:00,23498.35,23511.95,23473.45,23489.45,2281,120,0
2025-08-19 17:50:00+00:00,23489.35,23506.65,23482.55,23503.05,2210,120,0
2025-08-19 17:55:00+00:00,23502.95,23514.45,23455.15,23456.15,1984,120,0
2025-08-19 18:00:00+00:00,23455.95,23465.85,23430.35,23462.35,2297,120,0
2025-08-19 18:05:00+00:00,23462.65,23470.85,23451.95,23463.65,2124,120,0
2025-08-19 18:10:00+00:00,23462.95,23479.45,23440.65,23477.15,2083,120,0
2025-08-19 18:15:00+00:00,23477.15,23488.45,23466.45,23486.45,1831,110,0
2025-08-19 18:20:00+00:00,23485.75,23489.85,23466.65,23471.15,1782,90,0
2025-08-19 18:25:00+00:00,23471.65,23501.35,23467.15,23494.45,1787,120,0
2025-08-19 18:30:00+00:00,23494.65,23502.15,23490.15,23502.15,1591,80,0
2025-08-19 18:35:00+00:00,23502.15,23503.35,23475.15,23482.15,1685,80,0
2025-08-19 18:40:00+00:00,23482.45,23504.15,23476.65,23493.15,1762,120,0
2025-08-19 18:45:00+00:00,23493.05,23502.15,23484.65,23487.55,1608,80,0
2025-08-19 18:50:00+00:00,23487.35,23488.25,23467.65,23475.65,1687,80,0
2025-08-19 18:55:00+00:00,23477.15,23481.15,23468.65,23473.35,1434,80,0
2025-08-19 19:00:00+00:00,23473.65,23492.65,23472.85,23474.35,1365,80,0
2025-08-19 19:05:00+00:00,23474.15,23478.15,23449.85,23455.05,1580,80,0
2025-08-19 19:10:00+00:00,23455.35,23458.45,23431.65,23437.65,1551,80,0
2025-08-19 19:15:00+00:00,23440.35,23465.15,23439.15,23459.55,1590,80,0
2025-08-19 19:20:00+00:00,23459.05,23470.35,23453.65,23461.35,1303,80,0
2025-08-19 19:25:00+00:00,23461.15,23466.35,23443.35,23448.65,1360,80,0
2025-08-19 19:30:00+00:00,23449.15,23454.35,23431.75,23445.15,1555,80,0
2025-08-19 19:35:00+00:00,23444.95,23454.65,23421.65,23423.15,1616,100,0
2025-08-19 19:40:00+00:00,23423.65,23425.65,23399.45,23411.35,1920,120,0
2025-08-19 19:45:00+00:00,23410.95,23416.95,23389.95,23410.45,1890,120,0
2025-08-19 19:50:00+00:00,23410.65,23425.65,23402.45,23403.85,1700,120,0
2025-08-19 19:55:00+00:00,23403.65,23408.65,23387.95,23397.45,1739,120,0
2025-08-19 20:00:00+00:00,23397.45,23404.85,23381.15,23386.65,1895,120,0
2025-08-19 20:05:00+00:00,23386.65,23393.95,23367.95,23369.35,1951,120,0
2025-08-19 20:10:00+00:00,23369.45,23389.85,23365.65,23389.85,1705,100,0
2025-08-19 20:15:00+00:00,23389.75,23391.35,23360.65,23370.95,1675,80,0
2025-08-19 20:20:00+00:00,23371.45,23393.15,23367.95,23387.85,1600,80,0
2025-08-19 20:25:00+00:00,23388.05,23405.65,23387.15,23401.15,1355,80,0
2025-08-19 20:30:00+00:00,23400.65,23412.15,23398.65,23408.85,1195,80,0
2025-08-19 20:35:00+00:00,23409.35,23424.35,23406.85,23413.85,1171,80,0
2025-08-19 20:40:00+00:00,23413.75,23426.15,23413.75,23417.65,1134,80,0
2025-08-19 20:45:00+00:00,23417.75,23422.15,23408.75,23411.55,1262,80,0
2025-08-19 20:50:00+00:00,23411.65,23420.75,23403.15,23408.35,1225,80,0
2025-08-19 20:55:00+00:00,23408.55,23430.85,23407.65,23420.65,1183,80,0
2025-08-19 21:00:00+00:00,23421.85,23422.35,23377.55,23392.35,1634,80,0
2025-08-19 21:05:00+00:00,23392.45,23420.15,23386.15,23418.65,1541,80,0
2025-08-19 21:10:00+00:00,23416.35,23421.65,23391.85,23392.35,1354,80,0
2025-08-19 21:15:00+00:00,23392.35,23398.85,23387.05,23390.35,1271,80,0
2025-08-19 21:20:00+00:00,23389.15,23395.35,23382.65,23386.85,1210,80,0
2025-08-19 21:25:00+00:00,23386.75,23399.35,23382.15,23389.85,1145,80,0
2025-08-19 21:30:00+00:00,23389.85,23395.25,23378.25,23382.15,1151,80,0
2025-08-19 21:35:00+00:00,23382.65,23387.35,23373.65,23374.65,1089,80,0
2025-08-19 21:40:00+00:00,23374.35,23385.65,23363.75,23375.15,1213,80,0
2025-08-19 21:45:00+00:00,23375.35,23377.25,23362.85,23364.55,1174,80,0
2025-08-19 21:50:00+00:00,23364.75,23384.55,23362.05,23384.45,1233,80,0
2025-08-19 21:55:00+00:00,23384.55,23388.25,23376.25,23379.75,1070,80,0
2025-08-19 22:00:00+00:00,23379.75,23379.75,23347.05,23356.25,1608,80,0
2025-08-19 22:05:00+00:00,23356.55,23357.05,23343.65,23346.75,1462,80,0
2025-08-19 22:10:00+00:00,23346.75,23359.55,23344.25,23355.05,1251,80,0
2025-08-19 22:15:00+00:00,23355.55,23359.75,23345.95,23353.55,1203,80,0
2025-08-19 22:20:00+00:00,23352.75,23380.25,23349.05,23380.25,1254,80,0
2025-08-19 22:25:00+00:00,23379.75,23379.75,23371.75,23376.75,1166,80,0
2025-08-19 22:30:00+00:00,23377.05,23388.75,23376.05,23385.25,1195,80,0
2025-08-19 22:35:00+00:00,23385.25,23390.95,23380.05,23383.75,1002,80,0
2025-08-19 22:40:00+00:00,23383.95,23391.05,23376.75,23390.55,1082,80,0
2025-08-19 22:45:00+00:00,23391.05,23391.45,23373.55,23377.05,1063,80,0
2025-08-19 22:50:00+00:00,23379.15,23379.15,23355.45,23359.55,1549,80,0
2025-08-19 22:55:00+00:00,23361.75,23393.65,23361.55,23388.45,1718,80,0
2025-08-19 23:00:00+00:00,23387.85,23404.06,23387.85,23399.56,1200,100,0
2025-08-19 23:05:00+00:00,23399.56,23403.76,23394.66,23398.36,662,198,0
2025-08-19 23:10:00+00:00,23398.16,23398.16,23385.96,23387.46,516,188,0
2025-08-19 23:15:00+00:00,23388.16,23390.76,23383.96,23388.76,329,178,0
2025-08-19 23:20:00+00:00,23389.16,23391.46,23382.76,23384.26,316,168,0
2025-08-19 23:25:00+00:00,23384.56,23390.86,23383.76,23389.96,297,168,0
2025-08-19 23:30:00+00:00,23389.86,23391.06,23387.36,23388.06,188,168,0
2025-08-19 23:35:00+00:00,23387.96,23388.36,23383.86,23386.06,232,168,0
2025-08-19 23:40:00+00:00,23385.86,23386.86,23381.36,23386.36,246,168,0
2025-08-19 23:45:00+00:00,23386.56,23390.56,23382.56,23390.56,269,168,0
2025-08-20 01:05:00+00:00,23402.16,23404.16,23392.56,23400.16,365,208,0
2025-08-20 01:10:00+00:00,23400.16,23404.96,23382.56,23382.86,509,208,0
2025-08-20 01:15:00+00:00,23382.96,23392.56,23379.76,23392.46,405,198,0
2025-08-20 01:20:00+00:00,23391.06,23391.26,23384.16,23386.46,286,188,0
2025-08-20 01:25:00+00:00,23385.96,23385.96,23373.76,23376.46,425,188,0
2025-08-20 01:30:00+00:00,23376.66,23391.06,23374.96,23385.56,423,188,0
2025-08-20 01:35:00+00:00,23385.26,23389.16,23380.86,23384.56,237,188,0
2025-08-20 01:40:00+00:00,23384.56,23385.76,23380.56,23384.26,251,178,0
2025-08-20 01:45:00+00:00,23383.16,23384.46,23377.06,23380.46,290,178,0
2025-08-20 01:50:00+00:00,23380.46,23391.86,23380.46,23386.96,362,188,0
2025-08-20 01:55:00+00:00,23386.96,23386.96,23376.16,23377.76,261,178,0
2025-08-20 02:00:00+00:00,23378.16,23385.45,23376.25,23379.25,263,160,0
2025-08-20 02:05:00+00:00,23378.75,23386.05,23376.05,23377.75,293,170,0
2025-08-20 02:10:00+00:00,23378.05,23378.95,23371.45,23374.05,293,180,0
2025-08-20 02:15:00+00:00,23374.25,23375.05,23362.95,23365.15,300,170,0
2025-08-20 02:20:00+00:00,23365.05,23366.65,23333.65,23342.65,663,170,0
2025-08-20 02:25:00+00:00,23342.65,23357.75,23341.15,23355.55,575,190,0
2025-08-20 02:30:00+00:00,23355.05,23356.35,23341.15,23346.35,496,180,0
2025-08-20 02:35:00+00:00,23346.25,23349.65,23344.15,23346.45,346,170,0
2025-08-20 02:40:00+00:00,23346.45,23352.05,23343.45,23349.25,359,170,0
2025-08-20 02:45:00+00:00,23349.25,23353.05,23342.85,23344.65,502,180,0
2025-08-20 02:50:00+00:00,23344.85,23349.35,23336.15,23346.85,565,180,0
2025-08-20 02:55:00+00:00,23346.75,23346.85,23335.95,23342.05,571,180,0
2025-08-20 03:00:00+00:00,23342.55,23343.25,23330.15,23336.95,1051,190,0
2025-08-20 03:05:00+00:00,23336.65,23342.25,23331.85,23334.95,817,190,0
2025-08-20 03:10:00+00:00,23335.15,23340.25,23328.15,23330.25,880,190,0
2025-08-20 03:15:00+00:00,23330.05,23335.85,23328.15,23333.55,666,190,0
2025-08-20 03:20:00+00:00,23333.95,23340.75,23326.95,23330.05,702,180,0
2025-08-20 03:25:00+00:00,23330.35,23334.35,23323.45,23332.85,570,180,0
2025-08-20 03:30:00+00:00,23332.75,23336.65,23329.65,23331.95,485,170,0
2025-08-20 03:35:00+00:00,23332.15,23333.15,23327.45,23329.95,378,170,0
2025-08-20 03:40:00+00:00,23330.15,23330.15,23318.35,23322.05,551,170,0
2025-08-20 03:45:00+00:00,23322.25,23338.85,23321.95,23333.85,687,180,0
2025-08-20 03:50:00+00:00,23334.35,23342.45,23334.35,23340.65,473,170,0
2025-08-20 03:55:00+00:00,23340.85,23342.15,23330.25,23334.25,505,160,0
2025-08-20 04:00:00+00:00,23333.85,23344.35,23333.85,23339.05,739,180,0
2025-08-20 04:05:00+00:00,23339.05,23340.95,23322.05,23324.35,607,180,0
2025-08-20 04:10:00+00:00,23323.95,23325.45,23313.45,23318.25,765,190,0
2025-08-20 04:15:00+00:00,23318.55,23323.45,23312.45,23314.55,581,180,0
2025-08-20 04:20:00+00:00,23314.85,23316.55,23308.55,23310.85,587,180,0
2025-08-20 04:25:00+00:00,23310.85,23312.65,23302.65,23304.85,664,180,0
2025-08-20 04:30:00+00:00,23304.85,23309.15,23295.55,23295.55,784,180,0
2025-08-20 04:35:00+00:00,23295.25,23298.95,23290.05,23291.85,647,180,0
2025-08-20 04:40:00+00:00,23291.55,23296.95,23287.75,23292.65,729,180,0
2025-08-20 04:45:00+00:00,23292.75,23300.25,23290.65,23295.55,612,180,0
2025-08-20 04:50:00+00:00,23295.15,23303.35,23295.05,23302.65,573,170,0
2025-08-20 04:55:00+00:00,23302.05,23308.05,23292.85,23298.55,610,170,0
2025-08-20 05:00:00+00:00,23298.35,23299.25,23288.85,23293.05,628,180,0
2025-08-20 05:05:00+00:00,23294.05,23304.35,23290.75,23301.05,508,180,0
2025-08-20 05:10:00+00:00,23300.85,23305.95,23298.15,23301.15,459,170,0
2025-08-20 05:15:00+00:00,23301.45,23306.35,23300.55,23304.05,410,160,0
2025-08-20 05:20:00+00:00,23303.65,23307.05,23299.15,23301.45,371,160,0
2025-08-20 05:25:00+00:00,23301.65,23308.25,23301.45,23306.25,299,150,0
2025-08-20 05:30:00+00:00,23306.65,23310.85,23304.15,23305.95,461,160,0
2025-08-20 05:35:00+00:00,23306.15,23311.15,23305.65,23307.75,301,150,0
2025-08-20 05:40:00+00:00,23307.75,23310.15,23305.15,23307.75,273,150,0
2025-08-20 05:45:00+00:00,23307.75,23313.95,23307.25,23311.95,379,150,0
2025-08-20 05:50:00+00:00,23312.25,23314.65,23311.15,23313.65,317,150,0
2025-08-20 05:55:00+00:00,23313.75,23313.95,23308.25,23312.25,375,150,0
2025-08-20 06:00:00+00:00,23311.45,23315.15,23306.75,23308.45,332,160,0
2025-08-20 06:05:00+00:00,23308.15,23309.45,23292.65,23292.95,398,170,0
2025-08-20 06:10:00+00:00,23293.45,23293.45,23278.05,23282.95,635,170,0
2025-08-20 06:15:00+00:00,23284.35,23285.75,23277.85,23279.65,424,180,0
2025-08-20 06:20:00+00:00,23279.65,23284.45,23275.75,23279.65,432,170,0
2025-08-20 06:25:00+00:00,23279.45,23286.55,23279.45,23286.45,327,160,0
2025-08-20 06:30:00+00:00,23286.05,23292.95,23286.05,23286.45,438,160,0
2025-08-20 06:35:00+00:00,23286.55,23287.05,23273.15,23277.45,470,160,0
2025-08-20 06:40:00+00:00,23277.15,23278.15,23265.85,23268.25,492,170,0
2025-08-20 06:45:00+00:00,23268.35,23269.15,23259.55,23267.15,594,180,0
2025-08-20 06:50:00+00:00,23267.25,23267.55,23258.15,23262.95,413,160,0
2025-08-20 06:55:00+00:00,23263.25,23266.35,23262.25,23264.95,313,160,0
2025-08-20 07:00:00+00:00,23264.75,23268.65,23263.15,23268.15,316,160,0
2025-08-20 07:05:00+00:00,23268.15,23272.95,23268.15,23272.05,344,170,0
2025-08-20 07:10:00+00:00,23272.05,23274.45,23266.85,23273.25,323,150,0
2025-08-20 07:15:00+00:00,23273.45,23285.15,23270.45,23282.95,497,160,0
2025-08-20 07:20:00+00:00,23282.65,23282.95,23276.35,23281.65,385,160,0
2025-08-20 07:25:00+00:00,23281.35,23286.45,23280.65,23285.45,250,150,0
2025-08-20 07:30:00+00:00,23285.25,23287.85,23280.95,23281.75,294,160,0
2025-08-20 07:35:00+00:00,23281.75,23281.95,23267.35,23274.45,465,160,0
2025-08-20 07:40:00+00:00,23274.55,23274.85,23264.65,23271.35,370,170,0
2025-08-20 07:45:00+00:00,23271.25,23276.05,23271.15,23275.25,320,150,0
2025-08-20 07:50:00+00:00,23275.55,23277.05,23268.95,23270.75,311,150,0
2025-08-20 07:55:00+00:00,23270.75,23276.15,23267.95,23271.85,288,160,0
2025-08-20 08:00:00+00:00,23271.15,23271.85,23262.55,23263.45,465,160,0
2025-08-20 08:05:00+00:00,23263.55,23264.55,23254.65,23258.55,454,160,0
2025-08-20 08:10:00+00:00,23258.45,23265.05,23256.65,23264.35,442,170,0
2025-08-20 08:15:00+00:00,23264.15,23267.25,23258.95,23259.35,364,160,0
2025-08-20 08:20:00+00:00,23259.45,23264.45,23257.35,23263.95,322,170,0
2025-08-20 08:25:00+00:00,23264.15,23267.95,23262.95,23265.95,282,150,0
2025-08-20 08:30:00+00:00,23265.75,23275.95,23263.65,23274.95,442,150,0
2025-08-20 08:35:00+00:00,23275.05,23276.35,23271.45,23272.95,315,160,0
2025-08-20 08:40:00+00:00,23272.75,23276.95,23271.35,23271.75,367,160,0
2025-08-20 08:45:00+00:00,23271.95,23276.65,23267.55,23268.55,347,160,0
2025-08-20 08:50:00+00:00,23268.55,23278.95,23267.55,23278.75,395,160,0
2025-08-20 08:55:00+00:00,23278.65,23286.45,23278.15,23285.25,378,160,0
2025-08-20 09:00:00+00:00,23284.95,23291.45,23282.85,23285.15,533,160,0
2025-08-20 09:05:00+00:00,23284.85,23290.65,23280.05,23281.65,443,180,0
2025-08-20 09:10:00+00:00,23281.35,23282.85,23277.45,23281.55,386,170,0
2025-08-20 09:15:00+00:00,23281.85,23282.75,23272.45,23276.55,457,160,0
2025-08-20 09:20:00+00:00,23277.15,23278.75,23264.35,23267.55,525,170,0
2025-08-20 09:25:00+00:00,23267.85,23284.35,23264.65,23282.85,823,180,0
2025-08-20 09:30:00+00:00,23283.05,23302.75,23280.65,23296.75,715,180,0
2025-08-20 09:35:00+00:00,23296.75,23310.35,23295.05,23308.25,475,180,0
2025-08-20 09:40:00+00:00,23308.25,23311.55,23302.85,23305.55,446,170,0
2025-08-20 09:45:00+00:00,23305.15,23308.05,23298.45,23298.95,362,170,0
2025-08-20 09:50:00+00:00,23298.95,23310.05,23295.95,23308.35,378,170,0
2025-08-20 09:55:00+00:00,23308.15,23311.05,23304.75,23308.95,407,170,0
2025-08-20 10:00:00+00:00,23308.65,23317.55,23305.45,23307.75,936,170,0
2025-08-20 10:05:00+00:00,23307.95,23322.25,23306.05,23317.05,792,190,0
2025-08-20 10:10:00+00:00,23316.75,23332.75,23316.55,23327.55,695,180,0
2025-08-20 10:15:00+00:00,23326.25,23331.75,23321.45,23329.25,719,190,0
2025-08-20 10:20:00+00:00,23329.05,23340.85,23328.35,23340.05,691,190,0
2025-08-20 10:25:00+00:00,23339.55,23349.85,23335.95,23337.75,738,190,0
2025-08-20 10:30:00+00:00,23337.55,23337.55,23314.95,23320.55,735,180,0
2025-08-20 10:35:00+00:00,23319.05,23324.65,23317.75,23321.65,496,170,0
2025-08-20 10:40:00+00:00,23321.65,23325.05,23315.95,23318.55,438,170,0
2025-08-20 10:45:00+00:00,23318.35,23325.35,23315.95,23322.65,496,170,0
2025-08-20 10:50:00+00:00,23322.75,23328.05,23320.55,23327.15,403,170,0
2025-08-20 10:55:00+00:00,23327.45,23329.55,23317.95,23319.05,491,170,0
2025-08-20 11:00:00+00:00,23319.95,23327.55,23314.85,23327.35,826,170,0
2025-08-20 11:05:00+00:00,23327.05,23329.95,23317.55,23319.05,697,190,0
2025-08-20 11:10:00+00:00,23319.05,23321.05,23302.25,23304.45,661,180,0
2025-08-20 11:15:00+00:00,23304.85,23314.25,23300.35,23313.35,596,190,0
2025-08-20 11:20:00+00:00,23314.05,23316.85,23299.45,23301.25,646,180,0
2025-08-20 11:25:00+00:00,23301.35,23305.25,23291.95,23298.05,681,190,0
2025-08-20 11:30:00+00:00,23298.05,23326.75,23291.75,23320.75,818,190,0
2025-08-20 11:35:00+00:00,23320.75,23340.95,23320.25,23336.15,741,200,0
2025-08-20 11:40:00+00:00,23336.05,23339.45,23333.15,23336.35,503,180,0
2025-08-20 11:45:00+00:00,23336.15,23336.15,23325.15,23331.15,527,170,0
2025-08-20 11:50:00+00:00,23331.35,23336.35,23329.55,23334.15,435,170,0
2025-08-20 11:55:00+00:00,23334.35,23335.55,23329.35,23334.15,358,160,0
2025-08-20 12:00:00+00:00,23334.15,23344.75,23326.35,23336.05,649,170,0
2025-08-20 12:05:00+00:00,23336.05,23346.15,23329.35,23345.15,482,170,0
2025-08-20 12:10:00+00:00,23345.35,23349.45,23340.95,23345.95,486,160,0
2025-08-20 12:15:00+00:00,23345.85,23351.85,23343.85,23350.65,449,170,0
2025-08-20 12:20:00+00:00,23350.35,23353.45,23346.35,23348.95,418,160,0
2025-08-20 12:25:00+00:00,23348.75,23350.35,23342.05,23345.75,437,160,0
2025-08-20 12:30:00+00:00,23345.35,23349.55,23343.15,23347.15,384,170,0
2025-08-20 12:35:00+00:00,23347.45,23355.15,23346.85,23352.95,336,160,0
2025-08-20 12:40:00+00:00,23352.95,23354.85,23344.05,23347.05,371,170,0
2025-08-20 12:45:00+00:00,23347.05,23357.15,23347.05,23355.35,357,160,0
2025-08-20 12:50:00+00:00,23355.25,23359.25,23352.65,23352.65,301,160,0
2025-08-20 12:55:00+00:00,23352.75,23353.95,23348.85,23352.45,316,160,0
2025-08-20 13:00:00+00:00,23352.35,23353.55,23345.05,23346.55,375,160,0
2025-08-20 13:05:00+00:00,23346.35,23353.85,23344.95,23351.05,372,170,0
2025-08-20 13:10:00+00:00,23350.85,23358.05,23348.85,23357.35,305,160,0
2025-08-20 13:15:00+00:00,23357.65,23361.25,23355.15,23359.65,332,160,0
2025-08-20 13:20:00+00:00,23359.65,23360.35,23353.85,23355.95,326,160,0
2025-08-20 13:25:00+00:00,23355.85,23356.35,23347.15,23347.45,253,150,0
2025-08-20 13:30:00+00:00,23347.55,23350.35,23332.75,23333.35,461,150,0
2025-08-20 13:35:00+00:00,23333.25,23336.35,23323.25,23326.35,513,170,0
2025-08-20 13:40:00+00:00,23326.55,23334.15,23325.15,23333.95,440,170,0
2025-08-20 13:45:00+00:00,23333.95,23340.75,23331.05,23334.45,315,160,0
2025-08-20 13:50:00+00:00,23334.65,23342.85,23333.85,23340.75,358,160,0
2025-08-20 13:55:00+00:00,23340.65,23347.15,23338.95,23345.15,457,160,0
2025-08-20 14:00:00+00:00,23344.45,23371.35,23340.35,23368.75,860,170,0
2025-08-20 14:05:00+00:00,23368.75,23368.75,23359.15,23359.85,543,190,0
2025-08-20 14:10:00+00:00,23360.05,23367.25,23357.55,23364.15,536,180,0
2025-08-20 14:15:00+00:00,23363.65,23364.55,23348.35,23354.15,595,170,0
2025-08-20 14:20:00+00:00,23354.15,23360.35,23346.65,23348.35,519,170,0
2025-08-20 14:25:00+00:00,23348.65,23349.65,23331.75,23334.65,651,170,0
2025-08-20 14:30:00+00:00,23334.65,23339.65,23332.35,23333.15,561,170,0
2025-08-20 14:35:00+00:00,23332.85,23336.15,23312.95,23312.95,807,180,0
2025-08-20 14:40:00+00:00,23313.05,23323.05,23309.95,23320.35,639,190,0
2025-08-20 14:45:00+00:00,23320.35,23321.15,23305.75,23318.55,702,180,0
2025-08-20 14:50:00+00:00,23318.55,23339.45,23318.55,23328.65,823,180,0
2025-08-20 14:55:00+00:00,23328.85,23336.75,23326.05,23333.85,602,180,0
2025-08-20 15:00:00+00:00,23333.35,23346.75,23331.05,23343.85,720,190,0
2025-08-20 15:05:00+00:00,23343.35,23347.65,23341.55,23343.05,541,180,0
2025-08-20 15:10:00+00:00,23342.85,23344.85,23334.55,23337.85,557,170,0
2025-08-20 15:15:00+00:00,23337.75,23343.55,23334.55,23342.35,563,170,0
2025-08-20 15:20:00+00:00,23341.75,23347.55,23340.15,23341.85,485,170,0
2025-08-20 15:25:00+00:00,23341.95,23347.35,23327.95,23332.85,704,170,0
2025-08-20 15:30:00+00:00,23332.05,23340.75,23317.75,23323.95,1101,190,0
2025-08-20 15:35:00+00:00,23323.75,23328.95,23316.65,23326.35,872,200,0
2025-08-20 15:40:00+00:00,23326.45,23345.15,23325.95,23341.85,791,180,0
2025-08-20 15:45:00+00:00,23342.05,23355.85,23338.85,23354.45,723,180,0
2025-08-20 15:50:00+00:00,23354.25,23355.25,23345.55,23346.35,612,180,0
2025-08-20 15:55:00+00:00,23346.25,23348.75,23340.25,23346.25,695,180,0
2025-08-20 16:00:00+00:00,23346.05,23350.25,23340.05,23344.95,822,180,0
2025-08-20 16:05:00+00:00,23344.95,23347.25,23335.55,23337.25,808,180,0
2025-08-20 16:10:00+00:00,23337.05,23337.45,23326.05,23328.25,759,190,0
2025-08-20 16:15:00+00:00,23327.95,23334.45,23324.25,23328.45,779,190,0
2025-08-20 16:20:00+00:00,23328.45,23337.35,23324.75,23332.25,780,180,0
2025-08-20 16:25:00+00:00,23332.35,23350.15,23323.15,23345.35,1279,180,0
2025-08-20 16:30:00+00:00,23345.65,23351.95,23282.65,23290.65,2660,120,0
2025-08-20 16:35:00+00:00,23292.05,23312.85,23277.65,23278.45,2605,120,0
2025-08-20 16:40:00+00:00,23279.55,23292.85,23242.65,23242.95,2515,120,0
2025-08-20 16:45:00+00:00,23244.05,23244.05,23185.35,23185.35,2597,120,0
2025-08-20 16:50:00+00:00,23184.95,23184.95,23087.65,23092.45,2651,120,0
2025-08-20 16:55:00+00:00,23091.95,23125.45,23066.65,23094.05,2602,120,0
2025-08-20 17:00:00+00:00,23094.15,23133.85,23085.55,23091.15,2611,120,0
2025-08-20 17:05:00+00:00,23090.65,23097.65,23016.45,23030.95,2700,120,0
2025-08-20 17:10:00+00:00,23031.35,23048.65,23011.65,23029.45,2638,120,0
2025-08-20 17:15:00+00:00,23030.15,23045.15,22983.65,23034.45,2622,120,0
2025-08-20 17:20:00+00:00,23034.35,23076.35,23024.55,23061.35,2552,120,0
2025-08-20 17:25:00+00:00,23060.15,23074.05,23013.95,23015.55,2496,120,0
2025-08-20 17:30:00+00:00,23016.35,23028.85,23001.85,23019.15,2588,120,0
2025-08-20 17:35:00+00:00,23018.95,23028.45,23001.55,23001.55,2447,120,0
2025-08-20 17:40:00+00:00,23003.35,23006.15,22977.45,22988.05,2394,120,0
2025-08-20 17:45:00+00:00,22988.05,23008.85,22962.95,22977.35,2384,120,0
2025-08-20 17:50:00+00:00,22976.95,22987.05,22954.65,22964.05,2283,120,0
2025-08-20 17:55:00+00:00,22964.05,22980.85,22955.35,22976.85,2214,120,0
2025-08-20 18:00:00+00:00,22977.15,22997.35,22966.35,22996.45,2258,120,0
2025-08-20 18:05:00+00:00,22995.85,23047.65,22993.85,23042.55,2144,120,0
2025-08-20 18:10:00+00:00,23042.85,23055.55,23033.55,23051.85,2014,120,0
2025-08-20 18:15:00+00:00,23051.05,23094.05,23051.05,23092.85,2109,120,0
2025-08-20 18:20:00+00:00,23092.85,23136.55,23092.05,23134.95,2055,120,0
2025-08-20 18:25:00+00:00,23134.55,23147.05,23115.85,23144.05,2116,120,0
2025-08-20 18:30:00+00:00,23143.85,23176.85,23134.05,23171.85,2114,120,0
2025-08-20 18:35:00+00:00,23171.35,23184.85,23144.35,23144.55,2155,120,0
2025-08-20 18:40:00+00:00,23144.85,23177.05,23143.65,23151.05,2163,120,0
2025-08-20 18:45:00+00:00,23150.85,23163.65,23133.05,23137.85,2073,120,0
2025-08-20 18:50:00+00:00,23137.55,23138.05,23080.85,23089.55,2161,120,0
2025-08-20 18:55:00+00:00,23090.05,23101.55,23072.55,23091.05,1947,120,0
2025-08-20 19:00:00+00:00,23090.95,23135.45,23089.35,23128.85,2068,120,0
2025-08-20 19:05:00+00:00,23128.85,23136.85,23116.35,23132.65,1952,120,0
2025-08-20 19:10:00+00:00,23133.35,23162.45,23127.85,23160.05,1991,120,0
2025-08-20 19:15:00+00:00,23157.55,23183.55,23156.95,23182.35,1734,120,0
2025-08-20 19:20:00+00:00,23182.55,23199.65,23179.05,23190.85,1799,120,0
2025-08-20 19:25:00+00:00,23191.65,23223.35,23189.15,23217.55,1825,120,0
2025-08-20 19:30:00+00:00,23217.85,23217.85,23190.55,23199.35,1850,120,0
2025-08-20 19:35:00+00:00,23198.05,23202.55,23176.35,23193.55,1798,120,0
2025-08-20 19:40:00+00:00,23193.85,23197.35,23166.05,23189.35,1812,120,0
2025-08-20 19:45:00+00:00,23189.35,23194.35,23162.85,23172.55,1811,120,0
2025-08-20 19:50:00+00:00,23172.85,23185.95,23159.05,23171.55,1772,120,0
2025-08-20 19:55:00+00:00,23169.05,23171.05,23138.15,23153.35,1792,120,0
2025-08-20 20:00:00+00:00,23153.35,23185.35,23145.35,23181.55,1921,120,0
2025-08-20 20:05:00+00:00,23180.55,23193.85,23158.35,23188.45,1875,120,0
2025-08-20 20:10:00+00:00,23188.15,23189.45,23154.65,23156.55,1908,120,0
2025-08-20 20:15:00+00:00,23156.55,23180.85,23150.55,23173.35,1907,120,0
2025-08-20 20:20:00+00:00,23173.15,23192.25,23162.25,23164.35,1699,110,0
2025-08-20 20:25:00+00:00,23164.25,23172.45,23157.35,23168.35,1673,120,0
2025-08-20 20:30:00+00:00,23168.45,23218.25,23167.35,23214.35,1747,120,0
2025-08-20 20:35:00+00:00,23214.25,23220.75,23204.45,23213.45,1699,120,0
2025-08-20 20:40:00+00:00,23214.05,23221.65,23207.25,23219.85,1605,80,0
2025-08-20 20:45:00+00:00,23219.55,23237.55,23213.95,23216.85,1705,90,0
2025-08-20 20:50:00+00:00,23216.75,23219.75,23196.95,23204.25,1618,120,0
2025-08-20 20:55:00+00:00,23203.75,23205.25,23176.25,23187.45,1539,80,0
2025-08-20 21:00:00+00:00,23186.85,23194.05,23122.25,23145.85,2104,100,0
2025-08-20 21:05:00+00:00,23145.85,23163.95,23132.35,23162.25,2084,120,0
2025-08-20 21:10:00+00:00,23162.25,23170.05,23132.85,23147.45,2000,120,0
2025-08-20 21:15:00+00:00,23147.45,23148.05,23123.95,23126.05,1875,120,0
2025-08-20 21:20:00+00:00,23126.25,23147.25,23113.75,23140.55,2045,120,0
2025-08-20 21:25:00+00:00,23140.35,23152.05,23128.35,23132.75,1855,120,0
2025-08-20 21:30:00+00:00,23132.55,23156.45,23131.25,23153.25,1838,120,0
2025-08-20 21:35:00+00:00,23151.75,23172.75,23139.25,23171.85,1697,120,0
2025-08-20 21:40:00+00:00,23171.95,23181.75,23163.45,23176.75,1617,90,0
2025-08-20 21:45:00+00:00,23176.95,23200.75,23173.15,23195.95,1431,80,0
2025-08-20 21:50:00+00:00,23195.75,23203.05,23183.35,23185.45,1555,80,0
2025-08-20 21:55:00+00:00,23186.25,23192.65,23162.65,23166.65,1565,80,0
2025-08-20 22:00:00+00:00,23166.95,23186.35,23166.45,23183.25,1632,80,0
2025-08-20 22:05:00+00:00,23183.45,23203.65,23174.75,23200.65,1405,80,0
2025-08-20 22:10:00+00:00,23200.45,23242.45,23199.95,23234.25,1721,80,0
2025-08-20 22:15:00+00:00,23233.95,23250.45,23229.45,23240.45,1573,110,0
2025-08-20 22:20:00+00:00,23240.55,23275.05,23237.75,23271.15,1561,80,0
2025-08-20 22:25:00+00:00,23270.65,23271.15,23233.95,23242.45,1677,80,0
2025-08-20 22:30:00+00:00,23242.55,23263.95,23236.45,23261.75,1632,120,0
2025-08-20 22:35:00+00:00,23261.95,23270.85,23242.15,23243.95,1622,80,0
2025-08-20 22:40:00+00:00,23243.95,23259.75,23241.65,23257.75,1412,80,0
2025-08-20 22:45:00+00:00,23257.65,23274.45,23253.75,23272.55,1470,80,0
2025-08-20 22:50:00+00:00,23270.45,23280.75,23248.95,23273.35,1965,80,0
2025-08-20 22:55:00+00:00,23273.55,23290.45,23242.25,23247.45,2170,120,0
2025-08-20 23:00:00+00:00,23247.25,23253.26,23237.16,23245.16,1226,120,0
2025-08-20 23:05:00+00:00,23245.16,23247.36,23238.66,23241.56,641,198,0
2025-08-20 23:10:00+00:00,23240.86,23245.06,23234.86,23239.06,680,198,0
2025-08-20 23:15:00+00:00,23238.86,23239.86,23229.36,23231.16,458,188,0
2025-08-20 23:20:00+00:00,23231.36,23235.86,23229.86,23234.16,395,188,0
2025-08-20 23:25:00+00:00,23233.66,23234.26,23230.26,23233.26,292,168,0
2025-08-20 23:30:00+00:00,23233.16,23237.26,23232.56,23236.16,281,178,0
2025-08-20 23:35:00+00:00,23236.16,23237.76,23234.16,23236.76,249,168,0
2025-08-20 23:40:00+00:00,23236.96,23238.26,23235.46,23235.96,195,168,0
2025-08-20 23:45:00+00:00,23236.06,23237.36,23230.96,23233.86,289,168,0
2025-08-21 01:05:00+00:00,23251.86,23263.06,23242.96,23249.56,549,218,0
2025-08-21 01:10:00+00:00,23249.86,23257.06,23241.96,23244.56,456,208,0
2025-08-21 01:15:00+00:00,23245.06,23250.06,23235.96,23236.06,444,208,0
2025-08-21 01:20:00+00:00,23236.06,23252.76,23234.66,23252.46,340,198,0
2025-08-21 01:25:00+00:00,23252.66,23257.26,23246.96,23255.36,430,198,0
2025-08-21 01:30:00+00:00,23254.86,23258.86,23244.26,23244.66,420,198,0
2025-08-21 01:35:00+00:00,23244.76,23246.26,23236.56,23236.66,455,198,0
2025-08-21 01:40:00+00:00,23236.66,23241.56,23233.96,23239.26,350,188,0
2025-08-21 01:45:00+00:00,23239.16,23240.36,23235.96,23238.76,245,178,0
2025-08-21 01:50:00+00:00,23239.46,23242.36,23238.06,23240.76,208,178,0
2025-08-21 01:55:00+00:00,23240.96,23243.46,23238.76,23240.56,211,168,0
2025-08-21 02:00:00+00:00,23240.56,23244.45,23236.35,23237.95,241,160,0
2025-08-21 02:05:00+00:00,23238.45,23250.25,23230.15,23248.55,442,160,0
2025-08-21 02:10:00+00:00,23248.45,23250.65,23242.35,23244.65,282,170,0
2025-08-21 02:15:00+00:00,23244.85,23248.05,23243.35,23245.55,166,160,0
2025-08-21 02:20:00+00:00,23245.95,23246.15,23239.85,23240.35,186,150,0
2025-08-21 02:25:00+00:00,23240.05,23243.05,23234.95,23236.45,322,160,0
2025-08-21 02:30:00+00:00,23235.35,23236.25,23227.45,23228.95,454,180,0
2025-08-21 02:35:00+00:00,23228.45,23234.45,23228.05,23234.35,259,160,0
2025-08-21 02:40:00+00:00,23234.55,23239.85,23231.85,23234.35,230,150,0
2025-08-21 02:45:00+00:00,23234.85,23236.35,23228.25,23228.25,370,160,0
2025-08-21 02:50:00+00:00,23227.25,23241.85,23227.15,23241.05,319,160,0
2025-08-21 02:55:00+00:00,23241.05,23243.55,23236.05,23240.35,436,170,0
2025-08-21 03:00:00+00:00,23240.35,23240.35,23225.35,23232.65,902,170,0
2025-08-21 03:05:00+00:00,23233.35,23240.75,23230.25,23234.05,656,190,0
2025-08-21 03:10:00+00:00,23234.25,23244.45,23232.25,23235.05,630,180,0
2025-08-21 03:15:00+00:00,23235.35,23236.45,23218.55,23218.55,732,180,0
2025-08-21 03:20:00+00:00,23218.45,23220.15,23198.15,23200.25,737,190,0
2025-08-21 03:25:00+00:00,23199.95,23206.95,23189.95,23206.55,651,180,0
2025-08-21 03:30:00+00:00,23206.45,23225.95,23205.05,23225.45,669,180,0
2025-08-21 03:35:00+00:00,23225.75,23232.65,23221.25,23225.25,490,180,0
2025-08-21 03:40:00+00:00,23225.45,23232.45,23224.05,23225.75,534,180,0
2025-08-21 03:45:00+00:00,23225.95,23228.75,23206.05,23210.65,699,170,0
2025-08-21 03:50:00+00:00,23211.25,23216.25,23198.65,23204.65,766,190,0
2025-08-21 03:55:00+00:00,23204.65,23215.25,23203.75,23212.75,522,180,0
2025-08-21 04:00:00+00:00,23212.75,23217.35,23199.15,23203.55,785,170,0
2025-08-21 04:05:00+00:00,23203.65,23207.65,23189.05,23201.15,866,210,0
2025-08-21 04:10:00+00:00,23201.65,23206.75,23188.15,23205.15,738,200,0
2025-08-21 04:15:00+00:00,23205.35,23206.65,23195.35,23201.05,671,190,0
2025-08-21 04:20:00+00:00,23200.95,23217.75,23195.45,23217.25,610,190,0
2025-08-21 04:25:00+00:00,23217.15,23218.85,23209.45,23215.25,538,170,0
2025-08-21 04:30:00+00:00,23215.25,23223.25,23215.25,23222.75,588,170,0
2025-08-21 04:35:00+00:00,23222.95,23224.35,23218.85,23222.55,512,170,0
2025-08-21 04:40:00+00:00,23222.75,23229.75,23220.35,23224.25,583,170,0
2025-08-21 04:45:00+00:00,23224.25,23233.65,23223.75,23230.55,484,170,0
2025-08-21 04:50:00+00:00,23230.35,23255.25,23230.05,23252.05,693,170,0
2025-08-21 04:55:00+00:00,23252.05,23275.35,23251.05,23274.15,693,190,0
2025-08-21 05:00:00+00:00,23272.65,23278.15,23271.05,23273.85,583,180,0
2025-08-21 05:05:00+00:00,23273.75,23276.55,23262.65,23263.65,589,170,0
2025-08-21 05:10:00+00:00,23263.45,23283.45,23262.15,23282.95,613,180,0
2025-08-21 05:15:00+00:00,23282.65,23284.25,23269.85,23284.05,490,180,0
2025-08-21 05:20:00+00:00,23283.95,23289.85,23282.95,23284.75,516,170,0
2025-08-21 05:25:00+00:00,23284.65,23287.15,23282.85,23284.65,251,160,0
2025-08-21 05:30:00+00:00,23284.25,23288.55,23276.85,23278.25,345,160,0
2025-08-21 05:35:00+00:00,23278.05,23279.65,23273.15,23277.15,324,170,0
2025-08-21 05:40:00+00:00,23277.05,23280.35,23271.65,23278.35,265,160,0
2025-08-21 05:45:00+00:00,23278.05,23279.05,23270.05,23272.35,293,160,0
2025-08-21 05:50:00+00:00,23272.15,23280.15,23271.55,23278.55,290,160,0
2025-08-21 05:55:00+00:00,23277.25,23277.85,23274.15,23275.35,204,160,0
2025-08-21 06:00:00+00:00,23275.35,23276.65,23271.15,23273.05,224,150,0
2025-08-21 06:05:00+00:00,23273.45,23281.35,23270.55,23279.75,262,150,0
2025-08-21 06:10:00+00:00,23279.55,23279.75,23272.65,23272.65,197,150,0
2025-08-21 06:15:00+00:00,23272.85,23272.85,23264.75,23266.55,343,160,0
2025-08-21 06:20:00+00:00,23266.25,23267.05,23258.05,23265.85,329,160,0
2025-08-21 06:25:00+00:00,23266.25,23270.25,23266.15,23269.35,238,160,0
2025-08-21 06:30:00+00:00,23269.35,23271.05,23262.65,23269.65,302,160,0
2025-08-21 06:35:00+00:00,23270.05,23272.85,23266.55,23271.55,310,160,0
2025-08-21 06:40:00+00:00,23271.55,23274.05,23268.05,23268.55,237,150,0
2025-08-21 06:45:00+00:00,23268.65,23272.45,23264.85,23271.05,235,150,0
2025-08-21 06:50:00+00:00,23270.85,23276.05,23269.05,23270.15,219,150,0
2025-08-21 06:55:00+00:00,23270.05,23271.55,23262.45,23262.55,262,150,0
2025-08-21 07:00:00+00:00,23262.55,23263.65,23257.85,23261.55,340,170,0
2025-08-21 07:05:00+00:00,23260.75,23261.25,23255.25,23256.75,239,150,0
2025-08-21 07:10:00+00:00,23256.15,23258.05,23253.85,23255.55,217,150,0
2025-08-21 07:15:00+00:00,23255.55,23264.85,23255.55,23258.05,300,160,0
2025-08-21 07:20:00+00:00,23257.75,23258.55,23253.95,23257.95,230,160,0
2025-08-21 07:25:00+00:00,23258.05,23260.05,23254.95,23256.35,156,150,0
2025-08-21 07:30:00+00:00,23256.55,23265.05,23251.35,23263.75,271,150,0
2025-08-21 07:35:00+00:00,23263.75,23263.75,23257.25,23257.65,176,150,0
2025-08-21 07:40:00+00:00,23257.65,23263.75,23253.05,23263.55,240,150,0
2025-08-21 07:45:00+00:00,23263.15,23267.65,23262.55,23263.35,198,150,0
2025-08-21 07:50:00+00:00,23263.55,23264.65,23260.85,23263.25,143,150,0
2025-08-21 07:55:00+00:00,23263.15,23265.55,23257.75,23261.45,256,150,0
2025-08-21 08:00:00+00:00,23261.95,23270.35,23259.05,23263.95,360,170,0
2025-08-21 08:05:00+00:00,23263.75,23264.75,23241.65,23245.75,564,170,0
2025-08-21 08:10:00+00:00,23246.05,23246.95,23240.45,23245.25,475,180,0
2025-08-21 08:15:00+00:00,23245.25,23257.25,23244.55,23251.45,477,170,0
2025-08-21 08:20:00+00:00,23251.95,23252.55,23244.55,23246.05,377,170,0
2025-08-21 08:25:00+00:00,23246.55,23247.75,23238.75,23239.65,405,170,0
2025-08-21 08:30:00+00:00,23239.75,23242.75,23237.55,23239.45,411,160,0
2025-08-21 08:35:00+00:00,23239.55,23242.55,23234.75,23236.75,414,160,0
2025-08-21 08:40:00+00:00,23236.65,23242.25,23232.65,23240.15,391,170,0
2025-08-21 08:45:00+00:00,23240.05,23245.55,23238.25,23241.55,277,170,0
2025-08-21 08:50:00+00:00,23240.75,23252.25,23237.75,23250.45,378,170,0
2025-08-21 08:55:00+00:00,23250.25,23262.05,23248.35,23261.85,408,170,0
2025-08-21 09:00:00+00:00,23261.85,23264.75,23255.25,23257.95,504,170,0
2025-08-21 09:05:00+00:00,23258.25,23263.55,23253.25,23261.65,434,180,0
2025-08-21 09:10:00+00:00,23261.95,23277.75,23261.95,23277.35,447,180,0
2025-08-21 09:15:00+00:00,23277.25,23288.95,23275.45,23286.75,473,170,0
2025-08-21 09:20:00+00:00,23286.55,23287.05,23277.05,23279.35,441,180,0
2025-08-21 09:25:00+00:00,23278.85,23278.95,23264.95,23273.55,575,170,0
2025-08-21 09:30:00+00:00,23273.15,23281.95,23271.75,23279.75,468,180,0
2025-08-21 09:35:00+00:00,23279.75,23287.45,23275.75,23276.75,486,170,0
2025-08-21 09:40:00+00:00,23276.95,23279.95,23272.45,23276.25,412,180,0
2025-08-21 09:45:00+00:00,23275.95,23276.25,23267.65,23268.35,380,170,0
2025-08-21 09:50:00+00:00,23268.25,23274.85,23268.25,23274.85,321,160,0
2025-08-21 09:55:00+00:00,23274.65,23277.55,23273.65,23275.75,326,170,0
2025-08-21 10:00:00+00:00,23275.55,23278.45,23256.85,23269.35,1121,170,0
2025-08-21 10:05:00+00:00,23269.45,23279.55,23261.85,23273.35,923,200,0
2025-08-21 10:10:00+00:00,23272.55,23272.85,23249.45,23251.25,795,200,0
2025-08-21 10:15:00+00:00,23251.15,23255.25,23242.15,23252.95,926,200,0
2025-08-21 10:20:00+00:00,23252.85,23258.55,23250.05,23252.45,780,180,0
2025-08-21 10:25:00+00:00,23251.75,23254.45,23244.65,23250.05,653,180,0
2025-08-21 10:30:00+00:00,23249.45,23260.75,23246.65,23260.75,834,190,0
2025-08-21 10:35:00+00:00,23261.25,23265.15,23257.65,23261.65,656,180,0
2025-08-21 10:40:00+00:00,23261.75,23267.85,23256.85,23259.35,527,180,0
2025-08-21 10:45:00+00:00,23258.35,23266.05,23252.95,23265.75,570,180,0
2025-08-21 10:50:00+00:00,23265.65,23273.15,23262.65,23268.45,628,190,0
2025-08-21 10:55:00+00:00,23268.45,23271.45,23262.05,23264.45,460,180,0
2025-08-21 11:00:00+00:00,23264.25,23275.95,23258.35,23274.15,901,180,0
2025-08-21 11:05:00+00:00,23274.15,23278.15,23264.45,23273.75,647,180,0
2025-08-21 11:10:00+00:00,23272.85,23272.95,23251.95,23265.95,683,180,0
2025-08-21 11:15:00+00:00,23266.35,23268.15,23238.35,23245.15,906,190,0
2025-08-21 11:20:00+00:00,23244.45,23262.45,23243.85,23261.25,716,190,0
2025-08-21 11:25:00+00:00,23261.95,23266.45,23256.15,23264.05,548,190,0
2025-08-21 11:30:00+00:00,23263.45,23271.75,23258.65,23263.25,633,180,0
2025-08-21 11:35:00+00:00,23262.95,23270.05,23260.95,23268.45,521,180,0
2025-08-21 11:40:00+00:00,23268.75,23270.55,23262.15,23263.85,440,170,0
2025-08-21 11:45:00+00:00,23263.65,23265.05,23247.45,23248.15,685,170,0
2025-08-21 11:50:00+00:00,23248.05,23248.15,23234.15,23242.35,625,190,0
2025-08-21 11:55:00+00:00,23242.15,23242.15,23217.95,23219.15,795,200,0
2025-08-21 12:00:00+00:00,23219.15,23226.15,23213.35,23221.85,837,200,0
2025-08-21 12:05:00+00:00,23221.15,23225.35,23210.65,23218.35,738,190,0
2025-08-21 12:10:00+00:00,23218.65,23229.65,23216.95,23226.95,648,190,0
2025-08-21 12:15:00+00:00,23226.65,23234.05,23222.25,23231.25,666,180,0
2025-08-21 12:20:00+00:00,23231.55,23236.45,23227.05,23235.95,642,180,0
2025-08-21 12:25:00+00:00,23236.25,23242.35,23234.55,23239.85,504,170,0
2025-08-21 12:30:00+00:00,23239.55,23242.35,23236.25,23237.75,431,170,0
2025-08-21 12:35:00+00:00,23237.85,23240.65,23234.75,23237.05,372,170,0
2025-08-21 12:40:00+00:00,23237.25,23245.55,23235.05,23244.75,373,160,0
2025-08-21 12:45:00+00:00,23244.75,23249.25,23241.75,23248.55,495,160,0
2025-08-21 12:50:00+00:00,23248.55,23249.55,23233.45,23238.35,517,170,0
2025-08-21 12:55:00+00:00,23238.25,23238.75,23223.05,23225.05,561,180,0
2025-08-21 13:00:00+00:00,23224.95,23225.95,23207.35,23221.95,815,180,0
2025-08-21 13:05:00+00:00,23222.15,23232.95,23221.85,23228.25,681,190,0
2025-08-21 13:10:00+00:00,23228.45,23228.45,23212.45,23212.75,623,190,0
2025-08-21 13:15:00+00:00,23212.75,23217.65,23198.35,23199.95,731,180,0
2025-08-21 13:20:00+00:00,23200.85,23223.25,23193.65,23221.85,825,200,0
2025-08-21 13:25:00+00:00,23221.75,23226.35,23213.35,23222.85,750,190,0
2025-08-21 13:30:00+00:00,23222.65,23225.25,23212.35,23215.65,720,180,0
2025-08-21 13:35:00+00:00,23215.95,23221.05,23213.95,23219.35,572,180,0
2025-08-21 13:40:00+00:00,23219.35,23227.55,23219.25,23223.75,528,180,0
2025-08-21 13:45:00+00:00,23223.25,23226.05,23221.45,23223.15,339,170,0
2025-08-21 13:50:00+00:00,23223.35,23237.85,23218.75,23236.95,664,170,0
2025-08-21 13:55:00+00:00,23236.95,23238.35,23224.25,23233.15,754,180,0
2025-08-21 14:00:00+00:00,23232.65,23254.55,23220.15,23229.65,1436,200,0
2025-08-21 14:05:00+00:00,23229.55,23247.85,23229.45,23234.75,913,200,0
2025-08-21 14:10:00+00:00,23234.85,23235.65,23217.35,23222.65,801,200,0
2025-08-21 14:15:00+00:00,23222.65,23226.55,23219.35,23220.75,572,180,0
2025-08-21 14:20:00+00:00,23220.45,23232.05,23217.95,23227.65,597,180,0
2025-08-21 14:25:00+00:00,23227.45,23231.25,23221.75,23224.35,428,180,0
2025-08-21 14:30:00+00:00,23223.75,23231.15,23215.25,23216.25,578,180,0
2025-08-21 14:35:00+00:00,23215.95,23222.15,23202.45,23207.85,771,190,0
2025-08-21 14:40:00+00:00,23207.85,23217.85,23202.95,23209.25,678,190,0
2025-08-21 14:45:00+00:00,23208.95,23208.95,23185.65,23189.95,862,180,0
2025-08-21 14:50:00+00:00,23189.85,23207.15,23189.85,23199.85,797,200,0
2025-08-21 14:55:00+00:00,23200.15,23207.45,23197.15,23201.95,686,190,0
2025-08-21 15:00:00+00:00,23199.95,23201.65,23182.25,23186.35,948,180,0
2025-08-21 15:05:00+00:00,23186.75,23193.35,23179.65,23183.75,824,200,0
2025-08-21 15:10:00+00:00,23184.15,23184.15,23156.45,23164.55,1221,200,0
2025-08-21 15:15:00+00:00,23164.55,23165.35,23142.95,23152.55,1116,200,0
2025-08-21 15:20:00+00:00,23151.35,23169.35,23143.65,23166.45,1081,210,0
2025-08-21 15:25:00+00:00,23166.35,23167.65,23154.95,23158.02,865,200,0
2025-08-21 15:30:00+00:00,23158.02,23189.15,23148.27,23188.55,1356,210,0
2025-08-21 15:35:00+00:00,23188.85,23189.35,23161.45,23161.65,1119,200,0
2025-08-21 15:40:00+00:00,23161.45,23168.45,23152.65,23152.95,1058,210,0
2025-08-21 15:45:00+00:00,23153.05,23155.05,23138.95,23145.55,1155,200,0
2025-08-21 15:50:00+00:00,23144.05,23149.95,23137.35,23142.25,1046,200,0
2025-08-21 15:55:00+00:00,23142.35,23149.45,23136.35,23144.65,1091,200,0
2025-08-21 16:00:00+00:00,23143.65,23151.75,23129.35,23148.15,1235,200,0
2025-08-21 16:05:00+00:00,23147.85,23169.25,23147.85,23168.95,1061,200,0
2025-08-21 16:10:00+00:00,23168.85,23170.85,23148.05,23150.55,1227,200,0
2025-08-21 16:15:00+00:00,23150.45,23158.55,23144.95,23154.85,992,200,0
2025-08-21 16:20:00+00:00,23154.85,23169.05,23154.65,23159.25,1075,190,0
2025-08-21 16:25:00+00:00,23159.65,23182.45,23157.75,23180.15,1383,200,0
2025-08-21 16:30:00+00:00,23180.35,23194.05,23121.15,23163.05,2653,80,0
2025-08-21 16:35:00+00:00,23163.75,23211.35,23145.75,23198.35,2541,120,0
2025-08-21 16:40:00+00:00,23198.05,23198.05,23157.25,23175.82,2348,120,0
2025-08-21 16:45:00+00:00,23182.12,23188.35,23097.15,23186.85,2595,120,0
2025-08-21 16:50:00+00:00,23187.05,23189.35,23136.75,23161.05,2441,120,0
2025-08-21 16:55:00+00:00,23161.55,23168.75,23105.05,23107.05,2331,120,0
2025-08-21 17:00:00+00:00,23107.25,23189.15,23077.85,23182.65,2508,120,0
2025-08-21 17:05:00+00:00,23182.75,23210.05,23180.85,23203.15,2322,120,0
2025-08-21 17:10:00+00:00,23203.25,23223.75,23190.65,23202.35,2335,120,0
2025-08-21 17:15:00+00:00,23202.75,23235.55,23193.75,23224.25,2234,120,0
2025-08-21 17:20:00+00:00,23224.35,23243.85,23218.35,23240.35,2155,120,0
2025-08-21 17:25:00+00:00,23240.55,23268.85,23220.55,23266.35,2089,120,0
2025-08-21 17:30:00+00:00,23266.15,23266.25,23206.35,23215.75,2289,120,0
2025-08-21 17:35:00+00:00,23216.05,23222.15,23178.75,23179.55,2209,120,0
2025-08-21 17:40:00+00:00,23179.65,23200.85,23170.75,23200.15,2195,120,0
2025-08-21 17:45:00+00:00,23200.15,23210.15,23176.35,23178.35,2187,120,0
2025-08-21 17:50:00+00:00,23178.85,23220.55,23178.85,23219.15,2053,120,0
2025-08-21 17:55:00+00:00,23219.15,23222.65,23206.05,23215.85,1974,120,0
2025-08-21 18:00:00+00:00,23215.75,23233.15,23199.55,23203.65,1997,120,0
2025-08-21 18:05:00+00:00,23203.85,23204.05,23181.85,23188.35,2085,120,0
2025-08-21 18:10:00+00:00,23188.65,23191.65,23130.05,23134.25,2229,120,0
2025-08-21 18:15:00+00:00,23133.15,23165.25,23125.35,23162.35,2093,120,0
2025-08-21 18:20:00+00:00,23162.15,23207.85,23150.05,23198.05,2099,120,0
2025-08-21 18:25:00+00:00,23198.35,23201.35,23166.05,23177.85,2019,120,0
2025-08-21 18:30:00+00:00,23177.55,23211.65,23176.45,23205.35,2095,120,0
2025-08-21 18:35:00+00:00,23205.35,23212.45,23197.75,23200.45,1791,100,0
2025-08-21 18:40:00+00:00,23199.65,23217.15,23190.15,23204.85,1706,110,0
2025-08-21 18:45:00+00:00,23204.95,23205.65,23173.05,23177.15,1799,80,0
2025-08-21 18:50:00+00:00,23176.65,23178.95,23123.15,23127.65,1976,120,0
2025-08-21 18:55:00+00:00,23128.85,23133.45,23113.15,23126.35,1946,120,0
2025-08-21 19:00:00+00:00,23125.95,23133.85,23103.45,23108.15,2000,120,0
2025-08-21 19:05:00+00:00,23107.95,23119.05,23101.45,23108.15,1727,120,0
2025-08-21 19:10:00+00:00,23108.15,23130.15,23098.15,23115.85,1773,110,0
2025-08-21 19:15:00+00:00,23115.95,23135.65,23115.15,23134.35,1620,80,0
2025-08-21 19:20:00+00:00,23134.65,23134.85,23118.35,23128.95,1665,80,0
2025-08-21 19:25:00+00:00,23129.15,23129.45,23095.05,23104.65,1787,80,0
2025-08-21 19:30:00+00:00,23104.65,23126.65,23098.15,23105.45,1766,120,0
2025-08-21 19:35:00+00:00,23105.35,23121.35,23096.65,23117.05,1750,80,0
2025-08-21 19:40:00+00:00,23117.25,23125.35,23103.25,23109.15,1519,80,0
2025-08-21 19:45:00+00:00,23109.05,23117.65,23097.65,23107.35,1533,80,0
2025-08-21 19:50:00+00:00,23106.85,23134.75,23105.05,23126.35,1632,80,0
2025-08-21 19:55:00+00:00,23126.55,23132.55,23073.05,23083.35,1742,80,0
2025-08-21 20:00:00+00:00,23083.15,23104.65,23075.85,23102.65,1823,120,0
2025-08-21 20:05:00+00:00,23102.45,23117.35,23095.65,23105.15,1772,120,0
2025-08-21 20:10:00+00:00,23105.05,23105.05,23075.45,23077.15,1780,120,0
2025-08-21 20:15:00+00:00,23076.85,23081.65,23054.45,23057.95,1820,120,0
2025-08-21 20:20:00+00:00,23058.05,23065.15,23044.15,23049.65,1835,120,0
2025-08-21 20:25:00+00:00,23049.95,23072.15,23042.15,23068.35,1776,120,0
2025-08-21 20:30:00+00:00,23068.35,23097.15,23062.95,23096.95,1696,120,0
2025-08-21 20:35:00+00:00,23097.15,23123.35,23094.15,23117.15,1587,80,0
2025-08-21 20:40:00+00:00,23117.25,23130.55,23113.35,23124.65,1499,80,0
2025-08-21 20:45:00+00:00,23124.35,23146.15,23122.15,23132.65,1346,80,0
2025-08-21 20:50:00+00:00,23133.65,23141.15,23113.35,23125.85,1450,80,0
2025-08-21 20:55:00+00:00,23125.65,23137.85,23121.85,23137.15,1281,80,0
2025-08-21 21:00:00+00:00,23135.75,23145.15,23128.05,23131.35,1491,80,0
2025-08-21 21:05:00+00:00,23131.35,23140.65,23114.15,23122.25,1475,80,0
2025-08-21 21:10:00+00:00,23121.85,23134.35,23110.85,23129.35,1396,80,0
2025-08-21 21:15:00+00:00,23128.85,23140.65,23120.15,23136.65,1347,80,0
2025-08-21 21:20:00+00:00,23136.85,23141.65,23121.65,23135.75,1257,80,0
2025-08-21 21:25:00+00:00,23135.65,23138.15,23119.65,23120.65,1190,80,0
2025-08-21 21:30:00+00:00,23120.65,23126.15,23101.85,23124.65,1576,80,0
2025-08-21 21:35:00+00:00,23124.95,23143.65,23121.95,23140.35,1395,80,0
2025-08-21 21:40:00+00:00,23140.25,23143.85,23119.35,23120.85,1299,80,0
2025-08-21 21:45:00+00:00,23120.65,23121.65,23104.75,23121.05,1476,80,0
2025-08-21 21:50:00+00:00,23121.65,23146.15,23116.25,23138.65,1440,80,0
2025-08-21 21:55:00+00:00,23138.75,23156.65,23125.65,23147.35,1446,80,0
2025-08-21 22:00:00+00:00,23146.85,23164.15,23142.85,23153.85,1375,80,0
2025-08-21 22:05:00+00:00,23154.15,23172.85,23150.65,23166.35,1349,80,0
2025-08-21 22:10:00+00:00,23166.55,23174.25,23163.65,23169.55,1110,80,0
2025-08-21 22:15:00+00:00,23169.85,23174.65,23160.65,23167.35,1229,80,0
2025-08-21 22:20:00+00:00,23167.65,23175.85,23162.35,23174.15,1143,80,0
2025-08-21 22:25:00+00:00,23173.85,23176.85,23156.85,23158.85,1205,80,0
2025-08-21 22:30:00+00:00,23158.85,23160.65,23150.35,23151.65,1326,80,0
2025-08-21 22:35:00+00:00,23152.55,23154.85,23136.15,23141.65,1310,80,0
2025-08-21 22:40:00+00:00,23141.35,23149.85,23130.15,23137.85,1414,80,0
2025-08-21 22:45:00+00:00,23138.35,23145.25,23129.05,23143.65,1340,80,0
2025-08-21 22:50:00+00:00,23141.35,23156.35,23132.55,23145.65,1787,80,0
2025-08-21 22:55:00+00:00,23147.05,23154.95,23125.65,23139.55,1758,120,0
2025-08-21 23:00:00+00:00,23139.55,23143.36,23121.36,23128.36,1298,120,0
2025-08-21 23:05:00+00:00,23128.66,23130.16,23123.46,23126.06,727,198,0
2025-08-21 23:10:00+00:00,23126.76,23143.56,23125.16,23143.06,659,198,0
2025-08-21 23:15:00+00:00,23142.76,23144.86,23137.76,23141.36,409,188,0
2025-08-21 23:20:00+00:00,23141.76,23142.06,23137.86,23140.96,283,168,0
2025-08-21 23:25:00+00:00,23140.96,23143.46,23131.86,23132.86,291,168,0
2025-08-21 23:30:00+00:00,23133.06,23134.86,23129.16,23129.96,285,168,0
2025-08-21 23:35:00+00:00,23129.46,23139.06,23128.46,23137.66,242,168,0
2025-08-21 23:40:00+00:00,23137.36,23143.36,23137.16,23139.66,308,178,0
2025-08-21 23:45:00+00:00,23139.76,23147.36,23138.26,23146.86,285,168,0
2025-08-22 01:05:00+00:00,23156.16,23165.46,23154.56,23162.46,356,198,0
2025-08-22 01:10:00+00:00,23162.66,23168.26,23160.96,23161.96,502,188,0
2025-08-22 01:15:00+00:00,23162.06,23169.76,23159.76,23165.76,321,188,0
2025-08-22 01:20:00+00:00,23164.76,23168.36,23160.66,23160.76,300,178,0
2025-08-22 01:25:00+00:00,23160.86,23161.56,23152.56,23153.36,341,178,0
2025-08-22 01:30:00+00:00,23153.56,23160.36,23152.96,23156.76,333,188,0
2025-08-22 01:35:00+00:00,23156.46,23165.26,23151.76,23163.96,339,188,0
2025-08-22 01:40:00+00:00,23163.46,23172.06,23159.86,23171.86,259,178,0
2025-08-22 01:45:00+00:00,23171.56,23173.66,23162.86,23164.56,287,178,0
2025-08-22 01:50:00+00:00,23164.56,23169.76,23164.26,23167.36,229,178,0
2025-08-22 01:55:00+00:00,23167.56,23172.56,23167.36,23168.66,185,168,0
2025-08-22 02:00:00+00:00,23168.06,23168.95,23164.15,23164.65,193,150,0
2025-08-22 02:05:00+00:00,23164.95,23165.05,23160.05,23162.65,176,150,0
2025-08-22 02:10:00+00:00,23162.75,23163.15,23160.25,23162.45,169,150,0
2025-08-22 02:15:00+00:00,23163.45,23172.15,23162.25,23170.45,210,150,0
2025-08-22 02:20:00+00:00,23170.45,23174.45,23169.85,23173.45,194,150,0
2025-08-22 02:25:00+00:00,23173.45,23173.95,23170.15,23172.45,165,150,0
2025-08-22 02:30:00+00:00,23172.65,23175.55,23155.55,23156.75,449,150,0
2025-08-22 02:35:00+00:00,23156.65,23165.75,23156.65,23165.55,238,150,0
2025-08-22 02:40:00+00:00,23165.25,23169.65,23161.85,23162.15,243,150,0
2025-08-22 02:45:00+00:00,23162.35,23168.15,23160.95,23166.65,301,160,0
2025-08-22 02:50:00+00:00,23167.15,23174.85,23166.65,23169.85,285,150,0
2025-08-22 02:55:00+00:00,23169.85,23175.35,23169.45,23172.85,186,160,0
2025-08-22 03:00:00+00:00,23172.65,23174.15,23158.25,23158.25,784,170,0
2025-08-22 03:05:00+00:00,23158.25,23162.45,23140.35,23153.25,883,210,0
2025-08-22 03:10:00+00:00,23153.25,23154.75,23111.35,23118.35,962,200,0
2025-08-22 03:15:00+00:00,23118.65,23123.95,23105.25,23123.35,1073,210,0
2025-08-22 03:20:00+00:00,23123.95,23137.45,23123.95,23137.45,791,200,0
2025-08-22 03:25:00+00:00,23137.25,23137.95,23115.45,23123.45,689,180,0
2025-08-22 03:30:00+00:00,23123.65,23140.95,23123.55,23135.75,699,190,0
2025-08-22 03:35:00+00:00,23135.85,23144.25,23135.85,23142.75,475,180,0
2025-08-22 03:40:00+00:00,23142.55,23146.25,23138.15,23139.15,385,170,0
2025-08-22 03:45:00+00:00,23139.35,23142.95,23138.95,23139.05,445,160,0
2025-08-22 03:50:00+00:00,23138.95,23140.95,23136.55,23138.25,425,160,0
2025-08-22 03:55:00+00:00,23138.15,23141.05,23130.55,23137.25,542,160,0
2025-08-22 04:00:00+00:00,23137.35,23145.25,23131.45,23135.45,717,180,0
2025-08-22 04:05:00+00:00,23135.45,23136.95,23118.35,23119.75,782,190,0
2025-08-22 04:10:00+00:00,23119.55,23128.05,23117.65,23125.45,649,190,0
2025-08-22 04:15:00+00:00,23125.55,23141.35,23120.75,23135.75,700,180,0
2025-08-22 04:20:00+00:00,23135.35,23137.75,23120.35,23124.35,583,180,0
2025-08-22 04:25:00+00:00,23124.05,23133.15,23121.05,23132.15,527,180,0
2025-08-22 04:30:00+00:00,23132.25,23134.65,23121.55,23127.25,557,180,0
2025-08-22 04:35:00+00:00,23127.15,23132.45,23121.65,23123.85,519,180,0
2025-08-22 04:40:00+00:00,23123.65,23133.15,23120.65,23130.75,515,180,0
2025-08-22 04:45:00+00:00,23131.15,23131.25,23122.65,23123.95,438,170,0
2025-08-22 04:50:00+00:00,23123.95,23127.25,23120.55,23123.55,431,170,0
2025-08-22 04:55:00+00:00,23123.85,23133.25,23123.65,23130.15,446,160,0
2025-08-22 05:00:00+00:00,23130.45,23134.15,23128.35,23132.45,386,170,0
2025-08-22 05:05:00+00:00,23132.35,23142.65,23132.35,23141.45,517,160,0
2025-08-22 05:10:00+00:00,23141.55,23151.15,23140.05,23149.85,449,160,0
2025-08-22 05:15:00+00:00,23149.85,23152.75,23147.15,23150.25,376,150,0
2025-08-22 05:20:00+00:00,23149.75,23153.65,23149.15,23150.35,367,160,0
2025-08-22 05:25:00+00:00,23150.65,23151.85,23142.45,23148.05,483,160,0
2025-08-22 05:30:00+00:00,23148.15,23152.15,23144.75,23144.85,413,160,0
2025-08-22 05:35:00+00:00,23144.85,23152.15,23142.85,23150.15,356,160,0
2025-08-22 05:40:00+00:00,23150.15,23154.05,23145.65,23153.15,352,160,0
2025-08-22 05:45:00+00:00,23153.05,23156.95,23150.05,23150.95,369,160,0
2025-08-22 05:50:00+00:00,23150.85,23151.25,23143.95,23143.95,287,150,0
2025-08-22 05:55:00+00:00,23143.95,23144.25,23131.05,23131.05,434,160,0
2025-08-22 06:00:00+00:00,23130.95,23134.15,23116.65,23117.55,619,170,0
2025-08-22 06:05:00+00:00,23117.65,23125.35,23115.85,23123.95,472,170,0
2025-08-22 06:10:00+00:00,23123.85,23126.25,23117.85,23117.85,318,160,0
2025-08-22 06:15:00+00:00,23118.75,23125.75,23118.65,23124.45,332,160,0
2025-08-22 06:20:00+00:00,23124.75,23127.65,23121.75,23123.85,336,150,0
2025-08-22 06:25:00+00:00,23123.85,23125.85,23122.75,23123.95,259,150,0
2025-08-22 06:30:00+00:00,23123.95,23129.15,23123.55,23128.95,305,150,0
2025-08-22 06:35:00+00:00,23128.15,23134.95,23128.15,23132.45,431,150,0
2025-08-22 06:40:00+00:00,23132.65,23132.65,23123.95,23125.55,320,150,0
2025-08-22 06:45:00+00:00,23125.55,23126.15,23121.45,23124.85,327,150,0
2025-08-22 06:50:00+00:00,23124.75,23124.85,23121.65,23122.65,234,150,0
2025-08-22 06:55:00+00:00,23122.95,23124.95,23117.75,23119.35,269,150,0
2025-08-22 07:00:00+00:00,23119.75,23124.75,23117.65,23122.85,358,150,0
2025-08-22 07:05:00+00:00,23122.95,23130.85,23122.25,23129.35,269,150,0
2025-08-22 07:10:00+00:00,23129.35,23131.85,23128.85,23130.25,260,150,0
2025-08-22 07:15:00+00:00,23130.25,23130.95,23125.65,23128.75,257,150,0
2025-08-22 07:20:00+00:00,23128.95,23135.05,23127.45,23134.15,245,150,0
2025-08-22 07:25:00+00:00,23134.15,23136.55,23127.45,23128.15,273,150,0
2025-08-22 07:30:00+00:00,23128.85,23130.05,23126.05,23128.85,326,150,0
2025-08-22 07:35:00+00:00,23129.15,23133.25,23127.35,23130.45,258,150,0
2025-08-22 07:40:00+00:00,23130.65,23134.95,23130.55,23134.75,207,150,0
2025-08-22 07:45:00+00:00,23134.05,23139.65,23134.05,23138.15,205,150,0
2025-08-22 07:50:00+00:00,23137.75,23137.75,23134.45,23135.55,191,150,0
2025-08-22 07:55:00+00:00,23135.75,23135.75,23132.15,23133.45,161,150,0
2025-08-22 08:00:00+00:00,23133.25,23136.45,23132.15,23133.55,286,150,0
2025-08-22 08:05:00+00:00,23134.45,23134.95,23118.35,23119.45,374,150,0
2025-08-22 08:10:00+00:00,23119.85,23125.05,23119.05,23121.95,321,160,0
2025-08-22 08:15:00+00:00,23122.15,23123.75,23116.25,23116.45,277,150,0
2025-08-22 08:20:00+00:00,23116.55,23121.95,23111.05,23114.15,380,150,0
2025-08-22 08:25:00+00:00,23114.15,23116.15,23110.65,23113.65,353,160,0
2025-08-22 08:30:00+00:00,23113.35,23119.35,23112.35,23117.95,330,150,0
2025-08-22 08:35:00+00:00,23117.85,23119.05,23108.95,23109.85,290,160,0
2025-08-22 08:40:00+00:00,23109.75,23112.55,23105.15,23112.05,419,160,0
2025-08-22 08:45:00+00:00,23111.85,23120.95,23111.65,23118.75,296,160,0
2025-08-22 08:50:00+00:00,23118.65,23129.15,23118.65,23128.15,414,160,0
2025-08-22 08:55:00+00:00,23128.35,23128.85,23113.45,23114.95,407,160,0
2025-08-22 09:00:00+00:00,23114.95,23114.95,23101.75,23102.55,558,170,0
2025-08-22 09:05:00+00:00,23102.25,23106.05,23097.05,23098.05,494,180,0
2025-08-22 09:10:00+00:00,23097.65,23104.15,23094.65,23102.05,516,170,0
2025-08-22 09:15:00+00:00,23102.05,23104.05,23097.55,23097.65,326,170,0
2025-08-22 09:20:00+00:00,23097.65,23101.85,23093.85,23094.35,349,170,0
2025-08-22 09:25:00+00:00,23094.35,23094.45,23083.65,23091.55,567,170,0
2025-08-22 09:30:00+00:00,23091.55,23097.05,23072.25,23077.65,599,180,0
2025-08-22 09:35:00+00:00,23077.65,23081.25,23055.05,23058.85,704,190,0
2025-08-22 09:40:00+00:00,23058.85,23058.85,23002.25,23013.35,1406,190,0
2025-08-22 09:45:00+00:00,23013.75,23045.15,23005.25,23044.15,1208,210,0
2025-08-22 09:50:00+00:00,23043.85,23065.75,23043.35,23065.55,848,200,0
2025-08-22 09:55:00+00:00,23066.55,23067.75,23049.45,23062.75,770,200,0
2025-08-22 10:00:00+00:00,23062.65,23091.45,23058.75,23090.65,1337,200,0
2025-08-22 10:05:00+00:00,23090.85,23096.15,23086.05,23092.95,1083,200,0
2025-08-22 10:10:00+00:00,23092.95,23102.95,23091.45,23098.55,843,190,0
2025-08-22 10:15:00+00:00,23098.55,23105.45,23090.45,23097.05,689,190,0
2025-08-22 10:20:00+00:00,23096.85,23106.35,23095.55,23102.45,719,190,0
2025-08-22 10:25:00+00:00,23102.85,23109.55,23094.55,23102.25,624,190,0
2025-08-22 10:30:00+00:00,23102.25,23106.75,23097.35,23101.15,596,180,0
2025-08-22 10:35:00+00:00,23101.05,23106.15,23097.55,23100.95,467,170,0
2025-08-22 10:40:00+00:00,23100.85,23104.15,23092.35,23099.85,624,170,0
2025-08-22 10:45:00+00:00,23100.05,23105.55,23095.25,23102.25,528,180,0
2025-08-22 10:50:00+00:00,23102.25,23117.25,23102.25,23112.55,717,180,0
2025-08-22 10:55:00+00:00,23112.45,23124.25,23112.45,23120.05,630,180,0
2025-08-22 11:00:00+00:00,23119.95,23126.25,23115.05,23126.25,959,190,0
2025-08-22 11:05:00+00:00,23124.65,23150.15,23122.15,23148.05,915,200,0
2025-08-22 11:10:00+00:00,23148.05,23159.95,23147.05,23156.05,735,190,0
2025-08-22 11:15:00+00:00,23156.25,23167.05,23149.95,23166.45,767,190,0
2025-08-22 11:20:00+00:00,23166.65,23173.55,23157.75,23159.45,722,190,0
2025-08-22 11:25:00+00:00,23159.75,23166.65,23155.85,23157.55,548,190,0
2025-08-22 11:30:00+00:00,23157.45,23157.45,23147.65,23153.25,570,180,0
2025-08-22 11:35:00+00:00,23153.25,23167.35,23152.05,23165.25,575,170,0
2025-08-22 11:40:00+00:00,23165.05,23180.15,23161.85,23172.65,763,190,0
2025-08-22 11:45:00+00:00,23173.05,23178.55,23172.05,23172.15,562,180,0
2025-08-22 11:50:00+00:00,23172.25,23179.15,23167.75,23170.25,567,170,0
2025-08-22 11:55:00+00:00,23170.55,23178.05,23166.75,23177.55,456,170,0
2025-08-22 12:00:00+00:00,23177.35,23177.85,23163.85,23166.55,678,170,0
2025-08-22 12:05:00+00:00,23166.55,23173.75,23165.05,23166.25,559,170,0
2025-08-22 12:10:00+00:00,23166.25,23172.55,23162.15,23170.65,542,170,0
2025-08-22 12:15:00+00:00,23170.35,23174.45,23168.65,23171.05,441,160,0
2025-08-22 12:20:00+00:00,23171.35,23173.15,23166.05,23166.05,464,160,0
2025-08-22 12:25:00+00:00,23165.85,23171.15,23156.85,23168.95,524,180,0
2025-08-22 12:30:00+00:00,23168.95,23173.55,23166.05,23166.95,475,170,0
2025-08-22 12:35:00+00:00,23166.65,23166.65,23155.05,23160.35,564,170,0
2025-08-22 12:40:00+00:00,23161.15,23170.75,23161.15,23164.35,480,160,0
2025-08-22 12:45:00+00:00,23164.35,23171.85,23161.45,23171.15,443,170,0
2025-08-22 12:50:00+00:00,23171.15,23175.05,23165.65,23174.65,448,170,0
2025-08-22 12:55:00+00:00,23174.35,23177.85,23170.15,23176.25,487,180,0
2025-08-22 13:00:00+00:00,23176.55,23185.95,23174.75,23185.25,601,180,0
2025-08-22 13:05:00+00:00,23185.25,23193.25,23182.95,23193.25,467,180,0
2025-08-22 13:10:00+00:00,23193.35,23197.45,23189.25,23192.55,427,170,0
2025-08-22 13:15:00+00:00,23193.15,23194.15,23178.45,23182.85,525,170,0
2025-08-22 13:20:00+00:00,23183.15,23185.15,23179.85,23184.45,459,170,0
2025-08-22 13:25:00+00:00,23184.55,23193.15,23184.45,23191.95,459,160,0
2025-08-22 13:30:00+00:00,23191.85,23198.55,23190.35,23193.35,512,160,0
2025-08-22 13:35:00+00:00,23192.95,23194.85,23185.95,23186.65,439,170,0
2025-08-22 13:40:00+00:00,23187.35,23194.85,23185.45,23192.65,335,160,0
2025-08-22 13:45:00+00:00,23192.95,23194.25,23187.15,23188.45,423,160,0
2025-08-22 13:50:00+00:00,23188.45,23191.25,23183.75,23188.15,401,160,0
2025-08-22 13:55:00+00:00,23188.35,23191.45,23185.25,23189.45,411,150,0
2025-08-22 14:00:00+00:00,23190.25,23199.35,23183.95,23192.55,665,160,0
2025-08-22 14:05:00+00:00,23192.45,23203.85,23191.05,23199.15,546,170,0
2025-08-22 14:10:00+00:00,23198.85,23200.25,23180.05,23181.05,651,170,0
2025-08-22 14:15:00+00:00,23181.05,23185.85,23175.65,23179.05,650,180,0
2025-08-22 14:20:00+00:00,23179.15,23181.65,23174.55,23179.95,507,170,0
2025-08-22 14:25:00+00:00,23179.65,23180.95,23176.25,23178.25,376,160,0
2025-08-22 14:30:00+00:00,23177.85,23183.35,23168.75,23175.45,561,160,0
2025-08-22 14:35:00+00:00,23174.45,23174.95,23168.05,23169.85,555,170,0
2025-08-22 14:40:00+00:00,23170.15,23174.15,23165.55,23170.75,615,170,0
2025-08-22 14:45:00+00:00,23170.75,23179.45,23170.75,23179.35,542,170,0
2025-08-22 14:50:00+00:00,23179.35,23183.55,23177.95,23179.35,519,160,0
2025-08-22 14:55:00+00:00,23178.95,23180.35,23171.15,23176.45,488,160,0
2025-08-22 15:00:00+00:00,23176.45,23184.15,23171.65,23180.05,668,190,0
2025-08-22 15:05:00+00:00,23179.95,23185.15,23176.95,23179.55,476,170,0
2025-08-22 15:10:00+00:00,23179.45,23184.35,23169.55,23179.55,710,160,0
2025-08-22 15:15:00+00:00,23179.05,23192.05,23176.05,23190.85,755,190,0
2025-08-22 15:20:00+00:00,23190.85,23195.25,23187.65,23188.65,591,170,0
2025-08-22 15:25:00+00:00,23188.65,23198.65,23187.15,23195.55,495,170,0
2025-08-22 15:30:00+00:00,23195.45,23196.35,23180.55,23181.55,693,170,0
2025-08-22 15:35:00+00:00,23180.25,23183.55,23168.05,23183.45,811,190,0
2025-08-22 15:40:00+00:00,23183.55,23183.55,23174.05,23179.55,655,190,0
2025-08-22 15:45:00+00:00,23178.95,23185.75,23171.55,23173.15,673,190,0
2025-08-22 15:50:00+00:00,23172.95,23180.35,23170.05,23171.25,601,180,0
2025-08-22 15:55:00+00:00,23171.65,23173.35,23164.05,23166.05,707,180,0
2025-08-22 16:00:00+00:00,23166.25,23177.55,23163.05,23177.25,873,190,0
2025-08-22 16:05:00+00:00,23177.45,23187.55,23176.35,23180.05,801,190,0
2025-08-22 16:10:00+00:00,23180.25,23182.35,23170.35,23176.05,699,180,0
2025-08-22 16:15:00+00:00,23175.85,23186.15,23172.05,23183.65,655,180,0
2025-08-22 16:20:00+00:00,23183.65,23188.65,23179.25,23179.25,744,170,0
2025-08-22 16:25:00+00:00,23179.25,23189.15,23171.55,23187.15,1136,180,0
2025-08-22 16:30:00+00:00,23186.75,23196.35,23131.65,23157.55,2532,80,0
2025-08-22 16:35:00+00:00,23157.65,23207.95,23151.55,23201.95,2414,120,0
2025-08-22 16:40:00+00:00,23201.15,23247.55,23190.45,23247.15,2249,120,0
2025-08-22 16:45:00+00:00,23246.45,23261.15,23219.35,23257.95,2154,120,0
2025-08-22 16:50:00+00:00,23258.05,23266.35,23230.65,23235.65,2172,120,0
2025-08-22 16:55:00+00:00,23235.95,23239.65,23171.15,23190.65,1968,120,0
2025-08-22 17:00:00+00:00,23213.35,23459.15,23201.55,23409.15,2703,120,0
2025-08-22 17:05:00+00:00,23409.35,23508.95,23408.95,23493.65,2719,120,0
2025-08-22 17:10:00+00:00,23494.15,23518.15,23466.05,23512.45,2576,120,0
2025-08-22 17:15:00+00:00,23512.35,23556.95,23482.35,23492.65,2608,120,0
2025-08-22 17:20:00+00:00,23490.15,23501.15,23417.05,23464.35,2680,120,0
2025-08-22 17:25:00+00:00,23464.05,23508.65,23450.45,23477.35,2658,120,0
2025-08-22 17:30:00+00:00,23477.55,23523.85,23477.55,23514.05,2558,120,0
2025-08-22 17:35:00+00:00,23513.95,23537.45,23504.45,23511.45,2425,120,0
2025-08-22 17:40:00+00:00,23510.55,23549.35,23509.95,23545.95,2425,120,0
2025-08-22 17:45:00+00:00,23545.95,23567.85,23532.95,23536.95,2291,120,0
2025-08-22 17:50:00+00:00,23537.55,23553.65,23522.65,23546.15,2329,120,0
2025-08-22 17:55:00+00:00,23546.15,23562.15,23530.35,23530.35,2162,120,0
2025-08-22 18:00:00+00:00,23530.35,23577.05,23529.25,23573.35,2208,120,0
2025-08-22 18:05:00+00:00,23573.65,23574.55,23548.65,23552.35,2158,120,0
2025-08-22 18:10:00+00:00,23552.65,23575.75,23546.25,23549.35,2152,120,0
2025-08-22 18:15:00+00:00,23549.35,23564.25,23545.05,23557.75,2036,120,0
2025-08-22 18:20:00+00:00,23556.85,23563.75,23538.25,23538.85,1922,120,0
2025-08-22 18:25:00+00:00,23538.35,23555.25,23532.85,23548.55,2025,120,0
2025-08-22 18:30:00+00:00,23548.35,23572.45,23547.65,23566.55,1711,80,0
2025-08-22 18:35:00+00:00,23566.75,23573.25,23534.75,23541.55,1796,80,0
2025-08-22 18:40:00+00:00,23541.25,23546.65,23534.05,23543.35,1788,100,0
2025-08-22 18:45:00+00:00,23543.45,23552.95,23513.05,23517.75,1757,80,0
2025-08-22 18:50:00+00:00,23518.05,23522.75,23505.55,23512.15,1858,120,0
2025-08-22 18:55:00+00:00,23512.05,23522.25,23492.65,23494.75,1825,120,0
2025-08-22 19:00:00+00:00,23495.65,23518.75,23494.35,23515.75,1809,120,0
2025-08-22 19:05:00+00:00,23515.85,23516.35,23497.85,23500.45,1594,80,0
2025-08-22 19:10:00+00:00,23500.25,23506.95,23473.35,23483.55,1633,80,0
2025-08-22 19:15:00+00:00,23483.05,23486.75,23451.55,23471.25,1881,120,0
2025-08-22 19:20:00+00:00,23471.25,23494.25,23465.75,23477.85,1705,90,0
2025-08-22 19:25:00+00:00,23477.85,23478.85,23452.75,23461.05,1781,110,0
2025-08-22 19:30:00+00:00,23461.25,23483.05,23459.25,23478.75,1571,80,0
2025-08-22 19:35:00+00:00,23478.75,23489.25,23470.45,23473.75,1612,80,0
2025-08-22 19:40:00+00:00,23474.15,23484.55,23464.75,23473.25,1786,80,0
2025-08-22 19:45:00+00:00,23473.45,23480.25,23468.15,23471.55,1637,80,0
2025-08-22 19:50:00+00:00,23471.45,23478.25,23452.95,23458.75,1720,80,0
2025-08-22 19:55:00+00:00,23458.55,23460.95,23435.05,23456.25,1764,80,0
2025-08-22 20:00:00+00:00,23455.25,23483.55,23455.25,23481.95,1442,80,0
2025-08-22 20:05:00+00:00,23481.95,23497.55,23480.85,23488.95,1278,80,0
2025-08-22 20:10:00+00:00,23489.35,23513.85,23483.15,23506.25,1949,80,0
2025-08-22 20:15:00+00:00,23506.75,23517.45,23502.05,23515.95,1433,80,0
2025-08-22 20:20:00+00:00,23515.75,23535.45,23513.95,23528.75,1327,80,0
2025-08-22 20:25:00+00:00,23528.45,23544.25,23527.55,23543.75,1189,80,0
2025-08-22 20:30:00+00:00,23543.55,23546.45,23530.95,23532.25,1402,80,0
2025-08-22 20:35:00+00:00,23532.45,23541.55,23527.95,23537.45,1179,80,0
2025-08-22 20:40:00+00:00,23537.45,23543.75,23531.95,23542.95,1065,80,0
2025-08-22 20:45:00+00:00,23543.75,23549.75,23535.75,23535.75,1066,80,0
2025-08-22 20:50:00+00:00,23536.75,23547.95,23535.95,23547.25,974,80,0
2025-08-22 20:55:00+00:00,23547.45,23552.25,23528.95,23533.55,1171,80,0
2025-08-22 21:00:00+00:00,23533.45,23544.75,23532.95,23541.45,1079,80,0
2025-08-22 21:05:00+00:00,23541.45,23542.75,23522.75,23532.45,1297,80,0
2025-08-22 21:10:00+00:00,23532.45,23540.25,23528.95,23531.75,1039,80,0
2025-08-22 21:15:00+00:00,23531.75,23533.95,23523.25,23524.45,973,80,0
2025-08-22 21:20:00+00:00,23524.75,23530.85,23515.05,23521.25,1249,80,0
2025-08-22 21:25:00+00:00,23520.95,23533.25,23517.45,23522.95,1049,80,0
2025-08-22 21:30:00+00:00,23522.95,23535.95,23521.95,23533.75,990,80,0
2025-08-22 21:35:00+00:00,23533.85,23542.75,23527.95,23531.45,1024,80,0
2025-08-22 21:40:00+00:00,23531.05,23531.45,23517.55,23522.95,1161,80,0
2025-08-22 21:45:00+00:00,23523.05,23535.95,23520.25,23529.05,1014,80,0
2025-08-22 21:50:00+00:00,23529.25,23531.75,23518.95,23524.95,970,80,0
2025-08-22 21:55:00+00:00,23525.25,23525.25,23509.95,23513.95,1017,80,0
2025-08-22 22:00:00+00:00,23514.25,23521.45,23510.75,23516.75,1159,80,0
2025-08-22 22:05:00+00:00,23516.55,23517.75,23503.75,23505.75,1052,80,0
2025-08-22 22:10:00+00:00,23505.25,23512.95,23499.95,23509.25,1086,80,0
2025-08-22 22:15:00+00:00,23509.25,23510.75,23497.75,23499.95,1039,80,0
2025-08-22 22:20:00+00:00,23499.45,23511.45,23494.45,23510.45,1041,80,0
2025-08-22 22:25:00+00:00,23509.95,23512.45,23500.95,23503.25,987,80,0
2025-08-22 22:30:00+00:00,23503.05,23509.95,23488.25,23497.25,1102,80,0
2025-08-22 22:35:00+00:00,23496.95,23496.95,23466.25,23470.45,1249,80,0
2025-08-22 22:40:00+00:00,23470.35,23483.25,23459.35,23481.95,1463,80,0
2025-08-22 22:45:00+00:00,23481.95,23499.35,23479.35,23492.85,1412,80,0
2025-08-22 22:50:00+00:00,23494.95,23508.85,23483.85,23490.35,1877,80,0
2025-08-22 22:55:00+00:00,23490.15,23503.85,23476.05,23495.65,1866,120,0
2025-08-22 23:00:00+00:00,23494.65,23500.96,23476.46,23490.26,1382,120,0
2025-08-22 23:05:00+00:00,23489.96,23503.36,23487.06,23500.86,801,198,0
2025-08-22 23:10:00+00:00,23500.96,23507.96,23491.66,23504.36,646,188,0
2025-08-22 23:15:00+00:00,23504.16,23509.36,23502.16,23504.46,483,188,0
2025-08-22 23:20:00+00:00,23504.96,23513.96,23504.76,23513.96,360,178,0
2025-08-22 23:25:00+00:00,23514.36,23514.36,23505.06,23505.36,285,168,0
2025-08-22 23:30:00+00:00,23505.56,23508.26,23502.26,23507.46,286,168,0
2025-08-22 23:35:00+00:00,23507.46,23511.16,23506.96,23510.56,270,168,0
2025-08-22 23:40:00+00:00,23510.76,23512.56,23506.06,23507.06,326,168,0
2025-08-22 23:45:00+00:00,23506.86,23508.36,23503.26,23506.36,302,168,0
2025-08-25 01:05:00+00:00,23502.36,23504.46,23478.36,23487.06,834,228,0
2025-08-25 01:10:00+00:00,23487.06,23494.86,23479.86,23491.06,556,228,0
2025-08-25 01:15:00+00:00,23491.06,23497.46,23482.36,23483.86,571,198,0
2025-08-25 01:20:00+00:00,23483.86,23490.46,23481.86,23488.26,376,188,0
2025-08-25 01:25:00+00:00,23488.06,23489.26,23479.36,23479.86,340,188,0
2025-08-25 01:30:00+00:00,23479.76,23481.86,23475.66,23479.76,432,188,0
2025-08-25 01:35:00+00:00,23479.06,23484.96,23479.06,23484.96,236,178,0
2025-08-25 01:40:00+00:00,23484.86,23493.16,23483.46,23491.86,388,178,0
2025-08-25 01:45:00+00:00,23492.16,23495.76,23489.26,23494.76,268,188,0
2025-08-25 01:50:00+00:00,23494.66,23500.46,23494.16,23498.96,287,178,0
2025-08-25 01:55:00+00:00,23498.96,23504.46,23497.26,23501.46,278,168,0
2025-08-25 02:00:00+00:00,23501.56,23507.05,23495.75,23502.95,384,170,0
2025-08-25 02:05:00+00:00,23502.75,23508.65,23500.35,23504.75,254,170,0
2025-08-25 02:10:00+00:00,23505.05,23508.85,23500.55,23503.85,237,170,0
2025-08-25 02:15:00+00:00,23503.75,23506.05,23496.55,23498.55,167,150,0
2025-08-25 02:20:00+00:00,23498.65,23506.05,23496.35,23500.25,246,160,0
2025-08-25 02:25:00+00:00,23500.75,23506.05,23499.75,23502.45,238,160,0
2025-08-25 02:30:00+00:00,23502.65,23505.55,23491.85,23504.25,337,160,0
2025-08-25 02:35:00+00:00,23504.35,23516.45,23504.35,23511.45,462,180,0
2025-08-25 02:40:00+00:00,23511.75,23518.85,23509.05,23513.85,342,170,0
2025-08-25 02:45:00+00:00,23513.85,23517.85,23497.55,23499.55,710,170,0
2025-08-25 02:50:00+00:00,23499.55,23505.05,23494.55,23502.95,536,180,0
2025-08-25 02:55:00+00:00,23503.05,23507.05,23496.55,23505.05,499,170,0
2025-08-25 03:00:00+00:00,23505.15,23521.85,23502.55,23521.55,1086,170,0
2025-08-25 03:05:00+00:00,23521.95,23527.45,23514.25,23516.65,863,200,0
2025-08-25 03:10:00+00:00,23516.65,23518.45,23503.15,23505.25,824,190,0
2025-08-25 03:15:00+00:00,23504.65,23512.65,23497.65,23506.15,756,190,0
2025-08-25 03:20:00+00:00,23505.95,23508.65,23500.75,23501.35,570,180,0
2025-08-25 03:25:00+00:00,23501.45,23505.85,23495.75,23498.85,644,180,0
2025-08-25 03:30:00+00:00,23498.95,23499.95,23487.55,23489.25,555,170,0
2025-08-25 03:35:00+00:00,23488.75,23494.35,23485.95,23487.95,565,170,0
2025-08-25 03:40:00+00:00,23487.95,23494.15,23487.95,23492.05,427,160,0
2025-08-25 03:45:00+00:00,23492.05,23494.85,23488.05,23490.25,445,160,0
2025-08-25 03:50:00+00:00,23490.05,23490.55,23480.65,23487.15,455,170,0
2025-08-25 03:55:00+00:00,23487.05,23491.35,23482.45,23486.55,371,160,0
2025-08-25 04:00:00+00:00,23486.45,23488.45,23478.45,23479.45,577,160,0
2025-08-25 04:05:00+00:00,23479.45,23482.55,23476.05,23480.65,492,170,0
2025-08-25 04:10:00+00:00,23480.55,23481.05,23473.65,23473.65,328,160,0
2025-08-25 04:15:00+00:00,23473.85,23477.15,23471.85,23473.05,479,160,0
2025-08-25 04:20:00+00:00,23473.05,23480.55,23471.55,23477.75,363,160,0
2025-08-25 04:25:00+00:00,23477.85,23482.35,23477.35,23479.45,305,160,0
2025-08-25 04:30:00+00:00,23478.65,23481.05,23468.65,23469.35,533,160,0
2025-08-25 04:35:00+00:00,23469.25,23471.75,23466.05,23471.55,419,160,0
2025-08-25 04:40:00+00:00,23471.75,23472.05,23466.05,23466.85,329,160,0
2025-08-25 04:45:00+00:00,23466.55,23471.25,23465.25,23468.25,365,160,0
2025-08-25 04:50:00+00:00,23468.05,23471.05,23465.65,23467.95,318,160,0
2025-08-25 04:55:00+00:00,23467.85,23469.45,23465.05,23465.65,299,150,0
2025-08-25 05:00:00+00:00,23465.35,23469.05,23464.85,23466.55,311,150,0
2025-08-25 05:05:00+00:00,23467.05,23473.45,23466.05,23472.15,362,160,0
2025-08-25 05:10:00+00:00,23470.35,23471.05,23462.45,23470.35,417,160,0
2025-08-25 05:15:00+00:00,23470.25,23480.05,23470.25,23477.75,491,160,0
2025-08-25 05:20:00+00:00,23477.55,23478.25,23474.15,23474.65,391,160,0
2025-08-25 05:25:00+00:00,23474.55,23475.65,23467.25,23473.85,356,150,0
2025-08-25 05:30:00+00:00,23473.65,23474.35,23466.95,23472.15,344,160,0
2025-08-25 05:35:00+00:00,23472.05,23476.45,23471.65,23472.85,288,160,0
2025-08-25 05:40:00+00:00,23472.85,23473.75,23467.45,23468.85,267,150,0
2025-08-25 05:45:00+00:00,23468.85,23473.65,23467.55,23473.15,202,150,0
2025-08-25 05:50:00+00:00,23473.15,23473.25,23453.35,23460.05,371,150,0
2025-08-25 05:55:00+00:00,23459.95,23460.95,23453.25,23454.85,343,160,0
2025-08-25 06:00:00+00:00,23454.55,23456.85,23452.55,23456.35,278,160,0
2025-08-25 06:05:00+00:00,23456.35,23459.85,23451.55,23456.15,317,160,0
2025-08-25 06:10:00+00:00,23456.65,23462.55,23455.35,23462.55,271,150,0
2025-08-25 06:15:00+00:00,23462.65,23465.85,23460.35,23461.05,244,160,0
2025-08-25 06:20:00+00:00,23461.15,23462.65,23459.15,23461.35,206,150,0
2025-08-25 06:25:00+00:00,23461.45,23466.65,23460.75,23465.85,221,150,0
2025-08-25 06:30:00+00:00,23465.85,23466.65,23461.65,23465.05,342,150,0
2025-08-25 06:35:00+00:00,23464.95,23474.35,23464.65,23473.35,327,150,0
2025-08-25 06:40:00+00:00,23473.45,23481.05,23472.35,23477.95,386,160,0
2025-08-25 06:45:00+00:00,23478.05,23480.85,23475.85,23478.85,270,160,0
2025-08-25 06:50:00+00:00,23478.55,23481.85,23477.45,23477.45,217,150,0
2025-08-25 06:55:00+00:00,23477.35,23480.35,23477.35,23478.05,224,150,0
2025-08-25 07:00:00+00:00,23477.85,23479.05,23475.85,23476.45,171,150,0
2025-08-25 07:05:00+00:00,23476.35,23479.35,23474.35,23478.95,184,150,0
2025-08-25 07:10:00+00:00,23478.45,23479.95,23477.45,23478.45,158,150,0
2025-08-25 07:15:00+00:00,23478.35,23487.85,23478.35,23487.35,227,150,0
2025-08-25 07:20:00+00:00,23487.65,23489.85,23485.85,23487.15,286,150,0
2025-08-25 07:25:00+00:00,23487.25,23487.35,23480.95,23484.85,254,150,0
2025-08-25 07:30:00+00:00,23485.05,23488.35,23483.95,23486.65,204,150,0
2025-08-25 07:35:00+00:00,23486.15,23488.95,23486.15,23487.95,128,150,0
2025-08-25 07:40:00+00:00,23487.85,23489.25,23487.15,23488.65,148,150,0
2025-08-25 07:45:00+00:00,23488.65,23488.65,23484.35,23484.35,149,150,0
2025-08-25 07:50:00+00:00,23484.25,23487.65,23484.15,23485.35,157,150,0
2025-08-25 07:55:00+00:00,23485.35,23487.15,23484.75,23485.65,170,150,0
2025-08-25 08:00:00+00:00,23485.75,23486.35,23481.25,23486.05,335,150,0
2025-08-25 08:05:00+00:00,23486.05,23491.15,23483.85,23490.85,207,150,0
2025-08-25 08:10:00+00:00,23490.95,23496.05,23489.45,23493.95,330,150,0
2025-08-25 08:15:00+00:00,23493.95,23495.15,23489.45,23495.15,264,150,0
2025-08-25 08:20:00+00:00,23495.15,23497.75,23489.95,23490.15,249,150,0
2025-08-25 08:25:00+00:00,23490.35,23491.65,23486.45,23489.65,319,150,0
2025-08-25 08:30:00+00:00,23489.75,23489.75,23483.05,23483.35,280,150,0
2025-08-25 08:35:00+00:00,23483.85,23485.25,23482.15,23484.85,220,150,0
2025-08-25 08:40:00+00:00,23484.85,23491.25,23483.95,23491.25,230,150,0
2025-08-25 08:45:00+00:00,23491.25,23494.85,23489.85,23490.35,201,150,0
2025-08-25 08:50:00+00:00,23490.45,23494.75,23490.35,23494.15,237,150,0
2025-08-25 08:55:00+00:00,23494.25,23495.95,23489.95,23495.75,195,150,0
2025-08-25 09:00:00+00:00,23495.95,23498.75,23488.65,23491.75,444,150,0
2025-08-25 09:05:00+00:00,23491.75,23492.05,23489.35,23489.85,258,150,0
2025-08-25 09:10:00+00:00,23489.95,23491.15,23486.65,23489.15,282,150,0
2025-08-25 09:15:00+00:00,23488.85,23493.05,23488.55,23489.05,283,150,0
2025-08-25 09:20:00+00:00,23489.05,23489.65,23485.65,23486.25,238,150,0
2025-08-25 09:25:00+00:00,23486.25,23489.95,23485.85,23489.65,278,150,0
2025-08-25 09:30:00+00:00,23489.45,23489.75,23482.95,23486.25,354,150,0
2025-08-25 09:35:00+00:00,23486.15,23486.15,23473.85,23473.95,342,150,0
2025-08-25 09:40:00+00:00,23473.85,23477.85,23471.85,23474.35,297,160,0
2025-08-25 09:45:00+00:00,23474.65,23474.75,23468.05,23471.75,347,160,0
2025-08-25 09:50:00+00:00,23471.25,23471.75,23468.05,23471.05,334,160,0
2025-08-25 09:55:00+00:00,23471.35,23471.35,23449.45,23452.25,435,160,0
2025-08-25 10:00:00+00:00,23452.75,23461.95,23439.05,23457.35,1025,180,0
2025-08-25 10:05:00+00:00,23456.55,23466.75,23455.65,23464.25,625,180,0
2025-08-25 10:10:00+00:00,23463.75,23464.45,23451.05,23453.75,603,180,0
2025-08-25 10:15:00+00:00,23453.85,23463.95,23452.25,23459.15,638,180,0
2025-08-25 10:20:00+00:00,23458.95,23463.25,23454.05,23455.05,505,170,0
2025-08-25 10:25:00+00:00,23455.05,23459.55,23452.15,23453.35,399,160,0
2025-08-25 10:30:00+00:00,23453.15,23454.55,23447.45,23448.95,533,160,0
2025-08-25 10:35:00+00:00,23449.05,23453.95,23446.65,23453.55,408,160,0
2025-08-25 10:40:00+00:00,23453.35,23459.35,23452.85,23459.25,405,160,0
2025-08-25 10:45:00+00:00,23459.55,23464.75,23458.05,23459.35,500,160,0
2025-08-25 10:50:00+00:00,23459.25,23460.65,23451.75,23459.75,348,170,0
2025-08-25 10:55:00+00:00,23460.05,23461.65,23455.65,23456.45,348,160,0
2025-08-25 11:00:00+00:00,23456.15,23468.25,23454.25,23464.65,786,160,0
2025-08-25 11:05:00+00:00,23464.85,23466.05,23452.25,23455.95,573,190,0
2025-08-25 11:10:00+00:00,23455.65,23459.75,23452.75,23454.55,439,170,0
2025-08-25 11:15:00+00:00,23453.65,23459.05,23450.05,23456.05,437,170,0
2025-08-25 11:20:00+00:00,23456.15,23456.25,23440.95,23448.45,489,170,0
2025-08-25 11:25:00+00:00,23449.15,23459.05,23448.15,23457.85,427,160,0
2025-08-25 11:30:00+00:00,23457.95,23462.05,23457.15,23461.15,335,150,0
2025-08-25 11:35:00+00:00,23461.85,23465.45,23458.45,23462.55,419,150,0
2025-08-25 11:40:00+00:00,23462.55,23462.55,23444.55,23444.75,327,160,0
2025-08-25 11:45:00+00:00,23445.25,23452.95,23442.85,23452.85,384,160,0
2025-08-25 11:50:00+00:00,23452.95,23453.55,23446.65,23446.65,303,150,0
2025-08-25 11:55:00+00:00,23446.75,23446.75,23438.05,23440.15,463,150,0
2025-08-25 12:00:00+00:00,23440.05,23443.25,23433.65,23440.55,430,160,0
2025-08-25 12:05:00+00:00,23440.35,23442.35,23431.65,23432.05,398,170,0
2025-08-25 12:10:00+00:00,23431.65,23433.85,23421.75,23424.95,494,170,0
2025-08-25 12:15:00+00:00,23424.55,23429.75,23423.35,23424.55,383,160,0
2025-08-25 12:20:00+00:00,23424.15,23425.45,23417.55,23419.05,446,160,0
2025-08-25 12:25:00+00:00,23418.85,23422.55,23417.75,23421.75,301,150,0
2025-08-25 12:30:00+00:00,23420.35,23429.55,23416.65,23427.85,426,150,0
2025-08-25 12:35:00+00:00,23428.35,23429.45,23425.15,23427.15,278,150,0
2025-08-25 12:40:00+00:00,23426.95,23426.95,23421.85,23423.05,305,150,0
2025-08-25 12:45:00+00:00,23422.85,23423.65,23419.35,23421.85,260,150,0
2025-08-25 12:50:00+00:00,23421.65,23423.35,23418.15,23420.45,359,150,0
2025-08-25 12:55:00+00:00,23420.65,23434.95,23420.45,23434.15,380,160,0
2025-08-25 13:00:00+00:00,23434.45,23434.85,23428.15,23430.35,351,160,0
2025-08-25 13:05:00+00:00,23430.05,23432.55,23428.95,23430.85,294,150,0
2025-08-25 13:10:00+00:00,23430.75,23431.65,23424.15,23424.75,283,150,0
2025-08-25 13:15:00+00:00,23424.85,23425.15,23419.35,23421.05,355,150,0
2025-08-25 13:20:00+00:00,23419.85,23420.55,23413.55,23414.25,418,160,0
2025-08-25 13:25:00+00:00,23414.25,23416.15,23403.05,23408.05,432,150,0
2025-08-25 13:30:00+00:00,23407.85,23415.85,23392.45,23414.65,860,180,0
2025-08-25 13:35:00+00:00,23414.55,23418.05,23409.45,23418.05,494,170,0
2025-08-25 13:40:00+00:00,23417.05,23420.75,23413.05,23419.35,375,170,0
2025-08-25 13:45:00+00:00,23418.85,23424.25,23414.85,23422.15,387,160,0
2025-08-25 13:50:00+00:00,23422.15,23422.85,23413.15,23414.65,350,160,0
2025-08-25 13:55:00+00:00,23414.55,23417.65,23410.05,23410.45,378,160,0
2025-08-25 14:00:00+00:00,23410.85,23416.05,23400.15,23405.15,724,160,0
2025-08-25 14:05:00+00:00,23405.25,23416.75,23404.65,23416.45,443,180,0
2025-08-25 14:10:00+00:00,23416.75,23424.05,23412.75,23423.75,463,170,0
2025-08-25 14:15:00+00:00,23423.55,23428.85,23422.35,23427.05,442,170,0
2025-08-25 14:20:00+00:00,23426.85,23427.65,23421.85,23424.75,411,160,0
2025-08-25 14:25:00+00:00,23424.75,23428.95,23423.75,23428.05,274,150,0
2025-08-25 14:30:00+00:00,23427.95,23429.45,23421.55,23424.95,359,160,0
2025-08-25 14:35:00+00:00,23424.65,23426.95,23421.15,23423.75,357,150,0
2025-08-25 14:40:00+00:00,23423.75,23425.15,23420.75,23421.65,274,150,0
2025-08-25 14:45:00+00:00,23422.35,23427.65,23420.95,23421.15,355,150,0
2025-08-25 14:50:00+00:00,23421.45,23430.75,23420.95,23429.75,327,160,0
2025-08-25 14:55:00+00:00,23430.05,23431.15,23426.65,23427.85,345,160,0
2025-08-25 15:00:00+00:00,23427.65,23427.95,23406.55,23409.95,796,160,0
2025-08-25 15:05:00+00:00,23409.25,23410.55,23395.25,23397.15,847,190,0
2025-08-25 15:10:00+00:00,23396.65,23403.85,23395.55,23401.75,620,180,0
2025-08-25 15:15:00+00:00,23402.25,23407.25,23396.85,23404.35,655,180,0
2025-08-25 15:20:00+00:00,23402.25,23411.05,23400.75,23407.55,647,180,0
2025-08-25 15:25:00+00:00,23407.05,23409.75,23400.05,23400.45,554,180,0
2025-08-25 15:30:00+00:00,23400.75,23406.95,23393.95,23406.15,803,180,0
2025-08-25 15:35:00+00:00,23405.95,23406.65,23394.55,23400.95,674,180,0
2025-08-25 15:40:00+00:00,23400.85,23414.95,23400.75,23413.25,693,180,0
2025-08-25 15:45:00+00:00,23413.35,23414.55,23408.85,23412.75,532,170,0
2025-08-25 15:50:00+00:00,23412.85,23415.65,23410.15,23411.35,491,170,0
2025-08-25 15:55:00+00:00,23411.25,23414.65,23407.65,23409.65,447,160,0
2025-08-25 16:00:00+00:00,23409.55,23421.55,23406.85,23419.95,680,170,0
2025-08-25 16:05:00+00:00,23420.35,23421.05,23410.05,23410.95,636,180,0
2025-08-25 16:10:00+00:00,23410.75,23415.85,23407.35,23415.35,635,170,0
2025-08-25 16:15:00+00:00,23415.35,23419.25,23410.05,23415.05,657,180,0
2025-08-25 16:20:00+00:00,23415.85,23418.05,23413.85,23416.85,465,170,0
2025-08-25 16:25:00+00:00,23416.35,23428.95,23416.35,23426.45,1116,170,0
2025-08-25 16:30:00+00:00,23425.95,23448.35,23375.55,23400.55,2654,80,0
2025-08-25 16:35:00+00:00,23400.75,23441.85,23399.35,23430.15,2528,120,0
2025-08-25 16:40:00+00:00,23430.55,23431.15,23400.05,23410.25,2471,120,0
2025-08-25 16:45:00+00:00,23410.85,23426.85,23380.85,23424.55,2464,120,0
2025-08-25 16:50:00+00:00,23424.65,23426.65,23399.85,23417.35,2340,120,0
2025-08-25 16:55:00+00:00,23417.65,23449.65,23411.65,23449.65,2215,120,0
2025-08-25 17:00:00+00:00,23449.55,23473.75,23435.85,23473.15,2335,120,0
2025-08-25 17:05:00+00:00,23472.85,23485.85,23462.15,23479.65,2089,120,0
2025-08-25 17:10:00+00:00,23479.25,23487.65,23462.85,23482.85,2210,120,0
2025-08-25 17:15:00+00:00,23482.85,23490.55,23465.85,23465.85,2077,120,0
2025-08-25 17:20:00+00:00,23465.85,23479.55,23449.85,23475.85,2178,120,0
2025-08-25 17:25:00+00:00,23475.65,23484.75,23465.05,23471.65,1982,120,0
2025-08-25 17:30:00+00:00,23471.25,23486.75,23463.15,23476.55,1924,120,0
2025-08-25 17:35:00+00:00,23476.35,23497.55,23476.15,23482.55,1739,80,0
2025-08-25 17:40:00+00:00,23481.55,23485.75,23463.85,23470.65,1846,80,0
2025-08-25 17:45:00+00:00,23470.65,23504.75,23463.85,23502.55,1902,120,0
2025-08-25 17:50:00+00:00,23502.55,23504.15,23485.55,23489.85,1647,80,0
2025-08-25 17:55:00+00:00,23489.05,23503.45,23475.65,23501.45,1640,80,0
2025-08-25 18:00:00+00:00,23501.25,23512.15,23495.55,23511.55,1689,80,0
2025-08-25 18:05:00+00:00,23511.45,23517.25,23501.75,23507.75,1458,80,0
2025-08-25 18:10:00+00:00,23507.85,23520.35,23498.85,23516.65,1749,80,0
2025-08-25 18:15:00+00:00,23516.85,23524.35,23511.75,23514.85,1311,80,0
2025-08-25 18:20:00+00:00,23515.05,23533.35,23514.35,23529.35,1261,80,0
2025-08-25 18:25:00+00:00,23529.55,23532.45,23526.05,23529.55,1101,80,0
2025-08-25 18:30:00+00:00,23529.35,23537.55,23522.45,23524.75,1340,80,0
2025-08-25 18:35:00+00:00,23524.35,23529.55,23509.85,23523.05,1278,80,0
2025-08-25 18:40:00+00:00,23522.85,23525.95,23513.55,23523.85,1245,80,0
2025-08-25 18:45:00+00:00,23524.05,23528.35,23515.35,23520.25,1237,80,0
2025-08-25 18:50:00+00:00,23520.35,23546.95,23519.35,23535.55,1417,80,0
2025-08-25 18:55:00+00:00,23535.35,23540.05,23527.05,23531.85,1126,80,0
2025-08-25 19:00:00+00:00,23531.85,23538.35,23528.05,23532.45,1167,80,0
2025-08-25 19:05:00+00:00,23532.35,23544.55,23530.55,23536.85,1082,80,0
2025-08-25 19:10:00+00:00,23536.55,23541.85,23529.55,23539.55,973,80,0
2025-08-25 19:15:00+00:00,23539.85,23541.85,23525.55,23527.05,980,80,0
2025-08-25 19:20:00+00:00,23526.85,23537.05,23526.85,23534.05,1039,80,0
2025-08-25 19:25:00+00:00,23532.45,23536.35,23527.55,23528.85,890,80,0
2025-08-25 19:30:00+00:00,23527.85,23530.75,23519.75,23526.85,1050,80,0
2025-08-25 19:35:00+00:00,23527.05,23534.35,23519.55,23531.35,991,80,0
2025-08-25 19:40:00+00:00,23531.85,23540.55,23526.85,23537.75,873,80,0
2025-08-25 19:45:00+00:00,23537.55,23543.05,23532.35,23534.95,853,80,0
2025-08-25 19:50:00+00:00,23534.85,23536.55,23522.45,23528.55,1057,80,0
2025-08-25 19:55:00+00:00,23528.55,23532.55,23520.95,23527.05,886,80,0
2025-08-25 20:00:00+00:00,23526.85,23528.75,23503.35,23509.05,1215,80,0
2025-08-25 20:05:00+00:00,23509.35,23521.55,23506.35,23520.35,1198,80,0
2025-08-25 20:10:00+00:00,23519.85,23525.55,23515.05,23515.05,943,80,0
2025-08-25 20:15:00+00:00,23515.55,23520.75,23511.05,23519.55,844,80,0
2025-08-25 20:20:00+00:00,23519.85,23523.25,23512.35,23518.05,896,80,0
2025-08-25 20:25:00+00:00,23518.25,23518.35,23504.35,23515.05,982,80,0
2025-08-25 20:30:00+00:00,23514.85,23521.45,23508.35,23509.05,963,80,0
2025-08-25 20:35:00+00:00,23508.85,23510.85,23501.95,23504.55,885,80,0
2025-08-25 20:40:00+00:00,23503.85,23505.35,23488.35,23503.35,1291,80,0
2025-08-25 20:45:00+00:00,23503.55,23510.95,23503.05,23510.05,897,80,0
2025-08-25 20:50:00+00:00,23509.85,23517.85,23508.55,23513.85,863,80,0
2025-08-25 20:55:00+00:00,23513.85,23518.05,23506.85,23509.05,841,80,0
2025-08-25 21:00:00+00:00,23509.05,23511.05,23500.75,23506.55,963,80,0
2025-08-25 21:05:00+00:00,23506.05,23510.05,23499.05,23507.85,914,80,0
2025-08-25 21:10:00+00:00,23507.55,23513.55,23503.55,23512.55,819,80,0
2025-08-25 21:15:00+00:00,23512.75,23514.35,23496.05,23496.35,948,80,0
2025-08-25 21:20:00+00:00,23496.05,23504.55,23488.05,23498.55,1017,80,0
2025-08-25 21:25:00+00:00,23498.35,23503.25,23495.05,23496.35,808,80,0
2025-08-25 21:30:00+00:00,23496.05,23502.45,23493.85,23495.35,929,80,0
2025-08-25 21:35:00+00:00,23495.55,23499.75,23492.35,23493.55,756,80,0
2025-08-25 21:40:00+00:00,23493.35,23495.35,23483.75,23484.25,912,80,0
2025-08-25 21:45:00+00:00,23483.85,23494.75,23480.05,23492.35,1016,80,0
2025-08-25 21:50:00+00:00,23492.55,23496.85,23487.85,23488.55,825,80,0
2025-08-25 21:55:00+00:00,23488.85,23495.85,23482.85,23483.35,787,80,0
2025-08-25 22:00:00+00:00,23483.35,23489.05,23480.25,23484.05,947,80,0
2025-08-25 22:05:00+00:00,23484.05,23499.35,23482.05,23498.85,980,80,0
2025-08-25 22:10:00+00:00,23498.95,23504.25,23496.85,23496.85,959,80,0
2025-08-25 22:15:00+00:00,23496.75,23498.05,23478.35,23484.55,1216,80,0
2025-08-25 22:20:00+00:00,23484.85,23490.05,23482.35,23483.85,862,80,0
2025-08-25 22:25:00+00:00,23483.85,23487.35,23479.05,23483.35,787,80,0
2025-08-25 22:30:00+00:00,23483.05,23488.05,23476.75,23478.35,931,80,0
2025-08-25 22:35:00+00:00,23478.05,23484.05,23476.55,23482.05,904,80,0
2025-08-25 22:40:00+00:00,23481.55,23484.85,23473.35,23475.95,961,80,0
2025-08-25 22:45:00+00:00,23475.85,23480.05,23470.55,23477.55,1021,80,0
2025-08-25 22:50:00+00:00,23480.45,23480.85,23464.85,23471.35,1297,80,0
2025-08-25 22:55:00+00:00,23471.05,23471.05,23419.65,23424.15,1717,80,0
2025-08-25 23:00:00+00:00,23425.65,23442.36,23415.86,23439.56,1348,120,0
2025-08-25 23:05:00+00:00,23440.06,23447.26,23436.66,23440.76,695,188,0
2025-08-25 23:10:00+00:00,23440.66,23445.06,23438.76,23442.36,476,178,0
2025-08-25 23:15:00+00:00,23442.26,23443.66,23440.06,23442.76,282,168,0
2025-08-25 23:20:00+00:00,23442.86,23443.66,23438.26,23441.86,252,168,0
2025-08-25 23:25:00+00:00,23442.16,23446.36,23441.86,23445.86,231,168,0
2025-08-25 23:30:00+00:00,23445.76,23448.66,23440.46,23442.06,268,168,0
2025-08-25 23:35:00+00:00,23442.06,23442.06,23435.86,23436.16,272,168,0
2025-08-25 23:40:00+00:00,23436.16,23439.86,23435.36,23439.16,255,168,0
2025-08-25 23:45:00+00:00,23439.36,23439.36,23430.56,23430.86,265,168,0
2025-08-26 01:05:00+00:00,23444.66,23449.06,23441.96,23445.56,369,188,0
2025-08-26 01:10:00+00:00,23446.16,23448.86,23444.76,23447.26,247,168,0
2025-08-26 01:15:00+00:00,23447.56,23450.66,23446.36,23447.56,188,168,0
2025-08-26 01:20:00+00:00,23447.36,23450.66,23444.56,23449.56,177,168,0
2025-08-26 01:25:00+00:00,23449.76,23453.26,23448.76,23449.56,184,168,0
2025-08-26 01:30:00+00:00,23449.66,23450.06,23445.06,23446.56,169,168,0
2025-08-26 01:35:00+00:00,23446.36,23447.66,23444.56,23446.56,96,168,0
2025-08-26 01:40:00+00:00,23446.26,23450.26,23445.76,23450.06,102,168,0
2025-08-26 01:45:00+00:00,23450.06,23450.56,23444.06,23445.06,127,168,0
2025-08-26 01:50:00+00:00,23445.16,23447.56,23444.86,23446.26,94,168,0
2025-08-26 01:55:00+00:00,23446.36,23447.56,23442.86,23444.56,128,168,0
2025-08-26 02:00:00+00:00,23444.66,23449.65,23444.66,23448.35,164,150,0
2025-08-26 02:05:00+00:00,23448.35,23448.85,23439.95,23444.65,170,150,0
2025-08-26 02:10:00+00:00,23444.35,23444.65,23441.85,23442.75,84,150,0
2025-08-26 02:15:00+00:00,23442.15,23446.45,23439.85,23446.05,134,150,0
2025-08-26 02:20:00+00:00,23445.85,23445.95,23434.95,23437.65,244,150,0
2025-08-26 02:25:00+00:00,23438.35,23439.65,23430.55,23436.85,286,160,0
2025-08-26 02:30:00+00:00,23436.75,23441.15,23433.85,23440.15,202,150,0
2025-08-26 02:35:00+00:00,23440.25,23440.25,23433.85,23434.85,140,150,0
2025-08-26 02:40:00+00:00,23434.75,23435.85,23428.85,23431.85,204,150,0
2025-08-26 02:45:00+00:00,23431.85,23433.35,23425.55,23427.75,329,160,0
2025-08-26 02:50:00+00:00,23427.85,23431.85,23422.25,23429.65,365,160,0
2025-08-26 02:55:00+00:00,23429.75,23430.75,23423.55,23429.55,237,160,0
2025-08-26 03:00:00+00:00,23429.05,23435.85,23343.95,23398.95,1219,170,0
2025-08-26 03:05:00+00:00,23398.85,23427.65,23383.35,23412.35,1670,210,0
2025-08-26 03:10:00+00:00,23412.55,23420.55,23400.35,23416.85,1215,210,0
2025-08-26 03:15:00+00:00,23416.65,23441.85,23410.65,23420.65,1265,210,0
2025-08-26 03:20:00+00:00,23420.65,23422.85,23399.45,23403.15,1114,210,0
2025-08-26 03:25:00+00:00,23402.45,23403.95,23389.95,23393.05,907,200,0
2025-08-26 03:30:00+00:00,23393.15,23408.95,23366.55,23390.45,1750,210,0
2025-08-26 03:35:00+00:00,23390.05,23394.35,23354.85,23360.35,1341,210,0
2025-08-26 03:40:00+00:00,23361.15,23361.65,23308.95,23320.45,1641,210,0
2025-08-26 03:45:00+00:00,23321.15,23328.35,23304.65,23324.35,1527,210,0
2025-08-26 03:50:00+00:00,23323.65,23341.95,23323.15,23337.45,1308,210,0
2025-08-26 03:55:00+00:00,23337.05,23351.85,23336.35,23350.45,1081,200,0
2025-08-26 04:00:00+00:00,23350.25,23371.75,23343.45,23369.65,1082,200,0
2025-08-26 04:05:00+00:00,23370.35,23386.35,23364.65,23382.85,932,200,0
2025-08-26 04:10:00+00:00,23382.35,23388.95,23375.05,23378.65,750,190,0
2025-08-26 04:15:00+00:00,23379.25,23383.45,23373.95,23378.15,662,190,0
2025-08-26 04:20:00+00:00,23378.15,23385.75,23375.05,23380.45,572,180,0
2025-08-26 04:25:00+00:00,23380.55,23387.95,23379.45,23385.35,521,180,0
2025-08-26 04:30:00+00:00,23385.25,23389.05,23375.45,23378.65,598,180,0
2025-08-26 04:35:00+00:00,23378.55,23382.45,23362.15,23369.15,729,180,0
2025-08-26 04:40:00+00:00,23369.35,23373.75,23364.35,23370.55,592,190,0
2025-08-26 04:45:00+00:00,23370.75,23374.45,23367.15,23371.45,485,180,0
2025-08-26 04:50:00+00:00,23371.55,23372.75,23349.15,23351.45,825,170,0
2025-08-26 04:55:00+00:00,23351.35,23365.15,23348.85,23357.45,644,180,0
2025-08-26 05:00:00+00:00,23357.75,23386.75,23356.55,23378.45,726,180,0
2025-08-26 05:05:00+00:00,23379.45,23386.75,23378.45,23386.25,489,170,0
2025-08-26 05:10:00+00:00,23386.25,23392.55,23381.45,23389.45,488,180,0
2025-08-26 05:15:00+00:00,23388.95,23393.75,23381.95,23382.95,472,180,0
2025-08-26 05:20:00+00:00,23383.05,23391.35,23382.75,23389.25,372,170,0
2025-08-26 05:25:00+00:00,23389.25,23392.05,23383.35,23391.05,376,170,0
2025-08-26 05:30:00+00:00,23390.65,23394.55,23383.75,23388.85,378,170,0
2025-08-26 05:35:00+00:00,23388.45,23407.05,23386.45,23399.95,477,170,0
2025-08-26 05:40:00+00:00,23399.45,23400.35,23386.25,23393.95,525,180,0
2025-08-26 05:45:00+00:00,23393.75,23397.85,23389.85,23390.35,297,160,0
2025-08-26 05:50:00+00:00,23390.35,23392.85,23381.65,23381.85,373,160,0
2025-08-26 05:55:00+00:00,23382.05,23385.05,23380.35,23382.05,332,160,0
2025-08-26 06:00:00+00:00,23382.05,23389.05,23378.05,23380.45,406,160,0
2025-08-26 06:05:00+00:00,23380.35,23383.45,23374.95,23375.55,408,170,0
2025-08-26 06:10:00+00:00,23376.05,23380.55,23374.35,23376.35,363,170,0
2025-08-26 06:15:00+00:00,23376.55,23379.05,23373.65,23378.55,268,170,0
2025-08-26 06:20:00+00:00,23379.05,23382.45,23375.95,23380.95,264,150,0
2025-08-26 06:25:00+00:00,23380.85,23382.35,23378.45,23378.45,263,150,0
2025-08-26 06:30:00+00:00,23377.65,23386.25,23377.45,23383.85,275,160,0
2025-08-26 06:35:00+00:00,23383.85,23387.45,23383.65,23385.35,241,150,0
2025-08-26 06:40:00+00:00,23385.05,23390.65,23384.05,23389.05,249,150,0
2025-08-26 06:45:00+00:00,23388.95,23389.35,23386.15,23386.85,183,150,0
2025-08-26 06:50:00+00:00,23386.35,23388.45,23385.25,23386.15,180,150,0
2025-08-26 06:55:00+00:00,23386.35,23387.45,23382.65,23384.65,229,150,0
2025-08-26 07:00:00+00:00,23384.85,23387.45,23381.05,23384.35,264,160,0
2025-08-26 07:05:00+00:00,23383.85,23390.15,23383.65,23388.55,237,160,0
2025-08-26 07:10:00+00:00,23388.35,23393.35,23387.75,23391.95,260,150,0
2025-08-26 07:15:00+00:00,23392.25,23393.15,23390.05,23390.65,194,150,0
2025-08-26 07:20:00+00:00,23390.85,23391.35,23388.75,23388.75,189,150,0
2025-08-26 07:25:00+00:00,23388.35,23388.65,23383.65,23387.95,226,150,0
2025-08-26 07:30:00+00:00,23388.15,23390.65,23377.35,23381.85,261,150,0
2025-08-26 07:35:00+00:00,23382.25,23382.45,23378.15,23378.35,196,150,0
2025-08-26 07:40:00+00:00,23378.65,23381.85,23374.05,23375.45,276,150,0
2025-08-26 07:45:00+00:00,23375.35,23389.55,23375.35,23389.55,276,160,0
2025-08-26 07:50:00+00:00,23389.35,23389.95,23384.35,23384.85,208,150,0
2025-08-26 07:55:00+00:00,23384.05,23389.35,23378.65,23388.85,286,160,0
2025-08-26 08:00:00+00:00,23388.75,23401.75,23388.75,23400.25,422,170,0
2025-08-26 08:05:00+00:00,23400.35,23408.15,23398.75,23407.65,382,170,0
2025-08-26 08:10:00+00:00,23408.15,23412.75,23406.75,23407.05,362,160,0
2025-08-26 08:15:00+00:00,23406.75,23407.55,23399.65,23401.75,333,160,0
2025-08-26 08:20:00+00:00,23401.65,23406.85,23401.55,23403.85,265,150,0
2025-08-26 08:25:00+00:00,23403.55,23409.45,23401.55,23406.05,317,160,0
2025-08-26 08:30:00+00:00,23406.05,23413.65,23401.05,23410.65,373,160,0
2025-08-26 08:35:00+00:00,23411.35,23411.35,23401.15,23403.55,375,170,0
2025-08-26 08:40:00+00:00,23403.05,23415.25,23401.95,23414.35,358,160,0
2025-08-26 08:45:00+00:00,23414.05,23417.35,23408.65,23410.15,371,160,0
2025-08-26 08:50:00+00:00,23410.35,23410.75,23402.85,23406.15,307,160,0
2025-08-26 08:55:00+00:00,23406.05,23412.25,23406.05,23409.15,288,160,0
2025-08-26 09:00:00+00:00,23409.25,23416.95,23405.15,23405.65,660,160,0
2025-08-26 09:05:00+00:00,23405.15,23412.75,23405.15,23411.75,554,180,0
2025-08-26 09:10:00+00:00,23411.55,23411.75,23397.85,23401.75,559,170,0
2025-08-26 09:15:00+00:00,23401.95,23407.05,23397.95,23399.95,514,180,0
2025-08-26 09:20:00+00:00,23399.75,23399.95,23387.55,23388.75,761,180,0
2025-08-26 09:25:00+00:00,23389.45,23393.45,23385.25,23390.45,693,180,0
2025-08-26 09:30:00+00:00,23390.75,23397.95,23388.45,23390.65,660,180,0
2025-08-26 09:35:00+00:00,23389.45,23390.35,23376.85,23388.95,785,190,0
2025-08-26 09:40:00+00:00,23388.75,23390.25,23380.55,23382.05,530,180,0
2025-08-26 09:45:00+00:00,23381.95,23391.25,23380.65,23391.25,452,180,0
2025-08-26 09:50:00+00:00,23391.05,23394.45,23386.35,23393.65,556,180,0
2025-08-26 09:55:00+00:00,23393.75,23397.85,23381.05,23387.15,715,180,0
2025-08-26 10:00:00+00:00,23387.45,23387.45,23373.35,23381.45,1508,190,0
2025-08-26 10:05:00+00:00,23380.65,23382.85,23359.55,23371.85,1456,200,0
2025-08-26 10:10:00+00:00,23372.05,23379.55,23348.95,23364.55,1485,210,0
2025-08-26 10:15:00+00:00,23364.35,23375.05,23359.45,23362.75,1205,200,0
2025-08-26 10:20:00+00:00,23363.15,23370.35,23359.25,23360.85,903,190,0
2025-08-26 10:25:00+00:00,23360.85,23370.15,23359.35,23370.15,809,190,0
2025-08-26 10:30:00+00:00,23369.45,23391.25,23365.45,23391.15,1026,190,0
2025-08-26 10:35:00+00:00,23391.25,23397.55,23389.45,23394.45,794,190,0
2025-08-26 10:40:00+00:00,23394.15,23394.55,23388.35,23389.05,538,170,0
2025-08-26 10:45:00+00:00,23388.75,23389.75,23371.05,23371.45,691,170,0
2025-08-26 10:50:00+00:00,23371.25,23381.55,23363.15,23380.65,839,190,0
2025-08-26 10:55:00+00:00,23380.45,23381.15,23370.95,23375.25,834,180,0
2025-08-26 11:00:00+00:00,23375.25,23390.65,23372.95,23380.85,1114,190,0
2025-08-26 11:05:00+00:00,23380.65,23396.15,23379.65,23394.15,986,190,0
2025-08-26 11:10:00+00:00,23394.45,23401.85,23388.45,23399.05,752,190,0
2025-08-26 11:15:00+00:00,23398.95,23406.95,23393.25,23393.35,735,180,0
2025-08-26 11:20:00+00:00,23393.25,23395.45,23382.45,23388.45,753,190,0
2025-08-26 11:25:00+00:00,23388.45,23397.95,23385.95,23392.55,673,190,0
2025-08-26 11:30:00+00:00,23392.65,23400.75,23387.45,23392.45,616,180,0
2025-08-26 11:35:00+00:00,23393.05,23395.95,23384.55,23386.55,670,180,0
2025-08-26 11:40:00+00:00,23386.45,23390.05,23382.45,23389.85,525,170,0
2025-08-26 11:45:00+00:00,23389.95,23398.15,23387.75,23397.55,455,170,0
2025-08-26 11:50:00+00:00,23397.55,23400.35,23394.85,23397.05,443,160,0
2025-08-26 11:55:00+00:00,23397.05,23398.15,23389.65,23392.55,426,160,0
2025-08-26 12:00:00+00:00,23392.75,23397.95,23385.65,23397.95,539,170,0
2025-08-26 12:05:00+00:00,23397.85,23402.65,23393.95,23400.25,429,170,0
2025-08-26 12:10:00+00:00,23400.05,23404.35,23396.35,23402.65,393,160,0
2025-08-26 12:15:00+00:00,23404.15,23412.05,23401.65,23410.75,420,160,0
2025-08-26 12:20:00+00:00,23410.85,23411.85,23403.75,23406.05,403,160,0
2025-08-26 12:25:00+00:00,23406.05,23408.85,23402.55,23407.35,363,160,0
2025-08-26 12:30:00+00:00,23407.35,23413.95,23407.35,23411.35,419,160,0
2025-08-26 12:35:00+00:00,23411.55,23414.65,23409.05,23409.65,360,150,0
2025-08-26 12:40:00+00:00,23409.85,23409.85,23398.35,23400.75,416,160,0
2025-08-26 12:45:00+00:00,23401.05,23404.95,23400.75,23401.65,392,160,0
2025-08-26 12:50:00+00:00,23401.85,23408.45,23401.65,23404.95,370,160,0
2025-08-26 12:55:00+00:00,23405.05,23410.45,23402.65,23407.85,310,160,0
2025-08-26 13:00:00+00:00,23407.05,23423.75,23404.25,23423.25,649,160,0
2025-08-26 13:05:00+00:00,23423.65,23423.65,23413.75,23418.05,477,180,0
2025-08-26 13:10:00+00:00,23418.25,23427.25,23416.05,23423.45,455,170,0
2025-08-26 13:15:00+00:00,23423.55,23427.05,23423.55,23425.25,343,150,0
2025-08-26 13:20:00+00:00,23425.35,23426.35,23419.35,23421.25,384,150,0
2025-08-26 13:25:00+00:00,23421.25,23430.45,23421.25,23429.95,361,160,0
2025-08-26 13:30:00+00:00,23429.85,23435.65,23425.85,23434.15,441,160,0
2025-08-26 13:35:00+00:00,23434.25,23438.65,23432.65,23434.35,509,160,0
2025-08-26 13:40:00+00:00,23434.15,23436.05,23424.65,23427.05,446,170,0
2025-08-26 13:45:00+00:00,23427.05,23431.55,23423.35,23428.85,334,160,0
2025-08-26 13:50:00+00:00,23428.15,23430.15,23421.75,23425.25,411,160,0
2025-08-26 13:55:00+00:00,23425.05,23428.05,23422.75,23424.35,292,150,0
2025-08-26 14:00:00+00:00,23424.65,23428.35,23414.35,23419.95,522,160,0
2025-08-26 14:05:00+00:00,23420.45,23421.35,23413.85,23420.35,483,170,0
2025-08-26 14:10:00+00:00,23420.75,23421.75,23412.25,23413.55,532,170,0
2025-08-26 14:15:00+00:00,23413.25,23413.25,23404.65,23405.15,579,170,0
2025-08-26 14:20:00+00:00,23405.25,23410.35,23401.85,23403.35,499,170,0
2025-08-26 14:25:00+00:00,23403.55,23407.55,23400.85,23401.65,388,160,0
2025-08-26 14:30:00+00:00,23401.75,23402.35,23383.25,23387.75,677,160,0
2025-08-26 14:35:00+00:00,23387.95,23392.05,23382.25,23389.25,669,180,0
2025-08-26 14:40:00+00:00,23388.95,23394.45,23386.55,23391.45,583,170,0
2025-08-26 14:45:00+00:00,23391.45,23391.75,23377.45,23381.95,550,170,0
2025-08-26 14:50:00+00:00,23381.75,23394.05,23381.55,23389.95,509,180,0
2025-08-26 14:55:00+00:00,23389.95,23405.25,23389.95,23402.55,707,170,0
2025-08-26 15:00:00+00:00,23402.55,23404.95,23391.55,23391.95,643,180,0
2025-08-26 15:05:00+00:00,23392.15,23395.45,23385.45,23388.45,671,180,0
2025-08-26 15:10:00+00:00,23388.65,23395.05,23380.75,23380.85,638,180,0
2025-08-26 15:15:00+00:00,23380.95,23397.65,23372.75,23393.85,837,180,0
2025-08-26 15:20:00+00:00,23393.05,23404.95,23389.85,23403.05,635,180,0
2025-08-26 15:25:00+00:00,23402.45,23403.75,23395.05,23396.75,560,170,0
2025-08-26 15:30:00+00:00,23397.55,23410.75,23394.75,23408.05,679,170,0
2025-08-26 15:35:00+00:00,23407.65,23408.15,23394.95,23403.95,702,180,0
2025-08-26 15:40:00+00:00,23403.45,23407.55,23399.35,23406.85,568,180,0
2025-08-26 15:45:00+00:00,23406.95,23412.35,23405.25,23410.25,655,170,0
2025-08-26 15:50:00+00:00,23410.25,23412.85,23396.75,23397.35,673,170,0
2025-08-26 15:55:00+00:00,23396.95,23405.25,23395.05,23403.65,866,180,0
2025-08-26 16:00:00+00:00,23403.65,23406.75,23397.65,23398.75,901,190,0
2025-08-26 16:05:00+00:00,23398.85,23405.75,23396.75,23402.55,791,180,0
2025-08-26 16:10:00+00:00,23402.35,23408.55,23400.45,23405.85,655,170,0
2025-08-26 16:15:00+00:00,23405.35,23406.65,23400.55,23404.95,526,170,0
2025-08-26 16:20:00+00:00,23404.75,23408.15,23400.55,23401.75,584,160,0
2025-08-26 16:25:00+00:00,23401.65,23405.25,23400.45,23403.35,820,170,0
2025-08-26 16:30:00+00:00,23403.55,23447.85,23400.75,23436.35,2535,80,0
2025-08-26 16:35:00+00:00,23435.85,23440.75,23396.85,23418.85,2561,120,0
2025-08-26 16:40:00+00:00,23418.35,23451.35,23417.85,23429.85,2380,120,0
2025-08-26 16:45:00+00:00,23430.85,23432.15,23360.65,23377.25,2530,120,0
2025-08-26 16:50:00+00:00,23376.85,23434.75,23371.75,23430.25,2424,120,0
2025-08-26 16:55:00+00:00,23430.25,23439.65,23417.15,23427.55,2130,120,0
2025-08-26 17:00:00+00:00,23427.35,23446.85,23425.35,23439.85,2323,120,0
2025-08-26 17:05:00+00:00,23439.25,23441.55,23420.85,23434.65,2107,120,0
2025-08-26 17:10:00+00:00,23434.35,23460.15,23418.65,23440.85,2148,120,0
2025-08-26 17:15:00+00:00,23440.85,23461.65,23434.85,23445.85,1901,110,0
2025-08-26 17:20:00+00:00,23446.15,23478.65,23445.85,23473.85,1873,120,0
2025-08-26 17:25:00+00:00,23473.85,23481.15,23468.65,23476.35,1638,100,0
2025-08-26 17:30:00+00:00,23476.35,23482.05,23465.65,23467.15,1722,90,0
2025-08-26 17:35:00+00:00,23467.65,23480.65,23455.35,23455.65,1773,90,0
2025-08-26 17:40:00+00:00,23456.05,23479.15,23448.35,23478.75,1716,120,0
2025-08-26 17:45:00+00:00,23478.85,23483.85,23458.65,23467.85,1791,120,0
2025-08-26 17:50:00+00:00,23468.05,23473.15,23461.65,23469.05,1608,80,0
2025-08-26 17:55:00+00:00,23470.25,23482.95,23453.35,23455.85,1673,80,0
2025-08-26 18:00:00+00:00,23455.95,23463.45,23451.35,23458.75,1595,80,0
2025-08-26 18:05:00+00:00,23458.85,23465.45,23447.25,23450.55,1497,80,0
2025-08-26 18:10:00+00:00,23450.55,23466.95,23446.75,23463.05,1464,80,0
2025-08-26 18:15:00+00:00,23463.35,23467.35,23445.35,23455.85,1456,80,0
2025-08-26 18:20:00+00:00,23456.05,23467.35,23453.35,23463.85,1223,80,0
2025-08-26 18:25:00+00:00,23464.55,23470.35,23438.85,23441.85,1477,80,0
2025-08-26 18:30:00+00:00,23442.05,23449.55,23427.25,23428.35,1568,80,0
2025-08-26 18:35:00+00:00,23428.35,23451.35,23426.85,23448.85,1442,80,0
2025-08-26 18:40:00+00:00,23448.85,23453.25,23445.05,23449.35,1128,80,0
2025-08-26 18:45:00+00:00,23449.35,23454.95,23436.35,23437.55,1167,80,0
2025-08-26 18:50:00+00:00,23437.85,23455.45,23431.75,23449.85,1255,80,0
2025-08-26 18:55:00+00:00,23450.35,23456.35,23445.35,23451.55,1070,80,0
2025-08-26 19:00:00+00:00,23451.05,23466.75,23451.05,23465.45,1064,80,0
2025-08-26 19:05:00+00:00,23465.55,23470.05,23463.35,23464.85,1125,80,0
2025-08-26 19:10:00+00:00,23465.05,23477.85,23463.25,23477.55,1070,80,0
2025-08-26 19:15:00+00:00,23476.85,23489.35,23476.05,23482.85,1164,80,0
2025-08-26 19:20:00+00:00,23483.05,23488.75,23471.45,23475.35,1149,80,0
2025-08-26 19:25:00+00:00,23475.55,23479.05,23471.35,23476.25,886,80,0
2025-08-26 19:30:00+00:00,23476.35,23481.95,23474.45,23477.85,917,80,0
2025-08-26 19:35:00+00:00,23478.05,23481.55,23473.75,23474.05,803,80,0
2025-08-26 19:40:00+00:00,23474.05,23483.55,23472.35,23473.85,831,80,0
2025-08-26 19:45:00+00:00,23473.85,23477.55,23462.55,23463.95,1047,80,0
2025-08-26 19:50:00+00:00,23464.05,23471.45,23458.75,23467.05,994,80,0
2025-08-26 19:55:00+00:00,23467.05,23475.45,23464.85,23473.05,850,80,0
2025-08-26 20:00:00+00:00,23472.55,23476.25,23466.35,23474.55,816,80,0
2025-08-26 20:05:00+00:00,23474.55,23477.35,23458.05,23458.45,1028,80,0
2025-08-26 20:10:00+00:00,23458.35,23463.05,23443.85,23462.25,1325,80,0
2025-08-26 20:15:00+00:00,23462.35,23463.55,23452.35,23460.05,963,80,0
2025-08-26 20:20:00+00:00,23459.85,23470.85,23458.75,23467.45,895,80,0
2025-08-26 20:25:00+00:00,23467.55,23474.55,23463.85,23470.55,890,80,0
2025-08-26 20:30:00+00:00,23470.35,23473.75,23452.35,23454.05,1026,80,0
2025-08-26 20:35:00+00:00,23453.05,23458.85,23446.55,23448.85,898,80,0
2025-08-26 20:40:00+00:00,23448.75,23449.35,23438.85,23443.45,854,80,0
2025-08-26 20:45:00+00:00,23443.75,23446.35,23436.75,23441.35,926,80,0
2025-08-26 20:50:00+00:00,23440.85,23443.35,23412.95,23415.35,1063,80,0
2025-08-26 20:55:00+00:00,23416.05,23440.05,23412.75,23436.05,1187,80,0
2025-08-26 21:00:00+00:00,23435.85,23449.35,23433.05,23442.85,1141,80,0
2025-08-26 21:05:00+00:00,23442.55,23452.95,23440.35,23452.05,848,80,0
2025-08-26 21:10:00+00:00,23452.35,23464.35,23448.35,23456.75,1104,80,0
2025-08-26 21:15:00+00:00,23456.85,23470.75,23456.35,23469.45,929,80,0
2025-08-26 21:20:00+00:00,23469.05,23469.95,23461.35,23465.35,780,80,0
2025-08-26 21:25:00+00:00,23465.35,23472.85,23464.35,23472.55,740,80,0
2025-08-26 21:30:00+00:00,23472.55,23481.45,23470.25,23475.35,937,80,0
2025-08-26 21:35:00+00:00,23475.55,23482.75,23473.85,23478.95,810,80,0
2025-08-26 21:40:00+00:00,23478.75,23486.45,23475.75,23476.85,818,80,0
2025-08-26 21:45:00+00:00,23476.85,23484.35,23472.55,23482.55,772,80,0
2025-08-26 21:50:00+00:00,23482.55,23483.35,23475.35,23480.35,701,80,0
2025-08-26 21:55:00+00:00,23480.05,23488.15,23479.55,23482.25,838,80,0
2025-08-26 22:00:00+00:00,23481.75,23485.05,23474.65,23478.25,792,80,0
2025-08-26 22:05:00+00:00,23478.55,23478.55,23468.05,23472.55,923,80,0
2025-08-26 22:10:00+00:00,23472.75,23480.15,23472.05,23479.65,804,80,0
2025-08-26 22:15:00+00:00,23480.05,23482.55,23474.65,23477.95,741,80,0
2025-08-26 22:20:00+00:00,23477.95,23511.25,23476.75,23496.55,1311,80,0
2025-08-26 22:25:00+00:00,23496.25,23501.05,23489.15,23499.75,1016,80,0
2025-08-26 22:30:00+00:00,23498.75,23509.75,23496.55,23502.05,1139,80,0
2025-08-26 22:35:00+00:00,23502.25,23503.05,23479.25,23481.55,1207,80,0
2025-08-26 22:40:00+00:00,23481.25,23482.05,23467.05,23469.25,1177,80,0
2025-08-26 22:45:00+00:00,23468.75,23486.65,23468.05,23485.75,1025,80,0
2025-08-26 22:50:00+00:00,23486.05,23531.85,23484.55,23507.05,1955,80,0
2025-08-26 22:55:00+00:00,23515.25,23530.45,23510.95,23519.05,1791,120,0
2025-08-26 23:00:00+00:00,23519.85,23530.56,23514.76,23519.06,989,120,0
2025-08-26 23:05:00+00:00,23518.76,23539.66,23518.76,23537.66,804,198,0
2025-08-26 23:10:00+00:00,23537.36,23542.46,23535.16,23540.76,502,178,0
2025-08-26 23:15:00+00:00,23541.06,23541.06,23535.66,23537.26,361,178,0
2025-08-26 23:20:00+00:00,23537.56,23539.26,23535.96,23535.96,248,168,0
2025-08-26 23:25:00+00:00,23536.46,23539.26,23536.06,23538.86,218,168,0
2025-08-26 23:30:00+00:00,23538.36,23539.46,23534.56,23535.86,201,168,0
2025-08-26 23:35:00+00:00,23535.36,23536.06,23533.36,23535.56,220,168,0
2025-08-26 23:40:00+00:00,23536.06,23541.56,23535.86,23541.06,231,168,0
2025-08-26 23:45:00+00:00,23541.26,23541.36,23538.86,23539.86,258,168,0
2025-08-27 01:05:00+00:00,23548.66,23549.56,23543.96,23544.86,231,178,0
2025-08-27 01:10:00+00:00,23544.86,23552.26,23543.96,23551.76,216,168,0
2025-08-27 01:15:00+00:00,23551.66,23554.66,23544.96,23548.36,208,168,0
2025-08-27 01:20:00+00:00,23548.16,23553.16,23546.06,23551.96,165,168,0
2025-08-27 01:25:00+00:00,23552.46,23552.56,23546.96,23550.06,141,168,0
2025-08-27 01:30:00+00:00,23549.96,23554.46,23547.66,23552.96,152,168,0
2025-08-27 01:35:00+00:00,23553.26,23554.66,23550.46,23551.26,142,168,0
2025-08-27 01:40:00+00:00,23551.56,23553.16,23550.66,23553.16,89,168,0
2025-08-27 01:45:00+00:00,23552.96,23554.16,23551.16,23552.16,107,168,0
2025-08-27 01:50:00+00:00,23552.26,23553.46,23549.66,23552.46,98,168,0
2025-08-27 01:55:00+00:00,23552.26,23553.46,23549.96,23550.66,120,168,0
2025-08-27 02:00:00+00:00,23550.75,23555.35,23547.35,23548.25,185,150,0
2025-08-27 02:05:00+00:00,23548.15,23550.25,23546.55,23549.05,170,150,0
2025-08-27 02:10:00+00:00,23549.05,23550.55,23545.75,23546.05,129,150,0
2025-08-27 02:15:00+00:00,23545.75,23548.85,23544.55,23548.85,136,150,0
2025-08-27 02:20:00+00:00,23548.25,23549.05,23545.75,23548.55,83,150,0
2025-08-27 02:25:00+00:00,23548.55,23551.35,23548.05,23548.55,103,150,0
2025-08-27 02:30:00+00:00,23548.25,23553.25,23547.65,23552.25,134,150,0
2025-08-27 02:35:00+00:00,23552.55,23557.85,23552.35,23556.65,179,150,0
2025-08-27 02:40:00+00:00,23556.55,23557.25,23551.75,23552.75,127,150,0
2025-08-27 02:45:00+00:00,23552.65,23553.55,23548.05,23548.25,183,150,0
2025-08-27 02:50:00+00:00,23548.85,23550.55,23547.25,23549.35,183,150,0
2025-08-27 02:55:00+00:00,23549.05,23553.25,23548.25,23548.85,160,150,0
2025-08-27 03:00:00+00:00,23549.25,23551.15,23538.15,23539.45,580,150,0
2025-08-27 03:05:00+00:00,23539.85,23544.25,23538.15,23540.65,357,170,0
2025-08-27 03:10:00+00:00,23540.95,23542.95,23538.35,23539.35,292,150,0
2025-08-27 03:15:00+00:00,23539.65,23541.05,23538.35,23539.85,315,150,0
2025-08-27 03:20:00+00:00,23540.25,23541.35,23537.05,23537.35,214,150,0
2025-08-27 03:25:00+00:00,23537.05,23538.55,23534.25,23535.05,262,150,0
2025-08-27 03:30:00+00:00,23535.05,23538.05,23534.15,23534.15,180,150,0
2025-08-27 03:35:00+00:00,23534.05,23535.85,23530.05,23530.05,291,150,0
2025-08-27 03:40:00+00:00,23530.05,23533.15,23530.05,23532.55,181,150,0
2025-08-27 03:45:00+00:00,23532.25,23532.25,23529.85,23531.05,190,150,0
2025-08-27 03:50:00+00:00,23530.85,23535.05,23530.25,23531.65,203,150,0
2025-08-27 03:55:00+00:00,23532.15,23533.25,23529.35,23532.75,169,150,0
2025-08-27 04:00:00+00:00,23533.05,23538.65,23532.75,23536.95,344,150,0
2025-08-27 04:05:00+00:00,23536.95,23542.85,23536.95,23542.05,259,150,0
2025-08-27 04:10:00+00:00,23541.75,23543.55,23540.55,23542.75,234,150,0
2025-08-27 04:15:00+00:00,23542.85,23545.25,23537.35,23539.35,319,150,0
2025-08-27 04:20:00+00:00,23539.65,23540.05,23536.75,23539.15,210,150,0
2025-08-27 04:25:00+00:00,23539.35,23540.05,23536.75,23537.65,168,150,0
2025-08-27 04:30:00+00:00,23537.15,23547.55,23537.05,23547.35,318,150,0
2025-08-27 04:35:00+00:00,23547.75,23552.95,23546.75,23550.75,331,150,0
2025-08-27 04:40:00+00:00,23550.75,23557.45,23549.15,23555.45,284,150,0
2025-08-27 04:45:00+00:00,23555.45,23558.85,23550.85,23558.35,307,150,0
2025-08-27 04:50:00+00:00,23558.35,23562.85,23554.55,23561.85,330,150,0
2025-08-27 04:55:00+00:00,23561.85,23563.35,23558.75,23562.05,231,150,0
2025-08-27 05:00:00+00:00,23562.05,23563.05,23552.75,23552.75,193,150,0
2025-08-27 05:05:00+00:00,23553.05,23555.05,23547.65,23550.55,195,150,0
2025-08-27 05:10:00+00:00,23550.65,23554.25,23548.85,23552.85,194,150,0
2025-08-27 05:15:00+00:00,23553.05,23559.85,23553.05,23554.55,245,150,0
2025-08-27 05:20:00+00:00,23554.65,23560.35,23554.65,23560.35,232,150,0
2025-08-27 05:25:00+00:00,23560.75,23562.35,23549.35,23549.75,255,150,0
2025-08-27 05:30:00+00:00,23549.65,23551.75,23548.85,23549.15,156,150,0
2025-08-27 05:35:00+00:00,23548.75,23550.65,23547.85,23548.35,184,150,0
2025-08-27 05:40:00+00:00,23547.35,23548.05,23544.85,23548.05,195,150,0
2025-08-27 05:45:00+00:00,23547.85,23548.35,23543.85,23544.55,179,150,0
2025-08-27 05:50:00+00:00,23544.55,23546.55,23543.85,23546.05,135,150,0
2025-08-27 05:55:00+00:00,23545.75,23547.15,23545.05,23546.25,111,150,0
2025-08-27 06:00:00+00:00,23546.35,23551.75,23545.85,23550.75,177,150,0
2025-08-27 06:05:00+00:00,23550.75,23552.35,23550.25,23552.35,127,150,0
2025-08-27 06:10:00+00:00,23552.75,23555.85,23552.65,23555.05,151,150,0
2025-08-27 06:15:00+00:00,23555.15,23555.15,23550.85,23551.35,134,150,0
2025-08-27 06:20:00+00:00,23551.55,23551.65,23546.75,23546.85,147,150,0
2025-08-27 06:25:00+00:00,23546.85,23547.15,23544.25,23546.55,134,150,0
2025-08-27 06:30:00+00:00,23546.65,23549.15,23544.25,23548.65,188,150,0
2025-08-27 06:35:00+00:00,23548.35,23549.55,23546.05,23546.35,144,150,0
2025-08-27 06:40:00+00:00,23546.15,23547.35,23544.35,23546.35,137,150,0
2025-08-27 06:45:00+00:00,23546.15,23548.05,23545.15,23547.25,124,150,0
2025-08-27 06:50:00+00:00,23547.35,23549.25,23546.15,23546.25,101,150,0
2025-08-27 06:55:00+00:00,23546.35,23549.65,23546.05,23548.25,133,150,0
2025-08-27 07:00:00+00:00,23548.15,23548.35,23546.15,23546.25,115,150,0
2025-08-27 07:05:00+00:00,23546.05,23547.25,23540.25,23542.75,139,150,0
2025-08-27 07:10:00+00:00,23543.05,23548.25,23542.05,23548.05,143,150,0
2025-08-27 07:15:00+00:00,23548.15,23548.75,23546.55,23547.55,101,150,0
2025-08-27 07:20:00+00:00,23547.35,23548.15,23545.85,23547.85,137,150,0
2025-08-27 07:25:00+00:00,23548.05,23550.35,23546.75,23549.15,147,150,0
2025-08-27 07:30:00+00:00,23549.25,23553.85,23549.25,23552.55,159,150,0
2025-08-27 07:35:00+00:00,23552.35,23556.25,23551.55,23553.55,132,150,0
2025-08-27 07:40:00+00:00,23553.25,23554.75,23552.65,23554.55,110,150,0
2025-08-27 07:45:00+00:00,23554.35,23555.65,23553.15,23553.15,93,150,0
2025-08-27 07:50:00+00:00,23553.05,23554.25,23551.25,23551.25,77,150,0
2025-08-27 07:55:00+00:00,23551.05,23552.05,23549.75,23551.25,91,150,0
2025-08-27 08:00:00+00:00,23551.25,23551.75,23547.25,23550.65,215,150,0
2025-08-27 08:05:00+00:00,23550.75,23550.75,23534.85,23534.85,262,150,0
2025-08-27 08:10:00+00:00,23534.85,23541.05,23533.05,23535.85,293,160,0
2025-08-27 08:15:00+00:00,23535.95,23538.85,23530.05,23532.75,227,150,0
2025-08-27 08:20:00+00:00,23532.85,23538.25,23531.95,23535.55,203,150,0
2025-08-27 08:25:00+00:00,23535.55,23536.05,23533.25,23533.75,150,150,0
2025-08-27 08:30:00+00:00,23533.85,23536.85,23532.75,23535.75,183,150,0
2025-08-27 08:35:00+00:00,23536.05,23539.55,23536.05,23538.55,182,150,0
2025-08-27 08:40:00+00:00,23538.35,23539.15,23535.05,23535.25,169,150,0
2025-08-27 08:45:00+00:00,23535.25,23535.25,23531.75,23532.05,191,150,0
2025-08-27 08:50:00+00:00,23532.75,23534.35,23528.85,23529.05,155,150,0
2025-08-27 08:55:00+00:00,23529.15,23535.35,23527.75,23535.25,242,150,0
2025-08-27 09:00:00+00:00,23535.05,23536.05,23530.25,23532.45,300,160,0
2025-08-27 09:05:00+00:00,23532.45,23535.85,23530.45,23534.55,258,150,0
2025-08-27 09:10:00+00:00,23535.25,23537.25,23530.25,23536.75,256,150,0
2025-08-27 09:15:00+00:00,23536.65,23542.05,23536.25,23539.05,302,150,0
2025-08-27 09:20:00+00:00,23538.55,23542.85,23538.15,23541.85,290,150,0
2025-08-27 09:25:00+00:00,23541.75,23553.45,23541.35,23548.25,385,150,0
2025-08-27 09:30:00+00:00,23546.45,23553.55,23546.05,23552.75,379,160,0
2025-08-27 09:35:00+00:00,23552.65,23553.25,23544.15,23544.25,332,160,0
2025-08-27 09:40:00+00:00,23544.65,23550.55,23542.75,23550.05,234,150,0
2025-08-27 09:45:00+00:00,23550.05,23551.75,23548.35,23549.05,204,150,0
2025-08-27 09:50:00+00:00,23548.55,23548.55,23535.95,23538.15,444,150,0
2025-08-27 09:55:00+00:00,23537.95,23540.95,23535.95,23537.75,289,160,0
2025-08-27 10:00:00+00:00,23538.75,23539.95,23533.75,23539.35,639,160,0
2025-08-27 10:05:00+00:00,23539.25,23546.75,23538.35,23546.65,503,170,0
2025-08-27 10:10:00+00:00,23546.45,23549.55,23538.95,23539.55,467,160,0
2025-08-27 10:15:00+00:00,23539.35,23539.55,23528.75,23529.55,499,160,0
2025-08-27 10:20:00+00:00,23529.55,23531.45,23515.75,23516.65,615,170,0
2025-08-27 10:25:00+00:00,23516.65,23520.15,23509.95,23516.35,708,180,0
2025-08-27 10:30:00+00:00,23516.35,23527.25,23514.05,23524.45,621,180,0
2025-08-27 10:35:00+00:00,23524.25,23528.25,23515.35,23515.85,663,180,0
2025-08-27 10:40:00+00:00,23515.65,23522.95,23513.25,23521.25,472,170,0
2025-08-27 10:45:00+00:00,23521.05,23528.05,23519.15,23525.65,523,170,0
2025-08-27 10:50:00+00:00,23525.65,23531.25,23525.25,23529.55,458,170,0
2025-08-27 10:55:00+00:00,23529.65,23531.15,23527.25,23529.15,488,160,0
2025-08-27 11:00:00+00:00,23529.05,23533.45,23524.25,23524.45,728,170,0
2025-08-27 11:05:00+00:00,23524.45,23526.65,23518.85,23519.85,691,180,0
2025-08-27 11:10:00+00:00,23519.75,23524.45,23516.15,23516.75,504,170,0
2025-08-27 11:15:00+00:00,23516.45,23522.85,23516.25,23521.15,503,170,0
2025-08-27 11:20:00+00:00,23521.25,23522.25,23513.95,23514.85,368,160,0
2025-08-27 11:25:00+00:00,23514.95,23519.05,23510.75,23516.45,461,160,0
2025-08-27 11:30:00+00:00,23516.95,23519.55,23509.95,23509.95,485,150,0
2025-08-27 11:35:00+00:00,23509.55,23519.65,23508.25,23519.15,455,170,0
2025-08-27 11:40:00+00:00,23518.85,23520.25,23514.85,23517.95,414,160,0
2025-08-27 11:45:00+00:00,23518.25,23520.35,23502.25,23504.75,539,160,0
2025-08-27 11:50:00+00:00,23504.95,23513.25,23503.55,23511.75,457,160,0
2025-08-27 11:55:00+00:00,23511.85,23522.75,23510.35,23521.85,435,160,0
2025-08-27 12:00:00+00:00,23521.85,23529.25,23519.85,23526.85,556,160,0
2025-08-27 12:05:00+00:00,23527.15,23530.25,23526.05,23529.15,362,150,0
2025-08-27 12:10:00+00:00,23529.15,23530.85,23526.85,23530.25,344,150,0
2025-08-27 12:15:00+00:00,23529.85,23532.05,23527.05,23530.05,360,150,0
2025-08-27 12:20:00+00:00,23529.95,23532.35,23526.35,23532.05,327,150,0
2025-08-27 12:25:00+00:00,23532.05,23532.85,23529.55,23531.35,252,150,0
2025-08-27 12:30:00+00:00,23531.55,23533.25,23529.05,23529.55,337,150,0
2025-08-27 12:35:00+00:00,23529.35,23536.05,23528.35,23535.75,269,150,0
2025-08-27 12:40:00+00:00,23535.65,23536.55,23529.35,23532.15,342,150,0
2025-08-27 12:45:00+00:00,23532.25,23535.05,23529.25,23533.85,333,150,0
2025-08-27 12:50:00+00:00,23533.95,23536.25,23531.95,23532.55,236,150,0
2025-08-27 12:55:00+00:00,23532.55,23533.55,23530.55,23531.85,274,150,0
2025-08-27 13:00:00+00:00,23531.85,23535.75,23530.35,23532.85,297,150,0
2025-08-27 13:05:00+00:00,23533.35,23533.85,23529.35,23530.85,275,150,0
2025-08-27 13:10:00+00:00,23531.05,23533.55,23527.85,23532.05,231,150,0
2025-08-27 13:15:00+00:00,23532.75,23533.95,23526.75,23528.55,264,150,0
2025-08-27 13:20:00+00:00,23528.75,23533.55,23527.55,23531.75,284,150,0
2025-08-27 13:25:00+00:00,23531.85,23538.55,23531.85,23538.25,286,150,0
2025-08-27 13:30:00+00:00,23538.05,23540.85,23533.45,23535.05,292,150,0
2025-08-27 13:35:00+00:00,23535.45,23538.05,23531.75,23534.55,285,150,0
2025-08-27 13:40:00+00:00,23534.85,23538.95,23534.75,23537.05,303,150,0
2025-08-27 13:45:00+00:00,23537.05,23539.55,23535.55,23538.75,246,150,0
2025-08-27 13:50:00+00:00,23538.55,23540.35,23533.55,23534.85,291,150,0
2025-08-27 13:55:00+00:00,23534.85,23540.55,23534.55,23535.55,272,150,0
2025-08-27 14:00:00+00:00,23535.75,23541.55,23533.25,23533.35,469,150,0
2025-08-27 14:05:00+00:00,23533.65,23540.85,23532.45,23540.35,262,150,0
2025-08-27 14:10:00+00:00,23540.45,23542.85,23536.75,23542.45,280,150,0
2025-08-27 14:15:00+00:00,23542.35,23545.45,23540.85,23544.85,354,150,0
2025-08-27 14:20:00+00:00,23544.75,23546.55,23541.45,23541.75,280,150,0
2025-08-27 14:25:00+00:00,23541.85,23544.35,23540.45,23542.95,213,150,0
2025-08-27 14:30:00+00:00,23542.85,23547.55,23542.45,23545.85,310,150,0
2025-08-27 14:35:00+00:00,23545.55,23549.25,23545.35,23546.55,266,150,0
2025-08-27 14:40:00+00:00,23546.45,23547.85,23543.05,23544.45,224,150,0
2025-08-27 14:45:00+00:00,23544.35,23549.05,23544.35,23548.55,235,150,0
2025-08-27 14:50:00+00:00,23549.05,23550.05,23546.55,23548.85,260,150,0
2025-08-27 14:55:00+00:00,23548.95,23549.35,23542.35,23543.25,253,150,0
2025-08-27 15:00:00+00:00,23543.05,23545.75,23539.75,23540.75,381,150,0
2025-08-27 15:05:00+00:00,23540.85,23551.25,23540.85,23548.25,361,160,0
2025-08-27 15:10:00+00:00,23548.15,23553.05,23545.95,23552.15,364,160,0
2025-08-27 15:15:00+00:00,23552.25,23556.05,23549.65,23551.05,374,150,0
2025-08-27 15:20:00+00:00,23550.95,23551.25,23545.45,23545.55,449,160,0
2025-08-27 15:25:00+00:00,23545.55,23545.55,23527.95,23530.95,592,160,0
2025-08-27 15:30:00+00:00,23529.95,23533.25,23510.55,23511.05,990,170,0
2025-08-27 15:35:00+00:00,23510.75,23515.45,23507.75,23512.65,897,190,0
2025-08-27 15:40:00+00:00,23512.25,23512.55,23499.05,23501.85,987,180,0
2025-08-27 15:45:00+00:00,23502.85,23514.15,23501.85,23511.95,865,180,0
2025-08-27 15:50:00+00:00,23511.45,23514.65,23507.15,23513.15,735,170,0
2025-08-27 15:55:00+00:00,23513.65,23519.45,23510.65,23517.25,653,170,0
2025-08-27 16:00:00+00:00,23516.95,23520.85,23504.25,23504.35,805,170,0
2025-08-27 16:05:00+00:00,23504.35,23508.55,23486.55,23495.45,1262,190,0
2025-08-27 16:10:00+00:00,23495.55,23508.25,23495.05,23500.55,1068,190,0
2025-08-27 16:15:00+00:00,23500.65,23502.35,23487.85,23492.15,903,190,0
2025-08-27 16:20:00+00:00,23491.65,23494.75,23485.65,23492.15,889,180,0
2025-08-27 16:25:00+00:00,23492.05,23496.35,23470.75,23477.15,1291,190,0
2025-08-27 16:30:00+00:00,23477.15,23494.85,23459.75,23488.65,2565,80,0
2025-08-27 16:35:00+00:00,23488.95,23500.45,23471.75,23489.25,2412,120,0
2025-08-27 16:40:00+00:00,23489.15,23490.35,23449.45,23459.75,2372,120,0
2025-08-27 16:45:00+00:00,23460.45,23465.45,23424.95,23435.65,2466,120,0
2025-08-27 16:50:00+00:00,23435.35,23476.95,23435.25,23475.25,2336,120,0
2025-08-27 16:55:00+00:00,23475.15,23476.75,23451.45,23471.25,2278,120,0
2025-08-27 17:00:00+00:00,23470.45,23483.45,23461.95,23471.35,2214,120,0
2025-08-27 17:05:00+00:00,23471.35,23494.75,23465.45,23494.75,1876,120,0
2025-08-27 17:10:00+00:00,23493.95,23502.65,23480.45,23501.95,1682,80,0
2025-08-27 17:15:00+00:00,23501.95,23537.15,23501.45,23534.85,1648,80,0
2025-08-27 17:20:00+00:00,23534.55,23539.95,23524.55,23532.15,1605,80,0
2025-08-27 17:25:00+00:00,23532.15,23542.05,23528.95,23534.15,1525,80,0
2025-08-27 17:30:00+00:00,23533.95,23544.95,23531.55,23537.65,1490,80,0
2025-08-27 17:35:00+00:00,23538.45,23547.95,23533.45,23547.45,1408,80,0
2025-08-27 17:40:00+00:00,23547.45,23551.15,23534.15,23537.95,1390,80,0
2025-08-27 17:45:00+00:00,23538.05,23539.95,23520.45,23534.15,1502,80,0
2025-08-27 17:50:00+00:00,23533.65,23541.65,23526.95,23537.15,1373,80,0
2025-08-27 17:55:00+00:00,23537.15,23545.45,23533.15,23535.95,1232,80,0
2025-08-27 18:00:00+00:00,23536.05,23544.65,23528.95,23530.25,1355,80,0
2025-08-27 18:05:00+00:00,23530.55,23539.45,23527.75,23535.15,1281,80,0
2025-08-27 18:10:00+00:00,23535.05,23542.15,23528.05,23536.05,1133,80,0
2025-08-27 18:15:00+00:00,23536.25,23541.15,23531.55,23533.05,936,80,0
2025-08-27 18:20:00+00:00,23533.05,23546.75,23532.75,23542.25,962,80,0
2025-08-27 18:25:00+00:00,23542.15,23542.15,23526.05,23528.25,1100,80,0
2025-08-27 18:30:00+00:00,23527.75,23535.05,23519.25,23531.75,1098,80,0
2025-08-27 18:35:00+00:00,23531.75,23544.55,23531.55,23543.55,985,80,0
2025-08-27 18:40:00+00:00,23543.55,23544.05,23512.05,23538.35,1297,80,0
2025-08-27 18:45:00+00:00,23538.05,23563.05,23535.15,23561.05,1189,80,0
2025-08-27 18:50:00+00:00,23561.05,23563.55,23553.45,23560.55,1048,80,0
2025-08-27 18:55:00+00:00,23560.55,23568.75,23558.25,23561.75,937,80,0
2025-08-27 19:00:00+00:00,23561.75,23562.25,23555.05,23555.05,945,80,0
2025-08-27 19:05:00+00:00,23555.05,23557.55,23551.45,23555.25,837,80,0
2025-08-27 19:10:00+00:00,23555.55,23555.55,23542.75,23544.05,845,80,0
2025-08-27 19:15:00+00:00,23544.05,23544.25,23529.55,23529.55,1003,80,0
2025-08-27 19:20:00+00:00,23529.55,23530.65,23502.25,23504.25,1365,80,0
2025-08-27 19:25:00+00:00,23504.25,23507.65,23483.55,23505.05,1610,80,0
2025-08-27 19:30:00+00:00,23504.55,23510.75,23500.15,23503.55,1256,80,0
2025-08-27 19:35:00+00:00,23503.75,23509.25,23480.25,23502.75,1468,80,0
2025-08-27 19:40:00+00:00,23503.05,23517.25,23497.55,23509.55,1207,80,0
2025-08-27 19:45:00+00:00,23509.25,23534.15,23507.25,23533.25,1186,80,0
2025-08-27 19:50:00+00:00,23533.15,23547.55,23532.05,23547.25,1159,80,0
2025-08-27 19:55:00+00:00,23547.15,23549.75,23537.55,23539.25,1105,80,0
2025-08-27 20:00:00+00:00,23538.55,23543.55,23527.55,23538.15,1329,80,0
2025-08-27 20:05:00+00:00,23538.25,23542.25,23533.55,23538.75,875,80,0
2025-08-27 20:10:00+00:00,23538.75,23544.15,23535.65,23540.75,777,80,0
2025-08-27 20:15:00+00:00,23540.55,23542.05,23529.15,23533.05,824,80,0
2025-08-27 20:20:00+00:00,23533.05,23539.75,23526.05,23538.75,818,80,0
2025-08-27 20:25:00+00:00,23538.65,23543.55,23534.05,23540.25,754,80,0
2025-08-27 20:30:00+00:00,23540.05,23547.15,23540.05,23542.25,797,80,0
2025-08-27 20:35:00+00:00,23542.25,23553.45,23541.65,23552.25,856,80,0
2025-08-27 20:40:00+00:00,23552.15,23557.05,23551.05,23554.95,815,80,0
2025-08-27 20:45:00+00:00,23555.15,23561.25,23552.95,23554.75,811,80,0
2025-08-27 20:50:00+00:00,23554.75,23559.25,23552.25,23558.05,688,80,0
2025-08-27 20:55:00+00:00,23558.05,23562.25,23554.45,23559.65,746,80,0
2025-08-27 21:00:00+00:00,23559.25,23563.95,23555.75,23556.75,809,80,0
2025-08-27 21:05:00+00:00,23556.75,23566.15,23553.15,23564.75,843,80,0
2025-08-27 21:10:00+00:00,23565.05,23591.45,23563.25,23588.25,1079,80,0
2025-08-27 21:15:00+00:00,23588.95,23595.45,23586.65,23588.55,1051,80,0
2025-08-27 21:20:00+00:00,23588.25,23594.75,23584.75,23591.55,862,80,0
2025-08-27 21:25:00+00:00,23591.55,23591.75,23586.65,23587.75,760,80,0
2025-08-27 21:30:00+00:00,23587.55,23589.15,23581.75,23582.75,800,80,0
2025-08-27 21:35:00+00:00,23582.75,23586.55,23580.25,23583.25,752,80,0
2025-08-27 21:40:00+00:00,23583.45,23584.05,23577.45,23578.15,665,80,0
2025-08-27 21:45:00+00:00,23578.05,23583.55,23574.75,23575.55,708,80,0
2025-08-27 21:50:00+00:00,23575.55,23578.15,23565.75,23566.75,835,80,0
2025-08-27 21:55:00+00:00,23566.55,23571.05,23562.65,23565.05,865,80,0
2025-08-27 22:00:00+00:00,23565.05,23565.65,23553.95,23556.05,1024,80,0
2025-08-27 22:05:00+00:00,23555.95,23557.55,23546.95,23547.05,913,80,0
2025-08-27 22:10:00+00:00,23546.55,23547.05,23492.55,23506.25,1591,80,0
2025-08-27 22:15:00+00:00,23506.85,23533.05,23505.55,23531.95,1461,80,0
2025-08-27 22:20:00+00:00,23532.05,23539.15,23524.55,23534.25,1080,80,0
2025-08-27 22:25:00+00:00,23534.15,23541.75,23529.25,23535.75,967,80,0
2025-08-27 22:30:00+00:00,23535.75,23544.25,23535.55,23543.25,1054,80,0
2025-08-27 22:35:00+00:00,23543.55,23558.15,23542.95,23556.45,1020,80,0
2025-08-27 22:40:00+00:00,23557.55,23566.45,23555.05,23562.75,972,80,0
2025-08-27 22:45:00+00:00,23562.75,23568.45,23559.05,23566.25,1080,80,0
2025-08-27 22:50:00+00:00,23570.45,23578.25,23568.05,23570.05,1315,80,0
2025-08-27 22:55:00+00:00,23572.25,23584.55,23558.15,23558.35,1442,80,0
2025-08-27 23:00:00+00:00,23558.25,23566.66,23551.16,23552.16,1281,110,0
2025-08-27 23:05:00+00:00,23552.26,23564.36,23549.56,23561.76,968,208,0
2025-08-27 23:10:00+00:00,23557.26,23558.56,23548.26,23553.06,779,208,0
2025-08-27 23:15:00+00:00,23553.16,23564.06,23552.46,23560.36,524,208,0
2025-08-27 23:20:00+00:00,23560.56,23607.26,23373.56,23433.46,2053,208,0
2025-08-27 23:25:00+00:00,23431.76,23515.16,23422.76,23512.46,1560,228,0
2025-08-27 23:30:00+00:00,23510.76,23519.16,23445.96,23475.16,2269,228,0
2025-08-27 23:35:00+00:00,23475.16,23491.76,23450.56,23466.76,1980,228,0
2025-08-27 23:40:00+00:00,23466.56,23480.56,23456.96,23462.46,1633,228,0
2025-08-27 23:45:00+00:00,23462.56,23469.56,23449.16,23462.66,1548,228,0
2025-08-28 01:05:00+00:00,23453.66,23460.56,23441.06,23444.46,668,218,0
2025-08-28 01:10:00+00:00,23444.76,23466.96,23444.76,23452.66,638,218,0
2025-08-28 01:15:00+00:00,23452.56,23455.56,23443.76,23444.26,431,198,0
2025-08-28 01:20:00+00:00,23443.96,23451.36,23439.86,23446.56,465,188,0
2025-08-28 01:25:00+00:00,23446.86,23452.16,23443.46,23449.36,379,188,0
2025-08-28 01:30:00+00:00,23449.26,23472.06,23447.96,23470.96,568,188,0
2025-08-28 01:35:00+00:00,23470.96,23476.06,23466.96,23471.26,542,188,0
2025-08-28 01:40:00+00:00,23471.96,23472.46,23461.56,23466.26,458,188,0
2025-08-28 01:45:00+00:00,23466.56,23467.56,23457.66,23462.36,371,188,0
2025-08-28 01:50:00+00:00,23462.46,23472.66,23461.76,23465.06,349,178,0
2025-08-28 01:55:00+00:00,23464.96,23464.96,23455.06,23458.36,302,178,0
2025-08-28 02:00:00+00:00,23458.86,23463.05,23446.95,23463.05,497,170,0
2025-08-28 02:05:00+00:00,23463.25,23465.95,23454.25,23460.95,362,180,0
2025-08-28 02:10:00+00:00,23460.85,23462.85,23453.65,23454.75,253,160,0
2025-08-28 02:15:00+00:00,23454.75,23457.25,23448.05,23449.05,308,170,0
2025-08-28 02:20:00+00:00,23449.15,23452.25,23445.65,23448.55,266,160,0
2025-08-28 02:25:00+00:00,23448.25,23453.75,23445.75,23452.95,184,150,0
2025-08-28 02:30:00+00:00,23452.75,23456.95,23445.85,23453.05,315,150,0
2025-08-28 02:35:00+00:00,23452.95,23458.15,23449.35,23457.65,317,170,0
2025-08-28 02:40:00+00:00,23457.45,23459.15,23450.75,23453.35,311,170,0
2025-08-28 02:45:00+00:00,23453.35,23456.55,23447.05,23453.55,436,170,0
2025-08-28 02:50:00+00:00,23453.65,23457.65,23443.05,23450.15,407,170,0
2025-08-28 02:55:00+00:00,23450.35,23451.85,23443.05,23449.05,454,180,0
2025-08-28 03:00:00+00:00,23447.85,23448.75,23436.05,23443.95,896,180,0
2025-08-28 03:05:00+00:00,23443.75,23454.95,23439.05,23454.45,641,180,0
2025-08-28 03:10:00+00:00,23454.15,23456.15,23448.15,23453.85,652,180,0
2025-08-28 03:15:00+00:00,23453.95,23455.35,23430.75,23441.85,828,180,0
2025-08-28 03:20:00+00:00,23441.75,23441.85,23432.35,23436.05,604,180,0
2025-08-28 03:25:00+00:00,23435.45,23439.55,23428.55,23433.45,547,180,0
2025-08-28 03:30:00+00:00,23433.95,23437.95,23428.55,23432.95,686,180,0
2025-08-28 03:35:00+00:00,23432.65,23453.75,23432.65,23451.55,622,180,0
2025-08-28 03:40:00+00:00,23451.85,23462.15,23449.25,23459.35,583,180,0
2025-08-28 03:45:00+00:00,23459.65,23464.05,23455.95,23455.95,633,180,0
2025-08-28 03:50:00+00:00,23456.45,23462.45,23451.05,23462.35,527,170,0
2025-08-28 03:55:00+00:00,23462.45,23463.25,23455.85,23461.25,383,160,0
2025-08-28 04:00:00+00:00,23461.25,23466.15,23458.75,23465.25,574,160,0
2025-08-28 04:05:00+00:00,23464.95,23470.95,23464.95,23467.45,410,170,0
2025-08-28 04:10:00+00:00,23467.35,23474.15,23467.35,23470.45,321,160,0
2025-08-28 04:15:00+00:00,23470.55,23474.15,23466.55,23473.95,375,150,0
2025-08-28 04:20:00+00:00,23474.05,23474.05,23464.95,23467.05,339,150,0
2025-08-28 04:25:00+00:00,23467.15,23472.05,23465.25,23466.55,312,150,0
2025-08-28 04:30:00+00:00,23466.75,23473.15,23466.75,23471.35,369,160,0
2025-08-28 04:35:00+00:00,23470.75,23476.25,23468.25,23475.75,395,160,0
2025-08-28 04:40:00+00:00,23475.45,23479.95,23474.55,23478.95,369,160,0
2025-08-28 04:45:00+00:00,23479.25,23482.05,23477.35,23480.15,314,150,0
2025-08-28 04:50:00+00:00,23479.75,23492.65,23479.05,23488.55,396,150,0
2025-08-28 04:55:00+00:00,23489.25,23490.15,23485.35,23488.25,278,160,0
2025-08-28 05:00:00+00:00,23488.45,23492.05,23485.45,23490.55,341,150,0
2025-08-28 05:05:00+00:00,23490.55,23495.35,23490.15,23493.55,338,150,0
2025-08-28 05:10:00+00:00,23494.65,23495.45,23491.75,23492.05,294,150,0
2025-08-28 05:15:00+00:00,23491.95,23498.45,23491.45,23497.95,291,150,0
2025-08-28 05:20:00+00:00,23497.75,23502.65,23497.45,23501.25,333,150,0
2025-08-28 05:25:00+00:00,23501.15,23501.25,23494.05,23495.95,291,150,0
2025-08-28 05:30:00+00:00,23495.75,23497.85,23489.25,23492.25,240,150,0
2025-08-28 05:35:00+00:00,23492.55,23494.25,23488.55,23492.55,260,150,0
2025-08-28 05:40:00+00:00,23492.75,23498.35,23492.45,23496.45,232,150,0
2025-08-28 05:45:00+00:00,23496.35,23496.75,23492.85,23496.75,211,150,0
2025-08-28 05:50:00+00:00,23496.25,23497.25,23491.85,23493.95,173,150,0
2025-08-28 05:55:00+00:00,23493.85,23496.85,23493.35,23494.95,150,150,0
2025-08-28 06:00:00+00:00,23494.95,23502.05,23494.55,23501.35,229,150,0
2025-08-28 06:05:00+00:00,23501.35,23520.85,23500.75,23518.45,442,150,0
2025-08-28 06:10:00+00:00,23518.55,23523.35,23518.45,23521.35,286,150,0
2025-08-28 06:15:00+00:00,23521.45,23524.35,23515.55,23518.25,291,150,0
2025-08-28 06:20:00+00:00,23518.05,23518.55,23510.35,23515.75,299,150,0
2025-08-28 06:25:00+00:00,23515.95,23520.05,23515.05,23518.85,232,150,0
2025-08-28 06:30:00+00:00,23518.85,23520.95,23517.35,23519.35,221,150,0
2025-08-28 06:35:00+00:00,23519.55,23519.85,23514.55,23516.25,233,150,0
2025-08-28 06:40:00+00:00,23515.95,23519.85,23512.25,23512.35,223,150,0
2025-08-28 06:45:00+00:00,23512.35,23515.95,23511.45,23515.95,218,150,0
2025-08-28 06:50:00+00:00,23515.85,23517.75,23515.25,23516.25,150,150,0
2025-08-28 06:55:00+00:00,23516.05,23519.75,23514.25,23515.85,198,150,0
2025-08-28 07:00:00+00:00,23515.95,23515.95,23501.55,23501.65,316,150,0
2025-08-28 07:05:00+00:00,23501.75,23503.45,23500.35,23500.35,311,150,0
2025-08-28 07:10:00+00:00,23500.45,23506.05,23498.45,23504.75,225,150,0
2025-08-28 07:15:00+00:00,23504.55,23506.25,23503.25,23503.75,161,150,0
2025-08-28 07:20:00+00:00,23503.35,23503.35,23499.75,23501.75,207,150,0
2025-08-28 07:25:00+00:00,23501.85,23514.75,23501.85,23512.25,231,150,0
2025-08-28 07:30:00+00:00,23512.25,23514.05,23511.45,23512.75,191,150,0
2025-08-28 07:35:00+00:00,23512.55,23515.45,23509.75,23510.25,213,150,0
2025-08-28 07:40:00+00:00,23510.35,23513.85,23507.95,23513.55,201,150,0
2025-08-28 07:45:00+00:00,23513.05,23513.85,23506.45,23506.45,188,150,0
2025-08-28 07:50:00+00:00,23506.55,23507.85,23503.65,23504.05,169,150,0
2025-08-28 07:55:00+00:00,23503.95,23504.05,23499.05,23502.05,192,150,0
2025-08-28 08:00:00+00:00,23502.05,23507.95,23500.05,23507.15,309,150,0
2025-08-28 08:05:00+00:00,23507.15,23507.15,23503.45,23505.95,192,150,0
2025-08-28 08:10:00+00:00,23506.05,23506.05,23500.55,23501.05,210,150,0
2025-08-28 08:15:00+00:00,23501.05,23506.95,23499.45,23503.45,224,150,0
2025-08-28 08:20:00+00:00,23503.35,23503.35,23497.35,23498.95,284,150,0
2025-08-28 08:25:00+00:00,23498.45,23506.15,23498.45,23502.25,247,150,0
2025-08-28 08:30:00+00:00,23502.65,23502.75,23496.55,23498.15,366,150,0
2025-08-28 08:35:00+00:00,23498.25,23501.25,23497.05,23500.75,254,150,0
2025-08-28 08:40:00+00:00,23500.45,23500.75,23486.95,23489.45,337,150,0
2025-08-28 08:45:00+00:00,23489.25,23489.95,23481.75,23483.75,386,160,0
2025-08-28 08:50:00+00:00,23483.45,23489.15,23481.75,23486.45,321,160,0
2025-08-28 08:55:00+00:00,23486.75,23487.05,23482.45,23483.35,213,150,0
2025-08-28 09:00:00+00:00,23483.35,23491.65,23480.85,23487.95,489,150,0
2025-08-28 09:05:00+00:00,23488.05,23489.15,23485.25,23488.25,335,170,0
2025-08-28 09:10:00+00:00,23488.25,23493.45,23484.95,23492.15,311,160,0
2025-08-28 09:15:00+00:00,23491.95,23498.45,23491.25,23496.55,341,160,0
2025-08-28 09:20:00+00:00,23496.65,23507.05,23496.55,23502.75,414,160,0
2025-08-28 09:25:00+00:00,23502.95,23520.25,23502.65,23518.75,393,160,0
2025-08-28 09:30:00+00:00,23517.75,23539.05,23517.75,23533.55,774,170,0
2025-08-28 09:35:00+00:00,23533.45,23541.05,23532.75,23536.45,503,170,0
2025-08-28 09:40:00+00:00,23536.65,23545.85,23536.45,23542.85,425,170,0
2025-08-28 09:45:00+00:00,23542.45,23544.45,23535.85,23542.25,389,170,0
2025-08-28 09:50:00+00:00,23541.95,23552.25,23540.95,23541.15,456,170,0
2025-08-28 09:55:00+00:00,23541.95,23549.45,23538.55,23546.45,418,180,0
2025-08-28 10:00:00+00:00,23546.95,23569.75,23543.25,23562.15,1005,180,0
2025-08-28 10:05:00+00:00,23562.05,23570.65,23548.95,23550.05,791,200,0
2025-08-28 10:10:00+00:00,23550.05,23561.45,23548.75,23555.85,704,190,0
2025-08-28 10:15:00+00:00,23555.85,23564.55,23552.85,23558.45,630,180,0
2025-08-28 10:20:00+00:00,23558.15,23567.85,23557.95,23563.45,576,180,0
2025-08-28 10:25:00+00:00,23563.35,23566.35,23557.95,23566.35,516,180,0
2025-08-28 10:30:00+00:00,23565.65,23568.15,23557.65,23563.85,574,180,0
2025-08-28 10:35:00+00:00,23563.75,23563.75,23549.95,23550.15,517,180,0
2025-08-28 10:40:00+00:00,23550.05,23554.95,23546.15,23548.55,518,170,0
2025-08-28 10:45:00+00:00,23548.45,23553.35,23544.35,23550.25,525,170,0
2025-08-28 10:50:00+00:00,23550.45,23566.15,23549.45,23565.95,501,170,0
2025-08-28 10:55:00+00:00,23565.45,23573.25,23559.75,23572.55,548,170,0
2025-08-28 11:00:00+00:00,23572.35,23583.75,23562.75,23576.05,929,180,0
2025-08-28 11:05:00+00:00,23576.05,23588.95,23574.85,23585.85,740,200,0
2025-08-28 11:10:00+00:00,23585.95,23596.95,23578.65,23588.85,694,190,0
2025-08-28 11:15:00+00:00,23588.85,23594.45,23587.35,23591.75,576,190,0
2025-08-28 11:20:00+00:00,23591.75,23601.95,23586.85,23593.75,671,180,0
2025-08-28 11:25:00+00:00,23592.95,23594.55,23581.35,23583.15,667,190,0
2025-08-28 11:30:00+00:00,23583.35,23584.95,23575.15,23576.45,625,180,0
2025-08-28 11:35:00+00:00,23576.15,23579.45,23572.85,23573.85,493,170,0
2025-08-28 11:40:00+00:00,23574.15,23579.95,23566.05,23567.15,523,170,0
2025-08-28 11:45:00+00:00,23567.35,23570.45,23565.65,23568.75,450,160,0
2025-08-28 11:50:00+00:00,23568.95,23568.95,23558.45,23559.05,440,160,0
2025-08-28 11:55:00+00:00,23558.75,23560.65,23555.85,23557.25,398,160,0
2025-08-28 12:00:00+00:00,23556.75,23561.95,23556.75,23558.95,423,170,0
2025-08-28 12:05:00+00:00,23559.15,23564.85,23558.95,23563.85,406,150,0
2025-08-28 12:10:00+00:00,23563.55,23568.55,23560.65,23563.25,407,150,0
2025-08-28 12:15:00+00:00,23563.15,23566.25,23560.55,23563.25,342,160,0
2025-08-28 12:20:00+00:00,23563.15,23564.25,23559.65,23562.65,349,160,0
2025-08-28 12:25:00+00:00,23562.05,23564.75,23559.65,23563.35,311,160,0
2025-08-28 12:30:00+00:00,23563.35,23565.15,23558.45,23560.45,288,160,0
2025-08-28 12:35:00+00:00,23560.95,23568.15,23558.95,23563.35,321,160,0
2025-08-28 12:40:00+00:00,23561.75,23562.15,23554.25,23557.45,348,170,0
2025-08-28 12:45:00+00:00,23557.35,23561.95,23549.65,23554.35,420,160,0
2025-08-28 12:50:00+00:00,23554.25,23559.35,23552.75,23556.65,333,160,0
2025-08-28 12:55:00+00:00,23556.55,23560.95,23553.65,23554.75,306,160,0
2025-08-28 13:00:00+00:00,23554.95,23557.65,23550.15,23557.25,324,150,0
2025-08-28 13:05:00+00:00,23557.65,23559.25,23552.95,23554.75,251,160,0
2025-08-28 13:10:00+00:00,23554.75,23559.75,23554.05,23559.75,320,150,0
2025-08-28 13:15:00+00:00,23559.45,23562.55,23556.15,23557.05,369,160,0
2025-08-28 13:20:00+00:00,23555.65,23563.05,23551.15,23560.25,352,160,0
2025-08-28 13:25:00+00:00,23559.95,23565.45,23558.85,23559.95,374,160,0
2025-08-28 13:30:00+00:00,23559.75,23563.95,23555.25,23560.75,303,160,0
2025-08-28 13:35:00+00:00,23560.65,23565.65,23554.15,23554.15,371,160,0
2025-08-28 13:40:00+00:00,23554.25,23554.25,23538.35,23540.45,619,160,0
2025-08-28 13:45:00+00:00,23540.45,23550.75,23539.65,23547.25,416,170,0
2025-08-28 13:50:00+00:00,23547.45,23551.45,23540.95,23549.25,406,160,0
2025-08-28 13:55:00+00:00,23549.35,23552.75,23546.45,23551.95,352,160,0
2025-08-28 14:00:00+00:00,23552.35,23555.25,23544.85,23545.45,585,170,0
2025-08-28 14:05:00+00:00,23545.65,23547.45,23536.35,23537.45,561,180,0
2025-08-28 14:10:00+00:00,23537.65,23537.65,23530.25,23530.35,493,170,0
2025-08-28 14:15:00+00:00,23530.15,23534.65,23523.85,23524.15,514,170,0
2025-08-28 14:20:00+00:00,23523.95,23534.45,23523.55,23530.45,510,170,0
2025-08-28 14:25:00+00:00,23530.55,23534.25,23529.05,23532.35,359,170,0
2025-08-28 14:30:00+00:00,23532.25,23536.55,23527.75,23536.45,437,170,0
2025-08-28 14:35:00+00:00,23536.55,23538.15,23529.55,23532.45,475,180,0
2025-08-28 14:40:00+00:00,23532.45,23536.55,23529.15,23533.45,490,180,0
2025-08-28 14:45:00+00:00,23533.55,23542.65,23532.35,23539.15,549,170,0
2025-08-28 14:50:00+00:00,23539.75,23552.35,23539.65,23551.25,642,170,0
2025-08-28 14:55:00+00:00,23551.35,23558.65,23550.65,23558.65,486,160,0
2025-08-28 15:00:00+00:00,23556.25,23567.15,23556.25,23565.75,720,160,0
2025-08-28 15:05:00+00:00,23565.25,23571.05,23560.15,23560.95,674,170,0
2025-08-28 15:10:00+00:00,23561.05,23561.65,23552.45,23552.45,594,170,0
2025-08-28 15:15:00+00:00,23552.55,23552.55,23542.75,23544.25,574,170,0
2025-08-28 15:20:00+00:00,23544.15,23545.35,23536.15,23541.35,682,170,0
2025-08-28 15:25:00+00:00,23541.55,23542.35,23534.15,23540.65,646,180,0
2025-08-28 15:30:00+00:00,23540.45,23578.65,23540.45,23569.75,1623,180,0
2025-08-28 15:35:00+00:00,23568.05,23580.65,23559.95,23578.65,1264,210,0
2025-08-28 15:40:00+00:00,23578.65,23593.45,23576.45,23584.75,1271,200,0
2025-08-28 15:45:00+00:00,23584.75,23586.05,23570.85,23573.25,1127,190,0
2025-08-28 15:50:00+00:00,23573.15,23582.25,23570.95,23576.65,1001,190,0
2025-08-28 15:55:00+00:00,23576.65,23586.05,23572.25,23573.65,1143,190,0
2025-08-28 16:00:00+00:00,23573.75,23582.05,23572.25,23580.75,1004,190,0
2025-08-28 16:05:00+00:00,23580.35,23585.65,23576.95,23581.35,953,180,0
2025-08-28 16:10:00+00:00,23580.85,23585.85,23577.55,23585.15,756,170,0
2025-08-28 16:15:00+00:00,23585.25,23596.55,23580.95,23593.65,790,170,0
2025-08-28 16:20:00+00:00,23593.65,23598.15,23590.35,23591.35,726,170,0
2025-08-28 16:25:00+00:00,23588.15,23590.95,23572.45,23580.35,1193,180,0
2025-08-28 16:30:00+00:00,23580.25,23682.65,23570.95,23669.45,2673,80,0
2025-08-28 16:35:00+00:00,23669.25,23670.75,23621.75,23660.15,2657,120,0
2025-08-28 16:40:00+00:00,23660.65,23676.65,23630.45,23643.35,2560,120,0
2025-08-28 16:45:00+00:00,23643.15,23649.45,23598.75,23598.75,2575,120,0
2025-08-28 16:50:00+00:00,23598.45,23603.35,23533.95,23556.25,2629,120,0
2025-08-28 16:55:00+00:00,23556.25,23569.25,23513.75,23548.15,2521,120,0
2025-08-28 17:00:00+00:00,23549.65,23574.65,23534.75,23545.25,2547,120,0
2025-08-28 17:05:00+00:00,23545.25,23616.65,23539.95,23593.15,2481,120,0
2025-08-28 17:10:00+00:00,23592.65,23613.35,23588.75,23607.15,2261,120,0
2025-08-28 17:15:00+00:00,23607.15,23614.65,23576.85,23578.75,2408,120,0
2025-08-28 17:20:00+00:00,23578.45,23610.45,23577.75,23592.15,2349,120,0
2025-08-28 17:25:00+00:00,23591.95,23593.35,23565.25,23570.65,2287,120,0
2025-08-28 17:30:00+00:00,23570.25,23617.65,23569.85,23602.45,2316,120,0
2025-08-28 17:35:00+00:00,23602.25,23614.35,23584.65,23612.65,2236,120,0
2025-08-28 17:40:00+00:00,23612.65,23641.85,23612.45,23634.85,2094,120,0
2025-08-28 17:45:00+00:00,23634.95,23660.65,23624.85,23650.15,2008,120,0
2025-08-28 17:50:00+00:00,23649.65,23661.15,23635.65,23658.85,1812,120,0
2025-08-28 17:55:00+00:00,23658.65,23670.55,23654.85,23655.55,1584,80,0
2025-08-28 18:00:00+00:00,23654.45,23660.45,23642.95,23648.35,1806,80,0
2025-08-28 18:05:00+00:00,23648.35,23656.95,23637.65,23654.75,1763,100,0
2025-08-28 18:10:00+00:00,23654.75,23672.35,23653.75,23667.95,1415,80,0
2025-08-28 18:15:00+00:00,23668.05,23693.25,23665.55,23674.15,1558,80,0
2025-08-28 18:20:00+00:00,23674.15,23675.65,23637.35,23648.65,1865,80,0
2025-08-28 18:25:00+00:00,23648.35,23648.35,23606.15,23613.15,2032,120,0
2025-08-28 18:30:00+00:00,23613.85,23659.15,23611.85,23652.95,1794,100,0
2025-08-28 18:35:00+00:00,23652.95,23660.35,23637.55,23639.55,1522,80,0
2025-08-28 18:40:00+00:00,23639.55,23647.05,23625.75,23628.85,1668,80,0
2025-08-28 18:45:00+00:00,23628.25,23635.05,23616.35,23628.85,1662,80,0
2025-08-28 18:50:00+00:00,23629.15,23639.85,23621.05,23629.25,1661,80,0
2025-08-28 18:55:00+00:00,23629.75,23639.05,23624.85,23629.35,1328,80,0
2025-08-28 19:00:00+00:00,23628.85,23635.05,23623.85,23633.05,1320,80,0
2025-08-28 19:05:00+00:00,23633.05,23646.85,23627.15,23642.35,1305,80,0
2025-08-28 19:10:00+00:00,23642.15,23669.55,23640.85,23667.85,1144,80,0
2025-08-28 19:15:00+00:00,23667.85,23673.55,23657.55,23662.85,1243,80,0
2025-08-28 19:20:00+00:00,23663.35,23675.35,23663.15,23674.45,990,80,0
2025-08-28 19:25:00+00:00,23674.55,23706.85,23673.35,23696.05,1251,80,0
2025-08-28 19:30:00+00:00,23695.85,23701.35,23671.15,23673.15,1348,80,0
2025-08-28 19:35:00+00:00,23673.55,23685.85,23671.35,23683.05,1044,80,0
2025-08-28 19:40:00+00:00,23682.85,23685.35,23676.85,23684.55,848,80,0
2025-08-28 19:45:00+00:00,23684.45,23693.95,23683.95,23691.55,918,80,0
2025-08-28 19:50:00+00:00,23691.55,23702.35,23688.65,23700.35,905,80,0
2025-08-28 19:55:00+00:00,23700.05,23700.85,23669.65,23672.95,1195,80,0
2025-08-28 20:00:00+00:00,23673.05,23681.55,23663.55,23679.05,1516,80,0
2025-08-28 20:05:00+00:00,23678.85,23681.55,23666.45,23678.55,1314,80,0
2025-08-28 20:10:00+00:00,23678.45,23680.05,23670.85,23676.85,1032,80,0
2025-08-28 20:15:00+00:00,23676.55,23680.45,23672.55,23677.55,903,80,0
2025-08-28 20:20:00+00:00,23677.55,23689.45,23672.85,23688.55,845,80,0
2025-08-28 20:25:00+00:00,23688.65,23702.35,23684.45,23702.35,985,80,0
2025-08-28 20:30:00+00:00,23702.55,23711.15,23696.15,23698.35,1196,80,0
2025-08-28 20:35:00+00:00,23698.35,23710.35,23698.35,23703.35,845,80,0
2025-08-28 20:40:00+00:00,23703.55,23708.95,23701.85,23706.05,788,80,0
2025-08-28 20:45:00+00:00,23705.55,23709.05,23701.45,23703.95,783,80,0
2025-08-28 20:50:00+00:00,23704.05,23713.15,23702.85,23711.85,815,80,0
2025-08-28 20:55:00+00:00,23712.05,23712.05,23702.05,23707.35,790,80,0
2025-08-28 21:00:00+00:00,23707.55,23712.05,23703.55,23711.35,747,80,0
2025-08-28 21:05:00+00:00,23710.85,23716.85,23709.35,23713.95,816,80,0
2025-08-28 21:10:00+00:00,23714.05,23715.05,23708.05,23709.85,663,80,0
2025-08-28 21:15:00+00:00,23709.85,23711.35,23702.55,23708.35,784,80,0
2025-08-28 21:20:00+00:00,23708.55,23714.65,23707.35,23712.35,688,80,0
2025-08-28 21:25:00+00:00,23712.35,23718.85,23710.05,23716.85,772,80,0
2025-08-28 21:30:00+00:00,23716.85,23724.05,23714.75,23720.15,820,80,0
2025-08-28 21:35:00+00:00,23720.15,23720.15,23711.15,23716.35,678,80,0
2025-08-28 21:40:00+00:00,23716.15,23724.85,23715.35,23719.35,775,80,0
2025-08-28 21:45:00+00:00,23719.85,23722.85,23717.65,23718.35,643,80,0
2025-08-28 21:50:00+00:00,23718.65,23726.65,23718.65,23726.65,690,80,0
2025-08-28 21:55:00+00:00,23726.45,23731.15,23725.15,23727.35,809,80,0
2025-08-28 22:00:00+00:00,23727.65,23735.35,23721.85,23722.35,860,80,0
2025-08-28 22:05:00+00:00,23722.15,23727.15,23716.85,23726.85,784,80,0
2025-08-28 22:10:00+00:00,23726.15,23729.95,23723.45,23725.85,751,80,0
2025-08-28 22:15:00+00:00,23725.65,23725.85,23716.15,23721.35,832,80,0
2025-08-28 22:20:00+00:00,23721.15,23722.85,23713.55,23714.75,729,80,0
2025-08-28 22:25:00+00:00,23715.05,23719.75,23711.25,23716.05,755,80,0
2025-08-28 22:30:00+00:00,23716.25,23717.25,23709.65,23716.75,747,80,0
2025-08-28 22:35:00+00:00,23716.65,23723.35,23713.75,23720.05,831,80,0
2025-08-28 22:40:00+00:00,23720.05,23727.75,23720.05,23726.25,763,80,0
2025-08-28 22:45:00+00:00,23725.75,23735.75,23725.25,23730.55,888,80,0
2025-08-28 22:50:00+00:00,23735.35,23740.55,23718.75,23739.05,1297,80,0
2025-08-28 22:55:00+00:00,23727.75,23727.95,23703.65,23704.65,1626,80,0
2025-08-28 23:00:00+00:00,23704.35,23711.56,23688.56,23711.06,1075,120,0
2025-08-28 23:05:00+00:00,23711.16,23711.36,23694.66,23698.26,778,218,0
2025-08-28 23:10:00+00:00,23698.26,23702.16,23695.86,23698.26,493,188,0
2025-08-28 23:15:00+00:00,23697.26,23701.26,23696.46,23697.06,290,178,0
2025-08-28 23:20:00+00:00,23697.06,23700.56,23696.16,23700.36,190,168,0
2025-08-28 23:25:00+00:00,23700.16,23701.86,23697.66,23701.06,187,168,0
2025-08-28 23:30:00+00:00,23701.06,23704.06,23699.36,23699.86,186,168,0
2025-08-28 23:35:00+00:00,23699.66,23703.16,23699.56,23702.06,142,168,0
2025-08-28 23:40:00+00:00,23701.96,23702.96,23699.06,23702.06,167,168,0
2025-08-28 23:45:00+00:00,23701.96,23702.86,23699.36,23699.86,212,168,0
2025-08-29 01:05:00+00:00,23694.26,23698.96,23689.96,23689.96,312,198,0
2025-08-29 01:10:00+00:00,23689.96,23697.46,23687.76,23687.76,302,188,0
2025-08-29 01:15:00+00:00,23687.66,23693.46,23685.46,23685.66,285,178,0
2025-08-29 01:20:00+00:00,23685.76,23692.66,23683.66,23691.96,223,178,0
2025-08-29 01:25:00+00:00,23691.66,23692.96,23683.96,23686.46,179,168,0
2025-08-29 01:30:00+00:00,23686.76,23691.06,23682.66,23684.16,270,168,0
2025-08-29 01:35:00+00:00,23685.16,23685.16,23677.46,23678.46,283,168,0
2025-08-29 01:40:00+00:00,23678.26,23678.26,23673.76,23674.56,171,168,0
2025-08-29 01:45:00+00:00,23674.46,23677.46,23673.46,23677.26,200,168,0
2025-08-29 01:50:00+00:00,23676.96,23681.56,23675.96,23679.96,167,168,0
2025-08-29 01:55:00+00:00,23679.76,23680.26,23673.96,23679.36,145,168,0
2025-08-29 02:00:00+00:00,23678.96,23684.75,23675.85,23680.95,303,150,0
2025-08-29 02:05:00+00:00,23681.65,23686.05,23679.95,23685.05,174,150,0
2025-08-29 02:10:00+00:00,23685.15,23686.15,23679.35,23680.05,125,150,0
2025-08-29 02:15:00+00:00,23680.35,23683.85,23680.15,23681.65,108,150,0
2025-08-29 02:20:00+00:00,23681.55,23682.05,23677.55,23680.05,103,150,0
2025-08-29 02:25:00+00:00,23680.35,23683.05,23679.15,23683.05,74,150,0
2025-08-29 02:30:00+00:00,23683.05,23683.95,23681.35,23682.65,96,150,0
2025-08-29 02:35:00+00:00,23682.55,23690.45,23682.35,23690.05,167,150,0
2025-08-29 02:40:00+00:00,23690.05,23690.85,23686.35,23689.85,153,150,0
2025-08-29 02:45:00+00:00,23689.55,23689.55,23685.35,23686.45,233,150,0
2025-08-29 02:50:00+00:00,23686.35,23688.05,23682.55,23687.15,231,150,0
2025-08-29 02:55:00+00:00,23687.05,23690.15,23685.85,23686.05,230,150,0
2025-08-29 03:00:00+00:00,23686.05,23687.35,23676.95,23682.85,743,150,0
2025-08-29 03:05:00+00:00,23682.95,23686.45,23677.55,23677.75,431,160,0
2025-08-29 03:10:00+00:00,23677.95,23685.45,23677.55,23682.15,354,160,0
2025-08-29 03:15:00+00:00,23682.25,23692.55,23680.65,23690.05,345,160,0
2025-08-29 03:20:00+00:00,23690.05,23692.65,23685.05,23685.75,331,150,0
2025-08-29 03:25:00+00:00,23685.55,23691.75,23685.55,23691.05,266,150,0
2025-08-29 03:30:00+00:00,23691.25,23692.55,23686.55,23691.55,266,160,0
2025-08-29 03:35:00+00:00,23691.75,23693.85,23687.55,23690.55,233,150,0
2025-08-29 03:40:00+00:00,23690.55,23693.85,23689.85,23690.05,184,150,0
2025-08-29 03:45:00+00:00,23690.05,23691.15,23687.55,23691.05,221,150,0
2025-08-29 03:50:00+00:00,23691.05,23691.95,23687.35,23689.05,212,150,0
2025-08-29 03:55:00+00:00,23689.35,23689.35,23683.55,23684.45,230,150,0
2025-08-29 04:00:00+00:00,23684.35,23689.75,23683.15,23684.25,333,150,0
2025-08-29 04:05:00+00:00,23684.55,23685.15,23670.25,23673.45,407,160,0
2025-08-29 04:10:00+00:00,23673.75,23680.85,23672.55,23680.35,287,160,0
2025-08-29 04:15:00+00:00,23680.65,23681.15,23674.35,23675.05,328,150,0
2025-08-29 04:20:00+00:00,23674.75,23674.75,23671.05,23673.45,332,150,0
2025-08-29 04:25:00+00:00,23673.05,23679.35,23671.95,23678.75,334,150,0
2025-08-29 04:30:00+00:00,23678.25,23678.65,23671.15,23672.95,363,150,0
2025-08-29 04:35:00+00:00,23672.85,23673.35,23669.65,23671.05,275,150,0
2025-08-29 04:40:00+00:00,23671.35,23675.35,23671.05,23673.95,236,150,0
2025-08-29 04:45:00+00:00,23673.85,23676.05,23669.75,23671.85,309,150,0
2025-08-29 04:50:00+00:00,23671.95,23672.65,23668.45,23670.55,271,150,0
2025-08-29 04:55:00+00:00,23670.55,23673.85,23668.35,23671.35,300,150,0
2025-08-29 05:00:00+00:00,23671.35,23671.95,23667.05,23669.95,269,150,0
2025-08-29 05:05:00+00:00,23669.85,23670.65,23667.35,23667.85,174,150,0
2025-08-29 05:10:00+00:00,23667.65,23669.15,23665.45,23667.55,211,150,0
2025-08-29 05:15:00+00:00,23667.35,23669.05,23665.05,23668.55,214,150,0
2025-08-29 05:20:00+00:00,23668.55,23669.35,23664.65,23665.35,253,150,0
2025-08-29 05:25:00+00:00,23665.15,23665.55,23659.35,23661.05,289,150,0
2025-08-29 05:30:00+00:00,23660.95,23662.35,23659.15,23660.45,272,150,0
2025-08-29 05:35:00+00:00,23660.55,23661.45,23658.55,23660.15,171,150,0
2025-08-29 05:40:00+00:00,23659.85,23660.45,23658.15,23658.65,138,150,0
2025-08-29 05:45:00+00:00,23659.05,23659.65,23656.65,23658.85,162,150,0
2025-08-29 05:50:00+00:00,23658.85,23662.15,23658.55,23662.15,105,150,0
2025-08-29 05:55:00+00:00,23662.35,23666.45,23662.35,23665.05,221,150,0
2025-08-29 06:00:00+00:00,23665.15,23673.45,23664.85,23671.55,306,150,0
2025-08-29 06:05:00+00:00,23671.95,23678.55,23671.95,23675.05,280,150,0
2025-08-29 06:10:00+00:00,23675.05,23678.45,23674.95,23676.45,217,150,0
2025-08-29 06:15:00+00:00,23676.55,23677.15,23672.45,23674.15,201,150,0
2025-08-29 06:20:00+00:00,23673.95,23674.95,23672.05,23672.35,160,150,0
2025-08-29 06:25:00+00:00,23672.05,23672.35,23668.55,23668.85,175,150,0
2025-08-29 06:30:00+00:00,23669.35,23671.15,23667.95,23670.65,184,150,0
2025-08-29 06:35:00+00:00,23670.45,23674.85,23669.85,23674.15,211,150,0
2025-08-29 06:40:00+00:00,23674.35,23679.15,23673.15,23673.15,175,150,0
2025-08-29 06:45:00+00:00,23672.85,23673.85,23667.95,23668.45,184,150,0
2025-08-29 06:50:00+00:00,23668.55,23670.65,23667.85,23668.45,192,150,0
2025-08-29 06:55:00+00:00,23668.35,23668.35,23662.95,23666.45,226,150,0
2025-08-29 07:00:00+00:00,23666.45,23669.35,23666.05,23666.35,167,150,0
2025-08-29 07:05:00+00:00,23666.15,23666.85,23660.95,23661.15,183,150,0
2025-08-29 07:10:00+00:00,23661.35,23664.05,23661.15,23662.85,127,150,0
2025-08-29 07:15:00+00:00,23662.45,23664.45,23662.15,23663.05,111,150,0
2025-08-29 07:20:00+00:00,23663.35,23663.35,23660.65,23661.35,152,150,0
2025-08-29 07:25:00+00:00,23661.45,23663.95,23660.05,23660.15,136,150,0
2025-08-29 07:30:00+00:00,23660.45,23660.45,23657.65,23658.15,130,150,0
2025-08-29 07:35:00+00:00,23658.15,23661.85,23658.15,23660.85,142,150,0
2025-08-29 07:40:00+00:00,23661.05,23662.35,23660.65,23661.65,119,150,0
2025-08-29 07:45:00+00:00,23661.55,23664.15,23660.35,23664.15,135,150,0
2025-08-29 07:50:00+00:00,23664.35,23665.15,23658.35,23658.65,114,150,0
2025-08-29 07:55:00+00:00,23658.55,23658.95,23656.95,23658.95,167,150,0
2025-08-29 08:00:00+00:00,23658.95,23666.65,23658.85,23664.05,214,150,0
2025-08-29 08:05:00+00:00,23664.05,23664.85,23662.65,23664.05,120,150,0
2025-08-29 08:10:00+00:00,23664.05,23665.65,23664.05,23665.15,141,150,0
2025-08-29 08:15:00+00:00,23665.35,23665.45,23659.35,23659.45,195,150,0
2025-08-29 08:20:00+00:00,23659.05,23659.55,23654.05,23655.85,238,150,0
2025-08-29 08:25:00+00:00,23655.45,23657.85,23652.95,23655.65,214,150,0
2025-08-29 08:30:00+00:00,23655.45,23657.65,23653.55,23656.85,157,150,0
2025-08-29 08:35:00+00:00,23656.95,23656.95,23653.85,23654.45,102,150,0
2025-08-29 08:40:00+00:00,23654.85,23657.05,23653.05,23657.05,104,150,0
2025-08-29 08:45:00+00:00,23657.05,23661.05,23657.05,23658.15,148,150,0
2025-08-29 08:50:00+00:00,23658.55,23662.05,23653.05,23655.35,205,150,0
2025-08-29 08:55:00+00:00,23655.55,23664.05,23655.55,23663.05,220,150,0
2025-08-29 09:00:00+00:00,23662.65,23668.45,23662.15,23663.45,335,150,0
2025-08-29 09:05:00+00:00,23663.35,23670.65,23661.75,23669.55,303,160,0
2025-08-29 09:10:00+00:00,23669.55,23671.15,23664.85,23665.85,238,150,0
2025-08-29 09:15:00+00:00,23665.65,23670.15,23665.55,23667.55,270,150,0
2025-08-29 09:20:00+00:00,23667.95,23673.35,23667.05,23672.15,222,150,0
2025-08-29 09:25:00+00:00,23672.15,23674.85,23671.05,23674.45,289,150,0
2025-08-29 09:30:00+00:00,23674.35,23674.55,23665.75,23667.35,363,150,0
2025-08-29 09:35:00+00:00,23667.25,23668.15,23663.55,23664.25,321,160,0
2025-08-29 09:40:00+00:00,23663.85,23672.45,23658.75,23670.85,307,150,0
2025-08-29 09:45:00+00:00,23670.75,23672.25,23663.75,23664.85,285,150,0
2025-08-29 09:50:00+00:00,23665.05,23666.35,23658.35,23664.95,320,150,0
2025-08-29 09:55:00+00:00,23665.25,23665.75,23656.15,23659.15,257,150,0
2025-08-29 10:00:00+00:00,23660.65,23670.85,23654.25,23668.85,845,160,0
2025-08-29 10:05:00+00:00,23668.75,23676.75,23668.75,23675.75,586,170,0
2025-08-29 10:10:00+00:00,23675.55,23678.55,23668.85,23669.35,498,170,0
2025-08-29 10:15:00+00:00,23668.85,23670.45,23662.25,23663.75,498,170,0
2025-08-29 10:20:00+00:00,23663.25,23670.95,23662.05,23663.85,450,160,0
2025-08-29 10:25:00+00:00,23663.75,23670.25,23659.05,23665.65,483,160,0
2025-08-29 10:30:00+00:00,23665.85,23665.85,23659.25,23662.15,478,170,0
2025-08-29 10:35:00+00:00,23661.65,23661.65,23652.25,23655.75,623,170,0
2025-08-29 10:40:00+00:00,23656.25,23658.15,23650.75,23654.15,467,170,0
2025-08-29 10:45:00+00:00,23654.15,23654.15,23646.05,23646.45,486,170,0
2025-08-29 10:50:00+00:00,23646.15,23646.25,23632.25,23634.95,464,160,0
2025-08-29 10:55:00+00:00,23637.25,23639.75,23630.95,23631.75,522,180,0
2025-08-29 11:00:00+00:00,23631.65,23643.85,23622.25,23624.25,1084,180,0
2025-08-29 11:05:00+00:00,23624.45,23626.85,23617.25,23621.15,967,190,0
2025-08-29 11:10:00+00:00,23621.35,23621.35,23602.75,23604.15,866,180,0
2025-08-29 11:15:00+00:00,23604.15,23615.15,23601.95,23608.65,801,180,0
2025-08-29 11:20:00+00:00,23608.45,23616.95,23606.05,23613.35,666,180,0
2025-08-29 11:25:00+00:00,23613.35,23621.15,23612.45,23615.95,649,180,0
2025-08-29 11:30:00+00:00,23616.25,23625.65,23614.15,23621.75,504,170,0
2025-08-29 11:35:00+00:00,23620.75,23622.35,23616.25,23616.75,561,170,0
2025-08-29 11:40:00+00:00,23616.35,23617.65,23610.35,23615.35,507,170,0
2025-08-29 11:45:00+00:00,23614.95,23615.25,23606.35,23611.35,476,170,0
2025-08-29 11:50:00+00:00,23611.85,23613.15,23583.35,23590.35,958,180,0
2025-08-29 11:55:00+00:00,23589.45,23597.05,23571.85,23579.05,986,210,0
2025-08-29 12:00:00+00:00,23579.05,23585.95,23559.25,23578.75,1086,210,0
2025-08-29 12:05:00+00:00,23579.25,23590.45,23576.25,23590.35,737,190,0
2025-08-29 12:10:00+00:00,23590.05,23597.25,23585.35,23596.85,606,180,0
2025-08-29 12:15:00+00:00,23596.95,23603.35,23593.65,23595.95,664,180,0
2025-08-29 12:20:00+00:00,23595.75,23601.75,23593.45,23600.25,487,170,0
2025-08-29 12:25:00+00:00,23600.25,23605.25,23597.65,23601.75,495,170,0
2025-08-29 12:30:00+00:00,23601.95,23604.55,23597.45,23601.45,483,160,0
2025-08-29 12:35:00+00:00,23601.25,23606.95,23598.85,23603.45,555,170,0
2025-08-29 12:40:00+00:00,23603.25,23605.95,23594.75,23596.45,567,170,0
2025-08-29 12:45:00+00:00,23596.65,23605.05,23595.85,23602.55,455,170,0
2025-08-29 12:50:00+00:00,23601.95,23601.95,23592.25,23592.75,469,170,0
2025-08-29 12:55:00+00:00,23592.95,23600.65,23587.95,23592.65,505,170,0
2025-08-29 13:00:00+00:00,23593.35,23594.25,23581.15,23591.85,597,180,0
2025-08-29 13:05:00+00:00,23592.05,23596.65,23589.35,23596.35,479,180,0
2025-08-29 13:10:00+00:00,23596.45,23608.85,23596.35,23598.15,541,170,0
2025-08-29 13:15:00+00:00,23597.65,23603.25,23591.45,23601.65,420,170,0
2025-08-29 13:20:00+00:00,23601.85,23603.35,23594.15,23597.15,371,170,0
2025-08-29 13:25:00+00:00,23597.25,23601.55,23594.55,23596.15,331,160,0
2025-08-29 13:30:00+00:00,23595.65,23595.65,23586.65,23593.95,474,170,0
2025-08-29 13:35:00+00:00,23593.75,23593.85,23584.15,23588.15,405,170,0
2025-08-29 13:40:00+00:00,23588.95,23588.95,23579.95,23582.05,425,170,0
2025-08-29 13:45:00+00:00,23582.65,23587.95,23578.15,23582.45,418,170,0
2025-08-29 13:50:00+00:00,23582.65,23589.25,23580.65,23581.15,457,170,0
2025-08-29 13:55:00+00:00,23580.95,23584.45,23569.95,23583.35,707,170,0
2025-08-29 14:00:00+00:00,23583.55,23591.35,23581.05,23589.55,747,190,0
2025-08-29 14:05:00+00:00,23589.35,23591.45,23581.95,23591.45,480,180,0
2025-08-29 14:10:00+00:00,23591.35,23597.45,23590.35,23596.35,492,160,0
2025-08-29 14:15:00+00:00,23596.55,23600.75,23592.25,23598.65,469,160,0
2025-08-29 14:20:00+00:00,23598.75,23601.55,23595.25,23595.45,506,160,0
2025-08-29 14:25:00+00:00,23595.65,23597.35,23589.55,23593.95,456,170,0
2025-08-29 14:30:00+00:00,23593.95,23593.95,23587.55,23589.45,400,160,0
2025-08-29 14:35:00+00:00,23589.55,23594.25,23585.55,23587.95,460,160,0
2025-08-29 14:40:00+00:00,23587.65,23595.65,23585.25,23585.95,422,170,0
2025-08-29 14:45:00+00:00,23586.05,23590.75,23584.45,23584.75,389,160,0
2025-08-29 14:50:00+00:00,23584.35,23584.45,23577.95,23583.85,494,160,0
2025-08-29 14:55:00+00:00,23583.75,23589.25,23579.55,23587.45,484,160,0
2025-08-29 15:00:00+00:00,23586.65,23591.15,23577.45,23577.45,593,170,0
2025-08-29 15:05:00+00:00,23577.15,23581.65,23568.65,23575.85,805,180,0
2025-08-29 15:10:00+00:00,23575.85,23579.75,23571.35,23579.75,552,170,0
2025-08-29 15:15:00+00:00,23580.15,23588.95,23576.95,23577.95,617,170,0
2025-08-29 15:20:00+00:00,23577.35,23586.15,23576.05,23577.95,637,190,0
2025-08-29 15:25:00+00:00,23578.25,23586.05,23574.35,23577.12,640,180,0
2025-08-29 15:30:00+00:00,23576.97,23627.35,23574.47,23611.25,1916,210,0
2025-08-29 15:35:00+00:00,23611.05,23614.55,23594.85,23598.45,1384,210,0
2025-08-29 15:40:00+00:00,23598.75,23604.05,23591.25,23601.25,1130,210,0
2025-08-29 15:45:00+00:00,23600.75,23614.05,23598.35,23609.25,1076,200,0
2025-08-29 15:50:00+00:00,23609.15,23612.65,23601.05,23610.05,895,190,0
2025-08-29 15:55:00+00:00,23609.55,23614.45,23607.65,23613.65,877,180,0
2025-08-29 16:00:00+00:00,23612.95,23613.45,23603.15,23612.15,1051,180,0
2025-08-29 16:05:00+00:00,23612.15,23613.45,23603.25,23604.75,824,180,0
2025-08-29 16:10:00+00:00,23604.75,23607.45,23599.45,23604.85,930,180,0
2025-08-29 16:15:00+00:00,23604.65,23610.95,23598.25,23598.25,830,180,0
2025-08-29 16:20:00+00:00,23598.25,23610.95,23598.25,23601.95,772,180,0
2025-08-29 16:25:00+00:00,23601.95,23616.75,23595.65,23600.05,1363,180,0
2025-08-29 16:30:00+00:00,23599.75,23615.15,23578.05,23586.25,2624,80,0
2025-08-29 16:35:00+00:00,23585.65,23591.05,23542.15,23543.05,2477,120,0
2025-08-29 16:40:00+00:00,23543.25,23572.95,23535.75,23547.45,2445,120,0
2025-08-29 16:45:00+00:00,23547.45,23547.45,23485.65,23490.45,2592,120,0
2025-08-29 16:50:00+00:00,23490.25,23522.55,23474.15,23496.15,2537,120,0
2025-08-29 16:55:00+00:00,23495.95,23507.25,23455.05,23466.05,2386,120,0
2025-08-29 17:00:00+00:00,23465.45,23498.75,23428.55,23428.65,2521,120,0
2025-08-29 17:05:00+00:00,23428.65,23436.95,23388.15,23404.75,2518,120,0
2025-08-29 17:10:00+00:00,23405.45,23419.55,23378.95,23405.65,2494,120,0
2025-08-29 17:15:00+00:00,23405.65,23414.75,23375.75,23410.15,2481,120,0
2025-08-29 17:20:00+00:00,23410.45,23445.55,23408.05,23433.25,2368,120,0
2025-08-29 17:25:00+00:00,23433.25,23446.05,23395.25,23445.55,2451,120,0
2025-08-29 17:30:00+00:00,23445.25,23453.25,23423.05,23438.55,2362,120,0
2025-08-29 17:35:00+00:00,23438.65,23461.55,23426.75,23456.75,2293,120,0
2025-08-29 17:40:00+00:00,23456.65,23462.55,23417.65,23418.55,2275,120,0
2025-08-29 17:45:00+00:00,23418.55,23427.75,23390.55,23396.65,2287,120,0
2025-08-29 17:50:00+00:00,23396.55,23399.95,23368.55,23383.25,2320,120,0
2025-08-29 17:55:00+00:00,23384.05,23399.95,23363.75,23382.95,2246,120,0
2025-08-29 18:00:00+00:00,23382.95,23404.05,23376.15,23397.15,2216,120,0
2025-08-29 18:05:00+00:00,23397.25,23424.65,23391.45,23421.05,2032,120,0
2025-08-29 18:10:00+00:00,23421.05,23430.25,23412.45,23415.05,1922,120,0
2025-08-29 18:15:00+00:00,23415.05,23428.25,23408.55,23417.75,1905,120,0
2025-08-29 18:20:00+00:00,23417.65,23438.05,23415.15,23435.25,1857,120,0
2025-08-29 18:25:00+00:00,23435.35,23445.85,23426.15,23432.05,1743,80,0
2025-08-29 18:30:00+00:00,23431.95,23436.45,23408.25,23410.15,1926,80,0
2025-08-29 18:35:00+00:00,23409.95,23427.25,23401.35,23414.75,1955,120,0
2025-08-29 18:40:00+00:00,23415.25,23424.15,23405.45,23406.45,1776,120,0
2025-08-29 18:45:00+00:00,23406.95,23408.75,23396.95,23398.25,1764,120,0
2025-08-29 18:50:00+00:00,23396.95,23409.35,23385.45,23395.75,1661,110,0
2025-08-29 18:55:00+00:00,23395.45,23401.75,23374.95,23381.65,1797,120,0
2025-08-29 19:00:00+00:00,23381.75,23406.45,23379.25,23401.95,1680,80,0
2025-08-29 19:05:00+00:00,23401.85,23406.45,23382.95,23403.95,1552,80,0
2025-08-29 19:10:00+00:00,23403.95,23426.85,23400.85,23420.65,1358,80,0
2025-08-29 19:15:00+00:00,23420.65,23429.45,23414.15,23421.15,1263,80,0
2025-08-29 19:20:00+00:00,23420.95,23428.45,23417.85,23421.95,1214,80,0
2025-08-29 19:25:00+00:00,23421.65,23425.65,23398.35,23404.45,1476,80,0
2025-08-29 19:30:00+00:00,23404.45,23427.45,23403.95,23423.95,1242,80,0
2025-08-29 19:35:00+00:00,23424.15,23432.85,23420.15,23431.35,1132,80,0
2025-08-29 19:40:00+00:00,23430.95,23433.95,23424.95,23433.45,936,80,0
2025-08-29 19:45:00+00:00,23433.65,23440.95,23424.65,23427.45,1208,80,0
2025-08-29 19:50:00+00:00,23427.15,23436.65,23422.15,23434.15,1130,80,0
2025-08-29 19:55:00+00:00,23434.15,23439.45,23427.15,23428.15,1064,80,0
2025-08-29 20:00:00+00:00,23428.15,23428.15,23381.75,23382.45,1818,80,0
2025-08-29 20:05:00+00:00,23383.85,23397.85,23372.25,23393.55,1643,90,0
2025-08-29 20:10:00+00:00,23392.85,23393.45,23367.45,23369.95,1574,80,0
2025-08-29 20:15:00+00:00,23369.65,23374.95,23350.55,23363.75,1715,80,0
2025-08-29 20:20:00+00:00,23363.65,23385.55,23363.65,23379.95,1495,80,0
2025-08-29 20:25:00+00:00,23379.45,23388.95,23374.15,23378.15,1243,80,0
2025-08-29 20:30:00+00:00,23378.15,23393.85,23369.55,23373.15,1369,80,0
2025-08-29 20:35:00+00:00,23372.95,23387.15,23366.15,23385.15,1343,80,0
2025-08-29 20:40:00+00:00,23385.45,23396.05,23381.35,23391.45,1297,80,0
2025-08-29 20:45:00+00:00,23391.65,23408.65,23390.95,23405.05,1240,80,0
2025-08-29 20:50:00+00:00,23405.15,23426.65,23401.65,23415.15,1231,80,0
2025-08-29 20:55:00+00:00,23414.95,23419.05,23395.95,23409.65,1321,80,0
2025-08-29 21:00:00+00:00,23409.45,23409.65,23394.45,23395.45,1444,80,0
2025-08-29 21:05:00+00:00,23395.85,23415.55,23392.95,23413.45,1236,80,0
2025-08-29 21:10:00+00:00,23413.45,23417.15,23400.95,23410.55,1170,80,0
2025-08-29 21:15:00+00:00,23410.95,23415.45,23405.85,23409.55,1160,80,0
2025-08-29 21:20:00+00:00,23409.65,23409.65,23387.55,23401.65,1594,80,0
2025-08-29 21:25:00+00:00,23401.45,23406.25,23387.45,23391.45,1236,80,0
2025-08-29 21:30:00+00:00,23391.45,23412.65,23391.15,23409.65,1101,80,0
2025-08-29 21:35:00+00:00,23409.55,23413.95,23398.45,23398.65,955,80,0
2025-08-29 21:40:00+00:00,23398.95,23404.05,23392.95,23393.95,1042,80,0
2025-08-29 21:45:00+00:00,23394.15,23400.85,23392.15,23394.15,1018,80,0
2025-08-29 21:50:00+00:00,23393.65,23403.35,23388.65,23400.65,1030,80,0
2025-08-29 21:55:00+00:00,23400.15,23409.45,23395.15,23409.45,915,80,0
2025-08-29 22:00:00+00:00,23409.45,23412.95,23402.65,23409.35,1039,80,0
2025-08-29 22:05:00+00:00,23409.15,23422.05,23406.85,23420.05,1012,80,0
2025-08-29 22:10:00+00:00,23419.95,23425.15,23411.65,23417.05,1084,80,0
2025-08-29 22:15:00+00:00,23417.05,23427.05,23416.05,23426.15,980,80,0
2025-08-29 22:20:00+00:00,23426.45,23435.05,23417.45,23422.45,1053,80,0
2025-08-29 22:25:00+00:00,23422.35,23422.35,23406.05,23413.45,1139,80,0
2025-08-29 22:30:00+00:00,23413.45,23423.15,23410.95,23411.15,1250,80,0
2025-08-29 22:35:00+00:00,23410.65,23412.65,23395.65,23408.55,1323,80,0
2025-08-29 22:40:00+00:00,23408.95,23432.65,23406.55,23428.45,1207,80,0
2025-08-29 22:45:00+00:00,23428.05,23444.95,23419.45,23423.95,1469,80,0
2025-08-29 22:50:00+00:00,23427.55,23427.55,23376.95,23378.95,2079,80,0
2025-08-29 22:55:00+00:00,23379.35,23424.35,23376.85,23421.95,1962,120,0
2025-08-29 23:00:00+00:00,23421.75,23437.16,23403.06,23416.16,1722,120,0
2025-08-29 23:05:00+00:00,23416.46,23420.46,23406.76,23410.76,1015,208,0
2025-08-29 23:10:00+00:00,23410.96,23415.36,23405.66,23414.36,748,198,0
2025-08-29 23:15:00+00:00,23414.36,23414.56,23404.56,23408.86,529,198,0
2025-08-29 23:20:00+00:00,23408.96,23414.06,23406.86,23412.46,394,178,0
2025-08-29 23:25:00+00:00,23412.46,23412.66,23402.66,23405.96,351,178,0
2025-08-29 23:30:00+00:00,23405.66,23406.66,23404.06,23406.36,260,168,0
2025-08-29 23:35:00+00:00,23406.46,23410.26,23406.26,23406.96,312,168,0
2025-08-29 23:40:00+00:00,23407.16,23409.76,23402.26,23403.16,240,168,0
2025-08-29 23:45:00+00:00,23403.26,23405.96,23402.16,23405.56,310,168,0
2025-09-01 01:05:00+00:00,23443.86,23466.46,23431.76,23464.46,814,228,0
2025-09-01 01:10:00+00:00,23464.56,23466.26,23455.86,23456.56,376,208,0
2025-09-01 01:15:00+00:00,23456.46,23466.26,23452.86,23465.96,375,188,0
2025-09-01 01:20:00+00:00,23466.16,23466.16,23457.66,23461.46,308,188,0
2025-09-01 01:25:00+00:00,23461.46,23462.16,23450.96,23451.96,328,188,0
2025-09-01 01:30:00+00:00,23452.06,23459.66,23451.16,23457.96,257,178,0
2025-09-01 01:35:00+00:00,23458.26,23466.46,23457.46,23463.76,201,168,0
2025-09-01 01:40:00+00:00,23463.86,23477.16,23463.46,23474.66,231,168,0
2025-09-01 01:45:00+00:00,23474.96,23479.16,23474.36,23476.16,247,188,0
2025-09-01 01:50:00+00:00,23475.96,23485.26,23475.96,23484.46,225,178,0
2025-09-01 01:55:00+00:00,23484.46,23488.86,23483.96,23488.26,211,168,0
2025-09-01 02:00:00+00:00,23487.66,23497.75,23487.66,23492.45,424,150,0
2025-09-01 02:05:00+00:00,23492.75,23494.85,23488.65,23490.45,172,150,0
2025-09-01 02:10:00+00:00,23490.85,23491.45,23485.15,23488.05,217,150,0
2025-09-01 02:15:00+00:00,23488.35,23492.85,23484.45,23485.55,225,150,0
2025-09-01 02:20:00+00:00,23485.05,23487.65,23483.45,23483.65,138,150,0
2025-09-01 02:25:00+00:00,23483.45,23487.65,23482.35,23485.95,139,150,0
2025-09-01 02:30:00+00:00,23486.15,23487.75,23483.25,23483.95,158,150,0
2025-09-01 02:35:00+00:00,23484.15,23488.25,23482.45,23484.85,151,150,0
2025-09-01 02:40:00+00:00,23484.85,23488.75,23482.75,23488.35,151,150,0
2025-09-01 02:45:00+00:00,23487.15,23489.85,23482.55,23487.85,255,150,0
2025-09-01 02:50:00+00:00,23487.35,23489.45,23485.85,23488.35,168,150,0
2025-09-01 02:55:00+00:00,23488.15,23490.35,23485.25,23490.35,199,150,0
2025-09-01 03:00:00+00:00,23490.65,23492.85,23482.35,23489.75,633,150,0
2025-09-01 03:05:00+00:00,23489.75,23500.85,23489.25,23496.05,494,170,0
2025-09-01 03:10:00+00:00,23495.85,23504.25,23491.55,23501.45,529,170,0
2025-09-01 03:15:00+00:00,23501.35,23504.35,23500.05,23502.55,438,160,0
2025-09-01 03:20:00+00:00,23502.65,23502.65,23491.85,23492.55,360,160,0
2025-09-01 03:25:00+00:00,23492.15,23492.15,23483.35,23488.95,360,160,0
2025-09-01 03:30:00+00:00,23488.45,23493.35,23485.25,23485.55,337,160,0
2025-09-01 03:35:00+00:00,23485.45,23487.25,23482.45,23486.35,239,150,0
2025-09-01 03:40:00+00:00,23486.45,23491.65,23485.65,23491.65,290,150,0
2025-09-01 03:45:00+00:00,23491.95,23496.55,23491.45,23494.05,294,150,0
2025-09-01 03:50:00+00:00,23493.95,23494.65,23491.65,23491.85,257,150,0
2025-09-01 03:55:00+00:00,23491.65,23493.15,23490.25,23490.35,237,150,0
2025-09-01 04:00:00+00:00,23490.35,23492.55,23483.35,23491.55,512,150,0
2025-09-01 04:05:00+00:00,23491.65,23491.75,23483.95,23485.55,377,160,0
2025-09-01 04:10:00+00:00,23485.45,23489.95,23484.35,23488.05,323,150,0
2025-09-01 04:15:00+00:00,23488.05,23490.95,23481.95,23482.05,357,160,0
2025-09-01 04:20:00+00:00,23481.85,23485.65,23481.85,23483.65,315,150,0
2025-09-01 04:25:00+00:00,23483.85,23489.75,23483.85,23487.15,233,150,0
2025-09-01 04:30:00+00:00,23487.25,23490.55,23484.35,23486.95,375,150,0
2025-09-01 04:35:00+00:00,23487.05,23488.05,23481.95,23482.55,411,160,0
2025-09-01 04:40:00+00:00,23482.55,23485.85,23482.35,23484.75,290,150,0
2025-09-01 04:45:00+00:00,23484.65,23487.25,23483.45,23484.35,249,150,0
2025-09-01 04:50:00+00:00,23484.15,23484.15,23460.45,23461.45,514,150,0
2025-09-01 04:55:00+00:00,23461.55,23472.15,23460.45,23469.75,485,180,0
2025-09-01 05:00:00+00:00,23469.75,23470.45,23456.35,23458.55,494,170,0
2025-09-01 05:05:00+00:00,23458.75,23460.35,23454.95,23455.35,371,160,0
2025-09-01 05:10:00+00:00,23455.35,23457.05,23438.65,23438.95,585,160,0
2025-09-01 05:15:00+00:00,23438.95,23441.45,23431.95,23433.35,614,180,0
2025-09-01 05:20:00+00:00,23432.85,23441.45,23428.45,23432.65,632,180,0
2025-09-01 05:25:00+00:00,23432.95,23434.35,23426.65,23429.45,510,180,0
2025-09-01 05:30:00+00:00,23429.25,23432.25,23423.05,23430.45,497,170,0
2025-09-01 05:35:00+00:00,23429.75,23436.75,23427.75,23427.75,355,170,0
2025-09-01 05:40:00+00:00,23428.75,23430.55,23418.55,23424.95,426,170,0
2025-09-01 05:45:00+00:00,23424.95,23435.15,23424.95,23430.75,405,180,0
2025-09-01 05:50:00+00:00,23431.25,23431.45,23419.85,23422.25,376,170,0
2025-09-01 05:55:00+00:00,23422.25,23426.15,23420.15,23421.05,287,160,0
2025-09-01 06:00:00+00:00,23421.15,23426.55,23405.15,23425.85,665,160,0
2025-09-01 06:05:00+00:00,23425.65,23431.95,23425.15,23430.55,428,170,0
2025-09-01 06:10:00+00:00,23430.75,23436.75,23429.75,23431.85,381,170,0
2025-09-01 06:15:00+00:00,23432.25,23434.05,23413.85,23414.25,426,170,0
2025-09-01 06:20:00+00:00,23413.95,23420.55,23393.55,23395.05,698,180,0
2025-09-01 06:25:00+00:00,23395.15,23398.15,23386.05,23396.25,839,200,0
2025-09-01 06:30:00+00:00,23395.25,23400.85,23389.65,23389.95,635,190,0
2025-09-01 06:35:00+00:00,23389.45,23394.95,23384.05,23394.75,495,180,0
2025-09-01 06:40:00+00:00,23394.65,23400.75,23394.15,23399.05,459,170,0
2025-09-01 06:45:00+00:00,23398.75,23401.85,23393.55,23396.85,332,160,0
2025-09-01 06:50:00+00:00,23396.75,23399.55,23394.75,23394.85,271,160,0
2025-09-01 06:55:00+00:00,23395.45,23399.45,23392.45,23394.35,264,160,0
2025-09-01 07:00:00+00:00,23394.45,23395.05,23390.75,23393.25,353,160,0
2025-09-01 07:05:00+00:00,23393.75,23397.85,23389.35,23395.85,320,160,0
2025-09-01 07:10:00+00:00,23395.55,23399.55,23390.95,23391.05,222,160,0
2025-09-01 07:15:00+00:00,23391.45,23393.55,23386.45,23387.85,273,150,0
2025-09-01 07:20:00+00:00,23387.65,23396.85,23387.55,23393.95,249,160,0
2025-09-01 07:25:00+00:00,23394.05,23394.85,23384.55,23385.05,238,150,0
2025-09-01 07:30:00+00:00,23385.55,23386.15,23372.55,23376.95,496,170,0
2025-09-01 07:35:00+00:00,23377.05,23377.45,23360.05,23361.95,636,180,0
2025-09-01 07:40:00+00:00,23361.35,23372.55,23360.65,23370.55,371,170,0
2025-09-01 07:45:00+00:00,23370.75,23391.15,23369.05,23390.15,412,170,0
2025-09-01 07:50:00+00:00,23390.05,23394.25,23378.95,23389.75,369,170,0
2025-09-01 07:55:00+00:00,23389.55,23392.05,23379.65,23379.65,342,160,0
2025-09-01 08:00:00+00:00,23380.15,23385.25,23370.75,23381.95,552,170,0
2025-09-01 08:05:00+00:00,23382.15,23383.05,23369.25,23370.25,485,180,0
2025-09-01 08:10:00+00:00,23369.25,23376.45,23362.25,23373.85,481,180,0
2025-09-01 08:15:00+00:00,23373.75,23378.25,23366.25,23372.25,426,180,0
2025-09-01 08:20:00+00:00,23371.95,23382.05,23371.95,23380.55,352,160,0
2025-09-01 08:25:00+00:00,23380.35,23388.05,23380.05,23387.45,373,160,0
2025-09-01 08:30:00+00:00,23387.55,23392.85,23383.05,23391.25,370,170,0
2025-09-01 08:35:00+00:00,23391.35,23394.65,23386.35,23392.35,284,160,0
2025-09-01 08:40:00+00:00,23392.55,23400.75,23391.85,23399.85,366,160,0
2025-09-01 08:45:00+00:00,23399.25,23399.75,23379.15,23384.65,460,170,0
2025-09-01 08:50:00+00:00,23385.45,23396.75,23376.95,23386.25,485,180,0
2025-09-01 08:55:00+00:00,23386.75,23389.15,23381.05,23382.05,321,170,0
2025-09-01 09:00:00+00:00,23382.05,23382.75,23359.65,23361.15,602,170,0
2025-09-01 09:05:00+00:00,23361.15,23368.95,23344.85,23350.85,725,190,0
2025-09-01 09:10:00+00:00,23350.85,23350.85,23344.15,23350.45,451,180,0
2025-09-01 09:15:00+00:00,23350.05,23351.75,23343.35,23349.65,459,180,0
2025-09-01 09:20:00+00:00,23350.15,23351.95,23345.15,23346.45,458,180,0
2025-09-01 09:25:00+00:00,23346.35,23347.25,23323.65,23325.45,713,180,0
2025-09-01 09:30:00+00:00,23328.35,23350.95,23328.15,23347.95,670,200,0
2025-09-01 09:35:00+00:00,23348.45,23376.65,23345.95,23376.45,624,170,0
2025-09-01 09:40:00+00:00,23376.65,23410.75,23372.35,23410.35,780,190,0
2025-09-01 09:45:00+00:00,23410.85,23425.35,23397.85,23399.35,842,200,0
2025-09-01 09:50:00+00:00,23399.35,23407.45,23393.35,23399.15,685,210,0
2025-09-01 09:55:00+00:00,23399.15,23404.15,23394.45,23401.05,554,190,0
2025-09-01 10:00:00+00:00,23401.95,23420.65,23399.05,23418.15,1167,190,0
2025-09-01 10:05:00+00:00,23418.65,23419.35,23398.95,23401.75,897,200,0
2025-09-01 10:10:00+00:00,23401.95,23403.85,23394.95,23401.25,616,180,0
2025-09-01 10:15:00+00:00,23401.35,23414.45,23396.45,23406.15,741,180,0
2025-09-01 10:20:00+00:00,23406.75,23410.45,23397.85,23408.65,618,180,0
2025-09-01 10:25:00+00:00,23408.55,23426.75,23405.05,23425.15,713,190,0
2025-09-01 10:30:00+00:00,23425.15,23427.25,23415.65,23423.35,707,190,0
2025-09-01 10:35:00+00:00,23423.65,23428.15,23416.95,23424.25,582,180,0
2025-09-01 10:40:00+00:00,23423.95,23426.55,23417.95,23423.95,524,180,0
2025-09-01 10:45:00+00:00,23424.05,23429.25,23422.75,23424.25,586,180,0
2025-09-01 10:50:00+00:00,23424.45,23425.85,23417.65,23417.85,571,170,0
2025-09-01 10:55:00+00:00,23417.75,23423.25,23410.05,23421.95,557,170,0
2025-09-01 11:00:00+00:00,23422.25,23422.75,23412.25,23418.15,676,170,0
2025-09-01 11:05:00+00:00,23418.95,23433.05,23411.65,23430.75,704,190,0
2025-09-01 11:10:00+00:00,23430.65,23433.65,23422.95,23425.25,555,180,0
2025-09-01 11:15:00+00:00,23425.05,23429.25,23414.95,23420.45,636,180,0
2025-09-01 11:20:00+00:00,23420.55,23438.95,23420.45,23438.25,662,180,0
2025-09-01 11:25:00+00:00,23438.45,23441.15,23431.65,23437.05,682,190,0
2025-09-01 11:30:00+00:00,23436.25,23444.25,23436.05,23442.25,602,170,0
2025-09-01 11:35:00+00:00,23442.25,23454.65,23441.25,23448.95,571,170,0
2025-09-01 11:40:00+00:00,23448.75,23452.95,23443.35,23447.25,517,170,0
2025-09-01 11:45:00+00:00,23446.95,23449.85,23437.05,23439.25,475,170,0
2025-09-01 11:50:00+00:00,23439.15,23439.65,23433.15,23437.65,419,170,0
2025-09-01 11:55:00+00:00,23437.65,23444.75,23431.55,23442.75,358,160,0
2025-09-01 12:00:00+00:00,23441.85,23441.85,23435.75,23437.25,422,170,0
2025-09-01 12:05:00+00:00,23437.05,23437.85,23430.05,23435.75,414,170,0
2025-09-01 12:10:00+00:00,23435.75,23436.35,23432.55,23434.85,325,160,0
2025-09-01 12:15:00+00:00,23434.95,23439.85,23433.65,23439.35,298,150,0
2025-09-01 12:20:00+00:00,23439.45,23448.85,23439.35,23443.25,376,160,0
2025-09-01 12:25:00+00:00,23443.25,23444.55,23440.75,23442.85,283,160,0
2025-09-01 12:30:00+00:00,23442.85,23448.35,23441.25,23443.75,324,160,0
2025-09-01 12:35:00+00:00,23444.05,23446.25,23439.35,23440.35,257,150,0
2025-09-01 12:40:00+00:00,23440.35,23446.05,23437.05,23438.45,362,150,0
2025-09-01 12:45:00+00:00,23438.05,23439.75,23428.55,23436.25,387,180,0
2025-09-01 12:50:00+00:00,23436.05,23440.25,23434.25,23434.85,313,160,0
2025-09-01 12:55:00+00:00,23434.65,23440.55,23434.05,23437.35,318,160,0
2025-09-01 13:00:00+00:00,23437.55,23438.25,23432.55,23436.05,290,160,0
2025-09-01 13:05:00+00:00,23435.75,23444.35,23435.75,23444.25,340,150,0
2025-09-01 13:10:00+00:00,23444.15,23448.55,23441.05,23447.65,357,170,0
2025-09-01 13:15:00+00:00,23447.55,23448.55,23443.45,23445.05,257,160,0
2025-09-01 13:20:00+00:00,23445.15,23446.85,23441.65,23442.85,312,150,0
2025-09-01 13:25:00+00:00,23442.65,23444.55,23441.35,23442.65,216,150,0
2025-09-01 13:30:00+00:00,23442.85,23444.95,23436.55,23443.05,312,160,0
2025-09-01 13:35:00+00:00,23443.05,23445.85,23441.95,23444.15,229,150,0
2025-09-01 13:40:00+00:00,23444.15,23452.95,23442.75,23444.65,432,150,0
2025-09-01 13:45:00+00:00,23444.45,23445.15,23435.55,23438.45,344,180,0
2025-09-01 13:50:00+00:00,23438.75,23440.85,23436.85,23439.35,250,150,0
2025-09-01 13:55:00+00:00,23439.55,23443.35,23435.55,23438.85,293,150,0
2025-09-01 14:00:00+00:00,23438.85,23445.05,23434.35,23443.55,384,160,0
2025-09-01 14:05:00+00:00,23443.55,23446.35,23439.85,23441.55,310,160,0
2025-09-01 14:10:00+00:00,23441.55,23441.55,23435.85,23435.85,238,150,0
2025-09-01 14:15:00+00:00,23435.85,23439.55,23431.65,23433.65,275,150,0
2025-09-01 14:20:00+00:00,23433.85,23435.35,23420.75,23422.25,347,150,0
2025-09-01 14:25:00+00:00,23422.45,23423.75,23412.75,23417.45,461,180,0
2025-09-01 14:30:00+00:00,23417.35,23421.75,23409.75,23418.95,463,170,0
2025-09-01 14:35:00+00:00,23419.25,23419.25,23398.55,23418.25,495,180,0
2025-09-01 14:40:00+00:00,23418.85,23423.75,23413.75,23414.25,356,170,0
2025-09-01 14:45:00+00:00,23414.05,23419.35,23409.05,23412.55,355,170,0
2025-09-01 14:50:00+00:00,23412.25,23420.05,23409.15,23420.05,372,170,0
2025-09-01 14:55:00+00:00,23420.25,23423.55,23417.05,23418.85,301,160,0
2025-09-01 15:00:00+00:00,23417.85,23420.35,23414.35,23418.65,343,160,0
2025-09-01 15:05:00+00:00,23418.55,23420.65,23412.75,23414.85,303,170,0
2025-09-01 15:10:00+00:00,23414.75,23422.95,23414.75,23421.35,329,150,0
2025-09-01 15:15:00+00:00,23421.35,23423.65,23418.05,23420.55,329,160,0
2025-09-01 15:20:00+00:00,23420.35,23422.05,23416.55,23419.85,290,160,0
2025-09-01 15:25:00+00:00,23419.75,23427.25,23419.55,23425.35,310,150,0
2025-09-01 15:30:00+00:00,23424.85,23432.85,23423.05,23432.65,374,160,0
2025-09-01 15:35:00+00:00,23432.65,23434.45,23430.15,23432.75,326,150,0
2025-09-01 15:40:00+00:00,23432.75,23432.85,23423.85,23424.35,354,150,0
2025-09-01 15:45:00+00:00,23424.55,23424.55,23420.05,23420.05,406,160,0
2025-09-01 15:50:00+00:00,23420.05,23422.55,23418.35,23420.05,293,160,0
2025-09-01 15:55:00+00:00,23420.05,23429.85,23417.45,23429.55,429,150,0
2025-09-01 16:00:00+00:00,23429.25,23431.65,23427.65,23431.05,348,160,0
2025-09-01 16:05:00+00:00,23430.85,23433.95,23429.75,23432.85,258,150,0
2025-09-01 16:10:00+00:00,23433.15,23435.65,23430.15,23435.15,248,150,0
2025-09-01 16:15:00+00:00,23434.85,23434.85,23429.35,23430.05,303,150,0
2025-09-01 16:20:00+00:00,23430.35,23437.65,23430.35,23432.85,314,160,0
2025-09-01 16:25:00+00:00,23432.45,23433.35,23425.75,23428.45,459,160,0
2025-09-01 16:30:00+00:00,23428.45,23429.25,23396.75,23411.85,1199,80,0
2025-09-01 16:35:00+00:00,23412.55,23431.45,23411.85,23430.45,829,80,0
2025-09-01 16:40:00+00:00,23430.25,23436.35,23426.25,23434.25,651,80,0
2025-09-01 16:45:00+00:00,23432.85,23438.35,23427.85,23437.95,549,80,0
2025-09-01 16:50:00+00:00,23438.05,23446.95,23436.35,23442.25,622,80,0
2025-09-01 16:55:00+00:00,23442.45,23444.55,23439.85,23441.05,455,80,0
2025-09-01 17:00:00+00:00,23440.45,23445.25,23438.55,23442.85,548,80,0
2025-09-01 17:05:00+00:00,23442.75,23443.35,23438.95,23440.85,369,80,0
2025-09-01 17:10:00+00:00,23440.75,23443.05,23436.95,23439.05,394,80,0
2025-09-01 17:15:00+00:00,23438.85,23440.35,23435.05,23436.95,352,80,0
2025-09-01 17:20:00+00:00,23436.85,23439.55,23431.85,23433.45,393,80,0
2025-09-01 17:25:00+00:00,23433.35,23437.85,23432.75,23436.85,353,80,0
2025-09-01 17:30:00+00:00,23438.35,23442.35,23437.85,23438.35,333,80,0
2025-09-01 17:35:00+00:00,23438.35,23444.05,23435.85,23442.25,272,80,0
2025-09-01 17:40:00+00:00,23442.35,23442.35,23437.55,23441.55,267,80,0
2025-09-01 17:45:00+00:00,23441.85,23442.45,23437.45,23439.85,284,80,0
2025-09-01 17:50:00+00:00,23439.75,23442.05,23436.75,23440.45,294,80,0
2025-09-01 17:55:00+00:00,23440.95,23444.55,23439.55,23444.05,239,80,0
2025-09-01 18:00:00+00:00,23442.45,23445.85,23438.05,23445.85,299,80,0
2025-09-01 18:05:00+00:00,23445.05,23448.25,23435.75,23436.35,388,80,0
2025-09-01 18:10:00+00:00,23436.45,23444.05,23432.35,23441.95,399,80,0
2025-09-01 18:15:00+00:00,23442.05,23449.05,23440.85,23448.25,393,80,0
2025-09-01 18:20:00+00:00,23448.05,23453.05,23447.45,23452.55,392,80,0
2025-09-01 18:25:00+00:00,23452.95,23456.35,23449.55,23455.35,317,80,0
2025-09-01 18:30:00+00:00,23455.25,23459.35,23454.05,23456.85,394,80,0
2025-09-01 18:35:00+00:00,23456.95,23458.75,23454.05,23456.55,268,80,0
2025-09-01 18:40:00+00:00,23456.05,23457.85,23454.85,23455.05,254,80,0
2025-09-01 18:45:00+00:00,23455.05,23455.75,23451.35,23453.45,229,80,0
2025-09-01 18:50:00+00:00,23453.35,23455.05,23450.55,23452.05,158,80,0
2025-09-01 18:55:00+00:00,23452.25,23452.35,23446.85,23447.95,244,80,0
2025-09-01 19:00:00+00:00,23448.05,23451.55,23442.05,23445.85,271,80,0
2025-09-01 19:05:00+00:00,23446.05,23446.85,23441.35,23441.55,257,80,0
2025-09-01 19:10:00+00:00,23440.85,23442.95,23438.55,23442.55,328,80,0
2025-09-01 19:15:00+00:00,23442.35,23442.75,23434.85,23436.05,259,80,0
2025-09-01 19:20:00+00:00,23436.35,23440.55,23435.45,23440.25,248,80,0
2025-09-01 19:25:00+00:00,23440.05,23443.25,23439.05,23439.35,244,80,0
2025-09-01 19:30:00+00:00,23439.85,23452.25,23439.05,23451.45,439,80,0
2025-09-01 19:35:00+00:00,23451.25,23456.35,23449.95,23455.05,224,80,0
2025-09-01 19:40:00+00:00,23455.05,23458.25,23454.95,23454.95,270,80,0
2025-09-01 19:45:00+00:00,23454.85,23457.95,23452.85,23455.85,226,80,0
2025-09-01 19:50:00+00:00,23455.75,23459.05,23452.45,23453.25,168,80,0
2025-09-01 19:55:00+00:00,23453.05,23455.45,23450.05,23453.95,302,80,0
2025-09-02 01:05:00+00:00,23445.76,23450.46,23442.76,23448.76,325,188,0
2025-09-02 01:10:00+00:00,23448.66,23449.86,23444.86,23446.16,231,178,0
2025-09-02 01:15:00+00:00,23446.06,23450.86,23444.66,23444.86,174,168,0
2025-09-02 01:20:00+00:00,23444.86,23447.46,23438.36,23443.96,251,168,0
2025-09-02 01:25:00+00:00,23444.06,23445.06,23434.16,23434.66,240,178,0
2025-09-02 01:30:00+00:00,23434.66,23440.06,23434.36,23440.06,199,168,0
2025-09-02 01:35:00+00:00,23439.96,23440.36,23437.36,23438.66,191,168,0
2025-09-02 01:40:00+00:00,23438.46,23439.66,23434.36,23434.46,177,168,0
2025-09-02 01:45:00+00:00,23434.26,23439.66,23433.86,23436.36,172,168,0
2025-09-02 01:50:00+00:00,23436.16,23436.96,23424.06,23425.26,393,168,0
2025-09-02 01:55:00+00:00,23424.86,23425.36,23415.06,23416.06,344,178,0
2025-09-02 02:00:00+00:00,23416.66,23418.85,23402.05,23402.85,545,160,0
2025-09-02 02:05:00+00:00,23402.85,23410.45,23400.15,23405.45,386,180,0
2025-09-02 02:10:00+00:00,23405.35,23414.85,23404.35,23411.85,264,170,0
2025-09-02 02:15:00+00:00,23412.15,23414.35,23403.15,23403.35,345,170,0
2025-09-02 02:20:00+00:00,23403.45,23405.75,23384.95,23388.75,601,160,0
2025-09-02 02:25:00+00:00,23388.95,23395.85,23382.75,23393.35,443,180,0
2025-09-02 02:30:00+00:00,23392.95,23401.75,23392.95,23396.15,354,170,0
2025-09-02 02:35:00+00:00,23395.85,23398.15,23389.85,23394.65,261,160,0
2025-09-02 02:40:00+00:00,23394.85,23395.85,23385.45,23391.45,355,170,0
2025-09-02 02:45:00+00:00,23391.65,23398.45,23390.15,23391.85,410,170,0
2025-09-02 02:50:00+00:00,23391.95,23397.55,23386.85,23396.85,381,170,0
2025-09-02 02:55:00+00:00,23396.65,23401.15,23394.95,23399.95,368,170,0
2025-09-02 03:00:00+00:00,23399.85,23405.85,23390.55,23397.25,768,170,0
2025-09-02 03:05:00+00:00,23397.45,23404.25,23393.05,23397.65,560,180,0
2025-09-02 03:10:00+00:00,23397.55,23400.05,23391.45,23394.85,495,180,0
2025-09-02 03:15:00+00:00,23394.55,23403.05,23389.75,23389.85,603,180,0
2025-09-02 03:20:00+00:00,23390.15,23393.15,23385.65,23389.55,421,180,0
2025-09-02 03:25:00+00:00,23389.45,23394.65,23388.55,23392.85,319,170,0
2025-09-02 03:30:00+00:00,23392.65,23406.95,23391.95,23405.35,488,160,0
2025-09-02 03:35:00+00:00,23405.35,23411.65,23404.45,23410.65,403,160,0
2025-09-02 03:40:00+00:00,23410.35,23412.95,23403.45,23412.35,329,170,0
2025-09-02 03:45:00+00:00,23412.35,23425.55,23411.45,23424.85,548,160,0
2025-09-02 03:50:00+00:00,23425.35,23426.75,23420.95,23422.35,374,170,0
2025-09-02 03:55:00+00:00,23422.25,23428.75,23422.25,23427.95,344,150,0
2025-09-02 04:00:00+00:00,23427.65,23435.15,23427.05,23432.85,509,150,0
2025-09-02 04:05:00+00:00,23432.35,23437.95,23431.25,23436.15,355,170,0
2025-09-02 04:10:00+00:00,23435.85,23438.25,23434.55,23437.25,235,150,0
2025-09-02 04:15:00+00:00,23437.25,23437.25,23430.75,23431.45,309,150,0
2025-09-02 04:20:00+00:00,23431.95,23433.45,23424.05,23424.15,354,150,0
2025-09-02 04:25:00+00:00,23424.05,23424.05,23417.15,23420.55,378,160,0
2025-09-02 04:30:00+00:00,23420.65,23426.35,23419.15,23422.35,496,160,0
2025-09-02 04:35:00+00:00,23422.35,23428.15,23420.55,23421.45,430,160,0
2025-09-02 04:40:00+00:00,23421.75,23424.25,23419.15,23422.15,384,160,0
2025-09-02 04:45:00+00:00,23422.25,23429.05,23421.75,23428.55,322,150,0
2025-09-02 04:50:00+00:00,23428.45,23428.75,23414.55,23414.55,394,150,0
2025-09-02 04:55:00+00:00,23414.25,23415.25,23392.85,23392.85,592,160,0
2025-09-02 05:00:00+00:00,23393.35,23398.95,23385.25,23393.65,713,180,0
2025-09-02 05:05:00+00:00,23393.95,23401.75,23393.35,23393.55,459,180,0
2025-09-02 05:10:00+00:00,23393.45,23398.45,23388.45,23388.55,393,180,0
2025-09-02 05:15:00+00:00,23388.45,23388.65,23373.05,23376.75,610,180,0
2025-09-02 05:20:00+00:00,23376.65,23383.85,23376.25,23382.55,480,180,0
2025-09-02 05:25:00+00:00,23382.85,23384.65,23374.45,23380.05,358,180,0
2025-09-02 05:30:00+00:00,23380.05,23380.85,23370.65,23373.15,399,170,0
2025-09-02 05:35:00+00:00,23373.35,23378.65,23370.55,23375.15,327,170,0
2025-09-02 05:40:00+00:00,23374.95,23377.95,23369.95,23377.35,335,170,0
2025-09-02 05:45:00+00:00,23377.45,23382.25,23373.85,23380.75,408,170,0
2025-09-02 05:50:00+00:00,23380.45,23386.45,23378.55,23379.65,392,160,0
2025-09-02 05:55:00+00:00,23379.35,23384.05,23376.95,23380.45,335,160,0
2025-09-02 06:00:00+00:00,23380.15,23385.05,23377.65,23379.65,345,160,0
2025-09-02 06:05:00+00:00,23379.85,23380.15,23372.35,23373.85,396,170,0
2025-09-02 06:10:00+00:00,23374.05,23378.95,23370.85,23377.15,379,160,0
2025-09-02 06:15:00+00:00,23376.95,23390.85,23376.65,23385.75,382,160,0
2025-09-02 06:20:00+00:00,23385.85,23387.45,23383.45,23387.45,290,160,0
2025-09-02 06:25:00+00:00,23387.55,23390.75,23386.05,23387.45,260,160,0
2025-09-02 06:30:00+00:00,23387.45,23388.15,23382.65,23384.25,267,150,0
2025-09-02 06:35:00+00:00,23384.25,23388.55,23384.05,23388.25,264,150,0
2025-09-02 06:40:00+00:00,23388.35,23392.85,23388.25,23390.95,277,150,0
2025-09-02 06:45:00+00:00,23390.75,23396.25,23390.75,23394.45,250,150,0
2025-09-02 06:50:00+00:00,23394.25,23395.45,23391.25,23394.45,196,150,0
2025-09-02 06:55:00+00:00,23394.55,23396.35,23391.85,23392.25,255,150,0
2025-09-02 07:00:00+00:00,23392.25,23395.45,23388.45,23394.75,277,150,0
2025-09-02 07:05:00+00:00,23394.95,23396.55,23393.75,23394.25,205,150,0
2025-09-02 07:10:00+00:00,23393.85,23398.05,23393.75,23396.75,147,150,0
2025-09-02 07:15:00+00:00,23396.55,23398.35,23396.55,23397.05,174,150,0
2025-09-02 07:20:00+00:00,23396.85,23400.25,23396.85,23400.25,138,150,0
2025-09-02 07:25:00+00:00,23400.25,23405.25,23399.05,23403.95,224,150,0
2025-09-02 07:30:00+00:00,23403.95,23404.25,23395.05,23395.85,225,150,0
2025-09-02 07:35:00+00:00,23396.25,23396.25,23382.65,23383.85,359,150,0
2025-09-02 07:40:00+00:00,23384.25,23389.75,23381.95,23388.95,242,150,0
2025-09-02 07:45:00+00:00,23389.25,23395.75,23388.95,23393.65,239,150,0
2025-09-02 07:50:00+00:00,23393.65,23397.75,23390.95,23396.95,223,150,0
2025-09-02 07:55:00+00:00,23397.05,23398.65,23391.65,23391.65,199,150,0
2025-09-02 08:00:00+00:00,23391.75,23393.45,23382.85,23383.45,450,150,0
2025-09-02 08:05:00+00:00,23382.85,23384.05,23363.45,23365.55,499,170,0
2025-09-02 08:10:00+00:00,23365.35,23375.75,23358.95,23369.55,525,180,0
2025-09-02 08:15:00+00:00,23369.15,23372.35,23364.15,23367.65,435,170,0
2025-09-02 08:20:00+00:00,23367.35,23374.45,23365.75,23368.85,358,170,0
2025-09-02 08:25:00+00:00,23369.15,23374.65,23367.75,23374.35,379,160,0
2025-09-02 08:30:00+00:00,23374.35,23379.35,23369.05,23378.35,439,170,0
2025-09-02 08:35:00+00:00,23378.55,23378.85,23361.75,23366.55,495,170,0
2025-09-02 08:40:00+00:00,23366.35,23372.15,23363.05,23367.65,389,170,0
2025-09-02 08:45:00+00:00,23368.25,23385.55,23366.65,23385.55,371,170,0
2025-09-02 08:50:00+00:00,23385.55,23390.45,23372.55,23374.05,379,170,0
2025-09-02 08:55:00+00:00,23373.55,23376.55,23367.35,23367.35,363,170,0
2025-09-02 09:00:00+00:00,23367.35,23380.85,23361.45,23380.55,568,170,0
2025-09-02 09:05:00+00:00,23380.65,23390.65,23375.55,23387.55,485,180,0
2025-09-02 09:10:00+00:00,23387.85,23389.05,23375.45,23383.25,481,180,0
2025-09-02 09:15:00+00:00,23383.15,23383.55,23376.85,23379.55,354,180,0
2025-09-02 09:20:00+00:00,23378.95,23382.85,23372.55,23381.85,345,180,0
2025-09-02 09:25:00+00:00,23382.05,23393.35,23377.15,23377.65,452,170,0
2025-09-02 09:30:00+00:00,23377.35,23392.15,23376.85,23390.55,541,170,0
2025-09-02 09:35:00+00:00,23390.25,23391.95,23386.45,23389.75,317,170,0
2025-09-02 09:40:00+00:00,23389.65,23393.65,23386.05,23390.85,329,170,0
2025-09-02 09:45:00+00:00,23390.35,23397.15,23388.35,23394.65,315,160,0
2025-09-02 09:50:00+00:00,23394.35,23396.25,23388.75,23391.85,316,160,0
2025-09-02 09:55:00+00:00,23392.15,23402.25,23391.65,23401.15,429,170,0
2025-09-02 10:00:00+00:00,23401.95,23405.45,23395.05,23401.45,980,170,0
2025-09-02 10:05:00+00:00,23401.45,23402.25,23380.45,23380.75,914,200,0
2025-09-02 10:10:00+00:00,23380.95,23380.95,23344.75,23345.75,1259,200,0
2025-09-02 10:15:00+00:00,23345.55,23360.05,23338.45,23356.45,1151,210,0
2025-09-02 10:20:00+00:00,23356.55,23358.45,23329.95,23332.95,1114,210,0
2025-09-02 10:25:00+00:00,23332.65,23367.35,23327.55,23366.45,1053,200,0
2025-09-02 10:30:00+00:00,23366.85,23376.45,23341.75,23341.75,1112,200,0
2025-09-02 10:35:00+00:00,23341.95,23345.15,23327.15,23330.45,1142,210,0
2025-09-02 10:40:00+00:00,23330.45,23333.15,23307.45,23307.45,1135,210,0
2025-09-02 10:45:00+00:00,23307.05,23317.75,23266.25,23266.25,1228,200,0
2025-09-02 10:50:00+00:00,23266.25,23270.25,23224.45,23236.45,1715,210,0
2025-09-02 10:55:00+00:00,23237.05,23247.05,23224.25,23232.15,1486,210,0
2025-09-02 11:00:00+00:00,23232.15,23273.95,23222.15,23266.15,1604,210,0
2025-09-02 11:05:00+00:00,23266.15,23270.45,23251.55,23264.65,1402,210,0
2025-09-02 11:10:00+00:00,23264.45,23268.65,23236.45,23242.45,1283,210,0
2025-09-02 11:15:00+00:00,23242.55,23274.15,23240.95,23268.15,1154,210,0
2025-09-02 11:20:00+00:00,23268.25,23279.45,23266.95,23267.45,946,200,0
2025-09-02 11:25:00+00:00,23267.35,23269.75,23260.75,23262.95,784,200,0
2025-09-02 11:30:00+00:00,23263.05,23267.75,23253.55,23256.35,814,190,0
2025-09-02 11:35:00+00:00,23256.55,23272.75,23255.75,23270.55,747,190,0
2025-09-02 11:40:00+00:00,23270.25,23287.65,23269.75,23283.55,743,180,0
2025-09-02 11:45:00+00:00,23282.25,23286.55,23272.55,23275.25,712,190,0
2025-09-02 11:50:00+00:00,23275.25,23275.85,23262.55,23269.75,636,180,0
2025-09-02 11:55:00+00:00,23270.05,23273.85,23259.55,23264.85,608,180,0
2025-09-02 12:00:00+00:00,23264.85,23275.25,23253.65,23271.65,742,180,0
2025-09-02 12:05:00+00:00,23271.75,23274.65,23263.55,23264.35,609,180,0
2025-09-02 12:10:00+00:00,23264.05,23269.75,23259.85,23265.55,591,180,0
2025-09-02 12:15:00+00:00,23265.05,23281.75,23264.05,23280.25,649,190,0
2025-09-02 12:20:00+00:00,23280.05,23285.55,23271.25,23272.55,554,170,0
2025-09-02 12:25:00+00:00,23272.35,23280.35,23271.85,23280.15,458,170,0
2025-09-02 12:30:00+00:00,23280.05,23283.15,23269.85,23275.35,514,170,0
2025-09-02 12:35:00+00:00,23275.65,23284.55,23275.05,23277.75,488,180,0
2025-09-02 12:40:00+00:00,23277.25,23279.25,23270.85,23270.85,511,170,0
2025-09-02 12:45:00+00:00,23270.65,23272.45,23251.55,23252.25,572,180,0
2025-09-02 12:50:00+00:00,23252.55,23264.55,23245.85,23247.25,629,180,0
2025-09-02 12:55:00+00:00,23246.85,23252.35,23245.65,23246.35,637,180,0
2025-09-02 13:00:00+00:00,23246.35,23251.05,23243.15,23249.15,613,180,0
2025-09-02 13:05:00+00:00,23249.55,23260.15,23243.55,23258.75,594,180,0
2025-09-02 13:10:00+00:00,23259.75,23265.45,23252.55,23254.85,534,170,0
2025-09-02 13:15:00+00:00,23254.25,23255.75,23234.35,23234.35,582,170,0
2025-09-02 13:20:00+00:00,23234.65,23240.85,23219.85,23220.95,825,180,0
2025-09-02 13:25:00+00:00,23221.95,23229.05,23202.95,23208.95,915,200,0
2025-09-02 13:30:00+00:00,23207.95,23217.25,23196.65,23208.45,937,210,0
2025-09-02 13:35:00+00:00,23208.15,23218.35,23207.15,23215.75,766,200,0
2025-09-02 13:40:00+00:00,23215.85,23216.75,23185.65,23211.15,969,190,0
2025-09-02 13:45:00+00:00,23210.75,23214.45,23202.95,23202.95,723,200,0
2025-09-02 13:50:00+00:00,23203.45,23208.35,23196.85,23202.95,761,190,0
2025-09-02 13:55:00+00:00,23202.75,23209.85,23196.55,23207.95,715,190,0
2025-09-02 14:00:00+00:00,23208.75,23214.35,23189.45,23189.55,1015,200,0
2025-09-02 14:05:00+00:00,23189.55,23193.55,23185.85,23187.35,743,190,0
2025-09-02 14:10:00+00:00,23187.55,23200.95,23177.75,23199.55,892,190,0
2025-09-02 14:15:00+00:00,23198.95,23206.75,23190.25,23191.15,871,190,0
2025-09-02 14:20:00+00:00,23191.05,23199.45,23183.05,23196.65,885,190,0
2025-09-02 14:25:00+00:00,23197.15,23205.15,23187.95,23188.75,718,200,0
2025-09-02 14:30:00+00:00,23188.95,23195.65,23181.55,23187.25,827,190,0
2025-09-02 14:35:00+00:00,23186.95,23195.35,23183.95,23186.25,748,190,0
2025-09-02 14:40:00+00:00,23186.75,23201.05,23186.05,23190.45,851,200,0
2025-09-02 14:45:00+00:00,23190.25,23199.55,23187.35,23189.25,783,200,0
2025-09-02 14:50:00+00:00,23189.25,23192.05,23173.75,23189.25,841,180,0
2025-09-02 14:55:00+00:00,23189.25,23190.95,23177.75,23179.25,788,190,0
2025-09-02 15:00:00+00:00,23179.05,23179.05,23142.75,23147.25,1233,190,0
2025-09-02 15:05:00+00:00,23146.45,23153.15,23130.65,23131.75,1130,210,0
2025-09-02 15:10:00+00:00,23132.15,23136.95,23119.95,23132.65,1152,210,0
2025-09-02 15:15:00+00:00,23132.45,23140.25,23124.65,23125.15,1125,210,0
2025-09-02 15:20:00+00:00,23125.05,23128.75,23113.45,23113.95,1071,200,0
2025-09-02 15:25:00+00:00,23113.65,23127.05,23110.95,23119.05,1060,200,0
2025-09-02 15:30:00+00:00,23119.45,23126.35,23104.05,23113.65,1104,200,0
2025-09-02 15:35:00+00:00,23113.45,23122.35,23095.65,23097.05,1202,200,0
2025-09-02 15:40:00+00:00,23096.75,23098.25,23074.95,23088.25,1331,210,0
2025-09-02 15:45:00+00:00,23088.15,23089.95,23071.55,23076.65,1197,210,0
2025-09-02 15:50:00+00:00,23076.25,23096.55,23025.55,23050.05,1221,200,0
2025-09-02 15:55:00+00:00,23049.75,23065.55,23031.95,23050.45,1673,210,0
2025-09-02 16:00:00+00:00,23050.45,23057.15,23032.95,23055.75,1570,210,0
2025-09-02 16:05:00+00:00,23056.25,23068.65,23047.55,23053.95,1424,210,0
2025-09-02 16:10:00+00:00,23053.65,23078.45,23048.95,23076.75,1190,200,0
2025-09-02 16:15:00+00:00,23075.55,23078.75,23064.95,23066.75,1053,200,0
2025-09-02 16:20:00+00:00,23066.85,23078.05,23061.85,23075.05,1069,200,0
2025-09-02 16:25:00+00:00,23075.25,23083.55,23044.15,23054.75,1497,200,0
2025-09-02 16:30:00+00:00,23054.55,23054.55,22980.25,23036.65,2001,120,0
2025-09-02 16:35:00+00:00,23036.35,23116.15,23034.15,23087.45,1989,120,0
2025-09-02 16:40:00+00:00,23087.85,23131.35,23082.35,23105.65,1922,120,0
2025-09-02 16:45:00+00:00,23105.15,23153.45,23092.45,23152.45,1862,120,0
2025-09-02 16:50:00+00:00,23152.75,23205.35,23145.65,23205.15,1902,120,0
2025-09-02 16:55:00+00:00,23204.85,23215.25,23179.73,23186.72,1824,120,0
2025-09-02 17:00:00+00:00,23186.72,23233.73,23174.15,23182.35,1915,120,0
2025-09-02 17:05:00+00:00,23182.35,23188.85,23159.45,23166.25,1835,120,0
2025-09-02 17:10:00+00:00,23166.75,23194.65,23151.15,23163.15,1902,120,0
2025-09-02 17:15:00+00:00,23163.25,23193.35,23142.75,23178.45,1857,120,0
2025-09-02 17:20:00+00:00,23178.35,23209.95,23155.95,23160.25,1890,120,0
2025-09-02 17:25:00+00:00,23160.25,23216.75,23151.15,23216.25,1875,120,0
2025-09-02 17:30:00+00:00,23216.35,23216.35,23180.35,23204.95,1857,120,0
2025-09-02 17:35:00+00:00,23205.45,23215.25,23172.45,23178.45,1803,120,0
2025-09-02 17:40:00+00:00,23179.45,23179.65,23133.25,23135.95,1854,120,0
2025-09-02 17:45:00+00:00,23136.45,23142.45,23097.75,23099.75,1797,120,0
2025-09-02 17:50:00+00:00,23100.15,23117.45,23090.45,23106.45,1731,120,0
2025-09-02 17:55:00+00:00,23105.85,23120.95,23091.35,23116.25,1704,120,0
2025-09-02 18:00:00+00:00,23116.35,23133.75,23096.85,23097.65,1693,120,0
2025-09-02 18:05:00+00:00,23097.65,23100.45,23079.95,23094.15,1649,120,0
2025-09-02 18:10:00+00:00,23094.25,23105.65,23077.75,23083.95,1634,120,0
2025-09-02 18:15:00+00:00,23084.15,23089.45,23051.95,23061.25,1604,120,0
2025-09-02 18:20:00+00:00,23061.45,23070.45,23050.75,23066.25,1588,120,0
2025-09-02 18:25:00+00:00,23065.95,23080.25,23061.95,23064.35,1578,120,0
2025-09-02 18:30:00+00:00,23064.45,23064.45,23042.45,23043.15,1452,80,0
2025-09-02 18:35:00+00:00,23043.05,23044.15,23009.75,23010.95,1625,80,0
2025-09-02 18:40:00+00:00,23010.75,23022.25,23005.65,23009.45,1484,120,0
2025-09-02 18:45:00+00:00,23009.65,23020.65,23002.95,23006.85,1397,80,0
2025-09-02 18:50:00+00:00,23006.85,23007.75,22981.75,22991.95,1526,80,0
2025-09-02 18:55:00+00:00,22991.75,23011.95,22983.95,23002.85,1454,110,0
2025-09-02 19:00:00+00:00,23002.65,23018.95,22996.45,22999.45,1437,90,0
2025-09-02 19:05:00+00:00,22999.45,23015.45,22993.05,22993.75,1422,80,0
2025-09-02 19:10:00+00:00,22994.05,23023.05,22993.55,23016.45,1355,80,0
2025-09-02 19:15:00+00:00,23016.15,23036.35,23015.45,23035.95,1292,80,0
2025-09-02 19:20:00+00:00,23035.95,23039.45,23026.05,23027.95,1227,80,0
2025-09-02 19:25:00+00:00,23027.95,23032.65,23015.95,23021.85,1243,80,0
2025-09-02 19:30:00+00:00,23021.95,23032.35,23021.35,23024.35,1186,80,0
2025-09-02 19:35:00+00:00,23024.15,23044.45,23022.15,23027.15,1234,80,0
2025-09-02 19:40:00+00:00,23027.65,23058.65,23027.65,23045.15,1248,80,0
2025-09-02 19:45:00+00:00,23045.35,23056.35,23026.45,23039.35,1265,80,0
2025-09-02 19:50:00+00:00,23039.65,23064.65,23036.45,23061.35,1263,80,0
2025-09-02 19:55:00+00:00,23061.35,23085.45,23060.95,23081.15,1269,80,0
2025-09-02 20:00:00+00:00,23081.45,23094.65,23078.65,23090.05,1306,80,0
2025-09-02 20:05:00+00:00,23089.65,23097.95,23082.45,23084.45,1209,80,0
2025-09-02 20:10:00+00:00,23084.65,23086.95,23059.05,23070.95,1257,80,0
2025-09-02 20:15:00+00:00,23070.95,23083.05,23067.15,23080.65,1207,80,0
2025-09-02 20:20:00+00:00,23081.15,23103.15,23080.45,23099.65,1130,80,0
2025-09-02 20:25:00+00:00,23099.55,23123.15,23099.05,23115.95,1157,80,0
2025-09-02 20:30:00+00:00,23115.65,23148.65,23115.65,23145.95,1220,80,0
2025-09-02 20:35:00+00:00,23145.95,23166.35,23141.65,23164.65,1272,80,0
2025-09-02 20:40:00+00:00,23164.15,23177.55,23158.35,23173.45,1276,80,0
2025-09-02 20:45:00+00:00,23173.35,23178.15,23164.85,23173.65,1245,80,0
2025-09-02 20:50:00+00:00,23174.15,23179.95,23150.15,23150.65,1242,80,0
2025-09-02 20:55:00+00:00,23150.45,23159.05,23142.45,23143.95,1278,80,0
2025-09-02 21:00:00+00:00,23143.95,23161.95,23141.45,23152.65,1214,80,0
2025-09-02 21:05:00+00:00,23152.45,23154.45,23131.65,23133.85,1309,80,0
2025-09-02 21:10:00+00:00,23133.65,23143.85,23130.65,23134.15,1302,80,0
2025-09-02 21:15:00+00:00,23134.15,23138.85,23120.65,23121.15,1104,80,0
2025-09-02 21:20:00+00:00,23120.85,23141.65,23117.75,23132.35,1151,80,0
2025-09-02 21:25:00+00:00,23131.55,23136.35,23116.65,23117.85,1094,80,0
2025-09-02 21:30:00+00:00,23117.75,23137.35,23117.15,23126.15,1177,80,0
2025-09-02 21:35:00+00:00,23126.05,23127.65,23115.65,23124.55,1079,80,0
2025-09-02 21:40:00+00:00,23124.35,23125.65,23111.85,23122.15,1089,80,0
2025-09-02 21:45:00+00:00,23122.25,23153.85,23117.15,23141.65,1229,80,0
2025-09-02 21:50:00+00:00,23141.35,23185.95,23140.15,23166.15,1557,80,0
2025-09-02 21:55:00+00:00,23166.35,23167.95,23138.75,23142.65,1348,110,0
2025-09-02 22:00:00+00:00,23142.95,23167.15,23142.95,23163.65,1432,120,0
2025-09-02 22:05:00+00:00,23163.15,23170.15,23154.45,23163.85,1159,80,0
2025-09-02 22:10:00+00:00,23165.15,23177.85,23156.65,23175.85,1139,80,0
2025-09-02 22:15:00+00:00,23175.85,23190.15,23169.15,23185.15,1118,80,0
2025-09-02 22:20:00+00:00,23184.35,23193.15,23176.15,23179.25,1177,80,0
2025-09-02 22:25:00+00:00,23179.25,23191.35,23174.25,23187.35,1171,80,0
2025-09-02 22:30:00+00:00,23187.35,23200.15,23184.05,23188.65,1135,80,0
2025-09-02 22:35:00+00:00,23187.85,23205.35,23184.65,23203.35,1108,80,0
2025-09-02 22:40:00+00:00,23203.15,23214.65,23197.15,23201.65,1171,80,0
2025-09-02 22:45:00+00:00,23201.65,23207.65,23189.55,23207.05,1107,80,0
2025-09-02 22:50:00+00:00,23206.85,23238.65,23198.75,23233.45,1540,80,0
2025-09-02 22:55:00+00:00,23233.45,23243.65,23215.55,23229.95,1531,110,0
2025-09-02 23:00:00+00:00,23230.45,23240.16,23223.06,23224.16,1039,120,0
2025-09-02 23:05:00+00:00,23228.06,23320.06,23227.16,23317.36,1360,218,0
2025-09-02 23:10:00+00:00,23317.26,23327.06,23290.86,23304.76,1517,228,0
2025-09-02 23:15:00+00:00,23305.56,23327.16,23294.36,23322.66,1455,228,0
2025-09-02 23:20:00+00:00,23322.26,23336.06,23313.06,23328.26,1425,228,0
2025-09-02 23:25:00+00:00,23328.36,23339.06,23319.06,23326.26,1329,228,0
2025-09-02 23:30:00+00:00,23326.26,23326.76,23313.96,23317.56,1058,218,0
2025-09-02 23:35:00+00:00,23317.66,23326.06,23315.06,23319.26,900,208,0
2025-09-02 23:40:00+00:00,23319.46,23321.56,23310.96,23319.46,882,198,0
2025-09-02 23:45:00+00:00,23319.76,23327.06,23318.66,23325.56,675,198,0
2025-09-03 01:05:00+00:00,23322.76,23324.66,23312.16,23313.86,450,188,0
2025-09-03 01:10:00+00:00,23315.16,23320.26,23310.16,23317.66,329,188,0
2025-09-03 01:15:00+00:00,23317.86,23331.56,23317.86,23318.26,494,178,0
2025-09-03 01:20:00+00:00,23318.46,23323.56,23313.36,23315.16,445,198,0
2025-09-03 01:25:00+00:00,23315.36,23317.46,23309.46,23313.86,370,188,0
2025-09-03 01:30:00+00:00,23314.16,23320.16,23305.36,23308.36,442,188,0
2025-09-03 01:35:00+00:00,23308.86,23322.86,23306.96,23321.86,342,198,0
2025-09-03 01:40:00+00:00,23321.36,23321.36,23307.16,23308.36,326,188,0
2025-09-03 01:45:00+00:00,23308.46,23314.26,23308.36,23310.96,224,168,0
2025-09-03 01:50:00+00:00,23311.66,23314.46,23300.76,23300.76,321,168,0
2025-09-03 01:55:00+00:00,23300.76,23301.26,23291.56,23296.96,334,198,0
2025-09-03 02:00:00+00:00,23297.16,23301.45,23296.55,23298.65,234,150,0
2025-09-03 02:05:00+00:00,23299.05,23301.15,23293.55,23297.15,269,150,0
2025-09-03 02:10:00+00:00,23297.55,23300.75,23295.75,23296.05,239,160,0
2025-09-03 02:15:00+00:00,23296.15,23300.35,23287.85,23287.85,183,160,0
2025-09-03 02:20:00+00:00,23287.95,23289.75,23282.75,23287.35,306,160,0
2025-09-03 02:25:00+00:00,23287.55,23293.95,23287.05,23293.35,188,150,0
2025-09-03 02:30:00+00:00,23293.55,23298.65,23290.85,23293.95,288,150,0
2025-09-03 02:35:00+00:00,23294.05,23295.05,23290.05,23292.55,194,160,0
2025-09-03 02:40:00+00:00,23292.85,23293.65,23288.15,23288.65,179,160,0
2025-09-03 02:45:00+00:00,23288.75,23290.95,23284.05,23286.25,249,160,0
2025-09-03 02:50:00+00:00,23286.05,23291.95,23283.65,23290.45,238,150,0
2025-09-03 02:55:00+00:00,23290.45,23291.35,23286.35,23290.25,245,170,0
2025-09-03 03:00:00+00:00,23290.05,23291.35,23281.65,23289.15,622,170,0
2025-09-03 03:05:00+00:00,23289.55,23291.15,23279.75,23280.95,443,170,0
2025-09-03 03:10:00+00:00,23281.45,23290.35,23280.95,23290.05,387,170,0
2025-09-03 03:15:00+00:00,23290.25,23294.05,23287.75,23293.45,433,170,0
2025-09-03 03:20:00+00:00,23292.65,23294.15,23283.25,23284.95,387,170,0
2025-09-03 03:25:00+00:00,23285.15,23292.45,23284.75,23291.95,372,180,0
2025-09-03 03:30:00+00:00,23291.95,23295.65,23282.55,23286.75,452,180,0
2025-09-03 03:35:00+00:00,23286.45,23291.55,23285.45,23290.95,322,170,0
2025-09-03 03:40:00+00:00,23290.95,23295.95,23287.95,23290.25,338,170,0
2025-09-03 03:45:00+00:00,23290.05,23290.05,23279.35,23281.55,466,170,0
2025-09-03 03:50:00+00:00,23281.45,23284.75,23273.75,23276.45,461,160,0
2025-09-03 03:55:00+00:00,23276.45,23288.55,23274.55,23287.45,445,170,0
2025-09-03 04:00:00+00:00,23286.45,23290.45,23282.75,23289.05,587,170,0
2025-09-03 04:05:00+00:00,23289.25,23290.25,23280.45,23287.75,385,170,0
2025-09-03 04:10:00+00:00,23287.95,23289.25,23280.25,23280.25,312,160,0
2025-09-03 04:15:00+00:00,23280.15,23284.05,23275.05,23277.45,503,160,0
2025-09-03 04:20:00+00:00,23277.55,23278.45,23272.85,23273.45,405,170,0
2025-09-03 04:25:00+00:00,23273.75,23277.25,23271.95,23274.25,292,160,0
2025-09-03 04:30:00+00:00,23274.65,23278.25,23268.25,23276.25,543,160,0
2025-09-03 04:35:00+00:00,23276.25,23277.45,23271.05,23274.25,383,170,0
2025-09-03 04:40:00+00:00,23273.95,23283.75,23273.55,23282.55,415,160,0
2025-09-03 04:45:00+00:00,23282.35,23289.55,23282.35,23286.95,421,160,0
2025-09-03 04:50:00+00:00,23286.35,23296.05,23284.85,23291.25,482,160,0
2025-09-03 04:55:00+00:00,23291.45,23292.85,23286.85,23292.85,339,150,0
2025-09-03 05:00:00+00:00,23292.55,23295.15,23286.45,23288.75,390,150,0
2025-09-03 05:05:00+00:00,23289.25,23289.25,23282.35,23285.25,371,160,0
2025-09-03 05:10:00+00:00,23285.75,23289.65,23284.65,23285.55,311,150,0
2025-09-03 05:15:00+00:00,23285.55,23290.55,23283.25,23289.05,286,150,0
2025-09-03 05:20:00+00:00,23288.95,23290.35,23285.85,23287.95,267,150,0
2025-09-03 05:25:00+00:00,23287.65,23288.35,23281.75,23285.25,274,150,0
2025-09-03 05:30:00+00:00,23285.35,23285.75,23270.55,23273.35,397,170,0
2025-09-03 05:35:00+00:00,23273.25,23274.95,23269.75,23271.85,329,160,0
2025-09-03 05:40:00+00:00,23271.55,23280.55,23269.45,23279.75,341,150,0
2025-09-03 05:45:00+00:00,23279.85,23284.55,23279.05,23281.75,289,160,0
2025-09-03 05:50:00+00:00,23281.65,23282.05,23277.25,23280.35,205,150,0
2025-09-03 05:55:00+00:00,23280.55,23281.25,23277.95,23277.95,258,150,0
2025-09-03 06:00:00+00:00,23277.95,23284.15,23276.55,23283.05,279,150,0
2025-09-03 06:05:00+00:00,23283.05,23288.95,23282.35,23286.95,265,150,0
2025-09-03 06:10:00+00:00,23286.65,23286.95,23277.65,23285.45,362,150,0
2025-09-03 06:15:00+00:00,23285.35,23285.85,23280.25,23284.35,357,170,0
2025-09-03 06:20:00+00:00,23284.25,23288.65,23282.05,23288.25,441,170,0
2025-09-03 06:25:00+00:00,23288.15,23288.15,23274.85,23281.25,329,160,0
2025-09-03 06:30:00+00:00,23281.05,23286.55,23280.05,23280.85,324,160,0
2025-09-03 06:35:00+00:00,23281.05,23282.05,23266.85,23267.35,347,150,0
2025-09-03 06:40:00+00:00,23267.35,23278.25,23255.85,23277.15,541,190,0
2025-09-03 06:45:00+00:00,23274.85,23277.85,23271.35,23277.05,392,170,0
2025-09-03 06:50:00+00:00,23277.25,23284.95,23275.85,23280.85,310,160,0
2025-09-03 06:55:00+00:00,23280.75,23281.85,23276.95,23280.35,336,170,0
2025-09-03 07:00:00+00:00,23280.25,23283.55,23277.35,23280.75,264,160,0
2025-09-03 07:05:00+00:00,23280.75,23284.55,23279.85,23281.85,197,150,0
2025-09-03 07:10:00+00:00,23281.85,23283.05,23275.55,23280.85,290,150,0
2025-09-03 07:15:00+00:00,23281.25,23287.55,23278.95,23287.35,201,150,0
2025-09-03 07:20:00+00:00,23287.35,23290.05,23285.35,23288.55,228,150,0
2025-09-03 07:25:00+00:00,23288.65,23290.75,23285.05,23289.85,188,150,0
2025-09-03 07:30:00+00:00,23290.05,23290.55,23286.35,23290.35,213,150,0
2025-09-03 07:35:00+00:00,23290.05,23291.95,23285.95,23286.05,197,150,0
2025-09-03 07:40:00+00:00,23286.35,23288.05,23284.55,23286.75,239,150,0
2025-09-03 07:45:00+00:00,23286.65,23286.65,23280.85,23283.95,225,150,0
2025-09-03 07:50:00+00:00,23283.85,23285.55,23281.35,23281.55,156,150,0
2025-09-03 07:55:00+00:00,23281.35,23289.05,23281.35,23287.65,165,150,0
2025-09-03 08:00:00+00:00,23287.45,23287.55,23280.15,23281.05,250,150,0
2025-09-03 08:05:00+00:00,23280.85,23280.85,23271.75,23276.45,359,160,0
2025-09-03 08:10:00+00:00,23276.25,23288.25,23276.25,23287.95,354,170,0
2025-09-03 08:15:00+00:00,23287.95,23290.25,23285.45,23289.25,262,160,0
2025-09-03 08:20:00+00:00,23289.35,23292.55,23278.35,23281.95,321,160,0
2025-09-03 08:25:00+00:00,23281.95,23281.95,23267.55,23274.45,469,170,0
2025-09-03 08:30:00+00:00,23274.45,23287.15,23274.45,23284.25,380,170,0
2025-09-03 08:35:00+00:00,23284.25,23286.95,23281.15,23285.85,299,160,0
2025-09-03 08:40:00+00:00,23285.45,23285.85,23277.45,23279.55,354,170,0
2025-09-03 08:45:00+00:00,23279.45,23280.85,23264.25,23265.15,384,170,0
2025-09-03 08:50:00+00:00,23265.15,23277.25,23265.15,23274.35,398,170,0
2025-09-03 08:55:00+00:00,23274.05,23276.75,23268.25,23272.75,317,170,0
2025-09-03 09:00:00+00:00,23272.95,23272.95,23265.75,23266.85,530,180,0
2025-09-03 09:05:00+00:00,23266.15,23286.95,23266.15,23285.05,509,180,0
2025-09-03 09:10:00+00:00,23285.15,23294.25,23284.55,23289.15,450,180,0
2025-09-03 09:15:00+00:00,23289.05,23291.45,23283.55,23290.05,446,170,0
2025-09-03 09:20:00+00:00,23289.45,23299.35,23288.55,23297.25,396,160,0
2025-09-03 09:25:00+00:00,23297.45,23311.95,23296.95,23310.95,451,170,0
2025-09-03 09:30:00+00:00,23310.95,23321.15,23309.95,23316.65,488,170,0
2025-09-03 09:35:00+00:00,23316.85,23317.15,23306.75,23312.15,431,170,0
2025-09-03 09:40:00+00:00,23312.45,23315.85,23309.25,23314.25,336,160,0
2025-09-03 09:45:00+00:00,23314.05,23316.75,23306.75,23307.35,406,160,0
2025-09-03 09:50:00+00:00,23307.25,23311.15,23297.25,23297.35,511,170,0
2025-09-03 09:55:00+00:00,23296.75,23304.15,23292.85,23300.65,499,180,0
2025-09-03 10:00:00+00:00,23301.55,23317.95,23297.25,23316.85,1032,180,0
2025-09-03 10:05:00+00:00,23317.05,23317.15,23300.25,23304.85,852,190,0
2025-09-03 10:10:00+00:00,23303.95,23306.65,23296.55,23303.45,721,180,0
2025-09-03 10:15:00+00:00,23303.45,23307.35,23280.15,23281.85,956,180,0
2025-09-03 10:20:00+00:00,23281.65,23304.85,23276.15,23302.85,954,200,0
2025-09-03 10:25:00+00:00,23302.85,23315.65,23296.65,23311.65,835,190,0
2025-09-03 10:30:00+00:00,23311.35,23319.15,23301.15,23302.95,809,190,0
2025-09-03 10:35:00+00:00,23302.95,23319.95,23302.05,23316.15,726,190,0
2025-09-03 10:40:00+00:00,23316.15,23319.95,23308.65,23314.05,577,180,0
2025-09-03 10:45:00+00:00,23313.65,23327.25,23313.55,23325.55,585,180,0
2025-09-03 10:50:00+00:00,23324.05,23335.55,23321.15,23333.45,667,180,0
2025-09-03 10:55:00+00:00,23332.75,23338.55,23330.25,23332.15,580,180,0
2025-09-03 11:00:00+00:00,23331.95,23347.75,23326.15,23345.15,876,180,0
2025-09-03 11:05:00+00:00,23345.25,23359.75,23340.25,23359.75,691,190,0
2025-09-03 11:10:00+00:00,23359.65,23370.45,23352.85,23368.35,850,190,0
2025-09-03 11:15:00+00:00,23368.35,23382.25,23366.75,23381.75,744,180,0
2025-09-03 11:20:00+00:00,23381.75,23387.15,23372.95,23376.35,813,180,0
2025-09-03 11:25:00+00:00,23376.65,23377.65,23369.45,23375.25,659,180,0
2025-09-03 11:30:00+00:00,23375.15,23376.35,23362.75,23365.35,723,180,0
2025-09-03 11:35:00+00:00,23365.85,23367.05,23354.75,23361.35,650,190,0
2025-09-03 11:40:00+00:00,23360.35,23365.15,23358.15,23362.45,450,170,0
2025-09-03 11:45:00+00:00,23362.45,23366.95,23359.45,23364.75,481,170,0
2025-09-03 11:50:00+00:00,23364.45,23365.75,23358.85,23365.25,384,170,0
2025-09-03 11:55:00+00:00,23364.75,23375.75,23363.45,23374.95,499,160,0
2025-09-03 12:00:00+00:00,23375.65,23381.55,23367.35,23370.75,617,180,0
2025-09-03 12:05:00+00:00,23370.45,23370.45,23358.65,23360.15,609,180,0
2025-09-03 12:10:00+00:00,23360.45,23362.75,23356.75,23357.25,465,170,0
2025-09-03 12:15:00+00:00,23357.05,23371.75,23354.75,23369.75,495,170,0
2025-09-03 12:20:00+00:00,23369.95,23381.85,23369.35,23380.35,415,160,0
2025-09-03 12:25:00+00:00,23380.55,23385.85,23378.05,23382.65,371,150,0
2025-09-03 12:30:00+00:00,23382.65,23384.05,23373.05,23379.65,520,160,0
2025-09-03 12:35:00+00:00,23380.55,23390.95,23378.05,23389.85,489,170,0
2025-09-03 12:40:00+00:00,23389.55,23400.35,23389.45,23396.35,576,160,0
2025-09-03 12:45:00+00:00,23396.35,23398.05,23388.45,23391.45,522,170,0
2025-09-03 12:50:00+00:00,23391.95,23397.45,23388.45,23396.55,460,170,0
2025-09-03 12:55:00+00:00,23395.95,23396.35,23389.05,23394.05,455,160,0
2025-09-03 13:00:00+00:00,23393.75,23397.75,23388.85,23393.45,492,170,0
2025-09-03 13:05:00+00:00,23394.85,23396.75,23386.35,23387.55,462,170,0
2025-09-03 13:10:00+00:00,23387.85,23390.85,23383.05,23387.25,541,170,0
2025-09-03 13:15:00+00:00,23386.15,23389.75,23379.05,23386.75,489,170,0
2025-09-03 13:20:00+00:00,23386.65,23389.85,23384.55,23389.45,421,170,0
2025-09-03 13:25:00+00:00,23389.75,23396.25,23386.85,23396.05,413,160,0
2025-09-03 13:30:00+00:00,23396.15,23404.05,23392.55,23392.65,573,160,0
2025-09-03 13:35:00+00:00,23392.55,23392.75,23384.25,23391.75,551,170,0
2025-09-03 13:40:00+00:00,23392.75,23393.75,23386.75,23390.55,406,160,0
2025-09-03 13:45:00+00:00,23390.55,23395.05,23388.05,23393.55,448,160,0
2025-09-03 13:50:00+00:00,23394.15,23398.35,23389.65,23397.55,444,160,0
2025-09-03 13:55:00+00:00,23397.45,23400.05,23394.05,23397.45,570,170,0
2025-09-03 14:00:00+00:00,23396.15,23408.15,23394.95,23407.25,684,180,0
2025-09-03 14:05:00+00:00,23407.65,23411.45,23398.55,23403.15,697,180,0
2025-09-03 14:10:00+00:00,23403.05,23414.25,23401.95,23403.15,576,180,0
2025-09-03 14:15:00+00:00,23403.65,23403.95,23392.65,23397.05,598,180,0
2025-09-03 14:20:00+00:00,23397.65,23401.85,23391.85,23396.55,503,170,0
2025-09-03 14:25:00+00:00,23396.95,23396.95,23379.75,23379.95,620,170,0
2025-09-03 14:30:00+00:00,23380.65,23386.75,23364.15,23386.25,901,180,0
2025-09-03 14:35:00+00:00,23386.35,23397.35,23386.35,23390.75,720,190,0
2025-09-03 14:40:00+00:00,23390.75,23405.95,23386.15,23403.15,780,190,0
2025-09-03 14:45:00+00:00,23403.05,23405.25,23389.45,23390.55,654,180,0
2025-09-03 14:50:00+00:00,23390.65,23394.45,23386.05,23388.65,613,180,0
2025-09-03 14:55:00+00:00,23388.65,23388.65,23366.15,23371.85,732,180,0
2025-09-03 15:00:00+00:00,23374.55,23396.05,23374.55,23391.55,872,200,0
2025-09-03 15:05:00+00:00,23391.55,23396.75,23387.05,23389.65,641,180,0
2025-09-03 15:10:00+00:00,23389.65,23401.25,23387.85,23400.35,725,180,0
2025-09-03 15:15:00+00:00,23400.45,23403.55,23397.45,23400.65,671,180,0
2025-09-03 15:20:00+00:00,23400.25,23403.75,23387.95,23389.15,720,180,0
2025-09-03 15:25:00+00:00,23389.55,23396.95,23386.25,23392.35,758,180,0
2025-09-03 15:30:00+00:00,23392.25,23393.35,23356.15,23362.25,1089,190,0
2025-09-03 15:35:00+00:00,23361.55,23385.85,23361.55,23384.85,998,200,0
2025-09-03 15:40:00+00:00,23384.65,23391.95,23377.25,23383.25,932,190,0
2025-09-03 15:45:00+00:00,23383.35,23388.65,23377.55,23384.65,876,190,0
2025-09-03 15:50:00+00:00,23385.15,23387.25,23378.95,23379.15,787,180,0
2025-09-03 15:55:00+00:00,23379.65,23386.15,23376.25,23378.75,845,180,0
2025-09-03 16:00:00+00:00,23378.65,23390.05,23371.35,23387.55,956,190,0
2025-09-03 16:05:00+00:00,23387.55,23401.25,23386.45,23395.35,999,180,0
2025-09-03 16:10:00+00:00,23395.15,23408.05,23394.45,23406.75,835,180,0
2025-09-03 16:15:00+00:00,23406.75,23408.75,23396.15,23405.95,969,180,0
2025-09-03 16:20:00+00:00,23406.75,23412.75,23392.25,23393.65,849,170,0
2025-09-03 16:25:00+00:00,23393.75,23400.25,23377.35,23379.85,1286,180,0
2025-09-03 16:30:00+00:00,23379.35,23393.55,23336.45,23353.05,1970,80,0
2025-09-03 16:35:00+00:00,23353.95,23375.25,23328.55,23350.95,1960,120,0
2025-09-03 16:40:00+00:00,23350.45,23364.05,23331.85,23352.95,1869,120,0
2025-09-03 16:45:00+00:00,23352.45,23367.25,23326.35,23361.05,1903,120,0
2025-09-03 16:50:00+00:00,23360.55,23386.75,23353.85,23362.85,1890,120,0
2025-09-03 16:55:00+00:00,23362.85,23368.35,23331.55,23338.24,1782,120,0
2025-09-03 17:00:00+00:00,23338.14,23406.05,23329.44,23392.85,1812,120,0
2025-09-03 17:05:00+00:00,23392.85,23415.95,23381.75,23390.25,1783,120,0
2025-09-03 17:10:00+00:00,23390.05,23407.85,23339.95,23347.95,1864,120,0
2025-09-03 17:15:00+00:00,23347.95,23401.75,23347.95,23399.05,1887,120,0
2025-09-03 17:20:00+00:00,23399.05,23412.35,23389.45,23407.95,1770,120,0
2025-09-03 17:25:00+00:00,23407.55,23427.85,23387.85,23389.95,1792,120,0
2025-09-03 17:30:00+00:00,23389.75,23432.75,23388.95,23431.95,1741,120,0
2025-09-03 17:35:00+00:00,23431.75,23441.75,23427.25,23437.55,1645,120,0
2025-09-03 17:40:00+00:00,23437.55,23471.55,23436.85,23463.75,1563,120,0
2025-09-03 17:45:00+00:00,23463.75,23479.35,23453.85,23473.05,1536,110,0
2025-09-03 17:50:00+00:00,23473.25,23481.75,23455.25,23467.05,1476,80,0
2025-09-03 17:55:00+00:00,23467.25,23471.75,23458.05,23465.55,1358,80,0
2025-09-03 18:00:00+00:00,23465.55,23472.75,23455.05,23464.95,1466,80,0
2025-09-03 18:05:00+00:00,23464.95,23471.45,23447.55,23463.25,1421,80,0
2025-09-03 18:10:00+00:00,23463.35,23469.05,23446.45,23448.25,1415,80,0
2025-09-03 18:15:00+00:00,23448.55,23452.45,23432.15,23440.75,1424,80,0
2025-09-03 18:20:00+00:00,23439.75,23444.75,23413.25,23426.95,1468,80,0
2025-09-03 18:25:00+00:00,23426.45,23427.25,23377.55,23380.85,1539,80,0
2025-09-03 18:30:00+00:00,23380.85,23387.85,23363.05,23371.55,1644,120,0
2025-09-03 18:35:00+00:00,23371.85,23395.35,23371.35,23394.55,1506,120,0
2025-09-03 18:40:00+00:00,23394.85,23403.05,23383.35,23386.35,1346,100,0
2025-09-03 18:45:00+00:00,23386.35,23390.05,23365.85,23381.75,1470,120,0
2025-09-03 18:50:00+00:00,23381.55,23395.05,23369.85,23385.55,1407,120,0
2025-09-03 18:55:00+00:00,23385.35,23385.55,23361.35,23371.75,1415,80,0
2025-09-03 19:00:00+00:00,23371.75,23378.95,23358.75,23368.85,1478,80,0
2025-09-03 19:05:00+00:00,23369.35,23393.25,23365.05,23389.95,1395,80,0
2025-09-03 19:10:00+00:00,23389.55,23394.25,23376.25,23382.45,1392,80,0
2025-09-03 19:15:00+00:00,23382.25,23398.95,23376.55,23398.25,1219,80,0
2025-09-03 19:20:00+00:00,23398.45,23420.25,23391.05,23391.05,1345,80,0
2025-09-03 19:25:00+00:00,23391.05,23403.05,23377.45,23389.85,1446,80,0
2025-09-03 19:30:00+00:00,23390.35,23395.05,23381.55,23389.05,1317,80,0
2025-09-03 19:35:00+00:00,23389.25,23394.95,23377.65,23378.75,1249,80,0
2025-09-03 19:40:00+00:00,23378.75,23378.75,23353.15,23368.45,1433,80,0
2025-09-03 19:45:00+00:00,23368.55,23376.55,23355.25,23360.75,1259,80,0
2025-09-03 19:50:00+00:00,23361.05,23367.55,23348.25,23355.45,1375,80,0
2025-09-03 19:55:00+00:00,23355.95,23375.45,23355.95,23367.05,1293,80,0
2025-09-03 20:00:00+00:00,23367.75,23391.25,23366.05,23382.75,1298,80,0
2025-09-03 20:05:00+00:00,23382.25,23392.75,23380.25,23384.75,1136,80,0
2025-09-03 20:10:00+00:00,23385.05,23414.95,23385.05,23402.05,1205,80,0
2025-09-03 20:15:00+00:00,23401.75,23418.25,23401.75,23407.05,1099,80,0
2025-09-03 20:20:00+00:00,23407.05,23412.25,23391.55,23391.95,1133,80,0
2025-09-03 20:25:00+00:00,23391.75,23391.95,23371.05,23383.05,1289,80,0
2025-09-03 20:30:00+00:00,23382.75,23391.25,23365.55,23366.65,1177,80,0
2025-09-03 20:35:00+00:00,23366.75,23372.45,23360.45,23361.05,1264,80,0
2025-09-03 20:40:00+00:00,23360.55,23366.55,23331.55,23333.75,1268,80,0
2025-09-03 20:45:00+00:00,23334.55,23346.85,23303.35,23343.35,1644,80,0
2025-09-03 20:50:00+00:00,23343.55,23357.45,23333.35,23337.25,1436,80,0
2025-09-03 20:55:00+00:00,23337.25,23342.25,23311.95,23322.45,1436,110,0
2025-09-03 21:00:00+00:00,23322.95,23323.45,23296.05,23304.15,1662,120,0
2025-09-03 21:05:00+00:00,23303.65,23312.45,23290.15,23307.15,1593,120,0
2025-09-03 21:10:00+00:00,23307.65,23322.15,23299.85,23315.45,1474,120,0
2025-09-03 21:15:00+00:00,23316.15,23316.15,23295.95,23299.95,1561,120,0
2025-09-03 21:20:00+00:00,23300.05,23308.35,23287.85,23294.45,1444,120,0
2025-09-03 21:25:00+00:00,23295.05,23313.15,23290.85,23306.45,1395,90,0
2025-09-03 21:30:00+00:00,23306.45,23306.45,23282.45,23295.95,1450,100,0
2025-09-03 21:35:00+00:00,23295.95,23298.45,23276.65,23278.85,1410,80,0
2025-09-03 21:40:00+00:00,23279.15,23309.25,23277.35,23307.45,1332,80,0
2025-09-03 21:45:00+00:00,23305.75,23314.85,23294.85,23296.15,1251,80,0
2025-09-03 21:50:00+00:00,23295.55,23304.85,23287.15,23300.15,1238,80,0
2025-09-03 21:55:00+00:00,23300.15,23306.85,23292.85,23299.85,1181,80,0
2025-09-03 22:00:00+00:00,23299.85,23305.25,23288.35,23297.55,1136,80,0
2025-09-03 22:05:00+00:00,23298.15,23316.85,23298.15,23303.15,1222,80,0
2025-09-03 22:10:00+00:00,23303.35,23303.65,23290.65,23293.35,1103,80,0
2025-09-03 22:15:00+00:00,23293.65,23307.65,23290.15,23306.15,1072,80,0
2025-09-03 22:20:00+00:00,23305.65,23311.65,23298.35,23309.55,1057,80,0
2025-09-03 22:25:00+00:00,23309.65,23318.25,23306.65,23311.15,1029,80,0
2025-09-03 22:30:00+00:00,23310.35,23332.75,23310.35,23331.35,1077,80,0
2025-09-03 22:35:00+00:00,23331.65,23342.15,23328.35,23338.35,1171,80,0
2025-09-03 22:40:00+00:00,23338.35,23357.15,23336.35,23354.35,1003,80,0
2025-09-03 22:45:00+00:00,23354.65,23368.75,23348.85,23364.75,1174,80,0
2025-09-03 22:50:00+00:00,23371.15,23390.65,23371.15,23385.15,1421,80,0
2025-09-03 22:55:00+00:00,23385.05,23412.15,23374.95,23407.45,1441,110,0
2025-09-03 23:00:00+00:00,23409.05,23425.36,23409.05,23415.36,1228,120,0
2025-09-03 23:05:00+00:00,23415.76,23420.46,23408.36,23415.16,756,198,0
2025-09-03 23:10:00+00:00,23415.56,23416.26,23408.56,23411.66,560,188,0
2025-09-03 23:15:00+00:00,23410.76,23411.56,23404.66,23410.86,412,178,0
2025-09-03 23:20:00+00:00,23410.86,23417.36,23409.36,23416.86,362,178,0
2025-09-03 23:25:00+00:00,23417.36,23423.76,23417.36,23422.36,304,168,0
2025-09-03 23:30:00+00:00,23422.16,23428.56,23421.86,23423.86,276,168,0
2025-09-03 23:35:00+00:00,23423.86,23424.76,23417.46,23417.96,270,168,0
2025-09-03 23:40:00+00:00,23417.66,23419.66,23415.66,23417.36,277,168,0
2025-09-03 23:45:00+00:00,23417.16,23418.36,23414.96,23414.96,213,168,0
2025-09-04 01:05:00+00:00,23401.86,23408.16,23399.16,23406.76,264,188,0
2025-09-04 01:10:00+00:00,23406.96,23412.16,23404.96,23408.06,282,178,0
2025-09-04 01:15:00+00:00,23407.76,23411.56,23403.16,23406.46,267,178,0
2025-09-04 01:20:00+00:00,23406.46,23410.46,23397.76,23397.76,290,178,0
2025-09-04 01:25:00+00:00,23397.96,23399.96,23396.26,23396.76,225,178,0
2025-09-04 01:30:00+00:00,23396.76,23401.46,23396.66,23397.66,228,168,0
2025-09-04 01:35:00+00:00,23397.76,23399.86,23395.66,23396.96,149,168,0
2025-09-04 01:40:00+00:00,23396.56,23397.86,23394.06,23394.36,155,168,0
2025-09-04 01:45:00+00:00,23394.46,23395.46,23392.46,23394.26,147,168,0
2025-09-04 01:50:00+00:00,23395.06,23396.76,23393.86,23396.46,130,168,0
2025-09-04 01:55:00+00:00,23396.06,23398.96,23392.36,23392.46,147,168,0
2025-09-04 02:00:00+00:00,23392.56,23402.65,23392.55,23400.25,237,150,0
2025-09-04 02:05:00+00:00,23400.25,23405.35,23399.55,23402.65,187,160,0
2025-09-04 02:10:00+00:00,23403.15,23410.95,23402.65,23410.45,181,150,0
2025-09-04 02:15:00+00:00,23410.45,23414.65,23405.15,23407.05,200,150,0
2025-09-04 02:20:00+00:00,23406.65,23409.45,23403.45,23407.25,180,150,0
2025-09-04 02:25:00+00:00,23407.05,23409.15,23404.15,23404.15,101,150,0
2025-09-04 02:30:00+00:00,23404.45,23405.65,23396.75,23396.95,211,150,0
2025-09-04 02:35:00+00:00,23396.85,23398.85,23394.05,23398.55,145,150,0
2025-09-04 02:40:00+00:00,23399.15,23400.15,23392.55,23392.65,163,150,0
2025-09-04 02:45:00+00:00,23392.65,23394.15,23390.55,23392.55,195,150,0
2025-09-04 02:50:00+00:00,23391.95,23399.45,23391.95,23395.05,268,150,0
2025-09-04 02:55:00+00:00,23394.85,23396.65,23393.55,23395.95,167,150,0
2025-09-04 03:00:00+00:00,23395.95,23425.95,23389.15,23424.95,786,150,0
2025-09-04 03:05:00+00:00,23425.15,23433.35,23422.15,23425.15,706,190,0
2025-09-04 03:10:00+00:00,23424.75,23434.25,23418.85,23432.55,582,180,0
2025-09-04 03:15:00+00:00,23432.65,23456.65,23427.65,23455.55,539,170,0
2025-09-04 03:20:00+00:00,23455.65,23472.35,23452.85,23453.75,858,210,0
2025-09-04 03:25:00+00:00,23453.65,23462.45,23446.85,23454.85,583,200,0
2025-09-04 03:30:00+00:00,23453.85,23464.15,23452.45,23464.15,468,180,0
2025-09-04 03:35:00+00:00,23464.25,23470.25,23462.05,23464.45,491,180,0
2025-09-04 03:40:00+00:00,23464.55,23469.95,23459.75,23462.25,425,180,0
2025-09-04 03:45:00+00:00,23462.35,23463.55,23452.75,23458.55,465,180,0
2025-09-04 03:50:00+00:00,23458.25,23465.25,23457.25,23464.75,453,180,0
2025-09-04 03:55:00+00:00,23464.75,23464.95,23455.75,23461.75,374,170,0
2025-09-04 04:00:00+00:00,23460.75,23466.95,23454.75,23463.85,634,180,0
2025-09-04 04:05:00+00:00,23463.95,23465.75,23454.75,23463.65,481,180,0
2025-09-04 04:10:00+00:00,23463.75,23466.75,23455.25,23455.25,444,170,0
2025-09-04 04:15:00+00:00,23454.55,23462.35,23452.55,23461.05,417,170,0
2025-09-04 04:20:00+00:00,23461.25,23463.25,23449.85,23451.25,458,170,0
2025-09-04 04:25:00+00:00,23451.05,23455.75,23447.55,23450.95,434,170,0
2025-09-04 04:30:00+00:00,23451.05,23458.25,23449.95,23451.05,546,170,0
2025-09-04 04:35:00+00:00,23451.15,23456.25,23443.55,23446.75,539,170,0
2025-09-04 04:40:00+00:00,23447.45,23456.65,23446.45,23455.85,418,170,0
2025-09-04 04:45:00+00:00,23456.05,23459.05,23445.45,23447.05,409,170,0
2025-09-04 04:50:00+00:00,23447.05,23451.85,23446.35,23446.85,278,160,0
2025-09-04 04:55:00+00:00,23446.65,23456.55,23442.85,23455.55,392,160,0
2025-09-04 05:00:00+00:00,23455.75,23473.95,23455.45,23471.65,554,170,0
2025-09-04 05:05:00+00:00,23470.45,23489.75,23467.55,23482.05,523,170,0
2025-09-04 05:10:00+00:00,23481.55,23482.15,23473.45,23480.75,493,180,0
2025-09-04 05:15:00+00:00,23480.25,23481.05,23474.75,23477.15,383,160,0
2025-09-04 05:20:00+00:00,23476.65,23476.85,23471.05,23472.85,340,160,0
2025-09-04 05:25:00+00:00,23470.95,23471.85,23455.95,23455.95,381,160,0
2025-09-04 05:30:00+00:00,23454.85,23459.25,23448.65,23459.25,427,170,0
2025-09-04 05:35:00+00:00,23459.25,23465.05,23455.05,23460.55,363,170,0
2025-09-04 05:40:00+00:00,23459.85,23460.55,23455.85,23457.05,291,170,0
2025-09-04 05:45:00+00:00,23457.35,23460.75,23454.85,23459.15,303,160,0
2025-09-04 05:50:00+00:00,23459.35,23459.65,23446.35,23447.55,393,160,0
2025-09-04 05:55:00+00:00,23447.95,23451.45,23433.55,23438.25,442,160,0
2025-09-04 06:00:00+00:00,23438.25,23440.15,23431.75,23433.35,436,170,0
2025-09-04 06:05:00+00:00,23432.55,23433.55,23427.25,23431.55,361,160,0
2025-09-04 06:10:00+00:00,23431.55,23437.25,23431.55,23435.55,329,170,0
2025-09-04 06:15:00+00:00,23435.75,23438.05,23433.55,23436.65,276,160,0
2025-09-04 06:20:00+00:00,23436.55,23441.65,23432.85,23433.55,328,160,0
2025-09-04 06:25:00+00:00,23434.65,23436.55,23426.05,23427.35,295,160,0
2025-09-04 06:30:00+00:00,23427.45,23429.95,23418.25,23418.55,396,170,0
2025-09-04 06:35:00+00:00,23418.35,23422.35,23416.95,23420.55,336,170,0
2025-09-04 06:40:00+00:00,23420.35,23424.35,23416.85,23424.35,244,160,0
2025-09-04 06:45:00+00:00,23424.15,23427.05,23422.55,23426.85,238,160,0
2025-09-04 06:50:00+00:00,23426.85,23428.85,23422.05,23423.85,248,150,0
2025-09-04 06:55:00+00:00,23423.15,23427.85,23421.15,23426.85,202,150,0
2025-09-04 07:00:00+00:00,23426.65,23437.55,23426.65,23436.55,385,150,0
2025-09-04 07:05:00+00:00,23436.15,23438.75,23433.35,23436.35,277,160,0
2025-09-04 07:10:00+00:00,23436.35,23449.65,23436.35,23445.55,333,170,0
2025-09-04 07:15:00+00:00,23445.45,23449.85,23445.05,23448.85,217,160,0
2025-09-04 07:20:00+00:00,23448.65,23451.65,23445.65,23448.95,202,150,0
2025-09-04 07:25:00+00:00,23449.05,23452.45,23448.35,23449.65,211,150,0
2025-09-04 07:30:00+00:00,23449.25,23451.15,23447.05,23448.65,210,150,0
2025-09-04 07:35:00+00:00,23448.95,23449.85,23445.15,23448.45,210,150,0
2025-09-04 07:40:00+00:00,23448.15,23448.95,23441.65,23442.15,204,150,0
2025-09-04 07:45:00+00:00,23441.95,23449.95,23441.95,23446.15,228,150,0
2025-09-04 07:50:00+00:00,23446.45,23449.55,23446.45,23448.45,146,150,0
2025-09-04 07:55:00+00:00,23448.45,23450.05,23446.45,23448.55,152,150,0
2025-09-04 08:00:00+00:00,23448.55,23450.35,23444.65,23444.65,274,160,0
2025-09-04 08:05:00+00:00,23444.65,23449.35,23441.85,23448.85,280,160,0
2025-09-04 08:10:00+00:00,23448.85,23451.05,23447.05,23448.85,281,160,0
2025-09-04 08:15:00+00:00,23448.15,23458.95,23446.85,23457.05,356,160,0
2025-09-04 08:20:00+00:00,23457.25,23460.35,23424.55,23425.45,452,160,0
2025-09-04 08:25:00+00:00,23425.25,23431.75,23423.05,23429.35,501,170,0
2025-09-04 08:30:00+00:00,23430.45,23437.45,23428.05,23432.05,389,170,0
2025-09-04 08:35:00+00:00,23432.05,23438.05,23427.25,23429.25,375,170,0
2025-09-04 08:40:00+00:00,23429.25,23433.95,23426.15,23426.55,316,160,0
2025-09-04 08:45:00+00:00,23427.05,23427.85,23422.95,23426.05,299,160,0
2025-09-04 08:50:00+00:00,23425.85,23428.85,23417.95,23428.55,352,160,0
2025-09-04 08:55:00+00:00,23428.55,23429.45,23421.25,23426.45,314,170,0
2025-09-04 09:00:00+00:00,23425.55,23434.25,23424.75,23428.75,470,170,0
2025-09-04 09:05:00+00:00,23428.75,23438.15,23427.25,23438.15,479,180,0
2025-09-04 09:10:00+00:00,23438.45,23438.45,23427.55,23428.55,468,170,0
2025-09-04 09:15:00+00:00,23428.35,23428.45,23418.15,23428.25,456,170,0
2025-09-04 09:20:00+00:00,23428.45,23431.55,23421.05,23425.45,407,180,0
2025-09-04 09:25:00+00:00,23425.45,23427.45,23419.25,23423.85,415,170,0
2025-09-04 09:30:00+00:00,23423.95,23430.05,23419.05,23429.65,466,170,0
2025-09-04 09:35:00+00:00,23429.25,23439.65,23426.75,23426.85,446,180,0
2025-09-04 09:40:00+00:00,23426.75,23431.55,23424.45,23430.85,359,170,0
2025-09-04 09:45:00+00:00,23430.35,23436.75,23428.05,23436.35,310,160,0
2025-09-04 09:50:00+00:00,23436.55,23437.55,23424.35,23426.55,348,160,0
2025-09-04 09:55:00+00:00,23426.85,23426.95,23410.65,23411.25,492,170,0
2025-09-04 10:00:00+00:00,23410.45,23440.65,23408.95,23434.65,1190,180,0
2025-09-04 10:05:00+00:00,23434.15,23443.85,23428.85,23441.65,844,190,0
2025-09-04 10:10:00+00:00,23441.75,23445.95,23438.75,23444.25,607,180,0
2025-09-04 10:15:00+00:00,23443.15,23455.15,23439.95,23452.75,667,180,0
2025-09-04 10:20:00+00:00,23452.95,23452.95,23436.55,23438.25,664,180,0
2025-09-04 10:25:00+00:00,23438.15,23440.25,23434.45,23437.05,579,180,0
2025-09-04 10:30:00+00:00,23436.95,23447.25,23431.75,23447.25,601,170,0
2025-09-04 10:35:00+00:00,23447.05,23463.35,23443.65,23444.05,779,180,0
2025-09-04 10:40:00+00:00,23444.45,23447.15,23440.85,23446.45,513,170,0
2025-09-04 10:45:00+00:00,23446.85,23446.85,23439.25,23439.95,470,170,0
2025-09-04 10:50:00+00:00,23439.85,23445.65,23437.95,23441.45,438,160,0
2025-09-04 10:55:00+00:00,23442.45,23446.35,23442.25,23446.35,392,150,0
2025-09-04 11:00:00+00:00,23445.85,23450.05,23439.75,23447.45,711,160,0
2025-09-04 11:05:00+00:00,23448.25,23458.15,23434.75,23457.45,675,190,0
2025-09-04 11:10:00+00:00,23454.35,23456.65,23440.45,23447.65,600,200,0
2025-09-04 11:15:00+00:00,23447.65,23454.75,23446.55,23452.75,508,180,0
2025-09-04 11:20:00+00:00,23452.55,23461.15,23449.25,23456.95,512,180,0
2025-09-04 11:25:00+00:00,23457.05,23464.55,23455.75,23464.35,399,160,0
2025-09-04 11:30:00+00:00,23464.15,23467.15,23451.05,23452.45,507,160,0
2025-09-04 11:35:00+00:00,23453.15,23461.05,23452.55,23460.05,499,170,0
2025-09-04 11:40:00+00:00,23459.75,23462.25,23456.05,23461.05,430,170,0
2025-09-04 11:45:00+00:00,23460.85,23461.35,23451.65,23455.05,346,160,0
2025-09-04 11:50:00+00:00,23454.85,23460.15,23454.35,23458.15,296,160,0
2025-09-04 11:55:00+00:00,23458.15,23458.65,23451.15,23455.05,317,160,0
2025-09-04 12:00:00+00:00,23455.15,23460.85,23454.15,23458.05,381,160,0
2025-09-04 12:05:00+00:00,23457.15,23461.05,23456.65,23460.35,369,160,0
2025-09-04 12:10:00+00:00,23460.35,23464.55,23456.85,23458.15,374,160,0
2025-09-04 12:15:00+00:00,23458.35,23459.05,23450.35,23450.55,447,160,0
2025-09-04 12:20:00+00:00,23450.45,23454.25,23450.35,23453.85,346,160,0
2025-09-04 12:25:00+00:00,23453.85,23457.35,23452.55,23456.85,308,150,0
2025-09-04 12:30:00+00:00,23457.05,23465.05,23456.15,23463.05,365,150,0
2025-09-04 12:35:00+00:00,23463.15,23467.15,23460.85,23465.25,325,150,0
2025-09-04 12:40:00+00:00,23465.85,23467.85,23463.15,23463.65,353,150,0
2025-09-04 12:45:00+00:00,23463.85,23468.05,23462.55,23467.65,295,150,0
2025-09-04 12:50:00+00:00,23467.55,23467.55,23457.75,23462.85,366,150,0
2025-09-04 12:55:00+00:00,23462.95,23474.55,23461.05,23473.75,329,150,0
2025-09-04 13:00:00+00:00,23473.65,23484.25,23472.55,23480.95,464,160,0
2025-09-04 13:05:00+00:00,23481.75,23486.15,23478.45,23482.95,395,170,0
2025-09-04 13:10:00+00:00,23482.55,23491.95,23476.05,23488.95,535,160,0
2025-09-04 13:15:00+00:00,23489.45,23491.95,23478.45,23479.15,765,180,0
2025-09-04 13:20:00+00:00,23479.05,23480.45,23470.05,23470.35,453,170,0
2025-09-04 13:25:00+00:00,23470.25,23470.45,23461.05,23462.35,426,160,0
2025-09-04 13:30:00+00:00,23461.85,23473.25,23461.15,23468.55,605,160,0
2025-09-04 13:35:00+00:00,23468.65,23473.25,23468.15,23472.15,424,160,0
2025-09-04 13:40:00+00:00,23472.15,23477.85,23470.85,23471.75,384,150,0
2025-09-04 13:45:00+00:00,23471.65,23474.25,23468.75,23470.25,342,160,0
2025-09-04 13:50:00+00:00,23471.25,23472.75,23468.55,23469.55,359,160,0
2025-09-04 13:55:00+00:00,23469.65,23471.75,23466.25,23467.05,350,160,0
2025-09-04 14:00:00+00:00,23466.25,23477.85,23461.85,23475.75,609,160,0
2025-09-04 14:05:00+00:00,23475.75,23478.45,23471.25,23472.85,460,170,0
2025-09-04 14:10:00+00:00,23472.75,23476.75,23467.05,23476.75,501,160,0
2025-09-04 14:15:00+00:00,23476.75,23477.25,23467.25,23468.85,429,160,0
2025-09-04 14:20:00+00:00,23469.25,23469.25,23455.85,23459.75,469,160,0
2025-09-04 14:25:00+00:00,23459.65,23465.45,23451.75,23456.65,551,180,0
2025-09-04 14:30:00+00:00,23456.65,23462.95,23454.75,23462.15,517,180,0
2025-09-04 14:35:00+00:00,23462.25,23463.15,23455.45,23457.95,461,170,0
2025-09-04 14:40:00+00:00,23458.05,23466.45,23456.45,23465.25,470,160,0
2025-09-04 14:45:00+00:00,23465.45,23466.15,23448.45,23452.85,588,160,0
2025-09-04 14:50:00+00:00,23452.65,23454.25,23438.15,23445.75,716,190,0
2025-09-04 14:55:00+00:00,23445.75,23456.35,23444.75,23454.55,596,170,0
2025-09-04 15:00:00+00:00,23454.05,23466.25,23454.05,23464.95,643,170,0
2025-09-04 15:05:00+00:00,23464.75,23471.45,23460.75,23468.55,614,180,0
2025-09-04 15:10:00+00:00,23469.05,23477.65,23466.85,23471.42,701,180,0
2025-09-04 15:15:00+00:00,23471.42,23478.47,23447.05,23447.05,1103,200,0
2025-09-04 15:20:00+00:00,23447.15,23449.85,23439.95,23447.15,866,190,0
2025-09-04 15:25:00+00:00,23447.45,23452.72,23441.15,23451.92,735,200,0
2025-09-04 15:30:00+00:00,23451.92,23462.12,23435.15,23436.15,1085,210,0
2025-09-04 15:35:00+00:00,23436.15,23444.45,23432.55,23441.95,947,200,0
2025-09-04 15:40:00+00:00,23441.65,23445.35,23430.15,23435.15,979,200,0
2025-09-04 15:45:00+00:00,23435.45,23443.85,23427.15,23441.45,912,190,0
2025-09-04 15:50:00+00:00,23441.65,23446.35,23435.45,23437.75,748,180,0
2025-09-04 15:55:00+00:00,23437.65,23447.15,23435.95,23442.95,726,170,0
2025-09-04 16:00:00+00:00,23441.65,23443.55,23429.45,23432.35,905,180,0
2025-09-04 16:05:00+00:00,23432.45,23433.65,23422.85,23430.35,852,190,0
2025-09-04 16:10:00+00:00,23429.85,23432.35,23420.65,23424.35,844,190,0
2025-09-04 16:15:00+00:00,23424.45,23430.45,23420.25,23429.95,726,180,0
2025-09-04 16:20:00+00:00,23429.45,23430.95,23423.15,23423.75,650,180,0
2025-09-04 16:25:00+00:00,23423.65,23444.05,23419.25,23439.75,1033,180,0
2025-09-04 16:30:00+00:00,23437.85,23492.85,23415.45,23492.55,1931,80,0
2025-09-04 16:35:00+00:00,23492.75,23505.95,23439.75,23448.75,1888,120,0
2025-09-04 16:40:00+00:00,23449.55,23461.75,23420.45,23445.85,1876,120,0
2025-09-04 16:45:00+00:00,23446.25,23470.05,23418.45,23442.05,1863,120,0
2025-09-04 16:50:00+00:00,23442.75,23460.45,23423.95,23432.75,1871,120,0
2025-09-04 16:55:00+00:00,23432.75,23449.45,23417.45,23440.02,1762,120,0
2025-09-04 17:00:00+00:00,23436.57,23439.37,23384.35,23388.85,1901,120,0
2025-09-04 17:05:00+00:00,23389.45,23411.55,23380.75,23398.45,1916,120,0
2025-09-04 17:10:00+00:00,23398.95,23428.45,23393.25,23395.05,1851,120,0
2025-09-04 17:15:00+00:00,23395.25,23404.95,23368.45,23401.45,1799,120,0
2025-09-04 17:20:00+00:00,23401.35,23437.55,23398.85,23435.85,1700,120,0
2025-09-04 17:25:00+00:00,23435.75,23451.95,23420.95,23439.55,1717,120,0
2025-09-04 17:30:00+00:00,23439.55,23465.75,23437.75,23456.75,1557,120,0
2025-09-04 17:35:00+00:00,23456.25,23487.95,23455.75,23477.05,1536,90,0
2025-09-04 17:40:00+00:00,23477.45,23482.25,23452.95,23457.45,1586,90,0
2025-09-04 17:45:00+00:00,23458.85,23478.45,23451.35,23477.45,1465,120,0
2025-09-04 17:50:00+00:00,23477.35,23483.65,23461.05,23476.85,1466,80,0
2025-09-04 17:55:00+00:00,23476.85,23480.55,23457.75,23479.95,1394,80,0
2025-09-04 18:00:00+00:00,23479.95,23491.05,23478.45,23483.15,1358,80,0
2025-09-04 18:05:00+00:00,23483.15,23497.95,23479.45,23487.95,1342,80,0
2025-09-04 18:10:00+00:00,23488.15,23491.45,23450.35,23463.45,1475,80,0
2025-09-04 18:15:00+00:00,23463.75,23495.75,23463.05,23494.95,1308,80,0
2025-09-04 18:20:00+00:00,23494.65,23504.45,23489.15,23495.15,1256,80,0
2025-09-04 18:25:00+00:00,23494.95,23513.95,23492.95,23503.65,1281,80,0
2025-09-04 18:30:00+00:00,23504.15,23507.05,23485.65,23493.75,1330,80,0
2025-09-04 18:35:00+00:00,23493.95,23494.45,23475.75,23486.65,1281,80,0
2025-09-04 18:40:00+00:00,23486.95,23500.95,23477.65,23489.55,1247,80,0
2025-09-04 18:45:00+00:00,23489.45,23501.15,23482.15,23499.25,1248,80,0
2025-09-04 18:50:00+00:00,23499.45,23509.95,23489.65,23509.15,1191,80,0
2025-09-04 18:55:00+00:00,23509.15,23512.15,23496.45,23496.65,1236,80,0
2025-09-04 19:00:00+00:00,23496.95,23498.15,23485.15,23495.95,1193,80,0
2025-09-04 19:05:00+00:00,23495.95,23509.45,23490.45,23508.55,1192,80,0
2025-09-04 19:10:00+00:00,23508.05,23510.15,23501.55,23504.85,1090,80,0
2025-09-04 19:15:00+00:00,23505.05,23506.35,23493.65,23499.85,1055,80,0
2025-09-04 19:20:00+00:00,23499.55,23505.35,23486.85,23487.05,1136,80,0
2025-09-04 19:25:00+00:00,23486.85,23490.85,23469.95,23477.05,1244,80,0
2025-09-04 19:30:00+00:00,23476.55,23490.05,23472.55,23487.05,1200,80,0
2025-09-04 19:35:00+00:00,23487.05,23499.55,23485.45,23493.35,1034,80,0
2025-09-04 19:40:00+00:00,23493.55,23493.55,23484.05,23489.85,1071,80,0
2025-09-04 19:45:00+00:00,23489.85,23518.15,23489.65,23515.35,1100,80,0
2025-09-04 19:50:00+00:00,23515.55,23522.05,23510.05,23518.05,1018,80,0
2025-09-04 19:55:00+00:00,23517.85,23521.35,23494.05,23495.15,1149,80,0
2025-09-04 20:00:00+00:00,23495.35,23525.05,23493.55,23524.15,1114,80,0
2025-09-04 20:05:00+00:00,23524.35,23533.85,23523.05,23526.15,1109,80,0
2025-09-04 20:10:00+00:00,23526.05,23527.85,23507.35,23509.35,1029,80,0
2025-09-04 20:15:00+00:00,23508.85,23523.35,23508.35,23522.55,916,80,0
2025-09-04 20:20:00+00:00,23522.05,23534.85,23521.45,23530.85,802,80,0
2025-09-04 20:25:00+00:00,23530.95,23536.85,23527.65,23532.15,837,80,0
2025-09-04 20:30:00+00:00,23532.55,23535.35,23523.95,23525.55,865,80,0
2025-09-04 20:35:00+00:00,23525.85,23535.15,23523.15,23525.35,908,80,0
2025-09-04 20:40:00+00:00,23524.85,23536.55,23523.35,23530.55,844,80,0
2025-09-04 20:45:00+00:00,23530.85,23539.65,23527.35,23537.35,903,80,0
2025-09-04 20:50:00+00:00,23537.55,23560.55,23536.85,23556.05,975,80,0
2025-09-04 20:55:00+00:00,23556.05,23556.05,23536.85,23540.35,955,80,0
2025-09-04 21:00:00+00:00,23540.55,23554.15,23539.85,23551.35,996,80,0
2025-09-04 21:05:00+00:00,23551.35,23551.85,23543.95,23548.55,904,80,0
2025-09-04 21:10:00+00:00,23548.55,23554.65,23548.05,23553.65,764,80,0
2025-09-04 21:15:00+00:00,23553.85,23562.05,23552.85,23557.35,732,80,0
2025-09-04 21:20:00+00:00,23557.85,23560.55,23552.85,23560.05,686,80,0
2025-09-04 21:25:00+00:00,23560.05,23561.05,23552.05,23554.55,751,80,0
2025-09-04 21:30:00+00:00,23554.85,23570.85,23551.85,23570.55,840,80,0
2025-09-04 21:35:00+00:00,23570.55,23575.65,23567.85,23570.45,802,80,0
2025-09-04 21:40:00+00:00,23570.05,23576.65,23563.45,23563.45,786,80,0
2025-09-04 21:45:00+00:00,23563.45,23576.05,23562.35,23576.05,761,80,0
2025-09-04 21:50:00+00:00,23575.55,23581.15,23573.55,23574.55,842,80,0
2025-09-04 21:55:00+00:00,23574.45,23581.45,23573.15,23577.05,733,80,0
2025-09-04 22:00:00+00:00,23577.55,23582.85,23574.35,23578.85,857,80,0
2025-09-04 22:05:00+00:00,23579.05,23581.85,23573.85,23575.75,829,80,0
2025-09-04 22:10:00+00:00,23575.65,23593.65,23573.45,23592.95,948,80,0
2025-09-04 22:15:00+00:00,23592.95,23595.15,23587.55,23592.15,903,80,0
2025-09-04 22:20:00+00:00,23592.15,23599.75,23591.65,23592.95,931,80,0
2025-09-04 22:25:00+00:00,23593.15,23594.45,23584.25,23585.65,854,80,0
2025-09-04 22:30:00+00:00,23585.65,23589.45,23581.65,23582.75,907,80,0
2025-09-04 22:35:00+00:00,23583.15,23592.75,23578.75,23592.25,975,80,0
2025-09-04 22:40:00+00:00,23591.45,23598.45,23588.65,23595.65,932,80,0
2025-09-04 22:45:00+00:00,23595.65,23595.65,23583.15,23584.25,870,80,0
2025-09-04 22:50:00+00:00,23584.15,23614.45,23583.95,23612.45,1265,80,0
2025-09-04 22:55:00+00:00,23612.45,23636.55,23610.55,23621.25,1511,80,0
2025-09-04 23:00:00+00:00,23621.45,23626.46,23614.56,23619.26,932,120,0
2025-09-04 23:05:00+00:00,23619.46,23632.36,23617.06,23625.56,637,198,0
2025-09-04 23:10:00+00:00,23625.86,23654.36,23623.86,23649.06,763,198,0
2025-09-04 23:15:00+00:00,23648.36,23664.06,23617.76,23636.66,1338,208,0
2025-09-04 23:20:00+00:00,23636.46,23641.96,23629.46,23641.36,771,218,0
2025-09-04 23:25:00+00:00,23641.26,23651.46,23637.76,23647.46,518,198,0
2025-09-04 23:30:00+00:00,23647.16,23647.46,23639.16,23644.46,493,198,0
2025-09-04 23:35:00+00:00,23644.46,23651.36,23643.36,23645.36,419,188,0
2025-09-04 23:40:00+00:00,23645.26,23648.16,23643.36,23644.86,299,178,0
2025-09-04 23:45:00+00:00,23644.66,23644.66,23640.86,23643.16,294,178,0
2025-09-05 01:05:00+00:00,23663.46,23671.16,23661.16,23664.26,393,198,0
2025-09-05 01:10:00+00:00,23665.26,23665.66,23660.76,23661.26,274,188,0
2025-09-05 01:15:00+00:00,23661.06,23670.26,23660.06,23666.46,262,178,0
2025-09-05 01:20:00+00:00,23666.56,23666.56,23660.26,23661.36,217,168,0
2025-09-05 01:25:00+00:00,23661.86,23664.16,23658.36,23658.36,222,168,0
2025-09-05 01:30:00+00:00,23658.26,23658.86,23653.36,23654.56,271,178,0
2025-09-05 01:35:00+00:00,23654.56,23656.76,23650.56,23655.36,237,168,0
2025-09-05 01:40:00+00:00,23655.56,23655.66,23650.46,23653.26,134,168,0
2025-09-05 01:45:00+00:00,23653.46,23661.36,23652.76,23660.06,201,168,0
2025-09-05 01:50:00+00:00,23660.16,23663.36,23659.56,23663.26,99,168,0
2025-09-05 01:55:00+00:00,23663.26,23672.26,23663.26,23668.76,157,168,0
2025-09-05 02:00:00+00:00,23668.36,23673.95,23667.55,23668.75,263,150,0
2025-09-05 02:05:00+00:00,23669.15,23675.65,23669.05,23673.55,148,150,0
2025-09-05 02:10:00+00:00,23673.65,23675.35,23670.25,23674.85,157,150,0
2025-09-05 02:15:00+00:00,23674.85,23675.55,23670.25,23672.35,114,150,0
2025-09-05 02:20:00+00:00,23671.55,23672.75,23670.35,23671.95,69,150,0
2025-09-05 02:25:00+00:00,23671.85,23677.85,23671.35,23674.25,166,150,0
2025-09-05 02:30:00+00:00,23674.85,23676.95,23671.45,23671.75,196,150,0
2025-09-05 02:35:00+00:00,23671.55,23673.45,23668.35,23670.75,215,150,0
2025-09-05 02:40:00+00:00,23670.75,23671.55,23667.25,23667.85,140,150,0
2025-09-05 02:45:00+00:00,23668.35,23671.45,23666.35,23670.95,242,150,0
2025-09-05 02:50:00+00:00,23671.35,23676.25,23669.35,23675.25,288,150,0
2025-09-05 02:55:00+00:00,23674.95,23675.25,23667.95,23667.95,217,150,0
2025-09-05 03:00:00+00:00,23667.95,23675.95,23664.05,23667.45,528,160,0
2025-09-05 03:05:00+00:00,23667.15,23684.15,23664.95,23682.45,537,170,0
2025-09-05 03:10:00+00:00,23682.65,23685.15,23677.65,23682.45,471,180,0
2025-09-05 03:15:00+00:00,23682.05,23687.45,23678.15,23685.65,429,170,0
2025-09-05 03:20:00+00:00,23685.35,23685.95,23678.65,23683.25,350,160,0
2025-09-05 03:25:00+00:00,23683.55,23689.55,23682.65,23687.95,333,160,0
2025-09-05 03:30:00+00:00,23688.05,23688.25,23682.15,23686.45,309,160,0
2025-09-05 03:35:00+00:00,23686.55,23687.45,23681.95,23683.05,220,160,0
2025-09-05 03:40:00+00:00,23682.75,23687.85,23682.25,23685.45,258,150,0
2025-09-05 03:45:00+00:00,23685.15,23686.45,23682.55,23684.55,227,150,0
2025-09-05 03:50:00+00:00,23684.55,23687.35,23682.25,23687.35,264,150,0
2025-09-05 03:55:00+00:00,23687.45,23693.05,23684.55,23691.05,312,150,0
2025-09-05 04:00:00+00:00,23691.05,23694.15,23688.85,23692.75,388,150,0
2025-09-05 04:05:00+00:00,23692.95,23694.95,23689.45,23693.45,304,150,0
2025-09-05 04:10:00+00:00,23693.35,23694.75,23691.95,23693.45,237,150,0
2025-09-05 04:15:00+00:00,23694.35,23701.25,23693.25,23694.75,346,150,0
2025-09-05 04:20:00+00:00,23694.75,23699.95,23694.45,23699.45,278,150,0
2025-09-05 04:25:00+00:00,23699.55,23700.55,23694.95,23695.05,259,150,0
2025-09-05 04:30:00+00:00,23694.95,23695.75,23691.05,23693.05,347,150,0
2025-09-05 04:35:00+00:00,23693.25,23693.45,23691.05,23692.95,233,150,0
2025-09-05 04:40:00+00:00,23693.25,23693.25,23689.45,23691.25,219,150,0
2025-09-05 04:45:00+00:00,23691.35,23692.45,23687.05,23687.05,225,150,0
2025-09-05 04:50:00+00:00,23686.85,23693.95,23686.55,23693.95,252,150,0
2025-09-05 04:55:00+00:00,23693.75,23697.95,23692.85,23696.55,259,150,0
2025-09-05 05:00:00+00:00,23696.55,23696.85,23692.25,23694.85,251,150,0
2025-09-05 05:05:00+00:00,23694.75,23696.35,23690.85,23691.85,233,150,0
2025-09-05 05:10:00+00:00,23691.95,23693.05,23688.85,23688.95,174,150,0
2025-09-05 05:15:00+00:00,23689.45,23690.45,23686.05,23690.35,186,150,0
2025-09-05 05:20:00+00:00,23690.25,23693.55,23689.95,23689.95,222,150,0
2025-09-05 05:25:00+00:00,23690.05,23690.05,23682.25,23682.95,249,150,0
2025-09-05 05:30:00+00:00,23683.05,23690.45,23680.55,23690.15,236,150,0
2025-09-05 05:35:00+00:00,23690.15,23694.85,23689.45,23694.55,186,150,0
2025-09-05 05:40:00+00:00,23694.75,23697.25,23694.05,23696.35,170,150,0
2025-09-05 05:45:00+00:00,23696.35,23703.45,23695.35,23702.05,243,150,0
2025-09-05 05:50:00+00:00,23701.95,23702.75,23698.75,23701.95,202,150,0
2025-09-05 05:55:00+00:00,23701.85,23701.85,23696.75,23698.35,166,150,0
2025-09-05 06:00:00+00:00,23698.25,23698.35,23692.05,23696.45,216,150,0
2025-09-05 06:05:00+00:00,23697.25,23699.75,23695.55,23696.45,141,150,0
2025-09-05 06:10:00+00:00,23695.85,23697.35,23691.45,23696.55,175,150,0
2025-09-05 06:15:00+00:00,23696.45,23700.05,23693.55,23695.55,143,150,0
2025-09-05 06:20:00+00:00,23695.35,23697.55,23694.35,23696.95,121,150,0
2025-09-05 06:25:00+00:00,23696.95,23697.55,23695.05,23696.95,121,150,0
2025-09-05 06:30:00+00:00,23697.05,23699.75,23692.05,23695.05,253,150,0
2025-09-05 06:35:00+00:00,23695.05,23698.85,23695.05,23698.75,102,150,0
2025-09-05 06:40:00+00:00,23698.55,23702.45,23698.05,23701.25,176,150,0
2025-09-05 06:45:00+00:00,23700.95,23701.25,23698.75,23699.35,161,150,0
2025-09-05 06:50:00+00:00,23699.05,23701.95,23699.05,23701.75,119,150,0
2025-09-05 06:55:00+00:00,23701.85,23704.25,23701.55,23703.25,129,150,0
2025-09-05 07:00:00+00:00,23703.35,23704.95,23702.85,23703.55,149,150,0
2025-09-05 07:05:00+00:00,23703.45,23705.95,23701.95,23705.55,168,150,0
2025-09-05 07:10:00+00:00,23705.75,23711.35,23705.55,23707.25,185,150,0
2025-09-05 07:15:00+00:00,23707.35,23709.25,23706.05,23706.95,162,150,0
2025-09-05 07:20:00+00:00,23706.75,23709.25,23705.75,23709.05,136,150,0
2025-09-05 07:25:00+00:00,23709.25,23711.75,23706.75,23706.95,152,150,0
2025-09-05 07:30:00+00:00,23706.95,23709.25,23706.45,23708.75,135,150,0
2025-09-05 07:35:00+00:00,23709.05,23712.85,23708.55,23711.45,133,150,0
2025-09-05 07:40:00+00:00,23711.45,23711.45,23707.35,23710.05,125,150,0
2025-09-05 07:45:00+00:00,23710.55,23710.55,23707.95,23707.95,97,150,0
2025-09-05 07:50:00+00:00,23708.05,23708.75,23705.45,23706.75,130,150,0
2025-09-05 07:55:00+00:00,23706.45,23708.55,23705.55,23706.35,102,150,0
2025-09-05 08:00:00+00:00,23706.75,23706.95,23702.55,23706.05,169,150,0
2025-09-05 08:05:00+00:00,23706.25,23709.85,23706.25,23709.05,178,150,0
2025-09-05 08:10:00+00:00,23709.25,23709.95,23707.75,23709.85,153,150,0
2025-09-05 08:15:00+00:00,23709.95,23715.95,23709.95,23715.55,175,150,0
2025-09-05 08:20:00+00:00,23715.55,23717.75,23714.05,23714.25,196,150,0
2025-09-05 08:25:00+00:00,23714.35,23714.85,23710.95,23714.85,154,150,0
2025-09-05 08:30:00+00:00,23715.25,23719.75,23714.75,23719.05,259,150,0
2025-09-05 08:35:00+00:00,23719.25,23730.55,23719.05,23723.95,389,150,0
2025-09-05 08:40:00+00:00,23724.55,23731.75,23722.45,23729.95,321,160,0
2025-09-05 08:45:00+00:00,23729.55,23729.65,23723.45,23727.95,214,150,0
2025-09-05 08:50:00+00:00,23728.35,23730.75,23727.95,23729.25,162,150,0
2025-09-05 08:55:00+00:00,23729.45,23729.55,23722.55,23722.85,159,150,0
2025-09-05 09:00:00+00:00,23723.35,23731.45,23720.75,23731.45,446,150,0
2025-09-05 09:05:00+00:00,23731.45,23739.75,23726.45,23739.65,377,170,0
2025-09-05 09:10:00+00:00,23739.45,23739.45,23730.85,23733.05,311,160,0
2025-09-05 09:15:00+00:00,23732.75,23741.25,23732.25,23739.15,311,150,0
2025-09-05 09:20:00+00:00,23739.25,23744.45,23738.95,23743.25,300,150,0
2025-09-05 09:25:00+00:00,23743.35,23749.05,23742.35,23747.05,327,150,0
2025-09-05 09:30:00+00:00,23746.75,23749.65,23741.95,23742.05,298,160,0
2025-09-05 09:35:00+00:00,23741.95,23747.05,23739.75,23741.55,307,160,0
2025-09-05 09:40:00+00:00,23741.65,23742.05,23736.55,23736.75,269,150,0
2025-09-05 09:45:00+00:00,23736.65,23738.95,23735.25,23736.05,195,150,0
2025-09-05 09:50:00+00:00,23736.25,23739.35,23734.85,23735.05,206,150,0
2025-09-05 09:55:00+00:00,23735.55,23739.05,23733.95,23734.25,274,150,0
2025-09-05 10:00:00+00:00,23734.15,23736.85,23713.15,23713.35,889,160,0
2025-09-05 10:05:00+00:00,23713.35,23722.75,23705.15,23717.05,914,180,0
2025-09-05 10:10:00+00:00,23717.35,23723.25,23716.05,23720.25,596,190,0
2025-09-05 10:15:00+00:00,23720.35,23722.15,23711.85,23713.15,565,170,0
2025-09-05 10:20:00+00:00,23713.95,23722.05,23711.95,23716.05,524,180,0
2025-09-05 10:25:00+00:00,23716.15,23719.15,23714.35,23715.35,498,170,0
2025-09-05 10:30:00+00:00,23716.25,23719.25,23710.65,23717.55,516,170,0
2025-09-05 10:35:00+00:00,23717.15,23721.35,23714.35,23717.35,463,170,0
2025-09-05 10:40:00+00:00,23717.45,23724.75,23715.65,23721.45,478,170,0
2025-09-05 10:45:00+00:00,23721.25,23721.75,23709.85,23714.25,499,160,0
2025-09-05 10:50:00+00:00,23714.65,23722.95,23713.15,23721.45,366,160,0
2025-09-05 10:55:00+00:00,23721.45,23724.15,23717.95,23717.95,317,150,0
2025-09-05 11:00:00+00:00,23718.55,23721.25,23710.35,23716.15,702,150,0
2025-09-05 11:05:00+00:00,23716.25,23724.55,23716.15,23722.75,475,170,0
2025-09-05 11:10:00+00:00,23722.45,23733.65,23719.95,23733.35,508,170,0
2025-09-05 11:15:00+00:00,23733.35,23736.15,23729.25,23731.65,464,170,0
2025-09-05 11:20:00+00:00,23731.65,23735.65,23728.45,23735.65,351,160,0
2025-09-05 11:25:00+00:00,23735.55,23739.65,23731.25,23738.45,423,160,0
2025-09-05 11:30:00+00:00,23737.95,23739.75,23736.45,23739.05,321,160,0
2025-09-05 11:35:00+00:00,23738.75,23745.15,23737.65,23737.75,357,160,0
2025-09-05 11:40:00+00:00,23737.65,23741.45,23735.15,23740.55,283,160,0
2025-09-05 11:45:00+00:00,23740.95,23740.95,23732.55,23732.55,328,160,0
2025-09-05 11:50:00+00:00,23732.45,23736.25,23731.75,23735.95,323,150,0
2025-09-05 11:55:00+00:00,23736.05,23748.95,23735.95,23748.75,362,150,0
2025-09-05 12:00:00+00:00,23748.75,23753.15,23740.15,23746.65,396,150,0
2025-09-05 12:05:00+00:00,23746.45,23747.45,23739.95,23742.45,347,160,0
2025-09-05 12:10:00+00:00,23742.85,23744.75,23739.15,23741.75,370,160,0
2025-09-05 12:15:00+00:00,23742.35,23744.75,23741.45,23741.75,302,150,0
2025-09-05 12:20:00+00:00,23741.55,23746.25,23739.35,23743.95,305,150,0
2025-09-05 12:25:00+00:00,23744.05,23748.25,23741.15,23745.85,308,150,0
2025-09-05 12:30:00+00:00,23745.95,23750.85,23744.35,23749.85,319,170,0
2025-09-05 12:35:00+00:00,23750.15,23751.05,23743.65,23746.15,299,160,0
2025-09-05 12:40:00+00:00,23745.95,23747.75,23741.15,23746.95,255,150,0
2025-09-05 12:45:00+00:00,23746.95,23749.85,23743.95,23749.35,265,150,0
2025-09-05 12:50:00+00:00,23748.95,23750.55,23747.85,23749.95,252,150,0
2025-09-05 12:55:00+00:00,23749.75,23749.75,23742.75,23745.55,303,150,0
2025-09-05 13:00:00+00:00,23745.75,23748.25,23740.45,23741.75,335,150,0
2025-09-05 13:05:00+00:00,23740.75,23740.75,23735.95,23738.95,310,160,0
2025-09-05 13:10:00+00:00,23739.05,23745.85,23738.85,23742.75,361,150,0
2025-09-05 13:15:00+00:00,23742.95,23747.95,23740.65,23745.75,328,150,0
2025-09-05 13:20:00+00:00,23745.55,23748.35,23742.85,23744.35,282,150,0
2025-09-05 13:25:00+00:00,23744.35,23749.25,23744.35,23746.05,292,150,0
2025-09-05 13:30:00+00:00,23745.95,23748.45,23744.85,23747.35,259,150,0
2025-09-05 13:35:00+00:00,23746.85,23750.05,23744.95,23749.05,257,150,0
2025-09-05 13:40:00+00:00,23748.75,23750.95,23747.85,23749.45,273,150,0
2025-09-05 13:45:00+00:00,23749.85,23750.45,23746.45,23749.55,290,150,0
2025-09-05 13:50:00+00:00,23749.45,23749.95,23745.55,23745.75,248,150,0
2025-09-05 13:55:00+00:00,23745.75,23746.35,23738.25,23738.25,295,150,0
2025-09-05 14:00:00+00:00,23738.25,23748.55,23736.05,23748.35,497,150,0
2025-09-05 14:05:00+00:00,23748.35,23751.05,23746.65,23749.95,321,150,0
2025-09-05 14:10:00+00:00,23750.25,23755.65,23748.25,23755.35,335,150,0
2025-09-05 14:15:00+00:00,23755.45,23758.45,23752.45,23753.15,396,160,0
2025-09-05 14:20:00+00:00,23753.45,23761.35,23752.55,23758.15,328,150,0
2025-09-05 14:25:00+00:00,23758.55,23761.05,23756.55,23757.75,398,150,0
2025-09-05 14:30:00+00:00,23757.95,23758.05,23746.35,23750.85,382,160,0
2025-09-05 14:35:00+00:00,23750.85,23755.35,23748.65,23748.75,346,170,0
2025-09-05 14:40:00+00:00,23748.65,23748.65,23742.35,23745.95,427,160,0
2025-09-05 14:45:00+00:00,23746.05,23750.95,23743.95,23745.95,400,160,0
2025-09-05 14:50:00+00:00,23744.95,23751.95,23743.85,23745.65,491,160,0
2025-09-05 14:55:00+00:00,23745.45,23745.65,23729.85,23730.85,654,170,0
2025-09-05 15:00:00+00:00,23730.85,23747.75,23730.85,23745.95,916,180,0
2025-09-05 15:05:00+00:00,23745.35,23755.45,23735.75,23749.05,836,180,0
2025-09-05 15:10:00+00:00,23749.05,23749.05,23738.45,23746.55,701,190,0
2025-09-05 15:15:00+00:00,23746.55,23755.85,23744.05,23744.55,818,180,0
2025-09-05 15:20:00+00:00,23744.95,23746.05,23734.05,23737.85,960,180,0
2025-09-05 15:25:00+00:00,23737.85,23748.65,23735.96,23740.36,942,190,0
2025-09-05 15:30:00+00:00,23740.56,23791.05,23687.56,23791.05,1928,210,0
2025-09-05 15:35:00+00:00,23791.15,23805.45,23769.05,23777.55,1779,210,0
2025-09-05 15:40:00+00:00,23777.25,23791.55,23755.75,23791.55,1625,210,0
2025-09-05 15:45:00+00:00,23791.25,23803.75,23782.95,23801.95,1422,210,0
2025-09-05 15:50:00+00:00,23801.95,23829.75,23799.65,23827.45,1447,210,0
2025-09-05 15:55:00+00:00,23827.95,23836.15,23814.45,23834.95,1418,210,0
2025-09-05 16:00:00+00:00,23835.45,23850.45,23831.95,23845.45,1296,200,0
2025-09-05 16:05:00+00:00,23845.95,23858.75,23844.45,23844.45,1236,200,0
2025-09-05 16:10:00+00:00,23844.85,23849.55,23837.55,23844.85,1212,200,0
2025-09-05 16:15:00+00:00,23844.95,23855.25,23836.25,23852.95,1215,200,0
2025-09-05 16:20:00+00:00,23852.95,23853.25,23837.15,23844.65,1252,200,0
2025-09-05 16:25:00+00:00,23840.95,23857.45,23832.75,23835.65,1515,210,0
2025-09-05 16:30:00+00:00,23835.65,23863.25,23807.95,23809.15,1994,120,0
2025-09-05 16:35:00+00:00,23809.95,23816.95,23783.75,23797.75,1992,120,0
2025-09-05 16:40:00+00:00,23797.85,23843.25,23796.15,23835.85,1910,120,0
2025-09-05 16:45:00+00:00,23835.85,23848.85,23798.25,23840.85,1938,120,0
2025-09-05 16:50:00+00:00,23840.85,23854.65,23794.75,23825.45,1962,120,0
2025-09-05 16:55:00+00:00,23825.25,23825.75,23788.85,23814.95,1980,120,0
2025-09-05 17:00:00+00:00,23814.75,23815.65,23767.65,23798.45,1975,120,0
2025-09-05 17:05:00+00:00,23798.35,23798.65,23748.25,23758.45,1953,120,0
2025-09-05 17:10:00+00:00,23757.65,23763.85,23717.35,23717.35,1945,120,0
2025-09-05 17:15:00+00:00,23718.25,23725.25,23653.95,23657.65,1969,120,0
2025-09-05 17:20:00+00:00,23656.95,23694.95,23617.15,23623.85,1951,120,0
2025-09-05 17:25:00+00:00,23624.35,23648.25,23591.45,23616.35,1943,120,0
2025-09-05 17:30:00+00:00,23616.25,23627.35,23592.85,23607.25,1958,120,0
2025-09-05 17:35:00+00:00,23608.15,23620.25,23569.15,23578.75,1934,120,0
2025-09-05 17:40:00+00:00,23579.45,23601.75,23552.15,23569.75,1933,120,0
2025-09-05 17:45:00+00:00,23570.65,23570.65,23529.85,23550.85,1881,120,0
2025-09-05 17:50:00+00:00,23550.85,23596.35,23525.45,23595.35,1906,120,0
2025-09-05 17:55:00+00:00,23594.85,23599.35,23506.75,23509.65,1874,120,0
2025-09-05 18:00:00+00:00,23507.95,23521.95,23477.85,23497.75,1889,120,0
2025-09-05 18:05:00+00:00,23497.15,23522.35,23487.35,23499.95,1955,120,0
2025-09-05 18:10:00+00:00,23499.65,23535.65,23467.15,23535.35,1900,120,0
2025-09-05 18:15:00+00:00,23535.25,23556.45,23524.15,23540.45,1855,120,0
2025-09-05 18:20:00+00:00,23540.25,23578.35,23534.45,23573.65,1841,120,0
2025-09-05 18:25:00+00:00,23573.35,23598.65,23557.35,23594.65,1744,120,0
2025-09-05 18:30:00+00:00,23594.45,23601.35,23568.65,23582.25,1754,120,0
2025-09-05 18:35:00+00:00,23582.85,23620.65,23582.85,23606.35,1695,120,0
2025-09-05 18:40:00+00:00,23606.35,23631.05,23602.25,23624.55,1577,80,0
2025-09-05 18:45:00+00:00,23624.75,23624.75,23584.55,23612.05,1779,80,0
2025-09-05 18:50:00+00:00,23612.35,23615.55,23578.75,23590.85,1801,120,0
2025-09-05 18:55:00+00:00,23591.15,23606.05,23566.25,23580.05,1798,120,0
2025-09-05 19:00:00+00:00,23580.65,23593.75,23557.55,23573.25,1823,120,0
2025-09-05 19:05:00+00:00,23573.15,23592.05,23558.65,23590.25,1806,120,0
2025-09-05 19:10:00+00:00,23590.25,23619.85,23587.85,23614.75,1733,120,0
2025-09-05 19:15:00+00:00,23615.25,23620.55,23589.25,23602.65,1631,120,0
2025-09-05 19:20:00+00:00,23602.35,23612.55,23573.75,23610.05,1746,120,0
2025-09-05 19:25:00+00:00,23609.55,23610.05,23579.15,23583.05,1701,120,0
2025-09-05 19:30:00+00:00,23584.75,23594.55,23566.55,23570.05,1707,120,0
2025-09-05 19:35:00+00:00,23570.05,23584.75,23558.65,23575.75,1682,120,0
2025-09-05 19:40:00+00:00,23575.75,23610.15,23573.05,23602.55,1735,120,0
2025-09-05 19:45:00+00:00,23602.05,23613.05,23574.55,23575.25,1702,120,0
2025-09-05 19:50:00+00:00,23575.15,23590.55,23569.75,23579.75,1688,120,0
2025-09-05 19:55:00+00:00,23579.55,23616.85,23574.15,23616.05,1607,120,0
2025-09-05 20:00:00+00:00,23616.25,23616.25,23575.55,23575.75,1706,120,0
2025-09-05 20:05:00+00:00,23575.35,23604.05,23565.75,23604.05,1690,120,0
2025-09-05 20:10:00+00:00,23603.55,23613.75,23593.55,23608.55,1575,120,0
2025-09-05 20:15:00+00:00,23608.55,23619.55,23596.65,23608.55,1601,120,0
2025-09-05 20:20:00+00:00,23608.35,23623.25,23604.25,23617.85,1603,120,0
2025-09-05 20:25:00+00:00,23617.75,23621.25,23591.55,23596.65,1647,120,0
2025-09-05 20:30:00+00:00,23596.55,23603.55,23586.85,23600.75,1570,120,0
2025-09-05 20:35:00+00:00,23600.55,23605.75,23579.05,23587.75,1539,120,0
2025-09-05 20:40:00+00:00,23587.85,23591.35,23548.65,23574.05,1682,100,0
2025-09-05 20:45:00+00:00,23574.25,23581.55,23561.05,23564.75,1548,120,0
2025-09-05 20:50:00+00:00,23564.75,23581.15,23559.75,23566.25,1590,120,0
2025-09-05 20:55:00+00:00,23566.75,23582.15,23558.75,23576.15,1607,80,0
2025-09-05 21:00:00+00:00,23576.25,23587.25,23566.25,23573.55,1626,120,0
2025-09-05 21:05:00+00:00,23573.65,23592.05,23572.75,23580.55,1534,120,0
2025-09-05 21:10:00+00:00,23580.05,23596.65,23577.95,23596.65,1429,80,0
2025-09-05 21:15:00+00:00,23596.75,23617.85,23594.25,23615.25,1321,80,0
2025-09-05 21:20:00+00:00,23615.25,23619.55,23599.05,23600.25,1238,80,0
2025-09-05 21:25:00+00:00,23600.05,23611.05,23591.25,23606.05,1297,80,0
2025-09-05 21:30:00+00:00,23606.05,23624.25,23605.05,23610.05,1289,80,0
2025-09-05 21:35:00+00:00,23610.15,23618.75,23601.55,23607.75,1314,80,0
2025-09-05 21:40:00+00:00,23607.85,23614.55,23601.65,23613.05,1203,80,0
2025-09-05 21:45:00+00:00,23613.65,23619.55,23605.15,23612.05,1180,80,0
2025-09-05 21:50:00+00:00,23612.05,23622.05,23599.55,23602.55,1261,80,0
2025-09-05 21:55:00+00:00,23602.75,23620.65,23594.75,23620.55,1228,80,0
2025-09-05 22:00:00+00:00,23620.55,23620.55,23604.75,23619.35,1354,80,0
2025-09-05 22:05:00+00:00,23619.55,23643.35,23618.85,23632.75,1312,80,0
2025-09-05 22:10:00+00:00,23632.55,23635.75,23627.55,23634.05,1008,80,0
2025-09-05 22:15:00+00:00,23633.75,23650.05,23628.65,23634.85,1228,80,0
2025-09-05 22:20:00+00:00,23635.05,23654.55,23629.65,23650.75,1199,80,0
2025-09-05 22:25:00+00:00,23650.75,23655.25,23644.25,23646.05,1132,80,0
2025-09-05 22:30:00+00:00,23646.25,23648.65,23617.75,23627.15,1408,80,0
2025-09-05 22:35:00+00:00,23627.35,23647.05,23625.25,23629.05,1302,80,0
2025-09-05 22:40:00+00:00,23628.75,23640.05,23621.55,23627.55,1315,80,0
2025-09-05 22:45:00+00:00,23627.25,23637.05,23622.75,23629.35,1329,80,0
2025-09-05 22:50:00+00:00,23627.25,23637.85,23608.45,23623.15,1698,80,0
2025-09-05 22:55:00+00:00,23623.05,23656.55,23615.05,23654.05,1685,120,0
2025-09-05 23:00:00+00:00,23654.35,23658.36,23640.26,23644.76,1071,120,0
2025-09-05 23:05:00+00:00,23644.76,23645.96,23637.96,23637.96,621,188,0
2025-09-05 23:10:00+00:00,23638.06,23641.56,23635.76,23638.16,519,178,0
2025-09-05 23:15:00+00:00,23638.26,23639.76,23629.96,23634.56,440,178,0
2025-09-05 23:20:00+00:00,23634.66,23639.26,23633.86,23637.56,287,178,0
2025-09-05 23:25:00+00:00,23637.26,23638.56,23634.06,23637.56,241,168,0
2025-09-05 23:30:00+00:00,23637.06,23637.56,23634.06,23635.56,216,168,0
2025-09-05 23:35:00+00:00,23635.36,23644.06,23635.06,23643.36,252,168,0
2025-09-05 23:40:00+00:00,23643.36,23643.96,23630.26,23632.76,309,168,0
2025-09-05 23:45:00+00:00,23632.96,23636.06,23631.76,23633.76,285,178,0
2025-09-08 01:05:00+00:00,23623.36,23630.06,23616.66,23621.36,486,208,0
2025-09-08 01:10:00+00:00,23621.06,23634.76,23620.96,23634.16,352,198,0
2025-09-08 01:15:00+00:00,23634.26,23644.46,23632.96,23642.86,523,198,0
2025-09-08 01:20:00+00:00,23643.36,23647.06,23640.06,23646.46,271,178,0
2025-09-08 01:25:00+00:00,23646.86,23665.36,23645.96,23662.86,591,188,0
2025-09-08 01:30:00+00:00,23662.66,23682.26,23662.66,23682.26,605,198,0
2025-09-08 01:35:00+00:00,23682.16,23682.66,23672.26,23681.76,400,198,0
2025-09-08 01:40:00+00:00,23681.56,23694.76,23680.46,23694.76,429,198,0
2025-09-08 01:45:00+00:00,23694.96,23713.46,23694.76,23699.56,644,198,0
2025-09-08 01:50:00+00:00,23699.86,23703.96,23695.26,23699.26,410,198,0
2025-09-08 01:55:00+00:00,23699.46,23708.36,23698.96,23706.56,358,178,0
2025-09-08 02:00:00+00:00,23706.66,23712.85,23706.66,23710.65,367,160,0
2025-09-08 02:05:00+00:00,23711.05,23718.55,23710.95,23716.85,379,170,0
2025-09-08 02:10:00+00:00,23716.35,23720.35,23712.35,23717.35,300,180,0
2025-09-08 02:15:00+00:00,23717.25,23718.65,23710.35,23712.05,305,170,0
2025-09-08 02:20:00+00:00,23712.15,23724.25,23710.95,23723.25,229,150,0
2025-09-08 02:25:00+00:00,23723.05,23747.95,23722.45,23734.75,703,150,0
2025-09-08 02:30:00+00:00,23734.45,23750.05,23734.45,23741.85,546,190,0
2025-09-08 02:35:00+00:00,23742.55,23748.75,23740.15,23743.25,419,180,0
2025-09-08 02:40:00+00:00,23743.35,23746.65,23737.15,23739.95,391,170,0
2025-09-08 02:45:00+00:00,23739.65,23744.35,23735.05,23740.45,741,170,0
2025-09-08 02:50:00+00:00,23739.95,23745.75,23735.35,23744.55,440,170,0
2025-09-08 02:55:00+00:00,23744.25,23747.15,23741.35,23744.65,441,170,0
2025-09-08 03:00:00+00:00,23743.85,23749.35,23731.75,23735.65,939,180,0
2025-09-08 03:05:00+00:00,23735.45,23757.45,23734.95,23752.45,839,190,0
2025-09-08 03:10:00+00:00,23752.25,23753.55,23743.35,23749.15,738,180,0
2025-09-08 03:15:00+00:00,23749.35,23749.65,23742.05,23747.35,570,180,0
2025-09-08 03:20:00+00:00,23747.55,23753.25,23745.45,23747.95,437,160,0
2025-09-08 03:25:00+00:00,23748.15,23751.95,23746.55,23750.45,365,160,0
2025-09-08 03:30:00+00:00,23751.15,23753.85,23745.35,23746.05,451,160,0
2025-09-08 03:35:00+00:00,23745.95,23750.45,23742.85,23745.35,306,160,0
2025-09-08 03:40:00+00:00,23745.45,23747.25,23740.65,23741.35,303,160,0
2025-09-08 03:45:00+00:00,23741.25,23742.15,23734.35,23737.45,413,160,0
2025-09-08 03:50:00+00:00,23737.75,23740.45,23732.65,23732.95,324,160,0
2025-09-08 03:55:00+00:00,23732.85,23736.45,23730.15,23730.45,365,150,0
2025-09-08 04:00:00+00:00,23730.35,23737.45,23727.25,23727.85,561,160,0
2025-09-08 04:05:00+00:00,23727.75,23735.35,23727.55,23728.85,485,180,0
2025-09-08 04:10:00+00:00,23729.35,23732.15,23723.55,23730.15,440,160,0
2025-09-08 04:15:00+00:00,23729.95,23731.15,23726.25,23728.45,356,160,0
2025-09-08 04:20:00+00:00,23729.25,23733.25,23725.35,23727.95,396,160,0
2025-09-08 04:25:00+00:00,23728.25,23730.95,23726.65,23728.25,296,160,0
2025-09-08 04:30:00+00:00,23728.15,23733.25,23727.15,23732.95,384,150,0
2025-09-08 04:35:00+00:00,23732.85,23742.55,23732.85,23741.65,533,160,0
2025-09-08 04:40:00+00:00,23741.45,23745.45,23738.15,23741.95,432,170,0
2025-09-08 04:45:00+00:00,23742.15,23745.15,23739.85,23744.85,380,150,0
2025-09-08 04:50:00+00:00,23744.95,23744.95,23731.55,23735.65,371,160,0
2025-09-08 04:55:00+00:00,23735.85,23736.55,23733.75,23734.05,315,150,0
2025-09-08 05:00:00+00:00,23734.15,23736.95,23720.95,23722.15,476,150,0
2025-09-08 05:05:00+00:00,23721.95,23727.95,23721.95,23726.95,359,160,0
2025-09-08 05:10:00+00:00,23726.75,23727.95,23718.65,23720.75,303,160,0
2025-09-08 05:15:00+00:00,23720.65,23724.95,23705.85,23705.85,466,160,0
2025-09-08 05:20:00+00:00,23705.65,23710.85,23702.05,23704.65,472,170,0
2025-09-08 05:25:00+00:00,23705.15,23711.45,23702.65,23705.95,379,160,0
2025-09-08 05:30:00+00:00,23706.95,23710.95,23706.25,23709.25,289,160,0
2025-09-08 05:35:00+00:00,23708.95,23712.25,23705.95,23707.25,263,160,0
2025-09-08 05:40:00+00:00,23707.15,23710.55,23706.25,23707.05,273,150,0
2025-09-08 05:45:00+00:00,23707.15,23709.05,23705.25,23707.25,223,150,0
2025-09-08 05:50:00+00:00,23707.35,23710.45,23705.25,23705.75,241,150,0
2025-09-08 05:55:00+00:00,23705.95,23709.45,23705.95,23707.15,197,150,0
2025-09-08 06:00:00+00:00,23707.05,23713.95,23707.05,23712.95,264,150,0
2025-09-08 06:05:00+00:00,23713.05,23728.95,23711.25,23725.45,331,150,0
2025-09-08 06:10:00+00:00,23725.15,23726.05,23719.65,23722.85,327,160,0
2025-09-08 06:15:00+00:00,23722.75,23727.95,23721.35,23724.25,272,150,0
2025-09-08 06:20:00+00:00,23723.85,23726.75,23720.95,23725.75,200,160,0
2025-09-08 06:25:00+00:00,23726.75,23727.85,23722.65,23723.05,188,150,0
2025-09-08 06:30:00+00:00,23724.45,23726.55,23721.75,23725.75,262,150,0
2025-09-08 06:35:00+00:00,23725.85,23727.55,23723.15,23723.55,193,150,0
2025-09-08 06:40:00+00:00,23723.75,23727.75,23719.45,23721.25,242,150,0
2025-09-08 06:45:00+00:00,23720.95,23721.95,23713.15,23714.25,307,160,0
2025-09-08 06:50:00+00:00,23714.65,23718.25,23713.45,23717.45,234,150,0
2025-09-08 06:55:00+00:00,23717.75,23723.25,23717.65,23720.75,280,150,0
2025-09-08 07:00:00+00:00,23720.25,23720.55,23714.75,23717.45,241,150,0
2025-09-08 07:05:00+00:00,23717.75,23721.85,23712.25,23713.75,254,150,0
2025-09-08 07:10:00+00:00,23713.95,23714.25,23708.05,23708.15,252,150,0
2025-09-08 07:15:00+00:00,23708.55,23708.55,23700.75,23706.65,242,150,0
2025-09-08 07:20:00+00:00,23706.95,23709.05,23705.05,23708.55,193,150,0
2025-09-08 07:25:00+00:00,23708.75,23712.05,23707.75,23711.95,191,150,0
2025-09-08 07:30:00+00:00,23711.75,23716.45,23710.05,23710.05,235,150,0
2025-09-08 07:35:00+00:00,23709.95,23709.95,23702.95,23702.95,221,150,0
2025-09-08 07:40:00+00:00,23703.05,23706.35,23696.85,23702.35,252,150,0
2025-09-08 07:45:00+00:00,23702.95,23706.65,23701.25,23701.25,206,150,0
2025-09-08 07:50:00+00:00,23701.65,23702.55,23698.05,23698.55,205,150,0
2025-09-08 07:55:00+00:00,23698.75,23701.85,23693.55,23699.95,244,150,0
2025-09-08 08:00:00+00:00,23699.75,23704.45,23699.15,23702.25,289,150,0
2025-09-08 08:05:00+00:00,23702.45,23706.45,23699.75,23700.45,252,150,0
2025-09-08 08:10:00+00:00,23700.35,23703.55,23697.45,23702.55,216,150,0
2025-09-08 08:15:00+00:00,23702.45,23717.25,23702.45,23714.15,313,150,0
2025-09-08 08:20:00+00:00,23713.95,23714.25,23702.95,23706.65,312,160,0
2025-09-08 08:25:00+00:00,23705.95,23709.25,23704.45,23708.05,220,150,0
2025-09-08 08:30:00+00:00,23708.55,23709.25,23701.65,23703.65,278,150,0
2025-09-08 08:35:00+00:00,23703.75,23710.45,23699.45,23706.85,265,150,0
2025-09-08 08:40:00+00:00,23707.15,23707.45,23696.35,23698.15,292,160,0
2025-09-08 08:45:00+00:00,23698.45,23702.25,23695.45,23698.55,294,160,0
2025-09-08 08:50:00+00:00,23698.65,23702.35,23697.45,23698.45,244,160,0
2025-09-08 08:55:00+00:00,23698.65,23703.95,23696.95,23697.25,351,160,0
2025-09-08 09:00:00+00:00,23696.75,23721.25,23696.45,23714.35,643,160,0
2025-09-08 09:05:00+00:00,23713.85,23720.75,23710.15,23718.75,561,190,0
2025-09-08 09:10:00+00:00,23718.45,23725.45,23717.05,23721.65,503,170,0
2025-09-08 09:15:00+00:00,23721.15,23722.45,23714.85,23719.95,523,160,0
2025-09-08 09:20:00+00:00,23720.35,23723.65,23717.95,23719.15,445,160,0
2025-09-08 09:25:00+00:00,23719.35,23728.75,23718.95,23722.65,502,160,0
2025-09-08 09:30:00+00:00,23721.85,23724.15,23713.75,23718.65,521,180,0
2025-09-08 09:35:00+00:00,23718.75,23720.35,23714.75,23715.95,332,160,0
2025-09-08 09:40:00+00:00,23716.25,23723.65,23715.45,23719.45,324,160,0
2025-09-08 09:45:00+00:00,23719.65,23723.55,23716.05,23723.15,301,150,0
2025-09-08 09:50:00+00:00,23723.45,23725.15,23717.95,23719.95,332,160,0
2025-09-08 09:55:00+00:00,23720.45,23721.75,23714.65,23718.55,347,150,0
2025-09-08 10:00:00+00:00,23718.35,23728.75,23716.15,23728.75,860,170,0
2025-09-08 10:05:00+00:00,23729.55,23733.25,23725.05,23733.05,625,180,0
2025-09-08 10:10:00+00:00,23733.35,23743.65,23731.65,23734.35,554,180,0
2025-09-08 10:15:00+00:00,23735.65,23746.35,23735.35,23740.15,500,180,0
2025-09-08 10:20:00+00:00,23739.85,23745.35,23731.05,23733.85,513,170,0
2025-09-08 10:25:00+00:00,23733.75,23739.15,23728.45,23729.45,482,170,0
2025-09-08 10:30:00+00:00,23729.15,23734.65,23726.05,23726.05,461,170,0
2025-09-08 10:35:00+00:00,23725.95,23732.95,23725.05,23732.35,425,170,0
2025-09-08 10:40:00+00:00,23732.15,23747.55,23732.15,23745.35,494,170,0
2025-09-08 10:45:00+00:00,23745.65,23747.15,23733.65,23733.65,473,170,0
2025-09-08 10:50:00+00:00,23733.45,23734.95,23720.15,23722.45,523,170,0
2025-09-08 10:55:00+00:00,23722.15,23723.85,23718.15,23719.45,426,160,0
2025-09-08 11:00:00+00:00,23721.25,23723.75,23707.05,23721.05,782,160,0
2025-09-08 11:05:00+00:00,23720.85,23726.55,23720.25,23723.15,615,180,0
2025-09-08 11:10:00+00:00,23722.85,23731.05,23719.55,23729.65,608,170,0
2025-09-08 11:15:00+00:00,23729.55,23732.05,23725.05,23729.15,502,170,0
2025-09-08 11:20:00+00:00,23728.95,23730.15,23721.25,23726.95,463,170,0
2025-09-08 11:25:00+00:00,23726.65,23727.55,23722.25,23724.85,402,160,0
2025-09-08 11:30:00+00:00,23724.65,23727.25,23720.45,23726.95,384,160,0
2025-09-08 11:35:00+00:00,23727.25,23732.55,23725.45,23732.25,270,150,0
2025-09-08 11:40:00+00:00,23732.55,23733.95,23728.45,23732.65,344,150,0
2025-09-08 11:45:00+00:00,23732.55,23734.65,23727.95,23733.05,277,150,0
2025-09-08 11:50:00+00:00,23733.25,23733.75,23725.35,23726.95,300,150,0
2025-09-08 11:55:00+00:00,23726.65,23731.35,23724.45,23730.75,346,160,0
2025-09-08 12:00:00+00:00,23731.15,23732.45,23724.55,23727.75,366,160,0
2025-09-08 12:05:00+00:00,23727.95,23727.95,23722.45,23724.75,322,160,0
2025-09-08 12:10:00+00:00,23724.85,23731.35,23721.25,23728.85,397,160,0
2025-09-08 12:15:00+00:00,23728.65,23732.05,23727.15,23731.75,284,150,0
2025-09-08 12:20:00+00:00,23731.55,23735.55,23729.75,23734.25,252,150,0
2025-09-08 12:25:00+00:00,23733.95,23736.45,23729.05,23729.75,266,150,0
2025-09-08 12:30:00+00:00,23729.95,23735.05,23727.95,23733.95,293,150,0
2025-09-08 12:35:00+00:00,23734.05,23734.45,23729.95,23731.15,270,150,0
2025-09-08 12:40:00+00:00,23731.25,23735.15,23726.95,23731.55,272,150,0
2025-09-08 12:45:00+00:00,23731.65,23738.65,23730.95,23738.25,252,150,0
2025-09-08 12:50:00+00:00,23738.45,23751.35,23738.25,23750.35,396,150,0
2025-09-08 12:55:00+00:00,23750.25,23751.15,23744.65,23747.25,361,150,0
2025-09-08 13:00:00+00:00,23747.15,23748.45,23742.35,23743.25,396,160,0
2025-09-08 13:05:00+00:00,23743.35,23748.85,23740.45,23748.75,322,160,0
2025-09-08 13:10:00+00:00,23748.45,23753.05,23746.45,23752.35,332,150,0
2025-09-08 13:15:00+00:00,23752.25,23752.45,23743.15,23746.45,366,160,0
2025-09-08 13:20:00+00:00,23746.95,23751.85,23745.45,23749.15,300,160,0
2025-09-08 13:25:00+00:00,23748.95,23749.35,23745.25,23746.25,281,150,0
2025-09-08 13:30:00+00:00,23746.55,23752.65,23744.25,23751.75,355,150,0
2025-09-08 13:35:00+00:00,23751.85,23756.15,23745.95,23747.45,390,160,0
2025-09-08 13:40:00+00:00,23747.65,23749.75,23745.25,23749.45,293,150,0
2025-09-08 13:45:00+00:00,23749.25,23749.75,23742.05,23745.45,297,150,0
2025-09-08 13:50:00+00:00,23745.35,23746.85,23740.75,23741.55,259,150,0
2025-09-08 13:55:00+00:00,23741.65,23742.25,23735.55,23738.05,358,150,0
2025-09-08 14:00:00+00:00,23737.95,23739.35,23731.45,23737.35,567,150,0
2025-09-08 14:05:00+00:00,23737.85,23742.85,23735.95,23739.65,359,160,0
2025-09-08 14:10:00+00:00,23740.15,23747.45,23739.45,23747.25,364,160,0
2025-09-08 14:15:00+00:00,23747.35,23747.65,23738.35,23742.65,376,160,0
2025-09-08 14:20:00+00:00,23743.15,23743.45,23734.75,23735.05,269,150,0
2025-09-08 14:25:00+00:00,23735.15,23744.95,23734.55,23743.45,320,150,0
2025-09-08 14:30:00+00:00,23743.25,23748.15,23738.65,23738.65,306,150,0
2025-09-08 14:35:00+00:00,23738.45,23743.35,23737.15,23738.85,334,160,0
2025-09-08 14:40:00+00:00,23739.25,23743.25,23739.15,23742.35,296,160,0
2025-09-08 14:45:00+00:00,23742.25,23743.45,23733.85,23737.75,389,160,0
2025-09-08 14:50:00+00:00,23737.45,23743.75,23735.45,23740.95,300,150,0
2025-09-08 14:55:00+00:00,23741.25,23745.25,23727.05,23728.65,461,160,0
2025-09-08 15:00:00+00:00,23729.15,23734.05,23726.05,23731.05,583,170,0
2025-09-08 15:05:00+00:00,23730.65,23730.65,23715.35,23723.25,707,170,0
2025-09-08 15:10:00+00:00,23723.35,23723.35,23710.65,23712.85,621,180,0
2025-09-08 15:15:00+00:00,23712.75,23721.35,23710.75,23716.15,616,170,0
2025-09-08 15:20:00+00:00,23716.65,23720.85,23710.15,23715.35,541,170,0
2025-09-08 15:25:00+00:00,23715.25,23720.85,23714.85,23719.95,476,170,0
2025-09-08 15:30:00+00:00,23719.85,23734.45,23719.15,23729.95,675,170,0
2025-09-08 15:35:00+00:00,23729.85,23732.05,23723.95,23727.55,530,170,0
2025-09-08 15:40:00+00:00,23727.45,23727.95,23721.95,23725.65,556,170,0
2025-09-08 15:45:00+00:00,23725.85,23734.55,23720.85,23733.55,609,170,0
2025-09-08 15:50:00+00:00,23733.65,23738.05,23730.65,23736.55,535,170,0
2025-09-08 15:55:00+00:00,23736.65,23745.05,23735.05,23744.65,696,170,0
2025-09-08 16:00:00+00:00,23744.05,23747.95,23739.25,23747.05,599,170,0
2025-09-08 16:05:00+00:00,23746.95,23747.55,23738.45,23738.65,481,160,0
2025-09-08 16:10:00+00:00,23738.35,23748.55,23733.35,23747.15,651,160,0
2025-09-08 16:15:00+00:00,23747.25,23752.65,23745.75,23751.75,588,170,0
2025-09-08 16:20:00+00:00,23752.25,23759.25,23749.35,23751.55,654,170,0
2025-09-08 16:25:00+00:00,23751.35,23760.35,23743.75,23749.45,878,180,0
2025-09-08 16:30:00+00:00,23749.65,23786.85,23739.55,23786.35,1633,80,0
2025-09-08 16:35:00+00:00,23786.45,23812.55,23763.55,23769.55,1566,120,0
2025-09-08 16:40:00+00:00,23769.85,23811.45,23769.85,23797.55,1561,120,0
2025-09-08 16:45:00+00:00,23799.05,23817.95,23781.05,23815.65,1578,120,0
2025-09-08 16:50:00+00:00,23815.35,23831.85,23796.65,23831.15,1532,120,0
2025-09-08 16:55:00+00:00,23830.35,23842.55,23811.35,23812.55,1417,120,0
2025-09-08 17:00:00+00:00,23812.15,23823.85,23793.55,23822.95,1529,120,0
2025-09-08 17:05:00+00:00,23823.05,23835.05,23813.05,23820.65,1467,120,0
2025-09-08 17:10:00+00:00,23820.55,23827.05,23805.35,23808.05,1456,120,0
2025-09-08 17:15:00+00:00,23807.55,23811.35,23777.65,23783.35,1468,120,0
2025-09-08 17:20:00+00:00,23783.05,23796.85,23772.85,23789.85,1450,120,0
2025-09-08 17:25:00+00:00,23790.05,23834.55,23789.05,23829.65,1276,110,0
2025-09-08 17:30:00+00:00,23829.15,23845.85,23819.35,23824.35,1299,100,0
2025-09-08 17:35:00+00:00,23824.05,23845.75,23819.35,23839.05,1296,80,0
2025-09-08 17:40:00+00:00,23839.75,23852.75,23836.75,23847.25,1194,80,0
2025-09-08 17:45:00+00:00,23847.55,23854.15,23840.25,23843.75,1180,80,0
2025-09-08 17:50:00+00:00,23843.25,23843.25,23830.25,23838.55,1167,80,0
2025-09-08 17:55:00+00:00,23839.05,23846.55,23824.75,23826.55,1135,80,0
2025-09-08 18:00:00+00:00,23826.25,23834.35,23821.55,23828.25,1239,80,0
2025-09-08 18:05:00+00:00,23828.55,23835.05,23825.55,23832.05,1099,80,0
2025-09-08 18:10:00+00:00,23832.25,23847.25,23832.25,23840.05,1098,80,0
2025-09-08 18:15:00+00:00,23839.35,23840.55,23812.05,23815.75,1186,80,0
2025-09-08 18:20:00+00:00,23816.55,23821.55,23810.55,23817.05,1147,80,0
2025-09-08 18:25:00+00:00,23816.75,23843.75,23815.25,23842.75,1100,80,0
2025-09-08 18:30:00+00:00,23842.55,23849.85,23833.55,23837.05,1078,80,0
2025-09-08 18:35:00+00:00,23837.25,23841.75,23826.75,23832.75,1013,80,0
2025-09-08 18:40:00+00:00,23833.05,23833.05,23820.55,23823.35,950,80,0
2025-09-08 18:45:00+00:00,23823.05,23825.75,23792.65,23805.95,1240,80,0
2025-09-08 18:50:00+00:00,23805.65,23827.35,23800.65,23824.25,1096,80,0
2025-09-08 18:55:00+00:00,23824.15,23837.35,23824.05,23835.05,957,80,0
2025-09-08 19:00:00+00:00,23834.75,23835.55,23814.25,23817.65,1076,80,0
2025-09-08 19:05:00+00:00,23817.75,23820.25,23805.25,23807.55,1074,80,0
2025-09-08 19:10:00+00:00,23807.75,23814.35,23803.65,23805.55,973,80,0
2025-09-08 19:15:00+00:00,23804.25,23804.55,23788.25,23796.55,1080,80,0
2025-09-08 19:20:00+00:00,23797.75,23802.75,23788.35,23791.65,1003,80,0
2025-09-08 19:25:00+00:00,23792.75,23795.75,23783.55,23793.15,1053,80,0
2025-09-08 19:30:00+00:00,23791.75,23799.25,23766.05,23773.35,1133,80,0
2025-09-08 19:35:00+00:00,23773.45,23778.65,23752.55,23769.75,1137,80,0
2025-09-08 19:40:00+00:00,23768.65,23785.05,23762.65,23775.55,1037,80,0
2025-09-08 19:45:00+00:00,23775.25,23775.25,23755.05,23759.25,1022,80,0
2025-09-08 19:50:00+00:00,23759.75,23779.05,23759.55,23779.05,974,80,0
2025-09-08 19:55:00+00:00,23778.75,23783.75,23763.05,23773.55,1049,80,0
2025-09-08 20:00:00+00:00,23773.75,23777.25,23753.55,23755.75,1026,80,0
2025-09-08 20:05:00+00:00,23756.55,23764.15,23747.35,23754.55,1073,80,0
2025-09-08 20:10:00+00:00,23754.75,23767.75,23749.75,23750.25,989,80,0
2025-09-08 20:15:00+00:00,23752.05,23765.55,23749.25,23764.25,997,80,0
2025-09-08 20:20:00+00:00,23764.15,23777.85,23760.25,23776.45,930,80,0
2025-09-08 20:25:00+00:00,23776.35,23779.55,23763.05,23768.35,1002,80,0
2025-09-08 20:30:00+00:00,23768.05,23774.95,23763.35,23767.35,936,80,0
2025-09-08 20:35:00+00:00,23767.45,23771.35,23761.55,23762.05,848,80,0
2025-09-08 20:40:00+00:00,23762.35,23766.85,23755.55,23766.05,906,80,0
2025-09-08 20:45:00+00:00,23765.85,23767.45,23750.55,23751.85,934,80,0
2025-09-08 20:50:00+00:00,23752.15,23755.55,23726.15,23748.35,1105,80,0
2025-09-08 20:55:00+00:00,23748.05,23752.95,23738.65,23746.15,1010,80,0
2025-09-08 21:00:00+00:00,23746.35,23748.15,23737.15,23739.85,982,80,0
2025-09-08 21:05:00+00:00,23740.15,23751.65,23736.35,23745.85,972,80,0
2025-09-08 21:10:00+00:00,23745.65,23768.15,23745.15,23763.15,969,80,0
2025-09-08 21:15:00+00:00,23762.85,23777.45,23760.85,23775.35,858,80,0
2025-09-08 21:20:00+00:00,23775.15,23783.15,23771.85,23772.75,888,80,0
2025-09-08 21:25:00+00:00,23772.85,23777.65,23766.15,23775.95,853,80,0
2025-09-08 21:30:00+00:00,23776.25,23780.15,23767.85,23773.85,771,80,0
2025-09-08 21:35:00+00:00,23774.15,23776.65,23761.15,23761.35,761,80,0
2025-09-08 21:40:00+00:00,23761.45,23765.45,23751.35,23764.85,903,80,0
2025-09-08 21:45:00+00:00,23764.25,23774.35,23763.15,23768.85,809,80,0
2025-09-08 21:50:00+00:00,23769.45,23772.35,23756.35,23758.35,732,80,0
2025-09-08 21:55:00+00:00,23758.15,23764.95,23753.65,23757.15,739,80,0
2025-09-08 22:00:00+00:00,23756.85,23757.65,23748.75,23755.15,886,80,0
2025-09-08 22:05:00+00:00,23755.25,23759.95,23750.45,23750.65,802,80,0
2025-09-08 22:10:00+00:00,23750.85,23753.35,23727.35,23733.65,1039,80,0
2025-09-08 22:15:00+00:00,23733.75,23739.35,23727.35,23731.85,1042,80,0
2025-09-08 22:20:00+00:00,23732.15,23736.25,23723.85,23732.35,960,80,0
2025-09-08 22:25:00+00:00,23731.85,23735.65,23727.25,23734.15,801,80,0
2025-09-08 22:30:00+00:00,23734.95,23753.65,23734.45,23734.45,1050,80,0
2025-09-08 22:35:00+00:00,23734.35,23756.95,23734.35,23754.65,917,80,0
2025-09-08 22:40:00+00:00,23754.45,23766.45,23753.75,23763.15,951,80,0
2025-09-08 22:45:00+00:00,23763.35,23774.85,23763.15,23774.35,837,80,0
2025-09-08 22:50:00+00:00,23766.65,23766.65,23749.25,23758.95,1130,80,0
2025-09-08 22:55:00+00:00,23760.25,23767.85,23748.65,23766.25,1232,80,0
2025-09-08 23:00:00+00:00,23766.65,23770.06,23758.16,23761.56,802,80,0
2025-09-08 23:05:00+00:00,23761.26,23773.16,23759.96,23772.56,541,188,0
2025-09-08 23:10:00+00:00,23771.96,23771.96,23763.66,23767.76,456,188,0
2025-09-08 23:15:00+00:00,23767.56,23767.56,23761.46,23762.66,275,168,0
2025-09-08 23:20:00+00:00,23762.16,23764.96,23759.66,23762.16,230,168,0
2025-09-08 23:25:00+00:00,23762.06,23766.06,23761.66,23764.46,142,168,0
2025-09-08 23:30:00+00:00,23764.06,23766.06,23763.16,23764.46,164,168,0
2025-09-08 23:35:00+00:00,23764.56,23764.56,23760.46,23761.46,168,168,0
2025-09-08 23:40:00+00:00,23761.26,23761.96,23756.96,23757.76,156,168,0
2025-09-08 23:45:00+00:00,23757.66,23761.16,23757.56,23757.76,170,168,0
2025-09-09 01:05:00+00:00,23778.76,23784.36,23776.26,23779.46,232,178,0
2025-09-09 01:10:00+00:00,23779.56,23782.26,23776.76,23780.66,116,178,0
2025-09-09 01:15:00+00:00,23781.56,23782.86,23775.26,23782.66,138,168,0
2025-09-09 01:20:00+00:00,23782.86,23785.56,23781.96,23785.56,157,168,0
2025-09-09 01:25:00+00:00,23785.46,23786.46,23781.16,23781.16,150,168,0
2025-09-09 01:30:00+00:00,23781.36,23787.96,23780.96,23787.96,163,168,0
2025-09-09 01:35:00+00:00,23789.46,23789.86,23785.16,23785.66,159,168,0
2025-09-09 01:40:00+00:00,23785.46,23789.46,23785.46,23788.16,123,168,0
2025-09-09 01:45:00+00:00,23788.36,23794.56,23786.96,23793.66,217,168,0
2025-09-09 01:50:00+00:00,23793.56,23793.66,23784.16,23786.36,188,168,0
2025-09-09 01:55:00+00:00,23786.66,23791.46,23786.36,23790.96,122,168,0
2025-09-09 02:00:00+00:00,23791.05,23795.75,23790.65,23790.65,208,150,0
2025-09-09 02:05:00+00:00,23790.75,23792.45,23787.05,23787.05,113,150,0
2025-09-09 02:10:00+00:00,23787.25,23793.05,23787.25,23790.05,126,150,0
2025-09-09 02:15:00+00:00,23790.25,23792.95,23787.55,23788.55,134,150,0
2025-09-09 02:20:00+00:00,23788.65,23789.25,23784.45,23784.45,164,150,0
2025-09-09 02:25:00+00:00,23784.25,23784.75,23781.65,23784.25,137,150,0
2025-09-09 02:30:00+00:00,23784.45,23787.15,23780.15,23780.75,156,150,0
2025-09-09 02:35:00+00:00,23780.25,23784.75,23779.45,23782.25,179,150,0
2025-09-09 02:40:00+00:00,23782.75,23782.95,23770.85,23771.25,212,150,0
2025-09-09 02:45:00+00:00,23770.95,23776.95,23769.95,23775.15,232,150,0
2025-09-09 02:50:00+00:00,23775.75,23778.75,23772.15,23777.45,204,150,0
2025-09-09 02:55:00+00:00,23777.25,23778.95,23772.75,23773.55,184,150,0
2025-09-09 03:00:00+00:00,23773.45,23783.35,23769.45,23780.35,678,150,0
2025-09-09 03:05:00+00:00,23780.25,23785.45,23777.05,23785.45,471,160,0
2025-09-09 03:10:00+00:00,23784.65,23792.65,23783.45,23792.65,389,160,0
2025-09-09 03:15:00+00:00,23792.25,23792.25,23776.65,23782.85,357,160,0
2025-09-09 03:20:00+00:00,23782.75,23782.85,23777.35,23777.95,257,160,0
2025-09-09 03:25:00+00:00,23778.25,23781.55,23776.75,23780.55,175,150,0
2025-09-09 03:30:00+00:00,23780.45,23780.55,23776.75,23778.45,237,150,0
2025-09-09 03:35:00+00:00,23778.65,23781.15,23777.65,23778.45,229,150,0
2025-09-09 03:40:00+00:00,23777.25,23780.15,23773.55,23778.25,237,150,0
2025-09-09 03:45:00+00:00,23777.95,23778.75,23773.65,23778.75,265,160,0
2025-09-09 03:50:00+00:00,23778.85,23781.25,23777.25,23778.75,203,150,0
2025-09-09 03:55:00+00:00,23779.25,23779.45,23771.25,23773.25,238,150,0
2025-09-09 04:00:00+00:00,23772.35,23774.25,23769.85,23771.95,312,160,0
2025-09-09 04:05:00+00:00,23772.25,23777.75,23771.45,23775.25,274,150,0
2025-09-09 04:10:00+00:00,23774.75,23776.55,23771.45,23774.05,233,150,0
2025-09-09 04:15:00+00:00,23773.95,23774.05,23769.95,23771.95,284,150,0
2025-09-09 04:20:00+00:00,23771.75,23772.05,23761.25,23761.95,324,150,0
2025-09-09 04:25:00+00:00,23762.15,23764.65,23756.95,23762.85,398,160,0
2025-09-09 04:30:00+00:00,23762.85,23765.65,23760.35,23761.25,384,160,0
2025-09-09 04:35:00+00:00,23761.45,23766.45,23760.85,23762.25,296,150,0
2025-09-09 04:40:00+00:00,23762.05,23770.25,23760.75,23769.75,375,150,0
2025-09-09 04:45:00+00:00,23768.95,23776.35,23768.75,23774.25,398,160,0
2025-09-09 04:50:00+00:00,23774.45,23780.65,23770.55,23779.65,334,150,0
2025-09-09 04:55:00+00:00,23779.75,23784.15,23779.15,23779.55,321,150,0
2025-09-09 05:00:00+00:00,23779.65,23787.15,23779.65,23783.45,251,150,0
2025-09-09 05:05:00+00:00,23783.55,23790.05,23783.05,23789.55,247,150,0
2025-09-09 05:10:00+00:00,23789.75,23796.15,23789.25,23795.05,324,150,0
2025-09-09 05:15:00+00:00,23795.45,23800.45,23793.95,23799.95,305,150,0
2025-09-09 05:20:00+00:00,23799.75,23800.15,23794.25,23795.95,289,150,0
2025-09-09 05:25:00+00:00,23796.15,23798.75,23794.95,23798.45,252,150,0
2025-09-09 05:30:00+00:00,23798.25,23813.15,23797.05,23799.35,396,150,0
2025-09-09 05:35:00+00:00,23799.65,23800.35,23794.45,23797.65,237,150,0
2025-09-09 05:40:00+00:00,23797.75,23801.25,23796.05,23800.05,199,150,0
2025-09-09 05:45:00+00:00,23799.95,23801.05,23796.65,23798.25,209,150,0
2025-09-09 05:50:00+00:00,23798.15,23799.25,23790.95,23793.95,260,150,0
2025-09-09 05:55:00+00:00,23794.15,23795.45,23792.45,23793.55,220,150,0
2025-09-09 06:00:00+00:00,23793.25,23795.75,23792.55,23794.55,200,150,0
2025-09-09 06:05:00+00:00,23794.75,23795.75,23792.75,23795.25,199,150,0
2025-09-09 06:10:00+00:00,23795.45,23801.95,23794.55,23797.55,271,150,0
2025-09-09 06:15:00+00:00,23797.25,23801.25,23796.15,23799.45,179,150,0
2025-09-09 06:20:00+00:00,23799.25,23804.15,23797.95,23800.05,200,150,0
2025-09-09 06:25:00+00:00,23799.55,23802.75,23798.75,23802.55,211,150,0
2025-09-09 06:30:00+00:00,23802.75,23808.05,23802.25,23807.25,308,150,0
2025-09-09 06:35:00+00:00,23807.05,23807.55,23803.65,23804.25,218,150,0
2025-09-09 06:40:00+00:00,23804.55,23807.05,23803.55,23804.75,167,150,0
2025-09-09 06:45:00+00:00,23805.25,23808.05,23805.05,23806.75,175,150,0
2025-09-09 06:50:00+00:00,23806.95,23807.05,23802.45,23802.55,165,150,0
2025-09-09 06:55:00+00:00,23802.15,23805.15,23802.05,23805.05,131,150,0
2025-09-09 07:00:00+00:00,23805.25,23806.45,23799.05,23799.65,203,150,0
2025-09-09 07:05:00+00:00,23799.55,23804.75,23799.55,23800.25,117,150,0
2025-09-09 07:10:00+00:00,23800.55,23802.25,23800.45,23802.05,110,150,0
2025-09-09 07:15:00+00:00,23802.25,23803.75,23802.25,23802.55,93,150,0
2025-09-09 07:20:00+00:00,23802.65,23805.15,23800.95,23804.75,95,150,0
2025-09-09 07:25:00+00:00,23805.05,23805.65,23800.25,23800.45,146,150,0
2025-09-09 07:30:00+00:00,23800.25,23803.45,23799.15,23801.05,96,150,0
2025-09-09 07:35:00+00:00,23801.15,23801.75,23799.75,23800.55,120,150,0
2025-09-09 07:40:00+00:00,23800.25,23800.55,23797.15,23798.15,119,150,0
2025-09-09 07:45:00+00:00,23798.25,23801.05,23796.45,23800.75,133,150,0
2025-09-09 07:50:00+00:00,23800.65,23804.45,23800.55,23802.25,119,150,0
2025-09-09 07:55:00+00:00,23802.45,23805.45,23801.45,23803.65,112,150,0
2025-09-09 08:00:00+00:00,23803.55,23803.55,23798.75,23801.55,233,150,0
2025-09-09 08:05:00+00:00,23801.45,23801.55,23798.45,23799.55,310,150,0
2025-09-09 08:10:00+00:00,23799.75,23802.75,23798.75,23799.75,302,150,0
2025-09-09 08:15:00+00:00,23799.55,23799.75,23788.95,23794.15,306,150,0
2025-09-09 08:20:00+00:00,23794.25,23794.65,23781.15,23787.65,390,150,0
2025-09-09 08:25:00+00:00,23787.45,23787.55,23780.95,23784.75,292,150,0
2025-09-09 08:30:00+00:00,23784.65,23795.25,23784.65,23790.75,316,150,0
2025-09-09 08:35:00+00:00,23790.95,23792.15,23787.15,23790.95,216,160,0
2025-09-09 08:40:00+00:00,23791.15,23792.35,23785.15,23791.75,254,150,0
2025-09-09 08:45:00+00:00,23791.45,23794.25,23789.55,23791.95,243,150,0
2025-09-09 08:50:00+00:00,23791.75,23802.05,23791.05,23802.05,270,150,0
2025-09-09 08:55:00+00:00,23802.15,23807.95,23799.45,23800.45,299,150,0
2025-09-09 09:00:00+00:00,23800.35,23808.95,23796.15,23806.55,394,160,0
2025-09-09 09:05:00+00:00,23807.05,23811.15,23805.25,23809.75,392,160,0
2025-09-09 09:10:00+00:00,23809.95,23818.45,23809.25,23817.15,357,160,0
2025-09-09 09:15:00+00:00,23816.95,23820.45,23808.15,23812.05,435,170,0
2025-09-09 09:20:00+00:00,23812.35,23816.65,23810.05,23816.45,341,170,0
2025-09-09 09:25:00+00:00,23816.65,23818.15,23814.65,23814.75,327,160,0
2025-09-09 09:30:00+00:00,23814.45,23816.45,23810.15,23815.45,357,160,0
2025-09-09 09:35:00+00:00,23815.65,23820.15,23807.65,23818.15,350,170,0
2025-09-09 09:40:00+00:00,23818.25,23818.85,23809.45,23811.35,275,160,0
2025-09-09 09:45:00+00:00,23810.75,23818.45,23810.25,23813.25,257,160,0
2025-09-09 09:50:00+00:00,23813.15,23821.35,23812.75,23817.65,359,150,0
2025-09-09 09:55:00+00:00,23817.55,23818.85,23813.35,23815.75,286,160,0
2025-09-09 10:00:00+00:00,23815.95,23820.55,23812.45,23816.15,608,160,0
2025-09-09 10:05:00+00:00,23816.25,23821.85,23813.25,23821.05,446,170,0
2025-09-09 10:10:00+00:00,23821.15,23829.45,23820.35,23829.45,462,150,0
2025-09-09 10:15:00+00:00,23829.65,23831.85,23826.65,23828.45,447,160,0
2025-09-09 10:20:00+00:00,23828.35,23829.65,23824.95,23828.85,416,160,0
2025-09-09 10:25:00+00:00,23828.95,23836.45,23828.85,23832.95,472,160,0
2025-09-09 10:30:00+00:00,23832.85,23838.05,23828.05,23837.35,444,170,0
2025-09-09 10:35:00+00:00,23837.45,23850.85,23837.35,23837.45,535,160,0
2025-09-09 10:40:00+00:00,23837.85,23840.35,23821.15,23821.65,583,170,0
2025-09-09 10:45:00+00:00,23821.85,23823.65,23816.55,23818.65,574,170,0
2025-09-09 10:50:00+00:00,23818.55,23821.65,23816.55,23821.15,436,160,0
2025-09-09 10:55:00+00:00,23820.75,23822.45,23820.25,23821.15,352,150,0
2025-09-09 11:00:00+00:00,23821.25,23822.75,23818.95,23819.75,506,150,0
2025-09-09 11:05:00+00:00,23819.85,23820.35,23804.85,23805.05,580,160,0
2025-09-09 11:10:00+00:00,23805.15,23817.65,23804.85,23812.15,502,170,0
2025-09-09 11:15:00+00:00,23812.05,23815.35,23802.05,23808.95,739,170,0
2025-09-09 11:20:00+00:00,23809.95,23818.85,23807.05,23818.85,550,180,0
2025-09-09 11:25:00+00:00,23818.25,23819.95,23811.95,23814.95,525,170,0
2025-09-09 11:30:00+00:00,23815.05,23821.15,23811.95,23815.65,481,170,0
2025-09-09 11:35:00+00:00,23815.55,23818.45,23804.15,23806.35,542,170,0
2025-09-09 11:40:00+00:00,23806.05,23815.45,23803.85,23811.65,444,170,0
2025-09-09 11:45:00+00:00,23811.95,23812.15,23800.95,23801.85,491,170,0
2025-09-09 11:50:00+00:00,23801.45,23806.35,23800.05,23802.95,373,170,0
2025-09-09 11:55:00+00:00,23802.65,23809.25,23802.15,23808.95,349,160,0
2025-09-09 12:00:00+00:00,23808.15,23813.85,23805.15,23810.35,463,160,0
2025-09-09 12:05:00+00:00,23810.65,23813.85,23802.15,23802.35,399,160,0
2025-09-09 12:10:00+00:00,23802.45,23816.45,23801.85,23815.85,363,160,0
2025-09-09 12:15:00+00:00,23816.15,23820.85,23813.85,23816.95,362,150,0
2025-09-09 12:20:00+00:00,23817.25,23818.95,23809.95,23813.35,310,150,0
2025-09-09 12:25:00+00:00,23813.25,23819.55,23811.35,23813.15,336,160,0
2025-09-09 12:30:00+00:00,23813.25,23816.85,23812.65,23813.85,271,160,0
2025-09-09 12:35:00+00:00,23813.95,23818.25,23813.45,23817.65,285,150,0
2025-09-09 12:40:00+00:00,23817.75,23821.85,23812.45,23815.25,387,150,0
2025-09-09 12:45:00+00:00,23815.35,23818.45,23811.65,23817.95,326,160,0
2025-09-09 12:50:00+00:00,23817.85,23818.45,23810.45,23811.75,335,150,0
2025-09-09 12:55:00+00:00,23811.45,23814.75,23808.15,23809.95,335,160,0
2025-09-09 13:00:00+00:00,23810.15,23812.75,23807.75,23809.45,306,150,0
2025-09-09 13:05:00+00:00,23809.65,23817.65,23809.65,23817.15,289,150,0
2025-09-09 13:10:00+00:00,23816.65,23821.45,23814.65,23819.25,301,150,0
2025-09-09 13:15:00+00:00,23819.55,23821.85,23817.45,23817.55,307,150,0
2025-09-09 13:20:00+00:00,23817.75,23820.95,23817.55,23818.25,242,150,0
2025-09-09 13:25:00+00:00,23818.45,23821.25,23812.75,23812.95,219,150,0
2025-09-09 13:30:00+00:00,23813.25,23814.85,23806.85,23814.15,345,150,0
2025-09-09 13:35:00+00:00,23814.25,23820.15,23812.15,23819.65,362,160,0
2025-09-09 13:40:00+00:00,23819.85,23822.75,23818.85,23822.05,230,150,0
2025-09-09 13:45:00+00:00,23821.95,23822.95,23809.45,23809.45,331,150,0
2025-09-09 13:50:00+00:00,23809.15,23812.15,23803.95,23806.95,365,160,0
2025-09-09 13:55:00+00:00,23806.85,23811.45,23804.95,23811.45,306,150,0
2025-09-09 14:00:00+00:00,23811.25,23811.25,23802.15,23802.15,376,150,0
2025-09-09 14:05:00+00:00,23801.65,23808.65,23800.65,23806.45,385,160,0
2025-09-09 14:10:00+00:00,23806.15,23808.55,23794.85,23796.85,435,170,0
2025-09-09 14:15:00+00:00,23797.15,23797.15,23778.25,23780.55,670,170,0
2025-09-09 14:20:00+00:00,23780.15,23791.35,23777.65,23788.75,688,180,0
2025-09-09 14:25:00+00:00,23788.65,23790.95,23785.65,23786.95,424,160,0
2025-09-09 14:30:00+00:00,23786.85,23798.35,23786.65,23797.25,507,160,0
2025-09-09 14:35:00+00:00,23796.95,23799.45,23792.75,23798.95,389,160,0
2025-09-09 14:40:00+00:00,23799.15,23802.65,23796.95,23801.95,358,160,0
2025-09-09 14:45:00+00:00,23801.85,23815.35,23801.45,23813.85,599,160,0
2025-09-09 14:50:00+00:00,23813.65,23816.15,23811.75,23813.65,463,160,0
2025-09-09 14:55:00+00:00,23813.45,23818.95,23810.75,23815.35,425,160,0
2025-09-09 15:00:00+00:00,23815.15,23815.75,23804.35,23814.15,579,160,0
2025-09-09 15:05:00+00:00,23814.35,23815.15,23811.25,23812.45,361,160,0
2025-09-09 15:10:00+00:00,23812.75,23822.15,23811.65,23819.35,449,160,0
2025-09-09 15:15:00+00:00,23819.65,23822.25,23813.45,23815.75,397,150,0
2025-09-09 15:20:00+00:00,23815.85,23820.65,23811.45,23811.45,473,160,0
2025-09-09 15:25:00+00:00,23811.35,23818.35,23807.55,23817.65,514,160,0
2025-09-09 15:30:00+00:00,23817.75,23817.85,23800.85,23808.55,735,160,0
2025-09-09 15:35:00+00:00,23808.15,23817.55,23807.35,23815.75,660,180,0
2025-09-09 15:40:00+00:00,23815.55,23817.05,23805.75,23808.35,626,180,0
2025-09-09 15:45:00+00:00,23808.55,23811.25,23804.05,23805.05,572,170,0
2025-09-09 15:50:00+00:00,23805.15,23807.15,23800.05,23805.05,589,170,0
2025-09-09 15:55:00+00:00,23805.65,23809.45,23803.85,23805.05,545,170,0
2025-09-09 16:00:00+00:00,23804.95,23806.05,23766.65,23773.15,943,170,0
2025-09-09 16:05:00+00:00,23772.95,23793.25,23766.45,23793.25,1227,210,0
2025-09-09 16:10:00+00:00,23793.75,23793.85,23781.45,23788.55,973,200,0
2025-09-09 16:15:00+00:00,23788.45,23790.75,23782.05,23785.35,858,190,0
2025-09-09 16:20:00+00:00,23785.25,23791.45,23776.25,23783.95,904,190,0
2025-09-09 16:25:00+00:00,23782.05,23803.45,23782.05,23800.45,1003,190,0
2025-09-09 16:30:00+00:00,23802.15,23822.85,23789.45,23808.95,1614,80,0
2025-09-09 16:35:00+00:00,23808.85,23813.85,23791.15,23800.15,1578,120,0
2025-09-09 16:40:00+00:00,23800.55,23809.15,23784.05,23808.55,1517,120,0
2025-09-09 16:45:00+00:00,23808.15,23813.85,23791.05,23795.45,1463,120,0
2025-09-09 16:50:00+00:00,23795.05,23797.45,23770.85,23773.45,1479,120,0
2025-09-09 16:55:00+00:00,23773.55,23799.45,23767.55,23780.05,1417,120,0
2025-09-09 17:00:00+00:00,23780.55,23799.35,23748.85,23761.65,1603,120,0
2025-09-09 17:05:00+00:00,23762.15,23799.65,23755.55,23797.85,1525,120,0
2025-09-09 17:10:00+00:00,23796.55,23816.55,23793.35,23801.95,1483,120,0
2025-09-09 17:15:00+00:00,23800.65,23807.35,23776.85,23783.05,1466,120,0
2025-09-09 17:20:00+00:00,23782.85,23793.65,23781.55,23784.35,1446,120,0
2025-09-09 17:25:00+00:00,23786.05,23788.85,23765.55,23776.55,1387,120,0
2025-09-09 17:30:00+00:00,23776.85,23778.05,23719.65,23719.85,1424,120,0
2025-09-09 17:35:00+00:00,23720.05,23727.35,23700.85,23708.85,1481,120,0
2025-09-09 17:40:00+00:00,23708.55,23723.95,23693.05,23709.95,1439,120,0
2025-09-09 17:45:00+00:00,23710.05,23730.35,23702.85,23726.85,1410,120,0
2025-09-09 17:50:00+00:00,23727.15,23755.05,23707.05,23754.35,1375,120,0
2025-09-09 17:55:00+00:00,23753.85,23766.55,23751.85,23752.05,1319,110,0
2025-09-09 18:00:00+00:00,23751.05,23768.85,23731.85,23738.15,1393,120,0
2025-09-09 18:05:00+00:00,23736.65,23743.85,23718.45,23738.55,1318,120,0
2025-09-09 18:10:00+00:00,23736.65,23750.25,23729.55,23742.75,1248,80,0
2025-09-09 18:15:00+00:00,23742.25,23756.25,23742.25,23748.75,1188,80,0
2025-09-09 18:20:00+00:00,23749.05,23756.65,23740.25,23745.15,1092,80,0
2025-09-09 18:25:00+00:00,23745.25,23753.75,23740.55,23750.25,1135,80,0
2025-09-09 18:30:00+00:00,23750.55,23752.35,23736.85,23740.05,1247,80,0
2025-09-09 18:35:00+00:00,23739.75,23744.05,23730.75,23735.75,1141,80,0
2025-09-09 18:40:00+00:00,23736.05,23737.25,23720.15,23727.05,1172,80,0
2025-09-09 18:45:00+00:00,23727.25,23741.55,23724.35,23725.55,1200,80,0
2025-09-09 18:50:00+00:00,23726.25,23774.05,23726.25,23772.05,1157,80,0
2025-09-09 18:55:00+00:00,23771.35,23778.65,23750.25,23751.05,1253,80,0
2025-09-09 19:00:00+00:00,23750.75,23767.55,23748.05,23764.25,1189,80,0
2025-09-09 19:05:00+00:00,23763.75,23773.35,23761.65,23772.75,1031,80,0
2025-09-09 19:10:00+00:00,23772.55,23787.35,23772.25,23786.05,1080,80,0
2025-09-09 19:15:00+00:00,23785.75,23799.65,23781.55,23783.25,1125,80,0
2025-09-09 19:20:00+00:00,23784.05,23784.25,23761.75,23778.75,1123,80,0
2025-09-09 19:25:00+00:00,23778.55,23787.65,23776.05,23784.15,962,80,0
2025-09-09 19:30:00+00:00,23785.05,23786.65,23777.55,23786.25,1021,80,0
2025-09-09 19:35:00+00:00,23786.05,23787.15,23780.25,23785.25,873,80,0
2025-09-09 19:40:00+00:00,23784.55,23788.25,23776.05,23778.05,912,80,0
2025-09-09 19:45:00+00:00,23777.75,23789.35,23773.75,23783.55,953,80,0
2025-09-09 19:50:00+00:00,23783.05,23785.55,23772.55,23777.25,907,80,0
2025-09-09 19:55:00+00:00,23778.35,23795.75,23778.25,23787.25,910,80,0
2025-09-09 20:00:00+00:00,23787.55,23803.35,23787.55,23801.55,1007,80,0
2025-09-09 20:05:00+00:00,23801.25,23812.05,23800.85,23809.05,999,80,0
2025-09-09 20:10:00+00:00,23809.25,23821.35,23805.55,23805.55,1052,80,0
2025-09-09 20:15:00+00:00,23806.25,23818.35,23805.55,23806.35,982,80,0
2025-09-09 20:20:00+00:00,23806.75,23816.05,23805.05,23815.75,950,80,0
2025-09-09 20:25:00+00:00,23815.55,23820.25,23807.85,23808.25,946,80,0
2025-09-09 20:30:00+00:00,23808.75,23813.55,23799.75,23800.75,1022,80,0
2025-09-09 20:35:00+00:00,23800.55,23805.85,23795.05,23803.75,991,80,0
2025-09-09 20:40:00+00:00,23803.55,23804.85,23793.15,23800.25,987,80,0
2025-09-09 20:45:00+00:00,23800.05,23810.55,23798.55,23805.55,1024,80,0
2025-09-09 20:50:00+00:00,23806.05,23812.05,23803.35,23810.05,862,80,0
2025-09-09 20:55:00+00:00,23809.85,23813.05,23804.65,23805.85,855,80,0
2025-09-09 21:00:00+00:00,23806.05,23811.55,23803.65,23808.05,857,80,0
2025-09-09 21:05:00+00:00,23808.25,23814.75,23807.75,23813.55,815,80,0
2025-09-09 21:10:00+00:00,23813.35,23815.35,23790.55,23810.25,1203,80,0
2025-09-09 21:15:00+00:00,23809.75,23813.25,23800.75,23807.85,1008,80,0
2025-09-09 21:20:00+00:00,23808.25,23813.15,23804.55,23807.25,892,80,0
2025-09-09 21:25:00+00:00,23807.55,23808.15,23798.55,23800.55,889,80,0
2025-09-09 21:30:00+00:00,23800.35,23805.25,23793.75,23795.35,920,80,0
2025-09-09 21:35:00+00:00,23795.55,23799.05,23791.15,23791.65,937,80,0
2025-09-09 21:40:00+00:00,23791.25,23801.35,23790.85,23795.25,941,80,0
2025-09-09 21:45:00+00:00,23795.75,23812.25,23795.75,23811.25,933,80,0
2025-09-09 21:50:00+00:00,23811.05,23814.55,23807.55,23812.75,843,80,0
2025-09-09 21:55:00+00:00,23813.05,23815.35,23807.35,23810.55,850,80,0
2025-09-09 22:00:00+00:00,23810.65,23814.75,23805.25,23813.15,935,80,0
2025-09-09 22:05:00+00:00,23813.05,23813.85,23805.35,23807.25,885,80,0
2025-09-09 22:10:00+00:00,23807.15,23809.15,23803.25,23805.25,881,80,0
2025-09-09 22:15:00+00:00,23805.35,23816.65,23805.35,23815.05,917,80,0
2025-09-09 22:20:00+00:00,23814.75,23825.65,23814.15,23821.55,899,80,0
2025-09-09 22:25:00+00:00,23821.35,23827.55,23821.25,23822.75,894,80,0
2025-09-09 22:30:00+00:00,23823.35,23827.35,23816.05,23825.55,873,80,0
2025-09-09 22:35:00+00:00,23825.35,23827.65,23812.35,23816.05,950,80,0
2025-09-09 22:40:00+00:00,23816.25,23816.25,23802.15,23812.55,933,80,0
2025-09-09 22:45:00+00:00,23812.25,23821.35,23811.15,23818.05,942,80,0
2025-09-09 22:50:00+00:00,23823.55,23841.75,23823.55,23836.85,1110,80,0
2025-09-09 22:55:00+00:00,23837.35,23853.55,23832.15,23833.75,1278,80,0
2025-09-09 23:00:00+00:00,23834.16,23837.16,23819.56,23824.06,803,98,0
2025-09-09 23:05:00+00:00,23823.86,23831.46,23814.36,23828.16,845,208,0
2025-09-09 23:10:00+00:00,23828.06,23846.56,23826.86,23843.66,887,198,0
2025-09-09 23:15:00+00:00,23842.66,23853.56,23837.16,23853.36,962,208,0
2025-09-09 23:20:00+00:00,23853.06,23860.86,23849.56,23857.16,796,218,0
2025-09-09 23:25:00+00:00,23857.36,23867.46,23853.36,23862.86,710,198,0
2025-09-09 23:30:00+00:00,23863.66,23867.56,23858.66,23866.06,637,198,0
2025-09-09 23:35:00+00:00,23865.66,23875.46,23865.06,23870.16,645,188,0
2025-09-09 23:40:00+00:00,23870.46,23881.36,23870.06,23874.66,592,188,0
2025-09-09 23:45:00+00:00,23874.46,23878.26,23866.46,23870.86,586,188,0
2025-09-10 01:05:00+00:00,23861.66,23873.56,23859.26,23873.36,368,198,0
2025-09-10 01:10:00+00:00,23873.56,23879.86,23872.46,23876.76,336,188,0
2025-09-10 01:15:00+00:00,23876.66,23879.36,23868.16,23868.86,216,178,0
2025-09-10 01:20:00+00:00,23869.16,23870.16,23863.46,23864.46,182,168,0
2025-09-10 01:25:00+00:00,23864.16,23868.76,23861.36,23866.06,229,168,0
2025-09-10 01:30:00+00:00,23865.66,23873.76,23865.36,23870.86,238,188,0
2025-09-10 01:35:00+00:00,23871.06,23871.76,23862.56,23867.46,198,168,0
2025-09-10 01:40:00+00:00,23867.96,23868.16,23864.46,23865.96,164,168,0
2025-09-10 01:45:00+00:00,23865.76,23868.96,23863.66,23868.96,145,168,0
2025-09-10 01:50:00+00:00,23869.26,23871.26,23863.36,23865.16,168,168,0
2025-09-10 01:55:00+00:00,23864.96,23869.26,23864.76,23864.96,189,168,0
2025-09-10 02:00:00+00:00,23865.16,23867.05,23856.85,23857.85,384,150,0
2025-09-10 02:05:00+00:00,23858.15,23862.85,23853.25,23862.25,195,150,0
2025-09-10 02:10:00+00:00,23862.55,23863.55,23860.85,23861.45,150,150,0
2025-09-10 02:15:00+00:00,23860.85,23863.25,23855.75,23858.05,176,150,0
2025-09-10 02:20:00+00:00,23858.15,23859.15,23846.35,23851.35,293,160,0
2025-09-10 02:25:00+00:00,23851.15,23851.65,23843.75,23846.25,241,170,0
2025-09-10 02:30:00+00:00,23846.65,23848.65,23843.65,23845.55,214,160,0
2025-09-10 02:35:00+00:00,23845.25,23849.55,23844.65,23849.35,195,150,0
2025-09-10 02:40:00+00:00,23849.05,23855.25,23848.75,23854.25,204,150,0
2025-09-10 02:45:00+00:00,23854.05,23857.85,23849.65,23852.95,274,150,0
2025-09-10 02:50:00+00:00,23852.75,23860.15,23850.95,23858.25,214,160,0
2025-09-10 02:55:00+00:00,23858.05,23858.05,23848.75,23855.05,289,160,0
2025-09-10 03:00:00+00:00,23854.65,23856.75,23850.25,23852.45,445,160,0
2025-09-10 03:05:00+00:00,23852.65,23860.45,23852.65,23857.45,380,160,0
2025-09-10 03:10:00+00:00,23858.15,23865.55,23856.55,23862.75,360,150,0
2025-09-10 03:15:00+00:00,23863.05,23865.35,23859.25,23863.25,379,160,0
2025-09-10 03:20:00+00:00,23862.95,23866.45,23862.95,23864.55,222,150,0
2025-09-10 03:25:00+00:00,23864.85,23867.95,23864.45,23865.35,207,150,0
2025-09-10 03:30:00+00:00,23864.95,23867.55,23864.95,23865.05,161,150,0
2025-09-10 03:35:00+00:00,23865.25,23867.85,23863.45,23866.85,176,150,0
2025-09-10 03:40:00+00:00,23866.95,23867.85,23858.55,23864.75,300,150,0
2025-09-10 03:45:00+00:00,23864.65,23864.95,23855.55,23856.75,269,160,0
2025-09-10 03:50:00+00:00,23856.55,23861.45,23853.25,23854.05,255,160,0
2025-09-10 03:55:00+00:00,23853.95,23855.05,23850.85,23854.85,302,150,0
2025-09-10 04:00:00+00:00,23855.25,23860.65,23847.95,23850.15,463,150,0
2025-09-10 04:05:00+00:00,23849.95,23852.75,23848.05,23850.35,293,150,0
2025-09-10 04:10:00+00:00,23850.45,23851.05,23846.95,23850.45,263,150,0
2025-09-10 04:15:00+00:00,23850.35,23853.95,23848.45,23853.45,285,150,0
2025-09-10 04:20:00+00:00,23852.45,23856.75,23848.55,23856.45,284,160,0
2025-09-10 04:25:00+00:00,23856.75,23867.65,23855.95,23866.55,271,150,0
2025-09-10 04:30:00+00:00,23866.15,23873.55,23865.25,23872.45,403,160,0
2025-09-10 04:35:00+00:00,23872.65,23873.65,23867.25,23868.35,303,150,0
2025-09-10 04:40:00+00:00,23868.25,23868.85,23862.45,23865.25,302,150,0
2025-09-10 04:45:00+00:00,23865.55,23870.95,23865.05,23868.05,257,150,0
2025-09-10 04:50:00+00:00,23868.25,23869.85,23865.95,23869.55,333,150,0
2025-09-10 04:55:00+00:00,23869.75,23875.05,23868.05,23872.05,304,150,0
2025-09-10 05:00:00+00:00,23872.25,23875.45,23869.95,23871.95,257,150,0
2025-09-10 05:05:00+00:00,23871.75,23872.35,23866.65,23868.45,282,150,0
2025-09-10 05:10:00+00:00,23868.65,23873.35,23868.45,23871.85,244,150,0
2025-09-10 05:15:00+00:00,23871.35,23874.55,23866.85,23874.15,295,150,0
2025-09-10 05:20:00+00:00,23873.55,23875.05,23871.35,23874.25,194,150,0
2025-09-10 05:25:00+00:00,23874.75,23875.85,23870.85,23874.45,199,150,0
2025-09-10 05:30:00+00:00,23874.55,23885.95,23872.55,23882.55,286,150,0
2025-09-10 05:35:00+00:00,23882.95,23883.95,23874.45,23876.45,283,160,0
2025-09-10 05:40:00+00:00,23876.25,23878.75,23874.45,23876.45,203,150,0
2025-09-10 05:45:00+00:00,23876.75,23879.85,23875.75,23879.05,197,150,0
2025-09-10 05:50:00+00:00,23879.25,23881.05,23876.55,23877.35,193,150,0
2025-09-10 05:55:00+00:00,23877.45,23882.55,23876.55,23880.35,182,150,0
2025-09-10 06:00:00+00:00,23880.55,23885.45,23880.05,23883.85,171,150,0
2025-09-10 06:05:00+00:00,23883.95,23884.55,23881.85,23881.85,168,150,0
2025-09-10 06:10:00+00:00,23882.05,23884.95,23881.55,23884.05,118,150,0
2025-09-10 06:15:00+00:00,23884.25,23884.95,23880.55,23881.55,136,150,0
2025-09-10 06:20:00+00:00,23881.95,23884.55,23881.35,23883.05,111,150,0
2025-09-10 06:25:00+00:00,23883.25,23883.95,23882.35,23882.35,98,150,0
2025-09-10 06:30:00+00:00,23882.55,23884.95,23882.55,23883.05,140,150,0
2025-09-10 06:35:00+00:00,23882.85,23884.85,23881.35,23884.85,114,150,0
2025-09-10 06:40:00+00:00,23883.85,23887.85,23883.35,23883.85,166,150,0
2025-09-10 06:45:00+00:00,23883.95,23884.55,23882.55,23883.85,131,150,0
2025-09-10 06:50:00+00:00,23883.95,23886.85,23883.55,23885.85,117,150,0
2025-09-10 06:55:00+00:00,23885.95,23887.25,23882.35,23886.55,149,150,0
2025-09-10 07:00:00+00:00,23886.75,23889.55,23886.35,23889.55,170,150,0
2025-09-10 07:05:00+00:00,23889.45,23891.35,23887.75,23888.05,157,150,0
2025-09-10 07:10:00+00:00,23888.25,23889.25,23886.95,23888.55,127,150,0
2025-09-10 07:15:00+00:00,23888.75,23890.45,23888.45,23889.55,91,150,0
2025-09-10 07:20:00+00:00,23889.75,23890.75,23886.45,23886.55,85,150,0
2025-09-10 07:25:00+00:00,23886.85,23888.35,23886.85,23888.05,101,150,0
2025-09-10 07:30:00+00:00,23887.95,23893.45,23887.85,23888.25,154,150,0
2025-09-10 07:35:00+00:00,23888.05,23889.85,23886.45,23889.85,118,150,0
2025-09-10 07:40:00+00:00,23889.35,23889.55,23887.45,23889.55,111,150,0
2025-09-10 07:45:00+00:00,23889.35,23890.05,23886.45,23889.85,113,150,0
2025-09-10 07:50:00+00:00,23889.55,23890.35,23888.35,23889.25,93,150,0
2025-09-10 07:55:00+00:00,23889.35,23892.05,23889.25,23891.05,161,150,0
2025-09-10 08:00:00+00:00,23891.25,23891.95,23887.05,23887.25,218,150,0
2025-09-10 08:05:00+00:00,23887.75,23888.25,23884.55,23885.55,312,150,0
2025-09-10 08:10:00+00:00,23885.35,23887.75,23881.25,23886.95,398,150,0
2025-09-10 08:15:00+00:00,23887.05,23887.45,23882.05,23885.85,260,150,0
2025-09-10 08:20:00+00:00,23886.05,23889.95,23885.85,23888.55,200,150,0
2025-09-10 08:25:00+00:00,23888.45,23890.95,23887.35,23889.05,186,150,0
2025-09-10 08:30:00+00:00,23889.35,23897.25,23883.15,23884.65,351,150,0
2025-09-10 08:35:00+00:00,23884.55,23887.85,23882.45,23887.85,192,150,0
2025-09-10 08:40:00+00:00,23887.55,23888.25,23882.95,23886.05,167,150,0
2025-09-10 08:45:00+00:00,23886.25,23888.55,23885.25,23888.35,139,150,0
2025-09-10 08:50:00+00:00,23888.25,23888.95,23883.85,23887.55,194,150,0
2025-09-10 08:55:00+00:00,23887.85,23889.45,23884.55,23888.05,163,150,0
2025-09-10 09:00:00+00:00,23887.85,23889.25,23884.55,23886.35,281,150,0
2025-09-10 09:05:00+00:00,23886.75,23890.95,23882.05,23890.05,321,150,0
2025-09-10 09:10:00+00:00,23889.75,23896.85,23885.15,23895.45,270,150,0
2025-09-10 09:15:00+00:00,23895.95,23897.65,23890.45,23896.75,315,160,0
2025-09-10 09:20:00+00:00,23897.05,23904.75,23897.05,23903.45,339,160,0
2025-09-10 09:25:00+00:00,23903.75,23907.25,23902.45,23905.15,303,160,0
2025-09-10 09:30:00+00:00,23905.25,23909.55,23905.25,23906.75,332,160,0
2025-09-10 09:35:00+00:00,23906.95,23913.25,23906.75,23912.45,347,160,0
2025-09-10 09:40:00+00:00,23912.75,23917.25,23909.05,23915.55,276,150,0
2025-09-10 09:45:00+00:00,23915.25,23915.55,23906.25,23907.05,252,150,0
2025-09-10 09:50:00+00:00,23907.25,23911.65,23901.15,23909.45,293,160,0
2025-09-10 09:55:00+00:00,23908.55,23913.45,23905.35,23912.85,309,160,0
2025-09-10 10:00:00+00:00,23911.35,23914.65,23905.85,23911.15,708,180,0
2025-09-10 10:05:00+00:00,23911.35,23914.85,23909.15,23914.25,501,160,0
2025-09-10 10:10:00+00:00,23914.45,23922.55,23914.15,23920.05,429,150,0
2025-09-10 10:15:00+00:00,23920.15,23920.75,23909.95,23911.35,539,160,0
2025-09-10 10:20:00+00:00,23911.25,23915.95,23910.45,23915.95,373,150,0
2025-09-10 10:25:00+00:00,23915.75,23917.25,23911.95,23913.05,413,150,0
2025-09-10 10:30:00+00:00,23913.25,23915.75,23907.65,23909.65,450,160,0
2025-09-10 10:35:00+00:00,23909.25,23911.25,23904.95,23907.55,405,160,0
2025-09-10 10:40:00+00:00,23907.65,23912.95,23904.35,23908.15,398,160,0
2025-09-10 10:45:00+00:00,23907.95,23915.25,23905.85,23909.25,343,160,0
2025-09-10 10:50:00+00:00,23909.15,23911.95,23904.85,23911.25,348,160,0
2025-09-10 10:55:00+00:00,23911.15,23914.95,23905.85,23907.15,408,160,0
2025-09-10 11:00:00+00:00,23906.75,23909.75,23896.85,23898.65,615,170,0
2025-09-10 11:05:00+00:00,23898.75,23899.05,23887.15,23887.45,553,170,0
2025-09-10 11:10:00+00:00,23887.85,23898.55,23887.15,23897.65,440,160,0
2025-09-10 11:15:00+00:00,23897.75,23900.95,23890.85,23890.85,362,150,0
2025-09-10 11:20:00+00:00,23890.55,23890.55,23878.15,23885.95,546,150,0
2025-09-10 11:25:00+00:00,23886.25,23889.25,23879.25,23879.35,453,160,0
2025-09-10 11:30:00+00:00,23879.25,23881.15,23862.05,23864.55,676,170,0
2025-09-10 11:35:00+00:00,23864.65,23869.15,23857.65,23867.85,603,180,0
2025-09-10 11:40:00+00:00,23867.65,23868.15,23859.75,23860.75,427,160,0
2025-09-10 11:45:00+00:00,23860.65,23872.65,23856.25,23871.55,489,160,0
2025-09-10 11:50:00+00:00,23871.85,23873.05,23861.15,23861.25,378,170,0
2025-09-10 11:55:00+00:00,23861.15,23867.65,23861.15,23864.95,453,160,0
2025-09-10 12:00:00+00:00,23865.35,23869.75,23856.75,23858.25,554,160,0
2025-09-10 12:05:00+00:00,23857.85,23864.45,23856.55,23858.65,423,160,0
2025-09-10 12:10:00+00:00,23858.45,23864.45,23854.65,23863.25,415,160,0
2025-09-10 12:15:00+00:00,23862.65,23862.95,23851.85,23853.15,411,160,0
2025-09-10 12:20:00+00:00,23852.95,23858.75,23851.45,23857.75,367,160,0
2025-09-10 12:25:00+00:00,23857.95,23863.55,23857.65,23857.95,423,160,0
2025-09-10 12:30:00+00:00,23857.75,23863.25,23855.05,23858.55,315,160,0
2025-09-10 12:35:00+00:00,23858.25,23865.75,23858.15,23863.05,375,160,0
2025-09-10 12:40:00+00:00,23862.65,23870.65,23860.25,23870.05,327,160,0
2025-09-10 12:45:00+00:00,23870.55,23876.25,23869.55,23876.25,388,160,0
2025-09-10 12:50:00+00:00,23876.55,23879.05,23874.25,23876.95,320,150,0
2025-09-10 12:55:00+00:00,23876.85,23878.85,23874.85,23878.05,295,150,0
2025-09-10 13:00:00+00:00,23877.85,23878.25,23872.85,23876.55,267,150,0
2025-09-10 13:05:00+00:00,23876.75,23879.75,23874.85,23879.75,251,150,0
2025-09-10 13:10:00+00:00,23879.55,23884.75,23879.35,23882.95,306,150,0
2025-09-10 13:15:00+00:00,23883.05,23883.25,23875.75,23881.35,237,150,0
2025-09-10 13:20:00+00:00,23880.85,23885.95,23876.85,23885.75,318,150,0
2025-09-10 13:25:00+00:00,23885.95,23889.55,23885.15,23888.65,302,150,0
2025-09-10 13:30:00+00:00,23888.55,23893.05,23885.95,23887.75,313,160,0
2025-09-10 13:35:00+00:00,23887.15,23894.45,23886.75,23892.35,362,150,0
2025-09-10 13:40:00+00:00,23892.45,23895.55,23888.95,23894.75,311,150,0
2025-09-10 13:45:00+00:00,23895.05,23895.35,23889.95,23891.05,244,150,0
2025-09-10 13:50:00+00:00,23891.35,23895.25,23891.35,23894.35,217,150,0
2025-09-10 13:55:00+00:00,23894.45,23895.85,23891.05,23893.75,305,150,0
2025-09-10 14:00:00+00:00,23894.25,23896.95,23891.65,23895.45,305,150,0
2025-09-10 14:05:00+00:00,23895.75,23896.75,23894.45,23896.35,229,150,0
2025-09-10 14:10:00+00:00,23896.25,23898.45,23892.95,23896.95,277,150,0
2025-09-10 14:15:00+00:00,23897.05,23899.55,23891.95,23899.25,344,150,0
2025-09-10 14:20:00+00:00,23899.15,23904.45,23894.65,23895.65,484,160,0
2025-09-10 14:25:00+00:00,23895.75,23898.75,23892.65,23897.05,376,150,0
2025-09-10 14:30:00+00:00,23897.25,23904.65,23897.05,23904.65,341,150,0
2025-09-10 14:35:00+00:00,23904.95,23916.65,23904.15,23914.15,475,160,0
2025-09-10 14:40:00+00:00,23914.45,23923.95,23913.85,23923.15,443,160,0
2025-09-10 14:45:00+00:00,23923.25,23926.45,23920.45,23921.75,417,160,0
2025-09-10 14:50:00+00:00,23921.65,23923.65,23917.65,23919.95,384,160,0
2025-09-10 14:55:00+00:00,23919.75,23922.95,23916.95,23918.25,358,150,0
2025-09-10 15:00:00+00:00,23917.75,23931.85,23911.35,23931.85,632,150,0
2025-09-10 15:05:00+00:00,23931.35,23933.45,23921.85,23927.85,526,170,0
2025-09-10 15:10:00+00:00,23928.25,23928.75,23916.65,23917.35,438,160,0
2025-09-10 15:15:00+00:00,23917.45,23919.45,23910.65,23918.15,598,170,0
2025-09-10 15:20:00+00:00,23918.25,23918.45,23907.25,23907.25,536,170,0
2025-09-10 15:25:00+00:00,23907.35,23912.7,23904.35,23909.24,678,170,0
2025-09-10 15:30:00+00:00,23908.74,24008.65,23902.55,23989.75,1461,210,0
2025-09-10 15:35:00+00:00,23989.05,23992.45,23961.15,23971.25,1274,210,0
2025-09-10 15:40:00+00:00,23971.45,23979.45,23965.95,23979.25,1152,210,0
2025-09-10 15:45:00+00:00,23979.15,23982.65,23966.05,23971.25,1124,210,0
2025-09-10 15:50:00+00:00,23971.45,23975.85,23964.45,23968.05,1052,200,0
2025-09-10 15:55:00+00:00,23967.95,23975.25,23966.55,23972.85,988,190,0
2025-09-10 16:00:00+00:00,23973.05,23974.55,23947.45,23953.95,1011,190,0
2025-09-10 16:05:00+00:00,23954.05,23958.75,23948.05,23958.25,976,200,0
2025-09-10 16:10:00+00:00,23958.05,23970.35,23954.95,23967.65,875,180,0
2025-09-10 16:15:00+00:00,23967.55,23978.95,23967.05,23976.35,872,180,0
2025-09-10 16:20:00+00:00,23976.85,23981.45,23973.45,23976.85,712,180,0
2025-09-10 16:25:00+00:00,23972.05,23983.55,23965.05,23968.45,1014,180,0
2025-09-10 16:30:00+00:00,23967.15,23969.15,23901.45,23931.65,1635,90,0
2025-09-10 16:35:00+00:00,23931.95,23945.15,23896.85,23910.85,1617,120,0
2025-09-10 16:40:00+00:00,23910.65,23920.65,23887.75,23899.35,1613,120,0
2025-09-10 16:45:00+00:00,23901.15,23914.45,23881.95,23913.45,1596,120,0
2025-09-10 16:50:00+00:00,23913.35,23921.65,23870.65,23885.45,1575,120,0
2025-09-10 16:55:00+00:00,23885.15,23904.85,23875.15,23899.85,1579,120,0
2025-09-10 17:00:00+00:00,23899.65,23939.35,23894.35,23931.95,1497,120,0
2025-09-10 17:05:00+00:00,23932.15,23946.15,23914.95,23923.95,1440,120,0
2025-09-10 17:10:00+00:00,23923.85,23941.35,23915.85,23928.25,1475,120,0
2025-09-10 17:15:00+00:00,23927.85,23945.65,23918.15,23939.35,1454,120,0
2025-09-10 17:20:00+00:00,23938.15,23952.95,23931.15,23951.85,1424,120,0
2025-09-10 17:25:00+00:00,23950.65,23954.75,23929.35,23933.75,1351,80,0
2025-09-10 17:30:00+00:00,23933.25,23950.65,23931.55,23938.65,1318,90,0
2025-09-10 17:35:00+00:00,23938.45,23951.35,23927.15,23940.35,1279,90,0
2025-09-10 17:40:00+00:00,23940.15,23951.05,23931.95,23946.65,1259,80,0
2025-09-10 17:45:00+00:00,23946.55,23958.35,23942.05,23947.35,1262,80,0
2025-09-10 17:50:00+00:00,23948.05,23956.65,23929.85,23939.35,1241,80,0
2025-09-10 17:55:00+00:00,23939.05,23952.85,23928.55,23936.35,1268,80,0
2025-09-10 18:00:00+00:00,23936.85,23948.45,23930.35,23940.35,1214,80,0
2025-09-10 18:05:00+00:00,23940.05,23945.15,23929.35,23936.85,1209,80,0
2025-09-10 18:10:00+00:00,23937.05,23947.65,23935.65,23938.55,1175,80,0
2025-09-10 18:15:00+00:00,23938.85,23938.95,23905.65,23908.35,1288,80,0
2025-09-10 18:20:00+00:00,23907.85,23910.65,23895.85,23904.15,1289,120,0
2025-09-10 18:25:00+00:00,23903.35,23918.55,23892.45,23912.55,1149,80,0
2025-09-10 18:30:00+00:00,23912.85,23916.15,23892.85,23902.55,1198,80,0
2025-09-10 18:35:00+00:00,23903.05,23921.05,23897.65,23918.05,1059,80,0
2025-09-10 18:40:00+00:00,23917.55,23925.05,23914.05,23924.55,1096,80,0
2025-09-10 18:45:00+00:00,23924.85,23930.85,23917.95,23929.55,1090,80,0
2025-09-10 18:50:00+00:00,23929.35,23938.65,23927.85,23937.35,1008,80,0
2025-09-10 18:55:00+00:00,23937.55,23937.55,23919.35,23919.55,1023,80,0
2025-09-10 19:00:00+00:00,23919.85,23920.05,23897.65,23901.55,1200,80,0
2025-09-10 19:05:00+00:00,23902.05,23907.55,23893.35,23902.05,1142,80,0
2025-09-10 19:10:00+00:00,23902.35,23910.95,23901.35,23902.35,1015,80,0
2025-09-10 19:15:00+00:00,23902.55,23910.45,23889.05,23889.35,1040,80,0
2025-09-10 19:20:00+00:00,23889.05,23892.35,23874.35,23889.85,1124,80,0
2025-09-10 19:25:00+00:00,23889.65,23894.85,23884.35,23887.05,1053,80,0
2025-09-10 19:30:00+00:00,23886.85,23896.05,23886.15,23894.15,972,80,0
2025-09-10 19:35:00+00:00,23894.35,23895.85,23881.55,23883.05,912,80,0
2025-09-10 19:40:00+00:00,23883.55,23887.35,23870.95,23871.55,1027,80,0
2025-09-10 19:45:00+00:00,23871.85,23879.85,23866.85,23870.45,1036,80,0
2025-09-10 19:50:00+00:00,23870.85,23884.35,23867.85,23880.55,910,80,0
2025-09-10 19:55:00+00:00,23880.85,23896.05,23880.85,23893.55,873,80,0
2025-09-10 20:00:00+00:00,23893.85,23909.25,23889.85,23897.85,1061,80,0
2025-09-10 20:05:00+00:00,23898.15,23901.65,23890.45,23900.35,982,80,0
2025-09-10 20:10:00+00:00,23900.05,23901.55,23893.05,23894.05,863,80,0
2025-09-10 20:15:00+00:00,23894.35,23895.55,23880.35,23881.85,885,80,0
2025-09-10 20:20:00+00:00,23881.35,23886.05,23859.35,23867.05,1041,80,0
2025-09-10 20:25:00+00:00,23866.55,23866.55,23845.85,23853.55,1106,80,0
2025-09-10 20:30:00+00:00,23853.85,23867.45,23847.35,23866.35,1111,80,0
2025-09-10 20:35:00+00:00,23866.05,23875.85,23858.35,23860.85,1010,80,0
2025-09-10 20:40:00+00:00,23860.55,23876.55,23857.55,23869.05,972,80,0
2025-09-10 20:45:00+00:00,23868.65,23875.05,23863.35,23872.05,970,80,0
2025-09-10 20:50:00+00:00,23872.35,23878.55,23852.05,23861.05,994,80,0
2025-09-10 20:55:00+00:00,23860.05,23868.15,23851.35,23867.05,1008,80,0
2025-09-10 21:00:00+00:00,23865.85,23869.15,23859.85,23862.35,988,80,0
2025-09-10 21:05:00+00:00,23861.55,23861.55,23850.95,23851.55,914,80,0
2025-09-10 21:10:00+00:00,23851.85,23859.65,23847.35,23857.55,877,80,0
2025-09-10 21:15:00+00:00,23857.45,23857.45,23826.85,23830.45,943,80,0
2025-09-10 21:20:00+00:00,23831.05,23840.35,23826.85,23832.35,1169,80,0
2025-09-10 21:25:00+00:00,23832.55,23834.55,23815.35,23827.15,1147,80,0
2025-09-10 21:30:00+00:00,23827.35,23848.45,23824.05,23847.55,1107,80,0
2025-09-10 21:35:00+00:00,23846.55,23848.85,23828.05,23836.35,1066,80,0
2025-09-10 21:40:00+00:00,23837.05,23846.35,23830.35,23830.85,996,80,0
2025-09-10 21:45:00+00:00,23831.05,23836.95,23810.55,23817.55,1043,80,0
2025-09-10 21:50:00+00:00,23817.35,23817.95,23805.55,23814.45,1003,80,0
2025-09-10 21:55:00+00:00,23815.55,23836.85,23813.65,23831.85,1058,80,0
2025-09-10 22:00:00+00:00,23832.05,23835.55,23808.85,23811.55,1043,80,0
2025-09-10 22:05:00+00:00,23811.35,23819.65,23794.05,23798.55,1157,80,0
2025-09-10 22:10:00+00:00,23798.85,23802.85,23774.85,23776.05,1160,80,0
2025-09-10 22:15:00+00:00,23776.65,23792.45,23771.25,23789.05,1221,80,0
2025-09-10 22:20:00+00:00,23788.05,23788.55,23755.15,23774.35,1251,80,0
2025-09-10 22:25:00+00:00,23774.65,23784.35,23771.05,23779.15,1177,80,0
2025-09-10 22:30:00+00:00,23779.35,23809.05,23779.35,23799.55,1175,80,0
2025-09-10 22:35:00+00:00,23799.85,23809.65,23781.85,23784.05,1153,80,0
2025-09-10 22:40:00+00:00,23784.35,23832.05,23778.35,23832.05,1166,80,0
2025-09-10 22:45:00+00:00,23832.55,23837.35,23822.85,23832.95,1152,80,0
2025-09-10 22:50:00+00:00,23839.05,23851.75,23835.45,23838.75,1307,80,0
2025-09-10 22:55:00+00:00,23838.85,23861.85,23838.45,23844.35,1258,80,0
2025-09-10 23:00:00+00:00,23844.45,23853.66,23835.36,23849.36,975,120,0
2025-09-10 23:05:00+00:00,23849.06,23850.36,23842.26,23847.96,538,198,0
2025-09-10 23:10:00+00:00,23847.76,23847.96,23839.36,23840.36,395,178,0
2025-09-10 23:15:00+00:00,23840.16,23844.66,23836.36,23838.86,411,178,0
2025-09-10 23:20:00+00:00,23837.86,23839.36,23834.76,23838.06,305,178,0
2025-09-10 23:25:00+00:00,23837.96,23844.36,23837.86,23843.36,307,168,0
2025-09-10 23:30:00+00:00,23842.66,23843.86,23838.76,23840.16,171,168,0
2025-09-10 23:35:00+00:00,23839.96,23842.86,23838.66,23840.16,196,168,0
2025-09-10 23:40:00+00:00,23840.26,23840.26,23836.26,23836.66,192,168,0
2025-09-10 23:45:00+00:00,23836.36,23836.86,23826.66,23826.76,284,168,0
2025-09-11 01:05:00+00:00,23846.96,23849.96,23841.86,23842.66,310,208,0
2025-09-11 01:10:00+00:00,23843.16,23851.06,23841.36,23843.06,192,188,0
2025-09-11 01:15:00+00:00,23842.96,23845.66,23840.06,23845.16,159,168,0
2025-09-11 01:20:00+00:00,23844.96,23850.46,23841.86,23843.66,212,168,0
2025-09-11 01:25:00+00:00,23843.56,23847.46,23841.66,23845.86,195,168,0
2025-09-11 01:30:00+00:00,23845.66,23850.36,23845.66,23849.16,173,178,0
2025-09-11 01:35:00+00:00,23849.06,23851.56,23848.86,23850.96,159,168,0
2025-09-11 01:40:00+00:00,23850.66,23858.36,23850.46,23858.06,270,168,0
2025-09-11 01:45:00+00:00,23857.96,23870.26,23857.76,23870.26,304,168,0
2025-09-11 01:50:00+00:00,23870.56,23871.06,23862.16,23864.16,182,178,0
2025-09-11 01:55:00+00:00,23864.46,23880.16,23864.16,23868.96,345,168,0
2025-09-11 02:00:00+00:00,23869.05,23870.45,23864.15,23868.95,196,160,0
2025-09-11 02:05:00+00:00,23868.85,23880.35,23868.85,23879.95,331,170,0
2025-09-11 02:10:00+00:00,23880.35,23880.95,23872.15,23874.15,252,160,0
2025-09-11 02:15:00+00:00,23874.05,23885.35,23873.45,23877.15,300,150,0
2025-09-11 02:20:00+00:00,23877.45,23880.45,23876.45,23876.75,214,150,0
2025-09-11 02:25:00+00:00,23876.65,23877.75,23871.65,23872.95,172,150,0
2025-09-11 02:30:00+00:00,23873.05,23875.15,23871.05,23873.25,186,150,0
2025-09-11 02:35:00+00:00,23873.15,23875.75,23872.55,23872.75,125,150,0
2025-09-11 02:40:00+00:00,23872.95,23873.25,23865.55,23870.45,208,150,0
2025-09-11 02:45:00+00:00,23869.95,23871.25,23866.95,23868.85,299,160,0
2025-09-11 02:50:00+00:00,23867.85,23869.95,23864.35,23868.95,270,150,0
2025-09-11 02:55:00+00:00,23869.45,23873.05,23867.05,23872.75,292,150,0
2025-09-11 03:00:00+00:00,23870.25,23877.05,23864.85,23866.85,596,150,0
2025-09-11 03:05:00+00:00,23867.35,23869.35,23859.45,23859.45,610,170,0
2025-09-11 03:10:00+00:00,23859.55,23862.75,23854.35,23855.15,438,160,0
2025-09-11 03:15:00+00:00,23855.45,23855.45,23843.45,23848.45,499,170,0
2025-09-11 03:20:00+00:00,23848.15,23860.65,23848.15,23856.95,474,170,0
2025-09-11 03:25:00+00:00,23857.15,23863.95,23855.85,23856.65,385,160,0
2025-09-11 03:30:00+00:00,23856.35,23869.15,23853.55,23865.55,419,170,0
2025-09-11 03:35:00+00:00,23865.65,23871.65,23862.65,23871.15,301,160,0
2025-09-11 03:40:00+00:00,23870.95,23873.65,23867.45,23872.95,287,160,0
2025-09-11 03:45:00+00:00,23872.85,23879.95,23870.95,23879.95,366,160,0
2025-09-11 03:50:00+00:00,23880.25,23884.05,23872.05,23873.95,360,160,0
2025-09-11 03:55:00+00:00,23874.15,23878.95,23872.75,23876.45,313,160,0
2025-09-11 04:00:00+00:00,23875.95,23880.45,23871.15,23877.95,505,160,0
2025-09-11 04:05:00+00:00,23878.15,23881.45,23876.55,23881.35,362,160,0
2025-09-11 04:10:00+00:00,23881.15,23883.35,23877.35,23878.45,377,160,0
2025-09-11 04:15:00+00:00,23878.65,23880.75,23876.45,23879.05,304,150,0
2025-09-11 04:20:00+00:00,23878.75,23881.75,23874.15,23876.25,316,150,0
2025-09-11 04:25:00+00:00,23876.15,23884.15,23875.75,23883.25,316,150,0
2025-09-11 04:30:00+00:00,23882.95,23886.95,23881.25,23885.45,412,160,0
2025-09-11 04:35:00+00:00,23885.25,23888.35,23878.45,23879.45,402,150,0
2025-09-11 04:40:00+00:00,23879.55,23886.05,23879.25,23883.65,360,150,0
2025-09-11 04:45:00+00:00,23883.55,23883.55,23876.65,23877.45,291,150,0
2025-09-11 04:50:00+00:00,23877.25,23881.55,23875.45,23880.95,312,160,0
2025-09-11 04:55:00+00:00,23881.15,23881.95,23876.45,23879.45,296,160,0
2025-09-11 05:00:00+00:00,23878.95,23881.25,23874.75,23874.75,304,160,0
2025-09-11 05:05:00+00:00,23874.85,23876.65,23872.05,23874.05,271,150,0
2025-09-11 05:10:00+00:00,23874.25,23878.85,23873.95,23876.75,277,150,0
2025-09-11 05:15:00+00:00,23876.45,23877.15,23873.15,23875.55,246,150,0
2025-09-11 05:20:00+00:00,23875.75,23878.65,23874.95,23875.75,153,150,0
2025-09-11 05:25:00+00:00,23876.05,23883.65,23875.55,23882.25,255,150,0
2025-09-11 05:30:00+00:00,23882.55,23888.05,23881.95,23887.15,281,150,0
2025-09-11 05:35:00+00:00,23887.25,23887.25,23879.05,23882.75,269,150,0
2025-09-11 05:40:00+00:00,23883.05,23884.55,23878.45,23878.95,199,150,0
2025-09-11 05:45:00+00:00,23879.25,23880.25,23872.75,23875.75,275,150,0
2025-09-11 05:50:00+00:00,23875.95,23876.65,23873.55,23875.05,188,150,0
2025-09-11 05:55:00+00:00,23875.75,23881.65,23875.55,23879.65,204,150,0
2025-09-11 06:00:00+00:00,23879.75,23882.95,23877.05,23881.05,208,150,0
2025-09-11 06:05:00+00:00,23881.15,23882.45,23878.25,23880.75,191,150,0
2025-09-11 06:10:00+00:00,23880.65,23881.55,23878.55,23880.55,200,150,0
2025-09-11 06:15:00+00:00,23880.25,23883.65,23880.25,23882.25,157,150,0
2025-09-11 06:20:00+00:00,23882.45,23883.75,23881.95,23883.65,106,150,0
2025-09-11 06:25:00+00:00,23883.55,23886.95,23881.95,23885.65,153,150,0
2025-09-11 06:30:00+00:00,23885.95,23886.05,23880.75,23882.25,195,150,0
2025-09-11 06:35:00+00:00,23882.55,23888.45,23882.25,23886.45,174,150,0
2025-09-11 06:40:00+00:00,23886.55,23888.45,23885.55,23886.75,175,150,0
2025-09-11 06:45:00+00:00,23886.25,23889.65,23883.25,23887.95,199,150,0
2025-09-11 06:50:00+00:00,23887.65,23890.65,23887.45,23889.25,145,150,0
2025-09-11 06:55:00+00:00,23889.15,23889.95,23882.75,23885.25,197,150,0
2025-09-11 07:00:00+00:00,23885.45,23887.15,23881.65,23884.25,190,150,0
2025-09-11 07:05:00+00:00,23884.05,23886.95,23882.15,23885.05,162,150,0
2025-09-11 07:10:00+00:00,23884.95,23885.25,23879.65,23880.55,164,150,0
2025-09-11 07:15:00+00:00,23880.45,23880.55,23869.35,23870.35,333,150,0
2025-09-11 07:20:00+00:00,23870.65,23871.85,23857.05,23859.35,478,160,0
2025-09-11 07:25:00+00:00,23859.15,23862.35,23854.35,23859.65,434,170,0
2025-09-11 07:30:00+00:00,23859.45,23860.95,23853.45,23854.45,372,160,0
2025-09-11 07:35:00+00:00,23854.65,23858.25,23852.95,23855.95,274,160,0
2025-09-11 07:40:00+00:00,23855.25,23856.25,23852.45,23854.25,239,150,0
2025-09-11 07:45:00+00:00,23854.15,23856.15,23852.15,23852.55,204,150,0
2025-09-11 07:50:00+00:00,23852.75,23856.75,23850.45,23852.05,259,150,0
2025-09-11 07:55:00+00:00,23852.25,23854.25,23850.75,23851.55,216,150,0
2025-09-11 08:00:00+00:00,23852.25,23856.55,23849.45,23850.45,330,150,0
2025-09-11 08:05:00+00:00,23850.35,23859.25,23850.25,23856.75,282,160,0
2025-09-11 08:10:00+00:00,23856.45,23856.45,23844.35,23845.65,359,150,0
2025-09-11 08:15:00+00:00,23846.15,23856.25,23843.15,23854.15,539,180,0
2025-09-11 08:20:00+00:00,23854.35,23860.25,23849.35,23859.75,359,160,0
2025-09-11 08:25:00+00:00,23859.95,23865.35,23858.95,23860.95,337,160,0
2025-09-11 08:30:00+00:00,23861.25,23863.85,23856.45,23863.65,389,160,0
2025-09-11 08:35:00+00:00,23863.75,23866.25,23857.95,23864.95,271,160,0
2025-09-11 08:40:00+00:00,23864.75,23868.05,23864.15,23866.45,246,150,0
2025-09-11 08:45:00+00:00,23866.25,23866.45,23859.25,23862.95,290,150,0
2025-09-11 08:50:00+00:00,23863.15,23864.45,23855.95,23859.25,334,160,0
2025-09-11 08:55:00+00:00,23858.95,23859.45,23854.95,23857.25,264,160,0
2025-09-11 09:00:00+00:00,23856.85,23858.45,23850.25,23856.05,397,160,0
2025-09-11 09:05:00+00:00,23855.65,23864.35,23855.35,23863.55,466,170,0
2025-09-11 09:10:00+00:00,23863.35,23867.25,23861.05,23866.75,377,160,0
2025-09-11 09:15:00+00:00,23866.45,23869.65,23863.25,23866.65,382,160,0
2025-09-11 09:20:00+00:00,23866.45,23874.85,23866.45,23873.35,271,160,0
2025-09-11 09:25:00+00:00,23874.05,23879.05,23873.95,23877.15,313,150,0
2025-09-11 09:30:00+00:00,23877.35,23893.45,23875.85,23884.05,525,160,0
2025-09-11 09:35:00+00:00,23884.15,23894.65,23883.95,23890.15,383,160,0
2025-09-11 09:40:00+00:00,23889.65,23891.95,23885.25,23886.45,332,150,0
2025-09-11 09:45:00+00:00,23886.25,23891.25,23886.25,23887.75,244,150,0
2025-09-11 09:50:00+00:00,23887.45,23889.65,23885.85,23887.15,259,160,0
2025-09-11 09:55:00+00:00,23886.95,23891.05,23883.75,23889.45,313,150,0
2025-09-11 10:00:00+00:00,23889.75,23893.55,23881.35,23884.45,812,160,0
2025-09-11 10:05:00+00:00,23884.55,23891.55,23878.25,23880.25,671,170,0
2025-09-11 10:10:00+00:00,23879.25,23888.85,23878.85,23888.45,552,170,0
2025-09-11 10:15:00+00:00,23888.65,23891.65,23880.95,23885.45,521,170,0
2025-09-11 10:20:00+00:00,23885.55,23895.65,23884.45,23894.85,489,160,0
2025-09-11 10:25:00+00:00,23894.45,23894.75,23882.65,23883.45,521,160,0
2025-09-11 10:30:00+00:00,23883.35,23888.05,23880.85,23885.85,526,170,0
2025-09-11 10:35:00+00:00,23886.15,23895.85,23885.45,23895.15,525,160,0
2025-09-11 10:40:00+00:00,23895.45,23900.75,23892.45,23893.15,490,160,0
2025-09-11 10:45:00+00:00,23892.95,23901.65,23891.15,23900.95,494,160,0
2025-09-11 10:50:00+00:00,23901.15,23905.15,23899.85,23904.75,378,150,0
2025-09-11 10:55:00+00:00,23904.95,23906.85,23900.75,23902.95,362,150,0
2025-09-11 11:00:00+00:00,23902.85,23909.15,23899.15,23905.45,561,160,0
2025-09-11 11:05:00+00:00,23905.55,23906.45,23901.05,23903.45,423,170,0
2025-09-11 11:10:00+00:00,23903.15,23911.45,23902.65,23910.85,359,160,0
2025-09-11 11:15:00+00:00,23910.65,23913.65,23902.95,23904.65,398,150,0
2025-09-11 11:20:00+00:00,23904.45,23909.35,23899.85,23901.35,420,160,0
2025-09-11 11:25:00+00:00,23901.45,23902.95,23894.85,23897.35,424,150,0
2025-09-11 11:30:00+00:00,23897.45,23900.35,23892.65,23894.15,436,160,0
2025-09-11 11:35:00+00:00,23893.95,23895.35,23889.15,23893.25,336,150,0
2025-09-11 11:40:00+00:00,23893.05,23897.25,23889.55,23896.65,403,150,0
2025-09-11 11:45:00+00:00,23896.95,23898.65,23894.25,23895.15,329,150,0
2025-09-11 11:50:00+00:00,23895.25,23897.15,23892.65,23896.25,359,150,0
2025-09-11 11:55:00+00:00,23896.45,23896.95,23893.45,23894.25,320,150,0
2025-09-11 12:00:00+00:00,23894.55,23898.95,23894.25,23895.25,313,150,0
2025-09-11 12:05:00+00:00,23895.65,23899.35,23894.25,23897.75,265,150,0
2025-09-11 12:10:00+00:00,23897.85,23899.85,23892.25,23897.35,326,150,0
2025-09-11 12:15:00+00:00,23897.25,23901.65,23896.85,23900.25,318,150,0
2025-09-11 12:20:00+00:00,23900.35,23901.45,23895.35,23898.15,318,150,0
2025-09-11 12:25:00+00:00,23898.55,23899.15,23894.55,23897.25,336,150,0
2025-09-11 12:30:00+00:00,23897.15,23897.45,23894.15,23894.25,294,150,0
2025-09-11 12:35:00+00:00,23894.15,23895.45,23885.95,23888.85,335,150,0
2025-09-11 12:40:00+00:00,23888.95,23890.45,23885.05,23886.15,267,150,0
2025-09-11 12:45:00+00:00,23886.25,23887.45,23880.15,23884.85,393,150,0
2025-09-11 12:50:00+00:00,23884.45,23891.95,23883.75,23891.15,301,150,0
2025-09-11 12:55:00+00:00,23891.45,23893.45,23890.05,23892.25,314,150,0
2025-09-11 13:00:00+00:00,23891.75,23899.35,23890.25,23898.65,319,150,0
2025-09-11 13:05:00+00:00,23898.85,23905.05,23896.15,23903.65,495,150,0
2025-09-11 13:10:00+00:00,23902.95,23907.15,23901.65,23907.05,325,150,0
2025-09-11 13:15:00+00:00,23906.55,23910.75,23903.65,23907.05,394,150,0
2025-09-11 13:20:00+00:00,23907.15,23910.95,23906.35,23907.45,352,150,0
2025-09-11 13:25:00+00:00,23907.35,23909.75,23905.55,23909.55,296,150,0
2025-09-11 13:30:00+00:00,23909.75,23913.15,23907.95,23909.95,275,150,0
2025-09-11 13:35:00+00:00,23910.15,23913.65,23907.35,23913.45,263,150,0
2025-09-11 13:40:00+00:00,23913.65,23918.65,23910.95,23912.95,285,150,0
2025-09-11 13:45:00+00:00,23913.25,23916.65,23910.35,23915.75,335,150,0
2025-09-11 13:50:00+00:00,23915.85,23920.15,23915.55,23919.75,335,150,0
2025-09-11 13:55:00+00:00,23919.95,23921.95,23917.15,23917.75,324,150,0
2025-09-11 14:00:00+00:00,23918.75,23921.95,23916.15,23919.25,436,150,0
2025-09-11 14:05:00+00:00,23919.15,23920.15,23915.45,23917.95,320,150,0
2025-09-11 14:10:00+00:00,23917.45,23918.05,23915.05,23916.15,269,150,0
2025-09-11 14:15:00+00:00,23916.45,23917.65,23912.15,23914.15,315,150,0
2025-09-11 14:20:00+00:00,23914.25,23917.05,23912.05,23912.55,302,150,0
2025-09-11 14:25:00+00:00,23912.45,23916.95,23911.15,23915.05,311,150,0
2025-09-11 14:30:00+00:00,23914.55,23916.65,23911.55,23916.45,350,150,0
2025-09-11 14:35:00+00:00,23916.35,23920.45,23914.15,23918.05,297,150,0
2025-09-11 14:40:00+00:00,23918.45,23923.85,23917.85,23920.85,363,160,0
2025-09-11 14:45:00+00:00,23920.95,23926.95,23918.85,23926.25,366,160,0
2025-09-11 14:50:00+00:00,23925.95,23925.95,23915.65,23919.35,476,160,0
2025-09-11 14:55:00+00:00,23919.45,23921.95,23917.65,23918.15,351,160,0
2025-09-11 15:00:00+00:00,23917.25,23923.65,23915.45,23918.55,370,160,0
2025-09-11 15:05:00+00:00,23918.65,23923.05,23915.05,23916.35,545,170,0
2025-09-11 15:10:00+00:00,23916.45,23919.25,23911.15,23916.85,481,160,0
2025-09-11 15:15:00+00:00,23918.85,23921.95,23911.35,23914.75,652,170,0
2025-09-11 15:20:00+00:00,23914.85,23928.55,23912.25,23914.05,799,180,0
2025-09-11 15:25:00+00:00,23914.85,23922.56,23903.05,23921.16,994,190,0
2025-09-11 15:30:00+00:00,23921.36,23946.35,23830.52,23854.65,1538,210,0
2025-09-11 15:35:00+00:00,23855.85,23885.25,23853.65,23870.35,1424,210,0
2025-09-11 15:40:00+00:00,23872.45,23896.25,23869.85,23896.25,1239,210,0
2025-09-11 15:45:00+00:00,23895.95,23918.85,23886.95,23904.15,1331,210,0
2025-09-11 15:50:00+00:00,23904.25,23930.25,23900.45,23921.25,1252,210,0
2025-09-11 15:55:00+00:00,23920.95,23932.75,23911.45,23932.25,1172,210,0
2025-09-11 16:00:00+00:00,23931.25,23935.95,23923.95,23925.35,1157,210,0
2025-09-11 16:05:00+00:00,23925.75,23926.25,23912.85,23921.85,1183,210,0
2025-09-11 16:10:00+00:00,23921.95,23926.05,23912.15,23920.75,1069,200,0
2025-09-11 16:15:00+00:00,23920.05,23924.95,23912.05,23922.65,1014,190,0
2025-09-11 16:20:00+00:00,23923.05,23932.45,23922.45,23926.25,916,190,0
2025-09-11 16:25:00+00:00,23931.55,23949.65,23930.95,23948.65,1111,190,0
2025-09-11 16:30:00+00:00,23950.15,23968.65,23940.95,23957.85,1600,80,0
2025-09-11 16:35:00+00:00,23956.85,23959.05,23898.95,23905.95,1601,120,0
2025-09-11 16:40:00+00:00,23906.35,23917.45,23884.85,23897.35,1565,120,0
2025-09-11 16:45:00+00:00,23896.05,23937.05,23883.35,23921.85,1565,120,0
2025-09-11 16:50:00+00:00,23922.05,23949.85,23912.35,23943.15,1522,120,0
2025-09-11 16:55:00+00:00,23943.05,23959.05,23933.45,23951.55,1472,120,0
2025-09-11 17:00:00+00:00,23951.05,23955.05,23934.05,23952.45,1491,120,0
2025-09-11 17:05:00+00:00,23951.55,23974.95,23949.85,23958.55,1439,120,0
2025-09-11 17:10:00+00:00,23959.05,23963.55,23927.55,23931.05,1449,120,0
2025-09-11 17:15:00+00:00,23932.55,23949.35,23920.85,23924.35,1384,120,0
2025-09-11 17:20:00+00:00,23924.85,23941.15,23919.55,23940.85,1416,120,0
2025-09-11 17:25:00+00:00,23940.55,23943.35,23923.35,23937.85,1400,120,0
2025-09-11 17:30:00+00:00,23937.35,23971.55,23934.35,23970.65,1330,80,0
2025-09-11 17:35:00+00:00,23970.25,23984.75,23968.55,23984.25,1279,80,0
2025-09-11 17:40:00+00:00,23984.05,23989.55,23978.55,23986.75,1185,80,0
2025-09-11 17:45:00+00:00,23987.05,23991.65,23970.25,23978.25,1270,80,0
2025-09-11 17:50:00+00:00,23978.55,23981.85,23948.05,23962.95,1304,80,0
2025-09-11 17:55:00+00:00,23962.15,23975.95,23947.55,23975.85,1326,90,0
2025-09-11 18:00:00+00:00,23975.45,23984.05,23973.85,23978.55,1193,80,0
2025-09-11 18:05:00+00:00,23978.75,23989.05,23973.05,23978.75,1195,80,0
2025-09-11 18:10:00+00:00,23979.05,23990.85,23978.25,23988.75,1116,80,0
2025-09-11 18:15:00+00:00,23989.05,24017.75,23986.05,24011.75,1202,80,0
2025-09-11 18:20:00+00:00,24012.05,24016.05,23997.85,24000.55,1171,80,0
2025-09-11 18:25:00+00:00,24000.85,24010.75,23997.55,24009.15,1186,80,0
2025-09-11 18:30:00+00:00,24008.95,24016.25,24007.65,24008.45,1043,80,0
2025-09-11 18:35:00+00:00,24007.75,24010.15,23994.55,23995.65,1123,80,0
2025-09-11 18:40:00+00:00,23995.15,23999.45,23990.05,23990.15,1030,80,0
2025-09-11 18:45:00+00:00,23990.55,23993.65,23974.45,23982.65,1126,80,0
2025-09-11 18:50:00+00:00,23982.95,24000.25,23981.65,23997.65,1092,80,0
2025-09-11 18:55:00+00:00,23996.95,24001.05,23993.15,23995.25,937,80,0
2025-09-11 19:00:00+00:00,23995.45,24013.75,23992.75,24012.65,1017,80,0
2025-09-11 19:05:00+00:00,24011.95,24013.65,24004.75,24008.15,907,80,0
2025-09-11 19:10:00+00:00,24007.45,24011.55,24003.65,24004.95,941,80,0
2025-09-11 19:15:00+00:00,24005.15,24009.75,23996.45,24008.65,968,80,0
2025-09-11 19:20:00+00:00,24008.55,24013.05,24001.05,24003.45,980,80,0
2025-09-11 19:25:00+00:00,24003.75,24008.65,23994.45,23995.65,876,80,0
2025-09-11 19:30:00+00:00,23996.65,24004.45,23993.65,23996.45,923,80,0
2025-09-11 19:35:00+00:00,23996.65,23997.45,23988.05,23988.15,905,80,0
2025-09-11 19:40:00+00:00,23987.75,23989.75,23977.55,23985.95,1023,80,0
2025-09-11 19:45:00+00:00,23985.65,23988.65,23978.75,23987.65,897,80,0
2025-09-11 19:50:00+00:00,23986.95,23986.95,23966.45,23979.55,957,80,0
2025-09-11 19:55:00+00:00,23979.45,23988.15,23973.65,23980.15,877,80,0
2025-09-11 20:00:00+00:00,23979.65,23981.95,23969.95,23972.95,1118,80,0
2025-09-11 20:05:00+00:00,23972.65,23984.65,23968.55,23983.75,1045,80,0
2025-09-11 20:10:00+00:00,23983.65,23997.45,23983.45,23995.45,995,80,0
2025-09-11 20:15:00+00:00,23995.55,23998.05,23983.75,23987.25,930,80,0
2025-09-11 20:20:00+00:00,23987.45,23998.15,23985.45,23996.45,853,80,0
2025-09-11 20:25:00+00:00,23995.75,24001.05,23983.95,23985.45,887,80,0
2025-09-11 20:30:00+00:00,23985.15,24000.65,23984.65,23997.65,937,80,0
2025-09-11 20:35:00+00:00,23996.95,24001.15,23991.65,23995.05,876,80,0
2025-09-11 20:40:00+00:00,23995.65,24004.75,23993.15,24000.75,984,80,0
2025-09-11 20:45:00+00:00,24001.15,24002.75,23979.15,23980.95,1022,80,0
2025-09-11 20:50:00+00:00,23981.65,23995.65,23975.55,23995.15,1068,80,0
2025-09-11 20:55:00+00:00,23994.95,24003.95,23989.15,24003.45,831,80,0
2025-09-11 21:00:00+00:00,24003.65,24006.65,23994.55,23997.15,874,80,0
2025-09-11 21:05:00+00:00,23997.65,24003.75,23995.75,24000.45,904,80,0
2025-09-11 21:10:00+00:00,24000.15,24005.75,23994.45,23997.65,945,80,0
2025-09-11 21:15:00+00:00,23997.95,24000.65,23992.65,23993.75,836,80,0
2025-09-11 21:20:00+00:00,23994.45,23997.15,23987.45,23992.15,936,80,0
2025-09-11 21:25:00+00:00,23991.65,23999.05,23985.75,23992.45,947,80,0
2025-09-11 21:30:00+00:00,23992.65,23996.55,23988.65,23990.95,836,80,0
2025-09-11 21:35:00+00:00,23990.75,24000.55,23988.25,24000.55,895,80,0
2025-09-11 21:40:00+00:00,24000.15,24005.25,23997.45,24003.65,790,80,0
2025-09-11 21:45:00+00:00,24003.75,24009.05,24001.25,24006.65,743,80,0
2025-09-11 21:50:00+00:00,24006.95,24013.15,24004.15,24006.15,916,80,0
2025-09-11 21:55:00+00:00,24006.05,24012.75,24002.95,24004.65,793,80,0
2025-09-11 22:00:00+00:00,24004.75,24006.15,23999.65,24001.95,872,80,0
2025-09-11 22:05:00+00:00,24001.45,24008.45,23995.55,23996.15,919,80,0
2025-09-11 22:10:00+00:00,23996.45,24002.45,23993.65,23994.65,854,80,0
2025-09-11 22:15:00+00:00,23994.45,24004.65,23992.65,24002.45,836,80,0
2025-09-11 22:20:00+00:00,24001.95,24007.45,23998.75,24004.45,819,80,0
2025-09-11 22:25:00+00:00,24004.15,24009.25,24000.95,24004.15,763,80,0
2025-09-11 22:30:00+00:00,24003.15,24012.15,24001.95,24007.45,869,80,0
2025-09-11 22:35:00+00:00,24007.25,24009.75,24001.55,24007.05,814,80,0
2025-09-11 22:40:00+00:00,24006.95,24008.15,23995.95,23997.15,785,80,0
2025-09-11 22:45:00+00:00,23997.25,24008.25,23995.95,24007.65,818,80,0
2025-09-11 22:50:00+00:00,24003.65,24014.95,23999.25,24007.05,1172,80,0
2025-09-11 22:55:00+00:00,24009.15,24010.55,23979.95,23982.55,1230,80,0
2025-09-11 23:00:00+00:00,23982.95,23985.06,23974.66,23980.46,969,80,0
2025-09-11 23:05:00+00:00,23980.26,23993.96,23979.96,23991.06,714,208,0
2025-09-11 23:10:00+00:00,23990.56,23992.26,23975.36,23978.36,617,178,0
2025-09-11 23:15:00+00:00,23976.86,23986.46,23976.76,23981.66,560,188,0
2025-09-11 23:20:00+00:00,23981.76,23983.86,23980.46,23981.76,357,168,0
2025-09-11 23:25:00+00:00,23981.26,23984.26,23980.26,23982.36,247,168,0
2025-09-11 23:30:00+00:00,23982.26,23985.26,23981.46,23983.46,291,168,0
2025-09-11 23:35:00+00:00,23983.36,23983.86,23978.46,23978.86,284,168,0
2025-09-11 23:40:00+00:00,23978.56,23979.46,23976.06,23977.46,242,168,0
2025-09-11 23:45:00+00:00,23977.26,23982.76,23975.26,23981.96,251,168,0
2025-09-12 01:05:00+00:00,23991.36,23997.06,23986.56,23995.86,445,208,0
2025-09-12 01:10:00+00:00,23996.16,23996.86,23987.26,23987.46,347,188,0
2025-09-12 01:15:00+00:00,23987.26,23989.26,23982.66,23982.66,251,168,0
2025-09-12 01:20:00+00:00,23982.76,23989.76,23979.56,23987.06,325,178,0
2025-09-12 01:25:00+00:00,23986.76,23988.96,23983.56,23986.76,217,168,0
2025-09-12 01:30:00+00:00,23987.56,23989.06,23980.06,23980.76,254,178,0
2025-09-12 01:35:00+00:00,23980.56,23983.36,23977.96,23979.56,233,168,0
2025-09-12 01:40:00+00:00,23979.36,23979.36,23974.06,23977.66,230,168,0
2025-09-12 01:45:00+00:00,23977.56,23982.96,23975.56,23980.86,161,168,0
2025-09-12 01:50:00+00:00,23980.96,23994.36,23980.26,23992.66,183,168,0
2025-09-12 01:55:00+00:00,23992.36,23994.36,23991.86,23993.26,138,168,0
2025-09-12 02:00:00+00:00,23993.16,23993.95,23990.25,23991.85,124,150,0
2025-09-12 02:05:00+00:00,23990.95,23991.05,23985.45,23986.55,137,150,0
2025-09-12 02:10:00+00:00,23986.85,23997.45,23986.55,23996.35,169,150,0
2025-09-12 02:15:00+00:00,23995.85,23998.55,23994.55,23997.95,151,150,0
2025-09-12 02:20:00+00:00,23997.75,24004.05,23997.25,24002.55,190,150,0
2025-09-12 02:25:00+00:00,24002.45,24002.45,23996.05,23998.85,187,150,0
2025-09-12 02:30:00+00:00,23998.75,24003.35,23998.25,24001.55,192,150,0
2025-09-12 02:35:00+00:00,24001.45,24004.95,23998.05,23999.05,194,150,0
2025-09-12 02:40:00+00:00,23999.35,24001.75,23997.95,24000.45,195,150,0
2025-09-12 02:45:00+00:00,24000.55,24000.85,23997.65,23997.75,292,150,0
2025-09-12 02:50:00+00:00,23997.85,24002.75,23996.55,24000.95,211,150,0
2025-09-12 02:55:00+00:00,24000.75,24005.55,23998.75,24000.05,279,150,0
2025-09-12 03:00:00+00:00,23999.75,24000.75,23988.65,23990.45,573,150,0
2025-09-12 03:05:00+00:00,23990.65,23991.65,23986.45,23989.65,382,160,0
2025-09-12 03:10:00+00:00,23988.75,23996.45,23988.65,23993.15,439,160,0
2025-09-12 03:15:00+00:00,23992.95,23996.25,23991.25,23992.75,400,160,0
2025-09-12 03:20:00+00:00,23992.95,24001.05,23992.25,23998.45,321,150,0
2025-09-12 03:25:00+00:00,23998.55,24003.05,23996.55,23998.25,303,150,0
2025-09-12 03:30:00+00:00,23998.45,23999.55,23988.95,23990.15,339,160,0
2025-09-12 03:35:00+00:00,23990.05,23995.15,23989.55,23994.05,283,160,0
2025-09-12 03:40:00+00:00,23994.25,23994.35,23989.95,23992.35,210,150,0
2025-09-12 03:45:00+00:00,23992.95,23995.05,23991.25,23994.35,228,150,0
2025-09-12 03:50:00+00:00,23994.45,23995.45,23987.65,23989.45,303,150,0
2025-09-12 03:55:00+00:00,23989.55,23991.05,23988.55,23989.95,239,150,0
2025-09-12 04:00:00+00:00,23990.45,23991.05,23986.75,23991.05,293,150,0
2025-09-12 04:05:00+00:00,23990.85,23991.55,23988.45,23991.05,219,150,0
2025-09-12 04:10:00+00:00,23991.25,23995.55,23990.55,23995.05,255,150,0
2025-09-12 04:15:00+00:00,23994.95,23997.25,23991.95,23994.95,286,150,0
2025-09-12 04:20:00+00:00,23995.25,23995.95,23988.95,23989.05,246,150,0
2025-09-12 04:25:00+00:00,23988.95,23989.25,23984.45,23988.55,347,150,0
2025-09-12 04:30:00+00:00,23988.65,23989.25,23983.45,23987.05,371,150,0
2025-09-12 04:35:00+00:00,23986.55,23987.55,23983.25,23986.45,356,150,0
2025-09-12 04:40:00+00:00,23985.95,23986.55,23983.35,23985.95,325,150,0
2025-09-12 04:45:00+00:00,23986.05,23986.05,23981.65,23983.15,325,150,0
2025-09-12 04:50:00+00:00,23982.95,23986.05,23981.95,23984.75,305,150,0
2025-09-12 04:55:00+00:00,23985.45,23987.95,23982.25,23984.95,216,150,0
2025-09-12 05:00:00+00:00,23985.45,23986.35,23983.05,23985.75,270,150,0
2025-09-12 05:05:00+00:00,23985.45,23985.55,23980.25,23983.35,307,150,0
2025-09-12 05:10:00+00:00,23983.25,23984.25,23977.55,23978.45,265,150,0
2025-09-12 05:15:00+00:00,23978.25,23978.45,23973.15,23974.15,340,150,0
2025-09-12 05:20:00+00:00,23973.95,23975.75,23972.75,23972.85,239,150,0
2025-09-12 05:25:00+00:00,23972.95,23976.45,23972.55,23975.05,200,150,0
2025-09-12 05:30:00+00:00,23974.95,23976.45,23972.55,23975.35,253,150,0
2025-09-12 05:35:00+00:00,23975.55,23981.25,23975.55,23979.95,264,150,0
2025-09-12 05:40:00+00:00,23979.85,23984.75,23979.75,23983.75,219,150,0
2025-09-12 05:45:00+00:00,23983.85,23984.75,23981.25,23983.75,213,150,0
2025-09-12 05:50:00+00:00,23983.55,23987.35,23983.05,23986.25,159,150,0
2025-09-12 05:55:00+00:00,23986.35,23987.05,23983.35,23983.75,193,150,0
2025-09-12 06:00:00+00:00,23984.05,23986.05,23982.85,23983.85,232,150,0
2025-09-12 06:05:00+00:00,23983.75,23984.45,23981.55,23982.95,173,150,0
2025-09-12 06:10:00+00:00,23982.85,23985.45,23982.75,23983.55,153,150,0
2025-09-12 06:15:00+00:00,23983.35,23984.85,23982.55,23984.75,120,150,0
2025-09-12 06:20:00+00:00,23984.55,23986.95,23983.45,23985.85,152,150,0
2025-09-12 06:25:00+00:00,23985.75,23985.75,23980.45,23982.35,152,150,0
2025-09-12 06:30:00+00:00,23982.55,23983.45,23981.25,23983.25,191,150,0
2025-09-12 06:35:00+00:00,23983.05,23983.45,23980.95,23982.75,165,150,0
2025-09-12 06:40:00+00:00,23982.55,23983.95,23980.95,23983.25,139,150,0
2025-09-12 06:45:00+00:00,23983.35,23983.35,23980.85,23981.95,120,150,0
2025-09-12 06:50:00+00:00,23981.85,23983.95,23981.85,23983.85,97,150,0
2025-09-12 06:55:00+00:00,23983.95,23989.75,23983.35,23988.95,158,150,0
2025-09-12 07:00:00+00:00,23988.75,23991.25,23987.95,23990.75,200,150,0
2025-09-12 07:05:00+00:00,23990.55,23994.55,23990.35,23993.95,205,150,0
2025-09-12 07:10:00+00:00,23993.85,23998.55,23993.45,23995.95,180,150,0
2025-09-12 07:15:00+00:00,23995.75,23996.75,23992.55,23993.85,199,150,0
2025-09-12 07:20:00+00:00,23993.35,24001.85,23993.25,23997.95,198,150,0
2025-09-12 07:25:00+00:00,23997.75,23998.95,23995.75,23998.95,145,150,0
2025-09-12 07:30:00+00:00,23998.85,24001.45,23997.75,24000.95,158,150,0
2025-09-12 07:35:00+00:00,24000.75,24003.55,23998.95,24002.95,178,150,0
2025-09-12 07:40:00+00:00,24002.75,24004.45,24001.35,24003.85,111,150,0
2025-09-12 07:45:00+00:00,24003.55,24004.35,24001.05,24002.95,170,150,0
2025-09-12 07:50:00+00:00,24003.55,24005.25,24002.75,24003.55,125,150,0
2025-09-12 07:55:00+00:00,24003.45,24003.75,23998.95,24000.05,156,150,0
2025-09-12 08:00:00+00:00,24000.35,24005.75,23998.75,24004.75,221,150,0
2025-09-12 08:05:00+00:00,24004.55,24006.95,24002.45,24003.25,184,150,0
2025-09-12 08:10:00+00:00,24003.45,24007.45,24001.05,24004.95,211,150,0
2025-09-12 08:15:00+00:00,24004.75,24007.55,24003.25,24007.45,189,150,0
2025-09-12 08:20:00+00:00,24007.55,24008.25,24003.25,24004.95,161,150,0
2025-09-12 08:25:00+00:00,24005.25,24007.95,24003.25,24007.95,237,150,0
2025-09-12 08:30:00+00:00,24007.85,24013.95,24007.25,24008.95,299,150,0
2025-09-12 08:35:00+00:00,24008.75,24013.65,24005.45,24013.65,275,150,0
2025-09-12 08:40:00+00:00,24013.55,24015.25,24012.25,24013.95,230,150,0
2025-09-12 08:45:00+00:00,24013.85,24019.75,24012.75,24017.25,243,150,0
2025-09-12 08:50:00+00:00,24016.95,24017.45,24014.25,24014.85,190,150,0
2025-09-12 08:55:00+00:00,24014.75,24016.35,24013.25,24014.85,167,150,0
2025-09-12 09:00:00+00:00,24015.25,24015.55,24005.85,24008.65,410,150,0
2025-09-12 09:05:00+00:00,24008.25,24011.75,24005.05,24009.45,379,150,0
2025-09-12 09:10:00+00:00,24009.35,24009.35,24005.95,24009.25,237,150,0
2025-09-12 09:15:00+00:00,24008.75,24010.55,24008.05,24008.85,289,150,0
2025-09-12 09:20:00+00:00,24008.55,24012.05,24005.25,24005.85,264,150,0
2025-09-12 09:25:00+00:00,24005.75,24005.75,23993.75,23998.15,514,150,0
2025-09-12 09:30:00+00:00,23998.95,24004.55,23994.65,23995.15,433,160,0
2025-09-12 09:35:00+00:00,23994.15,23995.15,23988.45,23988.95,368,150,0
2025-09-12 09:40:00+00:00,23988.45,23994.45,23987.95,23988.55,333,150,0
2025-09-12 09:45:00+00:00,23988.45,23992.35,23986.65,23990.75,300,160,0
2025-09-12 09:50:00+00:00,23992.75,23998.65,23992.45,23998.15,340,160,0
2025-09-12 09:55:00+00:00,23997.25,24004.15,23995.15,24003.65,354,150,0
2025-09-12 10:00:00+00:00,24002.55,24007.55,23998.15,24007.35,725,160,0
2025-09-12 10:05:00+00:00,24007.15,24011.35,23999.85,24003.65,626,180,0
2025-09-12 10:10:00+00:00,24002.15,24006.35,24000.35,24001.95,523,160,0
2025-09-12 10:15:00+00:00,24001.75,24003.95,23996.45,24003.25,396,160,0
2025-09-12 10:20:00+00:00,24003.15,24007.75,24000.25,24003.25,439,160,0
2025-09-12 10:25:00+00:00,24003.15,24005.25,23997.75,24002.75,526,170,0
2025-09-12 10:30:00+00:00,24002.35,24002.95,23995.45,23997.95,670,170,0
2025-09-12 10:35:00+00:00,23998.05,24001.45,23995.95,23997.95,468,160,0
2025-09-12 10:40:00+00:00,23997.65,23998.65,23987.05,23989.15,545,160,0
2025-09-12 10:45:00+00:00,23988.95,23997.05,23988.05,23996.05,417,160,0
2025-09-12 10:50:00+00:00,23995.95,23999.45,23995.45,23997.25,434,150,0
2025-09-12 10:55:00+00:00,23997.65,23999.15,23989.05,23990.55,465,150,0
2025-09-12 11:00:00+00:00,23990.75,23998.95,23982.35,23984.35,872,150,0
2025-09-12 11:05:00+00:00,23984.15,23992.55,23982.35,23984.15,714,180,0
2025-09-12 11:10:00+00:00,23983.95,23984.65,23965.75,23965.75,784,180,0
2025-09-12 11:15:00+00:00,23964.85,23965.15,23949.05,23957.55,859,180,0
2025-09-12 11:20:00+00:00,23958.15,23966.75,23953.65,23966.15,781,190,0
2025-09-12 11:25:00+00:00,23966.55,23972.85,23966.05,23971.35,520,170,0
2025-09-12 11:30:00+00:00,23971.25,23973.95,23969.65,23971.45,453,160,0
2025-09-12 11:35:00+00:00,23971.55,23980.65,23967.65,23975.65,497,160,0
2025-09-12 11:40:00+00:00,23975.45,23978.95,23972.65,23978.65,424,160,0
2025-09-12 11:45:00+00:00,23978.95,23980.95,23976.45,23978.65,463,150,0
2025-09-12 11:50:00+00:00,23978.55,23979.95,23974.45,23977.15,431,160,0
2025-09-12 11:55:00+00:00,23977.65,23982.95,23976.45,23982.85,421,150,0
2025-09-12 12:00:00+00:00,23982.25,23985.15,23978.75,23982.65,421,150,0
2025-09-12 12:05:00+00:00,23982.95,23985.45,23980.55,23982.55,432,150,0
2025-09-12 12:10:00+00:00,23982.85,23984.75,23981.75,23984.45,356,150,0
2025-09-12 12:15:00+00:00,23984.35,23985.25,23980.35,23982.75,340,150,0
2025-09-12 12:20:00+00:00,23982.45,23982.75,23977.15,23980.95,409,150,0
2025-09-12 12:25:00+00:00,23981.05,23984.05,23980.35,23982.45,318,150,0
2025-09-12 12:30:00+00:00,23982.55,23987.25,23981.55,23981.55,375,150,0
2025-09-12 12:35:00+00:00,23981.45,23983.65,23976.55,23982.75,468,160,0
2025-09-12 12:40:00+00:00,23983.05,23989.05,23981.05,23987.65,405,160,0
2025-09-12 12:45:00+00:00,23988.15,23995.35,23986.65,23994.85,366,150,0
2025-09-12 12:50:00+00:00,23994.55,23998.95,23993.15,23995.95,363,150,0
2025-09-12 12:55:00+00:00,23996.15,23996.95,23988.95,23990.05,360,150,0
2025-09-12 13:00:00+00:00,23991.05,23991.65,23985.65,23987.65,364,150,0
2025-09-12 13:05:00+00:00,23987.55,23993.55,23986.45,23991.15,341,150,0
2025-09-12 13:10:00+00:00,23991.75,23994.05,23989.25,23992.45,318,150,0
2025-09-12 13:15:00+00:00,23992.55,23994.75,23990.45,23991.95,287,150,0
2025-09-12 13:20:00+00:00,23992.05,23995.45,23990.65,23990.65,289,150,0
2025-09-12 13:25:00+00:00,23991.05,23996.65,23990.95,23995.75,330,160,0
2025-09-12 13:30:00+00:00,23995.45,24001.65,23992.25,23998.25,352,160,0
2025-09-12 13:35:00+00:00,23998.45,24000.25,23996.75,23997.25,265,150,0
2025-09-12 13:40:00+00:00,23997.35,24001.05,23996.95,23999.45,288,150,0
2025-09-12 13:45:00+00:00,23999.05,24001.95,23998.65,24001.95,326,150,0
2025-09-12 13:50:00+00:00,24002.45,24002.85,23997.45,23998.25,301,150,0
2025-09-12 13:55:00+00:00,23998.35,24003.95,23998.05,24002.55,284,150,0
2025-09-12 14:00:00+00:00,24002.85,24003.75,23996.95,23999.25,437,150,0
2025-09-12 14:05:00+00:00,23999.55,24001.95,23989.65,23993.85,535,160,0
2025-09-12 14:10:00+00:00,23993.95,23997.65,23992.75,23994.05,339,150,0
2025-09-12 14:15:00+00:00,23993.95,23995.25,23991.95,23992.45,357,150,0
2025-09-12 14:20:00+00:00,23992.35,24001.65,23989.85,24000.95,354,150,0
2025-09-12 14:25:00+00:00,24001.25,24005.95,24000.25,24005.45,355,150,0
2025-09-12 14:30:00+00:00,24004.95,24007.05,24002.75,24003.55,307,150,0
2025-09-12 14:35:00+00:00,24003.35,24009.05,24001.45,24008.05,314,150,0
2025-09-12 14:40:00+00:00,24008.25,24008.95,24004.45,24008.75,317,150,0
2025-09-12 14:45:00+00:00,24008.25,24015.55,24007.75,24012.25,345,150,0
2025-09-12 14:50:00+00:00,24012.15,24015.45,24010.15,24015.05,387,150,0
2025-09-12 14:55:00+00:00,24014.95,24027.75,24014.95,24024.75,429,150,0
2025-09-12 15:00:00+00:00,24024.95,24026.85,24009.25,24009.85,536,170,0
2025-09-12 15:05:00+00:00,24009.75,24016.95,24005.35,24011.15,590,170,0
2025-09-12 15:10:00+00:00,24010.65,24014.15,24009.15,24012.65,476,160,0
2025-09-12 15:15:00+00:00,24014.15,24023.95,24013.45,24023.45,475,160,0
2025-09-12 15:20:00+00:00,24023.25,24024.15,24015.85,24019.15,487,150,0
2025-09-12 15:25:00+00:00,24018.95,24021.85,24008.75,24016.75,604,150,0
2025-09-12 15:30:00+00:00,24016.05,24018.25,23994.95,24006.95,909,210,0
2025-09-12 15:35:00+00:00,24007.05,24012.05,24000.45,24009.25,780,190,0
2025-09-12 15:40:00+00:00,24009.05,24016.65,24005.05,24011.85,705,180,0
2025-09-12 15:45:00+00:00,24011.95,24019.85,24011.55,24018.95,512,170,0
2025-09-12 15:50:00+00:00,24018.85,24023.25,24016.55,24022.65,493,160,0
2025-09-12 15:55:00+00:00,24022.95,24024.55,24020.95,24022.15,465,160,0
2025-09-12 16:00:00+00:00,24021.45,24028.65,24019.25,24023.45,670,160,0
2025-09-12 16:05:00+00:00,24023.65,24031.15,24023.05,24030.65,690,170,0
2025-09-12 16:10:00+00:00,24030.85,24031.65,24026.65,24028.45,482,160,0
2025-09-12 16:15:00+00:00,24028.15,24029.95,24026.15,24028.15,500,160,0
2025-09-12 16:20:00+00:00,24028.45,24029.15,24024.75,24027.45,458,150,0
2025-09-12 16:25:00+00:00,24025.25,24028.95,24017.85,24019.75,901,160,0
2025-09-12 16:30:00+00:00,24020.55,24043.15,24006.85,24015.95,1583,80,0
2025-09-12 16:35:00+00:00,24014.65,24014.95,23982.85,23993.15,1503,120,0
2025-09-12 16:40:00+00:00,23993.65,24013.95,23987.85,24010.35,1441,120,0
2025-09-12 16:45:00+00:00,24009.35,24019.65,24001.15,24007.35,1385,120,0
2025-09-12 16:50:00+00:00,24006.25,24014.35,23997.15,24006.15,1399,120,0
2025-09-12 16:55:00+00:00,24005.85,24029.85,24005.75,24025.32,1341,90,0
2025-09-12 17:00:00+00:00,24015.32,24035.15,24012.77,24029.85,1436,120,0
2025-09-12 17:05:00+00:00,24029.75,24038.65,24027.55,24038.05,1268,80,0
2025-09-12 17:10:00+00:00,24037.55,24041.05,24009.35,24012.05,1278,80,0
2025-09-12 17:15:00+00:00,24012.55,24036.55,24007.35,24034.55,1206,80,0
2025-09-12 17:20:00+00:00,24034.05,24053.85,24031.55,24052.35,1276,80,0
2025-09-12 17:25:00+00:00,24051.85,24056.55,24046.65,24051.85,1164,80,0
2025-09-12 17:30:00+00:00,24052.45,24064.85,24045.35,24060.65,1200,80,0
2025-09-12 17:35:00+00:00,24060.35,24068.45,24057.55,24062.35,1132,80,0
2025-09-12 17:40:00+00:00,24062.45,24067.65,24055.85,24062.05,1065,80,0
2025-09-12 17:45:00+00:00,24062.35,24076.35,24060.35,24075.85,1082,80,0
2025-09-12 17:50:00+00:00,24075.55,24087.55,24071.95,24087.55,1063,80,0
2025-09-12 17:55:00+00:00,24087.45,24095.95,24081.05,24086.35,1141,80,0
2025-09-12 18:00:00+00:00,24086.45,24091.65,24066.15,24067.35,1098,80,0
2025-09-12 18:05:00+00:00,24067.05,24075.85,24063.85,24073.05,1075,80,0
2025-09-12 18:10:00+00:00,24072.85,24079.35,24066.05,24075.85,1042,80,0
2025-09-12 18:15:00+00:00,24075.55,24085.65,24068.35,24069.35,1027,80,0
2025-09-12 18:20:00+00:00,24069.85,24073.45,24059.85,24072.85,1090,80,0
2025-09-12 18:25:00+00:00,24072.55,24078.95,24067.05,24067.55,962,80,0
2025-09-12 18:30:00+00:00,24067.85,24077.35,24058.55,24074.05,1022,80,0
2025-09-12 18:35:00+00:00,24073.45,24076.85,24063.05,24066.35,898,80,0
2025-09-12 18:40:00+00:00,24066.55,24071.95,24057.15,24060.45,998,80,0
2025-09-12 18:45:00+00:00,24060.55,24063.65,24053.05,24061.05,990,80,0
2025-09-12 18:50:00+00:00,24060.85,24070.35,24059.85,24069.05,986,80,0
2025-09-12 18:55:00+00:00,24069.15,24079.95,24068.55,24071.55,965,80,0
2025-09-12 19:00:00+00:00,24071.35,24072.55,24055.05,24060.95,1001,80,0
2025-09-12 19:05:00+00:00,24060.55,24071.95,24052.45,24071.65,929,80,0
2025-09-12 19:10:00+00:00,24071.95,24081.05,24070.85,24078.05,886,80,0
2025-09-12 19:15:00+00:00,24078.55,24087.15,24078.45,24081.85,925,80,0
2025-09-12 19:20:00+00:00,24081.55,24086.95,24072.45,24084.95,873,80,0
2025-09-12 19:25:00+00:00,24085.05,24086.85,24081.55,24086.05,772,80,0
2025-09-12 19:30:00+00:00,24085.85,24092.45,24082.95,24090.95,879,80,0
2025-09-12 19:35:00+00:00,24091.45,24091.45,24078.35,24079.05,855,80,0
2025-09-12 19:40:00+00:00,24078.85,24082.05,24076.85,24081.55,810,80,0
2025-09-12 19:45:00+00:00,24081.65,24090.55,24077.55,24085.55,877,80,0
2025-09-12 19:50:00+00:00,24085.85,24094.45,24082.55,24092.35,886,80,0
2025-09-12 19:55:00+00:00,24092.15,24102.55,24088.35,24090.85,966,80,0
2025-09-12 20:00:00+00:00,24091.55,24092.05,24081.95,24082.55,891,80,0
2025-09-12 20:05:00+00:00,24083.05,24084.55,24078.85,24079.15,808,80,0
2025-09-12 20:10:00+00:00,24079.35,24086.15,24078.35,24085.45,770,80,0
2025-09-12 20:15:00+00:00,24085.55,24091.55,24079.45,24081.55,775,80,0
2025-09-12 20:20:00+00:00,24082.05,24087.15,24079.85,24086.05,677,80,0
2025-09-12 20:25:00+00:00,24086.55,24086.55,24080.35,24081.35,664,80,0
2025-09-12 20:30:00+00:00,24081.55,24087.35,24079.05,24080.35,702,80,0
2025-09-12 20:35:00+00:00,24080.15,24083.65,24072.15,24078.85,876,80,0
2025-09-12 20:40:00+00:00,24078.55,24085.65,24078.45,24084.05,752,80,0
2025-09-12 20:45:00+00:00,24083.85,24094.65,24083.55,24094.15,827,80,0
2025-09-12 20:50:00+00:00,24094.05,24101.15,24091.55,24098.45,930,80,0
2025-09-12 20:55:00+00:00,24098.55,24108.55,24097.35,24104.35,904,80,0
2025-09-12 21:00:00+00:00,24104.45,24104.55,24094.05,24094.35,846,80,0
2025-09-12 21:05:00+00:00,24094.05,24101.55,24093.85,24101.15,730,80,0
2025-09-12 21:10:00+00:00,24101.05,24105.45,24096.65,24104.55,747,80,0
2025-09-12 21:15:00+00:00,24104.45,24104.45,24097.45,24101.05,698,80,0
2025-09-12 21:20:00+00:00,24101.15,24104.05,24099.85,24102.45,763,80,0
2025-09-12 21:25:00+00:00,24102.55,24106.55,24101.35,24102.65,699,80,0
2025-09-12 21:30:00+00:00,24102.85,24118.05,24100.15,24112.55,849,80,0
2025-09-12 21:35:00+00:00,24112.05,24121.35,24109.45,24119.65,800,80,0
2025-09-12 21:40:00+00:00,24119.15,24123.35,24116.15,24119.95,827,80,0
2025-09-12 21:45:00+00:00,24120.05,24121.85,24100.35,24109.85,799,80,0
2025-09-12 21:50:00+00:00,24111.05,24132.85,24111.05,24132.85,992,80,0
2025-09-12 21:55:00+00:00,24132.95,24137.95,24129.55,24132.85,932,80,0
2025-09-12 22:00:00+00:00,24133.05,24136.35,24130.65,24132.55,766,80,0
2025-09-12 22:05:00+00:00,24132.35,24135.55,24126.45,24129.45,781,80,0
2025-09-12 22:10:00+00:00,24129.35,24129.55,24115.55,24118.15,785,80,0
2025-09-12 22:15:00+00:00,24118.05,24120.05,24112.85,24116.55,847,80,0
2025-09-12 22:20:00+00:00,24116.45,24118.55,24107.05,24107.45,812,80,0
2025-09-12 22:25:00+00:00,24107.35,24112.35,24099.35,24103.45,879,80,0
2025-09-12 22:30:00+00:00,24103.35,24105.35,24084.35,24090.35,1134,80,0
2025-09-12 22:35:00+00:00,24089.85,24094.35,24076.85,24079.05,1120,80,0
2025-09-12 22:40:00+00:00,24078.65,24093.35,24066.95,24092.55,1148,80,0
2025-09-12 22:45:00+00:00,24092.35,24102.45,24087.85,24098.15,1089,80,0
2025-09-12 22:50:00+00:00,24097.95,24111.55,24097.35,24111.55,1148,80,0
2025-09-12 22:55:00+00:00,24109.95,24111.15,24088.35,24088.65,1253,80,0
2025-09-12 23:00:00+00:00,24088.45,24088.96,24076.36,24084.06,1028,110,0
2025-09-12 23:05:00+00:00,24083.86,24090.66,24083.46,24087.26,692,188,0
2025-09-12 23:10:00+00:00,24087.06,24091.16,24086.76,24090.16,479,168,0
2025-09-12 23:15:00+00:00,24090.26,24097.96,24090.16,24093.16,369,168,0
2025-09-12 23:20:00+00:00,24093.36,24095.26,24090.36,24091.16,321,168,0
2025-09-12 23:25:00+00:00,24091.66,24093.66,24090.86,24092.16,262,168,0
2025-09-12 23:30:00+00:00,24091.86,24093.36,24089.36,24092.36,247,168,0
2025-09-12 23:35:00+00:00,24092.16,24093.26,24088.86,24089.96,232,168,0
2025-09-12 23:40:00+00:00,24090.16,24093.36,24089.46,24092.16,264,168,0
2025-09-12 23:45:00+00:00,24092.36,24095.16,24091.86,24091.86,248,168,0
2025-09-15 01:05:00+00:00,24084.76,24101.46,24081.66,24098.86,443,198,0
2025-09-15 01:10:00+00:00,24098.56,24101.86,24093.86,24101.16,357,188,0
2025-09-15 01:15:00+00:00,24100.66,24109.66,24100.06,24103.96,416,188,0
2025-09-15 01:20:00+00:00,24103.86,24104.16,24097.16,24099.16,253,178,0
2025-09-15 01:25:00+00:00,24098.96,24104.46,24098.16,24102.66,224,168,0
2025-09-15 01:30:00+00:00,24102.46,24104.26,24099.26,24101.06,197,168,0
2025-09-15 01:35:00+00:00,24101.16,24104.06,24098.76,24103.46,116,168,0
2025-09-15 01:40:00+00:00,24103.56,24106.46,24102.06,24104.76,149,168,0
2025-09-15 01:45:00+00:00,24104.56,24108.76,24104.56,24105.86,149,168,0
2025-09-15 01:50:00+00:00,24105.76,24107.56,24101.86,24104.56,114,168,0
2025-09-15 01:55:00+00:00,24105.06,24106.26,24102.46,24104.96,129,168,0
2025-09-15 02:00:00+00:00,24105.05,24108.15,24104.55,24106.15,134,150,0
2025-09-15 02:05:00+00:00,24105.95,24106.15,24099.95,24100.05,193,150,0
2025-09-15 02:10:00+00:00,24099.65,24102.35,24098.05,24100.55,141,150,0
2025-09-15 02:15:00+00:00,24100.85,24102.85,24099.85,24100.35,121,150,0
2025-09-15 02:20:00+00:00,24100.05,24101.15,24097.55,24098.65,150,150,0
2025-09-15 02:25:00+00:00,24098.85,24098.85,24091.65,24091.75,218,150,0
2025-09-15 02:30:00+00:00,24091.65,24094.65,24082.35,24083.05,317,160,0
2025-09-15 02:35:00+00:00,24083.25,24089.35,24080.55,24088.85,245,150,0
2025-09-15 02:40:00+00:00,24089.15,24089.35,24081.15,24089.05,244,150,0
2025-09-15 02:45:00+00:00,24088.85,24090.25,24081.95,24089.45,269,150,0
2025-09-15 02:50:00+00:00,24089.25,24091.45,24086.45,24086.45,184,150,0
2025-09-15 02:55:00+00:00,24086.35,24092.45,24082.65,24091.05,267,150,0
2025-09-15 03:00:00+00:00,24091.55,24093.55,24084.85,24086.25,429,150,0
2025-09-15 03:05:00+00:00,24085.95,24090.35,24080.75,24090.35,360,160,0
2025-09-15 03:10:00+00:00,24090.85,24095.05,24087.95,24093.75,389,170,0
2025-09-15 03:15:00+00:00,24093.45,24094.05,24075.95,24088.15,518,170,0
2025-09-15 03:20:00+00:00,24088.25,24089.25,24081.55,24081.75,304,170,0
2025-09-15 03:25:00+00:00,24081.85,24084.15,24072.85,24075.95,370,150,0
2025-09-15 03:30:00+00:00,24076.05,24084.25,24075.25,24082.55,347,160,0
2025-09-15 03:35:00+00:00,24081.75,24082.05,24076.75,24079.75,325,160,0
2025-09-15 03:40:00+00:00,24079.45,24079.75,24075.65,24079.15,262,150,0
2025-09-15 03:45:00+00:00,24078.95,24086.45,24078.15,24084.65,298,150,0
2025-09-15 03:50:00+00:00,24084.55,24089.45,24081.15,24088.25,303,150,0
2025-09-15 03:55:00+00:00,24088.45,24094.15,24087.75,24090.05,254,150,0
2025-09-15 04:00:00+00:00,24090.35,24093.15,24086.75,24087.55,436,150,0
2025-09-15 04:05:00+00:00,24087.45,24093.15,24087.25,24090.85,316,160,0
2025-09-15 04:10:00+00:00,24090.75,24091.85,24086.35,24088.05,295,150,0
2025-09-15 04:15:00+00:00,24088.55,24089.85,24086.35,24088.35,274,150,0
2025-09-15 04:20:00+00:00,24088.45,24091.35,24085.95,24090.45,299,150,0
2025-09-15 04:25:00+00:00,24090.85,24093.45,24088.85,24093.45,249,150,0
2025-09-15 04:30:00+00:00,24094.15,24094.85,24088.85,24091.75,345,150,0
2025-09-15 04:35:00+00:00,24091.55,24097.95,24091.15,24095.05,321,150,0
2025-09-15 04:40:00+00:00,24094.65,24095.15,24089.15,24091.55,326,150,0
2025-09-15 04:45:00+00:00,24091.65,24098.05,24091.65,24096.35,304,150,0
2025-09-15 04:50:00+00:00,24096.15,24098.15,24094.65,24096.55,267,150,0
2025-09-15 04:55:00+00:00,24096.65,24097.95,24094.55,24094.55,272,150,0
2025-09-15 05:00:00+00:00,24094.85,24096.55,24088.75,24095.15,446,150,0
2025-09-15 05:05:00+00:00,24095.55,24101.95,24095.25,24100.55,272,150,0
2025-09-15 05:10:00+00:00,24100.35,24103.05,24099.55,24100.15,289,150,0
2025-09-15 05:15:00+00:00,24100.35,24103.45,24097.05,24102.55,352,150,0
2025-09-15 05:20:00+00:00,24102.65,24102.65,24095.15,24099.45,252,150,0
2025-09-15 05:25:00+00:00,24099.55,24100.65,24096.45,24099.45,279,150,0
2025-09-15 05:30:00+00:00,24099.05,24099.05,24096.15,24096.15,178,150,0
2025-09-15 05:35:00+00:00,24096.45,24096.95,24092.65,24092.85,177,150,0
2025-09-15 05:40:00+00:00,24092.95,24098.65,24092.95,24098.55,167,150,0
2025-09-15 05:45:00+00:00,24098.65,24100.65,24096.15,24096.95,209,150,0
2025-09-15 05:50:00+00:00,24097.45,24099.15,24096.15,24098.45,147,150,0
2025-09-15 05:55:00+00:00,24098.55,24099.15,24095.35,24098.55,171,150,0
2025-09-15 06:00:00+00:00,24098.65,24101.35,24096.85,24101.15,163,150,0
2025-09-15 06:05:00+00:00,24101.05,24104.35,24100.55,24102.85,156,150,0
2025-09-15 06:10:00+00:00,24102.95,24103.65,24100.65,24103.65,194,150,0
2025-09-15 06:15:00+00:00,24103.55,24110.15,24101.55,24106.55,261,150,0
2025-09-15 06:20:00+00:00,24106.65,24110.95,24105.75,24108.85,209,150,0
2025-09-15 06:25:00+00:00,24109.05,24109.35,24100.95,24101.55,191,150,0
2025-09-15 06:30:00+00:00,24101.35,24102.85,24098.95,24100.55,201,150,0
2025-09-15 06:35:00+00:00,24100.45,24103.35,24099.45,24102.45,133,150,0
2025-09-15 06:40:00+00:00,24102.55,24108.15,24102.55,24106.45,179,150,0
2025-09-15 06:45:00+00:00,24106.55,24108.65,24105.15,24105.55,210,150,0
2025-09-15 06:50:00+00:00,24106.15,24107.65,24105.55,24106.65,159,150,0
2025-09-15 06:55:00+00:00,24106.85,24106.85,24101.85,24102.05,136,150,0
2025-09-15 07:00:00+00:00,24101.95,24104.15,24101.15,24103.55,155,150,0
2025-09-15 07:05:00+00:00,24103.65,24108.55,24102.35,24106.05,148,150,0
2025-09-15 07:10:00+00:00,24105.65,24105.65,24100.95,24103.55,132,150,0
2025-09-15 07:15:00+00:00,24103.65,24105.85,24101.55,24105.55,116,150,0
2025-09-15 07:20:00+00:00,24105.65,24109.55,24105.55,24108.55,159,150,0
2025-09-15 07:25:00+00:00,24108.45,24110.15,24105.95,24108.45,149,150,0
2025-09-15 07:30:00+00:00,24108.35,24112.45,24108.35,24110.15,132,150,0
2025-09-15 07:35:00+00:00,24109.85,24112.95,24109.35,24110.65,127,150,0
2025-09-15 07:40:00+00:00,24110.95,24112.15,24108.65,24111.85,116,150,0
2025-09-15 07:45:00+00:00,24111.95,24112.65,24109.95,24110.85,100,150,0
2025-09-15 07:50:00+00:00,24110.45,24111.95,24108.05,24110.55,144,150,0
2025-09-15 07:55:00+00:00,24110.35,24111.55,24109.35,24111.55,84,150,0
2025-09-15 08:00:00+00:00,24111.45,24112.85,24109.15,24109.65,194,150,0
2025-09-15 08:05:00+00:00,24109.85,24111.55,24109.65,24110.15,176,150,0
2025-09-15 08:10:00+00:00,24110.35,24112.15,24108.85,24110.35,184,150,0
2025-09-15 08:15:00+00:00,24110.15,24111.05,24103.55,24104.95,202,150,0
2025-09-15 08:20:00+00:00,24105.35,24107.95,24104.35,24107.05,211,150,0
2025-09-15 08:25:00+00:00,24106.85,24110.85,24106.85,24109.15,225,150,0
2025-09-15 08:30:00+00:00,24109.35,24111.65,24107.15,24111.65,169,150,0
2025-09-15 08:35:00+00:00,24111.85,24116.65,24110.55,24115.65,182,150,0
2025-09-15 08:40:00+00:00,24115.55,24124.35,24114.65,24119.85,321,150,0
2025-09-15 08:45:00+00:00,24119.55,24120.25,24115.95,24116.55,236,150,0
2025-09-15 08:50:00+00:00,24116.45,24120.15,24115.35,24119.35,198,150,0
2025-09-15 08:55:00+00:00,24119.85,24121.15,24118.35,24120.35,185,150,0
2025-09-15 09:00:00+00:00,24120.55,24124.35,24117.75,24121.45,396,150,0
2025-09-15 09:05:00+00:00,24121.55,24125.15,24116.55,24124.05,308,150,0
2025-09-15 09:10:00+00:00,24124.35,24125.75,24119.05,24121.25,326,150,0
2025-09-15 09:15:00+00:00,24121.05,24123.35,24119.25,24122.95,247,150,0
2025-09-15 09:20:00+00:00,24122.55,24122.55,24115.45,24115.95,269,150,0
2025-09-15 09:25:00+00:00,24116.05,24116.95,24112.55,24114.95,300,150,0
2025-09-15 09:30:00+00:00,24114.85,24125.05,24112.95,24120.25,372,150,0
2025-09-15 09:35:00+00:00,24120.05,24124.55,24118.85,24123.55,287,150,0
2025-09-15 09:40:00+00:00,24124.05,24127.85,24123.65,24126.85,214,150,0
2025-09-15 09:45:00+00:00,24126.95,24127.55,24122.65,24125.85,270,150,0
2025-09-15 09:50:00+00:00,24125.55,24127.15,24123.05,24124.45,256,150,0
2025-09-15 09:55:00+00:00,24124.35,24130.35,24123.95,24127.65,325,150,0
2025-09-15 10:00:00+00:00,24127.35,24132.85,24124.15,24126.65,766,150,0
2025-09-15 10:05:00+00:00,24126.45,24127.75,24124.05,24127.15,424,160,0
2025-09-15 10:10:00+00:00,24127.55,24129.15,24124.05,24126.05,407,150,0
2025-09-15 10:15:00+00:00,24125.95,24128.25,24119.15,24127.25,432,150,0
2025-09-15 10:20:00+00:00,24127.05,24133.15,24126.25,24130.05,418,150,0
2025-09-15 10:25:00+00:00,24130.35,24131.55,24124.05,24124.45,397,150,0
2025-09-15 10:30:00+00:00,24124.55,24133.05,24121.05,24132.75,498,150,0
2025-09-15 10:35:00+00:00,24133.15,24139.25,24127.75,24131.15,485,160,0
2025-09-15 10:40:00+00:00,24131.05,24135.05,24123.85,24124.35,465,160,0
2025-09-15 10:45:00+00:00,24124.65,24129.05,24124.65,24127.85,404,160,0
2025-09-15 10:50:00+00:00,24127.75,24127.75,24120.25,24125.25,402,160,0
2025-09-15 10:55:00+00:00,24125.05,24126.05,24118.55,24119.55,362,150,0
2025-09-15 11:00:00+00:00,24120.75,24121.85,24056.35,24064.75,1245,160,0
2025-09-15 11:05:00+00:00,24064.85,24103.15,24062.85,24100.75,1061,210,0
2025-09-15 11:10:00+00:00,24100.65,24101.25,24085.15,24092.75,810,190,0
2025-09-15 11:15:00+00:00,24092.65,24102.45,24077.35,24100.15,892,190,0
2025-09-15 11:20:00+00:00,24099.85,24099.95,24082.35,24093.45,802,180,0
2025-09-15 11:25:00+00:00,24092.85,24093.55,24075.55,24078.65,627,170,0
2025-09-15 11:30:00+00:00,24078.95,24084.45,24060.45,24060.85,769,180,0
2025-09-15 11:35:00+00:00,24060.95,24075.95,24060.65,24075.05,713,190,0
2025-09-15 11:40:00+00:00,24075.35,24081.35,24070.65,24080.85,627,170,0
2025-09-15 11:45:00+00:00,24081.05,24096.85,24080.55,24096.85,557,160,0
2025-09-15 11:50:00+00:00,24096.75,24097.05,24081.25,24082.45,589,170,0
2025-09-15 11:55:00+00:00,24082.25,24082.25,24071.45,24075.85,532,170,0
2025-09-15 12:00:00+00:00,24075.25,24076.95,24066.95,24069.75,548,170,0
2025-09-15 12:05:00+00:00,24069.55,24075.45,24067.55,24072.35,471,160,0
2025-09-15 12:10:00+00:00,24072.25,24074.55,24068.55,24071.25,445,170,0
2025-09-15 12:15:00+00:00,24070.95,24073.25,24063.55,24067.55,514,170,0
2025-09-15 12:20:00+00:00,24067.65,24071.05,24060.65,24070.65,513,160,0
2025-09-15 12:25:00+00:00,24071.05,24074.65,24068.75,24073.25,445,160,0
2025-09-15 12:30:00+00:00,24073.35,24079.55,24071.55,24073.05,526,160,0
2025-09-15 12:35:00+00:00,24073.25,24080.05,24069.95,24078.55,433,160,0
2025-09-15 12:40:00+00:00,24078.75,24079.15,24070.05,24073.85,383,160,0
2025-09-15 12:45:00+00:00,24074.05,24079.05,24073.05,24075.75,394,160,0
2025-09-15 12:50:00+00:00,24075.55,24078.85,24074.65,24078.45,339,150,0
2025-09-15 12:55:00+00:00,24078.35,24079.75,24075.65,24075.75,382,150,0
2025-09-15 13:00:00+00:00,24076.05,24078.55,24072.65,24075.65,415,160,0
2025-09-15 13:05:00+00:00,24075.75,24083.35,24075.75,24082.15,334,160,0
2025-09-15 13:10:00+00:00,24082.05,24082.95,24076.35,24082.95,419,160,0
2025-09-15 13:15:00+00:00,24082.45,24089.05,24081.45,24088.55,425,160,0
2025-09-15 13:20:00+00:00,24088.35,24094.75,24086.95,24089.65,562,160,0
2025-09-15 13:25:00+00:00,24089.95,24102.95,24089.45,24102.95,684,170,0
2025-09-15 13:30:00+00:00,24102.85,24113.55,24102.65,24104.85,576,160,0
2025-09-15 13:35:00+00:00,24105.25,24110.95,24098.95,24099.65,698,170,0
2025-09-15 13:40:00+00:00,24099.95,24102.05,24096.15,24097.95,575,180,0
2025-09-15 13:45:00+00:00,24098.15,24104.65,24096.45,24102.75,505,170,0
2025-09-15 13:50:00+00:00,24102.55,24109.85,24100.25,24107.25,443,160,0
2025-09-15 13:55:00+00:00,24107.15,24108.55,24104.55,24107.55,431,150,0
2025-09-15 14:00:00+00:00,24108.65,24116.05,24106.25,24114.75,675,160,0
2025-09-15 14:05:00+00:00,24114.95,24123.45,24110.65,24122.45,539,170,0
2025-09-15 14:10:00+00:00,24122.55,24124.75,24118.05,24119.55,433,160,0
2025-09-15 14:15:00+00:00,24119.35,24120.75,24113.65,24117.15,493,160,0
2025-09-15 14:20:00+00:00,24117.25,24121.15,24116.75,24116.75,427,150,0
2025-09-15 14:25:00+00:00,24116.65,24119.25,24112.15,24114.85,536,160,0
2025-09-15 14:30:00+00:00,24114.95,24118.45,24110.25,24115.75,465,170,0
2025-09-15 14:35:00+00:00,24115.45,24127.65,24114.75,24123.95,480,160,0
2025-09-15 14:40:00+00:00,24123.75,24126.45,24116.45,24122.75,496,170,0
2025-09-15 14:45:00+00:00,24122.85,24127.15,24121.55,24123.85,394,150,0
2025-09-15 14:50:00+00:00,24123.65,24125.15,24120.25,24120.55,404,150,0
2025-09-15 14:55:00+00:00,24120.35,24126.25,24116.25,24124.45,458,150,0
2025-09-15 15:00:00+00:00,24123.95,24132.35,24123.25,24131.95,573,170,0
2025-09-15 15:05:00+00:00,24132.25,24133.45,24124.75,24129.45,452,170,0
2025-09-15 15:10:00+00:00,24129.35,24131.35,24126.25,24128.85,371,160,0
2025-09-15 15:15:00+00:00,24129.75,24141.95,24124.15,24131.75,796,160,0
2025-09-15 15:20:00+00:00,24131.65,24151.95,24128.15,24151.15,920,190,0
2025-09-15 15:25:00+00:00,24151.65,24152.25,24135.85,24137.55,674,180,0
2025-09-15 15:30:00+00:00,24137.75,24137.95,24126.25,24132.35,687,180,0
2025-09-15 15:35:00+00:00,24132.65,24132.65,24122.45,24124.85,691,180,0
2025-09-15 15:40:00+00:00,24125.15,24136.05,24121.15,24135.55,599,170,0
2025-09-15 15:45:00+00:00,24135.25,24136.55,24128.55,24136.55,639,160,0
2025-09-15 15:50:00+00:00,24135.65,24148.45,24134.15,24148.05,732,160,0
2025-09-15 15:55:00+00:00,24147.75,24153.25,24140.95,24152.95,637,170,0
2025-09-15 16:00:00+00:00,24153.35,24159.25,24149.25,24151.55,770,170,0
2025-09-15 16:05:00+00:00,24151.25,24157.95,24150.55,24152.05,672,170,0
2025-09-15 16:10:00+00:00,24152.25,24156.55,24150.55,24152.65,477,160,0
2025-09-15 16:15:00+00:00,24152.85,24153.75,24142.85,24149.75,702,160,0
2025-09-15 16:20:00+00:00,24150.05,24157.55,24149.55,24155.35,550,160,0
2025-09-15 16:25:00+00:00,24153.85,24162.95,24147.55,24157.95,907,160,0
2025-09-15 16:30:00+00:00,24158.75,24192.05,24154.15,24182.45,1586,80,0
2025-09-15 16:35:00+00:00,24181.85,24205.05,24177.05,24194.75,1450,120,0
2025-09-15 16:40:00+00:00,24194.45,24206.85,24178.55,24184.95,1441,110,0
2025-09-15 16:45:00+00:00,24184.05,24211.75,24184.05,24209.15,1388,110,0
2025-09-15 16:50:00+00:00,24209.25,24230.75,24207.25,24227.05,1300,80,0
2025-09-15 16:55:00+00:00,24227.25,24242.75,24219.75,24241.25,1259,80,0
2025-09-15 17:00:00+00:00,24242.55,24245.95,24229.75,24234.25,1339,80,0
2025-09-15 17:05:00+00:00,24234.55,24242.75,24226.65,24230.55,1284,80,0
2025-09-15 17:10:00+00:00,24231.25,24234.95,24219.05,24228.25,1257,80,0
2025-09-15 17:15:00+00:00,24228.75,24230.25,24219.75,24222.25,1228,80,0
2025-09-15 17:20:00+00:00,24222.65,24223.45,24210.25,24215.75,1238,80,0
2025-09-15 17:25:00+00:00,24215.55,24238.05,24211.25,24235.55,1221,80,0
2025-09-15 17:30:00+00:00,24235.05,24237.65,24220.05,24221.75,1235,80,0
2025-09-15 17:35:00+00:00,24221.55,24233.75,24218.55,24229.05,1229,80,0
2025-09-15 17:40:00+00:00,24229.15,24239.05,24226.45,24236.25,1086,80,0
2025-09-15 17:45:00+00:00,24236.55,24242.95,24221.15,24225.55,1142,80,0
2025-09-15 17:50:00+00:00,24224.25,24237.05,24221.25,24232.45,1102,80,0
2025-09-15 17:55:00+00:00,24232.05,24242.55,24231.75,24242.55,1035,80,0
2025-09-15 18:00:00+00:00,24242.75,24249.55,24238.55,24246.75,1152,80,0
2025-09-15 18:05:00+00:00,24246.95,24248.45,24230.25,24230.55,1132,80,0
2025-09-15 18:10:00+00:00,24230.65,24245.75,24227.25,24236.25,1026,80,0
2025-09-15 18:15:00+00:00,24236.55,24242.25,24229.05,24230.55,1095,80,0
2025-09-15 18:20:00+00:00,24230.65,24231.45,24221.45,24228.05,1029,80,0
2025-09-15 18:25:00+00:00,24227.95,24244.75,24227.95,24234.45,944,80,0
2025-09-15 18:30:00+00:00,24234.25,24237.75,24231.05,24231.75,1003,80,0
2025-09-15 18:35:00+00:00,24232.05,24247.75,24231.15,24245.95,973,80,0
2025-09-15 18:40:00+00:00,24246.25,24255.05,24241.15,24242.05,1059,80,0
2025-09-15 18:45:00+00:00,24241.75,24259.45,24240.15,24258.25,1065,80,0
2025-09-15 18:50:00+00:00,24258.05,24264.75,24254.25,24264.75,1029,80,0
2025-09-15 18:55:00+00:00,24264.25,24272.15,24258.65,24262.95,996,80,0
2025-09-15 19:00:00+00:00,24263.35,24263.95,24249.45,24252.95,1096,80,0
2025-09-15 19:05:00+00:00,24252.75,24266.25,24252.25,24266.15,1051,80,0
2025-09-15 19:10:00+00:00,24265.95,24276.85,24259.65,24268.75,1025,80,0
2025-09-15 19:15:00+00:00,24268.95,24273.95,24263.95,24264.95,909,80,0
2025-09-15 19:20:00+00:00,24265.35,24270.85,24260.15,24262.75,892,80,0
2025-09-15 19:25:00+00:00,24262.25,24263.15,24251.25,24252.75,1009,80,0
2025-09-15 19:30:00+00:00,24253.75,24270.35,24251.75,24267.65,938,80,0
2025-09-15 19:35:00+00:00,24267.75,24269.85,24260.25,24267.45,889,80,0
2025-09-15 19:40:00+00:00,24267.25,24269.45,24258.95,24266.75,888,80,0
2025-09-15 19:45:00+00:00,24266.45,24266.85,24255.35,24259.45,996,80,0
2025-09-15 19:50:00+00:00,24259.25,24263.15,24251.45,24256.75,879,80,0
2025-09-15 19:55:00+00:00,24256.45,24258.75,24244.25,24248.75,1008,80,0
2025-09-15 20:00:00+00:00,24248.95,24253.75,24245.95,24247.85,973,80,0
2025-09-15 20:05:00+00:00,24247.75,24262.85,24247.75,24256.25,881,80,0
2025-09-15 20:10:00+00:00,24255.75,24257.45,24245.75,24248.85,893,80,0
2025-09-15 20:15:00+00:00,24248.45,24251.25,24239.75,24242.95,970,80,0
2025-09-15 20:20:00+00:00,24242.45,24248.25,24236.35,24243.95,1018,80,0
2025-09-15 20:25:00+00:00,24243.85,24244.95,24236.45,24237.45,934,80,0
2025-09-15 20:30:00+00:00,24236.95,24244.25,24232.25,24241.45,997,80,0
2025-09-15 20:35:00+00:00,24241.75,24248.15,24234.95,24246.25,979,80,0
2025-09-15 20:40:00+00:00,24246.45,24255.45,24246.25,24251.45,846,80,0
2025-09-15 20:45:00+00:00,24251.25,24259.25,24246.45,24258.45,818,80,0
2025-09-15 20:50:00+00:00,24258.75,24262.15,24256.95,24259.45,812,80,0
2025-09-15 20:55:00+00:00,24259.75,24271.25,24258.45,24269.85,798,80,0
2025-09-15 21:00:00+00:00,24269.65,24270.65,24260.95,24269.95,943,80,0
2025-09-15 21:05:00+00:00,24269.85,24273.35,24263.25,24265.25,894,80,0
2025-09-15 21:10:00+00:00,24265.15,24268.75,24256.65,24264.75,912,80,0
2025-09-15 21:15:00+00:00,24264.45,24267.75,24254.25,24258.25,969,80,0
2025-09-15 21:20:00+00:00,24257.95,24259.75,24253.15,24255.25,861,80,0
2025-09-15 21:25:00+00:00,24255.35,24258.95,24247.25,24247.35,815,80,0
2025-09-15 21:30:00+00:00,24247.25,24262.45,24246.65,24259.65,918,80,0
2025-09-15 21:35:00+00:00,24259.25,24261.45,24248.25,24249.95,856,80,0
2025-09-15 21:40:00+00:00,24249.85,24249.95,24229.75,24234.75,1071,80,0
2025-09-15 21:45:00+00:00,24234.95,24245.25,24234.75,24244.95,976,80,0
2025-09-15 21:50:00+00:00,24244.45,24255.75,24241.75,24254.75,940,80,0
2025-09-15 21:55:00+00:00,24255.35,24256.35,24249.25,24254.25,862,80,0
2025-09-15 22:00:00+00:00,24254.75,24260.25,24248.65,24249.35,911,80,0
2025-09-15 22:05:00+00:00,24249.45,24257.55,24244.95,24254.85,889,80,0
2025-09-15 22:10:00+00:00,24254.35,24259.55,24251.35,24252.55,821,80,0
2025-09-15 22:15:00+00:00,24252.35,24255.25,24243.35,24255.25,859,80,0
2025-09-15 22:20:00+00:00,24255.45,24258.95,24249.85,24254.35,876,80,0
2025-09-15 22:25:00+00:00,24254.55,24258.55,24251.35,24255.05,840,80,0
2025-09-15 22:30:00+00:00,24254.55,24259.45,24250.55,24258.55,941,80,0
2025-09-15 22:35:00+00:00,24258.85,24263.95,24255.55,24261.35,946,80,0
2025-09-15 22:40:00+00:00,24261.05,24266.55,24257.25,24259.75,869,80,0
2025-09-15 22:45:00+00:00,24258.45,24273.85,24257.85,24271.95,926,80,0
2025-09-15 22:50:00+00:00,24271.35,24271.35,24247.25,24269.25,1190,80,0
2025-09-15 22:55:00+00:00,24262.05,24295.85,24259.55,24292.75,1288,80,0
2025-09-15 23:00:00+00:00,24292.66,24292.66,24273.36,24274.86,992,138,0
2025-09-15 23:05:00+00:00,24276.16,24279.76,24271.46,24277.26,627,188,0
2025-09-15 23:10:00+00:00,24276.46,24277.16,24267.06,24268.86,514,178,0
2025-09-15 23:15:00+00:00,24268.76,24278.06,24267.56,24276.06,363,168,0
2025-09-15 23:20:00+00:00,24276.26,24278.86,24275.86,24276.86,231,168,0
2025-09-15 23:25:00+00:00,24276.76,24277.26,24270.66,24270.86,267,168,0
2025-09-15 23:30:00+00:00,24271.16,24274.66,24270.66,24273.76,246,168,0
2025-09-15 23:35:00+00:00,24273.36,24279.36,24273.16,24279.16,249,168,0
2025-09-15 23:40:00+00:00,24278.66,24282.86,24277.86,24282.16,210,168,0
2025-09-15 23:45:00+00:00,24282.36,24284.66,24279.36,24280.16,308,168,0
2025-09-16 01:05:00+00:00,24273.86,24278.86,24272.36,24275.16,335,188,0
2025-09-16 01:10:00+00:00,24275.46,24277.66,24272.46,24275.46,256,168,0
2025-09-16 01:15:00+00:00,24275.66,24275.86,24272.66,24273.96,172,168,0
2025-09-16 01:20:00+00:00,24272.76,24279.66,24271.56,24275.16,259,168,0
2025-09-16 01:25:00+00:00,24274.86,24275.46,24270.86,24272.76,199,168,0
2025-09-16 01:30:00+00:00,24273.06,24273.76,24269.16,24269.86,255,168,0
2025-09-16 01:35:00+00:00,24270.16,24273.46,24269.26,24272.16,189,168,0
2025-09-16 01:40:00+00:00,24272.26,24276.06,24272.16,24275.56,128,168,0
2025-09-16 01:45:00+00:00,24275.66,24275.96,24273.76,24274.66,132,168,0
2025-09-16 01:50:00+00:00,24274.96,24276.76,24273.16,24273.66,143,168,0
2025-09-16 01:55:00+00:00,24273.46,24274.76,24269.06,24273.16,175,168,0
2025-09-16 02:00:00+00:00,24273.25,24276.75,24271.05,24274.25,152,150,0
2025-09-16 02:05:00+00:00,24274.35,24275.75,24273.05,24273.15,77,150,0
2025-09-16 02:10:00+00:00,24273.25,24276.25,24273.05,24273.25,115,150,0
2025-09-16 02:15:00+00:00,24273.35,24282.75,24273.35,24282.75,280,150,0
2025-09-16 02:20:00+00:00,24282.45,24289.55,24281.95,24288.55,245,150,0
2025-09-16 02:25:00+00:00,24288.15,24291.85,24287.85,24288.55,226,150,0
2025-09-16 02:30:00+00:00,24288.35,24288.85,24282.55,24286.55,198,150,0
2025-09-16 02:35:00+00:00,24286.25,24286.65,24282.75,24285.15,127,150,0
2025-09-16 02:40:00+00:00,24285.05,24289.05,24282.85,24284.85,185,150,0
2025-09-16 02:45:00+00:00,24284.75,24285.95,24280.25,24284.85,251,150,0
2025-09-16 02:50:00+00:00,24284.95,24288.15,24284.05,24287.55,186,150,0
2025-09-16 02:55:00+00:00,24287.35,24289.85,24286.65,24289.15,170,150,0
2025-09-16 03:00:00+00:00,24289.35,24289.55,24281.05,24286.05,459,150,0
2025-09-16 03:05:00+00:00,24285.95,24286.65,24283.25,24285.05,338,150,0
2025-09-16 03:10:00+00:00,24284.75,24285.75,24281.55,24282.75,319,150,0
2025-09-16 03:15:00+00:00,24282.55,24284.55,24279.25,24284.45,402,150,0
2025-09-16 03:20:00+00:00,24284.15,24284.75,24281.75,24281.85,267,150,0
2025-09-16 03:25:00+00:00,24281.75,24281.75,24277.35,24278.55,251,150,0
2025-09-16 03:30:00+00:00,24278.25,24279.25,24269.65,24276.95,386,150,0
2025-09-16 03:35:00+00:00,24276.75,24279.35,24274.95,24279.35,268,150,0
2025-09-16 03:40:00+00:00,24279.25,24283.85,24277.75,24283.15,332,150,0
2025-09-16 03:45:00+00:00,24283.25,24288.35,24279.75,24286.35,304,150,0
2025-09-16 03:50:00+00:00,24286.45,24288.55,24284.45,24287.05,264,150,0
2025-09-16 03:55:00+00:00,24286.85,24287.75,24284.35,24287.25,179,150,0
2025-09-16 04:00:00+00:00,24287.35,24288.55,24284.25,24287.85,307,150,0
2025-09-16 04:05:00+00:00,24288.05,24293.65,24287.75,24292.65,319,150,0
2025-09-16 04:10:00+00:00,24292.75,24297.85,24292.25,24293.85,347,150,0
2025-09-16 04:15:00+00:00,24293.75,24295.85,24292.65,24292.85,291,150,0
2025-09-16 04:20:00+00:00,24293.05,24293.75,24291.35,24293.15,228,150,0
2025-09-16 04:25:00+00:00,24293.65,24295.65,24291.25,24291.55,183,150,0
2025-09-16 04:30:00+00:00,24291.35,24295.25,24291.35,24294.75,214,150,0
2025-09-16 04:35:00+00:00,24295.05,24298.55,24294.15,24298.05,278,150,0
2025-09-16 04:40:00+00:00,24297.85,24303.85,24294.35,24302.75,396,150,0
2025-09-16 04:45:00+00:00,24302.85,24304.55,24300.55,24301.35,373,150,0
2025-09-16 04:50:00+00:00,24301.15,24302.25,24295.75,24297.65,248,150,0
2025-09-16 04:55:00+00:00,24296.55,24300.25,24296.55,24298.65,272,150,0
2025-09-16 05:00:00+00:00,24298.75,24300.05,24296.25,24299.85,293,150,0
2025-09-16 05:05:00+00:00,24300.05,24301.85,24298.15,24300.25,218,150,0
2025-09-16 05:10:00+00:00,24300.05,24303.35,24300.05,24302.75,239,150,0
2025-09-16 05:15:00+00:00,24302.65,24306.85,24302.65,24305.35,330,150,0
2025-09-16 05:20:00+00:00,24305.55,24306.35,24303.35,24305.55,185,150,0
2025-09-16 05:25:00+00:00,24305.35,24307.85,24304.15,24307.65,153,150,0
2025-09-16 05:30:00+00:00,24307.85,24325.45,24307.55,24321.85,464,150,0
2025-09-16 05:35:00+00:00,24321.45,24321.55,24315.85,24317.05,303,150,0
2025-09-16 05:40:00+00:00,24317.15,24317.15,24311.85,24315.05,247,150,0
2025-09-16 05:45:00+00:00,24315.35,24315.35,24312.35,24314.35,210,150,0
2025-09-16 05:50:00+00:00,24314.55,24316.25,24313.65,24314.75,161,150,0
2025-09-16 05:55:00+00:00,24314.55,24314.75,24310.35,24313.55,190,150,0
2025-09-16 06:00:00+00:00,24314.15,24316.15,24312.35,24316.15,205,150,0
2025-09-16 06:05:00+00:00,24315.85,24319.35,24315.65,24319.15,211,150,0
2025-09-16 06:10:00+00:00,24319.25,24321.15,24318.05,24319.05,208,150,0
2025-09-16 06:15:00+00:00,24318.85,24319.75,24317.15,24318.25,171,150,0
2025-09-16 06:20:00+00:00,24318.05,24319.75,24316.25,24318.25,157,150,0
2025-09-16 06:25:00+00:00,24318.15,24322.85,24318.15,24321.75,199,150,0
2025-09-16 06:30:00+00:00,24321.55,24329.35,24320.35,24326.25,307,150,0
2025-09-16 06:35:00+00:00,24326.15,24326.25,24321.25,24324.25,223,150,0
2025-09-16 06:40:00+00:00,24324.75,24327.05,24323.25,24324.05,174,150,0
2025-09-16 06:45:00+00:00,24324.25,24328.25,24321.75,24327.55,192,150,0
2025-09-16 06:50:00+00:00,24327.35,24327.75,24321.35,24324.25,234,150,0
2025-09-16 06:55:00+00:00,24324.55,24328.75,24324.25,24327.35,153,150,0
2025-09-16 07:00:00+00:00,24327.25,24327.75,24323.85,24325.75,194,150,0
2025-09-16 07:05:00+00:00,24325.55,24325.75,24323.35,24324.15,150,150,0
2025-09-16 07:10:00+00:00,24324.05,24324.25,24319.05,24319.55,145,150,0
2025-09-16 07:15:00+00:00,24319.65,24323.05,24319.65,24321.55,146,150,0
2025-09-16 07:20:00+00:00,24321.35,24327.05,24321.35,24325.75,218,150,0
2025-09-16 07:25:00+00:00,24325.65,24325.75,24322.75,24323.55,123,150,0
2025-09-16 07:30:00+00:00,24323.35,24323.55,24319.75,24323.15,169,150,0
2025-09-16 07:35:00+00:00,24323.25,24326.05,24321.55,24324.05,110,150,0
2025-09-16 07:40:00+00:00,24323.95,24327.25,24323.65,24324.65,56,150,0
2025-09-16 07:45:00+00:00,24324.75,24325.05,24321.35,24321.85,43,150,0
2025-09-16 07:50:00+00:00,24321.35,24322.55,24319.85,24321.75,61,150,0
2025-09-16 07:55:00+00:00,24321.65,24323.35,24321.25,24322.85,63,150,0
2025-09-16 08:00:00+00:00,24322.65,24325.55,24319.65,24323.25,111,150,0
2025-09-16 08:05:00+00:00,24323.15,24328.25,24321.75,24327.15,74,150,0
2025-09-16 08:10:00+00:00,24326.55,24335.25,24326.25,24332.35,174,150,0
2025-09-16 08:15:00+00:00,24332.05,24333.55,24325.35,24327.35,205,150,0
2025-09-16 08:20:00+00:00,24327.15,24330.55,24324.35,24329.25,152,150,0
2025-09-16 08:25:00+00:00,24329.15,24333.05,24328.25,24331.65,157,150,0
2025-09-16 08:30:00+00:00,24331.85,24332.15,24326.55,24327.15,173,150,0
2025-09-16 08:35:00+00:00,24327.85,24331.65,24327.75,24331.35,116,150,0
2025-09-16 08:40:00+00:00,24331.55,24334.25,24328.75,24332.75,139,150,0
2025-09-16 08:45:00+00:00,24332.55,24336.35,24328.75,24335.85,159,150,0
2025-09-16 08:50:00+00:00,24335.75,24344.45,24335.75,24341.35,293,150,0
2025-09-16 08:55:00+00:00,24340.95,24341.55,24336.05,24337.35,126,150,0
2025-09-16 09:00:00+00:00,24337.55,24345.25,24336.15,24342.85,268,150,0
2025-09-16 09:05:00+00:00,24342.75,24342.85,24338.25,24341.65,126,150,0
2025-09-16 09:10:00+00:00,24341.75,24345.55,24339.65,24344.05,236,150,0
2025-09-16 09:15:00+00:00,24344.15,24344.75,24340.65,24343.25,234,150,0
2025-09-16 09:20:00+00:00,24342.85,24345.35,24339.35,24339.35,205,150,0
2025-09-16 09:25:00+00:00,24339.65,24339.65,24334.65,24336.75,178,150,0
2025-09-16 09:30:00+00:00,24336.25,24336.65,24327.85,24329.85,261,150,0
2025-09-16 09:35:00+00:00,24329.75,24332.75,24328.15,24331.25,158,150,0
2025-09-16 09:40:00+00:00,24330.85,24337.85,24328.75,24336.15,209,150,0
2025-09-16 09:45:00+00:00,24336.05,24336.05,24331.35,24332.65,133,150,0
2025-09-16 09:50:00+00:00,24332.35,24333.35,24330.15,24331.25,128,150,0
2025-09-16 09:55:00+00:00,24331.15,24331.85,24327.85,24330.35,202,150,0
2025-09-16 10:00:00+00:00,24331.15,24337.45,24327.75,24337.15,596,150,0
2025-09-16 10:05:00+00:00,24336.75,24337.35,24324.65,24333.05,536,170,0
2025-09-16 10:10:00+00:00,24332.65,24346.35,24332.15,24342.25,629,170,0
2025-09-16 10:15:00+00:00,24342.15,24348.75,24335.65,24346.85,640,170,0
2025-09-16 10:20:00+00:00,24348.15,24356.05,24337.35,24349.25,811,170,0
2025-09-16 10:25:00+00:00,24349.05,24353.65,24347.15,24351.85,628,180,0
2025-09-16 10:30:00+00:00,24351.65,24356.55,24348.45,24356.15,547,170,0
2025-09-16 10:35:00+00:00,24356.45,24358.35,24350.75,24355.65,620,170,0
2025-09-16 10:40:00+00:00,24355.75,24356.35,24346.45,24351.35,562,180,0
2025-09-16 10:45:00+00:00,24351.25,24351.65,24345.75,24348.25,466,170,0
2025-09-16 10:50:00+00:00,24348.45,24348.45,24338.05,24343.55,445,160,0
2025-09-16 10:55:00+00:00,24343.65,24345.65,24340.35,24343.75,411,160,0
2025-09-16 11:00:00+00:00,24343.45,24366.35,24343.45,24363.55,845,170,0
2025-09-16 11:05:00+00:00,24363.65,24376.05,24361.85,24374.35,728,180,0
2025-09-16 11:10:00+00:00,24374.55,24376.75,24369.65,24375.65,550,170,0
2025-09-16 11:15:00+00:00,24375.45,24379.45,24370.75,24371.45,491,170,0
2025-09-16 11:20:00+00:00,24371.65,24375.65,24366.65,24375.25,524,170,0
2025-09-16 11:25:00+00:00,24376.15,24378.05,24369.85,24378.05,460,170,0
2025-09-16 11:30:00+00:00,24378.15,24378.15,24369.95,24370.45,387,160,0
2025-09-16 11:35:00+00:00,24370.75,24373.75,24368.25,24373.45,391,160,0
2025-09-16 11:40:00+00:00,24373.55,24379.55,24372.95,24377.25,436,150,0
2025-09-16 11:45:00+00:00,24377.75,24386.55,24376.35,24386.55,448,150,0
2025-09-16 11:50:00+00:00,24386.65,24387.55,24381.15,24384.45,442,160,0
2025-09-16 11:55:00+00:00,24384.05,24384.75,24374.25,24380.15,449,160,0
2025-09-16 12:00:00+00:00,24379.95,24385.75,24378.95,24383.95,450,160,0
2025-09-16 12:05:00+00:00,24383.75,24385.05,24380.25,24382.35,382,150,0
2025-09-16 12:10:00+00:00,24382.25,24382.35,24377.25,24377.65,368,150,0
2025-09-16 12:15:00+00:00,24377.35,24378.85,24369.35,24371.35,379,150,0
2025-09-16 12:20:00+00:00,24371.55,24375.35,24369.85,24372.05,382,150,0
2025-09-16 12:25:00+00:00,24371.85,24375.05,24368.85,24372.75,355,150,0
2025-09-16 12:30:00+00:00,24372.55,24372.85,24361.95,24364.95,376,150,0
2025-09-16 12:35:00+00:00,24364.85,24368.45,24356.75,24356.75,396,160,0
2025-09-16 12:40:00+00:00,24357.25,24363.35,24357.05,24361.95,392,160,0
2025-09-16 12:45:00+00:00,24361.55,24364.95,24361.45,24361.75,333,150,0
2025-09-16 12:50:00+00:00,24361.85,24365.65,24360.05,24365.05,334,150,0
2025-09-16 12:55:00+00:00,24364.85,24367.15,24360.15,24366.25,299,150,0
2025-09-16 13:00:00+00:00,24366.05,24366.55,24359.85,24359.85,330,150,0
2025-09-16 13:05:00+00:00,24360.05,24364.25,24358.35,24361.35,317,150,0
2025-09-16 13:10:00+00:00,24361.55,24364.05,24357.35,24361.75,346,150,0
2025-09-16 13:15:00+00:00,24361.95,24364.85,24359.45,24364.35,345,150,0
2025-09-16 13:20:00+00:00,24363.95,24369.85,24362.95,24369.05,342,150,0
2025-09-16 13:25:00+00:00,24368.75,24369.65,24364.25,24367.45,326,150,0
2025-09-16 13:30:00+00:00,24367.75,24368.45,24361.25,24362.75,382,150,0
2025-09-16 13:35:00+00:00,24362.65,24363.55,24358.75,24361.75,339,150,0
2025-09-16 13:40:00+00:00,24361.65,24363.25,24359.65,24360.25,281,150,0
2025-09-16 13:45:00+00:00,24360.15,24366.05,24359.65,24364.05,345,150,0
2025-09-16 13:50:00+00:00,24364.15,24370.35,24362.85,24370.15,336,150,0
2025-09-16 13:55:00+00:00,24369.55,24370.05,24361.65,24364.35,326,150,0
2025-09-16 14:00:00+00:00,24363.25,24364.45,24358.45,24360.65,541,150,0
2025-09-16 14:05:00+00:00,24360.95,24363.75,24355.05,24361.55,430,160,0
2025-09-16 14:10:00+00:00,24361.75,24365.05,24357.35,24359.95,459,150,0
2025-09-16 14:15:00+00:00,24359.75,24359.85,24340.05,24347.65,596,160,0
2025-09-16 14:20:00+00:00,24347.55,24354.15,24345.05,24350.65,457,170,0
2025-09-16 14:25:00+00:00,24350.95,24354.65,24348.45,24350.45,407,160,0
2025-09-16 14:30:00+00:00,24349.95,24353.95,24347.35,24347.35,375,150,0
2025-09-16 14:35:00+00:00,24347.55,24348.85,24341.85,24343.35,480,150,0
2025-09-16 14:40:00+00:00,24342.95,24345.85,24338.45,24341.35,516,160,0
2025-09-16 14:45:00+00:00,24341.65,24346.05,24340.65,24341.15,472,170,0
2025-09-16 14:50:00+00:00,24341.55,24345.05,24339.15,24344.95,392,160,0
2025-09-16 14:55:00+00:00,24344.45,24349.25,24344.35,24344.85,481,150,0
2025-09-16 15:00:00+00:00,24345.95,24346.75,24331.55,24332.65,582,160,0
2025-09-16 15:05:00+00:00,24332.15,24335.55,24330.75,24335.25,526,160,0
2025-09-16 15:10:00+00:00,24334.95,24340.55,24328.95,24338.15,541,160,0
2025-09-16 15:15:00+00:00,24338.45,24339.95,24334.45,24338.65,427,170,0
2025-09-16 15:20:00+00:00,24338.75,24341.65,24333.15,24334.75,490,170,0
2025-09-16 15:25:00+00:00,24334.95,24336.15,24327.05,24330.94,568,170,0
2025-09-16 15:30:00+00:00,24330.75,24340.35,24325.65,24337.65,820,190,0
2025-09-16 15:35:00+00:00,24338.15,24347.85,24335.05,24340.45,677,180,0
2025-09-16 15:40:00+00:00,24340.15,24340.55,24330.65,24340.05,780,180,0
2025-09-16 15:45:00+00:00,24339.85,24345.45,24337.85,24343.55,586,160,0
2025-09-16 15:50:00+00:00,24343.45,24343.55,24334.55,24336.15,669,160,0
2025-09-16 15:55:00+00:00,24336.05,24344.25,24329.05,24336.75,652,160,0
2025-09-16 16:00:00+00:00,24336.25,24347.05,24333.05,24345.55,864,190,0
2025-09-16 16:05:00+00:00,24345.35,24349.65,24336.75,24338.25,778,170,0
2025-09-16 16:10:00+00:00,24337.85,24340.75,24336.25,24336.95,651,170,0
2025-09-16 16:15:00+00:00,24337.05,24341.15,24335.25,24339.45,688,160,0
2025-09-16 16:20:00+00:00,24339.25,24350.05,24337.75,24349.05,717,170,0
2025-09-16 16:25:00+00:00,24348.75,24348.75,24326.65,24328.75,1060,170,0
2025-09-16 16:30:00+00:00,24328.35,24339.95,24300.15,24310.55,1599,80,0
2025-09-16 16:35:00+00:00,24309.95,24320.25,24297.65,24299.75,1514,120,0
2025-09-16 16:40:00+00:00,24299.25,24314.65,24295.05,24309.65,1485,120,0
2025-09-16 16:45:00+00:00,24310.35,24312.25,24287.55,24304.25,1498,120,0
2025-09-16 16:50:00+00:00,24304.35,24306.55,24270.35,24280.55,1472,120,0
2025-09-16 16:55:00+00:00,24280.75,24288.65,24267.25,24280.65,1396,120,0
2025-09-16 17:00:00+00:00,24280.55,24289.25,24272.55,24279.75,1396,120,0
2025-09-16 17:05:00+00:00,24279.25,24297.95,24278.75,24287.35,1382,80,0
2025-09-16 17:10:00+00:00,24287.05,24292.75,24267.35,24281.45,1393,80,0
2025-09-16 17:15:00+00:00,24281.05,24302.05,24279.75,24290.05,1354,80,0
2025-09-16 17:20:00+00:00,24289.95,24302.85,24279.05,24299.95,1308,80,0
2025-09-16 17:25:00+00:00,24300.35,24300.55,24278.05,24281.95,1311,80,0
2025-09-16 17:30:00+00:00,24281.85,24292.05,24278.75,24288.25,1243,80,0
2025-09-16 17:35:00+00:00,24288.45,24300.05,24271.35,24277.35,1329,80,0
2025-09-16 17:40:00+00:00,24277.45,24282.05,24274.35,24275.25,1346,80,0
2025-09-16 17:45:00+00:00,24275.35,24287.05,24270.85,24281.85,1286,80,0
2025-09-16 17:50:00+00:00,24281.45,24293.55,24279.85,24290.55,1262,80,0
2025-09-16 17:55:00+00:00,24290.35,24290.55,24279.35,24281.35,1246,80,0
2025-09-16 18:00:00+00:00,24282.95,24282.95,24255.05,24260.55,1250,80,0
2025-09-16 18:05:00+00:00,24259.75,24273.95,24259.75,24272.35,1185,80,0
2025-09-16 18:10:00+00:00,24272.05,24280.35,24264.35,24274.35,1216,80,0
2025-09-16 18:15:00+00:00,24273.75,24276.35,24263.25,24275.45,1255,80,0
2025-09-16 18:20:00+00:00,24275.75,24286.55,24269.55,24270.35,1262,80,0
2025-09-16 18:25:00+00:00,24270.25,24276.85,24260.85,24262.55,1181,80,0
2025-09-16 18:30:00+00:00,24262.45,24268.95,24258.35,24259.25,1150,80,0
2025-09-16 18:35:00+00:00,24259.75,24265.55,24254.95,24264.55,1121,80,0
2025-09-16 18:40:00+00:00,24264.35,24268.35,24247.75,24256.85,1150,80,0
2025-09-16 18:45:00+00:00,24257.25,24268.25,24255.45,24257.35,1095,80,0
2025-09-16 18:50:00+00:00,24256.85,24269.85,24252.25,24266.85,1109,80,0
2025-09-16 18:55:00+00:00,24266.95,24269.55,24247.85,24253.55,1170,80,0
2025-09-16 19:00:00+00:00,24253.45,24260.45,24244.35,24245.55,1160,80,0
2025-09-16 19:05:00+00:00,24245.95,24260.55,24245.35,24259.35,1156,80,0
2025-09-16 19:10:00+00:00,24259.25,24264.55,24254.05,24262.85,1032,80,0
2025-09-16 19:15:00+00:00,24263.35,24265.25,24259.85,24261.45,991,80,0
2025-09-16 19:20:00+00:00,24261.35,24263.95,24256.05,24262.45,1017,80,0
2025-09-16 19:25:00+00:00,24261.95,24273.45,24260.15,24272.15,950,80,0
2025-09-16 19:30:00+00:00,24272.05,24272.55,24262.65,24267.35,1104,80,0
2025-09-16 19:35:00+00:00,24267.15,24273.15,24254.15,24270.45,1017,80,0
2025-09-16 19:40:00+00:00,24270.35,24272.95,24259.15,24266.35,1049,80,0
2025-09-16 19:45:00+00:00,24266.05,24270.45,24261.15,24263.65,989,80,0
2025-09-16 19:50:00+00:00,24263.55,24269.65,24261.35,24268.65,962,80,0
2025-09-16 19:55:00+00:00,24268.45,24278.15,24267.65,24269.65,1118,80,0
2025-09-16 20:00:00+00:00,24269.85,24279.55,24269.35,24276.85,906,80,0
2025-09-16 20:05:00+00:00,24276.95,24283.15,24273.65,24281.55,1044,80,0
2025-09-16 20:10:00+00:00,24281.45,24284.65,24277.65,24283.45,835,80,0
2025-09-16 20:15:00+00:00,24283.65,24286.95,24279.95,24281.85,854,80,0
2025-09-16 20:20:00+00:00,24282.35,24291.65,24281.65,24287.65,844,80,0
2025-09-16 20:25:00+00:00,24287.85,24288.15,24277.45,24279.35,910,80,0
2025-09-16 20:30:00+00:00,24279.45,24282.95,24274.65,24280.15,946,80,0
2025-09-16 20:35:00+00:00,24280.45,24281.55,24271.55,24279.15,964,80,0
2025-09-16 20:40:00+00:00,24279.35,24279.45,24274.15,24275.95,918,80,0
2025-09-16 20:45:00+00:00,24275.65,24282.45,24274.15,24280.85,839,80,0
2025-09-16 20:50:00+00:00,24280.65,24280.85,24269.05,24279.95,973,80,0
2025-09-16 20:55:00+00:00,24279.85,24285.45,24279.05,24280.95,820,80,0
2025-09-16 21:00:00+00:00,24281.05,24281.05,24270.65,24274.55,949,80,0
2025-09-16 21:05:00+00:00,24274.85,24284.85,24271.35,24277.95,867,80,0
2025-09-16 21:10:00+00:00,24278.05,24281.85,24271.15,24273.85,888,80,0
2025-09-16 21:15:00+00:00,24273.55,24278.95,24272.45,24276.95,886,80,0
2025-09-16 21:20:00+00:00,24276.55,24281.95,24273.55,24279.65,844,80,0
2025-09-16 21:25:00+00:00,24279.45,24282.95,24277.15,24278.45,797,80,0
2025-09-16 21:30:00+00:00,24278.55,24284.35,24275.45,24279.55,778,80,0
2025-09-16 21:35:00+00:00,24279.65,24287.95,24277.05,24280.85,790,80,0
2025-09-16 21:40:00+00:00,24280.65,24287.05,24280.65,24284.55,793,80,0
2025-09-16 21:45:00+00:00,24284.65,24292.95,24284.55,24288.95,732,80,0
2025-09-16 21:50:00+00:00,24288.85,24295.85,24288.85,24292.45,840,80,0
2025-09-16 21:55:00+00:00,24292.35,24297.05,24289.65,24295.35,698,80,0
2025-09-16 22:00:00+00:00,24295.15,24302.85,24294.05,24298.55,790,80,0
2025-09-16 22:05:00+00:00,24298.85,24306.45,24298.65,24299.45,799,80,0
2025-09-16 22:10:00+00:00,24299.65,24301.65,24294.05,24299.05,776,80,0
2025-09-16 22:15:00+00:00,24299.15,24300.65,24296.45,24298.15,783,80,0
2025-09-16 22:20:00+00:00,24298.45,24302.35,24293.85,24295.65,850,80,0
2025-09-16 22:25:00+00:00,24295.35,24295.95,24282.85,24286.15,1034,80,0
2025-09-16 22:30:00+00:00,24286.05,24287.95,24280.95,24284.85,1075,80,0
2025-09-16 22:35:00+00:00,24284.95,24289.35,24278.65,24283.65,1039,80,0
2025-09-16 22:40:00+00:00,24284.15,24292.15,24281.65,24285.15,1054,80,0
2025-09-16 22:45:00+00:00,24285.45,24295.65,24284.85,24293.45,1001,80,0
2025-09-16 22:50:00+00:00,24303.55,24308.45,24286.35,24289.65,1244,80,0
2025-09-16 22:55:00+00:00,24291.35,24296.95,24266.15,24273.15,1238,80,0
2025-09-16 23:00:00+00:00,24272.65,24285.96,24269.06,24283.26,851,80,0
2025-09-16 23:05:00+00:00,24283.16,24284.76,24275.16,24280.66,509,178,0
2025-09-16 23:10:00+00:00,24280.46,24282.46,24279.16,24281.96,460,168,0
2025-09-16 23:15:00+00:00,24282.26,24287.96,24281.76,24286.66,310,168,0
2025-09-16 23:20:00+00:00,24285.76,24286.46,24282.76,24285.16,210,168,0
2025-09-16 23:25:00+00:00,24285.26,24286.76,24283.46,24286.16,161,168,0
2025-09-16 23:30:00+00:00,24285.96,24288.96,24285.66,24286.86,194,168,0
2025-09-16 23:35:00+00:00,24286.76,24289.26,24286.36,24289.26,239,168,0
2025-09-16 23:40:00+00:00,24289.16,24289.76,24287.76,24289.36,220,168,0
2025-09-16 23:45:00+00:00,24289.46,24290.36,24286.16,24287.46,258,168,0
2025-09-17 01:05:00+00:00,24280.96,24285.56,24280.76,24284.16,248,178,0
2025-09-17 01:10:00+00:00,24284.06,24289.36,24283.66,24288.66,190,168,0
2025-09-17 01:15:00+00:00,24288.56,24289.56,24284.56,24286.16,181,168,0
2025-09-17 01:20:00+00:00,24286.46,24294.36,24286.16,24293.86,184,168,0
2025-09-17 01:25:00+00:00,24293.76,24295.46,24291.36,24294.96,125,168,0
2025-09-17 01:30:00+00:00,24295.46,24298.86,24295.46,24297.06,160,168,0
2025-09-17 01:35:00+00:00,24296.86,24300.56,24296.36,24298.56,135,168,0
2025-09-17 01:40:00+00:00,24298.86,24298.86,24294.56,24296.36,137,168,0
2025-09-17 01:45:00+00:00,24295.66,24298.36,24294.66,24297.56,88,168,0
2025-09-17 01:50:00+00:00,24297.96,24298.86,24296.16,24298.16,91,168,0
2025-09-17 01:55:00+00:00,24297.96,24299.06,24295.06,24295.06,94,168,0
2025-09-17 02:00:00+00:00,24295.15,24299.15,24294.75,24296.65,121,150,0
2025-09-17 02:05:00+00:00,24296.75,24298.05,24295.45,24296.75,77,150,0
2025-09-17 02:10:00+00:00,24297.15,24297.25,24294.25,24294.75,77,150,0
2025-09-17 02:15:00+00:00,24293.65,24295.75,24291.75,24295.25,101,150,0
2025-09-17 02:20:00+00:00,24295.45,24295.45,24291.25,24291.25,98,150,0
2025-09-17 02:25:00+00:00,24291.15,24291.15,24286.05,24287.25,100,150,0
2025-09-17 02:30:00+00:00,24286.95,24290.75,24286.65,24288.65,120,150,0
2025-09-17 02:35:00+00:00,24288.55,24292.95,24288.55,24292.05,99,150,0
2025-09-17 02:40:00+00:00,24292.15,24293.45,24289.45,24289.55,101,150,0
2025-09-17 02:45:00+00:00,24289.65,24292.05,24288.65,24289.75,154,150,0
2025-09-17 02:50:00+00:00,24290.25,24292.75,24289.65,24292.25,101,150,0
2025-09-17 02:55:00+00:00,24292.05,24295.55,24291.95,24292.25,153,150,0
2025-09-17 03:00:00+00:00,24292.55,24298.65,24290.05,24296.85,468,150,0
2025-09-17 03:05:00+00:00,24296.45,24299.15,24295.25,24297.05,264,150,0
2025-09-17 03:10:00+00:00,24297.15,24298.75,24280.15,24283.05,355,150,0
2025-09-17 03:15:00+00:00,24282.95,24288.35,24282.15,24286.65,369,160,0
2025-09-17 03:20:00+00:00,24286.55,24288.25,24282.25,24284.25,277,160,0
2025-09-17 03:25:00+00:00,24283.85,24289.65,24283.35,24289.25,219,150,0
2025-09-17 03:30:00+00:00,24289.15,24292.75,24287.45,24288.25,195,150,0
2025-09-17 03:35:00+00:00,24288.05,24288.05,24281.65,24282.55,211,150,0
2025-09-17 03:40:00+00:00,24282.75,24287.55,24282.55,24284.05,197,150,0
2025-09-17 03:45:00+00:00,24283.25,24290.05,24282.55,24289.95,235,150,0
2025-09-17 03:50:00+00:00,24290.05,24290.45,24286.05,24289.75,174,150,0
2025-09-17 03:55:00+00:00,24290.05,24292.15,24288.05,24289.95,219,150,0
2025-09-17 04:00:00+00:00,24289.65,24295.25,24289.65,24293.65,312,150,0
2025-09-17 04:05:00+00:00,24293.55,24294.55,24290.75,24293.75,228,150,0
2025-09-17 04:10:00+00:00,24293.55,24296.25,24292.05,24293.75,230,150,0
2025-09-17 04:15:00+00:00,24293.65,24293.75,24287.75,24289.75,328,150,0
2025-09-17 04:20:00+00:00,24289.45,24290.65,24284.95,24289.65,284,150,0
2025-09-17 04:25:00+00:00,24289.45,24292.15,24286.55,24289.95,241,150,0
2025-09-17 04:30:00+00:00,24289.75,24289.75,24279.45,24280.25,346,150,0
2025-09-17 04:35:00+00:00,24279.95,24284.45,24278.15,24278.65,331,150,0
2025-09-17 04:40:00+00:00,24278.85,24284.05,24278.65,24282.75,302,150,0
2025-09-17 04:45:00+00:00,24282.65,24285.05,24282.05,24284.15,241,150,0
2025-09-17 04:50:00+00:00,24284.25,24285.25,24280.95,24283.75,205,150,0
2025-09-17 04:55:00+00:00,24283.45,24284.95,24280.15,24280.25,200,150,0
2025-09-17 05:00:00+00:00,24280.45,24282.65,24277.75,24278.45,247,150,0
2025-09-17 05:05:00+00:00,24278.65,24280.25,24276.45,24278.55,220,150,0
2025-09-17 05:10:00+00:00,24278.65,24279.15,24273.95,24275.45,236,150,0
2025-09-17 05:15:00+00:00,24275.65,24276.95,24270.45,24271.25,225,150,0
2025-09-17 05:20:00+00:00,24271.15,24271.45,24262.65,24262.75,297,150,0
2025-09-17 05:25:00+00:00,24263.15,24268.65,24262.75,24267.75,263,150,0
2025-09-17 05:30:00+00:00,24267.45,24273.75,24265.35,24270.75,261,150,0
2025-09-17 05:35:00+00:00,24270.65,24270.95,24267.55,24269.75,236,150,0
2025-09-17 05:40:00+00:00,24269.55,24273.15,24269.45,24271.55,227,150,0
2025-09-17 05:45:00+00:00,24271.45,24274.15,24267.25,24269.05,212,150,0
2025-09-17 05:50:00+00:00,24268.95,24271.95,24267.65,24269.65,153,150,0
2025-09-17 05:55:00+00:00,24269.75,24274.55,24269.55,24273.45,156,150,0
2025-09-17 06:00:00+00:00,24273.55,24273.55,24269.45,24272.45,161,150,0
2025-09-17 06:05:00+00:00,24272.55,24273.95,24270.15,24270.75,155,150,0
2025-09-17 06:10:00+00:00,24270.65,24274.15,24269.65,24273.65,146,150,0
2025-09-17 06:15:00+00:00,24273.15,24273.45,24270.55,24272.55,109,150,0
2025-09-17 06:20:00+00:00,24272.65,24275.15,24271.15,24271.55,121,150,0
2025-09-17 06:25:00+00:00,24271.75,24272.45,24271.15,24271.95,107,150,0
2025-09-17 06:30:00+00:00,24272.45,24272.45,24268.25,24270.25,148,150,0
2025-09-17 06:35:00+00:00,24270.15,24270.25,24267.25,24267.75,137,150,0
2025-09-17 06:40:00+00:00,24267.95,24271.65,24267.75,24270.45,133,150,0
2025-09-17 06:45:00+00:00,24270.25,24272.15,24268.45,24268.65,134,150,0
2025-09-17 06:50:00+00:00,24268.25,24270.05,24266.55,24266.65,118,150,0
2025-09-17 06:55:00+00:00,24266.95,24269.45,24266.75,24267.95,111,150,0
2025-09-17 07:00:00+00:00,24268.05,24271.95,24266.55,24266.55,151,150,0
2025-09-17 07:05:00+00:00,24266.45,24268.75,24264.45,24268.25,170,150,0
2025-09-17 07:10:00+00:00,24268.45,24270.15,24262.95,24262.95,182,150,0
2025-09-17 07:15:00+00:00,24262.75,24263.15,24257.25,24263.15,236,150,0
2025-09-17 07:20:00+00:00,24263.05,24266.15,24260.95,24261.65,190,150,0
2025-09-17 07:25:00+00:00,24260.75,24263.65,24260.15,24261.65,103,150,0
2025-09-17 07:30:00+00:00,24261.55,24265.45,24260.65,24261.65,147,150,0
2025-09-17 07:35:00+00:00,24261.55,24269.65,24260.95,24268.75,130,150,0
2025-09-17 07:40:00+00:00,24268.65,24271.15,24267.65,24268.05,127,150,0
2025-09-17 07:45:00+00:00,24268.25,24269.75,24265.15,24265.55,162,150,0
2025-09-17 07:50:00+00:00,24265.75,24268.15,24265.75,24266.45,99,150,0
2025-09-17 07:55:00+00:00,24266.25,24268.45,24265.95,24268.45,59,150,0
2025-09-17 08:00:00+00:00,24268.65,24270.75,24266.65,24269.15,223,150,0
2025-09-17 08:05:00+00:00,24269.25,24275.95,24258.65,24274.95,291,150,0
2025-09-17 08:10:00+00:00,24274.65,24275.95,24267.45,24268.55,232,150,0
2025-09-17 08:15:00+00:00,24268.45,24269.65,24252.65,24256.45,325,150,0
2025-09-17 08:20:00+00:00,24256.55,24265.35,24256.45,24260.35,336,160,0
2025-09-17 08:25:00+00:00,24260.45,24261.85,24258.25,24260.05,202,150,0
2025-09-17 08:30:00+00:00,24259.75,24260.75,24257.65,24260.45,226,150,0
2025-09-17 08:35:00+00:00,24260.95,24262.15,24256.75,24261.45,262,150,0
2025-09-17 08:40:00+00:00,24261.55,24265.75,24258.05,24264.15,210,150,0
2025-09-17 08:45:00+00:00,24264.05,24269.05,24263.85,24265.75,210,150,0
2025-09-17 08:50:00+00:00,24265.65,24266.95,24262.95,24266.05,185,150,0
2025-09-17 08:55:00+00:00,24266.25,24268.95,24265.25,24267.45,145,150,0
2025-09-17 09:00:00+00:00,24268.15,24274.05,24265.85,24266.45,354,150,0
2025-09-17 09:05:00+00:00,24266.55,24269.95,24264.65,24265.25,288,160,0
2025-09-17 09:10:00+00:00,24264.95,24271.65,24258.95,24270.65,301,160,0
2025-09-17 09:15:00+00:00,24270.55,24271.35,24266.05,24266.75,257,150,0
2025-09-17 09:20:00+00:00,24266.55,24275.95,24266.55,24275.65,258,150,0
2025-09-17 09:25:00+00:00,24275.75,24278.45,24273.45,24274.45,277,150,0
2025-09-17 09:30:00+00:00,24274.25,24275.45,24266.45,24272.95,309,160,0
2025-09-17 09:35:00+00:00,24273.75,24278.55,24272.95,24277.45,245,150,0
2025-09-17 09:40:00+00:00,24277.65,24279.65,24273.95,24278.55,220,150,0
2025-09-17 09:45:00+00:00,24279.15,24279.95,24276.65,24278.05,174,150,0
2025-09-17 09:50:00+00:00,24277.95,24283.45,24277.55,24280.05,223,150,0
2025-09-17 09:55:00+00:00,24279.75,24283.45,24277.95,24281.55,226,150,0
2025-09-17 10:00:00+00:00,24280.65,24284.35,24274.35,24283.75,661,150,0
2025-09-17 10:05:00+00:00,24284.25,24288.15,24278.95,24285.85,509,170,0
2025-09-17 10:10:00+00:00,24285.95,24288.05,24281.35,24281.95,441,160,0
2025-09-17 10:15:00+00:00,24281.75,24285.95,24279.95,24285.65,392,150,0
2025-09-17 10:20:00+00:00,24285.35,24292.95,24284.75,24291.85,409,150,0
2025-09-17 10:25:00+00:00,24291.75,24298.35,24290.95,24297.35,408,150,0
2025-09-17 10:30:00+00:00,24297.25,24302.15,24295.35,24301.95,380,150,0
2025-09-17 10:35:00+00:00,24301.65,24301.65,24292.15,24294.55,486,150,0
2025-09-17 10:40:00+00:00,24294.65,24297.05,24290.85,24295.25,352,160,0
2025-09-17 10:45:00+00:00,24294.95,24299.15,24292.95,24295.15,406,150,0
2025-09-17 10:50:00+00:00,24295.45,24302.15,24295.45,24297.85,378,160,0
2025-09-17 10:55:00+00:00,24297.65,24300.45,24296.95,24299.45,348,150,0
2025-09-17 11:00:00+00:00,24295.45,24299.35,24288.35,24288.75,628,150,0
2025-09-17 11:05:00+00:00,24287.05,24291.05,24281.35,24290.45,472,170,0
2025-09-17 11:10:00+00:00,24290.55,24290.55,24276.65,24277.15,436,160,0
2025-09-17 11:15:00+00:00,24277.05,24280.15,24270.65,24275.45,557,160,0
2025-09-17 11:20:00+00:00,24276.45,24278.65,24273.85,24275.45,359,160,0
2025-09-17 11:25:00+00:00,24275.25,24279.45,24273.95,24276.85,417,160,0
2025-09-17 11:30:00+00:00,24276.75,24278.25,24250.85,24252.25,603,160,0
2025-09-17 11:35:00+00:00,24250.75,24252.95,24219.85,24236.75,1253,210,0
2025-09-17 11:40:00+00:00,24236.95,24238.15,24205.65,24234.95,1178,210,0
2025-09-17 11:45:00+00:00,24234.15,24257.15,24228.95,24248.95,920,210,0
2025-09-17 11:50:00+00:00,24248.75,24268.25,24248.75,24258.35,747,190,0
2025-09-17 11:55:00+00:00,24258.45,24263.35,24255.25,24262.55,578,180,0
2025-09-17 12:00:00+00:00,24262.75,24268.25,24259.15,24267.35,525,180,0
2025-09-17 12:05:00+00:00,24267.15,24275.85,24267.15,24271.35,531,180,0
2025-09-17 12:10:00+00:00,24271.65,24273.35,24264.65,24267.35,439,170,0
2025-09-17 12:15:00+00:00,24267.05,24270.15,24260.65,24264.95,466,170,0
2025-09-17 12:20:00+00:00,24265.15,24271.55,24265.05,24268.55,483,170,0
2025-09-17 12:25:00+00:00,24269.05,24274.95,24268.95,24272.25,399,160,0
2025-09-17 12:30:00+00:00,24272.45,24276.45,24270.45,24274.95,402,160,0
2025-09-17 12:35:00+00:00,24274.45,24277.35,24272.95,24275.25,349,160,0
2025-09-17 12:40:00+00:00,24275.45,24277.75,24266.15,24266.15,372,160,0
2025-09-17 12:45:00+00:00,24266.35,24273.85,24264.65,24265.95,414,160,0
2025-09-17 12:50:00+00:00,24265.85,24267.25,24256.15,24263.65,425,160,0
2025-09-17 12:55:00+00:00,24263.95,24267.55,24257.95,24261.45,329,160,0
2025-09-17 13:00:00+00:00,24260.95,24269.45,24257.65,24263.95,434,160,0
2025-09-17 13:05:00+00:00,24264.05,24265.45,24259.85,24264.95,413,170,0
2025-09-17 13:10:00+00:00,24264.65,24265.55,24253.35,24253.35,359,160,0
2025-09-17 13:15:00+00:00,24253.45,24261.05,24252.55,24256.25,390,160,0
2025-09-17 13:20:00+00:00,24256.45,24259.95,24251.85,24251.95,351,160,0
2025-09-17 13:25:00+00:00,24252.05,24254.05,24247.95,24251.15,402,160,0
2025-09-17 13:30:00+00:00,24251.35,24254.55,24245.05,24250.15,563,160,0
2025-09-17 13:35:00+00:00,24249.55,24253.85,24239.35,24252.85,526,170,0
2025-09-17 13:40:00+00:00,24253.15,24257.15,24247.85,24248.15,498,170,0
2025-09-17 13:45:00+00:00,24248.05,24255.85,24248.05,24249.15,408,180,0
2025-09-17 13:50:00+00:00,24249.05,24251.55,24243.95,24251.55,486,170,0
2025-09-17 13:55:00+00:00,24251.15,24251.15,24241.55,24249.35,563,170,0
2025-09-17 14:00:00+00:00,24250.35,24253.35,24241.45,24243.25,634,180,0
2025-09-17 14:05:00+00:00,24243.05,24253.55,24236.35,24252.55,545,180,0
2025-09-17 14:10:00+00:00,24252.65,24265.85,24252.05,24263.65,525,170,0
2025-09-17 14:15:00+00:00,24263.85,24265.45,24255.85,24256.65,445,170,0
2025-09-17 14:20:00+00:00,24255.85,24264.95,24255.85,24262.35,398,160,0
2025-09-17 14:25:00+00:00,24261.75,24262.25,24253.95,24256.45,393,160,0
2025-09-17 14:30:00+00:00,24256.15,24257.65,24247.65,24247.95,457,170,0
2025-09-17 14:35:00+00:00,24247.65,24247.65,24236.85,24241.45,536,170,0
2025-09-17 14:40:00+00:00,24241.55,24245.35,24239.15,24239.35,438,170,0
2025-09-17 14:45:00+00:00,24239.45,24251.95,24239.15,24251.25,485,160,0
2025-09-17 14:50:00+00:00,24251.35,24257.65,24250.25,24255.15,402,160,0
2025-09-17 14:55:00+00:00,24255.35,24255.65,24248.25,24251.55,448,160,0
2025-09-17 15:00:00+00:00,24252.15,24258.25,24248.85,24253.05,526,170,0
2025-09-17 15:05:00+00:00,24252.85,24254.85,24249.95,24251.65,476,170,0
2025-09-17 15:10:00+00:00,24251.35,24258.15,24247.55,24257.65,455,170,0
2025-09-17 15:15:00+00:00,24257.85,24261.35,24253.35,24261.35,416,160,0
2025-09-17 15:20:00+00:00,24261.55,24264.15,24257.85,24263.05,455,170,0
2025-09-17 15:25:00+00:00,24262.55,24267.85,24262.05,24266.05,499,160,0
2025-09-17 15:30:00+00:00,24265.85,24274.05,24265.85,24266.35,491,170,0
2025-09-17 15:35:00+00:00,24265.95,24272.25,24265.55,24267.85,438,160,0
2025-09-17 15:40:00+00:00,24267.65,24270.45,24261.35,24262.15,462,160,0
2025-09-17 15:45:00+00:00,24261.85,24267.15,24257.15,24264.05,559,160,0
2025-09-17 15:50:00+00:00,24263.65,24269.55,24260.55,24269.55,448,170,0
2025-09-17 15:55:00+00:00,24269.85,24274.95,24268.35,24273.95,489,160,0
2025-09-17 16:00:00+00:00,24274.15,24277.25,24270.65,24273.65,508,160,0
2025-09-17 16:05:00+00:00,24273.85,24277.45,24268.85,24270.35,547,160,0
2025-09-17 16:10:00+00:00,24270.15,24273.15,24269.35,24270.95,389,150,0
2025-09-17 16:15:00+00:00,24270.65,24272.85,24265.55,24269.55,460,150,0
2025-09-17 16:20:00+00:00,24269.85,24270.15,24262.05,24269.25,475,160,0
2025-09-17 16:25:00+00:00,24268.15,24280.65,24267.25,24270.25,687,160,0
2025-09-17 16:30:00+00:00,24270.35,24290.25,24245.85,24251.05,1530,80,0
2025-09-17 16:35:00+00:00,24251.15,24259.95,24228.05,24230.85,1484,120,0
2025-09-17 16:40:00+00:00,24231.35,24237.35,24216.05,24225.65,1506,120,0
2025-09-17 16:45:00+00:00,24225.35,24248.85,24213.65,24246.15,1432,120,0
2025-09-17 16:50:00+00:00,24246.45,24270.05,24245.05,24248.85,1307,80,0
2025-09-17 16:55:00+00:00,24249.05,24255.85,24222.55,24227.05,1301,120,0
2025-09-17 17:00:00+00:00,24228.35,24229.15,24196.85,24222.05,1367,110,0
2025-09-17 17:05:00+00:00,24221.15,24227.85,24212.55,24215.15,1354,120,0
2025-09-17 17:10:00+00:00,24214.85,24225.25,24209.95,24224.05,1315,80,0
2025-09-17 17:15:00+00:00,24223.85,24230.35,24204.55,24213.55,1190,80,0
2025-09-17 17:20:00+00:00,24213.25,24223.05,24202.05,24203.25,1231,80,0
2025-09-17 17:25:00+00:00,24203.55,24208.25,24186.15,24189.55,1253,80,0
2025-09-17 17:30:00+00:00,24191.15,24208.75,24185.05,24197.75,1287,80,0
2025-09-17 17:35:00+00:00,24198.05,24199.35,24182.25,24193.05,1165,80,0
2025-09-17 17:40:00+00:00,24192.75,24198.55,24174.05,24174.75,1128,80,0
2025-09-17 17:45:00+00:00,24174.25,24184.25,24166.55,24179.05,1156,80,0
2025-09-17 17:50:00+00:00,24178.75,24181.35,24160.05,24180.05,1155,80,0
2025-09-17 17:55:00+00:00,24179.75,24185.75,24167.65,24170.25,1087,80,0
2025-09-17 18:00:00+00:00,24170.05,24175.55,24159.55,24161.15,1051,80,0
2025-09-17 18:05:00+00:00,24161.25,24167.25,24154.25,24166.05,1066,80,0
2025-09-17 18:10:00+00:00,24166.25,24182.85,24157.25,24181.55,964,80,0
2025-09-17 18:15:00+00:00,24181.25,24192.55,24174.85,24187.05,1024,80,0
2025-09-17 18:20:00+00:00,24186.85,24188.35,24172.05,24173.15,1006,80,0
2025-09-17 18:25:00+00:00,24173.05,24175.25,24155.75,24162.25,1044,80,0
2025-09-17 18:30:00+00:00,24162.35,24170.15,24158.05,24165.55,995,80,0
2025-09-17 18:35:00+00:00,24166.05,24173.25,24156.65,24158.25,988,80,0
2025-09-17 18:40:00+00:00,24158.05,24167.85,24150.75,24166.55,983,80,0
2025-09-17 18:45:00+00:00,24166.65,24173.55,24158.25,24165.55,920,80,0
2025-09-17 18:50:00+00:00,24165.35,24167.75,24151.25,24153.15,918,80,0
2025-09-17 18:55:00+00:00,24152.85,24164.35,24152.05,24160.75,951,80,0
2025-09-17 19:00:00+00:00,24160.85,24163.05,24151.55,24151.55,894,80,0
2025-09-17 19:05:00+00:00,24151.35,24160.75,24149.75,24153.05,894,80,0
2025-09-17 19:10:00+00:00,24152.75,24154.65,24145.75,24150.55,892,80,0
2025-09-17 19:15:00+00:00,24150.25,24156.65,24149.05,24154.25,813,80,0
2025-09-17 19:20:00+00:00,24155.05,24165.85,24152.35,24163.65,854,80,0
2025-09-17 19:25:00+00:00,24163.15,24171.15,24159.55,24170.25,861,80,0
2025-09-17 19:30:00+00:00,24170.35,24170.35,24147.25,24148.55,923,80,0
2025-09-17 19:35:00+00:00,24148.25,24152.75,24131.55,24131.75,873,80,0
2025-09-17 19:40:00+00:00,24132.55,24146.25,24124.75,24144.75,1035,80,0
2025-09-17 19:45:00+00:00,24144.55,24144.75,24126.05,24135.05,927,80,0
2025-09-17 19:50:00+00:00,24134.55,24148.85,24134.55,24144.25,900,80,0
2025-09-17 19:55:00+00:00,24144.05,24147.75,24133.55,24139.25,795,80,0
2025-09-17 20:00:00+00:00,24139.55,24152.05,24138.65,24149.55,821,80,0
2025-09-17 20:05:00+00:00,24149.35,24152.55,24145.25,24147.55,752,80,0
2025-09-17 20:10:00+00:00,24147.25,24152.55,24138.05,24152.05,819,80,0
2025-09-17 20:15:00+00:00,24152.25,24154.15,24145.25,24154.05,730,80,0
2025-09-17 20:20:00+00:00,24153.75,24157.55,24145.35,24156.25,794,80,0
2025-09-17 20:25:00+00:00,24156.05,24160.35,24151.55,24159.25,703,80,0
2025-09-17 20:30:00+00:00,24159.75,24173.55,24159.75,24170.75,793,80,0
2025-09-17 20:35:00+00:00,24170.25,24192.25,24169.55,24191.55,866,80,0
2025-09-17 20:40:00+00:00,24191.25,24198.55,24183.15,24185.05,936,80,0
2025-09-17 20:45:00+00:00,24185.55,24191.25,24176.55,24178.85,907,80,0
2025-09-17 20:50:00+00:00,24179.05,24184.05,24173.25,24184.05,852,80,0
2025-09-17 20:55:00+00:00,24184.15,24208.86,24177.15,24207.36,743,80,0
2025-09-17 21:00:00+00:00,24207.46,24272.95,24193.85,24262.45,1595,120,0
2025-09-17 21:05:00+00:00,24261.45,24264.05,24186.85,24190.95,1559,120,0
2025-09-17 21:10:00+00:00,24191.55,24201.15,24073.35,24073.35,1628,120,0
2025-09-17 21:15:00+00:00,24067.35,24137.45,24041.55,24124.65,1658,120,0
2025-09-17 21:20:00+00:00,24120.15,24173.95,24083.55,24162.95,1615,120,0
2025-09-17 21:25:00+00:00,24163.15,24193.65,24137.95,24191.45,1577,120,0
2025-09-17 21:30:00+00:00,24192.45,24202.45,24097.65,24117.05,1637,120,0
2025-09-17 21:35:00+00:00,24116.35,24163.15,24074.35,24075.65,1655,120,0
2025-09-17 21:40:00+00:00,24075.05,24123.05,24039.35,24068.05,1676,120,0
2025-09-17 21:45:00+00:00,24068.55,24110.05,24014.45,24091.35,1630,120,0
2025-09-17 21:50:00+00:00,24091.65,24102.05,23993.35,24017.55,1640,120,0
2025-09-17 21:55:00+00:00,24017.15,24146.35,24017.15,24142.65,1630,120,0
2025-09-17 22:00:00+00:00,24141.05,24204.35,24132.45,24200.05,1649,120,0
2025-09-17 22:05:00+00:00,24200.55,24261.15,24186.95,24238.05,1628,120,0
2025-09-17 22:10:00+00:00,24240.45,24268.55,24163.45,24179.15,1605,120,0
2025-09-17 22:15:00+00:00,24180.85,24251.65,24180.85,24220.85,1625,120,0
2025-09-17 22:20:00+00:00,24220.95,24278.65,24202.45,24270.85,1593,120,0
2025-09-17 22:25:00+00:00,24270.65,24299.65,24260.85,24279.55,1546,120,0
2025-09-17 22:30:00+00:00,24279.05,24296.55,24223.55,24243.65,1585,120,0
2025-09-17 22:35:00+00:00,24242.95,24279.15,24239.15,24240.55,1515,120,0
2025-09-17 22:40:00+00:00,24241.45,24264.65,24226.65,24248.45,1512,120,0
2025-09-17 22:45:00+00:00,24246.05,24252.65,24224.95,24239.05,1526,120,0
2025-09-17 22:50:00+00:00,24254.55,24258.35,24206.35,24232.45,1538,120,0
2025-09-17 22:55:00+00:00,24233.15,24254.15,24197.85,24228.15,1523,120,0
2025-09-17 23:00:00+00:00,24226.26,24261.26,24221.76,24252.56,1272,138,0
2025-09-17 23:05:00+00:00,24253.16,24272.46,24248.56,24261.66,908,218,0
2025-09-17 23:10:00+00:00,24261.56,24267.96,24252.96,24256.66,801,208,0
2025-09-17 23:15:00+00:00,24256.26,24257.76,24236.86,24247.36,667,198,0
2025-09-17 23:20:00+00:00,24247.26,24250.16,24236.26,24241.76,549,198,0
2025-09-17 23:25:00+00:00,24241.96,24258.16,24241.16,24257.26,586,198,0
2025-09-17 23:30:00+00:00,24256.76,24266.26,24254.96,24265.66,452,198,0
2025-09-17 23:35:00+00:00,24265.96,24266.16,24249.96,24251.56,370,188,0
2025-09-17 23:40:00+00:00,24251.46,24253.26,24246.66,24250.76,353,178,0
2025-09-17 23:45:00+00:00,24251.06,24252.06,24240.56,24240.56,319,178,0
2025-09-18 01:05:00+00:00,24259.56,24268.76,24258.06,24267.66,405,198,0
2025-09-18 01:10:00+00:00,24267.56,24269.96,24262.46,24268.66,281,178,0
2025-09-18 01:15:00+00:00,24268.46,24269.96,24267.26,24268.96,192,168,0
2025-09-18 01:20:00+00:00,24269.26,24275.96,24267.86,24274.56,218,168,0
2025-09-18 01:25:00+00:00,24274.76,24283.96,24274.76,24282.06,318,168,0
2025-09-18 01:30:00+00:00,24281.86,24286.26,24279.46,24285.86,212,168,0
2025-09-18 01:35:00+00:00,24286.06,24293.66,24284.66,24293.16,281,168,0
2025-09-18 01:40:00+00:00,24292.96,24301.06,24291.06,24297.66,299,178,0
2025-09-18 01:45:00+00:00,24297.96,24314.66,24294.76,24314.46,367,178,0
2025-09-18 01:50:00+00:00,24314.36,24324.36,24312.96,24323.16,507,198,0
2025-09-18 01:55:00+00:00,24322.86,24324.06,24318.76,24319.66,318,188,0
2025-09-18 02:00:00+00:00,24319.46,24326.95,24319.45,24325.55,332,170,0
2025-09-18 02:05:00+00:00,24325.75,24327.85,24321.65,24326.15,201,150,0
2025-09-18 02:10:00+00:00,24326.05,24328.85,24320.25,24320.75,257,150,0
2025-09-18 02:15:00+00:00,24321.15,24330.85,24320.85,24326.35,259,160,0
2025-09-18 02:20:00+00:00,24326.25,24329.45,24324.65,24326.65,196,150,0
2025-09-18 02:25:00+00:00,24326.45,24328.05,24325.65,24326.95,148,150,0
2025-09-18 02:30:00+00:00,24327.05,24336.85,24326.65,24330.45,333,150,0
2025-09-18 02:35:00+00:00,24330.75,24331.85,24323.45,24324.75,204,160,0
2025-09-18 02:40:00+00:00,24324.85,24326.65,24321.25,24324.75,257,160,0
2025-09-18 02:45:00+00:00,24325.45,24336.85,24325.35,24336.85,288,160,0
2025-09-18 02:50:00+00:00,24336.55,24336.65,24330.55,24336.55,281,160,0
2025-09-18 02:55:00+00:00,24336.85,24339.35,24333.95,24336.35,255,150,0
2025-09-18 03:00:00+00:00,24336.15,24336.65,24320.55,24320.65,597,150,0
2025-09-18 03:05:00+00:00,24320.55,24330.45,24320.55,24327.35,407,170,0
2025-09-18 03:10:00+00:00,24327.55,24331.75,24323.35,24325.95,379,160,0
2025-09-18 03:15:00+00:00,24325.55,24328.55,24324.25,24324.25,309,160,0
2025-09-18 03:20:00+00:00,24323.85,24325.35,24313.55,24316.35,434,160,0
2025-09-18 03:25:00+00:00,24316.45,24318.65,24312.25,24315.15,419,160,0
2025-09-18 03:30:00+00:00,24315.35,24320.55,24314.05,24317.95,386,160,0
2025-09-18 03:35:00+00:00,24318.35,24321.05,24315.15,24315.35,267,160,0
2025-09-18 03:40:00+00:00,24315.65,24321.85,24315.35,24319.25,285,150,0
2025-09-18 03:45:00+00:00,24318.75,24322.55,24316.25,24316.95,299,150,0
2025-09-18 03:50:00+00:00,24316.85,24320.25,24313.35,24319.05,379,150,0
2025-09-18 03:55:00+00:00,24318.85,24322.45,24315.95,24316.85,250,160,0
2025-09-18 04:00:00+00:00,24316.65,24321.25,24313.05,24320.25,378,160,0
2025-09-18 04:05:00+00:00,24320.85,24341.75,24318.85,24337.35,524,160,0
2025-09-18 04:10:00+00:00,24337.65,24345.75,24337.45,24339.85,395,160,0
2025-09-18 04:15:00+00:00,24339.65,24340.75,24329.85,24330.05,390,160,0
2025-09-18 04:20:00+00:00,24330.45,24330.45,24320.35,24329.45,418,170,0
2025-09-18 04:25:00+00:00,24329.75,24332.55,24326.85,24329.25,281,150,0
2025-09-18 04:30:00+00:00,24329.15,24337.55,24327.65,24334.45,476,160,0
2025-09-18 04:35:00+00:00,24334.85,24340.35,24334.65,24340.15,325,150,0
2025-09-18 04:40:00+00:00,24340.35,24341.75,24336.65,24340.05,365,150,0
2025-09-18 04:45:00+00:00,24340.25,24345.75,24339.25,24343.65,330,160,0
2025-09-18 04:50:00+00:00,24343.75,24345.55,24339.75,24345.25,295,160,0
2025-09-18 04:55:00+00:00,24345.35,24349.15,24344.65,24345.15,289,150,0
2025-09-18 05:00:00+00:00,24345.35,24345.95,24342.45,24345.15,282,150,0
2025-09-18 05:05:00+00:00,24345.05,24345.35,24340.05,24340.05,270,150,0
2025-09-18 05:10:00+00:00,24339.85,24349.95,24339.25,24349.45,341,150,0
2025-09-18 05:15:00+00:00,24349.55,24357.85,24348.95,24356.55,286,150,0
2025-09-18 05:20:00+00:00,24356.15,24358.35,24351.45,24355.35,255,150,0
2025-09-18 05:25:00+00:00,24355.55,24357.35,24353.95,24356.65,269,150,0
2025-09-18 05:30:00+00:00,24356.55,24358.15,24354.95,24355.15,282,150,0
2025-09-18 05:35:00+00:00,24355.55,24364.05,24355.45,24362.15,279,150,0
2025-09-18 05:40:00+00:00,24361.55,24365.65,24360.35,24363.85,234,150,0
2025-09-18 05:45:00+00:00,24363.95,24369.45,24363.45,24368.85,175,150,0
2025-09-18 05:50:00+00:00,24369.35,24370.45,24365.15,24368.15,197,150,0
2025-09-18 05:55:00+00:00,24368.05,24375.05,24366.25,24373.25,261,150,0
2025-09-18 06:00:00+00:00,24372.55,24396.15,24372.25,24391.25,473,160,0
2025-09-18 06:05:00+00:00,24390.95,24394.95,24387.15,24389.05,372,170,0
2025-09-18 06:10:00+00:00,24388.85,24389.05,24381.65,24383.05,345,160,0
2025-09-18 06:15:00+00:00,24383.55,24388.35,24381.45,24388.35,343,160,0
2025-09-18 06:20:00+00:00,24388.95,24394.55,24387.95,24391.55,317,160,0
2025-09-18 06:25:00+00:00,24391.25,24395.35,24389.55,24390.45,281,150,0
2025-09-18 06:30:00+00:00,24390.85,24394.85,24387.95,24391.05,294,150,0
2025-09-18 06:35:00+00:00,24390.95,24390.95,24386.05,24390.45,285,150,0
2025-09-18 06:40:00+00:00,24390.35,24390.85,24386.05,24386.55,220,150,0
2025-09-18 06:45:00+00:00,24386.45,24386.55,24380.85,24382.35,308,150,0
2025-09-18 06:50:00+00:00,24382.55,24386.45,24378.55,24385.55,248,150,0
2025-09-18 06:55:00+00:00,24385.35,24391.85,24384.85,24387.95,239,150,0
2025-09-18 07:00:00+00:00,24388.15,24392.05,24385.05,24390.25,279,150,0
2025-09-18 07:05:00+00:00,24390.15,24390.15,24382.55,24384.65,279,150,0
2025-09-18 07:10:00+00:00,24384.55,24392.65,24383.55,24391.65,236,150,0
2025-09-18 07:15:00+00:00,24391.45,24393.55,24387.55,24392.55,228,150,0
2025-09-18 07:20:00+00:00,24392.45,24398.15,24389.05,24391.75,307,150,0
2025-09-18 07:25:00+00:00,24392.05,24396.45,24390.35,24396.45,173,150,0
2025-09-18 07:30:00+00:00,24396.65,24405.65,24393.75,24394.25,307,150,0
2025-09-18 07:35:00+00:00,24394.05,24395.75,24388.05,24392.85,244,160,0
2025-09-18 07:40:00+00:00,24392.75,24396.85,24390.35,24396.35,261,150,0
2025-09-18 07:45:00+00:00,24397.15,24397.35,24393.35,24396.65,194,150,0
2025-09-18 07:50:00+00:00,24396.85,24399.05,24396.45,24397.45,191,150,0
2025-09-18 07:55:00+00:00,24397.55,24400.45,24394.45,24398.05,216,150,0
2025-09-18 08:00:00+00:00,24397.65,24402.85,24396.05,24400.15,324,150,0
2025-09-18 08:05:00+00:00,24400.05,24401.85,24394.45,24399.85,294,160,0
2025-09-18 08:10:00+00:00,24399.15,24400.55,24395.85,24397.65,280,150,0
2025-09-18 08:15:00+00:00,24397.35,24398.55,24386.95,24388.95,324,160,0
2025-09-18 08:20:00+00:00,24389.05,24389.05,24383.35,24386.45,362,150,0
2025-09-18 08:25:00+00:00,24386.35,24386.45,24367.25,24369.05,439,150,0
2025-09-18 08:30:00+00:00,24369.25,24375.15,24363.15,24368.25,543,170,0
2025-09-18 08:35:00+00:00,24368.15,24370.75,24365.75,24367.35,401,160,0
2025-09-18 08:40:00+00:00,24367.65,24374.45,24366.15,24367.65,436,160,0
2025-09-18 08:45:00+00:00,24368.25,24368.95,24363.55,24366.95,318,160,0
2025-09-18 08:50:00+00:00,24367.35,24373.75,24366.85,24368.15,291,160,0
2025-09-18 08:55:00+00:00,24367.55,24370.85,24364.25,24366.85,314,160,0
2025-09-18 09:00:00+00:00,24366.35,24369.45,24358.55,24360.25,467,160,0
2025-09-18 09:05:00+00:00,24361.65,24361.75,24348.25,24353.25,555,170,0
2025-09-18 09:10:00+00:00,24353.75,24354.95,24341.55,24345.75,573,180,0
2025-09-18 09:15:00+00:00,24346.75,24353.95,24339.65,24351.75,637,180,0
2025-09-18 09:20:00+00:00,24351.95,24352.85,24341.95,24344.55,539,180,0
2025-09-18 09:25:00+00:00,24345.25,24349.25,24343.25,24346.75,436,170,0
2025-09-18 09:30:00+00:00,24347.05,24357.55,24338.75,24357.55,614,180,0
2025-09-18 09:35:00+00:00,24357.45,24363.95,24354.35,24361.75,443,170,0
2025-09-18 09:40:00+00:00,24361.35,24367.95,24359.05,24367.05,487,170,0
2025-09-18 09:45:00+00:00,24366.95,24374.45,24364.75,24366.75,425,170,0
2025-09-18 09:50:00+00:00,24366.55,24370.75,24363.15,24370.35,368,160,0
2025-09-18 09:55:00+00:00,24370.15,24377.75,24370.15,24376.75,348,160,0
2025-09-18 10:00:00+00:00,24376.85,24382.15,24372.75,24381.55,849,160,0
2025-09-18 10:05:00+00:00,24381.95,24387.55,24376.75,24377.55,612,170,0
2025-09-18 10:10:00+00:00,24377.45,24385.45,24374.85,24384.45,566,170,0
2025-09-18 10:15:00+00:00,24384.55,24404.25,24380.95,24403.65,628,170,0
2025-09-18 10:20:00+00:00,24403.25,24403.45,24377.25,24378.55,687,180,0
2025-09-18 10:25:00+00:00,24378.75,24383.25,24371.75,24377.45,624,180,0
2025-09-18 10:30:00+00:00,24377.25,24384.45,24375.95,24380.05,576,180,0
2025-09-18 10:35:00+00:00,24380.55,24384.45,24377.05,24381.55,518,180,0
2025-09-18 10:40:00+00:00,24381.65,24393.75,24381.55,24389.55,599,180,0
2025-09-18 10:45:00+00:00,24390.05,24405.55,24390.05,24404.45,589,170,0
2025-09-18 10:50:00+00:00,24404.85,24419.45,24404.85,24418.75,593,170,0
2025-09-18 10:55:00+00:00,24418.45,24422.65,24413.75,24415.75,600,180,0
2025-09-18 11:00:00+00:00,24415.95,24430.55,24408.65,24430.35,970,180,0
2025-09-18 11:05:00+00:00,24429.95,24435.55,24421.95,24427.45,775,190,0
2025-09-18 11:10:00+00:00,24428.25,24447.35,24426.85,24438.85,789,190,0
2025-09-18 11:15:00+00:00,24438.75,24444.85,24433.45,24437.75,649,180,0
2025-09-18 11:20:00+00:00,24437.45,24444.25,24432.15,24443.25,574,170,0
2025-09-18 11:25:00+00:00,24443.45,24447.85,24436.25,24445.25,623,180,0
2025-09-18 11:30:00+00:00,24444.65,24450.95,24440.55,24448.95,617,180,0
2025-09-18 11:35:00+00:00,24449.05,24458.45,24447.65,24456.45,545,170,0
2025-09-18 11:40:00+00:00,24456.15,24459.45,24452.45,24455.75,541,170,0
2025-09-18 11:45:00+00:00,24456.25,24470.95,24451.55,24470.95,583,170,0
2025-09-18 11:50:00+00:00,24471.15,24477.95,24469.95,24475.45,646,180,0
2025-09-18 11:55:00+00:00,24476.55,24484.15,24472.35,24479.75,710,180,0
2025-09-18 12:00:00+00:00,24479.95,24482.95,24472.95,24474.55,635,180,0
2025-09-18 12:05:00+00:00,24475.45,24481.95,24470.65,24480.45,513,170,0
2025-09-18 12:10:00+00:00,24480.25,24484.55,24460.65,24462.75,645,170,0
2025-09-18 12:15:00+00:00,24462.95,24475.95,24462.95,24469.65,587,180,0
2025-09-18 12:20:00+00:00,24470.05,24472.35,24464.05,24464.25,621,170,0
2025-09-18 12:25:00+00:00,24464.65,24474.15,24461.95,24471.05,481,170,0
2025-09-18 12:30:00+00:00,24470.85,24480.85,24470.35,24480.15,449,160,0
2025-09-18 12:35:00+00:00,24480.35,24483.85,24473.75,24479.05,459,160,0
2025-09-18 12:40:00+00:00,24479.25,24481.25,24471.25,24472.25,515,160,0
2025-09-18 12:45:00+00:00,24472.05,24476.35,24465.55,24472.45,568,160,0
2025-09-18 12:50:00+00:00,24472.55,24482.65,24469.95,24470.25,546,180,0
2025-09-18 12:55:00+00:00,24470.45,24473.85,24467.95,24469.55,503,170,0
2025-09-18 13:00:00+00:00,24469.35,24473.75,24465.75,24473.05,467,170,0
2025-09-18 13:05:00+00:00,24472.75,24481.65,24472.75,24481.55,450,160,0
2025-09-18 13:10:00+00:00,24481.35,24481.35,24476.85,24479.65,337,150,0
2025-09-18 13:15:00+00:00,24479.85,24480.25,24474.05,24475.25,371,160,0
2025-09-18 13:20:00+00:00,24475.55,24477.05,24466.55,24469.65,393,150,0
2025-09-18 13:25:00+00:00,24469.75,24470.05,24459.55,24462.25,487,160,0
2025-09-18 13:30:00+00:00,24461.95,24462.25,24453.05,24453.25,536,170,0
2025-09-18 13:35:00+00:00,24453.35,24458.15,24452.45,24456.35,428,160,0
2025-09-18 13:40:00+00:00,24456.45,24458.95,24453.25,24454.05,373,160,0
2025-09-18 13:45:00+00:00,24454.15,24460.25,24449.65,24450.55,450,160,0
2025-09-18 13:50:00+00:00,24450.65,24453.45,24445.45,24449.25,475,170,0
2025-09-18 13:55:00+00:00,24449.35,24459.95,24447.65,24458.45,438,160,0
2025-09-18 14:00:00+00:00,24457.15,24488.35,24452.95,24477.55,1010,180,0
2025-09-18 14:05:00+00:00,24476.85,24485.45,24468.35,24485.45,860,200,0
2025-09-18 14:10:00+00:00,24485.35,24502.95,24483.85,24498.25,866,190,0
2025-09-18 14:15:00+00:00,24499.25,24503.95,24491.35,24496.75,918,190,0
2025-09-18 14:20:00+00:00,24496.85,24507.85,24495.35,24497.15,753,190,0
2025-09-18 14:25:00+00:00,24497.35,24498.75,24486.25,24493.95,781,180,0
2025-09-18 14:30:00+00:00,24494.05,24496.55,24488.75,24491.45,717,180,0
2025-09-18 14:35:00+00:00,24491.35,24494.65,24488.45,24491.65,721,190,0
2025-09-18 14:40:00+00:00,24491.75,24491.75,24467.85,24474.65,816,190,0
2025-09-18 14:45:00+00:00,24474.55,24484.25,24471.85,24480.25,789,190,0
2025-09-18 14:50:00+00:00,24480.35,24489.15,24477.45,24485.25,769,190,0
2025-09-18 14:55:00+00:00,24485.75,24494.95,24483.45,24494.75,554,170,0
2025-09-18 15:00:00+00:00,24494.95,24495.65,24489.45,24495.65,669,180,0
2025-09-18 15:05:00+00:00,24495.25,24498.95,24484.05,24484.05,661,180,0
2025-09-18 15:10:00+00:00,24483.95,24488.45,24475.45,24486.15,803,180,0
2025-09-18 15:15:00+00:00,24485.95,24492.55,24480.95,24492.05,633,180,0
2025-09-18 15:20:00+00:00,24490.05,24505.15,24489.05,24502.25,734,180,0
2025-09-18 15:25:00+00:00,24502.65,24514.75,24501.95,24505.42,781,180,0
2025-09-18 15:30:00+00:00,24505.27,24511.22,24480.05,24481.75,975,200,0
2025-09-18 15:35:00+00:00,24481.55,24492.95,24478.45,24481.45,929,200,0
2025-09-18 15:40:00+00:00,24480.95,24489.85,24478.95,24482.35,923,190,0
2025-09-18 15:45:00+00:00,24482.45,24489.35,24481.75,24485.75,801,180,0
2025-09-18 15:50:00+00:00,24485.05,24485.05,24461.25,24463.25,980,180,0
2025-09-18 15:55:00+00:00,24462.85,24467.65,24441.45,24442.05,1037,190,0
2025-09-18 16:00:00+00:00,24440.35,24444.85,24410.65,24419.85,1327,200,0
2025-09-18 16:05:00+00:00,24420.05,24432.05,24402.75,24430.55,1279,210,0
2025-09-18 16:10:00+00:00,24430.65,24438.65,24423.05,24428.65,1081,200,0
2025-09-18 16:15:00+00:00,24428.95,24446.15,24425.85,24426.85,1010,200,0
2025-09-18 16:20:00+00:00,24426.15,24438.15,24425.85,24431.55,987,190,0
2025-09-18 16:25:00+00:00,24431.05,24440.55,24425.15,24431.65,1176,190,0
2025-09-18 16:30:00+00:00,24432.55,24460.95,24407.25,24450.45,1637,80,0
2025-09-18 16:35:00+00:00,24448.45,24464.95,24419.55,24420.45,1602,120,0
2025-09-18 16:40:00+00:00,24422.25,24428.25,24376.95,24377.25,1613,120,0
2025-09-18 16:45:00+00:00,24375.95,24409.85,24351.85,24408.85,1570,120,0
2025-09-18 16:50:00+00:00,24408.55,24450.45,24406.25,24412.85,1573,120,0
2025-09-18 16:55:00+00:00,24413.05,24450.05,24394.45,24449.05,1532,120,0
2025-09-18 17:00:00+00:00,24449.55,24478.95,24447.35,24474.85,1521,120,0
2025-09-18 17:05:00+00:00,24474.35,24501.35,24474.35,24501.35,1406,120,0
2025-09-18 17:10:00+00:00,24501.85,24515.95,24496.35,24501.55,1412,120,0
2025-09-18 17:15:00+00:00,24501.75,24524.75,24499.45,24522.25,1349,80,0
2025-09-18 17:20:00+00:00,24523.25,24533.95,24506.95,24521.45,1327,80,0
2025-09-18 17:25:00+00:00,24521.25,24540.75,24521.25,24539.45,1248,80,0
2025-09-18 17:30:00+00:00,24540.15,24561.65,24534.15,24535.15,1231,80,0
2025-09-18 17:35:00+00:00,24535.65,24537.95,24515.45,24516.45,1272,80,0
2025-09-18 17:40:00+00:00,24516.15,24528.45,24511.05,24513.65,1283,80,0
2025-09-18 17:45:00+00:00,24513.15,24530.55,24503.65,24521.25,1333,80,0
2025-09-18 17:50:00+00:00,24521.75,24521.75,24498.15,24498.95,1290,80,0
2025-09-18 17:55:00+00:00,24499.35,24513.65,24484.95,24487.15,1268,80,0
2025-09-18 18:00:00+00:00,24487.95,24523.65,24486.65,24509.35,1316,80,0
2025-09-18 18:05:00+00:00,24509.85,24529.25,24500.25,24526.45,1426,80,0
2025-09-18 18:10:00+00:00,24527.05,24539.65,24515.95,24530.65,1291,80,0
2025-09-18 18:15:00+00:00,24530.15,24561.65,24523.95,24560.95,1227,80,0
2025-09-18 18:20:00+00:00,24561.45,24568.25,24545.15,24549.45,1206,80,0
2025-09-18 18:25:00+00:00,24549.65,24553.95,24529.45,24534.95,1184,80,0
2025-09-18 18:30:00+00:00,24535.25,24558.15,24535.25,24542.65,1167,80,0
2025-09-18 18:35:00+00:00,24543.45,24544.15,24533.95,24542.65,1160,80,0
2025-09-18 18:40:00+00:00,24542.75,24546.25,24522.25,24526.45,1119,80,0
2025-09-18 18:45:00+00:00,24525.75,24529.25,24513.95,24516.65,1129,80,0
2025-09-18 18:50:00+00:00,24516.95,24517.65,24478.15,24494.05,1281,80,0
2025-09-18 18:55:00+00:00,24494.15,24503.25,24479.75,24488.95,1278,110,0
2025-09-18 19:00:00+00:00,24487.45,24508.55,24484.95,24508.55,1288,80,0
2025-09-18 19:05:00+00:00,24507.95,24510.15,24479.65,24481.65,1250,80,0
2025-09-18 19:10:00+00:00,24481.45,24510.15,24473.55,24506.95,1232,80,0
2025-09-18 19:15:00+00:00,24506.75,24526.45,24505.95,24512.15,1133,80,0
2025-09-18 19:20:00+00:00,24511.95,24525.65,24506.25,24519.95,1078,80,0
2025-09-18 19:25:00+00:00,24519.65,24526.65,24513.95,24523.45,929,80,0
2025-09-18 19:30:00+00:00,24524.05,24540.45,24523.05,24535.95,879,80,0
2025-09-18 19:35:00+00:00,24535.45,24541.45,24532.15,24538.95,875,80,0
2025-09-18 19:40:00+00:00,24539.15,24539.15,24532.95,24535.15,843,80,0
2025-09-18 19:45:00+00:00,24535.45,24544.05,24533.75,24542.65,861,80,0
2025-09-18 19:50:00+00:00,24542.55,24545.75,24538.55,24538.65,928,80,0
2025-09-18 19:55:00+00:00,24538.95,24543.75,24534.25,24540.45,894,80,0
2025-09-18 20:00:00+00:00,24540.25,24548.25,24538.55,24542.65,920,80,0
2025-09-18 20:05:00+00:00,24542.75,24549.15,24540.45,24543.95,970,80,0
2025-09-18 20:10:00+00:00,24543.65,24545.15,24535.45,24536.65,869,80,0
2025-09-18 20:15:00+00:00,24536.95,24544.75,24531.55,24535.95,950,80,0
2025-09-18 20:20:00+00:00,24536.65,24539.45,24526.95,24526.95,977,80,0
2025-09-18 20:25:00+00:00,24527.45,24528.75,24515.45,24515.65,1040,80,0
2025-09-18 20:30:00+00:00,24515.75,24517.95,24499.45,24500.15,1057,80,0
2025-09-18 20:35:00+00:00,24500.25,24500.65,24484.65,24499.15,1160,80,0
2025-09-18 20:40:00+00:00,24498.65,24500.25,24481.75,24488.15,1052,80,0
2025-09-18 20:45:00+00:00,24487.95,24497.65,24481.45,24488.65,989,80,0
2025-09-18 20:50:00+00:00,24489.15,24500.55,24479.95,24498.15,1026,80,0
2025-09-18 20:55:00+00:00,24498.45,24499.95,24476.45,24487.15,981,80,0
2025-09-18 21:00:00+00:00,24487.45,24500.45,24480.65,24499.75,1014,80,0
2025-09-18 21:05:00+00:00,24499.55,24514.95,24498.65,24506.45,955,80,0
2025-09-18 21:10:00+00:00,24506.05,24506.05,24482.15,24491.15,1059,80,0
2025-09-18 21:15:00+00:00,24491.65,24503.65,24482.15,24486.15,1016,80,0
2025-09-18 21:20:00+00:00,24486.45,24497.95,24481.45,24495.95,961,80,0
2025-09-18 21:25:00+00:00,24496.15,24503.95,24489.65,24490.65,909,80,0
2025-09-18 21:30:00+00:00,24491.45,24501.55,24490.45,24500.05,938,80,0
2025-09-18 21:35:00+00:00,24500.15,24504.55,24495.45,24500.15,934,80,0
2025-09-18 21:40:00+00:00,24500.95,24504.65,24481.45,24485.15,935,80,0
2025-09-18 21:45:00+00:00,24485.55,24514.25,24482.45,24503.45,1058,80,0
2025-09-18 21:50:00+00:00,24503.15,24515.95,24503.15,24514.45,862,80,0
2025-09-18 21:55:00+00:00,24514.15,24517.45,24507.95,24508.65,859,80,0
2025-09-18 22:00:00+00:00,24508.95,24511.65,24496.25,24503.05,963,80,0
2025-09-18 22:05:00+00:00,24502.65,24508.15,24498.75,24506.75,945,80,0
2025-09-18 22:10:00+00:00,24507.55,24507.95,24498.15,24499.15,892,80,0
2025-09-18 22:15:00+00:00,24498.95,24502.95,24489.15,24500.45,937,80,0
2025-09-18 22:20:00+00:00,24500.95,24501.45,24482.15,24483.05,943,80,0
2025-09-18 22:25:00+00:00,24483.15,24486.65,24469.45,24474.15,956,80,0
2025-09-18 22:30:00+00:00,24473.45,24483.95,24462.65,24469.65,1020,80,0
2025-09-18 22:35:00+00:00,24470.65,24480.15,24464.45,24468.15,1012,80,0
2025-09-18 22:40:00+00:00,24467.95,24475.15,24460.15,24467.15,990,80,0
2025-09-18 22:45:00+00:00,24467.05,24468.15,24449.65,24459.25,1104,80,0
2025-09-18 22:50:00+00:00,24459.75,24481.05,24454.15,24474.85,1309,80,0
2025-09-18 22:55:00+00:00,24475.25,24477.55,24449.35,24449.35,1320,120,0
2025-09-18 23:00:00+00:00,24450.75,24462.16,24439.96,24452.16,1082,120,0
2025-09-18 23:05:00+00:00,24452.96,24464.26,24452.76,24462.56,635,208,0
2025-09-18 23:10:00+00:00,24462.06,24462.16,24444.56,24445.06,630,198,0
2025-09-18 23:15:00+00:00,24445.36,24451.06,24437.16,24446.66,551,198,0
2025-09-18 23:20:00+00:00,24446.86,24463.96,24446.36,24461.06,451,178,0
2025-09-18 23:25:00+00:00,24460.96,24463.56,24459.46,24462.66,291,178,0
2025-09-18 23:30:00+00:00,24462.06,24469.66,24461.06,24466.36,276,168,0
2025-09-18 23:35:00+00:00,24466.46,24471.56,24465.96,24468.96,226,168,0
2025-09-18 23:40:00+00:00,24469.46,24472.46,24468.76,24470.36,222,168,0
2025-09-18 23:45:00+00:00,24470.06,24473.76,24468.96,24471.36,277,168,0
2025-09-19 01:05:00+00:00,24485.76,24493.16,24485.76,24492.76,178,168,0
2025-09-19 01:10:00+00:00,24492.56,24495.16,24488.26,24495.16,161,168,0
2025-09-19 01:15:00+00:00,24494.96,24496.16,24490.26,24490.56,132,168,0
2025-09-19 01:20:00+00:00,24490.16,24492.76,24487.46,24492.66,105,168,0
2025-09-19 01:25:00+00:00,24492.96,24497.16,24492.76,24495.16,126,168,0
2025-09-19 01:30:00+00:00,24495.76,24497.56,24487.56,24487.76,123,168,0
2025-09-19 01:35:00+00:00,24487.66,24487.66,24476.26,24476.76,170,168,0
2025-09-19 01:40:00+00:00,24476.76,24476.76,24466.96,24470.86,242,168,0
2025-09-19 01:45:00+00:00,24471.56,24480.26,24471.56,24479.66,269,178,0
2025-09-19 01:50:00+00:00,24479.26,24487.36,24477.86,24486.66,219,168,0
2025-09-19 01:55:00+00:00,24487.16,24493.96,24486.96,24492.66,216,178,0
2025-09-19 02:00:00+00:00,24492.75,24495.95,24487.55,24491.55,289,160,0
2025-09-19 02:05:00+00:00,24492.05,24494.65,24489.05,24489.85,179,150,0
2025-09-19 02:10:00+00:00,24491.05,24496.55,24487.95,24488.05,192,160,0
2025-09-19 02:15:00+00:00,24487.95,24493.85,24487.55,24492.25,154,150,0
2025-09-19 02:20:00+00:00,24492.65,24496.65,24491.55,24492.85,143,150,0
2025-09-19 02:25:00+00:00,24493.05,24494.35,24490.15,24491.65,125,150,0
2025-09-19 02:30:00+00:00,24492.75,24499.25,24491.75,24498.45,163,150,0
2025-09-19 02:35:00+00:00,24497.95,24502.35,24497.85,24501.65,256,150,0
2025-09-19 02:40:00+00:00,24501.35,24502.35,24497.85,24499.85,153,150,0
2025-09-19 02:45:00+00:00,24499.65,24503.35,24497.35,24499.15,226,150,0
2025-09-19 02:50:00+00:00,24499.35,24501.25,24497.15,24498.65,194,150,0
2025-09-19 02:55:00+00:00,24498.85,24502.65,24495.05,24495.05,221,150,0
2025-09-19 03:00:00+00:00,24495.35,24504.15,24495.05,24499.15,545,150,0
2025-09-19 03:05:00+00:00,24499.05,24502.25,24493.05,24496.55,432,160,0
2025-09-19 03:10:00+00:00,24496.25,24496.25,24478.25,24478.65,574,170,0
2025-09-19 03:15:00+00:00,24478.75,24482.45,24471.05,24473.05,532,170,0
2025-09-19 03:20:00+00:00,24472.55,24475.35,24458.15,24462.15,641,170,0
2025-09-19 03:25:00+00:00,24462.25,24467.35,24456.65,24460.45,530,180,0
2025-09-19 03:30:00+00:00,24459.95,24464.45,24459.25,24460.55,376,160,0
2025-09-19 03:35:00+00:00,24460.65,24466.45,24457.05,24464.25,367,160,0
2025-09-19 03:40:00+00:00,24464.45,24464.55,24450.05,24456.15,497,170,0
2025-09-19 03:45:00+00:00,24456.25,24463.45,24454.25,24458.25,439,170,0
2025-09-19 03:50:00+00:00,24458.65,24462.55,24454.55,24462.05,415,160,0
2025-09-19 03:55:00+00:00,24461.75,24469.05,24460.55,24465.45,410,160,0
2025-09-19 04:00:00+00:00,24464.85,24468.45,24460.25,24464.15,528,160,0
2025-09-19 04:05:00+00:00,24463.95,24468.45,24458.95,24460.55,387,160,0
2025-09-19 04:10:00+00:00,24460.45,24469.65,24456.85,24469.65,380,160,0
2025-09-19 04:15:00+00:00,24469.45,24470.25,24458.95,24468.05,455,170,0
2025-09-19 04:20:00+00:00,24467.75,24471.55,24461.65,24463.65,387,170,0
2025-09-19 04:25:00+00:00,24463.55,24468.45,24460.65,24468.15,386,170,0
2025-09-19 04:30:00+00:00,24468.95,24471.85,24464.95,24465.75,491,160,0
2025-09-19 04:35:00+00:00,24465.05,24471.85,24465.05,24468.05,429,160,0
2025-09-19 04:40:00+00:00,24467.55,24472.35,24465.45,24470.35,383,160,0
2025-09-19 04:45:00+00:00,24470.45,24473.95,24463.45,24464.75,416,160,0
2025-09-19 04:50:00+00:00,24464.65,24469.75,24461.45,24469.55,437,160,0
2025-09-19 04:55:00+00:00,24469.75,24475.95,24469.45,24471.85,450,160,0
2025-09-19 05:00:00+00:00,24471.55,24477.75,24469.45,24471.95,396,160,0
2025-09-19 05:05:00+00:00,24472.15,24472.15,24466.75,24468.45,419,160,0
2025-09-19 05:10:00+00:00,24468.15,24468.95,24460.25,24461.45,399,160,0
2025-09-19 05:15:00+00:00,24461.35,24467.65,24458.75,24462.55,345,160,0
2025-09-19 05:20:00+00:00,24462.75,24465.55,24459.35,24462.45,329,150,0
2025-09-19 05:25:00+00:00,24462.35,24463.25,24455.75,24456.65,215,150,0
2025-09-19 05:30:00+00:00,24456.75,24462.15,24456.65,24461.25,228,150,0
2025-09-19 05:35:00+00:00,24461.55,24470.05,24461.35,24468.75,314,150,0
2025-09-19 05:40:00+00:00,24469.15,24470.35,24464.35,24465.65,161,150,0
2025-09-19 05:45:00+00:00,24464.75,24467.75,24464.55,24464.55,158,150,0
2025-09-19 05:50:00+00:00,24464.75,24468.55,24464.75,24466.15,118,150,0
2025-09-19 05:55:00+00:00,24466.25,24468.55,24464.75,24467.35,136,150,0
2025-09-19 06:00:00+00:00,24467.55,24469.65,24465.55,24468.55,179,150,0
2025-09-19 06:05:00+00:00,24468.75,24476.45,24466.15,24476.35,197,150,0
2025-09-19 06:10:00+00:00,24476.45,24489.75,24475.55,24488.05,354,160,0
2025-09-19 06:15:00+00:00,24488.45,24490.25,24486.05,24487.55,272,160,0
2025-09-19 06:20:00+00:00,24486.95,24491.05,24482.05,24489.05,278,150,0
2025-09-19 06:25:00+00:00,24488.95,24491.85,24485.85,24489.35,299,150,0
2025-09-19 06:30:00+00:00,24489.55,24491.45,24481.65,24481.65,366,160,0
2025-09-19 06:35:00+00:00,24481.15,24484.35,24471.85,24482.75,363,160,0
2025-09-19 06:40:00+00:00,24482.45,24486.35,24479.55,24481.35,278,160,0
2025-09-19 06:45:00+00:00,24481.55,24487.05,24458.95,24471.55,896,160,0
2025-09-19 06:50:00+00:00,24471.35,24478.55,24464.45,24465.65,758,190,0
2025-09-19 06:55:00+00:00,24465.45,24467.95,24459.95,24467.75,560,180,0
2025-09-19 07:00:00+00:00,24467.85,24469.95,24448.15,24452.95,709,180,0
2025-09-19 07:05:00+00:00,24452.65,24462.05,24451.55,24455.95,583,180,0
2025-09-19 07:10:00+00:00,24456.25,24457.05,24444.65,24446.05,676,180,0
2025-09-19 07:15:00+00:00,24446.15,24454.15,24442.15,24443.85,779,180,0
2025-09-19 07:20:00+00:00,24443.15,24449.95,24436.95,24443.15,618,180,0
2025-09-19 07:25:00+00:00,24443.65,24461.05,24443.15,24460.45,668,170,0
2025-09-19 07:30:00+00:00,24460.55,24467.05,24457.95,24463.55,602,170,0
2025-09-19 07:35:00+00:00,24463.65,24468.95,24461.95,24467.45,439,160,0
2025-09-19 07:40:00+00:00,24466.85,24469.25,24464.45,24466.05,410,160,0
2025-09-19 07:45:00+00:00,24465.95,24470.65,24463.95,24470.55,294,150,0
2025-09-19 07:50:00+00:00,24470.25,24471.05,24466.55,24469.35,338,150,0
2025-09-19 07:55:00+00:00,24469.55,24477.75,24469.25,24475.35,345,150,0
2025-09-19 08:00:00+00:00,24475.55,24478.55,24472.25,24472.85,428,150,0
2025-09-19 08:05:00+00:00,24472.95,24474.25,24471.75,24473.05,327,150,0
2025-09-19 08:10:00+00:00,24473.25,24473.75,24464.95,24469.35,412,150,0
2025-09-19 08:15:00+00:00,24469.25,24470.55,24465.75,24469.95,374,160,0
2025-09-19 08:20:00+00:00,24470.05,24473.75,24469.05,24472.85,349,150,0
2025-09-19 08:25:00+00:00,24473.05,24475.75,24463.75,24463.75,343,150,0
2025-09-19 08:30:00+00:00,24463.05,24467.15,24456.75,24462.45,557,160,0
2025-09-19 08:35:00+00:00,24461.85,24468.95,24457.35,24468.55,404,160,0
2025-09-19 08:40:00+00:00,24468.85,24469.95,24453.65,24454.65,523,150,0
2025-09-19 08:45:00+00:00,24454.75,24458.45,24452.15,24456.05,384,170,0
2025-09-19 08:50:00+00:00,24456.15,24461.15,24452.25,24460.25,425,160,0
2025-09-19 08:55:00+00:00,24460.05,24464.35,24460.05,24460.95,376,160,0
2025-09-19 09:00:00+00:00,24461.35,24469.25,24456.05,24468.65,531,160,0
2025-09-19 09:05:00+00:00,24468.45,24471.25,24464.55,24468.05,511,170,0
2025-09-19 09:10:00+00:00,24468.25,24471.45,24465.05,24465.05,393,160,0
2025-09-19 09:15:00+00:00,24465.35,24468.25,24456.65,24458.75,481,160,0
2025-09-19 09:20:00+00:00,24457.95,24464.95,24434.45,24443.35,633,170,0
2025-09-19 09:25:00+00:00,24442.55,24445.75,24430.05,24443.15,640,180,0
2025-09-19 09:30:00+00:00,24443.45,24447.95,24435.65,24437.65,676,190,0
2025-09-19 09:35:00+00:00,24436.95,24456.85,24436.95,24456.65,558,180,0
2025-09-19 09:40:00+00:00,24457.25,24459.75,24450.65,24453.15,483,170,0
2025-09-19 09:45:00+00:00,24453.45,24454.75,24440.25,24444.95,451,170,0
2025-09-19 09:50:00+00:00,24445.25,24450.45,24435.95,24440.55,608,180,0
2025-09-19 09:55:00+00:00,24440.45,24444.15,24427.45,24427.45,536,170,0
2025-09-19 10:00:00+00:00,24426.95,24438.25,24421.45,24421.75,947,180,0
2025-09-19 10:05:00+00:00,24421.55,24424.85,24410.05,24419.45,884,190,0
2025-09-19 10:10:00+00:00,24419.65,24434.85,24418.55,24424.05,832,190,0
2025-09-19 10:15:00+00:00,24423.45,24435.25,24422.05,24433.85,722,190,0
2025-09-19 10:20:00+00:00,24433.35,24441.25,24431.15,24439.45,597,180,0
2025-09-19 10:25:00+00:00,24439.75,24446.75,24432.85,24442.75,571,170,0
2025-09-19 10:30:00+00:00,24442.95,24443.95,24435.35,24437.15,630,180,0
2025-09-19 10:35:00+00:00,24437.35,24440.15,24428.35,24438.75,604,180,0
2025-09-19 10:40:00+00:00,24438.95,24441.75,24434.75,24439.95,494,170,0
2025-09-19 10:45:00+00:00,24440.05,24440.05,24426.55,24430.25,496,170,0
2025-09-19 10:50:00+00:00,24430.45,24443.25,24428.15,24442.45,583,170,0
2025-09-19 10:55:00+00:00,24442.75,24445.45,24436.65,24440.75,490,170,0
2025-09-19 11:00:00+00:00,24439.05,24448.85,24435.55,24445.65,823,170,0
2025-09-19 11:05:00+00:00,24444.35,24452.35,24442.95,24452.35,619,180,0
2025-09-19 11:10:00+00:00,24452.15,24458.25,24450.95,24454.25,591,170,0
2025-09-19 11:15:00+00:00,24454.15,24460.85,24452.65,24458.45,556,160,0
2025-09-19 11:20:00+00:00,24458.95,24463.25,24457.05,24461.05,448,160,0
2025-09-19 11:25:00+00:00,24461.35,24466.15,24457.45,24464.55,490,160,0
2025-09-19 11:30:00+00:00,24464.75,24466.35,24462.25,24465.95,432,160,0
2025-09-19 11:35:00+00:00,24466.25,24469.75,24465.95,24467.05,403,160,0
2025-09-19 11:40:00+00:00,24466.95,24467.85,24457.85,24461.05,450,160,0
2025-09-19 11:45:00+00:00,24461.35,24461.85,24457.05,24457.25,380,160,0
2025-09-19 11:50:00+00:00,24457.55,24464.25,24456.55,24460.55,416,160,0
2025-09-19 11:55:00+00:00,24460.45,24463.45,24457.55,24460.55,476,160,0
2025-09-19 12:00:00+00:00,24460.95,24469.45,24458.05,24463.15,449,160,0
2025-09-19 12:05:00+00:00,24463.05,24470.15,24460.45,24466.45,418,160,0
2025-09-19 12:10:00+00:00,24466.25,24469.95,24460.95,24462.05,490,170,0
2025-09-19 12:15:00+00:00,24462.55,24470.45,24461.55,24469.85,403,160,0
2025-09-19 12:20:00+00:00,24469.95,24477.05,24468.05,24476.65,362,150,0
2025-09-19 12:25:00+00:00,24476.75,24478.75,24475.05,24475.85,382,150,0
2025-09-19 12:30:00+00:00,24476.55,24484.95,24473.85,24481.25,459,150,0
2025-09-19 12:35:00+00:00,24481.05,24484.65,24477.45,24483.85,361,150,0
2025-09-19 12:40:00+00:00,24483.95,24485.05,24479.05,24479.35,325,150,0
2025-09-19 12:45:00+00:00,24479.55,24483.05,24474.45,24476.15,504,150,0
2025-09-19 12:50:00+00:00,24476.45,24477.75,24461.15,24462.85,731,170,0
2025-09-19 12:55:00+00:00,24463.45,24468.25,24461.65,24462.05,564,170,0
2025-09-19 13:00:00+00:00,24462.25,24463.25,24455.75,24462.75,506,160,0
2025-09-19 13:05:00+00:00,24462.25,24466.75,24460.95,24465.45,491,160,0
2025-09-19 13:10:00+00:00,24465.05,24471.25,24461.45,24468.25,438,160,0
2025-09-19 13:15:00+00:00,24468.45,24482.65,24468.25,24476.05,479,170,0
2025-09-19 13:20:00+00:00,24476.25,24476.55,24466.45,24470.45,403,170,0
2025-09-19 13:25:00+00:00,24470.75,24481.25,24470.75,24478.05,416,160,0
2025-09-19 13:30:00+00:00,24477.95,24480.35,24474.05,24478.05,380,150,0
2025-09-19 13:35:00+00:00,24478.25,24486.95,24476.35,24482.05,380,160,0
2025-09-19 13:40:00+00:00,24481.75,24486.05,24478.75,24478.75,327,150,0
2025-09-19 13:45:00+00:00,24478.55,24482.05,24472.05,24472.75,322,150,0
2025-09-19 13:50:00+00:00,24472.55,24477.45,24471.25,24473.45,362,160,0
2025-09-19 13:55:00+00:00,24473.35,24482.95,24466.75,24479.65,473,160,0
2025-09-19 14:00:00+00:00,24479.55,24490.35,24477.75,24483.15,692,170,0
2025-09-19 14:05:00+00:00,24483.25,24485.95,24477.55,24478.05,499,170,0
2025-09-19 14:10:00+00:00,24478.25,24479.05,24468.15,24474.25,504,170,0
2025-09-19 14:15:00+00:00,24474.15,24477.45,24471.95,24475.85,433,150,0
2025-09-19 14:20:00+00:00,24475.55,24478.25,24471.45,24474.85,376,160,0
2025-09-19 14:25:00+00:00,24474.95,24479.85,24471.55,24478.25,405,160,0
2025-09-19 14:30:00+00:00,24477.75,24480.25,24471.95,24480.05,391,170,0
2025-09-19 14:35:00+00:00,24479.75,24485.35,24479.05,24485.25,399,160,0
2025-09-19 14:40:00+00:00,24485.35,24487.45,24477.05,24477.45,380,150,0
2025-09-19 14:45:00+00:00,24477.35,24485.45,24475.45,24483.75,454,150,0
2025-09-19 14:50:00+00:00,24483.55,24488.55,24483.45,24488.05,412,160,0
2025-09-19 14:55:00+00:00,24488.25,24491.25,24485.55,24491.25,390,150,0
2025-09-19 15:00:00+00:00,24490.95,24498.65,24486.75,24498.15,524,160,0
2025-09-19 15:05:00+00:00,24497.85,24499.65,24492.45,24493.95,497,160,0
2025-09-19 15:10:00+00:00,24493.75,24500.25,24493.45,24499.05,427,160,0
2025-09-19 15:15:00+00:00,24499.25,24500.75,24495.85,24497.95,358,150,0
2025-09-19 15:20:00+00:00,24498.25,24500.95,24494.25,24500.05,435,150,0
2025-09-19 15:25:00+00:00,24500.25,24509.85,24496.85,24506.45,442,160,0
2025-09-19 15:30:00+00:00,24506.65,24509.45,24500.25,24500.85,589,170,0
2025-09-19 15:35:00+00:00,24500.65,24506.65,24493.65,24500.85,622,170,0
2025-09-19 15:40:00+00:00,24501.15,24506.15,24491.35,24493.35,684,170,0
2025-09-19 15:45:00+00:00,24494.25,24503.95,24493.15,24503.65,518,170,0
2025-09-19 15:50:00+00:00,24503.45,24505.05,24490.35,24491.15,645,170,0
2025-09-19 15:55:00+00:00,24490.85,24498.15,24489.35,24493.15,650,170,0
2025-09-19 16:00:00+00:00,24493.35,24500.55,24490.15,24499.05,751,180,0
2025-09-19 16:05:00+00:00,24499.35,24507.15,24498.15,24504.15,545,170,0
2025-09-19 16:10:00+00:00,24503.95,24515.75,24503.95,24514.25,617,170,0
2025-09-19 16:15:00+00:00,24514.15,24520.75,24510.95,24512.85,803,170,0
2025-09-19 16:20:00+00:00,24512.55,24522.55,24510.35,24520.85,832,180,0
2025-09-19 16:25:00+00:00,24528.75,24539.45,24520.25,24524.95,1307,180,0
2025-09-19 16:30:00+00:00,24525.45,24538.95,24499.25,24506.45,1629,120,0
2025-09-19 16:35:00+00:00,24507.45,24516.75,24493.45,24508.15,1558,120,0
2025-09-19 16:40:00+00:00,24507.65,24537.15,24503.65,24521.05,1462,120,0
2025-09-19 16:45:00+00:00,24522.25,24553.55,24503.25,24546.55,1486,120,0
2025-09-19 16:50:00+00:00,24549.45,24570.75,24542.55,24557.65,1392,120,0
2025-09-19 16:55:00+00:00,24557.95,24567.65,24537.15,24546.15,1393,120,0
2025-09-19 17:00:00+00:00,24547.45,24559.95,24540.15,24554.45,1448,120,0
2025-09-19 17:05:00+00:00,24554.15,24562.15,24538.95,24542.15,1367,90,0
2025-09-19 17:10:00+00:00,24542.45,24555.95,24534.15,24544.65,1363,100,0
2025-09-19 17:15:00+00:00,24544.15,24545.45,24518.25,24522.65,1317,80,0
2025-09-19 17:20:00+00:00,24523.65,24541.95,24510.35,24537.75,1293,80,0
2025-09-19 17:25:00+00:00,24537.35,24555.35,24533.45,24537.85,1300,80,0
2025-09-19 17:30:00+00:00,24538.15,24544.75,24529.15,24538.85,1248,80,0
2025-09-19 17:35:00+00:00,24538.95,24544.45,24522.15,24527.85,1233,80,0
2025-09-19 17:40:00+00:00,24527.35,24527.85,24508.85,24509.15,1244,80,0
2025-09-19 17:45:00+00:00,24509.85,24515.35,24491.25,24512.15,1269,80,0
2025-09-19 17:50:00+00:00,24511.85,24533.05,24501.25,24515.55,1347,80,0
2025-09-19 17:55:00+00:00,24515.25,24525.25,24502.15,24519.35,1287,80,0
2025-09-19 18:00:00+00:00,24519.85,24533.85,24500.65,24500.85,1245,80,0
2025-09-19 18:05:00+00:00,24501.35,24507.15,24488.95,24497.35,1252,80,0
2025-09-19 18:10:00+00:00,24496.85,24502.35,24488.05,24490.65,1243,80,0
2025-09-19 18:15:00+00:00,24490.75,24494.85,24480.45,24493.65,1217,80,0
2025-09-19 18:20:00+00:00,24492.65,24504.55,24475.65,24494.65,1270,80,0
2025-09-19 18:25:00+00:00,24493.95,24496.45,24476.15,24482.85,1260,80,0
2025-09-19 18:30:00+00:00,24482.75,24482.95,24466.85,24480.25,1177,80,0
2025-09-19 18:35:00+00:00,24479.15,24490.65,24477.35,24483.15,1111,80,0
2025-09-19 18:40:00+00:00,24483.65,24509.45,24483.65,24502.65,1100,80,0
2025-09-19 18:45:00+00:00,24502.35,24507.85,24499.75,24504.65,1094,80,0
2025-09-19 18:50:00+00:00,24504.75,24522.25,24504.15,24520.65,1094,80,0
2025-09-19 18:55:00+00:00,24520.35,24529.65,24513.25,24527.35,1069,80,0
2025-09-19 19:00:00+00:00,24526.85,24553.45,24526.15,24550.65,1171,80,0
2025-09-19 19:05:00+00:00,24550.35,24561.35,24546.85,24552.85,1117,80,0
2025-09-19 19:10:00+00:00,24553.65,24567.25,24551.45,24561.85,1102,80,0
2025-09-19 19:15:00+00:00,24561.45,24569.15,24559.45,24564.35,1011,80,0
2025-09-19 19:20:00+00:00,24564.65,24577.65,24557.65,24567.35,998,80,0
2025-09-19 19:25:00+00:00,24566.95,24574.35,24564.35,24573.35,990,80,0
2025-09-19 19:30:00+00:00,24573.15,24578.65,24557.35,24561.85,1031,80,0
2025-09-19 19:35:00+00:00,24562.15,24573.15,24561.65,24565.35,913,80,0
2025-09-19 19:40:00+00:00,24565.45,24582.35,24565.35,24581.85,906,80,0
2025-09-19 19:45:00+00:00,24581.75,24590.15,24572.95,24581.15,984,80,0
2025-09-19 19:50:00+00:00,24581.25,24581.35,24571.85,24578.65,911,80,0
2025-09-19 19:55:00+00:00,24578.35,24581.85,24572.35,24576.95,851,80,0
2025-09-19 20:00:00+00:00,24577.15,24579.75,24573.15,24574.15,893,80,0
2025-09-19 20:05:00+00:00,24572.85,24574.85,24565.35,24566.85,907,80,0
2025-09-19 20:10:00+00:00,24566.95,24566.95,24560.15,24563.85,901,80,0
2025-09-19 20:15:00+00:00,24563.35,24566.15,24555.15,24556.75,883,80,0
2025-09-19 20:20:00+00:00,24556.65,24565.85,24553.95,24562.65,888,80,0
2025-09-19 20:25:00+00:00,24562.85,24562.85,24552.35,24561.35,898,80,0
2025-09-19 20:30:00+00:00,24561.85,24576.65,24560.75,24569.35,959,80,0
2025-09-19 20:35:00+00:00,24569.15,24572.75,24562.95,24572.35,831,80,0
2025-09-19 20:40:00+00:00,24572.25,24580.45,24569.15,24580.45,843,80,0
2025-09-19 20:45:00+00:00,24580.35,24584.35,24577.45,24581.35,799,80,0
2025-09-19 20:50:00+00:00,24581.15,24584.25,24572.95,24574.65,707,80,0
2025-09-19 20:55:00+00:00,24574.45,24574.95,24565.85,24571.85,713,80,0
2025-09-19 21:00:00+00:00,24571.95,24575.75,24564.85,24574.85,862,80,0
2025-09-19 21:05:00+00:00,24575.15,24576.35,24570.95,24574.75,747,80,0
2025-09-19 21:10:00+00:00,24574.35,24575.15,24569.65,24574.15,659,80,0
2025-09-19 21:15:00+00:00,24573.85,24577.15,24564.25,24566.95,788,80,0
2025-09-19 21:20:00+00:00,24567.15,24575.95,24565.35,24565.45,790,80,0
2025-09-19 21:25:00+00:00,24565.35,24567.75,24560.25,24566.35,836,80,0
2025-09-19 21:30:00+00:00,24566.25,24580.35,24564.95,24577.95,815,80,0
2025-09-19 21:35:00+00:00,24577.85,24580.95,24574.85,24579.15,800,80,0
2025-09-19 21:40:00+00:00,24578.85,24585.35,24576.15,24581.35,836,80,0
2025-09-19 21:45:00+00:00,24581.65,24582.65,24565.75,24567.65,835,80,0
2025-09-19 21:50:00+00:00,24567.85,24570.95,24563.35,24569.85,872,80,0
2025-09-19 21:55:00+00:00,24570.25,24581.15,24569.65,24580.85,882,80,0
2025-09-19 22:00:00+00:00,24580.75,24591.85,24577.35,24580.65,1002,80,0
2025-09-19 22:05:00+00:00,24580.15,24587.15,24578.85,24585.65,790,80,0
2025-09-19 22:10:00+00:00,24585.35,24591.85,24584.35,24591.45,790,80,0
2025-09-19 22:15:00+00:00,24591.35,24595.65,24587.35,24590.15,877,80,0
2025-09-19 22:20:00+00:00,24589.85,24590.15,24580.65,24587.25,858,80,0
2025-09-19 22:25:00+00:00,24587.35,24611.35,24586.85,24602.15,977,80,0
2025-09-19 22:30:00+00:00,24601.85,24603.35,24592.75,24598.35,935,80,0
2025-09-19 22:35:00+00:00,24598.25,24602.95,24594.65,24601.85,841,80,0
2025-09-19 22:40:00+00:00,24601.95,24602.15,24590.75,24591.85,927,80,0
2025-09-19 22:45:00+00:00,24591.75,24603.15,24590.95,24599.65,965,80,0
2025-09-19 22:50:00+00:00,24603.45,24629.65,24603.45,24627.95,1316,80,0
2025-09-19 22:55:00+00:00,24627.15,24642.95,24612.25,24615.25,1374,90,0
2025-09-19 23:00:00+00:00,24615.36,24634.16,24608.16,24631.26,1092,138,0
2025-09-19 23:05:00+00:00,24631.16,24631.16,24624.86,24628.66,708,188,0
2025-09-19 23:10:00+00:00,24628.46,24630.96,24621.06,24625.36,643,188,0
2025-09-19 23:15:00+00:00,24625.46,24625.46,24615.96,24623.16,510,178,0
2025-09-19 23:20:00+00:00,24623.26,24628.16,24619.66,24627.86,437,178,0
2025-09-19 23:25:00+00:00,24627.66,24628.86,24621.76,24623.86,399,168,0
2025-09-19 23:30:00+00:00,24623.96,24633.46,24622.36,24632.16,362,178,0
2025-09-19 23:35:00+00:00,24631.76,24632.16,24627.36,24628.66,289,168,0
2025-09-19 23:40:00+00:00,24628.96,24630.96,24623.26,24623.56,301,168,0
2025-09-19 23:45:00+00:00,24623.76,24626.66,24615.76,24616.46,275,168,0
2025-09-22 01:05:00+00:00,24598.96,24599.46,24585.76,24586.06,643,198,0
2025-09-22 01:10:00+00:00,24586.16,24589.46,24580.56,24581.86,395,188,0
2025-09-22 01:15:00+00:00,24582.06,24584.66,24577.16,24583.16,338,178,0
2025-09-22 01:20:00+00:00,24583.06,24587.76,24578.66,24585.86,361,178,0
2025-09-22 01:25:00+00:00,24586.36,24593.16,24585.26,24591.46,279,178,0
2025-09-22 01:30:00+00:00,24591.06,24599.56,24588.36,24596.76,278,178,0
2025-09-22 01:35:00+00:00,24597.46,24604.86,24595.96,24600.06,403,188,0
2025-09-22 01:40:00+00:00,24598.86,24604.16,24595.86,24602.56,254,178,0
2025-09-22 01:45:00+00:00,24602.46,24608.16,24598.36,24598.76,302,178,0
2025-09-22 01:50:00+00:00,24599.06,24603.96,24597.56,24603.36,191,168,0
2025-09-22 01:55:00+00:00,24603.26,24603.46,24598.46,24599.66,155,168,0
2025-09-22 02:00:00+00:00,24600.16,24602.85,24599.85,24600.45,126,150,0
2025-09-22 02:05:00+00:00,24600.25,24603.85,24595.85,24599.45,209,150,0
2025-09-22 02:10:00+00:00,24599.65,24604.35,24596.75,24601.45,145,150,0
2025-09-22 02:15:00+00:00,24601.35,24601.95,24598.15,24600.95,144,150,0
2025-09-22 02:20:00+00:00,24601.25,24602.45,24594.55,24597.75,145,150,0
2025-09-22 02:25:00+00:00,24598.75,24602.55,24595.95,24601.45,146,150,0
2025-09-22 02:30:00+00:00,24601.35,24601.95,24595.75,24596.55,113,150,0
2025-09-22 02:35:00+00:00,24596.95,24600.95,24595.95,24598.45,116,150,0
2025-09-22 02:40:00+00:00,24597.75,24600.05,24595.25,24599.35,118,150,0
2025-09-22 02:45:00+00:00,24598.75,24602.45,24595.75,24598.45,248,150,0
2025-09-22 02:50:00+00:00,24598.65,24603.05,24595.85,24601.65,262,160,0
2025-09-22 02:55:00+00:00,24601.45,24602.35,24598.65,24601.55,175,150,0
2025-09-22 03:00:00+00:00,24601.25,24612.35,24596.55,24610.15,610,150,0
2025-09-22 03:05:00+00:00,24609.25,24616.55,24606.75,24613.05,485,180,0
2025-09-22 03:10:00+00:00,24612.85,24624.15,24612.85,24619.75,509,170,0
2025-09-22 03:15:00+00:00,24619.25,24625.75,24612.25,24623.65,576,170,0
2025-09-22 03:20:00+00:00,24624.15,24624.75,24617.55,24621.45,414,160,0
2025-09-22 03:25:00+00:00,24621.55,24624.05,24615.15,24618.75,339,160,0
2025-09-22 03:30:00+00:00,24618.25,24618.45,24602.35,24609.45,488,160,0
2025-09-22 03:35:00+00:00,24609.25,24610.95,24604.85,24610.45,367,160,0
2025-09-22 03:40:00+00:00,24609.95,24612.15,24606.95,24606.95,354,160,0
2025-09-22 03:45:00+00:00,24607.25,24608.45,24598.95,24599.75,439,160,0
2025-09-22 03:50:00+00:00,24599.95,24599.95,24590.75,24591.35,519,160,0
2025-09-22 03:55:00+00:00,24591.45,24592.15,24578.45,24581.85,592,170,0
2025-09-22 04:00:00+00:00,24582.95,24592.65,24579.55,24590.35,595,180,0
2025-09-22 04:05:00+00:00,24590.15,24599.45,24590.15,24597.85,438,170,0
2025-09-22 04:10:00+00:00,24597.75,24602.25,24595.95,24599.75,359,150,0
2025-09-22 04:15:00+00:00,24600.45,24600.75,24593.05,24595.45,381,150,0
2025-09-22 04:20:00+00:00,24595.25,24595.55,24591.25,24591.55,293,150,0
2025-09-22 04:25:00+00:00,24591.75,24594.05,24589.35,24589.35,296,150,0
2025-09-22 04:30:00+00:00,24589.75,24595.15,24582.55,24593.45,494,150,0
2025-09-22 04:35:00+00:00,24593.55,24596.75,24587.05,24591.45,465,160,0
2025-09-22 04:40:00+00:00,24591.75,24593.55,24586.75,24588.45,427,160,0
2025-09-22 04:45:00+00:00,24588.75,24592.95,24585.05,24587.05,429,160,0
2025-09-22 04:50:00+00:00,24586.95,24596.05,24586.95,24596.05,269,150,0
2025-09-22 04:55:00+00:00,24595.95,24596.35,24590.05,24594.65,350,150,0
2025-09-22 05:00:00+00:00,24594.75,24598.55,24594.45,24596.45,371,150,0
2025-09-22 05:05:00+00:00,24596.55,24596.65,24592.35,24593.45,310,150,0
2025-09-22 05:10:00+00:00,24593.55,24599.45,24592.85,24597.35,264,150,0
2025-09-22 05:15:00+00:00,24597.05,24598.85,24594.55,24596.55,306,150,0
2025-09-22 05:20:00+00:00,24596.85,24602.75,24594.45,24599.05,282,150,0
2025-09-22 05:25:00+00:00,24599.25,24601.75,24596.55,24596.55,355,150,0
2025-09-22 05:30:00+00:00,24596.65,24599.75,24596.05,24598.75,263,150,0
2025-09-22 05:35:00+00:00,24598.55,24601.45,24597.05,24601.05,239,150,0
2025-09-22 05:40:00+00:00,24600.95,24602.85,24597.05,24599.75,214,150,0
2025-09-22 05:45:00+00:00,24599.85,24602.85,24599.85,24601.35,195,150,0
2025-09-22 05:50:00+00:00,24601.25,24602.55,24600.55,24600.85,189,150,0
2025-09-22 05:55:00+00:00,24601.75,24604.85,24601.35,24602.55,193,150,0
2025-09-22 06:00:00+00:00,24602.85,24603.25,24599.55,24600.45,174,150,0
2025-09-22 06:05:00+00:00,24600.75,24602.05,24591.85,24593.35,272,150,0
2025-09-22 06:10:00+00:00,24593.05,24597.05,24591.55,24594.15,241,150,0
2025-09-22 06:15:00+00:00,24593.95,24600.75,24593.75,24598.55,276,150,0
2025-09-22 06:20:00+00:00,24597.85,24609.55,24596.95,24608.85,297,150,0
2025-09-22 06:25:00+00:00,24608.55,24609.55,24605.15,24609.45,246,150,0
2025-09-22 06:30:00+00:00,24609.75,24612.05,24607.95,24607.95,295,150,0
2025-09-22 06:35:00+00:00,24607.85,24608.95,24606.35,24607.95,190,150,0
2025-09-22 06:40:00+00:00,24608.05,24608.95,24606.05,24608.95,158,150,0
2025-09-22 06:45:00+00:00,24609.05,24611.55,24608.05,24610.45,194,150,0
2025-09-22 06:50:00+00:00,24610.55,24614.25,24609.45,24613.95,158,150,0
2025-09-22 06:55:00+00:00,24614.05,24614.75,24607.25,24609.05,141,150,0
2025-09-22 07:00:00+00:00,24608.85,24609.25,24605.85,24607.95,186,150,0
2025-09-22 07:05:00+00:00,24607.45,24609.75,24605.75,24606.35,148,150,0
2025-09-22 07:10:00+00:00,24606.25,24607.25,24603.05,24603.75,205,150,0
2025-09-22 07:15:00+00:00,24603.95,24606.05,24603.45,24604.25,145,150,0
2025-09-22 07:20:00+00:00,24604.35,24605.75,24602.45,24604.25,165,150,0
2025-09-22 07:25:00+00:00,24604.05,24606.05,24602.45,24603.55,138,150,0
2025-09-22 07:30:00+00:00,24604.25,24606.05,24602.25,24605.35,147,150,0
2025-09-22 07:35:00+00:00,24605.25,24605.75,24601.95,24604.05,152,150,0
2025-09-22 07:40:00+00:00,24604.25,24604.35,24599.45,24600.35,134,150,0
2025-09-22 07:45:00+00:00,24600.45,24601.85,24598.75,24600.25,153,150,0
2025-09-22 07:50:00+00:00,24600.05,24603.35,24599.45,24600.45,132,150,0
2025-09-22 07:55:00+00:00,24600.25,24602.85,24600.25,24602.35,113,150,0
2025-09-22 08:00:00+00:00,24602.45,24605.85,24601.95,24603.05,261,150,0
2025-09-22 08:05:00+00:00,24602.85,24606.25,24601.05,24605.95,207,150,0
2025-09-22 08:10:00+00:00,24606.05,24610.75,24605.85,24610.35,209,150,0
2025-09-22 08:15:00+00:00,24610.45,24611.95,24601.05,24601.05,215,150,0
2025-09-22 08:20:00+00:00,24600.75,24605.55,24599.25,24604.25,294,150,0
2025-09-22 08:25:00+00:00,24604.05,24606.95,24601.45,24601.95,247,150,0
2025-09-22 08:30:00+00:00,24602.05,24603.75,24597.85,24600.55,313,150,0
2025-09-22 08:35:00+00:00,24600.45,24602.95,24597.95,24600.55,248,150,0
2025-09-22 08:40:00+00:00,24600.85,24601.05,24597.05,24597.35,208,150,0
2025-09-22 08:45:00+00:00,24597.05,24598.05,24593.85,24596.55,224,150,0
2025-09-22 08:50:00+00:00,24596.75,24600.05,24591.35,24595.25,237,150,0
2025-09-22 08:55:00+00:00,24595.75,24595.75,24590.85,24591.25,216,150,0
2025-09-22 09:00:00+00:00,24591.75,24597.45,24589.05,24595.25,501,150,0
2025-09-22 09:05:00+00:00,24595.15,24596.95,24579.45,24579.45,502,170,0
2025-09-22 09:10:00+00:00,24579.75,24580.95,24572.45,24579.45,451,170,0
2025-09-22 09:15:00+00:00,24579.25,24579.85,24573.25,24576.85,437,170,0
2025-09-22 09:20:00+00:00,24576.25,24582.25,24575.35,24581.65,390,160,0
2025-09-22 09:25:00+00:00,24581.25,24584.55,24578.45,24582.75,445,160,0
2025-09-22 09:30:00+00:00,24582.65,24587.25,24582.65,24585.75,358,150,0
2025-09-22 09:35:00+00:00,24586.35,24587.35,24578.85,24579.45,326,150,0
2025-09-22 09:40:00+00:00,24579.05,24579.55,24567.25,24574.35,459,150,0
2025-09-22 09:45:00+00:00,24574.45,24575.15,24571.35,24572.75,303,150,0
2025-09-22 09:50:00+00:00,24572.45,24575.75,24568.05,24574.65,345,150,0
2025-09-22 09:55:00+00:00,24574.55,24577.15,24566.45,24568.15,402,160,0
2025-09-22 10:00:00+00:00,24568.35,24581.05,24565.05,24577.35,813,180,0
2025-09-22 10:05:00+00:00,24577.55,24580.55,24559.55,24560.35,691,170,0
2025-09-22 10:10:00+00:00,24560.25,24561.55,24548.75,24554.75,752,190,0
2025-09-22 10:15:00+00:00,24554.65,24556.45,24532.15,24533.15,801,180,0
2025-09-22 10:20:00+00:00,24532.55,24541.55,24501.05,24504.45,1007,190,0
2025-09-22 10:25:00+00:00,24504.15,24512.25,24498.75,24508.55,857,210,0
2025-09-22 10:30:00+00:00,24508.15,24524.85,24507.65,24512.55,800,190,0
2025-09-22 10:35:00+00:00,24512.75,24528.35,24510.65,24526.85,635,180,0
2025-09-22 10:40:00+00:00,24525.85,24535.35,24523.65,24534.65,591,170,0
2025-09-22 10:45:00+00:00,24533.75,24537.85,24530.45,24533.45,543,170,0
2025-09-22 10:50:00+00:00,24533.35,24548.25,24531.75,24538.05,638,170,0
2025-09-22 10:55:00+00:00,24537.95,24541.85,24531.85,24535.55,590,180,0
2025-09-22 11:00:00+00:00,24535.45,24544.65,24528.85,24539.65,936,180,0
2025-09-22 11:05:00+00:00,24539.55,24546.45,24536.75,24545.85,737,180,0
2025-09-22 11:10:00+00:00,24545.55,24565.15,24544.65,24559.05,766,180,0
2025-09-22 11:15:00+00:00,24558.95,24574.05,24557.55,24573.55,708,170,0
2025-09-22 11:20:00+00:00,24573.65,24574.15,24560.85,24562.65,590,170,0
2025-09-22 11:25:00+00:00,24562.75,24569.95,24558.95,24559.45,536,170,0
2025-09-22 11:30:00+00:00,24559.75,24567.15,24557.35,24563.05,524,170,0
2025-09-22 11:35:00+00:00,24562.95,24564.95,24561.15,24561.15,383,170,0
2025-09-22 11:40:00+00:00,24561.25,24563.35,24557.55,24560.45,393,160,0
2025-09-22 11:45:00+00:00,24560.65,24561.65,24552.45,24553.05,426,160,0
2025-09-22 11:50:00+00:00,24552.95,24554.15,24544.65,24545.85,504,160,0
2025-09-22 11:55:00+00:00,24545.65,24546.15,24530.05,24531.65,636,170,0
2025-09-22 12:00:00+00:00,24532.05,24542.35,24527.65,24529.75,547,180,0
2025-09-22 12:05:00+00:00,24529.85,24531.05,24513.55,24516.25,680,190,0
2025-09-22 12:10:00+00:00,24516.55,24522.65,24511.15,24512.05,535,180,0
2025-09-22 12:15:00+00:00,24512.35,24534.55,24511.95,24528.35,684,180,0
2025-09-22 12:20:00+00:00,24528.05,24533.45,24525.65,24529.05,536,180,0
2025-09-22 12:25:00+00:00,24528.95,24536.95,24527.85,24534.35,514,180,0
2025-09-22 12:30:00+00:00,24534.45,24537.25,24529.95,24534.75,496,160,0
2025-09-22 12:35:00+00:00,24534.65,24535.45,24524.25,24527.15,399,160,0
2025-09-22 12:40:00+00:00,24526.45,24529.35,24523.65,24526.65,327,160,0
2025-09-22 12:45:00+00:00,24527.25,24529.45,24523.95,24526.15,307,160,0
2025-09-22 12:50:00+00:00,24526.05,24532.65,24525.45,24531.15,422,160,0
2025-09-22 12:55:00+00:00,24531.25,24535.05,24527.65,24535.05,455,160,0
2025-09-22 13:00:00+00:00,24534.95,24535.75,24527.45,24533.85,495,160,0
2025-09-22 13:05:00+00:00,24534.15,24544.15,24532.85,24541.75,429,160,0
2025-09-22 13:10:00+00:00,24541.55,24546.25,24541.55,24546.25,424,160,0
2025-09-22 13:15:00+00:00,24546.15,24553.75,24543.65,24551.65,373,160,0
2025-09-22 13:20:00+00:00,24551.75,24555.25,24550.05,24554.45,405,160,0
2025-09-22 13:25:00+00:00,24554.55,24557.85,24549.75,24550.55,389,150,0
2025-09-22 13:30:00+00:00,24550.85,24556.55,24544.95,24547.85,413,150,0
2025-09-22 13:35:00+00:00,24548.15,24548.45,24539.55,24548.45,431,160,0
2025-09-22 13:40:00+00:00,24548.55,24549.95,24538.85,24540.75,382,160,0
2025-09-22 13:45:00+00:00,24540.95,24547.45,24540.05,24547.45,352,160,0
2025-09-22 13:50:00+00:00,24547.05,24547.15,24530.75,24535.25,488,160,0
2025-09-22 13:55:00+00:00,24534.95,24535.85,24522.55,24525.75,430,160,0
2025-09-22 14:00:00+00:00,24525.25,24531.85,24518.55,24531.25,673,160,0
2025-09-22 14:05:00+00:00,24531.85,24537.95,24525.35,24537.45,490,170,0
2025-09-22 14:10:00+00:00,24537.35,24538.95,24527.75,24528.05,495,160,0
2025-09-22 14:15:00+00:00,24528.25,24531.65,24526.15,24527.15,452,160,0
2025-09-22 14:20:00+00:00,24527.65,24535.25,24522.95,24522.95,458,170,0
2025-09-22 14:25:00+00:00,24523.35,24530.85,24519.65,24527.35,467,170,0
2025-09-22 14:30:00+00:00,24526.95,24535.35,24523.85,24534.95,424,170,0
2025-09-22 14:35:00+00:00,24535.45,24536.65,24523.45,24523.95,419,160,0
2025-09-22 14:40:00+00:00,24524.15,24531.65,24520.75,24527.85,410,170,0
2025-09-22 14:45:00+00:00,24527.65,24530.85,24522.65,24525.95,443,170,0
2025-09-22 14:50:00+00:00,24525.85,24529.55,24519.95,24528.15,433,170,0
2025-09-22 14:55:00+00:00,24527.65,24539.95,24527.25,24539.55,451,160,0
2025-09-22 15:00:00+00:00,24539.45,24539.65,24527.65,24528.35,503,160,0
2025-09-22 15:05:00+00:00,24527.55,24528.85,24521.95,24525.25,479,170,0
2025-09-22 15:10:00+00:00,24525.85,24526.45,24517.95,24518.95,467,160,0
2025-09-22 15:15:00+00:00,24518.75,24526.55,24517.25,24522.95,539,160,0
2025-09-22 15:20:00+00:00,24522.75,24530.55,24521.55,24528.65,523,170,0
2025-09-22 15:25:00+00:00,24528.75,24529.35,24520.55,24520.55,471,160,0
2025-09-22 15:30:00+00:00,24520.45,24528.85,24516.45,24526.65,594,160,0
2025-09-22 15:35:00+00:00,24526.85,24535.95,24525.15,24535.75,592,170,0
2025-09-22 15:40:00+00:00,24535.65,24550.05,24534.85,24544.45,638,160,0
2025-09-22 15:45:00+00:00,24544.95,24556.15,24544.65,24552.45,581,170,0
2025-09-22 15:50:00+00:00,24552.75,24554.15,24545.15,24545.75,504,170,0
2025-09-22 15:55:00+00:00,24545.25,24549.75,24544.35,24548.95,490,160,0
2025-09-22 16:00:00+00:00,24548.75,24549.35,24535.55,24547.75,862,170,0
2025-09-22 16:05:00+00:00,24547.65,24555.85,24547.35,24552.25,606,170,0
2025-09-22 16:10:00+00:00,24551.75,24558.45,24549.75,24550.25,573,160,0
2025-09-22 16:15:00+00:00,24550.55,24561.25,24548.25,24561.25,588,160,0
2025-09-22 16:20:00+00:00,24561.65,24566.05,24558.15,24565.25,512,160,0
2025-09-22 16:25:00+00:00,24561.05,24572.15,24559.95,24565.85,802,160,0
2025-09-22 16:30:00+00:00,24567.15,24606.75,24566.65,24600.95,1484,80,0
2025-09-22 16:35:00+00:00,24600.45,24607.25,24580.95,24584.85,1437,120,0
2025-09-22 16:40:00+00:00,24584.95,24599.25,24572.25,24597.65,1365,120,0
2025-09-22 16:45:00+00:00,24597.75,24615.85,24591.75,24608.35,1318,80,0
2025-09-22 16:50:00+00:00,24608.45,24629.45,24606.05,24627.95,1220,80,0
2025-09-22 16:55:00+00:00,24628.05,24630.95,24609.05,24623.45,1259,80,0
2025-09-22 17:00:00+00:00,24622.95,24634.95,24616.45,24624.95,1279,80,0
2025-09-22 17:05:00+00:00,24625.15,24637.65,24624.35,24629.65,1147,80,0
2025-09-22 17:10:00+00:00,24629.95,24630.15,24605.65,24613.85,1246,80,0
2025-09-22 17:15:00+00:00,24614.15,24629.35,24609.45,24623.45,1159,80,0
2025-09-22 17:20:00+00:00,24623.95,24642.45,24623.35,24641.15,1129,80,0
2025-09-22 17:25:00+00:00,24640.95,24656.05,24635.45,24654.45,1161,80,0
2025-09-22 17:30:00+00:00,24654.15,24655.45,24640.95,24648.15,1150,80,0
2025-09-22 17:35:00+00:00,24647.15,24659.65,24645.95,24658.65,1142,80,0
2025-09-22 17:40:00+00:00,24658.95,24671.95,24658.95,24668.95,1104,80,0
2025-09-22 17:45:00+00:00,24669.05,24676.45,24664.85,24666.15,1113,80,0
2025-09-22 17:50:00+00:00,24666.95,24681.65,24664.65,24670.65,1101,80,0
2025-09-22 17:55:00+00:00,24670.55,24679.85,24669.35,24677.15,1000,80,0
2025-09-22 18:00:00+00:00,24675.05,24688.35,24668.15,24669.45,1122,80,0
2025-09-22 18:05:00+00:00,24669.55,24675.05,24664.15,24672.95,1099,80,0
2025-09-22 18:10:00+00:00,24672.45,24675.35,24658.65,24660.15,1082,80,0
2025-09-22 18:15:00+00:00,24659.65,24665.65,24655.45,24657.95,1058,80,0
2025-09-22 18:20:00+00:00,24658.05,24669.05,24655.45,24667.95,1092,80,0
2025-09-22 18:25:00+00:00,24668.35,24674.15,24663.05,24670.15,1013,80,0
2025-09-22 18:30:00+00:00,24670.85,24676.45,24652.45,24652.45,1094,80,0
2025-09-22 18:35:00+00:00,24653.45,24665.85,24648.35,24661.45,1135,80,0
2025-09-22 18:40:00+00:00,24661.95,24666.45,24655.85,24657.85,977,80,0
2025-09-22 18:45:00+00:00,24658.15,24665.85,24658.15,24664.15,981,80,0
2025-09-22 18:50:00+00:00,24664.65,24669.85,24659.55,24665.05,1021,80,0
2025-09-22 18:55:00+00:00,24665.15,24666.05,24658.15,24661.95,972,80,0
2025-09-22 19:00:00+00:00,24661.85,24677.05,24660.95,24670.95,1207,80,0
2025-09-22 19:05:00+00:00,24670.45,24691.85,24661.45,24688.45,1220,80,0
2025-09-22 19:10:00+00:00,24688.95,24705.05,24685.65,24705.05,1234,80,0
2025-09-22 19:15:00+00:00,24705.45,24718.45,24701.55,24705.15,1227,80,0
2025-09-22 19:20:00+00:00,24705.95,24720.05,24701.15,24710.55,1240,80,0
2025-09-22 19:25:00+00:00,24710.15,24725.55,24706.45,24723.15,1256,80,0
2025-09-22 19:30:00+00:00,24723.35,24735.35,24720.45,24735.35,1186,80,0
2025-09-22 19:35:00+00:00,24735.45,24737.05,24727.85,24735.95,1173,80,0
2025-09-22 19:40:00+00:00,24736.05,24743.55,24730.15,24732.15,1145,80,0
2025-09-22 19:45:00+00:00,24732.45,24734.95,24726.45,24730.45,1175,80,0
2025-09-22 19:50:00+00:00,24730.65,24743.45,24730.65,24739.65,1074,80,0
2025-09-22 19:55:00+00:00,24739.45,24744.35,24733.65,24737.15,1043,80,0
2025-09-22 20:00:00+00:00,24737.05,24744.85,24734.35,24744.25,1071,80,0
2025-09-22 20:05:00+00:00,24744.15,24744.15,24735.85,24740.85,1120,80,0
2025-09-22 20:10:00+00:00,24740.95,24744.45,24729.85,24731.95,1088,80,0
2025-09-22 20:15:00+00:00,24732.35,24739.85,24725.35,24727.85,1221,80,0
2025-09-22 20:20:00+00:00,24727.75,24743.15,24727.15,24738.75,1075,80,0
2025-09-22 20:25:00+00:00,24738.85,24744.15,24737.25,24740.45,1042,80,0
2025-09-22 20:30:00+00:00,24740.15,24746.25,24733.25,24733.45,1103,80,0
2025-09-22 20:35:00+00:00,24733.15,24743.35,24729.85,24741.65,1035,80,0
2025-09-22 20:40:00+00:00,24741.25,24748.35,24735.25,24748.25,1052,80,0
2025-09-22 20:45:00+00:00,24748.15,24752.35,24743.15,24747.95,1066,80,0
2025-09-22 20:50:00+00:00,24748.15,24751.15,24743.25,24743.95,920,80,0
2025-09-22 20:55:00+00:00,24743.85,24745.65,24735.15,24740.65,941,80,0
2025-09-22 21:00:00+00:00,24740.25,24745.75,24738.45,24745.25,1017,80,0
2025-09-22 21:05:00+00:00,24745.15,24749.35,24741.45,24746.75,1034,80,0
2025-09-22 21:10:00+00:00,24746.85,24754.65,24745.65,24752.65,993,80,0
2025-09-22 21:15:00+00:00,24752.45,24765.45,24750.95,24759.35,1041,80,0
2025-09-22 21:20:00+00:00,24759.25,24762.25,24750.65,24754.25,969,80,0
2025-09-22 21:25:00+00:00,24754.35,24761.65,24752.45,24761.45,867,80,0
2025-09-22 21:30:00+00:00,24761.15,24768.25,24759.15,24761.75,894,80,0
2025-09-22 21:35:00+00:00,24761.85,24768.45,24760.15,24767.35,877,80,0
2025-09-22 21:40:00+00:00,24767.45,24767.95,24760.95,24763.85,774,80,0
2025-09-22 21:45:00+00:00,24763.95,24770.35,24761.75,24761.85,811,80,0
2025-09-22 21:50:00+00:00,24761.75,24765.45,24755.75,24757.75,798,80,0
2025-09-22 21:55:00+00:00,24757.65,24766.65,24755.45,24764.45,867,80,0
2025-09-22 22:00:00+00:00,24764.75,24767.65,24760.25,24762.45,850,80,0
2025-09-22 22:05:00+00:00,24762.25,24767.95,24761.35,24767.15,773,80,0
2025-09-22 22:10:00+00:00,24766.95,24775.25,24764.25,24774.75,893,80,0
2025-09-22 22:15:00+00:00,24774.65,24778.95,24763.95,24768.95,955,80,0
2025-09-22 22:20:00+00:00,24768.75,24771.95,24763.75,24768.45,941,80,0
2025-09-22 22:25:00+00:00,24768.25,24770.85,24763.45,24768.95,872,80,0
2025-09-22 22:30:00+00:00,24769.25,24770.95,24762.35,24762.95,902,80,0
2025-09-22 22:35:00+00:00,24763.45,24763.65,24745.65,24749.35,1078,80,0
2025-09-22 22:40:00+00:00,24748.95,24756.35,24741.75,24744.75,1022,80,0
2025-09-22 22:45:00+00:00,24745.15,24756.25,24742.85,24755.95,1046,80,0
2025-09-22 22:50:00+00:00,24756.25,24765.65,24743.55,24753.35,1174,80,0
2025-09-22 22:55:00+00:00,24752.85,24767.95,24750.45,24751.75,1288,80,0
2025-09-22 23:00:00+00:00,24749.76,24752.26,24737.06,24750.36,981,98,0
2025-09-22 23:05:00+00:00,24750.16,24750.16,24736.46,24737.36,634,178,0
2025-09-22 23:10:00+00:00,24737.46,24740.36,24732.96,24739.26,680,178,0
2025-09-22 23:15:00+00:00,24739.56,24744.26,24737.26,24740.96,421,178,0
2025-09-22 23:20:00+00:00,24740.86,24743.36,24738.26,24741.16,267,168,0
2025-09-22 23:25:00+00:00,24741.06,24742.76,24739.66,24741.06,182,168,0
2025-09-22 23:30:00+00:00,24741.16,24745.36,24739.56,24743.66,355,168,0
2025-09-22 23:35:00+00:00,24743.56,24747.56,24743.16,24745.56,257,168,0
2025-09-22 23:40:00+00:00,24745.76,24747.56,24743.86,24744.56,235,168,0
2025-09-22 23:45:00+00:00,24744.36,24747.26,24742.66,24747.16,243,168,0
2025-09-23 01:05:00+00:00,24751.66,24757.16,24745.46,24746.76,178,178,0
2025-09-23 01:10:00+00:00,24746.56,24746.76,24739.76,24742.76,192,178,0
2025-09-23 01:15:00+00:00,24742.66,24745.86,24740.06,24744.06,208,168,0
2025-09-23 01:20:00+00:00,24744.36,24744.86,24737.36,24737.96,225,168,0
2025-09-23 01:25:00+00:00,24738.36,24742.56,24737.56,24737.66,175,168,0
2025-09-23 01:30:00+00:00,24738.06,24739.46,24736.46,24737.66,204,168,0
2025-09-23 01:35:00+00:00,24736.36,24738.16,24733.56,24737.06,151,168,0
2025-09-23 01:40:00+00:00,24737.46,24739.96,24734.56,24735.26,137,168,0
2025-09-23 01:45:00+00:00,24734.76,24736.66,24732.36,24732.96,123,168,0
2025-09-23 01:50:00+00:00,24733.16,24738.36,24731.86,24738.36,180,168,0
2025-09-23 01:55:00+00:00,24738.46,24745.76,24736.76,24744.36,193,168,0
2025-09-23 02:00:00+00:00,24744.46,24750.65,24743.15,24750.35,222,150,0
2025-09-23 02:05:00+00:00,24750.25,24750.45,24744.95,24746.65,189,150,0
2025-09-23 02:10:00+00:00,24746.95,24747.35,24742.45,24744.25,151,150,0
2025-09-23 02:15:00+00:00,24744.35,24748.75,24742.55,24744.75,141,150,0
2025-09-23 02:20:00+00:00,24744.85,24746.75,24742.55,24745.75,133,150,0
2025-09-23 02:25:00+00:00,24746.75,24750.35,24745.45,24750.05,145,150,0
2025-09-23 02:30:00+00:00,24750.25,24752.35,24748.25,24752.25,97,150,0
2025-09-23 02:35:00+00:00,24752.35,24756.85,24750.05,24751.95,184,150,0
2025-09-23 02:40:00+00:00,24751.85,24756.55,24750.75,24754.55,121,150,0
2025-09-23 02:45:00+00:00,24754.05,24760.45,24753.25,24759.15,196,150,0
2025-09-23 02:50:00+00:00,24759.05,24759.45,24756.55,24757.45,146,150,0
2025-09-23 02:55:00+00:00,24757.75,24758.75,24754.85,24754.85,131,150,0
2025-09-23 03:00:00+00:00,24755.85,24759.05,24749.25,24758.35,277,150,0
2025-09-23 03:05:00+00:00,24758.25,24759.45,24750.45,24750.45,237,150,0
2025-09-23 03:10:00+00:00,24750.65,24751.45,24743.65,24747.45,299,150,0
2025-09-23 03:15:00+00:00,24748.05,24754.05,24746.95,24752.45,246,150,0
2025-09-23 03:20:00+00:00,24752.35,24755.05,24747.05,24748.55,179,150,0
2025-09-23 03:25:00+00:00,24748.05,24748.75,24744.85,24746.95,177,150,0
2025-09-23 03:30:00+00:00,24746.75,24751.75,24746.05,24747.25,236,150,0
2025-09-23 03:35:00+00:00,24747.35,24751.75,24746.95,24749.75,180,150,0
2025-09-23 03:40:00+00:00,24749.45,24751.85,24748.85,24751.85,154,150,0
2025-09-23 03:45:00+00:00,24751.95,24755.85,24749.85,24754.25,199,150,0
2025-09-23 03:50:00+00:00,24754.05,24760.05,24750.75,24751.25,201,150,0
2025-09-23 03:55:00+00:00,24750.85,24751.55,24745.85,24746.75,204,150,0
2025-09-23 04:00:00+00:00,24746.85,24750.85,24742.85,24748.25,385,150,0
2025-09-23 04:05:00+00:00,24748.15,24751.95,24745.75,24749.45,305,150,0
2025-09-23 04:10:00+00:00,24749.55,24756.55,24749.15,24753.25,277,150,0
2025-09-23 04:15:00+00:00,24752.95,24759.55,24751.95,24758.05,243,150,0
2025-09-23 04:20:00+00:00,24758.25,24758.55,24753.05,24755.05,244,150,0
2025-09-23 04:25:00+00:00,24755.45,24761.55,24755.35,24758.95,229,150,0
2025-09-23 04:30:00+00:00,24759.25,24761.25,24756.65,24760.55,308,150,0
2025-09-23 04:35:00+00:00,24760.75,24764.85,24760.75,24764.45,389,150,0
2025-09-23 04:40:00+00:00,24764.35,24764.75,24756.95,24760.05,332,150,0
2025-09-23 04:45:00+00:00,24759.95,24764.05,24759.35,24761.75,318,150,0
2025-09-23 04:50:00+00:00,24761.55,24761.55,24752.95,24755.05,352,150,0
2025-09-23 04:55:00+00:00,24755.25,24755.25,24750.25,24752.25,240,150,0
2025-09-23 05:00:00+00:00,24752.05,24758.55,24751.85,24755.55,279,150,0
2025-09-23 05:05:00+00:00,24755.65,24760.05,24755.35,24758.55,230,150,0
2025-09-23 05:10:00+00:00,24758.75,24761.95,24757.85,24760.05,236,150,0
2025-09-23 05:15:00+00:00,24759.95,24760.75,24755.55,24758.75,207,150,0
2025-09-23 05:20:00+00:00,24758.45,24762.05,24757.55,24757.55,239,150,0
2025-09-23 05:25:00+00:00,24757.25,24757.25,24751.75,24753.75,280,150,0
2025-09-23 05:30:00+00:00,24753.45,24757.45,24752.75,24755.75,290,150,0
2025-09-23 05:35:00+00:00,24755.55,24757.95,24755.35,24757.55,227,150,0
2025-09-23 05:40:00+00:00,24757.75,24761.55,24757.45,24760.75,242,150,0
2025-09-23 05:45:00+00:00,24760.55,24760.55,24756.75,24757.05,171,150,0
2025-09-23 05:50:00+00:00,24756.95,24757.55,24754.05,24754.05,164,150,0
2025-09-23 05:55:00+00:00,24753.95,24756.95,24753.55,24756.25,222,150,0
2025-09-23 06:00:00+00:00,24756.35,24759.85,24754.95,24756.85,243,150,0
2025-09-23 06:05:00+00:00,24756.75,24758.35,24755.55,24756.85,139,150,0
2025-09-23 06:10:00+00:00,24756.75,24758.05,24754.25,24757.75,170,150,0
2025-09-23 06:15:00+00:00,24757.45,24762.95,24756.75,24762.85,178,150,0
2025-09-23 06:20:00+00:00,24763.05,24763.05,24758.35,24760.45,202,150,0
2025-09-23 06:25:00+00:00,24760.55,24761.55,24759.45,24759.55,166,150,0
2025-09-23 06:30:00+00:00,24759.75,24759.85,24757.85,24759.05,115,150,0
2025-09-23 06:35:00+00:00,24758.95,24760.95,24758.95,24759.55,106,150,0
2025-09-23 06:40:00+00:00,24759.45,24763.35,24758.85,24761.55,134,150,0
2025-09-23 06:45:00+00:00,24761.85,24762.75,24759.45,24760.35,137,150,0
2025-09-23 06:50:00+00:00,24760.75,24762.85,24760.05,24761.55,154,150,0
2025-09-23 06:55:00+00:00,24760.95,24761.35,24760.05,24760.05,81,150,0
2025-09-23 07:00:00+00:00,24759.85,24760.25,24756.75,24759.45,176,150,0
2025-09-23 07:05:00+00:00,24759.35,24759.35,24754.05,24757.25,139,150,0
2025-09-23 07:10:00+00:00,24757.05,24757.85,24753.05,24755.05,154,150,0
2025-09-23 07:15:00+00:00,24754.45,24755.75,24752.25,24754.35,147,150,0
2025-09-23 07:20:00+00:00,24753.85,24754.45,24746.95,24747.35,201,150,0
2025-09-23 07:25:00+00:00,24747.45,24747.95,24742.55,24745.85,200,150,0
2025-09-23 07:30:00+00:00,24745.35,24747.85,24735.05,24736.15,287,150,0
2025-09-23 07:35:00+00:00,24736.55,24743.85,24735.05,24742.95,180,150,0
2025-09-23 07:40:00+00:00,24742.85,24745.75,24741.85,24743.25,163,150,0
2025-09-23 07:45:00+00:00,24743.05,24745.25,24742.05,24743.85,134,150,0
2025-09-23 07:50:00+00:00,24744.05,24745.25,24742.35,24744.25,81,150,0
2025-09-23 07:55:00+00:00,24744.05,24746.55,24743.45,24744.75,95,150,0
2025-09-23 08:00:00+00:00,24744.55,24750.05,24743.95,24748.85,266,150,0
2025-09-23 08:05:00+00:00,24748.95,24750.35,24747.55,24749.25,176,150,0
2025-09-23 08:10:00+00:00,24748.95,24754.55,24748.55,24749.25,177,150,0
2025-09-23 08:15:00+00:00,24749.05,24750.05,24741.35,24744.05,258,150,0
2025-09-23 08:20:00+00:00,24743.95,24757.45,24743.95,24757.45,240,150,0
2025-09-23 08:25:00+00:00,24757.05,24759.35,24755.95,24756.05,222,150,0
2025-09-23 08:30:00+00:00,24755.95,24766.55,24755.95,24762.75,255,150,0
2025-09-23 08:35:00+00:00,24762.45,24767.05,24760.75,24764.35,267,150,0
2025-09-23 08:40:00+00:00,24764.25,24772.05,24763.45,24772.05,272,150,0
2025-09-23 08:45:00+00:00,24772.25,24772.35,24763.55,24763.75,223,150,0
2025-09-23 08:50:00+00:00,24763.55,24765.85,24761.85,24762.75,217,150,0
2025-09-23 08:55:00+00:00,24762.95,24763.55,24753.85,24754.05,259,150,0
2025-09-23 09:00:00+00:00,24754.45,24759.55,24750.95,24753.25,388,150,0
2025-09-23 09:05:00+00:00,24753.35,24760.95,24752.15,24760.45,327,160,0
2025-09-23 09:10:00+00:00,24760.55,24761.25,24754.65,24757.65,360,160,0
2025-09-23 09:15:00+00:00,24757.05,24767.95,24754.85,24767.75,354,150,0
2025-09-23 09:20:00+00:00,24767.65,24768.55,24763.55,24767.05,261,150,0
2025-09-23 09:25:00+00:00,24766.95,24767.55,24761.45,24762.55,263,150,0
2025-09-23 09:30:00+00:00,24762.65,24765.05,24760.75,24762.85,241,150,0
2025-09-23 09:35:00+00:00,24763.05,24765.05,24761.05,24762.85,201,150,0
2025-09-23 09:40:00+00:00,24762.75,24763.55,24759.85,24760.55,253,150,0
2025-09-23 09:45:00+00:00,24760.35,24766.05,24759.55,24766.05,242,150,0
2025-09-23 09:50:00+00:00,24766.35,24768.35,24764.05,24765.95,277,150,0
2025-09-23 09:55:00+00:00,24766.05,24771.85,24761.45,24769.85,258,150,0
2025-09-23 10:00:00+00:00,24769.35,24769.35,24755.45,24755.85,810,150,0
2025-09-23 10:05:00+00:00,24755.55,24756.95,24737.35,24738.35,701,170,0
2025-09-23 10:10:00+00:00,24738.55,24753.45,24738.15,24748.25,528,170,0
2025-09-23 10:15:00+00:00,24746.65,24754.65,24741.75,24752.85,534,170,0
2025-09-23 10:20:00+00:00,24752.75,24753.95,24743.75,24743.95,484,170,0
2025-09-23 10:25:00+00:00,24743.85,24748.95,24741.75,24745.45,387,160,0
2025-09-23 10:30:00+00:00,24745.75,24752.45,24744.05,24752.45,420,160,0
2025-09-23 10:35:00+00:00,24752.55,24762.25,24751.65,24757.25,498,160,0
2025-09-23 10:40:00+00:00,24757.75,24761.85,24755.45,24759.75,435,160,0
2025-09-23 10:45:00+00:00,24759.95,24764.45,24757.35,24758.15,436,160,0
2025-09-23 10:50:00+00:00,24757.65,24761.15,24751.65,24754.85,429,160,0
2025-09-23 10:55:00+00:00,24754.75,24760.25,24751.45,24757.25,399,160,0
2025-09-23 11:00:00+00:00,24755.95,24769.85,24755.55,24768.55,659,160,0
2025-09-23 11:05:00+00:00,24768.85,24774.05,24764.55,24772.55,594,180,0
2025-09-23 11:10:00+00:00,24772.45,24774.75,24767.55,24770.85,474,160,0
2025-09-23 11:15:00+00:00,24771.35,24780.25,24769.25,24778.25,509,170,0
2025-09-23 11:20:00+00:00,24778.15,24782.45,24773.35,24781.25,456,170,0
2025-09-23 11:25:00+00:00,24781.15,24783.45,24778.45,24778.45,320,150,0
2025-09-23 11:30:00+00:00,24778.75,24779.05,24769.95,24771.35,481,150,0
2025-09-23 11:35:00+00:00,24771.25,24776.75,24770.45,24775.95,394,150,0
2025-09-23 11:40:00+00:00,24776.05,24776.85,24771.55,24771.55,363,150,0
2025-09-23 11:45:00+00:00,24771.35,24771.35,24766.45,24766.45,423,150,0
2025-09-23 11:50:00+00:00,24766.65,24768.55,24763.05,24767.45,393,160,0
2025-09-23 11:55:00+00:00,24767.05,24768.25,24758.85,24760.05,375,150,0
2025-09-23 12:00:00+00:00,24760.35,24762.75,24754.55,24757.15,480,150,0
2025-09-23 12:05:00+00:00,24757.45,24764.85,24753.55,24763.05,491,160,0
2025-09-23 12:10:00+00:00,24762.95,24766.75,24761.05,24766.55,363,150,0
2025-09-23 12:15:00+00:00,24766.85,24766.85,24762.05,24764.05,301,150,0
2025-09-23 12:20:00+00:00,24764.25,24767.05,24760.55,24760.85,284,150,0
2025-09-23 12:25:00+00:00,24760.75,24764.85,24760.55,24760.55,277,150,0
2025-09-23 12:30:00+00:00,24760.95,24762.85,24757.85,24761.85,343,150,0
2025-09-23 12:35:00+00:00,24762.05,24768.05,24761.05,24768.05,258,150,0
2025-09-23 12:40:00+00:00,24768.25,24769.05,24765.85,24765.85,218,150,0
2025-09-23 12:45:00+00:00,24766.35,24770.55,24766.35,24767.35,243,150,0
2025-09-23 12:50:00+00:00,24766.85,24769.75,24764.85,24769.05,275,150,0
2025-09-23 12:55:00+00:00,24769.35,24770.95,24765.95,24770.95,264,150,0
2025-09-23 13:00:00+00:00,24771.25,24771.75,24765.65,24766.25,386,150,0
2025-09-23 13:05:00+00:00,24766.15,24773.55,24765.75,24770.95,393,160,0
2025-09-23 13:10:00+00:00,24771.05,24771.45,24764.55,24765.55,295,150,0
2025-09-23 13:15:00+00:00,24765.45,24767.95,24763.05,24763.85,326,150,0
2025-09-23 13:20:00+00:00,24763.55,24766.55,24760.45,24764.25,250,150,0
2025-09-23 13:25:00+00:00,24764.45,24764.65,24756.05,24756.35,306,150,0
2025-09-23 13:30:00+00:00,24756.05,24759.45,24751.35,24756.45,386,150,0
2025-09-23 13:35:00+00:00,24755.65,24757.25,24749.85,24750.75,338,150,0
2025-09-23 13:40:00+00:00,24750.55,24754.25,24745.05,24754.25,345,150,0
2025-09-23 13:45:00+00:00,24754.55,24759.45,24753.05,24758.45,351,150,0
2025-09-23 13:50:00+00:00,24758.55,24761.55,24757.95,24760.85,199,150,0
2025-09-23 13:55:00+00:00,24761.05,24762.35,24757.05,24757.55,296,150,0
2025-09-23 14:00:00+00:00,24757.85,24758.55,24748.65,24749.85,480,150,0
2025-09-23 14:05:00+00:00,24749.95,24752.15,24737.65,24746.75,594,160,0
2025-09-23 14:10:00+00:00,24745.75,24748.45,24731.25,24734.15,524,160,0
2025-09-23 14:15:00+00:00,24734.65,24740.45,24730.45,24738.65,491,170,0
2025-09-23 14:20:00+00:00,24738.35,24745.55,24737.95,24744.05,405,150,0
2025-09-23 14:25:00+00:00,24744.35,24749.85,24742.35,24748.35,333,150,0
2025-09-23 14:30:00+00:00,24748.25,24752.45,24745.05,24751.35,388,150,0
2025-09-23 14:35:00+00:00,24750.85,24751.55,24743.85,24748.35,396,150,0
2025-09-23 14:40:00+00:00,24748.25,24755.25,24747.25,24751.75,387,150,0
2025-09-23 14:45:00+00:00,24751.65,24758.75,24749.75,24756.55,367,150,0
2025-09-23 14:50:00+00:00,24756.45,24761.05,24756.45,24758.35,287,150,0
2025-09-23 14:55:00+00:00,24758.55,24759.85,24756.85,24757.55,209,150,0
2025-09-23 15:00:00+00:00,24758.35,24758.35,24752.55,24755.75,439,150,0
2025-09-23 15:05:00+00:00,24755.65,24755.65,24747.55,24751.65,432,160,0
2025-09-23 15:10:00+00:00,24751.95,24766.55,24751.75,24762.55,396,160,0
2025-09-23 15:15:00+00:00,24762.05,24767.75,24759.05,24759.75,426,150,0
2025-09-23 15:20:00+00:00,24759.55,24763.25,24754.15,24757.25,463,160,0
2025-09-23 15:25:00+00:00,24757.05,24758.75,24750.45,24752.25,410,150,0
2025-09-23 15:30:00+00:00,24752.55,24757.35,24741.55,24756.15,657,160,0
2025-09-23 15:35:00+00:00,24756.35,24756.35,24749.75,24752.75,468,170,0
2025-09-23 15:40:00+00:00,24752.45,24764.95,24748.85,24763.25,525,170,0
2025-09-23 15:45:00+00:00,24763.35,24765.45,24761.75,24762.65,433,160,0
2025-09-23 15:50:00+00:00,24763.05,24765.25,24760.25,24764.25,424,150,0
2025-09-23 15:55:00+00:00,24764.45,24767.65,24761.75,24766.75,465,160,0
2025-09-23 16:00:00+00:00,24766.25,24767.75,24761.75,24761.75,533,160,0
2025-09-23 16:05:00+00:00,24762.15,24765.05,24759.75,24760.25,376,160,0
2025-09-23 16:10:00+00:00,24760.15,24762.55,24757.55,24757.55,327,150,0
2025-09-23 16:15:00+00:00,24757.35,24760.55,24755.05,24758.45,541,150,0
2025-09-23 16:20:00+00:00,24758.35,24764.55,24757.65,24758.65,511,160,0
2025-09-23 16:25:00+00:00,24758.55,24765.95,24753.45,24756.85,786,160,0
2025-09-23 16:30:00+00:00,24757.55,24766.95,24743.95,24748.75,1525,80,0
2025-09-23 16:35:00+00:00,24749.25,24752.95,24727.85,24736.95,1403,120,0
2025-09-23 16:40:00+00:00,24736.35,24741.75,24700.65,24710.75,1431,120,0
2025-09-23 16:45:00+00:00,24713.35,24728.45,24704.65,24711.75,1456,120,0
2025-09-23 16:50:00+00:00,24712.45,24728.75,24702.95,24706.45,1416,120,0
2025-09-23 16:55:00+00:00,24705.35,24710.45,24690.25,24697.45,1368,120,0
2025-09-23 17:00:00+00:00,24697.75,24709.75,24687.25,24698.45,1426,120,0
2025-09-23 17:05:00+00:00,24698.95,24717.45,24697.85,24710.15,1360,80,0
2025-09-23 17:10:00+00:00,24710.45,24718.95,24697.45,24715.65,1324,80,0
2025-09-23 17:15:00+00:00,24715.45,24717.95,24703.75,24715.95,1285,80,0
2025-09-23 17:20:00+00:00,24715.65,24719.85,24692.95,24694.15,1291,80,0
2025-09-23 17:25:00+00:00,24692.95,24719.95,24690.95,24710.65,1337,80,0
2025-09-23 17:30:00+00:00,24712.65,24718.95,24706.45,24709.65,1274,80,0
2025-09-23 17:35:00+00:00,24709.55,24719.55,24704.95,24713.15,1322,80,0
2025-09-23 17:40:00+00:00,24712.95,24732.45,24705.65,24709.45,1353,80,0
2025-09-23 17:45:00+00:00,24709.95,24711.95,24695.95,24703.65,1258,80,0
2025-09-23 17:50:00+00:00,24705.35,24715.05,24698.65,24714.45,1247,80,0
2025-09-23 17:55:00+00:00,24714.85,24721.05,24700.05,24702.35,1198,80,0
2025-09-23 18:00:00+00:00,24701.95,24706.45,24690.85,24701.05,1239,80,0
2025-09-23 18:05:00+00:00,24701.15,24705.65,24691.05,24704.65,1141,80,0
2025-09-23 18:10:00+00:00,24704.85,24723.95,24704.15,24719.45,1191,80,0
2025-09-23 18:15:00+00:00,24719.65,24724.15,24707.55,24722.15,1158,80,0
2025-09-23 18:20:00+00:00,24722.05,24727.55,24716.15,24726.35,1117,80,0
2025-09-23 18:25:00+00:00,24726.65,24727.15,24710.65,24716.15,1098,80,0
2025-09-23 18:30:00+00:00,24716.95,24720.35,24709.35,24712.65,1160,80,0
2025-09-23 18:35:00+00:00,24712.55,24718.35,24700.95,24701.45,1109,80,0
2025-09-23 18:40:00+00:00,24701.35,24708.35,24687.85,24707.45,1255,80,0
2025-09-23 18:45:00+00:00,24707.65,24718.65,24704.95,24710.85,1127,80,0
2025-09-23 18:50:00+00:00,24710.95,24714.35,24702.95,24705.95,1095,80,0
2025-09-23 18:55:00+00:00,24706.15,24707.45,24698.05,24703.65,1029,80,0
2025-09-23 19:00:00+00:00,24704.05,24710.45,24696.35,24697.65,1029,80,0
2025-09-23 19:05:00+00:00,24698.35,24700.55,24679.35,24679.65,1095,80,0
2025-09-23 19:10:00+00:00,24680.05,24688.15,24673.05,24687.65,1192,80,0
2025-09-23 19:15:00+00:00,24687.55,24702.35,24684.15,24702.05,1142,80,0
2025-09-23 19:20:00+00:00,24702.65,24711.85,24699.35,24700.35,1074,80,0
2025-09-23 19:25:00+00:00,24700.15,24701.35,24686.15,24688.95,1052,80,0
2025-09-23 19:30:00+00:00,24688.85,24697.35,24685.35,24694.45,1037,80,0
2025-09-23 19:35:00+00:00,24694.65,24699.85,24676.45,24694.95,1209,80,0
2025-09-23 19:40:00+00:00,24695.75,24700.45,24689.15,24694.15,1039,80,0
2025-09-23 19:45:00+00:00,24693.85,24708.05,24691.95,24705.95,1046,80,0
2025-09-23 19:50:00+00:00,24705.65,24709.35,24695.95,24696.05,1015,80,0
2025-09-23 19:55:00+00:00,24695.95,24695.95,24675.05,24686.15,1216,80,0
2025-09-23 20:00:00+00:00,24685.95,24687.95,24666.95,24671.95,1132,80,0
2025-09-23 20:05:00+00:00,24672.45,24683.95,24672.15,24682.95,1158,80,0
2025-09-23 20:10:00+00:00,24683.05,24684.05,24667.85,24668.15,1098,80,0
2025-09-23 20:15:00+00:00,24668.35,24671.05,24659.35,24659.65,1086,80,0
2025-09-23 20:20:00+00:00,24660.15,24668.95,24653.35,24656.45,1160,80,0
2025-09-23 20:25:00+00:00,24656.05,24658.55,24623.25,24626.65,1284,80,0
2025-09-23 20:30:00+00:00,24623.45,24636.95,24616.95,24623.95,1293,80,0
2025-09-23 20:35:00+00:00,24624.95,24626.95,24577.35,24578.85,1418,120,0
2025-09-23 20:40:00+00:00,24579.25,24586.75,24538.45,24559.95,1443,120,0
2025-09-23 20:45:00+00:00,24559.75,24598.85,24549.35,24597.65,1447,120,0
2025-09-23 20:50:00+00:00,24595.35,24601.65,24571.65,24573.95,1300,120,0
2025-09-23 20:55:00+00:00,24574.25,24598.65,24571.35,24592.75,1326,120,0
2025-09-23 21:00:00+00:00,24594.25,24603.15,24573.95,24578.25,1362,120,0
2025-09-23 21:05:00+00:00,24578.35,24587.65,24569.15,24576.95,1297,120,0
2025-09-23 21:10:00+00:00,24576.75,24581.95,24564.25,24567.95,1207,80,0
2025-09-23 21:15:00+00:00,24568.15,24572.15,24552.45,24554.45,1221,80,0
2025-09-23 21:20:00+00:00,24554.95,24565.45,24547.15,24557.45,1200,80,0
2025-09-23 21:25:00+00:00,24557.15,24584.45,24557.15,24569.45,1214,80,0
2025-09-23 21:30:00+00:00,24568.95,24591.95,24566.95,24588.95,1144,80,0
2025-09-23 21:35:00+00:00,24588.85,24593.35,24558.55,24561.55,1164,80,0
2025-09-23 21:40:00+00:00,24561.45,24570.85,24556.95,24568.45,1149,80,0
2025-09-23 21:45:00+00:00,24568.55,24579.55,24565.95,24567.95,1147,80,0
2025-09-23 21:50:00+00:00,24567.65,24571.85,24552.55,24557.65,1053,80,0
2025-09-23 21:55:00+00:00,24557.45,24564.95,24542.45,24548.15,1152,80,0
2025-09-23 22:00:00+00:00,24548.95,24570.95,24548.15,24553.35,1172,80,0
2025-09-23 22:05:00+00:00,24552.85,24558.35,24547.45,24552.95,1143,80,0
2025-09-23 22:10:00+00:00,24554.15,24568.45,24553.65,24561.45,1204,80,0
2025-09-23 22:15:00+00:00,24561.65,24584.65,24559.15,24580.85,1173,80,0
2025-09-23 22:20:00+00:00,24580.95,24582.45,24556.45,24562.95,1143,80,0
2025-09-23 22:25:00+00:00,24563.05,24564.65,24551.65,24559.65,1079,80,0
2025-09-23 22:30:00+00:00,24559.85,24575.45,24559.65,24574.05,1160,80,0
2025-09-23 22:35:00+00:00,24573.95,24579.55,24565.45,24574.05,1077,80,0
2025-09-23 22:40:00+00:00,24574.45,24587.85,24573.65,24586.95,1159,80,0
2025-09-23 22:45:00+00:00,24586.05,24595.55,24578.45,24584.95,1118,80,0
2025-09-23 22:50:00+00:00,24585.85,24599.25,24575.95,24594.75,1242,80,0
2025-09-23 22:55:00+00:00,24594.85,24597.45,24575.45,24587.65,1269,80,0
2025-09-23 23:00:00+00:00,24588.35,24612.86,24581.06,24607.46,1169,80,0
2025-09-23 23:05:00+00:00,24607.56,24609.86,24591.56,24599.56,780,208,0
2025-09-23 23:10:00+00:00,24599.26,24600.06,24592.16,24593.16,519,178,0
2025-09-23 23:15:00+00:00,24593.46,24594.66,24588.36,24589.06,380,168,0
2025-09-23 23:20:00+00:00,24589.56,24595.66,24586.66,24587.46,382,178,0
2025-09-23 23:25:00+00:00,24587.36,24589.66,24583.86,24586.26,361,168,0
2025-09-23 23:30:00+00:00,24586.46,24587.46,24582.66,24586.86,268,168,0
2025-09-23 23:35:00+00:00,24586.96,24596.46,24585.26,24594.46,261,168,0
2025-09-23 23:40:00+00:00,24594.36,24595.96,24591.46,24592.16,241,168,0
2025-09-23 23:45:00+00:00,24592.26,24594.26,24587.16,24587.46,245,168,0
2025-09-24 01:05:00+00:00,24610.96,24617.56,24610.76,24615.96,171,168,0
2025-09-24 01:10:00+00:00,24616.06,24621.96,24614.76,24616.76,228,168,0
2025-09-24 01:15:00+00:00,24616.56,24616.76,24609.26,24611.56,272,178,0
2025-09-24 01:20:00+00:00,24611.66,24614.96,24608.46,24609.56,180,168,0
2025-09-24 01:25:00+00:00,24609.96,24610.46,24606.06,24606.76,199,168,0
2025-09-24 01:30:00+00:00,24606.86,24610.56,24606.36,24610.46,191,168,0
2025-09-24 01:35:00+00:00,24610.56,24612.36,24607.86,24610.46,129,168,0
2025-09-24 01:40:00+00:00,24610.26,24614.26,24608.86,24611.56,129,168,0
2025-09-24 01:45:00+00:00,24611.76,24616.76,24611.76,24616.06,91,168,0
2025-09-24 01:50:00+00:00,24616.26,24617.36,24611.86,24612.96,130,168,0
2025-09-24 01:55:00+00:00,24613.26,24615.06,24611.86,24612.86,118,168,0
2025-09-24 02:00:00+00:00,24612.95,24614.55,24608.35,24614.05,160,150,0
2025-09-24 02:05:00+00:00,24614.15,24614.75,24610.85,24612.45,101,150,0
2025-09-24 02:10:00+00:00,24612.95,24613.55,24605.85,24608.45,199,150,0
2025-09-24 02:15:00+00:00,24608.55,24613.35,24608.35,24608.35,164,150,0
2025-09-24 02:20:00+00:00,24608.45,24610.05,24607.35,24609.45,115,150,0
2025-09-24 02:25:00+00:00,24609.85,24611.15,24608.45,24609.45,127,150,0
2025-09-24 02:30:00+00:00,24610.05,24610.35,24606.65,24607.15,128,150,0
2025-09-24 02:35:00+00:00,24607.05,24608.15,24605.45,24606.55,115,150,0
2025-09-24 02:40:00+00:00,24607.05,24607.55,24603.55,24605.15,138,150,0
2025-09-24 02:45:00+00:00,24605.45,24608.65,24604.95,24606.05,212,150,0
2025-09-24 02:50:00+00:00,24606.15,24606.85,24601.85,24602.55,184,150,0
2025-09-24 02:55:00+00:00,24602.45,24603.35,24599.95,24601.35,218,150,0
2025-09-24 03:00:00+00:00,24601.45,24601.65,24594.35,24595.95,466,150,0
2025-09-24 03:05:00+00:00,24596.25,24596.75,24570.95,24575.35,615,160,0
2025-09-24 03:10:00+00:00,24575.85,24587.35,24574.65,24584.15,586,180,0
2025-09-24 03:15:00+00:00,24584.25,24588.45,24580.45,24585.25,446,170,0
2025-09-24 03:20:00+00:00,24585.05,24598.55,24585.05,24598.35,445,170,0
2025-09-24 03:25:00+00:00,24598.45,24603.05,24594.95,24602.25,379,150,0
2025-09-24 03:30:00+00:00,24602.15,24606.25,24594.95,24596.45,449,160,0
2025-09-24 03:35:00+00:00,24596.35,24597.85,24591.45,24592.55,339,160,0
2025-09-24 03:40:00+00:00,24592.65,24598.85,24592.55,24598.65,238,150,0
2025-09-24 03:45:00+00:00,24598.35,24604.75,24598.05,24599.25,333,150,0
2025-09-24 03:50:00+00:00,24599.35,24602.75,24598.25,24599.25,343,150,0
2025-09-24 03:55:00+00:00,24599.15,24600.35,24596.05,24597.55,219,150,0
2025-09-24 04:00:00+00:00,24597.45,24598.95,24591.35,24592.75,500,150,0
2025-09-24 04:05:00+00:00,24592.45,24596.55,24591.35,24591.65,382,150,0
2025-09-24 04:10:00+00:00,24591.45,24595.55,24590.35,24592.05,360,150,0
2025-09-24 04:15:00+00:00,24592.35,24592.35,24581.15,24584.85,397,150,0
2025-09-24 04:20:00+00:00,24584.65,24584.65,24577.35,24582.05,358,160,0
2025-09-24 04:25:00+00:00,24581.85,24586.85,24581.05,24585.75,399,160,0
2025-09-24 04:30:00+00:00,24586.15,24589.55,24581.55,24584.05,481,160,0
2025-09-24 04:35:00+00:00,24584.55,24589.15,24583.35,24586.15,445,160,0
2025-09-24 04:40:00+00:00,24586.25,24590.25,24582.85,24586.25,393,160,0
2025-09-24 04:45:00+00:00,24586.35,24588.45,24583.95,24585.55,368,160,0
2025-09-24 04:50:00+00:00,24585.35,24588.35,24581.65,24582.55,338,150,0
2025-09-24 04:55:00+00:00,24582.65,24585.25,24577.65,24582.65,380,150,0
2025-09-24 05:00:00+00:00,24582.75,24584.05,24579.65,24580.65,409,150,0
2025-09-24 05:05:00+00:00,24580.55,24581.45,24577.05,24580.55,331,150,0
2025-09-24 05:10:00+00:00,24580.65,24584.45,24580.35,24581.85,332,150,0
2025-09-24 05:15:00+00:00,24581.55,24587.55,24581.55,24584.95,295,150,0
2025-09-24 05:20:00+00:00,24585.05,24585.45,24579.85,24583.85,344,150,0
2025-09-24 05:25:00+00:00,24584.05,24588.45,24583.15,24588.35,233,150,0
2025-09-24 05:30:00+00:00,24587.95,24591.85,24585.95,24588.15,342,150,0
2025-09-24 05:35:00+00:00,24588.45,24591.05,24587.05,24588.45,272,150,0
2025-09-24 05:40:00+00:00,24588.65,24590.95,24588.15,24589.15,188,150,0
2025-09-24 05:45:00+00:00,24589.35,24596.95,24589.05,24593.65,239,150,0
2025-09-24 05:50:00+00:00,24593.45,24596.15,24593.45,24596.05,226,150,0
2025-09-24 05:55:00+00:00,24595.95,24596.15,24592.95,24594.85,247,150,0
2025-09-24 06:00:00+00:00,24594.95,24598.65,24593.65,24598.35,205,150,0
2025-09-24 06:05:00+00:00,24598.15,24600.85,24596.95,24597.55,174,150,0
2025-09-24 06:10:00+00:00,24597.65,24599.15,24596.55,24599.15,121,150,0
2025-09-24 06:15:00+00:00,24598.95,24601.45,24596.95,24598.95,168,150,0
2025-09-24 06:20:00+00:00,24598.65,24601.15,24596.55,24597.65,160,150,0
2025-09-24 06:25:00+00:00,24597.85,24598.05,24594.85,24596.65,140,150,0
2025-09-24 06:30:00+00:00,24596.85,24596.95,24594.05,24594.85,219,150,0
2025-09-24 06:35:00+00:00,24594.65,24597.05,24594.15,24594.45,163,150,0
2025-09-24 06:40:00+00:00,24594.85,24598.15,24594.55,24598.15,202,150,0
2025-09-24 06:45:00+00:00,24599.45,24599.65,24596.65,24598.95,193,150,0
2025-09-24 06:50:00+00:00,24599.05,24599.55,24592.95,24594.65,160,150,0
2025-09-24 06:55:00+00:00,24594.85,24597.35,24594.65,24596.95,122,150,0
2025-09-24 07:00:00+00:00,24597.05,24601.45,24595.65,24600.65,190,150,0
2025-09-24 07:05:00+00:00,24601.35,24602.45,24600.15,24600.45,182,150,0
2025-09-24 07:10:00+00:00,24600.65,24603.15,24597.95,24598.45,233,150,0
2025-09-24 07:15:00+00:00,24598.15,24601.85,24597.35,24601.45,192,150,0
2025-09-24 07:20:00+00:00,24601.65,24602.05,24597.95,24597.95,141,150,0
2025-09-24 07:25:00+00:00,24598.15,24602.45,24598.15,24602.05,151,150,0
2025-09-24 07:30:00+00:00,24601.85,24602.85,24600.55,24600.85,137,150,0
2025-09-24 07:35:00+00:00,24600.65,24600.65,24598.65,24599.65,144,150,0
2025-09-24 07:40:00+00:00,24599.55,24605.15,24599.15,24604.95,142,150,0
2025-09-24 07:45:00+00:00,24605.05,24610.15,24604.95,24610.15,148,150,0
2025-09-24 07:50:00+00:00,24610.85,24611.65,24606.65,24611.65,189,150,0
2025-09-24 07:55:00+00:00,24611.85,24611.85,24609.95,24611.15,192,150,0
2025-09-24 08:00:00+00:00,24610.85,24613.95,24609.55,24609.95,250,150,0
2025-09-24 08:05:00+00:00,24609.15,24609.35,24606.05,24609.15,206,150,0
2025-09-24 08:10:00+00:00,24609.45,24611.45,24607.15,24610.65,222,150,0
2025-09-24 08:15:00+00:00,24610.35,24612.95,24608.15,24612.85,215,150,0
2025-09-24 08:20:00+00:00,24612.95,24615.95,24611.85,24615.95,248,150,0
2025-09-24 08:25:00+00:00,24615.85,24617.05,24613.95,24615.35,315,150,0
2025-09-24 08:30:00+00:00,24615.15,24615.65,24606.65,24607.65,273,150,0
2025-09-24 08:35:00+00:00,24607.85,24613.55,24607.65,24611.85,263,150,0
2025-09-24 08:40:00+00:00,24612.05,24613.85,24611.45,24611.45,232,150,0
2025-09-24 08:45:00+00:00,24611.65,24618.15,24611.15,24617.65,201,150,0
2025-09-24 08:50:00+00:00,24617.45,24618.65,24615.15,24618.15,215,150,0
2025-09-24 08:55:00+00:00,24618.35,24620.65,24617.15,24620.65,192,150,0
2025-09-24 09:00:00+00:00,24620.95,24625.15,24619.15,24622.55,367,150,0
2025-09-24 09:05:00+00:00,24622.35,24624.95,24621.55,24624.65,227,150,0
2025-09-24 09:10:00+00:00,24624.85,24627.65,24624.15,24627.15,276,150,0
2025-09-24 09:15:00+00:00,24627.45,24639.35,24627.45,24635.75,485,150,0
2025-09-24 09:20:00+00:00,24635.55,24635.55,24626.45,24628.35,282,150,0
2025-09-24 09:25:00+00:00,24627.85,24631.25,24624.55,24626.15,374,150,0
2025-09-24 09:30:00+00:00,24624.65,24628.65,24622.35,24626.55,314,160,0
2025-09-24 09:35:00+00:00,24626.65,24631.15,24626.55,24628.55,237,150,0
2025-09-24 09:40:00+00:00,24628.85,24637.65,24628.15,24636.65,273,150,0
2025-09-24 09:45:00+00:00,24637.15,24644.95,24635.95,24644.15,345,150,0
2025-09-24 09:50:00+00:00,24644.35,24652.35,24643.35,24645.05,426,150,0
2025-09-24 09:55:00+00:00,24644.65,24644.65,24639.65,24641.45,354,150,0
2025-09-24 10:00:00+00:00,24640.85,24649.15,24632.25,24632.25,671,150,0
2025-09-24 10:05:00+00:00,24632.15,24635.55,24621.55,24621.95,499,160,0
