datetime,open,high,low,close,volume,spread,real_volume
2025-09-03 18:45:00+00:00,23386.35,23390.05,23365.85,23381.75,1470,120,0
2025-09-03 18:50:00+00:00,23381.55,23395.05,23369.85,23385.55,1407,120,0
2025-09-03 18:55:00+00:00,23385.35,23385.55,23361.35,23371.75,1415,80,0
2025-09-03 19:00:00+00:00,23371.75,23378.95,23358.75,23368.85,1478,80,0
2025-09-03 19:05:00+00:00,23369.35,23393.25,23365.05,23389.95,1395,80,0
2025-09-03 19:10:00+00:00,23389.55,23394.25,23376.25,23382.45,1392,80,0
2025-09-03 19:15:00+00:00,23382.25,23398.95,23376.55,23398.25,1219,80,0
2025-09-03 19:20:00+00:00,23398.45,23420.25,23391.05,23391.05,1345,80,0
2025-09-03 19:25:00+00:00,23391.05,23403.05,23377.45,23389.85,1446,80,0
2025-09-03 19:30:00+00:00,23390.35,23395.05,23381.55,23389.05,1317,80,0
2025-09-03 19:35:00+00:00,23389.25,23394.95,23377.65,23378.75,1249,80,0
2025-09-03 19:40:00+00:00,23378.75,23378.75,23353.15,23368.45,1433,80,0
2025-09-03 19:45:00+00:00,23368.55,23376.55,23355.25,23360.75,1259,80,0
2025-09-03 19:50:00+00:00,23361.05,23367.55,23348.25,23355.45,1375,80,0
2025-09-03 19:55:00+00:00,23355.95,23375.45,23355.95,23367.05,1293,80,0
2025-09-03 20:00:00+00:00,23367.75,23391.25,23366.05,23382.75,1298,80,0
2025-09-03 20:05:00+00:00,23382.25,23392.75,23380.25,23384.75,1136,80,0
2025-09-03 20:10:00+00:00,23385.05,23414.95,23385.05,23402.05,1205,80,0
2025-09-03 20:15:00+00:00,23401.75,23418.25,23401.75,23407.05,1099,80,0
2025-09-03 20:20:00+00:00,23407.05,23412.25,23391.55,23391.95,1133,80,0
2025-09-03 20:25:00+00:00,23391.75,23391.95,23371.05,23383.05,1289,80,0
2025-09-03 20:30:00+00:00,23382.75,23391.25,23365.55,23366.65,1177,80,0
2025-09-03 20:35:00+00:00,23366.75,23372.45,23360.45,23361.05,1264,80,0
2025-09-03 20:40:00+00:00,23360.55,23366.55,23331.55,23333.75,1268,80,0
2025-09-03 20:45:00+00:00,23334.55,23346.85,23303.35,23343.35,1644,80,0
2025-09-03 20:50:00+00:00,23343.55,23357.45,23333.35,23337.25,1436,80,0
2025-09-03 20:55:00+00:00,23337.25,23342.25,23311.95,23322.45,1436,110,0
2025-09-03 21:00:00+00:00,23322.95,23323.45,23296.05,23304.15,1662,120,0
2025-09-03 21:05:00+00:00,23303.65,23312.45,23290.15,23307.15,1593,120,0
2025-09-03 21:10:00+00:00,23307.65,23322.15,23299.85,23315.45,1474,120,0
2025-09-03 21:15:00+00:00,23316.15,23316.15,23295.95,23299.95,1561,120,0
2025-09-03 21:20:00+00:00,23300.05,23308.35,23287.85,23294.45,1444,120,0
2025-09-03 21:25:00+00:00,23295.05,23313.15,23290.85,23306.45,1395,90,0
2025-09-03 21:30:00+00:00,23306.45,23306.45,23282.45,23295.95,1450,100,0
2025-09-03 21:35:00+00:00,23295.95,23298.45,23276.65,23278.85,1410,80,0
2025-09-03 21:40:00+00:00,23279.15,23309.25,23277.35,23307.45,1332,80,0
2025-09-03 21:45:00+00:00,23305.75,23314.85,23294.85,23296.15,1251,80,0
2025-09-03 21:50:00+00:00,23295.55,23304.85,23287.15,23300.15,1238,80,0
2025-09-03 21:55:00+00:00,23300.15,23306.85,23292.85,23299.85,1181,80,0
2025-09-03 22:00:00+00:00,23299.85,23305.25,23288.35,23297.55,1136,80,0
2025-09-03 22:05:00+00:00,23298.15,23316.85,23298.15,23303.15,1222,80,0
2025-09-03 22:10:00+00:00,23303.35,23303.65,23290.65,23293.35,1103,80,0
2025-09-03 22:15:00+00:00,23293.65,23307.65,23290.15,23306.15,1072,80,0
2025-09-03 22:20:00+00:00,23305.65,23311.65,23298.35,23309.55,1057,80,0
2025-09-03 22:25:00+00:00,23309.65,23318.25,23306.65,23311.15,1029,80,0
2025-09-03 22:30:00+00:00,23310.35,23332.75,23310.35,23331.35,1077,80,0
2025-09-03 22:35:00+00:00,23331.65,23342.15,23328.35,23338.35,1171,80,0
2025-09-03 22:40:00+00:00,23338.35,23357.15,23336.35,23354.35,1003,80,0
2025-09-03 22:45:00+00:00,23354.65,23368.75,23348.85,23364.75,1174,80,0
2025-09-03 22:50:00+00:00,23371.15,23390.65,23371.15,23385.15,1421,80,0
2025-09-03 22:55:00+00:00,23385.05,23412.15,23374.95,23407.45,1441,110,0
2025-09-03 23:00:00+00:00,23409.05,23425.36,23409.05,23415.36,1228,120,0
2025-09-03 23:05:00+00:00,23415.76,23420.46,23408.36,23415.16,756,198,0
2025-09-03 23:10:00+00:00,23415.56,23416.26,23408.56,23411.66,560,188,0
2025-09-03 23:15:00+00:00,23410.76,23411.56,23404.66,23410.86,412,178,0
2025-09-03 23:20:00+00:00,23410.86,23417.36,23409.36,23416.86,362,178,0
2025-09-03 23:25:00+00:00,23417.36,23423.76,23417.36,23422.36,304,168,0
2025-09-03 23:30:00+00:00,23422.16,23428.56,23421.86,23423.86,276,168,0
2025-09-03 23:35:00+00:00,23423.86,23424.76,23417.46,23417.96,270,168,0
2025-09-03 23:40:00+00:00,23417.66,23419.66,23415.66,23417.36,277,168,0
2025-09-03 23:45:00+00:00,23417.16,23418.36,23414.96,23414.96,213,168,0
2025-09-04 01:05:00+00:00,23401.86,23408.16,23399.16,23406.76,264,188,0
2025-09-04 01:10:00+00:00,23406.96,23412.16,23404.96,23408.06,282,178,0
2025-09-04 01:15:00+00:00,23407.76,23411.56,23403.16,23406.46,267,178,0
2025-09-04 01:20:00+00:00,23406.46,23410.46,23397.76,23397.76,290,178,0
2025-09-04 01:25:00+00:00,23397.96,23399.96,23396.26,23396.76,225,178,0
2025-09-04 01:30:00+00:00,23396.76,23401.46,23396.66,23397.66,228,168,0
2025-09-04 01:35:00+00:00,23397.76,23399.86,23395.66,23396.96,149,168,0
2025-09-04 01:40:00+00:00,23396.56,23397.86,23394.06,23394.36,155,168,0
2025-09-04 01:45:00+00:00,23394.46,23395.46,23392.46,23394.26,147,168,0
2025-09-04 01:50:00+00:00,23395.06,23396.76,23393.86,23396.46,130,168,0
2025-09-04 01:55:00+00:00,23396.06,23398.96,23392.36,23392.46,147,168,0
2025-09-04 02:00:00+00:00,23392.56,23402.65,23392.55,23400.25,237,150,0
2025-09-04 02:05:00+00:00,23400.25,23405.35,23399.55,23402.65,187,160,0
2025-09-04 02:10:00+00:00,23403.15,23410.95,23402.65,23410.45,181,150,0
2025-09-04 02:15:00+00:00,23410.45,23414.65,23405.15,23407.05,200,150,0
2025-09-04 02:20:00+00:00,23406.65,23409.45,23403.45,23407.25,180,150,0
2025-09-04 02:25:00+00:00,23407.05,23409.15,23404.15,23404.15,101,150,0
2025-09-04 02:30:00+00:00,23404.45,23405.65,23396.75,23396.95,211,150,0
2025-09-04 02:35:00+00:00,23396.85,23398.85,23394.05,23398.55,145,150,0
2025-09-04 02:40:00+00:00,23399.15,23400.15,23392.55,23392.65,163,150,0
2025-09-04 02:45:00+00:00,23392.65,23394.15,23390.55,23392.55,195,150,0
2025-09-04 02:50:00+00:00,23391.95,23399.45,23391.95,23395.05,268,150,0
2025-09-04 02:55:00+00:00,23394.85,23396.65,23393.55,23395.95,167,150,0
2025-09-04 03:00:00+00:00,23395.95,23425.95,23389.15,23424.95,786,150,0
2025-09-04 03:05:00+00:00,23425.15,23433.35,23422.15,23425.15,706,190,0
2025-09-04 03:10:00+00:00,23424.75,23434.25,23418.85,23432.55,582,180,0
2025-09-04 03:15:00+00:00,23432.65,23456.65,23427.65,23455.55,539,170,0
2025-09-04 03:20:00+00:00,23455.65,23472.35,23452.85,23453.75,858,210,0
2025-09-04 03:25:00+00:00,23453.65,23462.45,23446.85,23454.85,583,200,0
2025-09-04 03:30:00+00:00,23453.85,23464.15,23452.45,23464.15,468,180,0
2025-09-04 03:35:00+00:00,23464.25,23470.25,23462.05,23464.45,491,180,0
2025-09-04 03:40:00+00:00,23464.55,23469.95,23459.75,23462.25,425,180,0
2025-09-04 03:45:00+00:00,23462.35,23463.55,23452.75,23458.55,465,180,0
2025-09-04 03:50:00+00:00,23458.25,23465.25,23457.25,23464.75,453,180,0
2025-09-04 03:55:00+00:00,23464.75,23464.95,23455.75,23461.75,374,170,0
2025-09-04 04:00:00+00:00,23460.75,23466.95,23454.75,23463.85,634,180,0
2025-09-04 04:05:00+00:00,23463.95,23465.75,23454.75,23463.65,481,180,0
2025-09-04 04:10:00+00:00,23463.75,23466.75,23455.25,23455.25,444,170,0
2025-09-04 04:15:00+00:00,23454.55,23462.35,23452.55,23461.05,417,170,0
2025-09-04 04:20:00+00:00,23461.25,23463.25,23449.85,23451.25,458,170,0
2025-09-04 04:25:00+00:00,23451.05,23455.75,23447.55,23450.95,434,170,0
2025-09-04 04:30:00+00:00,23451.05,23458.25,23449.95,23451.05,546,170,0
2025-09-04 04:35:00+00:00,23451.15,23456.25,23443.55,23446.75,539,170,0
2025-09-04 04:40:00+00:00,23447.45,23456.65,23446.45,23455.85,418,170,0
2025-09-04 04:45:00+00:00,23456.05,23459.05,23445.45,23447.05,409,170,0
2025-09-04 04:50:00+00:00,23447.05,23451.85,23446.35,23446.85,278,160,0
2025-09-04 04:55:00+00:00,23446.65,23456.55,23442.85,23455.55,392,160,0
2025-09-04 05:00:00+00:00,23455.75,23473.95,23455.45,23471.65,554,170,0
2025-09-04 05:05:00+00:00,23470.45,23489.75,23467.55,23482.05,523,170,0
2025-09-04 05:10:00+00:00,23481.55,23482.15,23473.45,23480.75,493,180,0
2025-09-04 05:15:00+00:00,23480.25,23481.05,23474.75,23477.15,383,160,0
2025-09-04 05:20:00+00:00,23476.65,23476.85,23471.05,23472.85,340,160,0
2025-09-04 05:25:00+00:00,23470.95,23471.85,23455.95,23455.95,381,160,0
2025-09-04 05:30:00+00:00,23454.85,23459.25,23448.65,23459.25,427,170,0
2025-09-04 05:35:00+00:00,23459.25,23465.05,23455.05,23460.55,363,170,0
2025-09-04 05:40:00+00:00,23459.85,23460.55,23455.85,23457.05,291,170,0
2025-09-04 05:45:00+00:00,23457.35,23460.75,23454.85,23459.15,303,160,0
2025-09-04 05:50:00+00:00,23459.35,23459.65,23446.35,23447.55,393,160,0
2025-09-04 05:55:00+00:00,23447.95,23451.45,23433.55,23438.25,442,160,0
2025-09-04 06:00:00+00:00,23438.25,23440.15,23431.75,23433.35,436,170,0
2025-09-04 06:05:00+00:00,23432.55,23433.55,23427.25,23431.55,361,160,0
2025-09-04 06:10:00+00:00,23431.55,23437.25,23431.55,23435.55,329,170,0
2025-09-04 06:15:00+00:00,23435.75,23438.05,23433.55,23436.65,276,160,0
2025-09-04 06:20:00+00:00,23436.55,23441.65,23432.85,23433.55,328,160,0
2025-09-04 06:25:00+00:00,23434.65,23436.55,23426.05,23427.35,295,160,0
2025-09-04 06:30:00+00:00,23427.45,23429.95,23418.25,23418.55,396,170,0
2025-09-04 06:35:00+00:00,23418.35,23422.35,23416.95,23420.55,336,170,0
2025-09-04 06:40:00+00:00,23420.35,23424.35,23416.85,23424.35,244,160,0
2025-09-04 06:45:00+00:00,23424.15,23427.05,23422.55,23426.85,238,160,0
2025-09-04 06:50:00+00:00,23426.85,23428.85,23422.05,23423.85,248,150,0
2025-09-04 06:55:00+00:00,23423.15,23427.85,23421.15,23426.85,202,150,0
2025-09-04 07:00:00+00:00,23426.65,23437.55,23426.65,23436.55,385,150,0
2025-09-04 07:05:00+00:00,23436.15,23438.75,23433.35,23436.35,277,160,0
2025-09-04 07:10:00+00:00,23436.35,23449.65,23436.35,23445.55,333,170,0
2025-09-04 07:15:00+00:00,23445.45,23449.85,23445.05,23448.85,217,160,0
2025-09-04 07:20:00+00:00,23448.65,23451.65,23445.65,23448.95,202,150,0
2025-09-04 07:25:00+00:00,23449.05,23452.45,23448.35,23449.65,211,150,0
2025-09-04 07:30:00+00:00,23449.25,23451.15,23447.05,23448.65,210,150,0
2025-09-04 07:35:00+00:00,23448.95,23449.85,23445.15,23448.45,210,150,0
2025-09-04 07:40:00+00:00,23448.15,23448.95,23441.65,23442.15,204,150,0
2025-09-04 07:45:00+00:00,23441.95,23449.95,23441.95,23446.15,228,150,0
2025-09-04 07:50:00+00:00,23446.45,23449.55,23446.45,23448.45,146,150,0
2025-09-04 07:55:00+00:00,23448.45,23450.05,23446.45,23448.55,152,150,0
2025-09-04 08:00:00+00:00,23448.55,23450.35,23444.65,23444.65,274,160,0
2025-09-04 08:05:00+00:00,23444.65,23449.35,23441.85,23448.85,280,160,0
2025-09-04 08:10:00+00:00,23448.85,23451.05,23447.05,23448.85,281,160,0
2025-09-04 08:15:00+00:00,23448.15,23458.95,23446.85,23457.05,356,160,0
2025-09-04 08:20:00+00:00,23457.25,23460.35,23424.55,23425.45,452,160,0
2025-09-04 08:25:00+00:00,23425.25,23431.75,23423.05,23429.35,501,170,0
2025-09-04 08:30:00+00:00,23430.45,23437.45,23428.05,23432.05,389,170,0
2025-09-04 08:35:00+00:00,23432.05,23438.05,23427.25,23429.25,375,170,0
2025-09-04 08:40:00+00:00,23429.25,23433.95,23426.15,23426.55,316,160,0
2025-09-04 08:45:00+00:00,23427.05,23427.85,23422.95,23426.05,299,160,0
2025-09-04 08:50:00+00:00,23425.85,23428.85,23417.95,23428.55,352,160,0
2025-09-04 08:55:00+00:00,23428.55,23429.45,23421.25,23426.45,314,170,0
2025-09-04 09:00:00+00:00,23425.55,23434.25,23424.75,23428.75,470,170,0
2025-09-04 09:05:00+00:00,23428.75,23438.15,23427.25,23438.15,479,180,0
2025-09-04 09:10:00+00:00,23438.45,23438.45,23427.55,23428.55,468,170,0
2025-09-04 09:15:00+00:00,23428.35,23428.45,23418.15,23428.25,456,170,0
2025-09-04 09:20:00+00:00,23428.45,23431.55,23421.05,23425.45,407,180,0
2025-09-04 09:25:00+00:00,23425.45,23427.45,23419.25,23423.85,415,170,0
2025-09-04 09:30:00+00:00,23423.95,23430.05,23419.05,23429.65,466,170,0
2025-09-04 09:35:00+00:00,23429.25,23439.65,23426.75,23426.85,446,180,0
2025-09-04 09:40:00+00:00,23426.75,23431.55,23424.45,23430.85,359,170,0
2025-09-04 09:45:00+00:00,23430.35,23436.75,23428.05,23436.35,310,160,0
2025-09-04 09:50:00+00:00,23436.55,23437.55,23424.35,23426.55,348,160,0
2025-09-04 09:55:00+00:00,23426.85,23426.95,23410.65,23411.25,492,170,0
2025-09-04 10:00:00+00:00,23410.45,23440.65,23408.95,23434.65,1190,180,0
2025-09-04 10:05:00+00:00,23434.15,23443.85,23428.85,23441.65,844,190,0
2025-09-04 10:10:00+00:00,23441.75,23445.95,23438.75,23444.25,607,180,0
2025-09-04 10:15:00+00:00,23443.15,23455.15,23439.95,23452.75,667,180,0
2025-09-04 10:20:00+00:00,23452.95,23452.95,23436.55,23438.25,664,180,0
2025-09-04 10:25:00+00:00,23438.15,23440.25,23434.45,23437.05,579,180,0
2025-09-04 10:30:00+00:00,23436.95,23447.25,23431.75,23447.25,601,170,0
2025-09-04 10:35:00+00:00,23447.05,23463.35,23443.65,23444.05,779,180,0
2025-09-04 10:40:00+00:00,23444.45,23447.15,23440.85,23446.45,513,170,0
2025-09-04 10:45:00+00:00,23446.85,23446.85,23439.25,23439.95,470,170,0
2025-09-04 10:50:00+00:00,23439.85,23445.65,23437.95,23441.45,438,160,0
2025-09-04 10:55:00+00:00,23442.45,23446.35,23442.25,23446.35,392,150,0
2025-09-04 11:00:00+00:00,23445.85,23450.05,23439.75,23447.45,711,160,0
2025-09-04 11:05:00+00:00,23448.25,23458.15,23434.75,23457.45,675,190,0
2025-09-04 11:10:00+00:00,23454.35,23456.65,23440.45,23447.65,600,200,0
2025-09-04 11:15:00+00:00,23447.65,23454.75,23446.55,23452.75,508,180,0
2025-09-04 11:20:00+00:00,23452.55,23461.15,23449.25,23456.95,512,180,0
2025-09-04 11:25:00+00:00,23457.05,23464.55,23455.75,23464.35,399,160,0
2025-09-04 11:30:00+00:00,23464.15,23467.15,23451.05,23452.45,507,160,0
2025-09-04 11:35:00+00:00,23453.15,23461.05,23452.55,23460.05,499,170,0
2025-09-04 11:40:00+00:00,23459.75,23462.25,23456.05,23461.05,430,170,0
2025-09-04 11:45:00+00:00,23460.85,23461.35,23451.65,23455.05,346,160,0
2025-09-04 11:50:00+00:00,23454.85,23460.15,23454.35,23458.15,296,160,0
2025-09-04 11:55:00+00:00,23458.15,23458.65,23451.15,23455.05,317,160,0
2025-09-04 12:00:00+00:00,23455.15,23460.85,23454.15,23458.05,381,160,0
2025-09-04 12:05:00+00:00,23457.15,23461.05,23456.65,23460.35,369,160,0
2025-09-04 12:10:00+00:00,23460.35,23464.55,23456.85,23458.15,374,160,0
2025-09-04 12:15:00+00:00,23458.35,23459.05,23450.35,23450.55,447,160,0
2025-09-04 12:20:00+00:00,23450.45,23454.25,23450.35,23453.85,346,160,0
2025-09-04 12:25:00+00:00,23453.85,23457.35,23452.55,23456.85,308,150,0
2025-09-04 12:30:00+00:00,23457.05,23465.05,23456.15,23463.05,365,150,0
2025-09-04 12:35:00+00:00,23463.15,23467.15,23460.85,23465.25,325,150,0
2025-09-04 12:40:00+00:00,23465.85,23467.85,23463.15,23463.65,353,150,0
2025-09-04 12:45:00+00:00,23463.85,23468.05,23462.55,23467.65,295,150,0
2025-09-04 12:50:00+00:00,23467.55,23467.55,23457.75,23462.85,366,150,0
2025-09-04 12:55:00+00:00,23462.95,23474.55,23461.05,23473.75,329,150,0
2025-09-04 13:00:00+00:00,23473.65,23484.25,23472.55,23480.95,464,160,0
2025-09-04 13:05:00+00:00,23481.75,23486.15,23478.45,23482.95,395,170,0
2025-09-04 13:10:00+00:00,23482.55,23491.95,23476.05,23488.95,535,160,0
2025-09-04 13:15:00+00:00,23489.45,23491.95,23478.45,23479.15,765,180,0
2025-09-04 13:20:00+00:00,23479.05,23480.45,23470.05,23470.35,453,170,0
2025-09-04 13:25:00+00:00,23470.25,23470.45,23461.05,23462.35,426,160,0
2025-09-04 13:30:00+00:00,23461.85,23473.25,23461.15,23468.55,605,160,0
2025-09-04 13:35:00+00:00,23468.65,23473.25,23468.15,23472.15,424,160,0
2025-09-04 13:40:00+00:00,23472.15,23477.85,23470.85,23471.75,384,150,0
2025-09-04 13:45:00+00:00,23471.65,23474.25,23468.75,23470.25,342,160,0
2025-09-04 13:50:00+00:00,23471.25,23472.75,23468.55,23469.55,359,160,0
2025-09-04 13:55:00+00:00,23469.65,23471.75,23466.25,23467.05,350,160,0
2025-09-04 14:00:00+00:00,23466.25,23477.85,23461.85,23475.75,609,160,0
2025-09-04 14:05:00+00:00,23475.75,23478.45,23471.25,23472.85,460,170,0
2025-09-04 14:10:00+00:00,23472.75,23476.75,23467.05,23476.75,501,160,0
2025-09-04 14:15:00+00:00,23476.75,23477.25,23467.25,23468.85,429,160,0
2025-09-04 14:20:00+00:00,23469.25,23469.25,23455.85,23459.75,469,160,0
2025-09-04 14:25:00+00:00,23459.65,23465.45,23451.75,23456.65,551,180,0
2025-09-04 14:30:00+00:00,23456.65,23462.95,23454.75,23462.15,517,180,0
2025-09-04 14:35:00+00:00,23462.25,23463.15,23455.45,23457.95,461,170,0
2025-09-04 14:40:00+00:00,23458.05,23466.45,23456.45,23465.25,470,160,0
2025-09-04 14:45:00+00:00,23465.45,23466.15,23448.45,23452.85,588,160,0
2025-09-04 14:50:00+00:00,23452.65,23454.25,23438.15,23445.75,716,190,0
2025-09-04 14:55:00+00:00,23445.75,23456.35,23444.75,23454.55,596,170,0
2025-09-04 15:00:00+00:00,23454.05,23466.25,23454.05,23464.95,643,170,0
2025-09-04 15:05:00+00:00,23464.75,23471.45,23460.75,23468.55,614,180,0
2025-09-04 15:10:00+00:00,23469.05,23477.65,23466.85,23471.42,701,180,0
2025-09-04 15:15:00+00:00,23471.42,23478.47,23447.05,23447.05,1103,200,0
2025-09-04 15:20:00+00:00,23447.15,23449.85,23439.95,23447.15,866,190,0
2025-09-04 15:25:00+00:00,23447.45,23452.72,23441.15,23451.92,735,200,0
2025-09-04 15:30:00+00:00,23451.92,23462.12,23435.15,23436.15,1085,210,0
2025-09-04 15:35:00+00:00,23436.15,23444.45,23432.55,23441.95,947,200,0
2025-09-04 15:40:00+00:00,23441.65,23445.35,23430.15,23435.15,979,200,0
2025-09-04 15:45:00+00:00,23435.45,23443.85,23427.15,23441.45,912,190,0
2025-09-04 15:50:00+00:00,23441.65,23446.35,23435.45,23437.75,748,180,0
2025-09-04 15:55:00+00:00,23437.65,23447.15,23435.95,23442.95,726,170,0
2025-09-04 16:00:00+00:00,23441.65,23443.55,23429.45,23432.35,905,180,0
2025-09-04 16:05:00+00:00,23432.45,23433.65,23422.85,23430.35,852,190,0
2025-09-04 16:10:00+00:00,23429.85,23432.35,23420.65,23424.35,844,190,0
2025-09-04 16:15:00+00:00,23424.45,23430.45,23420.25,23429.95,726,180,0
2025-09-04 16:20:00+00:00,23429.45,23430.95,23423.15,23423.75,650,180,0
2025-09-04 16:25:00+00:00,23423.65,23444.05,23419.25,23439.75,1033,180,0
2025-09-04 16:30:00+00:00,23437.85,23492.85,23415.45,23492.55,1931,80,0
2025-09-04 16:35:00+00:00,23492.75,23505.95,23439.75,23448.75,1888,120,0
2025-09-04 16:40:00+00:00,23449.55,23461.75,23420.45,23445.85,1876,120,0
2025-09-04 16:45:00+00:00,23446.25,23470.05,23418.45,23442.05,1863,120,0
2025-09-04 16:50:00+00:00,23442.75,23460.45,23423.95,23432.75,1871,120,0
2025-09-04 16:55:00+00:00,23432.75,23449.45,23417.45,23440.02,1762,120,0
2025-09-04 17:00:00+00:00,23436.57,23439.37,23384.35,23388.85,1901,120,0
2025-09-04 17:05:00+00:00,23389.45,23411.55,23380.75,23398.45,1916,120,0
2025-09-04 17:10:00+00:00,23398.95,23428.45,23393.25,23395.05,1851,120,0
2025-09-04 17:15:00+00:00,23395.25,23404.95,23368.45,23401.45,1799,120,0
2025-09-04 17:20:00+00:00,23401.35,23437.55,23398.85,23435.85,1700,120,0
2025-09-04 17:25:00+00:00,23435.75,23451.95,23420.95,23439.55,1717,120,0
2025-09-04 17:30:00+00:00,23439.55,23465.75,23437.75,23456.75,1557,120,0
2025-09-04 17:35:00+00:00,23456.25,23487.95,23455.75,23477.05,1536,90,0
2025-09-04 17:40:00+00:00,23477.45,23482.25,23452.95,23457.45,1586,90,0
2025-09-04 17:45:00+00:00,23458.85,23478.45,23451.35,23477.45,1465,120,0
2025-09-04 17:50:00+00:00,23477.35,23483.65,23461.05,23476.85,1466,80,0
2025-09-04 17:55:00+00:00,23476.85,23480.55,23457.75,23479.95,1394,80,0
2025-09-04 18:00:00+00:00,23479.95,23491.05,23478.45,23483.15,1358,80,0
2025-09-04 18:05:00+00:00,23483.15,23497.95,23479.45,23487.95,1342,80,0
2025-09-04 18:10:00+00:00,23488.15,23491.45,23450.35,23463.45,1475,80,0
2025-09-04 18:15:00+00:00,23463.75,23495.75,23463.05,23494.95,1308,80,0
2025-09-04 18:20:00+00:00,23494.65,23504.45,23489.15,23495.15,1256,80,0
2025-09-04 18:25:00+00:00,23494.95,23513.95,23492.95,23503.65,1281,80,0
2025-09-04 18:30:00+00:00,23504.15,23507.05,23485.65,23493.75,1330,80,0
2025-09-04 18:35:00+00:00,23493.95,23494.45,23475.75,23486.65,1281,80,0
2025-09-04 18:40:00+00:00,23486.95,23500.95,23477.65,23489.55,1247,80,0
2025-09-04 18:45:00+00:00,23489.45,23501.15,23482.15,23499.25,1248,80,0
2025-09-04 18:50:00+00:00,23499.45,23509.95,23489.65,23509.15,1191,80,0
2025-09-04 18:55:00+00:00,23509.15,23512.15,23496.45,23496.65,1236,80,0
2025-09-04 19:00:00+00:00,23496.95,23498.15,23485.15,23495.95,1193,80,0
2025-09-04 19:05:00+00:00,23495.95,23509.45,23490.45,23508.55,1192,80,0
2025-09-04 19:10:00+00:00,23508.05,23510.15,23501.55,23504.85,1090,80,0
2025-09-04 19:15:00+00:00,23505.05,23506.35,23493.65,23499.85,1055,80,0
2025-09-04 19:20:00+00:00,23499.55,23505.35,23486.85,23487.05,1136,80,0
2025-09-04 19:25:00+00:00,23486.85,23490.85,23469.95,23477.05,1244,80,0
2025-09-04 19:30:00+00:00,23476.55,23490.05,23472.55,23487.05,1200,80,0
2025-09-04 19:35:00+00:00,23487.05,23499.55,23485.45,23493.35,1034,80,0
2025-09-04 19:40:00+00:00,23493.55,23493.55,23484.05,23489.85,1071,80,0
2025-09-04 19:45:00+00:00,23489.85,23518.15,23489.65,23515.35,1100,80,0
2025-09-04 19:50:00+00:00,23515.55,23522.05,23510.05,23518.05,1018,80,0
2025-09-04 19:55:00+00:00,23517.85,23521.35,23494.05,23495.15,1149,80,0
2025-09-04 20:00:00+00:00,23495.35,23525.05,23493.55,23524.15,1114,80,0
2025-09-04 20:05:00+00:00,23524.35,23533.85,23523.05,23526.15,1109,80,0
2025-09-04 20:10:00+00:00,23526.05,23527.85,23507.35,23509.35,1029,80,0
2025-09-04 20:15:00+00:00,23508.85,23523.35,23508.35,23522.55,916,80,0
2025-09-04 20:20:00+00:00,23522.05,23534.85,23521.45,23530.85,802,80,0
2025-09-04 20:25:00+00:00,23530.95,23536.85,23527.65,23532.15,837,80,0
2025-09-04 20:30:00+00:00,23532.55,23535.35,23523.95,23525.55,865,80,0
2025-09-04 20:35:00+00:00,23525.85,23535.15,23523.15,23525.35,908,80,0
2025-09-04 20:40:00+00:00,23524.85,23536.55,23523.35,23530.55,844,80,0
2025-09-04 20:45:00+00:00,23530.85,23539.65,23527.35,23537.35,903,80,0
2025-09-04 20:50:00+00:00,23537.55,23560.55,23536.85,23556.05,975,80,0
2025-09-04 20:55:00+00:00,23556.05,23556.05,23536.85,23540.35,955,80,0
2025-09-04 21:00:00+00:00,23540.55,23554.15,23539.85,23551.35,996,80,0
2025-09-04 21:05:00+00:00,23551.35,23551.85,23543.95,23548.55,904,80,0
2025-09-04 21:10:00+00:00,23548.55,23554.65,23548.05,23553.65,764,80,0
2025-09-04 21:15:00+00:00,23553.85,23562.05,23552.85,23557.35,732,80,0
2025-09-04 21:20:00+00:00,23557.85,23560.55,23552.85,23560.05,686,80,0
2025-09-04 21:25:00+00:00,23560.05,23561.05,23552.05,23554.55,751,80,0
2025-09-04 21:30:00+00:00,23554.85,23570.85,23551.85,23570.55,840,80,0
2025-09-04 21:35:00+00:00,23570.55,23575.65,23567.85,23570.45,802,80,0
2025-09-04 21:40:00+00:00,23570.05,23576.65,23563.45,23563.45,786,80,0
2025-09-04 21:45:00+00:00,23563.45,23576.05,23562.35,23576.05,761,80,0
2025-09-04 21:50:00+00:00,23575.55,23581.15,23573.55,23574.55,842,80,0
2025-09-04 21:55:00+00:00,23574.45,23581.45,23573.15,23577.05,733,80,0
2025-09-04 22:00:00+00:00,23577.55,23582.85,23574.35,23578.85,857,80,0
2025-09-04 22:05:00+00:00,23579.05,23581.85,23573.85,23575.75,829,80,0
2025-09-04 22:10:00+00:00,23575.65,23593.65,23573.45,23592.95,948,80,0
2025-09-04 22:15:00+00:00,23592.95,23595.15,23587.55,23592.15,903,80,0
2025-09-04 22:20:00+00:00,23592.15,23599.75,23591.65,23592.95,931,80,0
2025-09-04 22:25:00+00:00,23593.15,23594.45,23584.25,23585.65,854,80,0
2025-09-04 22:30:00+00:00,23585.65,23589.45,23581.65,23582.75,907,80,0
2025-09-04 22:35:00+00:00,23583.15,23592.75,23578.75,23592.25,975,80,0
2025-09-04 22:40:00+00:00,23591.45,23598.45,23588.65,23595.65,932,80,0
2025-09-04 22:45:00+00:00,23595.65,23595.65,23583.15,23584.25,870,80,0
2025-09-04 22:50:00+00:00,23584.15,23614.45,23583.95,23612.45,1265,80,0
2025-09-04 22:55:00+00:00,23612.45,23636.55,23610.55,23621.25,1511,80,0
2025-09-04 23:00:00+00:00,23621.45,23626.46,23614.56,23619.26,932,120,0
2025-09-04 23:05:00+00:00,23619.46,23632.36,23617.06,23625.56,637,198,0
2025-09-04 23:10:00+00:00,23625.86,23654.36,23623.86,23649.06,763,198,0
2025-09-04 23:15:00+00:00,23648.36,23664.06,23617.76,23636.66,1338,208,0
2025-09-04 23:20:00+00:00,23636.46,23641.96,23629.46,23641.36,771,218,0
2025-09-04 23:25:00+00:00,23641.26,23651.46,23637.76,23647.46,518,198,0
2025-09-04 23:30:00+00:00,23647.16,23647.46,23639.16,23644.46,493,198,0
2025-09-04 23:35:00+00:00,23644.46,23651.36,23643.36,23645.36,419,188,0
2025-09-04 23:40:00+00:00,23645.26,23648.16,23643.36,23644.86,299,178,0
2025-09-04 23:45:00+00:00,23644.66,23644.66,23640.86,23643.16,294,178,0
2025-09-05 01:05:00+00:00,23663.46,23671.16,23661.16,23664.26,393,198,0
2025-09-05 01:10:00+00:00,23665.26,23665.66,23660.76,23661.26,274,188,0
2025-09-05 01:15:00+00:00,23661.06,23670.26,23660.06,23666.46,262,178,0
2025-09-05 01:20:00+00:00,23666.56,23666.56,23660.26,23661.36,217,168,0
2025-09-05 01:25:00+00:00,23661.86,23664.16,23658.36,23658.36,222,168,0
2025-09-05 01:30:00+00:00,23658.26,23658.86,23653.36,23654.56,271,178,0
2025-09-05 01:35:00+00:00,23654.56,23656.76,23650.56,23655.36,237,168,0
2025-09-05 01:40:00+00:00,23655.56,23655.66,23650.46,23653.26,134,168,0
2025-09-05 01:45:00+00:00,23653.46,23661.36,23652.76,23660.06,201,168,0
2025-09-05 01:50:00+00:00,23660.16,23663.36,23659.56,23663.26,99,168,0
2025-09-05 01:55:00+00:00,23663.26,23672.26,23663.26,23668.76,157,168,0
2025-09-05 02:00:00+00:00,23668.36,23673.95,23667.55,23668.75,263,150,0
2025-09-05 02:05:00+00:00,23669.15,23675.65,23669.05,23673.55,148,150,0
2025-09-05 02:10:00+00:00,23673.65,23675.35,23670.25,23674.85,157,150,0
2025-09-05 02:15:00+00:00,23674.85,23675.55,23670.25,23672.35,114,150,0
2025-09-05 02:20:00+00:00,23671.55,23672.75,23670.35,23671.95,69,150,0
2025-09-05 02:25:00+00:00,23671.85,23677.85,23671.35,23674.25,166,150,0
2025-09-05 02:30:00+00:00,23674.85,23676.95,23671.45,23671.75,196,150,0
2025-09-05 02:35:00+00:00,23671.55,23673.45,23668.35,23670.75,215,150,0
2025-09-05 02:40:00+00:00,23670.75,23671.55,23667.25,23667.85,140,150,0
2025-09-05 02:45:00+00:00,23668.35,23671.45,23666.35,23670.95,242,150,0
2025-09-05 02:50:00+00:00,23671.35,23676.25,23669.35,23675.25,288,150,0
2025-09-05 02:55:00+00:00,23674.95,23675.25,23667.95,23667.95,217,150,0
2025-09-05 03:00:00+00:00,23667.95,23675.95,23664.05,23667.45,528,160,0
2025-09-05 03:05:00+00:00,23667.15,23684.15,23664.95,23682.45,537,170,0
2025-09-05 03:10:00+00:00,23682.65,23685.15,23677.65,23682.45,471,180,0
2025-09-05 03:15:00+00:00,23682.05,23687.45,23678.15,23685.65,429,170,0
2025-09-05 03:20:00+00:00,23685.35,23685.95,23678.65,23683.25,350,160,0
2025-09-05 03:25:00+00:00,23683.55,23689.55,23682.65,23687.95,333,160,0
2025-09-05 03:30:00+00:00,23688.05,23688.25,23682.15,23686.45,309,160,0
2025-09-05 03:35:00+00:00,23686.55,23687.45,23681.95,23683.05,220,160,0
2025-09-05 03:40:00+00:00,23682.75,23687.85,23682.25,23685.45,258,150,0
2025-09-05 03:45:00+00:00,23685.15,23686.45,23682.55,23684.55,227,150,0
2025-09-05 03:50:00+00:00,23684.55,23687.35,23682.25,23687.35,264,150,0
2025-09-05 03:55:00+00:00,23687.45,23693.05,23684.55,23691.05,312,150,0
2025-09-05 04:00:00+00:00,23691.05,23694.15,23688.85,23692.75,388,150,0
2025-09-05 04:05:00+00:00,23692.95,23694.95,23689.45,23693.45,304,150,0
2025-09-05 04:10:00+00:00,23693.35,23694.75,23691.95,23693.45,237,150,0
2025-09-05 04:15:00+00:00,23694.35,23701.25,23693.25,23694.75,346,150,0
2025-09-05 04:20:00+00:00,23694.75,23699.95,23694.45,23699.45,278,150,0
2025-09-05 04:25:00+00:00,23699.55,23700.55,23694.95,23695.05,259,150,0
2025-09-05 04:30:00+00:00,23694.95,23695.75,23691.05,23693.05,347,150,0
2025-09-05 04:35:00+00:00,23693.25,23693.45,23691.05,23692.95,233,150,0
2025-09-05 04:40:00+00:00,23693.25,23693.25,23689.45,23691.25,219,150,0
2025-09-05 04:45:00+00:00,23691.35,23692.45,23687.05,23687.05,225,150,0
2025-09-05 04:50:00+00:00,23686.85,23693.95,23686.55,23693.95,252,150,0
2025-09-05 04:55:00+00:00,23693.75,23697.95,23692.85,23696.55,259,150,0
2025-09-05 05:00:00+00:00,23696.55,23696.85,23692.25,23694.85,251,150,0
2025-09-05 05:05:00+00:00,23694.75,23696.35,23690.85,23691.85,233,150,0
2025-09-05 05:10:00+00:00,23691.95,23693.05,23688.85,23688.95,174,150,0
2025-09-05 05:15:00+00:00,23689.45,23690.45,23686.05,23690.35,186,150,0
2025-09-05 05:20:00+00:00,23690.25,23693.55,23689.95,23689.95,222,150,0
2025-09-05 05:25:00+00:00,23690.05,23690.05,23682.25,23682.95,249,150,0
2025-09-05 05:30:00+00:00,23683.05,23690.45,23680.55,23690.15,236,150,0
2025-09-05 05:35:00+00:00,23690.15,23694.85,23689.45,23694.55,186,150,0
2025-09-05 05:40:00+00:00,23694.75,23697.25,23694.05,23696.35,170,150,0
2025-09-05 05:45:00+00:00,23696.35,23703.45,23695.35,23702.05,243,150,0
2025-09-05 05:50:00+00:00,23701.95,23702.75,23698.75,23701.95,202,150,0
2025-09-05 05:55:00+00:00,23701.85,23701.85,23696.75,23698.35,166,150,0
2025-09-05 06:00:00+00:00,23698.25,23698.35,23692.05,23696.45,216,150,0
2025-09-05 06:05:00+00:00,23697.25,23699.75,23695.55,23696.45,141,150,0
2025-09-05 06:10:00+00:00,23695.85,23697.35,23691.45,23696.55,175,150,0
2025-09-05 06:15:00+00:00,23696.45,23700.05,23693.55,23695.55,143,150,0
2025-09-05 06:20:00+00:00,23695.35,23697.55,23694.35,23696.95,121,150,0
2025-09-05 06:25:00+00:00,23696.95,23697.55,23695.05,23696.95,121,150,0
2025-09-05 06:30:00+00:00,23697.05,23699.75,23692.05,23695.05,253,150,0
2025-09-05 06:35:00+00:00,23695.05,23698.85,23695.05,23698.75,102,150,0
2025-09-05 06:40:00+00:00,23698.55,23702.45,23698.05,23701.25,176,150,0
2025-09-05 06:45:00+00:00,23700.95,23701.25,23698.75,23699.35,161,150,0
2025-09-05 06:50:00+00:00,23699.05,23701.95,23699.05,23701.75,119,150,0
2025-09-05 06:55:00+00:00,23701.85,23704.25,23701.55,23703.25,129,150,0
2025-09-05 07:00:00+00:00,23703.35,23704.95,23702.85,23703.55,149,150,0
2025-09-05 07:05:00+00:00,23703.45,23705.95,23701.95,23705.55,168,150,0
2025-09-05 07:10:00+00:00,23705.75,23711.35,23705.55,23707.25,185,150,0
2025-09-05 07:15:00+00:00,23707.35,23709.25,23706.05,23706.95,162,150,0
2025-09-05 07:20:00+00:00,23706.75,23709.25,23705.75,23709.05,136,150,0
2025-09-05 07:25:00+00:00,23709.25,23711.75,23706.75,23706.95,152,150,0
2025-09-05 07:30:00+00:00,23706.95,23709.25,23706.45,23708.75,135,150,0
2025-09-05 07:35:00+00:00,23709.05,23712.85,23708.55,23711.45,133,150,0
2025-09-05 07:40:00+00:00,23711.45,23711.45,23707.35,23710.05,125,150,0
2025-09-05 07:45:00+00:00,23710.55,23710.55,23707.95,23707.95,97,150,0
2025-09-05 07:50:00+00:00,23708.05,23708.75,23705.45,23706.75,130,150,0
2025-09-05 07:55:00+00:00,23706.45,23708.55,23705.55,23706.35,102,150,0
2025-09-05 08:00:00+00:00,23706.75,23706.95,23702.55,23706.05,169,150,0
2025-09-05 08:05:00+00:00,23706.25,23709.85,23706.25,23709.05,178,150,0
2025-09-05 08:10:00+00:00,23709.25,23709.95,23707.75,23709.85,153,150,0
2025-09-05 08:15:00+00:00,23709.95,23715.95,23709.95,23715.55,175,150,0
2025-09-05 08:20:00+00:00,23715.55,23717.75,23714.05,23714.25,196,150,0
2025-09-05 08:25:00+00:00,23714.35,23714.85,23710.95,23714.85,154,150,0
2025-09-05 08:30:00+00:00,23715.25,23719.75,23714.75,23719.05,259,150,0
2025-09-05 08:35:00+00:00,23719.25,23730.55,23719.05,23723.95,389,150,0
2025-09-05 08:40:00+00:00,23724.55,23731.75,23722.45,23729.95,321,160,0
2025-09-05 08:45:00+00:00,23729.55,23729.65,23723.45,23727.95,214,150,0
2025-09-05 08:50:00+00:00,23728.35,23730.75,23727.95,23729.25,162,150,0
2025-09-05 08:55:00+00:00,23729.45,23729.55,23722.55,23722.85,159,150,0
2025-09-05 09:00:00+00:00,23723.35,23731.45,23720.75,23731.45,446,150,0
2025-09-05 09:05:00+00:00,23731.45,23739.75,23726.45,23739.65,377,170,0
2025-09-05 09:10:00+00:00,23739.45,23739.45,23730.85,23733.05,311,160,0
2025-09-05 09:15:00+00:00,23732.75,23741.25,23732.25,23739.15,311,150,0
2025-09-05 09:20:00+00:00,23739.25,23744.45,23738.95,23743.25,300,150,0
2025-09-05 09:25:00+00:00,23743.35,23749.05,23742.35,23747.05,327,150,0
2025-09-05 09:30:00+00:00,23746.75,23749.65,23741.95,23742.05,298,160,0
2025-09-05 09:35:00+00:00,23741.95,23747.05,23739.75,23741.55,307,160,0
2025-09-05 09:40:00+00:00,23741.65,23742.05,23736.55,23736.75,269,150,0
2025-09-05 09:45:00+00:00,23736.65,23738.95,23735.25,23736.05,195,150,0
2025-09-05 09:50:00+00:00,23736.25,23739.35,23734.85,23735.05,206,150,0
2025-09-05 09:55:00+00:00,23735.55,23739.05,23733.95,23734.25,274,150,0
2025-09-05 10:00:00+00:00,23734.15,23736.85,23713.15,23713.35,889,160,0
2025-09-05 10:05:00+00:00,23713.35,23722.75,23705.15,23717.05,914,180,0
2025-09-05 10:10:00+00:00,23717.35,23723.25,23716.05,23720.25,596,190,0
2025-09-05 10:15:00+00:00,23720.35,23722.15,23711.85,23713.15,565,170,0
2025-09-05 10:20:00+00:00,23713.95,23722.05,23711.95,23716.05,524,180,0
2025-09-05 10:25:00+00:00,23716.15,23719.15,23714.35,23715.35,498,170,0
2025-09-05 10:30:00+00:00,23716.25,23719.25,23710.65,23717.55,516,170,0
2025-09-05 10:35:00+00:00,23717.15,23721.35,23714.35,23717.35,463,170,0
2025-09-05 10:40:00+00:00,23717.45,23724.75,23715.65,23721.45,478,170,0
2025-09-05 10:45:00+00:00,23721.25,23721.75,23709.85,23714.25,499,160,0
2025-09-05 10:50:00+00:00,23714.65,23722.95,23713.15,23721.45,366,160,0
2025-09-05 10:55:00+00:00,23721.45,23724.15,23717.95,23717.95,317,150,0
2025-09-05 11:00:00+00:00,23718.55,23721.25,23710.35,23716.15,702,150,0
2025-09-05 11:05:00+00:00,23716.25,23724.55,23716.15,23722.75,475,170,0
2025-09-05 11:10:00+00:00,23722.45,23733.65,23719.95,23733.35,508,170,0
2025-09-05 11:15:00+00:00,23733.35,23736.15,23729.25,23731.65,464,170,0
2025-09-05 11:20:00+00:00,23731.65,23735.65,23728.45,23735.65,351,160,0
2025-09-05 11:25:00+00:00,23735.55,23739.65,23731.25,23738.45,423,160,0
2025-09-05 11:30:00+00:00,23737.95,23739.75,23736.45,23739.05,321,160,0
2025-09-05 11:35:00+00:00,23738.75,23745.15,23737.65,23737.75,357,160,0
2025-09-05 11:40:00+00:00,23737.65,23741.45,23735.15,23740.55,283,160,0
2025-09-05 11:45:00+00:00,23740.95,23740.95,23732.55,23732.55,328,160,0
2025-09-05 11:50:00+00:00,23732.45,23736.25,23731.75,23735.95,323,150,0
2025-09-05 11:55:00+00:00,23736.05,23748.95,23735.95,23748.75,362,150,0
2025-09-05 12:00:00+00:00,23748.75,23753.15,23740.15,23746.65,396,150,0
2025-09-05 12:05:00+00:00,23746.45,23747.45,23739.95,23742.45,347,160,0
2025-09-05 12:10:00+00:00,23742.85,23744.75,23739.15,23741.75,370,160,0
2025-09-05 12:15:00+00:00,23742.35,23744.75,23741.45,23741.75,302,150,0
2025-09-05 12:20:00+00:00,23741.55,23746.25,23739.35,23743.95,305,150,0
2025-09-05 12:25:00+00:00,23744.05,23748.25,23741.15,23745.85,308,150,0
2025-09-05 12:30:00+00:00,23745.95,23750.85,23744.35,23749.85,319,170,0
2025-09-05 12:35:00+00:00,23750.15,23751.05,23743.65,23746.15,299,160,0
2025-09-05 12:40:00+00:00,23745.95,23747.75,23741.15,23746.95,255,150,0
2025-09-05 12:45:00+00:00,23746.95,23749.85,23743.95,23749.35,265,150,0
2025-09-05 12:50:00+00:00,23748.95,23750.55,23747.85,23749.95,252,150,0
2025-09-05 12:55:00+00:00,23749.75,23749.75,23742.75,23745.55,303,150,0
2025-09-05 13:00:00+00:00,23745.75,23748.25,23740.45,23741.75,335,150,0
2025-09-05 13:05:00+00:00,23740.75,23740.75,23735.95,23738.95,310,160,0
2025-09-05 13:10:00+00:00,23739.05,23745.85,23738.85,23742.75,361,150,0
2025-09-05 13:15:00+00:00,23742.95,23747.95,23740.65,23745.75,328,150,0
2025-09-05 13:20:00+00:00,23745.55,23748.35,23742.85,23744.35,282,150,0
2025-09-05 13:25:00+00:00,23744.35,23749.25,23744.35,23746.05,292,150,0
2025-09-05 13:30:00+00:00,23745.95,23748.45,23744.85,23747.35,259,150,0
2025-09-05 13:35:00+00:00,23746.85,23750.05,23744.95,23749.05,257,150,0
2025-09-05 13:40:00+00:00,23748.75,23750.95,23747.85,23749.45,273,150,0
2025-09-05 13:45:00+00:00,23749.85,23750.45,23746.45,23749.55,290,150,0
2025-09-05 13:50:00+00:00,23749.45,23749.95,23745.55,23745.75,248,150,0
2025-09-05 13:55:00+00:00,23745.75,23746.35,23738.25,23738.25,295,150,0
2025-09-05 14:00:00+00:00,23738.25,23748.55,23736.05,23748.35,497,150,0
2025-09-05 14:05:00+00:00,23748.35,23751.05,23746.65,23749.95,321,150,0
2025-09-05 14:10:00+00:00,23750.25,23755.65,23748.25,23755.35,335,150,0
2025-09-05 14:15:00+00:00,23755.45,23758.45,23752.45,23753.15,396,160,0
2025-09-05 14:20:00+00:00,23753.45,23761.35,23752.55,23758.15,328,150,0
2025-09-05 14:25:00+00:00,23758.55,23761.05,23756.55,23757.75,398,150,0
2025-09-05 14:30:00+00:00,23757.95,23758.05,23746.35,23750.85,382,160,0
2025-09-05 14:35:00+00:00,23750.85,23755.35,23748.65,23748.75,346,170,0
2025-09-05 14:40:00+00:00,23748.65,23748.65,23742.35,23745.95,427,160,0
2025-09-05 14:45:00+00:00,23746.05,23750.95,23743.95,23745.95,400,160,0
2025-09-05 14:50:00+00:00,23744.95,23751.95,23743.85,23745.65,491,160,0
2025-09-05 14:55:00+00:00,23745.45,23745.65,23729.85,23730.85,654,170,0
2025-09-05 15:00:00+00:00,23730.85,23747.75,23730.85,23745.95,916,180,0
2025-09-05 15:05:00+00:00,23745.35,23755.45,23735.75,23749.05,836,180,0
2025-09-05 15:10:00+00:00,23749.05,23749.05,23738.45,23746.55,701,190,0
2025-09-05 15:15:00+00:00,23746.55,23755.85,23744.05,23744.55,818,180,0
2025-09-05 15:20:00+00:00,23744.95,23746.05,23734.05,23737.85,960,180,0
2025-09-05 15:25:00+00:00,23737.85,23748.65,23735.96,23740.36,942,190,0
2025-09-05 15:30:00+00:00,23740.56,23791.05,23687.56,23791.05,1928,210,0
2025-09-05 15:35:00+00:00,23791.15,23805.45,23769.05,23777.55,1779,210,0
2025-09-05 15:40:00+00:00,23777.25,23791.55,23755.75,23791.55,1625,210,0
2025-09-05 15:45:00+00:00,23791.25,23803.75,23782.95,23801.95,1422,210,0
2025-09-05 15:50:00+00:00,23801.95,23829.75,23799.65,23827.45,1447,210,0
2025-09-05 15:55:00+00:00,23827.95,23836.15,23814.45,23834.95,1418,210,0
2025-09-05 16:00:00+00:00,23835.45,23850.45,23831.95,23845.45,1296,200,0
2025-09-05 16:05:00+00:00,23845.95,23858.75,23844.45,23844.45,1236,200,0
2025-09-05 16:10:00+00:00,23844.85,23849.55,23837.55,23844.85,1212,200,0
2025-09-05 16:15:00+00:00,23844.95,23855.25,23836.25,23852.95,1215,200,0
2025-09-05 16:20:00+00:00,23852.95,23853.25,23837.15,23844.65,1252,200,0
2025-09-05 16:25:00+00:00,23840.95,23857.45,23832.75,23835.65,1515,210,0
2025-09-05 16:30:00+00:00,23835.65,23863.25,23807.95,23809.15,1994,120,0
2025-09-05 16:35:00+00:00,23809.95,23816.95,23783.75,23797.75,1992,120,0
2025-09-05 16:40:00+00:00,23797.85,23843.25,23796.15,23835.85,1910,120,0
2025-09-05 16:45:00+00:00,23835.85,23848.85,23798.25,23840.85,1938,120,0
2025-09-05 16:50:00+00:00,23840.85,23854.65,23794.75,23825.45,1962,120,0
2025-09-05 16:55:00+00:00,23825.25,23825.75,23788.85,23814.95,1980,120,0
2025-09-05 17:00:00+00:00,23814.75,23815.65,23767.65,23798.45,1975,120,0
2025-09-05 17:05:00+00:00,23798.35,23798.65,23748.25,23758.45,1953,120,0
2025-09-05 17:10:00+00:00,23757.65,23763.85,23717.35,23717.35,1945,120,0
2025-09-05 17:15:00+00:00,23718.25,23725.25,23653.95,23657.65,1969,120,0
2025-09-05 17:20:00+00:00,23656.95,23694.95,23617.15,23623.85,1951,120,0
2025-09-05 17:25:00+00:00,23624.35,23648.25,23591.45,23616.35,1943,120,0
2025-09-05 17:30:00+00:00,23616.25,23627.35,23592.85,23607.25,1958,120,0
2025-09-05 17:35:00+00:00,23608.15,23620.25,23569.15,23578.75,1934,120,0
2025-09-05 17:40:00+00:00,23579.45,23601.75,23552.15,23569.75,1933,120,0
2025-09-05 17:45:00+00:00,23570.65,23570.65,23529.85,23550.85,1881,120,0
2025-09-05 17:50:00+00:00,23550.85,23596.35,23525.45,23595.35,1906,120,0
2025-09-05 17:55:00+00:00,23594.85,23599.35,23506.75,23509.65,1874,120,0
2025-09-05 18:00:00+00:00,23507.95,23521.95,23477.85,23497.75,1889,120,0
2025-09-05 18:05:00+00:00,23497.15,23522.35,23487.35,23499.95,1955,120,0
2025-09-05 18:10:00+00:00,23499.65,23535.65,23467.15,23535.35,1900,120,0
2025-09-05 18:15:00+00:00,23535.25,23556.45,23524.15,23540.45,1855,120,0
2025-09-05 18:20:00+00:00,23540.25,23578.35,23534.45,23573.65,1841,120,0
2025-09-05 18:25:00+00:00,23573.35,23598.65,23557.35,23594.65,1744,120,0
2025-09-05 18:30:00+00:00,23594.45,23601.35,23568.65,23582.25,1754,120,0
2025-09-05 18:35:00+00:00,23582.85,23620.65,23582.85,23606.35,1695,120,0
2025-09-05 18:40:00+00:00,23606.35,23631.05,23602.25,23624.55,1577,80,0
2025-09-05 18:45:00+00:00,23624.75,23624.75,23584.55,23612.05,1779,80,0
2025-09-05 18:50:00+00:00,23612.35,23615.55,23578.75,23590.85,1801,120,0
2025-09-05 18:55:00+00:00,23591.15,23606.05,23566.25,23580.05,1798,120,0
2025-09-05 19:00:00+00:00,23580.65,23593.75,23557.55,23573.25,1823,120,0
2025-09-05 19:05:00+00:00,23573.15,23592.05,23558.65,23590.25,1806,120,0
2025-09-05 19:10:00+00:00,23590.25,23619.85,23587.85,23614.75,1733,120,0
2025-09-05 19:15:00+00:00,23615.25,23620.55,23589.25,23602.65,1631,120,0
2025-09-05 19:20:00+00:00,23602.35,23612.55,23573.75,23610.05,1746,120,0
2025-09-05 19:25:00+00:00,23609.55,23610.05,23579.15,23583.05,1701,120,0
2025-09-05 19:30:00+00:00,23584.75,23594.55,23566.55,23570.05,1707,120,0
2025-09-05 19:35:00+00:00,23570.05,23584.75,23558.65,23575.75,1682,120,0
2025-09-05 19:40:00+00:00,23575.75,23610.15,23573.05,23602.55,1735,120,0
2025-09-05 19:45:00+00:00,23602.05,23613.05,23574.55,23575.25,1702,120,0
2025-09-05 19:50:00+00:00,23575.15,23590.55,23569.75,23579.75,1688,120,0
2025-09-05 19:55:00+00:00,23579.55,23616.85,23574.15,23616.05,1607,120,0
2025-09-05 20:00:00+00:00,23616.25,23616.25,23575.55,23575.75,1706,120,0
2025-09-05 20:05:00+00:00,23575.35,23604.05,23565.75,23604.05,1690,120,0
2025-09-05 20:10:00+00:00,23603.55,23613.75,23593.55,23608.55,1575,120,0
2025-09-05 20:15:00+00:00,23608.55,23619.55,23596.65,23608.55,1601,120,0
2025-09-05 20:20:00+00:00,23608.35,23623.25,23604.25,23617.85,1603,120,0
2025-09-05 20:25:00+00:00,23617.75,23621.25,23591.55,23596.65,1647,120,0
2025-09-05 20:30:00+00:00,23596.55,23603.55,23586.85,23600.75,1570,120,0
2025-09-05 20:35:00+00:00,23600.55,23605.75,23579.05,23587.75,1539,120,0
2025-09-05 20:40:00+00:00,23587.85,23591.35,23548.65,23574.05,1682,100,0
2025-09-05 20:45:00+00:00,23574.25,23581.55,23561.05,23564.75,1548,120,0
2025-09-05 20:50:00+00:00,23564.75,23581.15,23559.75,23566.25,1590,120,0
2025-09-05 20:55:00+00:00,23566.75,23582.15,23558.75,23576.15,1607,80,0
2025-09-05 21:00:00+00:00,23576.25,23587.25,23566.25,23573.55,1626,120,0
2025-09-05 21:05:00+00:00,23573.65,23592.05,23572.75,23580.55,1534,120,0
2025-09-05 21:10:00+00:00,23580.05,23596.65,23577.95,23596.65,1429,80,0
2025-09-05 21:15:00+00:00,23596.75,23617.85,23594.25,23615.25,1321,80,0
2025-09-05 21:20:00+00:00,23615.25,23619.55,23599.05,23600.25,1238,80,0
2025-09-05 21:25:00+00:00,23600.05,23611.05,23591.25,23606.05,1297,80,0
2025-09-05 21:30:00+00:00,23606.05,23624.25,23605.05,23610.05,1289,80,0
2025-09-05 21:35:00+00:00,23610.15,23618.75,23601.55,23607.75,1314,80,0
2025-09-05 21:40:00+00:00,23607.85,23614.55,23601.65,23613.05,1203,80,0
2025-09-05 21:45:00+00:00,23613.65,23619.55,23605.15,23612.05,1180,80,0
2025-09-05 21:50:00+00:00,23612.05,23622.05,23599.55,23602.55,1261,80,0
2025-09-05 21:55:00+00:00,23602.75,23620.65,23594.75,23620.55,1228,80,0
2025-09-05 22:00:00+00:00,23620.55,23620.55,23604.75,23619.35,1354,80,0
2025-09-05 22:05:00+00:00,23619.55,23643.35,23618.85,23632.75,1312,80,0
2025-09-05 22:10:00+00:00,23632.55,23635.75,23627.55,23634.05,1008,80,0
2025-09-05 22:15:00+00:00,23633.75,23650.05,23628.65,23634.85,1228,80,0
2025-09-05 22:20:00+00:00,23635.05,23654.55,23629.65,23650.75,1199,80,0
2025-09-05 22:25:00+00:00,23650.75,23655.25,23644.25,23646.05,1132,80,0
2025-09-05 22:30:00+00:00,23646.25,23648.65,23617.75,23627.15,1408,80,0
2025-09-05 22:35:00+00:00,23627.35,23647.05,23625.25,23629.05,1302,80,0
2025-09-05 22:40:00+00:00,23628.75,23640.05,23621.55,23627.55,1315,80,0
2025-09-05 22:45:00+00:00,23627.25,23637.05,23622.75,23629.35,1329,80,0
2025-09-05 22:50:00+00:00,23627.25,23637.85,23608.45,23623.15,1698,80,0
2025-09-05 22:55:00+00:00,23623.05,23656.55,23615.05,23654.05,1685,120,0
2025-09-05 23:00:00+00:00,23654.35,23658.36,23640.26,23644.76,1071,120,0
2025-09-05 23:05:00+00:00,23644.76,23645.96,23637.96,23637.96,621,188,0
2025-09-05 23:10:00+00:00,23638.06,23641.56,23635.76,23638.16,519,178,0
2025-09-05 23:15:00+00:00,23638.26,23639.76,23629.96,23634.56,440,178,0
2025-09-05 23:20:00+00:00,23634.66,23639.26,23633.86,23637.56,287,178,0
2025-09-05 23:25:00+00:00,23637.26,23638.56,23634.06,23637.56,241,168,0
2025-09-05 23:30:00+00:00,23637.06,23637.56,23634.06,23635.56,216,168,0
2025-09-05 23:35:00+00:00,23635.36,23644.06,23635.06,23643.36,252,168,0
2025-09-05 23:40:00+00:00,23643.36,23643.96,23630.26,23632.76,309,168,0
2025-09-05 23:45:00+00:00,23632.96,23636.06,23631.76,23633.76,285,178,0
2025-09-08 01:05:00+00:00,23623.36,23630.06,23616.66,23621.36,486,208,0
2025-09-08 01:10:00+00:00,23621.06,23634.76,23620.96,23634.16,352,198,0
2025-09-08 01:15:00+00:00,23634.26,23644.46,23632.96,23642.86,523,198,0
2025-09-08 01:20:00+00:00,23643.36,23647.06,23640.06,23646.46,271,178,0
2025-09-08 01:25:00+00:00,23646.86,23665.36,23645.96,23662.86,591,188,0
2025-09-08 01:30:00+00:00,23662.66,23682.26,23662.66,23682.26,605,198,0
2025-09-08 01:35:00+00:00,23682.16,23682.66,23672.26,23681.76,400,198,0
2025-09-08 01:40:00+00:00,23681.56,23694.76,23680.46,23694.76,429,198,0
2025-09-08 01:45:00+00:00,23694.96,23713.46,23694.76,23699.56,644,198,0
2025-09-08 01:50:00+00:00,23699.86,23703.96,23695.26,23699.26,410,198,0
2025-09-08 01:55:00+00:00,23699.46,23708.36,23698.96,23706.56,358,178,0
2025-09-08 02:00:00+00:00,23706.66,23712.85,23706.66,23710.65,367,160,0
2025-09-08 02:05:00+00:00,23711.05,23718.55,23710.95,23716.85,379,170,0
2025-09-08 02:10:00+00:00,23716.35,23720.35,23712.35,23717.35,300,180,0
2025-09-08 02:15:00+00:00,23717.25,23718.65,23710.35,23712.05,305,170,0
2025-09-08 02:20:00+00:00,23712.15,23724.25,23710.95,23723.25,229,150,0
2025-09-08 02:25:00+00:00,23723.05,23747.95,23722.45,23734.75,703,150,0
2025-09-08 02:30:00+00:00,23734.45,23750.05,23734.45,23741.85,546,190,0
2025-09-08 02:35:00+00:00,23742.55,23748.75,23740.15,23743.25,419,180,0
2025-09-08 02:40:00+00:00,23743.35,23746.65,23737.15,23739.95,391,170,0
2025-09-08 02:45:00+00:00,23739.65,23744.35,23735.05,23740.45,741,170,0
2025-09-08 02:50:00+00:00,23739.95,23745.75,23735.35,23744.55,440,170,0
2025-09-08 02:55:00+00:00,23744.25,23747.15,23741.35,23744.65,441,170,0
2025-09-08 03:00:00+00:00,23743.85,23749.35,23731.75,23735.65,939,180,0
2025-09-08 03:05:00+00:00,23735.45,23757.45,23734.95,23752.45,839,190,0
2025-09-08 03:10:00+00:00,23752.25,23753.55,23743.35,23749.15,738,180,0
2025-09-08 03:15:00+00:00,23749.35,23749.65,23742.05,23747.35,570,180,0
2025-09-08 03:20:00+00:00,23747.55,23753.25,23745.45,23747.95,437,160,0
2025-09-08 03:25:00+00:00,23748.15,23751.95,23746.55,23750.45,365,160,0
2025-09-08 03:30:00+00:00,23751.15,23753.85,23745.35,23746.05,451,160,0
2025-09-08 03:35:00+00:00,23745.95,23750.45,23742.85,23745.35,306,160,0
2025-09-08 03:40:00+00:00,23745.45,23747.25,23740.65,23741.35,303,160,0
2025-09-08 03:45:00+00:00,23741.25,23742.15,23734.35,23737.45,413,160,0
2025-09-08 03:50:00+00:00,23737.75,23740.45,23732.65,23732.95,324,160,0
2025-09-08 03:55:00+00:00,23732.85,23736.45,23730.15,23730.45,365,150,0
2025-09-08 04:00:00+00:00,23730.35,23737.45,23727.25,23727.85,561,160,0
2025-09-08 04:05:00+00:00,23727.75,23735.35,23727.55,23728.85,485,180,0
2025-09-08 04:10:00+00:00,23729.35,23732.15,23723.55,23730.15,440,160,0
2025-09-08 04:15:00+00:00,23729.95,23731.15,23726.25,23728.45,356,160,0
2025-09-08 04:20:00+00:00,23729.25,23733.25,23725.35,23727.95,396,160,0
2025-09-08 04:25:00+00:00,23728.25,23730.95,23726.65,23728.25,296,160,0
2025-09-08 04:30:00+00:00,23728.15,23733.25,23727.15,23732.95,384,150,0
2025-09-08 04:35:00+00:00,23732.85,23742.55,23732.85,23741.65,533,160,0
2025-09-08 04:40:00+00:00,23741.45,23745.45,23738.15,23741.95,432,170,0
2025-09-08 04:45:00+00:00,23742.15,23745.15,23739.85,23744.85,380,150,0
2025-09-08 04:50:00+00:00,23744.95,23744.95,23731.55,23735.65,371,160,0
2025-09-08 04:55:00+00:00,23735.85,23736.55,23733.75,23734.05,315,150,0
2025-09-08 05:00:00+00:00,23734.15,23736.95,23720.95,23722.15,476,150,0
2025-09-08 05:05:00+00:00,23721.95,23727.95,23721.95,23726.95,359,160,0
2025-09-08 05:10:00+00:00,23726.75,23727.95,23718.65,23720.75,303,160,0
2025-09-08 05:15:00+00:00,23720.65,23724.95,23705.85,23705.85,466,160,0
2025-09-08 05:20:00+00:00,23705.65,23710.85,23702.05,23704.65,472,170,0
2025-09-08 05:25:00+00:00,23705.15,23711.45,23702.65,23705.95,379,160,0
2025-09-08 05:30:00+00:00,23706.95,23710.95,23706.25,23709.25,289,160,0
2025-09-08 05:35:00+00:00,23708.95,23712.25,23705.95,23707.25,263,160,0
2025-09-08 05:40:00+00:00,23707.15,23710.55,23706.25,23707.05,273,150,0
2025-09-08 05:45:00+00:00,23707.15,23709.05,23705.25,23707.25,223,150,0
2025-09-08 05:50:00+00:00,23707.35,23710.45,23705.25,23705.75,241,150,0
2025-09-08 05:55:00+00:00,23705.95,23709.45,23705.95,23707.15,197,150,0
2025-09-08 06:00:00+00:00,23707.05,23713.95,23707.05,23712.95,264,150,0
2025-09-08 06:05:00+00:00,23713.05,23728.95,23711.25,23725.45,331,150,0
2025-09-08 06:10:00+00:00,23725.15,23726.05,23719.65,23722.85,327,160,0
2025-09-08 06:15:00+00:00,23722.75,23727.95,23721.35,23724.25,272,150,0
2025-09-08 06:20:00+00:00,23723.85,23726.75,23720.95,23725.75,200,160,0
2025-09-08 06:25:00+00:00,23726.75,23727.85,23722.65,23723.05,188,150,0
2025-09-08 06:30:00+00:00,23724.45,23726.55,23721.75,23725.75,262,150,0
2025-09-08 06:35:00+00:00,23725.85,23727.55,23723.15,23723.55,193,150,0
2025-09-08 06:40:00+00:00,23723.75,23727.75,23719.45,23721.25,242,150,0
2025-09-08 06:45:00+00:00,23720.95,23721.95,23713.15,23714.25,307,160,0
2025-09-08 06:50:00+00:00,23714.65,23718.25,23713.45,23717.45,234,150,0
2025-09-08 06:55:00+00:00,23717.75,23723.25,23717.65,23720.75,280,150,0
2025-09-08 07:00:00+00:00,23720.25,23720.55,23714.75,23717.45,241,150,0
2025-09-08 07:05:00+00:00,23717.75,23721.85,23712.25,23713.75,254,150,0
2025-09-08 07:10:00+00:00,23713.95,23714.25,23708.05,23708.15,252,150,0
2025-09-08 07:15:00+00:00,23708.55,23708.55,23700.75,23706.65,242,150,0
2025-09-08 07:20:00+00:00,23706.95,23709.05,23705.05,23708.55,193,150,0
2025-09-08 07:25:00+00:00,23708.75,23712.05,23707.75,23711.95,191,150,0
2025-09-08 07:30:00+00:00,23711.75,23716.45,23710.05,23710.05,235,150,0
2025-09-08 07:35:00+00:00,23709.95,23709.95,23702.95,23702.95,221,150,0
2025-09-08 07:40:00+00:00,23703.05,23706.35,23696.85,23702.35,252,150,0
2025-09-08 07:45:00+00:00,23702.95,23706.65,23701.25,23701.25,206,150,0
2025-09-08 07:50:00+00:00,23701.65,23702.55,23698.05,23698.55,205,150,0
2025-09-08 07:55:00+00:00,23698.75,23701.85,23693.55,23699.95,244,150,0
2025-09-08 08:00:00+00:00,23699.75,23704.45,23699.15,23702.25,289,150,0
2025-09-08 08:05:00+00:00,23702.45,23706.45,23699.75,23700.45,252,150,0
2025-09-08 08:10:00+00:00,23700.35,23703.55,23697.45,23702.55,216,150,0
2025-09-08 08:15:00+00:00,23702.45,23717.25,23702.45,23714.15,313,150,0
2025-09-08 08:20:00+00:00,23713.95,23714.25,23702.95,23706.65,312,160,0
2025-09-08 08:25:00+00:00,23705.95,23709.25,23704.45,23708.05,220,150,0
2025-09-08 08:30:00+00:00,23708.55,23709.25,23701.65,23703.65,278,150,0
2025-09-08 08:35:00+00:00,23703.75,23710.45,23699.45,23706.85,265,150,0
2025-09-08 08:40:00+00:00,23707.15,23707.45,23696.35,23698.15,292,160,0
2025-09-08 08:45:00+00:00,23698.45,23702.25,23695.45,23698.55,294,160,0
2025-09-08 08:50:00+00:00,23698.65,23702.35,23697.45,23698.45,244,160,0
2025-09-08 08:55:00+00:00,23698.65,23703.95,23696.95,23697.25,351,160,0
2025-09-08 09:00:00+00:00,23696.75,23721.25,23696.45,23714.35,643,160,0
2025-09-08 09:05:00+00:00,23713.85,23720.75,23710.15,23718.75,561,190,0
2025-09-08 09:10:00+00:00,23718.45,23725.45,23717.05,23721.65,503,170,0
2025-09-08 09:15:00+00:00,23721.15,23722.45,23714.85,23719.95,523,160,0
2025-09-08 09:20:00+00:00,23720.35,23723.65,23717.95,23719.15,445,160,0
2025-09-08 09:25:00+00:00,23719.35,23728.75,23718.95,23722.65,502,160,0
2025-09-08 09:30:00+00:00,23721.85,23724.15,23713.75,23718.65,521,180,0
2025-09-08 09:35:00+00:00,23718.75,23720.35,23714.75,23715.95,332,160,0
2025-09-08 09:40:00+00:00,23716.25,23723.65,23715.45,23719.45,324,160,0
2025-09-08 09:45:00+00:00,23719.65,23723.55,23716.05,23723.15,301,150,0
2025-09-08 09:50:00+00:00,23723.45,23725.15,23717.95,23719.95,332,160,0
2025-09-08 09:55:00+00:00,23720.45,23721.75,23714.65,23718.55,347,150,0
2025-09-08 10:00:00+00:00,23718.35,23728.75,23716.15,23728.75,860,170,0
2025-09-08 10:05:00+00:00,23729.55,23733.25,23725.05,23733.05,625,180,0
2025-09-08 10:10:00+00:00,23733.35,23743.65,23731.65,23734.35,554,180,0
2025-09-08 10:15:00+00:00,23735.65,23746.35,23735.35,23740.15,500,180,0
2025-09-08 10:20:00+00:00,23739.85,23745.35,23731.05,23733.85,513,170,0
2025-09-08 10:25:00+00:00,23733.75,23739.15,23728.45,23729.45,482,170,0
2025-09-08 10:30:00+00:00,23729.15,23734.65,23726.05,23726.05,461,170,0
2025-09-08 10:35:00+00:00,23725.95,23732.95,23725.05,23732.35,425,170,0
2025-09-08 10:40:00+00:00,23732.15,23747.55,23732.15,23745.35,494,170,0
2025-09-08 10:45:00+00:00,23745.65,23747.15,23733.65,23733.65,473,170,0
2025-09-08 10:50:00+00:00,23733.45,23734.95,23720.15,23722.45,523,170,0
2025-09-08 10:55:00+00:00,23722.15,23723.85,23718.15,23719.45,426,160,0
2025-09-08 11:00:00+00:00,23721.25,23723.75,23707.05,23721.05,782,160,0
2025-09-08 11:05:00+00:00,23720.85,23726.55,23720.25,23723.15,615,180,0
2025-09-08 11:10:00+00:00,23722.85,23731.05,23719.55,23729.65,608,170,0
2025-09-08 11:15:00+00:00,23729.55,23732.05,23725.05,23729.15,502,170,0
2025-09-08 11:20:00+00:00,23728.95,23730.15,23721.25,23726.95,463,170,0
2025-09-08 11:25:00+00:00,23726.65,23727.55,23722.25,23724.85,402,160,0
2025-09-08 11:30:00+00:00,23724.65,23727.25,23720.45,23726.95,384,160,0
2025-09-08 11:35:00+00:00,23727.25,23732.55,23725.45,23732.25,270,150,0
2025-09-08 11:40:00+00:00,23732.55,23733.95,23728.45,23732.65,344,150,0
2025-09-08 11:45:00+00:00,23732.55,23734.65,23727.95,23733.05,277,150,0
2025-09-08 11:50:00+00:00,23733.25,23733.75,23725.35,23726.95,300,150,0
2025-09-08 11:55:00+00:00,23726.65,23731.35,23724.45,23730.75,346,160,0
2025-09-08 12:00:00+00:00,23731.15,23732.45,23724.55,23727.75,366,160,0
2025-09-08 12:05:00+00:00,23727.95,23727.95,23722.45,23724.75,322,160,0
2025-09-08 12:10:00+00:00,23724.85,23731.35,23721.25,23728.85,397,160,0
2025-09-08 12:15:00+00:00,23728.65,23732.05,23727.15,23731.75,284,150,0
2025-09-08 12:20:00+00:00,23731.55,23735.55,23729.75,23734.25,252,150,0
2025-09-08 12:25:00+00:00,23733.95,23736.45,23729.05,23729.75,266,150,0
2025-09-08 12:30:00+00:00,23729.95,23735.05,23727.95,23733.95,293,150,0
2025-09-08 12:35:00+00:00,23734.05,23734.45,23729.95,23731.15,270,150,0
2025-09-08 12:40:00+00:00,23731.25,23735.15,23726.95,23731.55,272,150,0
2025-09-08 12:45:00+00:00,23731.65,23738.65,23730.95,23738.25,252,150,0
2025-09-08 12:50:00+00:00,23738.45,23751.35,23738.25,23750.35,396,150,0
2025-09-08 12:55:00+00:00,23750.25,23751.15,23744.65,23747.25,361,150,0
2025-09-08 13:00:00+00:00,23747.15,23748.45,23742.35,23743.25,396,160,0
2025-09-08 13:05:00+00:00,23743.35,23748.85,23740.45,23748.75,322,160,0
2025-09-08 13:10:00+00:00,23748.45,23753.05,23746.45,23752.35,332,150,0
2025-09-08 13:15:00+00:00,23752.25,23752.45,23743.15,23746.45,366,160,0
2025-09-08 13:20:00+00:00,23746.95,23751.85,23745.45,23749.15,300,160,0
2025-09-08 13:25:00+00:00,23748.95,23749.35,23745.25,23746.25,281,150,0
2025-09-08 13:30:00+00:00,23746.55,23752.65,23744.25,23751.75,355,150,0
2025-09-08 13:35:00+00:00,23751.85,23756.15,23745.95,23747.45,390,160,0
2025-09-08 13:40:00+00:00,23747.65,23749.75,23745.25,23749.45,293,150,0
2025-09-08 13:45:00+00:00,23749.25,23749.75,23742.05,23745.45,297,150,0
2025-09-08 13:50:00+00:00,23745.35,23746.85,23740.75,23741.55,259,150,0
2025-09-08 13:55:00+00:00,23741.65,23742.25,23735.55,23738.05,358,150,0
2025-09-08 14:00:00+00:00,23737.95,23739.35,23731.45,23737.35,567,150,0
2025-09-08 14:05:00+00:00,23737.85,23742.85,23735.95,23739.65,359,160,0
2025-09-08 14:10:00+00:00,23740.15,23747.45,23739.45,23747.25,364,160,0
2025-09-08 14:15:00+00:00,23747.35,23747.65,23738.35,23742.65,376,160,0
2025-09-08 14:20:00+00:00,23743.15,23743.45,23734.75,23735.05,269,150,0
2025-09-08 14:25:00+00:00,23735.15,23744.95,23734.55,23743.45,320,150,0
2025-09-08 14:30:00+00:00,23743.25,23748.15,23738.65,23738.65,306,150,0
2025-09-08 14:35:00+00:00,23738.45,23743.35,23737.15,23738.85,334,160,0
2025-09-08 14:40:00+00:00,23739.25,23743.25,23739.15,23742.35,296,160,0
2025-09-08 14:45:00+00:00,23742.25,23743.45,23733.85,23737.75,389,160,0
2025-09-08 14:50:00+00:00,23737.45,23743.75,23735.45,23740.95,300,150,0
2025-09-08 14:55:00+00:00,23741.25,23745.25,23727.05,23728.65,461,160,0
2025-09-08 15:00:00+00:00,23729.15,23734.05,23726.05,23731.05,583,170,0
2025-09-08 15:05:00+00:00,23730.65,23730.65,23715.35,23723.25,707,170,0
2025-09-08 15:10:00+00:00,23723.35,23723.35,23710.65,23712.85,621,180,0
2025-09-08 15:15:00+00:00,23712.75,23721.35,23710.75,23716.15,616,170,0
2025-09-08 15:20:00+00:00,23716.65,23720.85,23710.15,23715.35,541,170,0
2025-09-08 15:25:00+00:00,23715.25,23720.85,23714.85,23719.95,476,170,0
2025-09-08 15:30:00+00:00,23719.85,23734.45,23719.15,23729.95,675,170,0
2025-09-08 15:35:00+00:00,23729.85,23732.05,23723.95,23727.55,530,170,0
2025-09-08 15:40:00+00:00,23727.45,23727.95,23721.95,23725.65,556,170,0
2025-09-08 15:45:00+00:00,23725.85,23734.55,23720.85,23733.55,609,170,0
2025-09-08 15:50:00+00:00,23733.65,23738.05,23730.65,23736.55,535,170,0
2025-09-08 15:55:00+00:00,23736.65,23745.05,23735.05,23744.65,696,170,0
2025-09-08 16:00:00+00:00,23744.05,23747.95,23739.25,23747.05,599,170,0
2025-09-08 16:05:00+00:00,23746.95,23747.55,23738.45,23738.65,481,160,0
2025-09-08 16:10:00+00:00,23738.35,23748.55,23733.35,23747.15,651,160,0
2025-09-08 16:15:00+00:00,23747.25,23752.65,23745.75,23751.75,588,170,0
2025-09-08 16:20:00+00:00,23752.25,23759.25,23749.35,23751.55,654,170,0
2025-09-08 16:25:00+00:00,23751.35,23760.35,23743.75,23749.45,878,180,0
2025-09-08 16:30:00+00:00,23749.65,23786.85,23739.55,23786.35,1633,80,0
2025-09-08 16:35:00+00:00,23786.45,23812.55,23763.55,23769.55,1566,120,0
2025-09-08 16:40:00+00:00,23769.85,23811.45,23769.85,23797.55,1561,120,0
2025-09-08 16:45:00+00:00,23799.05,23817.95,23781.05,23815.65,1578,120,0
2025-09-08 16:50:00+00:00,23815.35,23831.85,23796.65,23831.15,1532,120,0
2025-09-08 16:55:00+00:00,23830.35,23842.55,23811.35,23812.55,1417,120,0
2025-09-08 17:00:00+00:00,23812.15,23823.85,23793.55,23822.95,1529,120,0
2025-09-08 17:05:00+00:00,23823.05,23835.05,23813.05,23820.65,1467,120,0
2025-09-08 17:10:00+00:00,23820.55,23827.05,23805.35,23808.05,1456,120,0
2025-09-08 17:15:00+00:00,23807.55,23811.35,23777.65,23783.35,1468,120,0
2025-09-08 17:20:00+00:00,23783.05,23796.85,23772.85,23789.85,1450,120,0
2025-09-08 17:25:00+00:00,23790.05,23834.55,23789.05,23829.65,1276,110,0
2025-09-08 17:30:00+00:00,23829.15,23845.85,23819.35,23824.35,1299,100,0
2025-09-08 17:35:00+00:00,23824.05,23845.75,23819.35,23839.05,1296,80,0
2025-09-08 17:40:00+00:00,23839.75,23852.75,23836.75,23847.25,1194,80,0
2025-09-08 17:45:00+00:00,23847.55,23854.15,23840.25,23843.75,1180,80,0
2025-09-08 17:50:00+00:00,23843.25,23843.25,23830.25,23838.55,1167,80,0
2025-09-08 17:55:00+00:00,23839.05,23846.55,23824.75,23826.55,1135,80,0
2025-09-08 18:00:00+00:00,23826.25,23834.35,23821.55,23828.25,1239,80,0
2025-09-08 18:05:00+00:00,23828.55,23835.05,23825.55,23832.05,1099,80,0
2025-09-08 18:10:00+00:00,23832.25,23847.25,23832.25,23840.05,1098,80,0
2025-09-08 18:15:00+00:00,23839.35,23840.55,23812.05,23815.75,1186,80,0
2025-09-08 18:20:00+00:00,23816.55,23821.55,23810.55,23817.05,1147,80,0
2025-09-08 18:25:00+00:00,23816.75,23843.75,23815.25,23842.75,1100,80,0
2025-09-08 18:30:00+00:00,23842.55,23849.85,23833.55,23837.05,1078,80,0
2025-09-08 18:35:00+00:00,23837.25,23841.75,23826.75,23832.75,1013,80,0
2025-09-08 18:40:00+00:00,23833.05,23833.05,23820.55,23823.35,950,80,0
2025-09-08 18:45:00+00:00,23823.05,23825.75,23792.65,23805.95,1240,80,0
2025-09-08 18:50:00+00:00,23805.65,23827.35,23800.65,23824.25,1096,80,0
2025-09-08 18:55:00+00:00,23824.15,23837.35,23824.05,23835.05,957,80,0
2025-09-08 19:00:00+00:00,23834.75,23835.55,23814.25,23817.65,1076,80,0
2025-09-08 19:05:00+00:00,23817.75,23820.25,23805.25,23807.55,1074,80,0
2025-09-08 19:10:00+00:00,23807.75,23814.35,23803.65,23805.55,973,80,0
2025-09-08 19:15:00+00:00,23804.25,23804.55,23788.25,23796.55,1080,80,0
2025-09-08 19:20:00+00:00,23797.75,23802.75,23788.35,23791.65,1003,80,0
2025-09-08 19:25:00+00:00,23792.75,23795.75,23783.55,23793.15,1053,80,0
2025-09-08 19:30:00+00:00,23791.75,23799.25,23766.05,23773.35,1133,80,0
2025-09-08 19:35:00+00:00,23773.45,23778.65,23752.55,23769.75,1137,80,0
2025-09-08 19:40:00+00:00,23768.65,23785.05,23762.65,23775.55,1037,80,0
2025-09-08 19:45:00+00:00,23775.25,23775.25,23755.05,23759.25,1022,80,0
2025-09-08 19:50:00+00:00,23759.75,23779.05,23759.55,23779.05,974,80,0
2025-09-08 19:55:00+00:00,23778.75,23783.75,23763.05,23773.55,1049,80,0
2025-09-08 20:00:00+00:00,23773.75,23777.25,23753.55,23755.75,1026,80,0
2025-09-08 20:05:00+00:00,23756.55,23764.15,23747.35,23754.55,1073,80,0
2025-09-08 20:10:00+00:00,23754.75,23767.75,23749.75,23750.25,989,80,0
2025-09-08 20:15:00+00:00,23752.05,23765.55,23749.25,23764.25,997,80,0
2025-09-08 20:20:00+00:00,23764.15,23777.85,23760.25,23776.45,930,80,0
2025-09-08 20:25:00+00:00,23776.35,23779.55,23763.05,23768.35,1002,80,0
2025-09-08 20:30:00+00:00,23768.05,23774.95,23763.35,23767.35,936,80,0
2025-09-08 20:35:00+00:00,23767.45,23771.35,23761.55,23762.05,848,80,0
2025-09-08 20:40:00+00:00,23762.35,23766.85,23755.55,23766.05,906,80,0
2025-09-08 20:45:00+00:00,23765.85,23767.45,23750.55,23751.85,934,80,0
2025-09-08 20:50:00+00:00,23752.15,23755.55,23726.15,23748.35,1105,80,0
2025-09-08 20:55:00+00:00,23748.05,23752.95,23738.65,23746.15,1010,80,0
2025-09-08 21:00:00+00:00,23746.35,23748.15,23737.15,23739.85,982,80,0
2025-09-08 21:05:00+00:00,23740.15,23751.65,23736.35,23745.85,972,80,0
2025-09-08 21:10:00+00:00,23745.65,23768.15,23745.15,23763.15,969,80,0
2025-09-08 21:15:00+00:00,23762.85,23777.45,23760.85,23775.35,858,80,0
2025-09-08 21:20:00+00:00,23775.15,23783.15,23771.85,23772.75,888,80,0
2025-09-08 21:25:00+00:00,23772.85,23777.65,23766.15,23775.95,853,80,0
2025-09-08 21:30:00+00:00,23776.25,23780.15,23767.85,23773.85,771,80,0
2025-09-08 21:35:00+00:00,23774.15,23776.65,23761.15,23761.35,761,80,0
2025-09-08 21:40:00+00:00,23761.45,23765.45,23751.35,23764.85,903,80,0
2025-09-08 21:45:00+00:00,23764.25,23774.35,23763.15,23768.85,809,80,0
2025-09-08 21:50:00+00:00,23769.45,23772.35,23756.35,23758.35,732,80,0
2025-09-08 21:55:00+00:00,23758.15,23764.95,23753.65,23757.15,739,80,0
2025-09-08 22:00:00+00:00,23756.85,23757.65,23748.75,23755.15,886,80,0
2025-09-08 22:05:00+00:00,23755.25,23759.95,23750.45,23750.65,802,80,0
2025-09-08 22:10:00+00:00,23750.85,23753.35,23727.35,23733.65,1039,80,0
2025-09-08 22:15:00+00:00,23733.75,23739.35,23727.35,23731.85,1042,80,0
2025-09-08 22:20:00+00:00,23732.15,23736.25,23723.85,23732.35,960,80,0
2025-09-08 22:25:00+00:00,23731.85,23735.65,23727.25,23734.15,801,80,0
2025-09-08 22:30:00+00:00,23734.95,23753.65,23734.45,23734.45,1050,80,0
2025-09-08 22:35:00+00:00,23734.35,23756.95,23734.35,23754.65,917,80,0
2025-09-08 22:40:00+00:00,23754.45,23766.45,23753.75,23763.15,951,80,0
2025-09-08 22:45:00+00:00,23763.35,23774.85,23763.15,23774.35,837,80,0
2025-09-08 22:50:00+00:00,23766.65,23766.65,23749.25,23758.95,1130,80,0
2025-09-08 22:55:00+00:00,23760.25,23767.85,23748.65,23766.25,1232,80,0
2025-09-08 23:00:00+00:00,23766.65,23770.06,23758.16,23761.56,802,80,0
2025-09-08 23:05:00+00:00,23761.26,23773.16,23759.96,23772.56,541,188,0
2025-09-08 23:10:00+00:00,23771.96,23771.96,23763.66,23767.76,456,188,0
2025-09-08 23:15:00+00:00,23767.56,23767.56,23761.46,23762.66,275,168,0
2025-09-08 23:20:00+00:00,23762.16,23764.96,23759.66,23762.16,230,168,0
2025-09-08 23:25:00+00:00,23762.06,23766.06,23761.66,23764.46,142,168,0
2025-09-08 23:30:00+00:00,23764.06,23766.06,23763.16,23764.46,164,168,0
2025-09-08 23:35:00+00:00,23764.56,23764.56,23760.46,23761.46,168,168,0
2025-09-08 23:40:00+00:00,23761.26,23761.96,23756.96,23757.76,156,168,0
2025-09-08 23:45:00+00:00,23757.66,23761.16,23757.56,23757.76,170,168,0
2025-09-09 01:05:00+00:00,23778.76,23784.36,23776.26,23779.46,232,178,0
2025-09-09 01:10:00+00:00,23779.56,23782.26,23776.76,23780.66,116,178,0
2025-09-09 01:15:00+00:00,23781.56,23782.86,23775.26,23782.66,138,168,0
2025-09-09 01:20:00+00:00,23782.86,23785.56,23781.96,23785.56,157,168,0
2025-09-09 01:25:00+00:00,23785.46,23786.46,23781.16,23781.16,150,168,0
2025-09-09 01:30:00+00:00,23781.36,23787.96,23780.96,23787.96,163,168,0
2025-09-09 01:35:00+00:00,23789.46,23789.86,23785.16,23785.66,159,168,0
2025-09-09 01:40:00+00:00,23785.46,23789.46,23785.46,23788.16,123,168,0
2025-09-09 01:45:00+00:00,23788.36,23794.56,23786.96,23793.66,217,168,0
2025-09-09 01:50:00+00:00,23793.56,23793.66,23784.16,23786.36,188,168,0
2025-09-09 01:55:00+00:00,23786.66,23791.46,23786.36,23790.96,122,168,0
2025-09-09 02:00:00+00:00,23791.05,23795.75,23790.65,23790.65,208,150,0
2025-09-09 02:05:00+00:00,23790.75,23792.45,23787.05,23787.05,113,150,0
2025-09-09 02:10:00+00:00,23787.25,23793.05,23787.25,23790.05,126,150,0
2025-09-09 02:15:00+00:00,23790.25,23792.95,23787.55,23788.55,134,150,0
2025-09-09 02:20:00+00:00,23788.65,23789.25,23784.45,23784.45,164,150,0
2025-09-09 02:25:00+00:00,23784.25,23784.75,23781.65,23784.25,137,150,0
2025-09-09 02:30:00+00:00,23784.45,23787.15,23780.15,23780.75,156,150,0
2025-09-09 02:35:00+00:00,23780.25,23784.75,23779.45,23782.25,179,150,0
2025-09-09 02:40:00+00:00,23782.75,23782.95,23770.85,23771.25,212,150,0
2025-09-09 02:45:00+00:00,23770.95,23776.95,23769.95,23775.15,232,150,0
2025-09-09 02:50:00+00:00,23775.75,23778.75,23772.15,23777.45,204,150,0
2025-09-09 02:55:00+00:00,23777.25,23778.95,23772.75,23773.55,184,150,0
2025-09-09 03:00:00+00:00,23773.45,23783.35,23769.45,23780.35,678,150,0
2025-09-09 03:05:00+00:00,23780.25,23785.45,23777.05,23785.45,471,160,0
2025-09-09 03:10:00+00:00,23784.65,23792.65,23783.45,23792.65,389,160,0
2025-09-09 03:15:00+00:00,23792.25,23792.25,23776.65,23782.85,357,160,0
2025-09-09 03:20:00+00:00,23782.75,23782.85,23777.35,23777.95,257,160,0
2025-09-09 03:25:00+00:00,23778.25,23781.55,23776.75,23780.55,175,150,0
2025-09-09 03:30:00+00:00,23780.45,23780.55,23776.75,23778.45,237,150,0
2025-09-09 03:35:00+00:00,23778.65,23781.15,23777.65,23778.45,229,150,0
2025-09-09 03:40:00+00:00,23777.25,23780.15,23773.55,23778.25,237,150,0
2025-09-09 03:45:00+00:00,23777.95,23778.75,23773.65,23778.75,265,160,0
2025-09-09 03:50:00+00:00,23778.85,23781.25,23777.25,23778.75,203,150,0
2025-09-09 03:55:00+00:00,23779.25,23779.45,23771.25,23773.25,238,150,0
2025-09-09 04:00:00+00:00,23772.35,23774.25,23769.85,23771.95,312,160,0
2025-09-09 04:05:00+00:00,23772.25,23777.75,23771.45,23775.25,274,150,0
2025-09-09 04:10:00+00:00,23774.75,23776.55,23771.45,23774.05,233,150,0
2025-09-09 04:15:00+00:00,23773.95,23774.05,23769.95,23771.95,284,150,0
2025-09-09 04:20:00+00:00,23771.75,23772.05,23761.25,23761.95,324,150,0
2025-09-09 04:25:00+00:00,23762.15,23764.65,23756.95,23762.85,398,160,0
2025-09-09 04:30:00+00:00,23762.85,23765.65,23760.35,23761.25,384,160,0
2025-09-09 04:35:00+00:00,23761.45,23766.45,23760.85,23762.25,296,150,0
2025-09-09 04:40:00+00:00,23762.05,23770.25,23760.75,23769.75,375,150,0
2025-09-09 04:45:00+00:00,23768.95,23776.35,23768.75,23774.25,398,160,0
2025-09-09 04:50:00+00:00,23774.45,23780.65,23770.55,23779.65,334,150,0
2025-09-09 04:55:00+00:00,23779.75,23784.15,23779.15,23779.55,321,150,0
2025-09-09 05:00:00+00:00,23779.65,23787.15,23779.65,23783.45,251,150,0
2025-09-09 05:05:00+00:00,23783.55,23790.05,23783.05,23789.55,247,150,0
2025-09-09 05:10:00+00:00,23789.75,23796.15,23789.25,23795.05,324,150,0
2025-09-09 05:15:00+00:00,23795.45,23800.45,23793.95,23799.95,305,150,0
2025-09-09 05:20:00+00:00,23799.75,23800.15,23794.25,23795.95,289,150,0
2025-09-09 05:25:00+00:00,23796.15,23798.75,23794.95,23798.45,252,150,0
2025-09-09 05:30:00+00:00,23798.25,23813.15,23797.05,23799.35,396,150,0
2025-09-09 05:35:00+00:00,23799.65,23800.35,23794.45,23797.65,237,150,0
2025-09-09 05:40:00+00:00,23797.75,23801.25,23796.05,23800.05,199,150,0
2025-09-09 05:45:00+00:00,23799.95,23801.05,23796.65,23798.25,209,150,0
2025-09-09 05:50:00+00:00,23798.15,23799.25,23790.95,23793.95,260,150,0
2025-09-09 05:55:00+00:00,23794.15,23795.45,23792.45,23793.55,220,150,0
2025-09-09 06:00:00+00:00,23793.25,23795.75,23792.55,23794.55,200,150,0
2025-09-09 06:05:00+00:00,23794.75,23795.75,23792.75,23795.25,199,150,0
2025-09-09 06:10:00+00:00,23795.45,23801.95,23794.55,23797.55,271,150,0
2025-09-09 06:15:00+00:00,23797.25,23801.25,23796.15,23799.45,179,150,0
2025-09-09 06:20:00+00:00,23799.25,23804.15,23797.95,23800.05,200,150,0
2025-09-09 06:25:00+00:00,23799.55,23802.75,23798.75,23802.55,211,150,0
2025-09-09 06:30:00+00:00,23802.75,23808.05,23802.25,23807.25,308,150,0
2025-09-09 06:35:00+00:00,23807.05,23807.55,23803.65,23804.25,218,150,0
2025-09-09 06:40:00+00:00,23804.55,23807.05,23803.55,23804.75,167,150,0
2025-09-09 06:45:00+00:00,23805.25,23808.05,23805.05,23806.75,175,150,0
2025-09-09 06:50:00+00:00,23806.95,23807.05,23802.45,23802.55,165,150,0
2025-09-09 06:55:00+00:00,23802.15,23805.15,23802.05,23805.05,131,150,0
2025-09-09 07:00:00+00:00,23805.25,23806.45,23799.05,23799.65,203,150,0
2025-09-09 07:05:00+00:00,23799.55,23804.75,23799.55,23800.25,117,150,0
2025-09-09 07:10:00+00:00,23800.55,23802.25,23800.45,23802.05,110,150,0
2025-09-09 07:15:00+00:00,23802.25,23803.75,23802.25,23802.55,93,150,0
2025-09-09 07:20:00+00:00,23802.65,23805.15,23800.95,23804.75,95,150,0
2025-09-09 07:25:00+00:00,23805.05,23805.65,23800.25,23800.45,146,150,0
2025-09-09 07:30:00+00:00,23800.25,23803.45,23799.15,23801.05,96,150,0
2025-09-09 07:35:00+00:00,23801.15,23801.75,23799.75,23800.55,120,150,0
2025-09-09 07:40:00+00:00,23800.25,23800.55,23797.15,23798.15,119,150,0
2025-09-09 07:45:00+00:00,23798.25,23801.05,23796.45,23800.75,133,150,0
2025-09-09 07:50:00+00:00,23800.65,23804.45,23800.55,23802.25,119,150,0
2025-09-09 07:55:00+00:00,23802.45,23805.45,23801.45,23803.65,112,150,0
2025-09-09 08:00:00+00:00,23803.55,23803.55,23798.75,23801.55,233,150,0
2025-09-09 08:05:00+00:00,23801.45,23801.55,23798.45,23799.55,310,150,0
2025-09-09 08:10:00+00:00,23799.75,23802.75,23798.75,23799.75,302,150,0
2025-09-09 08:15:00+00:00,23799.55,23799.75,23788.95,23794.15,306,150,0
2025-09-09 08:20:00+00:00,23794.25,23794.65,23781.15,23787.65,390,150,0
2025-09-09 08:25:00+00:00,23787.45,23787.55,23780.95,23784.75,292,150,0
2025-09-09 08:30:00+00:00,23784.65,23795.25,23784.65,23790.75,316,150,0
2025-09-09 08:35:00+00:00,23790.95,23792.15,23787.15,23790.95,216,160,0
2025-09-09 08:40:00+00:00,23791.15,23792.35,23785.15,23791.75,254,150,0
2025-09-09 08:45:00+00:00,23791.45,23794.25,23789.55,23791.95,243,150,0
2025-09-09 08:50:00+00:00,23791.75,23802.05,23791.05,23802.05,270,150,0
2025-09-09 08:55:00+00:00,23802.15,23807.95,23799.45,23800.45,299,150,0
2025-09-09 09:00:00+00:00,23800.35,23808.95,23796.15,23806.55,394,160,0
2025-09-09 09:05:00+00:00,23807.05,23811.15,23805.25,23809.75,392,160,0
2025-09-09 09:10:00+00:00,23809.95,23818.45,23809.25,23817.15,357,160,0
2025-09-09 09:15:00+00:00,23816.95,23820.45,23808.15,23812.05,435,170,0
2025-09-09 09:20:00+00:00,23812.35,23816.65,23810.05,23816.45,341,170,0
2025-09-09 09:25:00+00:00,23816.65,23818.15,23814.65,23814.75,327,160,0
2025-09-09 09:30:00+00:00,23814.45,23816.45,23810.15,23815.45,357,160,0
2025-09-09 09:35:00+00:00,23815.65,23820.15,23807.65,23818.15,350,170,0
2025-09-09 09:40:00+00:00,23818.25,23818.85,23809.45,23811.35,275,160,0
2025-09-09 09:45:00+00:00,23810.75,23818.45,23810.25,23813.25,257,160,0
2025-09-09 09:50:00+00:00,23813.15,23821.35,23812.75,23817.65,359,150,0
2025-09-09 09:55:00+00:00,23817.55,23818.85,23813.35,23815.75,286,160,0
2025-09-09 10:00:00+00:00,23815.95,23820.55,23812.45,23816.15,608,160,0
2025-09-09 10:05:00+00:00,23816.25,23821.85,23813.25,23821.05,446,170,0
2025-09-09 10:10:00+00:00,23821.15,23829.45,23820.35,23829.45,462,150,0
2025-09-09 10:15:00+00:00,23829.65,23831.85,23826.65,23828.45,447,160,0
2025-09-09 10:20:00+00:00,23828.35,23829.65,23824.95,23828.85,416,160,0
2025-09-09 10:25:00+00:00,23828.95,23836.45,23828.85,23832.95,472,160,0
2025-09-09 10:30:00+00:00,23832.85,23838.05,23828.05,23837.35,444,170,0
2025-09-09 10:35:00+00:00,23837.45,23850.85,23837.35,23837.45,535,160,0
2025-09-09 10:40:00+00:00,23837.85,23840.35,23821.15,23821.65,583,170,0
2025-09-09 10:45:00+00:00,23821.85,23823.65,23816.55,23818.65,574,170,0
2025-09-09 10:50:00+00:00,23818.55,23821.65,23816.55,23821.15,436,160,0
2025-09-09 10:55:00+00:00,23820.75,23822.45,23820.25,23821.15,352,150,0
2025-09-09 11:00:00+00:00,23821.25,23822.75,23818.95,23819.75,506,150,0
2025-09-09 11:05:00+00:00,23819.85,23820.35,23804.85,23805.05,580,160,0
2025-09-09 11:10:00+00:00,23805.15,23817.65,23804.85,23812.15,502,170,0
2025-09-09 11:15:00+00:00,23812.05,23815.35,23802.05,23808.95,739,170,0
2025-09-09 11:20:00+00:00,23809.95,23818.85,23807.05,23818.85,550,180,0
2025-09-09 11:25:00+00:00,23818.25,23819.95,23811.95,23814.95,525,170,0
2025-09-09 11:30:00+00:00,23815.05,23821.15,23811.95,23815.65,481,170,0
2025-09-09 11:35:00+00:00,23815.55,23818.45,23804.15,23806.35,542,170,0
2025-09-09 11:40:00+00:00,23806.05,23815.45,23803.85,23811.65,444,170,0
2025-09-09 11:45:00+00:00,23811.95,23812.15,23800.95,23801.85,491,170,0
2025-09-09 11:50:00+00:00,23801.45,23806.35,23800.05,23802.95,373,170,0
2025-09-09 11:55:00+00:00,23802.65,23809.25,23802.15,23808.95,349,160,0
2025-09-09 12:00:00+00:00,23808.15,23813.85,23805.15,23810.35,463,160,0
2025-09-09 12:05:00+00:00,23810.65,23813.85,23802.15,23802.35,399,160,0
2025-09-09 12:10:00+00:00,23802.45,23816.45,23801.85,23815.85,363,160,0
2025-09-09 12:15:00+00:00,23816.15,23820.85,23813.85,23816.95,362,150,0
2025-09-09 12:20:00+00:00,23817.25,23818.95,23809.95,23813.35,310,150,0
2025-09-09 12:25:00+00:00,23813.25,23819.55,23811.35,23813.15,336,160,0
2025-09-09 12:30:00+00:00,23813.25,23816.85,23812.65,23813.85,271,160,0
2025-09-09 12:35:00+00:00,23813.95,23818.25,23813.45,23817.65,285,150,0
2025-09-09 12:40:00+00:00,23817.75,23821.85,23812.45,23815.25,387,150,0
2025-09-09 12:45:00+00:00,23815.35,23818.45,23811.65,23817.95,326,160,0
2025-09-09 12:50:00+00:00,23817.85,23818.45,23810.45,23811.75,335,150,0
2025-09-09 12:55:00+00:00,23811.45,23814.75,23808.15,23809.95,335,160,0
2025-09-09 13:00:00+00:00,23810.15,23812.75,23807.75,23809.45,306,150,0
2025-09-09 13:05:00+00:00,23809.65,23817.65,23809.65,23817.15,289,150,0
2025-09-09 13:10:00+00:00,23816.65,23821.45,23814.65,23819.25,301,150,0
2025-09-09 13:15:00+00:00,23819.55,23821.85,23817.45,23817.55,307,150,0
2025-09-09 13:20:00+00:00,23817.75,23820.95,23817.55,23818.25,242,150,0
2025-09-09 13:25:00+00:00,23818.45,23821.25,23812.75,23812.95,219,150,0
2025-09-09 13:30:00+00:00,23813.25,23814.85,23806.85,23814.15,345,150,0
2025-09-09 13:35:00+00:00,23814.25,23820.15,23812.15,23819.65,362,160,0
2025-09-09 13:40:00+00:00,23819.85,23822.75,23818.85,23822.05,230,150,0
2025-09-09 13:45:00+00:00,23821.95,23822.95,23809.45,23809.45,331,150,0
2025-09-09 13:50:00+00:00,23809.15,23812.15,23803.95,23806.95,365,160,0
2025-09-09 13:55:00+00:00,23806.85,23811.45,23804.95,23811.45,306,150,0
2025-09-09 14:00:00+00:00,23811.25,23811.25,23802.15,23802.15,376,150,0
2025-09-09 14:05:00+00:00,23801.65,23808.65,23800.65,23806.45,385,160,0
2025-09-09 14:10:00+00:00,23806.15,23808.55,23794.85,23796.85,435,170,0
2025-09-09 14:15:00+00:00,23797.15,23797.15,23778.25,23780.55,670,170,0
2025-09-09 14:20:00+00:00,23780.15,23791.35,23777.65,23788.75,688,180,0
2025-09-09 14:25:00+00:00,23788.65,23790.95,23785.65,23786.95,424,160,0
2025-09-09 14:30:00+00:00,23786.85,23798.35,23786.65,23797.25,507,160,0
2025-09-09 14:35:00+00:00,23796.95,23799.45,23792.75,23798.95,389,160,0
2025-09-09 14:40:00+00:00,23799.15,23802.65,23796.95,23801.95,358,160,0
2025-09-09 14:45:00+00:00,23801.85,23815.35,23801.45,23813.85,599,160,0
2025-09-09 14:50:00+00:00,23813.65,23816.15,23811.75,23813.65,463,160,0
2025-09-09 14:55:00+00:00,23813.45,23818.95,23810.75,23815.35,425,160,0
2025-09-09 15:00:00+00:00,23815.15,23815.75,23804.35,23814.15,579,160,0
2025-09-09 15:05:00+00:00,23814.35,23815.15,23811.25,23812.45,361,160,0
2025-09-09 15:10:00+00:00,23812.75,23822.15,23811.65,23819.35,449,160,0
2025-09-09 15:15:00+00:00,23819.65,23822.25,23813.45,23815.75,397,150,0
2025-09-09 15:20:00+00:00,23815.85,23820.65,23811.45,23811.45,473,160,0
2025-09-09 15:25:00+00:00,23811.35,23818.35,23807.55,23817.65,514,160,0
2025-09-09 15:30:00+00:00,23817.75,23817.85,23800.85,23808.55,735,160,0
2025-09-09 15:35:00+00:00,23808.15,23817.55,23807.35,23815.75,660,180,0
2025-09-09 15:40:00+00:00,23815.55,23817.05,23805.75,23808.35,626,180,0
2025-09-09 15:45:00+00:00,23808.55,23811.25,23804.05,23805.05,572,170,0
2025-09-09 15:50:00+00:00,23805.15,23807.15,23800.05,23805.05,589,170,0
2025-09-09 15:55:00+00:00,23805.65,23809.45,23803.85,23805.05,545,170,0
2025-09-09 16:00:00+00:00,23804.95,23806.05,23766.65,23773.15,943,170,0
2025-09-09 16:05:00+00:00,23772.95,23793.25,23766.45,23793.25,1227,210,0
2025-09-09 16:10:00+00:00,23793.75,23793.85,23781.45,23788.55,973,200,0
2025-09-09 16:15:00+00:00,23788.45,23790.75,23782.05,23785.35,858,190,0
2025-09-09 16:20:00+00:00,23785.25,23791.45,23776.25,23783.95,904,190,0
2025-09-09 16:25:00+00:00,23782.05,23803.45,23782.05,23800.45,1003,190,0
2025-09-09 16:30:00+00:00,23802.15,23822.85,23789.45,23808.95,1614,80,0
2025-09-09 16:35:00+00:00,23808.85,23813.85,23791.15,23800.15,1578,120,0
2025-09-09 16:40:00+00:00,23800.55,23809.15,23784.05,23808.55,1517,120,0
2025-09-09 16:45:00+00:00,23808.15,23813.85,23791.05,23795.45,1463,120,0
2025-09-09 16:50:00+00:00,23795.05,23797.45,23770.85,23773.45,1479,120,0
2025-09-09 16:55:00+00:00,23773.55,23799.45,23767.55,23780.05,1417,120,0
2025-09-09 17:00:00+00:00,23780.55,23799.35,23748.85,23761.65,1603,120,0
2025-09-09 17:05:00+00:00,23762.15,23799.65,23755.55,23797.85,1525,120,0
2025-09-09 17:10:00+00:00,23796.55,23816.55,23793.35,23801.95,1483,120,0
2025-09-09 17:15:00+00:00,23800.65,23807.35,23776.85,23783.05,1466,120,0
2025-09-09 17:20:00+00:00,23782.85,23793.65,23781.55,23784.35,1446,120,0
2025-09-09 17:25:00+00:00,23786.05,23788.85,23765.55,23776.55,1387,120,0
2025-09-09 17:30:00+00:00,23776.85,23778.05,23719.65,23719.85,1424,120,0
2025-09-09 17:35:00+00:00,23720.05,23727.35,23700.85,23708.85,1481,120,0
2025-09-09 17:40:00+00:00,23708.55,23723.95,23693.05,23709.95,1439,120,0
2025-09-09 17:45:00+00:00,23710.05,23730.35,23702.85,23726.85,1410,120,0
2025-09-09 17:50:00+00:00,23727.15,23755.05,23707.05,23754.35,1375,120,0
2025-09-09 17:55:00+00:00,23753.85,23766.55,23751.85,23752.05,1319,110,0
2025-09-09 18:00:00+00:00,23751.05,23768.85,23731.85,23738.15,1393,120,0
2025-09-09 18:05:00+00:00,23736.65,23743.85,23718.45,23738.55,1318,120,0
2025-09-09 18:10:00+00:00,23736.65,23750.25,23729.55,23742.75,1248,80,0
2025-09-09 18:15:00+00:00,23742.25,23756.25,23742.25,23748.75,1188,80,0
2025-09-09 18:20:00+00:00,23749.05,23756.65,23740.25,23745.15,1092,80,0
2025-09-09 18:25:00+00:00,23745.25,23753.75,23740.55,23750.25,1135,80,0
2025-09-09 18:30:00+00:00,23750.55,23752.35,23736.85,23740.05,1247,80,0
2025-09-09 18:35:00+00:00,23739.75,23744.05,23730.75,23735.75,1141,80,0
2025-09-09 18:40:00+00:00,23736.05,23737.25,23720.15,23727.05,1172,80,0
2025-09-09 18:45:00+00:00,23727.25,23741.55,23724.35,23725.55,1200,80,0
2025-09-09 18:50:00+00:00,23726.25,23774.05,23726.25,23772.05,1157,80,0
2025-09-09 18:55:00+00:00,23771.35,23778.65,23750.25,23751.05,1253,80,0
2025-09-09 19:00:00+00:00,23750.75,23767.55,23748.05,23764.25,1189,80,0
2025-09-09 19:05:00+00:00,23763.75,23773.35,23761.65,23772.75,1031,80,0
2025-09-09 19:10:00+00:00,23772.55,23787.35,23772.25,23786.05,1080,80,0
2025-09-09 19:15:00+00:00,23785.75,23799.65,23781.55,23783.25,1125,80,0
2025-09-09 19:20:00+00:00,23784.05,23784.25,23761.75,23778.75,1123,80,0
2025-09-09 19:25:00+00:00,23778.55,23787.65,23776.05,23784.15,962,80,0
2025-09-09 19:30:00+00:00,23785.05,23786.65,23777.55,23786.25,1021,80,0
2025-09-09 19:35:00+00:00,23786.05,23787.15,23780.25,23785.25,873,80,0
2025-09-09 19:40:00+00:00,23784.55,23788.25,23776.05,23778.05,912,80,0
2025-09-09 19:45:00+00:00,23777.75,23789.35,23773.75,23783.55,953,80,0
2025-09-09 19:50:00+00:00,23783.05,23785.55,23772.55,23777.25,907,80,0
2025-09-09 19:55:00+00:00,23778.35,23795.75,23778.25,23787.25,910,80,0
2025-09-09 20:00:00+00:00,23787.55,23803.35,23787.55,23801.55,1007,80,0
2025-09-09 20:05:00+00:00,23801.25,23812.05,23800.85,23809.05,999,80,0
2025-09-09 20:10:00+00:00,23809.25,23821.35,23805.55,23805.55,1052,80,0
2025-09-09 20:15:00+00:00,23806.25,23818.35,23805.55,23806.35,982,80,0
2025-09-09 20:20:00+00:00,23806.75,23816.05,23805.05,23815.75,950,80,0
2025-09-09 20:25:00+00:00,23815.55,23820.25,23807.85,23808.25,946,80,0
2025-09-09 20:30:00+00:00,23808.75,23813.55,23799.75,23800.75,1022,80,0
2025-09-09 20:35:00+00:00,23800.55,23805.85,23795.05,23803.75,991,80,0
2025-09-09 20:40:00+00:00,23803.55,23804.85,23793.15,23800.25,987,80,0
2025-09-09 20:45:00+00:00,23800.05,23810.55,23798.55,23805.55,1024,80,0
2025-09-09 20:50:00+00:00,23806.05,23812.05,23803.35,23810.05,862,80,0
2025-09-09 20:55:00+00:00,23809.85,23813.05,23804.65,23805.85,855,80,0
2025-09-09 21:00:00+00:00,23806.05,23811.55,23803.65,23808.05,857,80,0
2025-09-09 21:05:00+00:00,23808.25,23814.75,23807.75,23813.55,815,80,0
2025-09-09 21:10:00+00:00,23813.35,23815.35,23790.55,23810.25,1203,80,0
2025-09-09 21:15:00+00:00,23809.75,23813.25,23800.75,23807.85,1008,80,0
2025-09-09 21:20:00+00:00,23808.25,23813.15,23804.55,23807.25,892,80,0
2025-09-09 21:25:00+00:00,23807.55,23808.15,23798.55,23800.55,889,80,0
2025-09-09 21:30:00+00:00,23800.35,23805.25,23793.75,23795.35,920,80,0
2025-09-09 21:35:00+00:00,23795.55,23799.05,23791.15,23791.65,937,80,0
2025-09-09 21:40:00+00:00,23791.25,23801.35,23790.85,23795.25,941,80,0
2025-09-09 21:45:00+00:00,23795.75,23812.25,23795.75,23811.25,933,80,0
2025-09-09 21:50:00+00:00,23811.05,23814.55,23807.55,23812.75,843,80,0
2025-09-09 21:55:00+00:00,23813.05,23815.35,23807.35,23810.55,850,80,0
2025-09-09 22:00:00+00:00,23810.65,23814.75,23805.25,23813.15,935,80,0
2025-09-09 22:05:00+00:00,23813.05,23813.85,23805.35,23807.25,885,80,0
2025-09-09 22:10:00+00:00,23807.15,23809.15,23803.25,23805.25,881,80,0
2025-09-09 22:15:00+00:00,23805.35,23816.65,23805.35,23815.05,917,80,0
2025-09-09 22:20:00+00:00,23814.75,23825.65,23814.15,23821.55,899,80,0
2025-09-09 22:25:00+00:00,23821.35,23827.55,23821.25,23822.75,894,80,0
2025-09-09 22:30:00+00:00,23823.35,23827.35,23816.05,23825.55,873,80,0
2025-09-09 22:35:00+00:00,23825.35,23827.65,23812.35,23816.05,950,80,0
2025-09-09 22:40:00+00:00,23816.25,23816.25,23802.15,23812.55,933,80,0
2025-09-09 22:45:00+00:00,23812.25,23821.35,23811.15,23818.05,942,80,0
2025-09-09 22:50:00+00:00,23823.55,23841.75,23823.55,23836.85,1110,80,0
2025-09-09 22:55:00+00:00,23837.35,23853.55,23832.15,23833.75,1278,80,0
2025-09-09 23:00:00+00:00,23834.16,23837.16,23819.56,23824.06,803,98,0
2025-09-09 23:05:00+00:00,23823.86,23831.46,23814.36,23828.16,845,208,0
2025-09-09 23:10:00+00:00,23828.06,23846.56,23826.86,23843.66,887,198,0
2025-09-09 23:15:00+00:00,23842.66,23853.56,23837.16,23853.36,962,208,0
2025-09-09 23:20:00+00:00,23853.06,23860.86,23849.56,23857.16,796,218,0
2025-09-09 23:25:00+00:00,23857.36,23867.46,23853.36,23862.86,710,198,0
2025-09-09 23:30:00+00:00,23863.66,23867.56,23858.66,23866.06,637,198,0
2025-09-09 23:35:00+00:00,23865.66,23875.46,23865.06,23870.16,645,188,0
2025-09-09 23:40:00+00:00,23870.46,23881.36,23870.06,23874.66,592,188,0
2025-09-09 23:45:00+00:00,23874.46,23878.26,23866.46,23870.86,586,188,0
2025-09-10 01:05:00+00:00,23861.66,23873.56,23859.26,23873.36,368,198,0
2025-09-10 01:10:00+00:00,23873.56,23879.86,23872.46,23876.76,336,188,0
2025-09-10 01:15:00+00:00,23876.66,23879.36,23868.16,23868.86,216,178,0
2025-09-10 01:20:00+00:00,23869.16,23870.16,23863.46,23864.46,182,168,0
2025-09-10 01:25:00+00:00,23864.16,23868.76,23861.36,23866.06,229,168,0
2025-09-10 01:30:00+00:00,23865.66,23873.76,23865.36,23870.86,238,188,0
2025-09-10 01:35:00+00:00,23871.06,23871.76,23862.56,23867.46,198,168,0
2025-09-10 01:40:00+00:00,23867.96,23868.16,23864.46,23865.96,164,168,0
2025-09-10 01:45:00+00:00,23865.76,23868.96,23863.66,23868.96,145,168,0
2025-09-10 01:50:00+00:00,23869.26,23871.26,23863.36,23865.16,168,168,0
2025-09-10 01:55:00+00:00,23864.96,23869.26,23864.76,23864.96,189,168,0
2025-09-10 02:00:00+00:00,23865.16,23867.05,23856.85,23857.85,384,150,0
2025-09-10 02:05:00+00:00,23858.15,23862.85,23853.25,23862.25,195,150,0
2025-09-10 02:10:00+00:00,23862.55,23863.55,23860.85,23861.45,150,150,0
2025-09-10 02:15:00+00:00,23860.85,23863.25,23855.75,23858.05,176,150,0
2025-09-10 02:20:00+00:00,23858.15,23859.15,23846.35,23851.35,293,160,0
2025-09-10 02:25:00+00:00,23851.15,23851.65,23843.75,23846.25,241,170,0
2025-09-10 02:30:00+00:00,23846.65,23848.65,23843.65,23845.55,214,160,0
2025-09-10 02:35:00+00:00,23845.25,23849.55,23844.65,23849.35,195,150,0
2025-09-10 02:40:00+00:00,23849.05,23855.25,23848.75,23854.25,204,150,0
2025-09-10 02:45:00+00:00,23854.05,23857.85,23849.65,23852.95,274,150,0
2025-09-10 02:50:00+00:00,23852.75,23860.15,23850.95,23858.25,214,160,0
2025-09-10 02:55:00+00:00,23858.05,23858.05,23848.75,23855.05,289,160,0
2025-09-10 03:00:00+00:00,23854.65,23856.75,23850.25,23852.45,445,160,0
2025-09-10 03:05:00+00:00,23852.65,23860.45,23852.65,23857.45,380,160,0
2025-09-10 03:10:00+00:00,23858.15,23865.55,23856.55,23862.75,360,150,0
2025-09-10 03:15:00+00:00,23863.05,23865.35,23859.25,23863.25,379,160,0
2025-09-10 03:20:00+00:00,23862.95,23866.45,23862.95,23864.55,222,150,0
2025-09-10 03:25:00+00:00,23864.85,23867.95,23864.45,23865.35,207,150,0
2025-09-10 03:30:00+00:00,23864.95,23867.55,23864.95,23865.05,161,150,0
2025-09-10 03:35:00+00:00,23865.25,23867.85,23863.45,23866.85,176,150,0
2025-09-10 03:40:00+00:00,23866.95,23867.85,23858.55,23864.75,300,150,0
2025-09-10 03:45:00+00:00,23864.65,23864.95,23855.55,23856.75,269,160,0
2025-09-10 03:50:00+00:00,23856.55,23861.45,23853.25,23854.05,255,160,0
2025-09-10 03:55:00+00:00,23853.95,23855.05,23850.85,23854.85,302,150,0
2025-09-10 04:00:00+00:00,23855.25,23860.65,23847.95,23850.15,463,150,0
2025-09-10 04:05:00+00:00,23849.95,23852.75,23848.05,23850.35,293,150,0
2025-09-10 04:10:00+00:00,23850.45,23851.05,23846.95,23850.45,263,150,0
2025-09-10 04:15:00+00:00,23850.35,23853.95,23848.45,23853.45,285,150,0
2025-09-10 04:20:00+00:00,23852.45,23856.75,23848.55,23856.45,284,160,0
2025-09-10 04:25:00+00:00,23856.75,23867.65,23855.95,23866.55,271,150,0
2025-09-10 04:30:00+00:00,23866.15,23873.55,23865.25,23872.45,403,160,0
2025-09-10 04:35:00+00:00,23872.65,23873.65,23867.25,23868.35,303,150,0
2025-09-10 04:40:00+00:00,23868.25,23868.85,23862.45,23865.25,302,150,0
2025-09-10 04:45:00+00:00,23865.55,23870.95,23865.05,23868.05,257,150,0
2025-09-10 04:50:00+00:00,23868.25,23869.85,23865.95,23869.55,333,150,0
2025-09-10 04:55:00+00:00,23869.75,23875.05,23868.05,23872.05,304,150,0
2025-09-10 05:00:00+00:00,23872.25,23875.45,23869.95,23871.95,257,150,0
2025-09-10 05:05:00+00:00,23871.75,23872.35,23866.65,23868.45,282,150,0
2025-09-10 05:10:00+00:00,23868.65,23873.35,23868.45,23871.85,244,150,0
2025-09-10 05:15:00+00:00,23871.35,23874.55,23866.85,23874.15,295,150,0
2025-09-10 05:20:00+00:00,23873.55,23875.05,23871.35,23874.25,194,150,0
2025-09-10 05:25:00+00:00,23874.75,23875.85,23870.85,23874.45,199,150,0
2025-09-10 05:30:00+00:00,23874.55,23885.95,23872.55,23882.55,286,150,0
2025-09-10 05:35:00+00:00,23882.95,23883.95,23874.45,23876.45,283,160,0
2025-09-10 05:40:00+00:00,23876.25,23878.75,23874.45,23876.45,203,150,0
2025-09-10 05:45:00+00:00,23876.75,23879.85,23875.75,23879.05,197,150,0
2025-09-10 05:50:00+00:00,23879.25,23881.05,23876.55,23877.35,193,150,0
2025-09-10 05:55:00+00:00,23877.45,23882.55,23876.55,23880.35,182,150,0
2025-09-10 06:00:00+00:00,23880.55,23885.45,23880.05,23883.85,171,150,0
2025-09-10 06:05:00+00:00,23883.95,23884.55,23881.85,23881.85,168,150,0
2025-09-10 06:10:00+00:00,23882.05,23884.95,23881.55,23884.05,118,150,0
2025-09-10 06:15:00+00:00,23884.25,23884.95,23880.55,23881.55,136,150,0
2025-09-10 06:20:00+00:00,23881.95,23884.55,23881.35,23883.05,111,150,0
2025-09-10 06:25:00+00:00,23883.25,23883.95,23882.35,23882.35,98,150,0
2025-09-10 06:30:00+00:00,23882.55,23884.95,23882.55,23883.05,140,150,0
2025-09-10 06:35:00+00:00,23882.85,23884.85,23881.35,23884.85,114,150,0
2025-09-10 06:40:00+00:00,23883.85,23887.85,23883.35,23883.85,166,150,0
2025-09-10 06:45:00+00:00,23883.95,23884.55,23882.55,23883.85,131,150,0
2025-09-10 06:50:00+00:00,23883.95,23886.85,23883.55,23885.85,117,150,0
2025-09-10 06:55:00+00:00,23885.95,23887.25,23882.35,23886.55,149,150,0
2025-09-10 07:00:00+00:00,23886.75,23889.55,23886.35,23889.55,170,150,0
2025-09-10 07:05:00+00:00,23889.45,23891.35,23887.75,23888.05,157,150,0
2025-09-10 07:10:00+00:00,23888.25,23889.25,23886.95,23888.55,127,150,0
2025-09-10 07:15:00+00:00,23888.75,23890.45,23888.45,23889.55,91,150,0
2025-09-10 07:20:00+00:00,23889.75,23890.75,23886.45,23886.55,85,150,0
2025-09-10 07:25:00+00:00,23886.85,23888.35,23886.85,23888.05,101,150,0
2025-09-10 07:30:00+00:00,23887.95,23893.45,23887.85,23888.25,154,150,0
2025-09-10 07:35:00+00:00,23888.05,23889.85,23886.45,23889.85,118,150,0
2025-09-10 07:40:00+00:00,23889.35,23889.55,23887.45,23889.55,111,150,0
2025-09-10 07:45:00+00:00,23889.35,23890.05,23886.45,23889.85,113,150,0
2025-09-10 07:50:00+00:00,23889.55,23890.35,23888.35,23889.25,93,150,0
2025-09-10 07:55:00+00:00,23889.35,23892.05,23889.25,23891.05,161,150,0
2025-09-10 08:00:00+00:00,23891.25,23891.95,23887.05,23887.25,218,150,0
2025-09-10 08:05:00+00:00,23887.75,23888.25,23884.55,23885.55,312,150,0
2025-09-10 08:10:00+00:00,23885.35,23887.75,23881.25,23886.95,398,150,0
2025-09-10 08:15:00+00:00,23887.05,23887.45,23882.05,23885.85,260,150,0
2025-09-10 08:20:00+00:00,23886.05,23889.95,23885.85,23888.55,200,150,0
2025-09-10 08:25:00+00:00,23888.45,23890.95,23887.35,23889.05,186,150,0
2025-09-10 08:30:00+00:00,23889.35,23897.25,23883.15,23884.65,351,150,0
2025-09-10 08:35:00+00:00,23884.55,23887.85,23882.45,23887.85,192,150,0
2025-09-10 08:40:00+00:00,23887.55,23888.25,23882.95,23886.05,167,150,0
2025-09-10 08:45:00+00:00,23886.25,23888.55,23885.25,23888.35,139,150,0
2025-09-10 08:50:00+00:00,23888.25,23888.95,23883.85,23887.55,194,150,0
2025-09-10 08:55:00+00:00,23887.85,23889.45,23884.55,23888.05,163,150,0
2025-09-10 09:00:00+00:00,23887.85,23889.25,23884.55,23886.35,281,150,0
2025-09-10 09:05:00+00:00,23886.75,23890.95,23882.05,23890.05,321,150,0
2025-09-10 09:10:00+00:00,23889.75,23896.85,23885.15,23895.45,270,150,0
2025-09-10 09:15:00+00:00,23895.95,23897.65,23890.45,23896.75,315,160,0
2025-09-10 09:20:00+00:00,23897.05,23904.75,23897.05,23903.45,339,160,0
2025-09-10 09:25:00+00:00,23903.75,23907.25,23902.45,23905.15,303,160,0
2025-09-10 09:30:00+00:00,23905.25,23909.55,23905.25,23906.75,332,160,0
2025-09-10 09:35:00+00:00,23906.95,23913.25,23906.75,23912.45,347,160,0
2025-09-10 09:40:00+00:00,23912.75,23917.25,23909.05,23915.55,276,150,0
2025-09-10 09:45:00+00:00,23915.25,23915.55,23906.25,23907.05,252,150,0
2025-09-10 09:50:00+00:00,23907.25,23911.65,23901.15,23909.45,293,160,0
2025-09-10 09:55:00+00:00,23908.55,23913.45,23905.35,23912.85,309,160,0
2025-09-10 10:00:00+00:00,23911.35,23914.65,23905.85,23911.15,708,180,0
2025-09-10 10:05:00+00:00,23911.35,23914.85,23909.15,23914.25,501,160,0
2025-09-10 10:10:00+00:00,23914.45,23922.55,23914.15,23920.05,429,150,0
2025-09-10 10:15:00+00:00,23920.15,23920.75,23909.95,23911.35,539,160,0
2025-09-10 10:20:00+00:00,23911.25,23915.95,23910.45,23915.95,373,150,0
2025-09-10 10:25:00+00:00,23915.75,23917.25,23911.95,23913.05,413,150,0
2025-09-10 10:30:00+00:00,23913.25,23915.75,23907.65,23909.65,450,160,0
2025-09-10 10:35:00+00:00,23909.25,23911.25,23904.95,23907.55,405,160,0
2025-09-10 10:40:00+00:00,23907.65,23912.95,23904.35,23908.15,398,160,0
2025-09-10 10:45:00+00:00,23907.95,23915.25,23905.85,23909.25,343,160,0
2025-09-10 10:50:00+00:00,23909.15,23911.95,23904.85,23911.25,348,160,0
2025-09-10 10:55:00+00:00,23911.15,23914.95,23905.85,23907.15,408,160,0
2025-09-10 11:00:00+00:00,23906.75,23909.75,23896.85,23898.65,615,170,0
2025-09-10 11:05:00+00:00,23898.75,23899.05,23887.15,23887.45,553,170,0
2025-09-10 11:10:00+00:00,23887.85,23898.55,23887.15,23897.65,440,160,0
2025-09-10 11:15:00+00:00,23897.75,23900.95,23890.85,23890.85,362,150,0
2025-09-10 11:20:00+00:00,23890.55,23890.55,23878.15,23885.95,546,150,0
2025-09-10 11:25:00+00:00,23886.25,23889.25,23879.25,23879.35,453,160,0
2025-09-10 11:30:00+00:00,23879.25,23881.15,23862.05,23864.55,676,170,0
2025-09-10 11:35:00+00:00,23864.65,23869.15,23857.65,23867.85,603,180,0
2025-09-10 11:40:00+00:00,23867.65,23868.15,23859.75,23860.75,427,160,0
2025-09-10 11:45:00+00:00,23860.65,23872.65,23856.25,23871.55,489,160,0
2025-09-10 11:50:00+00:00,23871.85,23873.05,23861.15,23861.25,378,170,0
2025-09-10 11:55:00+00:00,23861.15,23867.65,23861.15,23864.95,453,160,0
2025-09-10 12:00:00+00:00,23865.35,23869.75,23856.75,23858.25,554,160,0
2025-09-10 12:05:00+00:00,23857.85,23864.45,23856.55,23858.65,423,160,0
2025-09-10 12:10:00+00:00,23858.45,23864.45,23854.65,23863.25,415,160,0
2025-09-10 12:15:00+00:00,23862.65,23862.95,23851.85,23853.15,411,160,0
2025-09-10 12:20:00+00:00,23852.95,23858.75,23851.45,23857.75,367,160,0
2025-09-10 12:25:00+00:00,23857.95,23863.55,23857.65,23857.95,423,160,0
2025-09-10 12:30:00+00:00,23857.75,23863.25,23855.05,23858.55,315,160,0
2025-09-10 12:35:00+00:00,23858.25,23865.75,23858.15,23863.05,375,160,0
2025-09-10 12:40:00+00:00,23862.65,23870.65,23860.25,23870.05,327,160,0
2025-09-10 12:45:00+00:00,23870.55,23876.25,23869.55,23876.25,388,160,0
2025-09-10 12:50:00+00:00,23876.55,23879.05,23874.25,23876.95,320,150,0
2025-09-10 12:55:00+00:00,23876.85,23878.85,23874.85,23878.05,295,150,0
2025-09-10 13:00:00+00:00,23877.85,23878.25,23872.85,23876.55,267,150,0
2025-09-10 13:05:00+00:00,23876.75,23879.75,23874.85,23879.75,251,150,0
2025-09-10 13:10:00+00:00,23879.55,23884.75,23879.35,23882.95,306,150,0
2025-09-10 13:15:00+00:00,23883.05,23883.25,23875.75,23881.35,237,150,0
2025-09-10 13:20:00+00:00,23880.85,23885.95,23876.85,23885.75,318,150,0
2025-09-10 13:25:00+00:00,23885.95,23889.55,23885.15,23888.65,302,150,0
2025-09-10 13:30:00+00:00,23888.55,23893.05,23885.95,23887.75,313,160,0
2025-09-10 13:35:00+00:00,23887.15,23894.45,23886.75,23892.35,362,150,0
2025-09-10 13:40:00+00:00,23892.45,23895.55,23888.95,23894.75,311,150,0
2025-09-10 13:45:00+00:00,23895.05,23895.35,23889.95,23891.05,244,150,0
2025-09-10 13:50:00+00:00,23891.35,23895.25,23891.35,23894.35,217,150,0
2025-09-10 13:55:00+00:00,23894.45,23895.85,23891.05,23893.75,305,150,0
2025-09-10 14:00:00+00:00,23894.25,23896.95,23891.65,23895.45,305,150,0
2025-09-10 14:05:00+00:00,23895.75,23896.75,23894.45,23896.35,229,150,0
2025-09-10 14:10:00+00:00,23896.25,23898.45,23892.95,23896.95,277,150,0
2025-09-10 14:15:00+00:00,23897.05,23899.55,23891.95,23899.25,344,150,0
2025-09-10 14:20:00+00:00,23899.15,23904.45,23894.65,23895.65,484,160,0
2025-09-10 14:25:00+00:00,23895.75,23898.75,23892.65,23897.05,376,150,0
2025-09-10 14:30:00+00:00,23897.25,23904.65,23897.05,23904.65,341,150,0
2025-09-10 14:35:00+00:00,23904.95,23916.65,23904.15,23914.15,475,160,0
2025-09-10 14:40:00+00:00,23914.45,23923.95,23913.85,23923.15,443,160,0
2025-09-10 14:45:00+00:00,23923.25,23926.45,23920.45,23921.75,417,160,0
2025-09-10 14:50:00+00:00,23921.65,23923.65,23917.65,23919.95,384,160,0
2025-09-10 14:55:00+00:00,23919.75,23922.95,23916.95,23918.25,358,150,0
2025-09-10 15:00:00+00:00,23917.75,23931.85,23911.35,23931.85,632,150,0
2025-09-10 15:05:00+00:00,23931.35,23933.45,23921.85,23927.85,526,170,0
2025-09-10 15:10:00+00:00,23928.25,23928.75,23916.65,23917.35,438,160,0
2025-09-10 15:15:00+00:00,23917.45,23919.45,23910.65,23918.15,598,170,0
2025-09-10 15:20:00+00:00,23918.25,23918.45,23907.25,23907.25,536,170,0
2025-09-10 15:25:00+00:00,23907.35,23912.7,23904.35,23909.24,678,170,0
2025-09-10 15:30:00+00:00,23908.74,24008.65,23902.55,23989.75,1461,210,0
2025-09-10 15:35:00+00:00,23989.05,23992.45,23961.15,23971.25,1274,210,0
2025-09-10 15:40:00+00:00,23971.45,23979.45,23965.95,23979.25,1152,210,0
2025-09-10 15:45:00+00:00,23979.15,23982.65,23966.05,23971.25,1124,210,0
2025-09-10 15:50:00+00:00,23971.45,23975.85,23964.45,23968.05,1052,200,0
2025-09-10 15:55:00+00:00,23967.95,23975.25,23966.55,23972.85,988,190,0
2025-09-10 16:00:00+00:00,23973.05,23974.55,23947.45,23953.95,1011,190,0
2025-09-10 16:05:00+00:00,23954.05,23958.75,23948.05,23958.25,976,200,0
2025-09-10 16:10:00+00:00,23958.05,23970.35,23954.95,23967.65,875,180,0
2025-09-10 16:15:00+00:00,23967.55,23978.95,23967.05,23976.35,872,180,0
2025-09-10 16:20:00+00:00,23976.85,23981.45,23973.45,23976.85,712,180,0
2025-09-10 16:25:00+00:00,23972.05,23983.55,23965.05,23968.45,1014,180,0
2025-09-10 16:30:00+00:00,23967.15,23969.15,23901.45,23931.65,1635,90,0
2025-09-10 16:35:00+00:00,23931.95,23945.15,23896.85,23910.85,1617,120,0
2025-09-10 16:40:00+00:00,23910.65,23920.65,23887.75,23899.35,1613,120,0
2025-09-10 16:45:00+00:00,23901.15,23914.45,23881.95,23913.45,1596,120,0
2025-09-10 16:50:00+00:00,23913.35,23921.65,23870.65,23885.45,1575,120,0
2025-09-10 16:55:00+00:00,23885.15,23904.85,23875.15,23899.85,1579,120,0
2025-09-10 17:00:00+00:00,23899.65,23939.35,23894.35,23931.95,1497,120,0
2025-09-10 17:05:00+00:00,23932.15,23946.15,23914.95,23923.95,1440,120,0
2025-09-10 17:10:00+00:00,23923.85,23941.35,23915.85,23928.25,1475,120,0
2025-09-10 17:15:00+00:00,23927.85,23945.65,23918.15,23939.35,1454,120,0
2025-09-10 17:20:00+00:00,23938.15,23952.95,23931.15,23951.85,1424,120,0
2025-09-10 17:25:00+00:00,23950.65,23954.75,23929.35,23933.75,1351,80,0
2025-09-10 17:30:00+00:00,23933.25,23950.65,23931.55,23938.65,1318,90,0
2025-09-10 17:35:00+00:00,23938.45,23951.35,23927.15,23940.35,1279,90,0
2025-09-10 17:40:00+00:00,23940.15,23951.05,23931.95,23946.65,1259,80,0
2025-09-10 17:45:00+00:00,23946.55,23958.35,23942.05,23947.35,1262,80,0
2025-09-10 17:50:00+00:00,23948.05,23956.65,23929.85,23939.35,1241,80,0
2025-09-10 17:55:00+00:00,23939.05,23952.85,23928.55,23936.35,1268,80,0
2025-09-10 18:00:00+00:00,23936.85,23948.45,23930.35,23940.35,1214,80,0
2025-09-10 18:05:00+00:00,23940.05,23945.15,23929.35,23936.85,1209,80,0
2025-09-10 18:10:00+00:00,23937.05,23947.65,23935.65,23938.55,1175,80,0
2025-09-10 18:15:00+00:00,23938.85,23938.95,23905.65,23908.35,1288,80,0
2025-09-10 18:20:00+00:00,23907.85,23910.65,23895.85,23904.15,1289,120,0
2025-09-10 18:25:00+00:00,23903.35,23918.55,23892.45,23912.55,1149,80,0
2025-09-10 18:30:00+00:00,23912.85,23916.15,23892.85,23902.55,1198,80,0
2025-09-10 18:35:00+00:00,23903.05,23921.05,23897.65,23918.05,1059,80,0
2025-09-10 18:40:00+00:00,23917.55,23925.05,23914.05,23924.55,1096,80,0
2025-09-10 18:45:00+00:00,23924.85,23930.85,23917.95,23929.55,1090,80,0
2025-09-10 18:50:00+00:00,23929.35,23938.65,23927.85,23937.35,1008,80,0
2025-09-10 18:55:00+00:00,23937.55,23937.55,23919.35,23919.55,1023,80,0
2025-09-10 19:00:00+00:00,23919.85,23920.05,23897.65,23901.55,1200,80,0
2025-09-10 19:05:00+00:00,23902.05,23907.55,23893.35,23902.05,1142,80,0
2025-09-10 19:10:00+00:00,23902.35,23910.95,23901.35,23902.35,1015,80,0
2025-09-10 19:15:00+00:00,23902.55,23910.45,23889.05,23889.35,1040,80,0
2025-09-10 19:20:00+00:00,23889.05,23892.35,23874.35,23889.85,1124,80,0
2025-09-10 19:25:00+00:00,23889.65,23894.85,23884.35,23887.05,1053,80,0
2025-09-10 19:30:00+00:00,23886.85,23896.05,23886.15,23894.15,972,80,0
2025-09-10 19:35:00+00:00,23894.35,23895.85,23881.55,23883.05,912,80,0
2025-09-10 19:40:00+00:00,23883.55,23887.35,23870.95,23871.55,1027,80,0
2025-09-10 19:45:00+00:00,23871.85,23879.85,23866.85,23870.45,1036,80,0
2025-09-10 19:50:00+00:00,23870.85,23884.35,23867.85,23880.55,910,80,0
2025-09-10 19:55:00+00:00,23880.85,23896.05,23880.85,23893.55,873,80,0
2025-09-10 20:00:00+00:00,23893.85,23909.25,23889.85,23897.85,1061,80,0
2025-09-10 20:05:00+00:00,23898.15,23901.65,23890.45,23900.35,982,80,0
2025-09-10 20:10:00+00:00,23900.05,23901.55,23893.05,23894.05,863,80,0
2025-09-10 20:15:00+00:00,23894.35,23895.55,23880.35,23881.85,885,80,0
2025-09-10 20:20:00+00:00,23881.35,23886.05,23859.35,23867.05,1041,80,0
2025-09-10 20:25:00+00:00,23866.55,23866.55,23845.85,23853.55,1106,80,0
2025-09-10 20:30:00+00:00,23853.85,23867.45,23847.35,23866.35,1111,80,0
2025-09-10 20:35:00+00:00,23866.05,23875.85,23858.35,23860.85,1010,80,0
2025-09-10 20:40:00+00:00,23860.55,23876.55,23857.55,23869.05,972,80,0
2025-09-10 20:45:00+00:00,23868.65,23875.05,23863.35,23872.05,970,80,0
2025-09-10 20:50:00+00:00,23872.35,23878.55,23852.05,23861.05,994,80,0
2025-09-10 20:55:00+00:00,23860.05,23868.15,23851.35,23867.05,1008,80,0
2025-09-10 21:00:00+00:00,23865.85,23869.15,23859.85,23862.35,988,80,0
2025-09-10 21:05:00+00:00,23861.55,23861.55,23850.95,23851.55,914,80,0
2025-09-10 21:10:00+00:00,23851.85,23859.65,23847.35,23857.55,877,80,0
2025-09-10 21:15:00+00:00,23857.45,23857.45,23826.85,23830.45,943,80,0
2025-09-10 21:20:00+00:00,23831.05,23840.35,23826.85,23832.35,1169,80,0
2025-09-10 21:25:00+00:00,23832.55,23834.55,23815.35,23827.15,1147,80,0
2025-09-10 21:30:00+00:00,23827.35,23848.45,23824.05,23847.55,1107,80,0
2025-09-10 21:35:00+00:00,23846.55,23848.85,23828.05,23836.35,1066,80,0
2025-09-10 21:40:00+00:00,23837.05,23846.35,23830.35,23830.85,996,80,0
2025-09-10 21:45:00+00:00,23831.05,23836.95,23810.55,23817.55,1043,80,0
2025-09-10 21:50:00+00:00,23817.35,23817.95,23805.55,23814.45,1003,80,0
2025-09-10 21:55:00+00:00,23815.55,23836.85,23813.65,23831.85,1058,80,0
2025-09-10 22:00:00+00:00,23832.05,23835.55,23808.85,23811.55,1043,80,0
2025-09-10 22:05:00+00:00,23811.35,23819.65,23794.05,23798.55,1157,80,0
2025-09-10 22:10:00+00:00,23798.85,23802.85,23774.85,23776.05,1160,80,0
2025-09-10 22:15:00+00:00,23776.65,23792.45,23771.25,23789.05,1221,80,0
2025-09-10 22:20:00+00:00,23788.05,23788.55,23755.15,23774.35,1251,80,0
2025-09-10 22:25:00+00:00,23774.65,23784.35,23771.05,23779.15,1177,80,0
2025-09-10 22:30:00+00:00,23779.35,23809.05,23779.35,23799.55,1175,80,0
2025-09-10 22:35:00+00:00,23799.85,23809.65,23781.85,23784.05,1153,80,0
2025-09-10 22:40:00+00:00,23784.35,23832.05,23778.35,23832.05,1166,80,0
2025-09-10 22:45:00+00:00,23832.55,23837.35,23822.85,23832.95,1152,80,0
2025-09-10 22:50:00+00:00,23839.05,23851.75,23835.45,23838.75,1307,80,0
2025-09-10 22:55:00+00:00,23838.85,23861.85,23838.45,23844.35,1258,80,0
2025-09-10 23:00:00+00:00,23844.45,23853.66,23835.36,23849.36,975,120,0
2025-09-10 23:05:00+00:00,23849.06,23850.36,23842.26,23847.96,538,198,0
2025-09-10 23:10:00+00:00,23847.76,23847.96,23839.36,23840.36,395,178,0
2025-09-10 23:15:00+00:00,23840.16,23844.66,23836.36,23838.86,411,178,0
2025-09-10 23:20:00+00:00,23837.86,23839.36,23834.76,23838.06,305,178,0
2025-09-10 23:25:00+00:00,23837.96,23844.36,23837.86,23843.36,307,168,0
2025-09-10 23:30:00+00:00,23842.66,23843.86,23838.76,23840.16,171,168,0
2025-09-10 23:35:00+00:00,23839.96,23842.86,23838.66,23840.16,196,168,0
2025-09-10 23:40:00+00:00,23840.26,23840.26,23836.26,23836.66,192,168,0
2025-09-10 23:45:00+00:00,23836.36,23836.86,23826.66,23826.76,284,168,0
2025-09-11 01:05:00+00:00,23846.96,23849.96,23841.86,23842.66,310,208,0
2025-09-11 01:10:00+00:00,23843.16,23851.06,23841.36,23843.06,192,188,0
2025-09-11 01:15:00+00:00,23842.96,23845.66,23840.06,23845.16,159,168,0
2025-09-11 01:20:00+00:00,23844.96,23850.46,23841.86,23843.66,212,168,0
2025-09-11 01:25:00+00:00,23843.56,23847.46,23841.66,23845.86,195,168,0
2025-09-11 01:30:00+00:00,23845.66,23850.36,23845.66,23849.16,173,178,0
2025-09-11 01:35:00+00:00,23849.06,23851.56,23848.86,23850.96,159,168,0
2025-09-11 01:40:00+00:00,23850.66,23858.36,23850.46,23858.06,270,168,0
2025-09-11 01:45:00+00:00,23857.96,23870.26,23857.76,23870.26,304,168,0
2025-09-11 01:50:00+00:00,23870.56,23871.06,23862.16,23864.16,182,178,0
2025-09-11 01:55:00+00:00,23864.46,23880.16,23864.16,23868.96,345,168,0
2025-09-11 02:00:00+00:00,23869.05,23870.45,23864.15,23868.95,196,160,0
2025-09-11 02:05:00+00:00,23868.85,23880.35,23868.85,23879.95,331,170,0
2025-09-11 02:10:00+00:00,23880.35,23880.95,23872.15,23874.15,252,160,0
2025-09-11 02:15:00+00:00,23874.05,23885.35,23873.45,23877.15,300,150,0
2025-09-11 02:20:00+00:00,23877.45,23880.45,23876.45,23876.75,214,150,0
2025-09-11 02:25:00+00:00,23876.65,23877.75,23871.65,23872.95,172,150,0
2025-09-11 02:30:00+00:00,23873.05,23875.15,23871.05,23873.25,186,150,0
2025-09-11 02:35:00+00:00,23873.15,23875.75,23872.55,23872.75,125,150,0
2025-09-11 02:40:00+00:00,23872.95,23873.25,23865.55,23870.45,208,150,0
2025-09-11 02:45:00+00:00,23869.95,23871.25,23866.95,23868.85,299,160,0
2025-09-11 02:50:00+00:00,23867.85,23869.95,23864.35,23868.95,270,150,0
2025-09-11 02:55:00+00:00,23869.45,23873.05,23867.05,23872.75,292,150,0
2025-09-11 03:00:00+00:00,23870.25,23877.05,23864.85,23866.85,596,150,0
2025-09-11 03:05:00+00:00,23867.35,23869.35,23859.45,23859.45,610,170,0
2025-09-11 03:10:00+00:00,23859.55,23862.75,23854.35,23855.15,438,160,0
2025-09-11 03:15:00+00:00,23855.45,23855.45,23843.45,23848.45,499,170,0
2025-09-11 03:20:00+00:00,23848.15,23860.65,23848.15,23856.95,474,170,0
2025-09-11 03:25:00+00:00,23857.15,23863.95,23855.85,23856.65,385,160,0
2025-09-11 03:30:00+00:00,23856.35,23869.15,23853.55,23865.55,419,170,0
2025-09-11 03:35:00+00:00,23865.65,23871.65,23862.65,23871.15,301,160,0
2025-09-11 03:40:00+00:00,23870.95,23873.65,23867.45,23872.95,287,160,0
2025-09-11 03:45:00+00:00,23872.85,23879.95,23870.95,23879.95,366,160,0
2025-09-11 03:50:00+00:00,23880.25,23884.05,23872.05,23873.95,360,160,0
2025-09-11 03:55:00+00:00,23874.15,23878.95,23872.75,23876.45,313,160,0
2025-09-11 04:00:00+00:00,23875.95,23880.45,23871.15,23877.95,505,160,0
2025-09-11 04:05:00+00:00,23878.15,23881.45,23876.55,23881.35,362,160,0
2025-09-11 04:10:00+00:00,23881.15,23883.35,23877.35,23878.45,377,160,0
2025-09-11 04:15:00+00:00,23878.65,23880.75,23876.45,23879.05,304,150,0
2025-09-11 04:20:00+00:00,23878.75,23881.75,23874.15,23876.25,316,150,0
2025-09-11 04:25:00+00:00,23876.15,23884.15,23875.75,23883.25,316,150,0
2025-09-11 04:30:00+00:00,23882.95,23886.95,23881.25,23885.45,412,160,0
2025-09-11 04:35:00+00:00,23885.25,23888.35,23878.45,23879.45,402,150,0
2025-09-11 04:40:00+00:00,23879.55,23886.05,23879.25,23883.65,360,150,0
2025-09-11 04:45:00+00:00,23883.55,23883.55,23876.65,23877.45,291,150,0
2025-09-11 04:50:00+00:00,23877.25,23881.55,23875.45,23880.95,312,160,0
2025-09-11 04:55:00+00:00,23881.15,23881.95,23876.45,23879.45,296,160,0
2025-09-11 05:00:00+00:00,23878.95,23881.25,23874.75,23874.75,304,160,0
2025-09-11 05:05:00+00:00,23874.85,23876.65,23872.05,23874.05,271,150,0
2025-09-11 05:10:00+00:00,23874.25,23878.85,23873.95,23876.75,277,150,0
2025-09-11 05:15:00+00:00,23876.45,23877.15,23873.15,23875.55,246,150,0
2025-09-11 05:20:00+00:00,23875.75,23878.65,23874.95,23875.75,153,150,0
2025-09-11 05:25:00+00:00,23876.05,23883.65,23875.55,23882.25,255,150,0
2025-09-11 05:30:00+00:00,23882.55,23888.05,23881.95,23887.15,281,150,0
2025-09-11 05:35:00+00:00,23887.25,23887.25,23879.05,23882.75,269,150,0
2025-09-11 05:40:00+00:00,23883.05,23884.55,23878.45,23878.95,199,150,0
2025-09-11 05:45:00+00:00,23879.25,23880.25,23872.75,23875.75,275,150,0
2025-09-11 05:50:00+00:00,23875.95,23876.65,23873.55,23875.05,188,150,0
2025-09-11 05:55:00+00:00,23875.75,23881.65,23875.55,23879.65,204,150,0
2025-09-11 06:00:00+00:00,23879.75,23882.95,23877.05,23881.05,208,150,0
2025-09-11 06:05:00+00:00,23881.15,23882.45,23878.25,23880.75,191,150,0
2025-09-11 06:10:00+00:00,23880.65,23881.55,23878.55,23880.55,200,150,0
2025-09-11 06:15:00+00:00,23880.25,23883.65,23880.25,23882.25,157,150,0
2025-09-11 06:20:00+00:00,23882.45,23883.75,23881.95,23883.65,106,150,0
2025-09-11 06:25:00+00:00,23883.55,23886.95,23881.95,23885.65,153,150,0
2025-09-11 06:30:00+00:00,23885.95,23886.05,23880.75,23882.25,195,150,0
2025-09-11 06:35:00+00:00,23882.55,23888.45,23882.25,23886.45,174,150,0
2025-09-11 06:40:00+00:00,23886.55,23888.45,23885.55,23886.75,175,150,0
2025-09-11 06:45:00+00:00,23886.25,23889.65,23883.25,23887.95,199,150,0
2025-09-11 06:50:00+00:00,23887.65,23890.65,23887.45,23889.25,145,150,0
2025-09-11 06:55:00+00:00,23889.15,23889.95,23882.75,23885.25,197,150,0
2025-09-11 07:00:00+00:00,23885.45,23887.15,23881.65,23884.25,190,150,0
2025-09-11 07:05:00+00:00,23884.05,23886.95,23882.15,23885.05,162,150,0
2025-09-11 07:10:00+00:00,23884.95,23885.25,23879.65,23880.55,164,150,0
2025-09-11 07:15:00+00:00,23880.45,23880.55,23869.35,23870.35,333,150,0
2025-09-11 07:20:00+00:00,23870.65,23871.85,23857.05,23859.35,478,160,0
2025-09-11 07:25:00+00:00,23859.15,23862.35,23854.35,23859.65,434,170,0
2025-09-11 07:30:00+00:00,23859.45,23860.95,23853.45,23854.45,372,160,0
2025-09-11 07:35:00+00:00,23854.65,23858.25,23852.95,23855.95,274,160,0
2025-09-11 07:40:00+00:00,23855.25,23856.25,23852.45,23854.25,239,150,0
2025-09-11 07:45:00+00:00,23854.15,23856.15,23852.15,23852.55,204,150,0
2025-09-11 07:50:00+00:00,23852.75,23856.75,23850.45,23852.05,259,150,0
2025-09-11 07:55:00+00:00,23852.25,23854.25,23850.75,23851.55,216,150,0
2025-09-11 08:00:00+00:00,23852.25,23856.55,23849.45,23850.45,330,150,0
2025-09-11 08:05:00+00:00,23850.35,23859.25,23850.25,23856.75,282,160,0
2025-09-11 08:10:00+00:00,23856.45,23856.45,23844.35,23845.65,359,150,0
2025-09-11 08:15:00+00:00,23846.15,23856.25,23843.15,23854.15,539,180,0
2025-09-11 08:20:00+00:00,23854.35,23860.25,23849.35,23859.75,359,160,0
2025-09-11 08:25:00+00:00,23859.95,23865.35,23858.95,23860.95,337,160,0
2025-09-11 08:30:00+00:00,23861.25,23863.85,23856.45,23863.65,389,160,0
2025-09-11 08:35:00+00:00,23863.75,23866.25,23857.95,23864.95,271,160,0
2025-09-11 08:40:00+00:00,23864.75,23868.05,23864.15,23866.45,246,150,0
2025-09-11 08:45:00+00:00,23866.25,23866.45,23859.25,23862.95,290,150,0
2025-09-11 08:50:00+00:00,23863.15,23864.45,23855.95,23859.25,334,160,0
2025-09-11 08:55:00+00:00,23858.95,23859.45,23854.95,23857.25,264,160,0
2025-09-11 09:00:00+00:00,23856.85,23858.45,23850.25,23856.05,397,160,0
2025-09-11 09:05:00+00:00,23855.65,23864.35,23855.35,23863.55,466,170,0
2025-09-11 09:10:00+00:00,23863.35,23867.25,23861.05,23866.75,377,160,0
2025-09-11 09:15:00+00:00,23866.45,23869.65,23863.25,23866.65,382,160,0
2025-09-11 09:20:00+00:00,23866.45,23874.85,23866.45,23873.35,271,160,0
2025-09-11 09:25:00+00:00,23874.05,23879.05,23873.95,23877.15,313,150,0
2025-09-11 09:30:00+00:00,23877.35,23893.45,23875.85,23884.05,525,160,0
2025-09-11 09:35:00+00:00,23884.15,23894.65,23883.95,23890.15,383,160,0
2025-09-11 09:40:00+00:00,23889.65,23891.95,23885.25,23886.45,332,150,0
2025-09-11 09:45:00+00:00,23886.25,23891.25,23886.25,23887.75,244,150,0
2025-09-11 09:50:00+00:00,23887.45,23889.65,23885.85,23887.15,259,160,0
2025-09-11 09:55:00+00:00,23886.95,23891.05,23883.75,23889.45,313,150,0
2025-09-11 10:00:00+00:00,23889.75,23893.55,23881.35,23884.45,812,160,0
2025-09-11 10:05:00+00:00,23884.55,23891.55,23878.25,23880.25,671,170,0
2025-09-11 10:10:00+00:00,23879.25,23888.85,23878.85,23888.45,552,170,0
2025-09-11 10:15:00+00:00,23888.65,23891.65,23880.95,23885.45,521,170,0
2025-09-11 10:20:00+00:00,23885.55,23895.65,23884.45,23894.85,489,160,0
2025-09-11 10:25:00+00:00,23894.45,23894.75,23882.65,23883.45,521,160,0
2025-09-11 10:30:00+00:00,23883.35,23888.05,23880.85,23885.85,526,170,0
2025-09-11 10:35:00+00:00,23886.15,23895.85,23885.45,23895.15,525,160,0
2025-09-11 10:40:00+00:00,23895.45,23900.75,23892.45,23893.15,490,160,0
2025-09-11 10:45:00+00:00,23892.95,23901.65,23891.15,23900.95,494,160,0
2025-09-11 10:50:00+00:00,23901.15,23905.15,23899.85,23904.75,378,150,0
2025-09-11 10:55:00+00:00,23904.95,23906.85,23900.75,23902.95,362,150,0
2025-09-11 11:00:00+00:00,23902.85,23909.15,23899.15,23905.45,561,160,0
2025-09-11 11:05:00+00:00,23905.55,23906.45,23901.05,23903.45,423,170,0
2025-09-11 11:10:00+00:00,23903.15,23911.45,23902.65,23910.85,359,160,0
2025-09-11 11:15:00+00:00,23910.65,23913.65,23902.95,23904.65,398,150,0
2025-09-11 11:20:00+00:00,23904.45,23909.35,23899.85,23901.35,420,160,0
2025-09-11 11:25:00+00:00,23901.45,23902.95,23894.85,23897.35,424,150,0
2025-09-11 11:30:00+00:00,23897.45,23900.35,23892.65,23894.15,436,160,0
2025-09-11 11:35:00+00:00,23893.95,23895.35,23889.15,23893.25,336,150,0
2025-09-11 11:40:00+00:00,23893.05,23897.25,23889.55,23896.65,403,150,0
2025-09-11 11:45:00+00:00,23896.95,23898.65,23894.25,23895.15,329,150,0
2025-09-11 11:50:00+00:00,23895.25,23897.15,23892.65,23896.25,359,150,0
2025-09-11 11:55:00+00:00,23896.45,23896.95,23893.45,23894.25,320,150,0
2025-09-11 12:00:00+00:00,23894.55,23898.95,23894.25,23895.25,313,150,0
2025-09-11 12:05:00+00:00,23895.65,23899.35,23894.25,23897.75,265,150,0
2025-09-11 12:10:00+00:00,23897.85,23899.85,23892.25,23897.35,326,150,0
2025-09-11 12:15:00+00:00,23897.25,23901.65,23896.85,23900.25,318,150,0
2025-09-11 12:20:00+00:00,23900.35,23901.45,23895.35,23898.15,318,150,0
2025-09-11 12:25:00+00:00,23898.55,23899.15,23894.55,23897.25,336,150,0
2025-09-11 12:30:00+00:00,23897.15,23897.45,23894.15,23894.25,294,150,0
2025-09-11 12:35:00+00:00,23894.15,23895.45,23885.95,23888.85,335,150,0
2025-09-11 12:40:00+00:00,23888.95,23890.45,23885.05,23886.15,267,150,0
2025-09-11 12:45:00+00:00,23886.25,23887.45,23880.15,23884.85,393,150,0
2025-09-11 12:50:00+00:00,23884.45,23891.95,23883.75,23891.15,301,150,0
2025-09-11 12:55:00+00:00,23891.45,23893.45,23890.05,23892.25,314,150,0
2025-09-11 13:00:00+00:00,23891.75,23899.35,23890.25,23898.65,319,150,0
2025-09-11 13:05:00+00:00,23898.85,23905.05,23896.15,23903.65,495,150,0
2025-09-11 13:10:00+00:00,23902.95,23907.15,23901.65,23907.05,325,150,0
2025-09-11 13:15:00+00:00,23906.55,23910.75,23903.65,23907.05,394,150,0
2025-09-11 13:20:00+00:00,23907.15,23910.95,23906.35,23907.45,352,150,0
2025-09-11 13:25:00+00:00,23907.35,23909.75,23905.55,23909.55,296,150,0
2025-09-11 13:30:00+00:00,23909.75,23913.15,23907.95,23909.95,275,150,0
2025-09-11 13:35:00+00:00,23910.15,23913.65,23907.35,23913.45,263,150,0
2025-09-11 13:40:00+00:00,23913.65,23918.65,23910.95,23912.95,285,150,0
2025-09-11 13:45:00+00:00,23913.25,23916.65,23910.35,23915.75,335,150,0
2025-09-11 13:50:00+00:00,23915.85,23920.15,23915.55,23919.75,335,150,0
2025-09-11 13:55:00+00:00,23919.95,23921.95,23917.15,23917.75,324,150,0
2025-09-11 14:00:00+00:00,23918.75,23921.95,23916.15,23919.25,436,150,0
2025-09-11 14:05:00+00:00,23919.15,23920.15,23915.45,23917.95,320,150,0
2025-09-11 14:10:00+00:00,23917.45,23918.05,23915.05,23916.15,269,150,0
2025-09-11 14:15:00+00:00,23916.45,23917.65,23912.15,23914.15,315,150,0
2025-09-11 14:20:00+00:00,23914.25,23917.05,23912.05,23912.55,302,150,0
2025-09-11 14:25:00+00:00,23912.45,23916.95,23911.15,23915.05,311,150,0
2025-09-11 14:30:00+00:00,23914.55,23916.65,23911.55,23916.45,350,150,0
2025-09-11 14:35:00+00:00,23916.35,23920.45,23914.15,23918.05,297,150,0
2025-09-11 14:40:00+00:00,23918.45,23923.85,23917.85,23920.85,363,160,0
2025-09-11 14:45:00+00:00,23920.95,23926.95,23918.85,23926.25,366,160,0
2025-09-11 14:50:00+00:00,23925.95,23925.95,23915.65,23919.35,476,160,0
2025-09-11 14:55:00+00:00,23919.45,23921.95,23917.65,23918.15,351,160,0
2025-09-11 15:00:00+00:00,23917.25,23923.65,23915.45,23918.55,370,160,0
2025-09-11 15:05:00+00:00,23918.65,23923.05,23915.05,23916.35,545,170,0
2025-09-11 15:10:00+00:00,23916.45,23919.25,23911.15,23916.85,481,160,0
2025-09-11 15:15:00+00:00,23918.85,23921.95,23911.35,23914.75,652,170,0
2025-09-11 15:20:00+00:00,23914.85,23928.55,23912.25,23914.05,799,180,0
2025-09-11 15:25:00+00:00,23914.85,23922.56,23903.05,23921.16,994,190,0
2025-09-11 15:30:00+00:00,23921.36,23946.35,23830.52,23854.65,1538,210,0
2025-09-11 15:35:00+00:00,23855.85,23885.25,23853.65,23870.35,1424,210,0
2025-09-11 15:40:00+00:00,23872.45,23896.25,23869.85,23896.25,1239,210,0
2025-09-11 15:45:00+00:00,23895.95,23918.85,23886.95,23904.15,1331,210,0
2025-09-11 15:50:00+00:00,23904.25,23930.25,23900.45,23921.25,1252,210,0
2025-09-11 15:55:00+00:00,23920.95,23932.75,23911.45,23932.25,1172,210,0
2025-09-11 16:00:00+00:00,23931.25,23935.95,23923.95,23925.35,1157,210,0
2025-09-11 16:05:00+00:00,23925.75,23926.25,23912.85,23921.85,1183,210,0
2025-09-11 16:10:00+00:00,23921.95,23926.05,23912.15,23920.75,1069,200,0
2025-09-11 16:15:00+00:00,23920.05,23924.95,23912.05,23922.65,1014,190,0
2025-09-11 16:20:00+00:00,23923.05,23932.45,23922.45,23926.25,916,190,0
2025-09-11 16:25:00+00:00,23931.55,23949.65,23930.95,23948.65,1111,190,0
2025-09-11 16:30:00+00:00,23950.15,23968.65,23940.95,23957.85,1600,80,0
2025-09-11 16:35:00+00:00,23956.85,23959.05,23898.95,23905.95,1601,120,0
2025-09-11 16:40:00+00:00,23906.35,23917.45,23884.85,23897.35,1565,120,0
2025-09-11 16:45:00+00:00,23896.05,23937.05,23883.35,23921.85,1565,120,0
2025-09-11 16:50:00+00:00,23922.05,23949.85,23912.35,23943.15,1522,120,0
2025-09-11 16:55:00+00:00,23943.05,23959.05,23933.45,23951.55,1472,120,0
2025-09-11 17:00:00+00:00,23951.05,23955.05,23934.05,23952.45,1491,120,0
2025-09-11 17:05:00+00:00,23951.55,23974.95,23949.85,23958.55,1439,120,0
2025-09-11 17:10:00+00:00,23959.05,23963.55,23927.55,23931.05,1449,120,0
2025-09-11 17:15:00+00:00,23932.55,23949.35,23920.85,23924.35,1384,120,0
2025-09-11 17:20:00+00:00,23924.85,23941.15,23919.55,23940.85,1416,120,0
2025-09-11 17:25:00+00:00,23940.55,23943.35,23923.35,23937.85,1400,120,0
2025-09-11 17:30:00+00:00,23937.35,23971.55,23934.35,23970.65,1330,80,0
2025-09-11 17:35:00+00:00,23970.25,23984.75,23968.55,23984.25,1279,80,0
2025-09-11 17:40:00+00:00,23984.05,23989.55,23978.55,23986.75,1185,80,0
2025-09-11 17:45:00+00:00,23987.05,23991.65,23970.25,23978.25,1270,80,0
2025-09-11 17:50:00+00:00,23978.55,23981.85,23948.05,23962.95,1304,80,0
2025-09-11 17:55:00+00:00,23962.15,23975.95,23947.55,23975.85,1326,90,0
2025-09-11 18:00:00+00:00,23975.45,23984.05,23973.85,23978.55,1193,80,0
2025-09-11 18:05:00+00:00,23978.75,23989.05,23973.05,23978.75,1195,80,0
2025-09-11 18:10:00+00:00,23979.05,23990.85,23978.25,23988.75,1116,80,0
2025-09-11 18:15:00+00:00,23989.05,24017.75,23986.05,24011.75,1202,80,0
2025-09-11 18:20:00+00:00,24012.05,24016.05,23997.85,24000.55,1171,80,0
2025-09-11 18:25:00+00:00,24000.85,24010.75,23997.55,24009.15,1186,80,0
2025-09-11 18:30:00+00:00,24008.95,24016.25,24007.65,24008.45,1043,80,0
2025-09-11 18:35:00+00:00,24007.75,24010.15,23994.55,23995.65,1123,80,0
2025-09-11 18:40:00+00:00,23995.15,23999.45,23990.05,23990.15,1030,80,0
2025-09-11 18:45:00+00:00,23990.55,23993.65,23974.45,23982.65,1126,80,0
2025-09-11 18:50:00+00:00,23982.95,24000.25,23981.65,23997.65,1092,80,0
2025-09-11 18:55:00+00:00,23996.95,24001.05,23993.15,23995.25,937,80,0
2025-09-11 19:00:00+00:00,23995.45,24013.75,23992.75,24012.65,1017,80,0
2025-09-11 19:05:00+00:00,24011.95,24013.65,24004.75,24008.15,907,80,0
2025-09-11 19:10:00+00:00,24007.45,24011.55,24003.65,24004.95,941,80,0
2025-09-11 19:15:00+00:00,24005.15,24009.75,23996.45,24008.65,968,80,0
2025-09-11 19:20:00+00:00,24008.55,24013.05,24001.05,24003.45,980,80,0
2025-09-11 19:25:00+00:00,24003.75,24008.65,23994.45,23995.65,876,80,0
2025-09-11 19:30:00+00:00,23996.65,24004.45,23993.65,23996.45,923,80,0
2025-09-11 19:35:00+00:00,23996.65,23997.45,23988.05,23988.15,905,80,0
2025-09-11 19:40:00+00:00,23987.75,23989.75,23977.55,23985.95,1023,80,0
2025-09-11 19:45:00+00:00,23985.65,23988.65,23978.75,23987.65,897,80,0
2025-09-11 19:50:00+00:00,23986.95,23986.95,23966.45,23979.55,957,80,0
2025-09-11 19:55:00+00:00,23979.45,23988.15,23973.65,23980.15,877,80,0
2025-09-11 20:00:00+00:00,23979.65,23981.95,23969.95,23972.95,1118,80,0
2025-09-11 20:05:00+00:00,23972.65,23984.65,23968.55,23983.75,1045,80,0
2025-09-11 20:10:00+00:00,23983.65,23997.45,23983.45,23995.45,995,80,0
2025-09-11 20:15:00+00:00,23995.55,23998.05,23983.75,23987.25,930,80,0
2025-09-11 20:20:00+00:00,23987.45,23998.15,23985.45,23996.45,853,80,0
2025-09-11 20:25:00+00:00,23995.75,24001.05,23983.95,23985.45,887,80,0
2025-09-11 20:30:00+00:00,23985.15,24000.65,23984.65,23997.65,937,80,0
2025-09-11 20:35:00+00:00,23996.95,24001.15,23991.65,23995.05,876,80,0
2025-09-11 20:40:00+00:00,23995.65,24004.75,23993.15,24000.75,984,80,0
2025-09-11 20:45:00+00:00,24001.15,24002.75,23979.15,23980.95,1022,80,0
2025-09-11 20:50:00+00:00,23981.65,23995.65,23975.55,23995.15,1068,80,0
2025-09-11 20:55:00+00:00,23994.95,24003.95,23989.15,24003.45,831,80,0
2025-09-11 21:00:00+00:00,24003.65,24006.65,23994.55,23997.15,874,80,0
2025-09-11 21:05:00+00:00,23997.65,24003.75,23995.75,24000.45,904,80,0
2025-09-11 21:10:00+00:00,24000.15,24005.75,23994.45,23997.65,945,80,0
2025-09-11 21:15:00+00:00,23997.95,24000.65,23992.65,23993.75,836,80,0
2025-09-11 21:20:00+00:00,23994.45,23997.15,23987.45,23992.15,936,80,0
2025-09-11 21:25:00+00:00,23991.65,23999.05,23985.75,23992.45,947,80,0
2025-09-11 21:30:00+00:00,23992.65,23996.55,23988.65,23990.95,836,80,0
2025-09-11 21:35:00+00:00,23990.75,24000.55,23988.25,24000.55,895,80,0
2025-09-11 21:40:00+00:00,24000.15,24005.25,23997.45,24003.65,790,80,0
2025-09-11 21:45:00+00:00,24003.75,24009.05,24001.25,24006.65,743,80,0
2025-09-11 21:50:00+00:00,24006.95,24013.15,24004.15,24006.15,916,80,0
2025-09-11 21:55:00+00:00,24006.05,24012.75,24002.95,24004.65,793,80,0
2025-09-11 22:00:00+00:00,24004.75,24006.15,23999.65,24001.95,872,80,0
2025-09-11 22:05:00+00:00,24001.45,24008.45,23995.55,23996.15,919,80,0
2025-09-11 22:10:00+00:00,23996.45,24002.45,23993.65,23994.65,854,80,0
2025-09-11 22:15:00+00:00,23994.45,24004.65,23992.65,24002.45,836,80,0
2025-09-11 22:20:00+00:00,24001.95,24007.45,23998.75,24004.45,819,80,0
2025-09-11 22:25:00+00:00,24004.15,24009.25,24000.95,24004.15,763,80,0
2025-09-11 22:30:00+00:00,24003.15,24012.15,24001.95,24007.45,869,80,0
2025-09-11 22:35:00+00:00,24007.25,24009.75,24001.55,24007.05,814,80,0
2025-09-11 22:40:00+00:00,24006.95,24008.15,23995.95,23997.15,785,80,0
2025-09-11 22:45:00+00:00,23997.25,24008.25,23995.95,24007.65,818,80,0
2025-09-11 22:50:00+00:00,24003.65,24014.95,23999.25,24007.05,1172,80,0
2025-09-11 22:55:00+00:00,24009.15,24010.55,23979.95,23982.55,1230,80,0
2025-09-11 23:00:00+00:00,23982.95,23985.06,23974.66,23980.46,969,80,0
2025-09-11 23:05:00+00:00,23980.26,23993.96,23979.96,23991.06,714,208,0
2025-09-11 23:10:00+00:00,23990.56,23992.26,23975.36,23978.36,617,178,0
2025-09-11 23:15:00+00:00,23976.86,23986.46,23976.76,23981.66,560,188,0
2025-09-11 23:20:00+00:00,23981.76,23983.86,23980.46,23981.76,357,168,0
2025-09-11 23:25:00+00:00,23981.26,23984.26,23980.26,23982.36,247,168,0
2025-09-11 23:30:00+00:00,23982.26,23985.26,23981.46,23983.46,291,168,0
2025-09-11 23:35:00+00:00,23983.36,23983.86,23978.46,23978.86,284,168,0
2025-09-11 23:40:00+00:00,23978.56,23979.46,23976.06,23977.46,242,168,0
2025-09-11 23:45:00+00:00,23977.26,23982.76,23975.26,23981.96,251,168,0
2025-09-12 01:05:00+00:00,23991.36,23997.06,23986.56,23995.86,445,208,0
2025-09-12 01:10:00+00:00,23996.16,23996.86,23987.26,23987.46,347,188,0
2025-09-12 01:15:00+00:00,23987.26,23989.26,23982.66,23982.66,251,168,0
2025-09-12 01:20:00+00:00,23982.76,23989.76,23979.56,23987.06,325,178,0
2025-09-12 01:25:00+00:00,23986.76,23988.96,23983.56,23986.76,217,168,0
2025-09-12 01:30:00+00:00,23987.56,23989.06,23980.06,23980.76,254,178,0
2025-09-12 01:35:00+00:00,23980.56,23983.36,23977.96,23979.56,233,168,0
2025-09-12 01:40:00+00:00,23979.36,23979.36,23974.06,23977.66,230,168,0
2025-09-12 01:45:00+00:00,23977.56,23982.96,23975.56,23980.86,161,168,0
2025-09-12 01:50:00+00:00,23980.96,23994.36,23980.26,23992.66,183,168,0
2025-09-12 01:55:00+00:00,23992.36,23994.36,23991.86,23993.26,138,168,0
2025-09-12 02:00:00+00:00,23993.16,23993.95,23990.25,23991.85,124,150,0
2025-09-12 02:05:00+00:00,23990.95,23991.05,23985.45,23986.55,137,150,0
2025-09-12 02:10:00+00:00,23986.85,23997.45,23986.55,23996.35,169,150,0
2025-09-12 02:15:00+00:00,23995.85,23998.55,23994.55,23997.95,151,150,0
2025-09-12 02:20:00+00:00,23997.75,24004.05,23997.25,24002.55,190,150,0
2025-09-12 02:25:00+00:00,24002.45,24002.45,23996.05,23998.85,187,150,0
2025-09-12 02:30:00+00:00,23998.75,24003.35,23998.25,24001.55,192,150,0
2025-09-12 02:35:00+00:00,24001.45,24004.95,23998.05,23999.05,194,150,0
2025-09-12 02:40:00+00:00,23999.35,24001.75,23997.95,24000.45,195,150,0
2025-09-12 02:45:00+00:00,24000.55,24000.85,23997.65,23997.75,292,150,0
2025-09-12 02:50:00+00:00,23997.85,24002.75,23996.55,24000.95,211,150,0
2025-09-12 02:55:00+00:00,24000.75,24005.55,23998.75,24000.05,279,150,0
2025-09-12 03:00:00+00:00,23999.75,24000.75,23988.65,23990.45,573,150,0
2025-09-12 03:05:00+00:00,23990.65,23991.65,23986.45,23989.65,382,160,0
2025-09-12 03:10:00+00:00,23988.75,23996.45,23988.65,23993.15,439,160,0
2025-09-12 03:15:00+00:00,23992.95,23996.25,23991.25,23992.75,400,160,0
2025-09-12 03:20:00+00:00,23992.95,24001.05,23992.25,23998.45,321,150,0
2025-09-12 03:25:00+00:00,23998.55,24003.05,23996.55,23998.25,303,150,0
2025-09-12 03:30:00+00:00,23998.45,23999.55,23988.95,23990.15,339,160,0
2025-09-12 03:35:00+00:00,23990.05,23995.15,23989.55,23994.05,283,160,0
2025-09-12 03:40:00+00:00,23994.25,23994.35,23989.95,23992.35,210,150,0
2025-09-12 03:45:00+00:00,23992.95,23995.05,23991.25,23994.35,228,150,0
2025-09-12 03:50:00+00:00,23994.45,23995.45,23987.65,23989.45,303,150,0
2025-09-12 03:55:00+00:00,23989.55,23991.05,23988.55,23989.95,239,150,0
2025-09-12 04:00:00+00:00,23990.45,23991.05,23986.75,23991.05,293,150,0
2025-09-12 04:05:00+00:00,23990.85,23991.55,23988.45,23991.05,219,150,0
2025-09-12 04:10:00+00:00,23991.25,23995.55,23990.55,23995.05,255,150,0
2025-09-12 04:15:00+00:00,23994.95,23997.25,23991.95,23994.95,286,150,0
2025-09-12 04:20:00+00:00,23995.25,23995.95,23988.95,23989.05,246,150,0
2025-09-12 04:25:00+00:00,23988.95,23989.25,23984.45,23988.55,347,150,0
2025-09-12 04:30:00+00:00,23988.65,23989.25,23983.45,23987.05,371,150,0
2025-09-12 04:35:00+00:00,23986.55,23987.55,23983.25,23986.45,356,150,0
2025-09-12 04:40:00+00:00,23985.95,23986.55,23983.35,23985.95,325,150,0
2025-09-12 04:45:00+00:00,23986.05,23986.05,23981.65,23983.15,325,150,0
2025-09-12 04:50:00+00:00,23982.95,23986.05,23981.95,23984.75,305,150,0
2025-09-12 04:55:00+00:00,23985.45,23987.95,23982.25,23984.95,216,150,0
2025-09-12 05:00:00+00:00,23985.45,23986.35,23983.05,23985.75,270,150,0
2025-09-12 05:05:00+00:00,23985.45,23985.55,23980.25,23983.35,307,150,0
2025-09-12 05:10:00+00:00,23983.25,23984.25,23977.55,23978.45,265,150,0
2025-09-12 05:15:00+00:00,23978.25,23978.45,23973.15,23974.15,340,150,0
2025-09-12 05:20:00+00:00,23973.95,23975.75,23972.75,23972.85,239,150,0
2025-09-12 05:25:00+00:00,23972.95,23976.45,23972.55,23975.05,200,150,0
2025-09-12 05:30:00+00:00,23974.95,23976.45,23972.55,23975.35,253,150,0
2025-09-12 05:35:00+00:00,23975.55,23981.25,23975.55,23979.95,264,150,0
2025-09-12 05:40:00+00:00,23979.85,23984.75,23979.75,23983.75,219,150,0
2025-09-12 05:45:00+00:00,23983.85,23984.75,23981.25,23983.75,213,150,0
2025-09-12 05:50:00+00:00,23983.55,23987.35,23983.05,23986.25,159,150,0
2025-09-12 05:55:00+00:00,23986.35,23987.05,23983.35,23983.75,193,150,0
2025-09-12 06:00:00+00:00,23984.05,23986.05,23982.85,23983.85,232,150,0
2025-09-12 06:05:00+00:00,23983.75,23984.45,23981.55,23982.95,173,150,0
2025-09-12 06:10:00+00:00,23982.85,23985.45,23982.75,23983.55,153,150,0
2025-09-12 06:15:00+00:00,23983.35,23984.85,23982.55,23984.75,120,150,0
2025-09-12 06:20:00+00:00,23984.55,23986.95,23983.45,23985.85,152,150,0
2025-09-12 06:25:00+00:00,23985.75,23985.75,23980.45,23982.35,152,150,0
2025-09-12 06:30:00+00:00,23982.55,23983.45,23981.25,23983.25,191,150,0
2025-09-12 06:35:00+00:00,23983.05,23983.45,23980.95,23982.75,165,150,0
2025-09-12 06:40:00+00:00,23982.55,23983.95,23980.95,23983.25,139,150,0
2025-09-12 06:45:00+00:00,23983.35,23983.35,23980.85,23981.95,120,150,0
2025-09-12 06:50:00+00:00,23981.85,23983.95,23981.85,23983.85,97,150,0
2025-09-12 06:55:00+00:00,23983.95,23989.75,23983.35,23988.95,158,150,0
2025-09-12 07:00:00+00:00,23988.75,23991.25,23987.95,23990.75,200,150,0
2025-09-12 07:05:00+00:00,23990.55,23994.55,23990.35,23993.95,205,150,0
2025-09-12 07:10:00+00:00,23993.85,23998.55,23993.45,23995.95,180,150,0
2025-09-12 07:15:00+00:00,23995.75,23996.75,23992.55,23993.85,199,150,0
2025-09-12 07:20:00+00:00,23993.35,24001.85,23993.25,23997.95,198,150,0
2025-09-12 07:25:00+00:00,23997.75,23998.95,23995.75,23998.95,145,150,0
2025-09-12 07:30:00+00:00,23998.85,24001.45,23997.75,24000.95,158,150,0
2025-09-12 07:35:00+00:00,24000.75,24003.55,23998.95,24002.95,178,150,0
2025-09-12 07:40:00+00:00,24002.75,24004.45,24001.35,24003.85,111,150,0
2025-09-12 07:45:00+00:00,24003.55,24004.35,24001.05,24002.95,170,150,0
2025-09-12 07:50:00+00:00,24003.55,24005.25,24002.75,24003.55,125,150,0
2025-09-12 07:55:00+00:00,24003.45,24003.75,23998.95,24000.05,156,150,0
2025-09-12 08:00:00+00:00,24000.35,24005.75,23998.75,24004.75,221,150,0
2025-09-12 08:05:00+00:00,24004.55,24006.95,24002.45,24003.25,184,150,0
2025-09-12 08:10:00+00:00,24003.45,24007.45,24001.05,24004.95,211,150,0
2025-09-12 08:15:00+00:00,24004.75,24007.55,24003.25,24007.45,189,150,0
2025-09-12 08:20:00+00:00,24007.55,24008.25,24003.25,24004.95,161,150,0
2025-09-12 08:25:00+00:00,24005.25,24007.95,24003.25,24007.95,237,150,0
2025-09-12 08:30:00+00:00,24007.85,24013.95,24007.25,24008.95,299,150,0
2025-09-12 08:35:00+00:00,24008.75,24013.65,24005.45,24013.65,275,150,0
2025-09-12 08:40:00+00:00,24013.55,24015.25,24012.25,24013.95,230,150,0
2025-09-12 08:45:00+00:00,24013.85,24019.75,24012.75,24017.25,243,150,0
2025-09-12 08:50:00+00:00,24016.95,24017.45,24014.25,24014.85,190,150,0
2025-09-12 08:55:00+00:00,24014.75,24016.35,24013.25,24014.85,167,150,0
2025-09-12 09:00:00+00:00,24015.25,24015.55,24005.85,24008.65,410,150,0
2025-09-12 09:05:00+00:00,24008.25,24011.75,24005.05,24009.45,379,150,0
2025-09-12 09:10:00+00:00,24009.35,24009.35,24005.95,24009.25,237,150,0
2025-09-12 09:15:00+00:00,24008.75,24010.55,24008.05,24008.85,289,150,0
2025-09-12 09:20:00+00:00,24008.55,24012.05,24005.25,24005.85,264,150,0
2025-09-12 09:25:00+00:00,24005.75,24005.75,23993.75,23998.15,514,150,0
2025-09-12 09:30:00+00:00,23998.95,24004.55,23994.65,23995.15,433,160,0
2025-09-12 09:35:00+00:00,23994.15,23995.15,23988.45,23988.95,368,150,0
2025-09-12 09:40:00+00:00,23988.45,23994.45,23987.95,23988.55,333,150,0
2025-09-12 09:45:00+00:00,23988.45,23992.35,23986.65,23990.75,300,160,0
2025-09-12 09:50:00+00:00,23992.75,23998.65,23992.45,23998.15,340,160,0
2025-09-12 09:55:00+00:00,23997.25,24004.15,23995.15,24003.65,354,150,0
2025-09-12 10:00:00+00:00,24002.55,24007.55,23998.15,24007.35,725,160,0
2025-09-12 10:05:00+00:00,24007.15,24011.35,23999.85,24003.65,626,180,0
2025-09-12 10:10:00+00:00,24002.15,24006.35,24000.35,24001.95,523,160,0
2025-09-12 10:15:00+00:00,24001.75,24003.95,23996.45,24003.25,396,160,0
2025-09-12 10:20:00+00:00,24003.15,24007.75,24000.25,24003.25,439,160,0
2025-09-12 10:25:00+00:00,24003.15,24005.25,23997.75,24002.75,526,170,0
2025-09-12 10:30:00+00:00,24002.35,24002.95,23995.45,23997.95,670,170,0
2025-09-12 10:35:00+00:00,23998.05,24001.45,23995.95,23997.95,468,160,0
2025-09-12 10:40:00+00:00,23997.65,23998.65,23987.05,23989.15,545,160,0
2025-09-12 10:45:00+00:00,23988.95,23997.05,23988.05,23996.05,417,160,0
2025-09-12 10:50:00+00:00,23995.95,23999.45,23995.45,23997.25,434,150,0
2025-09-12 10:55:00+00:00,23997.65,23999.15,23989.05,23990.55,465,150,0
2025-09-12 11:00:00+00:00,23990.75,23998.95,23982.35,23984.35,872,150,0
2025-09-12 11:05:00+00:00,23984.15,23992.55,23982.35,23984.15,714,180,0
2025-09-12 11:10:00+00:00,23983.95,23984.65,23965.75,23965.75,784,180,0
2025-09-12 11:15:00+00:00,23964.85,23965.15,23949.05,23957.55,859,180,0
2025-09-12 11:20:00+00:00,23958.15,23966.75,23953.65,23966.15,781,190,0
2025-09-12 11:25:00+00:00,23966.55,23972.85,23966.05,23971.35,520,170,0
2025-09-12 11:30:00+00:00,23971.25,23973.95,23969.65,23971.45,453,160,0
2025-09-12 11:35:00+00:00,23971.55,23980.65,23967.65,23975.65,497,160,0
2025-09-12 11:40:00+00:00,23975.45,23978.95,23972.65,23978.65,424,160,0
2025-09-12 11:45:00+00:00,23978.95,23980.95,23976.45,23978.65,463,150,0
2025-09-12 11:50:00+00:00,23978.55,23979.95,23974.45,23977.15,431,160,0
2025-09-12 11:55:00+00:00,23977.65,23982.95,23976.45,23982.85,421,150,0
2025-09-12 12:00:00+00:00,23982.25,23985.15,23978.75,23982.65,421,150,0
2025-09-12 12:05:00+00:00,23982.95,23985.45,23980.55,23982.55,432,150,0
2025-09-12 12:10:00+00:00,23982.85,23984.75,23981.75,23984.45,356,150,0
2025-09-12 12:15:00+00:00,23984.35,23985.25,23980.35,23982.75,340,150,0
2025-09-12 12:20:00+00:00,23982.45,23982.75,23977.15,23980.95,409,150,0
2025-09-12 12:25:00+00:00,23981.05,23984.05,23980.35,23982.45,318,150,0
2025-09-12 12:30:00+00:00,23982.55,23987.25,23981.55,23981.55,375,150,0
2025-09-12 12:35:00+00:00,23981.45,23983.65,23976.55,23982.75,468,160,0
2025-09-12 12:40:00+00:00,23983.05,23989.05,23981.05,23987.65,405,160,0
2025-09-12 12:45:00+00:00,23988.15,23995.35,23986.65,23994.85,366,150,0
2025-09-12 12:50:00+00:00,23994.55,23998.95,23993.15,23995.95,363,150,0
2025-09-12 12:55:00+00:00,23996.15,23996.95,23988.95,23990.05,360,150,0
2025-09-12 13:00:00+00:00,23991.05,23991.65,23985.65,23987.65,364,150,0
2025-09-12 13:05:00+00:00,23987.55,23993.55,23986.45,23991.15,341,150,0
2025-09-12 13:10:00+00:00,23991.75,23994.05,23989.25,23992.45,318,150,0
2025-09-12 13:15:00+00:00,23992.55,23994.75,23990.45,23991.95,287,150,0
2025-09-12 13:20:00+00:00,23992.05,23995.45,23990.65,23990.65,289,150,0
2025-09-12 13:25:00+00:00,23991.05,23996.65,23990.95,23995.75,330,160,0
2025-09-12 13:30:00+00:00,23995.45,24001.65,23992.25,23998.25,352,160,0
2025-09-12 13:35:00+00:00,23998.45,24000.25,23996.75,23997.25,265,150,0
2025-09-12 13:40:00+00:00,23997.35,24001.05,23996.95,23999.45,288,150,0
2025-09-12 13:45:00+00:00,23999.05,24001.95,23998.65,24001.95,326,150,0
2025-09-12 13:50:00+00:00,24002.45,24002.85,23997.45,23998.25,301,150,0
2025-09-12 13:55:00+00:00,23998.35,24003.95,23998.05,24002.55,284,150,0
2025-09-12 14:00:00+00:00,24002.85,24003.75,23996.95,23999.25,437,150,0
2025-09-12 14:05:00+00:00,23999.55,24001.95,23989.65,23993.85,535,160,0
2025-09-12 14:10:00+00:00,23993.95,23997.65,23992.75,23994.05,339,150,0
2025-09-12 14:15:00+00:00,23993.95,23995.25,23991.95,23992.45,357,150,0
2025-09-12 14:20:00+00:00,23992.35,24001.65,23989.85,24000.95,354,150,0
2025-09-12 14:25:00+00:00,24001.25,24005.95,24000.25,24005.45,355,150,0
2025-09-12 14:30:00+00:00,24004.95,24007.05,24002.75,24003.55,307,150,0
2025-09-12 14:35:00+00:00,24003.35,24009.05,24001.45,24008.05,314,150,0
2025-09-12 14:40:00+00:00,24008.25,24008.95,24004.45,24008.75,317,150,0
2025-09-12 14:45:00+00:00,24008.25,24015.55,24007.75,24012.25,345,150,0
2025-09-12 14:50:00+00:00,24012.15,24015.45,24010.15,24015.05,387,150,0
2025-09-12 14:55:00+00:00,24014.95,24027.75,24014.95,24024.75,429,150,0
2025-09-12 15:00:00+00:00,24024.95,24026.85,24009.25,24009.85,536,170,0
2025-09-12 15:05:00+00:00,24009.75,24016.95,24005.35,24011.15,590,170,0
2025-09-12 15:10:00+00:00,24010.65,24014.15,24009.15,24012.65,476,160,0
2025-09-12 15:15:00+00:00,24014.15,24023.95,24013.45,24023.45,475,160,0
2025-09-12 15:20:00+00:00,24023.25,24024.15,24015.85,24019.15,487,150,0
2025-09-12 15:25:00+00:00,24018.95,24021.85,24008.75,24016.75,604,150,0
2025-09-12 15:30:00+00:00,24016.05,24018.25,23994.95,24006.95,909,210,0
2025-09-12 15:35:00+00:00,24007.05,24012.05,24000.45,24009.25,780,190,0
2025-09-12 15:40:00+00:00,24009.05,24016.65,24005.05,24011.85,705,180,0
2025-09-12 15:45:00+00:00,24011.95,24019.85,24011.55,24018.95,512,170,0
2025-09-12 15:50:00+00:00,24018.85,24023.25,24016.55,24022.65,493,160,0
2025-09-12 15:55:00+00:00,24022.95,24024.55,24020.95,24022.15,465,160,0
2025-09-12 16:00:00+00:00,24021.45,24028.65,24019.25,24023.45,670,160,0
2025-09-12 16:05:00+00:00,24023.65,24031.15,24023.05,24030.65,690,170,0
2025-09-12 16:10:00+00:00,24030.85,24031.65,24026.65,24028.45,482,160,0
2025-09-12 16:15:00+00:00,24028.15,24029.95,24026.15,24028.15,500,160,0
2025-09-12 16:20:00+00:00,24028.45,24029.15,24024.75,24027.45,458,150,0
2025-09-12 16:25:00+00:00,24025.25,24028.95,24017.85,24019.75,901,160,0
2025-09-12 16:30:00+00:00,24020.55,24043.15,24006.85,24015.95,1583,80,0
2025-09-12 16:35:00+00:00,24014.65,24014.95,23982.85,23993.15,1503,120,0
2025-09-12 16:40:00+00:00,23993.65,24013.95,23987.85,24010.35,1441,120,0
2025-09-12 16:45:00+00:00,24009.35,24019.65,24001.15,24007.35,1385,120,0
2025-09-12 16:50:00+00:00,24006.25,24014.35,23997.15,24006.15,1399,120,0
2025-09-12 16:55:00+00:00,24005.85,24029.85,24005.75,24025.32,1341,90,0
2025-09-12 17:00:00+00:00,24015.32,24035.15,24012.77,24029.85,1436,120,0
2025-09-12 17:05:00+00:00,24029.75,24038.65,24027.55,24038.05,1268,80,0
2025-09-12 17:10:00+00:00,24037.55,24041.05,24009.35,24012.05,1278,80,0
2025-09-12 17:15:00+00:00,24012.55,24036.55,24007.35,24034.55,1206,80,0
2025-09-12 17:20:00+00:00,24034.05,24053.85,24031.55,24052.35,1276,80,0
2025-09-12 17:25:00+00:00,24051.85,24056.55,24046.65,24051.85,1164,80,0
2025-09-12 17:30:00+00:00,24052.45,24064.85,24045.35,24060.65,1200,80,0
2025-09-12 17:35:00+00:00,24060.35,24068.45,24057.55,24062.35,1132,80,0
2025-09-12 17:40:00+00:00,24062.45,24067.65,24055.85,24062.05,1065,80,0
2025-09-12 17:45:00+00:00,24062.35,24076.35,24060.35,24075.85,1082,80,0
2025-09-12 17:50:00+00:00,24075.55,24087.55,24071.95,24087.55,1063,80,0
2025-09-12 17:55:00+00:00,24087.45,24095.95,24081.05,24086.35,1141,80,0
2025-09-12 18:00:00+00:00,24086.45,24091.65,24066.15,24067.35,1098,80,0
2025-09-12 18:05:00+00:00,24067.05,24075.85,24063.85,24073.05,1075,80,0
2025-09-12 18:10:00+00:00,24072.85,24079.35,24066.05,24075.85,1042,80,0
2025-09-12 18:15:00+00:00,24075.55,24085.65,24068.35,24069.35,1027,80,0
2025-09-12 18:20:00+00:00,24069.85,24073.45,24059.85,24072.85,1090,80,0
2025-09-12 18:25:00+00:00,24072.55,24078.95,24067.05,24067.55,962,80,0
2025-09-12 18:30:00+00:00,24067.85,24077.35,24058.55,24074.05,1022,80,0
2025-09-12 18:35:00+00:00,24073.45,24076.85,24063.05,24066.35,898,80,0
2025-09-12 18:40:00+00:00,24066.55,24071.95,24057.15,24060.45,998,80,0
2025-09-12 18:45:00+00:00,24060.55,24063.65,24053.05,24061.05,990,80,0
2025-09-12 18:50:00+00:00,24060.85,24070.35,24059.85,24069.05,986,80,0
2025-09-12 18:55:00+00:00,24069.15,24079.95,24068.55,24071.55,965,80,0
2025-09-12 19:00:00+00:00,24071.35,24072.55,24055.05,24060.95,1001,80,0
2025-09-12 19:05:00+00:00,24060.55,24071.95,24052.45,24071.65,929,80,0
2025-09-12 19:10:00+00:00,24071.95,24081.05,24070.85,24078.05,886,80,0
2025-09-12 19:15:00+00:00,24078.55,24087.15,24078.45,24081.85,925,80,0
2025-09-12 19:20:00+00:00,24081.55,24086.95,24072.45,24084.95,873,80,0
2025-09-12 19:25:00+00:00,24085.05,24086.85,24081.55,24086.05,772,80,0
2025-09-12 19:30:00+00:00,24085.85,24092.45,24082.95,24090.95,879,80,0
2025-09-12 19:35:00+00:00,24091.45,24091.45,24078.35,24079.05,855,80,0
2025-09-12 19:40:00+00:00,24078.85,24082.05,24076.85,24081.55,810,80,0
2025-09-12 19:45:00+00:00,24081.65,24090.55,24077.55,24085.55,877,80,0
2025-09-12 19:50:00+00:00,24085.85,24094.45,24082.55,24092.35,886,80,0
2025-09-12 19:55:00+00:00,24092.15,24102.55,24088.35,24090.85,966,80,0
2025-09-12 20:00:00+00:00,24091.55,24092.05,24081.95,24082.55,891,80,0
2025-09-12 20:05:00+00:00,24083.05,24084.55,24078.85,24079.15,808,80,0
2025-09-12 20:10:00+00:00,24079.35,24086.15,24078.35,24085.45,770,80,0
2025-09-12 20:15:00+00:00,24085.55,24091.55,24079.45,24081.55,775,80,0
2025-09-12 20:20:00+00:00,24082.05,24087.15,24079.85,24086.05,677,80,0
2025-09-12 20:25:00+00:00,24086.55,24086.55,24080.35,24081.35,664,80,0
2025-09-12 20:30:00+00:00,24081.55,24087.35,24079.05,24080.35,702,80,0
2025-09-12 20:35:00+00:00,24080.15,24083.65,24072.15,24078.85,876,80,0
2025-09-12 20:40:00+00:00,24078.55,24085.65,24078.45,24084.05,752,80,0
2025-09-12 20:45:00+00:00,24083.85,24094.65,24083.55,24094.15,827,80,0
2025-09-12 20:50:00+00:00,24094.05,24101.15,24091.55,24098.45,930,80,0
2025-09-12 20:55:00+00:00,24098.55,24108.55,24097.35,24104.35,904,80,0
2025-09-12 21:00:00+00:00,24104.45,24104.55,24094.05,24094.35,846,80,0
2025-09-12 21:05:00+00:00,24094.05,24101.55,24093.85,24101.15,730,80,0
2025-09-12 21:10:00+00:00,24101.05,24105.45,24096.65,24104.55,747,80,0
2025-09-12 21:15:00+00:00,24104.45,24104.45,24097.45,24101.05,698,80,0
2025-09-12 21:20:00+00:00,24101.15,24104.05,24099.85,24102.45,763,80,0
2025-09-12 21:25:00+00:00,24102.55,24106.55,24101.35,24102.65,699,80,0
2025-09-12 21:30:00+00:00,24102.85,24118.05,24100.15,24112.55,849,80,0
2025-09-12 21:35:00+00:00,24112.05,24121.35,24109.45,24119.65,800,80,0
2025-09-12 21:40:00+00:00,24119.15,24123.35,24116.15,24119.95,827,80,0
2025-09-12 21:45:00+00:00,24120.05,24121.85,24100.35,24109.85,799,80,0
2025-09-12 21:50:00+00:00,24111.05,24132.85,24111.05,24132.85,992,80,0
2025-09-12 21:55:00+00:00,24132.95,24137.95,24129.55,24132.85,932,80,0
2025-09-12 22:00:00+00:00,24133.05,24136.35,24130.65,24132.55,766,80,0
2025-09-12 22:05:00+00:00,24132.35,24135.55,24126.45,24129.45,781,80,0
2025-09-12 22:10:00+00:00,24129.35,24129.55,24115.55,24118.15,785,80,0
2025-09-12 22:15:00+00:00,24118.05,24120.05,24112.85,24116.55,847,80,0
2025-09-12 22:20:00+00:00,24116.45,24118.55,24107.05,24107.45,812,80,0
2025-09-12 22:25:00+00:00,24107.35,24112.35,24099.35,24103.45,879,80,0
2025-09-12 22:30:00+00:00,24103.35,24105.35,24084.35,24090.35,1134,80,0
2025-09-12 22:35:00+00:00,24089.85,24094.35,24076.85,24079.05,1120,80,0
2025-09-12 22:40:00+00:00,24078.65,24093.35,24066.95,24092.55,1148,80,0
2025-09-12 22:45:00+00:00,24092.35,24102.45,24087.85,24098.15,1089,80,0
2025-09-12 22:50:00+00:00,24097.95,24111.55,24097.35,24111.55,1148,80,0
2025-09-12 22:55:00+00:00,24109.95,24111.15,24088.35,24088.65,1253,80,0
2025-09-12 23:00:00+00:00,24088.45,24088.96,24076.36,24084.06,1028,110,0
2025-09-12 23:05:00+00:00,24083.86,24090.66,24083.46,24087.26,692,188,0
2025-09-12 23:10:00+00:00,24087.06,24091.16,24086.76,24090.16,479,168,0
2025-09-12 23:15:00+00:00,24090.26,24097.96,24090.16,24093.16,369,168,0
2025-09-12 23:20:00+00:00,24093.36,24095.26,24090.36,24091.16,321,168,0
2025-09-12 23:25:00+00:00,24091.66,24093.66,24090.86,24092.16,262,168,0
2025-09-12 23:30:00+00:00,24091.86,24093.36,24089.36,24092.36,247,168,0
2025-09-12 23:35:00+00:00,24092.16,24093.26,24088.86,24089.96,232,168,0
2025-09-12 23:40:00+00:00,24090.16,24093.36,24089.46,24092.16,264,168,0
2025-09-12 23:45:00+00:00,24092.36,24095.16,24091.86,24091.86,248,168,0
2025-09-15 01:05:00+00:00,24084.76,24101.46,24081.66,24098.86,443,198,0
2025-09-15 01:10:00+00:00,24098.56,24101.86,24093.86,24101.16,357,188,0
2025-09-15 01:15:00+00:00,24100.66,24109.66,24100.06,24103.96,416,188,0
2025-09-15 01:20:00+00:00,24103.86,24104.16,24097.16,24099.16,253,178,0
2025-09-15 01:25:00+00:00,24098.96,24104.46,24098.16,24102.66,224,168,0
2025-09-15 01:30:00+00:00,24102.46,24104.26,24099.26,24101.06,197,168,0
2025-09-15 01:35:00+00:00,24101.16,24104.06,24098.76,24103.46,116,168,0
2025-09-15 01:40:00+00:00,24103.56,24106.46,24102.06,24104.76,149,168,0
2025-09-15 01:45:00+00:00,24104.56,24108.76,24104.56,24105.86,149,168,0
2025-09-15 01:50:00+00:00,24105.76,24107.56,24101.86,24104.56,114,168,0
2025-09-15 01:55:00+00:00,24105.06,24106.26,24102.46,24104.96,129,168,0
2025-09-15 02:00:00+00:00,24105.05,24108.15,24104.55,24106.15,134,150,0
2025-09-15 02:05:00+00:00,24105.95,24106.15,24099.95,24100.05,193,150,0
2025-09-15 02:10:00+00:00,24099.65,24102.35,24098.05,24100.55,141,150,0
2025-09-15 02:15:00+00:00,24100.85,24102.85,24099.85,24100.35,121,150,0
2025-09-15 02:20:00+00:00,24100.05,24101.15,24097.55,24098.65,150,150,0
2025-09-15 02:25:00+00:00,24098.85,24098.85,24091.65,24091.75,218,150,0
2025-09-15 02:30:00+00:00,24091.65,24094.65,24082.35,24083.05,317,160,0
2025-09-15 02:35:00+00:00,24083.25,24089.35,24080.55,24088.85,245,150,0
2025-09-15 02:40:00+00:00,24089.15,24089.35,24081.15,24089.05,244,150,0
2025-09-15 02:45:00+00:00,24088.85,24090.25,24081.95,24089.45,269,150,0
2025-09-15 02:50:00+00:00,24089.25,24091.45,24086.45,24086.45,184,150,0
2025-09-15 02:55:00+00:00,24086.35,24092.45,24082.65,24091.05,267,150,0
2025-09-15 03:00:00+00:00,24091.55,24093.55,24084.85,24086.25,429,150,0
2025-09-15 03:05:00+00:00,24085.95,24090.35,24080.75,24090.35,360,160,0
2025-09-15 03:10:00+00:00,24090.85,24095.05,24087.95,24093.75,389,170,0
2025-09-15 03:15:00+00:00,24093.45,24094.05,24075.95,24088.15,518,170,0
2025-09-15 03:20:00+00:00,24088.25,24089.25,24081.55,24081.75,304,170,0
2025-09-15 03:25:00+00:00,24081.85,24084.15,24072.85,24075.95,370,150,0
2025-09-15 03:30:00+00:00,24076.05,24084.25,24075.25,24082.55,347,160,0
2025-09-15 03:35:00+00:00,24081.75,24082.05,24076.75,24079.75,325,160,0
2025-09-15 03:40:00+00:00,24079.45,24079.75,24075.65,24079.15,262,150,0
2025-09-15 03:45:00+00:00,24078.95,24086.45,24078.15,24084.65,298,150,0
2025-09-15 03:50:00+00:00,24084.55,24089.45,24081.15,24088.25,303,150,0
2025-09-15 03:55:00+00:00,24088.45,24094.15,24087.75,24090.05,254,150,0
2025-09-15 04:00:00+00:00,24090.35,24093.15,24086.75,24087.55,436,150,0
2025-09-15 04:05:00+00:00,24087.45,24093.15,24087.25,24090.85,316,160,0
2025-09-15 04:10:00+00:00,24090.75,24091.85,24086.35,24088.05,295,150,0
2025-09-15 04:15:00+00:00,24088.55,24089.85,24086.35,24088.35,274,150,0
2025-09-15 04:20:00+00:00,24088.45,24091.35,24085.95,24090.45,299,150,0
2025-09-15 04:25:00+00:00,24090.85,24093.45,24088.85,24093.45,249,150,0
2025-09-15 04:30:00+00:00,24094.15,24094.85,24088.85,24091.75,345,150,0
2025-09-15 04:35:00+00:00,24091.55,24097.95,24091.15,24095.05,321,150,0
2025-09-15 04:40:00+00:00,24094.65,24095.15,24089.15,24091.55,326,150,0
2025-09-15 04:45:00+00:00,24091.65,24098.05,24091.65,24096.35,304,150,0
2025-09-15 04:50:00+00:00,24096.15,24098.15,24094.65,24096.55,267,150,0
2025-09-15 04:55:00+00:00,24096.65,24097.95,24094.55,24094.55,272,150,0
2025-09-15 05:00:00+00:00,24094.85,24096.55,24088.75,24095.15,446,150,0
2025-09-15 05:05:00+00:00,24095.55,24101.95,24095.25,24100.55,272,150,0
2025-09-15 05:10:00+00:00,24100.35,24103.05,24099.55,24100.15,289,150,0
2025-09-15 05:15:00+00:00,24100.35,24103.45,24097.05,24102.55,352,150,0
2025-09-15 05:20:00+00:00,24102.65,24102.65,24095.15,24099.45,252,150,0
2025-09-15 05:25:00+00:00,24099.55,24100.65,24096.45,24099.45,279,150,0
2025-09-15 05:30:00+00:00,24099.05,24099.05,24096.15,24096.15,178,150,0
2025-09-15 05:35:00+00:00,24096.45,24096.95,24092.65,24092.85,177,150,0
2025-09-15 05:40:00+00:00,24092.95,24098.65,24092.95,24098.55,167,150,0
2025-09-15 05:45:00+00:00,24098.65,24100.65,24096.15,24096.95,209,150,0
2025-09-15 05:50:00+00:00,24097.45,24099.15,24096.15,24098.45,147,150,0
2025-09-15 05:55:00+00:00,24098.55,24099.15,24095.35,24098.55,171,150,0
2025-09-15 06:00:00+00:00,24098.65,24101.35,24096.85,24101.15,163,150,0
2025-09-15 06:05:00+00:00,24101.05,24104.35,24100.55,24102.85,156,150,0
2025-09-15 06:10:00+00:00,24102.95,24103.65,24100.65,24103.65,194,150,0
2025-09-15 06:15:00+00:00,24103.55,24110.15,24101.55,24106.55,261,150,0
2025-09-15 06:20:00+00:00,24106.65,24110.95,24105.75,24108.85,209,150,0
2025-09-15 06:25:00+00:00,24109.05,24109.35,24100.95,24101.55,191,150,0
2025-09-15 06:30:00+00:00,24101.35,24102.85,24098.95,24100.55,201,150,0
2025-09-15 06:35:00+00:00,24100.45,24103.35,24099.45,24102.45,133,150,0
2025-09-15 06:40:00+00:00,24102.55,24108.15,24102.55,24106.45,179,150,0
2025-09-15 06:45:00+00:00,24106.55,24108.65,24105.15,24105.55,210,150,0
2025-09-15 06:50:00+00:00,24106.15,24107.65,24105.55,24106.65,159,150,0
2025-09-15 06:55:00+00:00,24106.85,24106.85,24101.85,24102.05,136,150,0
2025-09-15 07:00:00+00:00,24101.95,24104.15,24101.15,24103.55,155,150,0
2025-09-15 07:05:00+00:00,24103.65,24108.55,24102.35,24106.05,148,150,0
2025-09-15 07:10:00+00:00,24105.65,24105.65,24100.95,24103.55,132,150,0
2025-09-15 07:15:00+00:00,24103.65,24105.85,24101.55,24105.55,116,150,0
2025-09-15 07:20:00+00:00,24105.65,24109.55,24105.55,24108.55,159,150,0
2025-09-15 07:25:00+00:00,24108.45,24110.15,24105.95,24108.45,149,150,0
2025-09-15 07:30:00+00:00,24108.35,24112.45,24108.35,24110.15,132,150,0
2025-09-15 07:35:00+00:00,24109.85,24112.95,24109.35,24110.65,127,150,0
2025-09-15 07:40:00+00:00,24110.95,24112.15,24108.65,24111.85,116,150,0
2025-09-15 07:45:00+00:00,24111.95,24112.65,24109.95,24110.85,100,150,0
2025-09-15 07:50:00+00:00,24110.45,24111.95,24108.05,24110.55,144,150,0
2025-09-15 07:55:00+00:00,24110.35,24111.55,24109.35,24111.55,84,150,0
2025-09-15 08:00:00+00:00,24111.45,24112.85,24109.15,24109.65,194,150,0
2025-09-15 08:05:00+00:00,24109.85,24111.55,24109.65,24110.15,176,150,0
2025-09-15 08:10:00+00:00,24110.35,24112.15,24108.85,24110.35,184,150,0
2025-09-15 08:15:00+00:00,24110.15,24111.05,24103.55,24104.95,202,150,0
2025-09-15 08:20:00+00:00,24105.35,24107.95,24104.35,24107.05,211,150,0
2025-09-15 08:25:00+00:00,24106.85,24110.85,24106.85,24109.15,225,150,0
2025-09-15 08:30:00+00:00,24109.35,24111.65,24107.15,24111.65,169,150,0
2025-09-15 08:35:00+00:00,24111.85,24116.65,24110.55,24115.65,182,150,0
2025-09-15 08:40:00+00:00,24115.55,24124.35,24114.65,24119.85,321,150,0
2025-09-15 08:45:00+00:00,24119.55,24120.25,24115.95,24116.55,236,150,0
2025-09-15 08:50:00+00:00,24116.45,24120.15,24115.35,24119.35,198,150,0
2025-09-15 08:55:00+00:00,24119.85,24121.15,24118.35,24120.35,185,150,0
2025-09-15 09:00:00+00:00,24120.55,24124.35,24117.75,24121.45,396,150,0
2025-09-15 09:05:00+00:00,24121.55,24125.15,24116.55,24124.05,308,150,0
2025-09-15 09:10:00+00:00,24124.35,24125.75,24119.05,24121.25,326,150,0
2025-09-15 09:15:00+00:00,24121.05,24123.35,24119.25,24122.95,247,150,0
2025-09-15 09:20:00+00:00,24122.55,24122.55,24115.45,24115.95,269,150,0
2025-09-15 09:25:00+00:00,24116.05,24116.95,24112.55,24114.95,300,150,0
2025-09-15 09:30:00+00:00,24114.85,24125.05,24112.95,24120.25,372,150,0
2025-09-15 09:35:00+00:00,24120.05,24124.55,24118.85,24123.55,287,150,0
2025-09-15 09:40:00+00:00,24124.05,24127.85,24123.65,24126.85,214,150,0
2025-09-15 09:45:00+00:00,24126.95,24127.55,24122.65,24125.85,270,150,0
2025-09-15 09:50:00+00:00,24125.55,24127.15,24123.05,24124.45,256,150,0
2025-09-15 09:55:00+00:00,24124.35,24130.35,24123.95,24127.65,325,150,0
2025-09-15 10:00:00+00:00,24127.35,24132.85,24124.15,24126.65,766,150,0
2025-09-15 10:05:00+00:00,24126.45,24127.75,24124.05,24127.15,424,160,0
2025-09-15 10:10:00+00:00,24127.55,24129.15,24124.05,24126.05,407,150,0
2025-09-15 10:15:00+00:00,24125.95,24128.25,24119.15,24127.25,432,150,0
2025-09-15 10:20:00+00:00,24127.05,24133.15,24126.25,24130.05,418,150,0
2025-09-15 10:25:00+00:00,24130.35,24131.55,24124.05,24124.45,397,150,0
2025-09-15 10:30:00+00:00,24124.55,24133.05,24121.05,24132.75,498,150,0
2025-09-15 10:35:00+00:00,24133.15,24139.25,24127.75,24131.15,485,160,0
2025-09-15 10:40:00+00:00,24131.05,24135.05,24123.85,24124.35,465,160,0
2025-09-15 10:45:00+00:00,24124.65,24129.05,24124.65,24127.85,404,160,0
2025-09-15 10:50:00+00:00,24127.75,24127.75,24120.25,24125.25,402,160,0
2025-09-15 10:55:00+00:00,24125.05,24126.05,24118.55,24119.55,362,150,0
2025-09-15 11:00:00+00:00,24120.75,24121.85,24056.35,24064.75,1245,160,0
2025-09-15 11:05:00+00:00,24064.85,24103.15,24062.85,24100.75,1061,210,0
2025-09-15 11:10:00+00:00,24100.65,24101.25,24085.15,24092.75,810,190,0
2025-09-15 11:15:00+00:00,24092.65,24102.45,24077.35,24100.15,892,190,0
2025-09-15 11:20:00+00:00,24099.85,24099.95,24082.35,24093.45,802,180,0
2025-09-15 11:25:00+00:00,24092.85,24093.55,24075.55,24078.65,627,170,0
2025-09-15 11:30:00+00:00,24078.95,24084.45,24060.45,24060.85,769,180,0
2025-09-15 11:35:00+00:00,24060.95,24075.95,24060.65,24075.05,713,190,0
2025-09-15 11:40:00+00:00,24075.35,24081.35,24070.65,24080.85,627,170,0
2025-09-15 11:45:00+00:00,24081.05,24096.85,24080.55,24096.85,557,160,0
2025-09-15 11:50:00+00:00,24096.75,24097.05,24081.25,24082.45,589,170,0
2025-09-15 11:55:00+00:00,24082.25,24082.25,24071.45,24075.85,532,170,0
2025-09-15 12:00:00+00:00,24075.25,24076.95,24066.95,24069.75,548,170,0
2025-09-15 12:05:00+00:00,24069.55,24075.45,24067.55,24072.35,471,160,0
2025-09-15 12:10:00+00:00,24072.25,24074.55,24068.55,24071.25,445,170,0
2025-09-15 12:15:00+00:00,24070.95,24073.25,24063.55,24067.55,514,170,0
2025-09-15 12:20:00+00:00,24067.65,24071.05,24060.65,24070.65,513,160,0
2025-09-15 12:25:00+00:00,24071.05,24074.65,24068.75,24073.25,445,160,0
2025-09-15 12:30:00+00:00,24073.35,24079.55,24071.55,24073.05,526,160,0
2025-09-15 12:35:00+00:00,24073.25,24080.05,24069.95,24078.55,433,160,0
2025-09-15 12:40:00+00:00,24078.75,24079.15,24070.05,24073.85,383,160,0
2025-09-15 12:45:00+00:00,24074.05,24079.05,24073.05,24075.75,394,160,0
2025-09-15 12:50:00+00:00,24075.55,24078.85,24074.65,24078.45,339,150,0
2025-09-15 12:55:00+00:00,24078.35,24079.75,24075.65,24075.75,382,150,0
2025-09-15 13:00:00+00:00,24076.05,24078.55,24072.65,24075.65,415,160,0
2025-09-15 13:05:00+00:00,24075.75,24083.35,24075.75,24082.15,334,160,0
2025-09-15 13:10:00+00:00,24082.05,24082.95,24076.35,24082.95,419,160,0
2025-09-15 13:15:00+00:00,24082.45,24089.05,24081.45,24088.55,425,160,0
2025-09-15 13:20:00+00:00,24088.35,24094.75,24086.95,24089.65,562,160,0
2025-09-15 13:25:00+00:00,24089.95,24102.95,24089.45,24102.95,684,170,0
2025-09-15 13:30:00+00:00,24102.85,24113.55,24102.65,24104.85,576,160,0
2025-09-15 13:35:00+00:00,24105.25,24110.95,24098.95,24099.65,698,170,0
2025-09-15 13:40:00+00:00,24099.95,24102.05,24096.15,24097.95,575,180,0
2025-09-15 13:45:00+00:00,24098.15,24104.65,24096.45,24102.75,505,170,0
2025-09-15 13:50:00+00:00,24102.55,24109.85,24100.25,24107.25,443,160,0
2025-09-15 13:55:00+00:00,24107.15,24108.55,24104.55,24107.55,431,150,0
2025-09-15 14:00:00+00:00,24108.65,24116.05,24106.25,24114.75,675,160,0
2025-09-15 14:05:00+00:00,24114.95,24123.45,24110.65,24122.45,539,170,0
2025-09-15 14:10:00+00:00,24122.55,24124.75,24118.05,24119.55,433,160,0
2025-09-15 14:15:00+00:00,24119.35,24120.75,24113.65,24117.15,493,160,0
2025-09-15 14:20:00+00:00,24117.25,24121.15,24116.75,24116.75,427,150,0
2025-09-15 14:25:00+00:00,24116.65,24119.25,24112.15,24114.85,536,160,0
2025-09-15 14:30:00+00:00,24114.95,24118.45,24110.25,24115.75,465,170,0
2025-09-15 14:35:00+00:00,24115.45,24127.65,24114.75,24123.95,480,160,0
2025-09-15 14:40:00+00:00,24123.75,24126.45,24116.45,24122.75,496,170,0
2025-09-15 14:45:00+00:00,24122.85,24127.15,24121.55,24123.85,394,150,0
2025-09-15 14:50:00+00:00,24123.65,24125.15,24120.25,24120.55,404,150,0
2025-09-15 14:55:00+00:00,24120.35,24126.25,24116.25,24124.45,458,150,0
2025-09-15 15:00:00+00:00,24123.95,24132.35,24123.25,24131.95,573,170,0
2025-09-15 15:05:00+00:00,24132.25,24133.45,24124.75,24129.45,452,170,0
2025-09-15 15:10:00+00:00,24129.35,24131.35,24126.25,24128.85,371,160,0
2025-09-15 15:15:00+00:00,24129.75,24141.95,24124.15,24131.75,796,160,0
2025-09-15 15:20:00+00:00,24131.65,24151.95,24128.15,24151.15,920,190,0
2025-09-15 15:25:00+00:00,24151.65,24152.25,24135.85,24137.55,674,180,0
2025-09-15 15:30:00+00:00,24137.75,24137.95,24126.25,24132.35,687,180,0
2025-09-15 15:35:00+00:00,24132.65,24132.65,24122.45,24124.85,691,180,0
2025-09-15 15:40:00+00:00,24125.15,24136.05,24121.15,24135.55,599,170,0
2025-09-15 15:45:00+00:00,24135.25,24136.55,24128.55,24136.55,639,160,0
2025-09-15 15:50:00+00:00,24135.65,24148.45,24134.15,24148.05,732,160,0
2025-09-15 15:55:00+00:00,24147.75,24153.25,24140.95,24152.95,637,170,0
2025-09-15 16:00:00+00:00,24153.35,24159.25,24149.25,24151.55,770,170,0
2025-09-15 16:05:00+00:00,24151.25,24157.95,24150.55,24152.05,672,170,0
2025-09-15 16:10:00+00:00,24152.25,24156.55,24150.55,24152.65,477,160,0
2025-09-15 16:15:00+00:00,24152.85,24153.75,24142.85,24149.75,702,160,0
2025-09-15 16:20:00+00:00,24150.05,24157.55,24149.55,24155.35,550,160,0
2025-09-15 16:25:00+00:00,24153.85,24162.95,24147.55,24157.95,907,160,0
2025-09-15 16:30:00+00:00,24158.75,24192.05,24154.15,24182.45,1586,80,0
2025-09-15 16:35:00+00:00,24181.85,24205.05,24177.05,24194.75,1450,120,0
2025-09-15 16:40:00+00:00,24194.45,24206.85,24178.55,24184.95,1441,110,0
2025-09-15 16:45:00+00:00,24184.05,24211.75,24184.05,24209.15,1388,110,0
2025-09-15 16:50:00+00:00,24209.25,24230.75,24207.25,24227.05,1300,80,0
2025-09-15 16:55:00+00:00,24227.25,24242.75,24219.75,24241.25,1259,80,0
2025-09-15 17:00:00+00:00,24242.55,24245.95,24229.75,24234.25,1339,80,0
2025-09-15 17:05:00+00:00,24234.55,24242.75,24226.65,24230.55,1284,80,0
2025-09-15 17:10:00+00:00,24231.25,24234.95,24219.05,24228.25,1257,80,0
2025-09-15 17:15:00+00:00,24228.75,24230.25,24219.75,24222.25,1228,80,0
2025-09-15 17:20:00+00:00,24222.65,24223.45,24210.25,24215.75,1238,80,0
2025-09-15 17:25:00+00:00,24215.55,24238.05,24211.25,24235.55,1221,80,0
2025-09-15 17:30:00+00:00,24235.05,24237.65,24220.05,24221.75,1235,80,0
2025-09-15 17:35:00+00:00,24221.55,24233.75,24218.55,24229.05,1229,80,0
2025-09-15 17:40:00+00:00,24229.15,24239.05,24226.45,24236.25,1086,80,0
2025-09-15 17:45:00+00:00,24236.55,24242.95,24221.15,24225.55,1142,80,0
2025-09-15 17:50:00+00:00,24224.25,24237.05,24221.25,24232.45,1102,80,0
2025-09-15 17:55:00+00:00,24232.05,24242.55,24231.75,24242.55,1035,80,0
2025-09-15 18:00:00+00:00,24242.75,24249.55,24238.55,24246.75,1152,80,0
2025-09-15 18:05:00+00:00,24246.95,24248.45,24230.25,24230.55,1132,80,0
2025-09-15 18:10:00+00:00,24230.65,24245.75,24227.25,24236.25,1026,80,0
2025-09-15 18:15:00+00:00,24236.55,24242.25,24229.05,24230.55,1095,80,0
2025-09-15 18:20:00+00:00,24230.65,24231.45,24221.45,24228.05,1029,80,0
2025-09-15 18:25:00+00:00,24227.95,24244.75,24227.95,24234.45,944,80,0
2025-09-15 18:30:00+00:00,24234.25,24237.75,24231.05,24231.75,1003,80,0
2025-09-15 18:35:00+00:00,24232.05,24247.75,24231.15,24245.95,973,80,0
2025-09-15 18:40:00+00:00,24246.25,24255.05,24241.15,24242.05,1059,80,0
2025-09-15 18:45:00+00:00,24241.75,24259.45,24240.15,24258.25,1065,80,0
2025-09-15 18:50:00+00:00,24258.05,24264.75,24254.25,24264.75,1029,80,0
2025-09-15 18:55:00+00:00,24264.25,24272.15,24258.65,24262.95,996,80,0
2025-09-15 19:00:00+00:00,24263.35,24263.95,24249.45,24252.95,1096,80,0
2025-09-15 19:05:00+00:00,24252.75,24266.25,24252.25,24266.15,1051,80,0
2025-09-15 19:10:00+00:00,24265.95,24276.85,24259.65,24268.75,1025,80,0
2025-09-15 19:15:00+00:00,24268.95,24273.95,24263.95,24264.95,909,80,0
2025-09-15 19:20:00+00:00,24265.35,24270.85,24260.15,24262.75,892,80,0
2025-09-15 19:25:00+00:00,24262.25,24263.15,24251.25,24252.75,1009,80,0
2025-09-15 19:30:00+00:00,24253.75,24270.35,24251.75,24267.65,938,80,0
2025-09-15 19:35:00+00:00,24267.75,24269.85,24260.25,24267.45,889,80,0
2025-09-15 19:40:00+00:00,24267.25,24269.45,24258.95,24266.75,888,80,0
2025-09-15 19:45:00+00:00,24266.45,24266.85,24255.35,24259.45,996,80,0
2025-09-15 19:50:00+00:00,24259.25,24263.15,24251.45,24256.75,879,80,0
2025-09-15 19:55:00+00:00,24256.45,24258.75,24244.25,24248.75,1008,80,0
2025-09-15 20:00:00+00:00,24248.95,24253.75,24245.95,24247.85,973,80,0
2025-09-15 20:05:00+00:00,24247.75,24262.85,24247.75,24256.25,881,80,0
2025-09-15 20:10:00+00:00,24255.75,24257.45,24245.75,24248.85,893,80,0
2025-09-15 20:15:00+00:00,24248.45,24251.25,24239.75,24242.95,970,80,0
2025-09-15 20:20:00+00:00,24242.45,24248.25,24236.35,24243.95,1018,80,0
2025-09-15 20:25:00+00:00,24243.85,24244.95,24236.45,24237.45,934,80,0
2025-09-15 20:30:00+00:00,24236.95,24244.25,24232.25,24241.45,997,80,0
2025-09-15 20:35:00+00:00,24241.75,24248.15,24234.95,24246.25,979,80,0
2025-09-15 20:40:00+00:00,24246.45,24255.45,24246.25,24251.45,846,80,0
2025-09-15 20:45:00+00:00,24251.25,24259.25,24246.45,24258.45,818,80,0
2025-09-15 20:50:00+00:00,24258.75,24262.15,24256.95,24259.45,812,80,0
2025-09-15 20:55:00+00:00,24259.75,24271.25,24258.45,24269.85,798,80,0
2025-09-15 21:00:00+00:00,24269.65,24270.65,24260.95,24269.95,943,80,0
2025-09-15 21:05:00+00:00,24269.85,24273.35,24263.25,24265.25,894,80,0
2025-09-15 21:10:00+00:00,24265.15,24268.75,24256.65,24264.75,912,80,0
2025-09-15 21:15:00+00:00,24264.45,24267.75,24254.25,24258.25,969,80,0
2025-09-15 21:20:00+00:00,24257.95,24259.75,24253.15,24255.25,861,80,0
2025-09-15 21:25:00+00:00,24255.35,24258.95,24247.25,24247.35,815,80,0
2025-09-15 21:30:00+00:00,24247.25,24262.45,24246.65,24259.65,918,80,0
2025-09-15 21:35:00+00:00,24259.25,24261.45,24248.25,24249.95,856,80,0
2025-09-15 21:40:00+00:00,24249.85,24249.95,24229.75,24234.75,1071,80,0
2025-09-15 21:45:00+00:00,24234.95,24245.25,24234.75,24244.95,976,80,0
2025-09-15 21:50:00+00:00,24244.45,24255.75,24241.75,24254.75,940,80,0
2025-09-15 21:55:00+00:00,24255.35,24256.35,24249.25,24254.25,862,80,0
2025-09-15 22:00:00+00:00,24254.75,24260.25,24248.65,24249.35,911,80,0
2025-09-15 22:05:00+00:00,24249.45,24257.55,24244.95,24254.85,889,80,0
2025-09-15 22:10:00+00:00,24254.35,24259.55,24251.35,24252.55,821,80,0
2025-09-15 22:15:00+00:00,24252.35,24255.25,24243.35,24255.25,859,80,0
2025-09-15 22:20:00+00:00,24255.45,24258.95,24249.85,24254.35,876,80,0
2025-09-15 22:25:00+00:00,24254.55,24258.55,24251.35,24255.05,840,80,0
2025-09-15 22:30:00+00:00,24254.55,24259.45,24250.55,24258.55,941,80,0
2025-09-15 22:35:00+00:00,24258.85,24263.95,24255.55,24261.35,946,80,0
2025-09-15 22:40:00+00:00,24261.05,24266.55,24257.25,24259.75,869,80,0
2025-09-15 22:45:00+00:00,24258.45,24273.85,24257.85,24271.95,926,80,0
2025-09-15 22:50:00+00:00,24271.35,24271.35,24247.25,24269.25,1190,80,0
2025-09-15 22:55:00+00:00,24262.05,24295.85,24259.55,24292.75,1288,80,0
2025-09-15 23:00:00+00:00,24292.66,24292.66,24273.36,24274.86,992,138,0
2025-09-15 23:05:00+00:00,24276.16,24279.76,24271.46,24277.26,627,188,0
2025-09-15 23:10:00+00:00,24276.46,24277.16,24267.06,24268.86,514,178,0
2025-09-15 23:15:00+00:00,24268.76,24278.06,24267.56,24276.06,363,168,0
2025-09-15 23:20:00+00:00,24276.26,24278.86,24275.86,24276.86,231,168,0
2025-09-15 23:25:00+00:00,24276.76,24277.26,24270.66,24270.86,267,168,0
2025-09-15 23:30:00+00:00,24271.16,24274.66,24270.66,24273.76,246,168,0
2025-09-15 23:35:00+00:00,24273.36,24279.36,24273.16,24279.16,249,168,0
2025-09-15 23:40:00+00:00,24278.66,24282.86,24277.86,24282.16,210,168,0
2025-09-15 23:45:00+00:00,24282.36,24284.66,24279.36,24280.16,308,168,0
2025-09-16 01:05:00+00:00,24273.86,24278.86,24272.36,24275.16,335,188,0
2025-09-16 01:10:00+00:00,24275.46,24277.66,24272.46,24275.46,256,168,0
2025-09-16 01:15:00+00:00,24275.66,24275.86,24272.66,24273.96,172,168,0
2025-09-16 01:20:00+00:00,24272.76,24279.66,24271.56,24275.16,259,168,0
2025-09-16 01:25:00+00:00,24274.86,24275.46,24270.86,24272.76,199,168,0
2025-09-16 01:30:00+00:00,24273.06,24273.76,24269.16,24269.86,255,168,0
2025-09-16 01:35:00+00:00,24270.16,24273.46,24269.26,24272.16,189,168,0
2025-09-16 01:40:00+00:00,24272.26,24276.06,24272.16,24275.56,128,168,0
2025-09-16 01:45:00+00:00,24275.66,24275.96,24273.76,24274.66,132,168,0
2025-09-16 01:50:00+00:00,24274.96,24276.76,24273.16,24273.66,143,168,0
2025-09-16 01:55:00+00:00,24273.46,24274.76,24269.06,24273.16,175,168,0
2025-09-16 02:00:00+00:00,24273.25,24276.75,24271.05,24274.25,152,150,0
2025-09-16 02:05:00+00:00,24274.35,24275.75,24273.05,24273.15,77,150,0
2025-09-16 02:10:00+00:00,24273.25,24276.25,24273.05,24273.25,115,150,0
2025-09-16 02:15:00+00:00,24273.35,24282.75,24273.35,24282.75,280,150,0
2025-09-16 02:20:00+00:00,24282.45,24289.55,24281.95,24288.55,245,150,0
2025-09-16 02:25:00+00:00,24288.15,24291.85,24287.85,24288.55,226,150,0
2025-09-16 02:30:00+00:00,24288.35,24288.85,24282.55,24286.55,198,150,0
2025-09-16 02:35:00+00:00,24286.25,24286.65,24282.75,24285.15,127,150,0
2025-09-16 02:40:00+00:00,24285.05,24289.05,24282.85,24284.85,185,150,0
2025-09-16 02:45:00+00:00,24284.75,24285.95,24280.25,24284.85,251,150,0
2025-09-16 02:50:00+00:00,24284.95,24288.15,24284.05,24287.55,186,150,0
2025-09-16 02:55:00+00:00,24287.35,24289.85,24286.65,24289.15,170,150,0
2025-09-16 03:00:00+00:00,24289.35,24289.55,24281.05,24286.05,459,150,0
2025-09-16 03:05:00+00:00,24285.95,24286.65,24283.25,24285.05,338,150,0
2025-09-16 03:10:00+00:00,24284.75,24285.75,24281.55,24282.75,319,150,0
2025-09-16 03:15:00+00:00,24282.55,24284.55,24279.25,24284.45,402,150,0
2025-09-16 03:20:00+00:00,24284.15,24284.75,24281.75,24281.85,267,150,0
2025-09-16 03:25:00+00:00,24281.75,24281.75,24277.35,24278.55,251,150,0
2025-09-16 03:30:00+00:00,24278.25,24279.25,24269.65,24276.95,386,150,0
2025-09-16 03:35:00+00:00,24276.75,24279.35,24274.95,24279.35,268,150,0
2025-09-16 03:40:00+00:00,24279.25,24283.85,24277.75,24283.15,332,150,0
2025-09-16 03:45:00+00:00,24283.25,24288.35,24279.75,24286.35,304,150,0
2025-09-16 03:50:00+00:00,24286.45,24288.55,24284.45,24287.05,264,150,0
2025-09-16 03:55:00+00:00,24286.85,24287.75,24284.35,24287.25,179,150,0
2025-09-16 04:00:00+00:00,24287.35,24288.55,24284.25,24287.85,307,150,0
2025-09-16 04:05:00+00:00,24288.05,24293.65,24287.75,24292.65,319,150,0
2025-09-16 04:10:00+00:00,24292.75,24297.85,24292.25,24293.85,347,150,0
2025-09-16 04:15:00+00:00,24293.75,24295.85,24292.65,24292.85,291,150,0
2025-09-16 04:20:00+00:00,24293.05,24293.75,24291.35,24293.15,228,150,0
2025-09-16 04:25:00+00:00,24293.65,24295.65,24291.25,24291.55,183,150,0
2025-09-16 04:30:00+00:00,24291.35,24295.25,24291.35,24294.75,214,150,0
2025-09-16 04:35:00+00:00,24295.05,24298.55,24294.15,24298.05,278,150,0
2025-09-16 04:40:00+00:00,24297.85,24303.85,24294.35,24302.75,396,150,0
2025-09-16 04:45:00+00:00,24302.85,24304.55,24300.55,24301.35,373,150,0
2025-09-16 04:50:00+00:00,24301.15,24302.25,24295.75,24297.65,248,150,0
2025-09-16 04:55:00+00:00,24296.55,24300.25,24296.55,24298.65,272,150,0
2025-09-16 05:00:00+00:00,24298.75,24300.05,24296.25,24299.85,293,150,0
2025-09-16 05:05:00+00:00,24300.05,24301.85,24298.15,24300.25,218,150,0
2025-09-16 05:10:00+00:00,24300.05,24303.35,24300.05,24302.75,239,150,0
2025-09-16 05:15:00+00:00,24302.65,24306.85,24302.65,24305.35,330,150,0
2025-09-16 05:20:00+00:00,24305.55,24306.35,24303.35,24305.55,185,150,0
2025-09-16 05:25:00+00:00,24305.35,24307.85,24304.15,24307.65,153,150,0
2025-09-16 05:30:00+00:00,24307.85,24325.45,24307.55,24321.85,464,150,0
2025-09-16 05:35:00+00:00,24321.45,24321.55,24315.85,24317.05,303,150,0
2025-09-16 05:40:00+00:00,24317.15,24317.15,24311.85,24315.05,247,150,0
2025-09-16 05:45:00+00:00,24315.35,24315.35,24312.35,24314.35,210,150,0
2025-09-16 05:50:00+00:00,24314.55,24316.25,24313.65,24314.75,161,150,0
2025-09-16 05:55:00+00:00,24314.55,24314.75,24310.35,24313.55,190,150,0
2025-09-16 06:00:00+00:00,24314.15,24316.15,24312.35,24316.15,205,150,0
2025-09-16 06:05:00+00:00,24315.85,24319.35,24315.65,24319.15,211,150,0
2025-09-16 06:10:00+00:00,24319.25,24321.15,24318.05,24319.05,208,150,0
2025-09-16 06:15:00+00:00,24318.85,24319.75,24317.15,24318.25,171,150,0
2025-09-16 06:20:00+00:00,24318.05,24319.75,24316.25,24318.25,157,150,0
2025-09-16 06:25:00+00:00,24318.15,24322.85,24318.15,24321.75,199,150,0
2025-09-16 06:30:00+00:00,24321.55,24329.35,24320.35,24326.25,307,150,0
2025-09-16 06:35:00+00:00,24326.15,24326.25,24321.25,24324.25,223,150,0
2025-09-16 06:40:00+00:00,24324.75,24327.05,24323.25,24324.05,174,150,0
2025-09-16 06:45:00+00:00,24324.25,24328.25,24321.75,24327.55,192,150,0
2025-09-16 06:50:00+00:00,24327.35,24327.75,24321.35,24324.25,234,150,0
2025-09-16 06:55:00+00:00,24324.55,24328.75,24324.25,24327.35,153,150,0
2025-09-16 07:00:00+00:00,24327.25,24327.75,24323.85,24325.75,194,150,0
2025-09-16 07:05:00+00:00,24325.55,24325.75,24323.35,24324.15,150,150,0
2025-09-16 07:10:00+00:00,24324.05,24324.25,24319.05,24319.55,145,150,0
2025-09-16 07:15:00+00:00,24319.65,24323.05,24319.65,24321.55,146,150,0
2025-09-16 07:20:00+00:00,24321.35,24327.05,24321.35,24325.75,218,150,0
2025-09-16 07:25:00+00:00,24325.65,24325.75,24322.75,24323.55,123,150,0
2025-09-16 07:30:00+00:00,24323.35,24323.55,24319.75,24323.15,169,150,0
2025-09-16 07:35:00+00:00,24323.25,24326.05,24321.55,24324.05,110,150,0
2025-09-16 07:40:00+00:00,24323.95,24327.25,24323.65,24324.65,56,150,0
2025-09-16 07:45:00+00:00,24324.75,24325.05,24321.35,24321.85,43,150,0
2025-09-16 07:50:00+00:00,24321.35,24322.55,24319.85,24321.75,61,150,0
2025-09-16 07:55:00+00:00,24321.65,24323.35,24321.25,24322.85,63,150,0
2025-09-16 08:00:00+00:00,24322.65,24325.55,24319.65,24323.25,111,150,0
2025-09-16 08:05:00+00:00,24323.15,24328.25,24321.75,24327.15,74,150,0
2025-09-16 08:10:00+00:00,24326.55,24335.25,24326.25,24332.35,174,150,0
2025-09-16 08:15:00+00:00,24332.05,24333.55,24325.35,24327.35,205,150,0
2025-09-16 08:20:00+00:00,24327.15,24330.55,24324.35,24329.25,152,150,0
2025-09-16 08:25:00+00:00,24329.15,24333.05,24328.25,24331.65,157,150,0
2025-09-16 08:30:00+00:00,24331.85,24332.15,24326.55,24327.15,173,150,0
2025-09-16 08:35:00+00:00,24327.85,24331.65,24327.75,24331.35,116,150,0
2025-09-16 08:40:00+00:00,24331.55,24334.25,24328.75,24332.75,139,150,0
2025-09-16 08:45:00+00:00,24332.55,24336.35,24328.75,24335.85,159,150,0
2025-09-16 08:50:00+00:00,24335.75,24344.45,24335.75,24341.35,293,150,0
2025-09-16 08:55:00+00:00,24340.95,24341.55,24336.05,24337.35,126,150,0
2025-09-16 09:00:00+00:00,24337.55,24345.25,24336.15,24342.85,268,150,0
2025-09-16 09:05:00+00:00,24342.75,24342.85,24338.25,24341.65,126,150,0
2025-09-16 09:10:00+00:00,24341.75,24345.55,24339.65,24344.05,236,150,0
2025-09-16 09:15:00+00:00,24344.15,24344.75,24340.65,24343.25,234,150,0
2025-09-16 09:20:00+00:00,24342.85,24345.35,24339.35,24339.35,205,150,0
2025-09-16 09:25:00+00:00,24339.65,24339.65,24334.65,24336.75,178,150,0
2025-09-16 09:30:00+00:00,24336.25,24336.65,24327.85,24329.85,261,150,0
2025-09-16 09:35:00+00:00,24329.75,24332.75,24328.15,24331.25,158,150,0
2025-09-16 09:40:00+00:00,24330.85,24337.85,24328.75,24336.15,209,150,0
2025-09-16 09:45:00+00:00,24336.05,24336.05,24331.35,24332.65,133,150,0
2025-09-16 09:50:00+00:00,24332.35,24333.35,24330.15,24331.25,128,150,0
2025-09-16 09:55:00+00:00,24331.15,24331.85,24327.85,24330.35,202,150,0
2025-09-16 10:00:00+00:00,24331.15,24337.45,24327.75,24337.15,596,150,0
2025-09-16 10:05:00+00:00,24336.75,24337.35,24324.65,24333.05,536,170,0
2025-09-16 10:10:00+00:00,24332.65,24346.35,24332.15,24342.25,629,170,0
2025-09-16 10:15:00+00:00,24342.15,24348.75,24335.65,24346.85,640,170,0
2025-09-16 10:20:00+00:00,24348.15,24356.05,24337.35,24349.25,811,170,0
2025-09-16 10:25:00+00:00,24349.05,24353.65,24347.15,24351.85,628,180,0
2025-09-16 10:30:00+00:00,24351.65,24356.55,24348.45,24356.15,547,170,0
2025-09-16 10:35:00+00:00,24356.45,24358.35,24350.75,24355.65,620,170,0
2025-09-16 10:40:00+00:00,24355.75,24356.35,24346.45,24351.35,562,180,0
2025-09-16 10:45:00+00:00,24351.25,24351.65,24345.75,24348.25,466,170,0
2025-09-16 10:50:00+00:00,24348.45,24348.45,24338.05,24343.55,445,160,0
2025-09-16 10:55:00+00:00,24343.65,24345.65,24340.35,24343.75,411,160,0
2025-09-16 11:00:00+00:00,24343.45,24366.35,24343.45,24363.55,845,170,0
2025-09-16 11:05:00+00:00,24363.65,24376.05,24361.85,24374.35,728,180,0
2025-09-16 11:10:00+00:00,24374.55,24376.75,24369.65,24375.65,550,170,0
2025-09-16 11:15:00+00:00,24375.45,24379.45,24370.75,24371.45,491,170,0
2025-09-16 11:20:00+00:00,24371.65,24375.65,24366.65,24375.25,524,170,0
2025-09-16 11:25:00+00:00,24376.15,24378.05,24369.85,24378.05,460,170,0
2025-09-16 11:30:00+00:00,24378.15,24378.15,24369.95,24370.45,387,160,0
2025-09-16 11:35:00+00:00,24370.75,24373.75,24368.25,24373.45,391,160,0
2025-09-16 11:40:00+00:00,24373.55,24379.55,24372.95,24377.25,436,150,0
2025-09-16 11:45:00+00:00,24377.75,24386.55,24376.35,24386.55,448,150,0
2025-09-16 11:50:00+00:00,24386.65,24387.55,24381.15,24384.45,442,160,0
2025-09-16 11:55:00+00:00,24384.05,24384.75,24374.25,24380.15,449,160,0
2025-09-16 12:00:00+00:00,24379.95,24385.75,24378.95,24383.95,450,160,0
2025-09-16 12:05:00+00:00,24383.75,24385.05,24380.25,24382.35,382,150,0
2025-09-16 12:10:00+00:00,24382.25,24382.35,24377.25,24377.65,368,150,0
2025-09-16 12:15:00+00:00,24377.35,24378.85,24369.35,24371.35,379,150,0
2025-09-16 12:20:00+00:00,24371.55,24375.35,24369.85,24372.05,382,150,0
2025-09-16 12:25:00+00:00,24371.85,24375.05,24368.85,24372.75,355,150,0
2025-09-16 12:30:00+00:00,24372.55,24372.85,24361.95,24364.95,376,150,0
2025-09-16 12:35:00+00:00,24364.85,24368.45,24356.75,24356.75,396,160,0
2025-09-16 12:40:00+00:00,24357.25,24363.35,24357.05,24361.95,392,160,0
2025-09-16 12:45:00+00:00,24361.55,24364.95,24361.45,24361.75,333,150,0
2025-09-16 12:50:00+00:00,24361.85,24365.65,24360.05,24365.05,334,150,0
2025-09-16 12:55:00+00:00,24364.85,24367.15,24360.15,24366.25,299,150,0
2025-09-16 13:00:00+00:00,24366.05,24366.55,24359.85,24359.85,330,150,0
2025-09-16 13:05:00+00:00,24360.05,24364.25,24358.35,24361.35,317,150,0
2025-09-16 13:10:00+00:00,24361.55,24364.05,24357.35,24361.75,346,150,0
2025-09-16 13:15:00+00:00,24361.95,24364.85,24359.45,24364.35,345,150,0
2025-09-16 13:20:00+00:00,24363.95,24369.85,24362.95,24369.05,342,150,0
2025-09-16 13:25:00+00:00,24368.75,24369.65,24364.25,24367.45,326,150,0
2025-09-16 13:30:00+00:00,24367.75,24368.45,24361.25,24362.75,382,150,0
2025-09-16 13:35:00+00:00,24362.65,24363.55,24358.75,24361.75,339,150,0
2025-09-16 13:40:00+00:00,24361.65,24363.25,24359.65,24360.25,281,150,0
2025-09-16 13:45:00+00:00,24360.15,24366.05,24359.65,24364.05,345,150,0
2025-09-16 13:50:00+00:00,24364.15,24370.35,24362.85,24370.15,336,150,0
2025-09-16 13:55:00+00:00,24369.55,24370.05,24361.65,24364.35,326,150,0
2025-09-16 14:00:00+00:00,24363.25,24364.45,24358.45,24360.65,541,150,0
2025-09-16 14:05:00+00:00,24360.95,24363.75,24355.05,24361.55,430,160,0
2025-09-16 14:10:00+00:00,24361.75,24365.05,24357.35,24359.95,459,150,0
2025-09-16 14:15:00+00:00,24359.75,24359.85,24340.05,24347.65,596,160,0
2025-09-16 14:20:00+00:00,24347.55,24354.15,24345.05,24350.65,457,170,0
2025-09-16 14:25:00+00:00,24350.95,24354.65,24348.45,24350.45,407,160,0
2025-09-16 14:30:00+00:00,24349.95,24353.95,24347.35,24347.35,375,150,0
2025-09-16 14:35:00+00:00,24347.55,24348.85,24341.85,24343.35,480,150,0
2025-09-16 14:40:00+00:00,24342.95,24345.85,24338.45,24341.35,516,160,0
2025-09-16 14:45:00+00:00,24341.65,24346.05,24340.65,24341.15,472,170,0
2025-09-16 14:50:00+00:00,24341.55,24345.05,24339.15,24344.95,392,160,0
2025-09-16 14:55:00+00:00,24344.45,24349.25,24344.35,24344.85,481,150,0
2025-09-16 15:00:00+00:00,24345.95,24346.75,24331.55,24332.65,582,160,0
2025-09-16 15:05:00+00:00,24332.15,24335.55,24330.75,24335.25,526,160,0
2025-09-16 15:10:00+00:00,24334.95,24340.55,24328.95,24338.15,541,160,0
2025-09-16 15:15:00+00:00,24338.45,24339.95,24334.45,24338.65,427,170,0
2025-09-16 15:20:00+00:00,24338.75,24341.65,24333.15,24334.75,490,170,0
2025-09-16 15:25:00+00:00,24334.95,24336.15,24327.05,24330.94,568,170,0
2025-09-16 15:30:00+00:00,24330.75,24340.35,24325.65,24337.65,820,190,0
2025-09-16 15:35:00+00:00,24338.15,24347.85,24335.05,24340.45,677,180,0
2025-09-16 15:40:00+00:00,24340.15,24340.55,24330.65,24340.05,780,180,0
2025-09-16 15:45:00+00:00,24339.85,24345.45,24337.85,24343.55,586,160,0
2025-09-16 15:50:00+00:00,24343.45,24343.55,24334.55,24336.15,669,160,0
2025-09-16 15:55:00+00:00,24336.05,24344.25,24329.05,24336.75,652,160,0
2025-09-16 16:00:00+00:00,24336.25,24347.05,24333.05,24345.55,864,190,0
2025-09-16 16:05:00+00:00,24345.35,24349.65,24336.75,24338.25,778,170,0
2025-09-16 16:10:00+00:00,24337.85,24340.75,24336.25,24336.95,651,170,0
2025-09-16 16:15:00+00:00,24337.05,24341.15,24335.25,24339.45,688,160,0
2025-09-16 16:20:00+00:00,24339.25,24350.05,24337.75,24349.05,717,170,0
2025-09-16 16:25:00+00:00,24348.75,24348.75,24326.65,24328.75,1060,170,0
2025-09-16 16:30:00+00:00,24328.35,24339.95,24300.15,24310.55,1599,80,0
2025-09-16 16:35:00+00:00,24309.95,24320.25,24297.65,24299.75,1514,120,0
2025-09-16 16:40:00+00:00,24299.25,24314.65,24295.05,24309.65,1485,120,0
2025-09-16 16:45:00+00:00,24310.35,24312.25,24287.55,24304.25,1498,120,0
2025-09-16 16:50:00+00:00,24304.35,24306.55,24270.35,24280.55,1472,120,0
2025-09-16 16:55:00+00:00,24280.75,24288.65,24267.25,24280.65,1396,120,0
2025-09-16 17:00:00+00:00,24280.55,24289.25,24272.55,24279.75,1396,120,0
2025-09-16 17:05:00+00:00,24279.25,24297.95,24278.75,24287.35,1382,80,0
2025-09-16 17:10:00+00:00,24287.05,24292.75,24267.35,24281.45,1393,80,0
2025-09-16 17:15:00+00:00,24281.05,24302.05,24279.75,24290.05,1354,80,0
2025-09-16 17:20:00+00:00,24289.95,24302.85,24279.05,24299.95,1308,80,0
2025-09-16 17:25:00+00:00,24300.35,24300.55,24278.05,24281.95,1311,80,0
2025-09-16 17:30:00+00:00,24281.85,24292.05,24278.75,24288.25,1243,80,0
2025-09-16 17:35:00+00:00,24288.45,24300.05,24271.35,24277.35,1329,80,0
2025-09-16 17:40:00+00:00,24277.45,24282.05,24274.35,24275.25,1346,80,0
2025-09-16 17:45:00+00:00,24275.35,24287.05,24270.85,24281.85,1286,80,0
2025-09-16 17:50:00+00:00,24281.45,24293.55,24279.85,24290.55,1262,80,0
2025-09-16 17:55:00+00:00,24290.35,24290.55,24279.35,24281.35,1246,80,0
2025-09-16 18:00:00+00:00,24282.95,24282.95,24255.05,24260.55,1250,80,0
2025-09-16 18:05:00+00:00,24259.75,24273.95,24259.75,24272.35,1185,80,0
2025-09-16 18:10:00+00:00,24272.05,24280.35,24264.35,24274.35,1216,80,0
2025-09-16 18:15:00+00:00,24273.75,24276.35,24263.25,24275.45,1255,80,0
2025-09-16 18:20:00+00:00,24275.75,24286.55,24269.55,24270.35,1262,80,0
2025-09-16 18:25:00+00:00,24270.25,24276.85,24260.85,24262.55,1181,80,0
2025-09-16 18:30:00+00:00,24262.45,24268.95,24258.35,24259.25,1150,80,0
2025-09-16 18:35:00+00:00,24259.75,24265.55,24254.95,24264.55,1121,80,0
2025-09-16 18:40:00+00:00,24264.35,24268.35,24247.75,24256.85,1150,80,0
2025-09-16 18:45:00+00:00,24257.25,24268.25,24255.45,24257.35,1095,80,0
2025-09-16 18:50:00+00:00,24256.85,24269.85,24252.25,24266.85,1109,80,0
2025-09-16 18:55:00+00:00,24266.95,24269.55,24247.85,24253.55,1170,80,0
2025-09-16 19:00:00+00:00,24253.45,24260.45,24244.35,24245.55,1160,80,0
2025-09-16 19:05:00+00:00,24245.95,24260.55,24245.35,24259.35,1156,80,0
2025-09-16 19:10:00+00:00,24259.25,24264.55,24254.05,24262.85,1032,80,0
2025-09-16 19:15:00+00:00,24263.35,24265.25,24259.85,24261.45,991,80,0
2025-09-16 19:20:00+00:00,24261.35,24263.95,24256.05,24262.45,1017,80,0
2025-09-16 19:25:00+00:00,24261.95,24273.45,24260.15,24272.15,950,80,0
2025-09-16 19:30:00+00:00,24272.05,24272.55,24262.65,24267.35,1104,80,0
2025-09-16 19:35:00+00:00,24267.15,24273.15,24254.15,24270.45,1017,80,0
2025-09-16 19:40:00+00:00,24270.35,24272.95,24259.15,24266.35,1049,80,0
2025-09-16 19:45:00+00:00,24266.05,24270.45,24261.15,24263.65,989,80,0
2025-09-16 19:50:00+00:00,24263.55,24269.65,24261.35,24268.65,962,80,0
2025-09-16 19:55:00+00:00,24268.45,24278.15,24267.65,24269.65,1118,80,0
2025-09-16 20:00:00+00:00,24269.85,24279.55,24269.35,24276.85,906,80,0
2025-09-16 20:05:00+00:00,24276.95,24283.15,24273.65,24281.55,1044,80,0
2025-09-16 20:10:00+00:00,24281.45,24284.65,24277.65,24283.45,835,80,0
2025-09-16 20:15:00+00:00,24283.65,24286.95,24279.95,24281.85,854,80,0
2025-09-16 20:20:00+00:00,24282.35,24291.65,24281.65,24287.65,844,80,0
2025-09-16 20:25:00+00:00,24287.85,24288.15,24277.45,24279.35,910,80,0
2025-09-16 20:30:00+00:00,24279.45,24282.95,24274.65,24280.15,946,80,0
2025-09-16 20:35:00+00:00,24280.45,24281.55,24271.55,24279.15,964,80,0
2025-09-16 20:40:00+00:00,24279.35,24279.45,24274.15,24275.95,918,80,0
2025-09-16 20:45:00+00:00,24275.65,24282.45,24274.15,24280.85,839,80,0
2025-09-16 20:50:00+00:00,24280.65,24280.85,24269.05,24279.95,973,80,0
2025-09-16 20:55:00+00:00,24279.85,24285.45,24279.05,24280.95,820,80,0
2025-09-16 21:00:00+00:00,24281.05,24281.05,24270.65,24274.55,949,80,0
2025-09-16 21:05:00+00:00,24274.85,24284.85,24271.35,24277.95,867,80,0
2025-09-16 21:10:00+00:00,24278.05,24281.85,24271.15,24273.85,888,80,0
2025-09-16 21:15:00+00:00,24273.55,24278.95,24272.45,24276.95,886,80,0
2025-09-16 21:20:00+00:00,24276.55,24281.95,24273.55,24279.65,844,80,0
2025-09-16 21:25:00+00:00,24279.45,24282.95,24277.15,24278.45,797,80,0
2025-09-16 21:30:00+00:00,24278.55,24284.35,24275.45,24279.55,778,80,0
2025-09-16 21:35:00+00:00,24279.65,24287.95,24277.05,24280.85,790,80,0
2025-09-16 21:40:00+00:00,24280.65,24287.05,24280.65,24284.55,793,80,0
2025-09-16 21:45:00+00:00,24284.65,24292.95,24284.55,24288.95,732,80,0
2025-09-16 21:50:00+00:00,24288.85,24295.85,24288.85,24292.45,840,80,0
2025-09-16 21:55:00+00:00,24292.35,24297.05,24289.65,24295.35,698,80,0
2025-09-16 22:00:00+00:00,24295.15,24302.85,24294.05,24298.55,790,80,0
2025-09-16 22:05:00+00:00,24298.85,24306.45,24298.65,24299.45,799,80,0
2025-09-16 22:10:00+00:00,24299.65,24301.65,24294.05,24299.05,776,80,0
2025-09-16 22:15:00+00:00,24299.15,24300.65,24296.45,24298.15,783,80,0
2025-09-16 22:20:00+00:00,24298.45,24302.35,24293.85,24295.65,850,80,0
2025-09-16 22:25:00+00:00,24295.35,24295.95,24282.85,24286.15,1034,80,0
2025-09-16 22:30:00+00:00,24286.05,24287.95,24280.95,24284.85,1075,80,0
2025-09-16 22:35:00+00:00,24284.95,24289.35,24278.65,24283.65,1039,80,0
2025-09-16 22:40:00+00:00,24284.15,24292.15,24281.65,24285.15,1054,80,0
2025-09-16 22:45:00+00:00,24285.45,24295.65,24284.85,24293.45,1001,80,0
2025-09-16 22:50:00+00:00,24303.55,24308.45,24286.35,24289.65,1244,80,0
2025-09-16 22:55:00+00:00,24291.35,24296.95,24266.15,24273.15,1238,80,0
2025-09-16 23:00:00+00:00,24272.65,24285.96,24269.06,24283.26,851,80,0
2025-09-16 23:05:00+00:00,24283.16,24284.76,24275.16,24280.66,509,178,0
2025-09-16 23:10:00+00:00,24280.46,24282.46,24279.16,24281.96,460,168,0
2025-09-16 23:15:00+00:00,24282.26,24287.96,24281.76,24286.66,310,168,0
2025-09-16 23:20:00+00:00,24285.76,24286.46,24282.76,24285.16,210,168,0
2025-09-16 23:25:00+00:00,24285.26,24286.76,24283.46,24286.16,161,168,0
2025-09-16 23:30:00+00:00,24285.96,24288.96,24285.66,24286.86,194,168,0
2025-09-16 23:35:00+00:00,24286.76,24289.26,24286.36,24289.26,239,168,0
2025-09-16 23:40:00+00:00,24289.16,24289.76,24287.76,24289.36,220,168,0
2025-09-16 23:45:00+00:00,24289.46,24290.36,24286.16,24287.46,258,168,0
2025-09-17 01:05:00+00:00,24280.96,24285.56,24280.76,24284.16,248,178,0
2025-09-17 01:10:00+00:00,24284.06,24289.36,24283.66,24288.66,190,168,0
2025-09-17 01:15:00+00:00,24288.56,24289.56,24284.56,24286.16,181,168,0
2025-09-17 01:20:00+00:00,24286.46,24294.36,24286.16,24293.86,184,168,0
2025-09-17 01:25:00+00:00,24293.76,24295.46,24291.36,24294.96,125,168,0
2025-09-17 01:30:00+00:00,24295.46,24298.86,24295.46,24297.06,160,168,0
2025-09-17 01:35:00+00:00,24296.86,24300.56,24296.36,24298.56,135,168,0
2025-09-17 01:40:00+00:00,24298.86,24298.86,24294.56,24296.36,137,168,0
2025-09-17 01:45:00+00:00,24295.66,24298.36,24294.66,24297.56,88,168,0
2025-09-17 01:50:00+00:00,24297.96,24298.86,24296.16,24298.16,91,168,0
2025-09-17 01:55:00+00:00,24297.96,24299.06,24295.06,24295.06,94,168,0
2025-09-17 02:00:00+00:00,24295.15,24299.15,24294.75,24296.65,121,150,0
2025-09-17 02:05:00+00:00,24296.75,24298.05,24295.45,24296.75,77,150,0
2025-09-17 02:10:00+00:00,24297.15,24297.25,24294.25,24294.75,77,150,0
2025-09-17 02:15:00+00:00,24293.65,24295.75,24291.75,24295.25,101,150,0
2025-09-17 02:20:00+00:00,24295.45,24295.45,24291.25,24291.25,98,150,0
2025-09-17 02:25:00+00:00,24291.15,24291.15,24286.05,24287.25,100,150,0
2025-09-17 02:30:00+00:00,24286.95,24290.75,24286.65,24288.65,120,150,0
2025-09-17 02:35:00+00:00,24288.55,24292.95,24288.55,24292.05,99,150,0
2025-09-17 02:40:00+00:00,24292.15,24293.45,24289.45,24289.55,101,150,0
2025-09-17 02:45:00+00:00,24289.65,24292.05,24288.65,24289.75,154,150,0
2025-09-17 02:50:00+00:00,24290.25,24292.75,24289.65,24292.25,101,150,0
2025-09-17 02:55:00+00:00,24292.05,24295.55,24291.95,24292.25,153,150,0
2025-09-17 03:00:00+00:00,24292.55,24298.65,24290.05,24296.85,468,150,0
2025-09-17 03:05:00+00:00,24296.45,24299.15,24295.25,24297.05,264,150,0
2025-09-17 03:10:00+00:00,24297.15,24298.75,24280.15,24283.05,355,150,0
2025-09-17 03:15:00+00:00,24282.95,24288.35,24282.15,24286.65,369,160,0
2025-09-17 03:20:00+00:00,24286.55,24288.25,24282.25,24284.25,277,160,0
2025-09-17 03:25:00+00:00,24283.85,24289.65,24283.35,24289.25,219,150,0
2025-09-17 03:30:00+00:00,24289.15,24292.75,24287.45,24288.25,195,150,0
2025-09-17 03:35:00+00:00,24288.05,24288.05,24281.65,24282.55,211,150,0
2025-09-17 03:40:00+00:00,24282.75,24287.55,24282.55,24284.05,197,150,0
2025-09-17 03:45:00+00:00,24283.25,24290.05,24282.55,24289.95,235,150,0
2025-09-17 03:50:00+00:00,24290.05,24290.45,24286.05,24289.75,174,150,0
2025-09-17 03:55:00+00:00,24290.05,24292.15,24288.05,24289.95,219,150,0
2025-09-17 04:00:00+00:00,24289.65,24295.25,24289.65,24293.65,312,150,0
2025-09-17 04:05:00+00:00,24293.55,24294.55,24290.75,24293.75,228,150,0
2025-09-17 04:10:00+00:00,24293.55,24296.25,24292.05,24293.75,230,150,0
2025-09-17 04:15:00+00:00,24293.65,24293.75,24287.75,24289.75,328,150,0
2025-09-17 04:20:00+00:00,24289.45,24290.65,24284.95,24289.65,284,150,0
2025-09-17 04:25:00+00:00,24289.45,24292.15,24286.55,24289.95,241,150,0
2025-09-17 04:30:00+00:00,24289.75,24289.75,24279.45,24280.25,346,150,0
2025-09-17 04:35:00+00:00,24279.95,24284.45,24278.15,24278.65,331,150,0
2025-09-17 04:40:00+00:00,24278.85,24284.05,24278.65,24282.75,302,150,0
2025-09-17 04:45:00+00:00,24282.65,24285.05,24282.05,24284.15,241,150,0
2025-09-17 04:50:00+00:00,24284.25,24285.25,24280.95,24283.75,205,150,0
2025-09-17 04:55:00+00:00,24283.45,24284.95,24280.15,24280.25,200,150,0
2025-09-17 05:00:00+00:00,24280.45,24282.65,24277.75,24278.45,247,150,0
2025-09-17 05:05:00+00:00,24278.65,24280.25,24276.45,24278.55,220,150,0
2025-09-17 05:10:00+00:00,24278.65,24279.15,24273.95,24275.45,236,150,0
2025-09-17 05:15:00+00:00,24275.65,24276.95,24270.45,24271.25,225,150,0
2025-09-17 05:20:00+00:00,24271.15,24271.45,24262.65,24262.75,297,150,0
2025-09-17 05:25:00+00:00,24263.15,24268.65,24262.75,24267.75,263,150,0
2025-09-17 05:30:00+00:00,24267.45,24273.75,24265.35,24270.75,261,150,0
2025-09-17 05:35:00+00:00,24270.65,24270.95,24267.55,24269.75,236,150,0
2025-09-17 05:40:00+00:00,24269.55,24273.15,24269.45,24271.55,227,150,0
2025-09-17 05:45:00+00:00,24271.45,24274.15,24267.25,24269.05,212,150,0
2025-09-17 05:50:00+00:00,24268.95,24271.95,24267.65,24269.65,153,150,0
2025-09-17 05:55:00+00:00,24269.75,24274.55,24269.55,24273.45,156,150,0
2025-09-17 06:00:00+00:00,24273.55,24273.55,24269.45,24272.45,161,150,0
2025-09-17 06:05:00+00:00,24272.55,24273.95,24270.15,24270.75,155,150,0
2025-09-17 06:10:00+00:00,24270.65,24274.15,24269.65,24273.65,146,150,0
2025-09-17 06:15:00+00:00,24273.15,24273.45,24270.55,24272.55,109,150,0
2025-09-17 06:20:00+00:00,24272.65,24275.15,24271.15,24271.55,121,150,0
2025-09-17 06:25:00+00:00,24271.75,24272.45,24271.15,24271.95,107,150,0
2025-09-17 06:30:00+00:00,24272.45,24272.45,24268.25,24270.25,148,150,0
2025-09-17 06:35:00+00:00,24270.15,24270.25,24267.25,24267.75,137,150,0
2025-09-17 06:40:00+00:00,24267.95,24271.65,24267.75,24270.45,133,150,0
2025-09-17 06:45:00+00:00,24270.25,24272.15,24268.45,24268.65,134,150,0
2025-09-17 06:50:00+00:00,24268.25,24270.05,24266.55,24266.65,118,150,0
2025-09-17 06:55:00+00:00,24266.95,24269.45,24266.75,24267.95,111,150,0
2025-09-17 07:00:00+00:00,24268.05,24271.95,24266.55,24266.55,151,150,0
2025-09-17 07:05:00+00:00,24266.45,24268.75,24264.45,24268.25,170,150,0
2025-09-17 07:10:00+00:00,24268.45,24270.15,24262.95,24262.95,182,150,0
2025-09-17 07:15:00+00:00,24262.75,24263.15,24257.25,24263.15,236,150,0
2025-09-17 07:20:00+00:00,24263.05,24266.15,24260.95,24261.65,190,150,0
2025-09-17 07:25:00+00:00,24260.75,24263.65,24260.15,24261.65,103,150,0
2025-09-17 07:30:00+00:00,24261.55,24265.45,24260.65,24261.65,147,150,0
2025-09-17 07:35:00+00:00,24261.55,24269.65,24260.95,24268.75,130,150,0
2025-09-17 07:40:00+00:00,24268.65,24271.15,24267.65,24268.05,127,150,0
2025-09-17 07:45:00+00:00,24268.25,24269.75,24265.15,24265.55,162,150,0
2025-09-17 07:50:00+00:00,24265.75,24268.15,24265.75,24266.45,99,150,0
2025-09-17 07:55:00+00:00,24266.25,24268.45,24265.95,24268.45,59,150,0
2025-09-17 08:00:00+00:00,24268.65,24270.75,24266.65,24269.15,223,150,0
2025-09-17 08:05:00+00:00,24269.25,24275.95,24258.65,24274.95,291,150,0
2025-09-17 08:10:00+00:00,24274.65,24275.95,24267.45,24268.55,232,150,0
2025-09-17 08:15:00+00:00,24268.45,24269.65,24252.65,24256.45,325,150,0
2025-09-17 08:20:00+00:00,24256.55,24265.35,24256.45,24260.35,336,160,0
2025-09-17 08:25:00+00:00,24260.45,24261.85,24258.25,24260.05,202,150,0
2025-09-17 08:30:00+00:00,24259.75,24260.75,24257.65,24260.45,226,150,0
2025-09-17 08:35:00+00:00,24260.95,24262.15,24256.75,24261.45,262,150,0
2025-09-17 08:40:00+00:00,24261.55,24265.75,24258.05,24264.15,210,150,0
2025-09-17 08:45:00+00:00,24264.05,24269.05,24263.85,24265.75,210,150,0
2025-09-17 08:50:00+00:00,24265.65,24266.95,24262.95,24266.05,185,150,0
2025-09-17 08:55:00+00:00,24266.25,24268.95,24265.25,24267.45,145,150,0
2025-09-17 09:00:00+00:00,24268.15,24274.05,24265.85,24266.45,354,150,0
2025-09-17 09:05:00+00:00,24266.55,24269.95,24264.65,24265.25,288,160,0
2025-09-17 09:10:00+00:00,24264.95,24271.65,24258.95,24270.65,301,160,0
2025-09-17 09:15:00+00:00,24270.55,24271.35,24266.05,24266.75,257,150,0
2025-09-17 09:20:00+00:00,24266.55,24275.95,24266.55,24275.65,258,150,0
2025-09-17 09:25:00+00:00,24275.75,24278.45,24273.45,24274.45,277,150,0
2025-09-17 09:30:00+00:00,24274.25,24275.45,24266.45,24272.95,309,160,0
2025-09-17 09:35:00+00:00,24273.75,24278.55,24272.95,24277.45,245,150,0
2025-09-17 09:40:00+00:00,24277.65,24279.65,24273.95,24278.55,220,150,0
2025-09-17 09:45:00+00:00,24279.15,24279.95,24276.65,24278.05,174,150,0
2025-09-17 09:50:00+00:00,24277.95,24283.45,24277.55,24280.05,223,150,0
2025-09-17 09:55:00+00:00,24279.75,24283.45,24277.95,24281.55,226,150,0
2025-09-17 10:00:00+00:00,24280.65,24284.35,24274.35,24283.75,661,150,0
2025-09-17 10:05:00+00:00,24284.25,24288.15,24278.95,24285.85,509,170,0
2025-09-17 10:10:00+00:00,24285.95,24288.05,24281.35,24281.95,441,160,0
2025-09-17 10:15:00+00:00,24281.75,24285.95,24279.95,24285.65,392,150,0
2025-09-17 10:20:00+00:00,24285.35,24292.95,24284.75,24291.85,409,150,0
2025-09-17 10:25:00+00:00,24291.75,24298.35,24290.95,24297.35,408,150,0
2025-09-17 10:30:00+00:00,24297.25,24302.15,24295.35,24301.95,380,150,0
2025-09-17 10:35:00+00:00,24301.65,24301.65,24292.15,24294.55,486,150,0
2025-09-17 10:40:00+00:00,24294.65,24297.05,24290.85,24295.25,352,160,0
2025-09-17 10:45:00+00:00,24294.95,24299.15,24292.95,24295.15,406,150,0
2025-09-17 10:50:00+00:00,24295.45,24302.15,24295.45,24297.85,378,160,0
2025-09-17 10:55:00+00:00,24297.65,24300.45,24296.95,24299.45,348,150,0
2025-09-17 11:00:00+00:00,24295.45,24299.35,24288.35,24288.75,628,150,0
2025-09-17 11:05:00+00:00,24287.05,24291.05,24281.35,24290.45,472,170,0
2025-09-17 11:10:00+00:00,24290.55,24290.55,24276.65,24277.15,436,160,0
2025-09-17 11:15:00+00:00,24277.05,24280.15,24270.65,24275.45,557,160,0
2025-09-17 11:20:00+00:00,24276.45,24278.65,24273.85,24275.45,359,160,0
2025-09-17 11:25:00+00:00,24275.25,24279.45,24273.95,24276.85,417,160,0
2025-09-17 11:30:00+00:00,24276.75,24278.25,24250.85,24252.25,603,160,0
2025-09-17 11:35:00+00:00,24250.75,24252.95,24219.85,24236.75,1253,210,0
2025-09-17 11:40:00+00:00,24236.95,24238.15,24205.65,24234.95,1178,210,0
2025-09-17 11:45:00+00:00,24234.15,24257.15,24228.95,24248.95,920,210,0
2025-09-17 11:50:00+00:00,24248.75,24268.25,24248.75,24258.35,747,190,0
2025-09-17 11:55:00+00:00,24258.45,24263.35,24255.25,24262.55,578,180,0
2025-09-17 12:00:00+00:00,24262.75,24268.25,24259.15,24267.35,525,180,0
2025-09-17 12:05:00+00:00,24267.15,24275.85,24267.15,24271.35,531,180,0
2025-09-17 12:10:00+00:00,24271.65,24273.35,24264.65,24267.35,439,170,0
2025-09-17 12:15:00+00:00,24267.05,24270.15,24260.65,24264.95,466,170,0
2025-09-17 12:20:00+00:00,24265.15,24271.55,24265.05,24268.55,483,170,0
2025-09-17 12:25:00+00:00,24269.05,24274.95,24268.95,24272.25,399,160,0
2025-09-17 12:30:00+00:00,24272.45,24276.45,24270.45,24274.95,402,160,0
2025-09-17 12:35:00+00:00,24274.45,24277.35,24272.95,24275.25,349,160,0
2025-09-17 12:40:00+00:00,24275.45,24277.75,24266.15,24266.15,372,160,0
2025-09-17 12:45:00+00:00,24266.35,24273.85,24264.65,24265.95,414,160,0
2025-09-17 12:50:00+00:00,24265.85,24267.25,24256.15,24263.65,425,160,0
2025-09-17 12:55:00+00:00,24263.95,24267.55,24257.95,24261.45,329,160,0
2025-09-17 13:00:00+00:00,24260.95,24269.45,24257.65,24263.95,434,160,0
2025-09-17 13:05:00+00:00,24264.05,24265.45,24259.85,24264.95,413,170,0
2025-09-17 13:10:00+00:00,24264.65,24265.55,24253.35,24253.35,359,160,0
2025-09-17 13:15:00+00:00,24253.45,24261.05,24252.55,24256.25,390,160,0
2025-09-17 13:20:00+00:00,24256.45,24259.95,24251.85,24251.95,351,160,0
2025-09-17 13:25:00+00:00,24252.05,24254.05,24247.95,24251.15,402,160,0
2025-09-17 13:30:00+00:00,24251.35,24254.55,24245.05,24250.15,563,160,0
2025-09-17 13:35:00+00:00,24249.55,24253.85,24239.35,24252.85,526,170,0
2025-09-17 13:40:00+00:00,24253.15,24257.15,24247.85,24248.15,498,170,0
2025-09-17 13:45:00+00:00,24248.05,24255.85,24248.05,24249.15,408,180,0
2025-09-17 13:50:00+00:00,24249.05,24251.55,24243.95,24251.55,486,170,0
2025-09-17 13:55:00+00:00,24251.15,24251.15,24241.55,24249.35,563,170,0
2025-09-17 14:00:00+00:00,24250.35,24253.35,24241.45,24243.25,634,180,0
2025-09-17 14:05:00+00:00,24243.05,24253.55,24236.35,24252.55,545,180,0
2025-09-17 14:10:00+00:00,24252.65,24265.85,24252.05,24263.65,525,170,0
2025-09-17 14:15:00+00:00,24263.85,24265.45,24255.85,24256.65,445,170,0
2025-09-17 14:20:00+00:00,24255.85,24264.95,24255.85,24262.35,398,160,0
2025-09-17 14:25:00+00:00,24261.75,24262.25,24253.95,24256.45,393,160,0
2025-09-17 14:30:00+00:00,24256.15,24257.65,24247.65,24247.95,457,170,0
2025-09-17 14:35:00+00:00,24247.65,24247.65,24236.85,24241.45,536,170,0
2025-09-17 14:40:00+00:00,24241.55,24245.35,24239.15,24239.35,438,170,0
2025-09-17 14:45:00+00:00,24239.45,24251.95,24239.15,24251.25,485,160,0
2025-09-17 14:50:00+00:00,24251.35,24257.65,24250.25,24255.15,402,160,0
2025-09-17 14:55:00+00:00,24255.35,24255.65,24248.25,24251.55,448,160,0
2025-09-17 15:00:00+00:00,24252.15,24258.25,24248.85,24253.05,526,170,0
2025-09-17 15:05:00+00:00,24252.85,24254.85,24249.95,24251.65,476,170,0
2025-09-17 15:10:00+00:00,24251.35,24258.15,24247.55,24257.65,455,170,0
2025-09-17 15:15:00+00:00,24257.85,24261.35,24253.35,24261.35,416,160,0
2025-09-17 15:20:00+00:00,24261.55,24264.15,24257.85,24263.05,455,170,0
2025-09-17 15:25:00+00:00,24262.55,24267.85,24262.05,24266.05,499,160,0
2025-09-17 15:30:00+00:00,24265.85,24274.05,24265.85,24266.35,491,170,0
2025-09-17 15:35:00+00:00,24265.95,24272.25,24265.55,24267.85,438,160,0
2025-09-17 15:40:00+00:00,24267.65,24270.45,24261.35,24262.15,462,160,0
2025-09-17 15:45:00+00:00,24261.85,24267.15,24257.15,24264.05,559,160,0
2025-09-17 15:50:00+00:00,24263.65,24269.55,24260.55,24269.55,448,170,0
2025-09-17 15:55:00+00:00,24269.85,24274.95,24268.35,24273.95,489,160,0
2025-09-17 16:00:00+00:00,24274.15,24277.25,24270.65,24273.65,508,160,0
2025-09-17 16:05:00+00:00,24273.85,24277.45,24268.85,24270.35,547,160,0
2025-09-17 16:10:00+00:00,24270.15,24273.15,24269.35,24270.95,389,150,0
2025-09-17 16:15:00+00:00,24270.65,24272.85,24265.55,24269.55,460,150,0
2025-09-17 16:20:00+00:00,24269.85,24270.15,24262.05,24269.25,475,160,0
2025-09-17 16:25:00+00:00,24268.15,24280.65,24267.25,24270.25,687,160,0
2025-09-17 16:30:00+00:00,24270.35,24290.25,24245.85,24251.05,1530,80,0
2025-09-17 16:35:00+00:00,24251.15,24259.95,24228.05,24230.85,1484,120,0
2025-09-17 16:40:00+00:00,24231.35,24237.35,24216.05,24225.65,1506,120,0
2025-09-17 16:45:00+00:00,24225.35,24248.85,24213.65,24246.15,1432,120,0
2025-09-17 16:50:00+00:00,24246.45,24270.05,24245.05,24248.85,1307,80,0
2025-09-17 16:55:00+00:00,24249.05,24255.85,24222.55,24227.05,1301,120,0
2025-09-17 17:00:00+00:00,24228.35,24229.15,24196.85,24222.05,1367,110,0
2025-09-17 17:05:00+00:00,24221.15,24227.85,24212.55,24215.15,1354,120,0
2025-09-17 17:10:00+00:00,24214.85,24225.25,24209.95,24224.05,1315,80,0
2025-09-17 17:15:00+00:00,24223.85,24230.35,24204.55,24213.55,1190,80,0
2025-09-17 17:20:00+00:00,24213.25,24223.05,24202.05,24203.25,1231,80,0
2025-09-17 17:25:00+00:00,24203.55,24208.25,24186.15,24189.55,1253,80,0
2025-09-17 17:30:00+00:00,24191.15,24208.75,24185.05,24197.75,1287,80,0
2025-09-17 17:35:00+00:00,24198.05,24199.35,24182.25,24193.05,1165,80,0
2025-09-17 17:40:00+00:00,24192.75,24198.55,24174.05,24174.75,1128,80,0
2025-09-17 17:45:00+00:00,24174.25,24184.25,24166.55,24179.05,1156,80,0
2025-09-17 17:50:00+00:00,24178.75,24181.35,24160.05,24180.05,1155,80,0
2025-09-17 17:55:00+00:00,24179.75,24185.75,24167.65,24170.25,1087,80,0
2025-09-17 18:00:00+00:00,24170.05,24175.55,24159.55,24161.15,1051,80,0
2025-09-17 18:05:00+00:00,24161.25,24167.25,24154.25,24166.05,1066,80,0
2025-09-17 18:10:00+00:00,24166.25,24182.85,24157.25,24181.55,964,80,0
2025-09-17 18:15:00+00:00,24181.25,24192.55,24174.85,24187.05,1024,80,0
2025-09-17 18:20:00+00:00,24186.85,24188.35,24172.05,24173.15,1006,80,0
2025-09-17 18:25:00+00:00,24173.05,24175.25,24155.75,24162.25,1044,80,0
2025-09-17 18:30:00+00:00,24162.35,24170.15,24158.05,24165.55,995,80,0
2025-09-17 18:35:00+00:00,24166.05,24173.25,24156.65,24158.25,988,80,0
2025-09-17 18:40:00+00:00,24158.05,24167.85,24150.75,24166.55,983,80,0
2025-09-17 18:45:00+00:00,24166.65,24173.55,24158.25,24165.55,920,80,0
2025-09-17 18:50:00+00:00,24165.35,24167.75,24151.25,24153.15,918,80,0
2025-09-17 18:55:00+00:00,24152.85,24164.35,24152.05,24160.75,951,80,0
2025-09-17 19:00:00+00:00,24160.85,24163.05,24151.55,24151.55,894,80,0
2025-09-17 19:05:00+00:00,24151.35,24160.75,24149.75,24153.05,894,80,0
2025-09-17 19:10:00+00:00,24152.75,24154.65,24145.75,24150.55,892,80,0
2025-09-17 19:15:00+00:00,24150.25,24156.65,24149.05,24154.25,813,80,0
2025-09-17 19:20:00+00:00,24155.05,24165.85,24152.35,24163.65,854,80,0
2025-09-17 19:25:00+00:00,24163.15,24171.15,24159.55,24170.25,861,80,0
2025-09-17 19:30:00+00:00,24170.35,24170.35,24147.25,24148.55,923,80,0
2025-09-17 19:35:00+00:00,24148.25,24152.75,24131.55,24131.75,873,80,0
2025-09-17 19:40:00+00:00,24132.55,24146.25,24124.75,24144.75,1035,80,0
2025-09-17 19:45:00+00:00,24144.55,24144.75,24126.05,24135.05,927,80,0
2025-09-17 19:50:00+00:00,24134.55,24148.85,24134.55,24144.25,900,80,0
2025-09-17 19:55:00+00:00,24144.05,24147.75,24133.55,24139.25,795,80,0
2025-09-17 20:00:00+00:00,24139.55,24152.05,24138.65,24149.55,821,80,0
2025-09-17 20:05:00+00:00,24149.35,24152.55,24145.25,24147.55,752,80,0
2025-09-17 20:10:00+00:00,24147.25,24152.55,24138.05,24152.05,819,80,0
2025-09-17 20:15:00+00:00,24152.25,24154.15,24145.25,24154.05,730,80,0
2025-09-17 20:20:00+00:00,24153.75,24157.55,24145.35,24156.25,794,80,0
2025-09-17 20:25:00+00:00,24156.05,24160.35,24151.55,24159.25,703,80,0
2025-09-17 20:30:00+00:00,24159.75,24173.55,24159.75,24170.75,793,80,0
2025-09-17 20:35:00+00:00,24170.25,24192.25,24169.55,24191.55,866,80,0
2025-09-17 20:40:00+00:00,24191.25,24198.55,24183.15,24185.05,936,80,0
2025-09-17 20:45:00+00:00,24185.55,24191.25,24176.55,24178.85,907,80,0
2025-09-17 20:50:00+00:00,24179.05,24184.05,24173.25,24184.05,852,80,0
2025-09-17 20:55:00+00:00,24184.15,24208.86,24177.15,24207.36,743,80,0
2025-09-17 21:00:00+00:00,24207.46,24272.95,24193.85,24262.45,1595,120,0
2025-09-17 21:05:00+00:00,24261.45,24264.05,24186.85,24190.95,1559,120,0
2025-09-17 21:10:00+00:00,24191.55,24201.15,24073.35,24073.35,1628,120,0
2025-09-17 21:15:00+00:00,24067.35,24137.45,24041.55,24124.65,1658,120,0
2025-09-17 21:20:00+00:00,24120.15,24173.95,24083.55,24162.95,1615,120,0
2025-09-17 21:25:00+00:00,24163.15,24193.65,24137.95,24191.45,1577,120,0
2025-09-17 21:30:00+00:00,24192.45,24202.45,24097.65,24117.05,1637,120,0
2025-09-17 21:35:00+00:00,24116.35,24163.15,24074.35,24075.65,1655,120,0
2025-09-17 21:40:00+00:00,24075.05,24123.05,24039.35,24068.05,1676,120,0
2025-09-17 21:45:00+00:00,24068.55,24110.05,24014.45,24091.35,1630,120,0
2025-09-17 21:50:00+00:00,24091.65,24102.05,23993.35,24017.55,1640,120,0
2025-09-17 21:55:00+00:00,24017.15,24146.35,24017.15,24142.65,1630,120,0
2025-09-17 22:00:00+00:00,24141.05,24204.35,24132.45,24200.05,1649,120,0
2025-09-17 22:05:00+00:00,24200.55,24261.15,24186.95,24238.05,1628,120,0
2025-09-17 22:10:00+00:00,24240.45,24268.55,24163.45,24179.15,1605,120,0
2025-09-17 22:15:00+00:00,24180.85,24251.65,24180.85,24220.85,1625,120,0
2025-09-17 22:20:00+00:00,24220.95,24278.65,24202.45,24270.85,1593,120,0
2025-09-17 22:25:00+00:00,24270.65,24299.65,24260.85,24279.55,1546,120,0
2025-09-17 22:30:00+00:00,24279.05,24296.55,24223.55,24243.65,1585,120,0
2025-09-17 22:35:00+00:00,24242.95,24279.15,24239.15,24240.55,1515,120,0
2025-09-17 22:40:00+00:00,24241.45,24264.65,24226.65,24248.45,1512,120,0
2025-09-17 22:45:00+00:00,24246.05,24252.65,24224.95,24239.05,1526,120,0
2025-09-17 22:50:00+00:00,24254.55,24258.35,24206.35,24232.45,1538,120,0
2025-09-17 22:55:00+00:00,24233.15,24254.15,24197.85,24228.15,1523,120,0
2025-09-17 23:00:00+00:00,24226.26,24261.26,24221.76,24252.56,1272,138,0
2025-09-17 23:05:00+00:00,24253.16,24272.46,24248.56,24261.66,908,218,0
2025-09-17 23:10:00+00:00,24261.56,24267.96,24252.96,24256.66,801,208,0
2025-09-17 23:15:00+00:00,24256.26,24257.76,24236.86,24247.36,667,198,0
2025-09-17 23:20:00+00:00,24247.26,24250.16,24236.26,24241.76,549,198,0
2025-09-17 23:25:00+00:00,24241.96,24258.16,24241.16,24257.26,586,198,0
2025-09-17 23:30:00+00:00,24256.76,24266.26,24254.96,24265.66,452,198,0
2025-09-17 23:35:00+00:00,24265.96,24266.16,24249.96,24251.56,370,188,0
2025-09-17 23:40:00+00:00,24251.46,24253.26,24246.66,24250.76,353,178,0
2025-09-17 23:45:00+00:00,24251.06,24252.06,24240.56,24240.56,319,178,0
2025-09-18 01:05:00+00:00,24259.56,24268.76,24258.06,24267.66,405,198,0
2025-09-18 01:10:00+00:00,24267.56,24269.96,24262.46,24268.66,281,178,0
2025-09-18 01:15:00+00:00,24268.46,24269.96,24267.26,24268.96,192,168,0
2025-09-18 01:20:00+00:00,24269.26,24275.96,24267.86,24274.56,218,168,0
2025-09-18 01:25:00+00:00,24274.76,24283.96,24274.76,24282.06,318,168,0
2025-09-18 01:30:00+00:00,24281.86,24286.26,24279.46,24285.86,212,168,0
2025-09-18 01:35:00+00:00,24286.06,24293.66,24284.66,24293.16,281,168,0
2025-09-18 01:40:00+00:00,24292.96,24301.06,24291.06,24297.66,299,178,0
2025-09-18 01:45:00+00:00,24297.96,24314.66,24294.76,24314.46,367,178,0
2025-09-18 01:50:00+00:00,24314.36,24324.36,24312.96,24323.16,507,198,0
2025-09-18 01:55:00+00:00,24322.86,24324.06,24318.76,24319.66,318,188,0
2025-09-18 02:00:00+00:00,24319.46,24326.95,24319.45,24325.55,332,170,0
2025-09-18 02:05:00+00:00,24325.75,24327.85,24321.65,24326.15,201,150,0
2025-09-18 02:10:00+00:00,24326.05,24328.85,24320.25,24320.75,257,150,0
2025-09-18 02:15:00+00:00,24321.15,24330.85,24320.85,24326.35,259,160,0
2025-09-18 02:20:00+00:00,24326.25,24329.45,24324.65,24326.65,196,150,0
2025-09-18 02:25:00+00:00,24326.45,24328.05,24325.65,24326.95,148,150,0
2025-09-18 02:30:00+00:00,24327.05,24336.85,24326.65,24330.45,333,150,0
2025-09-18 02:35:00+00:00,24330.75,24331.85,24323.45,24324.75,204,160,0
2025-09-18 02:40:00+00:00,24324.85,24326.65,24321.25,24324.75,257,160,0
2025-09-18 02:45:00+00:00,24325.45,24336.85,24325.35,24336.85,288,160,0
2025-09-18 02:50:00+00:00,24336.55,24336.65,24330.55,24336.55,281,160,0
2025-09-18 02:55:00+00:00,24336.85,24339.35,24333.95,24336.35,255,150,0
2025-09-18 03:00:00+00:00,24336.15,24336.65,24320.55,24320.65,597,150,0
2025-09-18 03:05:00+00:00,24320.55,24330.45,24320.55,24327.35,407,170,0
2025-09-18 03:10:00+00:00,24327.55,24331.75,24323.35,24325.95,379,160,0
2025-09-18 03:15:00+00:00,24325.55,24328.55,24324.25,24324.25,309,160,0
2025-09-18 03:20:00+00:00,24323.85,24325.35,24313.55,24316.35,434,160,0
2025-09-18 03:25:00+00:00,24316.45,24318.65,24312.25,24315.15,419,160,0
2025-09-18 03:30:00+00:00,24315.35,24320.55,24314.05,24317.95,386,160,0
2025-09-18 03:35:00+00:00,24318.35,24321.05,24315.15,24315.35,267,160,0
2025-09-18 03:40:00+00:00,24315.65,24321.85,24315.35,24319.25,285,150,0
2025-09-18 03:45:00+00:00,24318.75,24322.55,24316.25,24316.95,299,150,0
2025-09-18 03:50:00+00:00,24316.85,24320.25,24313.35,24319.05,379,150,0
2025-09-18 03:55:00+00:00,24318.85,24322.45,24315.95,24316.85,250,160,0
2025-09-18 04:00:00+00:00,24316.65,24321.25,24313.05,24320.25,378,160,0
2025-09-18 04:05:00+00:00,24320.85,24341.75,24318.85,24337.35,524,160,0
2025-09-18 04:10:00+00:00,24337.65,24345.75,24337.45,24339.85,395,160,0
2025-09-18 04:15:00+00:00,24339.65,24340.75,24329.85,24330.05,390,160,0
2025-09-18 04:20:00+00:00,24330.45,24330.45,24320.35,24329.45,418,170,0
2025-09-18 04:25:00+00:00,24329.75,24332.55,24326.85,24329.25,281,150,0
2025-09-18 04:30:00+00:00,24329.15,24337.55,24327.65,24334.45,476,160,0
2025-09-18 04:35:00+00:00,24334.85,24340.35,24334.65,24340.15,325,150,0
2025-09-18 04:40:00+00:00,24340.35,24341.75,24336.65,24340.05,365,150,0
2025-09-18 04:45:00+00:00,24340.25,24345.75,24339.25,24343.65,330,160,0
2025-09-18 04:50:00+00:00,24343.75,24345.55,24339.75,24345.25,295,160,0
2025-09-18 04:55:00+00:00,24345.35,24349.15,24344.65,24345.15,289,150,0
2025-09-18 05:00:00+00:00,24345.35,24345.95,24342.45,24345.15,282,150,0
2025-09-18 05:05:00+00:00,24345.05,24345.35,24340.05,24340.05,270,150,0
2025-09-18 05:10:00+00:00,24339.85,24349.95,24339.25,24349.45,341,150,0
2025-09-18 05:15:00+00:00,24349.55,24357.85,24348.95,24356.55,286,150,0
2025-09-18 05:20:00+00:00,24356.15,24358.35,24351.45,24355.35,255,150,0
2025-09-18 05:25:00+00:00,24355.55,24357.35,24353.95,24356.65,269,150,0
2025-09-18 05:30:00+00:00,24356.55,24358.15,24354.95,24355.15,282,150,0
2025-09-18 05:35:00+00:00,24355.55,24364.05,24355.45,24362.15,279,150,0
2025-09-18 05:40:00+00:00,24361.55,24365.65,24360.35,24363.85,234,150,0
2025-09-18 05:45:00+00:00,24363.95,24369.45,24363.45,24368.85,175,150,0
2025-09-18 05:50:00+00:00,24369.35,24370.45,24365.15,24368.15,197,150,0
2025-09-18 05:55:00+00:00,24368.05,24375.05,24366.25,24373.25,261,150,0
2025-09-18 06:00:00+00:00,24372.55,24396.15,24372.25,24391.25,473,160,0
2025-09-18 06:05:00+00:00,24390.95,24394.95,24387.15,24389.05,372,170,0
2025-09-18 06:10:00+00:00,24388.85,24389.05,24381.65,24383.05,345,160,0
2025-09-18 06:15:00+00:00,24383.55,24388.35,24381.45,24388.35,343,160,0
2025-09-18 06:20:00+00:00,24388.95,24394.55,24387.95,24391.55,317,160,0
2025-09-18 06:25:00+00:00,24391.25,24395.35,24389.55,24390.45,281,150,0
2025-09-18 06:30:00+00:00,24390.85,24394.85,24387.95,24391.05,294,150,0
2025-09-18 06:35:00+00:00,24390.95,24390.95,24386.05,24390.45,285,150,0
2025-09-18 06:40:00+00:00,24390.35,24390.85,24386.05,24386.55,220,150,0
2025-09-18 06:45:00+00:00,24386.45,24386.55,24380.85,24382.35,308,150,0
2025-09-18 06:50:00+00:00,24382.55,24386.45,24378.55,24385.55,248,150,0
2025-09-18 06:55:00+00:00,24385.35,24391.85,24384.85,24387.95,239,150,0
2025-09-18 07:00:00+00:00,24388.15,24392.05,24385.05,24390.25,279,150,0
2025-09-18 07:05:00+00:00,24390.15,24390.15,24382.55,24384.65,279,150,0
2025-09-18 07:10:00+00:00,24384.55,24392.65,24383.55,24391.65,236,150,0
2025-09-18 07:15:00+00:00,24391.45,24393.55,24387.55,24392.55,228,150,0
2025-09-18 07:20:00+00:00,24392.45,24398.15,24389.05,24391.75,307,150,0
2025-09-18 07:25:00+00:00,24392.05,24396.45,24390.35,24396.45,173,150,0
2025-09-18 07:30:00+00:00,24396.65,24405.65,24393.75,24394.25,307,150,0
2025-09-18 07:35:00+00:00,24394.05,24395.75,24388.05,24392.85,244,160,0
2025-09-18 07:40:00+00:00,24392.75,24396.85,24390.35,24396.35,261,150,0
2025-09-18 07:45:00+00:00,24397.15,24397.35,24393.35,24396.65,194,150,0
2025-09-18 07:50:00+00:00,24396.85,24399.05,24396.45,24397.45,191,150,0
2025-09-18 07:55:00+00:00,24397.55,24400.45,24394.45,24398.05,216,150,0
2025-09-18 08:00:00+00:00,24397.65,24402.85,24396.05,24400.15,324,150,0
2025-09-18 08:05:00+00:00,24400.05,24401.85,24394.45,24399.85,294,160,0
2025-09-18 08:10:00+00:00,24399.15,24400.55,24395.85,24397.65,280,150,0
2025-09-18 08:15:00+00:00,24397.35,24398.55,24386.95,24388.95,324,160,0
2025-09-18 08:20:00+00:00,24389.05,24389.05,24383.35,24386.45,362,150,0
2025-09-18 08:25:00+00:00,24386.35,24386.45,24367.25,24369.05,439,150,0
2025-09-18 08:30:00+00:00,24369.25,24375.15,24363.15,24368.25,543,170,0
2025-09-18 08:35:00+00:00,24368.15,24370.75,24365.75,24367.35,401,160,0
2025-09-18 08:40:00+00:00,24367.65,24374.45,24366.15,24367.65,436,160,0
2025-09-18 08:45:00+00:00,24368.25,24368.95,24363.55,24366.95,318,160,0
2025-09-18 08:50:00+00:00,24367.35,24373.75,24366.85,24368.15,291,160,0
2025-09-18 08:55:00+00:00,24367.55,24370.85,24364.25,24366.85,314,160,0
2025-09-18 09:00:00+00:00,24366.35,24369.45,24358.55,24360.25,467,160,0
2025-09-18 09:05:00+00:00,24361.65,24361.75,24348.25,24353.25,555,170,0
2025-09-18 09:10:00+00:00,24353.75,24354.95,24341.55,24345.75,573,180,0
2025-09-18 09:15:00+00:00,24346.75,24353.95,24339.65,24351.75,637,180,0
2025-09-18 09:20:00+00:00,24351.95,24352.85,24341.95,24344.55,539,180,0
2025-09-18 09:25:00+00:00,24345.25,24349.25,24343.25,24346.75,436,170,0
2025-09-18 09:30:00+00:00,24347.05,24357.55,24338.75,24357.55,614,180,0
2025-09-18 09:35:00+00:00,24357.45,24363.95,24354.35,24361.75,443,170,0
2025-09-18 09:40:00+00:00,24361.35,24367.95,24359.05,24367.05,487,170,0
2025-09-18 09:45:00+00:00,24366.95,24374.45,24364.75,24366.75,425,170,0
2025-09-18 09:50:00+00:00,24366.55,24370.75,24363.15,24370.35,368,160,0
2025-09-18 09:55:00+00:00,24370.15,24377.75,24370.15,24376.75,348,160,0
2025-09-18 10:00:00+00:00,24376.85,24382.15,24372.75,24381.55,849,160,0
2025-09-18 10:05:00+00:00,24381.95,24387.55,24376.75,24377.55,612,170,0
2025-09-18 10:10:00+00:00,24377.45,24385.45,24374.85,24384.45,566,170,0
2025-09-18 10:15:00+00:00,24384.55,24404.25,24380.95,24403.65,628,170,0
2025-09-18 10:20:00+00:00,24403.25,24403.45,24377.25,24378.55,687,180,0
2025-09-18 10:25:00+00:00,24378.75,24383.25,24371.75,24377.45,624,180,0
2025-09-18 10:30:00+00:00,24377.25,24384.45,24375.95,24380.05,576,180,0
2025-09-18 10:35:00+00:00,24380.55,24384.45,24377.05,24381.55,518,180,0
2025-09-18 10:40:00+00:00,24381.65,24393.75,24381.55,24389.55,599,180,0
2025-09-18 10:45:00+00:00,24390.05,24405.55,24390.05,24404.45,589,170,0
2025-09-18 10:50:00+00:00,24404.85,24419.45,24404.85,24418.75,593,170,0
2025-09-18 10:55:00+00:00,24418.45,24422.65,24413.75,24415.75,600,180,0
2025-09-18 11:00:00+00:00,24415.95,24430.55,24408.65,24430.35,970,180,0
2025-09-18 11:05:00+00:00,24429.95,24435.55,24421.95,24427.45,775,190,0
2025-09-18 11:10:00+00:00,24428.25,24447.35,24426.85,24438.85,789,190,0
2025-09-18 11:15:00+00:00,24438.75,24444.85,24433.45,24437.75,649,180,0
2025-09-18 11:20:00+00:00,24437.45,24444.25,24432.15,24443.25,574,170,0
2025-09-18 11:25:00+00:00,24443.45,24447.85,24436.25,24445.25,623,180,0
2025-09-18 11:30:00+00:00,24444.65,24450.95,24440.55,24448.95,617,180,0
2025-09-18 11:35:00+00:00,24449.05,24458.45,24447.65,24456.45,545,170,0
2025-09-18 11:40:00+00:00,24456.15,24459.45,24452.45,24455.75,541,170,0
2025-09-18 11:45:00+00:00,24456.25,24470.95,24451.55,24470.95,583,170,0
2025-09-18 11:50:00+00:00,24471.15,24477.95,24469.95,24475.45,646,180,0
2025-09-18 11:55:00+00:00,24476.55,24484.15,24472.35,24479.75,710,180,0
2025-09-18 12:00:00+00:00,24479.95,24482.95,24472.95,24474.55,635,180,0
2025-09-18 12:05:00+00:00,24475.45,24481.95,24470.65,24480.45,513,170,0
2025-09-18 12:10:00+00:00,24480.25,24484.55,24460.65,24462.75,645,170,0
2025-09-18 12:15:00+00:00,24462.95,24475.95,24462.95,24469.65,587,180,0
2025-09-18 12:20:00+00:00,24470.05,24472.35,24464.05,24464.25,621,170,0
2025-09-18 12:25:00+00:00,24464.65,24474.15,24461.95,24471.05,481,170,0
2025-09-18 12:30:00+00:00,24470.85,24480.85,24470.35,24480.15,449,160,0
2025-09-18 12:35:00+00:00,24480.35,24483.85,24473.75,24479.05,459,160,0
2025-09-18 12:40:00+00:00,24479.25,24481.25,24471.25,24472.25,515,160,0
2025-09-18 12:45:00+00:00,24472.05,24476.35,24465.55,24472.45,568,160,0
2025-09-18 12:50:00+00:00,24472.55,24482.65,24469.95,24470.25,546,180,0
2025-09-18 12:55:00+00:00,24470.45,24473.85,24467.95,24469.55,503,170,0
2025-09-18 13:00:00+00:00,24469.35,24473.75,24465.75,24473.05,467,170,0
2025-09-18 13:05:00+00:00,24472.75,24481.65,24472.75,24481.55,450,160,0
2025-09-18 13:10:00+00:00,24481.35,24481.35,24476.85,24479.65,337,150,0
2025-09-18 13:15:00+00:00,24479.85,24480.25,24474.05,24475.25,371,160,0
2025-09-18 13:20:00+00:00,24475.55,24477.05,24466.55,24469.65,393,150,0
2025-09-18 13:25:00+00:00,24469.75,24470.05,24459.55,24462.25,487,160,0
2025-09-18 13:30:00+00:00,24461.95,24462.25,24453.05,24453.25,536,170,0
2025-09-18 13:35:00+00:00,24453.35,24458.15,24452.45,24456.35,428,160,0
2025-09-18 13:40:00+00:00,24456.45,24458.95,24453.25,24454.05,373,160,0
2025-09-18 13:45:00+00:00,24454.15,24460.25,24449.65,24450.55,450,160,0
2025-09-18 13:50:00+00:00,24450.65,24453.45,24445.45,24449.25,475,170,0
2025-09-18 13:55:00+00:00,24449.35,24459.95,24447.65,24458.45,438,160,0
2025-09-18 14:00:00+00:00,24457.15,24488.35,24452.95,24477.55,1010,180,0
2025-09-18 14:05:00+00:00,24476.85,24485.45,24468.35,24485.45,860,200,0
2025-09-18 14:10:00+00:00,24485.35,24502.95,24483.85,24498.25,866,190,0
2025-09-18 14:15:00+00:00,24499.25,24503.95,24491.35,24496.75,918,190,0
2025-09-18 14:20:00+00:00,24496.85,24507.85,24495.35,24497.15,753,190,0
2025-09-18 14:25:00+00:00,24497.35,24498.75,24486.25,24493.95,781,180,0
2025-09-18 14:30:00+00:00,24494.05,24496.55,24488.75,24491.45,717,180,0
2025-09-18 14:35:00+00:00,24491.35,24494.65,24488.45,24491.65,721,190,0
2025-09-18 14:40:00+00:00,24491.75,24491.75,24467.85,24474.65,816,190,0
2025-09-18 14:45:00+00:00,24474.55,24484.25,24471.85,24480.25,789,190,0
2025-09-18 14:50:00+00:00,24480.35,24489.15,24477.45,24485.25,769,190,0
2025-09-18 14:55:00+00:00,24485.75,24494.95,24483.45,24494.75,554,170,0
2025-09-18 15:00:00+00:00,24494.95,24495.65,24489.45,24495.65,669,180,0
2025-09-18 15:05:00+00:00,24495.25,24498.95,24484.05,24484.05,661,180,0
2025-09-18 15:10:00+00:00,24483.95,24488.45,24475.45,24486.15,803,180,0
2025-09-18 15:15:00+00:00,24485.95,24492.55,24480.95,24492.05,633,180,0
2025-09-18 15:20:00+00:00,24490.05,24505.15,24489.05,24502.25,734,180,0
2025-09-18 15:25:00+00:00,24502.65,24514.75,24501.95,24505.42,781,180,0
2025-09-18 15:30:00+00:00,24505.27,24511.22,24480.05,24481.75,975,200,0
2025-09-18 15:35:00+00:00,24481.55,24492.95,24478.45,24481.45,929,200,0
2025-09-18 15:40:00+00:00,24480.95,24489.85,24478.95,24482.35,923,190,0
2025-09-18 15:45:00+00:00,24482.45,24489.35,24481.75,24485.75,801,180,0
2025-09-18 15:50:00+00:00,24485.05,24485.05,24461.25,24463.25,980,180,0
2025-09-18 15:55:00+00:00,24462.85,24467.65,24441.45,24442.05,1037,190,0
2025-09-18 16:00:00+00:00,24440.35,24444.85,24410.65,24419.85,1327,200,0
2025-09-18 16:05:00+00:00,24420.05,24432.05,24402.75,24430.55,1279,210,0
2025-09-18 16:10:00+00:00,24430.65,24438.65,24423.05,24428.65,1081,200,0
2025-09-18 16:15:00+00:00,24428.95,24446.15,24425.85,24426.85,1010,200,0
2025-09-18 16:20:00+00:00,24426.15,24438.15,24425.85,24431.55,987,190,0
2025-09-18 16:25:00+00:00,24431.05,24440.55,24425.15,24431.65,1176,190,0
2025-09-18 16:30:00+00:00,24432.55,24460.95,24407.25,24450.45,1637,80,0
2025-09-18 16:35:00+00:00,24448.45,24464.95,24419.55,24420.45,1602,120,0
2025-09-18 16:40:00+00:00,24422.25,24428.25,24376.95,24377.25,1613,120,0
2025-09-18 16:45:00+00:00,24375.95,24409.85,24351.85,24408.85,1570,120,0
2025-09-18 16:50:00+00:00,24408.55,24450.45,24406.25,24412.85,1573,120,0
2025-09-18 16:55:00+00:00,24413.05,24450.05,24394.45,24449.05,1532,120,0
2025-09-18 17:00:00+00:00,24449.55,24478.95,24447.35,24474.85,1521,120,0
2025-09-18 17:05:00+00:00,24474.35,24501.35,24474.35,24501.35,1406,120,0
2025-09-18 17:10:00+00:00,24501.85,24515.95,24496.35,24501.55,1412,120,0
2025-09-18 17:15:00+00:00,24501.75,24524.75,24499.45,24522.25,1349,80,0
2025-09-18 17:20:00+00:00,24523.25,24533.95,24506.95,24521.45,1327,80,0
2025-09-18 17:25:00+00:00,24521.25,24540.75,24521.25,24539.45,1248,80,0
2025-09-18 17:30:00+00:00,24540.15,24561.65,24534.15,24535.15,1231,80,0
2025-09-18 17:35:00+00:00,24535.65,24537.95,24515.45,24516.45,1272,80,0
2025-09-18 17:40:00+00:00,24516.15,24528.45,24511.05,24513.65,1283,80,0
2025-09-18 17:45:00+00:00,24513.15,24530.55,24503.65,24521.25,1333,80,0
2025-09-18 17:50:00+00:00,24521.75,24521.75,24498.15,24498.95,1290,80,0
2025-09-18 17:55:00+00:00,24499.35,24513.65,24484.95,24487.15,1268,80,0
2025-09-18 18:00:00+00:00,24487.95,24523.65,24486.65,24509.35,1316,80,0
2025-09-18 18:05:00+00:00,24509.85,24529.25,24500.25,24526.45,1426,80,0
2025-09-18 18:10:00+00:00,24527.05,24539.65,24515.95,24530.65,1291,80,0
2025-09-18 18:15:00+00:00,24530.15,24561.65,24523.95,24560.95,1227,80,0
2025-09-18 18:20:00+00:00,24561.45,24568.25,24545.15,24549.45,1206,80,0
2025-09-18 18:25:00+00:00,24549.65,24553.95,24529.45,24534.95,1184,80,0
2025-09-18 18:30:00+00:00,24535.25,24558.15,24535.25,24542.65,1167,80,0
2025-09-18 18:35:00+00:00,24543.45,24544.15,24533.95,24542.65,1160,80,0
2025-09-18 18:40:00+00:00,24542.75,24546.25,24522.25,24526.45,1119,80,0
2025-09-18 18:45:00+00:00,24525.75,24529.25,24513.95,24516.65,1129,80,0
2025-09-18 18:50:00+00:00,24516.95,24517.65,24478.15,24494.05,1281,80,0
2025-09-18 18:55:00+00:00,24494.15,24503.25,24479.75,24488.95,1278,110,0
2025-09-18 19:00:00+00:00,24487.45,24508.55,24484.95,24508.55,1288,80,0
2025-09-18 19:05:00+00:00,24507.95,24510.15,24479.65,24481.65,1250,80,0
2025-09-18 19:10:00+00:00,24481.45,24510.15,24473.55,24506.95,1232,80,0
2025-09-18 19:15:00+00:00,24506.75,24526.45,24505.95,24512.15,1133,80,0
2025-09-18 19:20:00+00:00,24511.95,24525.65,24506.25,24519.95,1078,80,0
2025-09-18 19:25:00+00:00,24519.65,24526.65,24513.95,24523.45,929,80,0
2025-09-18 19:30:00+00:00,24524.05,24540.45,24523.05,24535.95,879,80,0
2025-09-18 19:35:00+00:00,24535.45,24541.45,24532.15,24538.95,875,80,0
2025-09-18 19:40:00+00:00,24539.15,24539.15,24532.95,24535.15,843,80,0
2025-09-18 19:45:00+00:00,24535.45,24544.05,24533.75,24542.65,861,80,0
2025-09-18 19:50:00+00:00,24542.55,24545.75,24538.55,24538.65,928,80,0
2025-09-18 19:55:00+00:00,24538.95,24543.75,24534.25,24540.45,894,80,0
2025-09-18 20:00:00+00:00,24540.25,24548.25,24538.55,24542.65,920,80,0
2025-09-18 20:05:00+00:00,24542.75,24549.15,24540.45,24543.95,970,80,0
2025-09-18 20:10:00+00:00,24543.65,24545.15,24535.45,24536.65,869,80,0
2025-09-18 20:15:00+00:00,24536.95,24544.75,24531.55,24535.95,950,80,0
2025-09-18 20:20:00+00:00,24536.65,24539.45,24526.95,24526.95,977,80,0
2025-09-18 20:25:00+00:00,24527.45,24528.75,24515.45,24515.65,1040,80,0
2025-09-18 20:30:00+00:00,24515.75,24517.95,24499.45,24500.15,1057,80,0
2025-09-18 20:35:00+00:00,24500.25,24500.65,24484.65,24499.15,1160,80,0
2025-09-18 20:40:00+00:00,24498.65,24500.25,24481.75,24488.15,1052,80,0
2025-09-18 20:45:00+00:00,24487.95,24497.65,24481.45,24488.65,989,80,0
2025-09-18 20:50:00+00:00,24489.15,24500.55,24479.95,24498.15,1026,80,0
2025-09-18 20:55:00+00:00,24498.45,24499.95,24476.45,24487.15,981,80,0
2025-09-18 21:00:00+00:00,24487.45,24500.45,24480.65,24499.75,1014,80,0
2025-09-18 21:05:00+00:00,24499.55,24514.95,24498.65,24506.45,955,80,0
2025-09-18 21:10:00+00:00,24506.05,24506.05,24482.15,24491.15,1059,80,0
2025-09-18 21:15:00+00:00,24491.65,24503.65,24482.15,24486.15,1016,80,0
2025-09-18 21:20:00+00:00,24486.45,24497.95,24481.45,24495.95,961,80,0
2025-09-18 21:25:00+00:00,24496.15,24503.95,24489.65,24490.65,909,80,0
2025-09-18 21:30:00+00:00,24491.45,24501.55,24490.45,24500.05,938,80,0
2025-09-18 21:35:00+00:00,24500.15,24504.55,24495.45,24500.15,934,80,0
2025-09-18 21:40:00+00:00,24500.95,24504.65,24481.45,24485.15,935,80,0
2025-09-18 21:45:00+00:00,24485.55,24514.25,24482.45,24503.45,1058,80,0
2025-09-18 21:50:00+00:00,24503.15,24515.95,24503.15,24514.45,862,80,0
2025-09-18 21:55:00+00:00,24514.15,24517.45,24507.95,24508.65,859,80,0
2025-09-18 22:00:00+00:00,24508.95,24511.65,24496.25,24503.05,963,80,0
2025-09-18 22:05:00+00:00,24502.65,24508.15,24498.75,24506.75,945,80,0
2025-09-18 22:10:00+00:00,24507.55,24507.95,24498.15,24499.15,892,80,0
2025-09-18 22:15:00+00:00,24498.95,24502.95,24489.15,24500.45,937,80,0
2025-09-18 22:20:00+00:00,24500.95,24501.45,24482.15,24483.05,943,80,0
2025-09-18 22:25:00+00:00,24483.15,24486.65,24469.45,24474.15,956,80,0
2025-09-18 22:30:00+00:00,24473.45,24483.95,24462.65,24469.65,1020,80,0
2025-09-18 22:35:00+00:00,24470.65,24480.15,24464.45,24468.15,1012,80,0
2025-09-18 22:40:00+00:00,24467.95,24475.15,24460.15,24467.15,990,80,0
2025-09-18 22:45:00+00:00,24467.05,24468.15,24449.65,24459.25,1104,80,0
2025-09-18 22:50:00+00:00,24459.75,24481.05,24454.15,24474.85,1309,80,0
2025-09-18 22:55:00+00:00,24475.25,24477.55,24449.35,24449.35,1320,120,0
2025-09-18 23:00:00+00:00,24450.75,24462.16,24439.96,24452.16,1082,120,0
2025-09-18 23:05:00+00:00,24452.96,24464.26,24452.76,24462.56,635,208,0
2025-09-18 23:10:00+00:00,24462.06,24462.16,24444.56,24445.06,630,198,0
2025-09-18 23:15:00+00:00,24445.36,24451.06,24437.16,24446.66,551,198,0
2025-09-18 23:20:00+00:00,24446.86,24463.96,24446.36,24461.06,451,178,0
2025-09-18 23:25:00+00:00,24460.96,24463.56,24459.46,24462.66,291,178,0
2025-09-18 23:30:00+00:00,24462.06,24469.66,24461.06,24466.36,276,168,0
2025-09-18 23:35:00+00:00,24466.46,24471.56,24465.96,24468.96,226,168,0
2025-09-18 23:40:00+00:00,24469.46,24472.46,24468.76,24470.36,222,168,0
2025-09-18 23:45:00+00:00,24470.06,24473.76,24468.96,24471.36,277,168,0
2025-09-19 01:05:00+00:00,24485.76,24493.16,24485.76,24492.76,178,168,0
2025-09-19 01:10:00+00:00,24492.56,24495.16,24488.26,24495.16,161,168,0
2025-09-19 01:15:00+00:00,24494.96,24496.16,24490.26,24490.56,132,168,0
2025-09-19 01:20:00+00:00,24490.16,24492.76,24487.46,24492.66,105,168,0
2025-09-19 01:25:00+00:00,24492.96,24497.16,24492.76,24495.16,126,168,0
2025-09-19 01:30:00+00:00,24495.76,24497.56,24487.56,24487.76,123,168,0
2025-09-19 01:35:00+00:00,24487.66,24487.66,24476.26,24476.76,170,168,0
2025-09-19 01:40:00+00:00,24476.76,24476.76,24466.96,24470.86,242,168,0
2025-09-19 01:45:00+00:00,24471.56,24480.26,24471.56,24479.66,269,178,0
2025-09-19 01:50:00+00:00,24479.26,24487.36,24477.86,24486.66,219,168,0
2025-09-19 01:55:00+00:00,24487.16,24493.96,24486.96,24492.66,216,178,0
2025-09-19 02:00:00+00:00,24492.75,24495.95,24487.55,24491.55,289,160,0
2025-09-19 02:05:00+00:00,24492.05,24494.65,24489.05,24489.85,179,150,0
2025-09-19 02:10:00+00:00,24491.05,24496.55,24487.95,24488.05,192,160,0
2025-09-19 02:15:00+00:00,24487.95,24493.85,24487.55,24492.25,154,150,0
2025-09-19 02:20:00+00:00,24492.65,24496.65,24491.55,24492.85,143,150,0
2025-09-19 02:25:00+00:00,24493.05,24494.35,24490.15,24491.65,125,150,0
2025-09-19 02:30:00+00:00,24492.75,24499.25,24491.75,24498.45,163,150,0
2025-09-19 02:35:00+00:00,24497.95,24502.35,24497.85,24501.65,256,150,0
2025-09-19 02:40:00+00:00,24501.35,24502.35,24497.85,24499.85,153,150,0
2025-09-19 02:45:00+00:00,24499.65,24503.35,24497.35,24499.15,226,150,0
2025-09-19 02:50:00+00:00,24499.35,24501.25,24497.15,24498.65,194,150,0
2025-09-19 02:55:00+00:00,24498.85,24502.65,24495.05,24495.05,221,150,0
2025-09-19 03:00:00+00:00,24495.35,24504.15,24495.05,24499.15,545,150,0
2025-09-19 03:05:00+00:00,24499.05,24502.25,24493.05,24496.55,432,160,0
2025-09-19 03:10:00+00:00,24496.25,24496.25,24478.25,24478.65,574,170,0
2025-09-19 03:15:00+00:00,24478.75,24482.45,24471.05,24473.05,532,170,0
2025-09-19 03:20:00+00:00,24472.55,24475.35,24458.15,24462.15,641,170,0
2025-09-19 03:25:00+00:00,24462.25,24467.35,24456.65,24460.45,530,180,0
2025-09-19 03:30:00+00:00,24459.95,24464.45,24459.25,24460.55,376,160,0
2025-09-19 03:35:00+00:00,24460.65,24466.45,24457.05,24464.25,367,160,0
2025-09-19 03:40:00+00:00,24464.45,24464.55,24450.05,24456.15,497,170,0
2025-09-19 03:45:00+00:00,24456.25,24463.45,24454.25,24458.25,439,170,0
2025-09-19 03:50:00+00:00,24458.65,24462.55,24454.55,24462.05,415,160,0
2025-09-19 03:55:00+00:00,24461.75,24469.05,24460.55,24465.45,410,160,0
2025-09-19 04:00:00+00:00,24464.85,24468.45,24460.25,24464.15,528,160,0
2025-09-19 04:05:00+00:00,24463.95,24468.45,24458.95,24460.55,387,160,0
2025-09-19 04:10:00+00:00,24460.45,24469.65,24456.85,24469.65,380,160,0
2025-09-19 04:15:00+00:00,24469.45,24470.25,24458.95,24468.05,455,170,0
2025-09-19 04:20:00+00:00,24467.75,24471.55,24461.65,24463.65,387,170,0
2025-09-19 04:25:00+00:00,24463.55,24468.45,24460.65,24468.15,386,170,0
2025-09-19 04:30:00+00:00,24468.95,24471.85,24464.95,24465.75,491,160,0
2025-09-19 04:35:00+00:00,24465.05,24471.85,24465.05,24468.05,429,160,0
2025-09-19 04:40:00+00:00,24467.55,24472.35,24465.45,24470.35,383,160,0
2025-09-19 04:45:00+00:00,24470.45,24473.95,24463.45,24464.75,416,160,0
2025-09-19 04:50:00+00:00,24464.65,24469.75,24461.45,24469.55,437,160,0
2025-09-19 04:55:00+00:00,24469.75,24475.95,24469.45,24471.85,450,160,0
2025-09-19 05:00:00+00:00,24471.55,24477.75,24469.45,24471.95,396,160,0
2025-09-19 05:05:00+00:00,24472.15,24472.15,24466.75,24468.45,419,160,0
2025-09-19 05:10:00+00:00,24468.15,24468.95,24460.25,24461.45,399,160,0
2025-09-19 05:15:00+00:00,24461.35,24467.65,24458.75,24462.55,345,160,0
2025-09-19 05:20:00+00:00,24462.75,24465.55,24459.35,24462.45,329,150,0
2025-09-19 05:25:00+00:00,24462.35,24463.25,24455.75,24456.65,215,150,0
2025-09-19 05:30:00+00:00,24456.75,24462.15,24456.65,24461.25,228,150,0
2025-09-19 05:35:00+00:00,24461.55,24470.05,24461.35,24468.75,314,150,0
2025-09-19 05:40:00+00:00,24469.15,24470.35,24464.35,24465.65,161,150,0
2025-09-19 05:45:00+00:00,24464.75,24467.75,24464.55,24464.55,158,150,0
2025-09-19 05:50:00+00:00,24464.75,24468.55,24464.75,24466.15,118,150,0
2025-09-19 05:55:00+00:00,24466.25,24468.55,24464.75,24467.35,136,150,0
2025-09-19 06:00:00+00:00,24467.55,24469.65,24465.55,24468.55,179,150,0
2025-09-19 06:05:00+00:00,24468.75,24476.45,24466.15,24476.35,197,150,0
2025-09-19 06:10:00+00:00,24476.45,24489.75,24475.55,24488.05,354,160,0
2025-09-19 06:15:00+00:00,24488.45,24490.25,24486.05,24487.55,272,160,0
2025-09-19 06:20:00+00:00,24486.95,24491.05,24482.05,24489.05,278,150,0
2025-09-19 06:25:00+00:00,24488.95,24491.85,24485.85,24489.35,299,150,0
2025-09-19 06:30:00+00:00,24489.55,24491.45,24481.65,24481.65,366,160,0
2025-09-19 06:35:00+00:00,24481.15,24484.35,24471.85,24482.75,363,160,0
2025-09-19 06:40:00+00:00,24482.45,24486.35,24479.55,24481.35,278,160,0
2025-09-19 06:45:00+00:00,24481.55,24487.05,24458.95,24471.55,896,160,0
2025-09-19 06:50:00+00:00,24471.35,24478.55,24464.45,24465.65,758,190,0
2025-09-19 06:55:00+00:00,24465.45,24467.95,24459.95,24467.75,560,180,0
2025-09-19 07:00:00+00:00,24467.85,24469.95,24448.15,24452.95,709,180,0
2025-09-19 07:05:00+00:00,24452.65,24462.05,24451.55,24455.95,583,180,0
2025-09-19 07:10:00+00:00,24456.25,24457.05,24444.65,24446.05,676,180,0
2025-09-19 07:15:00+00:00,24446.15,24454.15,24442.15,24443.85,779,180,0
2025-09-19 07:20:00+00:00,24443.15,24449.95,24436.95,24443.15,618,180,0
2025-09-19 07:25:00+00:00,24443.65,24461.05,24443.15,24460.45,668,170,0
2025-09-19 07:30:00+00:00,24460.55,24467.05,24457.95,24463.55,602,170,0
2025-09-19 07:35:00+00:00,24463.65,24468.95,24461.95,24467.45,439,160,0
2025-09-19 07:40:00+00:00,24466.85,24469.25,24464.45,24466.05,410,160,0
2025-09-19 07:45:00+00:00,24465.95,24470.65,24463.95,24470.55,294,150,0
2025-09-19 07:50:00+00:00,24470.25,24471.05,24466.55,24469.35,338,150,0
2025-09-19 07:55:00+00:00,24469.55,24477.75,24469.25,24475.35,345,150,0
2025-09-19 08:00:00+00:00,24475.55,24478.55,24472.25,24472.85,428,150,0
2025-09-19 08:05:00+00:00,24472.95,24474.25,24471.75,24473.05,327,150,0
2025-09-19 08:10:00+00:00,24473.25,24473.75,24464.95,24469.35,412,150,0
2025-09-19 08:15:00+00:00,24469.25,24470.55,24465.75,24469.95,374,160,0
2025-09-19 08:20:00+00:00,24470.05,24473.75,24469.05,24472.85,349,150,0
2025-09-19 08:25:00+00:00,24473.05,24475.75,24463.75,24463.75,343,150,0
2025-09-19 08:30:00+00:00,24463.05,24467.15,24456.75,24462.45,557,160,0
2025-09-19 08:35:00+00:00,24461.85,24468.95,24457.35,24468.55,404,160,0
2025-09-19 08:40:00+00:00,24468.85,24469.95,24453.65,24454.65,523,150,0
2025-09-19 08:45:00+00:00,24454.75,24458.45,24452.15,24456.05,384,170,0
2025-09-19 08:50:00+00:00,24456.15,24461.15,24452.25,24460.25,425,160,0
2025-09-19 08:55:00+00:00,24460.05,24464.35,24460.05,24460.95,376,160,0
2025-09-19 09:00:00+00:00,24461.35,24469.25,24456.05,24468.65,531,160,0
2025-09-19 09:05:00+00:00,24468.45,24471.25,24464.55,24468.05,511,170,0
2025-09-19 09:10:00+00:00,24468.25,24471.45,24465.05,24465.05,393,160,0
2025-09-19 09:15:00+00:00,24465.35,24468.25,24456.65,24458.75,481,160,0
2025-09-19 09:20:00+00:00,24457.95,24464.95,24434.45,24443.35,633,170,0
2025-09-19 09:25:00+00:00,24442.55,24445.75,24430.05,24443.15,640,180,0
2025-09-19 09:30:00+00:00,24443.45,24447.95,24435.65,24437.65,676,190,0
2025-09-19 09:35:00+00:00,24436.95,24456.85,24436.95,24456.65,558,180,0
2025-09-19 09:40:00+00:00,24457.25,24459.75,24450.65,24453.15,483,170,0
2025-09-19 09:45:00+00:00,24453.45,24454.75,24440.25,24444.95,451,170,0
2025-09-19 09:50:00+00:00,24445.25,24450.45,24435.95,24440.55,608,180,0
2025-09-19 09:55:00+00:00,24440.45,24444.15,24427.45,24427.45,536,170,0
2025-09-19 10:00:00+00:00,24426.95,24438.25,24421.45,24421.75,947,180,0
2025-09-19 10:05:00+00:00,24421.55,24424.85,24410.05,24419.45,884,190,0
2025-09-19 10:10:00+00:00,24419.65,24434.85,24418.55,24424.05,832,190,0
2025-09-19 10:15:00+00:00,24423.45,24435.25,24422.05,24433.85,722,190,0
2025-09-19 10:20:00+00:00,24433.35,24441.25,24431.15,24439.45,597,180,0
2025-09-19 10:25:00+00:00,24439.75,24446.75,24432.85,24442.75,571,170,0
2025-09-19 10:30:00+00:00,24442.95,24443.95,24435.35,24437.15,630,180,0
2025-09-19 10:35:00+00:00,24437.35,24440.15,24428.35,24438.75,604,180,0
2025-09-19 10:40:00+00:00,24438.95,24441.75,24434.75,24439.95,494,170,0
2025-09-19 10:45:00+00:00,24440.05,24440.05,24426.55,24430.25,496,170,0
2025-09-19 10:50:00+00:00,24430.45,24443.25,24428.15,24442.45,583,170,0
2025-09-19 10:55:00+00:00,24442.75,24445.45,24436.65,24440.75,490,170,0
2025-09-19 11:00:00+00:00,24439.05,24448.85,24435.55,24445.65,823,170,0
2025-09-19 11:05:00+00:00,24444.35,24452.35,24442.95,24452.35,619,180,0
2025-09-19 11:10:00+00:00,24452.15,24458.25,24450.95,24454.25,591,170,0
2025-09-19 11:15:00+00:00,24454.15,24460.85,24452.65,24458.45,556,160,0
2025-09-19 11:20:00+00:00,24458.95,24463.25,24457.05,24461.05,448,160,0
2025-09-19 11:25:00+00:00,24461.35,24466.15,24457.45,24464.55,490,160,0
2025-09-19 11:30:00+00:00,24464.75,24466.35,24462.25,24465.95,432,160,0
2025-09-19 11:35:00+00:00,24466.25,24469.75,24465.95,24467.05,403,160,0
2025-09-19 11:40:00+00:00,24466.95,24467.85,24457.85,24461.05,450,160,0
2025-09-19 11:45:00+00:00,24461.35,24461.85,24457.05,24457.25,380,160,0
2025-09-19 11:50:00+00:00,24457.55,24464.25,24456.55,24460.55,416,160,0
2025-09-19 11:55:00+00:00,24460.45,24463.45,24457.55,24460.55,476,160,0
2025-09-19 12:00:00+00:00,24460.95,24469.45,24458.05,24463.15,449,160,0
2025-09-19 12:05:00+00:00,24463.05,24470.15,24460.45,24466.45,418,160,0
2025-09-19 12:10:00+00:00,24466.25,24469.95,24460.95,24462.05,490,170,0
2025-09-19 12:15:00+00:00,24462.55,24470.45,24461.55,24469.85,403,160,0
2025-09-19 12:20:00+00:00,24469.95,24477.05,24468.05,24476.65,362,150,0
2025-09-19 12:25:00+00:00,24476.75,24478.75,24475.05,24475.85,382,150,0
2025-09-19 12:30:00+00:00,24476.55,24484.95,24473.85,24481.25,459,150,0
2025-09-19 12:35:00+00:00,24481.05,24484.65,24477.45,24483.85,361,150,0
2025-09-19 12:40:00+00:00,24483.95,24485.05,24479.05,24479.35,325,150,0
2025-09-19 12:45:00+00:00,24479.55,24483.05,24474.45,24476.15,504,150,0
2025-09-19 12:50:00+00:00,24476.45,24477.75,24461.15,24462.85,731,170,0
2025-09-19 12:55:00+00:00,24463.45,24468.25,24461.65,24462.05,564,170,0
2025-09-19 13:00:00+00:00,24462.25,24463.25,24455.75,24462.75,506,160,0
2025-09-19 13:05:00+00:00,24462.25,24466.75,24460.95,24465.45,491,160,0
2025-09-19 13:10:00+00:00,24465.05,24471.25,24461.45,24468.25,438,160,0
2025-09-19 13:15:00+00:00,24468.45,24482.65,24468.25,24476.05,479,170,0
2025-09-19 13:20:00+00:00,24476.25,24476.55,24466.45,24470.45,403,170,0
2025-09-19 13:25:00+00:00,24470.75,24481.25,24470.75,24478.05,416,160,0
2025-09-19 13:30:00+00:00,24477.95,24480.35,24474.05,24478.05,380,150,0
2025-09-19 13:35:00+00:00,24478.25,24486.95,24476.35,24482.05,380,160,0
2025-09-19 13:40:00+00:00,24481.75,24486.05,24478.75,24478.75,327,150,0
2025-09-19 13:45:00+00:00,24478.55,24482.05,24472.05,24472.75,322,150,0
2025-09-19 13:50:00+00:00,24472.55,24477.45,24471.25,24473.45,362,160,0
2025-09-19 13:55:00+00:00,24473.35,24482.95,24466.75,24479.65,473,160,0
2025-09-19 14:00:00+00:00,24479.55,24490.35,24477.75,24483.15,692,170,0
2025-09-19 14:05:00+00:00,24483.25,24485.95,24477.55,24478.05,499,170,0
2025-09-19 14:10:00+00:00,24478.25,24479.05,24468.15,24474.25,504,170,0
2025-09-19 14:15:00+00:00,24474.15,24477.45,24471.95,24475.85,433,150,0
2025-09-19 14:20:00+00:00,24475.55,24478.25,24471.45,24474.85,376,160,0
2025-09-19 14:25:00+00:00,24474.95,24479.85,24471.55,24478.25,405,160,0
2025-09-19 14:30:00+00:00,24477.75,24480.25,24471.95,24480.05,391,170,0
2025-09-19 14:35:00+00:00,24479.75,24485.35,24479.05,24485.25,399,160,0
2025-09-19 14:40:00+00:00,24485.35,24487.45,24477.05,24477.45,380,150,0
2025-09-19 14:45:00+00:00,24477.35,24485.45,24475.45,24483.75,454,150,0
2025-09-19 14:50:00+00:00,24483.55,24488.55,24483.45,24488.05,412,160,0
2025-09-19 14:55:00+00:00,24488.25,24491.25,24485.55,24491.25,390,150,0
2025-09-19 15:00:00+00:00,24490.95,24498.65,24486.75,24498.15,524,160,0
2025-09-19 15:05:00+00:00,24497.85,24499.65,24492.45,24493.95,497,160,0
2025-09-19 15:10:00+00:00,24493.75,24500.25,24493.45,24499.05,427,160,0
2025-09-19 15:15:00+00:00,24499.25,24500.75,24495.85,24497.95,358,150,0
2025-09-19 15:20:00+00:00,24498.25,24500.95,24494.25,24500.05,435,150,0
2025-09-19 15:25:00+00:00,24500.25,24509.85,24496.85,24506.45,442,160,0
2025-09-19 15:30:00+00:00,24506.65,24509.45,24500.25,24500.85,589,170,0
2025-09-19 15:35:00+00:00,24500.65,24506.65,24493.65,24500.85,622,170,0
2025-09-19 15:40:00+00:00,24501.15,24506.15,24491.35,24493.35,684,170,0
2025-09-19 15:45:00+00:00,24494.25,24503.95,24493.15,24503.65,518,170,0
2025-09-19 15:50:00+00:00,24503.45,24505.05,24490.35,24491.15,645,170,0
2025-09-19 15:55:00+00:00,24490.85,24498.15,24489.35,24493.15,650,170,0
2025-09-19 16:00:00+00:00,24493.35,24500.55,24490.15,24499.05,751,180,0
2025-09-19 16:05:00+00:00,24499.35,24507.15,24498.15,24504.15,545,170,0
2025-09-19 16:10:00+00:00,24503.95,24515.75,24503.95,24514.25,617,170,0
2025-09-19 16:15:00+00:00,24514.15,24520.75,24510.95,24512.85,803,170,0
2025-09-19 16:20:00+00:00,24512.55,24522.55,24510.35,24520.85,832,180,0
2025-09-19 16:25:00+00:00,24528.75,24539.45,24520.25,24524.95,1307,180,0
2025-09-19 16:30:00+00:00,24525.45,24538.95,24499.25,24506.45,1629,120,0
2025-09-19 16:35:00+00:00,24507.45,24516.75,24493.45,24508.15,1558,120,0
2025-09-19 16:40:00+00:00,24507.65,24537.15,24503.65,24521.05,1462,120,0
2025-09-19 16:45:00+00:00,24522.25,24553.55,24503.25,24546.55,1486,120,0
2025-09-19 16:50:00+00:00,24549.45,24570.75,24542.55,24557.65,1392,120,0
2025-09-19 16:55:00+00:00,24557.95,24567.65,24537.15,24546.15,1393,120,0
2025-09-19 17:00:00+00:00,24547.45,24559.95,24540.15,24554.45,1448,120,0
2025-09-19 17:05:00+00:00,24554.15,24562.15,24538.95,24542.15,1367,90,0
2025-09-19 17:10:00+00:00,24542.45,24555.95,24534.15,24544.65,1363,100,0
2025-09-19 17:15:00+00:00,24544.15,24545.45,24518.25,24522.65,1317,80,0
2025-09-19 17:20:00+00:00,24523.65,24541.95,24510.35,24537.75,1293,80,0
2025-09-19 17:25:00+00:00,24537.35,24555.35,24533.45,24537.85,1300,80,0
2025-09-19 17:30:00+00:00,24538.15,24544.75,24529.15,24538.85,1248,80,0
2025-09-19 17:35:00+00:00,24538.95,24544.45,24522.15,24527.85,1233,80,0
2025-09-19 17:40:00+00:00,24527.35,24527.85,24508.85,24509.15,1244,80,0
2025-09-19 17:45:00+00:00,24509.85,24515.35,24491.25,24512.15,1269,80,0
2025-09-19 17:50:00+00:00,24511.85,24533.05,24501.25,24515.55,1347,80,0
2025-09-19 17:55:00+00:00,24515.25,24525.25,24502.15,24519.35,1287,80,0
2025-09-19 18:00:00+00:00,24519.85,24533.85,24500.65,24500.85,1245,80,0
2025-09-19 18:05:00+00:00,24501.35,24507.15,24488.95,24497.35,1252,80,0
2025-09-19 18:10:00+00:00,24496.85,24502.35,24488.05,24490.65,1243,80,0
2025-09-19 18:15:00+00:00,24490.75,24494.85,24480.45,24493.65,1217,80,0
2025-09-19 18:20:00+00:00,24492.65,24504.55,24475.65,24494.65,1270,80,0
2025-09-19 18:25:00+00:00,24493.95,24496.45,24476.15,24482.85,1260,80,0
2025-09-19 18:30:00+00:00,24482.75,24482.95,24466.85,24480.25,1177,80,0
2025-09-19 18:35:00+00:00,24479.15,24490.65,24477.35,24483.15,1111,80,0
2025-09-19 18:40:00+00:00,24483.65,24509.45,24483.65,24502.65,1100,80,0
2025-09-19 18:45:00+00:00,24502.35,24507.85,24499.75,24504.65,1094,80,0
2025-09-19 18:50:00+00:00,24504.75,24522.25,24504.15,24520.65,1094,80,0
2025-09-19 18:55:00+00:00,24520.35,24529.65,24513.25,24527.35,1069,80,0
2025-09-19 19:00:00+00:00,24526.85,24553.45,24526.15,24550.65,1171,80,0
2025-09-19 19:05:00+00:00,24550.35,24561.35,24546.85,24552.85,1117,80,0
2025-09-19 19:10:00+00:00,24553.65,24567.25,24551.45,24561.85,1102,80,0
2025-09-19 19:15:00+00:00,24561.45,24569.15,24559.45,24564.35,1011,80,0
2025-09-19 19:20:00+00:00,24564.65,24577.65,24557.65,24567.35,998,80,0
2025-09-19 19:25:00+00:00,24566.95,24574.35,24564.35,24573.35,990,80,0
2025-09-19 19:30:00+00:00,24573.15,24578.65,24557.35,24561.85,1031,80,0
2025-09-19 19:35:00+00:00,24562.15,24573.15,24561.65,24565.35,913,80,0
2025-09-19 19:40:00+00:00,24565.45,24582.35,24565.35,24581.85,906,80,0
2025-09-19 19:45:00+00:00,24581.75,24590.15,24572.95,24581.15,984,80,0
2025-09-19 19:50:00+00:00,24581.25,24581.35,24571.85,24578.65,911,80,0
2025-09-19 19:55:00+00:00,24578.35,24581.85,24572.35,24576.95,851,80,0
2025-09-19 20:00:00+00:00,24577.15,24579.75,24573.15,24574.15,893,80,0
2025-09-19 20:05:00+00:00,24572.85,24574.85,24565.35,24566.85,907,80,0
2025-09-19 20:10:00+00:00,24566.95,24566.95,24560.15,24563.85,901,80,0
2025-09-19 20:15:00+00:00,24563.35,24566.15,24555.15,24556.75,883,80,0
2025-09-19 20:20:00+00:00,24556.65,24565.85,24553.95,24562.65,888,80,0
2025-09-19 20:25:00+00:00,24562.85,24562.85,24552.35,24561.35,898,80,0
2025-09-19 20:30:00+00:00,24561.85,24576.65,24560.75,24569.35,959,80,0
2025-09-19 20:35:00+00:00,24569.15,24572.75,24562.95,24572.35,831,80,0
2025-09-19 20:40:00+00:00,24572.25,24580.45,24569.15,24580.45,843,80,0
2025-09-19 20:45:00+00:00,24580.35,24584.35,24577.45,24581.35,799,80,0
2025-09-19 20:50:00+00:00,24581.15,24584.25,24572.95,24574.65,707,80,0
2025-09-19 20:55:00+00:00,24574.45,24574.95,24565.85,24571.85,713,80,0
2025-09-19 21:00:00+00:00,24571.95,24575.75,24564.85,24574.85,862,80,0
2025-09-19 21:05:00+00:00,24575.15,24576.35,24570.95,24574.75,747,80,0
2025-09-19 21:10:00+00:00,24574.35,24575.15,24569.65,24574.15,659,80,0
2025-09-19 21:15:00+00:00,24573.85,24577.15,24564.25,24566.95,788,80,0
2025-09-19 21:20:00+00:00,24567.15,24575.95,24565.35,24565.45,790,80,0
2025-09-19 21:25:00+00:00,24565.35,24567.75,24560.25,24566.35,836,80,0
2025-09-19 21:30:00+00:00,24566.25,24580.35,24564.95,24577.95,815,80,0
2025-09-19 21:35:00+00:00,24577.85,24580.95,24574.85,24579.15,800,80,0
2025-09-19 21:40:00+00:00,24578.85,24585.35,24576.15,24581.35,836,80,0
2025-09-19 21:45:00+00:00,24581.65,24582.65,24565.75,24567.65,835,80,0
2025-09-19 21:50:00+00:00,24567.85,24570.95,24563.35,24569.85,872,80,0
2025-09-19 21:55:00+00:00,24570.25,24581.15,24569.65,24580.85,882,80,0
2025-09-19 22:00:00+00:00,24580.75,24591.85,24577.35,24580.65,1002,80,0
2025-09-19 22:05:00+00:00,24580.15,24587.15,24578.85,24585.65,790,80,0
2025-09-19 22:10:00+00:00,24585.35,24591.85,24584.35,24591.45,790,80,0
2025-09-19 22:15:00+00:00,24591.35,24595.65,24587.35,24590.15,877,80,0
2025-09-19 22:20:00+00:00,24589.85,24590.15,24580.65,24587.25,858,80,0
2025-09-19 22:25:00+00:00,24587.35,24611.35,24586.85,24602.15,977,80,0
2025-09-19 22:30:00+00:00,24601.85,24603.35,24592.75,24598.35,935,80,0
2025-09-19 22:35:00+00:00,24598.25,24602.95,24594.65,24601.85,841,80,0
2025-09-19 22:40:00+00:00,24601.95,24602.15,24590.75,24591.85,927,80,0
2025-09-19 22:45:00+00:00,24591.75,24603.15,24590.95,24599.65,965,80,0
2025-09-19 22:50:00+00:00,24603.45,24629.65,24603.45,24627.95,1316,80,0
2025-09-19 22:55:00+00:00,24627.15,24642.95,24612.25,24615.25,1374,90,0
2025-09-19 23:00:00+00:00,24615.36,24634.16,24608.16,24631.26,1092,138,0
2025-09-19 23:05:00+00:00,24631.16,24631.16,24624.86,24628.66,708,188,0
2025-09-19 23:10:00+00:00,24628.46,24630.96,24621.06,24625.36,643,188,0
2025-09-19 23:15:00+00:00,24625.46,24625.46,24615.96,24623.16,510,178,0
2025-09-19 23:20:00+00:00,24623.26,24628.16,24619.66,24627.86,437,178,0
2025-09-19 23:25:00+00:00,24627.66,24628.86,24621.76,24623.86,399,168,0
2025-09-19 23:30:00+00:00,24623.96,24633.46,24622.36,24632.16,362,178,0
2025-09-19 23:35:00+00:00,24631.76,24632.16,24627.36,24628.66,289,168,0
2025-09-19 23:40:00+00:00,24628.96,24630.96,24623.26,24623.56,301,168,0
2025-09-19 23:45:00+00:00,24623.76,24626.66,24615.76,24616.46,275,168,0
2025-09-22 01:05:00+00:00,24598.96,24599.46,24585.76,24586.06,643,198,0
2025-09-22 01:10:00+00:00,24586.16,24589.46,24580.56,24581.86,395,188,0
2025-09-22 01:15:00+00:00,24582.06,24584.66,24577.16,24583.16,338,178,0
2025-09-22 01:20:00+00:00,24583.06,24587.76,24578.66,24585.86,361,178,0
2025-09-22 01:25:00+00:00,24586.36,24593.16,24585.26,24591.46,279,178,0
2025-09-22 01:30:00+00:00,24591.06,24599.56,24588.36,24596.76,278,178,0
2025-09-22 01:35:00+00:00,24597.46,24604.86,24595.96,24600.06,403,188,0
2025-09-22 01:40:00+00:00,24598.86,24604.16,24595.86,24602.56,254,178,0
2025-09-22 01:45:00+00:00,24602.46,24608.16,24598.36,24598.76,302,178,0
2025-09-22 01:50:00+00:00,24599.06,24603.96,24597.56,24603.36,191,168,0
2025-09-22 01:55:00+00:00,24603.26,24603.46,24598.46,24599.66,155,168,0
2025-09-22 02:00:00+00:00,24600.16,24602.85,24599.85,24600.45,126,150,0
2025-09-22 02:05:00+00:00,24600.25,24603.85,24595.85,24599.45,209,150,0
2025-09-22 02:10:00+00:00,24599.65,24604.35,24596.75,24601.45,145,150,0
2025-09-22 02:15:00+00:00,24601.35,24601.95,24598.15,24600.95,144,150,0
2025-09-22 02:20:00+00:00,24601.25,24602.45,24594.55,24597.75,145,150,0
2025-09-22 02:25:00+00:00,24598.75,24602.55,24595.95,24601.45,146,150,0
2025-09-22 02:30:00+00:00,24601.35,24601.95,24595.75,24596.55,113,150,0
2025-09-22 02:35:00+00:00,24596.95,24600.95,24595.95,24598.45,116,150,0
2025-09-22 02:40:00+00:00,24597.75,24600.05,24595.25,24599.35,118,150,0
2025-09-22 02:45:00+00:00,24598.75,24602.45,24595.75,24598.45,248,150,0
2025-09-22 02:50:00+00:00,24598.65,24603.05,24595.85,24601.65,262,160,0
2025-09-22 02:55:00+00:00,24601.45,24602.35,24598.65,24601.55,175,150,0
2025-09-22 03:00:00+00:00,24601.25,24612.35,24596.55,24610.15,610,150,0
2025-09-22 03:05:00+00:00,24609.25,24616.55,24606.75,24613.05,485,180,0
2025-09-22 03:10:00+00:00,24612.85,24624.15,24612.85,24619.75,509,170,0
2025-09-22 03:15:00+00:00,24619.25,24625.75,24612.25,24623.65,576,170,0
2025-09-22 03:20:00+00:00,24624.15,24624.75,24617.55,24621.45,414,160,0
2025-09-22 03:25:00+00:00,24621.55,24624.05,24615.15,24618.75,339,160,0
2025-09-22 03:30:00+00:00,24618.25,24618.45,24602.35,24609.45,488,160,0
2025-09-22 03:35:00+00:00,24609.25,24610.95,24604.85,24610.45,367,160,0
2025-09-22 03:40:00+00:00,24609.95,24612.15,24606.95,24606.95,354,160,0
2025-09-22 03:45:00+00:00,24607.25,24608.45,24598.95,24599.75,439,160,0
2025-09-22 03:50:00+00:00,24599.95,24599.95,24590.75,24591.35,519,160,0
2025-09-22 03:55:00+00:00,24591.45,24592.15,24578.45,24581.85,592,170,0
2025-09-22 04:00:00+00:00,24582.95,24592.65,24579.55,24590.35,595,180,0
2025-09-22 04:05:00+00:00,24590.15,24599.45,24590.15,24597.85,438,170,0
2025-09-22 04:10:00+00:00,24597.75,24602.25,24595.95,24599.75,359,150,0
2025-09-22 04:15:00+00:00,24600.45,24600.75,24593.05,24595.45,381,150,0
2025-09-22 04:20:00+00:00,24595.25,24595.55,24591.25,24591.55,293,150,0
2025-09-22 04:25:00+00:00,24591.75,24594.05,24589.35,24589.35,296,150,0
2025-09-22 04:30:00+00:00,24589.75,24595.15,24582.55,24593.45,494,150,0
2025-09-22 04:35:00+00:00,24593.55,24596.75,24587.05,24591.45,465,160,0
2025-09-22 04:40:00+00:00,24591.75,24593.55,24586.75,24588.45,427,160,0
2025-09-22 04:45:00+00:00,24588.75,24592.95,24585.05,24587.05,429,160,0
2025-09-22 04:50:00+00:00,24586.95,24596.05,24586.95,24596.05,269,150,0
2025-09-22 04:55:00+00:00,24595.95,24596.35,24590.05,24594.65,350,150,0
2025-09-22 05:00:00+00:00,24594.75,24598.55,24594.45,24596.45,371,150,0
2025-09-22 05:05:00+00:00,24596.55,24596.65,24592.35,24593.45,310,150,0
2025-09-22 05:10:00+00:00,24593.55,24599.45,24592.85,24597.35,264,150,0
2025-09-22 05:15:00+00:00,24597.05,24598.85,24594.55,24596.55,306,150,0
2025-09-22 05:20:00+00:00,24596.85,24602.75,24594.45,24599.05,282,150,0
2025-09-22 05:25:00+00:00,24599.25,24601.75,24596.55,24596.55,355,150,0
2025-09-22 05:30:00+00:00,24596.65,24599.75,24596.05,24598.75,263,150,0
2025-09-22 05:35:00+00:00,24598.55,24601.45,24597.05,24601.05,239,150,0
2025-09-22 05:40:00+00:00,24600.95,24602.85,24597.05,24599.75,214,150,0
2025-09-22 05:45:00+00:00,24599.85,24602.85,24599.85,24601.35,195,150,0
2025-09-22 05:50:00+00:00,24601.25,24602.55,24600.55,24600.85,189,150,0
2025-09-22 05:55:00+00:00,24601.75,24604.85,24601.35,24602.55,193,150,0
2025-09-22 06:00:00+00:00,24602.85,24603.25,24599.55,24600.45,174,150,0
2025-09-22 06:05:00+00:00,24600.75,24602.05,24591.85,24593.35,272,150,0
2025-09-22 06:10:00+00:00,24593.05,24597.05,24591.55,24594.15,241,150,0
2025-09-22 06:15:00+00:00,24593.95,24600.75,24593.75,24598.55,276,150,0
2025-09-22 06:20:00+00:00,24597.85,24609.55,24596.95,24608.85,297,150,0
2025-09-22 06:25:00+00:00,24608.55,24609.55,24605.15,24609.45,246,150,0
2025-09-22 06:30:00+00:00,24609.75,24612.05,24607.95,24607.95,295,150,0
2025-09-22 06:35:00+00:00,24607.85,24608.95,24606.35,24607.95,190,150,0
2025-09-22 06:40:00+00:00,24608.05,24608.95,24606.05,24608.95,158,150,0
2025-09-22 06:45:00+00:00,24609.05,24611.55,24608.05,24610.45,194,150,0
2025-09-22 06:50:00+00:00,24610.55,24614.25,24609.45,24613.95,158,150,0
2025-09-22 06:55:00+00:00,24614.05,24614.75,24607.25,24609.05,141,150,0
2025-09-22 07:00:00+00:00,24608.85,24609.25,24605.85,24607.95,186,150,0
2025-09-22 07:05:00+00:00,24607.45,24609.75,24605.75,24606.35,148,150,0
2025-09-22 07:10:00+00:00,24606.25,24607.25,24603.05,24603.75,205,150,0
2025-09-22 07:15:00+00:00,24603.95,24606.05,24603.45,24604.25,145,150,0
2025-09-22 07:20:00+00:00,24604.35,24605.75,24602.45,24604.25,165,150,0
2025-09-22 07:25:00+00:00,24604.05,24606.05,24602.45,24603.55,138,150,0
2025-09-22 07:30:00+00:00,24604.25,24606.05,24602.25,24605.35,147,150,0
2025-09-22 07:35:00+00:00,24605.25,24605.75,24601.95,24604.05,152,150,0
2025-09-22 07:40:00+00:00,24604.25,24604.35,24599.45,24600.35,134,150,0
2025-09-22 07:45:00+00:00,24600.45,24601.85,24598.75,24600.25,153,150,0
2025-09-22 07:50:00+00:00,24600.05,24603.35,24599.45,24600.45,132,150,0
2025-09-22 07:55:00+00:00,24600.25,24602.85,24600.25,24602.35,113,150,0
2025-09-22 08:00:00+00:00,24602.45,24605.85,24601.95,24603.05,261,150,0
2025-09-22 08:05:00+00:00,24602.85,24606.25,24601.05,24605.95,207,150,0
2025-09-22 08:10:00+00:00,24606.05,24610.75,24605.85,24610.35,209,150,0
2025-09-22 08:15:00+00:00,24610.45,24611.95,24601.05,24601.05,215,150,0
2025-09-22 08:20:00+00:00,24600.75,24605.55,24599.25,24604.25,294,150,0
2025-09-22 08:25:00+00:00,24604.05,24606.95,24601.45,24601.95,247,150,0
2025-09-22 08:30:00+00:00,24602.05,24603.75,24597.85,24600.55,313,150,0
2025-09-22 08:35:00+00:00,24600.45,24602.95,24597.95,24600.55,248,150,0
2025-09-22 08:40:00+00:00,24600.85,24601.05,24597.05,24597.35,208,150,0
2025-09-22 08:45:00+00:00,24597.05,24598.05,24593.85,24596.55,224,150,0
2025-09-22 08:50:00+00:00,24596.75,24600.05,24591.35,24595.25,237,150,0
2025-09-22 08:55:00+00:00,24595.75,24595.75,24590.85,24591.25,216,150,0
2025-09-22 09:00:00+00:00,24591.75,24597.45,24589.05,24595.25,501,150,0
2025-09-22 09:05:00+00:00,24595.15,24596.95,24579.45,24579.45,502,170,0
2025-09-22 09:10:00+00:00,24579.75,24580.95,24572.45,24579.45,451,170,0
2025-09-22 09:15:00+00:00,24579.25,24579.85,24573.25,24576.85,437,170,0
2025-09-22 09:20:00+00:00,24576.25,24582.25,24575.35,24581.65,390,160,0
2025-09-22 09:25:00+00:00,24581.25,24584.55,24578.45,24582.75,445,160,0
2025-09-22 09:30:00+00:00,24582.65,24587.25,24582.65,24585.75,358,150,0
2025-09-22 09:35:00+00:00,24586.35,24587.35,24578.85,24579.45,326,150,0
2025-09-22 09:40:00+00:00,24579.05,24579.55,24567.25,24574.35,459,150,0
2025-09-22 09:45:00+00:00,24574.45,24575.15,24571.35,24572.75,303,150,0
2025-09-22 09:50:00+00:00,24572.45,24575.75,24568.05,24574.65,345,150,0
2025-09-22 09:55:00+00:00,24574.55,24577.15,24566.45,24568.15,402,160,0
2025-09-22 10:00:00+00:00,24568.35,24581.05,24565.05,24577.35,813,180,0
2025-09-22 10:05:00+00:00,24577.55,24580.55,24559.55,24560.35,691,170,0
2025-09-22 10:10:00+00:00,24560.25,24561.55,24548.75,24554.75,752,190,0
2025-09-22 10:15:00+00:00,24554.65,24556.45,24532.15,24533.15,801,180,0
2025-09-22 10:20:00+00:00,24532.55,24541.55,24501.05,24504.45,1007,190,0
2025-09-22 10:25:00+00:00,24504.15,24512.25,24498.75,24508.55,857,210,0
2025-09-22 10:30:00+00:00,24508.15,24524.85,24507.65,24512.55,800,190,0
2025-09-22 10:35:00+00:00,24512.75,24528.35,24510.65,24526.85,635,180,0
2025-09-22 10:40:00+00:00,24525.85,24535.35,24523.65,24534.65,591,170,0
2025-09-22 10:45:00+00:00,24533.75,24537.85,24530.45,24533.45,543,170,0
2025-09-22 10:50:00+00:00,24533.35,24548.25,24531.75,24538.05,638,170,0
2025-09-22 10:55:00+00:00,24537.95,24541.85,24531.85,24535.55,590,180,0
2025-09-22 11:00:00+00:00,24535.45,24544.65,24528.85,24539.65,936,180,0
2025-09-22 11:05:00+00:00,24539.55,24546.45,24536.75,24545.85,737,180,0
2025-09-22 11:10:00+00:00,24545.55,24565.15,24544.65,24559.05,766,180,0
2025-09-22 11:15:00+00:00,24558.95,24574.05,24557.55,24573.55,708,170,0
2025-09-22 11:20:00+00:00,24573.65,24574.15,24560.85,24562.65,590,170,0
2025-09-22 11:25:00+00:00,24562.75,24569.95,24558.95,24559.45,536,170,0
2025-09-22 11:30:00+00:00,24559.75,24567.15,24557.35,24563.05,524,170,0
2025-09-22 11:35:00+00:00,24562.95,24564.95,24561.15,24561.15,383,170,0
2025-09-22 11:40:00+00:00,24561.25,24563.35,24557.55,24560.45,393,160,0
2025-09-22 11:45:00+00:00,24560.65,24561.65,24552.45,24553.05,426,160,0
2025-09-22 11:50:00+00:00,24552.95,24554.15,24544.65,24545.85,504,160,0
2025-09-22 11:55:00+00:00,24545.65,24546.15,24530.05,24531.65,636,170,0
2025-09-22 12:00:00+00:00,24532.05,24542.35,24527.65,24529.75,547,180,0
2025-09-22 12:05:00+00:00,24529.85,24531.05,24513.55,24516.25,680,190,0
2025-09-22 12:10:00+00:00,24516.55,24522.65,24511.15,24512.05,535,180,0
2025-09-22 12:15:00+00:00,24512.35,24534.55,24511.95,24528.35,684,180,0
2025-09-22 12:20:00+00:00,24528.05,24533.45,24525.65,24529.05,536,180,0
2025-09-22 12:25:00+00:00,24528.95,24536.95,24527.85,24534.35,514,180,0
2025-09-22 12:30:00+00:00,24534.45,24537.25,24529.95,24534.75,496,160,0
2025-09-22 12:35:00+00:00,24534.65,24535.45,24524.25,24527.15,399,160,0
2025-09-22 12:40:00+00:00,24526.45,24529.35,24523.65,24526.65,327,160,0
2025-09-22 12:45:00+00:00,24527.25,24529.45,24523.95,24526.15,307,160,0
2025-09-22 12:50:00+00:00,24526.05,24532.65,24525.45,24531.15,422,160,0
2025-09-22 12:55:00+00:00,24531.25,24535.05,24527.65,24535.05,455,160,0
2025-09-22 13:00:00+00:00,24534.95,24535.75,24527.45,24533.85,495,160,0
2025-09-22 13:05:00+00:00,24534.15,24544.15,24532.85,24541.75,429,160,0
2025-09-22 13:10:00+00:00,24541.55,24546.25,24541.55,24546.25,424,160,0
2025-09-22 13:15:00+00:00,24546.15,24553.75,24543.65,24551.65,373,160,0
2025-09-22 13:20:00+00:00,24551.75,24555.25,24550.05,24554.45,405,160,0
2025-09-22 13:25:00+00:00,24554.55,24557.85,24549.75,24550.55,389,150,0
2025-09-22 13:30:00+00:00,24550.85,24556.55,24544.95,24547.85,413,150,0
2025-09-22 13:35:00+00:00,24548.15,24548.45,24539.55,24548.45,431,160,0
2025-09-22 13:40:00+00:00,24548.55,24549.95,24538.85,24540.75,382,160,0
2025-09-22 13:45:00+00:00,24540.95,24547.45,24540.05,24547.45,352,160,0
2025-09-22 13:50:00+00:00,24547.05,24547.15,24530.75,24535.25,488,160,0
2025-09-22 13:55:00+00:00,24534.95,24535.85,24522.55,24525.75,430,160,0
2025-09-22 14:00:00+00:00,24525.25,24531.85,24518.55,24531.25,673,160,0
2025-09-22 14:05:00+00:00,24531.85,24537.95,24525.35,24537.45,490,170,0
2025-09-22 14:10:00+00:00,24537.35,24538.95,24527.75,24528.05,495,160,0
2025-09-22 14:15:00+00:00,24528.25,24531.65,24526.15,24527.15,452,160,0
2025-09-22 14:20:00+00:00,24527.65,24535.25,24522.95,24522.95,458,170,0
2025-09-22 14:25:00+00:00,24523.35,24530.85,24519.65,24527.35,467,170,0
2025-09-22 14:30:00+00:00,24526.95,24535.35,24523.85,24534.95,424,170,0
2025-09-22 14:35:00+00:00,24535.45,24536.65,24523.45,24523.95,419,160,0
2025-09-22 14:40:00+00:00,24524.15,24531.65,24520.75,24527.85,410,170,0
2025-09-22 14:45:00+00:00,24527.65,24530.85,24522.65,24525.95,443,170,0
2025-09-22 14:50:00+00:00,24525.85,24529.55,24519.95,24528.15,433,170,0
2025-09-22 14:55:00+00:00,24527.65,24539.95,24527.25,24539.55,451,160,0
2025-09-22 15:00:00+00:00,24539.45,24539.65,24527.65,24528.35,503,160,0
2025-09-22 15:05:00+00:00,24527.55,24528.85,24521.95,24525.25,479,170,0
2025-09-22 15:10:00+00:00,24525.85,24526.45,24517.95,24518.95,467,160,0
2025-09-22 15:15:00+00:00,24518.75,24526.55,24517.25,24522.95,539,160,0
2025-09-22 15:20:00+00:00,24522.75,24530.55,24521.55,24528.65,523,170,0
2025-09-22 15:25:00+00:00,24528.75,24529.35,24520.55,24520.55,471,160,0
2025-09-22 15:30:00+00:00,24520.45,24528.85,24516.45,24526.65,594,160,0
2025-09-22 15:35:00+00:00,24526.85,24535.95,24525.15,24535.75,592,170,0
2025-09-22 15:40:00+00:00,24535.65,24550.05,24534.85,24544.45,638,160,0
2025-09-22 15:45:00+00:00,24544.95,24556.15,24544.65,24552.45,581,170,0
2025-09-22 15:50:00+00:00,24552.75,24554.15,24545.15,24545.75,504,170,0
2025-09-22 15:55:00+00:00,24545.25,24549.75,24544.35,24548.95,490,160,0
2025-09-22 16:00:00+00:00,24548.75,24549.35,24535.55,24547.75,862,170,0
2025-09-22 16:05:00+00:00,24547.65,24555.85,24547.35,24552.25,606,170,0
2025-09-22 16:10:00+00:00,24551.75,24558.45,24549.75,24550.25,573,160,0
2025-09-22 16:15:00+00:00,24550.55,24561.25,24548.25,24561.25,588,160,0
2025-09-22 16:20:00+00:00,24561.65,24566.05,24558.15,24565.25,512,160,0
2025-09-22 16:25:00+00:00,24561.05,24572.15,24559.95,24565.85,802,160,0
2025-09-22 16:30:00+00:00,24567.15,24606.75,24566.65,24600.95,1484,80,0
2025-09-22 16:35:00+00:00,24600.45,24607.25,24580.95,24584.85,1437,120,0
2025-09-22 16:40:00+00:00,24584.95,24599.25,24572.25,24597.65,1365,120,0
2025-09-22 16:45:00+00:00,24597.75,24615.85,24591.75,24608.35,1318,80,0
2025-09-22 16:50:00+00:00,24608.45,24629.45,24606.05,24627.95,1220,80,0
2025-09-22 16:55:00+00:00,24628.05,24630.95,24609.05,24623.45,1259,80,0
2025-09-22 17:00:00+00:00,24622.95,24634.95,24616.45,24624.95,1279,80,0
2025-09-22 17:05:00+00:00,24625.15,24637.65,24624.35,24629.65,1147,80,0
2025-09-22 17:10:00+00:00,24629.95,24630.15,24605.65,24613.85,1246,80,0
2025-09-22 17:15:00+00:00,24614.15,24629.35,24609.45,24623.45,1159,80,0
2025-09-22 17:20:00+00:00,24623.95,24642.45,24623.35,24641.15,1129,80,0
2025-09-22 17:25:00+00:00,24640.95,24656.05,24635.45,24654.45,1161,80,0
2025-09-22 17:30:00+00:00,24654.15,24655.45,24640.95,24648.15,1150,80,0
2025-09-22 17:35:00+00:00,24647.15,24659.65,24645.95,24658.65,1142,80,0
2025-09-22 17:40:00+00:00,24658.95,24671.95,24658.95,24668.95,1104,80,0
2025-09-22 17:45:00+00:00,24669.05,24676.45,24664.85,24666.15,1113,80,0
2025-09-22 17:50:00+00:00,24666.95,24681.65,24664.65,24670.65,1101,80,0
2025-09-22 17:55:00+00:00,24670.55,24679.85,24669.35,24677.15,1000,80,0
2025-09-22 18:00:00+00:00,24675.05,24688.35,24668.15,24669.45,1122,80,0
2025-09-22 18:05:00+00:00,24669.55,24675.05,24664.15,24672.95,1099,80,0
2025-09-22 18:10:00+00:00,24672.45,24675.35,24658.65,24660.15,1082,80,0
2025-09-22 18:15:00+00:00,24659.65,24665.65,24655.45,24657.95,1058,80,0
2025-09-22 18:20:00+00:00,24658.05,24669.05,24655.45,24667.95,1092,80,0
2025-09-22 18:25:00+00:00,24668.35,24674.15,24663.05,24670.15,1013,80,0
2025-09-22 18:30:00+00:00,24670.85,24676.45,24652.45,24652.45,1094,80,0
2025-09-22 18:35:00+00:00,24653.45,24665.85,24648.35,24661.45,1135,80,0
2025-09-22 18:40:00+00:00,24661.95,24666.45,24655.85,24657.85,977,80,0
2025-09-22 18:45:00+00:00,24658.15,24665.85,24658.15,24664.15,981,80,0
2025-09-22 18:50:00+00:00,24664.65,24669.85,24659.55,24665.05,1021,80,0
2025-09-22 18:55:00+00:00,24665.15,24666.05,24658.15,24661.95,972,80,0
2025-09-22 19:00:00+00:00,24661.85,24677.05,24660.95,24670.95,1207,80,0
2025-09-22 19:05:00+00:00,24670.45,24691.85,24661.45,24688.45,1220,80,0
2025-09-22 19:10:00+00:00,24688.95,24705.05,24685.65,24705.05,1234,80,0
2025-09-22 19:15:00+00:00,24705.45,24718.45,24701.55,24705.15,1227,80,0
2025-09-22 19:20:00+00:00,24705.95,24720.05,24701.15,24710.55,1240,80,0
2025-09-22 19:25:00+00:00,24710.15,24725.55,24706.45,24723.15,1256,80,0
2025-09-22 19:30:00+00:00,24723.35,24735.35,24720.45,24735.35,1186,80,0
2025-09-22 19:35:00+00:00,24735.45,24737.05,24727.85,24735.95,1173,80,0
2025-09-22 19:40:00+00:00,24736.05,24743.55,24730.15,24732.15,1145,80,0
2025-09-22 19:45:00+00:00,24732.45,24734.95,24726.45,24730.45,1175,80,0
2025-09-22 19:50:00+00:00,24730.65,24743.45,24730.65,24739.65,1074,80,0
2025-09-22 19:55:00+00:00,24739.45,24744.35,24733.65,24737.15,1043,80,0
2025-09-22 20:00:00+00:00,24737.05,24744.85,24734.35,24744.25,1071,80,0
2025-09-22 20:05:00+00:00,24744.15,24744.15,24735.85,24740.85,1120,80,0
2025-09-22 20:10:00+00:00,24740.95,24744.45,24729.85,24731.95,1088,80,0
2025-09-22 20:15:00+00:00,24732.35,24739.85,24725.35,24727.85,1221,80,0
2025-09-22 20:20:00+00:00,24727.75,24743.15,24727.15,24738.75,1075,80,0
2025-09-22 20:25:00+00:00,24738.85,24744.15,24737.25,24740.45,1042,80,0
2025-09-22 20:30:00+00:00,24740.15,24746.25,24733.25,24733.45,1103,80,0
2025-09-22 20:35:00+00:00,24733.15,24743.35,24729.85,24741.65,1035,80,0
2025-09-22 20:40:00+00:00,24741.25,24748.35,24735.25,24748.25,1052,80,0
2025-09-22 20:45:00+00:00,24748.15,24752.35,24743.15,24747.95,1066,80,0
2025-09-22 20:50:00+00:00,24748.15,24751.15,24743.25,24743.95,920,80,0
2025-09-22 20:55:00+00:00,24743.85,24745.65,24735.15,24740.65,941,80,0
2025-09-22 21:00:00+00:00,24740.25,24745.75,24738.45,24745.25,1017,80,0
2025-09-22 21:05:00+00:00,24745.15,24749.35,24741.45,24746.75,1034,80,0
2025-09-22 21:10:00+00:00,24746.85,24754.65,24745.65,24752.65,993,80,0
2025-09-22 21:15:00+00:00,24752.45,24765.45,24750.95,24759.35,1041,80,0
2025-09-22 21:20:00+00:00,24759.25,24762.25,24750.65,24754.25,969,80,0
2025-09-22 21:25:00+00:00,24754.35,24761.65,24752.45,24761.45,867,80,0
2025-09-22 21:30:00+00:00,24761.15,24768.25,24759.15,24761.75,894,80,0
2025-09-22 21:35:00+00:00,24761.85,24768.45,24760.15,24767.35,877,80,0
2025-09-22 21:40:00+00:00,24767.45,24767.95,24760.95,24763.85,774,80,0
2025-09-22 21:45:00+00:00,24763.95,24770.35,24761.75,24761.85,811,80,0
2025-09-22 21:50:00+00:00,24761.75,24765.45,24755.75,24757.75,798,80,0
2025-09-22 21:55:00+00:00,24757.65,24766.65,24755.45,24764.45,867,80,0
2025-09-22 22:00:00+00:00,24764.75,24767.65,24760.25,24762.45,850,80,0
2025-09-22 22:05:00+00:00,24762.25,24767.95,24761.35,24767.15,773,80,0
2025-09-22 22:10:00+00:00,24766.95,24775.25,24764.25,24774.75,893,80,0
2025-09-22 22:15:00+00:00,24774.65,24778.95,24763.95,24768.95,955,80,0
2025-09-22 22:20:00+00:00,24768.75,24771.95,24763.75,24768.45,941,80,0
2025-09-22 22:25:00+00:00,24768.25,24770.85,24763.45,24768.95,872,80,0
2025-09-22 22:30:00+00:00,24769.25,24770.95,24762.35,24762.95,902,80,0
2025-09-22 22:35:00+00:00,24763.45,24763.65,24745.65,24749.35,1078,80,0
2025-09-22 22:40:00+00:00,24748.95,24756.35,24741.75,24744.75,1022,80,0
2025-09-22 22:45:00+00:00,24745.15,24756.25,24742.85,24755.95,1046,80,0
2025-09-22 22:50:00+00:00,24756.25,24765.65,24743.55,24753.35,1174,80,0
2025-09-22 22:55:00+00:00,24752.85,24767.95,24750.45,24751.75,1288,80,0
2025-09-22 23:00:00+00:00,24749.76,24752.26,24737.06,24750.36,981,98,0
2025-09-22 23:05:00+00:00,24750.16,24750.16,24736.46,24737.36,634,178,0
2025-09-22 23:10:00+00:00,24737.46,24740.36,24732.96,24739.26,680,178,0
2025-09-22 23:15:00+00:00,24739.56,24744.26,24737.26,24740.96,421,178,0
2025-09-22 23:20:00+00:00,24740.86,24743.36,24738.26,24741.16,267,168,0
2025-09-22 23:25:00+00:00,24741.06,24742.76,24739.66,24741.06,182,168,0
2025-09-22 23:30:00+00:00,24741.16,24745.36,24739.56,24743.66,355,168,0
2025-09-22 23:35:00+00:00,24743.56,24747.56,24743.16,24745.56,257,168,0
2025-09-22 23:40:00+00:00,24745.76,24747.56,24743.86,24744.56,235,168,0
2025-09-22 23:45:00+00:00,24744.36,24747.26,24742.66,24747.16,243,168,0
2025-09-23 01:05:00+00:00,24751.66,24757.16,24745.46,24746.76,178,178,0
2025-09-23 01:10:00+00:00,24746.56,24746.76,24739.76,24742.76,192,178,0
2025-09-23 01:15:00+00:00,24742.66,24745.86,24740.06,24744.06,208,168,0
2025-09-23 01:20:00+00:00,24744.36,24744.86,24737.36,24737.96,225,168,0
2025-09-23 01:25:00+00:00,24738.36,24742.56,24737.56,24737.66,175,168,0
2025-09-23 01:30:00+00:00,24738.06,24739.46,24736.46,24737.66,204,168,0
2025-09-23 01:35:00+00:00,24736.36,24738.16,24733.56,24737.06,151,168,0
2025-09-23 01:40:00+00:00,24737.46,24739.96,24734.56,24735.26,137,168,0
2025-09-23 01:45:00+00:00,24734.76,24736.66,24732.36,24732.96,123,168,0
2025-09-23 01:50:00+00:00,24733.16,24738.36,24731.86,24738.36,180,168,0
2025-09-23 01:55:00+00:00,24738.46,24745.76,24736.76,24744.36,193,168,0
2025-09-23 02:00:00+00:00,24744.46,24750.65,24743.15,24750.35,222,150,0
2025-09-23 02:05:00+00:00,24750.25,24750.45,24744.95,24746.65,189,150,0
2025-09-23 02:10:00+00:00,24746.95,24747.35,24742.45,24744.25,151,150,0
2025-09-23 02:15:00+00:00,24744.35,24748.75,24742.55,24744.75,141,150,0
2025-09-23 02:20:00+00:00,24744.85,24746.75,24742.55,24745.75,133,150,0
2025-09-23 02:25:00+00:00,24746.75,24750.35,24745.45,24750.05,145,150,0
2025-09-23 02:30:00+00:00,24750.25,24752.35,24748.25,24752.25,97,150,0
2025-09-23 02:35:00+00:00,24752.35,24756.85,24750.05,24751.95,184,150,0
2025-09-23 02:40:00+00:00,24751.85,24756.55,24750.75,24754.55,121,150,0
2025-09-23 02:45:00+00:00,24754.05,24760.45,24753.25,24759.15,196,150,0
2025-09-23 02:50:00+00:00,24759.05,24759.45,24756.55,24757.45,146,150,0
2025-09-23 02:55:00+00:00,24757.75,24758.75,24754.85,24754.85,131,150,0
2025-09-23 03:00:00+00:00,24755.85,24759.05,24749.25,24758.35,277,150,0
2025-09-23 03:05:00+00:00,24758.25,24759.45,24750.45,24750.45,237,150,0
2025-09-23 03:10:00+00:00,24750.65,24751.45,24743.65,24747.45,299,150,0
2025-09-23 03:15:00+00:00,24748.05,24754.05,24746.95,24752.45,246,150,0
2025-09-23 03:20:00+00:00,24752.35,24755.05,24747.05,24748.55,179,150,0
2025-09-23 03:25:00+00:00,24748.05,24748.75,24744.85,24746.95,177,150,0
2025-09-23 03:30:00+00:00,24746.75,24751.75,24746.05,24747.25,236,150,0
2025-09-23 03:35:00+00:00,24747.35,24751.75,24746.95,24749.75,180,150,0
2025-09-23 03:40:00+00:00,24749.45,24751.85,24748.85,24751.85,154,150,0
2025-09-23 03:45:00+00:00,24751.95,24755.85,24749.85,24754.25,199,150,0
2025-09-23 03:50:00+00:00,24754.05,24760.05,24750.75,24751.25,201,150,0
2025-09-23 03:55:00+00:00,24750.85,24751.55,24745.85,24746.75,204,150,0
2025-09-23 04:00:00+00:00,24746.85,24750.85,24742.85,24748.25,385,150,0
2025-09-23 04:05:00+00:00,24748.15,24751.95,24745.75,24749.45,305,150,0
2025-09-23 04:10:00+00:00,24749.55,24756.55,24749.15,24753.25,277,150,0
2025-09-23 04:15:00+00:00,24752.95,24759.55,24751.95,24758.05,243,150,0
2025-09-23 04:20:00+00:00,24758.25,24758.55,24753.05,24755.05,244,150,0
2025-09-23 04:25:00+00:00,24755.45,24761.55,24755.35,24758.95,229,150,0
2025-09-23 04:30:00+00:00,24759.25,24761.25,24756.65,24760.55,308,150,0
2025-09-23 04:35:00+00:00,24760.75,24764.85,24760.75,24764.45,389,150,0
2025-09-23 04:40:00+00:00,24764.35,24764.75,24756.95,24760.05,332,150,0
2025-09-23 04:45:00+00:00,24759.95,24764.05,24759.35,24761.75,318,150,0
2025-09-23 04:50:00+00:00,24761.55,24761.55,24752.95,24755.05,352,150,0
2025-09-23 04:55:00+00:00,24755.25,24755.25,24750.25,24752.25,240,150,0
2025-09-23 05:00:00+00:00,24752.05,24758.55,24751.85,24755.55,279,150,0
2025-09-23 05:05:00+00:00,24755.65,24760.05,24755.35,24758.55,230,150,0
2025-09-23 05:10:00+00:00,24758.75,24761.95,24757.85,24760.05,236,150,0
2025-09-23 05:15:00+00:00,24759.95,24760.75,24755.55,24758.75,207,150,0
2025-09-23 05:20:00+00:00,24758.45,24762.05,24757.55,24757.55,239,150,0
2025-09-23 05:25:00+00:00,24757.25,24757.25,24751.75,24753.75,280,150,0
2025-09-23 05:30:00+00:00,24753.45,24757.45,24752.75,24755.75,290,150,0
2025-09-23 05:35:00+00:00,24755.55,24757.95,24755.35,24757.55,227,150,0
2025-09-23 05:40:00+00:00,24757.75,24761.55,24757.45,24760.75,242,150,0
2025-09-23 05:45:00+00:00,24760.55,24760.55,24756.75,24757.05,171,150,0
2025-09-23 05:50:00+00:00,24756.95,24757.55,24754.05,24754.05,164,150,0
2025-09-23 05:55:00+00:00,24753.95,24756.95,24753.55,24756.25,222,150,0
2025-09-23 06:00:00+00:00,24756.35,24759.85,24754.95,24756.85,243,150,0
2025-09-23 06:05:00+00:00,24756.75,24758.35,24755.55,24756.85,139,150,0
2025-09-23 06:10:00+00:00,24756.75,24758.05,24754.25,24757.75,170,150,0
2025-09-23 06:15:00+00:00,24757.45,24762.95,24756.75,24762.85,178,150,0
2025-09-23 06:20:00+00:00,24763.05,24763.05,24758.35,24760.45,202,150,0
2025-09-23 06:25:00+00:00,24760.55,24761.55,24759.45,24759.55,166,150,0
2025-09-23 06:30:00+00:00,24759.75,24759.85,24757.85,24759.05,115,150,0
2025-09-23 06:35:00+00:00,24758.95,24760.95,24758.95,24759.55,106,150,0
2025-09-23 06:40:00+00:00,24759.45,24763.35,24758.85,24761.55,134,150,0
2025-09-23 06:45:00+00:00,24761.85,24762.75,24759.45,24760.35,137,150,0
2025-09-23 06:50:00+00:00,24760.75,24762.85,24760.05,24761.55,154,150,0
2025-09-23 06:55:00+00:00,24760.95,24761.35,24760.05,24760.05,81,150,0
2025-09-23 07:00:00+00:00,24759.85,24760.25,24756.75,24759.45,176,150,0
2025-09-23 07:05:00+00:00,24759.35,24759.35,24754.05,24757.25,139,150,0
2025-09-23 07:10:00+00:00,24757.05,24757.85,24753.05,24755.05,154,150,0
2025-09-23 07:15:00+00:00,24754.45,24755.75,24752.25,24754.35,147,150,0
2025-09-23 07:20:00+00:00,24753.85,24754.45,24746.95,24747.35,201,150,0
2025-09-23 07:25:00+00:00,24747.45,24747.95,24742.55,24745.85,200,150,0
2025-09-23 07:30:00+00:00,24745.35,24747.85,24735.05,24736.15,287,150,0
2025-09-23 07:35:00+00:00,24736.55,24743.85,24735.05,24742.95,180,150,0
2025-09-23 07:40:00+00:00,24742.85,24745.75,24741.85,24743.25,163,150,0
2025-09-23 07:45:00+00:00,24743.05,24745.25,24742.05,24743.85,134,150,0
2025-09-23 07:50:00+00:00,24744.05,24745.25,24742.35,24744.25,81,150,0
2025-09-23 07:55:00+00:00,24744.05,24746.55,24743.45,24744.75,95,150,0
2025-09-23 08:00:00+00:00,24744.55,24750.05,24743.95,24748.85,266,150,0
2025-09-23 08:05:00+00:00,24748.95,24750.35,24747.55,24749.25,176,150,0
2025-09-23 08:10:00+00:00,24748.95,24754.55,24748.55,24749.25,177,150,0
2025-09-23 08:15:00+00:00,24749.05,24750.05,24741.35,24744.05,258,150,0
2025-09-23 08:20:00+00:00,24743.95,24757.45,24743.95,24757.45,240,150,0
2025-09-23 08:25:00+00:00,24757.05,24759.35,24755.95,24756.05,222,150,0
2025-09-23 08:30:00+00:00,24755.95,24766.55,24755.95,24762.75,255,150,0
2025-09-23 08:35:00+00:00,24762.45,24767.05,24760.75,24764.35,267,150,0
2025-09-23 08:40:00+00:00,24764.25,24772.05,24763.45,24772.05,272,150,0
2025-09-23 08:45:00+00:00,24772.25,24772.35,24763.55,24763.75,223,150,0
2025-09-23 08:50:00+00:00,24763.55,24765.85,24761.85,24762.75,217,150,0
2025-09-23 08:55:00+00:00,24762.95,24763.55,24753.85,24754.05,259,150,0
2025-09-23 09:00:00+00:00,24754.45,24759.55,24750.95,24753.25,388,150,0
2025-09-23 09:05:00+00:00,24753.35,24760.95,24752.15,24760.45,327,160,0
2025-09-23 09:10:00+00:00,24760.55,24761.25,24754.65,24757.65,360,160,0
2025-09-23 09:15:00+00:00,24757.05,24767.95,24754.85,24767.75,354,150,0
2025-09-23 09:20:00+00:00,24767.65,24768.55,24763.55,24767.05,261,150,0
2025-09-23 09:25:00+00:00,24766.95,24767.55,24761.45,24762.55,263,150,0
2025-09-23 09:30:00+00:00,24762.65,24765.05,24760.75,24762.85,241,150,0
2025-09-23 09:35:00+00:00,24763.05,24765.05,24761.05,24762.85,201,150,0
2025-09-23 09:40:00+00:00,24762.75,24763.55,24759.85,24760.55,253,150,0
2025-09-23 09:45:00+00:00,24760.35,24766.05,24759.55,24766.05,242,150,0
2025-09-23 09:50:00+00:00,24766.35,24768.35,24764.05,24765.95,277,150,0
2025-09-23 09:55:00+00:00,24766.05,24771.85,24761.45,24769.85,258,150,0
2025-09-23 10:00:00+00:00,24769.35,24769.35,24755.45,24755.85,810,150,0
2025-09-23 10:05:00+00:00,24755.55,24756.95,24737.35,24738.35,701,170,0
2025-09-23 10:10:00+00:00,24738.55,24753.45,24738.15,24748.25,528,170,0
2025-09-23 10:15:00+00:00,24746.65,24754.65,24741.75,24752.85,534,170,0
2025-09-23 10:20:00+00:00,24752.75,24753.95,24743.75,24743.95,484,170,0
2025-09-23 10:25:00+00:00,24743.85,24748.95,24741.75,24745.45,387,160,0
2025-09-23 10:30:00+00:00,24745.75,24752.45,24744.05,24752.45,420,160,0
2025-09-23 10:35:00+00:00,24752.55,24762.25,24751.65,24757.25,498,160,0
2025-09-23 10:40:00+00:00,24757.75,24761.85,24755.45,24759.75,435,160,0
2025-09-23 10:45:00+00:00,24759.95,24764.45,24757.35,24758.15,436,160,0
2025-09-23 10:50:00+00:00,24757.65,24761.15,24751.65,24754.85,429,160,0
2025-09-23 10:55:00+00:00,24754.75,24760.25,24751.45,24757.25,399,160,0
2025-09-23 11:00:00+00:00,24755.95,24769.85,24755.55,24768.55,659,160,0
2025-09-23 11:05:00+00:00,24768.85,24774.05,24764.55,24772.55,594,180,0
2025-09-23 11:10:00+00:00,24772.45,24774.75,24767.55,24770.85,474,160,0
2025-09-23 11:15:00+00:00,24771.35,24780.25,24769.25,24778.25,509,170,0
2025-09-23 11:20:00+00:00,24778.15,24782.45,24773.35,24781.25,456,170,0
2025-09-23 11:25:00+00:00,24781.15,24783.45,24778.45,24778.45,320,150,0
2025-09-23 11:30:00+00:00,24778.75,24779.05,24769.95,24771.35,481,150,0
2025-09-23 11:35:00+00:00,24771.25,24776.75,24770.45,24775.95,394,150,0
2025-09-23 11:40:00+00:00,24776.05,24776.85,24771.55,24771.55,363,150,0
2025-09-23 11:45:00+00:00,24771.35,24771.35,24766.45,24766.45,423,150,0
2025-09-23 11:50:00+00:00,24766.65,24768.55,24763.05,24767.45,393,160,0
2025-09-23 11:55:00+00:00,24767.05,24768.25,24758.85,24760.05,375,150,0
2025-09-23 12:00:00+00:00,24760.35,24762.75,24754.55,24757.15,480,150,0
2025-09-23 12:05:00+00:00,24757.45,24764.85,24753.55,24763.05,491,160,0
2025-09-23 12:10:00+00:00,24762.95,24766.75,24761.05,24766.55,363,150,0
2025-09-23 12:15:00+00:00,24766.85,24766.85,24762.05,24764.05,301,150,0
2025-09-23 12:20:00+00:00,24764.25,24767.05,24760.55,24760.85,284,150,0
2025-09-23 12:25:00+00:00,24760.75,24764.85,24760.55,24760.55,277,150,0
2025-09-23 12:30:00+00:00,24760.95,24762.85,24757.85,24761.85,343,150,0
2025-09-23 12:35:00+00:00,24762.05,24768.05,24761.05,24768.05,258,150,0
2025-09-23 12:40:00+00:00,24768.25,24769.05,24765.85,24765.85,218,150,0
2025-09-23 12:45:00+00:00,24766.35,24770.55,24766.35,24767.35,243,150,0
2025-09-23 12:50:00+00:00,24766.85,24769.75,24764.85,24769.05,275,150,0
2025-09-23 12:55:00+00:00,24769.35,24770.95,24765.95,24770.95,264,150,0
2025-09-23 13:00:00+00:00,24771.25,24771.75,24765.65,24766.25,386,150,0
2025-09-23 13:05:00+00:00,24766.15,24773.55,24765.75,24770.95,393,160,0
2025-09-23 13:10:00+00:00,24771.05,24771.45,24764.55,24765.55,295,150,0
2025-09-23 13:15:00+00:00,24765.45,24767.95,24763.05,24763.85,326,150,0
2025-09-23 13:20:00+00:00,24763.55,24766.55,24760.45,24764.25,250,150,0
2025-09-23 13:25:00+00:00,24764.45,24764.65,24756.05,24756.35,306,150,0
2025-09-23 13:30:00+00:00,24756.05,24759.45,24751.35,24756.45,386,150,0
2025-09-23 13:35:00+00:00,24755.65,24757.25,24749.85,24750.75,338,150,0
2025-09-23 13:40:00+00:00,24750.55,24754.25,24745.05,24754.25,345,150,0
2025-09-23 13:45:00+00:00,24754.55,24759.45,24753.05,24758.45,351,150,0
2025-09-23 13:50:00+00:00,24758.55,24761.55,24757.95,24760.85,199,150,0
2025-09-23 13:55:00+00:00,24761.05,24762.35,24757.05,24757.55,296,150,0
2025-09-23 14:00:00+00:00,24757.85,24758.55,24748.65,24749.85,480,150,0
2025-09-23 14:05:00+00:00,24749.95,24752.15,24737.65,24746.75,594,160,0
2025-09-23 14:10:00+00:00,24745.75,24748.45,24731.25,24734.15,524,160,0
2025-09-23 14:15:00+00:00,24734.65,24740.45,24730.45,24738.65,491,170,0
2025-09-23 14:20:00+00:00,24738.35,24745.55,24737.95,24744.05,405,150,0
2025-09-23 14:25:00+00:00,24744.35,24749.85,24742.35,24748.35,333,150,0
2025-09-23 14:30:00+00:00,24748.25,24752.45,24745.05,24751.35,388,150,0
2025-09-23 14:35:00+00:00,24750.85,24751.55,24743.85,24748.35,396,150,0
2025-09-23 14:40:00+00:00,24748.25,24755.25,24747.25,24751.75,387,150,0
2025-09-23 14:45:00+00:00,24751.65,24758.75,24749.75,24756.55,367,150,0
2025-09-23 14:50:00+00:00,24756.45,24761.05,24756.45,24758.35,287,150,0
2025-09-23 14:55:00+00:00,24758.55,24759.85,24756.85,24757.55,209,150,0
2025-09-23 15:00:00+00:00,24758.35,24758.35,24752.55,24755.75,439,150,0
2025-09-23 15:05:00+00:00,24755.65,24755.65,24747.55,24751.65,432,160,0
2025-09-23 15:10:00+00:00,24751.95,24766.55,24751.75,24762.55,396,160,0
2025-09-23 15:15:00+00:00,24762.05,24767.75,24759.05,24759.75,426,150,0
2025-09-23 15:20:00+00:00,24759.55,24763.25,24754.15,24757.25,463,160,0
2025-09-23 15:25:00+00:00,24757.05,24758.75,24750.45,24752.25,410,150,0
2025-09-23 15:30:00+00:00,24752.55,24757.35,24741.55,24756.15,657,160,0
2025-09-23 15:35:00+00:00,24756.35,24756.35,24749.75,24752.75,468,170,0
2025-09-23 15:40:00+00:00,24752.45,24764.95,24748.85,24763.25,525,170,0
2025-09-23 15:45:00+00:00,24763.35,24765.45,24761.75,24762.65,433,160,0
2025-09-23 15:50:00+00:00,24763.05,24765.25,24760.25,24764.25,424,150,0
2025-09-23 15:55:00+00:00,24764.45,24767.65,24761.75,24766.75,465,160,0
2025-09-23 16:00:00+00:00,24766.25,24767.75,24761.75,24761.75,533,160,0
2025-09-23 16:05:00+00:00,24762.15,24765.05,24759.75,24760.25,376,160,0
2025-09-23 16:10:00+00:00,24760.15,24762.55,24757.55,24757.55,327,150,0
2025-09-23 16:15:00+00:00,24757.35,24760.55,24755.05,24758.45,541,150,0
2025-09-23 16:20:00+00:00,24758.35,24764.55,24757.65,24758.65,511,160,0
2025-09-23 16:25:00+00:00,24758.55,24765.95,24753.45,24756.85,786,160,0
2025-09-23 16:30:00+00:00,24757.55,24766.95,24743.95,24748.75,1525,80,0
2025-09-23 16:35:00+00:00,24749.25,24752.95,24727.85,24736.95,1403,120,0
2025-09-23 16:40:00+00:00,24736.35,24741.75,24700.65,24710.75,1431,120,0
2025-09-23 16:45:00+00:00,24713.35,24728.45,24704.65,24711.75,1456,120,0
2025-09-23 16:50:00+00:00,24712.45,24728.75,24702.95,24706.45,1416,120,0
2025-09-23 16:55:00+00:00,24705.35,24710.45,24690.25,24697.45,1368,120,0
2025-09-23 17:00:00+00:00,24697.75,24709.75,24687.25,24698.45,1426,120,0
2025-09-23 17:05:00+00:00,24698.95,24717.45,24697.85,24710.15,1360,80,0
2025-09-23 17:10:00+00:00,24710.45,24718.95,24697.45,24715.65,1324,80,0
2025-09-23 17:15:00+00:00,24715.45,24717.95,24703.75,24715.95,1285,80,0
2025-09-23 17:20:00+00:00,24715.65,24719.85,24692.95,24694.15,1291,80,0
2025-09-23 17:25:00+00:00,24692.95,24719.95,24690.95,24710.65,1337,80,0
2025-09-23 17:30:00+00:00,24712.65,24718.95,24706.45,24709.65,1274,80,0
2025-09-23 17:35:00+00:00,24709.55,24719.55,24704.95,24713.15,1322,80,0
2025-09-23 17:40:00+00:00,24712.95,24732.45,24705.65,24709.45,1353,80,0
2025-09-23 17:45:00+00:00,24709.95,24711.95,24695.95,24703.65,1258,80,0
2025-09-23 17:50:00+00:00,24705.35,24715.05,24698.65,24714.45,1247,80,0
2025-09-23 17:55:00+00:00,24714.85,24721.05,24700.05,24702.35,1198,80,0
2025-09-23 18:00:00+00:00,24701.95,24706.45,24690.85,24701.05,1239,80,0
2025-09-23 18:05:00+00:00,24701.15,24705.65,24691.05,24704.65,1141,80,0
2025-09-23 18:10:00+00:00,24704.85,24723.95,24704.15,24719.45,1191,80,0
2025-09-23 18:15:00+00:00,24719.65,24724.15,24707.55,24722.15,1158,80,0
2025-09-23 18:20:00+00:00,24722.05,24727.55,24716.15,24726.35,1117,80,0
2025-09-23 18:25:00+00:00,24726.65,24727.15,24710.65,24716.15,1098,80,0
2025-09-23 18:30:00+00:00,24716.95,24720.35,24709.35,24712.65,1160,80,0
2025-09-23 18:35:00+00:00,24712.55,24718.35,24700.95,24701.45,1109,80,0
2025-09-23 18:40:00+00:00,24701.35,24708.35,24687.85,24707.45,1255,80,0
2025-09-23 18:45:00+00:00,24707.65,24718.65,24704.95,24710.85,1127,80,0
2025-09-23 18:50:00+00:00,24710.95,24714.35,24702.95,24705.95,1095,80,0
2025-09-23 18:55:00+00:00,24706.15,24707.45,24698.05,24703.65,1029,80,0
2025-09-23 19:00:00+00:00,24704.05,24710.45,24696.35,24697.65,1029,80,0
2025-09-23 19:05:00+00:00,24698.35,24700.55,24679.35,24679.65,1095,80,0
2025-09-23 19:10:00+00:00,24680.05,24688.15,24673.05,24687.65,1192,80,0
2025-09-23 19:15:00+00:00,24687.55,24702.35,24684.15,24702.05,1142,80,0
2025-09-23 19:20:00+00:00,24702.65,24711.85,24699.35,24700.35,1074,80,0
2025-09-23 19:25:00+00:00,24700.15,24701.35,24686.15,24688.95,1052,80,0
2025-09-23 19:30:00+00:00,24688.85,24697.35,24685.35,24694.45,1037,80,0
2025-09-23 19:35:00+00:00,24694.65,24699.85,24676.45,24694.95,1209,80,0
2025-09-23 19:40:00+00:00,24695.75,24700.45,24689.15,24694.15,1039,80,0
2025-09-23 19:45:00+00:00,24693.85,24708.05,24691.95,24705.95,1046,80,0
2025-09-23 19:50:00+00:00,24705.65,24709.35,24695.95,24696.05,1015,80,0
2025-09-23 19:55:00+00:00,24695.95,24695.95,24675.05,24686.15,1216,80,0
2025-09-23 20:00:00+00:00,24685.95,24687.95,24666.95,24671.95,1132,80,0
2025-09-23 20:05:00+00:00,24672.45,24683.95,24672.15,24682.95,1158,80,0
2025-09-23 20:10:00+00:00,24683.05,24684.05,24667.85,24668.15,1098,80,0
2025-09-23 20:15:00+00:00,24668.35,24671.05,24659.35,24659.65,1086,80,0
2025-09-23 20:20:00+00:00,24660.15,24668.95,24653.35,24656.45,1160,80,0
2025-09-23 20:25:00+00:00,24656.05,24658.55,24623.25,24626.65,1284,80,0
2025-09-23 20:30:00+00:00,24623.45,24636.95,24616.95,24623.95,1293,80,0
2025-09-23 20:35:00+00:00,24624.95,24626.95,24577.35,24578.85,1418,120,0
2025-09-23 20:40:00+00:00,24579.25,24586.75,24538.45,24559.95,1443,120,0
2025-09-23 20:45:00+00:00,24559.75,24598.85,24549.35,24597.65,1447,120,0
2025-09-23 20:50:00+00:00,24595.35,24601.65,24571.65,24573.95,1300,120,0
2025-09-23 20:55:00+00:00,24574.25,24598.65,24571.35,24592.75,1326,120,0
2025-09-23 21:00:00+00:00,24594.25,24603.15,24573.95,24578.25,1362,120,0
2025-09-23 21:05:00+00:00,24578.35,24587.65,24569.15,24576.95,1297,120,0
2025-09-23 21:10:00+00:00,24576.75,24581.95,24564.25,24567.95,1207,80,0
2025-09-23 21:15:00+00:00,24568.15,24572.15,24552.45,24554.45,1221,80,0
2025-09-23 21:20:00+00:00,24554.95,24565.45,24547.15,24557.45,1200,80,0
2025-09-23 21:25:00+00:00,24557.15,24584.45,24557.15,24569.45,1214,80,0
2025-09-23 21:30:00+00:00,24568.95,24591.95,24566.95,24588.95,1144,80,0
2025-09-23 21:35:00+00:00,24588.85,24593.35,24558.55,24561.55,1164,80,0
2025-09-23 21:40:00+00:00,24561.45,24570.85,24556.95,24568.45,1149,80,0
2025-09-23 21:45:00+00:00,24568.55,24579.55,24565.95,24567.95,1147,80,0
2025-09-23 21:50:00+00:00,24567.65,24571.85,24552.55,24557.65,1053,80,0
2025-09-23 21:55:00+00:00,24557.45,24564.95,24542.45,24548.15,1152,80,0
2025-09-23 22:00:00+00:00,24548.95,24570.95,24548.15,24553.35,1172,80,0
2025-09-23 22:05:00+00:00,24552.85,24558.35,24547.45,24552.95,1143,80,0
2025-09-23 22:10:00+00:00,24554.15,24568.45,24553.65,24561.45,1204,80,0
2025-09-23 22:15:00+00:00,24561.65,24584.65,24559.15,24580.85,1173,80,0
2025-09-23 22:20:00+00:00,24580.95,24582.45,24556.45,24562.95,1143,80,0
2025-09-23 22:25:00+00:00,24563.05,24564.65,24551.65,24559.65,1079,80,0
2025-09-23 22:30:00+00:00,24559.85,24575.45,24559.65,24574.05,1160,80,0
2025-09-23 22:35:00+00:00,24573.95,24579.55,24565.45,24574.05,1077,80,0
2025-09-23 22:40:00+00:00,24574.45,24587.85,24573.65,24586.95,1159,80,0
2025-09-23 22:45:00+00:00,24586.05,24595.55,24578.45,24584.95,1118,80,0
2025-09-23 22:50:00+00:00,24585.85,24599.25,24575.95,24594.75,1242,80,0
2025-09-23 22:55:00+00:00,24594.85,24597.45,24575.45,24587.65,1269,80,0
2025-09-23 23:00:00+00:00,24588.35,24612.86,24581.06,24607.46,1169,80,0
2025-09-23 23:05:00+00:00,24607.56,24609.86,24591.56,24599.56,780,208,0
2025-09-23 23:10:00+00:00,24599.26,24600.06,24592.16,24593.16,519,178,0
2025-09-23 23:15:00+00:00,24593.46,24594.66,24588.36,24589.06,380,168,0
2025-09-23 23:20:00+00:00,24589.56,24595.66,24586.66,24587.46,382,178,0
2025-09-23 23:25:00+00:00,24587.36,24589.66,24583.86,24586.26,361,168,0
2025-09-23 23:30:00+00:00,24586.46,24587.46,24582.66,24586.86,268,168,0
2025-09-23 23:35:00+00:00,24586.96,24596.46,24585.26,24594.46,261,168,0
2025-09-23 23:40:00+00:00,24594.36,24595.96,24591.46,24592.16,241,168,0
2025-09-23 23:45:00+00:00,24592.26,24594.26,24587.16,24587.46,245,168,0
2025-09-24 01:05:00+00:00,24610.96,24617.56,24610.76,24615.96,171,168,0
2025-09-24 01:10:00+00:00,24616.06,24621.96,24614.76,24616.76,228,168,0
2025-09-24 01:15:00+00:00,24616.56,24616.76,24609.26,24611.56,272,178,0
2025-09-24 01:20:00+00:00,24611.66,24614.96,24608.46,24609.56,180,168,0
2025-09-24 01:25:00+00:00,24609.96,24610.46,24606.06,24606.76,199,168,0
2025-09-24 01:30:00+00:00,24606.86,24610.56,24606.36,24610.46,191,168,0
2025-09-24 01:35:00+00:00,24610.56,24612.36,24607.86,24610.46,129,168,0
2025-09-24 01:40:00+00:00,24610.26,24614.26,24608.86,24611.56,129,168,0
2025-09-24 01:45:00+00:00,24611.76,24616.76,24611.76,24616.06,91,168,0
2025-09-24 01:50:00+00:00,24616.26,24617.36,24611.86,24612.96,130,168,0
2025-09-24 01:55:00+00:00,24613.26,24615.06,24611.86,24612.86,118,168,0
2025-09-24 02:00:00+00:00,24612.95,24614.55,24608.35,24614.05,160,150,0
2025-09-24 02:05:00+00:00,24614.15,24614.75,24610.85,24612.45,101,150,0
2025-09-24 02:10:00+00:00,24612.95,24613.55,24605.85,24608.45,199,150,0
2025-09-24 02:15:00+00:00,24608.55,24613.35,24608.35,24608.35,164,150,0
2025-09-24 02:20:00+00:00,24608.45,24610.05,24607.35,24609.45,115,150,0
2025-09-24 02:25:00+00:00,24609.85,24611.15,24608.45,24609.45,127,150,0
2025-09-24 02:30:00+00:00,24610.05,24610.35,24606.65,24607.15,128,150,0
2025-09-24 02:35:00+00:00,24607.05,24608.15,24605.45,24606.55,115,150,0
2025-09-24 02:40:00+00:00,24607.05,24607.55,24603.55,24605.15,138,150,0
2025-09-24 02:45:00+00:00,24605.45,24608.65,24604.95,24606.05,212,150,0
2025-09-24 02:50:00+00:00,24606.15,24606.85,24601.85,24602.55,184,150,0
2025-09-24 02:55:00+00:00,24602.45,24603.35,24599.95,24601.35,218,150,0
2025-09-24 03:00:00+00:00,24601.45,24601.65,24594.35,24595.95,466,150,0
2025-09-24 03:05:00+00:00,24596.25,24596.75,24570.95,24575.35,615,160,0
2025-09-24 03:10:00+00:00,24575.85,24587.35,24574.65,24584.15,586,180,0
2025-09-24 03:15:00+00:00,24584.25,24588.45,24580.45,24585.25,446,170,0
2025-09-24 03:20:00+00:00,24585.05,24598.55,24585.05,24598.35,445,170,0
2025-09-24 03:25:00+00:00,24598.45,24603.05,24594.95,24602.25,379,150,0
2025-09-24 03:30:00+00:00,24602.15,24606.25,24594.95,24596.45,449,160,0
2025-09-24 03:35:00+00:00,24596.35,24597.85,24591.45,24592.55,339,160,0
2025-09-24 03:40:00+00:00,24592.65,24598.85,24592.55,24598.65,238,150,0
2025-09-24 03:45:00+00:00,24598.35,24604.75,24598.05,24599.25,333,150,0
2025-09-24 03:50:00+00:00,24599.35,24602.75,24598.25,24599.25,343,150,0
2025-09-24 03:55:00+00:00,24599.15,24600.35,24596.05,24597.55,219,150,0
2025-09-24 04:00:00+00:00,24597.45,24598.95,24591.35,24592.75,500,150,0
2025-09-24 04:05:00+00:00,24592.45,24596.55,24591.35,24591.65,382,150,0
2025-09-24 04:10:00+00:00,24591.45,24595.55,24590.35,24592.05,360,150,0
2025-09-24 04:15:00+00:00,24592.35,24592.35,24581.15,24584.85,397,150,0
2025-09-24 04:20:00+00:00,24584.65,24584.65,24577.35,24582.05,358,160,0
2025-09-24 04:25:00+00:00,24581.85,24586.85,24581.05,24585.75,399,160,0
2025-09-24 04:30:00+00:00,24586.15,24589.55,24581.55,24584.05,481,160,0
2025-09-24 04:35:00+00:00,24584.55,24589.15,24583.35,24586.15,445,160,0
2025-09-24 04:40:00+00:00,24586.25,24590.25,24582.85,24586.25,393,160,0
2025-09-24 04:45:00+00:00,24586.35,24588.45,24583.95,24585.55,368,160,0
2025-09-24 04:50:00+00:00,24585.35,24588.35,24581.65,24582.55,338,150,0
2025-09-24 04:55:00+00:00,24582.65,24585.25,24577.65,24582.65,380,150,0
2025-09-24 05:00:00+00:00,24582.75,24584.05,24579.65,24580.65,409,150,0
2025-09-24 05:05:00+00:00,24580.55,24581.45,24577.05,24580.55,331,150,0
2025-09-24 05:10:00+00:00,24580.65,24584.45,24580.35,24581.85,332,150,0
2025-09-24 05:15:00+00:00,24581.55,24587.55,24581.55,24584.95,295,150,0
2025-09-24 05:20:00+00:00,24585.05,24585.45,24579.85,24583.85,344,150,0
2025-09-24 05:25:00+00:00,24584.05,24588.45,24583.15,24588.35,233,150,0
2025-09-24 05:30:00+00:00,24587.95,24591.85,24585.95,24588.15,342,150,0
2025-09-24 05:35:00+00:00,24588.45,24591.05,24587.05,24588.45,272,150,0
2025-09-24 05:40:00+00:00,24588.65,24590.95,24588.15,24589.15,188,150,0
2025-09-24 05:45:00+00:00,24589.35,24596.95,24589.05,24593.65,239,150,0
2025-09-24 05:50:00+00:00,24593.45,24596.15,24593.45,24596.05,226,150,0
2025-09-24 05:55:00+00:00,24595.95,24596.15,24592.95,24594.85,247,150,0
2025-09-24 06:00:00+00:00,24594.95,24598.65,24593.65,24598.35,205,150,0
2025-09-24 06:05:00+00:00,24598.15,24600.85,24596.95,24597.55,174,150,0
2025-09-24 06:10:00+00:00,24597.65,24599.15,24596.55,24599.15,121,150,0
2025-09-24 06:15:00+00:00,24598.95,24601.45,24596.95,24598.95,168,150,0
2025-09-24 06:20:00+00:00,24598.65,24601.15,24596.55,24597.65,160,150,0
2025-09-24 06:25:00+00:00,24597.85,24598.05,24594.85,24596.65,140,150,0
2025-09-24 06:30:00+00:00,24596.85,24596.95,24594.05,24594.85,219,150,0
2025-09-24 06:35:00+00:00,24594.65,24597.05,24594.15,24594.45,163,150,0
2025-09-24 06:40:00+00:00,24594.85,24598.15,24594.55,24598.15,202,150,0
2025-09-24 06:45:00+00:00,24599.45,24599.65,24596.65,24598.95,193,150,0
2025-09-24 06:50:00+00:00,24599.05,24599.55,24592.95,24594.65,160,150,0
2025-09-24 06:55:00+00:00,24594.85,24597.35,24594.65,24596.95,122,150,0
2025-09-24 07:00:00+00:00,24597.05,24601.45,24595.65,24600.65,190,150,0
2025-09-24 07:05:00+00:00,24601.35,24602.45,24600.15,24600.45,182,150,0
2025-09-24 07:10:00+00:00,24600.65,24603.15,24597.95,24598.45,233,150,0
2025-09-24 07:15:00+00:00,24598.15,24601.85,24597.35,24601.45,192,150,0
2025-09-24 07:20:00+00:00,24601.65,24602.05,24597.95,24597.95,141,150,0
2025-09-24 07:25:00+00:00,24598.15,24602.45,24598.15,24602.05,151,150,0
2025-09-24 07:30:00+00:00,24601.85,24602.85,24600.55,24600.85,137,150,0
2025-09-24 07:35:00+00:00,24600.65,24600.65,24598.65,24599.65,144,150,0
2025-09-24 07:40:00+00:00,24599.55,24605.15,24599.15,24604.95,142,150,0
2025-09-24 07:45:00+00:00,24605.05,24610.15,24604.95,24610.15,148,150,0
2025-09-24 07:50:00+00:00,24610.85,24611.65,24606.65,24611.65,189,150,0
2025-09-24 07:55:00+00:00,24611.85,24611.85,24609.95,24611.15,192,150,0
2025-09-24 08:00:00+00:00,24610.85,24613.95,24609.55,24609.95,250,150,0
2025-09-24 08:05:00+00:00,24609.15,24609.35,24606.05,24609.15,206,150,0
2025-09-24 08:10:00+00:00,24609.45,24611.45,24607.15,24610.65,222,150,0
2025-09-24 08:15:00+00:00,24610.35,24612.95,24608.15,24612.85,215,150,0
2025-09-24 08:20:00+00:00,24612.95,24615.95,24611.85,24615.95,248,150,0
2025-09-24 08:25:00+00:00,24615.85,24617.05,24613.95,24615.35,315,150,0
2025-09-24 08:30:00+00:00,24615.15,24615.65,24606.65,24607.65,273,150,0
2025-09-24 08:35:00+00:00,24607.85,24613.55,24607.65,24611.85,263,150,0
2025-09-24 08:40:00+00:00,24612.05,24613.85,24611.45,24611.45,232,150,0
2025-09-24 08:45:00+00:00,24611.65,24618.15,24611.15,24617.65,201,150,0
2025-09-24 08:50:00+00:00,24617.45,24618.65,24615.15,24618.15,215,150,0
2025-09-24 08:55:00+00:00,24618.35,24620.65,24617.15,24620.65,192,150,0
2025-09-24 09:00:00+00:00,24620.95,24625.15,24619.15,24622.55,367,150,0
2025-09-24 09:05:00+00:00,24622.35,24624.95,24621.55,24624.65,227,150,0
2025-09-24 09:10:00+00:00,24624.85,24627.65,24624.15,24627.15,276,150,0
2025-09-24 09:15:00+00:00,24627.45,24639.35,24627.45,24635.75,485,150,0
2025-09-24 09:20:00+00:00,24635.55,24635.55,24626.45,24628.35,282,150,0
2025-09-24 09:25:00+00:00,24627.85,24631.25,24624.55,24626.15,374,150,0
2025-09-24 09:30:00+00:00,24624.65,24628.65,24622.35,24626.55,314,160,0
2025-09-24 09:35:00+00:00,24626.65,24631.15,24626.55,24628.55,237,150,0
2025-09-24 09:40:00+00:00,24628.85,24637.65,24628.15,24636.65,273,150,0
2025-09-24 09:45:00+00:00,24637.15,24644.95,24635.95,24644.15,345,150,0
2025-09-24 09:50:00+00:00,24644.35,24652.35,24643.35,24645.05,426,150,0
2025-09-24 09:55:00+00:00,24644.65,24644.65,24639.65,24641.45,354,150,0
2025-09-24 10:00:00+00:00,24640.85,24649.15,24632.25,24632.25,671,150,0
2025-09-24 10:05:00+00:00,24632.15,24635.55,24621.55,24621.95,499,160,0
2025-09-24 10:10:00+00:00,24621.85,24622.85,24606.55,24612.65,681,170,0
2025-09-24 10:15:00+00:00,24612.45,24620.75,24608.65,24618.95,681,180,0
2025-09-24 10:20:00+00:00,24618.65,24622.75,24606.95,24615.65,646,170,0
2025-09-24 10:25:00+00:00,24615.45,24617.15,24605.95,24606.95,514,170,0
2025-09-24 10:30:00+00:00,24607.25,24612.35,24607.25,24611.95,524,170,0
2025-09-24 10:35:00+00:00,24611.45,24616.35,24609.35,24616.05,457,160,0
2025-09-24 10:40:00+00:00,24616.25,24631.25,24613.95,24630.35,553,160,0
2025-09-24 10:45:00+00:00,24630.45,24644.35,24628.85,24644.35,506,160,0
2025-09-24 10:50:00+00:00,24644.85,24646.95,24641.85,24643.95,503,170,0
2025-09-24 10:55:00+00:00,24643.75,24657.85,24643.55,24657.85,478,160,0
2025-09-24 11:00:00+00:00,24658.05,24660.95,24649.75,24660.95,806,170,0
2025-09-24 11:05:00+00:00,24660.75,24665.75,24656.95,24660.65,570,170,0
2025-09-24 11:10:00+00:00,24660.55,24661.55,24653.75,24659.25,571,170,0
2025-09-24 11:15:00+00:00,24658.95,24662.45,24653.05,24654.55,523,170,0
2025-09-24 11:20:00+00:00,24655.25,24657.25,24646.45,24647.95,535,170,0
2025-09-24 11:25:00+00:00,24647.75,24651.95,24644.35,24644.55,439,170,0
2025-09-24 11:30:00+00:00,24644.05,24651.05,24643.75,24649.25,382,160,0
2025-09-24 11:35:00+00:00,24649.35,24652.55,24647.05,24651.25,359,160,0
2025-09-24 11:40:00+00:00,24651.05,24656.55,24649.55,24652.85,370,160,0
2025-09-24 11:45:00+00:00,24652.55,24654.25,24647.65,24653.55,358,160,0
2025-09-24 11:50:00+00:00,24653.65,24654.85,24644.85,24646.75,374,160,0
2025-09-24 11:55:00+00:00,24646.85,24656.45,24646.65,24655.85,342,150,0
2025-09-24 12:00:00+00:00,24655.95,24662.55,24654.35,24659.15,462,150,0
2025-09-24 12:05:00+00:00,24659.35,24667.95,24659.35,24660.25,433,150,0
2025-09-24 12:10:00+00:00,24659.85,24663.85,24657.35,24663.25,424,160,0
2025-09-24 12:15:00+00:00,24663.35,24667.45,24661.15,24665.85,315,150,0
2025-09-24 12:20:00+00:00,24665.95,24667.15,24662.35,24665.25,310,150,0
2025-09-24 12:25:00+00:00,24665.55,24667.15,24663.15,24664.65,275,150,0
2025-09-24 12:30:00+00:00,24664.35,24669.95,24661.55,24661.95,380,150,0
2025-09-24 12:35:00+00:00,24662.35,24666.95,24660.35,24660.65,300,150,0
2025-09-24 12:40:00+00:00,24660.55,24662.45,24657.65,24658.05,302,150,0
2025-09-24 12:45:00+00:00,24658.15,24661.15,24656.05,24661.15,262,150,0
2025-09-24 12:50:00+00:00,24661.45,24667.35,24660.95,24663.75,351,150,0
2025-09-24 12:55:00+00:00,24663.85,24666.95,24662.55,24665.15,283,150,0
2025-09-24 13:00:00+00:00,24665.35,24671.35,24662.35,24662.45,315,150,0
2025-09-24 13:05:00+00:00,24662.55,24666.15,24660.85,24663.15,275,150,0
2025-09-24 13:10:00+00:00,24663.05,24667.65,24661.85,24663.15,330,150,0
2025-09-24 13:15:00+00:00,24662.75,24666.85,24662.25,24664.55,230,150,0
2025-09-24 13:20:00+00:00,24664.35,24664.85,24654.35,24655.85,345,150,0
2025-09-24 13:25:00+00:00,24655.25,24655.25,24645.15,24645.85,454,160,0
2025-09-24 13:30:00+00:00,24645.75,24652.75,24645.75,24651.05,383,160,0
2025-09-24 13:35:00+00:00,24651.15,24655.15,24649.35,24651.75,305,150,0
2025-09-24 13:40:00+00:00,24651.55,24652.45,24644.15,24650.25,337,150,0
2025-09-24 13:45:00+00:00,24650.35,24657.45,24650.35,24656.05,284,150,0
2025-09-24 13:50:00+00:00,24656.55,24666.35,24654.65,24662.35,286,150,0
2025-09-24 13:55:00+00:00,24662.25,24664.85,24660.65,24663.85,224,150,0
2025-09-24 14:00:00+00:00,24661.95,24667.35,24659.25,24665.95,408,150,0
2025-09-24 14:05:00+00:00,24665.85,24669.15,24662.35,24668.15,338,160,0
2025-09-24 14:10:00+00:00,24668.25,24672.15,24666.35,24670.65,381,160,0
2025-09-24 14:15:00+00:00,24670.75,24670.75,24666.65,24667.25,300,160,0
2025-09-24 14:20:00+00:00,24666.35,24667.65,24662.15,24664.55,308,150,0
2025-09-24 14:25:00+00:00,24664.85,24665.15,24658.15,24658.85,382,150,0
2025-09-24 14:30:00+00:00,24659.15,24665.15,24656.35,24663.25,424,160,0
2025-09-24 14:35:00+00:00,24663.15,24664.25,24649.85,24651.25,348,150,0
2025-09-24 14:40:00+00:00,24651.15,24651.35,24636.05,24639.75,590,160,0
2025-09-24 14:45:00+00:00,24639.15,24643.75,24636.05,24642.75,501,160,0
2025-09-24 14:50:00+00:00,24641.85,24645.35,24639.65,24643.05,488,160,0
2025-09-24 14:55:00+00:00,24642.95,24653.85,24642.75,24649.05,502,160,0
2025-09-24 15:00:00+00:00,24646.75,24652.35,24646.05,24649.45,572,160,0
2025-09-24 15:05:00+00:00,24649.35,24655.85,24648.75,24652.35,499,170,0
2025-09-24 15:10:00+00:00,24652.25,24653.85,24650.15,24651.95,430,150,0
2025-09-24 15:15:00+00:00,24652.45,24652.55,24638.15,24639.35,509,150,0
2025-09-24 15:20:00+00:00,24638.55,24643.55,24636.35,24640.05,564,170,0
2025-09-24 15:25:00+00:00,24640.25,24641.95,24636.85,24640.15,515,160,0
2025-09-24 15:30:00+00:00,24639.55,24643.85,24636.05,24639.05,580,160,0
2025-09-24 15:35:00+00:00,24639.25,24642.15,24634.85,24640.05,455,160,0
2025-09-24 15:40:00+00:00,24639.85,24642.95,24631.75,24632.05,562,170,0
2025-09-24 15:45:00+00:00,24631.85,24636.85,24630.55,24631.05,459,160,0
2025-09-24 15:50:00+00:00,24630.95,24634.15,24629.25,24631.55,464,160,0
2025-09-24 15:55:00+00:00,24631.65,24641.45,24630.85,24641.15,602,160,0
2025-09-24 16:00:00+00:00,24640.65,24646.55,24638.65,24645.55,654,170,0
2025-09-24 16:05:00+00:00,24645.85,24647.95,24633.55,24637.55,508,160,0
2025-09-24 16:10:00+00:00,24637.85,24641.55,24631.85,24633.55,602,170,0
2025-09-24 16:15:00+00:00,24633.45,24641.05,24632.85,24637.65,471,160,0
2025-09-24 16:20:00+00:00,24637.75,24638.85,24633.25,24636.55,425,150,0
2025-09-24 16:25:00+00:00,24634.75,24644.95,24633.05,24644.15,766,170,0
2025-09-24 16:30:00+00:00,24643.05,24658.25,24588.85,24600.35,1535,80,0
2025-09-24 16:35:00+00:00,24600.55,24615.85,24583.85,24595.85,1491,120,0
2025-09-24 16:40:00+00:00,24595.95,24610.95,24590.05,24595.55,1443,120,0
2025-09-24 16:45:00+00:00,24595.75,24598.85,24565.25,24565.25,1405,120,0
2025-09-24 16:50:00+00:00,24565.35,24577.55,24545.05,24561.55,1420,120,0
2025-09-24 16:55:00+00:00,24561.85,24585.25,24561.85,24580.85,1312,120,0
2025-09-24 17:00:00+00:00,24580.95,24600.35,24564.55,24598.05,1392,120,0
2025-09-24 17:05:00+00:00,24598.35,24599.25,24571.55,24574.75,1387,120,0
2025-09-24 17:10:00+00:00,24574.35,24589.75,24566.25,24588.85,1354,120,0
2025-09-24 17:15:00+00:00,24587.85,24599.35,24578.85,24593.25,1277,90,0
2025-09-24 17:20:00+00:00,24592.75,24596.45,24571.05,24574.15,1251,80,0
2025-09-24 17:25:00+00:00,24574.25,24585.75,24569.85,24578.15,1289,80,0
2025-09-24 17:30:00+00:00,24577.35,24587.25,24554.15,24560.05,1294,80,0
2025-09-24 17:35:00+00:00,24561.65,24583.45,24560.75,24572.15,1209,80,0
2025-09-24 17:40:00+00:00,24572.05,24573.15,24556.65,24570.65,1217,80,0
2025-09-24 17:45:00+00:00,24569.65,24585.35,24568.15,24582.85,1141,80,0
2025-09-24 17:50:00+00:00,24583.65,24587.55,24558.05,24559.65,1217,80,0
2025-09-24 17:55:00+00:00,24559.15,24563.25,24548.65,24552.15,1240,80,0
2025-09-24 18:00:00+00:00,24551.85,24561.65,24546.25,24548.65,1200,80,0
2025-09-24 18:05:00+00:00,24548.25,24560.35,24547.85,24548.65,1176,80,0
2025-09-24 18:10:00+00:00,24548.35,24553.35,24535.65,24536.35,1204,80,0
2025-09-24 18:15:00+00:00,24536.15,24552.35,24536.15,24552.15,1122,80,0
2025-09-24 18:20:00+00:00,24551.85,24567.85,24550.35,24563.55,1127,80,0
2025-09-24 18:25:00+00:00,24563.65,24566.05,24550.15,24552.15,1101,80,0
2025-09-24 18:30:00+00:00,24552.35,24552.65,24526.15,24526.85,1218,80,0
2025-09-24 18:35:00+00:00,24527.35,24542.85,24522.65,24530.15,1234,80,0
2025-09-24 18:40:00+00:00,24529.85,24534.85,24517.35,24522.15,1134,80,0
2025-09-24 18:45:00+00:00,24522.65,24522.65,24486.55,24488.35,1284,80,0
2025-09-24 18:50:00+00:00,24488.05,24494.95,24469.75,24481.45,1341,90,0
2025-09-24 18:55:00+00:00,24482.65,24482.95,24436.45,24437.45,1353,120,0
2025-09-24 19:00:00+00:00,24438.65,24453.45,24426.15,24433.15,1343,120,0
2025-09-24 19:05:00+00:00,24432.95,24440.95,24403.45,24405.95,1328,120,0
2025-09-24 19:10:00+00:00,24406.15,24412.95,24386.55,24408.95,1390,120,0
2025-09-24 19:15:00+00:00,24409.15,24420.85,24392.15,24419.95,1334,120,0
2025-09-24 19:20:00+00:00,24419.65,24452.25,24419.45,24451.25,1304,80,0
2025-09-24 19:25:00+00:00,24449.75,24462.35,24433.05,24455.75,1220,80,0
2025-09-24 19:30:00+00:00,24455.25,24459.95,24440.35,24442.85,1199,80,0
2025-09-24 19:35:00+00:00,24443.85,24454.85,24443.25,24454.15,1123,80,0
2025-09-24 19:40:00+00:00,24453.85,24463.85,24452.65,24456.15,1152,80,0
2025-09-24 19:45:00+00:00,24456.35,24456.35,24437.85,24448.85,1166,80,0
2025-09-24 19:50:00+00:00,24449.15,24453.65,24439.75,24443.65,1082,80,0
2025-09-24 19:55:00+00:00,24443.55,24450.65,24437.35,24442.65,1050,80,0
2025-09-24 20:00:00+00:00,24443.15,24459.15,24441.05,24452.35,1131,80,0
2025-09-24 20:05:00+00:00,24452.15,24475.35,24446.85,24474.85,1134,80,0
2025-09-24 20:10:00+00:00,24474.75,24499.15,24472.35,24477.25,1234,80,0
2025-09-24 20:15:00+00:00,24477.65,24483.15,24469.35,24471.35,1127,80,0
2025-09-24 20:20:00+00:00,24471.15,24484.35,24466.65,24482.15,1142,80,0
2025-09-24 20:25:00+00:00,24481.65,24493.25,24473.25,24489.85,1082,80,0
2025-09-24 20:30:00+00:00,24490.35,24505.25,24490.35,24504.25,1063,80,0
2025-09-24 20:35:00+00:00,24504.35,24511.25,24480.65,24482.85,1141,80,0
2025-09-24 20:40:00+00:00,24482.65,24489.05,24479.75,24482.35,969,80,0
2025-09-24 20:45:00+00:00,24482.15,24484.25,24460.05,24465.15,1162,80,0
2025-09-24 20:50:00+00:00,24464.85,24475.75,24459.65,24475.15,1062,80,0
2025-09-24 20:55:00+00:00,24475.35,24480.35,24465.75,24468.15,973,80,0
2025-09-24 21:00:00+00:00,24467.85,24472.15,24462.35,24466.85,1017,80,0
2025-09-24 21:05:00+00:00,24467.15,24474.65,24459.15,24460.85,1016,80,0
2025-09-24 21:10:00+00:00,24461.15,24461.85,24441.15,24459.15,1174,80,0
2025-09-24 21:15:00+00:00,24459.65,24474.75,24459.55,24473.85,1052,80,0
2025-09-24 21:20:00+00:00,24473.65,24473.65,24454.15,24458.75,986,80,0
2025-09-24 21:25:00+00:00,24458.65,24464.35,24451.75,24461.05,1010,80,0
2025-09-24 21:30:00+00:00,24460.85,24471.35,24456.65,24464.15,1039,80,0
2025-09-24 21:35:00+00:00,24463.85,24480.65,24463.35,24476.35,1004,80,0
2025-09-24 21:40:00+00:00,24476.15,24481.15,24472.35,24476.35,931,80,0
2025-09-24 21:45:00+00:00,24476.65,24485.35,24466.15,24470.85,1012,80,0
2025-09-24 21:50:00+00:00,24470.75,24496.65,24469.25,24493.85,1014,80,0
2025-09-24 21:55:00+00:00,24494.15,24499.35,24491.75,24497.65,982,80,0
2025-09-24 22:00:00+00:00,24497.35,24500.15,24480.55,24486.35,1078,80,0
2025-09-24 22:05:00+00:00,24486.85,24492.85,24480.55,24481.35,977,80,0
2025-09-24 22:10:00+00:00,24481.15,24490.05,24477.15,24477.15,975,80,0
2025-09-24 22:15:00+00:00,24477.75,24489.15,24472.85,24488.05,1015,80,0
2025-09-24 22:20:00+00:00,24488.25,24490.35,24479.35,24481.85,908,80,0
2025-09-24 22:25:00+00:00,24481.65,24484.25,24476.75,24481.65,924,80,0
2025-09-24 22:30:00+00:00,24481.35,24489.65,24479.55,24489.55,982,80,0
2025-09-24 22:35:00+00:00,24489.35,24489.35,24470.15,24474.85,1028,80,0
2025-09-24 22:40:00+00:00,24475.05,24481.75,24467.85,24468.75,1020,80,0
2025-09-24 22:45:00+00:00,24468.65,24483.75,24458.85,24481.85,1146,80,0
2025-09-24 22:50:00+00:00,24492.15,24495.55,24482.15,24494.35,1185,80,0
2025-09-24 22:55:00+00:00,24492.85,24507.35,24482.65,24497.45,1296,80,0
2025-09-24 23:00:00+00:00,24499.96,24511.56,24498.06,24507.96,1027,138,0
2025-09-24 23:05:00+00:00,24508.16,24511.96,24499.56,24506.86,662,178,0
2025-09-24 23:10:00+00:00,24507.06,24509.56,24502.96,24508.66,427,168,0
2025-09-24 23:15:00+00:00,24508.86,24512.36,24505.76,24507.26,360,178,0
2025-09-24 23:20:00+00:00,24507.16,24507.66,24504.36,24504.96,280,168,0
2025-09-24 23:25:00+00:00,24504.66,24504.66,24499.66,24503.06,284,168,0
2025-09-24 23:30:00+00:00,24502.46,24503.46,24500.66,24501.46,197,168,0
2025-09-24 23:35:00+00:00,24501.66,24504.96,24501.66,24504.46,176,168,0
2025-09-24 23:40:00+00:00,24504.66,24509.96,24504.16,24509.66,210,168,0
2025-09-24 23:45:00+00:00,24509.86,24511.16,24508.16,24509.06,176,168,0
2025-09-25 01:05:00+00:00,24507.26,24507.56,24501.06,24501.16,236,168,0
2025-09-25 01:10:00+00:00,24501.06,24506.86,24500.56,24503.86,190,168,0
2025-09-25 01:15:00+00:00,24503.96,24508.36,24503.56,24506.16,156,168,0
2025-09-25 01:20:00+00:00,24506.06,24506.46,24503.36,24505.06,113,168,0
2025-09-25 01:25:00+00:00,24505.36,24505.56,24502.16,24503.16,147,168,0
2025-09-25 01:30:00+00:00,24503.66,24513.16,24503.56,24507.56,221,168,0
2025-09-25 01:35:00+00:00,24507.86,24511.06,24507.36,24509.16,126,168,0
2025-09-25 01:40:00+00:00,24509.56,24512.46,24509.16,24509.96,93,168,0
2025-09-25 01:45:00+00:00,24510.16,24511.86,24509.66,24510.36,98,168,0
2025-09-25 01:50:00+00:00,24510.46,24512.36,24508.96,24510.56,137,168,0
2025-09-25 01:55:00+00:00,24510.46,24511.36,24508.46,24510.36,96,168,0
2025-09-25 02:00:00+00:00,24510.45,24511.05,24506.75,24507.45,114,150,0
2025-09-25 02:05:00+00:00,24507.55,24508.15,24504.65,24505.45,115,150,0
2025-09-25 02:10:00+00:00,24505.55,24507.45,24504.55,24505.25,103,150,0
2025-09-25 02:15:00+00:00,24505.45,24506.95,24502.55,24502.55,84,150,0
2025-09-25 02:20:00+00:00,24502.65,24505.25,24502.15,24505.05,84,150,0
2025-09-25 02:25:00+00:00,24505.45,24507.95,24504.05,24504.05,92,150,0
2025-09-25 02:30:00+00:00,24504.25,24505.05,24501.45,24504.75,125,150,0
2025-09-25 02:35:00+00:00,24504.45,24506.05,24503.15,24503.45,104,150,0
2025-09-25 02:40:00+00:00,24503.15,24505.75,24501.75,24503.75,129,150,0
2025-09-25 02:45:00+00:00,24503.55,24513.05,24503.55,24511.95,196,150,0
2025-09-25 02:50:00+00:00,24512.15,24512.55,24507.55,24510.65,171,150,0
2025-09-25 02:55:00+00:00,24510.55,24517.45,24510.45,24516.65,273,150,0
2025-09-25 03:00:00+00:00,24516.45,24529.25,24513.05,24528.25,632,150,0
2025-09-25 03:05:00+00:00,24529.85,24537.75,24526.15,24536.25,510,170,0
2025-09-25 03:10:00+00:00,24536.35,24537.55,24528.15,24530.85,448,160,0
2025-09-25 03:15:00+00:00,24530.95,24534.15,24527.45,24533.05,442,160,0
2025-09-25 03:20:00+00:00,24533.35,24533.35,24527.35,24527.45,304,160,0
2025-09-25 03:25:00+00:00,24527.75,24535.65,24525.75,24532.95,374,150,0
2025-09-25 03:30:00+00:00,24532.85,24536.15,24532.25,24533.75,314,150,0
2025-09-25 03:35:00+00:00,24533.15,24537.55,24531.25,24537.55,300,150,0
2025-09-25 03:40:00+00:00,24537.25,24538.65,24534.75,24537.95,359,150,0
2025-09-25 03:45:00+00:00,24538.15,24539.05,24531.25,24533.15,291,150,0
2025-09-25 03:50:00+00:00,24532.95,24535.65,24531.65,24534.75,249,150,0
2025-09-25 03:55:00+00:00,24534.55,24537.95,24533.45,24535.95,280,150,0
2025-09-25 04:00:00+00:00,24535.75,24537.05,24533.75,24534.25,371,150,0
2025-09-25 04:05:00+00:00,24534.15,24535.55,24533.15,24534.05,269,150,0
2025-09-25 04:10:00+00:00,24533.95,24537.55,24533.55,24537.05,195,150,0
2025-09-25 04:15:00+00:00,24537.15,24539.25,24534.55,24538.15,220,150,0
2025-09-25 04:20:00+00:00,24538.05,24539.15,24533.25,24533.25,175,150,0
2025-09-25 04:25:00+00:00,24533.55,24539.95,24533.05,24538.95,252,150,0
2025-09-25 04:30:00+00:00,24539.15,24541.45,24538.45,24540.65,274,150,0
2025-09-25 04:35:00+00:00,24540.55,24541.25,24538.45,24539.25,224,150,0
2025-09-25 04:40:00+00:00,24539.05,24543.05,24538.55,24542.75,238,150,0
2025-09-25 04:45:00+00:00,24542.95,24550.25,24541.95,24550.25,351,150,0
2025-09-25 04:50:00+00:00,24550.45,24552.75,24546.05,24546.75,262,150,0
2025-09-25 04:55:00+00:00,24546.95,24546.95,24539.75,24544.75,303,150,0
2025-09-25 05:00:00+00:00,24544.45,24546.75,24542.45,24543.95,254,150,0
2025-09-25 05:05:00+00:00,24543.05,24544.05,24541.25,24541.65,271,150,0
2025-09-25 05:10:00+00:00,24541.45,24542.25,24537.65,24540.95,264,150,0
2025-09-25 05:15:00+00:00,24541.45,24542.55,24538.25,24540.65,209,150,0
2025-09-25 05:20:00+00:00,24540.75,24542.95,24539.45,24542.95,154,150,0
2025-09-25 05:25:00+00:00,24543.05,24544.65,24540.95,24541.95,210,150,0
2025-09-25 05:30:00+00:00,24542.15,24546.95,24541.75,24544.25,209,150,0
2025-09-25 05:35:00+00:00,24544.15,24546.65,24544.05,24544.95,170,150,0
2025-09-25 05:40:00+00:00,24545.05,24548.05,24544.95,24546.05,177,150,0
2025-09-25 05:45:00+00:00,24545.95,24548.25,24545.95,24548.05,151,150,0
2025-09-25 05:50:00+00:00,24547.95,24550.65,24547.65,24550.15,164,150,0
2025-09-25 05:55:00+00:00,24550.05,24551.55,24549.15,24549.95,144,150,0
2025-09-25 06:00:00+00:00,24550.15,24550.15,24545.55,24546.55,177,150,0
2025-09-25 06:05:00+00:00,24546.65,24547.05,24544.45,24545.65,184,150,0
2025-09-25 06:10:00+00:00,24545.55,24547.05,24541.55,24545.15,225,150,0
2025-09-25 06:15:00+00:00,24545.25,24546.55,24543.05,24544.15,156,150,0
2025-09-25 06:20:00+00:00,24544.65,24546.45,24543.05,24545.65,171,150,0
2025-09-25 06:25:00+00:00,24545.75,24547.05,24544.65,24544.95,144,150,0
2025-09-25 06:30:00+00:00,24545.05,24547.75,24543.65,24547.05,163,150,0
2025-09-25 06:35:00+00:00,24546.95,24547.05,24545.05,24546.55,154,150,0
2025-09-25 06:40:00+00:00,24546.45,24547.75,24545.25,24545.55,162,150,0
2025-09-25 06:45:00+00:00,24545.65,24547.15,24545.25,24546.15,130,150,0
2025-09-25 06:50:00+00:00,24546.05,24546.95,24543.05,24543.75,183,150,0
2025-09-25 06:55:00+00:00,24543.65,24546.65,24543.65,24545.95,258,150,0
2025-09-25 07:00:00+00:00,24546.15,24546.45,24540.75,24545.25,395,150,0
2025-09-25 07:05:00+00:00,24545.45,24547.95,24541.55,24542.65,234,150,0
2025-09-25 07:10:00+00:00,24542.75,24542.75,24536.95,24537.75,202,150,0
2025-09-25 07:15:00+00:00,24537.95,24538.25,24534.05,24534.05,170,150,0
2025-09-25 07:20:00+00:00,24533.75,24538.05,24533.75,24535.05,149,150,0
2025-09-25 07:25:00+00:00,24535.15,24536.05,24534.25,24535.95,151,150,0
2025-09-25 07:30:00+00:00,24535.75,24536.45,24533.95,24534.05,152,150,0
2025-09-25 07:35:00+00:00,24533.95,24535.25,24533.55,24534.25,130,150,0
2025-09-25 07:40:00+00:00,24534.55,24534.55,24530.75,24531.55,106,150,0
2025-09-25 07:45:00+00:00,24531.95,24533.05,24528.55,24529.45,155,150,0
2025-09-25 07:50:00+00:00,24529.25,24529.25,24518.65,24518.95,266,150,0
2025-09-25 07:55:00+00:00,24519.25,24521.75,24515.15,24520.65,311,150,0
2025-09-25 08:00:00+00:00,24520.75,24523.25,24510.35,24514.65,399,150,0
2025-09-25 08:05:00+00:00,24514.85,24518.35,24508.65,24510.15,344,160,0
2025-09-25 08:10:00+00:00,24510.25,24514.45,24504.85,24506.95,380,160,0
2025-09-25 08:15:00+00:00,24507.15,24512.35,24506.85,24512.35,276,160,0
2025-09-25 08:20:00+00:00,24512.65,24515.25,24510.25,24515.15,251,150,0
2025-09-25 08:25:00+00:00,24515.25,24517.25,24511.55,24516.75,200,150,0
2025-09-25 08:30:00+00:00,24516.65,24517.25,24509.45,24511.95,316,150,0
2025-09-25 08:35:00+00:00,24511.75,24512.65,24505.65,24505.75,332,150,0
2025-09-25 08:40:00+00:00,24506.15,24513.45,24506.15,24509.45,231,150,0
2025-09-25 08:45:00+00:00,24509.65,24510.75,24498.55,24504.45,319,150,0
2025-09-25 08:50:00+00:00,24504.65,24510.65,24502.05,24509.95,239,150,0
2025-09-25 08:55:00+00:00,24510.05,24514.55,24509.45,24513.45,225,150,0
2025-09-25 09:00:00+00:00,24513.55,24518.25,24509.15,24517.45,364,150,0
2025-09-25 09:05:00+00:00,24517.05,24519.15,24506.25,24511.85,379,150,0
2025-09-25 09:10:00+00:00,24511.95,24513.55,24504.65,24505.95,299,160,0
2025-09-25 09:15:00+00:00,24506.15,24506.75,24499.35,24500.05,372,150,0
2025-09-25 09:20:00+00:00,24500.15,24502.45,24493.45,24495.55,393,160,0
2025-09-25 09:25:00+00:00,24495.35,24501.55,24494.45,24496.85,321,150,0
2025-09-25 09:30:00+00:00,24496.95,24503.85,24493.15,24495.65,404,160,0
2025-09-25 09:35:00+00:00,24495.35,24498.25,24494.85,24496.75,288,150,0
2025-09-25 09:40:00+00:00,24497.05,24497.05,24482.75,24486.75,534,150,0
2025-09-25 09:45:00+00:00,24485.75,24491.65,24479.95,24490.85,468,170,0
2025-09-25 09:50:00+00:00,24491.05,24492.95,24487.35,24492.15,294,160,0
2025-09-25 09:55:00+00:00,24492.25,24492.95,24487.45,24488.45,263,150,0
2025-09-25 10:00:00+00:00,24488.25,24493.45,24474.75,24476.25,907,160,0
2025-09-25 10:05:00+00:00,24476.35,24482.85,24470.05,24476.05,694,180,0
2025-09-25 10:10:00+00:00,24476.55,24476.65,24455.45,24458.25,776,180,0
2025-09-25 10:15:00+00:00,24458.45,24469.15,24457.05,24467.65,807,180,0
2025-09-25 10:20:00+00:00,24467.75,24481.55,24464.35,24478.35,622,170,0
2025-09-25 10:25:00+00:00,24478.15,24491.85,24478.15,24490.55,480,170,0
2025-09-25 10:30:00+00:00,24490.35,24502.65,24487.45,24496.65,656,170,0
2025-09-25 10:35:00+00:00,24496.85,24507.95,24496.65,24502.45,636,170,0
2025-09-25 10:40:00+00:00,24502.55,24505.05,24498.15,24501.85,470,170,0
2025-09-25 10:45:00+00:00,24501.95,24503.35,24491.95,24492.45,545,170,0
2025-09-25 10:50:00+00:00,24492.95,24500.55,24489.45,24497.65,616,170,0
2025-09-25 10:55:00+00:00,24497.55,24500.55,24493.65,24497.85,434,170,0
2025-09-25 11:00:00+00:00,24497.65,24514.45,24495.45,24510.85,805,170,0
2025-09-25 11:05:00+00:00,24510.45,24518.35,24508.75,24515.75,666,180,0
2025-09-25 11:10:00+00:00,24515.85,24521.65,24511.25,24520.25,568,180,0
2025-09-25 11:15:00+00:00,24520.15,24522.35,24517.45,24517.85,520,160,0
2025-09-25 11:20:00+00:00,24517.75,24521.85,24514.65,24515.65,455,160,0
2025-09-25 11:25:00+00:00,24515.75,24520.15,24514.35,24517.85,428,150,0
2025-09-25 11:30:00+00:00,24517.75,24520.45,24515.65,24515.75,378,160,0
2025-09-25 11:35:00+00:00,24515.95,24517.85,24509.45,24512.45,475,160,0
2025-09-25 11:40:00+00:00,24512.15,24512.45,24503.75,24507.25,486,160,0
2025-09-25 11:45:00+00:00,24506.95,24507.45,24491.15,24491.45,460,160,0
2025-09-25 11:50:00+00:00,24491.65,24492.55,24478.95,24485.05,548,170,0
2025-09-25 11:55:00+00:00,24484.55,24493.55,24483.15,24489.45,507,170,0
2025-09-25 12:00:00+00:00,24489.65,24492.15,24478.15,24478.15,519,170,0
2025-09-25 12:05:00+00:00,24478.45,24484.45,24473.65,24481.35,534,170,0
2025-09-25 12:10:00+00:00,24481.45,24487.95,24479.65,24487.65,416,160,0
2025-09-25 12:15:00+00:00,24487.45,24493.95,24483.95,24493.75,459,160,0
2025-09-25 12:20:00+00:00,24493.65,24495.65,24490.35,24494.25,354,160,0
2025-09-25 12:25:00+00:00,24494.75,24497.95,24487.55,24490.05,390,160,0
2025-09-25 12:30:00+00:00,24489.95,24492.25,24482.05,24486.05,459,170,0
2025-09-25 12:35:00+00:00,24485.85,24491.45,24477.65,24477.65,490,170,0
2025-09-25 12:40:00+00:00,24477.35,24478.55,24463.75,24464.25,519,170,0
2025-09-25 12:45:00+00:00,24464.65,24466.55,24449.95,24464.45,994,180,0
2025-09-25 12:50:00+00:00,24464.15,24469.15,24459.55,24469.05,695,180,0
2025-09-25 12:55:00+00:00,24469.55,24473.05,24457.85,24466.75,588,170,0
2025-09-25 13:00:00+00:00,24466.85,24470.15,24456.75,24466.25,628,180,0
2025-09-25 13:05:00+00:00,24466.85,24472.65,24462.25,24470.65,542,180,0
2025-09-25 13:10:00+00:00,24470.55,24473.95,24464.35,24465.95,445,170,0
2025-09-25 13:15:00+00:00,24466.05,24470.95,24459.15,24467.15,531,170,0
2025-09-25 13:20:00+00:00,24466.75,24470.35,24453.75,24460.25,501,180,0
2025-09-25 13:25:00+00:00,24460.35,24460.35,24442.15,24446.65,707,180,0
2025-09-25 13:30:00+00:00,24446.75,24467.15,24445.15,24466.25,617,180,0
2025-09-25 13:35:00+00:00,24466.15,24469.85,24456.85,24457.05,534,170,0
2025-09-25 13:40:00+00:00,24456.85,24457.25,24443.25,24443.75,673,180,0
2025-09-25 13:45:00+00:00,24443.95,24443.95,24430.55,24439.75,661,190,0
2025-09-25 13:50:00+00:00,24439.85,24444.65,24432.65,24444.25,596,170,0
2025-09-25 13:55:00+00:00,24444.15,24450.15,24440.55,24449.15,537,170,0
2025-09-25 14:00:00+00:00,24449.45,24451.45,24425.95,24439.05,877,170,0
2025-09-25 14:05:00+00:00,24438.25,24441.45,24424.65,24425.35,679,180,0
2025-09-25 14:10:00+00:00,24426.25,24427.05,24398.55,24403.25,965,180,0
2025-09-25 14:15:00+00:00,24403.05,24411.25,24399.45,24400.65,880,200,0
2025-09-25 14:20:00+00:00,24400.55,24405.25,24388.35,24397.75,970,190,0
2025-09-25 14:25:00+00:00,24397.65,24410.75,24397.55,24399.55,818,190,0
2025-09-25 14:30:00+00:00,24398.85,24406.35,24391.05,24399.25,929,190,0
2025-09-25 14:35:00+00:00,24399.45,24402.25,24390.55,24393.35,812,190,0
2025-09-25 14:40:00+00:00,24393.05,24393.75,24369.85,24369.85,905,190,0
2025-09-25 14:45:00+00:00,24370.25,24384.15,24364.75,24381.25,1099,190,0
2025-09-25 14:50:00+00:00,24381.15,24392.75,24372.35,24383.15,986,200,0
2025-09-25 14:55:00+00:00,24382.95,24389.55,24347.95,24354.75,1043,190,0
2025-09-25 15:00:00+00:00,24353.65,24369.75,24348.65,24365.25,1057,200,0
2025-09-25 15:05:00+00:00,24364.75,24377.25,24355.15,24374.15,917,200,0
2025-09-25 15:10:00+00:00,24373.45,24380.85,24368.25,24373.45,863,190,0
2025-09-25 15:15:00+00:00,24373.65,24382.25,24370.25,24373.45,821,190,0
2025-09-25 15:20:00+00:00,24373.55,24390.75,24371.35,24386.55,857,180,0
2025-09-25 15:25:00+00:00,24386.15,24390.25,24365.95,24372.44,926,190,0
2025-09-25 15:30:00+00:00,24358.64,24370.45,24348.75,24351.35,1338,210,0
2025-09-25 15:35:00+00:00,24352.35,24358.15,24339.45,24348.65,1148,210,0
2025-09-25 15:40:00+00:00,24348.35,24351.65,24329.65,24333.35,1164,210,0
2025-09-25 15:45:00+00:00,24333.85,24339.25,24316.25,24329.15,1140,200,0
2025-09-25 15:50:00+00:00,24328.75,24328.75,24305.95,24312.45,1164,210,0
2025-09-25 15:55:00+00:00,24312.25,24330.95,24307.95,24328.85,1175,210,0
2025-09-25 16:00:00+00:00,24327.75,24331.95,24310.25,24316.35,1218,210,0
2025-09-25 16:05:00+00:00,24316.65,24326.95,24302.45,24304.25,1086,200,0
2025-09-25 16:10:00+00:00,24304.15,24320.05,24301.05,24317.55,982,200,0
2025-09-25 16:15:00+00:00,24317.25,24341.95,24311.95,24341.55,1027,200,0
2025-09-25 16:20:00+00:00,24341.25,24347.15,24336.75,24340.35,980,190,0
2025-09-25 16:25:00+00:00,24340.25,24344.75,24326.25,24337.25,1175,190,0
2025-09-25 16:30:00+00:00,24337.45,24337.45,24278.15,24279.45,1655,120,0
2025-09-25 16:35:00+00:00,24279.85,24286.65,24234.15,24235.65,1575,120,0
2025-09-25 16:40:00+00:00,24234.65,24237.15,24183.95,24188.15,1574,120,0
2025-09-25 16:45:00+00:00,24189.05,24256.65,24185.45,24246.45,1567,120,0
2025-09-25 16:50:00+00:00,24245.15,24282.65,24206.95,24219.45,1557,120,0
2025-09-25 16:55:00+00:00,24220.35,24235.15,24191.65,24211.95,1569,120,0
2025-09-25 17:00:00+00:00,24213.45,24281.95,24206.35,24278.95,1570,120,0
2025-09-25 17:05:00+00:00,24278.35,24329.55,24277.05,24327.95,1514,120,0
2025-09-25 17:10:00+00:00,24327.65,24343.95,24312.45,24335.65,1483,120,0
2025-09-25 17:15:00+00:00,24336.95,24371.95,24336.95,24366.45,1452,120,0
2025-09-25 17:20:00+00:00,24366.95,24401.65,24358.45,24395.95,1398,120,0
2025-09-25 17:25:00+00:00,24396.65,24402.15,24362.95,24380.45,1407,120,0
2025-09-25 17:30:00+00:00,24382.15,24396.15,24371.15,24390.65,1406,120,0
2025-09-25 17:35:00+00:00,24389.95,24396.85,24370.15,24393.15,1386,120,0
2025-09-25 17:40:00+00:00,24392.65,24407.05,24373.65,24389.45,1329,120,0
2025-09-25 17:45:00+00:00,24389.65,24417.05,24376.85,24415.15,1334,120,0
2025-09-25 17:50:00+00:00,24413.65,24413.65,24377.85,24387.15,1403,120,0
2025-09-25 17:55:00+00:00,24387.35,24414.15,24387.35,24395.45,1358,120,0
2025-09-25 18:00:00+00:00,24395.55,24396.65,24366.95,24373.45,1364,120,0
2025-09-25 18:05:00+00:00,24373.65,24384.95,24344.55,24358.95,1335,120,0
2025-09-25 18:10:00+00:00,24358.45,24413.15,24353.15,24410.65,1368,120,0
2025-09-25 18:15:00+00:00,24410.45,24415.55,24394.35,24400.95,1351,120,0
2025-09-25 18:20:00+00:00,24401.45,24405.65,24372.35,24372.85,1367,120,0
2025-09-25 18:25:00+00:00,24373.55,24373.65,24348.65,24359.15,1352,120,0
2025-09-25 18:30:00+00:00,24358.65,24411.05,24358.65,24409.95,1416,120,0
2025-09-25 18:35:00+00:00,24409.85,24434.95,24398.65,24433.65,1343,120,0
2025-09-25 18:40:00+00:00,24433.95,24454.95,24428.15,24447.95,1300,110,0
2025-09-25 18:45:00+00:00,24447.65,24457.25,24444.95,24455.05,1253,80,0
2025-09-25 18:50:00+00:00,24454.55,24454.55,24429.65,24440.55,1303,80,0
2025-09-25 18:55:00+00:00,24440.65,24446.15,24429.55,24438.65,1245,80,0
2025-09-25 19:00:00+00:00,24438.35,24452.15,24430.65,24436.85,1305,80,0
2025-09-25 19:05:00+00:00,24437.05,24451.45,24430.65,24433.75,1236,80,0
2025-09-25 19:10:00+00:00,24433.05,24444.25,24426.75,24429.75,1266,80,0
2025-09-25 19:15:00+00:00,24429.85,24447.05,24427.25,24428.35,1301,80,0
2025-09-25 19:20:00+00:00,24428.25,24438.55,24402.65,24414.55,1216,80,0
2025-09-25 19:25:00+00:00,24415.75,24424.15,24397.75,24399.25,1237,80,0
2025-09-25 19:30:00+00:00,24398.75,24438.25,24398.75,24435.25,1225,80,0
2025-09-25 19:35:00+00:00,24435.45,24435.65,24409.55,24410.05,1213,80,0
2025-09-25 19:40:00+00:00,24409.75,24410.05,24379.35,24392.85,1269,80,0
2025-09-25 19:45:00+00:00,24393.55,24409.05,24388.35,24392.55,1229,80,0
2025-09-25 19:50:00+00:00,24392.25,24400.55,24379.25,24388.05,1204,80,0
2025-09-25 19:55:00+00:00,24388.25,24399.25,24386.75,24390.95,1239,80,0
2025-09-25 20:00:00+00:00,24389.75,24398.55,24380.25,24382.45,1295,80,0
2025-09-25 20:05:00+00:00,24383.15,24407.45,24380.05,24399.05,1186,80,0
2025-09-25 20:10:00+00:00,24398.75,24409.55,24387.75,24393.35,1235,80,0
2025-09-25 20:15:00+00:00,24392.75,24401.05,24372.45,24376.55,1353,120,0
2025-09-25 20:20:00+00:00,24376.35,24377.75,24330.85,24334.55,1389,100,0
2025-09-25 20:25:00+00:00,24334.75,24370.05,24333.05,24361.05,1348,120,0
2025-09-25 20:30:00+00:00,24359.85,24371.35,24338.05,24343.35,1342,120,0
2025-09-25 20:35:00+00:00,24342.75,24346.05,24323.85,24333.75,1282,120,0
2025-09-25 20:40:00+00:00,24334.05,24336.05,24307.85,24327.85,1306,120,0
2025-09-25 20:45:00+00:00,24327.95,24330.35,24300.65,24301.75,1274,80,0
2025-09-25 20:50:00+00:00,24302.05,24320.05,24302.05,24317.05,1272,80,0
2025-09-25 20:55:00+00:00,24316.55,24321.65,24277.55,24282.85,1292,80,0
2025-09-25 21:00:00+00:00,24283.85,24285.05,24220.75,24222.85,1427,120,0
2025-09-25 21:05:00+00:00,24220.55,24265.55,24219.85,24259.85,1470,120,0
2025-09-25 21:10:00+00:00,24260.35,24298.05,24259.75,24297.85,1365,120,0
2025-09-25 21:15:00+00:00,24297.05,24337.35,24296.35,24335.55,1312,120,0
2025-09-25 21:20:00+00:00,24336.05,24342.05,24320.35,24339.05,1279,120,0
2025-09-25 21:25:00+00:00,24339.55,24353.05,24336.75,24347.75,1246,80,0
2025-09-25 21:30:00+00:00,24347.55,24361.25,24333.85,24348.05,1287,80,0
2025-09-25 21:35:00+00:00,24348.55,24371.25,24341.75,24369.55,1213,80,0
2025-09-25 21:40:00+00:00,24369.25,24406.05,24369.05,24389.85,1314,80,0
2025-09-25 21:45:00+00:00,24389.55,24392.55,24360.85,24382.05,1329,120,0
2025-09-25 21:50:00+00:00,24381.85,24395.55,24374.55,24394.35,1255,120,0
2025-09-25 21:55:00+00:00,24394.85,24404.05,24379.35,24393.05,1184,90,0
2025-09-25 22:00:00+00:00,24393.55,24399.95,24380.55,24393.55,1250,120,0
2025-09-25 22:05:00+00:00,24393.75,24403.25,24379.75,24388.75,1229,80,0
2025-09-25 22:10:00+00:00,24388.65,24400.05,24378.25,24382.05,1181,80,0
2025-09-25 22:15:00+00:00,24381.95,24387.55,24371.55,24373.55,1118,80,0
2025-09-25 22:20:00+00:00,24374.05,24387.55,24359.25,24362.55,1196,80,0
2025-09-25 22:25:00+00:00,24362.45,24379.05,24362.45,24373.75,1132,80,0
2025-09-25 22:30:00+00:00,24374.25,24390.25,24371.55,24375.55,1112,80,0
2025-09-25 22:35:00+00:00,24375.05,24379.25,24362.15,24364.15,1133,80,0
2025-09-25 22:40:00+00:00,24364.25,24376.55,24358.55,24375.55,1097,80,0
2025-09-25 22:45:00+00:00,24375.25,24378.75,24359.65,24365.05,1149,80,0
2025-09-25 22:50:00+00:00,24364.75,24402.35,24364.75,24391.55,1303,80,0
2025-09-25 22:55:00+00:00,24392.05,24411.55,24379.75,24394.95,1322,120,0
2025-09-25 23:00:00+00:00,24395.05,24409.26,24391.96,24401.06,946,120,0
2025-09-25 23:05:00+00:00,24400.76,24401.06,24384.96,24386.26,557,188,0
2025-09-25 23:10:00+00:00,24386.76,24391.26,24385.96,24389.66,444,188,0
2025-09-25 23:15:00+00:00,24389.76,24393.66,24376.36,24387.86,526,188,0
2025-09-25 23:20:00+00:00,24387.56,24392.26,24386.66,24387.26,244,168,0
2025-09-25 23:25:00+00:00,24387.36,24391.26,24384.16,24390.16,255,168,0
2025-09-25 23:30:00+00:00,24390.46,24400.16,24386.26,24399.66,451,168,0
2025-09-25 23:35:00+00:00,24399.46,24412.46,24398.96,24403.36,566,198,0
2025-09-25 23:40:00+00:00,24403.66,24413.26,24403.66,24411.76,386,178,0
2025-09-25 23:45:00+00:00,24411.56,24411.56,24404.06,24406.86,297,168,0
2025-09-26 01:05:00+00:00,24412.26,24431.56,24411.36,24430.76,300,198,0
2025-09-26 01:10:00+00:00,24431.26,24431.66,24420.96,24421.46,228,188,0
2025-09-26 01:15:00+00:00,24421.56,24424.06,24418.66,24419.66,123,168,0
2025-09-26 01:20:00+00:00,24419.36,24421.46,24414.06,24417.86,141,168,0
2025-09-26 01:25:00+00:00,24418.06,24424.36,24418.06,24418.76,181,178,0
2025-09-26 01:30:00+00:00,24418.96,24421.76,24410.86,24419.26,261,178,0
2025-09-26 01:35:00+00:00,24419.36,24429.46,24419.36,24428.96,349,188,0
2025-09-26 01:40:00+00:00,24428.66,24432.96,24425.96,24429.06,250,178,0
2025-09-26 01:45:00+00:00,24429.26,24429.76,24410.26,24410.36,288,178,0
2025-09-26 01:50:00+00:00,24410.46,24414.86,24397.16,24398.86,483,188,0
2025-09-26 01:55:00+00:00,24398.66,24409.36,24398.46,24404.56,356,178,0
2025-09-26 02:00:00+00:00,24404.36,24408.95,24399.65,24408.85,296,160,0
2025-09-26 02:05:00+00:00,24408.45,24409.35,24398.45,24399.25,246,160,0
2025-09-26 02:10:00+00:00,24399.35,24402.45,24393.35,24401.45,371,160,0
2025-09-26 02:15:00+00:00,24401.75,24405.75,24400.55,24404.15,257,160,0
2025-09-26 02:20:00+00:00,24404.35,24406.55,24398.85,24401.95,194,150,0
2025-09-26 02:25:00+00:00,24402.05,24402.05,24393.25,24400.45,363,170,0
2025-09-26 02:30:00+00:00,24400.55,24401.65,24393.35,24395.55,285,160,0
2025-09-26 02:35:00+00:00,24396.55,24398.85,24390.05,24392.25,319,170,0
2025-09-26 02:40:00+00:00,24392.15,24402.35,24391.25,24401.35,342,160,0
2025-09-26 02:45:00+00:00,24401.45,24401.55,24390.65,24390.65,301,160,0
2025-09-26 02:50:00+00:00,24390.85,24393.15,24386.35,24388.65,261,150,0
2025-09-26 02:55:00+00:00,24388.45,24392.45,24383.95,24384.15,227,150,0
2025-09-26 03:00:00+00:00,24383.65,24389.65,24378.65,24384.55,581,160,0
2025-09-26 03:05:00+00:00,24384.75,24386.85,24376.55,24383.05,545,170,0
2025-09-26 03:10:00+00:00,24382.85,24400.35,24381.35,24398.05,490,170,0
2025-09-26 03:15:00+00:00,24398.15,24400.35,24388.15,24389.55,555,170,0
2025-09-26 03:20:00+00:00,24389.05,24398.55,24387.85,24388.85,455,170,0
2025-09-26 03:25:00+00:00,24388.55,24390.55,24379.55,24381.85,450,170,0
2025-09-26 03:30:00+00:00,24382.15,24382.15,24374.15,24377.55,446,170,0
2025-09-26 03:35:00+00:00,24377.15,24381.15,24373.95,24376.45,403,160,0
2025-09-26 03:40:00+00:00,24376.65,24383.65,24375.35,24375.55,368,160,0
2025-09-26 03:45:00+00:00,24375.35,24384.85,24375.35,24378.55,427,170,0
2025-09-26 03:50:00+00:00,24377.65,24384.25,24376.85,24382.75,387,160,0
2025-09-26 03:55:00+00:00,24382.85,24396.95,24382.75,24393.85,481,160,0
2025-09-26 04:00:00+00:00,24393.95,24393.95,24376.55,24380.65,612,170,0
2025-09-26 04:05:00+00:00,24380.15,24383.15,24376.95,24380.45,467,160,0
2025-09-26 04:10:00+00:00,24380.65,24381.15,24369.35,24374.55,638,160,0
2025-09-26 04:15:00+00:00,24374.05,24375.65,24366.15,24369.65,603,170,0
2025-09-26 04:20:00+00:00,24369.55,24370.55,24366.25,24368.15,554,170,0
2025-09-26 04:25:00+00:00,24368.05,24369.65,24363.65,24366.55,531,160,0
2025-09-26 04:30:00+00:00,24366.65,24377.65,24363.65,24372.05,677,160,0
2025-09-26 04:35:00+00:00,24372.15,24386.15,24371.45,24384.25,620,170,0
2025-09-26 04:40:00+00:00,24384.35,24385.25,24377.25,24380.85,559,170,0
2025-09-26 04:45:00+00:00,24380.45,24384.45,24371.35,24372.05,487,160,0
2025-09-26 04:50:00+00:00,24372.15,24373.35,24361.15,24369.75,638,170,0
2025-09-26 04:55:00+00:00,24370.05,24372.95,24361.65,24365.65,524,160,0
2025-09-26 05:00:00+00:00,24365.05,24368.45,24362.65,24367.05,552,160,0
2025-09-26 05:05:00+00:00,24367.15,24369.25,24364.75,24368.15,377,160,0
2025-09-26 05:10:00+00:00,24367.85,24368.45,24363.95,24367.15,380,160,0
2025-09-26 05:15:00+00:00,24366.95,24375.65,24366.45,24368.15,440,160,0
2025-09-26 05:20:00+00:00,24368.35,24372.95,24364.15,24370.35,492,160,0
2025-09-26 05:25:00+00:00,24370.25,24379.25,24369.25,24378.95,403,160,0
2025-09-26 05:30:00+00:00,24379.15,24389.45,24378.05,24387.95,457,150,0
2025-09-26 05:35:00+00:00,24388.15,24390.45,24385.45,24386.15,471,150,0
2025-09-26 05:40:00+00:00,24386.85,24386.85,24380.45,24384.35,431,160,0
2025-09-26 05:45:00+00:00,24384.05,24385.95,24382.65,24384.15,354,150,0
2025-09-26 05:50:00+00:00,24383.95,24384.15,24375.05,24375.85,411,150,0
2025-09-26 05:55:00+00:00,24375.75,24376.25,24370.75,24372.25,400,150,0
2025-09-26 06:00:00+00:00,24372.45,24374.05,24367.55,24370.95,338,150,0
2025-09-26 06:05:00+00:00,24370.65,24371.05,24364.75,24365.45,364,150,0
2025-09-26 06:10:00+00:00,24365.25,24367.75,24354.25,24357.75,438,150,0
2025-09-26 06:15:00+00:00,24357.85,24359.45,24350.35,24351.95,464,170,0
2025-09-26 06:20:00+00:00,24352.05,24356.95,24350.15,24352.35,431,160,0
2025-09-26 06:25:00+00:00,24352.25,24357.65,24351.15,24357.65,349,160,0
2025-09-26 06:30:00+00:00,24357.85,24357.85,24353.75,24355.15,342,150,0
2025-09-26 06:35:00+00:00,24354.95,24356.45,24350.45,24353.75,365,160,0
2025-09-26 06:40:00+00:00,24354.25,24355.95,24351.45,24353.45,291,150,0
2025-09-26 06:45:00+00:00,24353.05,24354.45,24349.55,24353.85,371,150,0
2025-09-26 06:50:00+00:00,24354.25,24364.15,24354.25,24360.35,379,150,0
2025-09-26 06:55:00+00:00,24360.55,24365.65,24357.15,24364.35,329,160,0
2025-09-26 07:00:00+00:00,24364.25,24364.85,24347.35,24356.55,674,160,0
2025-09-26 07:05:00+00:00,24356.75,24370.35,24354.25,24368.85,457,170,0
2025-09-26 07:10:00+00:00,24368.35,24374.35,24367.35,24370.05,431,170,0
2025-09-26 07:15:00+00:00,24369.75,24376.75,24367.75,24374.55,435,160,0
2025-09-26 07:20:00+00:00,24374.25,24384.35,24374.25,24378.85,410,160,0
2025-09-26 07:25:00+00:00,24378.95,24380.05,24369.65,24370.95,482,160,0
2025-09-26 07:30:00+00:00,24370.85,24371.15,24362.95,24366.75,406,160,0
2025-09-26 07:35:00+00:00,24366.85,24374.15,24366.45,24373.65,355,160,0
2025-09-26 07:40:00+00:00,24374.05,24374.45,24369.15,24370.85,300,150,0
2025-09-26 07:45:00+00:00,24371.05,24372.65,24364.65,24366.25,353,150,0
2025-09-26 07:50:00+00:00,24366.55,24367.75,24358.25,24358.75,322,150,0
2025-09-26 07:55:00+00:00,24358.15,24358.75,24349.05,24350.75,437,160,0
2025-09-26 08:00:00+00:00,24350.85,24358.05,24348.05,24358.05,522,170,0
2025-09-26 08:05:00+00:00,24357.95,24361.45,24353.35,24356.25,437,160,0
2025-09-26 08:10:00+00:00,24356.55,24367.85,24356.25,24361.25,477,160,0
2025-09-26 08:15:00+00:00,24361.45,24366.45,24361.25,24363.75,321,160,0
2025-09-26 08:20:00+00:00,24363.85,24375.85,24363.05,24375.55,398,150,0
2025-09-26 08:25:00+00:00,24375.65,24376.85,24372.25,24374.25,399,160,0
2025-09-26 08:30:00+00:00,24374.65,24376.15,24368.75,24371.45,405,160,0
2025-09-26 08:35:00+00:00,24370.45,24378.55,24364.35,24378.25,481,170,0
2025-09-26 08:40:00+00:00,24378.05,24383.25,24376.35,24379.85,419,160,0
2025-09-26 08:45:00+00:00,24379.05,24383.95,24379.05,24380.55,384,150,0
2025-09-26 08:50:00+00:00,24380.65,24385.25,24371.55,24384.65,526,160,0
2025-09-26 08:55:00+00:00,24384.75,24387.85,24383.55,24385.85,495,150,0
2025-09-26 09:00:00+00:00,24386.35,24397.05,24381.35,24394.35,619,150,0
2025-09-26 09:05:00+00:00,24394.25,24412.15,24394.25,24411.65,723,170,0
2025-09-26 09:10:00+00:00,24412.05,24428.25,24408.75,24428.25,699,180,0
2025-09-26 09:15:00+00:00,24428.75,24434.35,24425.35,24432.75,791,190,0
2025-09-26 09:20:00+00:00,24432.85,24441.25,24430.65,24434.15,735,180,0
2025-09-26 09:25:00+00:00,24433.65,24440.05,24431.25,24434.75,665,180,0
2025-09-26 09:30:00+00:00,24433.45,24434.95,24423.15,24426.15,748,180,0
2025-09-26 09:35:00+00:00,24425.95,24426.15,24414.75,24419.95,518,170,0
2025-09-26 09:40:00+00:00,24420.05,24425.25,24417.15,24421.25,441,170,0
2025-09-26 09:45:00+00:00,24421.45,24423.15,24417.95,24423.05,374,160,0
2025-09-26 09:50:00+00:00,24422.75,24427.25,24411.75,24416.25,436,160,0
2025-09-26 09:55:00+00:00,24416.45,24424.15,24410.55,24419.45,436,180,0
2025-09-26 10:00:00+00:00,24419.15,24423.65,24408.15,24417.85,963,180,0
2025-09-26 10:05:00+00:00,24417.95,24432.15,24413.85,24426.75,865,190,0
2025-09-26 10:10:00+00:00,24426.45,24429.35,24418.05,24427.35,725,180,0
2025-09-26 10:15:00+00:00,24427.15,24427.15,24404.15,24404.85,787,190,0
2025-09-26 10:20:00+00:00,24404.75,24416.55,24399.55,24416.55,642,180,0
2025-09-26 10:25:00+00:00,24416.65,24440.55,24416.55,24439.65,759,180,0
2025-09-26 10:30:00+00:00,24439.85,24441.15,24426.85,24433.75,703,180,0
2025-09-26 10:35:00+00:00,24433.85,24433.85,24420.75,24425.45,582,180,0
2025-09-26 10:40:00+00:00,24425.25,24432.05,24418.45,24427.85,591,170,0
2025-09-26 10:45:00+00:00,24427.75,24434.55,24426.95,24428.45,557,170,0
2025-09-26 10:50:00+00:00,24428.75,24430.05,24418.15,24418.95,512,170,0
2025-09-26 10:55:00+00:00,24418.65,24418.65,24404.25,24416.45,574,170,0
2025-09-26 11:00:00+00:00,24416.55,24421.85,24408.85,24419.65,777,180,0
2025-09-26 11:05:00+00:00,24419.55,24423.95,24413.25,24422.15,633,180,0
2025-09-26 11:10:00+00:00,24421.95,24425.95,24416.75,24422.55,554,170,0
2025-09-26 11:15:00+00:00,24423.05,24429.45,24419.05,24422.15,566,170,0
2025-09-26 11:20:00+00:00,24422.05,24424.25,24413.55,24414.65,554,170,0
2025-09-26 11:25:00+00:00,24414.25,24416.65,24400.15,24407.25,621,170,0
2025-09-26 11:30:00+00:00,24407.75,24411.15,24403.75,24407.45,512,180,0
2025-09-26 11:35:00+00:00,24407.55,24408.15,24398.05,24401.45,586,170,0
2025-09-26 11:40:00+00:00,24401.65,24406.75,24389.45,24391.15,621,180,0
2025-09-26 11:45:00+00:00,24391.45,24393.25,24362.35,24362.35,865,180,0
2025-09-26 11:50:00+00:00,24362.05,24370.25,24358.55,24368.75,686,190,0
2025-09-26 11:55:00+00:00,24368.65,24371.75,24354.95,24355.35,678,190,0
2025-09-26 12:00:00+00:00,24355.75,24356.85,24340.05,24341.85,852,190,0
2025-09-26 12:05:00+00:00,24342.05,24367.05,24341.35,24362.85,851,200,0
2025-09-26 12:10:00+00:00,24362.55,24383.85,24358.95,24383.25,760,190,0
2025-09-26 12:15:00+00:00,24383.35,24385.25,24371.25,24376.65,711,190,0
2025-09-26 12:20:00+00:00,24374.85,24381.45,24361.45,24364.65,603,180,0
2025-09-26 12:25:00+00:00,24364.45,24366.25,24359.15,24361.45,601,180,0
2025-09-26 12:30:00+00:00,24360.95,24374.75,24360.95,24372.35,585,180,0
2025-09-26 12:35:00+00:00,24372.45,24375.25,24368.15,24372.55,426,170,0
2025-09-26 12:40:00+00:00,24369.45,24373.95,24364.15,24373.95,439,180,0
2025-09-26 12:45:00+00:00,24374.15,24382.25,24371.65,24381.35,540,170,0
2025-09-26 12:50:00+00:00,24381.55,24389.75,24381.45,24386.75,586,170,0
2025-09-26 12:55:00+00:00,24386.45,24389.65,24383.85,24386.25,491,160,0
2025-09-26 13:00:00+00:00,24387.05,24397.55,24376.85,24377.35,653,160,0
2025-09-26 13:05:00+00:00,24377.45,24381.85,24361.15,24362.65,627,180,0
2025-09-26 13:10:00+00:00,24362.75,24375.95,24359.95,24372.65,537,180,0
2025-09-26 13:15:00+00:00,24372.45,24376.55,24369.35,24372.45,438,170,0
2025-09-26 13:20:00+00:00,24373.25,24375.25,24365.95,24366.65,478,170,0
2025-09-26 13:25:00+00:00,24366.55,24375.75,24361.75,24363.65,509,170,0
2025-09-26 13:30:00+00:00,24363.55,24367.75,24357.35,24362.65,535,170,0
2025-09-26 13:35:00+00:00,24362.55,24365.75,24357.05,24359.75,441,170,0
2025-09-26 13:40:00+00:00,24359.25,24361.25,24354.25,24358.35,442,160,0
2025-09-26 13:45:00+00:00,24358.25,24365.55,24355.95,24359.35,439,170,0
2025-09-26 13:50:00+00:00,24359.45,24365.75,24355.85,24364.25,460,170,0
2025-09-26 13:55:00+00:00,24364.35,24370.25,24363.55,24369.05,429,160,0
2025-09-26 14:00:00+00:00,24369.15,24380.05,24368.25,24373.15,692,160,0
2025-09-26 14:05:00+00:00,24373.45,24383.75,24369.15,24382.35,584,170,0
2025-09-26 14:10:00+00:00,24382.45,24398.05,24382.35,24391.05,605,170,0
2025-09-26 14:15:00+00:00,24391.25,24391.95,24369.25,24374.65,738,170,0
2025-09-26 14:20:00+00:00,24374.55,24379.15,24364.95,24365.45,693,180,0
2025-09-26 14:25:00+00:00,24365.65,24377.95,24360.55,24376.45,669,170,0
2025-09-26 14:30:00+00:00,24376.35,24389.25,24370.65,24388.45,676,170,0
2025-09-26 14:35:00+00:00,24388.95,24397.05,24385.35,24395.25,609,170,0
2025-09-26 14:40:00+00:00,24395.45,24406.05,24393.65,24399.05,660,180,0
2025-09-26 14:45:00+00:00,24398.95,24409.05,24396.05,24409.05,607,180,0
2025-09-26 14:50:00+00:00,24408.75,24423.85,24407.15,24423.75,715,170,0
2025-09-26 14:55:00+00:00,24423.45,24423.75,24409.05,24409.35,641,170,0
2025-09-26 15:00:00+00:00,24407.55,24408.75,24398.25,24402.15,691,170,0
2025-09-26 15:05:00+00:00,24402.05,24415.75,24401.55,24413.95,782,180,0
2025-09-26 15:10:00+00:00,24414.05,24414.65,24405.05,24407.45,615,180,0
2025-09-26 15:15:00+00:00,24407.15,24416.85,24407.05,24415.95,634,170,0
2025-09-26 15:20:00+00:00,24415.55,24416.75,24406.45,24415.75,673,180,0
2025-09-26 15:25:00+00:00,24415.95,24422.03,24407.55,24415.72,768,170,0
2025-09-26 15:30:00+00:00,24415.57,24476.35,24411.62,24475.25,1388,210,0
2025-09-26 15:35:00+00:00,24475.05,24516.85,24473.25,24505.75,1366,210,0
2025-09-26 15:40:00+00:00,24506.25,24510.65,24489.55,24497.15,1270,210,0
2025-09-26 15:45:00+00:00,24495.25,24496.25,24470.65,24479.35,1258,210,0
2025-09-26 15:50:00+00:00,24479.75,24484.55,24451.25,24454.55,1147,210,0
2025-09-26 15:55:00+00:00,24453.65,24475.05,24452.25,24464.45,1085,200,0
2025-09-26 16:00:00+00:00,24464.35,24466.95,24439.35,24440.05,1231,200,0
2025-09-26 16:05:00+00:00,24440.65,24447.95,24437.45,24438.15,1075,200,0
2025-09-26 16:10:00+00:00,24438.85,24455.15,24431.65,24453.95,955,190,0
2025-09-26 16:15:00+00:00,24452.75,24456.85,24443.75,24448.05,970,190,0
2025-09-26 16:20:00+00:00,24447.95,24455.95,24438.95,24442.95,998,200,0
2025-09-26 16:25:00+00:00,24441.15,24446.15,24422.15,24423.85,1192,200,0
2025-09-26 16:30:00+00:00,24423.65,24470.45,24367.55,24463.75,1638,80,0
2025-09-26 16:35:00+00:00,24463.55,24475.55,24444.25,24464.05,1598,120,0
2025-09-26 16:40:00+00:00,24463.85,24482.35,24432.05,24441.55,1612,120,0
2025-09-26 16:45:00+00:00,24441.85,24481.35,24414.95,24468.95,1564,120,0
2025-09-26 16:50:00+00:00,24469.45,24485.05,24446.35,24460.25,1524,120,0
2025-09-26 16:55:00+00:00,24460.55,24479.35,24445.85,24475.55,1454,120,0
2025-09-26 17:00:00+00:00,24472.35,24503.55,24443.05,24445.05,1546,120,0
2025-09-26 17:05:00+00:00,24446.75,24449.35,24377.45,24390.95,1562,120,0
2025-09-26 17:10:00+00:00,24393.55,24406.35,24359.85,24375.75,1600,120,0
2025-09-26 17:15:00+00:00,24375.85,24383.95,24353.55,24378.05,1557,120,0
2025-09-26 17:20:00+00:00,24377.85,24380.95,24336.25,24340.85,1532,120,0
2025-09-26 17:25:00+00:00,24341.35,24343.75,24290.95,24338.85,1570,120,0
2025-09-26 17:30:00+00:00,24337.45,24339.85,24309.85,24317.35,1473,120,0
2025-09-26 17:35:00+00:00,24317.05,24382.35,24310.45,24380.25,1477,120,0
2025-09-26 17:40:00+00:00,24379.75,24412.35,24374.85,24397.45,1445,120,0
2025-09-26 17:45:00+00:00,24397.05,24406.55,24335.25,24335.25,1476,120,0
2025-09-26 17:50:00+00:00,24334.95,24364.75,24320.55,24355.85,1513,120,0
2025-09-26 17:55:00+00:00,24354.85,24374.45,24330.35,24337.25,1470,120,0
2025-09-26 18:00:00+00:00,24338.05,24369.85,24330.85,24352.45,1490,120,0
2025-09-26 18:05:00+00:00,24352.85,24365.45,24338.85,24350.05,1436,120,0
2025-09-26 18:10:00+00:00,24350.35,24357.85,24328.15,24328.65,1457,120,0
2025-09-26 18:15:00+00:00,24329.05,24381.15,24321.95,24378.65,1393,120,0
2025-09-26 18:20:00+00:00,24379.05,24383.15,24347.35,24360.95,1412,120,0
2025-09-26 18:25:00+00:00,24361.15,24408.75,24360.65,24407.55,1325,100,0
2025-09-26 18:30:00+00:00,24407.25,24411.75,24382.45,24395.95,1280,80,0
2025-09-26 18:35:00+00:00,24396.35,24401.45,24362.85,24370.65,1384,120,0
2025-09-26 18:40:00+00:00,24371.05,24394.65,24364.35,24382.15,1470,120,0
2025-09-26 18:45:00+00:00,24382.45,24391.45,24368.15,24390.45,1445,120,0
2025-09-26 18:50:00+00:00,24390.05,24390.65,24363.55,24374.85,1422,120,0
2025-09-26 18:55:00+00:00,24376.05,24381.65,24350.95,24355.95,1404,120,0
2025-09-26 19:00:00+00:00,24356.15,24366.15,24343.95,24360.85,1479,120,0
2025-09-26 19:05:00+00:00,24361.15,24375.85,24354.55,24361.35,1456,120,0
2025-09-26 19:10:00+00:00,24360.95,24378.65,24353.95,24374.95,1392,120,0
2025-09-26 19:15:00+00:00,24374.65,24398.45,24371.15,24397.65,1303,80,0
2025-09-26 19:20:00+00:00,24397.85,24446.95,24396.95,24444.95,1329,80,0
2025-09-26 19:25:00+00:00,24445.05,24455.95,24421.45,24437.05,1389,120,0
2025-09-26 19:30:00+00:00,24436.65,24444.95,24417.85,24429.85,1370,120,0
2025-09-26 19:35:00+00:00,24430.95,24445.65,24420.65,24433.85,1256,80,0
2025-09-26 19:40:00+00:00,24433.65,24455.35,24429.85,24449.65,1250,80,0
2025-09-26 19:45:00+00:00,24448.55,24453.65,24435.15,24446.65,1263,80,0
2025-09-26 19:50:00+00:00,24446.85,24463.55,24443.35,24456.15,1212,80,0
2025-09-26 19:55:00+00:00,24455.85,24475.05,24447.65,24466.65,1202,80,0
2025-09-26 20:00:00+00:00,24466.35,24471.75,24459.65,24463.05,1273,80,0
2025-09-26 20:05:00+00:00,24462.85,24474.35,24459.75,24473.85,1126,80,0
2025-09-26 20:10:00+00:00,24473.75,24487.85,24473.65,24482.85,1010,80,0
2025-09-26 20:15:00+00:00,24482.75,24484.65,24472.25,24474.35,1004,80,0
2025-09-26 20:20:00+00:00,24474.15,24479.15,24466.25,24479.15,1044,80,0
2025-09-26 20:25:00+00:00,24479.35,24492.35,24475.15,24484.65,1020,80,0
2025-09-26 20:30:00+00:00,24484.75,24485.65,24472.85,24481.85,1048,80,0
2025-09-26 20:35:00+00:00,24481.65,24488.75,24474.15,24476.55,1014,80,0
2025-09-26 20:40:00+00:00,24476.35,24482.85,24467.15,24474.35,1087,80,0
2025-09-26 20:45:00+00:00,24475.35,24475.35,24463.25,24466.25,1046,80,0
2025-09-26 20:50:00+00:00,24466.15,24467.05,24449.35,24451.85,965,80,0
2025-09-26 20:55:00+00:00,24451.65,24467.85,24440.85,24467.55,1140,80,0
2025-09-26 21:00:00+00:00,24467.35,24486.35,24464.65,24479.85,1037,80,0
2025-09-26 21:05:00+00:00,24479.35,24480.15,24453.25,24453.65,1159,80,0
2025-09-26 21:10:00+00:00,24453.35,24468.65,24447.65,24467.85,1029,80,0
2025-09-26 21:15:00+00:00,24467.65,24484.85,24466.85,24475.15,1058,80,0
2025-09-26 21:20:00+00:00,24474.85,24494.35,24469.85,24493.85,985,80,0
2025-09-26 21:25:00+00:00,24494.05,24505.05,24483.75,24491.15,1059,80,0
2025-09-26 21:30:00+00:00,24491.35,24496.35,24486.65,24492.55,989,80,0
2025-09-26 21:35:00+00:00,24492.15,24505.35,24491.15,24501.35,933,80,0
2025-09-26 21:40:00+00:00,24502.15,24512.65,24498.85,24500.15,1042,80,0
2025-09-26 21:45:00+00:00,24499.65,24502.65,24479.45,24494.35,1183,80,0
2025-09-26 21:50:00+00:00,24494.75,24494.75,24483.45,24486.35,1030,80,0
2025-09-26 21:55:00+00:00,24486.05,24502.25,24485.95,24499.05,912,80,0
2025-09-26 22:00:00+00:00,24498.05,24503.35,24490.95,24495.85,929,80,0
2025-09-26 22:05:00+00:00,24496.05,24502.25,24483.85,24486.85,993,80,0
2025-09-26 22:10:00+00:00,24487.85,24494.85,24483.55,24487.35,1006,80,0
2025-09-26 22:15:00+00:00,24487.25,24498.55,24480.85,24496.05,1025,80,0
2025-09-26 22:20:00+00:00,24495.35,24504.35,24489.65,24499.45,873,80,0
2025-09-26 22:25:00+00:00,24499.95,24507.95,24497.15,24498.05,881,80,0
2025-09-26 22:30:00+00:00,24498.45,24498.45,24489.05,24489.95,923,80,0
2025-09-26 22:35:00+00:00,24489.55,24498.95,24485.45,24493.85,911,80,0
2025-09-26 22:40:00+00:00,24493.65,24498.35,24487.95,24488.95,906,80,0
2025-09-26 22:45:00+00:00,24489.15,24499.95,24482.95,24499.15,958,80,0
2025-09-26 22:50:00+00:00,24496.35,24503.35,24473.45,24500.35,1260,80,0
2025-09-26 22:55:00+00:00,24500.65,24508.15,24486.15,24497.95,1351,80,0
2025-09-26 23:00:00+00:00,24497.16,24505.76,24493.66,24505.26,892,138,0
2025-09-26 23:05:00+00:00,24504.96,24511.26,24502.56,24509.16,618,178,0
2025-09-26 23:10:00+00:00,24508.96,24517.66,24505.66,24516.86,594,178,0
2025-09-26 23:15:00+00:00,24516.36,24518.86,24512.66,24513.46,371,178,0
2025-09-26 23:20:00+00:00,24513.36,24515.96,24512.46,24512.96,211,168,0
2025-09-26 23:25:00+00:00,24512.76,24513.26,24509.46,24512.46,232,168,0
2025-09-26 23:30:00+00:00,24512.76,24515.46,24511.76,24512.46,297,168,0
2025-09-26 23:35:00+00:00,24511.96,24513.46,24510.16,24511.76,217,168,0
2025-09-26 23:40:00+00:00,24512.16,24512.76,24507.46,24509.26,276,168,0
2025-09-26 23:45:00+00:00,24508.96,24510.26,24503.96,24503.96,304,168,0
2025-09-29 01:05:00+00:00,24501.76,24523.46,24499.86,24518.36,645,198,0
2025-09-29 01:10:00+00:00,24518.86,24522.06,24516.16,24517.26,366,168,0
2025-09-29 01:15:00+00:00,24517.16,24526.56,24515.86,24524.56,292,158,0
2025-09-29 01:20:00+00:00,24524.66,24531.66,24524.66,24524.96,290,158,0
2025-09-29 01:25:00+00:00,24525.06,24525.06,24516.96,24521.76,311,158,0
2025-09-29 01:30:00+00:00,24521.96,24526.26,24515.56,24525.16,285,148,0
2025-09-29 01:35:00+00:00,24524.96,24538.56,24521.76,24532.76,308,168,0
2025-09-29 01:40:00+00:00,24532.96,24539.66,24532.26,24534.06,289,168,0
2025-09-29 01:45:00+00:00,24533.96,24542.76,24531.06,24541.06,256,158,0
2025-09-29 01:50:00+00:00,24542.36,24544.96,24531.06,24533.16,293,158,0
2025-09-29 01:55:00+00:00,24532.26,24533.66,24530.36,24531.36,157,148,0
2025-09-29 02:00:00+00:00,24530.76,24540.35,24530.76,24538.35,293,130,0
2025-09-29 02:05:00+00:00,24537.35,24538.95,24531.95,24533.15,201,140,0
2025-09-29 02:10:00+00:00,24532.85,24536.95,24531.45,24532.95,156,130,0
2025-09-29 02:15:00+00:00,24532.75,24536.35,24530.45,24536.15,173,130,0
2025-09-29 02:20:00+00:00,24536.05,24537.95,24532.25,24536.35,200,140,0
2025-09-29 02:25:00+00:00,24536.15,24548.95,24535.35,24539.85,342,130,0
2025-09-29 02:30:00+00:00,24539.65,24545.55,24536.55,24540.05,338,150,0
2025-09-29 02:35:00+00:00,24539.95,24542.05,24533.55,24535.15,286,140,0
2025-09-29 02:40:00+00:00,24535.65,24548.35,24535.15,24543.55,343,150,0
2025-09-29 02:45:00+00:00,24543.75,24547.05,24539.75,24547.05,317,140,0
2025-09-29 02:50:00+00:00,24546.95,24552.95,24546.95,24550.95,347,140,0
2025-09-29 02:55:00+00:00,24551.15,24552.55,24545.55,24547.15,256,140,0
2025-09-29 03:00:00+00:00,24547.45,24560.55,24540.05,24559.25,727,140,0
2025-09-29 03:05:00+00:00,24559.45,24562.95,24556.25,24558.85,605,160,0
2025-09-29 03:10:00+00:00,24558.95,24559.75,24555.55,24559.65,502,150,0
2025-09-29 03:15:00+00:00,24559.35,24562.05,24555.55,24561.15,511,140,0
2025-09-29 03:20:00+00:00,24561.25,24572.55,24559.85,24569.25,523,140,0
2025-09-29 03:25:00+00:00,24569.35,24569.95,24564.95,24567.35,425,140,0
2025-09-29 03:30:00+00:00,24566.95,24568.55,24562.95,24567.35,359,140,0
2025-09-29 03:35:00+00:00,24567.45,24569.95,24565.95,24569.15,376,130,0
2025-09-29 03:40:00+00:00,24569.35,24578.55,24567.75,24577.65,436,130,0
2025-09-29 03:45:00+00:00,24577.95,24582.05,24577.05,24579.85,437,130,0
2025-09-29 03:50:00+00:00,24579.85,24580.85,24574.15,24575.65,328,130,0
2025-09-29 03:55:00+00:00,24574.75,24575.65,24567.65,24568.35,405,130,0
2025-09-29 04:00:00+00:00,24568.45,24569.95,24551.05,24557.35,556,140,0
2025-09-29 04:05:00+00:00,24556.95,24558.75,24550.45,24556.55,472,150,0
2025-09-29 04:10:00+00:00,24556.25,24563.25,24554.35,24561.15,425,150,0
2025-09-29 04:15:00+00:00,24560.65,24567.05,24560.65,24565.35,410,140,0
2025-09-29 04:20:00+00:00,24565.05,24566.55,24562.55,24564.05,367,140,0
2025-09-29 04:25:00+00:00,24564.45,24566.55,24558.85,24559.15,365,140,0
2025-09-29 04:30:00+00:00,24559.65,24563.15,24557.55,24561.65,442,140,0
2025-09-29 04:35:00+00:00,24561.85,24571.55,24560.65,24564.35,409,140,0
2025-09-29 04:40:00+00:00,24564.15,24573.05,24563.35,24570.95,384,130,0
2025-09-29 04:45:00+00:00,24570.75,24578.75,24568.75,24578.05,428,130,0
2025-09-29 04:50:00+00:00,24577.95,24580.15,24569.35,24569.35,412,130,0
2025-09-29 04:55:00+00:00,24569.05,24574.55,24565.15,24568.35,450,140,0
2025-09-29 05:00:00+00:00,24568.05,24568.35,24561.55,24565.05,417,140,0
2025-09-29 05:05:00+00:00,24565.45,24574.95,24565.15,24574.55,379,130,0
2025-09-29 05:10:00+00:00,24574.45,24575.95,24572.45,24572.75,400,130,0
2025-09-29 05:15:00+00:00,24572.65,24577.35,24571.95,24576.75,299,130,0
2025-09-29 05:20:00+00:00,24576.35,24579.95,24575.45,24578.95,282,130,0
2025-09-29 05:25:00+00:00,24579.25,24581.45,24577.25,24578.65,282,130,0
2025-09-29 05:30:00+00:00,24578.85,24583.65,24578.65,24579.45,304,130,0
2025-09-29 05:35:00+00:00,24579.35,24581.35,24576.35,24579.65,255,130,0
2025-09-29 05:40:00+00:00,24580.25,24582.35,24578.15,24578.95,227,130,0
2025-09-29 05:45:00+00:00,24579.15,24584.45,24579.15,24583.65,259,130,0
2025-09-29 05:50:00+00:00,24583.55,24587.95,24582.75,24587.35,304,130,0
2025-09-29 05:55:00+00:00,24587.75,24589.15,24584.95,24588.35,248,130,0
2025-09-29 06:00:00+00:00,24588.25,24588.45,24583.65,24583.85,227,130,0
2025-09-29 06:05:00+00:00,24583.45,24584.75,24581.65,24584.65,229,130,0
2025-09-29 06:10:00+00:00,24584.85,24588.75,24582.65,24582.65,280,130,0
2025-09-29 06:15:00+00:00,24582.75,24586.65,24582.35,24585.65,214,130,0
2025-09-29 06:20:00+00:00,24585.45,24587.55,24580.45,24586.95,255,130,0
2025-09-29 06:25:00+00:00,24587.05,24590.75,24586.25,24588.85,173,130,0
2025-09-29 06:30:00+00:00,24589.15,24591.75,24588.15,24588.75,270,130,0
2025-09-29 06:35:00+00:00,24588.65,24592.95,24587.85,24591.75,245,130,0
2025-09-29 06:40:00+00:00,24591.45,24591.65,24587.15,24588.75,218,130,0
2025-09-29 06:45:00+00:00,24588.65,24588.65,24586.25,24587.35,210,130,0
2025-09-29 06:50:00+00:00,24587.45,24591.35,24586.45,24590.45,208,130,0
2025-09-29 06:55:00+00:00,24590.25,24591.35,24588.65,24589.95,203,130,0
2025-09-29 07:00:00+00:00,24590.35,24594.25,24588.45,24593.85,170,130,0
2025-09-29 07:05:00+00:00,24594.15,24599.95,24594.15,24597.25,323,130,0
2025-09-29 07:10:00+00:00,24597.35,24599.25,24594.45,24598.65,205,130,0
2025-09-29 07:15:00+00:00,24598.45,24600.85,24598.35,24600.25,210,130,0
2025-09-29 07:20:00+00:00,24600.35,24605.25,24599.35,24605.15,262,130,0
2025-09-29 07:25:00+00:00,24606.15,24609.15,24605.15,24608.85,151,130,0
2025-09-29 07:30:00+00:00,24608.75,24609.25,24606.15,24608.15,141,130,0
2025-09-29 07:35:00+00:00,24607.85,24609.65,24605.95,24607.85,99,130,0
2025-09-29 07:40:00+00:00,24608.15,24608.95,24606.35,24608.35,180,130,0
2025-09-29 07:45:00+00:00,24608.45,24609.15,24606.45,24607.15,124,130,0
2025-09-29 07:50:00+00:00,24606.85,24607.75,24604.65,24606.85,212,130,0
2025-09-29 07:55:00+00:00,24606.75,24607.25,24603.45,24603.65,184,130,0
2025-09-29 08:00:00+00:00,24604.35,24608.15,24603.15,24607.95,242,130,0
2025-09-29 08:05:00+00:00,24607.85,24608.15,24598.65,24601.95,282,130,0
2025-09-29 08:10:00+00:00,24601.55,24604.05,24600.05,24603.75,224,130,0
2025-09-29 08:15:00+00:00,24603.15,24605.35,24601.35,24604.25,316,130,0
2025-09-29 08:20:00+00:00,24604.35,24610.25,24604.35,24609.45,272,130,0
2025-09-29 08:25:00+00:00,24609.65,24610.95,24608.35,24609.75,231,130,0
2025-09-29 08:30:00+00:00,24609.85,24610.95,24607.95,24608.95,319,130,0
2025-09-29 08:35:00+00:00,24609.15,24612.85,24607.65,24610.45,316,130,0
2025-09-29 08:40:00+00:00,24610.25,24610.85,24603.05,24603.85,330,130,0
2025-09-29 08:45:00+00:00,24603.95,24605.05,24596.85,24601.35,334,130,0
2025-09-29 08:50:00+00:00,24601.65,24605.65,24601.55,24603.15,340,130,0
2025-09-29 08:55:00+00:00,24603.65,24607.15,24600.65,24601.45,362,130,0
2025-09-29 09:00:00+00:00,24601.75,24601.75,24590.55,24590.55,543,130,0
2025-09-29 09:05:00+00:00,24589.55,24596.55,24589.05,24593.25,525,140,0
2025-09-29 09:10:00+00:00,24593.15,24604.05,24590.15,24602.35,480,140,0
2025-09-29 09:15:00+00:00,24602.45,24608.85,24601.05,24608.65,361,140,0
2025-09-29 09:20:00+00:00,24608.55,24615.35,24608.05,24609.85,422,130,0
2025-09-29 09:25:00+00:00,24609.95,24613.55,24605.55,24609.45,433,140,0
2025-09-29 09:30:00+00:00,24609.15,24620.05,24609.05,24619.65,530,140,0
2025-09-29 09:35:00+00:00,24619.35,24623.35,24615.05,24620.05,435,140,0
2025-09-29 09:40:00+00:00,24619.95,24626.85,24618.85,24626.45,423,140,0
2025-09-29 09:45:00+00:00,24626.85,24629.55,24624.55,24627.65,473,140,0
2025-09-29 09:50:00+00:00,24627.55,24630.35,24625.55,24627.15,367,140,0
2025-09-29 09:55:00+00:00,24627.05,24627.55,24618.05,24619.85,456,130,0
2025-09-29 10:00:00+00:00,24619.75,24621.65,24606.55,24609.95,828,150,0
2025-09-29 10:05:00+00:00,24609.85,24612.55,24601.25,24601.45,724,160,0
2025-09-29 10:10:00+00:00,24600.05,24616.75,24598.85,24613.55,737,160,0
2025-09-29 10:15:00+00:00,24613.75,24617.85,24608.95,24614.55,641,160,0
2025-09-29 10:20:00+00:00,24614.85,24625.25,24614.35,24624.35,572,150,0
2025-09-29 10:25:00+00:00,24624.65,24630.55,24623.15,24628.85,525,140,0
2025-09-29 10:30:00+00:00,24629.05,24632.15,24625.15,24629.25,588,140,0
2025-09-29 10:35:00+00:00,24629.05,24639.35,24629.05,24635.25,589,150,0
2025-09-29 10:40:00+00:00,24635.35,24639.05,24630.05,24630.05,509,140,0
2025-09-29 10:45:00+00:00,24629.65,24631.85,24621.75,24629.95,615,140,0
2025-09-29 10:50:00+00:00,24630.05,24636.75,24630.05,24634.65,443,150,0
2025-09-29 10:55:00+00:00,24634.75,24634.75,24624.35,24628.35,517,150,0
2025-09-29 11:00:00+00:00,24628.65,24646.95,24627.55,24643.15,862,150,0
2025-09-29 11:05:00+00:00,24642.65,24650.05,24640.05,24648.55,652,160,0
2025-09-29 11:10:00+00:00,24648.45,24651.45,24645.85,24648.55,600,160,0
2025-09-29 11:15:00+00:00,24648.85,24651.25,24642.75,24643.35,536,160,0
2025-09-29 11:20:00+00:00,24644.05,24649.25,24640.75,24648.85,499,150,0
2025-09-29 11:25:00+00:00,24648.75,24651.75,24645.25,24650.65,485,140,0
2025-09-29 11:30:00+00:00,24650.55,24654.35,24647.15,24649.55,488,150,0
2025-09-29 11:35:00+00:00,24650.25,24658.25,24650.05,24657.95,411,140,0
2025-09-29 11:40:00+00:00,24658.05,24659.55,24654.15,24657.95,373,140,0
2025-09-29 11:45:00+00:00,24658.15,24666.85,24656.55,24665.15,492,130,0
2025-09-29 11:50:00+00:00,24665.65,24669.85,24664.05,24664.85,414,140,0
2025-09-29 11:55:00+00:00,24664.55,24670.15,24663.85,24669.15,380,130,0
2025-09-29 12:00:00+00:00,24670.05,24670.15,24662.35,24663.15,458,140,0
2025-09-29 12:05:00+00:00,24662.55,24669.65,24662.15,24663.95,409,130,0
2025-09-29 12:10:00+00:00,24664.45,24665.85,24662.15,24662.65,311,130,0
2025-09-29 12:15:00+00:00,24662.75,24665.95,24661.25,24661.25,312,130,0
2025-09-29 12:20:00+00:00,24660.85,24662.85,24659.25,24661.25,305,130,0
2025-09-29 12:25:00+00:00,24661.35,24670.95,24660.85,24665.45,382,130,0
2025-09-29 12:30:00+00:00,24665.55,24665.95,24658.45,24661.35,347,130,0
2025-09-29 12:35:00+00:00,24661.25,24670.25,24660.45,24669.25,328,130,0
2025-09-29 12:40:00+00:00,24669.65,24672.15,24665.65,24670.65,396,130,0
2025-09-29 12:45:00+00:00,24670.85,24671.65,24657.75,24661.85,557,130,0
2025-09-29 12:50:00+00:00,24661.65,24663.35,24657.35,24657.85,405,140,0
2025-09-29 12:55:00+00:00,24657.95,24658.05,24647.05,24647.05,516,140,0
2025-09-29 13:00:00+00:00,24647.65,24654.15,24641.05,24646.95,490,140,0
2025-09-29 13:05:00+00:00,24647.35,24654.55,24647.25,24649.85,422,150,0
2025-09-29 13:10:00+00:00,24650.75,24659.85,24650.35,24659.15,368,140,0
2025-09-29 13:15:00+00:00,24659.45,24665.05,24659.35,24663.85,390,140,0
2025-09-29 13:20:00+00:00,24664.15,24677.05,24663.95,24674.35,437,140,0
2025-09-29 13:25:00+00:00,24674.55,24675.15,24671.55,24673.95,330,130,0
2025-09-29 13:30:00+00:00,24673.85,24674.85,24663.45,24663.85,432,130,0
2025-09-29 13:35:00+00:00,24664.05,24666.95,24660.85,24662.65,362,130,0
2025-09-29 13:40:00+00:00,24662.85,24665.95,24659.35,24663.15,363,130,0
2025-09-29 13:45:00+00:00,24663.25,24668.35,24660.65,24667.95,295,130,0
2025-09-29 13:50:00+00:00,24668.25,24669.15,24661.05,24665.35,366,130,0
2025-09-29 13:55:00+00:00,24665.15,24666.25,24661.95,24664.55,303,130,0
2025-09-29 14:00:00+00:00,24662.85,24668.85,24654.35,24654.55,589,140,0
2025-09-29 14:05:00+00:00,24654.15,24656.85,24648.55,24649.15,537,140,0
2025-09-29 14:10:00+00:00,24649.35,24649.85,24636.35,24636.55,645,150,0
2025-09-29 14:15:00+00:00,24636.65,24652.35,24633.75,24652.25,629,150,0
2025-09-29 14:20:00+00:00,24652.35,24654.85,24643.75,24646.05,560,150,0
2025-09-29 14:25:00+00:00,24645.35,24645.35,24634.65,24634.85,487,150,0
2025-09-29 14:30:00+00:00,24633.85,24642.15,24632.35,24635.85,529,150,0
2025-09-29 14:35:00+00:00,24636.05,24643.25,24632.15,24632.55,472,150,0
2025-09-29 14:40:00+00:00,24632.05,24638.55,24630.35,24634.45,574,140,0
2025-09-29 14:45:00+00:00,24634.55,24641.85,24631.05,24640.85,548,150,0
2025-09-29 14:50:00+00:00,24640.75,24652.65,24640.75,24651.55,733,150,0
2025-09-29 14:55:00+00:00,24651.45,24653.25,24647.45,24652.05,516,150,0
2025-09-29 15:00:00+00:00,24652.15,24654.55,24644.25,24645.05,532,140,0
2025-09-29 15:05:00+00:00,24644.65,24652.75,24639.75,24652.35,491,150,0
2025-09-29 15:10:00+00:00,24652.65,24661.55,24652.35,24659.35,554,150,0
2025-09-29 15:15:00+00:00,24659.15,24662.25,24654.75,24661.75,534,150,0
2025-09-29 15:20:00+00:00,24662.05,24666.05,24659.65,24664.55,558,140,0
2025-09-29 15:25:00+00:00,24664.75,24665.05,24658.55,24661.55,547,140,0
2025-09-29 15:30:00+00:00,24662.35,24667.85,24658.25,24667.05,627,150,0
2025-09-29 15:35:00+00:00,24667.35,24669.05,24661.05,24668.75,453,150,0
2025-09-29 15:40:00+00:00,24669.05,24671.55,24661.85,24670.05,475,150,0
2025-09-29 15:45:00+00:00,24669.75,24680.65,24669.35,24677.15,576,150,0
2025-09-29 15:50:00+00:00,24677.05,24682.55,24675.65,24681.55,452,140,0
2025-09-29 15:55:00+00:00,24681.85,24684.55,24670.65,24674.85,745,140,0
2025-09-29 16:00:00+00:00,24673.85,24683.85,24661.65,24663.15,843,160,0
2025-09-29 16:05:00+00:00,24663.65,24666.95,24659.05,24663.05,752,160,0
2025-09-29 16:10:00+00:00,24663.25,24667.75,24659.25,24662.55,621,150,0
2025-09-29 16:15:00+00:00,24663.25,24668.05,24659.05,24667.85,549,150,0
2025-09-29 16:20:00+00:00,24668.05,24668.05,24658.35,24661.55,590,150,0
2025-09-29 16:25:00+00:00,24659.15,24664.35,24622.15,24626.35,1087,150,0
2025-09-29 16:30:00+00:00,24627.45,24662.25,24624.35,24647.55,1563,60,0
2025-09-29 16:35:00+00:00,24646.65,24667.65,24641.25,24648.25,1564,100,0
2025-09-29 16:40:00+00:00,24649.05,24690.75,24642.75,24690.25,1470,100,0
2025-09-29 16:45:00+00:00,24690.55,24723.25,24690.55,24722.55,1413,100,0
2025-09-29 16:50:00+00:00,24724.15,24730.15,24697.55,24726.25,1398,100,0
2025-09-29 16:55:00+00:00,24727.25,24730.05,24705.65,24716.75,1425,100,0
2025-09-29 17:00:00+00:00,24717.15,24733.35,24695.65,24702.75,1481,100,0
2025-09-29 17:05:00+00:00,24703.35,24745.75,24697.55,24744.75,1373,100,0
2025-09-29 17:10:00+00:00,24744.65,24746.25,24721.35,24731.85,1348,100,0
2025-09-29 17:15:00+00:00,24732.05,24736.75,24703.35,24703.55,1345,70,0
2025-09-29 17:20:00+00:00,24703.35,24742.65,24693.75,24740.85,1330,70,0
2025-09-29 17:25:00+00:00,24741.35,24744.75,24729.75,24732.95,1273,60,0
2025-09-29 17:30:00+00:00,24732.85,24733.75,24718.45,24729.25,1258,60,0
2025-09-29 17:35:00+00:00,24729.45,24736.35,24711.35,24719.45,1247,60,0
2025-09-29 17:40:00+00:00,24718.75,24732.25,24717.25,24726.75,1197,60,0
2025-09-29 17:45:00+00:00,24726.95,24733.75,24721.75,24727.55,1133,60,0
2025-09-29 17:50:00+00:00,24727.95,24733.15,24712.95,24715.95,1187,60,0
2025-09-29 17:55:00+00:00,24715.75,24718.95,24696.65,24703.25,1225,60,0
2025-09-29 18:00:00+00:00,24702.95,24716.65,24700.55,24708.95,1168,60,0
2025-09-29 18:05:00+00:00,24708.65,24712.45,24691.95,24693.95,1149,60,0
2025-09-29 18:10:00+00:00,24693.65,24694.65,24665.15,24668.15,1243,60,0
2025-09-29 18:15:00+00:00,24667.25,24667.25,24637.45,24655.35,1372,60,0
2025-09-29 18:20:00+00:00,24655.25,24668.35,24643.85,24647.95,1288,70,0
2025-09-29 18:25:00+00:00,24648.05,24658.05,24636.55,24640.75,1249,70,0
2025-09-29 18:30:00+00:00,24639.25,24647.45,24626.95,24634.75,1290,100,0
2025-09-29 18:35:00+00:00,24634.45,24638.55,24613.95,24633.75,1308,60,0
2025-09-29 18:40:00+00:00,24633.85,24641.55,24624.25,24640.95,1200,60,0
2025-09-29 18:45:00+00:00,24640.65,24642.15,24621.15,24623.95,1193,60,0
2025-09-29 18:50:00+00:00,24623.65,24627.65,24604.95,24619.35,1240,60,0
2025-09-29 18:55:00+00:00,24619.75,24627.75,24604.75,24623.15,1224,60,0
2025-09-29 19:00:00+00:00,24624.45,24630.65,24600.15,24603.95,1207,60,0
2025-09-29 19:05:00+00:00,24604.05,24619.95,24600.15,24619.95,1158,60,0
2025-09-29 19:10:00+00:00,24619.65,24639.15,24619.65,24636.95,1139,60,0
2025-09-29 19:15:00+00:00,24636.75,24641.15,24599.55,24624.95,1199,60,0
2025-09-29 19:20:00+00:00,24625.15,24632.15,24614.15,24629.45,1151,60,0
2025-09-29 19:25:00+00:00,24629.15,24630.65,24619.65,24622.05,1035,60,0
2025-09-29 19:30:00+00:00,24622.45,24635.15,24621.75,24632.15,1023,60,0
2025-09-29 19:35:00+00:00,24632.45,24632.45,24620.45,24626.15,980,60,0
2025-09-29 19:40:00+00:00,24625.95,24639.45,24613.65,24614.65,1038,60,0
2025-09-29 19:45:00+00:00,24614.45,24621.45,24607.65,24616.65,1061,60,0
2025-09-29 19:50:00+00:00,24616.15,24620.05,24599.15,24600.95,1083,60,0
2025-09-29 19:55:00+00:00,24600.75,24612.15,24597.45,24608.65,1082,60,0
2025-09-29 20:00:00+00:00,24609.15,24610.75,24574.65,24586.85,1236,60,0
2025-09-29 20:05:00+00:00,24586.75,24608.35,24586.75,24599.95,1165,60,0
2025-09-29 20:10:00+00:00,24599.65,24608.05,24590.65,24594.65,1121,60,0
2025-09-29 20:15:00+00:00,24594.45,24612.15,24589.75,24607.45,1090,60,0
2025-09-29 20:20:00+00:00,24607.15,24607.65,24596.65,24605.65,1070,60,0
2025-09-29 20:25:00+00:00,24605.95,24614.95,24599.65,24606.45,1067,60,0
2025-09-29 20:30:00+00:00,24606.15,24610.55,24589.45,24599.15,1120,60,0
2025-09-29 20:35:00+00:00,24599.25,24604.15,24593.65,24604.15,1014,60,0
2025-09-29 20:40:00+00:00,24604.65,24613.45,24598.95,24600.45,939,60,0
2025-09-29 20:45:00+00:00,24600.15,24608.05,24598.05,24600.15,913,60,0
2025-09-29 20:50:00+00:00,24600.45,24623.05,24598.05,24620.65,1011,60,0
2025-09-29 20:55:00+00:00,24620.75,24621.45,24612.95,24618.65,901,60,0
2025-09-29 21:00:00+00:00,24619.15,24627.65,24616.45,24624.45,847,60,0
2025-09-29 21:05:00+00:00,24624.65,24629.15,24614.45,24616.15,924,60,0
2025-09-29 21:10:00+00:00,24616.45,24635.05,24614.25,24634.55,966,60,0
2025-09-29 21:15:00+00:00,24634.45,24638.45,24627.95,24633.45,905,60,0
2025-09-29 21:20:00+00:00,24633.55,24640.55,24632.45,24639.45,800,60,0
2025-09-29 21:25:00+00:00,24639.55,24642.95,24632.25,24633.95,811,60,0
2025-09-29 21:30:00+00:00,24633.75,24637.05,24628.65,24628.95,842,60,0
2025-09-29 21:35:00+00:00,24629.75,24630.05,24617.65,24617.65,937,60,0
2025-09-29 21:40:00+00:00,24618.15,24620.45,24608.65,24618.65,994,60,0
2025-09-29 21:45:00+00:00,24618.95,24626.15,24618.45,24625.15,813,60,0
2025-09-29 21:50:00+00:00,24624.95,24625.15,24616.15,24616.95,778,60,0
2025-09-29 21:55:00+00:00,24617.15,24619.95,24611.55,24616.65,857,60,0
2025-09-29 22:00:00+00:00,24615.65,24616.65,24596.95,24607.05,1062,60,0
2025-09-29 22:05:00+00:00,24607.15,24608.25,24581.45,24588.65,1095,60,0
2025-09-29 22:10:00+00:00,24589.15,24599.65,24579.45,24583.75,1056,60,0
2025-09-29 22:15:00+00:00,24583.65,24583.75,24555.45,24574.75,1245,60,0
2025-09-29 22:20:00+00:00,24574.95,24589.65,24574.95,24587.45,1059,60,0
2025-09-29 22:25:00+00:00,24587.25,24595.65,24580.95,24581.95,1020,60,0
2025-09-29 22:30:00+00:00,24582.55,24587.95,24574.45,24584.45,1102,60,0
2025-09-29 22:35:00+00:00,24585.05,24593.55,24582.15,24592.15,954,60,0
2025-09-29 22:40:00+00:00,24592.05,24604.25,24590.75,24596.65,992,60,0
2025-09-29 22:45:00+00:00,24596.45,24615.65,24596.45,24610.65,1053,60,0
2025-09-29 22:50:00+00:00,24610.95,24621.95,24599.45,24601.05,1186,60,0
2025-09-29 22:55:00+00:00,24600.85,24615.75,24597.45,24611.95,1213,60,0
2025-09-29 23:00:00+00:00,24610.85,24618.66,24606.56,24609.26,948,100,0
2025-09-29 23:05:00+00:00,24609.06,24610.46,24601.56,24606.16,663,168,0
2025-09-29 23:10:00+00:00,24606.36,24606.66,24599.86,24602.96,432,158,0
2025-09-29 23:15:00+00:00,24603.26,24604.46,24598.16,24598.46,315,148,0
2025-09-29 23:20:00+00:00,24598.26,24603.36,24597.46,24603.06,183,148,0
2025-09-29 23:25:00+00:00,24602.96,24605.56,24601.46,24603.26,240,148,0
2025-09-29 23:30:00+00:00,24602.96,24603.26,24597.76,24599.26,209,148,0
2025-09-29 23:35:00+00:00,24599.36,24599.56,24595.96,24598.56,204,148,0
2025-09-29 23:40:00+00:00,24598.76,24599.86,24593.96,24594.76,233,148,0
2025-09-29 23:45:00+00:00,24593.96,24594.26,24581.66,24584.96,319,148,0
2025-09-30 01:05:00+00:00,24594.86,24599.86,24592.66,24593.16,172,168,0
2025-09-30 01:10:00+00:00,24593.36,24593.36,24587.96,24591.26,255,158,0
2025-09-30 01:15:00+00:00,24591.36,24591.66,24585.36,24588.26,217,148,0
2025-09-30 01:20:00+00:00,24588.56,24592.26,24587.06,24587.06,160,148,0
2025-09-30 01:25:00+00:00,24586.76,24588.16,24583.46,24586.26,220,148,0
2025-09-30 01:30:00+00:00,24586.46,24592.96,24585.66,24591.86,270,148,0
2025-09-30 01:35:00+00:00,24591.76,24592.96,24590.76,24592.16,124,148,0
2025-09-30 01:40:00+00:00,24592.06,24595.56,24592.06,24594.96,117,148,0
2025-09-30 01:45:00+00:00,24594.76,24602.16,24594.76,24601.26,227,148,0
2025-09-30 01:50:00+00:00,24601.46,24612.16,24601.46,24611.06,263,148,0
2025-09-30 01:55:00+00:00,24611.46,24612.76,24609.06,24609.76,201,148,0
2025-09-30 02:00:00+00:00,24609.56,24611.65,24605.85,24605.85,177,130,0
2025-09-30 02:05:00+00:00,24605.65,24607.35,24601.35,24606.15,201,130,0
2025-09-30 02:10:00+00:00,24606.25,24606.25,24604.15,24605.25,120,130,0
2025-09-30 02:15:00+00:00,24605.05,24608.65,24604.85,24604.85,160,130,0
2025-09-30 02:20:00+00:00,24605.05,24607.85,24604.05,24607.65,104,130,0
2025-09-30 02:25:00+00:00,24607.75,24610.15,24606.35,24607.15,170,130,0
2025-09-30 02:30:00+00:00,24607.05,24612.65,24606.85,24612.65,141,130,0
2025-09-30 02:35:00+00:00,24612.55,24615.55,24612.35,24612.85,155,130,0
2025-09-30 02:40:00+00:00,24612.75,24616.35,24612.15,24615.55,125,130,0
2025-09-30 02:45:00+00:00,24615.25,24617.25,24613.85,24615.15,198,130,0
2025-09-30 02:50:00+00:00,24615.25,24615.25,24602.85,24603.45,260,130,0
2025-09-30 02:55:00+00:00,24603.05,24603.45,24598.25,24599.35,303,140,0
2025-09-30 03:00:00+00:00,24599.05,24603.35,24581.45,24592.45,844,140,0
2025-09-30 03:05:00+00:00,24592.55,24593.95,24585.15,24585.25,708,160,0
2025-09-30 03:10:00+00:00,24584.75,24597.45,24584.25,24592.75,554,150,0
2025-09-30 03:15:00+00:00,24592.65,24602.65,24591.55,24600.75,509,150,0
2025-09-30 03:20:00+00:00,24600.25,24602.65,24591.05,24591.35,381,140,0
2025-09-30 03:25:00+00:00,24591.55,24599.55,24591.55,24594.55,384,140,0
2025-09-30 03:30:00+00:00,24594.85,24602.35,24592.75,24602.05,406,140,0
2025-09-30 03:35:00+00:00,24601.55,24606.05,24598.05,24604.35,357,140,0
2025-09-30 03:40:00+00:00,24604.05,24607.55,24600.85,24604.95,326,140,0
2025-09-30 03:45:00+00:00,24604.55,24612.65,24601.45,24611.05,410,130,0
2025-09-30 03:50:00+00:00,24611.55,24615.15,24610.25,24613.45,362,140,0
2025-09-30 03:55:00+00:00,24613.25,24615.85,24610.05,24612.45,343,130,0
2025-09-30 04:00:00+00:00,24611.85,24612.85,24599.25,24603.65,476,140,0
2025-09-30 04:05:00+00:00,24603.15,24604.65,24593.95,24597.95,635,150,0
2025-09-30 04:10:00+00:00,24597.45,24601.15,24595.55,24597.25,535,140,0
2025-09-30 04:15:00+00:00,24597.35,24601.95,24595.05,24598.75,491,140,0
2025-09-30 04:20:00+00:00,24599.05,24603.75,24597.35,24602.95,354,140,0
2025-09-30 04:25:00+00:00,24603.05,24611.95,24600.85,24602.75,484,140,0
2025-09-30 04:30:00+00:00,24601.75,24603.35,24592.75,24600.45,600,140,0
2025-09-30 04:35:00+00:00,24600.25,24606.25,24596.45,24603.45,523,150,0
2025-09-30 04:40:00+00:00,24603.25,24603.75,24597.55,24600.95,488,140,0
2025-09-30 04:45:00+00:00,24600.85,24601.15,24590.85,24595.55,451,130,0
2025-09-30 04:50:00+00:00,24595.75,24599.05,24594.75,24595.55,362,130,0
2025-09-30 04:55:00+00:00,24595.35,24595.95,24585.95,24595.05,456,130,0
2025-09-30 05:00:00+00:00,24595.25,24598.85,24593.05,24597.05,406,130,0
2025-09-30 05:05:00+00:00,24596.95,24600.35,24596.15,24598.65,351,130,0
2025-09-30 05:10:00+00:00,24598.55,24601.05,24595.65,24598.25,350,130,0
2025-09-30 05:15:00+00:00,24598.15,24602.55,24598.05,24600.25,282,130,0
2025-09-30 05:20:00+00:00,24600.35,24605.35,24598.55,24602.65,305,130,0
2025-09-30 05:25:00+00:00,24602.35,24605.15,24600.65,24601.85,304,130,0
2025-09-30 05:30:00+00:00,24601.55,24601.85,24595.35,24600.15,314,130,0
2025-09-30 05:35:00+00:00,24600.25,24610.25,24600.05,24609.55,362,130,0
2025-09-30 05:40:00+00:00,24609.75,24615.25,24608.05,24613.85,338,130,0
2025-09-30 05:45:00+00:00,24614.05,24614.85,24609.85,24612.35,254,130,0
2025-09-30 05:50:00+00:00,24612.25,24622.65,24610.05,24621.65,351,130,0
2025-09-30 05:55:00+00:00,24621.35,24628.25,24620.15,24624.35,387,130,0
2025-09-30 06:00:00+00:00,24624.25,24626.75,24622.25,24624.05,335,130,0
2025-09-30 06:05:00+00:00,24623.65,24624.75,24619.55,24620.85,270,130,0
2025-09-30 06:10:00+00:00,24620.35,24621.35,24616.15,24616.85,283,130,0
2025-09-30 06:15:00+00:00,24617.05,24619.15,24614.75,24618.65,292,130,0
2025-09-30 06:20:00+00:00,24618.75,24619.85,24617.25,24618.05,232,130,0
2025-09-30 06:25:00+00:00,24618.25,24624.25,24617.25,24623.85,222,130,0
2025-09-30 06:30:00+00:00,24624.15,24625.25,24621.25,24623.65,263,130,0
2025-09-30 06:35:00+00:00,24623.75,24627.75,24622.05,24625.85,238,130,0
2025-09-30 06:40:00+00:00,24626.15,24632.05,24625.65,24628.45,341,130,0
2025-09-30 06:45:00+00:00,24628.55,24628.55,24620.95,24622.15,261,130,0
2025-09-30 06:50:00+00:00,24622.35,24623.05,24617.25,24618.05,298,130,0
2025-09-30 06:55:00+00:00,24618.25,24620.85,24617.25,24618.05,284,130,0
2025-09-30 07:00:00+00:00,24618.35,24619.85,24613.55,24617.15,329,130,0
2025-09-30 07:05:00+00:00,24617.25,24620.35,24615.05,24617.35,235,130,0
2025-09-30 07:10:00+00:00,24617.25,24619.35,24615.55,24617.15,156,130,0
2025-09-30 07:15:00+00:00,24617.05,24618.35,24615.15,24615.75,169,130,0
2025-09-30 07:20:00+00:00,24615.65,24617.25,24614.55,24616.75,173,130,0
2025-09-30 07:25:00+00:00,24616.85,24617.65,24601.25,24605.25,366,130,0
2025-09-30 07:30:00+00:00,24605.05,24609.35,24599.95,24602.05,375,140,0
2025-09-30 07:35:00+00:00,24602.35,24604.15,24599.85,24601.15,282,130,0
2025-09-30 07:40:00+00:00,24601.35,24606.05,24599.15,24605.15,264,130,0
2025-09-30 07:45:00+00:00,24605.35,24606.75,24603.75,24604.15,249,130,0
2025-09-30 07:50:00+00:00,24604.35,24605.85,24600.85,24602.55,247,130,0
2025-09-30 07:55:00+00:00,24602.85,24603.85,24598.35,24598.85,239,130,0
2025-09-30 08:00:00+00:00,24598.65,24604.05,24592.25,24599.25,443,130,0
2025-09-30 08:05:00+00:00,24599.45,24600.85,24592.55,24600.55,347,130,0
2025-09-30 08:10:00+00:00,24600.85,24602.05,24595.35,24599.85,235,130,0
2025-09-30 08:15:00+00:00,24600.15,24604.75,24599.95,24602.95,288,130,0
2025-09-30 08:20:00+00:00,24603.05,24612.75,24603.05,24612.75,367,130,0
2025-09-30 08:25:00+00:00,24612.85,24614.25,24609.85,24610.65,360,130,0
2025-09-30 08:30:00+00:00,24610.85,24615.25,24606.85,24609.85,353,130,0
2025-09-30 08:35:00+00:00,24609.55,24612.85,24608.35,24610.15,286,130,0
2025-09-30 08:40:00+00:00,24610.35,24612.25,24600.55,24602.55,293,130,0
2025-09-30 08:45:00+00:00,24602.85,24614.85,24602.85,24613.25,310,140,0
2025-09-30 08:50:00+00:00,24613.35,24615.75,24610.15,24612.55,282,130,0
2025-09-30 08:55:00+00:00,24612.35,24615.75,24611.15,24611.75,311,130,0
2025-09-30 09:00:00+00:00,24612.25,24615.75,24605.35,24608.75,485,130,0
2025-09-30 09:05:00+00:00,24608.45,24617.65,24605.15,24614.95,548,150,0
2025-09-30 09:10:00+00:00,24615.65,24622.45,24615.25,24622.45,375,140,0
2025-09-30 09:15:00+00:00,24622.35,24625.75,24621.85,24622.05,334,130,0
2025-09-30 09:20:00+00:00,24621.85,24626.85,24618.35,24623.85,338,130,0
2025-09-30 09:25:00+00:00,24623.95,24627.25,24620.95,24622.85,341,130,0
2025-09-30 09:30:00+00:00,24622.95,24631.15,24620.65,24622.55,396,140,0
2025-09-30 09:35:00+00:00,24622.65,24627.25,24616.15,24617.75,333,140,0
2025-09-30 09:40:00+00:00,24618.25,24619.05,24609.75,24614.65,391,150,0
2025-09-30 09:45:00+00:00,24614.75,24614.95,24604.65,24606.55,401,140,0
2025-09-30 09:50:00+00:00,24606.95,24607.05,24595.95,24597.55,395,140,0
2025-09-30 09:55:00+00:00,24597.75,24599.75,24585.15,24587.35,589,150,0
2025-09-30 10:00:00+00:00,24587.85,24593.35,24578.55,24582.65,859,170,0
2025-09-30 10:05:00+00:00,24582.95,24582.95,24567.45,24576.45,759,160,0
2025-09-30 10:10:00+00:00,24576.15,24579.15,24566.45,24569.45,727,160,0
2025-09-30 10:15:00+00:00,24569.15,24577.85,24560.55,24569.65,727,170,0
2025-09-30 10:20:00+00:00,24569.15,24578.95,24566.95,24577.25,598,150,0
2025-09-30 10:25:00+00:00,24576.95,24585.15,24575.75,24579.75,568,160,0
2025-09-30 10:30:00+00:00,24579.45,24582.95,24551.35,24556.35,721,160,0
2025-09-30 10:35:00+00:00,24556.85,24567.55,24551.35,24564.35,835,180,0
2025-09-30 10:40:00+00:00,24563.35,24565.35,24530.35,24541.25,1105,180,0
2025-09-30 10:45:00+00:00,24541.35,24550.05,24536.65,24537.85,904,170,0
2025-09-30 10:50:00+00:00,24538.25,24562.25,24538.15,24558.45,771,170,0
2025-09-30 10:55:00+00:00,24558.35,24567.35,24555.35,24565.85,675,170,0
2025-09-30 11:00:00+00:00,24560.05,24566.05,24542.35,24548.25,1080,170,0
2025-09-30 11:05:00+00:00,24548.45,24557.25,24538.05,24553.85,1045,190,0
2025-09-30 11:10:00+00:00,24553.05,24565.35,24550.55,24555.15,927,180,0
2025-09-30 11:15:00+00:00,24554.85,24569.35,24554.85,24561.65,788,170,0
2025-09-30 11:20:00+00:00,24561.95,24570.15,24558.25,24559.75,662,160,0
2025-09-30 11:25:00+00:00,24560.25,24572.85,24560.25,24563.75,602,160,0
2025-09-30 11:30:00+00:00,24563.65,24577.15,24560.95,24576.25,588,160,0
2025-09-30 11:35:00+00:00,24576.45,24576.75,24569.25,24572.45,533,150,0
2025-09-30 11:40:00+00:00,24572.75,24576.65,24568.95,24571.25,551,160,0
2025-09-30 11:45:00+00:00,24571.35,24586.75,24568.95,24584.05,552,150,0
2025-09-30 11:50:00+00:00,24583.75,24587.15,24576.45,24580.95,519,150,0
2025-09-30 11:55:00+00:00,24581.25,24581.25,24573.75,24576.55,527,150,0
2025-09-30 12:00:00+00:00,24575.75,24579.65,24564.55,24569.15,638,150,0
2025-09-30 12:05:00+00:00,24569.45,24581.55,24568.85,24571.15,574,160,0
2025-09-30 12:10:00+00:00,24571.35,24575.25,24565.65,24566.05,519,150,0
2025-09-30 12:15:00+00:00,24566.15,24572.65,24562.55,24572.45,543,150,0
2025-09-30 12:20:00+00:00,24572.35,24576.75,24567.15,24572.95,449,160,0
2025-09-30 12:25:00+00:00,24573.15,24581.25,24571.95,24579.75,435,150,0
2025-09-30 12:30:00+00:00,24580.05,24595.35,24580.05,24592.65,555,150,0
2025-09-30 12:35:00+00:00,24592.45,24593.15,24575.45,24578.25,454,150,0
2025-09-30 12:40:00+00:00,24578.75,24582.05,24570.15,24575.85,525,150,0
2025-09-30 12:45:00+00:00,24575.95,24576.05,24565.45,24566.55,464,140,0
2025-09-30 12:50:00+00:00,24566.05,24572.75,24562.15,24568.55,541,140,0
2025-09-30 12:55:00+00:00,24568.75,24574.25,24568.45,24570.25,385,140,0
2025-09-30 13:00:00+00:00,24569.85,24580.65,24568.85,24579.95,417,140,0
2025-09-30 13:05:00+00:00,24580.25,24587.25,24578.75,24584.05,343,150,0
2025-09-30 13:10:00+00:00,24584.25,24584.75,24565.05,24567.25,417,150,0
2025-09-30 13:15:00+00:00,24567.45,24571.45,24555.35,24570.25,552,150,0
2025-09-30 13:20:00+00:00,24569.95,24572.45,24559.75,24566.95,543,160,0
2025-09-30 13:25:00+00:00,24566.75,24569.15,24563.25,24565.05,404,140,0
2025-09-30 13:30:00+00:00,24565.35,24569.85,24563.85,24564.35,346,140,0
2025-09-30 13:35:00+00:00,24564.05,24564.35,24550.05,24559.95,440,140,0
2025-09-30 13:40:00+00:00,24560.15,24570.15,24554.45,24569.55,479,150,0
2025-09-30 13:45:00+00:00,24569.75,24579.75,24569.75,24577.25,532,150,0
2025-09-30 13:50:00+00:00,24577.35,24588.95,24575.05,24587.75,490,150,0
2025-09-30 13:55:00+00:00,24588.05,24589.25,24582.85,24583.25,412,140,0
2025-09-30 14:00:00+00:00,24583.55,24586.65,24575.75,24585.75,577,140,0
2025-09-30 14:05:00+00:00,24585.85,24592.45,24582.65,24583.95,496,150,0
2025-09-30 14:10:00+00:00,24584.25,24587.05,24573.15,24584.15,574,150,0
2025-09-30 14:15:00+00:00,24583.45,24583.45,24573.55,24576.45,431,150,0
2025-09-30 14:20:00+00:00,24576.45,24581.25,24569.25,24574.35,530,150,0
2025-09-30 14:25:00+00:00,24574.25,24580.95,24573.25,24580.25,328,150,0
2025-09-30 14:30:00+00:00,24579.65,24584.05,24577.55,24579.05,409,140,0
2025-09-30 14:35:00+00:00,24578.25,24586.75,24575.55,24583.25,380,150,0
2025-09-30 14:40:00+00:00,24583.55,24585.75,24581.55,24582.85,357,140,0
2025-09-30 14:45:00+00:00,24582.95,24589.75,24580.85,24588.55,374,140,0
2025-09-30 14:50:00+00:00,24587.45,24588.45,24564.95,24574.45,623,150,0
2025-09-30 14:55:00+00:00,24573.95,24582.75,24572.75,24578.45,466,150,0
2025-09-30 15:00:00+00:00,24578.95,24583.95,24565.95,24568.45,658,150,0
2025-09-30 15:05:00+00:00,24567.95,24571.25,24564.75,24566.35,477,150,0
2025-09-30 15:10:00+00:00,24566.45,24570.45,24564.25,24567.55,524,150,0
2025-09-30 15:15:00+00:00,24567.75,24576.55,24565.25,24575.75,504,150,0
2025-09-30 15:20:00+00:00,24577.45,24589.75,24576.05,24586.05,575,150,0
2025-09-30 15:25:00+00:00,24586.15,24592.75,24583.25,24590.95,543,140,0
2025-09-30 15:30:00+00:00,24591.25,24598.75,24587.15,24594.75,706,150,0
2025-09-30 15:35:00+00:00,24596.25,24610.65,24592.25,24610.45,665,160,0
2025-09-30 15:40:00+00:00,24610.35,24616.95,24607.35,24613.65,764,160,0
2025-09-30 15:45:00+00:00,24613.75,24617.15,24610.15,24615.75,610,150,0
2025-09-30 15:50:00+00:00,24615.85,24620.45,24613.65,24617.15,468,150,0
2025-09-30 15:55:00+00:00,24617.65,24618.15,24606.35,24608.75,563,150,0
2025-09-30 16:00:00+00:00,24608.65,24612.15,24597.45,24597.55,743,150,0
2025-09-30 16:05:00+00:00,24597.35,24602.55,24591.25,24599.85,804,160,0
2025-09-30 16:10:00+00:00,24599.55,24606.85,24596.45,24597.65,657,160,0
2025-09-30 16:15:00+00:00,24597.35,24599.85,24592.85,24598.95,746,160,0
2025-09-30 16:20:00+00:00,24598.85,24604.15,24597.45,24597.65,659,150,0
2025-09-30 16:25:00+00:00,24596.05,24597.55,24588.05,24595.75,1026,150,0
2025-09-30 16:30:00+00:00,24596.05,24606.65,24533.75,24538.05,1591,60,0
2025-09-30 16:35:00+00:00,24537.95,24560.15,24517.65,24527.75,1584,100,0
2025-09-30 16:40:00+00:00,24528.25,24573.95,24524.15,24573.95,1499,100,0
2025-09-30 16:45:00+00:00,24574.75,24580.95,24542.05,24556.65,1572,100,0
2025-09-30 16:50:00+00:00,24555.45,24559.75,24508.15,24509.95,1571,100,0
2025-09-30 16:55:00+00:00,24508.95,24562.84,24498.65,24561.74,1466,100,0
2025-09-30 17:00:00+00:00,24561.45,24587.45,24556.45,24575.05,1508,100,0
2025-09-30 17:05:00+00:00,24575.65,24576.95,24528.15,24533.65,1566,100,0
2025-09-30 17:10:00+00:00,24532.65,24549.65,24522.75,24543.95,1508,100,0
2025-09-30 17:15:00+00:00,24544.05,24573.45,24538.65,24548.15,1514,100,0
2025-09-30 17:20:00+00:00,24548.95,24573.65,24539.05,24545.75,1456,100,0
2025-09-30 17:25:00+00:00,24545.65,24563.45,24537.45,24559.15,1478,100,0
2025-09-30 17:30:00+00:00,24559.45,24584.65,24552.25,24567.95,1494,100,0
2025-09-30 17:35:00+00:00,24567.55,24574.95,24529.25,24533.95,1457,100,0
2025-09-30 17:40:00+00:00,24532.25,24570.65,24529.15,24566.65,1446,100,0
2025-09-30 17:45:00+00:00,24567.45,24613.65,24566.15,24604.65,1364,100,0
2025-09-30 17:50:00+00:00,24605.45,24610.45,24593.65,24603.15,1364,100,0
2025-09-30 17:55:00+00:00,24603.45,24630.05,24602.95,24617.95,1327,100,0
2025-09-30 18:00:00+00:00,24618.65,24637.15,24615.65,24632.25,1360,100,0
2025-09-30 18:05:00+00:00,24631.95,24637.25,24614.75,24630.55,1258,60,0
2025-09-30 18:10:00+00:00,24630.05,24632.55,24602.75,24603.15,1276,60,0
2025-09-30 18:15:00+00:00,24603.85,24609.35,24576.15,24580.95,1322,60,0
2025-09-30 18:20:00+00:00,24580.65,24588.45,24559.15,24571.65,1425,80,0
2025-09-30 18:25:00+00:00,24572.05,24574.25,24531.65,24555.45,1404,100,0
2025-09-30 18:30:00+00:00,24553.95,24581.45,24551.15,24574.25,1346,100,0
2025-09-30 18:35:00+00:00,24575.15,24575.15,24543.65,24545.05,1321,80,0
2025-09-30 18:40:00+00:00,24545.65,24555.25,24539.75,24547.25,1272,60,0
2025-09-30 18:45:00+00:00,24547.35,24573.65,24541.45,24573.15,1302,90,0
2025-09-30 18:50:00+00:00,24573.25,24584.95,24563.25,24579.25,1206,60,0
2025-09-30 18:55:00+00:00,24579.15,24596.15,24561.45,24586.65,1233,60,0
2025-09-30 19:00:00+00:00,24586.45,24594.55,24576.95,24578.35,1264,60,0
2025-09-30 19:05:00+00:00,24578.25,24591.95,24562.85,24572.75,1235,60,0
2025-09-30 19:10:00+00:00,24573.35,24573.85,24562.65,24570.65,1175,60,0
2025-09-30 19:15:00+00:00,24570.75,24583.45,24564.85,24583.15,1120,60,0
2025-09-30 19:20:00+00:00,24582.65,24619.25,24582.65,24591.45,1289,60,0
2025-09-30 19:25:00+00:00,24591.65,24595.25,24578.15,24586.65,1223,60,0
2025-09-30 19:30:00+00:00,24587.15,24599.95,24585.15,24585.65,1167,60,0
2025-09-30 19:35:00+00:00,24585.85,24593.85,24580.65,24583.85,1094,60,0
2025-09-30 19:40:00+00:00,24583.65,24591.25,24572.85,24590.85,1112,60,0
2025-09-30 19:45:00+00:00,24590.65,24592.45,24568.15,24571.35,1153,60,0
2025-09-30 19:50:00+00:00,24571.45,24580.35,24567.35,24571.15,1070,60,0
2025-09-30 19:55:00+00:00,24571.25,24575.35,24548.15,24559.75,1100,60,0
2025-09-30 20:00:00+00:00,24559.35,24562.35,24547.25,24551.85,1204,60,0
2025-09-30 20:05:00+00:00,24551.95,24559.15,24546.35,24555.65,1056,60,0
2025-09-30 20:10:00+00:00,24555.15,24556.65,24530.15,24543.85,1207,60,0
2025-09-30 20:15:00+00:00,24543.35,24547.95,24535.15,24539.65,1205,60,0
2025-09-30 20:20:00+00:00,24539.85,24541.15,24511.85,24516.35,1154,60,0
2025-09-30 20:25:00+00:00,24516.65,24526.85,24508.75,24524.35,1156,60,0
2025-09-30 20:30:00+00:00,24523.35,24525.35,24508.35,24523.35,1201,60,0
2025-09-30 20:35:00+00:00,24523.15,24529.65,24508.35,24518.85,1206,60,0
2025-09-30 20:40:00+00:00,24518.35,24536.65,24517.35,24527.15,1134,60,0
2025-09-30 20:45:00+00:00,24526.95,24552.35,24526.35,24551.75,1100,60,0
2025-09-30 20:50:00+00:00,24551.65,24573.15,24551.65,24569.25,1078,60,0
2025-09-30 20:55:00+00:00,24569.15,24571.35,24540.65,24544.85,1146,60,0
2025-09-30 21:00:00+00:00,24544.15,24547.85,24538.15,24542.15,1085,60,0
2025-09-30 21:05:00+00:00,24541.85,24566.25,24541.65,24563.65,1067,60,0
2025-09-30 21:10:00+00:00,24563.45,24587.65,24563.45,24585.85,1129,60,0
2025-09-30 21:15:00+00:00,24585.95,24604.35,24577.85,24589.85,1168,60,0
2025-09-30 21:20:00+00:00,24589.15,24601.95,24585.95,24598.85,1128,60,0
2025-09-30 21:25:00+00:00,24598.75,24609.15,24596.15,24603.65,1054,60,0
2025-09-30 21:30:00+00:00,24603.25,24607.35,24591.85,24595.35,1042,60,0
2025-09-30 21:35:00+00:00,24595.65,24605.75,24592.35,24603.15,923,60,0
2025-09-30 21:40:00+00:00,24602.15,24617.35,24600.85,24614.75,1004,60,0
2025-09-30 21:45:00+00:00,24614.65,24625.65,24609.45,24624.65,975,60,0
2025-09-30 21:50:00+00:00,24624.35,24627.15,24614.25,24615.65,1016,60,0
2025-09-30 21:55:00+00:00,24615.35,24622.65,24610.25,24613.45,940,60,0
2025-09-30 22:00:00+00:00,24614.15,24627.95,24608.85,24609.65,1062,60,0
2025-09-30 22:05:00+00:00,24609.85,24621.65,24606.25,24615.65,1034,60,0
2025-09-30 22:10:00+00:00,24615.85,24621.75,24605.15,24606.15,992,60,0
2025-09-30 22:15:00+00:00,24606.35,24610.95,24597.65,24608.95,1052,60,0
2025-09-30 22:20:00+00:00,24608.65,24629.25,24608.15,24628.65,1054,60,0
2025-09-30 22:25:00+00:00,24628.35,24641.35,24624.85,24637.65,1083,60,0
2025-09-30 22:30:00+00:00,24637.15,24653.85,24636.25,24646.85,1106,60,0
2025-09-30 22:35:00+00:00,24647.15,24650.15,24637.35,24641.15,1022,60,0
2025-09-30 22:40:00+00:00,24640.45,24641.35,24612.35,24620.75,1202,60,0
2025-09-30 22:45:00+00:00,24619.85,24656.85,24619.15,24656.85,1195,60,0
2025-09-30 22:50:00+00:00,24654.15,24689.15,24642.15,24681.75,1368,60,0
2025-09-30 22:55:00+00:00,24680.95,24688.55,24669.15,24673.25,1404,100,0
2025-09-30 23:00:00+00:00,24673.46,24676.16,24646.36,24646.66,1155,118,0
2025-09-30 23:05:00+00:00,24646.36,24652.96,24641.06,24642.76,826,178,0
2025-09-30 23:10:00+00:00,24641.66,24645.06,24632.36,24633.06,747,168,0
2025-09-30 23:15:00+00:00,24633.26,24639.36,24625.76,24626.76,624,178,0
2025-09-30 23:20:00+00:00,24627.56,24638.86,24624.76,24635.36,523,168,0
2025-09-30 23:25:00+00:00,24635.26,24637.56,24628.06,24630.16,392,158,0
2025-09-30 23:30:00+00:00,24629.46,24630.46,24619.66,24620.36,429,158,0
2025-09-30 23:35:00+00:00,24620.46,24623.16,24611.56,24616.56,424,168,0
2025-09-30 23:40:00+00:00,24616.46,24619.46,24610.16,24612.46,380,158,0
2025-09-30 23:45:00+00:00,24612.86,24621.86,24612.66,24618.56,465,158,0
2025-10-01 01:05:00+00:00,24636.76,24637.96,24632.76,24634.66,417,168,0
2025-10-01 01:10:00+00:00,24634.86,24639.26,24633.26,24637.76,285,158,0
2025-10-01 01:15:00+00:00,24637.46,24644.26,24636.86,24638.96,279,158,0
2025-10-01 01:20:00+00:00,24636.96,24641.36,24631.96,24640.06,357,158,0
2025-10-01 01:25:00+00:00,24640.16,24647.76,24640.16,24646.66,283,158,0
2025-10-01 01:30:00+00:00,24646.76,24652.76,24640.56,24646.76,397,158,0
2025-10-01 01:35:00+00:00,24646.56,24649.56,24636.56,24640.26,290,158,0
2025-10-01 01:40:00+00:00,24639.96,24641.16,24635.06,24640.26,349,158,0
2025-10-01 01:45:00+00:00,24639.66,24639.66,24634.76,24638.46,215,148,0
2025-10-01 01:50:00+00:00,24637.96,24638.96,24624.06,24626.46,335,148,0
2025-10-01 01:55:00+00:00,24626.16,24626.16,24600.36,24611.66,651,168,0
2025-10-01 02:00:00+00:00,24611.56,24618.15,24597.85,24599.65,646,180,0
2025-10-01 02:05:00+00:00,24599.95,24613.25,24597.45,24611.05,495,150,0
2025-10-01 02:10:00+00:00,24610.85,24619.05,24610.85,24614.05,331,130,0
2025-10-01 02:15:00+00:00,24613.95,24615.85,24608.65,24611.75,296,130,0
2025-10-01 02:20:00+00:00,24611.85,24624.75,24610.05,24624.25,404,140,0
2025-10-01 02:25:00+00:00,24624.05,24624.55,24613.15,24614.75,282,130,0
2025-10-01 02:30:00+00:00,24615.15,24621.15,24614.05,24619.25,310,140,0
2025-10-01 02:35:00+00:00,24619.75,24619.75,24616.05,24617.35,141,130,0
2025-10-01 02:40:00+00:00,24617.05,24618.65,24614.65,24616.15,229,130,0
2025-10-01 02:45:00+00:00,24616.35,24618.95,24613.65,24615.05,319,130,0
2025-10-01 02:50:00+00:00,24615.15,24620.35,24612.05,24614.05,294,130,0
2025-10-01 02:55:00+00:00,24613.85,24614.55,24606.45,24606.95,364,130,0
2025-10-01 03:00:00+00:00,24608.25,24610.65,24601.95,24608.05,749,150,0
2025-10-01 03:05:00+00:00,24608.15,24613.45,24603.25,24604.75,731,150,0
2025-10-01 03:10:00+00:00,24604.85,24607.95,24595.85,24599.25,622,150,0
2025-10-01 03:15:00+00:00,24599.45,24599.45,24573.95,24575.95,805,140,0
2025-10-01 03:20:00+00:00,24576.15,24577.35,24566.35,24569.65,688,170,0
2025-10-01 03:25:00+00:00,24569.45,24572.75,24563.65,24567.25,627,160,0
2025-10-01 03:30:00+00:00,24567.45,24578.45,24567.05,24575.25,649,150,0
2025-10-01 03:35:00+00:00,24575.45,24577.75,24567.75,24570.75,523,150,0
2025-10-01 03:40:00+00:00,24571.05,24582.35,24570.35,24580.55,473,140,0
2025-10-01 03:45:00+00:00,24580.25,24583.05,24575.25,24581.45,497,140,0
2025-10-01 03:50:00+00:00,24581.75,24587.75,24576.85,24583.05,427,150,0
2025-10-01 03:55:00+00:00,24582.75,24583.95,24565.05,24570.65,627,150,0
2025-10-01 04:00:00+00:00,24570.95,24575.25,24566.65,24568.65,717,150,0
2025-10-01 04:05:00+00:00,24568.75,24572.75,24561.25,24563.95,568,150,0
2025-10-01 04:10:00+00:00,24563.85,24569.25,24560.55,24564.95,522,150,0
2025-10-01 04:15:00+00:00,24565.05,24569.55,24564.75,24568.05,431,140,0
2025-10-01 04:20:00+00:00,24568.15,24575.45,24567.35,24575.25,452,140,0
2025-10-01 04:25:00+00:00,24575.35,24585.05,24571.25,24582.85,454,140,0
2025-10-01 04:30:00+00:00,24583.25,24586.55,24570.45,24572.75,578,140,0
2025-10-01 04:35:00+00:00,24572.95,24578.35,24571.45,24578.35,484,140,0
2025-10-01 04:40:00+00:00,24578.75,24586.25,24576.05,24584.95,489,140,0
2025-10-01 04:45:00+00:00,24585.05,24587.35,24583.25,24584.05,404,130,0
2025-10-01 04:50:00+00:00,24583.85,24586.05,24578.05,24582.25,346,140,0
2025-10-01 04:55:00+00:00,24582.45,24584.45,24580.15,24580.85,386,130,0
2025-10-01 05:00:00+00:00,24580.65,24582.05,24571.35,24579.55,462,130,0
2025-10-01 05:05:00+00:00,24579.35,24581.65,24574.75,24574.85,455,140,0
2025-10-01 05:10:00+00:00,24574.65,24575.35,24563.95,24566.65,492,140,0
2025-10-01 05:15:00+00:00,24566.55,24574.95,24564.45,24571.25,465,150,0
2025-10-01 05:20:00+00:00,24571.05,24579.65,24570.95,24579.25,428,140,0
2025-10-01 05:25:00+00:00,24579.55,24580.35,24574.55,24576.55,363,140,0
2025-10-01 05:30:00+00:00,24576.85,24577.05,24562.05,24565.45,478,140,0
2025-10-01 05:35:00+00:00,24565.75,24567.85,24562.45,24563.75,373,130,0
2025-10-01 05:40:00+00:00,24563.65,24565.45,24561.25,24565.15,279,130,0
2025-10-01 05:45:00+00:00,24565.45,24568.05,24563.25,24563.85,283,130,0
2025-10-01 05:50:00+00:00,24563.75,24565.85,24560.35,24562.45,307,130,0
2025-10-01 05:55:00+00:00,24562.35,24567.85,24561.55,24563.65,363,130,0
2025-10-01 06:00:00+00:00,24564.05,24564.85,24552.25,24552.75,477,140,0
2025-10-01 06:05:00+00:00,24552.45,24553.05,24547.25,24549.05,451,140,0
2025-10-01 06:10:00+00:00,24549.75,24555.35,24546.35,24549.55,406,130,0
2025-10-01 06:15:00+00:00,24549.25,24549.35,24543.65,24546.05,378,130,0
2025-10-01 06:20:00+00:00,24545.95,24550.55,24542.45,24548.05,430,130,0
2025-10-01 06:25:00+00:00,24547.75,24551.05,24546.85,24547.05,326,130,0
2025-10-01 06:30:00+00:00,24546.95,24549.15,24545.45,24546.55,331,130,0
2025-10-01 06:35:00+00:00,24546.45,24547.95,24542.95,24542.95,362,130,0
2025-10-01 06:40:00+00:00,24543.05,24545.05,24540.95,24541.35,336,130,0
2025-10-01 06:45:00+00:00,24541.55,24548.95,24540.45,24546.95,357,130,0
2025-10-01 06:50:00+00:00,24547.35,24551.35,24544.35,24545.55,438,130,0
2025-10-01 06:55:00+00:00,24545.35,24550.85,24545.35,24548.25,341,130,0
2025-10-01 07:00:00+00:00,24548.65,24553.85,24547.85,24552.45,376,130,0
2025-10-01 07:05:00+00:00,24552.75,24557.15,24548.55,24556.35,334,140,0
2025-10-01 07:10:00+00:00,24556.75,24558.55,24551.15,24552.05,322,140,0
2025-10-01 07:15:00+00:00,24552.25,24554.45,24550.05,24551.95,290,130,0
2025-10-01 07:20:00+00:00,24552.05,24554.95,24546.65,24553.05,340,130,0
2025-10-01 07:25:00+00:00,24553.35,24556.35,24552.95,24555.85,292,130,0
2025-10-01 07:30:00+00:00,24555.65,24556.15,24552.15,24554.45,280,130,0
2025-10-01 07:35:00+00:00,24554.55,24557.85,24554.35,24555.45,284,130,0
2025-10-01 07:40:00+00:00,24555.35,24555.55,24551.45,24553.35,372,130,0
2025-10-01 07:45:00+00:00,24553.05,24556.45,24549.55,24554.65,271,130,0
2025-10-01 07:50:00+00:00,24554.85,24554.95,24550.15,24551.85,260,130,0
2025-10-01 07:55:00+00:00,24552.05,24552.85,24548.85,24550.85,313,130,0
2025-10-01 08:00:00+00:00,24550.95,24556.15,24550.95,24553.65,385,130,0
2025-10-01 08:05:00+00:00,24554.25,24555.95,24550.45,24554.35,288,130,0
2025-10-01 08:10:00+00:00,24553.65,24553.95,24549.05,24549.05,243,130,0
2025-10-01 08:15:00+00:00,24548.65,24550.05,24536.55,24543.25,377,130,0
2025-10-01 08:20:00+00:00,24542.85,24545.25,24538.35,24540.75,331,130,0
2025-10-01 08:25:00+00:00,24540.55,24543.05,24536.15,24542.35,414,130,0
2025-10-01 08:30:00+00:00,24542.15,24542.85,24537.05,24539.85,400,140,0
2025-10-01 08:35:00+00:00,24540.35,24544.15,24538.95,24541.15,292,130,0
2025-10-01 08:40:00+00:00,24541.35,24547.15,24541.35,24544.55,343,130,0
2025-10-01 08:45:00+00:00,24544.85,24551.35,24544.55,24548.15,279,130,0
2025-10-01 08:50:00+00:00,24549.45,24552.05,24545.35,24547.55,314,140,0
2025-10-01 08:55:00+00:00,24547.35,24547.95,24537.65,24540.05,439,130,0
2025-10-01 09:00:00+00:00,24540.25,24544.65,24538.25,24542.55,486,150,0
2025-10-01 09:05:00+00:00,24542.75,24547.95,24541.35,24546.45,383,140,0
2025-10-01 09:10:00+00:00,24546.55,24546.55,24535.05,24536.55,485,140,0
2025-10-01 09:15:00+00:00,24536.25,24537.75,24528.55,24530.85,464,140,0
2025-10-01 09:20:00+00:00,24530.45,24534.05,24528.05,24529.05,429,150,0
2025-10-01 09:25:00+00:00,24528.55,24531.15,24526.75,24527.95,370,130,0
2025-10-01 09:30:00+00:00,24527.35,24529.95,24523.15,24527.15,408,140,0
2025-10-01 09:35:00+00:00,24527.05,24531.45,24523.85,24524.35,414,140,0
2025-10-01 09:40:00+00:00,24524.65,24525.25,24506.75,24507.55,609,130,0
2025-10-01 09:45:00+00:00,24507.05,24508.45,24442.95,24453.65,1245,170,0
2025-10-01 09:50:00+00:00,24452.05,24463.45,24441.95,24442.15,1054,190,0
2025-10-01 09:55:00+00:00,24441.95,24442.15,24412.35,24430.85,1167,190,0
2025-10-01 10:00:00+00:00,24427.55,24460.85,24415.65,24456.05,1261,190,0
2025-10-01 10:05:00+00:00,24457.05,24467.05,24433.45,24438.35,1104,190,0
2025-10-01 10:10:00+00:00,24438.85,24441.35,24428.25,24432.15,894,170,0
2025-10-01 10:15:00+00:00,24431.75,24458.35,24430.95,24447.45,1063,170,0
2025-10-01 10:20:00+00:00,24447.05,24447.35,24430.15,24442.15,989,180,0
2025-10-01 10:25:00+00:00,24442.25,24451.85,24439.45,24450.45,922,180,0
2025-10-01 10:30:00+00:00,24451.95,24465.85,24445.85,24447.65,898,170,0
2025-10-01 10:35:00+00:00,24448.15,24449.65,24441.65,24442.45,691,160,0
2025-10-01 10:40:00+00:00,24441.45,24449.25,24437.25,24442.15,725,160,0
2025-10-01 10:45:00+00:00,24441.95,24443.95,24432.45,24442.25,757,170,0
2025-10-01 10:50:00+00:00,24441.95,24450.25,24438.95,24448.95,567,150,0
2025-10-01 10:55:00+00:00,24449.05,24457.45,24447.75,24449.75,671,160,0
2025-10-01 11:00:00+00:00,24450.05,24452.95,24432.45,24451.95,1139,170,0
2025-10-01 11:05:00+00:00,24451.35,24455.85,24442.85,24446.85,883,180,0
2025-10-01 11:10:00+00:00,24446.65,24448.65,24437.05,24447.95,735,170,0
2025-10-01 11:15:00+00:00,24447.65,24452.55,24440.15,24440.45,675,170,0
2025-10-01 11:20:00+00:00,24440.65,24450.45,24436.75,24447.25,676,160,0
2025-10-01 11:25:00+00:00,24447.35,24457.65,24447.25,24456.55,591,160,0
2025-10-01 11:30:00+00:00,24456.65,24493.95,24456.65,24488.85,1018,170,0
2025-10-01 11:35:00+00:00,24490.15,24493.05,24481.65,24486.75,829,170,0
2025-10-01 11:40:00+00:00,24487.75,24507.15,24483.85,24504.35,870,180,0
2025-10-01 11:45:00+00:00,24504.65,24506.15,24495.15,24499.95,707,170,0
2025-10-01 11:50:00+00:00,24500.45,24510.45,24498.65,24504.45,637,160,0
2025-10-01 11:55:00+00:00,24504.55,24504.55,24495.25,24498.35,498,150,0
2025-10-01 12:00:00+00:00,24497.55,24501.75,24492.45,24494.45,549,150,0
2025-10-01 12:05:00+00:00,24495.45,24518.55,24494.45,24516.05,618,160,0
2025-10-01 12:10:00+00:00,24516.15,24523.25,24512.15,24516.25,642,170,0
2025-10-01 12:15:00+00:00,24516.15,24520.25,24512.45,24518.45,511,160,0
2025-10-01 12:20:00+00:00,24518.35,24525.75,24515.25,24524.95,537,160,0
2025-10-01 12:25:00+00:00,24525.25,24545.05,24522.95,24538.95,679,150,0
2025-10-01 12:30:00+00:00,24538.65,24540.45,24517.35,24523.85,702,170,0
2025-10-01 12:35:00+00:00,24524.15,24529.15,24519.45,24526.45,584,160,0
2025-10-01 12:40:00+00:00,24526.95,24528.05,24516.55,24523.05,570,150,0
2025-10-01 12:45:00+00:00,24522.85,24529.35,24520.95,24524.95,535,150,0
2025-10-01 12:50:00+00:00,24524.75,24527.85,24519.25,24525.55,442,150,0
2025-10-01 12:55:00+00:00,24525.75,24525.75,24519.05,24524.25,450,150,0
2025-10-01 13:00:00+00:00,24524.35,24530.25,24522.55,24529.55,436,140,0
2025-10-01 13:05:00+00:00,24529.15,24539.65,24525.55,24539.45,468,150,0
2025-10-01 13:10:00+00:00,24538.95,24542.05,24528.55,24528.95,489,160,0
2025-10-01 13:15:00+00:00,24529.05,24537.25,24527.05,24529.35,511,150,0
2025-10-01 13:20:00+00:00,24529.45,24537.85,24525.55,24530.55,521,150,0
2025-10-01 13:25:00+00:00,24530.65,24533.15,24519.55,24520.05,440,150,0
2025-10-01 13:30:00+00:00,24520.35,24521.35,24510.65,24514.95,596,150,0
2025-10-01 13:35:00+00:00,24515.25,24529.95,24513.55,24513.75,508,160,0
2025-10-01 13:40:00+00:00,24513.95,24515.55,24500.05,24504.75,578,150,0
2025-10-01 13:45:00+00:00,24504.45,24515.75,24503.75,24512.75,462,150,0
2025-10-01 13:50:00+00:00,24513.05,24515.75,24508.75,24513.25,408,150,0
2025-10-01 13:55:00+00:00,24513.65,24516.55,24509.85,24510.35,457,150,0
2025-10-01 14:00:00+00:00,24510.55,24527.25,24509.55,24522.05,641,150,0
2025-10-01 14:05:00+00:00,24522.25,24548.75,24521.95,24537.15,771,160,0
2025-10-01 14:10:00+00:00,24536.65,24547.15,24528.95,24546.15,755,170,0
2025-10-01 14:15:00+00:00,24545.95,24550.25,24542.25,24543.45,635,160,0
2025-10-01 14:20:00+00:00,24543.75,24554.05,24543.55,24550.05,544,150,0
2025-10-01 14:25:00+00:00,24549.85,24558.75,24549.85,24558.25,534,150,0
2025-10-01 14:30:00+00:00,24558.85,24566.45,24552.75,24565.35,631,150,0
2025-10-01 14:35:00+00:00,24565.25,24569.75,24554.75,24557.45,654,160,0
2025-10-01 14:40:00+00:00,24557.75,24564.15,24557.05,24560.15,531,150,0
2025-10-01 14:45:00+00:00,24559.55,24571.85,24557.05,24570.45,560,150,0
2025-10-01 14:50:00+00:00,24570.35,24578.25,24562.15,24572.95,642,160,0
2025-10-01 14:55:00+00:00,24572.65,24581.65,24571.55,24577.05,658,150,0
2025-10-01 15:00:00+00:00,24576.75,24583.25,24569.55,24570.45,701,150,0
2025-10-01 15:05:00+00:00,24570.35,24570.45,24554.45,24560.05,857,160,0
2025-10-01 15:10:00+00:00,24560.75,24567.25,24556.65,24564.54,712,160,0
2025-10-01 15:15:00+00:00,24564.35,24565.8,24525.85,24543.85,1375,160,0
2025-10-01 15:20:00+00:00,24542.85,24576.35,24541.15,24561.45,1216,190,0
2025-10-01 15:25:00+00:00,24560.35,24567.55,24549.35,24557.55,1037,190,0
2025-10-01 15:30:00+00:00,24557.35,24560.05,24545.15,24552.85,1027,190,0
2025-10-01 15:35:00+00:00,24552.55,24563.75,24542.95,24561.15,848,180,0
2025-10-01 15:40:00+00:00,24561.35,24568.75,24554.75,24558.25,828,170,0
2025-10-01 15:45:00+00:00,24558.15,24572.55,24555.45,24570.65,908,170,0
2025-10-01 15:50:00+00:00,24570.75,24570.95,24551.75,24553.25,787,150,0
2025-10-01 15:55:00+00:00,24553.55,24560.15,24548.05,24555.55,844,170,0
2025-10-01 16:00:00+00:00,24555.45,24570.95,24553.75,24567.75,884,170,0
2025-10-01 16:05:00+00:00,24567.55,24572.85,24558.85,24565.05,748,160,0
2025-10-01 16:10:00+00:00,24564.95,24566.05,24560.55,24565.75,709,160,0
2025-10-01 16:15:00+00:00,24565.45,24569.65,24561.25,24563.05,708,150,0
2025-10-01 16:20:00+00:00,24563.75,24568.35,24558.85,24561.25,727,160,0
2025-10-01 16:25:00+00:00,24560.45,24562.85,24537.65,24543.65,1181,160,0
2025-10-01 16:30:00+00:00,24541.25,24614.35,24522.55,24594.65,1623,60,0
2025-10-01 16:35:00+00:00,24595.55,24619.35,24584.85,24606.15,1569,100,0
2025-10-01 16:40:00+00:00,24604.25,24616.85,24584.35,24607.35,1530,100,0
2025-10-01 16:45:00+00:00,24607.25,24613.65,24513.65,24515.65,1554,100,0
2025-10-01 16:50:00+00:00,24516.25,24560.15,24505.05,24557.25,1583,100,0
2025-10-01 16:55:00+00:00,24557.05,24593.25,24539.5,24557.54,1521,100,0
2025-10-01 17:00:00+00:00,24555.04,24602.15,24537.35,24600.75,1545,100,0
2025-10-01 17:05:00+00:00,24600.85,24601.65,24574.05,24593.05,1507,100,0
2025-10-01 17:10:00+00:00,24593.25,24612.35,24589.25,24609.35,1411,100,0
2025-10-01 17:15:00+00:00,24609.65,24638.35,24605.25,24636.35,1345,100,0
2025-10-01 17:20:00+00:00,24636.15,24659.35,24633.15,24650.25,1381,60,0
2025-10-01 17:25:00+00:00,24650.35,24671.85,24650.35,24662.55,1275,60,0
2025-10-01 17:30:00+00:00,24664.55,24676.25,24653.75,24675.65,1321,60,0
2025-10-01 17:35:00+00:00,24675.75,24690.35,24672.75,24672.85,1273,60,0
2025-10-01 17:40:00+00:00,24673.05,24675.05,24660.35,24668.65,1348,60,0
2025-10-01 17:45:00+00:00,24668.95,24672.35,24657.25,24663.35,1309,60,0
2025-10-01 17:50:00+00:00,24663.65,24679.35,24662.65,24675.05,1273,60,0
2025-10-01 17:55:00+00:00,24674.95,24680.85,24669.55,24676.05,1203,60,0
2025-10-01 18:00:00+00:00,24675.85,24698.85,24675.55,24683.85,1219,60,0
2025-10-01 18:05:00+00:00,24682.95,24693.85,24673.05,24688.85,1171,60,0
2025-10-01 18:10:00+00:00,24688.55,24691.05,24660.05,24679.25,1190,60,0
2025-10-01 18:15:00+00:00,24679.35,24681.05,24657.35,24658.55,1192,60,0
2025-10-01 18:20:00+00:00,24657.55,24669.55,24655.05,24667.55,1163,60,0
2025-10-01 18:25:00+00:00,24666.85,24676.05,24658.85,24669.35,1110,60,0
2025-10-01 18:30:00+00:00,24669.55,24688.85,24669.55,24686.85,1108,60,0
2025-10-01 18:35:00+00:00,24686.75,24709.35,24682.75,24705.85,1126,60,0
2025-10-01 18:40:00+00:00,24706.35,24711.45,24699.75,24709.35,1063,60,0
2025-10-01 18:45:00+00:00,24709.55,24714.05,24699.55,24704.35,1111,60,0
2025-10-01 18:50:00+00:00,24703.85,24713.55,24702.55,24709.85,995,60,0
2025-10-01 18:55:00+00:00,24709.55,24716.55,24707.95,24710.05,960,60,0
2025-10-01 19:00:00+00:00,24709.95,24721.75,24709.35,24710.85,1033,60,0
2025-10-01 19:05:00+00:00,24711.25,24725.25,24710.75,24720.05,971,60,0
2025-10-01 19:10:00+00:00,24719.35,24725.35,24717.45,24718.85,865,60,0
2025-10-01 19:15:00+00:00,24718.55,24727.35,24715.35,24716.05,959,60,0
2025-10-01 19:20:00+00:00,24716.35,24717.85,24708.35,24713.55,1049,60,0
2025-10-01 19:25:00+00:00,24713.85,24725.05,24713.05,24722.55,927,60,0
2025-10-01 19:30:00+00:00,24722.95,24731.05,24722.25,24731.05,918,60,0
2025-10-01 19:35:00+00:00,24730.85,24730.85,24720.05,24722.55,868,60,0
2025-10-01 19:40:00+00:00,24722.35,24725.35,24713.55,24713.55,874,60,0
2025-10-01 19:45:00+00:00,24713.85,24724.05,24709.25,24719.35,963,60,0
2025-10-01 19:50:00+00:00,24719.05,24725.55,24717.75,24718.55,815,60,0
2025-10-01 19:55:00+00:00,24719.05,24736.35,24716.05,24733.85,882,60,0
2025-10-01 20:00:00+00:00,24733.55,24750.75,24731.05,24749.95,1033,60,0
2025-10-01 20:05:00+00:00,24749.85,24758.85,24749.75,24751.95,1012,60,0
2025-10-01 20:10:00+00:00,24751.85,24757.85,24745.45,24748.85,968,60,0
2025-10-01 20:15:00+00:00,24748.55,24761.55,24747.05,24753.95,958,60,0
2025-10-01 20:20:00+00:00,24754.05,24759.55,24750.65,24758.65,826,60,0
2025-10-01 20:25:00+00:00,24758.75,24769.35,24757.15,24763.35,944,60,0
2025-10-01 20:30:00+00:00,24763.85,24766.15,24752.15,24762.85,952,60,0
2025-10-01 20:35:00+00:00,24763.15,24764.35,24754.35,24757.15,835,60,0
2025-10-01 20:40:00+00:00,24757.35,24759.35,24744.05,24752.25,927,60,0
2025-10-01 20:45:00+00:00,24752.35,24755.35,24745.05,24749.35,879,60,0
2025-10-01 20:50:00+00:00,24749.55,24756.65,24747.35,24752.65,856,60,0
2025-10-01 20:55:00+00:00,24752.85,24764.05,24750.15,24763.15,916,60,0
2025-10-01 21:00:00+00:00,24762.65,24789.35,24758.15,24773.35,1231,60,0
2025-10-01 21:05:00+00:00,24773.15,24790.85,24773.15,24789.25,1022,60,0
2025-10-01 21:10:00+00:00,24789.15,24793.05,24781.25,24791.85,937,60,0
2025-10-01 21:15:00+00:00,24792.15,24800.15,24789.65,24798.15,913,60,0
2025-10-01 21:20:00+00:00,24797.85,24800.65,24788.35,24794.85,923,60,0
2025-10-01 21:25:00+00:00,24794.75,24802.85,24788.55,24792.35,869,60,0
2025-10-01 21:30:00+00:00,24792.15,24801.35,24790.15,24800.65,790,60,0
2025-10-01 21:35:00+00:00,24800.75,24806.35,24796.85,24804.65,847,60,0
2025-10-01 21:40:00+00:00,24804.35,24812.85,24800.85,24806.25,846,60,0
2025-10-01 21:45:00+00:00,24806.35,24810.15,24802.65,24805.85,794,60,0
2025-10-01 21:50:00+00:00,24806.25,24813.65,24803.85,24804.35,796,60,0
2025-10-01 21:55:00+00:00,24804.15,24809.35,24798.85,24803.65,827,60,0
2025-10-01 22:00:00+00:00,24803.15,24812.15,24802.15,24811.85,795,60,0
2025-10-01 22:05:00+00:00,24812.15,24814.15,24807.35,24809.55,783,60,0
2025-10-01 22:10:00+00:00,24809.35,24809.65,24796.65,24805.55,873,60,0
2025-10-01 22:15:00+00:00,24805.15,24807.15,24794.85,24796.15,811,60,0
2025-10-01 22:20:00+00:00,24796.75,24799.65,24788.35,24789.65,881,60,0
2025-10-01 22:25:00+00:00,24789.55,24805.15,24788.05,24803.65,933,60,0
2025-10-01 22:30:00+00:00,24803.15,24814.15,24799.05,24812.15,910,60,0
2025-10-01 22:35:00+00:00,24811.85,24812.15,24796.85,24798.65,870,60,0
2025-10-01 22:40:00+00:00,24798.35,24807.15,24786.15,24786.65,959,60,0
2025-10-01 22:45:00+00:00,24786.85,24805.35,24782.85,24803.05,1076,60,0
2025-10-01 22:50:00+00:00,24803.15,24808.85,24793.85,24794.15,1162,60,0
2025-10-01 22:55:00+00:00,24794.65,24811.25,24790.45,24790.85,1237,60,0
2025-10-01 23:00:00+00:00,24791.45,24791.45,24774.66,24777.86,1050,100,0
2025-10-01 23:05:00+00:00,24778.06,24779.46,24772.86,24775.26,655,168,0
2025-10-01 23:10:00+00:00,24774.86,24777.36,24772.16,24774.16,495,158,0
2025-10-01 23:15:00+00:00,24774.36,24780.86,24773.56,24777.96,341,148,0
2025-10-01 23:20:00+00:00,24778.66,24785.66,24778.56,24779.16,345,148,0
2025-10-01 23:25:00+00:00,24779.36,24780.46,24775.46,24779.96,216,148,0
2025-10-01 23:30:00+00:00,24779.86,24787.06,24777.96,24785.46,288,148,0
2025-10-01 23:35:00+00:00,24785.66,24792.86,24785.46,24790.66,314,148,0
2025-10-01 23:40:00+00:00,24790.36,24791.86,24782.16,24786.36,262,148,0
2025-10-01 23:45:00+00:00,24786.46,24787.66,24783.96,24785.46,297,148,0
2025-10-02 01:05:00+00:00,24797.36,24801.46,24792.56,24799.16,230,158,0
2025-10-02 01:10:00+00:00,24799.56,24801.16,24798.36,24800.16,85,148,0
2025-10-02 01:15:00+00:00,24800.26,24801.46,24795.96,24795.96,104,148,0
2025-10-02 01:20:00+00:00,24796.26,24799.96,24795.26,24799.26,87,148,0
2025-10-02 01:25:00+00:00,24799.16,24801.46,24796.76,24800.66,64,148,0
2025-10-02 01:30:00+00:00,24800.56,24803.26,24800.46,24802.26,91,148,0
2025-10-02 01:35:00+00:00,24802.56,24803.26,24795.16,24800.66,124,148,0
2025-10-02 01:40:00+00:00,24800.26,24801.86,24798.36,24801.76,62,148,0
2025-10-02 01:45:00+00:00,24801.66,24804.56,24801.06,24802.76,81,148,0
2025-10-02 01:50:00+00:00,24802.96,24804.16,24797.46,24797.56,172,148,0
2025-10-02 01:55:00+00:00,24797.26,24799.06,24795.46,24796.66,132,148,0
2025-10-02 02:00:00+00:00,24796.76,24803.25,24796.75,24798.25,209,130,0
2025-10-02 02:05:00+00:00,24797.45,24799.75,24795.25,24798.05,137,130,0
2025-10-02 02:10:00+00:00,24798.15,24802.65,24798.05,24800.25,108,130,0
2025-10-02 02:15:00+00:00,24800.75,24811.75,24800.75,24809.65,307,130,0
2025-10-02 02:20:00+00:00,24809.35,24812.75,24808.15,24812.05,156,130,0
2025-10-02 02:25:00+00:00,24812.15,24812.25,24807.15,24808.15,162,130,0
2025-10-02 02:30:00+00:00,24808.05,24809.35,24795.85,24795.85,185,130,0
2025-10-02 02:35:00+00:00,24795.25,24798.95,24789.05,24798.75,365,140,0
2025-10-02 02:40:00+00:00,24798.95,24804.95,24798.55,24803.85,255,140,0
2025-10-02 02:45:00+00:00,24803.95,24805.85,24800.05,24800.05,183,130,0
2025-10-02 02:50:00+00:00,24799.85,24806.15,24797.85,24804.95,303,130,0
2025-10-02 02:55:00+00:00,24805.45,24812.05,24803.95,24806.95,254,130,0
2025-10-02 03:00:00+00:00,24806.75,24816.85,24804.05,24810.55,624,150,0
2025-10-02 03:05:00+00:00,24810.65,24816.85,24809.65,24811.35,571,160,0
2025-10-02 03:10:00+00:00,24811.45,24819.25,24807.95,24816.45,515,140,0
2025-10-02 03:15:00+00:00,24816.15,24826.55,24815.25,24823.25,438,140,0
2025-10-02 03:20:00+00:00,24823.15,24831.95,24818.65,24830.45,395,150,0
2025-10-02 03:25:00+00:00,24829.95,24831.45,24826.05,24828.75,365,130,0
2025-10-02 03:30:00+00:00,24828.85,24831.45,24822.45,24828.45,375,130,0
2025-10-02 03:35:00+00:00,24828.15,24828.15,24823.15,24826.85,280,130,0
2025-10-02 03:40:00+00:00,24826.75,24835.25,24825.85,24834.15,309,130,0
2025-10-02 03:45:00+00:00,24834.65,24841.05,24834.55,24838.95,443,130,0
2025-10-02 03:50:00+00:00,24839.05,24847.45,24838.25,24842.95,373,140,0
2025-10-02 03:55:00+00:00,24842.65,24847.95,24841.65,24844.85,366,130,0
2025-10-02 04:00:00+00:00,24844.75,24846.95,24831.75,24835.25,528,140,0
2025-10-02 04:05:00+00:00,24835.65,24843.75,24834.95,24843.55,472,140,0
2025-10-02 04:10:00+00:00,24842.95,24850.35,24840.45,24848.45,389,140,0
2025-10-02 04:15:00+00:00,24847.95,24854.75,24847.45,24853.75,415,140,0
2025-10-02 04:20:00+00:00,24853.45,24855.35,24850.55,24851.75,390,130,0
2025-10-02 04:25:00+00:00,24852.05,24855.15,24851.35,24852.05,325,130,0
2025-10-02 04:30:00+00:00,24852.25,24853.85,24850.25,24851.15,394,130,0
2025-10-02 04:35:00+00:00,24851.65,24852.65,24841.95,24843.45,353,130,0
2025-10-02 04:40:00+00:00,24842.75,24849.75,24841.45,24848.25,385,130,0
2025-10-02 04:45:00+00:00,24848.55,24852.65,24848.25,24852.35,303,130,0
2025-10-02 04:50:00+00:00,24852.15,24860.75,24850.95,24859.05,361,130,0
2025-10-02 04:55:00+00:00,24859.25,24861.05,24852.65,24858.15,302,140,0
2025-10-02 05:00:00+00:00,24858.05,24859.75,24848.35,24850.15,296,130,0
2025-10-02 05:05:00+00:00,24850.35,24850.35,24842.85,24842.85,307,130,0
2025-10-02 05:10:00+00:00,24843.05,24845.75,24839.85,24840.15,271,130,0
2025-10-02 05:15:00+00:00,24840.05,24843.05,24839.05,24840.85,331,130,0
2025-10-02 05:20:00+00:00,24841.25,24841.45,24837.25,24838.25,344,130,0
2025-10-02 05:25:00+00:00,24837.85,24840.65,24837.45,24838.85,312,130,0
2025-10-02 05:30:00+00:00,24839.05,24841.15,24836.85,24839.85,298,130,0
2025-10-02 05:35:00+00:00,24840.05,24840.15,24836.75,24839.75,255,130,0
2025-10-02 05:40:00+00:00,24839.85,24845.05,24839.25,24843.65,266,130,0
2025-10-02 05:45:00+00:00,24843.35,24843.65,24838.75,24841.05,194,130,0
2025-10-02 05:50:00+00:00,24840.85,24845.05,24840.25,24842.75,234,130,0
2025-10-02 05:55:00+00:00,24842.65,24843.85,24836.65,24842.25,303,130,0
2025-10-02 06:00:00+00:00,24842.55,24843.25,24839.05,24840.25,243,130,0
2025-10-02 06:05:00+00:00,24840.05,24840.25,24832.75,24835.55,232,130,0
2025-10-02 06:10:00+00:00,24835.75,24845.15,24835.55,24844.05,240,130,0
2025-10-02 06:15:00+00:00,24844.25,24845.85,24839.85,24844.05,211,130,0
2025-10-02 06:20:00+00:00,24844.15,24850.85,24843.25,24849.75,193,130,0
2025-10-02 06:25:00+00:00,24850.05,24852.35,24835.15,24837.25,322,130,0
2025-10-02 06:30:00+00:00,24836.95,24837.75,24828.15,24835.65,470,140,0
2025-10-02 06:35:00+00:00,24835.45,24838.05,24832.15,24836.15,271,140,0
2025-10-02 06:40:00+00:00,24836.45,24839.25,24835.85,24836.15,260,130,0
2025-10-02 06:45:00+00:00,24836.65,24838.75,24834.75,24838.55,226,130,0
2025-10-02 06:50:00+00:00,24838.35,24841.15,24836.55,24840.85,217,130,0
2025-10-02 06:55:00+00:00,24841.05,24850.35,24840.25,24848.55,204,130,0
2025-10-02 07:00:00+00:00,24848.45,24852.05,24843.35,24846.95,300,130,0
2025-10-02 07:05:00+00:00,24847.25,24858.75,24844.75,24858.75,421,140,0
2025-10-02 07:10:00+00:00,24858.65,24859.25,24851.95,24852.75,315,140,0
2025-10-02 07:15:00+00:00,24852.45,24852.45,24845.65,24846.75,278,130,0
2025-10-02 07:20:00+00:00,24847.05,24849.15,24836.35,24838.45,291,130,0
2025-10-02 07:25:00+00:00,24838.25,24847.25,24837.35,24846.75,272,130,0
2025-10-02 07:30:00+00:00,24846.45,24847.35,24842.75,24844.25,219,130,0
2025-10-02 07:35:00+00:00,24844.05,24845.75,24842.25,24843.25,190,130,0
2025-10-02 07:40:00+00:00,24843.05,24848.25,24841.55,24846.85,194,130,0
2025-10-02 07:45:00+00:00,24847.05,24855.45,24847.05,24850.25,247,130,0
2025-10-02 07:50:00+00:00,24849.95,24851.25,24845.25,24849.85,275,130,0
2025-10-02 07:55:00+00:00,24849.95,24851.85,24848.55,24851.85,190,130,0
2025-10-02 08:00:00+00:00,24851.75,24857.85,24850.35,24855.35,360,130,0
2025-10-02 08:05:00+00:00,24854.55,24856.55,24850.65,24856.25,315,130,0
2025-10-02 08:10:00+00:00,24856.55,24860.75,24854.35,24854.65,334,130,0
2025-10-02 08:15:00+00:00,24855.25,24857.15,24851.85,24852.95,332,130,0
2025-10-02 08:20:00+00:00,24852.85,24853.95,24848.85,24850.35,292,130,0
2025-10-02 08:25:00+00:00,24850.25,24852.35,24846.05,24851.55,240,130,0
2025-10-02 08:30:00+00:00,24851.75,24854.35,24849.25,24852.95,298,130,0
2025-10-02 08:35:00+00:00,24853.45,24856.65,24852.75,24853.25,257,130,0
2025-10-02 08:40:00+00:00,24852.55,24853.75,24849.75,24851.35,223,130,0
2025-10-02 08:45:00+00:00,24851.05,24852.85,24850.25,24851.85,208,130,0
2025-10-02 08:50:00+00:00,24852.55,24859.35,24852.55,24859.25,226,130,0
2025-10-02 08:55:00+00:00,24859.15,24859.35,24852.85,24853.35,228,130,0
2025-10-02 09:00:00+00:00,24853.75,24860.85,24847.75,24851.75,491,130,0
2025-10-02 09:05:00+00:00,24851.35,24853.75,24844.15,24844.15,418,140,0
2025-10-02 09:10:00+00:00,24843.95,24850.65,24843.25,24849.45,353,140,0
2025-10-02 09:15:00+00:00,24848.95,24849.45,24843.95,24847.25,304,140,0
2025-10-02 09:20:00+00:00,24847.45,24847.85,24842.45,24844.25,372,130,0
2025-10-02 09:25:00+00:00,24844.35,24849.95,24841.75,24847.25,365,140,0
2025-10-02 09:30:00+00:00,24847.85,24854.15,24846.45,24847.75,427,140,0
2025-10-02 09:35:00+00:00,24847.65,24848.95,24840.95,24844.95,362,140,0
2025-10-02 09:40:00+00:00,24845.25,24856.95,24840.85,24856.65,445,140,0
2025-10-02 09:45:00+00:00,24857.25,24857.95,24844.15,24849.85,451,150,0
2025-10-02 09:50:00+00:00,24849.35,24850.85,24843.45,24846.95,317,140,0
2025-10-02 09:55:00+00:00,24846.75,24849.95,24843.85,24847.45,369,140,0
2025-10-02 10:00:00+00:00,24846.05,24857.65,24838.45,24853.95,903,140,0
2025-10-02 10:05:00+00:00,24854.35,24864.55,24851.15,24860.95,808,160,0
2025-10-02 10:10:00+00:00,24861.35,24870.95,24860.45,24867.15,729,160,0
2025-10-02 10:15:00+00:00,24866.85,24870.25,24861.75,24862.45,594,150,0
2025-10-02 10:20:00+00:00,24862.15,24865.45,24853.65,24857.55,643,150,0
2025-10-02 10:25:00+00:00,24857.45,24864.35,24853.25,24857.15,591,150,0
2025-10-02 10:30:00+00:00,24857.05,24864.25,24851.75,24851.85,590,150,0
2025-10-02 10:35:00+00:00,24852.15,24872.25,24848.15,24866.35,672,160,0
2025-10-02 10:40:00+00:00,24865.95,24869.45,24861.25,24861.85,551,160,0
2025-10-02 10:45:00+00:00,24861.65,24868.25,24859.45,24865.15,462,160,0
2025-10-02 10:50:00+00:00,24865.25,24868.25,24858.95,24864.65,395,150,0
2025-10-02 10:55:00+00:00,24864.55,24865.75,24861.45,24861.75,404,140,0
2025-10-02 11:00:00+00:00,24860.95,24882.95,24858.45,24881.65,810,140,0
2025-10-02 11:05:00+00:00,24881.85,24891.35,24877.95,24889.65,742,160,0
2025-10-02 11:10:00+00:00,24889.55,24893.35,24875.45,24875.55,733,160,0
2025-10-02 11:15:00+00:00,24875.95,24890.55,24875.95,24887.85,560,160,0
2025-10-02 11:20:00+00:00,24887.65,24896.75,24886.65,24892.75,609,160,0
2025-10-02 11:25:00+00:00,24892.35,24895.85,24888.25,24894.25,592,150,0
2025-10-02 11:30:00+00:00,24894.15,24895.25,24887.25,24888.65,576,150,0
2025-10-02 11:35:00+00:00,24888.35,24890.95,24885.15,24885.75,473,150,0
2025-10-02 11:40:00+00:00,24885.95,24894.05,24885.65,24889.45,507,150,0
2025-10-02 11:45:00+00:00,24890.15,24890.95,24885.05,24888.05,509,140,0
2025-10-02 11:50:00+00:00,24888.25,24893.75,24887.75,24892.55,472,140,0
2025-10-02 11:55:00+00:00,24892.65,24898.45,24891.45,24897.95,506,140,0
2025-10-02 12:00:00+00:00,24895.95,24896.95,24883.35,24887.35,562,140,0
2025-10-02 12:05:00+00:00,24886.85,24891.35,24885.65,24888.65,481,150,0
2025-10-02 12:10:00+00:00,24888.95,24896.85,24887.45,24890.45,420,140,0
2025-10-02 12:15:00+00:00,24890.25,24900.85,24889.15,24894.75,520,150,0
2025-10-02 12:20:00+00:00,24894.95,24899.15,24889.25,24889.25,429,150,0
2025-10-02 12:25:00+00:00,24888.95,24889.15,24878.85,24879.25,535,150,0
2025-10-02 12:30:00+00:00,24879.15,24879.15,24868.75,24873.85,656,150,0
2025-10-02 12:35:00+00:00,24873.55,24875.35,24862.15,24865.75,614,150,0
2025-10-02 12:40:00+00:00,24865.85,24873.45,24860.35,24873.25,453,150,0
2025-10-02 12:45:00+00:00,24873.15,24880.05,24873.15,24876.45,489,150,0
2025-10-02 12:50:00+00:00,24876.25,24881.35,24874.95,24878.75,406,140,0
2025-10-02 12:55:00+00:00,24879.05,24883.05,24877.35,24880.25,367,140,0
2025-10-02 13:00:00+00:00,24879.75,24907.65,24878.25,24890.85,736,140,0
2025-10-02 13:05:00+00:00,24890.25,24895.55,24888.25,24892.35,552,150,0
2025-10-02 13:10:00+00:00,24891.85,24894.25,24888.95,24890.95,444,140,0
2025-10-02 13:15:00+00:00,24890.85,24893.05,24887.95,24890.95,311,140,0
2025-10-02 13:20:00+00:00,24890.85,24894.85,24886.35,24892.25,403,140,0
2025-10-02 13:25:00+00:00,24892.45,24895.95,24888.45,24891.75,423,140,0
2025-10-02 13:30:00+00:00,24892.95,24894.85,24890.55,24893.75,350,140,0
2025-10-02 13:35:00+00:00,24894.25,24902.85,24889.45,24901.65,405,130,0
2025-10-02 13:40:00+00:00,24901.75,24902.95,24893.55,24897.05,378,140,0
2025-10-02 13:45:00+00:00,24897.15,24899.05,24892.45,24893.55,322,130,0
2025-10-02 13:50:00+00:00,24893.75,24895.65,24890.65,24895.25,384,130,0
2025-10-02 13:55:00+00:00,24894.95,24896.85,24893.15,24895.65,252,130,0
2025-10-02 14:00:00+00:00,24895.55,24901.65,24892.55,24901.55,511,130,0
2025-10-02 14:05:00+00:00,24901.45,24909.65,24899.95,24909.55,527,140,0
2025-10-02 14:10:00+00:00,24909.75,24920.05,24908.75,24917.45,538,140,0
2025-10-02 14:15:00+00:00,24917.05,24919.05,24913.25,24915.35,449,140,0
2025-10-02 14:20:00+00:00,24915.55,24919.35,24912.85,24917.35,400,130,0
2025-10-02 14:25:00+00:00,24917.55,24919.55,24915.35,24919.15,302,130,0
2025-10-02 14:30:00+00:00,24918.75,24920.65,24915.55,24918.05,373,130,0
2025-10-02 14:35:00+00:00,24918.35,24920.35,24915.35,24920.35,282,130,0
2025-10-02 14:40:00+00:00,24920.15,24925.35,24916.85,24921.75,427,130,0
2025-10-02 14:45:00+00:00,24921.85,24927.75,24917.95,24918.75,525,140,0
2025-10-02 14:50:00+00:00,24918.85,24932.35,24917.95,24930.65,580,160,0
2025-10-02 14:55:00+00:00,24930.45,24935.25,24929.25,24933.65,439,150,0
2025-10-02 15:00:00+00:00,24934.05,24938.45,24927.75,24935.95,606,150,0
2025-10-02 15:05:00+00:00,24935.85,24941.55,24933.65,24940.45,472,150,0
2025-10-02 15:10:00+00:00,24940.15,24941.95,24935.05,24941.25,465,150,0
2025-10-02 15:15:00+00:00,24940.45,24945.35,24938.55,24944.25,496,140,0
2025-10-02 15:20:00+00:00,24944.05,24948.45,24943.25,24948.35,470,140,0
2025-10-02 15:25:00+00:00,24947.95,24948.35,24938.35,24940.55,564,130,0
2025-10-02 15:30:00+00:00,24940.55,24945.55,24936.75,24938.95,509,140,0
2025-10-02 15:35:00+00:00,24938.75,24944.75,24936.95,24944.35,492,140,0
2025-10-02 15:40:00+00:00,24944.55,24945.35,24934.75,24935.55,495,130,0
2025-10-02 15:45:00+00:00,24935.45,24940.35,24933.75,24935.85,464,140,0
2025-10-02 15:50:00+00:00,24935.75,24944.55,24933.95,24944.05,590,140,0
2025-10-02 15:55:00+00:00,24944.15,24948.35,24943.45,24946.85,505,140,0
2025-10-02 16:00:00+00:00,24946.35,24962.15,24946.25,24957.95,1169,140,0
2025-10-02 16:05:00+00:00,24957.75,24963.15,24957.35,24958.45,804,150,0
2025-10-02 16:10:00+00:00,24958.35,24959.25,24953.25,24956.75,675,150,0
2025-10-02 16:15:00+00:00,24957.05,24964.25,24956.25,24956.25,653,150,0
2025-10-02 16:20:00+00:00,24956.55,24957.55,24952.45,24953.65,579,140,0
2025-10-02 16:25:00+00:00,24953.55,24958.65,24947.05,24949.65,901,150,0
2025-10-02 16:30:00+00:00,24949.45,24950.95,24898.45,24902.25,1575,60,0
2025-10-02 16:35:00+00:00,24902.15,24914.05,24861.25,24865.55,1549,100,0
2025-10-02 16:40:00+00:00,24864.55,24865.25,24821.45,24833.15,1575,100,0
2025-10-02 16:45:00+00:00,24831.05,24855.55,24810.55,24814.05,1571,100,0
2025-10-02 16:50:00+00:00,24814.65,24843.55,24800.15,24835.45,1582,100,0
2025-10-02 16:55:00+00:00,24835.55,24850.45,24804.65,24848.15,1498,100,0
2025-10-02 17:00:00+00:00,24848.45,24860.05,24826.45,24859.25,1519,100,0
2025-10-02 17:05:00+00:00,24860.15,24865.55,24839.65,24860.05,1486,100,0
2025-10-02 17:10:00+00:00,24859.45,24861.65,24826.05,24845.95,1515,100,0
2025-10-02 17:15:00+00:00,24845.55,24868.05,24842.55,24843.05,1509,100,0
2025-10-02 17:20:00+00:00,24843.55,24870.75,24832.25,24865.75,1483,100,0
2025-10-02 17:25:00+00:00,24866.55,24875.75,24857.45,24860.55,1367,100,0
2025-10-02 17:30:00+00:00,24860.75,24875.25,24843.75,24853.75,1432,100,0
2025-10-02 17:35:00+00:00,24854.15,24873.25,24850.95,24873.05,1408,100,0
2025-10-02 17:40:00+00:00,24873.45,24873.55,24839.75,24848.55,1363,90,0
2025-10-02 17:45:00+00:00,24849.65,24852.45,24811.05,24835.75,1425,100,0
2025-10-02 17:50:00+00:00,24836.05,24836.95,24806.25,24807.55,1410,100,0
2025-10-02 17:55:00+00:00,24807.75,24820.05,24804.65,24806.25,1304,100,0
2025-10-02 18:00:00+00:00,24806.65,24816.55,24778.75,24779.55,1410,100,0
2025-10-02 18:05:00+00:00,24780.25,24823.65,24780.25,24817.75,1391,100,0
2025-10-02 18:10:00+00:00,24817.25,24835.75,24806.95,24816.75,1345,100,0
2025-10-02 18:15:00+00:00,24817.05,24820.75,24808.05,24816.75,1280,100,0
2025-10-02 18:20:00+00:00,24816.55,24836.35,24807.75,24829.55,1234,60,0
2025-10-02 18:25:00+00:00,24829.65,24838.25,24818.25,24826.15,1245,60,0
2025-10-02 18:30:00+00:00,24826.75,24828.65,24810.25,24814.15,1239,60,0
2025-10-02 18:35:00+00:00,24814.35,24818.85,24785.95,24805.55,1263,60,0
2025-10-02 18:40:00+00:00,24805.25,24824.25,24805.25,24810.55,1259,100,0
2025-10-02 18:45:00+00:00,24810.25,24823.25,24801.25,24815.25,1220,60,0
2025-10-02 18:50:00+00:00,24816.25,24847.85,24814.85,24847.85,1198,60,0
2025-10-02 18:55:00+00:00,24847.45,24867.25,24846.65,24862.65,1212,60,0
2025-10-02 19:00:00+00:00,24862.35,24862.35,24847.95,24851.65,1215,60,0
2025-10-02 19:05:00+00:00,24851.25,24851.25,24826.85,24843.25,1226,60,0
2025-10-02 19:10:00+00:00,24842.25,24847.75,24829.75,24844.95,1091,60,0
2025-10-02 19:15:00+00:00,24844.45,24851.95,24840.25,24849.75,1047,60,0
2025-10-02 19:20:00+00:00,24849.25,24855.75,24833.65,24845.95,1064,60,0
2025-10-02 19:25:00+00:00,24845.75,24853.25,24838.45,24846.25,990,60,0
2025-10-02 19:30:00+00:00,24845.45,24850.85,24839.45,24849.45,938,60,0
2025-10-02 19:35:00+00:00,24849.65,24853.65,24836.85,24847.25,960,60,0
2025-10-02 19:40:00+00:00,24847.35,24847.95,24820.45,24835.45,1076,60,0
2025-10-02 19:45:00+00:00,24835.25,24846.75,24833.75,24837.95,1028,60,0
2025-10-02 19:50:00+00:00,24838.45,24863.35,24838.35,24862.45,952,60,0
2025-10-02 19:55:00+00:00,24862.65,24864.85,24854.75,24862.25,867,60,0
2025-10-02 20:00:00+00:00,24862.15,24863.25,24844.45,24846.75,964,60,0
2025-10-02 20:05:00+00:00,24846.95,24863.45,24845.75,24854.95,921,60,0
2025-10-02 20:10:00+00:00,24855.25,24864.95,24853.45,24863.75,848,60,0
2025-10-02 20:15:00+00:00,24863.45,24868.15,24858.65,24859.95,871,60,0
2025-10-02 20:20:00+00:00,24859.65,24873.45,24856.45,24872.45,874,60,0
2025-10-02 20:25:00+00:00,24872.75,24881.75,24869.15,24872.75,909,60,0
2025-10-02 20:30:00+00:00,24872.45,24883.35,24865.25,24876.15,1011,60,0
2025-10-02 20:35:00+00:00,24876.05,24880.85,24868.85,24875.15,911,60,0
2025-10-02 20:40:00+00:00,24875.35,24893.15,24874.85,24883.85,973,60,0
2025-10-02 20:45:00+00:00,24884.05,24889.25,24873.15,24875.25,1006,60,0
2025-10-02 20:50:00+00:00,24875.15,24880.15,24873.55,24875.35,787,60,0
2025-10-02 20:55:00+00:00,24875.15,24877.25,24868.85,24871.35,852,60,0
2025-10-02 21:00:00+00:00,24871.15,24879.65,24865.25,24869.85,1000,60,0
2025-10-02 21:05:00+00:00,24870.55,24880.85,24869.35,24878.15,929,60,0
2025-10-02 21:10:00+00:00,24878.35,24894.75,24877.35,24890.15,967,60,0
2025-10-02 21:15:00+00:00,24889.35,24892.75,24883.85,24890.35,842,60,0
2025-10-02 21:20:00+00:00,24890.15,24898.65,24889.35,24897.15,893,60,0
2025-10-02 21:25:00+00:00,24896.85,24900.85,24884.35,24892.85,880,60,0
2025-10-02 21:30:00+00:00,24892.65,24896.05,24885.85,24891.15,839,60,0
2025-10-02 21:35:00+00:00,24890.85,24896.15,24885.65,24895.85,904,60,0
2025-10-02 21:40:00+00:00,24895.65,24896.35,24888.15,24894.35,745,60,0
2025-10-02 21:45:00+00:00,24894.65,24896.15,24887.85,24892.35,774,60,0
2025-10-02 21:50:00+00:00,24892.25,24895.75,24884.05,24894.35,846,60,0
2025-10-02 21:55:00+00:00,24894.15,24902.85,24893.35,24897.85,835,60,0
2025-10-02 22:00:00+00:00,24898.35,24906.15,24895.25,24905.85,829,60,0
2025-10-02 22:05:00+00:00,24905.65,24908.35,24899.85,24905.25,868,60,0
2025-10-02 22:10:00+00:00,24905.15,24905.85,24897.85,24900.85,868,60,0
2025-10-02 22:15:00+00:00,24901.05,24902.15,24895.15,24900.55,880,60,0
2025-10-02 22:20:00+00:00,24900.85,24904.15,24898.35,24903.85,784,60,0
2025-10-02 22:25:00+00:00,24903.75,24910.55,24901.75,24907.25,820,60,0
2025-10-02 22:30:00+00:00,24907.35,24912.55,24902.65,24907.35,876,60,0
2025-10-02 22:35:00+00:00,24906.85,24907.65,24889.25,24896.85,979,60,0
2025-10-02 22:40:00+00:00,24897.05,24898.85,24888.65,24897.75,952,60,0
2025-10-02 22:45:00+00:00,24898.15,24902.75,24893.35,24902.75,945,60,0
2025-10-02 22:50:00+00:00,24903.15,24903.15,24885.15,24890.35,1108,60,0
2025-10-02 22:55:00+00:00,24890.65,24900.55,24877.65,24894.05,1176,60,0
2025-10-02 23:00:00+00:00,24895.76,24910.06,24895.16,24903.36,789,78,0
2025-10-02 23:05:00+00:00,24902.96,24910.56,24902.96,24908.16,525,158,0
2025-10-02 23:10:00+00:00,24908.26,24908.36,24903.16,24905.16,395,148,0
2025-10-02 23:15:00+00:00,24905.26,24905.46,24900.66,24903.96,298,148,0
2025-10-02 23:20:00+00:00,24903.86,24904.16,24899.16,24900.46,238,148,0
2025-10-02 23:25:00+00:00,24900.36,24901.46,24897.66,24899.16,203,148,0
2025-10-02 23:30:00+00:00,24899.06,24900.46,24892.46,24892.86,251,148,0
2025-10-02 23:35:00+00:00,24892.66,24894.36,24886.86,24888.36,386,148,0
2025-10-02 23:40:00+00:00,24887.56,24888.16,24884.96,24886.46,163,148,0
2025-10-02 23:45:00+00:00,24886.66,24890.36,24886.16,24889.66,242,148,0
2025-10-03 01:05:00+00:00,24892.36,24896.46,24889.46,24892.76,300,158,0
2025-10-03 01:10:00+00:00,24892.46,24895.46,24891.76,24895.46,203,148,0
2025-10-03 01:15:00+00:00,24895.26,24895.96,24888.56,24891.76,261,148,0
2025-10-03 01:20:00+00:00,24891.66,24891.76,24886.16,24886.26,187,148,0
2025-10-03 01:25:00+00:00,24886.56,24886.76,24879.16,24879.56,209,148,0
2025-10-03 01:30:00+00:00,24879.26,24880.06,24865.66,24870.16,378,148,0
2025-10-03 01:35:00+00:00,24870.06,24875.06,24862.96,24874.66,424,168,0
2025-10-03 01:40:00+00:00,24874.96,24886.26,24874.96,24886.26,315,148,0
2025-10-03 01:45:00+00:00,24886.46,24888.76,24881.36,24888.56,268,148,0
2025-10-03 01:50:00+00:00,24888.26,24894.76,24888.26,24893.76,194,148,0
2025-10-03 01:55:00+00:00,24893.96,24894.46,24891.06,24893.76,173,148,0
2025-10-03 02:00:00+00:00,24893.26,24894.85,24887.15,24888.05,225,130,0
2025-10-03 02:05:00+00:00,24888.35,24894.85,24887.35,24894.55,156,130,0
2025-10-03 02:10:00+00:00,24894.65,24904.95,24894.65,24904.55,316,130,0
2025-10-03 02:15:00+00:00,24904.95,24905.65,24900.35,24900.35,186,130,0
2025-10-03 02:20:00+00:00,24900.65,24904.35,24899.75,24903.25,137,130,0
2025-10-03 02:25:00+00:00,24903.15,24907.35,24902.35,24906.75,104,130,0
2025-10-03 02:30:00+00:00,24907.15,24908.65,24904.75,24908.15,181,130,0
2025-10-03 02:35:00+00:00,24908.35,24909.15,24905.65,24907.85,111,130,0
2025-10-03 02:40:00+00:00,24908.05,24911.15,24907.15,24909.65,151,130,0
2025-10-03 02:45:00+00:00,24909.25,24909.75,24904.65,24907.05,188,130,0
2025-10-03 02:50:00+00:00,24906.85,24911.35,24906.35,24911.35,230,130,0
2025-10-03 02:55:00+00:00,24911.15,24914.55,24909.35,24913.85,224,130,0
2025-10-03 03:00:00+00:00,24914.05,24915.05,24905.55,24907.45,620,140,0
2025-10-03 03:05:00+00:00,24907.25,24919.25,24906.25,24915.75,398,150,0
2025-10-03 03:10:00+00:00,24915.65,24924.45,24914.05,24915.75,368,150,0
2025-10-03 03:15:00+00:00,24915.65,24922.45,24913.45,24921.35,374,140,0
2025-10-03 03:20:00+00:00,24921.05,24926.45,24920.75,24922.55,310,130,0
2025-10-03 03:25:00+00:00,24922.35,24923.85,24921.05,24923.05,221,130,0
2025-10-03 03:30:00+00:00,24922.55,24929.55,24920.85,24928.85,224,130,0
2025-10-03 03:35:00+00:00,24928.75,24939.35,24928.15,24936.05,357,130,0
2025-10-03 03:40:00+00:00,24935.55,24940.25,24934.25,24937.45,293,130,0
2025-10-03 03:45:00+00:00,24937.55,24941.85,24935.75,24939.55,373,130,0
2025-10-03 03:50:00+00:00,24939.45,24945.05,24939.35,24942.55,341,130,0
2025-10-03 03:55:00+00:00,24942.45,24946.95,24934.95,24936.35,362,130,0
2025-10-03 04:00:00+00:00,24936.05,24938.35,24930.95,24933.15,356,130,0
2025-10-03 04:05:00+00:00,24933.65,24937.35,24927.55,24932.55,446,130,0
2025-10-03 04:10:00+00:00,24932.65,24937.55,24931.55,24932.55,375,140,0
2025-10-03 04:15:00+00:00,24933.05,24934.85,24927.85,24934.05,370,140,0
2025-10-03 04:20:00+00:00,24933.55,24934.95,24928.85,24933.15,337,130,0
2025-10-03 04:25:00+00:00,24932.85,24934.35,24930.05,24932.75,348,130,0
2025-10-03 04:30:00+00:00,24932.05,24937.15,24930.15,24936.15,324,130,0
2025-10-03 04:35:00+00:00,24936.35,24941.35,24935.25,24940.15,320,130,0
2025-10-03 04:40:00+00:00,24940.05,24947.85,24939.35,24946.25,334,130,0
2025-10-03 04:45:00+00:00,24946.15,24948.75,24944.05,24948.75,337,130,0
2025-10-03 04:50:00+00:00,24949.35,24951.35,24946.65,24950.05,338,130,0
2025-10-03 04:55:00+00:00,24949.85,24951.55,24946.85,24950.55,293,130,0
2025-10-03 05:00:00+00:00,24950.65,24951.25,24944.85,24944.85,331,130,0
2025-10-03 05:05:00+00:00,24945.05,24945.25,24936.85,24942.05,356,130,0
2025-10-03 05:10:00+00:00,24941.85,24942.35,24936.15,24940.55,311,130,0
2025-10-03 05:15:00+00:00,24940.75,24945.85,24940.65,24943.65,282,130,0
2025-10-03 05:20:00+00:00,24943.85,24946.25,24942.05,24944.15,222,130,0
2025-10-03 05:25:00+00:00,24943.85,24947.55,24941.65,24946.35,275,130,0
2025-10-03 05:30:00+00:00,24945.85,24950.15,24944.65,24949.85,228,130,0
2025-10-03 05:35:00+00:00,24949.75,24953.75,24949.15,24951.85,292,130,0
2025-10-03 05:40:00+00:00,24952.15,24953.35,24950.55,24951.15,211,130,0
2025-10-03 05:45:00+00:00,24951.05,24952.35,24945.05,24945.75,200,130,0
2025-10-03 05:50:00+00:00,24945.35,24948.65,24942.55,24948.15,210,130,0
2025-10-03 05:55:00+00:00,24947.85,24949.85,24946.05,24947.65,150,130,0
2025-10-03 06:00:00+00:00,24947.15,24948.65,24945.65,24947.35,177,130,0
2025-10-03 06:05:00+00:00,24947.55,24952.15,24946.35,24951.35,221,130,0
2025-10-03 06:10:00+00:00,24951.15,24951.15,24947.85,24948.05,144,130,0
2025-10-03 06:15:00+00:00,24947.85,24949.05,24946.65,24948.05,182,130,0
2025-10-03 06:20:00+00:00,24947.85,24949.05,24945.75,24946.85,125,130,0
2025-10-03 06:25:00+00:00,24946.75,24949.15,24946.55,24946.75,167,130,0
2025-10-03 06:30:00+00:00,24945.85,24950.15,24945.25,24949.55,200,130,0
2025-10-03 06:35:00+00:00,24950.15,24951.25,24946.85,24950.35,159,130,0
2025-10-03 06:40:00+00:00,24950.55,24952.05,24949.65,24950.35,145,130,0
2025-10-03 06:45:00+00:00,24950.55,24960.35,24948.55,24960.25,223,130,0
2025-10-03 06:50:00+00:00,24960.25,24964.35,24959.35,24961.75,289,130,0
2025-10-03 06:55:00+00:00,24961.15,24963.05,24959.75,24960.05,179,130,0
2025-10-03 07:00:00+00:00,24959.65,24961.75,24958.55,24961.65,150,130,0
2025-10-03 07:05:00+00:00,24961.75,24966.05,24961.75,24963.75,195,130,0
2025-10-03 07:10:00+00:00,24963.25,24963.25,24960.75,24961.05,204,130,0
2025-10-03 07:15:00+00:00,24961.15,24961.25,24957.25,24957.65,190,130,0
2025-10-03 07:20:00+00:00,24957.75,24959.85,24957.15,24957.85,96,130,0
2025-10-03 07:25:00+00:00,24957.75,24959.75,24956.25,24958.25,153,130,0
2025-10-03 07:30:00+00:00,24959.05,24962.35,24957.35,24961.85,190,130,0
2025-10-03 07:35:00+00:00,24962.15,24962.15,24959.75,24960.55,128,130,0
2025-10-03 07:40:00+00:00,24960.65,24964.85,24959.65,24964.25,148,130,0
2025-10-03 07:45:00+00:00,24964.55,24964.55,24961.55,24962.65,135,130,0
2025-10-03 07:50:00+00:00,24961.85,24962.15,24960.15,24961.15,139,130,0
2025-10-03 07:55:00+00:00,24961.05,24964.65,24960.55,24963.75,156,130,0
2025-10-03 08:00:00+00:00,24963.15,24965.75,24962.75,24963.85,195,130,0
2025-10-03 08:05:00+00:00,24963.65,24972.15,24963.55,24970.45,301,130,0
2025-10-03 08:10:00+00:00,24970.75,24973.85,24967.85,24970.35,237,130,0
2025-10-03 08:15:00+00:00,24970.25,24970.35,24965.25,24968.35,228,130,0
2025-10-03 08:20:00+00:00,24968.65,24973.55,24968.35,24973.35,227,130,0
2025-10-03 08:25:00+00:00,24973.25,24977.05,24973.15,24976.75,207,130,0
2025-10-03 08:30:00+00:00,24976.15,24978.55,24975.65,24978.05,222,130,0
2025-10-03 08:35:00+00:00,24977.35,24979.25,24976.75,24977.55,168,130,0
2025-10-03 08:40:00+00:00,24977.65,24981.55,24977.05,24980.55,218,130,0
2025-10-03 08:45:00+00:00,24980.35,24981.05,24967.25,24968.75,252,130,0
2025-10-03 08:50:00+00:00,24969.05,24971.55,24968.85,24970.35,197,130,0
2025-10-03 08:55:00+00:00,24970.25,24970.35,24961.05,24961.05,227,130,0
2025-10-03 09:00:00+00:00,24961.25,24961.35,24945.55,24952.05,580,130,0
2025-10-03 09:05:00+00:00,24951.75,24959.35,24950.95,24958.25,407,140,0
2025-10-03 09:10:00+00:00,24958.35,24970.55,24958.35,24964.05,399,130,0
2025-10-03 09:15:00+00:00,24963.95,24968.55,24962.55,24967.65,277,130,0
2025-10-03 09:20:00+00:00,24967.35,24971.65,24966.15,24968.85,264,130,0
2025-10-03 09:25:00+00:00,24968.75,24971.65,24967.85,24970.25,248,130,0
2025-10-03 09:30:00+00:00,24970.15,24978.35,24969.85,24976.15,327,130,0
2025-10-03 09:35:00+00:00,24976.35,24981.25,24976.35,24980.35,250,130,0
2025-10-03 09:40:00+00:00,24980.15,24980.35,24971.05,24971.35,272,130,0
2025-10-03 09:45:00+00:00,24971.45,24971.55,24966.55,24969.25,301,140,0
2025-10-03 09:50:00+00:00,24969.55,24977.85,24968.05,24976.05,296,130,0
2025-10-03 09:55:00+00:00,24975.85,24977.35,24973.15,24973.15,309,130,0
2025-10-03 10:00:00+00:00,24973.55,24978.75,24969.05,24977.75,636,130,0
2025-10-03 10:05:00+00:00,24978.05,24982.95,24969.95,24970.65,575,140,0
2025-10-03 10:10:00+00:00,24970.85,24974.95,24967.95,24970.95,472,150,0
2025-10-03 10:15:00+00:00,24971.05,24976.35,24969.75,24974.25,402,140,0
2025-10-03 10:20:00+00:00,24974.45,24978.35,24968.55,24969.45,426,130,0
2025-10-03 10:25:00+00:00,24969.55,24970.35,24965.05,24967.55,420,140,0
2025-10-03 10:30:00+00:00,24967.75,24970.35,24964.95,24968.05,364,140,0
2025-10-03 10:35:00+00:00,24968.55,24969.35,24962.55,24966.25,371,140,0
2025-10-03 10:40:00+00:00,24965.85,24974.75,24965.85,24969.05,419,140,0
2025-10-03 10:45:00+00:00,24968.85,24973.85,24967.35,24970.75,312,140,0
2025-10-03 10:50:00+00:00,24970.85,24976.05,24968.45,24968.85,320,130,0
2025-10-03 10:55:00+00:00,24968.95,24972.85,24965.35,24971.55,357,140,0
2025-10-03 11:00:00+00:00,24970.55,24975.05,24965.25,24971.15,654,140,0
2025-10-03 11:05:00+00:00,24972.15,24974.85,24966.55,24970.35,504,140,0
2025-10-03 11:10:00+00:00,24971.35,24972.05,24965.25,24971.65,417,140,0
2025-10-03 11:15:00+00:00,24971.75,24974.85,24963.45,24967.55,468,140,0
2025-10-03 11:20:00+00:00,24967.25,24970.55,24964.75,24970.45,346,140,0
2025-10-03 11:25:00+00:00,24970.55,24972.25,24967.45,24969.45,420,130,0
2025-10-03 11:30:00+00:00,24969.05,24970.75,24965.05,24965.15,355,130,0
2025-10-03 11:35:00+00:00,24964.65,24968.85,24963.05,24967.75,331,130,0
2025-10-03 11:40:00+00:00,24968.15,24968.75,24966.05,24967.85,322,130,0
2025-10-03 11:45:00+00:00,24967.15,24971.45,24965.55,24969.25,334,130,0
2025-10-03 11:50:00+00:00,24969.35,24970.65,24967.05,24970.05,272,130,0
2025-10-03 11:55:00+00:00,24969.85,24972.85,24968.05,24972.65,309,130,0
2025-10-03 12:00:00+00:00,24972.55,24975.75,24965.35,24965.75,336,130,0
2025-10-03 12:05:00+00:00,24965.85,24973.35,24965.75,24970.25,310,130,0
2025-10-03 12:10:00+00:00,24970.55,24974.25,24969.35,24969.75,282,130,0
2025-10-03 12:15:00+00:00,24970.15,24970.85,24962.65,24963.05,323,130,0
2025-10-03 12:20:00+00:00,24963.65,24968.45,24961.95,24967.05,327,130,0
2025-10-03 12:25:00+00:00,24966.05,24967.45,24964.35,24966.15,271,130,0
2025-10-03 12:30:00+00:00,24966.25,24969.85,24964.55,24969.65,248,130,0
2025-10-03 12:35:00+00:00,24969.85,24973.75,24967.75,24973.25,245,130,0
2025-10-03 12:40:00+00:00,24973.65,24974.15,24967.35,24969.25,308,130,0
2025-10-03 12:45:00+00:00,24969.35,24974.35,24968.05,24974.25,261,130,0
2025-10-03 12:50:00+00:00,24974.15,24975.55,24973.25,24975.55,315,130,0
2025-10-03 12:55:00+00:00,24975.85,24982.65,24975.75,24982.05,305,130,0
2025-10-03 13:00:00+00:00,24982.15,24983.85,24979.85,24981.35,350,130,0
2025-10-03 13:05:00+00:00,24982.15,24985.85,24978.35,24978.35,286,130,0
2025-10-03 13:10:00+00:00,24978.65,24980.05,24975.05,24978.85,272,130,0
2025-10-03 13:15:00+00:00,24979.05,24980.15,24974.05,24975.85,257,130,0
2025-10-03 13:20:00+00:00,24975.75,24976.85,24972.05,24974.25,268,130,0
2025-10-03 13:25:00+00:00,24974.65,24975.05,24969.35,24969.35,224,130,0
2025-10-03 13:30:00+00:00,24969.25,24972.25,24962.05,24962.05,306,130,0
2025-10-03 13:35:00+00:00,24961.75,24961.85,24948.95,24953.95,488,130,0
2025-10-03 13:40:00+00:00,24954.35,24963.35,24954.25,24960.45,382,140,0
2025-10-03 13:45:00+00:00,24960.55,24964.05,24960.35,24960.65,320,130,0
2025-10-03 13:50:00+00:00,24960.75,24963.45,24959.55,24960.55,276,130,0
2025-10-03 13:55:00+00:00,24960.05,24961.15,24952.85,24953.65,347,130,0
2025-10-03 14:00:00+00:00,24953.55,24962.05,24951.75,24952.55,509,130,0
2025-10-03 14:05:00+00:00,24952.75,24959.55,24951.55,24956.35,377,130,0
2025-10-03 14:10:00+00:00,24956.05,24957.15,24943.95,24949.45,486,130,0
2025-10-03 14:15:00+00:00,24949.55,24952.95,24940.05,24944.05,551,150,0
2025-10-03 14:20:00+00:00,24943.75,24946.75,24938.75,24939.85,425,150,0
2025-10-03 14:25:00+00:00,24939.75,24942.85,24931.55,24935.75,513,140,0
2025-10-03 14:30:00+00:00,24935.95,24937.65,24927.35,24928.15,564,150,0
2025-10-03 14:35:00+00:00,24927.85,24938.45,24922.65,24937.95,623,160,0
2025-10-03 14:40:00+00:00,24937.75,24948.75,24937.05,24948.25,576,150,0
2025-10-03 14:45:00+00:00,24948.45,24952.45,24944.65,24951.05,489,150,0
2025-10-03 14:50:00+00:00,24950.65,24954.85,24928.85,24928.85,656,140,0
2025-10-03 14:55:00+00:00,24928.35,24937.85,24920.05,24928.65,798,170,0
2025-10-03 15:00:00+00:00,24928.95,24934.45,24923.45,24933.15,706,170,0
2025-10-03 15:05:00+00:00,24932.65,24936.85,24928.75,24929.95,515,160,0
2025-10-03 15:10:00+00:00,24930.25,24938.65,24926.45,24933.55,476,150,0
2025-10-03 15:15:00+00:00,24933.75,24937.05,24929.25,24929.55,411,140,0
2025-10-03 15:20:00+00:00,24929.65,24932.45,24920.65,24921.75,610,150,0
2025-10-03 15:25:00+00:00,24921.25,24928.75,24919.25,24928.45,382,140,0
2025-10-03 15:30:00+00:00,24928.75,24934.75,24925.95,24925.95,480,140,0
2025-10-03 15:35:00+00:00,24925.85,24926.75,24914.35,24923.55,773,160,0
2025-10-03 15:40:00+00:00,24924.05,24924.55,24905.15,24905.65,690,160,0
2025-10-03 15:45:00+00:00,24905.45,24908.75,24894.65,24903.55,901,160,0
2025-10-03 15:50:00+00:00,24903.45,24912.85,24896.45,24911.75,728,160,0
2025-10-03 15:55:00+00:00,24912.15,24917.75,24907.95,24911.25,659,150,0
2025-10-03 16:00:00+00:00,24911.35,24913.85,24907.35,24909.35,766,160,0
2025-10-03 16:05:00+00:00,24909.25,24920.15,24908.65,24917.75,731,160,0
2025-10-03 16:10:00+00:00,24917.15,24918.65,24911.65,24912.75,599,140,0
2025-10-03 16:15:00+00:00,24912.55,24917.75,24909.25,24915.95,673,140,0
2025-10-03 16:20:00+00:00,24916.25,24921.45,24912.25,24918.35,753,150,0
2025-10-03 16:25:00+00:00,24921.45,24928.35,24918.15,24923.55,986,170,0
2025-10-03 16:30:00+00:00,24927.35,24955.15,24912.65,24936.75,1572,60,0
2025-10-03 16:35:00+00:00,24936.25,24952.65,24924.25,24950.45,1512,100,0
2025-10-03 16:40:00+00:00,24950.65,24956.15,24906.65,24927.25,1477,100,0
2025-10-03 16:45:00+00:00,24926.15,24949.05,24920.15,24942.55,1421,100,0
2025-10-03 16:50:00+00:00,24942.25,24958.25,24927.15,24929.15,1453,100,0
2025-10-03 16:55:00+00:00,24927.45,24929.45,24892.95,24898.55,1447,100,0
2025-10-03 17:00:00+00:00,24894.15,24895.65,24858.25,24876.65,1537,100,0
2025-10-03 17:05:00+00:00,24875.25,24879.95,24843.45,24865.65,1517,100,0
2025-10-03 17:10:00+00:00,24865.15,24878.75,24848.55,24867.55,1465,100,0
2025-10-03 17:15:00+00:00,24866.65,24891.15,24863.55,24865.65,1447,100,0
2025-10-03 17:20:00+00:00,24865.95,24874.65,24850.65,24870.95,1465,100,0
2025-10-03 17:25:00+00:00,24870.45,24897.45,24864.15,24881.65,1370,100,0
2025-10-03 17:30:00+00:00,24881.95,24890.75,24870.35,24885.35,1317,60,0
2025-10-03 17:35:00+00:00,24885.15,24907.85,24879.35,24900.85,1270,60,0
2025-10-03 17:40:00+00:00,24900.65,24918.75,24897.65,24902.35,1214,60,0
2025-10-03 17:45:00+00:00,24902.95,24910.35,24888.35,24891.15,1289,60,0
2025-10-03 17:50:00+00:00,24891.05,24912.95,24883.85,24911.95,1272,60,0
2025-10-03 17:55:00+00:00,24911.85,24914.85,24903.85,24908.15,1163,60,0
2025-10-03 18:00:00+00:00,24909.35,24909.85,24895.15,24898.65,1206,60,0
2025-10-03 18:05:00+00:00,24898.85,24913.95,24893.85,24901.65,1215,60,0
2025-10-03 18:10:00+00:00,24902.35,24917.85,24891.65,24916.85,1088,60,0
2025-10-03 18:15:00+00:00,24915.85,24923.95,24914.95,24922.15,1068,60,0
2025-10-03 18:20:00+00:00,24921.85,24933.95,24916.15,24933.35,1101,60,0
2025-10-03 18:25:00+00:00,24933.65,24933.75,24918.35,24925.65,1116,60,0
2025-10-03 18:30:00+00:00,24924.35,24930.65,24915.75,24920.15,1066,60,0
2025-10-03 18:35:00+00:00,24920.35,24929.85,24911.35,24911.35,1056,60,0
2025-10-03 18:40:00+00:00,24911.85,24912.65,24895.85,24911.75,1153,60,0
2025-10-03 18:45:00+00:00,24911.15,24918.75,24904.15,24915.15,1049,60,0
2025-10-03 18:50:00+00:00,24914.75,24928.45,24914.65,24928.35,986,60,0
2025-10-03 18:55:00+00:00,24927.95,24943.35,24924.85,24936.75,1029,60,0
2025-10-03 19:00:00+00:00,24936.15,24941.85,24933.75,24939.85,920,60,0
2025-10-03 19:05:00+00:00,24940.15,24946.85,24934.15,24935.65,915,60,0
2025-10-03 19:10:00+00:00,24935.85,24936.85,24925.95,24935.35,939,60,0
2025-10-03 19:15:00+00:00,24935.85,24941.95,24932.95,24941.85,826,60,0
2025-10-03 19:20:00+00:00,24941.95,24943.25,24927.35,24928.65,821,60,0
2025-10-03 19:25:00+00:00,24928.85,24936.45,24919.85,24934.15,943,60,0
2025-10-03 19:30:00+00:00,24933.85,24936.15,24929.85,24934.15,730,60,0
2025-10-03 19:35:00+00:00,24934.35,24935.15,24918.45,24918.85,872,60,0
2025-10-03 19:40:00+00:00,24918.65,24920.85,24908.35,24911.35,970,60,0
2025-10-03 19:45:00+00:00,24911.65,24920.25,24908.85,24912.35,921,60,0
2025-10-03 19:50:00+00:00,24912.15,24915.85,24899.75,24911.75,953,60,0
2025-10-03 19:55:00+00:00,24911.15,24917.65,24905.15,24909.65,965,60,0
2025-10-03 20:00:00+00:00,24908.15,24908.15,24822.45,24843.55,1401,60,0
2025-10-03 20:05:00+00:00,24843.15,24859.95,24814.55,24857.95,1503,100,0
2025-10-03 20:10:00+00:00,24856.15,24885.65,24845.05,24872.65,1345,100,0
2025-10-03 20:15:00+00:00,24872.95,24872.95,24836.65,24837.95,1322,100,0
2025-10-03 20:20:00+00:00,24837.65,24844.55,24819.25,24826.15,1379,100,0
2025-10-03 20:25:00+00:00,24826.55,24835.65,24813.95,24817.95,1344,100,0
2025-10-03 20:30:00+00:00,24817.05,24850.15,24806.25,24829.95,1353,100,0
2025-10-03 20:35:00+00:00,24830.15,24837.95,24820.45,24830.75,1306,100,0
2025-10-03 20:40:00+00:00,24831.15,24833.65,24793.45,24800.45,1380,100,0
2025-10-03 20:45:00+00:00,24801.95,24806.65,24770.65,24780.65,1426,100,0
2025-10-03 20:50:00+00:00,24779.75,24782.55,24715.95,24718.15,1528,100,0
2025-10-03 20:55:00+00:00,24716.25,24774.65,24716.25,24765.25,1556,100,0
2025-10-03 21:00:00+00:00,24765.15,24770.55,24731.15,24731.15,1509,100,0
2025-10-03 21:05:00+00:00,24731.65,24748.25,24717.95,24736.75,1523,100,0
2025-10-03 21:10:00+00:00,24736.55,24777.95,24733.75,24765.05,1480,100,0
2025-10-03 21:15:00+00:00,24765.25,24801.45,24762.15,24797.95,1404,100,0
2025-10-03 21:20:00+00:00,24798.15,24812.15,24784.05,24812.15,1338,100,0
2025-10-03 21:25:00+00:00,24811.55,24835.95,24808.75,24829.45,1231,60,0
2025-10-03 21:30:00+00:00,24829.95,24833.15,24785.55,24804.45,1344,60,0
2025-10-03 21:35:00+00:00,24803.15,24810.25,24792.95,24801.95,1336,100,0
2025-10-03 21:40:00+00:00,24801.75,24812.65,24792.55,24803.95,1262,90,0
2025-10-03 21:45:00+00:00,24803.25,24804.65,24776.95,24778.55,1235,60,0
2025-10-03 21:50:00+00:00,24778.95,24789.55,24770.55,24787.15,1249,90,0
2025-10-03 21:55:00+00:00,24787.05,24804.55,24785.95,24800.85,1196,60,0
2025-10-03 22:00:00+00:00,24800.35,24808.75,24788.15,24795.45,1319,60,0
2025-10-03 22:05:00+00:00,24795.15,24805.95,24789.15,24801.35,1203,60,0
2025-10-03 22:10:00+00:00,24801.15,24821.25,24798.85,24802.35,1122,60,0
2025-10-03 22:15:00+00:00,24802.25,24808.15,24791.85,24799.35,1116,60,0
2025-10-03 22:20:00+00:00,24799.25,24802.15,24787.25,24792.35,1046,60,0
2025-10-03 22:25:00+00:00,24792.65,24803.15,24791.75,24795.65,879,60,0
2025-10-03 22:30:00+00:00,24795.35,24808.25,24789.75,24803.85,1055,60,0
2025-10-03 22:35:00+00:00,24803.75,24814.35,24800.85,24803.65,1027,60,0
2025-10-03 22:40:00+00:00,24803.15,24817.45,24802.15,24804.15,998,60,0
2025-10-03 22:45:00+00:00,24803.15,24813.15,24802.65,24810.25,1028,60,0
2025-10-03 22:50:00+00:00,24805.35,24805.35,24787.15,24797.75,1395,60,0
2025-10-03 22:55:00+00:00,24797.65,24799.95,24772.15,24786.05,1388,60,0
2025-10-03 23:00:00+00:00,24788.56,24796.86,24767.16,24768.16,1060,118,0
2025-10-03 23:05:00+00:00,24768.46,24776.26,24765.06,24768.26,760,188,0
2025-10-03 23:10:00+00:00,24767.96,24773.36,24766.76,24772.56,641,168,0
2025-10-03 23:15:00+00:00,24772.66,24774.86,24767.76,24769.66,401,158,0
2025-10-03 23:20:00+00:00,24769.76,24771.66,24767.96,24771.46,236,148,0
2025-10-03 23:25:00+00:00,24771.26,24773.66,24767.16,24773.46,291,148,0
2025-10-03 23:30:00+00:00,24773.56,24777.56,24772.66,24775.16,308,148,0
2025-10-03 23:35:00+00:00,24775.46,24777.56,24773.26,24775.46,205,148,0
2025-10-03 23:40:00+00:00,24775.66,24778.16,24774.96,24776.96,212,148,0
2025-10-03 23:45:00+00:00,24776.76,24776.96,24770.66,24771.96,289,148,0
2025-10-06 01:05:00+00:00,24815.16,24831.56,24814.16,24818.26,749,208,0
2025-10-06 01:10:00+00:00,24818.66,24827.96,24808.46,24827.86,667,198,0
2025-10-06 01:15:00+00:00,24827.96,24838.46,24824.66,24834.26,578,188,0
2025-10-06 01:20:00+00:00,24834.56,24842.36,24832.46,24833.96,550,178,0
2025-10-06 01:25:00+00:00,24834.56,24838.66,24832.16,24834.16,410,168,0
2025-10-06 01:30:00+00:00,24833.96,24837.86,24832.66,24837.76,349,158,0
2025-10-06 01:35:00+00:00,24837.96,24839.56,24833.66,24834.26,247,148,0
2025-10-06 01:40:00+00:00,24834.16,24839.26,24833.56,24839.06,243,148,0
2025-10-06 01:45:00+00:00,24838.86,24849.96,24838.86,24846.36,453,148,0
2025-10-06 01:50:00+00:00,24846.26,24851.96,24840.36,24849.66,372,168,0
2025-10-06 01:55:00+00:00,24849.56,24853.76,24846.86,24848.56,353,158,0
2025-10-06 02:00:00+00:00,24848.66,24858.45,24848.05,24855.15,462,140,0
2025-10-06 02:05:00+00:00,24854.75,24856.95,24851.85,24854.85,334,140,0
2025-10-06 02:10:00+00:00,24854.75,24858.55,24851.75,24854.95,270,130,0
2025-10-06 02:15:00+00:00,24854.85,24858.85,24853.05,24855.35,272,130,0
2025-10-06 02:20:00+00:00,24855.05,24856.15,24851.85,24853.75,275,130,0
2025-10-06 02:25:00+00:00,24854.05,24862.15,24853.05,24861.85,312,130,0
2025-10-06 02:30:00+00:00,24862.15,24876.35,24862.15,24872.25,775,140,0
2025-10-06 02:35:00+00:00,24871.45,24876.45,24871.35,24873.95,480,150,0
2025-10-06 02:40:00+00:00,24873.85,24881.35,24873.85,24878.85,386,140,0
2025-10-06 02:45:00+00:00,24878.55,24882.15,24867.85,24871.25,869,150,0
2025-10-06 02:50:00+00:00,24871.35,24873.35,24862.75,24865.45,685,150,0
2025-10-06 02:55:00+00:00,24865.25,24867.25,24859.35,24862.55,595,140,0
2025-10-06 03:00:00+00:00,24862.35,24865.85,24856.45,24859.45,898,140,0
2025-10-06 03:05:00+00:00,24859.25,24869.15,24856.95,24860.25,855,160,0
2025-10-06 03:10:00+00:00,24860.55,24869.15,24854.65,24867.55,816,150,0
2025-10-06 03:15:00+00:00,24867.65,24870.15,24862.45,24866.65,777,160,0
2025-10-06 03:20:00+00:00,24866.25,24866.55,24853.45,24853.75,697,150,0
2025-10-06 03:25:00+00:00,24853.35,24856.25,24850.55,24854.55,535,140,0
2025-10-06 03:30:00+00:00,24854.75,24857.05,24848.05,24851.25,601,140,0
2025-10-06 03:35:00+00:00,24851.35,24854.75,24847.05,24848.15,567,140,0
2025-10-06 03:40:00+00:00,24847.75,24852.05,24847.75,24850.95,457,130,0
2025-10-06 03:45:00+00:00,24851.65,24855.25,24846.45,24854.35,446,130,0
2025-10-06 03:50:00+00:00,24854.55,24858.35,24854.35,24856.65,337,130,0
2025-10-06 03:55:00+00:00,24856.85,24860.15,24855.35,24859.85,370,130,0
2025-10-06 04:00:00+00:00,24859.45,24860.65,24851.25,24856.15,454,130,0
2025-10-06 04:05:00+00:00,24855.85,24859.55,24855.15,24857.45,313,130,0
2025-10-06 04:10:00+00:00,24857.35,24861.15,24857.35,24860.55,308,130,0
2025-10-06 04:15:00+00:00,24860.85,24861.35,24856.05,24859.85,356,130,0
2025-10-06 04:20:00+00:00,24859.65,24859.65,24852.85,24856.35,314,130,0
2025-10-06 04:25:00+00:00,24856.25,24860.15,24854.45,24859.85,281,130,0
2025-10-06 04:30:00+00:00,24859.95,24867.55,24859.85,24867.45,408,130,0
2025-10-06 04:35:00+00:00,24867.55,24871.05,24865.55,24870.35,366,130,0
2025-10-06 04:40:00+00:00,24870.15,24872.45,24867.35,24869.35,330,130,0
2025-10-06 04:45:00+00:00,24869.25,24871.15,24866.65,24868.65,326,130,0
2025-10-06 04:50:00+00:00,24868.85,24872.95,24867.35,24871.15,311,130,0
2025-10-06 04:55:00+00:00,24871.05,24873.15,24868.05,24871.65,315,130,0
2025-10-06 05:00:00+00:00,24871.45,24875.95,24870.55,24872.95,288,130,0
2025-10-06 05:05:00+00:00,24873.05,24873.05,24869.05,24869.15,296,130,0
2025-10-06 05:10:00+00:00,24870.15,24874.45,24869.95,24874.45,261,130,0
2025-10-06 05:15:00+00:00,24874.55,24876.65,24872.85,24876.05,253,130,0
2025-10-06 05:20:00+00:00,24875.95,24877.45,24875.35,24876.35,250,130,0
2025-10-06 05:25:00+00:00,24876.15,24877.15,24872.05,24873.55,205,130,0
2025-10-06 05:30:00+00:00,24873.65,24875.65,24873.45,24874.65,174,130,0
2025-10-06 05:35:00+00:00,24874.45,24876.85,24873.85,24875.85,118,130,0
2025-10-06 05:40:00+00:00,24876.35,24877.85,24875.55,24876.55,169,130,0
2025-10-06 05:45:00+00:00,24876.65,24877.35,24873.95,24876.35,110,130,0
2025-10-06 05:50:00+00:00,24876.15,24878.35,24872.85,24878.05,167,130,0
2025-10-06 05:55:00+00:00,24878.15,24878.35,24875.35,24876.85,132,130,0
2025-10-06 06:00:00+00:00,24876.65,24884.55,24876.45,24884.05,212,130,0
2025-10-06 06:05:00+00:00,24884.45,24888.35,24882.55,24888.15,241,130,0
2025-10-06 06:10:00+00:00,24888.35,24890.55,24885.45,24889.05,224,130,0
2025-10-06 06:15:00+00:00,24888.85,24889.15,24884.85,24884.95,186,130,0
2025-10-06 06:20:00+00:00,24884.85,24888.85,24884.35,24886.05,235,130,0
2025-10-06 06:25:00+00:00,24886.15,24887.55,24885.85,24885.95,179,130,0
2025-10-06 06:30:00+00:00,24885.85,24887.85,24879.95,24887.85,315,130,0
2025-10-06 06:35:00+00:00,24887.65,24887.65,24879.95,24883.65,301,130,0
2025-10-06 06:40:00+00:00,24883.85,24890.15,24883.55,24889.35,227,130,0
2025-10-06 06:45:00+00:00,24889.15,24891.65,24888.35,24891.65,193,130,0
2025-10-06 06:50:00+00:00,24891.55,24894.15,24889.85,24890.65,258,130,0
2025-10-06 06:55:00+00:00,24891.05,24891.15,24883.85,24884.15,263,130,0
2025-10-06 07:00:00+00:00,24884.45,24884.95,24863.75,24871.05,571,130,0
2025-10-06 07:05:00+00:00,24869.75,24879.35,24868.55,24878.85,536,140,0
2025-10-06 07:10:00+00:00,24879.15,24888.65,24877.35,24887.15,322,140,0
2025-10-06 07:15:00+00:00,24887.35,24887.35,24880.65,24886.95,301,130,0
2025-10-06 07:20:00+00:00,24886.85,24892.15,24886.85,24888.85,257,130,0
2025-10-06 07:25:00+00:00,24888.65,24893.85,24888.15,24893.55,227,130,0
2025-10-06 07:30:00+00:00,24894.15,24898.45,24893.85,24896.05,264,130,0
2025-10-06 07:35:00+00:00,24896.15,24899.95,24895.85,24896.55,289,130,0
2025-10-06 07:40:00+00:00,24897.15,24904.05,24896.95,24903.65,218,130,0
2025-10-06 07:45:00+00:00,24903.45,24903.45,24895.95,24899.15,288,130,0
2025-10-06 07:50:00+00:00,24899.65,24902.05,24896.95,24898.45,193,130,0
2025-10-06 07:55:00+00:00,24898.55,24898.85,24895.65,24897.05,156,130,0
2025-10-06 08:00:00+00:00,24896.65,24898.05,24889.95,24895.35,299,130,0
2025-10-06 08:05:00+00:00,24895.05,24895.05,24885.95,24889.65,356,130,0
2025-10-06 08:10:00+00:00,24889.95,24892.55,24882.05,24882.05,280,130,0
2025-10-06 08:15:00+00:00,24881.65,24884.75,24880.75,24884.25,268,140,0
2025-10-06 08:20:00+00:00,24884.15,24885.65,24882.55,24884.45,217,130,0
2025-10-06 08:25:00+00:00,24884.55,24885.15,24880.55,24880.85,269,130,0
2025-10-06 08:30:00+00:00,24881.05,24882.85,24877.15,24881.85,249,130,0
2025-10-06 08:35:00+00:00,24881.95,24884.55,24881.55,24883.95,229,130,0
2025-10-06 08:40:00+00:00,24884.15,24884.55,24876.35,24883.35,288,130,0
2025-10-06 08:45:00+00:00,24883.65,24884.85,24881.45,24882.35,262,130,0
2025-10-06 08:50:00+00:00,24882.45,24887.95,24880.45,24885.15,240,130,0
2025-10-06 08:55:00+00:00,24885.05,24886.15,24882.65,24883.95,266,130,0
2025-10-06 09:00:00+00:00,24884.45,24887.25,24878.55,24884.55,480,130,0
2025-10-06 09:05:00+00:00,24884.45,24885.75,24879.25,24879.55,458,150,0
2025-10-06 09:10:00+00:00,24879.85,24885.65,24877.65,24885.15,441,140,0
2025-10-06 09:15:00+00:00,24884.85,24891.65,24882.35,24884.05,385,140,0
2025-10-06 09:20:00+00:00,24884.35,24886.95,24882.35,24886.95,284,130,0
2025-10-06 09:25:00+00:00,24887.05,24890.45,24881.05,24885.95,441,130,0
2025-10-06 09:30:00+00:00,24886.05,24892.25,24884.75,24888.25,482,140,0
2025-10-06 09:35:00+00:00,24888.35,24898.35,24885.85,24896.15,349,140,0
2025-10-06 09:40:00+00:00,24896.05,24901.75,24895.15,24895.35,382,140,0
2025-10-06 09:45:00+00:00,24895.25,24900.65,24895.25,24899.15,257,130,0
2025-10-06 09:50:00+00:00,24899.35,24902.65,24898.95,24901.95,212,130,0
2025-10-06 09:55:00+00:00,24901.85,24902.85,24894.95,24896.65,339,130,0
2025-10-06 10:00:00+00:00,24897.75,24900.55,24887.15,24891.95,829,140,0
2025-10-06 10:05:00+00:00,24892.85,24895.65,24888.95,24891.75,539,160,0
2025-10-06 10:10:00+00:00,24892.05,24897.55,24890.25,24896.55,486,140,0
2025-10-06 10:15:00+00:00,24896.45,24899.95,24892.75,24894.75,468,140,0
2025-10-06 10:20:00+00:00,24894.55,24897.25,24882.35,24883.35,472,140,0
2025-10-06 10:25:00+00:00,24883.85,24886.35,24875.95,24880.85,522,150,0
2025-10-06 10:30:00+00:00,24881.05,24882.75,24876.85,24880.25,441,150,0
2025-10-06 10:35:00+00:00,24880.35,24880.35,24868.75,24870.05,512,140,0
2025-10-06 10:40:00+00:00,24870.25,24872.05,24841.45,24869.85,1133,160,0
2025-10-06 10:45:00+00:00,24869.65,24871.15,24861.85,24867.15,892,180,0
2025-10-06 10:50:00+00:00,24866.95,24883.25,24864.45,24878.75,734,160,0
2025-10-06 10:55:00+00:00,24878.95,24888.45,24874.65,24876.55,662,160,0
2025-10-06 11:00:00+00:00,24876.75,24892.45,24873.95,24892.25,907,160,0
2025-10-06 11:05:00+00:00,24892.85,24910.15,24892.85,24901.55,922,170,0
2025-10-06 11:10:00+00:00,24901.95,24906.75,24895.85,24900.75,856,160,0
2025-10-06 11:15:00+00:00,24900.65,24900.65,24890.05,24893.75,819,160,0
2025-10-06 11:20:00+00:00,24894.05,24899.05,24891.45,24898.85,663,150,0
2025-10-06 11:25:00+00:00,24898.95,24899.75,24894.25,24896.35,544,150,0
2025-10-06 11:30:00+00:00,24895.85,24900.85,24895.25,24900.55,565,140,0
2025-10-06 11:35:00+00:00,24900.35,24902.45,24893.55,24898.55,479,150,0
2025-10-06 11:40:00+00:00,24898.75,24902.25,24894.05,24901.25,480,150,0
2025-10-06 11:45:00+00:00,24901.05,24902.25,24893.55,24896.55,445,150,0
2025-10-06 11:50:00+00:00,24897.05,24899.25,24889.35,24898.55,496,150,0
2025-10-06 11:55:00+00:00,24898.75,24905.05,24898.75,24902.55,375,140,0
2025-10-06 12:00:00+00:00,24902.35,24905.55,24900.65,24904.35,382,140,0
2025-10-06 12:05:00+00:00,24904.65,24907.05,24900.05,24901.85,406,140,0
2025-10-06 12:10:00+00:00,24901.65,24906.85,24899.75,24906.75,414,140,0
2025-10-06 12:15:00+00:00,24907.05,24911.55,24905.15,24911.05,433,130,0
2025-10-06 12:20:00+00:00,24911.15,24920.95,24909.35,24918.45,493,140,0
2025-10-06 12:25:00+00:00,24918.55,24922.25,24913.95,24922.25,380,140,0
2025-10-06 12:30:00+00:00,24921.35,24924.95,24916.75,24920.35,365,140,0
2025-10-06 12:35:00+00:00,24919.85,24929.15,24918.35,24927.35,400,140,0
2025-10-06 12:40:00+00:00,24927.25,24935.05,24927.25,24928.25,426,140,0
2025-10-06 12:45:00+00:00,24928.15,24929.05,24921.65,24921.85,406,130,0
2025-10-06 12:50:00+00:00,24921.75,24929.85,24921.35,24926.65,404,130,0
2025-10-06 12:55:00+00:00,24926.95,24930.15,24926.45,24929.65,285,130,0
2025-10-06 13:00:00+00:00,24929.85,24932.35,24926.95,24932.15,374,130,0
2025-10-06 13:05:00+00:00,24931.35,24938.05,24930.35,24936.05,360,140,0
2025-10-06 13:10:00+00:00,24935.65,24935.75,24922.55,24925.55,450,140,0
2025-10-06 13:15:00+00:00,24925.35,24926.35,24920.75,24923.45,302,130,0
2025-10-06 13:20:00+00:00,24923.65,24930.75,24920.45,24927.25,374,130,0
2025-10-06 13:25:00+00:00,24927.35,24931.35,24924.05,24929.65,332,130,0
2025-10-06 13:30:00+00:00,24929.55,24936.35,24929.45,24934.95,316,130,0
2025-10-06 13:35:00+00:00,24935.15,24936.45,24933.85,24935.35,285,130,0
2025-10-06 13:40:00+00:00,24935.15,24939.85,24935.15,24938.55,344,130,0
2025-10-06 13:45:00+00:00,24939.05,24945.35,24939.05,24944.05,315,130,0
2025-10-06 13:50:00+00:00,24944.35,24978.75,24942.05,24964.85,1131,130,0
2025-10-06 13:55:00+00:00,24965.15,24979.75,24959.75,24966.55,1093,190,0
2025-10-06 14:00:00+00:00,24965.55,24965.65,24948.15,24954.85,1168,190,0
2025-10-06 14:05:00+00:00,24955.15,24956.65,24940.65,24945.15,883,170,0
2025-10-06 14:10:00+00:00,24945.35,24955.85,24941.45,24948.45,811,170,0
2025-10-06 14:15:00+00:00,24948.45,24950.15,24937.85,24941.25,845,170,0
2025-10-06 14:20:00+00:00,24941.15,24943.95,24923.95,24930.95,936,170,0
2025-10-06 14:25:00+00:00,24931.15,24950.95,24924.25,24947.85,779,170,0
2025-10-06 14:30:00+00:00,24947.95,24960.55,24947.85,24951.95,799,160,0
2025-10-06 14:35:00+00:00,24952.15,24955.45,24943.15,24954.95,718,170,0
2025-10-06 14:40:00+00:00,24955.15,24964.65,24954.85,24958.85,666,150,0
2025-10-06 14:45:00+00:00,24959.05,24966.95,24957.35,24966.05,484,150,0
2025-10-06 14:50:00+00:00,24966.15,24976.05,24966.15,24973.85,661,140,0
2025-10-06 14:55:00+00:00,24973.55,24981.25,24972.55,24980.15,558,140,0
2025-10-06 15:00:00+00:00,24980.85,25002.15,24974.65,24999.55,944,140,0
2025-10-06 15:05:00+00:00,24999.95,25014.05,24998.05,25013.25,935,160,0
2025-10-06 15:10:00+00:00,25013.45,25036.65,25012.55,25024.65,976,160,0
2025-10-06 15:15:00+00:00,25024.95,25026.95,25009.85,25012.25,938,170,0
2025-10-06 15:20:00+00:00,25012.45,25020.75,25005.35,25014.45,890,170,0
2025-10-06 15:25:00+00:00,25014.25,25020.15,25006.45,25008.95,824,160,0
2025-10-06 15:30:00+00:00,25008.75,25009.45,24991.95,24995.55,841,160,0
2025-10-06 15:35:00+00:00,24995.45,24999.65,24987.65,24993.05,739,160,0
2025-10-06 15:40:00+00:00,24992.75,24994.95,24986.35,24988.45,733,160,0
2025-10-06 15:45:00+00:00,24988.35,24993.75,24982.95,24985.45,780,160,0
2025-10-06 15:50:00+00:00,24985.55,24994.95,24983.25,24991.35,768,160,0
2025-10-06 15:55:00+00:00,24991.15,24995.15,24982.85,24986.45,855,160,0
2025-10-06 16:00:00+00:00,24986.65,24991.15,24975.15,24975.45,888,160,0
2025-10-06 16:05:00+00:00,24975.55,24995.55,24975.25,24981.85,1166,160,0
2025-10-06 16:10:00+00:00,24981.65,24992.45,24980.05,24992.45,903,170,0
2025-10-06 16:15:00+00:00,24992.65,24996.35,24984.65,24993.95,885,170,0
2025-10-06 16:20:00+00:00,24993.65,24995.35,24983.35,24986.75,788,150,0
2025-10-06 16:25:00+00:00,24985.85,25013.05,24985.85,25009.15,1136,170,0
2025-10-06 16:30:00+00:00,25009.85,25017.15,24952.25,24958.55,1630,60,0
2025-10-06 16:35:00+00:00,24957.55,24989.45,24944.55,24958.05,1564,100,0
2025-10-06 16:40:00+00:00,24957.85,24978.45,24913.55,24936.55,1584,100,0
2025-10-06 16:45:00+00:00,24936.35,24968.55,24932.05,24960.45,1537,100,0
2025-10-06 16:50:00+00:00,24961.55,24961.75,24925.45,24945.25,1578,100,0
2025-10-06 16:55:00+00:00,24941.95,24954.75,24931.85,24951.35,1541,100,0
2025-10-06 17:00:00+00:00,24951.25,24972.75,24937.35,24968.85,1516,100,0
2025-10-06 17:05:00+00:00,24968.75,24974.45,24942.95,24944.75,1510,100,0
2025-10-06 17:10:00+00:00,24944.45,24960.35,24931.05,24955.45,1518,100,0
2025-10-06 17:15:00+00:00,24955.35,24966.95,24951.25,24957.55,1453,100,0
2025-10-06 17:20:00+00:00,24958.45,24979.85,24951.95,24954.45,1397,100,0
2025-10-06 17:25:00+00:00,24954.35,24955.25,24936.45,24938.95,1398,100,0
2025-10-06 17:30:00+00:00,24938.45,24947.25,24924.85,24928.45,1363,100,0
2025-10-06 17:35:00+00:00,24928.95,24939.45,24917.95,24938.45,1350,100,0
2025-10-06 17:40:00+00:00,24939.25,24940.45,24907.25,24926.75,1357,90,0
2025-10-06 17:45:00+00:00,24926.85,24953.35,24921.25,24951.45,1317,60,0
2025-10-06 17:50:00+00:00,24951.05,24951.05,24931.35,24933.15,1313,60,0
2025-10-06 17:55:00+00:00,24932.85,24948.15,24927.45,24948.05,1211,60,0
2025-10-06 18:00:00+00:00,24948.15,24958.65,24940.15,24958.55,1153,60,0
2025-10-06 18:05:00+00:00,24959.45,24967.15,24953.95,24959.95,1107,60,0
2025-10-06 18:10:00+00:00,24959.45,24965.95,24955.25,24956.45,1071,60,0
2025-10-06 18:15:00+00:00,24956.65,24966.95,24951.45,24957.95,1146,60,0
2025-10-06 18:20:00+00:00,24957.65,24960.45,24950.55,24957.55,1092,60,0
2025-10-06 18:25:00+00:00,24957.15,24972.25,24951.65,24957.45,1044,60,0
2025-10-06 18:30:00+00:00,24957.65,24968.45,24954.65,24968.05,1019,60,0
2025-10-06 18:35:00+00:00,24968.15,24972.75,24965.15,24967.95,974,60,0
2025-10-06 18:40:00+00:00,24968.15,24976.65,24963.45,24973.15,1024,60,0
2025-10-06 18:45:00+00:00,24972.95,24998.65,24972.65,24998.05,1111,60,0
2025-10-06 18:50:00+00:00,24998.15,25008.75,24995.95,25005.95,1132,60,0
2025-10-06 18:55:00+00:00,25005.65,25011.95,25002.55,25003.45,1018,60,0
2025-10-06 19:00:00+00:00,25003.65,25007.25,24988.05,24992.75,1021,60,0
2025-10-06 19:05:00+00:00,24992.95,25001.15,24986.25,24987.15,1026,60,0
2025-10-06 19:10:00+00:00,24986.25,24987.65,24979.65,24982.25,1051,60,0
2025-10-06 19:15:00+00:00,24982.45,24992.15,24979.15,24989.15,974,60,0
2025-10-06 19:20:00+00:00,24989.45,24997.15,24983.95,24997.15,930,60,0
2025-10-06 19:25:00+00:00,24996.75,25000.55,24993.55,24998.95,821,60,0
2025-10-06 19:30:00+00:00,24998.65,24999.65,24990.15,24991.45,818,60,0
2025-10-06 19:35:00+00:00,24991.15,24996.25,24984.55,24992.55,953,60,0
2025-10-06 19:40:00+00:00,24992.45,24995.45,24986.25,24992.65,880,60,0
2025-10-06 19:45:00+00:00,24992.45,24998.55,24985.35,24985.55,904,60,0
2025-10-06 19:50:00+00:00,24985.35,24996.05,24983.95,24995.35,827,60,0
2025-10-06 19:55:00+00:00,24995.45,24998.45,24992.45,24995.95,778,60,0
2025-10-06 20:00:00+00:00,24996.05,24998.35,24989.35,24991.55,805,60,0
2025-10-06 20:05:00+00:00,24992.35,24992.35,24983.35,24985.05,863,60,0
2025-10-06 20:10:00+00:00,24985.35,24987.15,24978.35,24986.35,892,60,0
2025-10-06 20:15:00+00:00,24986.55,24994.65,24977.35,24993.55,927,60,0
2025-10-06 20:20:00+00:00,24993.45,25021.35,24991.95,25018.85,992,60,0
2025-10-06 20:25:00+00:00,25019.95,25025.55,25010.55,25014.55,1002,60,0
2025-10-06 20:30:00+00:00,25014.85,25018.95,25010.05,25012.85,1050,60,0
2025-10-06 20:35:00+00:00,25012.65,25019.35,25002.85,25017.05,1001,60,0
2025-10-06 20:40:00+00:00,25017.35,25019.05,25003.15,25003.85,937,60,0
2025-10-06 20:45:00+00:00,25004.05,25016.05,25003.85,25014.85,991,60,0
2025-10-06 20:50:00+00:00,25015.05,25022.35,25013.05,25017.55,862,60,0
2025-10-06 20:55:00+00:00,25017.45,25025.05,25014.35,25021.55,884,60,0
2025-10-06 21:00:00+00:00,25021.45,25029.55,25013.95,25024.85,927,60,0
2025-10-06 21:05:00+00:00,25025.05,25028.65,25015.85,25017.35,943,60,0
2025-10-06 21:10:00+00:00,25017.05,25025.45,25012.55,25018.05,864,60,0
2025-10-06 21:15:00+00:00,25018.35,25025.35,25016.45,25024.25,814,60,0
2025-10-06 21:20:00+00:00,25024.95,25029.45,25020.25,25027.95,769,60,0
2025-10-06 21:25:00+00:00,25028.25,25033.35,25024.75,25028.45,850,60,0
2025-10-06 21:30:00+00:00,25028.35,25044.45,25028.05,25038.95,873,60,0
2025-10-06 21:35:00+00:00,25038.85,25045.45,25030.25,25030.55,870,60,0
2025-10-06 21:40:00+00:00,25030.45,25035.05,25021.45,25029.45,929,60,0
2025-10-06 21:45:00+00:00,25029.25,25037.45,25027.45,25031.75,766,60,0
2025-10-06 21:50:00+00:00,25031.85,25040.75,25031.75,25034.95,711,60,0
2025-10-06 21:55:00+00:00,25034.85,25037.45,25023.95,25031.55,873,60,0
2025-10-06 22:00:00+00:00,25031.75,25032.35,25022.95,25023.95,865,60,0
2025-10-06 22:05:00+00:00,25023.75,25031.95,25020.95,25028.45,803,60,0
2025-10-06 22:10:00+00:00,25028.25,25030.75,25023.75,25028.75,815,60,0
2025-10-06 22:15:00+00:00,25028.55,25029.45,25020.95,25022.75,897,60,0
2025-10-06 22:20:00+00:00,25022.55,25022.75,25010.95,25016.45,978,60,0
2025-10-06 22:25:00+00:00,25016.75,25022.75,25014.95,25016.45,876,60,0
2025-10-06 22:30:00+00:00,25016.75,25018.75,25009.55,25016.35,889,60,0
2025-10-06 22:35:00+00:00,25016.45,25021.95,25010.85,25020.25,883,60,0
2025-10-06 22:40:00+00:00,25020.35,25022.35,24999.45,25003.45,1102,60,0
2025-10-06 22:45:00+00:00,25002.75,25006.25,24982.05,24989.55,1265,60,0
2025-10-06 22:50:00+00:00,24988.45,24999.55,24985.25,24991.45,1210,60,0
2025-10-06 22:55:00+00:00,24990.95,24993.55,24972.35,24975.05,1266,60,0
2025-10-06 23:00:00+00:00,24975.65,24980.66,24966.06,24977.26,918,60,0
2025-10-06 23:05:00+00:00,24976.76,24978.16,24972.56,24973.76,530,158,0
2025-10-06 23:10:00+00:00,24974.26,24974.76,24967.26,24968.26,504,158,0
2025-10-06 23:15:00+00:00,24968.06,24971.76,24964.76,24968.96,329,148,0
2025-10-06 23:20:00+00:00,24968.46,24971.26,24965.96,24968.86,291,148,0
2025-10-06 23:25:00+00:00,24969.06,24972.46,24968.96,24969.46,220,148,0
2025-10-06 23:30:00+00:00,24969.26,24974.46,24968.76,24971.76,237,148,0
2025-10-06 23:35:00+00:00,24972.36,24975.36,24972.26,24974.96,200,148,0
2025-10-06 23:40:00+00:00,24974.86,24977.26,24971.26,24971.76,249,148,0
2025-10-06 23:45:00+00:00,24971.96,24971.96,24968.76,24969.36,255,148,0
2025-10-07 01:05:00+00:00,24979.16,24983.96,24978.66,24983.96,116,148,0
2025-10-07 01:10:00+00:00,24984.36,24988.96,24980.86,24982.16,144,148,0
2025-10-07 01:15:00+00:00,24982.16,24984.16,24982.06,24983.66,64,148,0
2025-10-07 01:20:00+00:00,24983.56,24988.96,24983.16,24988.66,72,148,0
2025-10-07 01:25:00+00:00,24988.86,24989.36,24982.86,24985.16,97,148,0
2025-10-07 01:30:00+00:00,24985.96,24985.96,24976.96,24978.06,159,148,0
2025-10-07 01:35:00+00:00,24978.26,24978.26,24965.26,24965.66,243,148,0
2025-10-07 01:40:00+00:00,24965.56,24967.66,24947.76,24954.66,422,158,0
2025-10-07 01:45:00+00:00,24954.46,24961.56,24952.86,24959.66,192,158,0
2025-10-07 01:50:00+00:00,24959.76,24961.76,24949.76,24951.06,252,158,0
2025-10-07 01:55:00+00:00,24950.76,24951.16,24928.96,24935.06,424,178,0
2025-10-07 02:00:00+00:00,24934.96,24936.85,24927.65,24930.25,477,170,0
2025-10-07 02:05:00+00:00,24930.35,24932.85,24924.75,24930.55,490,150,0
2025-10-07 02:10:00+00:00,24930.85,24936.55,24929.35,24933.35,390,140,0
2025-10-07 02:15:00+00:00,24932.65,24937.85,24929.15,24937.35,378,140,0
2025-10-07 02:20:00+00:00,24937.25,24944.55,24933.05,24941.85,427,140,0
2025-10-07 02:25:00+00:00,24942.05,24944.45,24938.65,24939.25,287,140,0
2025-10-07 02:30:00+00:00,24939.85,24940.75,24934.75,24936.25,356,130,0
2025-10-07 02:35:00+00:00,24937.25,24944.95,24934.15,24942.95,318,140,0
2025-10-07 02:40:00+00:00,24943.25,24945.95,24941.75,24943.75,299,140,0
2025-10-07 02:45:00+00:00,24943.85,24945.45,24938.95,24944.25,433,140,0
2025-10-07 02:50:00+00:00,24944.95,24945.95,24942.15,24942.35,225,140,0
2025-10-07 02:55:00+00:00,24940.75,24941.65,24933.45,24936.25,443,130,0
2025-10-07 03:00:00+00:00,24934.75,24941.55,24930.55,24933.75,865,140,0
2025-10-07 03:05:00+00:00,24933.95,24934.95,24929.05,24930.55,534,150,0
2025-10-07 03:10:00+00:00,24930.45,24932.15,24922.45,24930.15,539,150,0
2025-10-07 03:15:00+00:00,24930.35,24936.35,24927.65,24935.15,535,150,0
2025-10-07 03:20:00+00:00,24934.65,24937.75,24932.55,24935.35,450,140,0
2025-10-07 03:25:00+00:00,24935.25,24937.35,24931.75,24935.25,346,130,0
2025-10-07 03:30:00+00:00,24935.45,24938.15,24921.55,24924.15,431,140,0
2025-10-07 03:35:00+00:00,24923.85,24930.95,24922.35,24922.45,418,150,0
2025-10-07 03:40:00+00:00,24922.15,24932.95,24922.15,24926.45,464,140,0
2025-10-07 03:45:00+00:00,24926.15,24928.05,24919.05,24922.65,683,150,0
2025-10-07 03:50:00+00:00,24922.55,24925.15,24916.15,24924.55,496,150,0
2025-10-07 03:55:00+00:00,24924.15,24928.45,24923.75,24924.45,372,140,0
2025-10-07 04:00:00+00:00,24925.35,24934.05,24923.95,24927.35,586,140,0
2025-10-07 04:05:00+00:00,24927.15,24934.85,24925.35,24932.45,493,150,0
2025-10-07 04:10:00+00:00,24932.15,24933.25,24928.25,24931.25,389,130,0
2025-10-07 04:15:00+00:00,24932.15,24932.75,24925.55,24928.05,377,130,0
2025-10-07 04:20:00+00:00,24927.75,24928.45,24920.45,24927.35,396,130,0
2025-10-07 04:25:00+00:00,24927.45,24934.55,24926.75,24933.05,353,130,0
2025-10-07 04:30:00+00:00,24932.75,24934.15,24928.45,24931.85,346,130,0
2025-10-07 04:35:00+00:00,24931.25,24934.95,24927.85,24930.45,382,130,0
2025-10-07 04:40:00+00:00,24930.65,24934.75,24930.35,24934.55,239,130,0
2025-10-07 04:45:00+00:00,24934.65,24938.65,24933.55,24935.75,293,130,0
2025-10-07 04:50:00+00:00,24935.65,24939.55,24930.65,24939.15,338,130,0
2025-10-07 04:55:00+00:00,24939.25,24942.05,24937.95,24940.75,282,130,0
2025-10-07 05:00:00+00:00,24941.05,24942.25,24937.65,24941.25,301,130,0
2025-10-07 05:05:00+00:00,24941.55,24944.25,24939.65,24942.75,294,130,0
2025-10-07 05:10:00+00:00,24942.65,24946.25,24942.05,24945.95,272,130,0
2025-10-07 05:15:00+00:00,24946.05,24947.55,24937.95,24938.55,295,130,0
2025-10-07 05:20:00+00:00,24937.65,24938.75,24933.05,24936.95,301,130,0
2025-10-07 05:25:00+00:00,24936.75,24939.95,24934.65,24939.25,285,130,0
2025-10-07 05:30:00+00:00,24939.75,24941.95,24937.05,24938.25,243,130,0
2025-10-07 05:35:00+00:00,24938.05,24941.65,24937.55,24939.65,183,130,0
2025-10-07 05:40:00+00:00,24939.55,24939.75,24935.45,24937.75,219,130,0
2025-10-07 05:45:00+00:00,24937.65,24940.45,24937.25,24939.05,167,130,0
2025-10-07 05:50:00+00:00,24938.75,24942.65,24938.65,24941.75,176,130,0
2025-10-07 05:55:00+00:00,24941.65,24946.45,24941.65,24945.15,175,130,0
2025-10-07 06:00:00+00:00,24945.05,24947.25,24943.75,24943.95,176,130,0
2025-10-07 06:05:00+00:00,24944.05,24945.75,24943.05,24943.55,147,130,0
2025-10-07 06:10:00+00:00,24943.45,24949.95,24941.25,24949.55,219,130,0
2025-10-07 06:15:00+00:00,24949.65,24954.95,24949.25,24954.15,240,130,0
2025-10-07 06:20:00+00:00,24953.95,24955.75,24951.95,24954.15,216,130,0
2025-10-07 06:25:00+00:00,24953.75,24955.65,24951.25,24954.15,191,130,0
2025-10-07 06:30:00+00:00,24954.25,24955.45,24947.95,24948.15,342,130,0
2025-10-07 06:35:00+00:00,24948.25,24952.45,24947.15,24952.15,248,130,0
2025-10-07 06:40:00+00:00,24952.05,24957.65,24951.95,24956.95,246,130,0
2025-10-07 06:45:00+00:00,24956.75,24957.65,24952.55,24954.55,176,130,0
2025-10-07 06:50:00+00:00,24954.45,24956.75,24953.75,24955.15,149,130,0
2025-10-07 06:55:00+00:00,24955.05,24956.15,24951.75,24952.25,174,130,0
2025-10-07 07:00:00+00:00,24952.45,24956.75,24951.15,24956.05,183,130,0
2025-10-07 07:05:00+00:00,24956.25,24962.75,24956.25,24962.55,195,130,0
2025-10-07 07:10:00+00:00,24962.65,24971.55,24962.65,24970.75,311,130,0
2025-10-07 07:15:00+00:00,24970.95,24971.25,24966.75,24970.15,189,130,0
2025-10-07 07:20:00+00:00,24970.25,24973.05,24969.05,24971.65,208,130,0
2025-10-07 07:25:00+00:00,24972.05,24973.15,24969.75,24972.95,163,130,0
2025-10-07 07:30:00+00:00,24972.75,24976.15,24970.05,24971.15,254,130,0
2025-10-07 07:35:00+00:00,24971.05,24971.55,24968.15,24969.75,228,130,0
2025-10-07 07:40:00+00:00,24970.05,24970.45,24967.15,24967.55,208,130,0
2025-10-07 07:45:00+00:00,24967.45,24970.95,24966.45,24970.05,193,130,0
2025-10-07 07:50:00+00:00,24970.15,24971.95,24969.45,24971.45,178,130,0
2025-10-07 07:55:00+00:00,24971.65,24975.15,24971.65,24975.05,176,130,0
2025-10-07 08:00:00+00:00,24974.65,24976.45,24968.25,24968.55,237,130,0
2025-10-07 08:05:00+00:00,24968.15,24969.75,24962.65,24969.15,302,130,0
2025-10-07 08:10:00+00:00,24969.25,24972.25,24967.75,24971.05,250,130,0
2025-10-07 08:15:00+00:00,24970.75,24973.15,24967.55,24967.95,232,130,0
2025-10-07 08:20:00+00:00,24967.75,24972.75,24967.25,24971.55,230,130,0
2025-10-07 08:25:00+00:00,24971.65,24976.75,24970.75,24975.55,261,130,0
2025-10-07 08:30:00+00:00,24976.05,24977.15,24972.75,24976.65,201,130,0
2025-10-07 08:35:00+00:00,24976.75,24979.25,24975.15,24977.75,230,130,0
2025-10-07 08:40:00+00:00,24977.65,24979.55,24976.45,24978.05,238,130,0
2025-10-07 08:45:00+00:00,24977.75,24977.75,24972.75,24973.25,241,130,0
2025-10-07 08:50:00+00:00,24973.05,24973.05,24965.05,24967.05,322,130,0
2025-10-07 08:55:00+00:00,24967.25,24969.95,24964.65,24965.45,375,130,0
2025-10-07 09:00:00+00:00,24964.25,24969.75,24961.45,24968.55,439,130,0
2025-10-07 09:05:00+00:00,24968.45,24971.45,24965.95,24966.95,377,130,0
2025-10-07 09:10:00+00:00,24965.75,24966.85,24958.95,24961.25,348,140,0
2025-10-07 09:15:00+00:00,24960.75,24963.15,24956.95,24957.95,363,140,0
2025-10-07 09:20:00+00:00,24958.25,24960.75,24941.15,24943.45,446,140,0
2025-10-07 09:25:00+00:00,24943.65,24947.65,24937.65,24940.45,500,150,0
2025-10-07 09:30:00+00:00,24939.95,24949.45,24931.85,24948.75,626,150,0
2025-10-07 09:35:00+00:00,24948.85,24952.75,24947.05,24947.95,344,140,0
2025-10-07 09:40:00+00:00,24947.85,24949.85,24942.15,24948.85,407,140,0
2025-10-07 09:45:00+00:00,24948.75,24953.25,24946.25,24952.95,286,140,0
2025-10-07 09:50:00+00:00,24952.85,24955.65,24949.45,24953.95,262,130,0
2025-10-07 09:55:00+00:00,24953.75,24957.75,24951.05,24954.85,329,130,0
2025-10-07 10:00:00+00:00,24954.95,24959.15,24938.35,24940.75,832,140,0
2025-10-07 10:05:00+00:00,24940.85,24947.35,24933.55,24939.85,608,160,0
2025-10-07 10:10:00+00:00,24940.35,24945.35,24939.35,24940.55,520,150,0
2025-10-07 10:15:00+00:00,24940.65,24946.45,24934.35,24935.65,527,140,0
2025-10-07 10:20:00+00:00,24935.85,24939.75,24930.35,24936.85,554,160,0
2025-10-07 10:25:00+00:00,24936.75,24947.15,24932.05,24946.65,527,160,0
2025-10-07 10:30:00+00:00,24946.85,24952.95,24943.65,24950.95,502,150,0
2025-10-07 10:35:00+00:00,24949.85,24951.55,24942.65,24943.45,470,140,0
2025-10-07 10:40:00+00:00,24943.15,24947.65,24941.95,24946.55,438,150,0
2025-10-07 10:45:00+00:00,24946.45,24949.05,24942.35,24945.65,433,140,0
2025-10-07 10:50:00+00:00,24945.85,24954.45,24945.85,24954.35,439,140,0
2025-10-07 10:55:00+00:00,24954.85,24957.45,24952.55,24954.05,408,130,0
2025-10-07 11:00:00+00:00,24953.95,24958.15,24942.05,24943.25,742,130,0
2025-10-07 11:05:00+00:00,24943.05,24951.95,24939.85,24943.65,655,160,0
2025-10-07 11:10:00+00:00,24943.75,24944.85,24934.65,24937.95,497,150,0
2025-10-07 11:15:00+00:00,24938.15,24945.05,24937.65,24942.15,446,150,0
2025-10-07 11:20:00+00:00,24942.15,24946.95,24934.45,24934.45,392,140,0
2025-10-07 11:25:00+00:00,24934.35,24937.45,24928.15,24932.15,536,150,0
2025-10-07 11:30:00+00:00,24931.85,24933.95,24921.75,24927.15,478,140,0
2025-10-07 11:35:00+00:00,24926.95,24943.25,24925.65,24939.85,435,150,0
2025-10-07 11:40:00+00:00,24940.05,24946.45,24938.15,24946.05,430,150,0
2025-10-07 11:45:00+00:00,24945.95,24953.15,24945.35,24952.45,426,140,0
2025-10-07 11:50:00+00:00,24951.95,24963.85,24950.45,24962.65,442,140,0
2025-10-07 11:55:00+00:00,24962.85,24967.15,24961.25,24965.75,413,140,0
2025-10-07 12:00:00+00:00,24965.95,24968.75,24962.15,24964.95,385,130,0
2025-10-07 12:05:00+00:00,24964.45,24972.65,24963.95,24967.45,361,130,0
2025-10-07 12:10:00+00:00,24967.55,24981.25,24966.05,24979.75,428,130,0
2025-10-07 12:15:00+00:00,24980.25,24982.25,24974.25,24978.65,411,140,0
2025-10-07 12:20:00+00:00,24978.85,24981.15,24974.95,24976.15,324,130,0
2025-10-07 12:25:00+00:00,24975.95,24977.75,24973.85,24975.75,312,130,0
2025-10-07 12:30:00+00:00,24975.55,24982.25,24974.75,24981.55,338,130,0
2025-10-07 12:35:00+00:00,24981.45,24985.25,24978.45,24983.35,326,130,0
2025-10-07 12:40:00+00:00,24983.75,24984.15,24974.65,24976.55,395,140,0
2025-10-07 12:45:00+00:00,24976.95,24979.95,24973.85,24975.55,370,140,0
2025-10-07 12:50:00+00:00,24975.15,24980.35,24972.85,24978.25,333,140,0
2025-10-07 12:55:00+00:00,24977.95,24983.75,24977.15,24983.05,349,130,0
2025-10-07 13:00:00+00:00,24982.75,24983.95,24970.05,24970.45,563,130,0
2025-10-07 13:05:00+00:00,24970.35,24972.85,24965.85,24972.65,426,140,0
2025-10-07 13:10:00+00:00,24972.85,24983.15,24972.85,24982.95,375,140,0
2025-10-07 13:15:00+00:00,24983.25,24983.45,24971.25,24976.85,426,140,0
2025-10-07 13:20:00+00:00,24976.95,24977.25,24971.85,24976.25,319,130,0
2025-10-07 13:25:00+00:00,24976.45,24980.65,24973.75,24980.45,310,130,0
2025-10-07 13:30:00+00:00,24980.55,24986.15,24979.95,24984.65,351,130,0
2025-10-07 13:35:00+00:00,24984.75,24988.95,24983.55,24986.55,270,130,0
2025-10-07 13:40:00+00:00,24986.65,24986.75,24972.55,24975.15,389,130,0
2025-10-07 13:45:00+00:00,24975.65,24976.95,24971.15,24974.25,315,140,0
2025-10-07 13:50:00+00:00,24974.35,24979.45,24973.85,24978.95,374,140,0
2025-10-07 13:55:00+00:00,24978.85,24979.75,24966.45,24967.35,409,130,0
2025-10-07 14:00:00+00:00,24968.25,24975.15,24967.85,24969.55,426,140,0
2025-10-07 14:05:00+00:00,24969.95,24971.95,24963.15,24968.05,425,140,0
2025-10-07 14:10:00+00:00,24967.95,24972.75,24965.75,24971.65,340,130,0
2025-10-07 14:15:00+00:00,24972.05,24974.35,24967.15,24974.35,334,130,0
2025-10-07 14:20:00+00:00,24974.25,24974.75,24968.95,24971.15,319,140,0
2025-10-07 14:25:00+00:00,24971.25,24977.25,24968.25,24976.95,292,130,0
2025-10-07 14:30:00+00:00,24977.05,24983.55,24976.95,24979.95,388,130,0
2025-10-07 14:35:00+00:00,24979.55,24981.65,24976.65,24979.75,368,130,0
2025-10-07 14:40:00+00:00,24980.05,24983.15,24973.15,24975.15,369,130,0
2025-10-07 14:45:00+00:00,24975.25,24982.65,24974.15,24982.55,350,130,0
2025-10-07 14:50:00+00:00,24982.45,24995.65,24981.75,24993.35,503,130,0
2025-10-07 14:55:00+00:00,24993.25,25004.85,24992.65,25004.85,396,140,0
2025-10-07 15:00:00+00:00,25003.35,25007.05,25000.15,25001.95,480,140,0
2025-10-07 15:05:00+00:00,25002.05,25007.35,24995.85,24995.85,526,140,0
2025-10-07 15:10:00+00:00,24995.05,24998.35,24989.45,24994.15,481,140,0
2025-10-07 15:15:00+00:00,24993.45,25001.85,24992.65,25001.15,512,150,0
2025-10-07 15:20:00+00:00,25001.45,25008.05,24998.25,25003.35,495,140,0
2025-10-07 15:25:00+00:00,25003.35,25008.65,25002.15,25006.85,357,130,0
2025-10-07 15:30:00+00:00,25005.95,25012.45,25003.15,25008.25,510,130,0
2025-10-07 15:35:00+00:00,25009.15,25016.75,25008.95,25013.35,426,130,0
2025-10-07 15:40:00+00:00,25013.25,25024.85,25012.85,25022.05,477,140,0
2025-10-07 15:45:00+00:00,25022.35,25028.35,25018.15,25027.85,534,150,0
2025-10-07 15:50:00+00:00,25028.15,25041.65,25027.35,25036.55,578,150,0
2025-10-07 15:55:00+00:00,25036.85,25050.45,25036.85,25047.25,603,150,0
2025-10-07 16:00:00+00:00,25047.55,25063.85,25046.25,25061.35,859,160,0
2025-10-07 16:05:00+00:00,25061.95,25067.75,25053.85,25057.05,739,160,0
2025-10-07 16:10:00+00:00,25056.55,25059.05,25034.55,25036.55,766,150,0
2025-10-07 16:15:00+00:00,25037.05,25039.35,25027.75,25030.05,864,160,0
2025-10-07 16:20:00+00:00,25029.85,25034.05,25025.55,25030.05,828,160,0
2025-10-07 16:25:00+00:00,25033.35,25035.95,25027.75,25032.05,920,160,0
2025-10-07 16:30:00+00:00,25030.15,25040.55,25010.85,25031.95,1584,60,0
2025-10-07 16:35:00+00:00,25032.05,25056.05,25028.35,25039.85,1531,100,0
2025-10-07 16:40:00+00:00,25039.55,25051.55,25030.05,25039.15,1472,100,0
2025-10-07 16:45:00+00:00,25039.05,25046.35,25023.85,25041.85,1427,100,0
2025-10-07 16:50:00+00:00,25042.05,25045.05,25024.65,25041.85,1361,100,0
2025-10-07 16:55:00+00:00,25043.35,25058.25,25030.35,25035.15,1321,60,0
2025-10-07 17:00:00+00:00,25035.35,25043.35,25007.85,25013.45,1418,60,0
2025-10-07 17:05:00+00:00,25012.95,25039.85,25008.35,25039.15,1427,90,0
2025-10-07 17:10:00+00:00,25039.35,25050.65,25031.25,25032.75,1289,60,0
2025-10-07 17:15:00+00:00,25034.15,25040.25,25029.05,25034.05,1209,60,0
2025-10-07 17:20:00+00:00,25034.25,25035.25,25020.85,25026.75,1100,60,0
2025-10-07 17:25:00+00:00,25027.15,25029.05,25001.55,25007.85,1201,60,0
2025-10-07 17:30:00+00:00,25007.15,25024.75,25005.35,25016.55,1245,60,0
2025-10-07 17:35:00+00:00,25016.25,25017.05,24980.65,24992.35,1316,60,0
2025-10-07 17:40:00+00:00,24991.85,25004.85,24981.85,24992.75,1252,60,0
2025-10-07 17:45:00+00:00,24992.55,25004.05,24982.55,24986.55,1205,60,0
2025-10-07 17:50:00+00:00,24986.75,24988.15,24975.05,24985.05,1259,60,0
2025-10-07 17:55:00+00:00,24985.75,24988.25,24967.25,24980.05,1206,60,0
2025-10-07 18:00:00+00:00,24979.05,24984.85,24934.05,24938.05,1399,60,0
2025-10-07 18:05:00+00:00,24937.85,24940.55,24847.45,24854.55,1633,100,0
2025-10-07 18:10:00+00:00,24854.15,24914.35,24851.85,24903.85,1594,100,0
2025-10-07 18:15:00+00:00,24904.05,24916.35,24882.55,24892.35,1537,100,0
2025-10-07 18:20:00+00:00,24892.55,24919.05,24888.95,24898.55,1511,100,0
2025-10-07 18:25:00+00:00,24899.55,24909.55,24859.35,24868.55,1527,100,0
2025-10-07 18:30:00+00:00,24868.65,24872.85,24838.05,24849.35,1588,100,0
2025-10-07 18:35:00+00:00,24852.35,24863.35,24799.85,24821.65,1524,100,0
2025-10-07 18:40:00+00:00,24821.45,24861.35,24803.95,24832.35,1536,100,0
2025-10-07 18:45:00+00:00,24832.55,24834.55,24783.35,24793.55,1504,100,0
2025-10-07 18:50:00+00:00,24793.65,24818.15,24779.55,24790.35,1538,100,0
2025-10-07 18:55:00+00:00,24790.65,24825.55,24786.35,24823.05,1456,100,0
2025-10-07 19:00:00+00:00,24822.05,24854.05,24821.55,24847.35,1430,100,0
2025-10-07 19:05:00+00:00,24847.45,24853.95,24810.35,24822.05,1484,100,0
2025-10-07 19:10:00+00:00,24821.45,24829.55,24804.05,24808.45,1446,100,0
2025-10-07 19:15:00+00:00,24808.55,24825.05,24792.05,24794.35,1409,100,0
2025-10-07 19:20:00+00:00,24798.85,24828.35,24793.85,24818.35,1377,100,0
2025-10-07 19:25:00+00:00,24817.95,24849.85,24816.35,24831.05,1410,100,0
2025-10-07 19:30:00+00:00,24830.85,24870.85,24829.15,24868.05,1333,90,0
2025-10-07 19:35:00+00:00,24868.85,24885.05,24858.25,24874.25,1246,60,0
2025-10-07 19:40:00+00:00,24874.55,24880.55,24857.05,24867.25,1212,60,0
2025-10-07 19:45:00+00:00,24866.05,24868.55,24826.05,24827.05,1287,60,0
2025-10-07 19:50:00+00:00,24825.55,24843.35,24820.85,24824.85,1315,100,0
2025-10-07 19:55:00+00:00,24825.35,24832.55,24806.35,24818.75,1232,70,0
2025-10-07 20:00:00+00:00,24818.45,24842.25,24808.65,24838.15,1264,60,0
2025-10-07 20:05:00+00:00,24838.25,24842.05,24820.55,24842.05,1277,60,0
2025-10-07 20:10:00+00:00,24842.35,24855.75,24819.85,24842.05,1278,60,0
2025-10-07 20:15:00+00:00,24841.85,24851.45,24829.75,24837.25,1200,60,0
2025-10-07 20:20:00+00:00,24837.55,24858.15,24836.15,24852.25,1235,60,0
2025-10-07 20:25:00+00:00,24851.15,24853.75,24830.55,24844.15,1231,60,0
2025-10-07 20:30:00+00:00,24841.75,24845.05,24827.25,24828.75,1255,60,0
2025-10-07 20:35:00+00:00,24828.65,24837.25,24819.55,24833.75,1183,60,0
2025-10-07 20:40:00+00:00,24833.55,24841.45,24820.25,24841.25,1237,60,0
2025-10-07 20:45:00+00:00,24840.95,24853.25,24834.45,24851.25,1163,60,0
2025-10-07 20:50:00+00:00,24850.95,24850.95,24813.05,24816.75,1285,60,0
2025-10-07 20:55:00+00:00,24816.25,24824.05,24809.55,24811.75,1223,60,0
2025-10-07 21:00:00+00:00,24813.25,24813.25,24787.25,24797.35,1201,60,0
2025-10-07 21:05:00+00:00,24797.15,24821.55,24797.15,24815.75,1292,60,0
2025-10-07 21:10:00+00:00,24815.95,24846.05,24813.75,24830.95,1195,60,0
2025-10-07 21:15:00+00:00,24831.75,24841.25,24819.25,24828.55,1142,60,0
2025-10-07 21:20:00+00:00,24828.75,24841.95,24826.25,24839.25,1166,60,0
2025-10-07 21:25:00+00:00,24839.45,24840.75,24822.25,24829.45,1190,60,0
2025-10-07 21:30:00+00:00,24828.95,24838.75,24823.75,24832.75,1157,60,0
2025-10-07 21:35:00+00:00,24832.45,24843.05,24831.75,24842.25,1104,60,0
2025-10-07 21:40:00+00:00,24842.45,24842.45,24824.75,24833.95,1063,60,0
2025-10-07 21:45:00+00:00,24834.25,24837.45,24824.95,24836.75,964,60,0
2025-10-07 21:50:00+00:00,24836.25,24846.25,24831.35,24845.25,923,60,0
2025-10-07 21:55:00+00:00,24845.45,24848.95,24839.95,24848.95,931,60,0
2025-10-07 22:00:00+00:00,24848.45,24853.05,24839.95,24841.45,1054,60,0
2025-10-07 22:05:00+00:00,24841.25,24843.45,24832.95,24839.95,1088,60,0
2025-10-07 22:10:00+00:00,24839.75,24841.75,24829.35,24835.25,1024,60,0
2025-10-07 22:15:00+00:00,24835.75,24842.75,24830.45,24832.75,990,60,0
2025-10-07 22:20:00+00:00,24832.25,24835.95,24827.25,24835.25,879,60,0
2025-10-07 22:25:00+00:00,24834.45,24837.25,24827.75,24829.45,869,60,0
2025-10-07 22:30:00+00:00,24829.35,24838.75,24828.75,24837.25,833,60,0
2025-10-07 22:35:00+00:00,24837.45,24846.05,24833.25,24841.45,838,60,0
2025-10-07 22:40:00+00:00,24841.35,24862.55,24839.45,24862.45,941,60,0
2025-10-07 22:45:00+00:00,24861.95,24867.45,24852.45,24859.55,1018,60,0
2025-10-07 22:50:00+00:00,24859.75,24864.05,24849.45,24854.45,1105,60,0
2025-10-07 22:55:00+00:00,24854.85,24854.85,24823.35,24841.25,1256,60,0
2025-10-07 23:00:00+00:00,24841.06,24858.76,24841.06,24851.36,921,118,0
2025-10-07 23:05:00+00:00,24852.16,24864.36,24852.06,24857.66,587,168,0
2025-10-07 23:10:00+00:00,24857.96,24859.16,24852.66,24853.96,399,158,0
2025-10-07 23:15:00+00:00,24854.06,24854.46,24846.46,24847.76,317,148,0
2025-10-07 23:20:00+00:00,24847.86,24849.76,24846.06,24847.66,256,148,0
2025-10-07 23:25:00+00:00,24847.56,24852.26,24847.56,24851.76,216,148,0
2025-10-07 23:30:00+00:00,24851.66,24853.56,24849.76,24852.06,220,148,0
2025-10-07 23:35:00+00:00,24852.26,24853.26,24849.56,24850.26,202,148,0
2025-10-07 23:40:00+00:00,24850.16,24851.26,24848.06,24851.06,107,148,0
2025-10-07 23:45:00+00:00,24851.56,24855.56,24851.56,24853.56,208,148,0
2025-10-08 01:05:00+00:00,24867.16,24872.06,24859.46,24859.76,167,168,0
2025-10-08 01:10:00+00:00,24859.26,24861.16,24852.46,24857.16,176,168,0
2025-10-08 01:15:00+00:00,24857.26,24864.56,24857.26,24862.76,138,168,0
2025-10-08 01:20:00+00:00,24862.56,24866.66,24862.56,24864.46,107,148,0
2025-10-08 01:25:00+00:00,24864.56,24873.06,24863.46,24872.86,158,148,0
2025-10-08 01:30:00+00:00,24872.76,24878.56,24869.56,24875.16,198,148,0
2025-10-08 01:35:00+00:00,24875.06,24878.06,24873.76,24874.96,229,148,0
2025-10-08 01:40:00+00:00,24874.86,24876.26,24870.86,24875.86,172,148,0
2025-10-08 01:45:00+00:00,24875.66,24881.06,24874.46,24878.46,223,148,0
2025-10-08 01:50:00+00:00,24878.16,24880.86,24876.96,24879.96,166,148,0
2025-10-08 01:55:00+00:00,24880.06,24880.16,24876.46,24879.06,178,148,0
2025-10-08 02:00:00+00:00,24879.15,24879.15,24869.35,24872.15,334,130,0
2025-10-08 02:05:00+00:00,24871.95,24874.15,24866.95,24867.55,209,130,0
2025-10-08 02:10:00+00:00,24867.45,24867.45,24852.05,24853.65,518,130,0
2025-10-08 02:15:00+00:00,24853.85,24855.15,24844.85,24845.45,462,150,0
2025-10-08 02:20:00+00:00,24845.65,24847.65,24839.45,24839.75,360,140,0
2025-10-08 02:25:00+00:00,24839.65,24848.45,24835.95,24843.05,462,140,0
2025-10-08 02:30:00+00:00,24842.75,24843.15,24837.15,24840.95,354,140,0
2025-10-08 02:35:00+00:00,24841.65,24843.25,24833.45,24834.85,367,140,0
2025-10-08 02:40:00+00:00,24836.25,24838.45,24828.75,24838.15,378,140,0
2025-10-08 02:45:00+00:00,24838.45,24844.15,24836.95,24840.95,365,140,0
2025-10-08 02:50:00+00:00,24840.65,24842.65,24833.25,24836.15,350,140,0
2025-10-08 02:55:00+00:00,24835.95,24836.25,24831.55,24831.55,289,130,0
2025-10-08 03:00:00+00:00,24832.75,24843.35,24825.65,24841.25,754,130,0
2025-10-08 03:05:00+00:00,24841.15,24842.55,24837.35,24839.05,619,150,0
2025-10-08 03:10:00+00:00,24838.95,24841.95,24832.45,24832.65,529,140,0
2025-10-08 03:15:00+00:00,24832.95,24840.35,24830.75,24837.45,470,140,0
2025-10-08 03:20:00+00:00,24837.35,24840.85,24834.35,24838.45,437,130,0
2025-10-08 03:25:00+00:00,24838.15,24845.15,24835.55,24838.85,455,150,0
2025-10-08 03:30:00+00:00,24838.65,24840.75,24836.45,24837.85,391,140,0
2025-10-08 03:35:00+00:00,24837.95,24846.95,24836.85,24845.25,368,140,0
2025-10-08 03:40:00+00:00,24844.75,24851.45,24842.25,24843.25,375,140,0
2025-10-08 03:45:00+00:00,24843.75,24854.95,24842.15,24852.75,444,140,0
2025-10-08 03:50:00+00:00,24853.45,24860.25,24852.15,24858.25,391,130,0
2025-10-08 03:55:00+00:00,24858.45,24865.25,24857.45,24859.65,372,130,0
2025-10-08 04:00:00+00:00,24859.25,24881.85,24857.55,24874.55,841,140,0
2025-10-08 04:05:00+00:00,24874.05,24876.55,24869.55,24871.35,540,150,0
2025-10-08 04:10:00+00:00,24871.45,24874.95,24869.15,24871.45,474,150,0
2025-10-08 04:15:00+00:00,24871.35,24876.05,24867.75,24873.65,477,150,0
2025-10-08 04:20:00+00:00,24873.35,24878.15,24872.35,24873.15,479,150,0
2025-10-08 04:25:00+00:00,24873.45,24878.35,24870.85,24877.95,421,140,0
2025-10-08 04:30:00+00:00,24878.25,24882.85,24877.15,24880.95,461,130,0
2025-10-08 04:35:00+00:00,24880.85,24881.75,24874.85,24875.15,403,130,0
2025-10-08 04:40:00+00:00,24875.45,24877.45,24868.75,24872.15,485,140,0
2025-10-08 04:45:00+00:00,24872.75,24875.75,24870.45,24873.45,383,130,0
2025-10-08 04:50:00+00:00,24873.35,24877.95,24868.15,24877.45,325,130,0
2025-10-08 04:55:00+00:00,24877.65,24878.75,24871.65,24871.75,305,130,0
2025-10-08 05:00:00+00:00,24871.85,24877.05,24870.65,24874.95,354,130,0
2025-10-08 05:05:00+00:00,24875.05,24875.95,24871.15,24871.95,285,130,0
2025-10-08 05:10:00+00:00,24871.75,24878.75,24871.75,24878.15,321,130,0
2025-10-08 05:15:00+00:00,24877.95,24882.55,24876.45,24877.95,329,130,0
2025-10-08 05:20:00+00:00,24878.25,24886.85,24877.85,24882.25,352,130,0
2025-10-08 05:25:00+00:00,24882.45,24889.05,24881.75,24888.75,309,130,0
2025-10-08 05:30:00+00:00,24888.95,24890.25,24881.85,24882.45,347,130,0
2025-10-08 05:35:00+00:00,24882.15,24884.95,24878.05,24884.35,266,130,0
2025-10-08 05:40:00+00:00,24884.65,24884.65,24876.95,24876.95,238,130,0
2025-10-08 05:45:00+00:00,24877.05,24882.45,24872.75,24882.45,310,130,0
2025-10-08 05:50:00+00:00,24882.65,24884.05,24880.55,24883.75,222,130,0
2025-10-08 05:55:00+00:00,24883.95,24886.45,24882.65,24886.45,202,130,0
2025-10-08 06:00:00+00:00,24886.25,24886.25,24878.55,24878.65,208,130,0
2025-10-08 06:05:00+00:00,24878.55,24883.95,24877.95,24881.25,221,130,0
2025-10-08 06:10:00+00:00,24881.05,24885.75,24880.95,24883.05,217,130,0
2025-10-08 06:15:00+00:00,24882.75,24885.95,24881.15,24885.25,202,130,0
2025-10-08 06:20:00+00:00,24885.45,24888.45,24884.45,24886.15,170,130,0
2025-10-08 06:25:00+00:00,24886.05,24887.15,24882.15,24885.75,222,130,0
2025-10-08 06:30:00+00:00,24885.95,24889.15,24881.45,24882.25,278,130,0
2025-10-08 06:35:00+00:00,24882.45,24883.95,24880.15,24881.55,235,130,0
2025-10-08 06:40:00+00:00,24881.65,24888.15,24880.95,24885.55,216,130,0
2025-10-08 06:45:00+00:00,24886.05,24889.65,24885.55,24887.05,223,130,0
2025-10-08 06:50:00+00:00,24887.55,24888.25,24883.95,24884.05,196,130,0
2025-10-08 06:55:00+00:00,24883.95,24886.65,24881.75,24884.75,225,130,0
2025-10-08 07:00:00+00:00,24885.05,24891.65,24885.05,24891.25,210,130,0
2025-10-08 07:05:00+00:00,24891.45,24891.95,24888.15,24889.15,179,130,0
2025-10-08 07:10:00+00:00,24889.25,24889.65,24885.45,24887.65,208,130,0
2025-10-08 07:15:00+00:00,24887.55,24888.15,24885.45,24887.05,180,130,0
2025-10-08 07:20:00+00:00,24886.95,24890.65,24885.05,24889.95,177,130,0
2025-10-08 07:25:00+00:00,24890.15,24891.25,24887.45,24889.45,214,130,0
2025-10-08 07:30:00+00:00,24889.55,24890.95,24887.05,24888.45,149,130,0
2025-10-08 07:35:00+00:00,24888.65,24892.25,24887.65,24889.95,138,130,0
2025-10-08 07:40:00+00:00,24889.55,24889.75,24879.65,24883.55,300,130,0
2025-10-08 07:45:00+00:00,24883.75,24887.65,24883.55,24884.95,209,130,0
2025-10-08 07:50:00+00:00,24884.75,24888.15,24884.25,24886.95,199,130,0
2025-10-08 07:55:00+00:00,24887.05,24888.65,24886.05,24886.15,149,130,0
2025-10-08 08:00:00+00:00,24886.05,24886.45,24875.15,24875.55,313,130,0
2025-10-08 08:05:00+00:00,24875.45,24881.25,24874.05,24875.75,352,130,0
2025-10-08 08:10:00+00:00,24875.65,24875.95,24866.65,24867.95,348,140,0
2025-10-08 08:15:00+00:00,24868.15,24872.25,24865.45,24870.75,361,140,0
2025-10-08 08:20:00+00:00,24870.85,24876.25,24870.75,24873.25,288,130,0
2025-10-08 08:25:00+00:00,24873.05,24873.05,24860.35,24866.65,345,130,0
2025-10-08 08:30:00+00:00,24867.15,24868.65,24859.55,24867.15,375,150,0
2025-10-08 08:35:00+00:00,24867.45,24868.95,24863.95,24865.35,229,130,0
2025-10-08 08:40:00+00:00,24865.45,24866.55,24862.65,24864.15,222,130,0
2025-10-08 08:45:00+00:00,24863.25,24866.05,24861.75,24863.25,302,130,0
2025-10-08 08:50:00+00:00,24863.05,24864.25,24858.65,24859.15,325,130,0
2025-10-08 08:55:00+00:00,24859.35,24862.25,24856.45,24856.45,332,140,0
2025-10-08 09:00:00+00:00,24856.85,24863.15,24850.95,24853.65,445,140,0
2025-10-08 09:05:00+00:00,24853.35,24853.65,24839.55,24846.75,548,160,0
2025-10-08 09:10:00+00:00,24846.85,24851.45,24844.25,24849.75,360,140,0
2025-10-08 09:15:00+00:00,24849.65,24851.45,24843.85,24847.85,449,140,0
2025-10-08 09:20:00+00:00,24847.75,24850.45,24839.85,24845.35,410,140,0
2025-10-08 09:25:00+00:00,24845.45,24847.95,24837.65,24838.95,391,130,0
2025-10-08 09:30:00+00:00,24838.75,24845.15,24831.55,24836.45,528,140,0
2025-10-08 09:35:00+00:00,24836.05,24837.75,24827.45,24834.35,410,140,0
2025-10-08 09:40:00+00:00,24834.65,24835.35,24824.75,24831.05,443,150,0
2025-10-08 09:45:00+00:00,24831.15,24836.85,24829.15,24836.25,358,140,0
2025-10-08 09:50:00+00:00,24836.15,24848.65,24835.85,24847.75,397,130,0
2025-10-08 09:55:00+00:00,24847.25,24854.65,24844.85,24850.75,484,140,0
2025-10-08 10:00:00+00:00,24851.35,24852.15,24838.55,24850.65,885,140,0
2025-10-08 10:05:00+00:00,24850.55,24854.75,24840.15,24853.85,734,160,0
2025-10-08 10:10:00+00:00,24853.55,24859.75,24846.35,24847.85,691,160,0
2025-10-08 10:15:00+00:00,24848.05,24857.95,24846.85,24855.65,607,160,0
2025-10-08 10:20:00+00:00,24855.75,24864.55,24849.85,24863.15,583,150,0
2025-10-08 10:25:00+00:00,24863.35,24870.05,24860.65,24869.35,508,160,0
2025-10-08 10:30:00+00:00,24869.25,24871.65,24864.55,24867.85,429,150,0
2025-10-08 10:35:00+00:00,24866.95,24878.35,24866.15,24877.25,616,150,0
2025-10-08 10:40:00+00:00,24877.35,24880.65,24872.35,24877.95,514,150,0
2025-10-08 10:45:00+00:00,24877.65,24879.65,24872.35,24879.65,493,140,0
2025-10-08 10:50:00+00:00,24879.95,24889.95,24879.75,24885.65,526,140,0
2025-10-08 10:55:00+00:00,24885.95,24886.45,24879.75,24881.65,492,140,0
2025-10-08 11:00:00+00:00,24881.35,24887.15,24878.35,24885.35,635,140,0
2025-10-08 11:05:00+00:00,24885.65,24885.85,24880.35,24881.45,480,140,0
2025-10-08 11:10:00+00:00,24881.25,24887.95,24881.15,24885.65,382,140,0
2025-10-08 11:15:00+00:00,24885.75,24891.65,24883.65,24889.95,388,130,0
2025-10-08 11:20:00+00:00,24890.15,24893.75,24886.85,24888.05,453,140,0
2025-10-08 11:25:00+00:00,24888.15,24892.65,24884.65,24892.35,454,140,0
2025-10-08 11:30:00+00:00,24892.45,24901.45,24892.45,24899.45,511,140,0
2025-10-08 11:35:00+00:00,24899.65,24905.45,24899.35,24904.25,417,130,0
2025-10-08 11:40:00+00:00,24904.35,24909.25,24902.95,24909.25,323,130,0
2025-10-08 11:45:00+00:00,24909.05,24911.95,24901.55,24902.25,351,130,0
2025-10-08 11:50:00+00:00,24902.35,24903.05,24896.35,24896.35,337,130,0
2025-10-08 11:55:00+00:00,24896.05,24896.05,24871.95,24886.75,745,130,0
2025-10-08 12:00:00+00:00,24887.05,24897.95,24887.05,24892.05,557,150,0
2025-10-08 12:05:00+00:00,24891.15,24898.45,24889.95,24894.65,483,160,0
2025-10-08 12:10:00+00:00,24895.15,24895.65,24888.15,24891.15,431,150,0
2025-10-08 12:15:00+00:00,24891.45,24892.75,24884.55,24889.25,363,140,0
2025-10-08 12:20:00+00:00,24889.55,24890.25,24877.25,24878.35,440,140,0
2025-10-08 12:25:00+00:00,24878.45,24884.25,24874.75,24882.35,417,150,0
2025-10-08 12:30:00+00:00,24881.95,24889.65,24878.75,24886.25,434,140,0
2025-10-08 12:35:00+00:00,24886.55,24896.25,24886.25,24891.55,406,140,0
2025-10-08 12:40:00+00:00,24891.75,24893.45,24884.95,24891.75,459,140,0
2025-10-08 12:45:00+00:00,24891.85,24896.35,24884.75,24885.25,395,140,0
2025-10-08 12:50:00+00:00,24885.35,24890.75,24883.75,24887.55,299,130,0
2025-10-08 12:55:00+00:00,24887.45,24891.75,24887.35,24888.55,332,130,0
2025-10-08 13:00:00+00:00,24888.85,24892.75,24887.45,24892.45,326,130,0
2025-10-08 13:05:00+00:00,24892.55,24892.75,24884.45,24884.75,369,130,0
2025-10-08 13:10:00+00:00,24884.95,24886.65,24859.15,24878.35,610,150,0
2025-10-08 13:15:00+00:00,24878.25,24884.55,24876.85,24883.05,389,140,0
2025-10-08 13:20:00+00:00,24882.75,24887.45,24877.75,24881.15,389,140,0
2025-10-08 13:25:00+00:00,24881.45,24886.35,24877.05,24884.05,389,140,0
2025-10-08 13:30:00+00:00,24883.75,24891.45,24882.55,24890.85,322,140,0
2025-10-08 13:35:00+00:00,24890.95,24895.95,24887.45,24891.85,339,130,0
2025-10-08 13:40:00+00:00,24891.95,24893.85,24889.05,24889.25,340,130,0
2025-10-08 13:45:00+00:00,24888.85,24894.95,24888.85,24892.25,339,130,0
2025-10-08 13:50:00+00:00,24892.45,24896.25,24891.45,24895.85,371,130,0
2025-10-08 13:55:00+00:00,24895.95,24900.75,24895.75,24897.75,447,130,0
2025-10-08 14:00:00+00:00,24898.25,24901.95,24896.45,24898.15,426,140,0
2025-10-08 14:05:00+00:00,24897.65,24905.15,24897.65,24899.55,429,140,0
2025-10-08 14:10:00+00:00,24899.25,24901.95,24893.55,24894.25,423,130,0
2025-10-08 14:15:00+00:00,24894.05,24894.95,24878.55,24880.45,590,140,0
2025-10-08 14:20:00+00:00,24880.35,24881.35,24873.15,24875.95,558,160,0
2025-10-08 14:25:00+00:00,24875.85,24878.45,24859.45,24860.65,556,160,0
2025-10-08 14:30:00+00:00,24860.85,24871.35,24858.95,24871.05,553,160,0
2025-10-08 14:35:00+00:00,24870.95,24885.15,24870.85,24875.15,547,160,0
2025-10-08 14:40:00+00:00,24875.35,24878.35,24873.25,24877.25,396,130,0
2025-10-08 14:45:00+00:00,24877.55,24892.65,24875.25,24889.85,593,130,0
2025-10-08 14:50:00+00:00,24890.25,24893.45,24885.05,24889.55,418,140,0
2025-10-08 14:55:00+00:00,24889.75,24892.65,24888.05,24889.25,426,140,0
2025-10-08 15:00:00+00:00,24887.75,24889.75,24879.05,24879.15,538,140,0
2025-10-08 15:05:00+00:00,24878.95,24878.95,24864.35,24866.95,620,150,0
2025-10-08 15:10:00+00:00,24866.15,24868.15,24850.85,24851.05,650,160,0
2025-10-08 15:15:00+00:00,24851.35,24862.25,24843.55,24859.55,805,160,0
2025-10-08 15:20:00+00:00,24859.85,24865.25,24857.65,24858.05,597,160,0
2025-10-08 15:25:00+00:00,24858.15,24867.85,24853.45,24863.95,544,160,0
2025-10-08 15:30:00+00:00,24864.15,24867.45,24846.65,24855.15,799,150,0
2025-10-08 15:35:00+00:00,24856.65,24864.45,24848.35,24863.95,703,160,0
2025-10-08 15:40:00+00:00,24864.85,24867.15,24858.85,24865.15,570,150,0
2025-10-08 15:45:00+00:00,24864.95,24868.95,24858.45,24867.55,565,150,0
2025-10-08 15:50:00+00:00,24867.35,24873.65,24861.75,24872.25,619,150,0
2025-10-08 15:55:00+00:00,24872.35,24874.15,24858.55,24863.55,604,150,0
2025-10-08 16:00:00+00:00,24863.85,24866.25,24855.85,24862.15,721,160,0
2025-10-08 16:05:00+00:00,24862.05,24872.05,24861.05,24870.95,581,150,0
2025-10-08 16:10:00+00:00,24871.15,24878.75,24869.95,24876.45,514,140,0
2025-10-08 16:15:00+00:00,24875.65,24884.95,24875.65,24884.45,570,140,0
2025-10-08 16:20:00+00:00,24884.65,24892.95,24881.65,24886.25,689,140,0
2025-10-08 16:25:00+00:00,24886.85,24900.65,24880.35,24881.05,976,150,0
2025-10-08 16:30:00+00:00,24880.55,24935.65,24878.35,24924.45,1549,60,0
2025-10-08 16:35:00+00:00,24924.35,24949.65,24912.65,24949.15,1520,100,0
2025-10-08 16:40:00+00:00,24949.85,24952.25,24916.45,24933.85,1488,100,0
2025-10-08 16:45:00+00:00,24931.35,24966.35,24928.85,24962.15,1445,100,0
2025-10-08 16:50:00+00:00,24963.25,24966.65,24944.45,24965.65,1433,100,0
2025-10-08 16:55:00+00:00,24965.85,24984.15,24961.15,24975.35,1317,60,0
2025-10-08 17:00:00+00:00,24975.05,25011.65,24974.95,25003.65,1406,60,0
2025-10-08 17:05:00+00:00,25003.85,25020.35,25002.85,25015.05,1305,60,0
2025-10-08 17:10:00+00:00,25015.45,25031.65,25008.65,25011.35,1296,60,0
2025-10-08 17:15:00+00:00,25010.55,25024.05,25006.55,25012.35,1306,60,0
2025-10-08 17:20:00+00:00,25012.85,25014.35,24985.45,25001.35,1277,60,0
2025-10-08 17:25:00+00:00,25001.65,25020.05,24995.65,25018.05,1213,60,0
2025-10-08 17:30:00+00:00,25017.35,25026.65,25010.85,25014.35,1245,60,0
2025-10-08 17:35:00+00:00,25014.15,25018.35,24999.95,25013.85,1174,60,0
2025-10-08 17:40:00+00:00,25014.05,25016.65,24996.35,24997.55,1173,60,0
2025-10-08 17:45:00+00:00,24998.35,25005.85,24986.65,24994.55,1191,60,0
2025-10-08 17:50:00+00:00,24994.15,24995.55,24977.05,24983.05,1254,60,0
2025-10-08 17:55:00+00:00,24982.85,24995.55,24974.15,24994.55,1179,60,0
2025-10-08 18:00:00+00:00,24994.85,25009.85,24991.45,25004.85,1244,60,0
2025-10-08 18:05:00+00:00,25004.55,25011.15,25002.55,25005.35,1118,60,0
2025-10-08 18:10:00+00:00,25005.55,25018.35,25005.45,25011.95,1089,60,0
2025-10-08 18:15:00+00:00,25011.65,25021.15,25001.85,25006.95,1059,60,0
2025-10-08 18:20:00+00:00,25006.85,25026.35,25005.85,25025.05,1063,60,0
2025-10-08 18:25:00+00:00,25024.95,25047.35,25022.85,25037.55,1196,60,0
2025-10-08 18:30:00+00:00,25037.05,25041.05,25031.45,25034.35,1099,60,0
2025-10-08 18:35:00+00:00,25034.45,25045.85,25032.85,25040.95,985,60,0
2025-10-08 18:40:00+00:00,25041.05,25048.35,25032.15,25037.05,988,60,0
2025-10-08 18:45:00+00:00,25036.75,25048.05,25036.75,25044.05,905,60,0
2025-10-08 18:50:00+00:00,25044.15,25058.25,25044.15,25056.85,1068,60,0
2025-10-08 18:55:00+00:00,25056.65,25059.85,25051.15,25054.15,945,60,0
2025-10-08 19:00:00+00:00,25054.05,25055.65,25047.05,25048.55,986,60,0
2025-10-08 19:05:00+00:00,25049.35,25058.65,25046.25,25053.75,919,60,0
2025-10-08 19:10:00+00:00,25054.15,25067.25,25054.15,25065.15,919,60,0
2025-10-08 19:15:00+00:00,25064.75,25074.05,25061.55,25066.25,927,60,0
2025-10-08 19:20:00+00:00,25066.35,25068.65,25059.25,25062.75,954,60,0
2025-10-08 19:25:00+00:00,25062.55,25063.25,25046.85,25051.65,991,60,0
2025-10-08 19:30:00+00:00,25051.15,25051.55,25041.65,25049.15,960,60,0
2025-10-08 19:35:00+00:00,25049.05,25051.05,25042.95,25044.45,815,60,0
2025-10-08 19:40:00+00:00,25044.25,25047.15,25040.45,25046.05,792,60,0
2025-10-08 19:45:00+00:00,25046.55,25046.55,25033.45,25034.95,902,60,0
2025-10-08 19:50:00+00:00,25035.05,25041.95,25031.15,25033.25,948,60,0
2025-10-08 19:55:00+00:00,25033.45,25049.25,25033.25,25048.25,950,60,0
2025-10-08 20:00:00+00:00,25048.75,25053.25,25045.65,25050.15,864,60,0
2025-10-08 20:05:00+00:00,25050.05,25050.05,25042.95,25047.15,873,60,0
2025-10-08 20:10:00+00:00,25046.65,25049.45,25036.65,25047.95,862,60,0
2025-10-08 20:15:00+00:00,25047.65,25056.15,25046.45,25049.45,949,60,0
2025-10-08 20:20:00+00:00,25049.15,25059.55,25048.65,25058.15,826,60,0
2025-10-08 20:25:00+00:00,25058.45,25064.05,25056.45,25064.05,840,60,0
2025-10-08 20:30:00+00:00,25064.55,25068.15,25060.75,25065.65,935,60,0
2025-10-08 20:35:00+00:00,25065.45,25070.25,25058.95,25060.65,946,60,0
2025-10-08 20:40:00+00:00,25060.95,25066.15,25058.25,25060.15,846,60,0
2025-10-08 20:45:00+00:00,25060.65,25080.45,25059.15,25075.65,898,60,0
2025-10-08 20:50:00+00:00,25075.75,25076.65,25065.55,25066.95,874,60,0
2025-10-08 20:55:00+00:00,25067.05,25071.55,25063.95,25070.65,703,60,0
2025-10-08 21:00:00+00:00,25069.95,25081.75,25062.95,25078.95,1017,60,0
2025-10-08 21:05:00+00:00,25078.65,25083.95,25064.45,25081.05,1037,60,0
2025-10-08 21:10:00+00:00,25080.65,25092.95,25074.95,25087.95,974,60,0
2025-10-08 21:15:00+00:00,25087.25,25094.45,25081.95,25091.65,1033,60,0
2025-10-08 21:20:00+00:00,25091.95,25094.55,25082.65,25090.65,905,60,0
2025-10-08 21:25:00+00:00,25090.15,25091.45,25078.45,25079.45,951,60,0
2025-10-08 21:30:00+00:00,25080.45,25085.65,25077.25,25084.15,891,60,0
2025-10-08 21:35:00+00:00,25083.95,25090.45,25078.85,25084.95,913,60,0
2025-10-08 21:40:00+00:00,25084.75,25085.35,25072.95,25073.95,950,60,0
2025-10-08 21:45:00+00:00,25074.45,25077.95,25067.95,25068.25,929,60,0
2025-10-08 21:50:00+00:00,25068.55,25078.45,25067.05,25068.05,925,60,0
2025-10-08 21:55:00+00:00,25067.85,25072.25,25063.75,25068.35,901,60,0
2025-10-08 22:00:00+00:00,25068.45,25081.25,25066.05,25081.25,945,60,0
2025-10-08 22:05:00+00:00,25080.55,25085.25,25077.05,25084.25,944,60,0
2025-10-08 22:10:00+00:00,25084.35,25093.45,25080.55,25092.55,881,60,0
2025-10-08 22:15:00+00:00,25092.45,25105.85,25092.45,25104.85,1036,60,0
2025-10-08 22:20:00+00:00,25104.75,25108.25,25098.85,25103.75,973,60,0
2025-10-08 22:25:00+00:00,25103.85,25113.55,25103.75,25109.75,957,60,0
2025-10-08 22:30:00+00:00,25110.05,25114.75,25107.55,25110.25,878,60,0
2025-10-08 22:35:00+00:00,25110.45,25112.85,25104.55,25107.95,903,60,0
2025-10-08 22:40:00+00:00,25107.85,25108.25,25101.45,25104.45,901,60,0
2025-10-08 22:45:00+00:00,25104.35,25108.85,25100.85,25108.75,911,60,0
2025-10-08 22:50:00+00:00,25108.45,25130.85,25106.75,25129.95,1167,60,0
2025-10-08 22:55:00+00:00,25129.85,25141.75,25124.45,25127.25,1287,60,0
2025-10-08 23:00:00+00:00,25127.35,25134.76,25118.06,25129.16,873,60,0
2025-10-08 23:05:00+00:00,25129.36,25133.46,25128.36,25129.26,544,158,0
2025-10-08 23:10:00+00:00,25129.06,25132.16,25129.06,25130.16,400,148,0
2025-10-08 23:15:00+00:00,25130.26,25138.86,25129.76,25137.06,342,148,0
2025-10-08 23:20:00+00:00,25137.26,25150.86,25137.06,25147.76,411,148,0
2025-10-08 23:25:00+00:00,25147.46,25161.96,25145.76,25157.16,419,158,0
2025-10-08 23:30:00+00:00,25157.26,25160.56,25153.36,25155.46,306,158,0
2025-10-08 23:35:00+00:00,25155.36,25158.06,25154.16,25156.26,261,148,0
2025-10-08 23:40:00+00:00,25156.06,25159.76,25154.56,25157.06,290,148,0
2025-10-08 23:45:00+00:00,25156.76,25156.76,25149.46,25151.46,314,148,0
2025-10-09 01:05:00+00:00,25154.06,25159.26,25154.06,25159.26,200,148,0
2025-10-09 01:10:00+00:00,25159.66,25163.56,25157.36,25163.46,203,148,0
2025-10-09 01:15:00+00:00,25162.46,25165.66,25153.96,25154.96,203,158,0
2025-10-09 01:20:00+00:00,25155.26,25165.46,25154.86,25160.96,308,158,0
2025-10-09 01:25:00+00:00,25160.06,25165.66,25159.46,25162.86,194,158,0
2025-10-09 01:30:00+00:00,25162.96,25163.46,25158.06,25160.96,225,148,0
2025-10-09 01:35:00+00:00,25161.06,25166.66,25160.96,25166.26,199,148,0
2025-10-09 01:40:00+00:00,25166.46,25167.26,25164.46,25166.46,145,148,0
2025-10-09 01:45:00+00:00,25166.06,25166.16,25162.96,25164.56,149,148,0
2025-10-09 01:50:00+00:00,25164.46,25169.46,25163.06,25163.96,221,148,0
2025-10-09 01:55:00+00:00,25164.06,25167.16,25161.66,25165.76,165,148,0
2025-10-09 02:00:00+00:00,25165.85,25170.15,25165.85,25166.85,255,130,0
2025-10-09 02:05:00+00:00,25166.55,25170.75,25163.35,25169.95,237,130,0
2025-10-09 02:10:00+00:00,25169.55,25177.05,25166.55,25176.75,249,130,0
2025-10-09 02:15:00+00:00,25176.35,25191.95,25175.75,25188.85,512,140,0
2025-10-09 02:20:00+00:00,25189.05,25190.55,25185.95,25188.35,274,140,0
2025-10-09 02:25:00+00:00,25188.45,25192.05,25184.35,25188.75,273,140,0
2025-10-09 02:30:00+00:00,25189.05,25193.05,25186.45,25191.35,287,130,0
2025-10-09 02:35:00+00:00,25190.85,25192.35,25184.95,25188.85,227,140,0
2025-10-09 02:40:00+00:00,25189.05,25189.15,25184.75,25186.75,152,130,0
2025-10-09 02:45:00+00:00,25186.35,25187.65,25183.65,25185.55,262,130,0
2025-10-09 02:50:00+00:00,25185.35,25186.95,25179.15,25179.25,252,130,0
2025-10-09 02:55:00+00:00,25179.65,25180.85,25173.75,25179.35,286,130,0
2025-10-09 03:00:00+00:00,25178.55,25178.55,25168.25,25172.05,537,140,0
2025-10-09 03:05:00+00:00,25171.75,25174.25,25169.15,25170.35,384,130,0
2025-10-09 03:10:00+00:00,25170.25,25171.55,25165.05,25166.65,290,130,0
2025-10-09 03:15:00+00:00,25166.35,25168.15,25157.25,25162.05,465,130,0
2025-10-09 03:20:00+00:00,25161.75,25163.25,25157.65,25162.25,321,140,0
2025-10-09 03:25:00+00:00,25162.05,25166.85,25160.85,25166.25,274,130,0
2025-10-09 03:30:00+00:00,25166.15,25167.15,25162.25,25166.65,270,130,0
2025-10-09 03:35:00+00:00,25166.75,25167.05,25163.05,25164.35,232,130,0
2025-10-09 03:40:00+00:00,25164.65,25168.65,25164.65,25165.35,178,130,0
2025-10-09 03:45:00+00:00,25165.25,25166.25,25162.25,25164.65,262,130,0
2025-10-09 03:50:00+00:00,25164.75,25166.65,25162.65,25163.75,244,130,0
2025-10-09 03:55:00+00:00,25163.65,25164.65,25159.05,25162.75,239,130,0
2025-10-09 04:00:00+00:00,25161.65,25168.75,25158.05,25164.25,553,130,0
2025-10-09 04:05:00+00:00,25164.15,25167.45,25153.05,25154.55,489,130,0
2025-10-09 04:10:00+00:00,25155.05,25158.15,25132.45,25133.15,584,150,0
2025-10-09 04:15:00+00:00,25130.95,25136.05,25127.55,25135.05,657,170,0
2025-10-09 04:20:00+00:00,25135.45,25139.45,25134.85,25137.25,506,140,0
2025-10-09 04:25:00+00:00,25137.35,25146.25,25137.25,25143.05,400,140,0
2025-10-09 04:30:00+00:00,25142.85,25142.85,25122.65,25127.05,677,140,0
2025-10-09 04:35:00+00:00,25126.95,25130.75,25124.75,25126.55,549,150,0
2025-10-09 04:40:00+00:00,25126.75,25129.25,25120.75,25129.25,464,150,0
2025-10-09 04:45:00+00:00,25129.35,25132.55,25125.15,25127.05,440,150,0
2025-10-09 04:50:00+00:00,25125.75,25134.55,25125.55,25129.25,334,140,0
2025-10-09 04:55:00+00:00,25129.75,25132.65,25128.85,25131.55,326,140,0
2025-10-09 05:00:00+00:00,25131.45,25131.85,25124.85,25125.55,364,130,0
2025-10-09 05:05:00+00:00,25125.35,25126.35,25119.35,25121.65,387,140,0
2025-10-09 05:10:00+00:00,25121.75,25127.75,25120.05,25127.15,321,130,0
2025-10-09 05:15:00+00:00,25127.35,25128.15,25120.35,25121.35,237,130,0
2025-10-09 05:20:00+00:00,25121.55,25127.85,25121.55,25126.65,286,130,0
2025-10-09 05:25:00+00:00,25126.85,25134.25,25126.15,25131.55,330,130,0
2025-10-09 05:30:00+00:00,25131.35,25138.75,25129.35,25135.95,228,130,0
2025-10-09 05:35:00+00:00,25135.85,25136.05,25121.25,25122.55,315,140,0
2025-10-09 05:40:00+00:00,25122.35,25124.05,25118.55,25121.65,293,130,0
2025-10-09 05:45:00+00:00,25121.25,25121.25,25117.15,25118.05,250,130,0
2025-10-09 05:50:00+00:00,25117.85,25118.35,25109.35,25112.25,335,130,0
2025-10-09 05:55:00+00:00,25111.95,25113.85,25107.55,25110.35,298,130,0
2025-10-09 06:00:00+00:00,25110.15,25117.05,25109.85,25116.75,302,130,0
2025-10-09 06:05:00+00:00,25116.55,25121.25,25115.65,25118.85,235,130,0
2025-10-09 06:10:00+00:00,25118.75,25121.55,25118.65,25121.15,182,130,0
2025-10-09 06:15:00+00:00,25120.85,25124.65,25120.35,25124.15,209,130,0
2025-10-09 06:20:00+00:00,25124.35,25144.25,25120.15,25133.55,516,130,0
2025-10-09 06:25:00+00:00,25133.05,25133.85,25119.85,25122.75,394,150,0
2025-10-09 06:30:00+00:00,25123.05,25128.45,25119.55,25127.55,357,130,0
2025-10-09 06:35:00+00:00,25127.85,25130.85,25125.25,25128.05,327,140,0
2025-10-09 06:40:00+00:00,25128.25,25132.75,25127.95,25131.25,278,130,0
2025-10-09 06:45:00+00:00,25130.55,25134.55,25126.45,25127.55,306,130,0
2025-10-09 06:50:00+00:00,25127.75,25130.15,25125.85,25127.75,243,130,0
2025-10-09 06:55:00+00:00,25127.65,25128.25,25125.35,25126.75,225,130,0
2025-10-09 07:00:00+00:00,25126.85,25129.55,25124.35,25127.65,197,130,0
2025-10-09 07:05:00+00:00,25127.75,25129.05,25125.85,25127.85,156,130,0
2025-10-09 07:10:00+00:00,25128.05,25128.75,25125.25,25127.25,182,130,0
2025-10-09 07:15:00+00:00,25127.15,25136.65,25126.35,25136.65,243,130,0
2025-10-09 07:20:00+00:00,25136.75,25137.25,25132.25,25137.05,198,130,0
2025-10-09 07:25:00+00:00,25138.25,25140.35,25134.65,25135.35,252,130,0
2025-10-09 07:30:00+00:00,25135.05,25136.25,25131.75,25132.15,190,130,0
2025-10-09 07:35:00+00:00,25132.05,25132.65,25128.25,25131.85,190,130,0
2025-10-09 07:40:00+00:00,25132.05,25136.05,25131.05,25135.85,187,130,0
2025-10-09 07:45:00+00:00,25136.05,25136.65,25134.25,25135.35,143,130,0
2025-10-09 07:50:00+00:00,25135.15,25135.85,25133.05,25135.65,163,130,0
2025-10-09 07:55:00+00:00,25135.35,25142.25,25135.25,25140.65,203,130,0
2025-10-09 08:00:00+00:00,25140.55,25144.25,25136.25,25143.85,254,130,0
2025-10-09 08:05:00+00:00,25144.05,25145.75,25142.05,25145.75,215,130,0
2025-10-09 08:10:00+00:00,25146.65,25150.25,25144.25,25147.15,257,130,0
2025-10-09 08:15:00+00:00,25147.25,25148.65,25144.25,25145.75,279,130,0
2025-10-09 08:20:00+00:00,25146.15,25148.55,25145.55,25148.35,223,130,0
2025-10-09 08:25:00+00:00,25148.55,25159.85,25147.25,25157.05,282,130,0
2025-10-09 08:30:00+00:00,25157.35,25164.25,25156.25,25156.45,411,140,0
2025-10-09 08:35:00+00:00,25156.35,25162.35,25153.65,25160.45,240,140,0
2025-10-09 08:40:00+00:00,25159.95,25161.35,25151.75,25152.75,290,130,0
2025-10-09 08:45:00+00:00,25152.35,25152.55,25140.55,25142.05,299,130,0
2025-10-09 08:50:00+00:00,25141.25,25149.35,25141.25,25146.05,275,130,0
2025-10-09 08:55:00+00:00,25145.55,25155.55,25144.35,25155.45,336,130,0
2025-10-09 09:00:00+00:00,25155.55,25161.65,25152.15,25161.65,453,140,0
2025-10-09 09:05:00+00:00,25161.75,25165.45,25160.05,25162.45,391,140,0
2025-10-09 09:10:00+00:00,25162.05,25165.45,25158.05,25165.45,354,130,0
2025-10-09 09:15:00+00:00,25165.35,25167.25,25157.55,25158.05,309,130,0
2025-10-09 09:20:00+00:00,25157.55,25158.35,25151.35,25156.25,372,140,0
2025-10-09 09:25:00+00:00,25156.55,25157.75,25146.95,25147.95,432,140,0
2025-10-09 09:30:00+00:00,25148.55,25158.75,25146.85,25149.45,624,140,0
2025-10-09 09:35:00+00:00,25149.75,25156.35,25146.95,25153.05,366,140,0
2025-10-09 09:40:00+00:00,25153.25,25159.25,25151.35,25153.25,355,140,0
2025-10-09 09:45:00+00:00,25153.35,25156.25,25138.85,25139.95,341,130,0
2025-10-09 09:50:00+00:00,25140.05,25142.85,25131.25,25132.25,469,140,0
2025-10-09 09:55:00+00:00,25132.15,25137.45,25126.55,25136.95,537,150,0
2025-10-09 10:00:00+00:00,25136.85,25147.15,25132.55,25145.15,898,160,0
2025-10-09 10:05:00+00:00,25144.95,25145.95,25138.15,25143.55,649,150,0
2025-10-09 10:10:00+00:00,25143.25,25148.55,25140.25,25144.75,541,150,0
2025-10-09 10:15:00+00:00,25144.05,25146.05,25139.05,25145.05,531,150,0
2025-10-09 10:20:00+00:00,25144.95,25146.65,25136.55,25143.75,477,140,0
2025-10-09 10:25:00+00:00,25143.25,25145.45,25131.75,25133.65,503,160,0
2025-10-09 10:30:00+00:00,25133.75,25135.95,25123.45,25129.05,615,160,0
2025-10-09 10:35:00+00:00,25128.95,25131.75,25126.45,25130.75,491,160,0
2025-10-09 10:40:00+00:00,25130.75,25138.45,25129.55,25137.15,535,150,0
2025-10-09 10:45:00+00:00,25137.55,25145.45,25135.65,25137.75,496,150,0
2025-10-09 10:50:00+00:00,25138.05,25143.25,25135.95,25142.85,431,140,0
2025-10-09 10:55:00+00:00,25142.95,25143.05,25136.05,25137.35,414,140,0
2025-10-09 11:00:00+00:00,25137.25,25143.25,25135.55,25140.85,682,140,0
2025-10-09 11:05:00+00:00,25140.45,25142.25,25136.15,25140.05,595,150,0
2025-10-09 11:10:00+00:00,25139.55,25141.65,25117.25,25122.25,581,150,0
2025-10-09 11:15:00+00:00,25122.95,25128.65,25111.65,25128.25,653,160,0
2025-10-09 11:20:00+00:00,25127.95,25133.15,25125.45,25125.95,560,160,0
2025-10-09 11:25:00+00:00,25126.15,25128.95,25118.75,25127.15,499,150,0
2025-10-09 11:30:00+00:00,25127.25,25127.55,25113.25,25113.55,468,140,0
2025-10-09 11:35:00+00:00,25113.15,25117.45,25109.65,25115.75,520,150,0
2025-10-09 11:40:00+00:00,25116.15,25116.15,25099.25,25103.65,698,150,0
2025-10-09 11:45:00+00:00,25104.25,25114.95,25099.65,25103.65,604,160,0
2025-10-09 11:50:00+00:00,25103.45,25106.45,25095.05,25095.05,563,150,0
2025-10-09 11:55:00+00:00,25094.55,25105.65,25094.55,25100.45,591,150,0
2025-10-09 12:00:00+00:00,25100.75,25102.65,25095.75,25096.75,519,150,0
2025-10-09 12:05:00+00:00,25097.05,25111.85,25096.75,25110.95,597,150,0
2025-10-09 12:10:00+00:00,25110.85,25126.05,25108.45,25124.75,444,140,0
2025-10-09 12:15:00+00:00,25124.85,25126.05,25115.75,25118.55,446,140,0
2025-10-09 12:20:00+00:00,25118.55,25120.85,25113.95,25117.05,404,140,0
2025-10-09 12:25:00+00:00,25116.95,25121.65,25115.35,25121.35,356,130,0
2025-10-09 12:30:00+00:00,25121.15,25135.05,25119.65,25134.85,369,130,0
2025-10-09 12:35:00+00:00,25134.95,25138.85,25128.75,25133.75,484,140,0
2025-10-09 12:40:00+00:00,25134.15,25134.75,25127.55,25129.45,358,140,0
2025-10-09 12:45:00+00:00,25129.25,25130.55,25122.95,25123.75,415,140,0
2025-10-09 12:50:00+00:00,25123.65,25128.25,25122.55,25123.85,347,130,0
2025-10-09 12:55:00+00:00,25124.05,25128.85,25120.05,25120.75,396,130,0
2025-10-09 13:00:00+00:00,25120.95,25127.25,25111.05,25126.65,525,150,0
2025-10-09 13:05:00+00:00,25126.95,25127.55,25121.25,25127.25,421,150,0
2025-10-09 13:10:00+00:00,25127.15,25131.85,25121.35,25128.95,477,160,0
2025-10-09 13:15:00+00:00,25129.75,25132.45,25125.85,25128.35,409,140,0
2025-10-09 13:20:00+00:00,25128.45,25130.95,25122.05,25122.05,337,140,0
2025-10-09 13:25:00+00:00,25122.55,25122.55,25108.35,25109.05,402,140,0
2025-10-09 13:30:00+00:00,25108.95,25116.25,25103.95,25105.05,481,140,0
2025-10-09 13:35:00+00:00,25106.05,25113.85,25104.05,25113.35,362,140,0
2025-10-09 13:40:00+00:00,25113.85,25115.05,25108.95,25109.35,348,130,0
2025-10-09 13:45:00+00:00,25109.25,25112.25,25105.25,25107.85,300,130,0
2025-10-09 13:50:00+00:00,25107.55,25116.55,25106.35,25116.45,280,130,0
2025-10-09 13:55:00+00:00,25116.85,25121.45,25116.85,25117.95,407,140,0
2025-10-09 14:00:00+00:00,25118.75,25127.55,25116.65,25122.95,549,140,0
2025-10-09 14:05:00+00:00,25122.45,25129.55,25119.45,25125.95,597,140,0
2025-10-09 14:10:00+00:00,25125.75,25127.45,25121.35,25122.45,410,140,0
2025-10-09 14:15:00+00:00,25122.55,25124.85,25118.45,25119.55,376,140,0
2025-10-09 14:20:00+00:00,25119.85,25130.75,25119.85,25130.05,390,140,0
2025-10-09 14:25:00+00:00,25130.25,25136.45,25127.15,25135.05,456,140,0
2025-10-09 14:30:00+00:00,25134.55,25141.15,25130.95,25130.95,521,140,0
2025-10-09 14:35:00+00:00,25131.25,25133.25,25125.65,25132.55,451,140,0
2025-10-09 14:40:00+00:00,25132.85,25133.25,25121.55,25122.55,444,130,0
2025-10-09 14:45:00+00:00,25122.85,25128.65,25117.85,25128.05,438,140,0
2025-10-09 14:50:00+00:00,25127.85,25127.85,25121.55,25123.75,416,130,0
2025-10-09 14:55:00+00:00,25123.85,25124.75,25112.05,25113.35,466,130,0
2025-10-09 15:00:00+00:00,25114.05,25126.25,25113.85,25124.15,660,140,0
2025-10-09 15:05:00+00:00,25123.65,25124.35,25114.75,25115.05,573,150,0
2025-10-09 15:10:00+00:00,25114.75,25117.75,25110.65,25114.05,519,140,0
2025-10-09 15:15:00+00:00,25113.05,25121.55,25112.75,25118.65,538,140,0
2025-10-09 15:20:00+00:00,25118.55,25123.15,25114.55,25121.05,496,140,0
2025-10-09 15:25:00+00:00,25120.75,25125.85,25118.75,25125.75,436,140,0
2025-10-09 15:30:00+00:00,25125.45,25130.75,25116.95,25122.95,634,140,0
2025-10-09 15:35:00+00:00,25123.35,25129.45,25118.45,25128.75,639,150,0
2025-10-09 15:40:00+00:00,25128.35,25129.15,25118.85,25127.25,538,150,0
2025-10-09 15:45:00+00:00,25127.45,25128.35,25117.75,25118.45,467,140,0
2025-10-09 15:50:00+00:00,25118.25,25130.65,25117.45,25128.65,477,140,0
2025-10-09 15:55:00+00:00,25128.15,25133.85,25127.45,25132.45,440,140,0
2025-10-09 16:00:00+00:00,25132.55,25134.25,25124.85,25125.95,543,140,0
2025-10-09 16:05:00+00:00,25125.25,25130.95,25119.55,25123.85,801,140,0
2025-10-09 16:10:00+00:00,25123.35,25124.15,25114.35,25115.95,701,150,0
2025-10-09 16:15:00+00:00,25116.15,25129.45,25115.95,25123.25,632,150,0
2025-10-09 16:20:00+00:00,25123.75,25131.95,25122.65,25131.95,507,140,0
2025-10-09 16:25:00+00:00,25132.45,25136.75,25117.15,25128.25,955,140,0
2025-10-09 16:30:00+00:00,25128.55,25134.25,25097.15,25106.95,1612,60,0
2025-10-09 16:35:00+00:00,25107.15,25114.95,25091.05,25099.95,1547,100,0
2025-10-09 16:40:00+00:00,25100.15,25102.95,25059.15,25075.95,1456,100,0
2025-10-09 16:45:00+00:00,25076.05,25103.45,25054.25,25102.65,1472,100,0
2025-10-09 16:50:00+00:00,25101.95,25115.55,25060.65,25066.15,1508,100,0
2025-10-09 16:55:00+00:00,25066.45,25094.15,25054.65,25079.15,1477,100,0
2025-10-09 17:00:00+00:00,25078.95,25085.65,25062.45,25079.95,1450,100,0
2025-10-09 17:05:00+00:00,25079.45,25088.95,25063.15,25071.65,1400,100,0
2025-10-09 17:10:00+00:00,25072.15,25078.75,25066.55,25071.45,1347,100,0
2025-10-09 17:15:00+00:00,25071.95,25075.65,25057.95,25064.95,1284,90,0
2025-10-09 17:20:00+00:00,25065.45,25076.15,25045.85,25072.65,1336,70,0
2025-10-09 17:25:00+00:00,25072.45,25074.15,25047.65,25052.15,1235,100,0
2025-10-09 17:30:00+00:00,25052.45,25052.45,25026.65,25028.45,1276,100,0
2025-10-09 17:35:00+00:00,25028.65,25032.95,25009.45,25013.45,1336,100,0
2025-10-09 17:40:00+00:00,25013.75,25033.05,25000.95,25002.65,1318,100,0
2025-10-09 17:45:00+00:00,25002.55,25034.45,24993.65,25033.05,1295,100,0
2025-10-09 17:50:00+00:00,25032.45,25043.45,25029.15,25038.65,1268,100,0
2025-10-09 17:55:00+00:00,25037.65,25059.85,25035.45,25051.35,1183,60,0
2025-10-09 18:00:00+00:00,25052.65,25067.15,25042.95,25058.15,1221,60,0
2025-10-09 18:05:00+00:00,25057.85,25066.35,25045.85,25066.35,1161,60,0
2025-10-09 18:10:00+00:00,25066.25,25066.65,25050.15,25057.65,1161,60,0
2025-10-09 18:15:00+00:00,25057.85,25078.85,25057.25,25062.25,1140,60,0
2025-10-09 18:20:00+00:00,25062.35,25065.75,25035.75,25040.25,1211,60,0
2025-10-09 18:25:00+00:00,25040.55,25045.55,25028.25,25032.75,1182,60,0
2025-10-09 18:30:00+00:00,25032.55,25035.05,25009.55,25015.25,1171,60,0
2025-10-09 18:35:00+00:00,25015.55,25040.15,25002.95,25031.55,1248,60,0
2025-10-09 18:40:00+00:00,25031.35,25031.55,25015.05,25021.55,1218,60,0
2025-10-09 18:45:00+00:00,25023.55,25056.25,25021.05,25055.65,1190,60,0
2025-10-09 18:50:00+00:00,25055.35,25070.55,25052.15,25070.35,1173,60,0
2025-10-09 18:55:00+00:00,25069.85,25079.75,25066.85,25068.55,1031,60,0
2025-10-09 19:00:00+00:00,25069.35,25077.05,25064.75,25073.55,1075,60,0
2025-10-09 19:05:00+00:00,25073.65,25077.25,25059.75,25072.35,1023,60,0
2025-10-09 19:10:00+00:00,25072.55,25079.25,25065.55,25070.75,1045,60,0
2025-10-09 19:15:00+00:00,25070.25,25078.25,25063.75,25065.55,1019,60,0
2025-10-09 19:20:00+00:00,25066.35,25066.75,25040.05,25060.05,1157,60,0
2025-10-09 19:25:00+00:00,25060.25,25069.55,25052.15,25059.75,1145,60,0
2025-10-09 19:30:00+00:00,25060.55,25065.25,25053.25,25061.55,1027,60,0
2025-10-09 19:35:00+00:00,25061.75,25066.75,25053.25,25055.55,1069,60,0
2025-10-09 19:40:00+00:00,25056.05,25056.75,25022.75,25045.25,1175,60,0
2025-10-09 19:45:00+00:00,25045.55,25062.75,25043.75,25060.75,1026,60,0
2025-10-09 19:50:00+00:00,25060.25,25065.25,25032.05,25032.35,1071,60,0
2025-10-09 19:55:00+00:00,25032.45,25034.45,25001.15,25007.95,1261,60,0
2025-10-09 20:00:00+00:00,25008.65,25023.25,25000.65,25012.75,1438,100,0
2025-10-09 20:05:00+00:00,25012.15,25035.75,24998.35,25028.75,1352,100,0
2025-10-09 20:10:00+00:00,25028.15,25030.15,24996.35,25004.85,1320,100,0
2025-10-09 20:15:00+00:00,25005.35,25011.15,24979.15,24997.65,1213,100,0
2025-10-09 20:20:00+00:00,24995.35,25017.85,24991.75,24994.65,1205,100,0
2025-10-09 20:25:00+00:00,24994.35,25001.65,24974.65,24980.65,1171,60,0
2025-10-09 20:30:00+00:00,24980.75,24991.95,24966.65,24979.25,1320,100,0
2025-10-09 20:35:00+00:00,24979.35,25007.65,24965.35,25005.85,1196,60,0
2025-10-09 20:40:00+00:00,25005.35,25016.85,24992.05,25004.05,1209,60,0
2025-10-09 20:45:00+00:00,25003.95,25015.95,24996.85,25015.35,1171,60,0
2025-10-09 20:50:00+00:00,25015.05,25022.35,25002.15,25009.65,1136,60,0
2025-10-09 20:55:00+00:00,25009.95,25022.55,25004.55,25020.85,1162,60,0
2025-10-09 21:00:00+00:00,25020.35,25023.35,24999.25,25001.85,1166,60,0
2025-10-09 21:05:00+00:00,25002.15,25004.85,24988.35,25002.05,1184,60,0
2025-10-09 21:10:00+00:00,25002.35,25017.85,25002.35,25012.85,1057,60,0
2025-10-09 21:15:00+00:00,25012.35,25033.85,25008.45,25026.35,1012,60,0
2025-10-09 21:20:00+00:00,25026.55,25030.85,25016.35,25029.35,975,60,0
2025-10-09 21:25:00+00:00,25030.05,25038.85,25017.55,25017.85,1042,60,0
2025-10-09 21:30:00+00:00,25016.65,25024.85,25009.95,25016.35,1052,60,0
2025-10-09 21:35:00+00:00,25016.55,25022.65,25013.85,25018.55,938,60,0
2025-10-09 21:40:00+00:00,25018.85,25028.05,25016.35,25024.35,916,60,0
2025-10-09 21:45:00+00:00,25024.55,25032.55,25018.45,25026.35,975,60,0
2025-10-09 21:50:00+00:00,25026.05,25032.85,25017.15,25025.55,935,60,0
2025-10-09 21:55:00+00:00,25025.65,25047.15,25021.85,25039.85,987,60,0
2025-10-09 22:00:00+00:00,25041.35,25051.05,25038.05,25045.45,999,60,0
2025-10-09 22:05:00+00:00,25045.85,25056.35,25043.85,25053.35,910,60,0
2025-10-09 22:10:00+00:00,25053.55,25065.05,25049.85,25052.55,974,60,0
2025-10-09 22:15:00+00:00,25052.85,25065.85,25044.35,25063.35,1065,60,0
2025-10-09 22:20:00+00:00,25062.55,25071.55,25061.55,25071.55,997,60,0
2025-10-09 22:25:00+00:00,25070.95,25074.95,25065.35,25069.55,965,60,0
2025-10-09 22:30:00+00:00,25069.35,25075.05,25067.35,25071.65,972,60,0
2025-10-09 22:35:00+00:00,25071.55,25087.35,25069.15,25080.15,1024,60,0
2025-10-09 22:40:00+00:00,25080.35,25082.45,25073.05,25079.45,984,60,0
2025-10-09 22:45:00+00:00,25079.55,25084.45,25073.85,25078.85,994,60,0
2025-10-09 22:50:00+00:00,25078.95,25092.15,25078.95,25089.55,1139,60,0
2025-10-09 22:55:00+00:00,25085.85,25100.15,25075.55,25100.15,1237,60,0
2025-10-09 23:00:00+00:00,25099.26,25103.46,25091.96,25096.96,918,78,0
2025-10-09 23:05:00+00:00,25096.66,25100.76,25094.66,25098.56,506,158,0
2025-10-09 23:10:00+00:00,25097.86,25097.86,25088.66,25089.16,436,148,0
2025-10-09 23:15:00+00:00,25089.76,25089.86,25081.56,25081.96,380,148,0
2025-10-09 23:20:00+00:00,25082.16,25088.46,25078.96,25082.56,307,148,0
2025-10-09 23:25:00+00:00,25082.36,25083.16,25079.96,25081.16,244,148,0
2025-10-09 23:30:00+00:00,25081.36,25081.86,25074.76,25077.66,288,148,0
2025-10-09 23:35:00+00:00,25077.76,25083.36,25077.76,25081.36,206,148,0
2025-10-09 23:40:00+00:00,25081.46,25087.16,25081.16,25086.86,203,148,0
2025-10-09 23:45:00+00:00,25086.96,25088.86,25081.76,25081.86,234,148,0
2025-10-10 01:05:00+00:00,25112.36,25113.16,25102.06,25103.26,450,168,0
2025-10-10 01:10:00+00:00,25103.56,25107.76,25094.96,25100.96,518,158,0
2025-10-10 01:15:00+00:00,25101.46,25110.06,25098.66,25104.76,317,168,0
2025-10-10 01:20:00+00:00,25104.66,25107.16,25102.66,25104.46,188,148,0
2025-10-10 01:25:00+00:00,25104.76,25105.86,25103.36,25105.76,120,148,0
2025-10-10 01:30:00+00:00,25105.86,25120.06,25105.76,25119.86,286,148,0
2025-10-10 01:35:00+00:00,25119.66,25124.46,25119.16,25119.56,335,158,0
2025-10-10 01:40:00+00:00,25119.96,25128.16,25119.96,25127.26,278,148,0
2025-10-10 01:45:00+00:00,25127.36,25127.36,25121.36,25121.96,246,148,0
2025-10-10 01:50:00+00:00,25122.16,25122.96,25118.76,25120.26,178,148,0
2025-10-10 01:55:00+00:00,25121.36,25125.96,25121.26,25125.46,209,148,0
2025-10-10 02:00:00+00:00,25125.76,25130.75,25121.05,25121.15,323,130,0
2025-10-10 02:05:00+00:00,25121.25,25122.55,25116.95,25118.15,267,130,0
2025-10-10 02:10:00+00:00,25117.95,25121.25,25116.85,25120.75,259,130,0
2025-10-10 02:15:00+00:00,25120.85,25123.85,25119.85,25123.45,204,130,0
2025-10-10 02:20:00+00:00,25123.55,25131.75,25121.05,25131.35,225,130,0
2025-10-10 02:25:00+00:00,25131.25,25132.15,25128.35,25128.95,208,130,0
2025-10-10 02:30:00+00:00,25129.05,25129.95,25123.95,25128.65,238,130,0
2025-10-10 02:35:00+00:00,25129.85,25131.95,25127.85,25130.15,204,130,0
2025-10-10 02:40:00+00:00,25129.45,25130.65,25127.35,25128.95,214,130,0
2025-10-10 02:45:00+00:00,25128.65,25145.85,25128.65,25140.75,371,130,0
2025-10-10 02:50:00+00:00,25141.05,25144.75,25138.85,25141.25,321,140,0
2025-10-10 02:55:00+00:00,25141.15,25147.85,25140.65,25147.15,347,130,0
2025-10-10 03:00:00+00:00,25148.05,25157.65,25143.25,25149.75,697,130,0
2025-10-10 03:05:00+00:00,25150.05,25150.05,25140.55,25141.35,467,140,0
2025-10-10 03:10:00+00:00,25141.15,25141.85,25134.35,25138.65,503,140,0
2025-10-10 03:15:00+00:00,25138.35,25139.85,25135.15,25136.85,451,140,0
2025-10-10 03:20:00+00:00,25137.05,25138.95,25134.45,25135.95,383,130,0
2025-10-10 03:25:00+00:00,25136.15,25140.65,25135.95,25136.95,286,130,0
2025-10-10 03:30:00+00:00,25136.65,25141.45,25136.45,25140.95,347,130,0
2025-10-10 03:35:00+00:00,25141.05,25141.15,25133.65,25135.65,354,130,0
2025-10-10 03:40:00+00:00,25135.85,25138.35,25133.95,25136.65,278,130,0
2025-10-10 03:45:00+00:00,25136.85,25140.55,25135.65,25139.95,246,130,0
2025-10-10 03:50:00+00:00,25140.05,25150.35,25140.05,25150.25,400,130,0
2025-10-10 03:55:00+00:00,25150.65,25152.15,25148.05,25148.45,333,130,0
2025-10-10 04:00:00+00:00,25149.45,25151.05,25147.65,25148.55,350,130,0
2025-10-10 04:05:00+00:00,25148.35,25149.35,25146.45,25147.35,291,130,0
2025-10-10 04:10:00+00:00,25147.65,25149.85,25145.35,25147.35,265,130,0
2025-10-10 04:15:00+00:00,25147.45,25156.85,25147.35,25153.95,424,130,0
2025-10-10 04:20:00+00:00,25154.05,25158.05,25152.15,25158.05,288,130,0
2025-10-10 04:25:00+00:00,25157.55,25161.45,25157.45,25159.85,325,130,0
2025-10-10 04:30:00+00:00,25160.35,25160.35,25157.95,25159.95,282,130,0
2025-10-10 04:35:00+00:00,25159.45,25160.85,25152.85,25154.95,282,130,0
2025-10-10 04:40:00+00:00,25155.05,25160.05,25153.05,25156.85,301,130,0
2025-10-10 04:45:00+00:00,25156.65,25157.55,25153.95,25155.15,317,130,0
2025-10-10 04:50:00+00:00,25154.55,25159.55,25154.35,25159.35,229,130,0
2025-10-10 04:55:00+00:00,25160.15,25164.85,25159.55,25163.55,290,130,0
2025-10-10 05:00:00+00:00,25162.55,25163.55,25159.35,25161.95,343,130,0
2025-10-10 05:05:00+00:00,25161.85,25163.15,25158.05,25159.45,289,130,0
2025-10-10 05:10:00+00:00,25159.15,25160.55,25157.05,25158.15,238,130,0
2025-10-10 05:15:00+00:00,25157.95,25159.05,25155.65,25156.65,247,130,0
2025-10-10 05:20:00+00:00,25156.95,25161.15,25156.45,25158.45,253,130,0
2025-10-10 05:25:00+00:00,25158.55,25162.35,25157.35,25161.55,163,130,0
2025-10-10 05:30:00+00:00,25161.45,25165.95,25159.95,25164.85,154,130,0
2025-10-10 05:35:00+00:00,25164.35,25166.95,25161.55,25164.95,184,130,0
2025-10-10 05:40:00+00:00,25164.85,25165.45,25162.45,25162.95,124,130,0
2025-10-10 05:45:00+00:00,25162.85,25163.35,25152.05,25153.35,252,130,0
2025-10-10 05:50:00+00:00,25153.45,25155.35,25149.05,25149.45,300,130,0
2025-10-10 05:55:00+00:00,25149.35,25151.15,25148.45,25149.95,245,130,0
2025-10-10 06:00:00+00:00,25150.05,25153.55,25138.05,25139.15,389,130,0
2025-10-10 06:05:00+00:00,25139.05,25145.35,25137.35,25141.35,300,140,0
2025-10-10 06:10:00+00:00,25141.55,25144.85,25141.05,25144.65,237,130,0
2025-10-10 06:15:00+00:00,25144.85,25147.35,25139.45,25144.45,262,130,0
2025-10-10 06:20:00+00:00,25144.35,25146.15,25139.95,25141.35,236,130,0
2025-10-10 06:25:00+00:00,25141.15,25141.85,25136.35,25138.35,277,130,0
2025-10-10 06:30:00+00:00,25137.95,25142.15,25136.35,25137.45,325,130,0
2025-10-10 06:35:00+00:00,25137.15,25139.85,25136.35,25136.35,248,130,0
2025-10-10 06:40:00+00:00,25136.45,25137.65,25134.45,25137.05,293,130,0
2025-10-10 06:45:00+00:00,25137.35,25137.65,25132.35,25132.45,272,130,0
2025-10-10 06:50:00+00:00,25132.35,25132.95,25128.25,25130.35,351,130,0
2025-10-10 06:55:00+00:00,25130.55,25131.55,25122.25,25128.85,383,140,0
2025-10-10 07:00:00+00:00,25128.75,25133.05,25128.25,25131.55,317,130,0
2025-10-10 07:05:00+00:00,25131.35,25132.45,25129.05,25129.15,278,130,0
2025-10-10 07:10:00+00:00,25129.05,25135.85,25129.05,25134.65,321,130,0
2025-10-10 07:15:00+00:00,25134.45,25136.05,25131.05,25133.15,262,130,0
2025-10-10 07:20:00+00:00,25133.45,25137.55,25126.95,25137.15,313,130,0
2025-10-10 07:25:00+00:00,25137.25,25137.85,25135.85,25136.15,217,130,0
2025-10-10 07:30:00+00:00,25136.35,25138.15,25133.45,25134.65,283,130,0
2025-10-10 07:35:00+00:00,25134.45,25136.15,25132.15,25133.65,198,130,0
2025-10-10 07:40:00+00:00,25133.95,25134.55,25130.55,25131.85,144,130,0
2025-10-10 07:45:00+00:00,25131.65,25131.85,25127.85,25129.55,231,130,0
2025-10-10 07:50:00+00:00,25129.65,25130.15,25118.95,25119.45,294,130,0
2025-10-10 07:55:00+00:00,25119.55,25120.75,25112.55,25119.35,394,130,0
2025-10-10 08:00:00+00:00,25119.25,25121.55,25108.55,25112.85,452,130,0
2025-10-10 08:05:00+00:00,25111.85,25121.85,25111.85,25121.65,401,130,0
2025-10-10 08:10:00+00:00,25121.95,25125.85,25121.35,25124.95,300,130,0
2025-10-10 08:15:00+00:00,25125.05,25129.85,25122.65,25129.75,359,130,0
2025-10-10 08:20:00+00:00,25129.65,25132.45,25129.05,25132.05,294,130,0
2025-10-10 08:25:00+00:00,25132.35,25134.85,25126.95,25129.55,307,130,0
2025-10-10 08:30:00+00:00,25129.65,25136.85,25129.55,25136.65,283,130,0
2025-10-10 08:35:00+00:00,25136.85,25140.95,25136.45,25139.85,299,130,0
2025-10-10 08:40:00+00:00,25139.65,25144.15,25138.05,25141.65,319,130,0
2025-10-10 08:45:00+00:00,25141.45,25145.65,25141.15,25141.95,257,130,0
2025-10-10 08:50:00+00:00,25142.15,25144.35,25137.55,25141.15,296,130,0
2025-10-10 08:55:00+00:00,25140.95,25145.45,25140.95,25145.35,230,130,0
2025-10-10 09:00:00+00:00,25145.45,25160.25,25143.65,25158.25,495,130,0
2025-10-10 09:05:00+00:00,25158.35,25160.95,25155.55,25158.85,367,140,0
2025-10-10 09:10:00+00:00,25159.15,25163.65,25158.05,25163.55,401,130,0
2025-10-10 09:15:00+00:00,25163.65,25166.05,25155.85,25157.75,406,130,0
2025-10-10 09:20:00+00:00,25158.05,25159.75,25150.55,25152.25,378,140,0
2025-10-10 09:25:00+00:00,25151.85,25155.05,25149.25,25150.65,398,140,0
2025-10-10 09:30:00+00:00,25150.85,25157.05,25148.85,25152.85,428,140,0
2025-10-10 09:35:00+00:00,25153.05,25154.85,25112.35,25135.25,1095,140,0
2025-10-10 09:40:00+00:00,25135.35,25143.35,25132.25,25134.45,618,160,0
2025-10-10 09:45:00+00:00,25135.15,25139.45,25114.15,25118.65,672,150,0
2025-10-10 09:50:00+00:00,25118.45,25123.75,25106.95,25119.65,780,170,0
2025-10-10 09:55:00+00:00,25120.25,25123.35,25113.75,25115.75,631,160,0
2025-10-10 10:00:00+00:00,25117.45,25134.35,25116.25,25133.15,930,170,0
2025-10-10 10:05:00+00:00,25132.95,25134.35,25116.55,25119.15,847,170,0
2025-10-10 10:10:00+00:00,25118.95,25125.05,25114.55,25122.65,639,160,0
2025-10-10 10:15:00+00:00,25122.75,25127.75,25116.55,25124.25,566,150,0
2025-10-10 10:20:00+00:00,25124.55,25128.25,25110.25,25119.45,584,150,0
2025-10-10 10:25:00+00:00,25119.65,25136.35,25118.45,25130.05,645,150,0
2025-10-10 10:30:00+00:00,25130.65,25138.05,25121.05,25123.05,557,160,0
2025-10-10 10:35:00+00:00,25123.25,25131.55,25120.55,25131.05,466,150,0
2025-10-10 10:40:00+00:00,25131.35,25136.05,25126.95,25129.25,473,140,0
2025-10-10 10:45:00+00:00,25129.35,25131.85,25126.55,25128.05,401,140,0
2025-10-10 10:50:00+00:00,25128.15,25128.15,25115.55,25126.55,537,140,0
2025-10-10 10:55:00+00:00,25125.05,25130.95,25121.75,25130.55,411,150,0
2025-10-10 11:00:00+00:00,25130.05,25145.55,25125.35,25128.45,860,150,0
2025-10-10 11:05:00+00:00,25128.65,25143.75,25126.15,25141.95,788,170,0
2025-10-10 11:10:00+00:00,25141.85,25147.25,25136.75,25145.05,579,150,0
2025-10-10 11:15:00+00:00,25145.35,25147.05,25140.85,25141.65,507,140,0
2025-10-10 11:20:00+00:00,25141.35,25143.45,25133.85,25138.55,507,140,0
2025-10-10 11:25:00+00:00,25138.85,25144.55,25137.05,25139.65,468,140,0
2025-10-10 11:30:00+00:00,25139.35,25144.55,25134.45,25140.25,463,140,0
2025-10-10 11:35:00+00:00,25139.95,25148.85,25139.85,25146.05,450,140,0
2025-10-10 11:40:00+00:00,25146.35,25150.05,25144.75,25147.75,377,140,0
2025-10-10 11:45:00+00:00,25148.35,25154.35,25147.35,25151.15,469,140,0
2025-10-10 11:50:00+00:00,25151.25,25152.85,25149.95,25150.15,350,130,0
2025-10-10 11:55:00+00:00,25149.95,25151.65,25147.35,25148.65,349,130,0
2025-10-10 12:00:00+00:00,25148.45,25150.85,25102.35,25131.25,1071,130,0
2025-10-10 12:05:00+00:00,25132.35,25137.35,25127.85,25136.65,696,170,0
2025-10-10 12:10:00+00:00,25136.75,25140.35,25122.65,25123.75,658,160,0
2025-10-10 12:15:00+00:00,25122.75,25129.25,25118.55,25119.55,660,160,0
2025-10-10 12:20:00+00:00,25119.25,25129.65,25113.75,25122.55,602,160,0
2025-10-10 12:25:00+00:00,25122.25,25123.55,25114.25,25114.25,512,150,0
2025-10-10 12:30:00+00:00,25113.55,25119.65,25103.55,25111.95,708,150,0
2025-10-10 12:35:00+00:00,25111.85,25114.95,25102.25,25103.75,544,160,0
2025-10-10 12:40:00+00:00,25104.25,25107.05,25096.05,25099.25,611,150,0
2025-10-10 12:45:00+00:00,25099.45,25106.55,25081.65,25082.45,657,160,0
2025-10-10 12:50:00+00:00,25082.25,25089.15,25069.75,25070.95,767,170,0
2025-10-10 12:55:00+00:00,25071.25,25077.75,25063.25,25067.95,831,170,0
2025-10-10 13:00:00+00:00,25067.75,25080.35,25066.45,25075.75,721,170,0
2025-10-10 13:05:00+00:00,25075.45,25089.45,25075.45,25087.25,589,160,0
2025-10-10 13:10:00+00:00,25087.15,25101.05,25087.05,25094.75,577,150,0
2025-10-10 13:15:00+00:00,25095.05,25106.35,25090.35,25100.85,541,150,0
2025-10-10 13:20:00+00:00,25100.05,25105.35,25098.55,25100.25,432,140,0
2025-10-10 13:25:00+00:00,25100.15,25101.35,25093.05,25097.95,484,140,0
2025-10-10 13:30:00+00:00,25097.85,25102.05,25091.45,25095.55,459,150,0
2025-10-10 13:35:00+00:00,25095.65,25095.75,25086.65,25091.05,413,150,0
2025-10-10 13:40:00+00:00,25091.25,25107.55,25090.55,25107.45,532,140,0
2025-10-10 13:45:00+00:00,25107.25,25107.25,25095.75,25097.55,447,150,0
2025-10-10 13:50:00+00:00,25097.35,25107.55,25095.05,25103.05,456,150,0
2025-10-10 13:55:00+00:00,25102.95,25113.05,25101.85,25112.85,500,140,0
2025-10-10 14:00:00+00:00,25112.35,25126.35,25112.35,25123.75,629,150,0
2025-10-10 14:05:00+00:00,25124.05,25124.85,25112.05,25117.75,569,140,0
2025-10-10 14:10:00+00:00,25118.05,25125.55,25114.75,25122.05,449,150,0
2025-10-10 14:15:00+00:00,25122.35,25124.35,25118.85,25122.65,323,140,0
2025-10-10 14:20:00+00:00,25122.65,25125.15,25119.35,25120.15,376,130,0
2025-10-10 14:25:00+00:00,25119.95,25124.85,25117.95,25123.25,395,130,0
2025-10-10 14:30:00+00:00,25123.05,25134.15,25122.25,25132.05,470,140,0
2025-10-10 14:35:00+00:00,25131.85,25132.75,25121.45,25121.45,444,130,0
2025-10-10 14:40:00+00:00,25121.55,25128.95,25115.65,25125.65,624,150,0
2025-10-10 14:45:00+00:00,25125.45,25130.85,25124.15,25130.85,344,140,0
2025-10-10 14:50:00+00:00,25130.75,25135.15,25127.35,25128.55,423,140,0
2025-10-10 14:55:00+00:00,25128.65,25135.55,25126.05,25134.85,498,140,0
2025-10-10 15:00:00+00:00,25134.25,25137.65,25128.75,25134.95,530,140,0
2025-10-10 15:05:00+00:00,25135.05,25144.05,25133.05,25140.35,502,140,0
2025-10-10 15:10:00+00:00,25140.55,25146.65,25139.15,25143.15,474,140,0
2025-10-10 15:15:00+00:00,25143.25,25144.15,25138.55,25139.15,437,130,0
2025-10-10 15:20:00+00:00,25139.85,25145.15,25138.65,25141.75,479,130,0
2025-10-10 15:25:00+00:00,25141.25,25142.05,25134.25,25138.35,555,140,0
2025-10-10 15:30:00+00:00,25137.85,25141.95,25135.95,25139.95,561,140,0
2025-10-10 15:35:00+00:00,25139.45,25139.65,25125.25,25126.95,624,140,0
2025-10-10 15:40:00+00:00,25127.25,25135.95,25105.65,25108.45,848,150,0
2025-10-10 15:45:00+00:00,25108.35,25117.15,25104.15,25110.25,851,160,0
2025-10-10 15:50:00+00:00,25110.15,25115.65,25104.85,25111.15,637,160,0
2025-10-10 15:55:00+00:00,25111.25,25111.95,25100.75,25109.65,695,150,0
2025-10-10 16:00:00+00:00,25109.15,25125.75,25109.15,25122.15,728,160,0
2025-10-10 16:05:00+00:00,25121.95,25123.45,25120.25,25123.15,421,140,0
2025-10-10 16:10:00+00:00,25123.25,25124.05,25118.75,25123.75,474,130,0
2025-10-10 16:15:00+00:00,25123.65,25124.05,25115.75,25116.45,670,140,0
2025-10-10 16:20:00+00:00,25116.55,25118.15,25107.85,25112.65,728,150,0
2025-10-10 16:25:00+00:00,25113.05,25128.05,25107.65,25126.75,1017,160,0
2025-10-10 16:30:00+00:00,25125.15,25158.75,25106.75,25140.75,1548,60,0
2025-10-10 16:35:00+00:00,25141.45,25188.45,25132.75,25184.25,1491,100,0
2025-10-10 16:40:00+00:00,25185.45,25185.45,25166.05,25180.45,1372,100,0
2025-10-10 16:45:00+00:00,25179.95,25199.75,25160.75,25166.75,1349,100,0
2025-10-10 16:50:00+00:00,25164.35,25164.85,25138.45,25145.95,1486,100,0
2025-10-10 16:55:00+00:00,25146.45,25179.05,25140.75,25168.95,1436,100,0
2025-10-10 17:00:00+00:00,25169.25,25182.35,25126.35,25149.25,1513,100,0
2025-10-10 17:05:00+00:00,25148.75,25167.75,25138.75,25159.25,1446,100,0
2025-10-10 17:10:00+00:00,25158.75,25166.95,25136.45,25140.95,1385,100,0
2025-10-10 17:15:00+00:00,25139.95,25145.25,25115.75,25134.95,1441,100,0
2025-10-10 17:20:00+00:00,25135.25,25155.45,25134.45,25150.55,1355,100,0
2025-10-10 17:25:00+00:00,25149.95,25166.25,25142.75,25147.45,1324,100,0
2025-10-10 17:30:00+00:00,25149.35,25159.95,25144.45,25151.75,1323,100,0
2025-10-10 17:35:00+00:00,25150.45,25157.85,25131.55,25145.95,1308,100,0
2025-10-10 17:40:00+00:00,25145.75,25153.55,25128.05,25152.55,1279,60,0
2025-10-10 17:45:00+00:00,25152.45,25169.05,25148.75,25164.45,1243,60,0
2025-10-10 17:50:00+00:00,25163.95,25165.15,25142.95,25152.65,1237,60,0
2025-10-10 17:55:00+00:00,25152.95,25157.45,24942.35,25005.35,1399,60,0
2025-10-10 18:00:00+00:00,25006.35,25006.35,24805.35,24843.85,1745,100,0
2025-10-10 18:05:00+00:00,24840.95,24911.85,24793.95,24809.75,1724,100,0
2025-10-10 18:10:00+00:00,24809.25,24910.85,24806.55,24874.45,1691,100,0
2025-10-10 18:15:00+00:00,24871.75,24888.85,24721.85,24762.95,1671,100,0
2025-10-10 18:20:00+00:00,24764.55,24778.25,24630.25,24634.85,1706,100,0
2025-10-10 18:25:00+00:00,24633.05,24712.45,24616.35,24633.55,1717,100,0
2025-10-10 18:30:00+00:00,24632.75,24634.95,24484.45,24539.25,1696,100,0
2025-10-10 18:35:00+00:00,24538.85,24602.25,24532.55,24533.55,1711,100,0
2025-10-10 18:40:00+00:00,24535.05,24677.35,24496.85,24673.55,1687,100,0
2025-10-10 18:45:00+00:00,24674.85,24708.55,24623.85,24654.55,1699,100,0
2025-10-10 18:50:00+00:00,24653.85,24720.05,24648.35,24679.95,1694,100,0
2025-10-10 18:55:00+00:00,24678.45,24678.45,24585.45,24640.45,1678,100,0
2025-10-10 19:00:00+00:00,24638.85,24638.85,24565.55,24594.05,1683,100,0
2025-10-10 19:05:00+00:00,24595.25,24630.35,24569.05,24608.05,1648,100,0
2025-10-10 19:10:00+00:00,24604.95,24631.95,24567.35,24628.35,1634,100,0
2025-10-10 19:15:00+00:00,24627.55,24642.85,24557.45,24587.55,1649,100,0
2025-10-10 19:20:00+00:00,24589.45,24658.85,24556.85,24623.35,1629,100,0
2025-10-10 19:25:00+00:00,24622.75,24635.55,24590.85,24601.05,1626,100,0
2025-10-10 19:30:00+00:00,24598.55,24646.25,24578.75,24584.05,1595,100,0
2025-10-10 19:35:00+00:00,24585.45,24616.95,24568.75,24594.45,1592,100,0
2025-10-10 19:40:00+00:00,24593.45,24602.55,24537.45,24547.45,1576,100,0
2025-10-10 19:45:00+00:00,24547.55,24571.85,24505.35,24508.05,1583,100,0
2025-10-10 19:50:00+00:00,24508.35,24516.35,24472.85,24487.35,1547,100,0
2025-10-10 19:55:00+00:00,24487.55,24507.85,24460.55,24470.75,1544,100,0
2025-10-10 20:00:00+00:00,24467.25,24489.35,24429.55,24436.05,1565,100,0
2025-10-10 20:05:00+00:00,24437.85,24451.05,24416.05,24421.95,1534,100,0
2025-10-10 20:10:00+00:00,24422.35,24480.75,24418.35,24435.85,1614,100,0
2025-10-10 20:15:00+00:00,24436.25,24486.05,24429.25,24463.35,1584,100,0
2025-10-10 20:20:00+00:00,24462.55,24500.75,24434.05,24485.35,1521,100,0
2025-10-10 20:25:00+00:00,24484.95,24532.55,24480.25,24526.25,1506,100,0
2025-10-10 20:30:00+00:00,24525.75,24550.95,24506.55,24546.45,1563,100,0
2025-10-10 20:35:00+00:00,24546.35,24562.35,24522.85,24530.85,1544,100,0
2025-10-10 20:40:00+00:00,24529.95,24556.35,24518.25,24520.45,1529,100,0
2025-10-10 20:45:00+00:00,24519.75,24527.35,24475.75,24513.35,1612,100,0
2025-10-10 20:50:00+00:00,24512.55,24514.55,24467.55,24471.85,1478,100,0
2025-10-10 20:55:00+00:00,24470.95,24495.55,24458.35,24491.45,1532,100,0
2025-10-10 21:00:00+00:00,24495.45,24495.55,24455.25,24473.05,1469,100,0
2025-10-10 21:05:00+00:00,24473.35,24496.85,24460.75,24475.85,1473,100,0
2025-10-10 21:10:00+00:00,24475.55,24502.75,24464.35,24500.85,1475,100,0
2025-10-10 21:15:00+00:00,24500.75,24516.95,24466.35,24482.05,1464,100,0
2025-10-10 21:20:00+00:00,24482.25,24530.55,24482.25,24520.85,1474,100,0
2025-10-10 21:25:00+00:00,24520.95,24529.35,24477.25,24480.05,1440,100,0
2025-10-10 21:30:00+00:00,24480.25,24499.05,24464.05,24464.05,1467,100,0
2025-10-10 21:35:00+00:00,24463.95,24476.25,24457.25,24463.35,1435,100,0
2025-10-10 21:40:00+00:00,24463.75,24474.85,24437.35,24438.35,1397,100,0
2025-10-10 21:45:00+00:00,24438.95,24470.45,24419.45,24427.85,1443,100,0
2025-10-10 21:50:00+00:00,24428.55,24432.35,24384.35,24388.95,1456,100,0
2025-10-10 21:55:00+00:00,24389.05,24418.95,24385.25,24400.55,1514,100,0
2025-10-10 22:00:00+00:00,24400.95,24446.35,24399.05,24432.85,1514,100,0
2025-10-10 22:05:00+00:00,24433.05,24436.45,24402.95,24407.45,1427,100,0
2025-10-10 22:10:00+00:00,24406.55,24411.25,24367.75,24382.05,1456,100,0
2025-10-10 22:15:00+00:00,24381.35,24402.25,24375.75,24390.35,1465,100,0
2025-10-10 22:20:00+00:00,24390.55,24402.25,24362.45,24364.35,1403,100,0
2025-10-10 22:25:00+00:00,24365.25,24379.95,24325.05,24343.55,1413,100,0
2025-10-10 22:30:00+00:00,24345.45,24357.75,24320.45,24326.85,1498,100,0
2025-10-10 22:35:00+00:00,24325.95,24325.95,24259.35,24270.55,1516,100,0
2025-10-10 22:40:00+00:00,24269.05,24351.95,24269.05,24347.35,1548,100,0
2025-10-10 22:45:00+00:00,24347.75,24368.85,24332.55,24338.55,1578,100,0
2025-10-10 22:50:00+00:00,24324.55,24333.85,24243.05,24243.85,1637,100,0
2025-10-10 22:55:00+00:00,24240.95,24240.95,24197.55,24216.25,1639,100,0
2025-10-10 23:00:00+00:00,24214.75,24249.76,24204.56,24243.26,1464,100,0
2025-10-10 23:05:00+00:00,24243.46,24258.56,24223.96,24228.96,1365,208,0
2025-10-10 23:10:00+00:00,24229.76,24259.06,24229.76,24253.66,1204,208,0
2025-10-10 23:15:00+00:00,24253.06,24253.16,24226.46,24234.26,1104,208,0
2025-10-10 23:20:00+00:00,24234.56,24246.26,24230.36,24234.36,957,198,0
2025-10-10 23:25:00+00:00,24234.56,24256.26,24234.36,24255.16,763,178,0
2025-10-10 23:30:00+00:00,24255.36,24256.46,24234.06,24235.36,818,178,0
2025-10-10 23:35:00+00:00,24235.76,24244.36,24232.56,24241.16,757,188,0
2025-10-10 23:40:00+00:00,24240.66,24245.66,24231.66,24231.66,661,168,0
2025-10-10 23:45:00+00:00,24231.56,24236.16,24224.56,24233.36,789,178,0
2025-10-13 01:05:00+00:00,24509.46,24527.26,24435.46,24507.56,1149,208,0
2025-10-13 01:10:00+00:00,24507.06,24517.86,24473.36,24505.96,628,208,0
2025-10-13 01:15:00+00:00,24506.46,24552.76,24506.46,24529.46,790,208,0
2025-10-13 01:20:00+00:00,24529.76,24559.06,24524.46,24544.26,640,208,0
2025-10-13 01:25:00+00:00,24544.36,24545.26,24501.06,24509.26,618,208,0
2025-10-13 01:30:00+00:00,24509.76,24533.76,24504.86,24512.06,478,208,0
2025-10-13 01:35:00+00:00,24512.36,24523.06,24491.46,24505.96,489,208,0
2025-10-13 01:40:00+00:00,24506.06,24512.96,24490.36,24512.56,300,208,0
2025-10-13 01:45:00+00:00,24511.86,24527.16,24491.46,24491.46,331,198,0
2025-10-13 01:50:00+00:00,24491.36,24520.46,24491.36,24508.06,299,208,0
2025-10-13 01:55:00+00:00,24507.96,24518.46,24505.76,24508.36,276,188,0
2025-10-13 02:00:00+00:00,24508.45,24516.45,24472.85,24481.65,613,170,0
2025-10-13 02:05:00+00:00,24482.05,24537.95,24482.05,24535.85,494,190,0
2025-10-13 02:10:00+00:00,24535.15,24539.35,24521.65,24525.35,577,190,0
2025-10-13 02:15:00+00:00,24525.05,24534.55,24495.55,24502.15,723,190,0
2025-10-13 02:20:00+00:00,24503.15,24548.35,24502.85,24546.15,714,190,0
2025-10-13 02:25:00+00:00,24545.95,24557.85,24543.05,24555.05,556,190,0
2025-10-13 02:30:00+00:00,24555.95,24582.45,24554.95,24554.95,914,190,0
2025-10-13 02:35:00+00:00,24556.35,24565.05,24542.85,24559.05,806,190,0
2025-10-13 02:40:00+00:00,24559.55,24572.15,24542.85,24562.95,992,190,0
2025-10-13 02:45:00+00:00,24562.65,24581.55,24560.55,24581.45,1074,190,0
2025-10-13 02:50:00+00:00,24581.15,24605.85,24575.25,24602.65,966,180,0
2025-10-13 02:55:00+00:00,24602.45,24613.95,24597.65,24606.35,992,190,0
2025-10-13 03:00:00+00:00,24605.65,24614.15,24578.55,24585.85,1310,190,0
2025-10-13 03:05:00+00:00,24585.55,24598.45,24576.55,24589.95,1120,190,0
2025-10-13 03:10:00+00:00,24590.05,24607.85,24587.85,24606.35,897,180,0
2025-10-13 03:15:00+00:00,24606.05,24624.65,24601.35,24623.85,1066,180,0
2025-10-13 03:20:00+00:00,24624.55,24630.55,24602.05,24604.05,1028,190,0
2025-10-13 03:25:00+00:00,24604.15,24614.75,24600.75,24611.65,953,180,0
2025-10-13 03:30:00+00:00,24611.55,24616.05,24603.05,24615.55,852,180,0
2025-10-13 03:35:00+00:00,24615.65,24627.95,24612.95,24617.45,799,170,0
2025-10-13 03:40:00+00:00,24617.65,24635.35,24614.85,24634.35,774,180,0
2025-10-13 03:45:00+00:00,24632.85,24640.45,24629.85,24634.35,965,170,0
2025-10-13 03:50:00+00:00,24634.85,24646.75,24632.55,24641.55,855,180,0
2025-10-13 03:55:00+00:00,24641.95,24657.65,24641.35,24651.05,900,180,0
2025-10-13 04:00:00+00:00,24650.85,24658.95,24647.05,24652.65,1124,180,0
2025-10-13 04:05:00+00:00,24652.55,24672.35,24651.85,24655.85,1072,180,0
2025-10-13 04:10:00+00:00,24656.85,24662.85,24646.35,24648.55,931,180,0
2025-10-13 04:15:00+00:00,24648.45,24658.65,24647.15,24656.15,892,170,0
2025-10-13 04:20:00+00:00,24655.45,24668.95,24652.15,24661.65,835,170,0
2025-10-13 04:25:00+00:00,24661.95,24668.85,24660.65,24664.35,795,170,0
2025-10-13 04:30:00+00:00,24664.95,24678.95,24664.95,24670.85,892,160,0
2025-10-13 04:35:00+00:00,24670.95,24673.85,24651.85,24654.65,955,170,0
2025-10-13 04:40:00+00:00,24654.85,24671.95,24654.85,24670.65,768,160,0
2025-10-13 04:45:00+00:00,24670.95,24678.95,24670.45,24675.45,658,160,0
2025-10-13 04:50:00+00:00,24675.95,24677.45,24671.95,24676.25,570,150,0
2025-10-13 04:55:00+00:00,24675.95,24679.75,24671.75,24676.85,569,150,0
2025-10-13 05:00:00+00:00,24676.95,24678.85,24663.65,24665.75,843,150,0
2025-10-13 05:05:00+00:00,24665.85,24676.75,24665.35,24674.55,711,160,0
2025-10-13 05:10:00+00:00,24675.05,24675.15,24658.75,24665.65,564,150,0
2025-10-13 05:15:00+00:00,24665.55,24674.15,24663.05,24667.35,599,150,0
2025-10-13 05:20:00+00:00,24667.25,24672.35,24657.85,24667.05,631,150,0
2025-10-13 05:25:00+00:00,24667.25,24672.45,24665.05,24671.35,383,150,0
2025-10-13 05:30:00+00:00,24671.45,24673.55,24665.35,24672.45,437,140,0
2025-10-13 05:35:00+00:00,24672.55,24672.75,24662.55,24666.65,631,150,0
2025-10-13 05:40:00+00:00,24666.55,24667.05,24658.25,24658.85,555,140,0
2025-10-13 05:45:00+00:00,24658.75,24668.25,24656.65,24662.85,459,140,0
2025-10-13 05:50:00+00:00,24662.55,24662.55,24651.05,24651.05,577,150,0
2025-10-13 05:55:00+00:00,24650.35,24652.05,24629.65,24631.25,709,150,0
2025-10-13 06:00:00+00:00,24630.65,24642.75,24619.95,24637.55,867,170,0
2025-10-13 06:05:00+00:00,24637.35,24664.85,24636.55,24664.75,739,170,0
2025-10-13 06:10:00+00:00,24664.35,24669.05,24655.35,24661.15,552,160,0
2025-10-13 06:15:00+00:00,24660.95,24661.25,24651.75,24651.85,492,150,0
2025-10-13 06:20:00+00:00,24651.95,24657.05,24645.75,24646.55,605,150,0
2025-10-13 06:25:00+00:00,24646.45,24653.45,24641.95,24644.65,543,160,0
2025-10-13 06:30:00+00:00,24643.75,24644.85,24630.95,24635.85,692,150,0
2025-10-13 06:35:00+00:00,24635.75,24640.05,24627.65,24628.65,531,150,0
2025-10-13 06:40:00+00:00,24629.05,24631.55,24618.45,24620.45,776,160,0
2025-10-13 06:45:00+00:00,24619.95,24625.95,24609.85,24610.95,732,180,0
2025-10-13 06:50:00+00:00,24610.85,24616.35,24596.65,24604.25,888,180,0
2025-10-13 06:55:00+00:00,24603.85,24604.65,24587.55,24601.65,828,180,0
2025-10-13 07:00:00+00:00,24602.05,24615.65,24601.65,24606.05,696,180,0
2025-10-13 07:05:00+00:00,24605.55,24617.65,24598.15,24611.05,657,180,0
2025-10-13 07:10:00+00:00,24611.15,24618.95,24604.95,24614.25,561,160,0
2025-10-13 07:15:00+00:00,24614.15,24621.95,24614.15,24619.85,415,150,0
2025-10-13 07:20:00+00:00,24619.55,24620.55,24603.05,24615.35,565,150,0
2025-10-13 07:25:00+00:00,24615.65,24629.65,24614.95,24623.15,606,170,0
2025-10-13 07:30:00+00:00,24623.35,24628.35,24619.75,24625.75,509,160,0
2025-10-13 07:35:00+00:00,24625.65,24628.45,24620.95,24624.45,496,150,0
2025-10-13 07:40:00+00:00,24624.55,24632.95,24621.55,24622.75,380,150,0
2025-10-13 07:45:00+00:00,24622.85,24629.65,24622.75,24628.75,303,140,0
2025-10-13 07:50:00+00:00,24628.55,24645.45,24626.75,24645.45,440,140,0
2025-10-13 07:55:00+00:00,24645.35,24646.15,24641.05,24642.85,381,140,0
2025-10-13 08:00:00+00:00,24642.75,24644.95,24626.85,24633.55,637,140,0
2025-10-13 08:05:00+00:00,24633.85,24647.65,24630.95,24644.85,628,170,0
2025-10-13 08:10:00+00:00,24645.15,24647.95,24635.15,24647.45,665,170,0
2025-10-13 08:15:00+00:00,24647.85,24655.95,24638.65,24648.05,728,160,0
2025-10-13 08:20:00+00:00,24647.95,24657.45,24645.45,24650.65,539,160,0
2025-10-13 08:25:00+00:00,24651.15,24653.45,24647.55,24650.65,549,150,0
2025-10-13 08:30:00+00:00,24650.75,24655.95,24648.95,24649.35,521,140,0
2025-10-13 08:35:00+00:00,24649.55,24652.85,24640.55,24651.45,541,150,0
2025-10-13 08:40:00+00:00,24651.65,24655.75,24644.65,24646.15,421,140,0
2025-10-13 08:45:00+00:00,24646.25,24650.65,24636.85,24650.65,546,160,0
2025-10-13 08:50:00+00:00,24649.45,24664.95,24647.75,24658.95,570,170,0
2025-10-13 08:55:00+00:00,24658.65,24662.75,24655.35,24661.25,444,140,0
2025-10-13 09:00:00+00:00,24661.15,24662.15,24652.45,24655.45,823,140,0
2025-10-13 09:05:00+00:00,24656.25,24667.95,24640.85,24647.85,843,170,0
2025-10-13 09:10:00+00:00,24648.65,24654.65,24611.25,24622.15,956,190,0
2025-10-13 09:15:00+00:00,24623.65,24633.35,24621.35,24632.55,694,180,0
2025-10-13 09:20:00+00:00,24633.25,24633.85,24620.75,24621.05,791,180,0
2025-10-13 09:25:00+00:00,24622.45,24638.15,24618.65,24637.65,684,170,0
2025-10-13 09:30:00+00:00,24637.35,24660.75,24635.95,24657.95,757,170,0
2025-10-13 09:35:00+00:00,24657.85,24661.25,24653.85,24658.15,653,160,0
2025-10-13 09:40:00+00:00,24657.95,24662.05,24656.05,24656.15,587,160,0
2025-10-13 09:45:00+00:00,24653.45,24657.85,24641.15,24654.95,656,160,0
2025-10-13 09:50:00+00:00,24655.45,24664.85,24654.95,24662.95,659,170,0
2025-10-13 09:55:00+00:00,24663.15,24676.95,24659.85,24674.75,734,160,0
2025-10-13 10:00:00+00:00,24674.35,24692.65,24657.75,24667.55,1231,170,0
2025-10-13 10:05:00+00:00,24667.65,24699.35,24661.65,24694.05,1145,190,0
2025-10-13 10:10:00+00:00,24693.65,24720.35,24691.75,24716.15,1099,190,0
2025-10-13 10:15:00+00:00,24716.25,24729.05,24711.15,24728.25,941,190,0
2025-10-13 10:20:00+00:00,24727.55,24747.55,24714.25,24744.75,1009,190,0
2025-10-13 10:25:00+00:00,24745.05,24759.65,24740.65,24756.55,925,180,0
2025-10-13 10:30:00+00:00,24756.85,24769.55,24749.55,24755.65,981,180,0
2025-10-13 10:35:00+00:00,24755.75,24762.55,24741.55,24745.35,992,180,0
2025-10-13 10:40:00+00:00,24744.65,24752.85,24735.85,24735.85,922,190,0
2025-10-13 10:45:00+00:00,24735.55,24737.65,24726.05,24726.55,852,180,0
2025-10-13 10:50:00+00:00,24727.05,24732.65,24717.15,24722.05,778,170,0
2025-10-13 10:55:00+00:00,24721.85,24729.75,24717.35,24728.65,768,170,0
2025-10-13 11:00:00+00:00,24728.15,24731.35,24712.15,24730.35,1255,170,0
2025-10-13 11:05:00+00:00,24731.15,24732.85,24706.05,24710.85,1085,190,0
2025-10-13 11:10:00+00:00,24711.05,24720.85,24705.25,24706.55,869,180,0
2025-10-13 11:15:00+00:00,24706.35,24717.35,24691.45,24710.15,921,180,0
2025-10-13 11:20:00+00:00,24710.25,24721.05,24690.85,24693.65,872,190,0
2025-10-13 11:25:00+00:00,24693.75,24695.15,24679.65,24680.15,860,170,0
2025-10-13 11:30:00+00:00,24681.25,24705.35,24681.25,24703.05,840,170,0
2025-10-13 11:35:00+00:00,24700.85,24703.05,24679.55,24684.55,788,180,0
2025-10-13 11:40:00+00:00,24684.45,24695.35,24667.05,24667.35,819,160,0
2025-10-13 11:45:00+00:00,24668.25,24682.95,24665.85,24682.65,807,180,0
2025-10-13 11:50:00+00:00,24682.95,24693.95,24680.45,24688.15,654,160,0
2025-10-13 11:55:00+00:00,24687.95,24704.85,24687.05,24698.95,687,160,0
2025-10-13 12:00:00+00:00,24698.65,24704.85,24688.15,24695.15,793,170,0
2025-10-13 12:05:00+00:00,24695.05,24698.85,24681.75,24681.75,668,170,0
2025-10-13 12:10:00+00:00,24681.35,24690.05,24678.15,24687.15,675,170,0
2025-10-13 12:15:00+00:00,24686.95,24700.75,24685.35,24697.95,622,170,0
2025-10-13 12:20:00+00:00,24698.15,24703.45,24681.55,24687.65,558,160,0
2025-10-13 12:25:00+00:00,24687.95,24693.85,24682.45,24683.95,574,160,0
2025-10-13 12:30:00+00:00,24683.45,24686.55,24672.45,24683.95,729,160,0
2025-10-13 12:35:00+00:00,24684.65,24684.65,24666.15,24670.15,664,170,0
2025-10-13 12:40:00+00:00,24671.15,24673.85,24666.35,24670.65,537,170,0
2025-10-13 12:45:00+00:00,24670.35,24674.65,24660.95,24667.35,607,160,0
2025-10-13 12:50:00+00:00,24667.25,24678.35,24662.65,24671.35,638,160,0
2025-10-13 12:55:00+00:00,24671.45,24683.95,24670.45,24670.45,590,160,0
2025-10-13 13:00:00+00:00,24670.35,24688.15,24663.65,24678.15,742,170,0
2025-10-13 13:05:00+00:00,24678.55,24683.25,24670.35,24681.95,487,160,0
2025-10-13 13:10:00+00:00,24680.45,24684.85,24673.45,24682.15,539,170,0
2025-10-13 13:15:00+00:00,24681.85,24681.85,24651.55,24667.55,689,170,0
2025-10-13 13:20:00+00:00,24666.85,24676.05,24653.05,24670.75,748,180,0
2025-10-13 13:25:00+00:00,24671.05,24684.45,24670.25,24683.55,604,160,0
2025-10-13 13:30:00+00:00,24680.55,24701.25,24680.55,24698.45,616,160,0
2025-10-13 13:35:00+00:00,24697.45,24699.25,24683.45,24689.95,610,160,0
2025-10-13 13:40:00+00:00,24689.35,24692.35,24663.05,24665.35,613,160,0
2025-10-13 13:45:00+00:00,24665.15,24671.95,24657.55,24665.85,683,180,0
2025-10-13 13:50:00+00:00,24665.95,24668.35,24652.15,24665.35,630,180,0
2025-10-13 13:55:00+00:00,24665.45,24679.95,24663.35,24675.15,684,160,0
2025-10-13 14:00:00+00:00,24674.95,24689.55,24627.55,24649.65,1359,170,0
2025-10-13 14:05:00+00:00,24649.05,24654.55,24581.05,24598.65,1487,190,0
2025-10-13 14:10:00+00:00,24598.75,24610.85,24558.25,24606.85,1387,190,0
2025-10-13 14:15:00+00:00,24607.15,24622.15,24601.15,24619.05,1077,190,0
2025-10-13 14:20:00+00:00,24618.65,24626.35,24596.55,24598.85,1047,190,0
2025-10-13 14:25:00+00:00,24599.15,24611.35,24585.85,24587.85,950,190,0
2025-10-13 14:30:00+00:00,24588.05,24614.85,24560.05,24606.55,1168,190,0
2025-10-13 14:35:00+00:00,24606.35,24612.65,24578.35,24594.15,1024,190,0
2025-10-13 14:40:00+00:00,24593.15,24625.05,24590.35,24619.85,962,190,0
2025-10-13 14:45:00+00:00,24620.05,24637.65,24615.65,24624.15,947,180,0
2025-10-13 14:50:00+00:00,24624.25,24635.55,24605.65,24628.85,1016,190,0
2025-10-13 14:55:00+00:00,24629.15,24630.35,24614.75,24621.75,1002,190,0
2025-10-13 15:00:00+00:00,24621.55,24621.55,24591.75,24604.05,1260,190,0
2025-10-13 15:05:00+00:00,24603.55,24616.05,24593.05,24613.35,996,190,0
2025-10-13 15:10:00+00:00,24613.65,24638.85,24611.85,24637.65,935,180,0
2025-10-13 15:15:00+00:00,24636.55,24653.85,24633.55,24649.75,901,180,0
2025-10-13 15:20:00+00:00,24650.05,24650.05,24617.85,24645.75,1052,180,0
2025-10-13 15:25:00+00:00,24646.05,24646.85,24632.25,24638.15,817,180,0
2025-10-13 15:30:00+00:00,24637.35,24654.65,24635.55,24650.35,889,180,0
2025-10-13 15:35:00+00:00,24650.05,24659.85,24648.65,24658.35,762,170,0
2025-10-13 15:40:00+00:00,24658.15,24658.15,24640.85,24646.15,812,160,0
2025-10-13 15:45:00+00:00,24645.75,24653.15,24640.15,24644.55,892,170,0
2025-10-13 15:50:00+00:00,24644.65,24644.65,24620.55,24635.85,977,180,0
2025-10-13 15:55:00+00:00,24635.75,24638.75,24605.35,24611.65,906,180,0
2025-10-13 16:00:00+00:00,24611.35,24702.65,24610.65,24701.55,1554,180,0
2025-10-13 16:05:00+00:00,24700.35,24712.75,24681.35,24690.55,1336,190,0
2025-10-13 16:10:00+00:00,24690.75,24693.55,24668.55,24673.15,1196,190,0
2025-10-13 16:15:00+00:00,24673.05,24684.75,24665.05,24677.55,1161,190,0
2025-10-13 16:20:00+00:00,24677.75,24696.25,24661.35,24671.25,1256,190,0
2025-10-13 16:25:00+00:00,24671.35,24675.65,24645.05,24649.85,1356,190,0
2025-10-13 16:30:00+00:00,24648.65,24666.95,24583.55,24584.45,1658,100,0
2025-10-13 16:35:00+00:00,24584.05,24598.75,24549.75,24582.95,1642,100,0
2025-10-13 16:40:00+00:00,24583.25,24639.55,24555.95,24637.35,1654,100,0
2025-10-13 16:45:00+00:00,24636.75,24653.25,24593.85,24652.35,1609,100,0
2025-10-13 16:50:00+00:00,24652.25,24690.95,24636.95,24665.05,1570,100,0
2025-10-13 16:55:00+00:00,24664.85,24716.75,24660.75,24712.55,1510,100,0
2025-10-13 17:00:00+00:00,24707.95,24730.35,24689.95,24729.25,1544,100,0
2025-10-13 17:05:00+00:00,24726.55,24735.85,24708.25,24728.05,1539,100,0
2025-10-13 17:10:00+00:00,24725.75,24737.75,24698.75,24708.95,1554,100,0
2025-10-13 17:15:00+00:00,24709.25,24729.05,24684.05,24685.75,1516,100,0
2025-10-13 17:20:00+00:00,24684.35,24694.55,24612.75,24661.95,1605,100,0
2025-10-13 17:25:00+00:00,24661.45,24662.05,24619.25,24649.55,1531,100,0
2025-10-13 17:30:00+00:00,24649.05,24682.35,24622.25,24676.95,1558,100,0
2025-10-13 17:35:00+00:00,24677.25,24712.45,24673.25,24706.25,1444,100,0
2025-10-13 17:40:00+00:00,24706.85,24711.85,24655.45,24658.45,1511,100,0
2025-10-13 17:45:00+00:00,24657.45,24674.45,24625.75,24628.45,1539,100,0
2025-10-13 17:50:00+00:00,24626.25,24631.45,24591.55,24607.55,1539,100,0
2025-10-13 17:55:00+00:00,24607.85,24608.45,24568.45,24582.55,1558,100,0
2025-10-13 18:00:00+00:00,24581.45,24603.85,24570.95,24590.05,1541,100,0
2025-10-13 18:05:00+00:00,24590.35,24622.75,24575.75,24621.05,1495,100,0
2025-10-13 18:10:00+00:00,24620.75,24661.05,24617.75,24653.25,1483,100,0
2025-10-13 18:15:00+00:00,24653.45,24693.05,24653.45,24689.85,1408,100,0
2025-10-13 18:20:00+00:00,24689.95,24708.45,24688.35,24689.55,1370,60,0
2025-10-13 18:25:00+00:00,24690.55,24710.55,24687.75,24702.55,1444,100,0
2025-10-13 18:30:00+00:00,24702.75,24722.75,24698.25,24712.55,1423,100,0
2025-10-13 18:35:00+00:00,24712.75,24715.05,24697.35,24698.25,1358,100,0
2025-10-13 18:40:00+00:00,24698.85,24702.35,24676.95,24679.95,1397,100,0
2025-10-13 18:45:00+00:00,24680.85,24708.25,24679.05,24707.05,1410,100,0
2025-10-13 18:50:00+00:00,24706.55,24712.95,24690.85,24710.45,1357,100,0
2025-10-13 18:55:00+00:00,24709.45,24726.05,24706.95,24717.75,1216,60,0
2025-10-13 19:00:00+00:00,24717.95,24727.35,24707.65,24722.45,1346,60,0
2025-10-13 19:05:00+00:00,24723.35,24725.95,24703.75,24716.55,1379,60,0
2025-10-13 19:10:00+00:00,24717.05,24729.85,24709.05,24727.35,1257,80,0
2025-10-13 19:15:00+00:00,24727.25,24742.75,24726.55,24741.15,1219,60,0
2025-10-13 19:20:00+00:00,24741.25,24753.55,24695.85,24732.85,1420,60,0
2025-10-13 19:25:00+00:00,24732.75,24746.85,24723.05,24733.35,1356,100,0
2025-10-13 19:30:00+00:00,24733.85,24752.55,24727.95,24745.25,1214,60,0
2025-10-13 19:35:00+00:00,24745.55,24748.05,24723.75,24729.75,1193,60,0
2025-10-13 19:40:00+00:00,24729.65,24732.25,24712.75,24725.35,1277,60,0
2025-10-13 19:45:00+00:00,24725.45,24749.85,24713.55,24748.45,1226,60,0
2025-10-13 19:50:00+00:00,24749.25,24759.45,24741.85,24753.45,1230,100,0
2025-10-13 19:55:00+00:00,24753.55,24778.95,24752.35,24768.75,1209,60,0
2025-10-13 20:00:00+00:00,24768.85,24778.75,24758.55,24772.85,1199,60,0
2025-10-13 20:05:00+00:00,24772.55,24777.55,24766.35,24766.85,1112,60,0
2025-10-13 20:10:00+00:00,24767.05,24769.35,24727.75,24736.35,1258,60,0
2025-10-13 20:15:00+00:00,24736.15,24742.65,24713.35,24724.55,1367,70,0
2025-10-13 20:20:00+00:00,24724.75,24750.65,24720.05,24731.45,1308,60,0
2025-10-13 20:25:00+00:00,24729.05,24731.85,24717.15,24724.35,1249,60,0
2025-10-13 20:30:00+00:00,24726.35,24730.85,24715.85,24716.35,1270,60,0
2025-10-13 20:35:00+00:00,24716.55,24730.05,24713.85,24719.05,1191,60,0
2025-10-13 20:40:00+00:00,24719.75,24727.55,24709.55,24713.35,1204,60,0
2025-10-13 20:45:00+00:00,24713.05,24725.55,24710.35,24722.05,1147,60,0
2025-10-13 20:50:00+00:00,24721.85,24736.45,24710.75,24736.35,1171,60,0
2025-10-13 20:55:00+00:00,24735.45,24746.95,24714.05,24746.75,1216,60,0
2025-10-13 21:00:00+00:00,24746.05,24756.85,24740.85,24748.55,1160,60,0
2025-10-13 21:05:00+00:00,24748.35,24753.35,24743.75,24747.55,1110,60,0
2025-10-13 21:10:00+00:00,24747.05,24755.35,24742.55,24746.85,998,60,0
2025-10-13 21:15:00+00:00,24746.05,24758.25,24746.05,24748.05,1053,60,0
2025-10-13 21:20:00+00:00,24747.95,24772.45,24747.95,24768.35,973,60,0
2025-10-13 21:25:00+00:00,24767.35,24772.55,24761.95,24770.05,917,60,0
2025-10-13 21:30:00+00:00,24770.35,24781.75,24762.85,24765.85,1016,60,0
2025-10-13 21:35:00+00:00,24765.55,24769.85,24747.55,24753.05,962,60,0
2025-10-13 21:40:00+00:00,24752.85,24756.55,24725.95,24740.55,1195,60,0
2025-10-13 21:45:00+00:00,24740.75,24741.85,24727.85,24733.85,1214,60,0
2025-10-13 21:50:00+00:00,24733.75,24746.45,24716.05,24722.35,1199,60,0
2025-10-13 21:55:00+00:00,24723.35,24726.25,24710.05,24720.35,1167,60,0
2025-10-13 22:00:00+00:00,24720.05,24731.05,24702.65,24709.65,1296,60,0
2025-10-13 22:05:00+00:00,24710.65,24736.95,24707.35,24729.35,1163,60,0
2025-10-13 22:10:00+00:00,24729.05,24738.35,24719.05,24724.55,1161,60,0
2025-10-13 22:15:00+00:00,24724.85,24753.05,24721.55,24747.75,1090,60,0
2025-10-13 22:20:00+00:00,24747.55,24768.05,24747.25,24759.05,1023,60,0
2025-10-13 22:25:00+00:00,24758.85,24760.55,24728.05,24733.85,1101,60,0
2025-10-13 22:30:00+00:00,24733.75,24743.05,24728.05,24741.85,1164,60,0
2025-10-13 22:35:00+00:00,24742.55,24746.85,24734.85,24745.35,1149,60,0
2025-10-13 22:40:00+00:00,24745.75,24761.75,24744.55,24757.85,1067,60,0
2025-10-13 22:45:00+00:00,24757.55,24758.55,24731.55,24734.25,1132,60,0
2025-10-13 22:50:00+00:00,24728.75,24764.35,24728.75,24760.25,1323,60,0
2025-10-13 22:55:00+00:00,24762.25,24767.55,24738.75,24740.05,1299,70,0
2025-10-13 23:00:00+00:00,24740.06,24745.86,24722.26,24722.36,1055,118,0
2025-10-13 23:05:00+00:00,24722.66,24736.86,24718.06,24736.76,679,178,0
2025-10-13 23:10:00+00:00,24736.86,24738.46,24732.86,24734.16,550,168,0
2025-10-13 23:15:00+00:00,24734.06,24739.56,24726.26,24730.26,453,168,0
2025-10-13 23:20:00+00:00,24730.76,24736.56,24728.76,24732.36,365,158,0
2025-10-13 23:25:00+00:00,24732.46,24735.86,24731.06,24735.16,242,148,0
2025-10-13 23:30:00+00:00,24735.06,24735.06,24726.56,24726.76,240,148,0
2025-10-13 23:35:00+00:00,24726.86,24728.36,24723.86,24726.56,287,148,0
2025-10-13 23:40:00+00:00,24726.36,24729.86,24723.66,24724.66,253,148,0
2025-10-13 23:45:00+00:00,24724.36,24727.36,24723.16,24724.66,259,148,0
2025-10-14 01:05:00+00:00,24740.36,24742.76,24738.56,24738.66,245,148,0
2025-10-14 01:10:00+00:00,24738.56,24743.46,24733.96,24743.16,321,148,0
2025-10-14 01:15:00+00:00,24743.46,24750.26,24740.76,24747.26,240,148,0
2025-10-14 01:20:00+00:00,24746.96,24747.46,24732.26,24732.36,255,148,0
2025-10-14 01:25:00+00:00,24732.26,24735.46,24719.66,24719.96,367,158,0
2025-10-14 01:30:00+00:00,24721.06,24735.26,24721.06,24731.76,365,168,0
2025-10-14 01:35:00+00:00,24731.36,24740.46,24730.26,24734.36,399,158,0
2025-10-14 01:40:00+00:00,24734.86,24743.96,24734.86,24743.96,275,168,0
2025-10-14 01:45:00+00:00,24744.36,24751.36,24740.06,24747.16,322,168,0
2025-10-14 01:50:00+00:00,24748.36,24749.46,24745.36,24747.36,249,158,0
2025-10-14 01:55:00+00:00,24747.66,24752.96,24745.66,24752.96,248,148,0
2025-10-14 02:00:00+00:00,24753.05,24754.35,24738.15,24751.35,524,130,0
2025-10-14 02:05:00+00:00,24751.55,24752.55,24738.65,24742.45,380,160,0
2025-10-14 02:10:00+00:00,24742.65,24743.15,24732.15,24732.15,355,150,0
2025-10-14 02:15:00+00:00,24732.25,24744.65,24730.35,24741.35,381,160,0
2025-10-14 02:20:00+00:00,24741.65,24748.45,24740.75,24745.75,261,140,0
2025-10-14 02:25:00+00:00,24744.95,24746.25,24740.25,24742.85,219,140,0
2025-10-14 02:30:00+00:00,24742.25,24743.05,24734.45,24738.15,372,140,0
2025-10-14 02:35:00+00:00,24737.95,24737.95,24725.65,24727.25,315,150,0
2025-10-14 02:40:00+00:00,24727.95,24732.45,24722.35,24727.85,376,150,0
2025-10-14 02:45:00+00:00,24727.75,24729.75,24720.95,24729.75,482,160,0
2025-10-14 02:50:00+00:00,24729.65,24733.15,24728.25,24731.95,484,140,0
2025-10-14 02:55:00+00:00,24731.75,24735.05,24731.05,24733.95,405,140,0
2025-10-14 03:00:00+00:00,24733.55,24748.25,24726.55,24747.05,1031,140,0
2025-10-14 03:05:00+00:00,24746.75,24763.95,24746.55,24759.05,922,170,0
2025-10-14 03:10:00+00:00,24759.35,24772.35,24751.65,24765.85,840,170,0
2025-10-14 03:15:00+00:00,24765.65,24796.75,24764.65,24793.45,983,170,0
2025-10-14 03:20:00+00:00,24793.75,24808.95,24792.95,24803.45,866,170,0
2025-10-14 03:25:00+00:00,24803.95,24820.85,24802.95,24820.05,879,170,0
2025-10-14 03:30:00+00:00,24820.45,24865.45,24817.05,24854.35,1021,170,0
2025-10-14 03:35:00+00:00,24855.05,24855.05,24839.65,24842.25,982,180,0
2025-10-14 03:40:00+00:00,24842.05,24843.65,24831.85,24837.05,826,170,0
2025-10-14 03:45:00+00:00,24836.95,24837.15,24813.05,24820.25,1060,170,0
2025-10-14 03:50:00+00:00,24820.45,24825.35,24816.35,24818.85,880,170,0
2025-10-14 03:55:00+00:00,24818.95,24830.25,24818.85,24828.75,636,150,0
2025-10-14 04:00:00+00:00,24827.05,24829.45,24804.85,24809.25,1076,150,0
2025-10-14 04:05:00+00:00,24809.75,24823.45,24789.95,24809.85,1210,190,0
2025-10-14 04:10:00+00:00,24810.05,24820.95,24805.25,24814.65,1016,180,0
2025-10-14 04:15:00+00:00,24814.55,24816.55,24800.35,24812.45,904,170,0
2025-10-14 04:20:00+00:00,24812.15,24820.45,24811.15,24817.15,873,160,0
2025-10-14 04:25:00+00:00,24817.25,24823.65,24813.25,24815.75,685,150,0
2025-10-14 04:30:00+00:00,24813.95,24819.45,24807.85,24815.95,828,160,0
2025-10-14 04:35:00+00:00,24815.75,24825.85,24812.45,24825.75,753,160,0
2025-10-14 04:40:00+00:00,24825.45,24834.75,24821.25,24825.95,773,160,0
2025-10-14 04:45:00+00:00,24825.85,24827.25,24819.75,24823.35,769,160,0
2025-10-14 04:50:00+00:00,24823.45,24823.75,24817.85,24822.15,631,150,0
2025-10-14 04:55:00+00:00,24822.05,24829.25,24820.25,24827.45,613,150,0
2025-10-14 05:00:00+00:00,24827.35,24842.35,24819.35,24832.85,759,160,0
2025-10-14 05:05:00+00:00,24832.35,24837.85,24828.05,24829.45,663,160,0
2025-10-14 05:10:00+00:00,24829.35,24833.75,24826.25,24831.75,613,150,0
2025-10-14 05:15:00+00:00,24831.95,24840.25,24829.75,24837.55,603,150,0
2025-10-14 05:20:00+00:00,24837.25,24839.85,24830.75,24834.75,561,140,0
2025-10-14 05:25:00+00:00,24836.55,24836.55,24809.75,24810.45,806,150,0
2025-10-14 05:30:00+00:00,24810.65,24814.15,24802.55,24802.55,746,160,0
2025-10-14 05:35:00+00:00,24802.65,24805.65,24798.45,24802.65,687,160,0
2025-10-14 05:40:00+00:00,24802.75,24807.25,24801.75,24803.45,589,150,0
2025-10-14 05:45:00+00:00,24803.65,24805.25,24784.85,24788.65,711,140,0
2025-10-14 05:50:00+00:00,24787.95,24787.95,24772.75,24782.45,736,170,0
2025-10-14 05:55:00+00:00,24782.85,24785.15,24775.55,24775.55,571,150,0
2025-10-14 06:00:00+00:00,24775.75,24780.25,24758.85,24759.75,788,150,0
2025-10-14 06:05:00+00:00,24759.65,24764.85,24743.45,24747.25,877,180,0
2025-10-14 06:10:00+00:00,24746.95,24753.85,24742.05,24746.65,770,170,0
2025-10-14 06:15:00+00:00,24746.85,24749.85,24732.15,24733.05,779,160,0
2025-10-14 06:20:00+00:00,24733.45,24743.15,24730.05,24742.55,767,170,0
2025-10-14 06:25:00+00:00,24743.45,24751.45,24743.05,24746.35,683,160,0
2025-10-14 06:30:00+00:00,24746.15,24747.45,24732.95,24733.55,818,160,0
2025-10-14 06:35:00+00:00,24733.65,24749.25,24732.45,24748.45,689,160,0
2025-10-14 06:40:00+00:00,24748.25,24750.65,24743.95,24747.65,663,160,0
2025-10-14 06:45:00+00:00,24746.35,24749.95,24736.65,24743.05,667,160,0
2025-10-14 06:50:00+00:00,24743.15,24745.55,24726.75,24729.25,590,150,0
2025-10-14 06:55:00+00:00,24729.75,24740.65,24727.65,24733.45,693,160,0
2025-10-14 07:00:00+00:00,24733.05,24738.35,24691.35,24709.25,886,170,0
2025-10-14 07:05:00+00:00,24709.05,24720.95,24676.05,24679.35,1147,190,0
2025-10-14 07:10:00+00:00,24681.75,24684.95,24655.95,24659.35,1244,190,0
2025-10-14 07:15:00+00:00,24660.35,24660.85,24596.85,24600.25,1389,190,0
2025-10-14 07:20:00+00:00,24599.45,24634.05,24591.35,24630.95,1405,190,0
2025-10-14 07:25:00+00:00,24630.75,24640.95,24595.95,24605.75,1234,190,0
2025-10-14 07:30:00+00:00,24606.05,24617.05,24573.05,24615.75,1294,190,0
2025-10-14 07:35:00+00:00,24615.55,24626.85,24596.05,24618.25,1236,190,0
2025-10-14 07:40:00+00:00,24619.45,24622.85,24607.85,24615.45,1146,190,0
2025-10-14 07:45:00+00:00,24615.25,24621.25,24596.45,24596.45,1085,190,0
2025-10-14 07:50:00+00:00,24595.55,24614.25,24584.25,24613.05,1083,190,0
2025-10-14 07:55:00+00:00,24612.75,24629.65,24612.25,24627.55,1057,180,0
2025-10-14 08:00:00+00:00,24627.25,24631.35,24608.45,24615.95,1077,180,0
2025-10-14 08:05:00+00:00,24614.95,24631.85,24607.85,24626.85,1057,190,0
2025-10-14 08:10:00+00:00,24626.75,24633.95,24612.25,24621.25,1007,190,0
2025-10-14 08:15:00+00:00,24620.85,24636.35,24615.55,24631.25,994,190,0
2025-10-14 08:20:00+00:00,24630.55,24636.05,24616.25,24627.95,947,190,0
2025-10-14 08:25:00+00:00,24627.45,24629.05,24612.05,24612.35,1008,180,0
2025-10-14 08:30:00+00:00,24612.55,24618.55,24586.75,24589.45,1104,180,0
2025-10-14 08:35:00+00:00,24589.55,24593.05,24510.35,24519.95,1254,190,0
2025-10-14 08:40:00+00:00,24520.05,24528.75,24490.45,24498.75,1414,190,0
2025-10-14 08:45:00+00:00,24499.95,24518.75,24473.55,24518.75,1398,190,0
2025-10-14 08:50:00+00:00,24518.35,24537.45,24505.95,24532.45,1285,190,0
2025-10-14 08:55:00+00:00,24532.35,24535.25,24522.05,24527.75,982,190,0
2025-10-14 09:00:00+00:00,24528.75,24545.45,24512.35,24534.25,1305,190,0
2025-10-14 09:05:00+00:00,24534.75,24555.85,24526.45,24535.85,1192,190,0
2025-10-14 09:10:00+00:00,24534.95,24569.95,24534.75,24569.85,1127,190,0
2025-10-14 09:15:00+00:00,24570.25,24570.95,24535.45,24537.35,1035,190,0
2025-10-14 09:20:00+00:00,24537.45,24542.95,24512.75,24531.75,1142,190,0
2025-10-14 09:25:00+00:00,24532.95,24545.95,24524.75,24533.05,1145,190,0
2025-10-14 09:30:00+00:00,24534.95,24552.05,24533.45,24540.45,1107,190,0
2025-10-14 09:35:00+00:00,24540.85,24549.45,24517.85,24519.95,1010,190,0
2025-10-14 09:40:00+00:00,24520.55,24524.45,24487.45,24495.95,1123,190,0
2025-10-14 09:45:00+00:00,24496.75,24529.05,24496.55,24524.25,1136,190,0
2025-10-14 09:50:00+00:00,24522.75,24531.45,24507.55,24513.95,926,190,0
2025-10-14 09:55:00+00:00,24513.55,24518.95,24501.35,24507.45,1066,190,0
2025-10-14 10:00:00+00:00,24507.05,24521.95,24481.05,24482.45,1343,190,0
2025-10-14 10:05:00+00:00,24482.85,24500.35,24451.45,24476.75,1330,190,0
2025-10-14 10:10:00+00:00,24475.95,24513.45,24475.45,24499.45,1287,190,0
2025-10-14 10:15:00+00:00,24499.25,24546.05,24498.75,24531.05,1245,190,0
2025-10-14 10:20:00+00:00,24531.45,24531.45,24505.25,24510.25,1053,190,0
2025-10-14 10:25:00+00:00,24509.95,24534.25,24509.95,24527.75,1114,190,0
2025-10-14 10:30:00+00:00,24527.95,24539.45,24504.55,24512.25,1170,190,0
2025-10-14 10:35:00+00:00,24511.35,24520.75,24421.25,24473.75,1328,190,0
2025-10-14 10:40:00+00:00,24475.85,24491.35,24452.35,24474.05,1492,190,0
2025-10-14 10:45:00+00:00,24472.85,24491.95,24457.05,24458.95,1339,190,0
2025-10-14 10:50:00+00:00,24459.05,24478.75,24443.85,24454.05,1293,190,0
2025-10-14 10:55:00+00:00,24453.95,24480.45,24439.05,24469.55,1289,190,0
2025-10-14 11:00:00+00:00,24465.55,24480.45,24414.05,24418.75,1456,190,0
2025-10-14 11:05:00+00:00,24419.25,24450.25,24408.05,24440.45,1415,190,0
2025-10-14 11:10:00+00:00,24440.35,24482.55,24439.55,24467.45,1260,190,0
2025-10-14 11:15:00+00:00,24467.75,24477.45,24451.95,24472.45,1135,190,0
2025-10-14 11:20:00+00:00,24469.95,24485.45,24468.05,24476.85,1118,190,0
2025-10-14 11:25:00+00:00,24476.25,24484.45,24465.95,24481.45,983,190,0
2025-10-14 11:30:00+00:00,24481.75,24499.25,24481.75,24490.85,1039,190,0
2025-10-14 11:35:00+00:00,24489.75,24511.95,24488.25,24507.95,1022,190,0
2025-10-14 11:40:00+00:00,24507.45,24507.55,24490.35,24499.05,955,190,0
2025-10-14 11:45:00+00:00,24499.95,24500.05,24459.55,24461.55,1010,180,0
2025-10-14 11:50:00+00:00,24461.05,24498.85,24461.05,24495.95,1010,190,0
2025-10-14 11:55:00+00:00,24496.45,24518.65,24494.25,24513.55,833,180,0
2025-10-14 12:00:00+00:00,24513.35,24528.25,24508.85,24522.95,933,180,0
2025-10-14 12:05:00+00:00,24522.75,24534.35,24515.85,24519.15,901,180,0
2025-10-14 12:10:00+00:00,24518.55,24518.85,24503.35,24503.55,800,170,0
2025-10-14 12:15:00+00:00,24503.65,24512.85,24483.85,24512.55,903,170,0
2025-10-14 12:20:00+00:00,24512.35,24513.85,24492.75,24493.75,865,190,0
2025-10-14 12:25:00+00:00,24493.85,24500.25,24488.65,24492.25,673,170,0
2025-10-14 12:30:00+00:00,24492.05,24504.25,24474.95,24476.25,842,170,0
2025-10-14 12:35:00+00:00,24476.05,24483.85,24467.85,24474.75,829,180,0
2025-10-14 12:40:00+00:00,24474.95,24493.35,24469.25,24486.05,789,170,0
2025-10-14 12:45:00+00:00,24484.85,24493.35,24470.55,24470.95,905,170,0
2025-10-14 12:50:00+00:00,24471.45,24472.45,24451.15,24461.35,915,180,0
2025-10-14 12:55:00+00:00,24461.55,24466.35,24455.25,24460.95,810,190,0
2025-10-14 13:00:00+00:00,24460.85,24465.45,24450.35,24454.75,856,190,0
2025-10-14 13:05:00+00:00,24454.45,24462.05,24443.85,24446.75,810,180,0
2025-10-14 13:10:00+00:00,24446.05,24448.45,24422.05,24444.85,988,190,0
2025-10-14 13:15:00+00:00,24441.05,24442.35,24419.05,24425.85,922,190,0
2025-10-14 13:20:00+00:00,24423.85,24438.45,24408.85,24435.25,1100,190,0
2025-10-14 13:25:00+00:00,24434.45,24437.45,24397.75,24399.55,1047,190,0
2025-10-14 13:30:00+00:00,24399.45,24400.35,24361.75,24376.45,1357,190,0
2025-10-14 13:35:00+00:00,24376.75,24400.85,24372.45,24389.45,1204,190,0
2025-10-14 13:40:00+00:00,24388.45,24390.95,24347.55,24351.85,1270,190,0
2025-10-14 13:45:00+00:00,24351.95,24354.75,24326.95,24328.25,1330,190,0
2025-10-14 13:50:00+00:00,24327.85,24356.75,24324.45,24337.95,1303,190,0
2025-10-14 13:55:00+00:00,24338.05,24380.05,24326.45,24380.05,1159,190,0
2025-10-14 14:00:00+00:00,24382.85,24389.95,24368.25,24388.25,1217,190,0
2025-10-14 14:05:00+00:00,24387.05,24422.05,24383.85,24400.55,1155,190,0
2025-10-14 14:10:00+00:00,24401.05,24425.85,24401.05,24419.05,1075,190,0
2025-10-14 14:15:00+00:00,24419.25,24426.45,24416.85,24418.85,953,180,0
2025-10-14 14:20:00+00:00,24418.95,24445.75,24418.35,24438.95,1021,180,0
2025-10-14 14:25:00+00:00,24440.05,24457.35,24436.75,24438.85,1145,190,0
2025-10-14 14:30:00+00:00,24437.95,24458.75,24429.95,24453.25,1092,190,0
2025-10-14 14:35:00+00:00,24452.95,24476.45,24449.85,24465.45,1033,190,0
2025-10-14 14:40:00+00:00,24466.25,24469.85,24450.55,24463.85,954,180,0
2025-10-14 14:45:00+00:00,24463.35,24474.85,24451.45,24459.55,992,180,0
2025-10-14 14:50:00+00:00,24459.95,24486.05,24459.95,24483.95,1043,190,0
2025-10-14 14:55:00+00:00,24484.05,24485.05,24466.25,24475.85,907,180,0
2025-10-14 15:00:00+00:00,24474.85,24475.75,24442.05,24442.05,1193,180,0
2025-10-14 15:05:00+00:00,24442.35,24461.35,24428.55,24459.05,1147,190,0
2025-10-14 15:10:00+00:00,24459.25,24481.95,24459.25,24473.85,982,190,0
2025-10-14 15:15:00+00:00,24474.75,24475.25,24449.85,24462.35,1040,190,0
2025-10-14 15:20:00+00:00,24462.25,24472.75,24457.05,24470.05,963,190,0
2025-10-14 15:25:00+00:00,24469.75,24482.55,24465.85,24474.45,847,170,0
2025-10-14 15:30:00+00:00,24474.15,24476.45,24443.85,24444.95,1049,170,0
2025-10-14 15:35:00+00:00,24445.05,24445.85,24414.95,24424.35,1108,180,0
2025-10-14 15:40:00+00:00,24424.55,24432.55,24379.45,24395.45,1208,190,0
2025-10-14 15:45:00+00:00,24395.75,24426.05,24395.45,24420.45,1245,190,0
2025-10-14 15:50:00+00:00,24420.75,24446.75,24420.55,24440.05,1038,190,0
2025-10-14 15:55:00+00:00,24439.55,24446.65,24434.65,24442.05,809,170,0
2025-10-14 16:00:00+00:00,24442.15,24475.55,24440.45,24472.35,1066,170,0
2025-10-14 16:05:00+00:00,24472.15,24477.55,24466.65,24474.15,938,180,0
2025-10-14 16:10:00+00:00,24472.65,24474.25,24459.45,24467.85,918,170,0
2025-10-14 16:15:00+00:00,24467.85,24467.85,24438.25,24454.85,1130,170,0
2025-10-14 16:20:00+00:00,24454.55,24455.55,24431.45,24442.75,1137,190,0
2025-10-14 16:25:00+00:00,24442.05,24468.55,24426.85,24459.85,1395,190,0
2025-10-14 16:30:00+00:00,24461.55,24461.85,24382.25,24383.75,1654,100,0
2025-10-14 16:35:00+00:00,24383.05,24384.05,24293.15,24331.95,1651,100,0
2025-10-14 16:40:00+00:00,24329.25,24341.05,24253.25,24274.75,1620,100,0
2025-10-14 16:45:00+00:00,24274.55,24334.75,24246.75,24298.05,1614,100,0
2025-10-14 16:50:00+00:00,24297.95,24376.75,24282.75,24366.55,1628,100,0
2025-10-14 16:55:00+00:00,24367.25,24410.05,24361.75,24398.75,1611,100,0
2025-10-14 17:00:00+00:00,24397.75,24432.05,24380.65,24425.95,1580,100,0
2025-10-14 17:05:00+00:00,24425.75,24440.55,24402.25,24407.05,1502,100,0
2025-10-14 17:10:00+00:00,24409.55,24454.65,24402.75,24447.45,1527,100,0
2025-10-14 17:15:00+00:00,24446.05,24459.05,24425.55,24451.25,1508,100,0
2025-10-14 17:20:00+00:00,24451.55,24516.75,24447.05,24510.75,1462,100,0
2025-10-14 17:25:00+00:00,24509.25,24546.95,24509.05,24543.75,1513,100,0
2025-10-14 17:30:00+00:00,24544.95,24548.65,24502.95,24522.75,1546,100,0
2025-10-14 17:35:00+00:00,24522.25,24557.25,24522.25,24550.65,1464,100,0
2025-10-14 17:40:00+00:00,24550.55,24557.95,24541.45,24542.15,1456,100,0
2025-10-14 17:45:00+00:00,24541.95,24565.65,24521.05,24539.95,1523,100,0
2025-10-14 17:50:00+00:00,24540.65,24544.95,24492.75,24524.45,1495,100,0
2025-10-14 17:55:00+00:00,24524.15,24528.15,24493.95,24511.95,1456,100,0
2025-10-14 18:00:00+00:00,24512.05,24563.65,24512.05,24563.25,1445,100,0
2025-10-14 18:05:00+00:00,24561.75,24589.55,24530.25,24535.95,1485,100,0
2025-10-14 18:10:00+00:00,24536.15,24551.45,24525.05,24538.25,1469,100,0
2025-10-14 18:15:00+00:00,24539.15,24539.95,24506.75,24515.45,1469,100,0
2025-10-14 18:20:00+00:00,24516.55,24552.95,24515.55,24552.95,1445,100,0
2025-10-14 18:25:00+00:00,24552.65,24553.15,24518.05,24526.25,1423,100,0
2025-10-14 18:30:00+00:00,24526.05,24549.25,24524.55,24546.65,1399,100,0
2025-10-14 18:35:00+00:00,24546.55,24588.25,24525.15,24536.25,1534,100,0
2025-10-14 18:40:00+00:00,24536.15,24607.65,24527.45,24599.55,1560,100,0
2025-10-14 18:45:00+00:00,24599.75,24627.05,24599.75,24625.55,1464,100,0
2025-10-14 18:50:00+00:00,24625.05,24659.75,24621.75,24643.65,1406,100,0
2025-10-14 18:55:00+00:00,24643.55,24644.25,24618.05,24627.15,1417,100,0
2025-10-14 19:00:00+00:00,24627.65,24637.45,24601.55,24610.95,1455,100,0
2025-10-14 19:05:00+00:00,24611.45,24614.55,24584.75,24587.95,1412,100,0
2025-10-14 19:10:00+00:00,24589.55,24620.45,24589.55,24617.65,1442,100,0
2025-10-14 19:15:00+00:00,24617.55,24654.25,24613.95,24651.25,1366,100,0
2025-10-14 19:20:00+00:00,24651.55,24699.55,24649.05,24674.05,1525,100,0
2025-10-14 19:25:00+00:00,24673.05,24698.65,24667.45,24692.75,1424,100,0
2025-10-14 19:30:00+00:00,24692.65,24716.15,24690.95,24708.65,1455,100,0
2025-10-14 19:35:00+00:00,24708.15,24731.35,24702.65,24712.45,1307,60,0
2025-10-14 19:40:00+00:00,24711.65,24739.65,24711.15,24734.05,1252,60,0
2025-10-14 19:45:00+00:00,24734.65,24759.45,24733.15,24748.75,1171,60,0
2025-10-14 19:50:00+00:00,24749.65,24769.45,24742.25,24749.45,1238,60,0
2025-10-14 19:55:00+00:00,24749.25,24749.25,24713.15,24714.45,1391,70,0
2025-10-14 20:00:00+00:00,24713.65,24720.95,24681.15,24717.15,1466,100,0
2025-10-14 20:05:00+00:00,24716.65,24739.45,24715.15,24732.65,1375,100,0
2025-10-14 20:10:00+00:00,24732.75,24753.45,24730.05,24735.65,1359,60,0
2025-10-14 20:15:00+00:00,24735.75,24745.75,24719.15,24725.15,1381,60,0
2025-10-14 20:20:00+00:00,24725.25,24750.65,24725.25,24747.15,1343,100,0
2025-10-14 20:25:00+00:00,24747.45,24760.15,24742.35,24749.15,1300,60,0
2025-10-14 20:30:00+00:00,24749.95,24757.65,24712.65,24719.15,1348,60,0
2025-10-14 20:35:00+00:00,24718.55,24722.15,24702.65,24713.65,1396,100,0
2025-10-14 20:40:00+00:00,24713.15,24740.45,24711.55,24739.75,1327,100,0
2025-10-14 20:45:00+00:00,24739.15,24749.25,24732.15,24738.85,1316,60,0
2025-10-14 20:50:00+00:00,24737.65,24756.15,24723.65,24728.65,1270,60,0
2025-10-14 20:55:00+00:00,24728.15,24732.75,24715.95,24721.95,1235,60,0
2025-10-14 21:00:00+00:00,24722.15,24732.35,24706.45,24713.75,1299,60,0
2025-10-14 21:05:00+00:00,24713.55,24718.75,24704.65,24716.45,1341,90,0
2025-10-14 21:10:00+00:00,24716.55,24740.15,24711.45,24726.15,1287,60,0
2025-10-14 21:15:00+00:00,24725.85,24736.45,24720.65,24727.15,1347,60,0
2025-10-14 21:20:00+00:00,24726.95,24729.65,24710.55,24724.95,1331,60,0
2025-10-14 21:25:00+00:00,24724.85,24747.35,24712.15,24738.15,1236,60,0
2025-10-14 21:30:00+00:00,24737.65,24748.95,24732.05,24732.75,1296,60,0
2025-10-14 21:35:00+00:00,24732.95,24737.45,24707.85,24710.95,1323,60,0
2025-10-14 21:40:00+00:00,24710.45,24721.65,24704.25,24717.95,1245,60,0
2025-10-14 21:45:00+00:00,24718.15,24732.85,24713.25,24732.35,1197,60,0
2025-10-14 21:50:00+00:00,24732.65,24743.15,24724.65,24732.45,1119,60,0
2025-10-14 21:55:00+00:00,24732.35,24733.65,24714.65,24721.25,1200,60,0
2025-10-14 22:00:00+00:00,24721.35,24740.65,24721.35,24731.25,1223,60,0
2025-10-14 22:05:00+00:00,24731.35,24743.15,24719.75,24721.85,1059,60,0
2025-10-14 22:10:00+00:00,24722.15,24735.65,24714.85,24718.35,1119,60,0
2025-10-14 22:15:00+00:00,24718.25,24734.45,24718.15,24725.65,1094,60,0
2025-10-14 22:20:00+00:00,24726.35,24745.95,24725.45,24741.15,1096,60,0
2025-10-14 22:25:00+00:00,24741.25,24749.15,24722.85,24723.85,1157,60,0
2025-10-14 22:30:00+00:00,24723.65,24725.15,24698.35,24700.15,1269,60,0
2025-10-14 22:35:00+00:00,24701.15,24705.65,24585.45,24648.95,1492,60,0
2025-10-14 22:40:00+00:00,24649.15,24650.75,24521.45,24538.75,1657,100,0
2025-10-14 22:45:00+00:00,24538.55,24574.25,24509.15,24555.75,1591,100,0
2025-10-14 22:50:00+00:00,24556.95,24593.75,24530.25,24571.65,1591,100,0
2025-10-14 22:55:00+00:00,24571.15,24597.65,24554.65,24579.45,1540,100,0
2025-10-14 23:00:00+00:00,24579.05,24611.26,24574.66,24583.26,1308,100,0
2025-10-14 23:05:00+00:00,24583.16,24587.66,24523.76,24526.96,1322,208,0
2025-10-14 23:10:00+00:00,24528.26,24554.76,24523.26,24551.86,1159,208,0
2025-10-14 23:15:00+00:00,24549.76,24550.46,24531.96,24538.56,860,198,0
2025-10-14 23:20:00+00:00,24538.46,24539.96,24518.76,24529.16,852,198,0
2025-10-14 23:25:00+00:00,24530.46,24542.86,24526.96,24540.06,658,188,0
2025-10-14 23:30:00+00:00,24538.86,24558.96,24536.96,24556.46,697,188,0
2025-10-14 23:35:00+00:00,24556.36,24556.76,24546.66,24551.76,557,178,0
2025-10-14 23:40:00+00:00,24551.26,24559.76,24549.16,24559.66,487,178,0
2025-10-14 23:45:00+00:00,24560.16,24570.06,24552.06,24565.56,572,178,0
2025-10-15 01:05:00+00:00,24630.06,24635.36,24596.86,24600.06,792,208,0
2025-10-15 01:10:00+00:00,24600.36,24622.66,24598.06,24598.06,723,208,0
2025-10-15 01:15:00+00:00,24598.26,24599.56,24575.36,24580.66,750,198,0
2025-10-15 01:20:00+00:00,24580.36,24593.46,24580.36,24593.16,492,188,0
2025-10-15 01:25:00+00:00,24594.96,24609.26,24591.36,24600.76,512,188,0
2025-10-15 01:30:00+00:00,24600.96,24607.96,24582.86,24588.86,492,178,0
2025-10-15 01:35:00+00:00,24589.06,24600.36,24588.86,24598.36,382,188,0
2025-10-15 01:40:00+00:00,24598.46,24603.56,24595.16,24601.06,344,178,0
2025-10-15 01:45:00+00:00,24601.26,24604.56,24595.26,24598.96,273,168,0
2025-10-15 01:50:00+00:00,24598.86,24605.16,24594.56,24601.56,309,168,0
2025-10-15 01:55:00+00:00,24601.26,24605.76,24599.26,24603.36,244,158,0
2025-10-15 02:00:00+00:00,24603.45,24608.25,24593.35,24608.25,475,140,0
2025-10-15 02:05:00+00:00,24608.05,24618.75,24597.55,24610.55,423,150,0
2025-10-15 02:10:00+00:00,24610.45,24627.75,24610.15,24625.75,506,170,0
2025-10-15 02:15:00+00:00,24625.55,24628.55,24620.75,24628.05,345,160,0
2025-10-15 02:20:00+00:00,24627.85,24641.85,24627.65,24634.05,425,150,0
2025-10-15 02:25:00+00:00,24632.85,24633.05,24612.05,24616.65,470,160,0
2025-10-15 02:30:00+00:00,24616.35,24626.55,24611.75,24622.25,478,160,0
2025-10-15 02:35:00+00:00,24621.95,24622.35,24615.15,24617.15,345,160,0
2025-10-15 02:40:00+00:00,24617.05,24618.85,24611.75,24615.85,394,150,0
2025-10-15 02:45:00+00:00,24615.95,24623.95,24612.15,24619.75,644,150,0
2025-10-15 02:50:00+00:00,24619.55,24621.95,24615.75,24617.95,135,170,0
